time,date,hour,site_id,capacity_mw,power_mw,power_pred,pred_baseline
2025-09-01 10:00:00,2025-09-01,10,S012,17.55,9.01,8.007709980916287,8.521550837488014
2025-09-01 11:00:00,2025-09-01,11,S012,17.55,4.17,8.722949703970816,9.323622492809395
2025-09-01 12:00:00,2025-09-01,12,S012,17.55,9.78,8.345335038140965,9.046347069017502
2025-09-01 13:00:00,2025-09-01,13,S012,17.55,9.52,7.845592229381613,8.562400485084432
2025-09-01 14:00:00,2025-09-01,14,S012,17.55,5.84,7.574376302868977,8.12016911402987
2025-09-02 10:00:00,2025-09-02,10,S012,17.55,5.8,7.141556891624122,7.599818207180403
2025-09-02 11:00:00,2025-09-02,11,S012,17.55,3.96,7.637956128214598,8.163914956851764
2025-09-02 12:00:00,2025-09-02,12,S012,17.55,9.77,7.77211755517088,8.42497905044468
2025-09-02 13:00:00,2025-09-02,13,S012,17.55,5.16,7.384811838101632,8.059521144626524
2025-09-02 14:00:00,2025-09-02,14,S012,17.55,4.69,5.916077079023557,6.34237651423669
2025-09-03 10:00:00,2025-09-03,10,S012,17.55,5.95,4.615295042242825,4.9114505178393495
2025-09-03 11:00:00,2025-09-03,11,S012,17.55,3.16,5.188014782614006,5.545267708948083
2025-09-03 12:00:00,2025-09-03,12,S012,17.55,10.13,5.969024357384753,6.470425184073904
2025-09-03 13:00:00,2025-09-03,13,S012,17.55,8.8,6.77022155485571,7.388779155298354
2025-09-03 14:00:00,2025-09-03,14,S012,17.55,1.62,6.291249284318277,6.744582799224505
2025-09-04 10:00:00,2025-09-04,10,S012,17.55,8.03,7.734593390915516,8.23090882974804
2025-09-04 11:00:00,2025-09-04,11,S012,17.55,9.46,8.117551421638993,8.676535757953218
2025-09-04 12:00:00,2025-09-04,12,S012,17.55,9.83,8.479543598793203,9.191829211285562
2025-09-04 13:00:00,2025-09-04,13,S012,17.55,6.73,7.846747150827423,8.56366092529834
2025-09-04 14:00:00,2025-09-04,14,S012,17.55,7.94,7.128363248453071,7.6420173449462085
2025-09-05 10:00:00,2025-09-05,10,S012,17.55,8.05,7.553447832524705,8.038139475152132
2025-09-05 11:00:00,2025-09-05,11,S012,17.55,3.1,7.706147192835157,8.236801740047985
2025-09-05 12:00:00,2025-09-05,12,S012,17.55,9.92,7.224329480925581,7.831176522775808
2025-09-05 13:00:00,2025-09-05,13,S012,17.55,9.16,7.257165593311779,7.920212570289111
2025-09-05 14:00:00,2025-09-05,14,S012,17.55,6.7,5.9320803296758395,6.359532923751429
2025-09-06 10:00:00,2025-09-06,10,S012,17.55,3.44,4.967161141365152,5.285895254075465
2025-09-06 11:00:00,2025-09-06,11,S012,17.55,1.73,5.063013495996937,5.411658683665903
2025-09-06 12:00:00,2025-09-06,12,S012,17.55,5.56,5.694690341441299,6.173046982992752
2025-09-06 13:00:00,2025-09-06,13,S012,17.55,2.65,5.404646123055263,5.898438668842926
2025-09-06 14:00:00,2025-09-06,14,S012,17.55,5.41,4.834146483524052,5.182484391928044
2025-09-07 10:00:00,2025-09-07,10,S012,17.55,3.03,3.7099011492431675,3.9479590695308113
2025-09-07 11:00:00,2025-09-07,11,S012,17.55,4.75,3.6590158002695694,3.9109800210596832
2025-09-07 12:00:00,2025-09-07,12,S012,17.55,3.95,6.997404797592645,7.585190060330086
2025-09-07 13:00:00,2025-09-07,13,S012,17.55,5.29,6.362349964555257,6.943642599569402
2025-09-07 14:00:00,2025-09-07,14,S012,17.55,1.18,4.764416000940904,5.1077292849281966
2025-09-08 10:00:00,2025-09-08,10,S012,17.55,1.89,2.3407844631254267,2.49098854100145
2025-09-08 11:00:00,2025-09-08,11,S012,17.55,2.91,2.982144438764065,3.1874984849918513
2025-09-08 12:00:00,2025-09-08,12,S012,17.55,6.53,3.665361890278274,3.97325399656977
2025-09-08 13:00:00,2025-09-08,13,S012,17.55,2.99,4.451862061907702,4.858604011517941
2025-09-08 14:00:00,2025-09-08,14,S012,17.55,1.71,3.525340308249679,3.7793685371362744
2025-09-09 10:00:00,2025-09-09,10,S012,17.55,8.43,8.494946099727368,9.040052052717325
2025-09-09 11:00:00,2025-09-09,11,S012,17.55,9.56,8.72251053710324,9.323153084384085
2025-09-09 12:00:00,2025-09-09,12,S012,17.55,4.69,8.705638740004067,9.436916449684517
2025-09-09 13:00:00,2025-09-09,13,S012,17.55,10.24,8.018385739618115,8.750981180156456
2025-09-09 14:00:00,2025-09-09,14,S012,17.55,3.05,7.056835954255037,7.56533595205885
2025-09-10 10:00:00,2025-09-10,10,S012,17.55,9.04,7.740847108213303,8.237563837234996
2025-09-10 11:00:00,2025-09-10,11,S012,17.55,9.84,8.913802509677177,9.527617651842537
2025-09-10 12:00:00,2025-09-10,12,S012,17.55,9.9,9.322009806495641,10.105062972897723
2025-09-10 13:00:00,2025-09-10,13,S012,17.55,10.02,9.226982826149051,10.070001080429783
2025-09-10 14:00:00,2025-09-10,14,S012,17.55,7.43,8.00324605167333,8.579942268799561
2025-09-11 10:00:00,2025-09-11,10,S012,17.55,2.37,4.845201634112868,5.1561098168353405
2025-09-11 11:00:00,2025-09-11,11,S012,17.55,3.5,6.3634644494939225,6.8016602510600706
2025-09-11 12:00:00,2025-09-11,12,S012,17.55,1.52,6.458026049940922,7.000503246606134
2025-09-11 13:00:00,2025-09-11,13,S012,17.55,0.95,4.949213230041519,5.401395397914268
2025-09-11 14:00:00,2025-09-11,14,S012,17.55,1.12,2.879951613456939,3.0874745598044333
2025-09-12 10:00:00,2025-09-12,10,S012,17.55,0.78,1.0782644173354181,1.254048933629266
2025-09-12 11:00:00,2025-09-12,11,S012,17.55,1.78,0.9800626114542543,1.144864371016766
2025-09-12 12:00:00,2025-09-12,12,S012,17.55,0.87,0.8128513917950508,0.9629850135218551
2025-09-12 13:00:00,2025-09-12,13,S012,17.55,0.43,0.865880203848522,1.0327769142010574
2025-09-12 14:00:00,2025-09-12,14,S012,17.55,3.11,0.9321015363083152,1.0920947675957644
2025-09-13 10:00:00,2025-09-13,10,S012,17.55,3.35,2.3147287398615957,2.463260867180919
2025-09-13 11:00:00,2025-09-13,11,S012,17.55,2.19,3.212393807647024,3.433603101838959
2025-09-13 12:00:00,2025-09-13,12,S012,17.55,4.77,4.451750248610766,4.825699343341054
2025-09-13 13:00:00,2025-09-13,13,S012,17.55,4.16,5.691276919223404,6.211257331398329
2025-09-13 14:00:00,2025-09-13,14,S012,17.55,2.89,5.811787097880359,6.230571627613751
2025-09-14 10:00:00,2025-09-14,10,S012,17.55,8.15,7.566466047645096,8.051993046550963
2025-09-14 11:00:00,2025-09-14,11,S012,17.55,5.43,8.056830310995243,8.611633318732604
2025-09-14 12:00:00,2025-09-14,12,S012,17.55,5.86,7.543440866166285,8.177093413034708
2025-09-14 13:00:00,2025-09-14,13,S012,17.55,5.04,6.277194196916785,6.850706621657526
2025-09-14 14:00:00,2025-09-14,14,S012,17.55,6.55,4.82780036508679,5.175680986226018
2025-09-15 10:00:00,2025-09-15,10,S012,17.55,3.52,3.494243795675194,3.7184633577371478
2025-09-15 11:00:00,2025-09-15,11,S012,17.55,3.37,4.487659427429688,4.796685043203314
2025-09-15 12:00:00,2025-09-15,12,S012,17.55,3.71,5.575412212386087,6.043749435531209
2025-09-15 13:00:00,2025-09-15,13,S012,17.55,3.37,5.008051991493751,5.465609930720808
2025-09-15 14:00:00,2025-09-15,14,S012,17.55,3.35,3.4993773356015248,3.7515347300773234
2025-09-16 10:00:00,2025-09-16,10,S012,17.55,2.66,6.075182271718541,6.465016178012438
2025-09-16 11:00:00,2025-09-16,11,S012,17.55,8.77,7.022335615890968,7.505902076974377
2025-09-16 12:00:00,2025-09-16,12,S012,17.55,6.36,6.554447333594399,7.1050239630043395
2025-09-16 13:00:00,2025-09-16,13,S012,17.55,4.58,5.148524630003922,5.618916775246346
2025-09-16 14:00:00,2025-09-16,14,S012,17.55,7.76,5.346098677692439,5.731326729398304
2025-09-17 10:00:00,2025-09-17,10,S012,17.55,1.85,2.647478630237428,2.81736274072077
2025-09-17 11:00:00,2025-09-17,11,S012,17.55,4.69,3.8371160877658936,4.101344508168975
2025-09-17 12:00:00,2025-09-17,12,S012,17.55,2.71,6.932324040782927,7.514642489630494
2025-09-17 13:00:00,2025-09-17,13,S012,17.55,3.28,6.6988862843663,7.310926376721014
2025-09-17 14:00:00,2025-09-17,14,S012,17.55,1.72,6.435114701301719,6.898814840102046
2025-09-18 10:00:00,2025-09-18,10,S012,17.55,6.22,7.245062471926029,7.709965560994217
2025-09-18 11:00:00,2025-09-18,11,S012,17.55,8.37,7.567079795900224,8.088157995204568
2025-09-18 12:00:00,2025-09-18,12,S012,17.55,4.01,7.691280707733038,8.33735187016423
2025-09-18 13:00:00,2025-09-18,13,S012,17.55,4.47,6.740109520822462,7.355915951696262
2025-09-18 14:00:00,2025-09-18,14,S012,17.55,5.75,4.850229231811984,5.1997260275023045
2025-09-19 10:00:00,2025-09-19,10,S012,17.55,1.1,1.9971137173669973,2.12526503973614
2025-09-19 11:00:00,2025-09-19,11,S012,17.55,1.6,1.4950475254273492,1.746446221735546
2025-09-19 12:00:00,2025-09-19,12,S012,17.55,0.63,1.2619200520409801,1.4949966385547895
2025-09-19 13:00:00,2025-09-19,13,S012,17.55,0.22,1.0165503693749762,1.212488458503549
2025-09-19 14:00:00,2025-09-19,14,S012,17.55,0.28,0.5825205424079075,0.6825089452167735
2025-09-20 10:00:00,2025-09-20,10,S012,17.55,8.6,8.572248404843707,9.122314712638047
2025-09-20 11:00:00,2025-09-20,11,S012,17.55,8.94,9.29361556448403,9.933585089582985
2025-09-20 12:00:00,2025-09-20,12,S012,17.55,10.0,9.069585981422343,9.831435428926678
2025-09-20 13:00:00,2025-09-20,13,S012,17.55,9.58,8.282534344445208,9.03926357821886
2025-09-20 14:00:00,2025-09-20,14,S012,17.55,8.66,6.763541092484473,7.250906910957353
2025-09-21 10:00:00,2025-09-21,10,S012,17.55,7.12,6.011603509244792,6.397357676656145
2025-09-21 11:00:00,2025-09-21,11,S012,17.55,6.65,6.72677160456063,7.189985172988324
2025-09-21 12:00:00,2025-09-21,12,S012,17.55,8.46,6.3972028379911965,6.9345708565181505
2025-09-21 13:00:00,2025-09-21,13,S012,17.55,10.12,3.7628600736710927,4.106651732350574
2025-09-21 14:00:00,2025-09-21,14,S012,17.55,4.42,3.1717790193746427,3.400330403428524
2025-09-22 10:00:00,2025-09-22,10,S012,17.55,2.31,3.4507028730133364,3.672128489609007
2025-09-22 11:00:00,2025-09-22,11,S012,17.55,4.07,3.6824346182911856,3.9360114870054232
2025-09-22 12:00:00,2025-09-22,12,S012,17.55,2.74,3.5785601338832542,3.8791608522009877
2025-09-22 13:00:00,2025-09-22,13,S012,17.55,1.91,2.2040290428413103,2.4053989544460532
2025-09-22 14:00:00,2025-09-22,14,S012,17.55,1.21,1.6180089911919626,1.7555925814708422
2025-09-23 10:00:00,2025-09-23,10,S012,17.55,1.19,2.9332562704591405,3.1214782363081897
2025-09-23 11:00:00,2025-09-23,11,S012,17.55,1.85,2.9723308807590416,3.1770091536010634
2025-09-23 12:00:00,2025-09-23,12,S012,17.55,4.68,3.069700484291519,3.3275567549913783
2025-09-23 13:00:00,2025-09-23,13,S012,17.55,1.39,2.179223822892956,2.3783274191038246
2025-09-23 14:00:00,2025-09-23,14,S012,17.55,0.78,2.166531833252952,2.3226473274478736
2025-09-24 10:00:00,2025-09-24,10,S012,17.55,2.25,2.5248866985956164,2.686904297515261
2025-09-24 11:00:00,2025-09-24,11,S012,17.55,1.52,5.247822884234736,5.60919426824825
2025-09-24 12:00:00,2025-09-24,12,S012,17.55,1.74,4.562869560511581,4.946152729206449
2025-09-24 13:00:00,2025-09-24,13,S012,17.55,1.31,4.5235062740753165,4.936793958061443
2025-09-24 14:00:00,2025-09-24,14,S012,17.55,1.79,3.1736987751763315,3.402388492589139
2025-09-25 10:00:00,2025-09-25,10,S012,17.55,2.98,6.142590379279335,6.536749746886325
2025-09-25 11:00:00,2025-09-25,11,S012,17.55,5.31,7.357116426884541,7.863736296529689
2025-09-25 12:00:00,2025-09-25,12,S012,17.55,4.83,7.339891285047828,7.956445572278768
2025-09-25 13:00:00,2025-09-25,13,S012,17.55,4.75,6.655757391311306,7.263857035870967
2025-09-25 14:00:00,2025-09-25,14,S012,17.55,4.14,5.956619614162349,6.3858404548272585
2025-09-26 10:00:00,2025-09-26,10,S012,17.55,1.37,5.416276543537762,5.763829612416805
2025-09-26 11:00:00,2025-09-26,11,S012,17.55,3.73,5.193956733925745,5.551618830160679
2025-09-26 12:00:00,2025-09-26,12,S012,17.55,2.82,4.992326090264037,5.411683807520351
2025-09-26 13:00:00,2025-09-26,13,S012,17.55,4.17,3.484231810197054,3.8025667495249524
2025-09-26 14:00:00,2025-09-26,14,S012,17.55,3.21,2.9944114399317354,3.210182108330352
2025-09-27 10:00:00,2025-09-27,10,S012,17.55,1.2,1.79536442088614,1.9706787122264673
2025-09-27 11:00:00,2025-09-27,11,S012,17.55,0.73,1.8066691657227385,1.9671963252599578
2025-09-27 12:00:00,2025-09-27,12,S012,17.55,0.34,2.3361365346270535,2.532373091824474
2025-09-27 13:00:00,2025-09-27,13,S012,17.55,0.85,2.2227339976530374,2.4258128772540237
2025-09-27 14:00:00,2025-09-27,14,S012,17.55,1.36,1.6992029311858043,1.869396882110445
2025-09-28 10:00:00,2025-09-28,10,S012,17.55,3.88,2.2750633865977585,2.421050257015186
2025-09-28 11:00:00,2025-09-28,11,S012,17.55,2.23,2.6846370978654988,2.869504431430464
2025-09-28 12:00:00,2025-09-28,12,S012,17.55,3.34,3.0013188672395352,3.2534310502514647
2025-09-28 13:00:00,2025-09-28,13,S012,17.55,1.8,3.2043623637589946,3.4971271837306395
2025-09-28 14:00:00,2025-09-28,14,S012,17.55,2.51,1.9165198608918577,2.054620045078065
2025-09-29 10:00:00,2025-09-29,10,S012,17.55,2.88,3.2926944761438897,3.50398096804768
2025-09-29 11:00:00,2025-09-29,11,S012,17.55,3.27,2.525312070265237,2.6992080911540706
2025-09-29 12:00:00,2025-09-29,12,S012,17.55,10.1,3.988302051305334,4.323321281564715
2025-09-29 13:00:00,2025-09-29,13,S012,17.55,5.08,4.128902604521832,4.5061375394232845
2025-09-29 14:00:00,2025-09-29,14,S012,17.55,6.45,3.0103125200923615,3.2272289851736797
2025-09-30 10:00:00,2025-09-30,10,S012,17.55,7.59,8.83960495805712,9.406827072023342
2025-09-30 11:00:00,2025-09-30,11,S012,17.55,7.7,9.16807966605985,9.799404638482835
2025-09-30 12:00:00,2025-09-30,12,S012,17.55,10.21,9.365687176793395,10.152409262647584
2025-09-30 13:00:00,2025-09-30,13,S012,17.55,8.81,8.829506547965357,9.636209598840399
2025-09-30 14:00:00,2025-09-30,14,S012,17.55,7.69,7.570804678090737,8.116340125866161
2025-10-01 10:00:00,2025-10-01,10,S012,17.55,1.43,6.131075599761659,6.524496083944461
2025-10-01 11:00:00,2025-10-01,11,S012,17.55,4.64,5.123119621504517,5.4759037891355575
2025-10-01 12:00:00,2025-10-01,12,S012,17.55,5.15,5.896585567757522,6.39190150237239
2025-10-01 13:00:00,2025-10-01,13,S012,17.55,5.26,5.154868624257206,5.625840385075094
2025-10-01 14:00:00,2025-10-01,14,S012,17.55,3.55,5.073312813150216,5.438884518524693
2025-10-02 10:00:00,2025-10-02,10,S012,17.55,0.36,0.577772940895802,0.6719646208865264
2025-10-02 11:00:00,2025-10-02,11,S012,17.55,0.2,1.0612890640532022,1.239749402317604
2025-10-02 12:00:00,2025-10-02,12,S012,17.55,0.84,1.0058595526812542,1.1916417745201702
2025-10-02 13:00:00,2025-10-02,13,S012,17.55,0.69,0.9391097609429992,1.120121324742143
2025-10-02 14:00:00,2025-10-02,14,S012,17.55,0.96,0.6163493749185164,0.7221444243353159
2025-10-03 10:00:00,2025-10-03,10,S012,17.55,4.45,4.075499505955191,4.337017238501499
2025-10-03 11:00:00,2025-10-03,11,S012,17.55,4.37,4.347057593629106,4.646401198329531
2025-10-03 12:00:00,2025-10-03,12,S012,17.55,4.11,4.332877856720682,4.696841615155523
2025-10-03 13:00:00,2025-10-03,13,S012,17.55,5.5,4.191776683201849,4.574756074015599
2025-10-03 14:00:00,2025-10-03,14,S012,17.55,2.12,3.553989734853983,3.8100823780843163
2025-10-04 10:00:00,2025-10-04,10,S012,17.55,2.55,2.6348373700833805,2.8039103128344767
2025-10-04 11:00:00,2025-10-04,11,S012,17.55,3.04,2.3272398053126895,2.487496332243824
2025-10-04 12:00:00,2025-10-04,12,S012,17.55,1.51,2.4043401148487944,2.6063058045574663
2025-10-04 13:00:00,2025-10-04,13,S012,17.55,2.2,1.67158445823721,1.8408790564938513
2025-10-04 14:00:00,2025-10-04,14,S012,17.55,2.29,0.8047202696230333,0.942848779451934
2025-10-05 10:00:00,2025-10-05,10,S012,17.55,0.21,2.50171449756924,2.662245176551422
2025-10-05 11:00:00,2025-10-05,11,S012,17.55,0.21,2.5860980798440623,2.7641798983283423
2025-10-05 12:00:00,2025-10-05,12,S012,17.55,0.21,3.1832465648827752,3.450640759247719
2025-10-05 13:00:00,2025-10-05,13,S012,17.55,0.21,3.6558497947071498,3.989864517603612
2025-10-05 14:00:00,2025-10-05,14,S012,17.55,0.21,4.047206385085467,4.338839129741608
2025-10-06 10:00:00,2025-10-06,10,S012,17.55,0.21,3.682660293675505,3.9189702155226476
2025-10-06 11:00:00,2025-10-06,11,S012,17.55,0.21,4.576885885190491,4.892055741965183
2025-10-06 12:00:00,2025-10-06,12,S012,17.55,0.21,6.869318076034336,7.446343994491706
2025-10-06 13:00:00,2025-10-06,13,S012,17.55,0.21,7.119851621703227,7.770352982544184
2025-10-06 14:00:00,2025-10-06,14,S012,17.55,0.21,4.8913495170608465,5.243809349598599
2025-10-07 10:00:00,2025-10-07,10,S012,17.55,0.21,3.6159979794728425,3.848030296272776
2025-10-07 11:00:00,2025-10-07,11,S012,17.55,0.21,5.703995660724631,6.096779649779499
2025-10-07 12:00:00,2025-10-07,12,S012,17.55,0.21,6.27078725324031,6.797536303757514
2025-10-07 13:00:00,2025-10-07,13,S012,17.55,0.21,5.585549340645397,6.095870010258585
2025-10-07 14:00:00,2025-10-07,14,S012,17.55,0.21,3.567170809332803,3.824213251649721
2025-10-08 10:00:00,2025-10-08,10,S012,17.55,0.21,4.125860150947156,4.3906094387098555
2025-10-08 11:00:00,2025-10-08,11,S012,17.55,0.21,4.585064716384682,4.900797777294393
2025-10-08 12:00:00,2025-10-08,12,S012,17.55,0.21,5.6225370097542315,6.094832737831355
2025-10-08 13:00:00,2025-10-08,13,S012,17.55,0.21,3.446613910181781,3.7615119105884633
2025-10-08 14:00:00,2025-10-08,14,S012,17.55,0.21,2.617566400161205,2.806182448112658
2025-10-09 10:00:00,2025-10-09,10,S012,17.55,0.21,7.404229405489905,7.879345960539662
2025-10-09 11:00:00,2025-10-09,11,S012,17.55,0.21,8.078095932035687,8.634363315968058
2025-10-09 12:00:00,2025-10-09,12,S012,17.55,0.21,8.258089881286983,8.951773278344648
2025-10-09 13:00:00,2025-10-09,13,S012,17.55,0.21,7.720287358170511,8.425647202646001
2025-10-09 14:00:00,2025-10-09,14,S012,17.55,0.21,7.071799603549826,7.581377848840594
2025-10-10 10:00:00,2025-10-10,10,S012,17.55,0.21,4.579557567627008,4.8734198314798425
2025-10-10 11:00:00,2025-10-10,11,S012,17.55,0.21,4.996741214273818,5.34082281306101
2025-10-10 12:00:00,2025-10-10,12,S012,17.55,0.21,3.6732035636641083,3.9817543741730566
2025-10-10 13:00:00,2025-10-10,13,S012,17.55,0.21,4.16708117754265,4.547804276948726
2025-10-10 14:00:00,2025-10-10,14,S012,17.55,0.21,4.370632915268696,4.685571060667319
2025-10-11 10:00:00,2025-10-11,10,S012,17.55,0.21,3.0685404864014916,3.26544340567744
2025-10-11 11:00:00,2025-10-11,11,S012,17.55,0.21,3.7353930922606,3.9926167450709746
2025-10-11 12:00:00,2025-10-11,12,S012,17.55,0.21,3.162998608624693,3.4286919652314514
2025-10-11 13:00:00,2025-10-11,13,S012,17.55,0.21,3.016526571810882,3.292129877081234
2025-10-11 14:00:00,2025-10-11,14,S012,17.55,0.21,1.9668290344256876,2.108554386434599
2025-10-12 10:00:00,2025-10-12,10,S012,17.55,0.21,1.2930451971333317,1.50384444161351
2025-10-12 11:00:00,2025-10-12,11,S012,17.55,0.21,1.3125456351526104,1.4095302388176985
2025-10-12 12:00:00,2025-10-12,12,S012,17.55,0.21,1.721000616618078,1.918883012080961
2025-10-12 13:00:00,2025-10-12,13,S012,17.55,0.21,1.5012267984628722,1.6530106953194459
2025-10-12 14:00:00,2025-10-12,14,S012,17.55,0.21,1.0518757829308003,1.1310702085459599
2025-10-13 10:00:00,2025-10-13,10,S012,17.55,0.21,1.5038673491821684,1.7490359648723444
2025-10-13 11:00:00,2025-10-13,11,S012,17.55,0.21,2.1640856524526586,2.313107188545268
2025-10-13 12:00:00,2025-10-13,12,S012,17.55,0.21,2.220273454820792,2.406777459339694
2025-10-13 13:00:00,2025-10-13,13,S012,17.55,0.21,1.4045004502643323,1.526055191127541
2025-10-13 14:00:00,2025-10-13,14,S012,17.55,0.21,1.2062600222498654,1.320052312695893
2025-10-14 10:00:00,2025-10-14,10,S012,17.55,0.21,6.108931184285666,6.500930699746626
2025-10-14 11:00:00,2025-10-14,11,S012,17.55,0.21,7.2992404024987545,7.801874859622394
2025-10-14 12:00:00,2025-10-14,12,S012,17.55,0.21,6.958622970557737,7.54315054175774
2025-10-14 13:00:00,2025-10-14,13,S012,17.55,0.21,5.547090667761227,6.0538975816985205
2025-10-14 14:00:00,2025-10-14,14,S012,17.55,0.21,5.109458807897898,5.477635113743317
2025-10-15 10:00:00,2025-10-15,10,S012,17.55,0.21,1.5016637318334267,1.7464731018659352
2025-10-15 11:00:00,2025-10-15,11,S012,17.55,0.21,0.8185688160954572,0.9562146967146162
2025-10-15 12:00:00,2025-10-15,12,S012,17.55,0.21,0.6868937618484022,0.8137630140251289
2025-10-15 13:00:00,2025-10-15,13,S012,17.55,0.21,0.9350543623601023,1.1152842560394705
2025-10-15 14:00:00,2025-10-15,14,S012,17.55,0.21,0.45594074469179696,0.5342019964731881
2025-10-16 10:00:00,2025-10-16,10,S012,17.55,0.21,6.049906702850761,6.438118719742031
2025-10-16 11:00:00,2025-10-16,11,S012,17.55,0.21,6.8914511871497055,7.366004789338402
2025-10-16 12:00:00,2025-10-16,12,S012,17.55,0.21,5.104122309532302,5.532870961287397
2025-10-16 13:00:00,2025-10-16,13,S012,17.55,0.21,4.368171076700169,4.767266645085036
2025-10-16 14:00:00,2025-10-16,14,S012,17.55,0.21,2.3404222836606094,2.509067939279658
2025-10-17 10:00:00,2025-10-17,10,S012,17.55,0.21,1.6117512402639622,1.8745076732880124
2025-10-17 11:00:00,2025-10-17,11,S012,17.55,0.21,1.9498576457027825,2.0841271840619644
2025-10-17 12:00:00,2025-10-17,12,S012,17.55,0.21,1.5391924075948173,1.6555027809213572
2025-10-17 13:00:00,2025-10-17,13,S012,17.55,0.21,1.2829949044919466,1.4058910478716158
2025-10-17 14:00:00,2025-10-17,14,S012,17.55,0.21,0.4296470624736648,0.5033950600475949
2025-10-18 10:00:00,2025-10-18,10,S012,17.55,0.21,3.7752902008593754,4.017544023143091
2025-10-18 11:00:00,2025-10-18,11,S012,17.55,0.21,3.905626176400838,4.174572283756212
2025-10-18 12:00:00,2025-10-18,12,S012,17.55,0.21,3.1187628884221628,3.380740423924707
2025-10-18 13:00:00,2025-10-18,13,S012,17.55,0.21,3.893204768394815,4.2489052990285545
2025-10-18 14:00:00,2025-10-18,14,S012,17.55,0.21,3.2452963597018436,3.479145240769579
2025-10-19 10:00:00,2025-10-19,10,S012,17.55,0.21,6.932381190828451,7.377220064572156
2025-10-19 11:00:00,2025-10-19,11,S012,17.55,0.21,8.037172508504344,8.590621856362265
2025-10-19 12:00:00,2025-10-19,12,S012,17.55,0.21,8.164136804250381,8.849928099068949
2025-10-19 13:00:00,2025-10-19,13,S012,17.55,0.21,7.4316856516451955,8.11067755858341
2025-10-19 14:00:00,2025-10-19,14,S012,17.55,0.21,5.694265446951554,6.104581626332665
2025-10-20 10:00:00,2025-10-20,10,S012,17.55,0.21,4.774566222692009,5.08094185361187
2025-10-20 11:00:00,2025-10-20,11,S012,17.55,0.21,2.7983212020269175,2.991016959486402
2025-10-20 12:00:00,2025-10-20,12,S012,17.55,0.21,2.501127062743079,2.711222901163051
2025-10-20 13:00:00,2025-10-20,13,S012,17.55,0.21,1.6488340116236984,1.7892642162353936
2025-10-20 14:00:00,2025-10-20,14,S012,17.55,0.21,1.2617367944385487,1.387483664160473
2025-10-21 10:00:00,2025-10-21,10,S012,17.55,0.21,5.847280237471877,6.222490065624729
2025-10-21 11:00:00,2025-10-21,11,S012,17.55,0.21,7.6039079687248385,8.127522200223467
2025-10-21 12:00:00,2025-10-21,12,S012,17.55,0.21,8.662457469648539,9.390107932503138
2025-10-21 13:00:00,2025-10-21,13,S012,17.55,0.21,7.855911437539798,8.57366250206875
2025-10-21 14:00:00,2025-10-21,14,S012,17.55,0.21,6.898724309030065,7.395831131227864
2025-10-22 10:00:00,2025-10-22,10,S012,17.55,0.21,8.458957148033589,9.00175375243206
2025-10-22 11:00:00,2025-10-22,11,S012,17.55,0.21,9.233673968795205,9.86951584365293
2025-10-22 12:00:00,2025-10-22,12,S012,17.55,0.21,9.401221339513524,10.190928311589786
2025-10-22 13:00:00,2025-10-22,13,S012,17.55,0.21,8.53869926178714,9.318832863542658
2025-10-22 14:00:00,2025-10-22,14,S012,17.55,0.21,7.491877128669791,8.031725231724808
2025-10-23 10:00:00,2025-10-23,10,S012,17.55,0.21,7.324523713511331,7.794525692591489
2025-10-23 11:00:00,2025-10-23,11,S012,17.55,0.21,8.673687781285228,9.270968334986922
2025-10-23 12:00:00,2025-10-23,12,S012,17.55,0.21,8.788823808280739,9.527089102448176
2025-10-23 13:00:00,2025-10-23,13,S012,17.55,0.21,7.8077927432981475,8.521147469567651
2025-10-23 14:00:00,2025-10-23,14,S012,17.55,0.21,6.966470194579345,7.468458635519076
2025-10-24 10:00:00,2025-10-24,10,S012,17.55,0.21,6.782988572991532,7.218241181636007
2025-10-24 11:00:00,2025-10-24,11,S012,17.55,0.21,7.301852352941984,7.804666672108888
2025-10-24 12:00:00,2025-10-24,12,S012,17.55,0.21,7.2512240275646205,7.860330223861347
2025-10-24 13:00:00,2025-10-24,13,S012,17.55,0.21,7.684753692296251,8.38686702276625
2025-10-24 14:00:00,2025-10-24,14,S012,17.55,0.21,6.196706773896856,6.643227764514111
2025-10-25 10:00:00,2025-10-25,10,S012,17.55,0.21,2.5978542935558298,2.7645540964496056
2025-10-25 11:00:00,2025-10-25,11,S012,17.55,0.21,2.494733956436316,2.6665243316967358
2025-10-25 12:00:00,2025-10-25,12,S012,17.55,0.21,2.9327177632427093,3.1790674215610943
2025-10-25 13:00:00,2025-10-25,13,S012,17.55,0.21,3.176632451228969,3.4668637428639
2025-10-25 14:00:00,2025-10-25,14,S012,17.55,0.21,3.2174340422075836,3.449275226273932
2025-10-26 10:00:00,2025-10-26,10,S012,17.55,0.21,6.93441046117004,7.3793795496709
2025-10-26 11:00:00,2025-10-26,11,S012,17.55,0.21,7.67294246115595,8.201310490681841
2025-10-26 12:00:00,2025-10-26,12,S012,17.55,0.21,7.934326922782736,8.600814080501134
2025-10-26 13:00:00,2025-10-26,13,S012,17.55,0.21,6.57236294233097,7.17284329853595
2025-10-26 14:00:00,2025-10-26,14,S012,17.55,0.21,3.167366317209268,3.3955997317005937
2025-10-27 10:00:00,2025-10-27,10,S012,17.55,0.21,7.593602785928511,8.080871102249388
2025-10-27 11:00:00,2025-10-27,11,S012,17.55,0.21,8.650962150847448,9.24667779035424
2025-10-27 12:00:00,2025-10-27,12,S012,17.55,0.21,8.68427920593495,9.413762704803258
2025-10-27 13:00:00,2025-10-27,13,S012,17.55,0.21,7.776687976180741,8.48720083236452
2025-10-27 14:00:00,2025-10-27,14,S012,17.55,0.21,6.505113533232698,6.97385763311047
2025-10-28 10:00:00,2025-10-28,10,S012,17.55,0.21,7.402442821604586,7.87744473466604
2025-10-28 11:00:00,2025-10-28,11,S012,17.55,0.21,8.703470021623787,9.302801416149874
2025-10-28 12:00:00,2025-10-28,12,S012,17.55,0.21,8.428763443580749,9.136783499379337
2025-10-28 13:00:00,2025-10-28,13,S012,17.55,0.21,7.837992744681345,8.554106677608651
2025-10-28 14:00:00,2025-10-28,14,S012,17.55,0.21,6.695576376980405,7.178044808308593
2025-10-29 10:00:00,2025-10-29,10,S012,17.55,0.21,7.117520472525587,7.574239412770082
2025-10-29 11:00:00,2025-10-29,11,S012,17.55,0.21,8.01263857328094,8.564398484905482
2025-10-29 12:00:00,2025-10-29,12,S012,17.55,0.21,7.922883787144611,8.588409716138624
2025-10-29 13:00:00,2025-10-29,13,S012,17.55,0.21,7.328998462293382,7.998608410173535
2025-10-29 14:00:00,2025-10-29,14,S012,17.55,0.21,5.761702644889628,6.176878199665845
2025-10-30 10:00:00,2025-10-30,10,S012,17.55,0.21,3.072984360947187,3.270172435942873
2025-10-30 11:00:00,2025-10-30,11,S012,17.55,0.21,3.901855395048689,4.170541841873192
2025-10-30 12:00:00,2025-10-30,12,S012,17.55,0.21,5.0190612661627005,5.440664750649078
2025-10-30 13:00:00,2025-10-30,13,S012,17.55,0.21,4.799018596675098,5.237478313774007
2025-10-30 14:00:00,2025-10-30,14,S012,17.55,0.21,4.308608016510485,4.61907678482754
2025-10-31 10:00:00,2025-10-31,10,S012,17.55,0.21,3.964492147941965,4.218886730915771
2025-10-31 11:00:00,2025-10-31,11,S012,17.55,0.21,5.382453154486904,5.753095340538592
2025-10-31 12:00:00,2025-10-31,12,S012,17.55,0.21,5.1773376693721564,5.612236445461161
2025-10-31 13:00:00,2025-10-31,13,S012,17.55,0.21,5.827036008627327,6.359419975973905
2025-10-31 14:00:00,2025-10-31,14,S012,17.55,0.21,5.104405471546443,5.472217645146153
2025-11-01 10:00:00,2025-11-01,10,S012,17.55,0.21,5.596520018231988,5.955638998170381
2025-11-01 11:00:00,2025-11-01,11,S012,17.55,0.21,7.450653760331297,7.963714723052611
2025-11-01 12:00:00,2025-11-01,12,S012,17.55,0.21,8.465746551390525,9.176873205473708
2025-11-01 13:00:00,2025-11-01,13,S012,17.55,0.21,7.891412003668625,8.612406558062876
2025-11-01 14:00:00,2025-11-01,14,S012,17.55,0.21,6.631276329610925,7.109111441678454
2025-11-02 10:00:00,2025-11-02,10,S012,17.55,0.21,7.689400573850316,8.182816068018633
2025-11-02 11:00:00,2025-11-02,11,S012,17.55,0.21,8.562543161928,9.152170163707538
2025-11-02 12:00:00,2025-11-02,12,S012,17.55,0.21,8.540080706184973,9.25745146389944
2025-11-02 13:00:00,2025-11-02,13,S012,17.55,0.21,8.007711947560855,8.739332182908486
2025-11-02 14:00:00,2025-11-02,14,S012,17.55,0.21,6.830855431945574,7.323071772903321
2025-11-03 10:00:00,2025-11-03,10,S012,17.55,0.21,7.527436167839418,8.01045868707269
2025-11-03 11:00:00,2025-11-03,11,S012,17.55,0.21,8.282868089731997,8.853236330279868
2025-11-03 12:00:00,2025-11-03,12,S012,17.55,0.21,8.34535469187142,9.046368373670473
2025-11-03 13:00:00,2025-11-03,13,S012,17.55,0.21,7.948802103146562,8.675040072683819
2025-11-03 14:00:00,2025-11-03,14,S012,17.55,0.21,6.528903947850023,6.999362332409922
2025-11-04 10:00:00,2025-11-04,10,S012,17.55,0.21,6.603296277936268,7.02701834376256
2025-11-04 11:00:00,2025-11-04,11,S012,17.55,0.21,7.255447984570878,7.75506684322159
2025-11-04 12:00:00,2025-11-04,12,S012,17.55,0.21,7.84098509345625,8.49963149402795
2025-11-04 13:00:00,2025-11-04,13,S012,17.55,0.21,7.168260610244553,7.823184831925344
2025-11-04 14:00:00,2025-11-04,14,S012,17.55,0.21,5.914950418207487,6.3411686687330056
2025-11-05 10:00:00,2025-11-05,10,S012,17.55,0.21,6.985861343097656,7.43413194542757
2025-11-05 11:00:00,2025-11-05,11,S012,17.55,0.21,7.786972949654986,8.323193255516733
2025-11-05 12:00:00,2025-11-05,12,S012,17.55,0.21,8.38318081373644,9.087371907393447
2025-11-05 13:00:00,2025-11-05,13,S012,17.55,0.21,7.341461686278486,8.012210329821631
2025-11-05 14:00:00,2025-11-05,14,S012,17.55,0.21,6.563025002415482,7.035942074733473
2025-11-06 10:00:00,2025-11-06,10,S012,17.55,0.21,3.0593880621910587,3.255703686284339
2025-11-06 11:00:00,2025-11-06,11,S012,17.55,0.21,3.186547382665685,3.4059768610038175
2025-11-06 12:00:00,2025-11-06,12,S012,17.55,0.21,3.301681692603823,3.5790244928703157
2025-11-06 13:00:00,2025-11-06,13,S012,17.55,0.21,3.262687641986058,3.5607813191971545
2025-11-06 14:00:00,2025-11-06,14,S012,17.55,0.21,2.4097355753743996,2.583375793558415
2025-11-07 10:00:00,2025-11-07,10,S012,17.55,0.21,1.4025419564428945,1.631191956787335
2025-11-07 11:00:00,2025-11-07,11,S012,17.55,0.21,1.8049375354705166,1.9814269786642014
2025-11-07 12:00:00,2025-11-07,12,S012,17.55,0.21,1.5524065291747695,1.7419824108795332
2025-11-07 13:00:00,2025-11-07,13,S012,17.55,0.21,1.3873200731386233,1.5614423245573508
2025-11-07 14:00:00,2025-11-07,14,S012,17.55,0.21,0.7071888832625902,0.8285763396247681
2025-11-08 10:00:00,2025-11-08,10,S012,17.55,0.21,0.7812576055163012,0.908622459701091
2025-11-08 11:00:00,2025-11-08,11,S012,17.55,0.21,1.1040030183220022,1.2896458924153402
2025-11-08 12:00:00,2025-11-08,12,S012,17.55,0.21,1.5936914367977528,1.8026612470101082
2025-11-08 13:00:00,2025-11-08,13,S012,17.55,0.21,1.0410105649758932,1.1730747764790663
2025-11-08 14:00:00,2025-11-08,14,S012,17.55,0.21,1.0329947352464917,1.1375592892050994
2025-11-09 10:00:00,2025-11-09,10,S012,17.55,0.21,5.24168735212584,5.578037335493911
2025-11-09 11:00:00,2025-11-09,11,S012,17.55,0.21,6.974352440793663,7.454614722834298
2025-11-09 12:00:00,2025-11-09,12,S012,17.55,0.21,7.4446187063453495,8.06997014575253
2025-11-09 13:00:00,2025-11-09,13,S012,17.55,0.21,7.776540292912654,8.48703965609518
2025-11-09 14:00:00,2025-11-09,14,S012,17.55,0.21,6.48201772318552,6.949097590050877
2025-11-10 10:00:00,2025-11-10,10,S012,17.55,0.21,6.675220375355367,7.103557685728983
2025-11-10 11:00:00,2025-11-10,11,S012,17.55,0.21,7.449238524770216,7.962202032671752
2025-11-10 12:00:00,2025-11-10,12,S012,17.55,0.21,7.550919579805396,8.185200342103462
2025-11-10 13:00:00,2025-11-10,13,S012,17.55,0.21,7.291357742220521,7.957528666237341
2025-11-10 14:00:00,2025-11-10,14,S012,17.55,0.21,5.916388245118799,6.3427101022728385
2025-11-11 10:00:00,2025-11-11,10,S012,17.55,0.21,3.578836586665659,3.8084843213619766
2025-11-11 11:00:00,2025-11-11,11,S012,17.55,0.21,4.398715732600579,4.701616578768083
2025-11-11 12:00:00,2025-11-11,12,S012,17.55,0.21,4.965041797066424,5.3821076209837555
2025-11-11 13:00:00,2025-11-11,13,S012,17.55,0.21,5.626468449658977,6.140527671353306
2025-11-11 14:00:00,2025-11-11,14,S012,17.55,0.21,6.043644674424474,6.4791363485392495
2025-11-12 10:00:00,2025-11-12,10,S012,17.55,0.21,6.7769381387713485,7.21180250154906
2025-11-12 11:00:00,2025-11-12,11,S012,17.55,0.21,7.414532833705051,7.925106466054376
2025-11-12 12:00:00,2025-11-12,12,S012,17.55,0.21,8.06328471926559,8.740604391963513
2025-11-12 13:00:00,2025-11-12,13,S012,17.55,0.21,7.386167753277629,8.061000942253173
2025-11-12 14:00:00,2025-11-12,14,S012,17.55,0.21,6.068052784502726,6.505303253068958
2025-11-13 10:00:00,2025-11-13,10,S012,17.55,0.21,6.736726603238618,7.1690106615458316
2025-11-13 11:00:00,2025-11-13,11,S012,17.55,0.21,7.754788147545233,8.28879216929466
2025-11-13 12:00:00,2025-11-13,12,S012,17.55,0.21,7.507746789220295,8.138401016997177
2025-11-13 13:00:00,2025-11-13,13,S012,17.55,0.21,7.286060633475776,7.9517475900407355
2025-11-13 14:00:00,2025-11-13,14,S012,17.55,0.21,6.1132694592070544,6.553778141388693
2025-11-14 10:00:00,2025-11-14,10,S012,17.55,0.21,5.852766246951422,6.228328102814674
2025-11-14 11:00:00,2025-11-14,11,S012,17.55,0.21,7.090338543959674,7.5785877683099185
2025-11-14 12:00:00,2025-11-14,12,S012,17.55,0.21,7.163866525544519,7.7656346509760805
2025-11-14 13:00:00,2025-11-14,13,S012,17.55,0.21,6.8697066645282305,7.497353667765184
2025-11-14 14:00:00,2025-11-14,14,S012,17.55,0.21,5.394124029236923,5.782812681601951
2025-11-15 10:00:00,2025-11-15,10,S012,17.55,0.21,5.463332159009637,5.813904705094797
2025-11-15 11:00:00,2025-11-15,11,S012,17.55,0.21,6.758194833255612,7.2235722429359885
2025-11-15 12:00:00,2025-11-15,12,S012,17.55,0.21,6.847124238281635,7.422285864028782
2025-11-15 13:00:00,2025-11-15,13,S012,17.55,0.21,6.049178648737868,6.601858557259992
2025-11-15 14:00:00,2025-11-15,14,S012,17.55,0.21,4.730279055193743,5.071132506339521
2025-11-16 10:00:00,2025-11-16,10,S012,17.55,0.21,5.951508198087586,6.3334061536437956
2025-11-16 11:00:00,2025-11-16,11,S012,17.55,0.21,7.160989999118405,7.65410436749056
2025-11-16 12:00:00,2025-11-16,12,S012,17.55,0.21,7.4370833632217215,8.06180183029618
2025-11-16 13:00:00,2025-11-16,13,S012,17.55,0.21,6.755736247739519,7.372970405996576
2025-11-16 14:00:00,2025-11-16,14,S012,17.55,0.21,5.294269887445765,5.675763271108125
2025-11-17 10:00:00,2025-11-17,10,S012,17.55,0.21,3.786955564064019,4.0299579324658605
2025-11-17 11:00:00,2025-11-17,11,S012,17.55,0.21,3.7649216287994114,4.024178652085947
2025-11-17 12:00:00,2025-11-17,12,S012,17.55,0.21,2.887374525301023,3.1299153305091676
2025-11-17 13:00:00,2025-11-17,13,S012,17.55,0.21,4.025752915091784,4.393563634867738
2025-11-17 14:00:00,2025-11-17,14,S012,17.55,0.21,3.858172096514365,4.1361834482479045
2025-11-18 10:00:00,2025-11-18,10,S012,17.55,0.21,7.3136988474948685,7.783006213703253
2025-11-18 11:00:00,2025-11-18,11,S012,17.55,0.21,8.408721107100307,8.987755737515355
2025-11-18 12:00:00,2025-11-18,12,S012,17.55,0.21,8.770055703604953,9.506744468236507
2025-11-18 13:00:00,2025-11-18,13,S012,17.55,0.21,7.960136185267245,8.68740968703679
2025-11-18 14:00:00,2025-11-18,14,S012,17.55,0.21,6.6088914944301616,7.085113604762347
2025-11-19 10:00:00,2025-11-19,10,S012,17.55,0.21,6.840245503667514,7.279172190216075
2025-11-19 11:00:00,2025-11-19,11,S012,17.55,0.21,8.02972981027313,8.582666644995616
2025-11-19 12:00:00,2025-11-19,12,S012,17.55,0.21,8.345852766280451,9.04690828656189
2025-11-19 13:00:00,2025-11-19,13,S012,17.55,0.21,7.630362447900452,8.327506351986697
2025-11-19 14:00:00,2025-11-19,14,S012,17.55,0.21,6.199330561919529,6.646040616901099
2025-11-20 10:00:00,2025-11-20,10,S012,17.55,0.21,5.825866343639639,6.199702079377118
2025-11-20 11:00:00,2025-11-20,11,S012,17.55,0.21,7.258661068864705,7.758501184357316
2025-11-20 12:00:00,2025-11-20,12,S012,17.55,0.21,7.672983188532962,8.317517350827451
2025-11-20 13:00:00,2025-11-20,13,S012,17.55,0.21,7.072256312970425,7.718409154383539
2025-11-20 14:00:00,2025-11-20,14,S012,17.55,0.21,5.98538274354439,6.4166761917238295
2025-11-21 10:00:00,2025-11-21,10,S012,17.55,0.21,6.509170223141584,6.926852383334846
2025-11-21 11:00:00,2025-11-21,11,S012,17.55,0.21,7.893763413506587,8.43733743891505
2025-11-21 12:00:00,2025-11-21,12,S012,17.55,0.21,8.121969039231105,8.80421822214421
2025-11-21 13:00:00,2025-11-21,13,S012,17.55,0.21,7.463873914446107,8.14580668446232
2025-11-21 14:00:00,2025-11-21,14,S012,17.55,0.21,6.06902559782006,6.506346165163271
2025-11-22 10:00:00,2025-11-22,10,S012,17.55,0.21,6.213973993089157,6.612713923347971
2025-11-22 11:00:00,2025-11-22,11,S012,17.55,0.21,7.513900132589722,8.031316316434356
2025-11-22 12:00:00,2025-11-22,12,S012,17.55,0.21,7.611105639175938,8.250442058498793
2025-11-22 13:00:00,2025-11-22,13,S012,17.55,0.21,6.685786597961048,7.296629844610827
2025-11-22 14:00:00,2025-11-22,14,S012,17.55,0.21,5.378580137695737,5.7661487316003175
2025-11-23 10:00:00,2025-11-23,10,S012,17.55,0.21,4.725138156463513,5.028342074128266
2025-11-23 11:00:00,2025-11-23,11,S012,17.55,0.21,6.143953443402994,6.567033453558654
2025-11-23 12:00:00,2025-11-23,12,S012,17.55,0.21,5.928682483247459,6.426694573715824
2025-11-23 13:00:00,2025-11-23,13,S012,17.55,0.21,3.8347197707462928,4.185076851462737
2025-11-23 14:00:00,2025-11-23,14,S012,17.55,0.21,2.457402131575962,2.6344770964199444
2025-11-24 10:00:00,2025-11-24,10,S012,17.55,0.21,6.102592068614486,6.4941848140208185
2025-11-24 11:00:00,2025-11-24,11,S012,17.55,0.21,6.736995762174416,7.200913378369873
2025-11-24 12:00:00,2025-11-24,12,S012,17.55,0.21,7.056329576257102,7.649064547852455
2025-11-24 13:00:00,2025-11-24,13,S012,17.55,0.21,6.914212340554202,7.545925580611569
2025-11-24 14:00:00,2025-11-24,14,S012,17.55,0.21,5.743505701511476,6.157370024777169
2025-11-25 10:00:00,2025-11-25,10,S012,17.55,0.21,6.722864740442322,7.15425930706341
2025-11-25 11:00:00,2025-11-25,11,S012,17.55,0.21,7.956632014124871,8.504535246847984
2025-11-25 12:00:00,2025-11-25,12,S012,17.55,0.21,8.235127485042156,8.926882030118229
2025-11-25 13:00:00,2025-11-25,13,S012,17.55,0.21,7.432794811898717,8.11188805665865
2025-11-25 14:00:00,2025-11-25,14,S012,17.55,0.21,6.13208130705582,6.573945529404724
2025-11-26 10:00:00,2025-11-26,10,S012,17.55,0.21,6.067689831447113,6.457042960847733
2025-11-26 11:00:00,2025-11-26,11,S012,17.55,0.21,7.390029204675695,7.898915487712547
2025-11-26 12:00:00,2025-11-26,12,S012,17.55,0.21,7.174556507420646,7.777222596309729
2025-11-26 13:00:00,2025-11-26,13,S012,17.55,0.21,6.566928286996057,7.166912108879973
2025-11-26 14:00:00,2025-11-26,14,S012,17.55,0.21,5.700731491097479,6.111513599324793
2025-11-27 10:00:00,2025-11-27,10,S012,17.55,0.21,6.670223806992464,7.098240496242983
2025-11-27 11:00:00,2025-11-27,11,S012,17.55,0.21,8.049770881645925,8.604087768603186
2025-11-27 12:00:00,2025-11-27,12,S012,17.55,0.21,8.113157984371453,8.794667034571718
2025-11-27 13:00:00,2025-11-27,13,S012,17.55,0.21,7.552515669386508,8.242547145004997
2025-11-27 14:00:00,2025-11-27,14,S012,17.55,0.21,6.158784963428288,6.6025733922196785
2025-11-28 10:00:00,2025-11-28,10,S012,17.55,0.21,6.271824867525537,6.674276988029084
2025-11-28 11:00:00,2025-11-28,11,S012,17.55,0.21,7.33548770056213,7.840618190146633
2025-11-28 12:00:00,2025-11-28,12,S012,17.55,0.21,7.532097142871624,8.164796811698825
2025-11-28 13:00:00,2025-11-28,13,S012,17.55,0.21,7.0660075613145095,7.711589488940131
2025-11-28 14:00:00,2025-11-28,14,S012,17.55,0.21,5.785052066951411,6.201910129461138
2025-11-29 10:00:00,2025-11-29,10,S012,17.55,0.21,6.23828422171695,6.638584097169998
2025-11-29 11:00:00,2025-11-29,11,S012,17.55,0.21,7.303367774181456,7.806286447074229
2025-11-29 12:00:00,2025-11-29,12,S012,17.55,0.21,7.555303723726823,8.189952756156641
2025-11-29 13:00:00,2025-11-29,13,S012,17.55,0.21,7.014218348549488,7.65506858299237
2025-11-29 14:00:00,2025-11-29,14,S012,17.55,0.21,5.758407773530808,6.173345907161121
2025-11-30 10:00:00,2025-11-30,10,S012,17.55,0.21,6.161990198201476,6.5573944185311595
2025-11-30 11:00:00,2025-11-30,11,S012,17.55,0.21,7.122834063673075,7.613320968522856
2025-11-30 12:00:00,2025-11-30,12,S012,17.55,0.21,7.345545168982161,7.9625743850974455
2025-11-30 13:00:00,2025-11-30,13,S012,17.55,0.21,6.898847019755864,7.529156415657461
2025-11-30 14:00:00,2025-11-30,14,S012,17.55,0.21,5.619841146305972,6.02479447511777
2025-12-01 10:00:00,2025-12-01,10,S012,17.55,0.21,6.008181564049287,6.393716151174317
2025-12-01 11:00:00,2025-12-01,11,S012,17.55,0.21,7.184511777814578,7.679245884106515
2025-12-01 12:00:00,2025-12-01,12,S012,17.55,0.21,7.415027893442862,8.03789369078136
2025-12-01 13:00:00,2025-12-01,13,S012,17.55,0.21,6.903461992173499,7.53419303251341
2025-12-01 14:00:00,2025-12-01,14,S012,17.55,0.21,5.702285625917101,6.113179721663678
2025-12-02 10:00:00,2025-12-02,10,S012,17.55,0.21,4.051102274853586,4.311054479407859
2025-12-02 11:00:00,2025-12-02,11,S012,17.55,0.21,4.374918432574252,4.676180568092406
2025-12-02 12:00:00,2025-12-02,12,S012,17.55,0.21,3.5728302368256566,3.87294964112128
2025-12-02 13:00:00,2025-12-02,13,S012,17.55,0.21,2.97177866280169,3.2432935997672114
2025-12-02 14:00:00,2025-12-02,14,S012,17.55,0.21,2.267849168236918,2.4312653656011927
2025-12-03 10:00:00,2025-12-03,10,S012,17.55,0.21,6.785645477112953,7.221068574685328
2025-12-03 11:00:00,2025-12-03,11,S012,17.55,0.21,7.998585651253449,8.549377861796126
2025-12-03 12:00:00,2025-12-03,12,S012,17.55,0.21,8.23674525017975,8.928635688281016
2025-12-03 13:00:00,2025-12-03,13,S012,17.55,0.21,7.564059605259859,8.255145786284313
2025-12-03 14:00:00,2025-12-03,14,S012,17.55,0.21,6.406661141285221,6.868310979455112
2025-12-04 10:00:00,2025-12-04,10,S012,17.55,0.21,6.361295167418797,6.769488441840811
2025-12-04 11:00:00,2025-12-04,11,S012,17.55,0.21,7.414643508089889,7.925224761610223
2025-12-04 12:00:00,2025-12-04,12,S012,17.55,0.21,7.676153163561486,8.320953605235104
2025-12-04 13:00:00,2025-12-04,13,S012,17.55,0.21,7.192290376863948,7.84941006506808
2025-12-04 14:00:00,2025-12-04,14,S012,17.55,0.21,5.968803182099065,6.398901943734395
2025-12-05 10:00:00,2025-12-05,10,S012,17.55,0.21,6.199302881786067,6.597101392286072
2025-12-05 11:00:00,2025-12-05,11,S012,17.55,0.21,7.58293205210958,8.10510185680772
2025-12-05 12:00:00,2025-12-05,12,S012,17.55,0.21,7.808094688454814,8.463978279684405
2025-12-05 13:00:00,2025-12-05,13,S012,17.55,0.21,7.3432607428083845,8.014173756170328
2025-12-05 14:00:00,2025-12-05,14,S012,17.55,0.21,6.013454630725777,6.446770877034947
2025-12-06 10:00:00,2025-12-06,10,S012,17.55,0.21,5.944032602463329,6.325450862018046
2025-12-06 11:00:00,2025-12-06,11,S012,17.55,0.21,7.322514517759443,7.826751658401369
2025-12-06 12:00:00,2025-12-06,12,S012,17.55,0.21,7.578983953942636,8.215622136742013
2025-12-06 13:00:00,2025-12-06,13,S012,17.55,0.21,7.083665207827269,7.730860416697515
2025-12-06 14:00:00,2025-12-06,14,S012,17.55,0.21,5.823241192141313,6.24285107858475
2025-12-07 10:00:00,2025-12-07,10,S012,17.55,0.21,3.577279336894863,3.806827145575125
2025-12-07 11:00:00,2025-12-07,11,S012,17.55,0.21,3.8841102005720685,4.15157469200115
2025-12-07 12:00:00,2025-12-07,12,S012,17.55,0.21,4.19671702851651,4.549243213951705
2025-12-07 13:00:00,2025-12-07,13,S012,17.55,0.21,4.965987133367726,5.41970183977078
2025-12-07 14:00:00,2025-12-07,14,S012,17.55,0.21,4.437517408860236,4.757275103000657
2025-12-08 10:00:00,2025-12-08,10,S012,17.55,0.21,6.034183061881387,6.42138612001124
2025-12-08 11:00:00,2025-12-08,11,S012,17.55,0.21,7.250151285952525,7.749405407577494
2025-12-08 12:00:00,2025-12-08,12,S012,17.55,0.21,7.5213613299951705,8.153159185539472
2025-12-08 13:00:00,2025-12-08,13,S012,17.55,0.21,6.958870768787775,7.594664201787702
2025-12-08 14:00:00,2025-12-08,14,S012,17.55,0.21,5.8195467402821235,6.2388904126921805
2025-12-09 10:00:00,2025-12-09,10,S012,17.55,0.21,5.740732022560196,6.109104836617023
2025-12-09 11:00:00,2025-12-09,11,S012,17.55,0.21,6.331747042235695,6.767758745060123
2025-12-09 12:00:00,2025-12-09,12,S012,17.55,0.21,7.438559589191899,8.063402059935552
2025-12-09 13:00:00,2025-12-09,13,S012,17.55,0.21,6.482692818980507,7.074980513264213
2025-12-09 14:00:00,2025-12-09,14,S012,17.55,0.21,5.6770253888743865,6.0860992877843065
2025-12-10 10:00:00,2025-12-10,10,S012,17.55,0.21,5.1733987425760946,5.5053667643460615
2025-12-10 11:00:00,2025-12-10,11,S012,17.55,0.21,6.2799571895795445,6.71240258097444
2025-12-10 12:00:00,2025-12-10,12,S012,17.55,0.21,6.498195740299118,7.044047209667461
2025-12-10 13:00:00,2025-12-10,13,S012,17.55,0.21,5.7914659571423,6.320600086131901
2025-12-10 14:00:00,2025-12-10,14,S012,17.55,0.21,4.803847259265945,5.150001872554593
2025-12-11 10:00:00,2025-12-11,10,S012,17.55,0.21,4.604567223005606,4.900034313053811
2025-12-11 11:00:00,2025-12-11,11,S012,17.55,0.21,5.212496125352338,5.571434866338133
2025-12-11 12:00:00,2025-12-11,12,S012,17.55,0.21,5.713411274843767,6.193340483522171
2025-12-11 13:00:00,2025-12-11,13,S012,17.55,0.21,5.247307736090846,5.726725145952797
2025-12-11 14:00:00,2025-12-11,14,S012,17.55,0.21,4.105543071492707,4.401379428802204
2025-12-12 10:00:00,2025-12-12,10,S012,17.55,0.21,2.842872572066302,3.025294772799859
2025-12-12 11:00:00,2025-12-12,11,S012,17.55,0.21,3.5775790155262563,3.823935401551079
2025-12-12 12:00:00,2025-12-12,12,S012,17.55,0.21,3.67344326320771,3.982014208589985
2025-12-12 13:00:00,2025-12-12,13,S012,17.55,0.21,3.051591478013865,3.3303984693179634
2025-12-12 14:00:00,2025-12-12,14,S012,17.55,0.21,2.7292645819980885,2.925929353993424
2025-12-13 10:00:00,2025-12-13,10,S012,17.55,0.21,2.8169413053230574,2.997699541658916
2025-12-13 11:00:00,2025-12-13,11,S012,17.55,0.21,3.183971525615038,3.4032236273442513
2025-12-13 12:00:00,2025-12-13,12,S012,17.55,0.21,3.8455981417666645,4.168630177146208
2025-12-13 13:00:00,2025-12-13,13,S012,17.55,0.21,5.333789767677727,5.821108561195493
2025-12-13 14:00:00,2025-12-13,14,S012,17.55,0.21,4.8381575707143085,5.186784509193629
2025-12-14 10:00:00,2025-12-14,10,S012,17.55,5.63,5.866817316218891,6.243280804819262
2025-12-14 11:00:00,2025-12-14,11,S012,17.55,6.81,7.467940418188715,7.982191760923362
2025-12-14 12:00:00,2025-12-14,12,S012,17.55,7.3,7.7536511016358,8.40496140621006
2025-12-14 13:00:00,2025-12-14,13,S012,17.55,6.91,7.336080967695032,8.006338004818996
2025-12-14 14:00:00,2025-12-14,14,S012,17.55,5.55,6.15568187864025,6.599246706002029
2025-12-15 10:00:00,2025-12-15,10,S012,17.55,4.53,5.6084517037209105,5.968336319216357
2025-12-15 11:00:00,2025-12-15,11,S012,17.55,6.57,6.739101245060835,7.203163847335562
2025-12-15 12:00:00,2025-12-15,12,S012,17.55,7.83,6.833267066366471,7.407264683217384
2025-12-15 13:00:00,2025-12-15,13,S012,17.55,7.18,6.4731061195864275,7.064517930307784
2025-12-15 14:00:00,2025-12-15,14,S012,17.55,5.66,5.673340637179986,6.082149021028956
2025-12-16 10:00:00,2025-12-16,10,S012,17.55,4.87,5.16468598974636,5.496094929283353
2025-12-16 11:00:00,2025-12-16,11,S012,17.55,6.19,6.706647254110889,7.168475035606588
2025-12-16 12:00:00,2025-12-16,12,S012,17.55,6.65,6.9233781114908535,7.504945098110427
2025-12-16 13:00:00,2025-12-16,13,S012,17.55,6.27,6.546705631810727,7.144841821831393
2025-12-16 14:00:00,2025-12-16,14,S012,17.55,4.89,5.567040455350644,5.968189083102523
2025-12-17 10:00:00,2025-12-17,10,S012,17.55,5.37,5.704687818874471,6.070747738915349
2025-12-17 11:00:00,2025-12-17,11,S012,17.55,6.74,7.279906578332897,7.781209685113506
2025-12-17 12:00:00,2025-12-17,12,S012,17.55,7.31,7.671778639564272,8.316211619184253
2025-12-17 13:00:00,2025-12-17,13,S012,17.55,6.85,7.241784844246958,7.903426567473366
2025-12-17 14:00:00,2025-12-17,14,S012,17.55,5.24,5.972975563867864,6.403374978109267
2025-12-18 10:00:00,2025-12-18,10,S012,17.55,5.27,5.6574216094522525,6.020448538838587
2025-12-18 11:00:00,2025-12-18,11,S012,17.55,7.3,7.072736472255734,7.559773596816508
2025-12-18 12:00:00,2025-12-18,12,S012,17.55,6.98,7.287553624120007,7.899711523451521
2025-12-18 13:00:00,2025-12-18,13,S012,17.55,6.58,6.611373062495729,7.215417557056683
2025-12-18 14:00:00,2025-12-18,14,S012,17.55,5.14,5.168981108895556,5.541446460160592
2025-09-01 10:00:00,2025-09-01,10,S019,3.0,2.42,1.6974591587380583,1.5486110860845508
2025-09-01 11:00:00,2025-09-01,11,S019,3.0,2.42,1.8773779887604753,1.775400118970964
2025-09-01 12:00:00,2025-09-01,12,S019,3.0,2.42,1.8433027390267906,1.737373108878517
2025-09-01 13:00:00,2025-09-01,13,S019,3.0,2.42,1.7780428040673664,1.6858649973785447
2025-09-01 14:00:00,2025-09-01,14,S019,3.0,2.42,1.7306439582193864,1.6367900352815092
2025-09-02 10:00:00,2025-09-02,10,S019,3.0,2.42,1.3937605290423178,1.2706514496101624
2025-09-02 11:00:00,2025-09-02,11,S019,3.0,2.42,1.7597249212706192,1.675408005512236
2025-09-02 12:00:00,2025-09-02,12,S019,3.0,2.42,1.7230728239941993,1.637856943875146
2025-09-02 13:00:00,2025-09-02,13,S019,3.0,2.42,1.6775411528308861,1.597090641446649
2025-09-02 14:00:00,2025-09-02,14,S019,3.0,2.42,1.4163681252583409,1.3555912874112233
2025-09-03 10:00:00,2025-09-03,10,S019,3.0,2.42,0.9931072819073243,0.9107216560924083
2025-09-03 11:00:00,2025-09-03,11,S019,3.0,2.42,1.2076264824663747,1.1552857576543512
2025-09-03 12:00:00,2025-09-03,12,S019,3.0,2.42,1.3082498915120204,1.2330664342160966
2025-09-03 13:00:00,2025-09-03,13,S019,3.0,2.42,1.5290798293936507,1.4720087271962217
2025-09-03 14:00:00,2025-09-03,14,S019,3.0,2.42,1.4271040479828787,1.3654236807057771
2025-09-04 10:00:00,2025-09-04,10,S019,3.0,2.42,1.6562016608385781,1.5166614192262717
2025-09-04 11:00:00,2025-09-04,11,S019,3.0,2.42,1.762389169085665,1.6772170415940555
2025-09-04 12:00:00,2025-09-04,12,S019,3.0,2.42,1.7747095990597126,1.6902997978867662
2025-09-04 13:00:00,2025-09-04,13,S019,3.0,2.42,1.6865521268541837,1.612451328028264
2025-09-04 14:00:00,2025-09-04,14,S019,3.0,2.42,1.5644415922652273,1.4918438796425633
2025-09-05 10:00:00,2025-09-05,10,S019,3.0,2.42,1.8153090846057527,1.645340418014054
2025-09-05 11:00:00,2025-09-05,11,S019,3.0,2.42,1.9239242684586588,1.8115405373392617
2025-09-05 12:00:00,2025-09-05,12,S019,3.0,2.42,2.010875897314332,1.9019587228414685
2025-09-05 13:00:00,2025-09-05,13,S019,3.0,2.42,1.8706854731989302,1.7687552121323815
2025-09-05 14:00:00,2025-09-05,14,S019,3.0,2.42,1.7978744141392922,1.7016095854545585
2025-09-06 10:00:00,2025-09-06,10,S019,3.0,2.42,1.2890601530443038,1.1787685822257665
2025-09-06 11:00:00,2025-09-06,11,S019,3.0,2.42,1.290230900426915,1.2218773101360192
2025-09-06 12:00:00,2025-09-06,12,S019,3.0,2.42,1.4160984454870793,1.3559812250397756
2025-09-06 13:00:00,2025-09-06,13,S019,3.0,2.42,1.5399607434258284,1.4835787938158274
2025-09-06 14:00:00,2025-09-06,14,S019,3.0,2.42,1.1437035966457496,1.092156858959628
2025-09-07 10:00:00,2025-09-07,10,S019,3.0,2.42,0.7606367099747577,0.7025438729967572
2025-09-07 11:00:00,2025-09-07,11,S019,3.0,2.42,0.7987932940626854,0.773266756822059
2025-09-07 12:00:00,2025-09-07,12,S019,3.0,2.42,1.4160465318312163,1.3647934372942423
2025-09-07 13:00:00,2025-09-07,13,S019,3.0,2.42,1.2694665798288105,1.2070630209801172
2025-09-07 14:00:00,2025-09-07,14,S019,3.0,2.42,1.3435686198639385,1.288146137163224
2025-09-08 10:00:00,2025-09-08,10,S019,3.0,2.42,0.41805005914011845,0.4089666907415871
2025-09-08 11:00:00,2025-09-08,11,S019,3.0,2.42,0.619351816444572,0.5868170535449402
2025-09-08 12:00:00,2025-09-08,12,S019,3.0,2.42,0.9011720388559035,0.8486639627925979
2025-09-08 13:00:00,2025-09-08,13,S019,3.0,2.42,0.8445533463984084,0.8035010695491837
2025-09-08 14:00:00,2025-09-08,14,S019,3.0,2.42,1.0341044290466403,0.9864828921620867
2025-09-09 10:00:00,2025-09-09,10,S019,3.0,2.42,1.721401094237937,1.5635500349765663
2025-09-09 11:00:00,2025-09-09,11,S019,3.0,2.42,1.64738920582425,1.5636188277496919
2025-09-09 12:00:00,2025-09-09,12,S019,3.0,2.42,1.8415303619317551,1.7419934366962293
2025-09-09 13:00:00,2025-09-09,13,S019,3.0,2.42,1.9190445519125383,1.8198488067667575
2025-09-09 14:00:00,2025-09-09,14,S019,3.0,2.42,1.6990644940818245,1.6066101365220373
2025-09-10 10:00:00,2025-09-10,10,S019,3.0,2.42,1.7708219369387996,1.608038574475585
2025-09-10 11:00:00,2025-09-10,11,S019,3.0,2.42,1.949532954420593,1.8434512362743098
2025-09-10 12:00:00,2025-09-10,12,S019,3.0,2.42,2.12266461495106,2.0027540808950315
2025-09-10 13:00:00,2025-09-10,13,S019,3.0,2.42,2.142521894542781,2.03271794880846
2025-09-10 14:00:00,2025-09-10,14,S019,3.0,2.42,1.979484067238537,1.8518011019669132
2025-09-11 10:00:00,2025-09-11,10,S019,3.0,2.42,1.3502653498175718,1.231669396866737
2025-09-11 11:00:00,2025-09-11,11,S019,3.0,2.42,1.4991620548747013,1.4397369211334374
2025-09-11 12:00:00,2025-09-11,12,S019,3.0,2.42,1.475343215085672,1.4068891357608844
2025-09-11 13:00:00,2025-09-11,13,S019,3.0,2.42,1.461760919531913,1.394112482063028
2025-09-11 14:00:00,2025-09-11,14,S019,3.0,2.42,0.9931927677277576,0.9458755010615905
2025-09-12 10:00:00,2025-09-12,10,S019,3.0,2.42,0.218827613058112,0.21053135282710625
2025-09-12 11:00:00,2025-09-12,11,S019,3.0,2.42,0.23862523869424837,0.23982080608547499
2025-09-12 12:00:00,2025-09-12,12,S019,3.0,2.42,0.4282745159485284,0.434186933790526
2025-09-12 13:00:00,2025-09-12,13,S019,3.0,2.42,0.3875416479994025,0.39440458256823163
2025-09-12 14:00:00,2025-09-12,14,S019,3.0,2.42,0.2543791010297319,0.25516463952856394
2025-09-13 10:00:00,2025-09-13,10,S019,3.0,2.42,0.8919865126409386,0.8096079923984135
2025-09-13 11:00:00,2025-09-13,11,S019,3.0,2.42,0.7889077317328602,0.7447608993525004
2025-09-13 12:00:00,2025-09-13,12,S019,3.0,2.42,0.9827681788858976,0.9211808014020217
2025-09-13 13:00:00,2025-09-13,13,S019,3.0,2.42,1.1537362748511129,1.1045138982994707
2025-09-13 14:00:00,2025-09-13,14,S019,3.0,2.42,1.151217232745307,1.1004154817322158
2025-09-14 10:00:00,2025-09-14,10,S019,3.0,2.42,1.7247557178942128,1.5701381881996561
2025-09-14 11:00:00,2025-09-14,11,S019,3.0,2.42,1.7782577041618908,1.6900276965763132
2025-09-14 12:00:00,2025-09-14,12,S019,3.0,2.42,1.8323968998316362,1.7345462997135765
2025-09-14 13:00:00,2025-09-14,13,S019,3.0,2.42,1.6702038590242803,1.592925878328935
2025-09-14 14:00:00,2025-09-14,14,S019,3.0,2.42,1.4679955700174376,1.3916292958421272
2025-09-15 10:00:00,2025-09-15,10,S019,3.0,2.42,1.0320289309971558,0.9431797829135158
2025-09-15 11:00:00,2025-09-15,11,S019,3.0,2.42,1.005117322270627,0.9544129033583588
2025-09-15 12:00:00,2025-09-15,12,S019,3.0,2.42,1.3336348133552889,1.2636039152266387
2025-09-15 13:00:00,2025-09-15,13,S019,3.0,2.42,1.0473737312638207,0.9942526994495829
2025-09-15 14:00:00,2025-09-15,14,S019,3.0,2.42,0.8466927923652191,0.8050101174554984
2025-09-16 10:00:00,2025-09-16,10,S019,3.0,2.42,1.3451338090944238,1.2286377055623545
2025-09-16 11:00:00,2025-09-16,11,S019,3.0,2.42,1.594457561220044,1.5206689881211914
2025-09-16 12:00:00,2025-09-16,12,S019,3.0,2.42,1.6186946631305859,1.5333252817850473
2025-09-16 13:00:00,2025-09-16,13,S019,3.0,2.42,1.353600861755673,1.2896336455305726
2025-09-16 14:00:00,2025-09-16,14,S019,3.0,2.42,1.2834566866184647,1.2246061159221682
2025-09-17 10:00:00,2025-09-17,10,S019,3.0,2.42,0.5262427503893657,0.4774650520710262
2025-09-17 11:00:00,2025-09-17,11,S019,3.0,2.42,0.8838910943904258,0.8466595857877816
2025-09-17 12:00:00,2025-09-17,12,S019,3.0,2.42,1.1600250047465361,1.1093026487711464
2025-09-17 13:00:00,2025-09-17,13,S019,3.0,2.42,1.40243039873342,1.3400612522934467
2025-09-17 14:00:00,2025-09-17,14,S019,3.0,2.42,1.4466478443328432,1.3746789519586167
2025-09-18 10:00:00,2025-09-18,10,S019,3.0,2.42,1.7732656362559605,1.61167791399934
2025-09-18 11:00:00,2025-09-18,11,S019,3.0,2.42,1.682629910041213,1.6016654323475124
2025-09-18 12:00:00,2025-09-18,12,S019,3.0,2.42,1.8622699452056832,1.754729176289774
2025-09-18 13:00:00,2025-09-18,13,S019,3.0,2.42,1.7024577274701178,1.6161930480759863
2025-09-18 14:00:00,2025-09-18,14,S019,3.0,2.42,1.429754761976427,1.3544905728610692
2025-09-19 10:00:00,2025-09-19,10,S019,3.0,2.42,0.625981371408266,0.5791036276917301
2025-09-19 11:00:00,2025-09-19,11,S019,3.0,2.42,0.5468668597629819,0.5205109406706923
2025-09-19 12:00:00,2025-09-19,12,S019,3.0,2.42,0.4461778103795616,0.41717745458937505
2025-09-19 13:00:00,2025-09-19,13,S019,3.0,2.42,0.36996355483739013,0.3761781144152879
2025-09-19 14:00:00,2025-09-19,14,S019,3.0,2.42,0.34201751097555855,0.3456340414327703
2025-09-20 10:00:00,2025-09-20,10,S019,3.0,2.42,1.830108633076913,1.6621469310911927
2025-09-20 11:00:00,2025-09-20,11,S019,3.0,2.42,1.9413047078459666,1.8414668331862605
2025-09-20 12:00:00,2025-09-20,12,S019,3.0,2.42,1.8969349980743693,1.7794689183503598
2025-09-20 13:00:00,2025-09-20,13,S019,3.0,2.42,1.8855313421228432,1.769846453954162
2025-09-20 14:00:00,2025-09-20,14,S019,3.0,2.42,1.645496771034915,1.5644491704740626
2025-09-21 10:00:00,2025-09-21,10,S019,3.0,2.42,1.2272086540832676,1.125856786191012
2025-09-21 11:00:00,2025-09-21,11,S019,3.0,2.42,1.3055693847087841,1.2358797019531844
2025-09-21 12:00:00,2025-09-21,12,S019,3.0,2.42,1.4849310471178825,1.4035521190496432
2025-09-21 13:00:00,2025-09-21,13,S019,3.0,2.42,1.0152354193509974,0.9722540112786078
2025-09-21 14:00:00,2025-09-21,14,S019,3.0,2.42,0.8588062446079502,0.8217263450782926
2025-09-22 10:00:00,2025-09-22,10,S019,3.0,2.42,0.8929880442174375,0.8197558858479037
2025-09-22 11:00:00,2025-09-22,11,S019,3.0,2.42,0.8977216088017858,0.8541332052712661
2025-09-22 12:00:00,2025-09-22,12,S019,3.0,2.42,0.9754836672759657,0.9276042046475301
2025-09-22 13:00:00,2025-09-22,13,S019,3.0,2.42,0.834498427935564,0.7949919996028827
2025-09-22 14:00:00,2025-09-22,14,S019,3.0,2.42,0.6361000215271311,0.6070027537912224
2025-09-23 10:00:00,2025-09-23,10,S019,3.0,2.42,0.8699349584911498,0.79942992581081
2025-09-23 11:00:00,2025-09-23,11,S019,3.0,2.42,0.8591114297753367,0.8149642643775479
2025-09-23 12:00:00,2025-09-23,12,S019,3.0,2.42,0.8432930596772242,0.7990093404743223
2025-09-23 13:00:00,2025-09-23,13,S019,3.0,2.42,0.6317599188422688,0.6059057926804996
2025-09-23 14:00:00,2025-09-23,14,S019,3.0,2.42,0.506829714305455,0.4868379616999244
2025-09-24 10:00:00,2025-09-24,10,S019,3.0,2.42,0.6312139668229744,0.5667258887154043
2025-09-24 11:00:00,2025-09-24,11,S019,3.0,2.42,1.0300794762467882,0.9846135097429811
2025-09-24 12:00:00,2025-09-24,12,S019,3.0,2.42,0.8970242538818378,0.8487204862249959
2025-09-24 13:00:00,2025-09-24,13,S019,3.0,2.42,0.7959131250040007,0.7600945643842241
2025-09-24 14:00:00,2025-09-24,14,S019,3.0,2.42,0.8552971604424484,0.8214295327875629
2025-09-25 10:00:00,2025-09-25,10,S019,3.0,2.42,1.380760036033283,1.2652071807436167
2025-09-25 11:00:00,2025-09-25,11,S019,3.0,2.42,1.4761003722968304,1.4076197770906096
2025-09-25 12:00:00,2025-09-25,12,S019,3.0,2.42,1.5013325037666574,1.4274828213152044
2025-09-25 13:00:00,2025-09-25,13,S019,3.0,2.42,1.4503554460453343,1.3749665411448222
2025-09-25 14:00:00,2025-09-25,14,S019,3.0,2.42,1.4162157440094267,1.3460891010911058
2025-09-26 10:00:00,2025-09-26,10,S019,3.0,2.42,1.3824709547409055,1.26361231188899
2025-09-26 11:00:00,2025-09-26,11,S019,3.0,2.42,1.336363224925491,1.269681165198801
2025-09-26 12:00:00,2025-09-26,12,S019,3.0,2.42,1.4350994457461221,1.3610605537456766
2025-09-26 13:00:00,2025-09-26,13,S019,3.0,2.42,0.9344118478486032,0.8940415735313285
2025-09-26 14:00:00,2025-09-26,14,S019,3.0,2.42,0.7395871309403075,0.7087986537420297
2025-09-27 10:00:00,2025-09-27,10,S019,3.0,2.42,0.497421715527214,0.45137410228752084
2025-09-27 11:00:00,2025-09-27,11,S019,3.0,2.42,0.42916479371770505,0.4041905117228733
2025-09-27 12:00:00,2025-09-27,12,S019,3.0,2.42,0.6486912018330611,0.6169633035925355
2025-09-27 13:00:00,2025-09-27,13,S019,3.0,2.42,0.6752990373453291,0.6505392910797829
2025-09-27 14:00:00,2025-09-27,14,S019,3.0,2.42,0.5379622844516442,0.518240692652483
2025-09-28 10:00:00,2025-09-28,10,S019,3.0,2.42,0.44691665720950285,0.40162791666780434
2025-09-28 11:00:00,2025-09-28,11,S019,3.0,2.42,0.7650767184097352,0.7328658143364986
2025-09-28 12:00:00,2025-09-28,12,S019,3.0,2.42,0.7791862252980308,0.7445038203465155
2025-09-28 13:00:00,2025-09-28,13,S019,3.0,2.42,0.9423375621859477,0.9048536499571698
2025-09-28 14:00:00,2025-09-28,14,S019,3.0,2.42,0.6527319856771685,0.6284908555759824
2025-09-29 10:00:00,2025-09-29,10,S019,3.0,2.42,0.8866705152414814,0.8164307129629772
2025-09-29 11:00:00,2025-09-29,11,S019,3.0,2.42,0.8351837549728495,0.7952328078482421
2025-09-29 12:00:00,2025-09-29,12,S019,3.0,2.42,0.9887815529242889,0.9391019102450675
2025-09-29 13:00:00,2025-09-29,13,S019,3.0,2.42,1.2484826634010258,1.1981814485789422
2025-09-29 14:00:00,2025-09-29,14,S019,3.0,2.42,0.7347356002689336,0.700031737255919
2025-09-30 10:00:00,2025-09-30,10,S019,3.0,2.42,1.9649816507439155,1.782311111669612
2025-09-30 11:00:00,2025-09-30,11,S019,3.0,2.42,1.9878995709512892,1.8796828813849986
2025-09-30 12:00:00,2025-09-30,12,S019,3.0,2.42,2.057374526076279,1.934909654517139
2025-09-30 13:00:00,2025-09-30,13,S019,3.0,2.42,1.9623084509659,1.8554732609539006
2025-09-30 14:00:00,2025-09-30,14,S019,3.0,2.42,1.774160651297131,1.6757282667527322
2025-10-01 10:00:00,2025-10-01,10,S019,3.0,0.4,1.8412434113719505,1.6712301890210794
2025-10-01 11:00:00,2025-10-01,11,S019,3.0,1.19,1.5824886168917889,1.4904363105520295
2025-10-01 12:00:00,2025-10-01,12,S019,3.0,1.25,1.5130813586951446,1.4309955693730045
2025-10-01 13:00:00,2025-10-01,13,S019,3.0,1.83,1.4341406027175958,1.3651103224229058
2025-10-01 14:00:00,2025-10-01,14,S019,3.0,1.03,1.2178561500488139,1.1541444649508932
2025-10-02 11:00:00,2025-10-02,11,S019,3.0,0.04,0.15107926332521793,0.1491096918718084
2025-10-02 12:00:00,2025-10-02,12,S019,3.0,0.05,0.30037926237817913,0.3023067394806471
2025-10-02 13:00:00,2025-10-02,13,S019,3.0,0.15,0.27058125228984187,0.2731300559225922
2025-10-02 14:00:00,2025-10-02,14,S019,3.0,0.29,0.23445239275043614,0.23459423688134742
2025-10-03 10:00:00,2025-10-03,10,S019,3.0,1.22,0.9058103478221329,0.8234684561753416
2025-10-03 11:00:00,2025-10-03,11,S019,3.0,1.54,0.9829468672957492,0.9226208378442414
2025-10-03 12:00:00,2025-10-03,12,S019,3.0,1.92,1.1711334079045461,1.0962628142483464
2025-10-03 13:00:00,2025-10-03,13,S019,3.0,1.9,1.4082385240500297,1.3314869665945825
2025-10-03 14:00:00,2025-10-03,14,S019,3.0,0.83,1.2523007465989853,1.1893501642127513
2025-10-04 10:00:00,2025-10-04,10,S019,3.0,0.84,0.831084802091657,0.7573392133718297
2025-10-04 11:00:00,2025-10-04,11,S019,3.0,0.71,0.6759066709959838,0.6324628547075559
2025-10-04 12:00:00,2025-10-04,12,S019,3.0,0.18,0.6524369618783429,0.6107540330569019
2025-10-04 13:00:00,2025-10-04,13,S019,3.0,0.16,0.5129652383640582,0.48409109760219726
2025-10-04 14:00:00,2025-10-04,14,S019,3.0,0.19,0.3367760751289798,0.3049628402520818
2025-10-05 10:00:00,2025-10-05,10,S019,3.0,1.1,0.9067893037035402,0.8188672703445332
2025-10-05 11:00:00,2025-10-05,11,S019,3.0,0.63,0.9747168088571327,0.9077966968847682
2025-10-05 12:00:00,2025-10-05,12,S019,3.0,0.69,0.7041033433940687,0.6627868426974854
2025-10-05 13:00:00,2025-10-05,13,S019,3.0,1.92,0.9738808165318805,0.9149298503975549
2025-10-05 14:00:00,2025-10-05,14,S019,3.0,0.37,0.9298873641063675,0.8887373491358215
2025-10-06 10:00:00,2025-10-06,10,S019,3.0,0.39,0.8638406823246186,0.7815932952246909
2025-10-06 11:00:00,2025-10-06,11,S019,3.0,1.37,0.8714801351814002,0.8155849369405579
2025-10-06 12:00:00,2025-10-06,12,S019,3.0,1.57,1.5810372094846488,1.498145872141828
2025-10-06 13:00:00,2025-10-06,13,S019,3.0,1.48,1.8281886109312528,1.726659720049346
2025-10-06 14:00:00,2025-10-06,14,S019,3.0,1.38,1.4194699567831492,1.3479966238450938
2025-10-07 10:00:00,2025-10-07,10,S019,3.0,0.59,1.2039984522309004,1.0883882367820594
2025-10-07 11:00:00,2025-10-07,11,S019,3.0,1.33,1.5503034240366282,1.4604175639238828
2025-10-07 12:00:00,2025-10-07,12,S019,3.0,1.28,1.5210605284471677,1.4466829562745798
2025-10-07 13:00:00,2025-10-07,13,S019,3.0,1.77,1.4872579746038923,1.409659117828459
2025-10-07 14:00:00,2025-10-07,14,S019,3.0,0.65,1.1003550330602356,1.0445130088926269
2025-10-08 10:00:00,2025-10-08,10,S019,3.0,0.93,1.3349738191076541,1.2042956515442593
2025-10-08 11:00:00,2025-10-08,11,S019,3.0,0.98,1.0744791003701026,1.0059792881982892
2025-10-08 12:00:00,2025-10-08,12,S019,3.0,0.77,1.2387453415201781,1.155713714862986
2025-10-08 13:00:00,2025-10-08,13,S019,3.0,0.72,0.9850899939672819,0.9285259299267967
2025-10-08 14:00:00,2025-10-08,14,S019,3.0,0.77,0.7389631616431985,0.7058154955198102
2025-10-09 10:00:00,2025-10-09,10,S019,3.0,2.17,1.8913629880003255,1.7132415263892717
2025-10-09 11:00:00,2025-10-09,11,S019,3.0,2.4,1.9872252412646814,1.87401578077619
2025-10-09 12:00:00,2025-10-09,12,S019,3.0,2.39,2.0894706911446663,1.9630087716957187
2025-10-09 13:00:00,2025-10-09,13,S019,3.0,2.23,2.005086783121569,1.8911791108779026
2025-10-09 14:00:00,2025-10-09,14,S019,3.0,1.89,1.7926541396457993,1.6971732909724753
2025-10-10 10:00:00,2025-10-10,10,S019,3.0,1.89,1.626193876624313,1.4715697520356452
2025-10-10 11:00:00,2025-10-10,11,S019,3.0,1.52,1.6748983182355508,1.5834968629701307
2025-10-10 12:00:00,2025-10-10,12,S019,3.0,1.72,1.1922499084563354,1.107025810985474
2025-10-10 13:00:00,2025-10-10,13,S019,3.0,0.88,1.2335000362792061,1.1616855060151248
2025-10-10 14:00:00,2025-10-10,14,S019,3.0,1.02,1.157746752255187,1.102707681260581
2025-10-11 10:00:00,2025-10-11,10,S019,3.0,0.6,0.8187102879577013,0.7586202338332496
2025-10-11 11:00:00,2025-10-11,11,S019,3.0,0.96,1.026035140936093,0.9796860740029445
2025-10-11 12:00:00,2025-10-11,12,S019,3.0,0.87,0.8898505156531231,0.8446282596346304
2025-10-11 13:00:00,2025-10-11,13,S019,3.0,0.83,0.8028897329395481,0.7749512128929705
2025-10-11 14:00:00,2025-10-11,14,S019,3.0,0.42,0.7680071046010587,0.7392377616550091
2025-10-12 10:00:00,2025-10-12,10,S019,3.0,0.24,0.39705364828534323,0.34722335529361975
2025-10-12 11:00:00,2025-10-12,11,S019,3.0,0.48,0.3316598478440431,0.3009329127736783
2025-10-12 12:00:00,2025-10-12,12,S019,3.0,0.14,0.4716728556717458,0.45170834238992774
2025-10-12 13:00:00,2025-10-12,13,S019,3.0,0.36,0.4548213475532481,0.4423282525917595
2025-10-12 14:00:00,2025-10-12,14,S019,3.0,0.15,0.40465587481033205,0.3906671937216505
2025-10-13 10:00:00,2025-10-13,10,S019,3.0,0.31,0.3724215068453204,0.36351841234107113
2025-10-13 11:00:00,2025-10-13,11,S019,3.0,0.92,0.4717162458611414,0.42954294292227524
2025-10-13 12:00:00,2025-10-13,12,S019,3.0,0.16,0.6633102557071172,0.6461693766359862
2025-10-13 13:00:00,2025-10-13,13,S019,3.0,0.22,0.40665021368839294,0.3757280433322641
2025-10-13 14:00:00,2025-10-13,14,S019,3.0,0.09,0.2831979948667692,0.2849144728560882
2025-10-14 10:00:00,2025-10-14,10,S019,3.0,2.3,1.5842915590653575,1.4460288066276301
2025-10-14 11:00:00,2025-10-14,11,S019,3.0,2.52,1.8194620005890483,1.7177832497825116
2025-10-14 12:00:00,2025-10-14,12,S019,3.0,0.7,1.5645816409064064,1.4795182846289516
2025-10-14 13:00:00,2025-10-14,13,S019,3.0,0.57,1.0851473389344137,1.0344727310533803
2025-10-14 14:00:00,2025-10-14,14,S019,3.0,0.77,1.1819434996503047,1.123326570840978
2025-10-15 10:00:00,2025-10-15,10,S019,3.0,0.03,0.43104254856096114,0.38541691108276216
2025-10-15 11:00:00,2025-10-15,11,S019,3.0,0.55,0.2405246637594185,0.24178890300027497
2025-10-15 12:00:00,2025-10-15,12,S019,3.0,0.39,0.15099793601067377,0.148271012605312
2025-10-15 13:00:00,2025-10-15,13,S019,3.0,0.19,0.2913278770356767,0.2946419282130531
2025-10-15 14:00:00,2025-10-15,14,S019,3.0,0.07,0.20086229612676973,0.1999190761461621
2025-10-16 10:00:00,2025-10-16,10,S019,3.0,2.09,1.333206564069415,1.21560195169493
2025-10-16 11:00:00,2025-10-16,11,S019,3.0,1.04,1.3183843918996752,1.256253775559131
2025-10-16 12:00:00,2025-10-16,12,S019,3.0,2.06,1.073146390819192,1.0149977548832865
2025-10-16 13:00:00,2025-10-16,13,S019,3.0,1.76,1.0152652508278894,0.9711747444624064
2025-10-16 14:00:00,2025-10-16,14,S019,3.0,2.23,0.9045256064606132,0.8643029913595246
2025-10-17 10:00:00,2025-10-17,10,S019,3.0,0.45,0.4012006318994293,0.3493839775556087
2025-10-17 11:00:00,2025-10-17,11,S019,3.0,0.38,0.47497101463334507,0.43083490287168036
2025-10-17 12:00:00,2025-10-17,12,S019,3.0,0.31,0.4881030796620196,0.4417473433729381
2025-10-17 13:00:00,2025-10-17,13,S019,3.0,0.08,0.44659764979535976,0.4072225329424679
2025-10-17 14:00:00,2025-10-17,14,S019,3.0,0.11,0.26894904721751833,0.27020524008487606
2025-10-18 10:00:00,2025-10-18,10,S019,3.0,0.93,0.7951815054013703,0.7471719762754123
2025-10-18 11:00:00,2025-10-18,11,S019,3.0,1.25,0.8462537643931567,0.8246464019316928
2025-10-18 12:00:00,2025-10-18,12,S019,3.0,1.03,1.0128488330372638,0.97441788768389
2025-10-18 13:00:00,2025-10-18,13,S019,3.0,0.99,1.0611708253284589,1.0199748221667169
2025-10-18 14:00:00,2025-10-18,14,S019,3.0,0.95,0.8816507981304279,0.8451547291953452
2025-10-19 10:00:00,2025-10-19,10,S019,3.0,1.66,1.591764343546263,1.4460116117081243
2025-10-19 11:00:00,2025-10-19,11,S019,3.0,1.8,1.735545695220449,1.6528821054799374
2025-10-19 12:00:00,2025-10-19,12,S019,3.0,1.11,1.9168500346354644,1.8068414239606532
2025-10-19 13:00:00,2025-10-19,13,S019,3.0,0.22,1.7640443266685084,1.6688467435049081
2025-10-19 14:00:00,2025-10-19,14,S019,3.0,0.31,1.273754329984952,1.2053811091291557
2025-10-20 10:00:00,2025-10-20,10,S019,3.0,0.47,1.1088127261556724,1.0211851063508235
2025-10-20 11:00:00,2025-10-20,11,S019,3.0,0.7,0.7664015915083533,0.7454162902280177
2025-10-20 12:00:00,2025-10-20,12,S019,3.0,0.5,0.6914345719490177,0.6750468301161868
2025-10-20 13:00:00,2025-10-20,13,S019,3.0,0.41,0.48795536681672935,0.45052226170655896
2025-10-20 14:00:00,2025-10-20,14,S019,3.0,0.32,0.3679019896362974,0.3723546688892335
2025-10-21 10:00:00,2025-10-21,10,S019,3.0,0.49,1.0735584353279983,0.9916654382120171
2025-10-21 11:00:00,2025-10-21,11,S019,3.0,0.97,1.4329041394215958,1.3659286338881536
2025-10-21 12:00:00,2025-10-21,12,S019,3.0,1.46,1.6016951480153725,1.5249677026773023
2025-10-21 13:00:00,2025-10-21,13,S019,3.0,0.88,1.353116633466469,1.294534129627269
2025-10-21 14:00:00,2025-10-21,14,S019,3.0,1.99,1.4107349447991184,1.335006630474191
2025-10-22 10:00:00,2025-10-22,10,S019,3.0,2.28,2.0215830181214063,1.8459562087814025
2025-10-22 11:00:00,2025-10-22,11,S019,3.0,2.53,2.215024206242905,2.100022203351879
2025-10-22 12:00:00,2025-10-22,12,S019,3.0,2.54,2.2451789898784544,2.1183475489473547
2025-10-22 13:00:00,2025-10-22,13,S019,3.0,2.34,2.104763106196289,1.9802202979686432
2025-10-22 14:00:00,2025-10-22,14,S019,3.0,1.95,1.7650243739645355,1.6750454871109786
2025-10-23 10:00:00,2025-10-23,10,S019,3.0,2.26,2.0156653037551355,1.8363088081180567
2025-10-23 11:00:00,2025-10-23,11,S019,3.0,2.49,2.207009384072936,2.092423503317173
2025-10-23 12:00:00,2025-10-23,12,S019,3.0,2.51,2.2263252889663723,2.1005589043467485
2025-10-23 13:00:00,2025-10-23,13,S019,3.0,2.31,2.024615505306143,1.907875029727612
2025-10-23 14:00:00,2025-10-23,14,S019,3.0,1.89,1.7169298666954826,1.6223759471348735
2025-10-24 10:00:00,2025-10-24,10,S019,3.0,0.96,1.82378569505031,1.6646443393649315
2025-10-24 11:00:00,2025-10-24,11,S019,3.0,1.16,1.9324608874654265,1.8151245326844385
2025-10-24 12:00:00,2025-10-24,12,S019,3.0,2.8,1.9433811932364387,1.8237127736166234
2025-10-24 13:00:00,2025-10-24,13,S019,3.0,1.89,1.927706972356143,1.8215940508227644
2025-10-24 14:00:00,2025-10-24,14,S019,3.0,1.61,1.5277847893306173,1.4459051266488516
2025-10-25 10:00:00,2025-10-25,10,S019,3.0,0.58,0.624244105434473,0.5807263585508227
2025-10-25 11:00:00,2025-10-25,11,S019,3.0,0.51,0.5781252943180372,0.5594125101584466
2025-10-25 12:00:00,2025-10-25,12,S019,3.0,0.81,0.9083023089605536,0.883604160287636
2025-10-25 13:00:00,2025-10-25,13,S019,3.0,0.68,0.9759377882989122,0.9473895939008259
2025-10-25 14:00:00,2025-10-25,14,S019,3.0,0.44,0.7509165364110415,0.7176496434480216
2025-10-26 10:00:00,2025-10-26,10,S019,3.0,0.86,1.7012688674588075,1.5494598719878394
2025-10-26 11:00:00,2025-10-26,11,S019,3.0,1.17,1.907196568710194,1.7903534804476706
2025-10-26 12:00:00,2025-10-26,12,S019,3.0,1.08,1.9426354525543659,1.8175731441803635
2025-10-26 13:00:00,2025-10-26,13,S019,3.0,1.58,1.793141494916133,1.6990836935226037
2025-10-26 14:00:00,2025-10-26,14,S019,3.0,0.56,1.0168229825125419,0.9624242891378314
2025-10-27 10:00:00,2025-10-27,10,S019,3.0,2.19,2.0384175438098797,1.8560887220703801
2025-10-27 11:00:00,2025-10-27,11,S019,3.0,2.36,2.2175580983841727,2.1024245381627416
2025-10-27 12:00:00,2025-10-27,12,S019,3.0,2.38,2.3281833487107755,2.1966629442352437
2025-10-27 13:00:00,2025-10-27,13,S019,3.0,2.13,2.1211806893983107,1.990622916664338
2025-10-27 14:00:00,2025-10-27,14,S019,3.0,1.7,1.823647840880211,1.7173519274570141
2025-10-28 10:00:00,2025-10-28,10,S019,3.0,1.99,1.8282939969816865,1.6639451463746622
2025-10-28 11:00:00,2025-10-28,11,S019,3.0,2.26,2.0232490512861445,1.9006397825699626
2025-10-28 12:00:00,2025-10-28,12,S019,3.0,2.28,2.18314245334319,2.0598154917229214
2025-10-28 13:00:00,2025-10-28,13,S019,3.0,2.08,2.070609040759036,1.9513532964893119
2025-10-28 14:00:00,2025-10-28,14,S019,3.0,1.67,1.8325459342627282,1.7267049170486666
2025-10-29 10:00:00,2025-10-29,10,S019,3.0,2.09,1.7685671690638085,1.6157993601408123
2025-10-29 11:00:00,2025-10-29,11,S019,3.0,2.37,2.0604098636988852,1.9439241767238107
2025-10-29 12:00:00,2025-10-29,12,S019,3.0,2.36,2.097520156269662,1.9724295965678933
2025-10-29 13:00:00,2025-10-29,13,S019,3.0,1.81,2.0178575066760573,1.9059543942410802
2025-10-29 14:00:00,2025-10-29,14,S019,3.0,1.87,1.6339325551863833,1.5420018437639809
2025-10-30 10:00:00,2025-10-30,10,S019,3.0,0.35,0.6702342249437921,0.6228804500754264
2025-10-30 11:00:00,2025-10-30,11,S019,3.0,0.57,0.8981640442451507,0.8707865760069918
2025-10-30 12:00:00,2025-10-30,12,S019,3.0,0.62,0.9473314910000135,0.9159327699150542
2025-10-30 13:00:00,2025-10-30,13,S019,3.0,0.64,1.1790021151721246,1.1397158530035079
2025-10-30 14:00:00,2025-10-30,14,S019,3.0,0.41,1.166386834366177,1.1098906613587134
2025-10-31 10:00:00,2025-10-31,10,S019,3.0,0.47,1.0660244448906493,0.9788785084350028
2025-10-31 11:00:00,2025-10-31,11,S019,3.0,1.09,1.2658934870444207,1.2088866508363465
2025-10-31 12:00:00,2025-10-31,12,S019,3.0,0.91,1.4527542030274494,1.3793609286087927
2025-10-31 13:00:00,2025-10-31,13,S019,3.0,1.88,1.641821309891319,1.565097078633239
2025-10-31 14:00:00,2025-10-31,14,S019,3.0,1.08,1.2771408362497667,1.2043974384065186
2025-11-01 10:00:00,2025-11-01,10,S019,3.0,0.52,1.7551042079063686,1.597371653637861
2025-11-01 11:00:00,2025-11-01,11,S019,3.0,0.73,2.021736761338424,1.8958836585805883
2025-11-01 12:00:00,2025-11-01,12,S019,3.0,2.06,2.1572919330378535,2.0354252820449004
2025-11-01 13:00:00,2025-11-01,13,S019,3.0,1.81,2.0602537470982414,1.9405062982932422
2025-11-01 14:00:00,2025-11-01,14,S019,3.0,1.17,1.7622943065101973,1.6619541911664162
2025-11-02 10:00:00,2025-11-02,10,S019,3.0,2.17,1.9804967243531129,1.805691168935594
2025-11-02 11:00:00,2025-11-02,11,S019,3.0,2.37,2.2058161055662913,2.0912921787241174
2025-11-02 12:00:00,2025-11-02,12,S019,3.0,2.4,2.2376500070505454,2.1112438826510513
2025-11-02 13:00:00,2025-11-02,13,S019,3.0,2.2,2.1078495035997373,1.9843842161150707
2025-11-02 14:00:00,2025-11-02,14,S019,3.0,1.84,1.8144237204115385,1.707658087818675
2025-11-03 10:00:00,2025-11-03,10,S019,3.0,1.93,1.9298150289015175,1.758584221310198
2025-11-03 11:00:00,2025-11-03,11,S019,3.0,2.19,2.121340418887839,2.0112023913673234
2025-11-03 12:00:00,2025-11-03,12,S019,3.0,2.38,2.1305399883802445,2.010184569990095
2025-11-03 13:00:00,2025-11-03,13,S019,3.0,2.16,2.0938475490352615,1.9707206136082989
2025-11-03 14:00:00,2025-11-03,14,S019,3.0,1.78,1.764829507657836,1.6625404593485462
2025-11-04 10:00:00,2025-11-04,10,S019,3.0,2.05,1.8002882702668253,1.6371558271972833
2025-11-04 11:00:00,2025-11-04,11,S019,3.0,2.3,1.9741597888129447,1.8601056801067453
2025-11-04 12:00:00,2025-11-04,12,S019,3.0,2.33,2.0974049741911984,1.9663249765132935
2025-11-04 13:00:00,2025-11-04,13,S019,3.0,2.07,1.8461509304296835,1.7485745204323402
2025-11-04 14:00:00,2025-11-04,14,S019,3.0,1.56,1.6814996297886033,1.5921748136543108
2025-11-05 10:00:00,2025-11-05,10,S019,3.0,1.61,1.9114940163371705,1.735861818244406
2025-11-05 11:00:00,2025-11-05,11,S019,3.0,2.15,2.0652579310892767,1.9447139659087258
2025-11-05 12:00:00,2025-11-05,12,S019,3.0,2.28,2.1340268178678885,2.013474426492426
2025-11-05 13:00:00,2025-11-05,13,S019,3.0,2.11,1.9201850608724937,1.812537844899488
2025-11-05 14:00:00,2025-11-05,14,S019,3.0,1.73,1.7215348271943927,1.6195452538566542
2025-11-06 10:00:00,2025-11-06,10,S019,3.0,1.41,1.147421507838795,1.050426204852522
2025-11-06 11:00:00,2025-11-06,11,S019,3.0,1.42,1.0050125798835892,0.963543931728339
2025-11-06 12:00:00,2025-11-06,12,S019,3.0,2.27,1.0182670506004305,0.9739167708318796
2025-11-06 13:00:00,2025-11-06,13,S019,3.0,1.24,1.2239631579877353,1.1734229065036212
2025-11-06 14:00:00,2025-11-06,14,S019,3.0,1.06,1.0055990202859153,0.9543168410981036
2025-11-07 10:00:00,2025-11-07,10,S019,3.0,0.89,0.6246132712748214,0.5727624902397517
2025-11-07 11:00:00,2025-11-07,11,S019,3.0,0.91,0.9007360805443955,0.8675593496438568
2025-11-07 12:00:00,2025-11-07,12,S019,3.0,0.9,0.8151041118450219,0.7868130461712662
2025-11-07 13:00:00,2025-11-07,13,S019,3.0,0.8,0.7664027692982386,0.7389943293536287
2025-11-07 14:00:00,2025-11-07,14,S019,3.0,0.55,0.460591037932106,0.4416787362110952
2025-11-08 10:00:00,2025-11-08,10,S019,3.0,0.5,0.2022265714267399,0.193995900268223
2025-11-08 11:00:00,2025-11-08,11,S019,3.0,0.31,0.296777676081721,0.3000756877910272
2025-11-08 12:00:00,2025-11-08,12,S019,3.0,0.25,0.46982066713389026,0.42256418781866245
2025-11-08 13:00:00,2025-11-08,13,S019,3.0,0.5,0.4000575855272561,0.3837198693098193
2025-11-08 14:00:00,2025-11-08,14,S019,3.0,0.13,0.4206132066999621,0.40431538785945675
2025-11-09 10:00:00,2025-11-09,10,S019,3.0,1.31,1.5815001538279223,1.4349467623638972
2025-11-09 11:00:00,2025-11-09,11,S019,3.0,2.1,1.845078821013694,1.7554141267338337
2025-11-09 12:00:00,2025-11-09,12,S019,3.0,2.15,1.8390375062394844,1.742276605105531
2025-11-09 13:00:00,2025-11-09,13,S019,3.0,1.93,1.9663690420680515,1.853592311451579
2025-11-09 14:00:00,2025-11-09,14,S019,3.0,1.64,1.661951847987971,1.569550307048574
2025-11-10 10:00:00,2025-11-10,10,S019,3.0,2.15,1.8567404429101624,1.6877048428701908
2025-11-10 11:00:00,2025-11-10,11,S019,3.0,2.39,2.067332331010689,1.944056074840039
2025-11-10 12:00:00,2025-11-10,12,S019,3.0,2.38,2.134501354697344,2.013922156465891
2025-11-10 13:00:00,2025-11-10,13,S019,3.0,2.15,2.003655586008759,1.887719056042728
2025-11-10 14:00:00,2025-11-10,14,S019,3.0,1.72,1.6659391056767232,1.5756313965648603
2025-11-11 10:00:00,2025-11-11,10,S019,3.0,0.6,1.093430950130127,0.9967217748833286
2025-11-11 11:00:00,2025-11-11,11,S019,3.0,0.63,1.2404837183142439,1.1801371343904505
2025-11-11 12:00:00,2025-11-11,12,S019,3.0,0.84,1.4533803391028113,1.3795475098163652
2025-11-11 13:00:00,2025-11-11,13,S019,3.0,2.35,1.3934847141734488,1.3235553463709988
2025-11-11 14:00:00,2025-11-11,14,S019,3.0,1.67,1.4283648591753173,1.3495692129816923
2025-11-12 10:00:00,2025-11-12,10,S019,3.0,1.94,1.7984448043026335,1.6313555454891042
2025-11-12 11:00:00,2025-11-12,11,S019,3.0,2.17,2.060322416483844,1.9379638760601274
2025-11-12 12:00:00,2025-11-12,12,S019,3.0,2.11,2.1060328544415503,1.9763333668998122
2025-11-12 13:00:00,2025-11-12,13,S019,3.0,2.03,1.9014205961445005,1.7956639127329395
2025-11-12 14:00:00,2025-11-12,14,S019,3.0,1.63,1.5977502242478097,1.5083349132369233
2025-11-13 10:00:00,2025-11-13,10,S019,3.0,2.04,1.781924410092298,1.616621124688065
2025-11-13 11:00:00,2025-11-13,11,S019,3.0,1.61,1.9759268159996313,1.8584488170742968
2025-11-13 12:00:00,2025-11-13,12,S019,3.0,1.14,1.9282821988278942,1.8130833231734977
2025-11-13 13:00:00,2025-11-13,13,S019,3.0,1.82,1.8926136945528786,1.788134738561145
2025-11-13 14:00:00,2025-11-13,14,S019,3.0,1.2,1.6070173682587503,1.516746920908243
2025-11-14 10:00:00,2025-11-14,10,S019,3.0,1.81,1.6549826784309565,1.4994717624260605
2025-11-14 11:00:00,2025-11-14,11,S019,3.0,2.07,1.9493530728163309,1.833134424090235
2025-11-14 12:00:00,2025-11-14,12,S019,3.0,2.12,1.9551066961097647,1.8334146026316405
2025-11-14 13:00:00,2025-11-14,13,S019,3.0,1.81,1.8908589758071628,1.7853366953299838
2025-11-14 14:00:00,2025-11-14,14,S019,3.0,1.56,1.573269495251498,1.4848277342372929
2025-11-15 10:00:00,2025-11-15,10,S019,3.0,1.68,1.6157312043816077,1.4650813686720412
2025-11-15 11:00:00,2025-11-15,11,S019,3.0,1.99,1.7578131778334516,1.6720120248437165
2025-11-15 12:00:00,2025-11-15,12,S019,3.0,1.27,1.796930155884977,1.6896864122318085
2025-11-15 13:00:00,2025-11-15,13,S019,3.0,0.91,1.66597623272497,1.5801823016053334
2025-11-15 14:00:00,2025-11-15,14,S019,3.0,0.89,1.3942037894835904,1.3161897174067252
2025-11-16 10:00:00,2025-11-16,10,S019,3.0,1.68,1.7125620614203683,1.552504981537144
2025-11-16 11:00:00,2025-11-16,11,S019,3.0,1.94,1.9402646925287614,1.842671442778073
2025-11-16 12:00:00,2025-11-16,12,S019,3.0,1.9,1.8949947822875022,1.780530610723465
2025-11-16 13:00:00,2025-11-16,13,S019,3.0,1.8,1.7667684730239739,1.6800647503981976
2025-11-16 14:00:00,2025-11-16,14,S019,3.0,1.45,1.505112606937361,1.4209594495811555
2025-11-17 10:00:00,2025-11-17,10,S019,3.0,0.57,0.9745808144895033,0.8961762981605957
2025-11-17 11:00:00,2025-11-17,11,S019,3.0,0.86,1.0090159903930276,0.9621964032919688
2025-11-17 12:00:00,2025-11-17,12,S019,3.0,0.72,0.518808356169799,0.49885295713456673
2025-11-17 13:00:00,2025-11-17,13,S019,3.0,0.7,0.9364129209773436,0.8980842838156234
2025-11-17 14:00:00,2025-11-17,14,S019,3.0,0.45,0.9375242001175068,0.8927101792638523
2025-11-18 10:00:00,2025-11-18,10,S019,3.0,2.03,1.8439254438142794,1.6787886674666619
2025-11-18 11:00:00,2025-11-18,11,S019,3.0,2.33,2.1234920760019897,1.9958969128746293
2025-11-18 12:00:00,2025-11-18,12,S019,3.0,2.36,2.141975615782342,2.020974192281732
2025-11-18 13:00:00,2025-11-18,13,S019,3.0,2.16,2.047313699357369,1.9283501155285196
2025-11-18 14:00:00,2025-11-18,14,S019,3.0,1.7,1.6916424997669992,1.599193966635073
2025-11-19 10:00:00,2025-11-19,10,S019,3.0,1.93,1.7686301702697746,1.6087963032898414
2025-11-19 11:00:00,2025-11-19,11,S019,3.0,2.11,1.9886903057004528,1.8711058439566068
2025-11-19 12:00:00,2025-11-19,12,S019,3.0,2.19,2.0903106984,1.9538190965189068
2025-11-19 13:00:00,2025-11-19,13,S019,3.0,2.03,1.949893938856984,1.837703213260162
2025-11-19 14:00:00,2025-11-19,14,S019,3.0,1.6,1.6345280966777322,1.5443627035119651
2025-11-20 10:00:00,2025-11-20,10,S019,3.0,1.39,1.4625100656971906,1.331082924712865
2025-11-20 11:00:00,2025-11-20,11,S019,3.0,2.12,1.7020901609640349,1.620351935287239
2025-11-20 12:00:00,2025-11-20,12,S019,3.0,1.8,1.8944910639102728,1.7823629850118183
2025-11-20 13:00:00,2025-11-20,13,S019,3.0,1.75,1.7997825229413682,1.7050259402538237
2025-11-20 14:00:00,2025-11-20,14,S019,3.0,1.56,1.5616695241008827,1.4736331876555744
2025-11-21 10:00:00,2025-11-21,10,S019,3.0,1.7,1.7429178896866284,1.5813531110867156
2025-11-21 11:00:00,2025-11-21,11,S019,3.0,1.95,2.002613736729243,1.9043991340028208
2025-11-21 12:00:00,2025-11-21,12,S019,3.0,2.02,2.0928195816059123,1.962590366430181
2025-11-21 13:00:00,2025-11-21,13,S019,3.0,1.74,1.9583417740255584,1.8490988453178263
2025-11-21 14:00:00,2025-11-21,14,S019,3.0,1.46,1.6227033014771004,1.5332893487198618
2025-11-22 10:00:00,2025-11-22,10,S019,3.0,1.71,1.669175131908492,1.5126687950590114
2025-11-22 11:00:00,2025-11-22,11,S019,3.0,1.98,1.929515605215821,1.8338422885772405
2025-11-22 12:00:00,2025-11-22,12,S019,3.0,2.04,2.0227080416857914,1.8959478107425753
2025-11-22 13:00:00,2025-11-22,13,S019,3.0,1.84,1.871961359038232,1.7678567802514928
2025-11-22 14:00:00,2025-11-22,14,S019,3.0,1.41,1.582741142521336,1.49399824930807
2025-11-23 10:00:00,2025-11-23,10,S019,3.0,1.04,1.3527995401562818,1.2268699692859246
2025-11-23 11:00:00,2025-11-23,11,S019,3.0,0.79,1.462463586977634,1.3889594214867902
2025-11-23 12:00:00,2025-11-23,12,S019,3.0,1.12,1.5992501440830287,1.5147464190897764
2025-11-23 13:00:00,2025-11-23,13,S019,3.0,0.99,1.0400688134244367,0.9876281711563601
2025-11-23 14:00:00,2025-11-23,14,S019,3.0,0.89,0.5760631346122199,0.5465464751368156
2025-11-24 10:00:00,2025-11-24,10,S019,3.0,1.63,1.6251786438136213,1.4709063464322998
2025-11-24 11:00:00,2025-11-24,11,S019,3.0,1.86,1.8108153716775073,1.7188170551379338
2025-11-24 12:00:00,2025-11-24,12,S019,3.0,1.89,1.8960735014898373,1.7831822700357294
2025-11-24 13:00:00,2025-11-24,13,S019,3.0,1.68,1.8278028252449743,1.7285834225895647
2025-11-24 14:00:00,2025-11-24,14,S019,3.0,1.28,1.5466544788492813,1.4607926192065457
2025-11-25 10:00:00,2025-11-25,10,S019,3.0,1.96,1.557048334900992,1.4156498496526129
2025-11-25 11:00:00,2025-11-25,11,S019,3.0,2.23,1.7653161397858321,1.6782843830372074
2025-11-25 12:00:00,2025-11-25,12,S019,3.0,2.24,1.889581843021579,1.7762491716600852
2025-11-25 13:00:00,2025-11-25,13,S019,3.0,2.04,1.8796803457032476,1.771987949582602
2025-11-25 14:00:00,2025-11-25,14,S019,3.0,1.66,1.6077986048799071,1.5181787240065248
2025-11-26 10:00:00,2025-11-26,10,S019,3.0,1.79,1.6704149496372696,1.51311678047017
2025-11-26 11:00:00,2025-11-26,11,S019,3.0,2.07,1.84005974996298,1.7476772264511926
2025-11-26 12:00:00,2025-11-26,12,S019,3.0,2.08,1.936585994427948,1.8192788289050796
2025-11-26 13:00:00,2025-11-26,13,S019,3.0,1.89,1.806245687349915,1.7087224577564648
2025-11-26 14:00:00,2025-11-26,14,S019,3.0,1.47,1.5448402595308506,1.4587126260488488
2025-11-27 10:00:00,2025-11-27,10,S019,3.0,1.91,1.711646916769596,1.5541599459485764
2025-11-27 11:00:00,2025-11-27,11,S019,3.0,2.12,1.9665488179147739,1.8709331621928442
2025-11-27 12:00:00,2025-11-27,12,S019,3.0,2.19,2.0835693349280584,1.953136373713169
2025-11-27 13:00:00,2025-11-27,13,S019,3.0,1.99,1.9278054590204665,1.81548169982729
2025-11-27 14:00:00,2025-11-27,14,S019,3.0,1.59,1.627565628659929,1.5365976692889758
2025-11-28 10:00:00,2025-11-28,10,S019,3.0,1.71,1.707898449700655,1.5461361847057213
2025-11-28 11:00:00,2025-11-28,11,S019,3.0,1.93,1.8583014464018444,1.7623960949489046
2025-11-28 12:00:00,2025-11-28,12,S019,3.0,1.99,1.9599288234336152,1.845999291170606
2025-11-28 13:00:00,2025-11-28,13,S019,3.0,1.8,1.892675106539857,1.7877829809753103
2025-11-28 14:00:00,2025-11-28,14,S019,3.0,1.42,1.5666731519393478,1.4784805629611122
2025-11-29 10:00:00,2025-11-29,10,S019,3.0,1.68,1.6622424582479773,1.5066069984972037
2025-11-29 11:00:00,2025-11-29,11,S019,3.0,1.92,1.836877822558375,1.7425066611210327
2025-11-29 12:00:00,2025-11-29,12,S019,3.0,1.96,1.9808459111239836,1.86487270275495
2025-11-29 13:00:00,2025-11-29,13,S019,3.0,1.79,1.881559364882576,1.7767035540539606
2025-11-29 14:00:00,2025-11-29,14,S019,3.0,1.4,1.535489108665707,1.450343331740552
2025-11-30 10:00:00,2025-11-30,10,S019,3.0,1.5,1.6467271575060443,1.491609152622528
2025-11-30 11:00:00,2025-11-30,11,S019,3.0,1.8,1.8592159151642065,1.7625918158583422
2025-11-30 12:00:00,2025-11-30,12,S019,3.0,1.83,1.9543802760565916,1.8407109379448614
2025-11-30 13:00:00,2025-11-30,13,S019,3.0,1.73,1.8310853454411737,1.7314561070851333
2025-11-30 14:00:00,2025-11-30,14,S019,3.0,1.22,1.516161702873107,1.4305532502354863
2025-12-01 10:00:00,2025-12-01,10,S019,3.0,1.65,1.662238278359383,1.505114435437827
2025-12-01 11:00:00,2025-12-01,11,S019,3.0,1.88,1.8191963372211373,1.7244220987220655
2025-12-01 12:00:00,2025-12-01,12,S019,3.0,2.01,1.9597614466712034,1.8443040034638547
2025-12-01 13:00:00,2025-12-01,13,S019,3.0,1.84,1.824772948243481,1.721425435752314
2025-12-01 14:00:00,2025-12-01,14,S019,3.0,1.37,1.4659276518728452,1.3803459302797432
2025-12-02 10:00:00,2025-12-02,10,S019,3.0,1.12,1.0031608608385376,0.9188611154728039
2025-12-02 11:00:00,2025-12-02,11,S019,3.0,0.58,1.0625958772323638,1.0098192617829553
2025-12-02 12:00:00,2025-12-02,12,S019,3.0,0.5,0.8673386013949712,0.8232118416812262
2025-12-02 13:00:00,2025-12-02,13,S019,3.0,0.51,0.5969812094370079,0.5722424832425992
2025-12-02 14:00:00,2025-12-02,14,S019,3.0,0.23,0.4978107607936861,0.46807662417812834
2025-12-03 10:00:00,2025-12-03,10,S019,3.0,1.88,1.7412816911752613,1.5828920208321517
2025-12-03 11:00:00,2025-12-03,11,S019,3.0,2.13,1.9231201896919352,1.8301577297833087
2025-12-03 12:00:00,2025-12-03,12,S019,3.0,2.17,2.0085856087880907,1.8820703947710276
2025-12-03 13:00:00,2025-12-03,13,S019,3.0,2.0,1.918015264541896,1.7992749364201437
2025-12-03 14:00:00,2025-12-03,14,S019,3.0,1.61,1.6607931222046854,1.5667347890274688
2025-12-04 10:00:00,2025-12-04,10,S019,3.0,1.73,1.6510760883586957,1.5014366204642848
2025-12-04 11:00:00,2025-12-04,11,S019,3.0,2.0,1.822488588084105,1.7333775378159608
2025-12-04 12:00:00,2025-12-04,12,S019,3.0,1.96,1.9358005879281746,1.816624686081245
2025-12-04 13:00:00,2025-12-04,13,S019,3.0,1.77,1.8562071796625188,1.75007271615952
2025-12-04 14:00:00,2025-12-04,14,S019,3.0,1.43,1.5672140623924475,1.4810658258662264
2025-12-05 10:00:00,2025-12-05,10,S019,3.0,1.74,1.6570134352059482,1.505685487501247
2025-12-05 11:00:00,2025-12-05,11,S019,3.0,2.03,1.8848377300390522,1.79239229085185
2025-12-05 12:00:00,2025-12-05,12,S019,3.0,2.06,1.9782918025207614,1.8555998466959855
2025-12-05 13:00:00,2025-12-05,13,S019,3.0,1.86,1.8548850550341065,1.7482440175003593
2025-12-05 14:00:00,2025-12-05,14,S019,3.0,1.47,1.530876797447002,1.4463577099743503
2025-12-06 10:00:00,2025-12-06,10,S019,3.0,1.49,1.601012688414625,1.4486907328319032
2025-12-06 11:00:00,2025-12-06,11,S019,3.0,1.76,1.8509204276349152,1.75490471598628
2025-12-06 12:00:00,2025-12-06,12,S019,3.0,1.86,1.9465483954221077,1.826649385208123
2025-12-06 13:00:00,2025-12-06,13,S019,3.0,1.64,1.8130194010697083,1.7258179099903905
2025-12-06 14:00:00,2025-12-06,14,S019,3.0,1.33,1.5172756703506776,1.431125397240408
2025-12-07 10:00:00,2025-12-07,10,S019,3.0,0.6,0.9090486210583265,0.8360403021069
2025-12-07 11:00:00,2025-12-07,11,S019,3.0,0.84,1.15263699488012,1.0959344105586366
2025-12-07 12:00:00,2025-12-07,12,S019,3.0,0.95,1.1610837739126785,1.1003973123846356
2025-12-07 13:00:00,2025-12-07,13,S019,3.0,0.71,1.2590264334701942,1.1950058746672843
2025-12-07 14:00:00,2025-12-07,14,S019,3.0,0.63,1.1126401806902102,1.0476013497465653
2025-12-08 10:00:00,2025-12-08,10,S019,3.0,1.52,1.5897017801081725,1.443348744892114
2025-12-08 11:00:00,2025-12-08,11,S019,3.0,1.83,1.798728574374701,1.710660301046936
2025-12-08 12:00:00,2025-12-08,12,S019,3.0,1.86,1.9358935061260216,1.8128815603158672
2025-12-08 13:00:00,2025-12-08,13,S019,3.0,1.68,1.791446592171999,1.7070201329590322
2025-12-08 14:00:00,2025-12-08,14,S019,3.0,1.33,1.4937778537696387,1.4114755417211102
2025-12-09 10:00:00,2025-12-09,10,S019,3.0,1.57,1.476069447105653,1.3390513818701402
2025-12-09 11:00:00,2025-12-09,11,S019,3.0,1.76,1.6159868471938377,1.5333035720031405
2025-12-09 12:00:00,2025-12-09,12,S019,3.0,1.8,1.8855101239273175,1.7839126955923488
2025-12-09 13:00:00,2025-12-09,13,S019,3.0,1.63,1.5739927198633852,1.4936182783109184
2025-12-09 14:00:00,2025-12-09,14,S019,3.0,1.2,1.4077026616979036,1.3269578752615505
2025-12-10 10:00:00,2025-12-10,10,S019,3.0,0.83,1.417301920633177,1.285310314986684
2025-12-10 11:00:00,2025-12-10,11,S019,3.0,1.43,1.5564779110194682,1.4718546831731936
2025-12-10 12:00:00,2025-12-10,12,S019,3.0,1.67,1.5771086329364319,1.4907661552840938
2025-12-10 13:00:00,2025-12-10,13,S019,3.0,1.43,1.5084088177196535,1.4280113658521945
2025-12-10 14:00:00,2025-12-10,14,S019,3.0,0.97,1.2310745477803868,1.1599904960669538
2025-12-11 10:00:00,2025-12-11,10,S019,3.0,1.06,1.0396824838810899,0.9531825478652236
2025-12-11 11:00:00,2025-12-11,11,S019,3.0,1.49,1.0440655399042535,0.9947219007193624
2025-12-11 12:00:00,2025-12-11,12,S019,3.0,0.33,1.0568806482536157,0.9978554013360315
2025-12-11 13:00:00,2025-12-11,13,S019,3.0,0.62,0.876258626983703,0.8326962614971566
2025-12-11 14:00:00,2025-12-11,14,S019,3.0,0.59,0.7156809370550283,0.6806969762175863
2025-12-12 10:00:00,2025-12-12,10,S019,3.0,0.8,0.5755751611973488,0.5351726485930947
2025-12-12 11:00:00,2025-12-12,11,S019,3.0,0.71,0.5939402308350792,0.5704185335358101
2025-12-12 12:00:00,2025-12-12,12,S019,3.0,0.39,0.6030735835075982,0.5784802774261849
2025-12-12 13:00:00,2025-12-12,13,S019,3.0,0.18,0.5848813187042451,0.5619721867508778
2025-12-12 14:00:00,2025-12-12,14,S019,3.0,0.18,0.5212548824808158,0.4970040680734682
2025-12-13 10:00:00,2025-12-13,10,S019,3.0,0.12,0.47683573945573193,0.43475890875972717
2025-12-13 11:00:00,2025-12-13,11,S019,3.0,0.06,0.4346826568381206,0.41499798132797255
2025-12-13 12:00:00,2025-12-13,12,S019,3.0,0.21,0.5781173559569865,0.5530153879413706
2025-12-13 13:00:00,2025-12-13,13,S019,3.0,0.46,0.9547303374752032,0.9183466543795644
2025-12-13 14:00:00,2025-12-13,14,S019,3.0,0.14,0.961569108845646,0.9179973822956631
2025-12-14 10:00:00,2025-12-14,10,S019,3.0,1.69,1.5714279942371443,1.4270048656849212
2025-12-14 11:00:00,2025-12-14,11,S019,3.0,1.95,1.8309487520507026,1.7415022728146137
2025-12-14 12:00:00,2025-12-14,12,S019,3.0,2.12,1.9613081613976056,1.832157787598934
2025-12-14 13:00:00,2025-12-14,13,S019,3.0,2.01,1.8650194388550703,1.750894893105998
2025-12-14 14:00:00,2025-12-14,14,S019,3.0,1.61,1.5938815701576605,1.5026438349976994
2025-12-15 10:00:00,2025-12-15,10,S019,3.0,1.82,1.4824583733215675,1.3483864814309479
2025-12-15 11:00:00,2025-12-15,11,S019,3.0,2.18,1.638612630764712,1.5592639014234082
2025-12-15 12:00:00,2025-12-15,12,S019,3.0,2.23,1.6485114834227999,1.5628079112316176
2025-12-15 13:00:00,2025-12-15,13,S019,3.0,2.01,1.6742583237889928,1.5916204111916634
2025-12-15 14:00:00,2025-12-15,14,S019,3.0,1.65,1.4421162098229228,1.3621577004342744
2025-12-16 10:00:00,2025-12-16,10,S019,3.0,1.54,1.4162177360006163,1.2890502035801927
2025-12-16 11:00:00,2025-12-16,11,S019,3.0,1.85,1.6543026272471937,1.5696243205514682
2025-12-16 12:00:00,2025-12-16,12,S019,3.0,1.87,1.7312697717417054,1.6423951650898863
2025-12-16 13:00:00,2025-12-16,13,S019,3.0,1.73,1.6718434497320989,1.589834315335432
2025-12-16 14:00:00,2025-12-16,14,S019,3.0,1.37,1.450739317144182,1.3689916626678702
2025-12-17 10:00:00,2025-12-17,10,S019,3.0,1.76,1.5236938225935368,1.3847401197769835
2025-12-17 11:00:00,2025-12-17,11,S019,3.0,2.11,1.7893420564808757,1.7029911520469407
2025-12-17 12:00:00,2025-12-17,12,S019,3.0,2.17,1.9281894434428075,1.8299015190788896
2025-12-17 13:00:00,2025-12-17,13,S019,3.0,2.02,1.8324174410942877,1.7451198346390762
2025-12-17 14:00:00,2025-12-17,14,S019,3.0,1.66,1.544583756920601,1.456928071315565
2025-12-18 10:00:00,2025-12-18,10,S019,3.0,1.66,1.5004360219304997,1.360794165913385
2025-12-18 11:00:00,2025-12-18,11,S019,3.0,1.95,1.7762999629672893,1.6853792071214357
2025-12-18 12:00:00,2025-12-18,12,S019,3.0,2.13,1.8442971463365554,1.7488392981288539
2025-12-18 13:00:00,2025-12-18,13,S019,3.0,1.91,1.6798873330408457,1.5968274993678528
2025-12-18 14:00:00,2025-12-18,14,S019,3.0,1.53,1.324654069881636,1.2483411051201432
2025-12-19 10:00:00,2025-12-19,10,S019,3.0,1.4,1.3578643145895664,1.2326100026978837
2025-12-19 11:00:00,2025-12-19,11,S019,3.0,1.65,1.584960466032851,1.4968220909432053
2025-12-19 12:00:00,2025-12-19,12,S019,3.0,1.52,1.6890830327123585,1.5946802201358177
2025-12-19 13:00:00,2025-12-19,13,S019,3.0,0.83,1.5324571821297341,1.4493449442495767
2025-12-19 14:00:00,2025-12-19,14,S019,3.0,1.19,1.2728473324175753,1.1992985808251155
2025-12-20 10:00:00,2025-12-20,10,S019,3.0,0.32,0.8437640530006564,0.7766680792631497
2025-12-20 11:00:00,2025-12-20,11,S019,3.0,1.0,1.1150216307990306,1.0582005149491078
2025-12-20 12:00:00,2025-12-20,12,S019,3.0,1.48,1.421676219965439,1.3408270568024303
2025-12-20 13:00:00,2025-12-20,13,S019,3.0,1.22,1.3328564753372436,1.2680303284233454
2025-12-20 14:00:00,2025-12-20,14,S019,3.0,1.13,1.0940574825505738,1.0308592946608894
2025-12-21 10:00:00,2025-12-21,10,S019,3.0,1.84,1.5542229461929697,1.4133567111221095
2025-12-21 11:00:00,2025-12-21,11,S019,3.0,2.12,1.865856882840774,1.774133621902652
2025-12-21 12:00:00,2025-12-21,12,S019,3.0,2.2,2.0082275916071954,1.8792523336840612
2025-12-21 13:00:00,2025-12-21,13,S019,3.0,1.94,1.8572238222479907,1.7496236364903295
2025-12-21 14:00:00,2025-12-21,14,S019,3.0,1.16,1.5810389532938778,1.493673491611989
2025-12-22 10:00:00,2025-12-22,10,S019,3.0,0.38,0.7580767329622659,0.6976078860577577
2025-12-22 11:00:00,2025-12-22,11,S019,3.0,0.66,0.672925110510072,0.6466626751276716
2025-12-22 12:00:00,2025-12-22,12,S019,3.0,1.18,0.7654644215927963,0.7287294126588978
2025-12-22 13:00:00,2025-12-22,13,S019,3.0,1.99,0.9358288641985368,0.8953490369776709
2025-12-22 14:00:00,2025-12-22,14,S019,3.0,0.51,1.107724069844726,1.0509669372251618
2025-12-23 10:00:00,2025-12-23,10,S019,3.0,0.13,0.1959221309332664,0.18771636799519195
2025-12-23 11:00:00,2025-12-23,11,S019,3.0,0.17,0.17312751510038094,0.17195507655748754
2025-12-23 12:00:00,2025-12-23,12,S019,3.0,0.1,0.21908374287258484,0.2184782266185724
2025-12-23 13:00:00,2025-12-23,13,S019,3.0,0.36,0.40665631546306363,0.3852645756423013
2025-12-23 14:00:00,2025-12-23,14,S019,3.0,0.23,0.7696656302953139,0.736868842138758
2025-12-24 10:00:00,2025-12-24,10,S019,3.0,0.85,1.1032261170519826,1.011395453097286
2025-12-24 11:00:00,2025-12-24,11,S019,3.0,1.26,1.378942244876348,1.3090842777952616
2025-12-24 12:00:00,2025-12-24,12,S019,3.0,0.96,1.4127825329974772,1.3308545829518237
2025-12-24 13:00:00,2025-12-24,13,S019,3.0,0.99,1.4527664862169798,1.3820838958024124
2025-12-24 14:00:00,2025-12-24,14,S019,3.0,0.66,1.2972189039926634,1.2243233268140274
2025-12-25 10:00:00,2025-12-25,10,S019,3.0,1.93,1.6549871700844758,1.4960135708999807
2025-12-25 11:00:00,2025-12-25,11,S019,3.0,2.24,1.9198220369367465,1.8264384390560042
2025-12-25 12:00:00,2025-12-25,12,S019,3.0,2.32,2.041825862643346,1.9036447456414909
2025-12-25 13:00:00,2025-12-25,13,S019,3.0,2.17,1.9405221911882053,1.8186520301850302
2025-12-25 14:00:00,2025-12-25,14,S019,3.0,1.82,1.6524211004448033,1.5567499016206454
2025-12-26 10:00:00,2025-12-26,10,S019,3.0,1.88,1.5093408819968535,1.373183555734709
2025-12-26 11:00:00,2025-12-26,11,S019,3.0,2.19,1.7749185229249294,1.6860210003409517
2025-12-26 12:00:00,2025-12-26,12,S019,3.0,2.26,1.857114149754274,1.7628005276357155
2025-12-26 13:00:00,2025-12-26,13,S019,3.0,2.19,1.7632686892855816,1.680577628277076
2025-12-26 14:00:00,2025-12-26,14,S019,3.0,1.75,1.5334679159896782,1.4468093880164625
2025-12-27 10:00:00,2025-12-27,10,S019,3.0,1.65,1.4040727746015278,1.2801919327210665
2025-12-27 11:00:00,2025-12-27,11,S019,3.0,1.95,1.6327368650436627,1.5527896584766785
2025-12-27 12:00:00,2025-12-27,12,S019,3.0,2.04,1.7684963028300864,1.6801671985940998
2025-12-27 13:00:00,2025-12-27,13,S019,3.0,1.88,1.797147150821224,1.709820200993546
2025-12-27 14:00:00,2025-12-27,14,S019,3.0,1.53,1.5287306021541762,1.4425396027399666
2025-12-28 10:00:00,2025-12-28,10,S019,3.0,1.51,1.4517203408663966,1.3179045470393476
2025-12-28 11:00:00,2025-12-28,11,S019,3.0,1.86,1.743988680442916,1.656103907308004
2025-12-28 12:00:00,2025-12-28,12,S019,3.0,1.97,1.8552241914791,1.7615110098215703
2025-12-28 13:00:00,2025-12-28,13,S019,3.0,1.88,1.8220548179588445,1.7367843480585023
2025-12-28 14:00:00,2025-12-28,14,S019,3.0,1.49,1.5587833339915698,1.4734678458970105
2025-12-29 10:00:00,2025-12-29,10,S019,3.0,1.34,1.4479805907056973,1.3163878261307183
2025-12-29 11:00:00,2025-12-29,11,S019,3.0,1.65,1.7357249636674186,1.6504396525447196
2025-12-29 12:00:00,2025-12-29,12,S019,3.0,1.73,1.8305334746987076,1.739787311343466
2025-12-29 13:00:00,2025-12-29,13,S019,3.0,1.27,1.7061565806516605,1.6258119855360444
2025-12-29 14:00:00,2025-12-29,14,S019,3.0,1.22,1.489480119619492,1.4077245343683755
2025-12-30 10:00:00,2025-12-30,10,S019,3.0,1.57,1.429421256478014,1.3013251466901843
2025-12-30 11:00:00,2025-12-30,11,S019,3.0,1.72,1.7179817938126327,1.632978965734055
2025-12-30 12:00:00,2025-12-30,12,S019,3.0,2.21,1.8360233349734143,1.74648634239333
2025-12-30 13:00:00,2025-12-30,13,S019,3.0,1.56,1.8405719519547212,1.7343461046719084
2025-12-30 14:00:00,2025-12-30,14,S019,3.0,1.6,1.6009463086979532,1.5130741891804835
2025-12-31 10:00:00,2025-12-31,10,S019,3.0,1.15,1.1189009402474586,1.023889543584911
2025-12-31 11:00:00,2025-12-31,11,S019,3.0,1.77,1.2778076399906841,1.2132620821891296
2025-12-31 12:00:00,2025-12-31,12,S019,3.0,1.05,1.454723154081243,1.3728389676585524
2025-12-31 13:00:00,2025-12-31,13,S019,3.0,2.0,1.434116455345778,1.3659842387320438
2025-12-31 14:00:00,2025-12-31,14,S019,3.0,1.43,1.3134074894095762,1.2387452542332826
2025-09-01 10:00:00,2025-09-01,10,S032,9.335,3.15,2.1827546573961962,1.8898401376141607
2025-09-01 11:00:00,2025-09-01,11,S032,9.335,5.74,2.564753178158969,2.051802542527175
2025-09-01 12:00:00,2025-09-01,12,S032,9.335,6.92,2.630578027958206,2.1044624223665647
2025-09-01 13:00:00,2025-09-01,13,S032,9.335,6.58,2.534283981207679,2.027427184966143
2025-09-01 14:00:00,2025-09-01,14,S032,9.335,5.57,2.6503853166399645,2.1203082533119715
2025-09-02 10:00:00,2025-09-02,10,S032,9.335,4.86,1.9729210969740973,1.7063791011795386
2025-09-02 11:00:00,2025-09-02,11,S032,9.335,3.1,2.817161927507063,2.2537295420056505
2025-09-02 12:00:00,2025-09-02,12,S032,9.335,6.16,2.2082585900916665,1.912138658003643
2025-09-02 13:00:00,2025-09-02,13,S032,9.335,6.74,2.099752510305938,1.8172699543658475
2025-09-02 14:00:00,2025-09-02,14,S032,9.335,6.06,2.602846995684229,2.082277596547383
2025-09-03 10:00:00,2025-09-03,10,S032,9.335,6.26,1.810272014111304,1.5641722527749105
2025-09-03 11:00:00,2025-09-03,11,S032,9.335,2.44,1.667868922307005,1.4396668173176
2025-09-03 12:00:00,2025-09-03,12,S032,9.335,1.47,1.6922323681611289,1.4609681907419707
2025-09-03 13:00:00,2025-09-03,13,S032,9.335,5.6,1.8879576417762114,1.6320941130283817
2025-09-03 14:00:00,2025-09-03,14,S032,9.335,5.4,2.817970428092011,2.2543763424736087
2025-09-04 10:00:00,2025-09-04,10,S032,9.335,5.89,2.2240436318658916,1.9259397874237303
2025-09-04 11:00:00,2025-09-04,11,S032,9.335,2.21,2.291029840416014,1.9845069642981545
2025-09-04 12:00:00,2025-09-04,12,S032,9.335,0.91,1.6019473040677745,1.3820304297860324
2025-09-04 13:00:00,2025-09-04,13,S032,9.335,5.58,1.5255844300743313,1.3152650754748252
2025-09-04 14:00:00,2025-09-04,14,S032,9.335,4.82,2.0303535741547654,1.7565932888784832
2025-09-05 10:00:00,2025-09-05,10,S032,9.335,5.88,2.2742663967529095,1.9698504015325984
2025-09-05 11:00:00,2025-09-05,11,S032,9.335,6.3,2.3066532520278655,1.9981667777292815
2025-09-05 12:00:00,2025-09-05,12,S032,9.335,1.95,2.1628284669264035,1.8724183317389322
2025-09-05 13:00:00,2025-09-05,13,S032,9.335,6.76,2.0277784951868987,1.7543418537153213
2025-09-05 14:00:00,2025-09-05,14,S032,9.335,2.83,2.787974478571635,2.230379582857308
2025-09-06 10:00:00,2025-09-06,10,S032,9.335,0.51,1.9146055082976818,1.6553927941400497
2025-09-06 11:00:00,2025-09-06,11,S032,9.335,0.85,1.6864763274711378,1.4559355868600112
2025-09-06 12:00:00,2025-09-06,12,S032,9.335,4.64,1.5991080071569541,1.3795479843995229
2025-09-06 13:00:00,2025-09-06,13,S032,9.335,3.32,1.8419540323228638,1.5918723779872033
2025-09-06 14:00:00,2025-09-06,14,S032,9.335,4.87,1.4289253519958491,1.2307544061165896
2025-09-07 10:00:00,2025-09-07,10,S032,9.335,3.6,1.7572347258761187,1.5178008532250218
2025-09-07 11:00:00,2025-09-07,11,S032,9.335,3.22,1.7810673946952615,1.5386381592964036
2025-09-07 12:00:00,2025-09-07,12,S032,9.335,2.58,2.2691116444647874,1.965343514286153
2025-09-07 13:00:00,2025-09-07,13,S032,9.335,2.36,1.7884483346612345,1.5450914401409703
2025-09-07 14:00:00,2025-09-07,14,S032,9.335,2.36,2.1158453241483817,1.8313401741188038
2025-09-08 10:00:00,2025-09-08,10,S032,9.335,1.36,0.9039845438899584,0.7717897651496903
2025-09-08 11:00:00,2025-09-08,11,S032,9.335,0.59,0.9068158710572047,0.7742652424543865
2025-09-08 12:00:00,2025-09-08,12,S032,9.335,0.42,1.0890824591964718,0.9336240080406311
2025-09-08 13:00:00,2025-09-08,13,S032,9.335,1.26,1.3536212684260405,1.16491477020856
2025-09-08 14:00:00,2025-09-08,14,S032,9.335,0.69,1.373444433949885,1.1822464996283146
2025-09-09 10:00:00,2025-09-09,10,S032,9.335,5.26,2.1931455922886673,1.8989251080119494
2025-09-09 11:00:00,2025-09-09,11,S032,9.335,4.28,2.8437882799263954,2.275030623941116
2025-09-09 12:00:00,2025-09-09,12,S032,9.335,6.72,2.7174652675139788,2.173972214011183
2025-09-09 13:00:00,2025-09-09,13,S032,9.335,5.24,2.5359771180143067,2.028781694411445
2025-09-09 14:00:00,2025-09-09,14,S032,9.335,5.9,2.174153644251934,1.8823201261219094
2025-09-10 10:00:00,2025-09-10,10,S032,9.335,6.05,2.61287963851806,2.090303710814448
2025-09-10 11:00:00,2025-09-10,11,S032,9.335,6.58,3.3083124026827297,2.646649922146184
2025-09-10 12:00:00,2025-09-10,12,S032,9.335,6.82,3.9731343482897303,3.178507478631784
2025-09-10 13:00:00,2025-09-10,13,S032,9.335,6.69,3.2447007963498926,2.595760637079914
2025-09-10 14:00:00,2025-09-10,14,S032,9.335,6.57,3.2932720289337936,2.634617623147035
2025-09-11 10:00:00,2025-09-11,10,S032,9.335,3.11,2.114304575601375,1.829993071564044
2025-09-11 11:00:00,2025-09-11,11,S032,9.335,2.82,2.203211513104252,1.9077259130966138
2025-09-11 12:00:00,2025-09-11,12,S032,9.335,2.77,2.9158869810617767,2.3327095848494213
2025-09-11 13:00:00,2025-09-11,13,S032,9.335,1.8,2.1694668522677225,1.8782223844963695
2025-09-11 14:00:00,2025-09-11,14,S032,9.335,1.26,1.512753275889669,1.3040465800128254
2025-09-12 10:00:00,2025-09-12,10,S032,9.335,0.15,0.819946746840879,0.6983140955985827
2025-09-12 11:00:00,2025-09-12,11,S032,9.335,0.62,0.8152788111627096,0.694232840360839
2025-09-12 12:00:00,2025-09-12,12,S032,9.335,0.25,0.6269976508378754,0.5296154324265577
2025-09-12 13:00:00,2025-09-12,13,S032,9.335,1.36,0.6660845519759583,0.563789772219417
2025-09-12 14:00:00,2025-09-12,14,S032,9.335,1.87,0.6619672980226412,0.5601899873422
2025-09-13 10:00:00,2025-09-13,10,S032,9.335,1.14,1.475124852700005,1.2711474121967257
2025-09-13 11:00:00,2025-09-13,11,S032,9.335,1.6,1.2749802388545892,1.0961575858837938
2025-09-13 12:00:00,2025-09-13,12,S032,9.335,1.18,1.4174844456282774,1.220751427871718
2025-09-13 13:00:00,2025-09-13,13,S032,9.335,2.33,1.5363708910622442,1.3246958610380277
2025-09-13 14:00:00,2025-09-13,14,S032,9.335,1.49,1.5239998847807523,1.313879680682625
2025-09-14 10:00:00,2025-09-14,10,S032,9.335,3.99,2.5632607968172882,2.0506086374538306
2025-09-14 11:00:00,2025-09-14,11,S032,9.335,6.34,1.7664074495716073,1.5258207209369243
2025-09-14 12:00:00,2025-09-14,12,S032,9.335,4.49,2.051663171394044,1.775224630727033
2025-09-14 13:00:00,2025-09-14,13,S032,9.335,4.85,2.1587883958427225,1.8688860291521068
2025-09-14 14:00:00,2025-09-14,14,S032,9.335,2.74,1.8095215359955343,1.5635160970452762
2025-09-15 10:00:00,2025-09-15,10,S032,9.335,1.55,2.286401474842707,1.9804603058734054
2025-09-15 11:00:00,2025-09-15,11,S032,9.335,2.48,1.919371898902029,1.6595601301875662
2025-09-15 12:00:00,2025-09-15,12,S032,9.335,5.18,1.7375888166312834,1.500624101972707
2025-09-15 13:00:00,2025-09-15,13,S032,9.335,3.26,1.915424717669182,1.6561090427708698
2025-09-15 14:00:00,2025-09-15,14,S032,9.335,2.42,1.67173891669651,1.4430504189696263
2025-09-16 10:00:00,2025-09-16,10,S032,9.335,2.3,2.1817017223753603,1.8889195386888396
2025-09-16 11:00:00,2025-09-16,11,S032,9.335,5.92,2.691777002564394,2.153421602051515
2025-09-16 12:00:00,2025-09-16,12,S032,9.335,4.82,2.2536125468940345,1.9517923907270247
2025-09-16 13:00:00,2025-09-16,13,S032,9.335,5.79,1.9888411377143895,1.7202982624825263
2025-09-16 14:00:00,2025-09-16,14,S032,9.335,4.65,1.7829953830411394,1.5403238321671164
2025-09-17 10:00:00,2025-09-17,10,S032,9.335,1.14,1.1240763072509594,0.9642197221866311
2025-09-17 11:00:00,2025-09-17,11,S032,9.335,0.55,1.632641649749276,1.4088670161742305
2025-09-17 12:00:00,2025-09-17,12,S032,9.335,0.77,1.7922386334850158,1.54840536260985
2025-09-17 13:00:00,2025-09-17,13,S032,9.335,1.63,2.562289244912568,2.0498313959300543
2025-09-17 14:00:00,2025-09-17,14,S032,9.335,0.78,2.112480236036881,1.8283980205786934
2025-09-18 10:00:00,2025-09-18,10,S032,9.335,3.18,2.307348077898415,1.998774275758177
2025-09-18 11:00:00,2025-09-18,11,S032,9.335,3.73,2.7305985940431174,2.184478875234494
2025-09-18 12:00:00,2025-09-18,12,S032,9.335,3.77,2.980528325428814,2.3844226603430507
2025-09-18 13:00:00,2025-09-18,13,S032,9.335,6.04,2.5242664412844085,2.0194131530275268
2025-09-18 14:00:00,2025-09-18,14,S032,9.335,4.25,2.063378603228471,1.7854676312380071
2025-09-19 10:00:00,2025-09-19,10,S032,9.335,1.18,1.1137656833535607,0.9552049690522936
2025-09-19 11:00:00,2025-09-19,11,S032,9.335,1.21,0.8427405014133995,0.7182430613450488
2025-09-19 12:00:00,2025-09-19,12,S032,9.335,0.91,0.4944870250749512,0.41375914760651467
2025-09-19 13:00:00,2025-09-19,13,S032,9.335,0.51,0.5679408541802391,0.4779810746931052
2025-09-19 14:00:00,2025-09-19,14,S032,9.335,0.26,0.6927205214755149,0.5870780515632916
2025-09-20 10:00:00,2025-09-20,10,S032,9.335,3.77,2.3035982821567393,1.9954957658201
2025-09-20 11:00:00,2025-09-20,11,S032,9.335,5.79,2.760685207992376,2.208548166393901
2025-09-20 12:00:00,2025-09-20,12,S032,9.335,5.59,2.9763481267365592,2.381078501389247
2025-09-20 13:00:00,2025-09-20,13,S032,9.335,6.32,3.142892677088509,2.5143141416708072
2025-09-20 14:00:00,2025-09-20,14,S032,9.335,5.59,2.8074182820068367,2.2459346256054693
2025-09-21 10:00:00,2025-09-21,10,S032,9.335,3.92,2.6134472484728803,2.0907577987783044
2025-09-21 11:00:00,2025-09-21,11,S032,9.335,4.94,2.1107909801920846,1.826921075577779
2025-09-21 12:00:00,2025-09-21,12,S032,9.335,6.15,2.0689788592025673,1.790364029903884
2025-09-21 13:00:00,2025-09-21,13,S032,9.335,5.74,1.6694246904348362,1.4410270517463049
2025-09-21 14:00:00,2025-09-21,14,S032,9.335,4.08,1.5100908636915498,1.301718787927038
2025-09-22 10:00:00,2025-09-22,10,S032,9.335,3.64,1.7054730843990493,1.4725447732450705
2025-09-22 11:00:00,2025-09-22,11,S032,9.335,3.61,1.9162561369414042,1.6568359667247248
2025-09-22 12:00:00,2025-09-22,12,S032,9.335,3.15,1.8928688656543935,1.636388079260672
2025-09-22 13:00:00,2025-09-22,13,S032,9.335,3.97,1.876338231743284,1.6219350660050569
2025-09-22 14:00:00,2025-09-22,14,S032,9.335,3.41,1.334915936040362,1.1485603812374752
2025-09-23 10:00:00,2025-09-23,10,S032,9.335,1.66,1.6477382188741867,1.4220662022943709
2025-09-23 11:00:00,2025-09-23,11,S032,9.335,1.18,1.5105828168529853,1.3021489109097137
2025-09-23 12:00:00,2025-09-23,12,S032,9.335,1.92,1.7917337844300938,1.5479639645290437
2025-09-23 13:00:00,2025-09-23,13,S032,9.335,5.27,1.2369457160867634,1.0629033583272247
2025-09-23 14:00:00,2025-09-23,14,S032,9.335,3.84,1.1086019578671884,0.950690236386613
2025-09-24 10:00:00,2025-09-24,10,S032,9.335,0.61,0.9474803012595184,0.8098188426312729
2025-09-24 11:00:00,2025-09-24,11,S032,9.335,0.83,1.6976768294143025,1.4657283754441988
2025-09-24 12:00:00,2025-09-24,12,S032,9.335,2.08,1.2806152650028735,1.101084384701966
2025-09-24 13:00:00,2025-09-24,13,S032,9.335,1.87,1.2440363592127741,1.0691028277270156
2025-09-24 14:00:00,2025-09-24,14,S032,9.335,1.05,1.26560713745528,1.0879625245510645
2025-09-25 10:00:00,2025-09-25,10,S032,9.335,0.78,2.0248664940316536,1.7517958417763093
2025-09-25 11:00:00,2025-09-25,11,S032,9.335,0.31,2.236405052078637,1.936747586516841
2025-09-25 12:00:00,2025-09-25,12,S032,9.335,0.81,2.2466911977619013,1.9457409379339026
2025-09-25 13:00:00,2025-09-25,13,S032,9.335,0.9,2.6054313462684435,2.084345077014755
2025-09-25 14:00:00,2025-09-25,14,S032,9.335,0.83,2.0764701310098768,1.7969137757463405
2025-09-26 10:00:00,2025-09-26,10,S032,9.335,1.59,1.9911427348400896,1.7223105878383296
2025-09-26 11:00:00,2025-09-26,11,S032,9.335,1.25,1.8711427266051133,1.6173925478514655
2025-09-26 12:00:00,2025-09-26,12,S032,9.335,3.11,1.8149996985306656,1.5683057473492157
2025-09-26 13:00:00,2025-09-26,13,S032,9.335,1.92,1.457822294902871,1.2560194928112534
2025-09-26 14:00:00,2025-09-26,14,S032,9.335,1.41,1.1896805602354101,1.0215786318998121
2025-09-27 10:00:00,2025-09-27,10,S032,9.335,1.4,1.4016307440928208,1.206890268059297
2025-09-27 11:00:00,2025-09-27,11,S032,9.335,1.98,1.3545620770816813,1.1657373351533826
2025-09-27 12:00:00,2025-09-27,12,S032,9.335,1.24,1.5550472167673486,1.3410248889769167
2025-09-27 13:00:00,2025-09-27,13,S032,9.335,0.77,1.3100845830855457,1.1268499087086739
2025-09-27 14:00:00,2025-09-27,14,S032,9.335,0.42,1.3559064693734622,1.166912760107945
2025-09-28 10:00:00,2025-09-28,10,S032,9.335,1.99,1.3763410028359535,1.184779018872965
2025-09-28 11:00:00,2025-09-28,11,S032,9.335,0.41,1.5190863289044485,1.3095836755448729
2025-09-28 12:00:00,2025-09-28,12,S032,9.335,3.18,1.3577538316950304,1.168527940279808
2025-09-28 13:00:00,2025-09-28,13,S032,9.335,1.31,1.3517719724402888,1.1632978994013454
2025-09-28 14:00:00,2025-09-28,14,S032,9.335,0.61,1.1417157644411944,0.9796421984185305
2025-09-29 10:00:00,2025-09-29,10,S032,9.335,1.95,1.4756613112372796,1.271616446983414
2025-09-29 11:00:00,2025-09-29,11,S032,9.335,3.0,1.5621166449606054,1.3472058098016222
2025-09-29 12:00:00,2025-09-29,12,S032,9.335,2.04,2.1440715528342653,1.856018844008101
2025-09-29 13:00:00,2025-09-29,13,S032,9.335,2.71,2.181818147938604,1.8890213315310198
2025-09-29 14:00:00,2025-09-29,14,S032,9.335,3.05,1.4566305764289325,1.2549775531619083
2025-09-30 10:00:00,2025-09-30,10,S032,9.335,4.98,2.13770426938719,1.8504518202292373
2025-09-30 11:00:00,2025-09-30,11,S032,9.335,5.55,3.2197706647132174,2.575816531770574
2025-09-30 12:00:00,2025-09-30,12,S032,9.335,5.93,2.9741084446287647,2.3792867557030117
2025-09-30 13:00:00,2025-09-30,13,S032,9.335,5.65,2.1579065787861564,1.868115041561667
2025-09-30 14:00:00,2025-09-30,14,S032,9.335,4.89,2.8624114925348145,2.289929194027851
2025-10-01 10:00:00,2025-10-01,10,S032,9.335,1.31,2.0196133086048045,1.747202892769228
2025-10-01 11:00:00,2025-10-01,11,S032,9.335,1.26,2.5234277432722925,2.018742194617834
2025-10-01 12:00:00,2025-10-01,12,S032,9.335,2.99,2.6491812407292485,2.119344992583399
2025-10-01 13:00:00,2025-10-01,13,S032,9.335,3.45,2.502653737457381,2.0021229899659048
2025-10-01 14:00:00,2025-10-01,14,S032,9.335,2.71,1.5945221623149017,1.3755385025704059
2025-10-02 10:00:00,2025-10-02,10,S032,9.335,0.13,0.7257360109970878,0.6159440533307872
2025-10-02 11:00:00,2025-10-02,11,S032,9.335,0.48,0.6368602316476533,0.5382384538995876
2025-10-02 12:00:00,2025-10-02,12,S032,9.335,0.13,0.4890793102023574,0.409031090887307
2025-10-02 13:00:00,2025-10-02,13,S032,9.335,0.41,0.49200913966278187,0.411592690415547
2025-10-02 14:00:00,2025-10-02,14,S032,9.335,0.06,0.5607502373468494,0.47169419658740924
2025-10-03 10:00:00,2025-10-03,10,S032,9.335,2.57,1.4895328760109996,1.2837445910478686
2025-10-03 11:00:00,2025-10-03,11,S032,9.335,3.0,1.7474513614170364,1.5092470919493215
2025-10-03 12:00:00,2025-10-03,12,S032,9.335,4.02,1.8095294590340498,1.5635230242920657
2025-10-03 13:00:00,2025-10-03,13,S032,9.335,0.9,1.6521617950451768,1.4259338098755643
2025-10-03 14:00:00,2025-10-03,14,S032,9.335,1.67,1.394537753105098,1.2006887458842386
2025-10-04 10:00:00,2025-10-04,10,S032,9.335,3.33,1.5746009738794056,1.3581210700584967
2025-10-04 11:00:00,2025-10-04,11,S032,9.335,1.59,1.2124988207071532,1.0415290235690957
2025-10-04 12:00:00,2025-10-04,12,S032,9.335,1.68,1.134898491600201,0.9736817412897932
2025-10-04 13:00:00,2025-10-04,13,S032,9.335,0.65,0.9622088735769343,0.822696282908795
2025-10-04 14:00:00,2025-10-04,14,S032,9.335,0.82,0.7447994172539152,0.6326115123531498
2025-10-05 10:00:00,2025-10-05,10,S032,9.335,2.18,1.9073832343639365,1.649078237695245
2025-10-05 11:00:00,2025-10-05,11,S032,9.335,6.83,1.742318472537011,1.5047593202509388
2025-10-05 12:00:00,2025-10-05,12,S032,9.335,4.3,1.6819019189300177,1.4519361039825291
2025-10-05 13:00:00,2025-10-05,13,S032,9.335,2.39,1.514277389782456,1.305379138607612
2025-10-05 14:00:00,2025-10-05,14,S032,9.335,3.46,1.5560326873370631,1.341886502589782
2025-10-06 10:00:00,2025-10-06,10,S032,9.335,1.52,1.7171243284954518,1.4827316533293569
2025-10-06 11:00:00,2025-10-06,11,S032,9.335,2.13,1.4028391227478996,1.2079467739872345
2025-10-06 12:00:00,2025-10-06,12,S032,9.335,3.18,1.7022319725464268,1.4697110142482421
2025-10-06 13:00:00,2025-10-06,13,S032,9.335,2.37,2.0410319837161106,1.7659296032490586
2025-10-06 14:00:00,2025-10-06,14,S032,9.335,2.35,1.573217467992303,1.3569114474249644
2025-10-07 10:00:00,2025-10-07,10,S032,9.335,2.87,1.8127781217260175,1.5663633851156438
2025-10-07 11:00:00,2025-10-07,11,S032,9.335,4.05,2.073527292600408,1.7943408022735805
2025-10-07 12:00:00,2025-10-07,12,S032,9.335,5.75,2.5370210837635403,2.0296168670108323
2025-10-07 13:00:00,2025-10-07,13,S032,9.335,4.66,1.6331696410379908,1.4093286479020686
2025-10-07 14:00:00,2025-10-07,14,S032,9.335,4.44,1.4356665361010588,1.2366483375746962
2025-10-08 10:00:00,2025-10-08,10,S032,9.335,2.75,1.6573005038399693,1.430426670024017
2025-10-08 11:00:00,2025-10-08,11,S032,9.335,3.08,1.7720386681591596,1.5307441907402488
2025-10-08 12:00:00,2025-10-08,12,S032,9.335,0.85,1.8052390251700063,1.5597718252852513
2025-10-08 13:00:00,2025-10-08,13,S032,9.335,3.18,1.198726585442418,1.0294877249769776
2025-10-08 14:00:00,2025-10-08,14,S032,9.335,1.64,1.2087427583891914,1.0382450346572165
2025-10-09 10:00:00,2025-10-09,10,S032,9.335,5.01,2.186690809167803,1.8932815817860573
2025-10-09 11:00:00,2025-10-09,11,S032,9.335,5.6,3.4285967848911723,2.7428774279129375
2025-10-09 12:00:00,2025-10-09,12,S032,9.335,5.71,2.9685960267032794,2.3748768213626237
2025-10-09 13:00:00,2025-10-09,13,S032,9.335,5.42,2.8225022775496944,2.2580018220397555
2025-10-09 14:00:00,2025-10-09,14,S032,9.335,4.64,2.834513813131549,2.2676110505052387
2025-10-10 10:00:00,2025-10-10,10,S032,9.335,5.25,1.9965957682879805,1.7270782673556113
2025-10-10 11:00:00,2025-10-10,11,S032,9.335,3.98,2.125029668287806,1.8393702017816886
2025-10-10 12:00:00,2025-10-10,12,S032,9.335,4.57,1.9895535678590839,1.7209211522265215
2025-10-10 13:00:00,2025-10-10,13,S032,9.335,4.95,1.665862379730946,1.4379124631527398
2025-10-10 14:00:00,2025-10-10,14,S032,9.335,2.75,1.5299582157754927,1.3190891504048023
2025-10-11 10:00:00,2025-10-11,10,S032,9.335,1.85,1.4945491381080704,1.2881303939742694
2025-10-11 11:00:00,2025-10-11,11,S032,9.335,1.11,1.9338569717628082,1.672224674765297
2025-10-11 12:00:00,2025-10-11,12,S032,9.335,1.25,1.616833146407652,1.3950453739083295
2025-10-11 13:00:00,2025-10-11,13,S032,9.335,1.45,1.4181262346778118,1.221312554909562
2025-10-11 14:00:00,2025-10-11,14,S032,9.335,0.73,1.2162161148514137,1.0447791168099791
2025-10-12 10:00:00,2025-10-12,10,S032,9.335,0.32,1.1239535141458241,0.9641123620947097
2025-10-12 11:00:00,2025-10-12,11,S032,9.335,1.02,0.9941959824015885,0.8506631540123178
2025-10-12 12:00:00,2025-10-12,12,S032,9.335,0.79,1.1911784394614675,1.0228882530810646
2025-10-12 13:00:00,2025-10-12,13,S032,9.335,0.53,1.2196103410901775,1.0477467463083519
2025-10-12 14:00:00,2025-10-12,14,S032,9.335,0.3,0.9140632041880487,0.7806017085797147
2025-10-13 10:00:00,2025-10-13,10,S032,9.335,0.83,0.8424244578289661,0.7179667390854348
2025-10-13 11:00:00,2025-10-13,11,S032,9.335,0.79,0.6947195605346757,0.5888258452762191
2025-10-13 12:00:00,2025-10-13,12,S032,9.335,0.87,1.098052852480759,0.9414669748465653
2025-10-13 13:00:00,2025-10-13,13,S032,9.335,0.34,0.7808404799070494,0.6641228239624476
2025-10-13 14:00:00,2025-10-13,14,S032,9.335,0.25,0.532738262302644,0.44720285228646467
2025-10-14 10:00:00,2025-10-14,10,S032,9.335,3.85,1.8296740812678944,1.581135808758815
2025-10-14 11:00:00,2025-10-14,11,S032,9.335,6.49,1.9973858805257665,1.7277690758695228
2025-10-14 12:00:00,2025-10-14,12,S032,9.335,0.7,1.7714818254182798,1.5302573336990424
2025-10-14 13:00:00,2025-10-14,13,S032,9.335,1.29,1.4908415994524282,1.2848888301223416
2025-10-14 14:00:00,2025-10-14,14,S032,9.335,0.99,1.4893402914537717,1.283576211107123
2025-10-15 10:00:00,2025-10-15,10,S032,9.335,0.51,0.9057090980766181,0.7732975720888465
2025-10-15 11:00:00,2025-10-15,11,S032,9.335,0.29,0.7887470550385146,0.6710356765364062
2025-10-15 12:00:00,2025-10-15,12,S032,9.335,0.69,0.5382153434037006,0.45199155707427374
2025-10-15 13:00:00,2025-10-15,13,S032,9.335,0.74,0.671022188127564,0.5681068311497827
2025-10-15 14:00:00,2025-10-15,14,S032,9.335,0.18,0.5815019585385282,0.4898377779571831
2025-10-16 10:00:00,2025-10-16,10,S032,9.335,3.7,1.6343881652183092,1.4103940242345874
2025-10-16 11:00:00,2025-10-16,11,S032,9.335,3.93,1.6326062033723043,1.4088360248063863
2025-10-16 12:00:00,2025-10-16,12,S032,9.335,6.88,1.5070593769933127,1.2990683077537162
2025-10-16 13:00:00,2025-10-16,13,S032,9.335,2.85,1.3608009507347882,1.1711920880741318
2025-10-16 14:00:00,2025-10-16,14,S032,9.335,2.88,0.9203657450433335,0.7861121268138436
2025-10-17 10:00:00,2025-10-17,10,S032,9.335,2.32,0.99107462434958,0.8479340977919826
2025-10-17 11:00:00,2025-10-17,11,S032,9.335,0.86,1.00639173977863,0.8613261112818623
2025-10-17 12:00:00,2025-10-17,12,S032,9.335,1.54,0.9080170690393585,0.7753154701983463
2025-10-17 13:00:00,2025-10-17,13,S032,9.335,0.32,0.6711979634013571,0.568260514449274
2025-10-17 14:00:00,2025-10-17,14,S032,9.335,0.17,0.58803189087738,0.49554700841738136
2025-10-18 10:00:00,2025-10-18,10,S032,9.335,1.21,1.265351702947114,1.0877391938335423
2025-10-18 11:00:00,2025-10-18,11,S032,9.335,2.35,1.154455763269475,0.9907809952082841
2025-10-18 12:00:00,2025-10-18,12,S032,9.335,2.76,1.4224564828716788,1.2250985642593912
2025-10-18 13:00:00,2025-10-18,13,S032,9.335,2.79,1.4571190388717032,1.2554046241501229
2025-10-18 14:00:00,2025-10-18,14,S032,9.335,2.71,1.070118384744026,0.9170433964975092
2025-10-19 10:00:00,2025-10-19,10,S032,9.335,3.85,1.5290617382004852,1.318305344874741
2025-10-19 11:00:00,2025-10-19,11,S032,9.335,2.6,1.865191992137574,1.6121897199017041
2025-10-19 12:00:00,2025-10-19,12,S032,9.335,1.49,2.0111287247901144,1.739784677412122
2025-10-19 13:00:00,2025-10-19,13,S032,9.335,0.85,2.542178033563926,2.033742426851141
2025-10-19 14:00:00,2025-10-19,14,S032,9.335,0.63,1.396812058865766,1.2026772099372818
2025-10-20 10:00:00,2025-10-20,10,S032,9.335,1.26,1.4284060589554648,1.230300379414614
2025-10-20 11:00:00,2025-10-20,11,S032,9.335,1.23,1.0865488648958745,0.9314088436248084
2025-10-20 12:00:00,2025-10-20,12,S032,9.335,2.01,1.0380566106621376,0.8890112442947652
2025-10-20 13:00:00,2025-10-20,13,S032,9.335,2.13,0.8980893711229003,0.7666355157358691
2025-10-20 14:00:00,2025-10-20,14,S032,9.335,1.54,0.8332642918503576,0.7099578507981268
2025-10-21 10:00:00,2025-10-21,10,S032,9.335,1.79,1.5478197757035337,1.3347058148227615
2025-10-21 11:00:00,2025-10-21,11,S032,9.335,2.58,1.6498354866754181,1.4238998790604749
2025-10-21 12:00:00,2025-10-21,12,S032,9.335,3.36,1.7287697195644867,1.4929134160126658
2025-10-21 13:00:00,2025-10-21,13,S032,9.335,3.84,1.60232073453036,1.3823569263653421
2025-10-21 14:00:00,2025-10-21,14,S032,9.335,1.82,1.5056015924748714,1.2977937420545322
2025-10-22 10:00:00,2025-10-22,10,S032,9.335,4.11,1.8204745804615143,1.5730925293652585
2025-10-22 11:00:00,2025-10-22,11,S032,9.335,5.74,2.1038566101997094,1.8208582384259755
2025-10-22 12:00:00,2025-10-22,12,S032,9.335,5.91,2.2667090595378254,1.963242893584984
2025-10-22 13:00:00,2025-10-22,13,S032,9.335,5.51,2.206788588767911,1.9108534109446216
2025-10-22 14:00:00,2025-10-22,14,S032,9.335,4.72,1.9797419089010222,1.7123426525910574
2025-10-23 10:00:00,2025-10-23,10,S032,9.335,4.95,1.7504778657644082,1.5118932159688814
2025-10-23 11:00:00,2025-10-23,11,S032,9.335,5.57,2.1355879896422456,1.8486015209986848
2025-10-23 12:00:00,2025-10-23,12,S032,9.335,5.7,2.063353596813782,1.7854457677060391
2025-10-23 13:00:00,2025-10-23,13,S032,9.335,5.3,2.5019013819162534,2.0015211055330027
2025-10-23 14:00:00,2025-10-23,14,S032,9.335,4.42,1.9761470424252843,1.7091995999346747
2025-10-24 10:00:00,2025-10-24,10,S032,9.335,2.69,1.779256920908089,1.5370552313950505
2025-10-24 11:00:00,2025-10-24,11,S032,9.335,4.06,1.7871697478189341,1.5439735500056255
2025-10-24 12:00:00,2025-10-24,12,S032,9.335,4.2,1.9577502068011565,1.6931149349081152
2025-10-24 13:00:00,2025-10-24,13,S032,9.335,5.1,1.880012114961612,1.6251472043380213
2025-10-24 14:00:00,2025-10-24,14,S032,9.335,3.88,1.7542560233648348,1.5151965231605111
2025-10-25 10:00:00,2025-10-25,10,S032,9.335,1.34,1.206929357513434,1.0366595475527292
2025-10-25 11:00:00,2025-10-25,11,S032,9.335,1.23,1.056765908327126,0.905369100176722
2025-10-25 12:00:00,2025-10-25,12,S032,9.335,1.77,1.1086079938215248,0.9506955137237375
2025-10-25 13:00:00,2025-10-25,13,S032,9.335,1.5,1.2576165926221314,1.0809762558444864
2025-10-25 14:00:00,2025-10-25,14,S032,9.335,1.44,1.0769792134177911,0.9230419352286698
2025-10-26 10:00:00,2025-10-26,10,S032,9.335,4.58,1.9226383825959847,1.6624160722150685
2025-10-26 11:00:00,2025-10-26,11,S032,9.335,3.32,2.7211391226711013,2.176911298136881
2025-10-26 12:00:00,2025-10-26,12,S032,9.335,3.56,2.940449915512387,2.352359932409909
2025-10-26 13:00:00,2025-10-26,13,S032,9.335,3.67,2.3064090576099763,1.9979532744130941
2025-10-26 14:00:00,2025-10-26,14,S032,9.335,1.19,1.438781560622755,1.23937185628219
2025-10-27 10:00:00,2025-10-27,10,S032,9.335,5.0,1.6535773137416563,1.4271714218506284
2025-10-27 11:00:00,2025-10-27,11,S032,9.335,5.63,1.7197583463703503,1.4850346197773554
2025-10-27 12:00:00,2025-10-27,12,S032,9.335,5.68,1.4164014017989768,1.2198045043051162
2025-10-27 13:00:00,2025-10-27,13,S032,9.335,5.11,1.9206762654937397,1.6607005599945266
2025-10-27 14:00:00,2025-10-27,14,S032,9.335,4.08,2.9899158128657524,2.3919326502926017
2025-10-28 10:00:00,2025-10-28,10,S032,9.335,4.5,2.0078121700700073,1.7368849574382579
2025-10-28 11:00:00,2025-10-28,11,S032,9.335,5.12,2.1422259379066593,1.8544051916123796
2025-10-28 12:00:00,2025-10-28,12,S032,9.335,5.18,2.7202070249020665,2.1761656199216532
2025-10-28 13:00:00,2025-10-28,13,S032,9.335,4.71,2.2922520461267397,1.9855755594550728
2025-10-28 14:00:00,2025-10-28,14,S032,9.335,3.78,2.7855333353847933,2.2284266683078346
2025-10-29 10:00:00,2025-10-29,10,S032,9.335,4.63,1.6072583873617883,1.386673999879159
2025-10-29 11:00:00,2025-10-29,11,S032,9.335,5.17,1.52782463392512,1.317223723650378
2025-10-29 12:00:00,2025-10-29,12,S032,9.335,5.17,1.9403661829736671,1.6779157883922773
2025-10-29 13:00:00,2025-10-29,13,S032,9.335,3.23,1.480433037159408,1.2757884477896464
2025-10-29 14:00:00,2025-10-29,14,S032,9.335,4.05,1.6481092289170927,1.422390582659753
2025-10-30 10:00:00,2025-10-30,10,S032,9.335,1.05,1.1397001598343413,0.9778799211666372
2025-10-30 11:00:00,2025-10-30,11,S032,9.335,1.46,1.19681484609495,1.0278162588808306
2025-10-30 12:00:00,2025-10-30,12,S032,9.335,1.06,1.393299021236909,1.1996057016278987
2025-10-30 13:00:00,2025-10-30,13,S032,9.335,1.0,1.3853674410597479,1.1926709867189051
2025-10-30 14:00:00,2025-10-30,14,S032,9.335,0.75,1.4330612490299053,1.2343704909551083
2025-10-31 10:00:00,2025-10-31,10,S032,9.335,0.82,1.1253197466819729,0.9653068823448943
2025-10-31 11:00:00,2025-10-31,11,S032,9.335,0.84,1.4947032675431098,1.2882651519502601
2025-10-31 12:00:00,2025-10-31,12,S032,9.335,3.88,1.630422157767324,1.4069264767364582
2025-10-31 13:00:00,2025-10-31,13,S032,9.335,5.16,1.429234319701461,1.2310245418154848
2025-10-31 14:00:00,2025-10-31,14,S032,9.335,3.59,1.2852704643897648,1.1051545043844937
2025-11-01 10:00:00,2025-11-01,10,S032,9.335,1.77,1.4570527609792785,1.255346676266036
2025-11-01 11:00:00,2025-11-01,11,S032,9.335,4.81,1.7226620543516384,1.4875733808538916
2025-11-01 12:00:00,2025-11-01,12,S032,9.335,4.9,1.6780384645298916,1.4485582203540035
2025-11-01 13:00:00,2025-11-01,13,S032,9.335,4.48,1.181686419609386,1.0145892193306107
2025-11-01 14:00:00,2025-11-01,14,S032,9.335,3.16,1.7004042091822007,1.4681129697767876
2025-11-02 10:00:00,2025-11-02,10,S032,9.335,4.55,1.0907146692798673,0.9350510769660041
2025-11-02 11:00:00,2025-11-02,11,S032,9.335,5.27,0.8834984736775969,0.7538784469312323
2025-11-02 12:00:00,2025-11-02,12,S032,9.335,5.49,1.6631722371034914,1.4355604258828338
2025-11-02 13:00:00,2025-11-02,13,S032,9.335,5.1,1.4395685442579107,1.2400599294058234
2025-11-02 14:00:00,2025-11-02,14,S032,9.335,4.18,1.6156562097925617,1.3940163582885785
2025-11-03 10:00:00,2025-11-03,10,S032,9.335,4.48,1.3040520924956054,1.1215755999961576
2025-11-03 11:00:00,2025-11-03,11,S032,9.335,5.28,1.5941649038647183,1.3752261454554913
2025-11-03 12:00:00,2025-11-03,12,S032,9.335,5.5,1.782536867491198,1.5399229442545994
2025-11-03 13:00:00,2025-11-03,13,S032,9.335,5.07,1.585199082705904,1.3673871761363097
2025-11-03 14:00:00,2025-11-03,14,S032,9.335,4.16,1.6382417472435737,1.4137632762785344
2025-11-04 10:00:00,2025-11-04,10,S032,9.335,4.39,1.6032124695647985,1.3831365854118456
2025-11-04 11:00:00,2025-11-04,11,S032,9.335,5.03,1.822470815372053,1.5748378713635438
2025-11-04 12:00:00,2025-11-04,12,S032,9.335,4.58,1.9838591892740942,1.7159424605675142
2025-11-04 13:00:00,2025-11-04,13,S032,9.335,4.21,1.6157265937531076,1.3940778961775804
2025-11-04 14:00:00,2025-11-04,14,S032,9.335,3.84,1.5354951653628897,1.3239301992243842
2025-11-05 10:00:00,2025-11-05,10,S032,9.335,4.49,1.5831665288998598,1.3656100799124455
2025-11-05 11:00:00,2025-11-05,11,S032,9.335,5.11,1.8856994625783985,1.630119748702425
2025-11-05 12:00:00,2025-11-05,12,S032,9.335,5.26,2.081520765504435,1.8013296310421292
2025-11-05 13:00:00,2025-11-05,13,S032,9.335,4.91,1.6103661909741176,1.3893912052232722
2025-11-05 14:00:00,2025-11-05,14,S032,9.335,4.02,1.5142407755788099,1.3053471261891232
2025-11-06 10:00:00,2025-11-06,10,S032,9.335,3.75,1.0894857310635147,0.9339765954653679
2025-11-06 11:00:00,2025-11-06,11,S032,9.335,4.02,1.0263458356728359,0.8787723153423701
2025-11-06 12:00:00,2025-11-06,12,S032,9.335,4.61,0.9179940813805293,0.7840385410977305
2025-11-06 13:00:00,2025-11-06,13,S032,9.335,3.07,1.1127309431426335,0.9543002781574939
2025-11-06 14:00:00,2025-11-06,14,S032,9.335,2.44,1.0455831087037977,0.8955917890306427
2025-11-07 10:00:00,2025-11-07,10,S032,9.335,2.19,0.896767474973825,0.7654797595399563
2025-11-07 11:00:00,2025-11-07,11,S032,9.335,2.59,0.9158921179818862,0.7822007588912665
2025-11-07 12:00:00,2025-11-07,12,S032,9.335,4.99,0.8616702643128467,0.7347936737161501
2025-11-07 13:00:00,2025-11-07,13,S032,9.335,2.1,0.7544075630731296,0.6410120770038291
2025-11-07 14:00:00,2025-11-07,14,S032,9.335,1.83,0.7149442316395118,0.6065086178268956
2025-11-08 10:00:00,2025-11-08,10,S032,9.335,0.21,0.5576190606292004,0.46895655574137735
2025-11-08 11:00:00,2025-11-08,11,S032,9.335,0.61,0.4032536306168898,0.33399224534810035
2025-11-08 12:00:00,2025-11-08,12,S032,9.335,1.24,0.4170499052364893,0.3460545619554005
2025-11-08 13:00:00,2025-11-08,13,S032,9.335,0.67,0.30178996782147016,0.24528084618270612
2025-11-08 14:00:00,2025-11-08,14,S032,9.335,0.49,0.5049899443095006,0.4229420278115853
2025-11-09 10:00:00,2025-11-09,10,S032,9.335,2.56,1.735181103025185,1.4985189971804895
2025-11-09 11:00:00,2025-11-09,11,S032,9.335,4.5,1.7678194385790609,1.5270552468450804
2025-11-09 12:00:00,2025-11-09,12,S032,9.335,5.27,1.485784940713684,1.2804677077278113
2025-11-09 13:00:00,2025-11-09,13,S032,9.335,4.52,1.6803743685341193,1.4506005407948583
2025-11-09 14:00:00,2025-11-09,14,S032,9.335,3.65,1.4128337279123033,1.216685226589992
2025-11-10 10:00:00,2025-11-10,10,S032,9.335,4.55,1.4405844248282205,1.2409481309973511
2025-11-10 11:00:00,2025-11-10,11,S032,9.335,5.17,1.4804842822618458,1.275833252250794
2025-11-10 12:00:00,2025-11-10,12,S032,9.335,5.24,1.612958017239734,1.3916572828325544
2025-11-10 13:00:00,2025-11-10,13,S032,9.335,4.88,1.0752975896064005,0.9215716630438475
2025-11-10 14:00:00,2025-11-10,14,S032,9.335,3.97,1.342444940850145,1.155143117683187
2025-11-11 10:00:00,2025-11-11,10,S032,9.335,3.39,1.3715512253011193,1.180591235235951
2025-11-11 11:00:00,2025-11-11,11,S032,9.335,3.51,1.6651787554517117,1.4373147588648847
2025-11-11 12:00:00,2025-11-11,12,S032,9.335,2.31,1.739808580788563,1.5025648793779787
2025-11-11 13:00:00,2025-11-11,13,S032,9.335,3.03,1.7952551354896407,1.5510427414117078
2025-11-11 14:00:00,2025-11-11,14,S032,9.335,3.79,1.539576537380201,1.3274986119171157
2025-11-12 10:00:00,2025-11-12,10,S032,9.335,4.07,1.541037017761167,1.3287755346545722
2025-11-12 11:00:00,2025-11-12,11,S032,9.335,4.77,1.6615151046443979,1.4341115669022058
2025-11-12 12:00:00,2025-11-12,12,S032,9.335,4.99,1.4473824726025142,1.2468917793246024
2025-11-12 13:00:00,2025-11-12,13,S032,9.335,4.56,1.8192972793833275,1.5720631950892483
2025-11-12 14:00:00,2025-11-12,14,S032,9.335,3.67,1.594334338594123,1.3753742851096158
2025-11-13 10:00:00,2025-11-13,10,S032,9.335,4.28,1.494885626614316,1.288424591575358
2025-11-13 11:00:00,2025-11-13,11,S032,9.335,3.35,1.8033260611498416,1.5580992884370202
2025-11-13 12:00:00,2025-11-13,12,S032,9.335,4.52,2.5867660152063165,2.0694128121650532
2025-11-13 13:00:00,2025-11-13,13,S032,9.335,2.85,1.8267112013315883,1.5785453126396403
2025-11-13 14:00:00,2025-11-13,14,S032,9.335,2.43,1.4899360703111402,1.2840971106545487
2025-11-14 10:00:00,2025-11-14,10,S032,9.335,3.87,1.546103224963014,1.3332050054321436
2025-11-14 11:00:00,2025-11-14,11,S032,9.335,4.38,1.6924734363459317,1.4611789607396126
2025-11-14 12:00:00,2025-11-14,12,S032,9.335,4.54,2.0410569979605357,1.765951473626698
2025-11-14 13:00:00,2025-11-14,13,S032,9.335,4.11,1.813511205964562,1.56700433308377
2025-11-14 14:00:00,2025-11-14,14,S032,9.335,3.35,1.4939792805562035,1.2876321578633474
2025-11-15 10:00:00,2025-11-15,10,S032,9.335,3.67,1.442236036938937,1.2423921634438793
2025-11-15 11:00:00,2025-11-15,11,S032,9.335,4.32,1.7281597212334208,1.49238008413851
2025-11-15 12:00:00,2025-11-15,12,S032,9.335,4.43,1.8333745384738172,1.5843711811792935
2025-11-15 13:00:00,2025-11-15,13,S032,9.335,2.35,1.7545606676906838,1.5154628788552427
2025-11-15 14:00:00,2025-11-15,14,S032,9.335,2.08,1.2480755820537799,1.0726343886809004
2025-11-16 10:00:00,2025-11-16,10,S032,9.335,3.69,1.4755325538117259,1.2715038721851155
2025-11-16 11:00:00,2025-11-16,11,S032,9.335,4.16,1.4388773223260378,1.2394555823615632
2025-11-16 12:00:00,2025-11-16,12,S032,9.335,4.08,1.7122117691894476,1.4784365195098994
2025-11-16 13:00:00,2025-11-16,13,S032,9.335,3.85,1.6463456103768088,1.4208486210944775
2025-11-16 14:00:00,2025-11-16,14,S032,9.335,2.92,1.2953264847227552,1.1139466533095128
2025-11-17 10:00:00,2025-11-17,10,S032,9.335,2.32,1.1030525711810568,0.945838313600924
2025-11-17 11:00:00,2025-11-17,11,S032,9.335,1.74,1.1618406727545172,0.9972377466706162
2025-11-17 12:00:00,2025-11-17,12,S032,9.335,1.51,1.0235853190557913,0.8763587489012383
2025-11-17 13:00:00,2025-11-17,13,S032,9.335,1.6,1.0782821616813603,0.9241811249673095
2025-11-17 14:00:00,2025-11-17,14,S032,9.335,1.2,0.9947842442225175,0.8511774812874471
2025-11-18 10:00:00,2025-11-18,10,S032,9.335,4.09,1.4655127987280558,1.2627434305819065
2025-11-18 11:00:00,2025-11-18,11,S032,9.335,4.79,1.7641173032059456,1.5238184071745973
2025-11-18 12:00:00,2025-11-18,12,S032,9.335,5.0,2.1403698950361587,1.8527824218895377
2025-11-18 13:00:00,2025-11-18,13,S032,9.335,4.52,2.119765511093802,1.8347676599727232
2025-11-18 14:00:00,2025-11-18,14,S032,9.335,3.6,1.6625818572488107,1.4350442467749165
2025-11-19 10:00:00,2025-11-19,10,S032,9.335,3.88,1.617502571905958,1.3956306639614933
2025-11-19 11:00:00,2025-11-19,11,S032,9.335,4.51,1.8071060029697552,1.5614041556019718
2025-11-19 12:00:00,2025-11-19,12,S032,9.335,4.63,1.9532143294160602,1.6891491404730583
2025-11-19 13:00:00,2025-11-19,13,S032,9.335,4.29,1.778787102959345,1.5366444616037989
2025-11-19 14:00:00,2025-11-19,14,S032,9.335,3.34,1.541059104392384,1.3287948453703904
2025-11-20 10:00:00,2025-11-20,10,S032,9.335,3.52,1.7076015021798108,1.4744056849659546
2025-11-20 11:00:00,2025-11-20,11,S032,9.335,2.93,1.8770532563667277,1.6225602241457728
2025-11-20 12:00:00,2025-11-20,12,S032,9.335,4.43,1.8969768689834625,1.6399797761604047
2025-11-20 13:00:00,2025-11-20,13,S032,9.335,3.87,1.6243271502408183,1.401597508407273
2025-11-20 14:00:00,2025-11-20,14,S032,9.335,3.31,1.1766889376814897,1.0102198362242534
2025-11-21 10:00:00,2025-11-21,10,S032,9.335,3.39,1.4318860177415385,1.2333429663313997
2025-11-21 11:00:00,2025-11-21,11,S032,9.335,4.07,1.436706789397115,1.2375578486532153
2025-11-21 12:00:00,2025-11-21,12,S032,9.335,4.31,1.784325740099101,1.5414869858789955
2025-11-21 13:00:00,2025-11-21,13,S032,9.335,4.01,1.7978793915984168,1.5533371729822225
2025-11-21 14:00:00,2025-11-21,14,S032,9.335,3.15,1.5305891451445797,1.3196407826400698
2025-11-22 10:00:00,2025-11-22,10,S032,9.335,3.41,1.5215025334678556,1.3116962041249012
2025-11-22 11:00:00,2025-11-22,11,S032,9.335,4.89,1.7841957287942565,1.5413733147927924
2025-11-22 12:00:00,2025-11-22,12,S032,9.335,4.29,1.8062628388901754,1.5606669629640877
2025-11-22 13:00:00,2025-11-22,13,S032,9.335,3.8,1.7733955701370694,1.5319305531253067
2025-11-22 14:00:00,2025-11-22,14,S032,9.335,2.97,1.4701777236315765,1.266822053448373
2025-11-23 10:00:00,2025-11-23,10,S032,9.335,2.14,0.9836339527018179,0.8414285925261795
2025-11-23 11:00:00,2025-11-23,11,S032,9.335,3.63,1.6693994348104477,1.4410049703260746
2025-11-23 12:00:00,2025-11-23,12,S032,9.335,2.65,1.3055704890960609,1.1229031598654087
2025-11-23 13:00:00,2025-11-23,13,S032,9.335,1.78,1.460324392827657,1.2582071194121591
2025-11-23 14:00:00,2025-11-23,14,S032,9.335,1.59,0.9816743029795214,0.8397152375777236
2025-11-24 10:00:00,2025-11-24,10,S032,9.335,3.37,1.5943991762017686,1.3754309737283223
2025-11-24 11:00:00,2025-11-24,11,S032,9.335,4.14,1.9190886837133356,1.6593125103504573
2025-11-24 12:00:00,2025-11-24,12,S032,9.335,4.06,1.9615635754183471,1.6964490276881723
2025-11-24 13:00:00,2025-11-24,13,S032,9.335,3.64,1.8165353521226233,1.5696483952984686
2025-11-24 14:00:00,2025-11-24,14,S032,9.335,2.73,1.4658189421943137,1.2630110970004929
2025-11-25 10:00:00,2025-11-25,10,S032,9.335,3.7,1.9115562107588535,1.652726741647085
2025-11-25 11:00:00,2025-11-25,11,S032,9.335,4.37,1.9761720060649033,1.709221426067675
2025-11-25 12:00:00,2025-11-25,12,S032,9.335,4.44,2.2736124777689226,1.9692786690875825
2025-11-25 13:00:00,2025-11-25,13,S032,9.335,4.07,1.8105885709677703,1.5644490237969575
2025-11-25 14:00:00,2025-11-25,14,S032,9.335,3.13,1.4973009623586084,1.2905363605321165
2025-11-26 10:00:00,2025-11-26,10,S032,9.335,3.51,1.5036014916403526,1.296045020013423
2025-11-26 11:00:00,2025-11-26,11,S032,9.335,4.14,1.8118879465016289,1.5655850898374897
2025-11-26 12:00:00,2025-11-26,12,S032,9.335,4.22,1.9458159304218123,1.6826805949043167
2025-11-26 13:00:00,2025-11-26,13,S032,9.335,3.85,1.6712868486550272,1.4426551682229747
2025-11-26 14:00:00,2025-11-26,14,S032,9.335,2.93,1.4123452991081726,1.2162581850126097
2025-11-27 10:00:00,2025-11-27,10,S032,9.335,3.52,1.5158169329219895,1.3067251872541985
2025-11-27 11:00:00,2025-11-27,11,S032,9.335,4.23,1.8399334080827565,1.5901057119849238
2025-11-27 12:00:00,2025-11-27,12,S032,9.335,4.44,1.8720092904462273,1.618150199297248
2025-11-27 13:00:00,2025-11-27,13,S032,9.335,4.1,1.9058919093061628,1.64777434693435
2025-11-27 14:00:00,2025-11-27,14,S032,9.335,3.2,1.5787712046095694,1.361767173429132
2025-11-28 10:00:00,2025-11-28,10,S032,9.335,3.29,1.4193671391585283,1.2223974987178388
2025-11-28 11:00:00,2025-11-28,11,S032,9.335,3.92,1.8313970773991497,1.5826422534637374
2025-11-28 12:00:00,2025-11-28,12,S032,9.335,4.06,1.8923665036939277,1.63594885568868
2025-11-28 13:00:00,2025-11-28,13,S032,9.335,3.71,1.7949436633046867,1.5507704160040976
2025-11-28 14:00:00,2025-11-28,14,S032,9.335,2.83,1.5839469415607201,1.3662924079219412
2025-11-29 10:00:00,2025-11-29,10,S032,9.335,3.17,1.5783565377863922,1.3614046232012174
2025-11-29 11:00:00,2025-11-29,11,S032,9.335,3.83,1.7467266297094473,1.5086134467405001
2025-11-29 12:00:00,2025-11-29,12,S032,9.335,3.96,1.8919653566716863,1.6355981260517476
2025-11-29 13:00:00,2025-11-29,13,S032,9.335,3.57,1.7113064240380627,1.477644960907596
2025-11-29 14:00:00,2025-11-29,14,S032,9.335,2.72,1.6387816563337974,1.4142353279421178
2025-11-30 10:00:00,2025-11-30,10,S032,9.335,3.01,1.320162538063459,1.1356612354653195
2025-11-30 11:00:00,2025-11-30,11,S032,9.335,3.58,1.2898709684353402,1.1091768030035762
2025-11-30 12:00:00,2025-11-30,12,S032,9.335,3.69,1.4750551363600781,1.2710864580197405
2025-11-30 13:00:00,2025-11-30,13,S032,9.335,3.38,1.476607043005342,1.2724433162888233
2025-11-30 14:00:00,2025-11-30,14,S032,9.335,2.61,1.4295397972835142,1.2312916260402311
2025-12-01 10:00:00,2025-12-01,10,S032,9.335,3.09,1.3500175191597235,1.1617639511779005
2025-12-01 11:00:00,2025-12-01,11,S032,9.335,3.66,1.3603858967785154,1.170829199369194
2025-12-01 12:00:00,2025-12-01,12,S032,9.335,3.86,1.4099540412794231,1.214167467785288
2025-12-01 13:00:00,2025-12-01,13,S032,9.335,3.48,1.4690465776800432,1.2658330733814585
2025-12-01 14:00:00,2025-12-01,14,S032,9.335,2.71,1.4145440159147888,1.2181805603626568
2025-12-02 10:00:00,2025-12-02,10,S032,9.335,0.45,1.1282394595216456,0.9678596367402367
2025-12-02 11:00:00,2025-12-02,11,S032,9.335,0.93,1.055063985717728,0.9038810804089425
2025-12-02 12:00:00,2025-12-02,12,S032,9.335,0.46,0.9880982998445954,0.8453318468586627
2025-12-02 13:00:00,2025-12-02,13,S032,9.335,0.67,0.9488369774770634,0.8110050076302193
2025-12-02 14:00:00,2025-12-02,14,S032,9.335,0.43,0.6356046194487806,0.5371406508841797
2025-12-03 10:00:00,2025-12-03,10,S032,9.335,3.47,1.325257419061665,1.1401157762287781
2025-12-03 11:00:00,2025-12-03,11,S032,9.335,4.22,1.6707617257849434,1.4421960444021362
2025-12-03 12:00:00,2025-12-03,12,S032,9.335,4.41,2.0255069942963244,1.7523558420077154
2025-12-03 13:00:00,2025-12-03,13,S032,9.335,4.05,1.8335137406569801,1.5844928880061027
2025-12-03 14:00:00,2025-12-03,14,S032,9.335,3.15,1.5550185681053519,1.3409998409664279
2025-12-04 10:00:00,2025-12-04,10,S032,9.335,3.31,1.1717156580434531,1.0058716135899044
2025-12-04 11:00:00,2025-12-04,11,S032,9.335,3.98,1.286652370245083,1.1063627280831327
2025-12-04 12:00:00,2025-12-04,12,S032,9.335,4.12,1.5598919965490288,1.3452607620100798
2025-12-04 13:00:00,2025-12-04,13,S032,9.335,3.8,1.4967083339371248,1.2900182154641529
2025-12-04 14:00:00,2025-12-04,14,S032,9.335,2.87,1.4785471222712827,1.2741395604557662
2025-12-05 10:00:00,2025-12-05,10,S032,9.335,3.3,1.278476797123309,1.0992146860094505
2025-12-05 11:00:00,2025-12-05,11,S032,9.335,3.93,1.4052487133055527,1.2100535198299913
2025-12-05 12:00:00,2025-12-05,12,S032,9.335,4.1,1.713896085219874,1.479909145547431
2025-12-05 13:00:00,2025-12-05,13,S032,9.335,3.78,1.6444928625891673,1.4192287323183974
2025-12-05 14:00:00,2025-12-05,14,S032,9.335,3.08,1.512509233085472,1.3038332092550573
2025-12-06 10:00:00,2025-12-06,10,S032,9.335,2.91,1.34300527299804,1.1556330255720566
2025-12-06 11:00:00,2025-12-06,11,S032,9.335,3.56,1.4255536043844277,1.2278064300628877
2025-12-06 12:00:00,2025-12-06,12,S032,9.335,3.74,1.7310832401579657,1.4949361662583305
2025-12-06 13:00:00,2025-12-06,13,S032,9.335,3.35,1.5649449659636319,1.349678658766017
2025-12-06 14:00:00,2025-12-06,14,S032,9.335,2.59,1.4770069634364222,1.2727929734963255
2025-12-07 10:00:00,2025-12-07,10,S032,9.335,1.4,1.6024515421108634,1.3824712936488424
2025-12-07 11:00:00,2025-12-07,11,S032,9.335,3.56,1.867089353819547,1.6138486153613527
2025-12-07 12:00:00,2025-12-07,12,S032,9.335,2.03,1.6525987888086155,1.4263158809255656
2025-12-07 13:00:00,2025-12-07,13,S032,9.335,1.71,1.4628767708559522,1.2604387067593026
2025-12-07 14:00:00,2025-12-07,14,S032,9.335,1.17,1.0090631541599884,0.8636617741289516
2025-12-08 10:00:00,2025-12-08,10,S032,9.335,2.88,1.2941002993561759,1.1128745786720662
2025-12-08 11:00:00,2025-12-08,11,S032,9.335,3.52,1.5272296301823507,1.3167035017987767
2025-12-08 12:00:00,2025-12-08,12,S032,9.335,3.71,1.7011502831824106,1.4687652749135829
2025-12-08 13:00:00,2025-12-08,13,S032,9.335,3.38,1.4286305149404743,1.2304966250845677
2025-12-08 14:00:00,2025-12-08,14,S032,9.335,2.61,1.2744454127276947,1.0956899783411538
2025-12-09 10:00:00,2025-12-09,10,S032,9.335,2.09,1.4301216390111082,1.2318003401190016
2025-12-09 11:00:00,2025-12-09,11,S032,9.335,2.42,1.5456376983402826,1.332797987619919
2025-12-09 12:00:00,2025-12-09,12,S032,9.335,2.86,1.128711001061272,0.9682719134961941
2025-12-09 13:00:00,2025-12-09,13,S032,9.335,3.01,1.4289562111921565,1.2307813868346724
2025-12-09 14:00:00,2025-12-09,14,S032,9.335,2.12,1.0676720186701534,0.9149044971979482
2025-12-10 10:00:00,2025-12-10,10,S032,9.335,2.39,1.3327831041169478,1.1466956101568941
2025-12-10 11:00:00,2025-12-10,11,S032,9.335,1.7,1.5562971936043415,1.3421177648999707
2025-12-10 12:00:00,2025-12-10,12,S032,9.335,2.17,1.5302313092165034,1.3193279206264512
2025-12-10 13:00:00,2025-12-10,13,S032,9.335,0.79,1.1975997291351144,1.0285024954186792
2025-12-10 14:00:00,2025-12-10,14,S032,9.335,1.64,1.1243887094366387,0.9644928607096295
2025-12-11 10:00:00,2025-12-11,10,S032,9.335,0.95,0.9192642348699193,0.7851490578097655
2025-12-11 11:00:00,2025-12-11,11,S032,9.335,1.52,1.2443616277770793,1.0693872155428015
2025-12-11 12:00:00,2025-12-11,12,S032,9.335,0.25,1.3022550493210094,1.1200044147068935
2025-12-11 13:00:00,2025-12-11,13,S032,9.335,0.43,0.9912574523945099,0.8480939474487518
2025-12-11 14:00:00,2025-12-11,14,S032,9.335,0.46,0.8821597099399954,0.7527079431169359
2025-12-12 10:00:00,2025-12-12,10,S032,9.335,0.56,1.267473406891872,1.0895942355338772
2025-12-12 11:00:00,2025-12-12,11,S032,9.335,1.36,1.1791960256338254,1.0124118256907761
2025-12-12 12:00:00,2025-12-12,12,S032,9.335,0.88,1.0848224045338415,0.9298993700842331
2025-12-12 13:00:00,2025-12-12,13,S032,9.335,1.11,0.9829213727193022,0.8408055717764391
2025-12-12 14:00:00,2025-12-12,14,S032,9.335,0.22,0.927730535605869,0.7925512879614155
2025-12-13 10:00:00,2025-12-13,10,S032,9.335,0.51,1.0795152183745391,0.9252592073220014
2025-12-13 11:00:00,2025-12-13,11,S032,9.335,0.31,1.1293226670478937,0.9688067034298525
2025-12-13 12:00:00,2025-12-13,12,S032,9.335,0.22,1.2498650742062416,1.0741989719835991
2025-12-13 13:00:00,2025-12-13,13,S032,9.335,0.63,1.1124414240416005,0.9540471467030388
2025-12-13 14:00:00,2025-12-13,14,S032,9.335,0.2,1.1467846543061428,0.9840740146938954
2025-12-14 10:00:00,2025-12-14,10,S032,9.335,3.47,1.411502407725268,1.2155212307980485
2025-12-14 11:00:00,2025-12-14,11,S032,9.335,4.19,1.5345765301373038,1.3231270208850743
2025-12-14 12:00:00,2025-12-14,12,S032,9.335,4.33,1.83532759319398,1.5860787700056656
2025-12-14 13:00:00,2025-12-14,13,S032,9.335,4.12,1.5261019477511029,1.3157175499463196
2025-12-14 14:00:00,2025-12-14,14,S032,9.335,3.16,1.533900947321702,1.3225363473850946
2025-12-15 10:00:00,2025-12-15,10,S032,9.335,3.51,1.4375769852813067,1.2383186756557873
2025-12-15 11:00:00,2025-12-15,11,S032,9.335,4.36,1.6780247863104438,1.4485462612550328
2025-12-15 12:00:00,2025-12-15,12,S032,9.335,4.57,1.7447086892126686,1.5068491271804754
2025-12-15 13:00:00,2025-12-15,13,S032,9.335,4.18,1.1520418701245347,0.9886704875405767
2025-12-15 14:00:00,2025-12-15,14,S032,9.335,3.21,1.3968471918540097,1.2027079273040524
2025-12-16 10:00:00,2025-12-16,10,S032,9.335,2.98,1.488023486054411,1.2824249058399224
2025-12-16 11:00:00,2025-12-16,11,S032,9.335,3.69,1.5599612129902352,1.3453212791171454
2025-12-16 12:00:00,2025-12-16,12,S032,9.335,3.91,1.534363295557828,1.322940586280068
2025-12-16 13:00:00,2025-12-16,13,S032,9.335,3.63,1.1085426787478283,0.9506384076483745
2025-12-16 14:00:00,2025-12-16,14,S032,9.335,2.83,1.461808208832705,1.2595044448810537
2025-12-17 10:00:00,2025-12-17,10,S032,9.335,3.29,1.163650803436692,0.9988203745894574
2025-12-17 11:00:00,2025-12-17,11,S032,9.335,4.1,1.3604914764868294,1.1709215094966814
2025-12-17 12:00:00,2025-12-17,12,S032,9.335,4.35,1.123385829046549,0.9636160253958899
2025-12-17 13:00:00,2025-12-17,13,S032,9.335,4.04,1.597650491405196,1.3782736536876032
2025-12-17 14:00:00,2025-12-17,14,S032,9.335,3.23,1.5343961555007815,1.3229693162848364
2025-12-18 10:00:00,2025-12-18,10,S032,9.335,3.26,1.3044396655728263,1.1219144617030175
2025-12-18 11:00:00,2025-12-18,11,S032,9.335,3.91,1.5490234186488574,1.335758180239438
2025-12-18 12:00:00,2025-12-18,12,S032,9.335,4.42,1.7214048938956101,1.4864742241710254
2025-12-18 13:00:00,2025-12-18,13,S032,9.335,2.59,1.2929254716073335,1.1118474068697997
2025-12-18 14:00:00,2025-12-18,14,S032,9.335,2.61,1.149953739113475,0.9868447992248963
2025-12-19 10:00:00,2025-12-19,10,S032,9.335,2.89,1.1758680722691248,1.0095021396888522
2025-12-19 11:00:00,2025-12-19,11,S032,9.335,3.55,1.1686835407981468,1.0032205821185982
2025-12-19 12:00:00,2025-12-19,12,S032,9.335,3.67,1.3239879394142515,1.139005848668198
2025-12-19 13:00:00,2025-12-19,13,S032,9.335,2.15,1.0712401346357932,0.9180241614302015
2025-12-19 14:00:00,2025-12-19,14,S032,9.335,1.51,0.9329886046929732,0.7971485068353864
2025-12-20 10:00:00,2025-12-20,10,S032,9.335,1.03,1.3663000253810742,1.176000022191103
2025-12-20 11:00:00,2025-12-20,11,S032,9.335,1.84,1.605605094045971,1.3852284975265319
2025-12-20 12:00:00,2025-12-20,12,S032,9.335,2.71,1.552624695479188,1.3389068375774322
2025-12-20 13:00:00,2025-12-20,13,S032,9.335,3.73,1.1116351771539752,0.9533422313914538
2025-12-20 14:00:00,2025-12-20,14,S032,9.335,1.86,0.8361705353140257,0.7124988286898585
2025-12-21 10:00:00,2025-12-21,10,S032,9.335,3.46,1.2634703231836908,1.0860942716360138
2025-12-21 11:00:00,2025-12-21,11,S032,9.335,4.15,1.3861294505281538,1.1933372245054896
2025-12-21 12:00:00,2025-12-21,12,S032,9.335,4.41,1.5235961156662414,1.3135266585060035
2025-12-21 13:00:00,2025-12-21,13,S032,9.335,4.12,1.6157151714165665,1.3940679094352493
2025-12-21 14:00:00,2025-12-21,14,S032,9.335,2.66,1.451595245320493,1.250575077875841
2025-12-22 10:00:00,2025-12-22,10,S032,9.335,2.09,1.0019051255162676,0.8574033884295237
2025-12-22 11:00:00,2025-12-22,11,S032,9.335,1.75,0.9173855648836686,0.7835065048163223
2025-12-22 12:00:00,2025-12-22,12,S032,9.335,5.09,0.9882416946157464,0.8454572193361718
2025-12-22 13:00:00,2025-12-22,13,S032,9.335,1.91,1.0557617465217417,0.9044911444998835
2025-12-22 14:00:00,2025-12-22,14,S032,9.335,2.32,0.878515631543476,0.7495218636445692
2025-12-23 10:00:00,2025-12-23,10,S032,9.335,0.27,0.5921367364369058,0.49913594442570997
2025-12-23 11:00:00,2025-12-23,11,S032,9.335,0.3,0.597816137804015,0.5041015412494121
2025-12-23 12:00:00,2025-12-23,12,S032,9.335,0.73,0.6452861417772059,0.5456053698598521
2025-12-23 13:00:00,2025-12-23,13,S032,9.335,0.61,0.6332872899583774,0.5351145704554119
2025-12-23 14:00:00,2025-12-23,14,S032,9.335,0.12,0.7774032416005078,0.661117588284597
2025-12-24 10:00:00,2025-12-24,10,S032,9.335,1.18,1.1903139731041004,1.0221324355008528
2025-12-24 11:00:00,2025-12-24,11,S032,9.335,1.34,1.2691894494254,1.0910946005905136
2025-12-24 12:00:00,2025-12-24,12,S032,9.335,2.25,1.4970623597815527,1.2903277462570955
2025-12-24 13:00:00,2025-12-24,13,S032,9.335,2.56,1.3566954244803975,1.167602556922752
2025-12-24 14:00:00,2025-12-24,14,S032,9.335,2.21,1.2871376947201099,1.1067870554929924
2025-12-25 10:00:00,2025-12-25,10,S032,9.335,3.65,1.389854318816157,1.1965939399485523
2025-12-25 11:00:00,2025-12-25,11,S032,9.335,4.51,1.5964079008093324,1.3771872356802906
2025-12-25 12:00:00,2025-12-25,12,S032,9.335,4.79,1.9958578274540548,1.726433073183873
2025-12-25 13:00:00,2025-12-25,13,S032,9.335,4.51,1.737700300880103,1.500721574539981
2025-12-25 14:00:00,2025-12-25,14,S032,9.335,3.68,1.2137640705739268,1.0426352529608103
2025-12-26 10:00:00,2025-12-26,10,S032,9.335,3.52,1.2857773342387073,1.1055976692797442
2025-12-26 11:00:00,2025-12-26,11,S032,9.335,4.21,1.585020178775616,1.3672307573994456
2025-12-26 12:00:00,2025-12-26,12,S032,9.335,4.56,1.7530732316478987,1.5141623883260318
2025-12-26 13:00:00,2025-12-26,13,S032,9.335,3.95,1.6792400428399346,1.4496087806250793
2025-12-26 14:00:00,2025-12-26,14,S032,9.335,3.51,1.273636113078873,1.0949823939487413
2025-12-27 10:00:00,2025-12-27,10,S032,9.335,3.21,1.4448643360418625,1.2446901298726667
2025-12-27 11:00:00,2025-12-27,11,S032,9.335,4.03,1.6040072489579549,1.3838314744987583
2025-12-27 12:00:00,2025-12-27,12,S032,9.335,4.27,1.7632527320340126,1.5230624979532348
2025-12-27 13:00:00,2025-12-27,13,S032,9.335,4.0,1.3630127423281968,1.173125894931757
2025-12-27 14:00:00,2025-12-27,14,S032,9.335,3.19,1.49295761013431,1.2867388941065006
2025-12-28 10:00:00,2025-12-28,10,S032,9.335,3.03,1.4434627234958746,1.2434646762805461
2025-12-28 11:00:00,2025-12-28,11,S032,9.335,3.83,1.4905207672243714,1.2846083210704886
2025-12-28 12:00:00,2025-12-28,12,S032,9.335,4.09,1.7824687351830444,1.5398633750234267
2025-12-28 13:00:00,2025-12-28,13,S032,9.335,3.87,1.642194737339974,1.4172194424830373
2025-12-28 14:00:00,2025-12-28,14,S032,9.335,3.1,1.4759221057345058,1.2718444640301687
2025-12-29 10:00:00,2025-12-29,10,S032,9.335,2.72,1.061560651991905,0.9095612257852722
2025-12-29 11:00:00,2025-12-29,11,S032,9.335,3.5,1.1001938200217145,0.9433388590353787
2025-12-29 12:00:00,2025-12-29,12,S032,9.335,3.85,1.5686232676313874,1.352894660224164
2025-12-29 13:00:00,2025-12-29,13,S032,9.335,3.79,1.1774685186336096,1.010901437056708
2025-12-29 14:00:00,2025-12-29,14,S032,9.335,2.92,1.378781347063809,1.1869126531705434
2025-12-30 10:00:00,2025-12-30,10,S032,9.335,3.19,1.1752144732245364,1.0089306869722723
2025-12-30 11:00:00,2025-12-30,11,S032,9.335,4.05,1.3304437808124239,1.144650300163868
2025-12-30 12:00:00,2025-12-30,12,S032,9.335,4.36,1.6716221211480484,1.4429483026431023
2025-12-30 13:00:00,2025-12-30,13,S032,9.335,4.12,1.530669865081356,1.31971135744818
2025-12-30 14:00:00,2025-12-30,14,S032,9.335,3.36,1.370568890329156,1.1797323631293166
2025-12-31 10:00:00,2025-12-31,10,S032,9.335,1.94,1.199559268056788,1.0302157534922736
2025-12-31 11:00:00,2025-12-31,11,S032,9.335,1.87,1.6190326212927393,1.3969684120592254
2025-12-31 12:00:00,2025-12-31,12,S032,9.335,3.06,1.6284977220924004,1.4052439100261425
2025-12-31 13:00:00,2025-12-31,13,S032,9.335,2.19,1.4242803100256565,1.2266931672355468
2025-12-31 14:00:00,2025-12-31,14,S032,9.335,2.99,1.1940807268262872,1.0254257720885571
2025-09-01 10:00:00,2025-09-01,10,S050,2.55,0.68,1.1850234922103657,1.2600159783118587
2025-09-01 11:00:00,2025-09-01,11,S050,2.55,0.9,1.325037658208696,1.400557743258484
2025-09-01 12:00:00,2025-09-01,12,S050,2.55,1.2,1.3161086412983511,1.3765902347889982
2025-09-01 13:00:00,2025-09-01,13,S050,2.55,1.56,1.2042335754468372,1.3212688399288595
2025-09-01 14:00:00,2025-09-01,14,S050,2.55,0.59,1.1875353358830456,1.2772899393548292
2025-09-02 10:00:00,2025-09-02,10,S050,2.55,1.35,1.0551368770316214,1.111188511689034
2025-09-02 11:00:00,2025-09-02,11,S050,2.55,0.49,1.1493977789399141,1.220302323658354
2025-09-02 12:00:00,2025-09-02,12,S050,2.55,0.63,1.2345020417678467,1.2969817583051209
2025-09-02 13:00:00,2025-09-02,13,S050,2.55,0.97,1.147021795656571,1.262717201674412
2025-09-02 14:00:00,2025-09-02,14,S050,2.55,0.32,0.9432906990837421,1.020951812369812
2025-09-03 10:00:00,2025-09-03,10,S050,2.55,0.7,0.7048222511096071,0.7462651311408223
2025-09-03 11:00:00,2025-09-03,11,S050,2.55,0.39,0.8064547101363075,0.8488331519019962
2025-09-03 12:00:00,2025-09-03,12,S050,2.55,1.89,0.9458568910398365,0.9871122326696025
2025-09-03 13:00:00,2025-09-03,13,S050,2.55,1.45,1.0322248461125971,1.1417977868039926
2025-09-03 14:00:00,2025-09-03,14,S050,2.55,0.3,0.9896461772192393,1.0714781461730856
2025-09-04 10:00:00,2025-09-04,10,S050,2.55,1.53,1.1479954958434861,1.2213278647222872
2025-09-04 11:00:00,2025-09-04,11,S050,2.55,1.6,1.2358197225582936,1.3119155547483434
2025-09-04 12:00:00,2025-09-04,12,S050,2.55,1.56,1.32908287535131,1.395228991218328
2025-09-04 13:00:00,2025-09-04,13,S050,2.55,1.12,1.2173565882262494,1.3380933193780442
2025-09-04 14:00:00,2025-09-04,14,S050,2.55,1.27,1.1225184528347663,1.210215596269086
2025-09-05 10:00:00,2025-09-05,10,S050,2.55,1.41,1.149389599276396,1.2125157943109988
2025-09-05 11:00:00,2025-09-05,11,S050,2.55,1.58,1.1935266827875965,1.255163723386273
2025-09-05 12:00:00,2025-09-05,12,S050,2.55,1.65,1.1890299132975606,1.236566301871509
2025-09-05 13:00:00,2025-09-05,13,S050,2.55,1.59,1.1555705222830692,1.2666407029780518
2025-09-05 14:00:00,2025-09-05,14,S050,2.55,0.51,1.0027701450828614,1.064048828709817
2025-09-06 10:00:00,2025-09-06,10,S050,2.55,0.54,0.7675839033436608,0.8113034419154066
2025-09-06 11:00:00,2025-09-06,11,S050,2.55,0.33,0.7904153319926392,0.8345965748371655
2025-09-06 12:00:00,2025-09-06,12,S050,2.55,0.77,0.9191524933311803,0.9560615826620483
2025-09-06 13:00:00,2025-09-06,13,S050,2.55,0.42,0.8706979221358709,0.9497668159992957
2025-09-06 14:00:00,2025-09-06,14,S050,2.55,0.79,0.7889574700290153,0.8525973572465606
2025-09-07 10:00:00,2025-09-07,10,S050,2.55,0.42,0.5938862192485866,0.6357410727238628
2025-09-07 11:00:00,2025-09-07,11,S050,2.55,0.8,0.5731797259602462,0.6107669470831851
2025-09-07 12:00:00,2025-09-07,12,S050,2.55,0.65,1.1108088285226052,1.1701075309840387
2025-09-07 13:00:00,2025-09-07,13,S050,2.55,0.88,1.02620861549987,1.1289943746134325
2025-09-07 14:00:00,2025-09-07,14,S050,2.55,0.14,0.7966710737246911,0.8569685304323467
2025-09-08 10:00:00,2025-09-08,10,S050,2.55,0.27,0.40093911902349655,0.41754470456969
2025-09-08 11:00:00,2025-09-08,11,S050,2.55,0.45,0.5101887899702072,0.5363074654682861
2025-09-08 12:00:00,2025-09-08,12,S050,2.55,1.51,0.6338448367607287,0.6563457399491446
2025-09-08 13:00:00,2025-09-08,13,S050,2.55,0.39,0.7390490655182574,0.811806203606502
2025-09-08 14:00:00,2025-09-08,14,S050,2.55,0.27,0.6351092779328824,0.6881160163418111
2025-09-09 10:00:00,2025-09-09,10,S050,2.55,1.39,1.2636353779604552,1.3320402750952618
2025-09-09 11:00:00,2025-09-09,11,S050,2.55,1.51,1.3192649289731844,1.3908629004295585
2025-09-09 12:00:00,2025-09-09,12,S050,2.55,1.16,1.381963438283576,1.4379857545097938
2025-09-09 13:00:00,2025-09-09,13,S050,2.55,1.62,1.2408236961799803,1.3574042949750618
2025-09-09 14:00:00,2025-09-09,14,S050,2.55,0.42,1.1164140428611775,1.2005391652303277
2025-09-10 10:00:00,2025-09-10,10,S050,2.55,1.36,1.1511978938357001,1.2183167278274734
2025-09-10 11:00:00,2025-09-10,11,S050,2.55,1.47,1.3765768990375982,1.4443444689037808
2025-09-10 12:00:00,2025-09-10,12,S050,2.55,1.49,1.5119325227448224,1.5656698357990144
2025-09-10 13:00:00,2025-09-10,13,S050,2.55,1.43,1.4537526516547914,1.5766469195442037
2025-09-10 14:00:00,2025-09-10,14,S050,2.55,1.32,1.2963081422756448,1.3806324593597885
2025-09-11 10:00:00,2025-09-11,10,S050,2.55,0.36,0.7589315843382205,0.7968372571312247
2025-09-11 11:00:00,2025-09-11,11,S050,2.55,0.56,0.9898667384192077,1.0497781972966571
2025-09-11 12:00:00,2025-09-11,12,S050,2.55,0.23,1.0376883613240724,1.0902931237953115
2025-09-11 13:00:00,2025-09-11,13,S050,2.55,0.14,0.8057238713941796,0.8807535006295248
2025-09-11 14:00:00,2025-09-11,14,S050,2.55,0.17,0.5265249032299074,0.5661852020975864
2025-09-12 10:00:00,2025-09-12,10,S050,2.55,0.14,0.2260688447247114,0.25329248930089954
2025-09-12 11:00:00,2025-09-12,11,S050,2.55,0.07,0.21251610142283872,0.23741540500807617
2025-09-12 12:00:00,2025-09-12,12,S050,2.55,0.08,0.1972671782987322,0.2177451503654315
2025-09-12 13:00:00,2025-09-12,13,S050,2.55,0.06,0.17962951098188185,0.2083270794959112
2025-09-12 14:00:00,2025-09-12,14,S050,2.55,0.51,0.2011302526284949,0.2285238063140233
2025-09-13 10:00:00,2025-09-13,10,S050,2.55,0.59,0.3920322876468884,0.4190658970103337
2025-09-13 11:00:00,2025-09-13,11,S050,2.55,0.4,0.5433933406398411,0.5707449795779661
2025-09-13 12:00:00,2025-09-13,12,S050,2.55,0.83,0.7413479631675869,0.7701252239644107
2025-09-13 13:00:00,2025-09-13,13,S050,2.55,0.49,0.9073380972573301,0.993966714048676
2025-09-13 14:00:00,2025-09-13,14,S050,2.55,0.3,0.9474290502189961,1.0159765734333253
2025-09-14 10:00:00,2025-09-14,10,S050,2.55,0.75,1.1270114052879443,1.1920280445041413
2025-09-14 11:00:00,2025-09-14,11,S050,2.55,1.26,1.235902539635228,1.3058422133583565
2025-09-14 12:00:00,2025-09-14,12,S050,2.55,1.31,1.200752471952214,1.2594469554609546
2025-09-14 13:00:00,2025-09-14,13,S050,2.55,0.68,0.9879748171559123,1.0871699371555772
2025-09-14 14:00:00,2025-09-14,14,S050,2.55,1.17,0.8391584935188093,0.899261485893401
2025-09-15 10:00:00,2025-09-15,10,S050,2.55,0.52,0.5651855849100066,0.5989018188363538
2025-09-15 11:00:00,2025-09-15,11,S050,2.55,0.49,0.7358639865982551,0.7765738161280457
2025-09-15 12:00:00,2025-09-15,12,S050,2.55,0.61,0.897208659622769,0.9394968458660402
2025-09-15 13:00:00,2025-09-15,13,S050,2.55,0.58,0.81282308840278,0.8902857511169351
2025-09-15 14:00:00,2025-09-15,14,S050,2.55,0.51,0.6190473773746435,0.6647168283852449
2025-09-16 10:00:00,2025-09-16,10,S050,2.55,0.44,0.9073301292215284,0.9561606703742234
2025-09-16 11:00:00,2025-09-16,11,S050,2.55,1.28,1.0704295797355519,1.1354753517462157
2025-09-16 12:00:00,2025-09-16,12,S050,2.55,0.81,1.0386344189450147,1.089360407267783
2025-09-16 13:00:00,2025-09-16,13,S050,2.55,1.39,0.8329169224471524,0.9098798863564341
2025-09-16 14:00:00,2025-09-16,14,S050,2.55,1.22,0.8731570307496193,0.94001700687783
2025-09-17 10:00:00,2025-09-17,10,S050,2.55,0.24,0.45160908243185977,0.47153904634204963
2025-09-17 11:00:00,2025-09-17,11,S050,2.55,0.59,0.6250182872202823,0.6597768452912635
2025-09-17 12:00:00,2025-09-17,12,S050,2.55,0.37,1.0831031948158258,1.1363277452219873
2025-09-17 13:00:00,2025-09-17,13,S050,2.55,0.48,1.0526802976682264,1.1544883616488495
2025-09-17 14:00:00,2025-09-17,14,S050,2.55,0.25,1.038295471840716,1.1162681474617748
2025-09-18 10:00:00,2025-09-18,10,S050,2.55,0.94,1.102015163761204,1.1506321189863464
2025-09-18 11:00:00,2025-09-18,11,S050,2.55,1.16,1.1766731704172853,1.2417809215814803
2025-09-18 12:00:00,2025-09-18,12,S050,2.55,0.53,1.2582557508549068,1.3053631199039748
2025-09-18 13:00:00,2025-09-18,13,S050,2.55,0.69,1.063707443150026,1.1671156387376111
2025-09-18 14:00:00,2025-09-18,14,S050,2.55,0.89,0.8212457710397194,0.8790855024461756
2025-09-19 10:00:00,2025-09-19,10,S050,2.55,0.18,0.3754850116276242,0.3857116204268285
2025-09-19 11:00:00,2025-09-19,11,S050,2.55,0.21,0.2974680216385451,0.3323206588179796
2025-09-19 12:00:00,2025-09-19,12,S050,2.55,0.09,0.28558973793020376,0.31523632549893904
2025-09-19 13:00:00,2025-09-19,13,S050,2.55,0.02,0.2273098053767969,0.26362476653242384
2025-09-19 14:00:00,2025-09-19,14,S050,2.55,0.04,0.16363783379746435,0.18592499212662036
2025-09-20 10:00:00,2025-09-20,10,S050,2.55,1.32,1.2940630555232135,1.3615082976343789
2025-09-20 11:00:00,2025-09-20,11,S050,2.55,1.46,1.4273136053665296,1.4928954202328293
2025-09-20 12:00:00,2025-09-20,12,S050,2.55,1.53,1.473209485453043,1.5200588087830635
2025-09-20 13:00:00,2025-09-20,13,S050,2.55,1.48,1.3182489601240508,1.4313755634193654
2025-09-20 14:00:00,2025-09-20,14,S050,2.55,1.33,1.0917876848135843,1.1715934066375544
2025-09-21 10:00:00,2025-09-21,10,S050,2.55,0.64,0.905343963306649,0.9517312008997129
2025-09-21 11:00:00,2025-09-21,11,S050,2.55,1.31,1.0469262069438765,1.1072794198850417
2025-09-21 12:00:00,2025-09-21,12,S050,2.55,0.52,1.0273995971895942,1.073341466595936
2025-09-21 13:00:00,2025-09-21,13,S050,2.55,1.49,0.6484438552526064,0.7111482732164566
2025-09-21 14:00:00,2025-09-21,14,S050,2.55,0.66,0.5805347953725065,0.627678407036082
2025-09-22 10:00:00,2025-09-22,10,S050,2.55,0.35,0.5607244216022986,0.5983164257033792
2025-09-22 11:00:00,2025-09-22,11,S050,2.55,0.59,0.622541468728379,0.656210021524507
2025-09-22 12:00:00,2025-09-22,12,S050,2.55,0.46,0.6178973343318462,0.6446535085869884
2025-09-22 13:00:00,2025-09-22,13,S050,2.55,0.22,0.40904059292445566,0.45064621918218006
2025-09-22 14:00:00,2025-09-22,14,S050,2.55,0.24,0.36125137216908204,0.3823001920989981
2025-09-23 10:00:00,2025-09-23,10,S050,2.55,0.22,0.48228955707064525,0.51111661567926
2025-09-23 11:00:00,2025-09-23,11,S050,2.55,0.27,0.48763092987462936,0.5152910673192366
2025-09-23 12:00:00,2025-09-23,12,S050,2.55,0.81,0.5395977205149047,0.5667619058879338
2025-09-23 13:00:00,2025-09-23,13,S050,2.55,0.31,0.40615464355044284,0.44756716967840743
2025-09-23 14:00:00,2025-09-23,14,S050,2.55,0.18,0.4214146539940211,0.46081578421540415
2025-09-24 10:00:00,2025-09-24,10,S050,2.55,0.39,0.43228759730586686,0.4585323009648242
2025-09-24 11:00:00,2025-09-24,11,S050,2.55,0.27,0.8302193907898603,0.8762203792073296
2025-09-24 12:00:00,2025-09-24,12,S050,2.55,0.3,0.7694613766697956,0.7975473184758879
2025-09-24 13:00:00,2025-09-24,13,S050,2.55,0.22,0.7247230498919321,0.7906933247796052
2025-09-24 14:00:00,2025-09-24,14,S050,2.55,0.3,0.5810446269380859,0.6297731058197004
2025-09-25 10:00:00,2025-09-25,10,S050,2.55,0.53,0.9295692905080377,0.977127044316066
2025-09-25 11:00:00,2025-09-25,11,S050,2.55,0.83,1.121749027458592,1.182001112190996
2025-09-25 12:00:00,2025-09-25,12,S050,2.55,0.85,1.1569871073008928,1.2076451128968568
2025-09-25 13:00:00,2025-09-25,13,S050,2.55,1.07,1.0371379766938345,1.1361715720862857
2025-09-25 14:00:00,2025-09-25,14,S050,2.55,0.71,0.9782377097717788,1.0524157748305054
2025-09-26 10:00:00,2025-09-26,10,S050,2.55,0.19,0.8427992076074379,0.8862601788216584
2025-09-26 11:00:00,2025-09-26,11,S050,2.55,0.53,0.8317689055185298,0.8708270334756104
2025-09-26 12:00:00,2025-09-26,12,S050,2.55,0.35,0.8363948354581344,0.8678350983821795
2025-09-26 13:00:00,2025-09-26,13,S050,2.55,0.64,0.6049254991063728,0.665063818010332
2025-09-26 14:00:00,2025-09-26,14,S050,2.55,0.43,0.5525796983672768,0.5957772637375616
2025-09-27 10:00:00,2025-09-27,10,S050,2.55,0.18,0.3274903090126825,0.3449743708024365
2025-09-27 11:00:00,2025-09-27,11,S050,2.55,0.08,0.3337248567948138,0.34836697001531325
2025-09-27 12:00:00,2025-09-27,12,S050,2.55,0.05,0.4298867235027188,0.4489876267504434
2025-09-27 13:00:00,2025-09-27,13,S050,2.55,0.1,0.4186809148947926,0.4621142757692169
2025-09-27 14:00:00,2025-09-27,14,S050,2.55,0.19,0.354650431002995,0.38584381307885335
2025-09-28 10:00:00,2025-09-28,10,S050,2.55,0.45,0.391734755587729,0.40496513534020223
2025-09-28 11:00:00,2025-09-28,11,S050,2.55,0.42,0.4575212507934973,0.48243154991985276
2025-09-28 12:00:00,2025-09-28,12,S050,2.55,0.49,0.5308642127512563,0.5559738950607563
2025-09-28 13:00:00,2025-09-28,13,S050,2.55,0.26,0.5545843349431436,0.6117595799239758
2025-09-28 14:00:00,2025-09-28,14,S050,2.55,0.44,0.38544087826426726,0.4193925721652421
2025-09-29 10:00:00,2025-09-29,10,S050,2.55,0.42,0.5375910289410211,0.5714242613973393
2025-09-29 11:00:00,2025-09-29,11,S050,2.55,0.49,0.47674318800943627,0.4984645030318525
2025-09-29 12:00:00,2025-09-29,12,S050,2.55,1.38,0.6762377970688389,0.7060401346747236
2025-09-29 13:00:00,2025-09-29,13,S050,2.55,0.75,0.6905930439828263,0.7548730961442673
2025-09-29 14:00:00,2025-09-29,14,S050,2.55,1.22,0.5519942709212771,0.5987099890240012
2025-09-30 10:00:00,2025-09-30,10,S050,2.55,1.18,1.2712502453009524,1.3406134002306427
2025-09-30 11:00:00,2025-09-30,11,S050,2.55,1.35,1.3746216494283954,1.4402135036944934
2025-09-30 12:00:00,2025-09-30,12,S050,2.55,1.54,1.4642669837265478,1.5103025015353917
2025-09-30 13:00:00,2025-09-30,13,S050,2.55,1.31,1.3504170483587883,1.4622381883752962
2025-09-30 14:00:00,2025-09-30,14,S050,2.55,1.18,1.2257284019084596,1.3076452825027673
2025-10-01 10:00:00,2025-10-01,10,S050,2.55,0.2,0.9496441880386014,0.9833367866359628
2025-10-01 11:00:00,2025-10-01,11,S050,2.55,0.69,0.8186186178456648,0.8501469753729898
2025-10-01 12:00:00,2025-10-01,12,S050,2.55,0.77,0.9728863475959079,1.0002523829831356
2025-10-01 13:00:00,2025-10-01,13,S050,2.55,0.75,0.8483950172064988,0.9183799231231697
2025-10-01 14:00:00,2025-10-01,14,S050,2.55,0.54,0.855997737526226,0.910108413592971
2025-10-02 10:00:00,2025-10-02,10,S050,2.55,0.03,0.13161694355209458,0.1474665087402108
2025-10-02 11:00:00,2025-10-02,11,S050,2.55,0.04,0.23801948905099146,0.265906879594129
2025-10-02 12:00:00,2025-10-02,12,S050,2.55,0.16,0.23358632562769638,0.2578345269383228
2025-10-02 13:00:00,2025-10-02,13,S050,2.55,0.12,0.21463961104240228,0.24893038492495903
2025-10-02 14:00:00,2025-10-02,14,S050,2.55,0.19,0.17569461676601128,0.19962388575334714
2025-10-03 10:00:00,2025-10-03,10,S050,2.55,0.94,0.6402743505639484,0.6694515392730233
2025-10-03 11:00:00,2025-10-03,11,S050,2.55,0.71,0.7034813135513326,0.7287242957499208
2025-10-03 12:00:00,2025-10-03,12,S050,2.55,0.61,0.7286115715338904,0.7511659515063912
2025-10-03 13:00:00,2025-10-03,13,S050,2.55,0.94,0.7030472107713636,0.7613690637943242
2025-10-03 14:00:00,2025-10-03,14,S050,2.55,0.34,0.6385376896734024,0.684195648186617
2025-10-04 10:00:00,2025-10-04,10,S050,2.55,0.38,0.44538094946890594,0.46661927324734126
2025-10-04 11:00:00,2025-10-04,11,S050,2.55,0.43,0.41908910149835144,0.43317995294757244
2025-10-04 12:00:00,2025-10-04,12,S050,2.55,0.21,0.44228613722413723,0.4535112971920551
2025-10-04 13:00:00,2025-10-04,13,S050,2.55,0.36,0.34073032620823823,0.36765843374213103
2025-10-04 14:00:00,2025-10-04,14,S050,2.55,0.3,0.2274430922712109,0.2584204041231591
2025-10-05 10:00:00,2025-10-05,10,S050,2.55,0.33,0.42383663115842773,0.4440010994653488
2025-10-05 11:00:00,2025-10-05,11,S050,2.55,0.69,0.4571790878200387,0.4689744741491504
2025-10-05 12:00:00,2025-10-05,12,S050,2.55,0.62,0.5560929988614948,0.5711286716237838
2025-10-05 13:00:00,2025-10-05,13,S050,2.55,0.34,0.6342905372528134,0.6887714677412772
2025-10-05 14:00:00,2025-10-05,14,S050,2.55,0.17,0.6968292901610676,0.7502079556137697
2025-10-06 10:00:00,2025-10-06,10,S050,2.55,0.88,0.5888713055918083,0.6174946915777049
2025-10-06 11:00:00,2025-10-06,11,S050,2.55,0.75,0.7352219445431287,0.7605788429283219
2025-10-06 12:00:00,2025-10-06,12,S050,2.55,1.0,1.0860727844557396,1.137527005397964
2025-10-06 13:00:00,2025-10-06,13,S050,2.55,1.28,1.1185362822708667,1.222412747725368
2025-10-06 14:00:00,2025-10-06,14,S050,2.55,0.49,0.8295989134014651,0.8849642864755184
2025-10-07 10:00:00,2025-10-07,10,S050,2.55,0.81,0.5899167724353692,0.6188462084630086
2025-10-07 11:00:00,2025-10-07,11,S050,2.55,0.47,0.9002870489944023,0.9328206709025036
2025-10-07 12:00:00,2025-10-07,12,S050,2.55,0.51,0.9982940445198677,1.0471100120613512
2025-10-07 13:00:00,2025-10-07,13,S050,2.55,0.82,0.908475767696238,0.9821298466865691
2025-10-07 14:00:00,2025-10-07,14,S050,2.55,0.93,0.629688446927049,0.6742419492241073
2025-10-08 10:00:00,2025-10-08,10,S050,2.55,0.68,0.6662084436370865,0.6988485280366431
2025-10-08 11:00:00,2025-10-08,11,S050,2.55,0.49,0.7563110839551006,0.7840156504308944
2025-10-08 12:00:00,2025-10-08,12,S050,2.55,0.36,0.9282998548152179,0.9525637995885837
2025-10-08 13:00:00,2025-10-08,13,S050,2.55,0.81,0.614600469749923,0.6659327743307466
2025-10-08 14:00:00,2025-10-08,14,S050,2.55,0.33,0.500340612695278,0.5390310281992958
2025-10-09 10:00:00,2025-10-09,10,S050,2.55,1.16,1.128865484271706,1.1709813407133625
2025-10-09 11:00:00,2025-10-09,11,S050,2.55,1.3,1.241733835418587,1.303630497338353
2025-10-09 12:00:00,2025-10-09,12,S050,2.55,1.33,1.327582566932363,1.3750881249574456
2025-10-09 13:00:00,2025-10-09,13,S050,2.55,1.26,1.2118691538576356,1.3206741348157818
2025-10-09 14:00:00,2025-10-09,14,S050,2.55,1.08,1.119308640373287,1.200625882922984
2025-10-10 10:00:00,2025-10-10,10,S050,2.55,0.43,0.734364418125261,0.7670086505144976
2025-10-10 11:00:00,2025-10-10,11,S050,2.55,0.57,0.819063765502244,0.8475577688370595
2025-10-10 12:00:00,2025-10-10,12,S050,2.55,0.62,0.6544674886688515,0.6669516133474873
2025-10-10 13:00:00,2025-10-10,13,S050,2.55,0.51,0.7215715178374831,0.780124237719669
2025-10-10 14:00:00,2025-10-10,14,S050,2.55,0.49,0.7558780772137728,0.8143625132562905
2025-10-11 10:00:00,2025-10-11,10,S050,2.55,0.31,0.498595112813445,0.533215471043196
2025-10-11 11:00:00,2025-10-11,11,S050,2.55,0.15,0.6071270114810385,0.6446352566570095
2025-10-11 12:00:00,2025-10-11,12,S050,2.55,0.08,0.5583970750568105,0.5875692459747693
2025-10-11 13:00:00,2025-10-11,13,S050,2.55,0.21,0.5264096260237181,0.5858881530724821
2025-10-11 14:00:00,2025-10-11,14,S050,2.55,0.16,0.39878140644144017,0.4383218535166387
2025-10-12 10:00:00,2025-10-12,10,S050,2.55,0.15,0.25623523274485627,0.28709157171822175
2025-10-12 11:00:00,2025-10-12,11,S050,2.55,0.07,0.26527454057217,0.2725273951923934
2025-10-12 12:00:00,2025-10-12,12,S050,2.55,0.09,0.3378510800003739,0.35448198529672525
2025-10-12 13:00:00,2025-10-12,13,S050,2.55,0.11,0.32891048798420963,0.3513263413864354
2025-10-12 14:00:00,2025-10-12,14,S050,2.55,0.15,0.26929089265474354,0.28440093342120804
2025-10-13 10:00:00,2025-10-13,10,S050,2.55,0.19,0.2923897383418197,0.3275998723345656
2025-10-13 11:00:00,2025-10-13,11,S050,2.55,0.18,0.3969845219909423,0.4216473269610681
2025-10-13 12:00:00,2025-10-13,12,S050,2.55,0.12,0.4236907863495354,0.43336958655419244
2025-10-13 13:00:00,2025-10-13,13,S050,2.55,0.08,0.30851916879454727,0.327974497443801
2025-10-13 14:00:00,2025-10-13,14,S050,2.55,0.2,0.30647848172728137,0.32797069545508784
2025-10-14 10:00:00,2025-10-14,10,S050,2.55,1.2,0.9402924449516833,0.9843266631353341
2025-10-14 11:00:00,2025-10-14,11,S050,2.55,1.33,1.1305997254927065,1.1863817438584148
2025-10-14 12:00:00,2025-10-14,12,S050,2.55,1.35,1.116760458655072,1.1598605535101787
2025-10-14 13:00:00,2025-10-14,13,S050,2.55,1.41,0.8981281068436787,0.9774844419964833
2025-10-14 14:00:00,2025-10-14,14,S050,2.55,1.18,0.8550362027787558,0.9117025119302858
2025-10-15 10:00:00,2025-10-15,10,S050,2.55,0.2,0.28155106474157576,0.31545598483751214
2025-10-15 11:00:00,2025-10-15,11,S050,2.55,0.25,0.17719423627515526,0.19795507770331083
2025-10-15 12:00:00,2025-10-15,12,S050,2.55,0.28,0.1667499721474096,0.1840600046688181
2025-10-15 13:00:00,2025-10-15,13,S050,2.55,0.07,0.22846218220668701,0.2649612468141855
2025-10-15 14:00:00,2025-10-15,14,S050,2.55,0.14,0.13390713194398543,0.15214502584529807
2025-10-16 10:00:00,2025-10-16,10,S050,2.55,0.74,0.933855878649796,0.9777006451859861
2025-10-16 11:00:00,2025-10-16,11,S050,2.55,0.45,1.0687726375345545,1.1251540884085722
2025-10-16 12:00:00,2025-10-16,12,S050,2.55,0.18,0.8560985058227022,0.8855928440268456
2025-10-16 13:00:00,2025-10-16,13,S050,2.55,0.64,0.741069939988107,0.8078020225688747
2025-10-16 14:00:00,2025-10-16,14,S050,2.55,1.23,0.466499413827749,0.5057208363906286
2025-10-17 10:00:00,2025-10-17,10,S050,2.55,0.2,0.29326596262882487,0.3285816132335015
2025-10-17 11:00:00,2025-10-17,11,S050,2.55,0.11,0.38349125906029713,0.3848531330365137
2025-10-17 12:00:00,2025-10-17,12,S050,2.55,0.09,0.34290245428912053,0.34169263716571147
2025-10-17 13:00:00,2025-10-17,13,S050,2.55,0.07,0.30809861432875707,0.3291482773088483
2025-10-17 14:00:00,2025-10-17,14,S050,2.55,0.09,0.13343670266952504,0.15161052500817238
2025-10-18 10:00:00,2025-10-18,10,S050,2.55,0.63,0.607248497300483,0.6511930412142867
2025-10-18 11:00:00,2025-10-18,11,S050,2.55,0.6,0.6397278133104808,0.684211167384281
2025-10-18 12:00:00,2025-10-18,12,S050,2.55,0.59,0.5853303888196173,0.6222714554940761
2025-10-18 13:00:00,2025-10-18,13,S050,2.55,0.56,0.6642927781700343,0.7350443440225082
2025-10-18 14:00:00,2025-10-18,14,S050,2.55,0.52,0.5855794198690567,0.634245300212309
2025-10-19 10:00:00,2025-10-19,10,S050,2.55,0.81,1.0492419040495884,1.0943651505803111
2025-10-19 11:00:00,2025-10-19,11,S050,2.55,0.55,1.2454003011652157,1.3016934502592463
2025-10-19 12:00:00,2025-10-19,12,S050,2.55,0.57,1.321060688014654,1.3627716310621025
2025-10-19 13:00:00,2025-10-19,13,S050,2.55,0.41,1.1743028953759285,1.2752164321695454
2025-10-19 14:00:00,2025-10-19,14,S050,2.55,0.52,0.9439407834088938,1.0029526431664242
2025-10-20 10:00:00,2025-10-20,10,S050,2.55,0.28,0.7497215486121039,0.7908958858054892
2025-10-20 11:00:00,2025-10-20,11,S050,2.55,0.32,0.48679943027654776,0.5235311851451022
2025-10-20 12:00:00,2025-10-20,12,S050,2.55,0.5,0.46736985898686073,0.4975771822601751
2025-10-20 13:00:00,2025-10-20,13,S050,2.55,0.29,0.36059856504205084,0.38008812810034864
2025-10-20 14:00:00,2025-10-20,14,S050,2.55,0.47,0.31072353141941483,0.33482223543004574
2025-10-21 10:00:00,2025-10-21,10,S050,2.55,0.31,0.8466094335303872,0.8881266509779439
2025-10-21 11:00:00,2025-10-21,11,S050,2.55,1.16,1.1241562065530115,1.1702619798796892
2025-10-21 12:00:00,2025-10-21,12,S050,2.55,1.44,1.3171164945181433,1.3679040753153409
2025-10-21 13:00:00,2025-10-21,13,S050,2.55,0.75,1.1758448923860543,1.2765098925761305
2025-10-21 14:00:00,2025-10-21,14,S050,2.55,0.49,1.055318631685213,1.124069661722896
2025-10-22 10:00:00,2025-10-22,10,S050,2.55,1.15,1.2185631847230398,1.2669411829385686
2025-10-22 11:00:00,2025-10-22,11,S050,2.55,1.3,1.375002063209363,1.4295798855031183
2025-10-22 12:00:00,2025-10-22,12,S050,2.55,1.33,1.4518620465699852,1.484750494027585
2025-10-22 13:00:00,2025-10-22,13,S050,2.55,1.25,1.2897026372219906,1.3852966951541177
2025-10-22 14:00:00,2025-10-22,14,S050,2.55,1.04,1.1448551394351745,1.2147504225037768
2025-10-23 10:00:00,2025-10-23,10,S050,2.55,1.15,1.1092814394611024,1.1549207429938264
2025-10-23 11:00:00,2025-10-23,11,S050,2.55,1.29,1.3501056641264724,1.4045458614686173
2025-10-23 12:00:00,2025-10-23,12,S050,2.55,1.32,1.40920242347499,1.444881905013008
2025-10-23 13:00:00,2025-10-23,13,S050,2.55,1.22,1.237778113439977,1.3376181244829006
2025-10-23 14:00:00,2025-10-23,14,S050,2.55,1.02,1.132816368095325,1.200055584450589
2025-10-24 10:00:00,2025-10-24,10,S050,2.55,0.45,1.0294821763000521,1.0750255599012026
2025-10-24 11:00:00,2025-10-24,11,S050,2.55,0.58,1.1321906743088699,1.179823117362719
2025-10-24 12:00:00,2025-10-24,12,S050,2.55,0.88,1.1799439622180792,1.2193160465514585
2025-10-24 13:00:00,2025-10-24,13,S050,2.55,1.04,1.212948892666636,1.3168537575054076
2025-10-24 14:00:00,2025-10-24,14,S050,2.55,0.79,1.022239519269165,1.0902553400281074
2025-10-25 10:00:00,2025-10-25,10,S050,2.55,0.27,0.4422291073656691,0.47382872708108453
2025-10-25 11:00:00,2025-10-25,11,S050,2.55,0.26,0.4363442874636238,0.46840045961936544
2025-10-25 12:00:00,2025-10-25,12,S050,2.55,0.42,0.5168374357863919,0.5534114496712124
2025-10-25 13:00:00,2025-10-25,13,S050,2.55,0.29,0.5525510750608923,0.6186985803043352
2025-10-25 14:00:00,2025-10-25,14,S050,2.55,0.33,0.5924340526461779,0.6384484962506082
2025-10-26 10:00:00,2025-10-26,10,S050,2.55,0.37,1.068390735517586,1.1121156333454034
2025-10-26 11:00:00,2025-10-26,11,S050,2.55,0.95,1.1927539818614539,1.2467375769860671
2025-10-26 12:00:00,2025-10-26,12,S050,2.55,1.21,1.265210244649383,1.3104141500548678
2025-10-26 13:00:00,2025-10-26,13,S050,2.55,0.46,1.0536428950527776,1.1488993904638183
2025-10-26 14:00:00,2025-10-26,14,S050,2.55,0.93,0.5794276431507125,0.6198287639558967
2025-10-27 10:00:00,2025-10-27,10,S050,2.55,1.0,1.1429698925274103,1.1882096319912994
2025-10-27 11:00:00,2025-10-27,11,S050,2.55,1.14,1.3550005344102298,1.4088226628632878
2025-10-27 12:00:00,2025-10-27,12,S050,2.55,1.11,1.3972197586778758,1.4333649052933464
2025-10-27 13:00:00,2025-10-27,13,S050,2.55,1.07,1.2496907677369848,1.3468885888980768
2025-10-27 14:00:00,2025-10-27,14,S050,2.55,0.93,1.0696359544383374,1.1363368159314824
2025-10-28 10:00:00,2025-10-28,10,S050,2.55,0.08,1.1258562563108778,1.1683912072926124
2025-10-28 11:00:00,2025-10-28,11,S050,2.55,0.08,1.301434935915611,1.3551216504865629
2025-10-28 12:00:00,2025-10-28,12,S050,2.55,0.08,1.3476874889551744,1.3868423540171606
2025-10-28 13:00:00,2025-10-28,13,S050,2.55,0.08,1.2314022911221907,1.330993994851337
2025-10-28 14:00:00,2025-10-28,14,S050,2.55,0.08,1.09486729335723,1.1540085179889459
2025-10-29 10:00:00,2025-10-29,10,S050,2.55,0.08,1.075943509683467,1.1195293987559394
2025-10-29 11:00:00,2025-10-29,11,S050,2.55,0.08,1.2448897044045784,1.3027924298522073
2025-10-29 12:00:00,2025-10-29,12,S050,2.55,0.08,1.2859555807759426,1.3293896030688042
2025-10-29 13:00:00,2025-10-29,13,S050,2.55,0.08,1.1685716075902437,1.2674659567040794
2025-10-29 14:00:00,2025-10-29,14,S050,2.55,0.08,0.9523870336153886,1.0114160836733472
2025-10-30 10:00:00,2025-10-30,10,S050,2.55,0.08,0.5150902326706288,0.5506743274149393
2025-10-30 11:00:00,2025-10-30,11,S050,2.55,0.08,0.6465920355677202,0.6870754771939223
2025-10-30 12:00:00,2025-10-30,12,S050,2.55,0.08,0.8228527701577399,0.8588214121996943
2025-10-30 13:00:00,2025-10-30,13,S050,2.55,0.08,0.8036330760606991,0.880369732310555
2025-10-30 14:00:00,2025-10-30,14,S050,2.55,0.08,0.764851969828529,0.8162192647008941
2025-10-31 10:00:00,2025-10-31,10,S050,2.55,0.08,0.6566186061189336,0.6932009463316351
2025-10-31 11:00:00,2025-10-31,11,S050,2.55,0.08,0.865648445847666,0.9087214677624736
2025-10-31 12:00:00,2025-10-31,12,S050,2.55,0.08,0.856333457944143,0.8912857049493115
2025-10-31 13:00:00,2025-10-31,13,S050,2.55,0.08,0.8938274341542355,0.9772446066525032
2025-10-31 14:00:00,2025-10-31,14,S050,2.55,0.08,0.8113363954562793,0.8642352917183402
2025-11-01 10:00:00,2025-11-01,10,S050,2.55,0.08,0.8890211945505265,0.9296157793181095
2025-11-01 11:00:00,2025-11-01,11,S050,2.55,0.08,1.146166478907047,1.2014599337416065
2025-11-01 12:00:00,2025-11-01,12,S050,2.55,0.08,1.3012604072827092,1.343323405316747
2025-11-01 13:00:00,2025-11-01,13,S050,2.55,0.08,1.1897967561027345,1.2861208386733634
2025-11-01 14:00:00,2025-11-01,14,S050,2.55,0.08,1.0373622658225299,1.098153695944516
2025-11-02 10:00:00,2025-11-02,10,S050,2.55,0.08,1.1118342050837466,1.1533569039641214
2025-11-02 11:00:00,2025-11-02,11,S050,2.55,0.08,1.258475913715504,1.3090296878185999
2025-11-02 12:00:00,2025-11-02,12,S050,2.55,0.08,1.3113892261531161,1.3502892989570912
2025-11-02 13:00:00,2025-11-02,13,S050,2.55,0.08,1.214584284675139,1.3087517837513847
2025-11-02 14:00:00,2025-11-02,14,S050,2.55,0.08,1.055073033516705,1.1170453750319116
2025-11-03 10:00:00,2025-11-03,10,S050,2.55,0.08,1.0954305892680256,1.137098715289805
2025-11-03 11:00:00,2025-11-03,11,S050,2.55,0.08,1.2147275111083886,1.2660911244981174
2025-11-03 12:00:00,2025-11-03,12,S050,2.55,0.08,1.2726587685869666,1.311021454027999
2025-11-03 13:00:00,2025-11-03,13,S050,2.55,0.08,1.1945802608813887,1.2872769169322158
2025-11-03 14:00:00,2025-11-03,14,S050,2.55,0.08,1.0163652565036674,1.0751424137779326
2025-11-04 10:00:00,2025-11-04,10,S050,2.55,0.08,1.0143301095999806,1.0577036993054858
2025-11-04 11:00:00,2025-11-04,11,S050,2.55,0.08,1.1210088504331879,1.1711302993451667
2025-11-04 12:00:00,2025-11-04,12,S050,2.55,0.08,1.2502661294320716,1.2888810564683746
2025-11-04 13:00:00,2025-11-04,13,S050,2.55,0.08,1.1362764822917688,1.2309514168055309
2025-11-04 14:00:00,2025-11-04,14,S050,2.55,0.08,0.9808541545940325,1.0408660041080902
2025-11-05 10:00:00,2025-11-05,10,S050,2.55,0.08,1.0702391341536648,1.113986301434297
2025-11-05 11:00:00,2025-11-05,11,S050,2.55,0.08,1.2009053458361933,1.251519749014925
2025-11-05 12:00:00,2025-11-05,12,S050,2.55,0.08,1.2827484820523591,1.3235512357205115
2025-11-05 13:00:00,2025-11-05,13,S050,2.55,0.08,1.153703365522734,1.2459353405522233
2025-11-05 14:00:00,2025-11-05,14,S050,2.55,0.08,1.0244993841736516,1.0831879695034048
2025-11-06 10:00:00,2025-11-06,10,S050,2.55,0.08,0.5393128691719548,0.5705690735112553
2025-11-06 11:00:00,2025-11-06,11,S050,2.55,0.08,0.5353902560941592,0.5722618240133492
2025-11-06 12:00:00,2025-11-06,12,S050,2.55,0.08,0.5685185541503847,0.6012832123089504
2025-11-06 13:00:00,2025-11-06,13,S050,2.55,0.08,0.5718386438551697,0.6318527110630099
2025-11-06 14:00:00,2025-11-06,14,S050,2.55,0.08,0.5273087308566818,0.5677211193065289
2025-11-07 10:00:00,2025-11-07,10,S050,2.55,0.08,0.28060270663593384,0.314393423626925
2025-11-07 11:00:00,2025-11-07,11,S050,2.55,0.08,0.3463728296048553,0.3710766772472667
2025-11-07 12:00:00,2025-11-07,12,S050,2.55,0.08,0.34188642692093923,0.3625520011451558
2025-11-07 13:00:00,2025-11-07,13,S050,2.55,0.08,0.322524990539181,0.35677889295066684
2025-11-07 14:00:00,2025-11-07,14,S050,2.55,0.08,0.22587058580788083,0.2566337253030546
2025-11-08 10:00:00,2025-11-08,10,S050,2.55,0.08,0.1541167834848892,0.17267582262151618
2025-11-08 11:00:00,2025-11-08,11,S050,2.55,0.08,0.23139502205182533,0.25850626145253985
2025-11-08 12:00:00,2025-11-08,12,S050,2.55,0.08,0.34727291360366525,0.37129230602781566
2025-11-08 13:00:00,2025-11-08,13,S050,2.55,0.08,0.2580855953118733,0.2850116682386198
2025-11-08 14:00:00,2025-11-08,14,S050,2.55,0.08,0.25256759304598353,0.2733321314065067
2025-11-09 10:00:00,2025-11-09,10,S050,2.55,0.08,0.8441976045308393,0.8785642776972359
2025-11-09 11:00:00,2025-11-09,11,S050,2.55,0.08,1.0271999229418816,1.069335686026223
2025-11-09 12:00:00,2025-11-09,12,S050,2.55,0.08,1.121801186793829,1.1672392045918352
2025-11-09 13:00:00,2025-11-09,13,S050,2.55,0.08,1.1833114846667465,1.2778251712046393
2025-11-09 14:00:00,2025-11-09,14,S050,2.55,0.08,1.0018205535404134,1.0616907600390086
2025-11-10 10:00:00,2025-11-10,10,S050,2.55,0.08,1.0292352863398504,1.0686500173579552
2025-11-10 11:00:00,2025-11-10,11,S050,2.55,0.08,1.1609078020341206,1.2061384537183217
2025-11-10 12:00:00,2025-11-10,12,S050,2.55,0.08,1.2049180648320958,1.238370229356139
2025-11-10 13:00:00,2025-11-10,13,S050,2.55,0.08,1.1684677159720709,1.2605035401809104
2025-11-10 14:00:00,2025-11-10,14,S050,2.55,0.08,0.984619743984693,1.0405959860119072
2025-11-11 10:00:00,2025-11-11,10,S050,2.55,0.08,0.6044588864660463,0.635909007860957
2025-11-11 11:00:00,2025-11-11,11,S050,2.55,0.08,0.7097986762743593,0.7461243129469423
2025-11-11 12:00:00,2025-11-11,12,S050,2.55,0.08,0.761318951706137,0.7939700754690644
2025-11-11 13:00:00,2025-11-11,13,S050,2.55,0.08,0.8621990685799386,0.9370301778112463
2025-11-11 14:00:00,2025-11-11,14,S050,2.55,0.08,0.9194120360097148,0.9783849528965024
2025-11-12 10:00:00,2025-11-12,10,S050,2.55,0.08,1.0117426769913715,1.050665618864921
2025-11-12 11:00:00,2025-11-12,11,S050,2.55,0.08,1.1427151080564948,1.1899865217179568
2025-11-12 12:00:00,2025-11-12,12,S050,2.55,0.08,1.2315403386207684,1.2663543419602283
2025-11-12 13:00:00,2025-11-12,13,S050,2.55,0.08,1.1295791471447034,1.2209313933585322
2025-11-12 14:00:00,2025-11-12,14,S050,2.55,0.08,0.9502436267457663,1.0078133819717012
2025-11-13 10:00:00,2025-11-13,10,S050,2.55,0.08,0.9927258708255728,1.0319468710496118
2025-11-13 11:00:00,2025-11-13,11,S050,2.55,0.08,1.1437719178998518,1.1885057864321371
2025-11-13 12:00:00,2025-11-13,12,S050,2.55,0.08,1.1421324364843404,1.179112495455213
2025-11-13 13:00:00,2025-11-13,13,S050,2.55,0.08,1.107768684641684,1.1982484477294173
2025-11-13 14:00:00,2025-11-13,14,S050,2.55,0.08,0.9429892182013965,0.9991566353052936
2025-11-14 10:00:00,2025-11-14,10,S050,2.55,0.08,0.927278867593366,0.9703089644385142
2025-11-14 11:00:00,2025-11-14,11,S050,2.55,0.08,1.1155101712323878,1.1623622735197399
2025-11-14 12:00:00,2025-11-14,12,S050,2.55,0.08,1.1474202842649828,1.1799872227595765
2025-11-14 13:00:00,2025-11-14,13,S050,2.55,0.08,1.1030890992723446,1.1938846844517972
2025-11-14 14:00:00,2025-11-14,14,S050,2.55,0.08,0.9074184399721977,0.9636951370464
2025-11-15 10:00:00,2025-11-15,10,S050,2.55,0.08,0.8698857009826838,0.9087529206766917
2025-11-15 11:00:00,2025-11-15,11,S050,2.55,0.08,1.0573441951743654,1.1008375499283876
2025-11-15 12:00:00,2025-11-15,12,S050,2.55,0.08,1.1005728652231745,1.135245954768052
2025-11-15 13:00:00,2025-11-15,13,S050,2.55,0.08,0.9855578038068084,1.07016309948902
2025-11-15 14:00:00,2025-11-15,14,S050,2.55,0.08,0.8012488549406239,0.852517178138481
2025-11-16 10:00:00,2025-11-16,10,S050,2.55,0.08,0.9517147744858866,0.9913324478648637
2025-11-16 11:00:00,2025-11-16,11,S050,2.55,0.08,1.1217721462273973,1.1641036617619518
2025-11-16 12:00:00,2025-11-16,12,S050,2.55,0.08,1.1440536132720494,1.1790151022453275
2025-11-16 13:00:00,2025-11-16,13,S050,2.55,0.08,1.0395140810017798,1.1296523016406965
2025-11-16 14:00:00,2025-11-16,14,S050,2.55,0.08,0.8386938271779496,0.8903185793105742
2025-11-17 10:00:00,2025-11-17,10,S050,2.55,0.08,0.5620688539152052,0.5967211688049342
2025-11-17 11:00:00,2025-11-17,11,S050,2.55,0.08,0.5831091464814486,0.6170577210887391
2025-11-17 12:00:00,2025-11-17,12,S050,2.55,0.08,0.45093104041382964,0.47546679283206894
2025-11-17 13:00:00,2025-11-17,13,S050,2.55,0.08,0.6243930315177899,0.6813920699103123
2025-11-17 14:00:00,2025-11-17,14,S050,2.55,0.08,0.6303794575469995,0.6739071073518461
2025-11-18 10:00:00,2025-11-18,10,S050,2.55,0.08,1.0396447959179986,1.081325678917279
2025-11-18 11:00:00,2025-11-18,11,S050,2.55,0.08,1.2424414314235925,1.2904667245926496
2025-11-18 12:00:00,2025-11-18,12,S050,2.55,0.08,1.34303830152909,1.3751774421033292
2025-11-18 13:00:00,2025-11-18,13,S050,2.55,0.08,1.1977990550178652,1.29526354753428
2025-11-18 14:00:00,2025-11-18,14,S050,2.55,0.08,1.0152631890806352,1.0705101945416113
2025-11-19 10:00:00,2025-11-19,10,S050,2.55,0.08,1.0029135709009207,1.0446084701100946
2025-11-19 11:00:00,2025-11-19,11,S050,2.55,0.08,1.1941014049446326,1.2401026400693254
2025-11-19 12:00:00,2025-11-19,12,S050,2.55,0.08,1.2882546565077178,1.3229458010999422
2025-11-19 13:00:00,2025-11-19,13,S050,2.55,0.08,1.1507612057173764,1.2459169471099187
2025-11-19 14:00:00,2025-11-19,14,S050,2.55,0.08,0.9580953090511611,1.0138539695592779
2025-11-20 10:00:00,2025-11-20,10,S050,2.55,0.08,0.8645984438595086,0.9030194552302219
2025-11-20 11:00:00,2025-11-20,11,S050,2.55,0.08,1.0803172359984623,1.1243760177875068
2025-11-20 12:00:00,2025-11-20,12,S050,2.55,0.08,1.1816769637850633,1.2197792354661328
2025-11-20 13:00:00,2025-11-20,13,S050,2.55,0.08,1.0741551141856027,1.163697951013874
2025-11-20 14:00:00,2025-11-20,14,S050,2.55,0.08,0.93212782658604,0.9867068409875975
2025-11-21 10:00:00,2025-11-21,10,S050,2.55,0.08,0.9709615102000274,1.0111327205910368
2025-11-21 11:00:00,2025-11-21,11,S050,2.55,0.08,1.1800015109019069,1.2221141463097747
2025-11-21 12:00:00,2025-11-21,12,S050,2.55,0.08,1.2575114536912788,1.292541691308594
2025-11-21 13:00:00,2025-11-21,13,S050,2.55,0.08,1.1308078754833366,1.221558832371721
2025-11-21 14:00:00,2025-11-21,14,S050,2.55,0.08,0.9396107347074124,0.9937365498292825
2025-11-22 10:00:00,2025-11-22,10,S050,2.55,0.08,0.9424999209081153,0.9840702136283505
2025-11-22 11:00:00,2025-11-22,11,S050,2.55,0.08,1.1392894800202595,1.1815430247002183
2025-11-22 12:00:00,2025-11-22,12,S050,2.55,0.08,1.203078163683563,1.2376628291008192
2025-11-22 13:00:00,2025-11-22,13,S050,2.55,0.08,1.0737251186932193,1.1624847300255396
2025-11-22 14:00:00,2025-11-22,14,S050,2.55,0.08,0.902712787547395,0.9571526696543292
2025-11-23 10:00:00,2025-11-23,10,S050,2.55,0.08,0.7636623857580533,0.795901783465261
2025-11-23 11:00:00,2025-11-23,11,S050,2.55,0.08,0.9637899601774549,1.0058161624244566
2025-11-23 12:00:00,2025-11-23,12,S050,2.55,0.08,0.9173340955524689,0.94998996232356
2025-11-23 13:00:00,2025-11-23,13,S050,2.55,0.08,0.62311589614535,0.6759020819582298
2025-11-23 14:00:00,2025-11-23,14,S050,2.55,0.08,0.41534739342459726,0.44382409812439144
2025-11-24 10:00:00,2025-11-24,10,S050,2.55,0.08,0.9104405169227578,0.9509818174550972
2025-11-24 11:00:00,2025-11-24,11,S050,2.55,0.08,1.0569422542567668,1.0990161521077857
2025-11-24 12:00:00,2025-11-24,12,S050,2.55,0.08,1.1554006151311065,1.1900297395652264
2025-11-24 13:00:00,2025-11-24,13,S050,2.55,0.08,1.0593351755354243,1.147169669732304
2025-11-24 14:00:00,2025-11-24,14,S050,2.55,0.08,0.9143217969299743,0.9688702616419782
2025-11-25 10:00:00,2025-11-25,10,S050,2.55,0.08,0.9758354109291154,1.0156236762795232
2025-11-25 11:00:00,2025-11-25,11,S050,2.55,0.08,1.1684421682668749,1.2106930849996929
2025-11-25 12:00:00,2025-11-25,12,S050,2.55,0.08,1.26422068177846,1.3017983059297373
2025-11-25 13:00:00,2025-11-25,13,S050,2.55,0.08,1.1181634167999632,1.2050618603458556
2025-11-25 14:00:00,2025-11-25,14,S050,2.55,0.08,0.9404779503703529,0.9931647584761351
2025-11-26 10:00:00,2025-11-26,10,S050,2.55,0.08,0.9169963497709297,0.9571513730803335
2025-11-26 11:00:00,2025-11-26,11,S050,2.55,0.08,1.1001354075757652,1.140432853540624
2025-11-26 12:00:00,2025-11-26,12,S050,2.55,0.08,1.1689484181336371,1.2045884626861496
2025-11-26 13:00:00,2025-11-26,13,S050,2.55,0.08,1.055882025697508,1.1450528753971398
2025-11-26 14:00:00,2025-11-26,14,S050,2.55,0.08,0.9039740037518567,0.9579474599866862
2025-11-27 10:00:00,2025-11-27,10,S050,2.55,0.08,0.9750232610292886,1.0152289629826785
2025-11-27 11:00:00,2025-11-27,11,S050,2.55,0.08,1.1954985091239838,1.234496278307983
2025-11-27 12:00:00,2025-11-27,12,S050,2.55,0.08,1.2491476567645552,1.2846050887141522
2025-11-27 13:00:00,2025-11-27,13,S050,2.55,0.08,1.1315970129442066,1.2213408947299986
2025-11-27 14:00:00,2025-11-27,14,S050,2.55,0.08,0.9439695351836895,0.996837438987225
2025-11-28 10:00:00,2025-11-28,10,S050,2.55,0.08,0.9362543727930046,0.9760842099829664
2025-11-28 11:00:00,2025-11-28,11,S050,2.55,0.08,1.10033060472436,1.139671059701246
2025-11-28 12:00:00,2025-11-28,12,S050,2.55,0.08,1.1843338578968374,1.220768341029662
2025-11-28 13:00:00,2025-11-28,13,S050,2.55,0.08,1.0903915194400287,1.177847696376518
2025-11-28 14:00:00,2025-11-28,14,S050,2.55,0.08,0.9146187714764231,0.9690710321153149
2025-11-29 10:00:00,2025-11-29,10,S050,2.55,0.08,0.9146566884828161,0.9534444938949601
2025-11-29 11:00:00,2025-11-29,11,S050,2.55,0.08,1.081527147283532,1.1200138389385832
2025-11-29 12:00:00,2025-11-29,12,S050,2.55,0.08,1.1695410545198457,1.205892645794487
2025-11-29 13:00:00,2025-11-29,13,S050,2.55,0.08,1.0717058837928226,1.1577944830085387
2025-11-29 14:00:00,2025-11-29,14,S050,2.55,0.08,0.9084141174111846,0.9624706775151631
2025-11-30 10:00:00,2025-11-30,10,S050,2.55,0.08,0.910733509724493,0.9499187979977818
2025-11-30 11:00:00,2025-11-30,11,S050,2.55,0.08,1.058962332070082,1.0979676083440317
2025-11-30 12:00:00,2025-11-30,12,S050,2.55,0.08,1.1452901999022558,1.1804630713422388
2025-11-30 13:00:00,2025-11-30,13,S050,2.55,0.08,1.0583871461733818,1.1452141986167426
2025-11-30 14:00:00,2025-11-30,14,S050,2.55,0.08,0.899822450843932,0.9533497593632652
2025-12-01 10:00:00,2025-12-01,10,S050,2.55,0.08,0.9145858449335442,0.9495550133253133
2025-12-01 11:00:00,2025-12-01,11,S050,2.55,0.08,1.0890894872495764,1.1244688772063793
2025-12-01 12:00:00,2025-12-01,12,S050,2.55,0.08,1.1597598529756106,1.1943604634983778
2025-12-01 13:00:00,2025-12-01,13,S050,2.55,0.08,1.0577898945075321,1.1448031628817008
2025-12-01 14:00:00,2025-12-01,14,S050,2.55,0.08,0.8934816145169474,0.9453648869303533
2025-12-02 10:00:00,2025-12-02,10,S050,2.55,0.08,0.6034707085793782,0.6358545222709368
2025-12-02 11:00:00,2025-12-02,11,S050,2.55,0.08,0.6737830293442396,0.7042925005948761
2025-12-02 12:00:00,2025-12-02,12,S050,2.55,0.08,0.5941142198558033,0.617605667697317
2025-12-02 13:00:00,2025-12-02,13,S050,2.55,0.08,0.49456459885344595,0.544702293584691
2025-12-02 14:00:00,2025-12-02,14,S050,2.55,0.08,0.40066309732083655,0.4313424828636259
2025-12-03 10:00:00,2025-12-03,10,S050,2.55,0.08,0.981259777725689,1.0190920669399108
2025-12-03 11:00:00,2025-12-03,11,S050,2.55,0.08,1.1743626175754702,1.2137116248698276
2025-12-03 12:00:00,2025-12-03,12,S050,2.55,0.08,1.2708753322568558,1.3032558524674196
2025-12-03 13:00:00,2025-12-03,13,S050,2.55,0.08,1.1401767056963268,1.2245711289733967
2025-12-03 14:00:00,2025-12-03,14,S050,2.55,0.08,0.9857032114744022,1.039554036187748
2025-12-04 10:00:00,2025-12-04,10,S050,2.55,0.08,0.9299805856977161,0.9700952345903275
2025-12-04 11:00:00,2025-12-04,11,S050,2.55,0.08,1.0902587559196653,1.1288812667132797
2025-12-04 12:00:00,2025-12-04,12,S050,2.55,0.08,1.188591768211128,1.2220060189819504
2025-12-04 13:00:00,2025-12-04,13,S050,2.55,0.08,1.0898748966911018,1.1736790349171549
2025-12-04 14:00:00,2025-12-04,14,S050,2.55,0.08,0.9270688432140513,0.9809509725322335
2025-12-05 10:00:00,2025-12-05,10,S050,2.55,0.08,0.9052152139922951,0.9425092324500323
2025-12-05 11:00:00,2025-12-05,11,S050,2.55,0.08,1.1146279719105927,1.1532209665094508
2025-12-05 12:00:00,2025-12-05,12,S050,2.55,0.08,1.2021714654838727,1.2354919415365486
2025-12-05 13:00:00,2025-12-05,13,S050,2.55,0.08,1.1016660317444906,1.1878646856997586
2025-12-05 14:00:00,2025-12-05,14,S050,2.55,0.08,0.9250390174874868,0.9802175942872464
2025-12-06 10:00:00,2025-12-06,10,S050,2.55,0.08,0.8914252603674302,0.9252889599135523
2025-12-06 11:00:00,2025-12-06,11,S050,2.55,0.08,1.0988499574335142,1.1346819235160828
2025-12-06 12:00:00,2025-12-06,12,S050,2.55,0.08,1.1808331544395088,1.2137156067792707
2025-12-06 13:00:00,2025-12-06,13,S050,2.55,0.08,1.0876721887072687,1.170035764291317
2025-12-06 14:00:00,2025-12-06,14,S050,2.55,0.08,0.9119520839068137,0.9654537162971238
2025-12-07 10:00:00,2025-12-07,10,S050,2.55,0.08,0.5486771912668809,0.5807626644348243
2025-12-07 11:00:00,2025-12-07,11,S050,2.55,0.08,0.6535532570217911,0.6828757331640984
2025-12-07 12:00:00,2025-12-07,12,S050,2.55,0.08,0.6822563085676662,0.7062863207364198
2025-12-07 13:00:00,2025-12-07,13,S050,2.55,0.08,0.7948832706152422,0.8638803798971385
2025-12-07 14:00:00,2025-12-07,14,S050,2.55,0.08,0.7268064420796805,0.7732560278829707
2025-12-08 10:00:00,2025-12-08,10,S050,2.55,0.08,0.8902483662644992,0.9246568408602384
2025-12-08 11:00:00,2025-12-08,11,S050,2.55,0.08,1.071648237295208,1.1125296706690424
2025-12-08 12:00:00,2025-12-08,12,S050,2.55,0.08,1.1698998128690874,1.2016316843379722
2025-12-08 13:00:00,2025-12-08,13,S050,2.55,0.08,1.0630764819781768,1.1471898190214056
2025-12-08 14:00:00,2025-12-08,14,S050,2.55,0.08,0.9169612813772645,0.9699542892242006
2025-12-09 10:00:00,2025-12-09,10,S050,2.55,0.08,0.8452150883884982,0.8753240935785833
2025-12-09 11:00:00,2025-12-09,11,S050,2.55,0.08,0.933376747294216,0.9723118368184444
2025-12-09 12:00:00,2025-12-09,12,S050,2.55,0.08,1.140720241769722,1.1667020217280863
2025-12-09 13:00:00,2025-12-09,13,S050,2.55,0.08,0.9745982190320989,1.0526884680017843
2025-12-09 14:00:00,2025-12-09,14,S050,2.55,0.08,0.8696517454966957,0.9216533787105652
2025-12-10 10:00:00,2025-12-10,10,S050,2.55,0.08,0.7748260438270116,0.8047060293206656
2025-12-10 11:00:00,2025-12-10,11,S050,2.55,0.08,0.9327179277201202,0.9731519022859034
2025-12-10 12:00:00,2025-12-10,12,S050,2.55,0.08,0.9929040479735599,1.0199960595725763
2025-12-10 13:00:00,2025-12-10,13,S050,2.55,0.08,0.8792491729185931,0.9533203162275818
2025-12-10 14:00:00,2025-12-10,14,S050,2.55,0.08,0.7585075962654622,0.806456397906244
2025-12-11 10:00:00,2025-12-11,10,S050,2.55,0.45,0.6874037301398289,0.7195585001289375
2025-12-11 11:00:00,2025-12-11,11,S050,2.55,0.38,0.7865124573669743,0.8191760572083404
2025-12-11 12:00:00,2025-12-11,12,S050,2.55,0.63,0.8954611626763372,0.9234645845601724
2025-12-11 13:00:00,2025-12-11,13,S050,2.55,0.65,0.8090583581062367,0.8771060779427018
2025-12-11 14:00:00,2025-12-11,14,S050,2.55,0.48,0.6604931513189413,0.7017895975367162
2025-12-12 10:00:00,2025-12-12,10,S050,2.55,0.54,0.4222788402596221,0.4480646300377126
2025-12-12 11:00:00,2025-12-12,11,S050,2.55,0.37,0.5428270555817658,0.5738915965061603
2025-12-12 12:00:00,2025-12-12,12,S050,2.55,0.12,0.5835184358166874,0.6087592287333696
2025-12-12 13:00:00,2025-12-12,13,S050,2.55,0.28,0.4858701681979056,0.5336413804217515
2025-12-12 14:00:00,2025-12-12,14,S050,2.55,0.19,0.45121921850355806,0.4839084994133675
2025-12-13 11:00:00,2025-12-13,11,S050,2.55,0.01,0.49730043076822456,0.5286378954572379
2025-12-13 12:00:00,2025-12-13,12,S050,2.55,0.07,0.6192633496908845,0.6459318478033949
2025-12-13 13:00:00,2025-12-13,13,S050,2.55,0.19,0.8071983067721357,0.8753638681224447
2025-12-13 14:00:00,2025-12-13,14,S050,2.55,0.05,0.7560685882758386,0.8050766854020542
2025-12-14 10:00:00,2025-12-14,10,S050,2.55,0.64,0.8609822368460062,0.8956126568335829
2025-12-14 11:00:00,2025-12-14,11,S050,2.55,0.75,1.0962462589434128,1.1353094667291754
2025-12-14 12:00:00,2025-12-14,12,S050,2.55,0.8,1.1956770187594743,1.2253039890643282
2025-12-14 13:00:00,2025-12-14,13,S050,2.55,0.77,1.1095719478723935,1.1913032564786554
2025-12-14 14:00:00,2025-12-14,14,S050,2.55,0.58,0.9479795188374077,1.0018441283465476
2025-12-15 10:00:00,2025-12-15,10,S050,2.55,0.58,0.8416960202186821,0.8736856333597816
2025-12-15 11:00:00,2025-12-15,11,S050,2.55,0.73,0.9952737114037482,1.0352180253315515
2025-12-15 12:00:00,2025-12-15,12,S050,2.55,0.77,1.0544670809962846,1.0846218750688743
2025-12-15 13:00:00,2025-12-15,13,S050,2.55,0.71,0.9898263808689453,1.067769101080845
2025-12-15 14:00:00,2025-12-15,14,S050,2.55,0.56,0.888166905911322,0.9428153048795405
2025-12-16 10:00:00,2025-12-16,10,S050,2.55,0.51,0.7781484037027904,0.8093046878286936
2025-12-16 11:00:00,2025-12-16,11,S050,2.55,0.65,0.9962008890376213,1.0353541773587396
2025-12-16 12:00:00,2025-12-16,12,S050,2.55,0.71,1.070094741965579,1.0997142759243523
2025-12-16 13:00:00,2025-12-16,13,S050,2.55,0.66,0.9991224486668914,1.0796682433407598
2025-12-16 14:00:00,2025-12-16,14,S050,2.55,0.51,0.8745924040994827,0.9275948633114804
2025-12-17 10:00:00,2025-12-17,10,S050,2.55,0.54,0.8396561950287873,0.8698752514771441
2025-12-17 11:00:00,2025-12-17,11,S050,2.55,0.69,1.0651144089513644,1.1045681727915893
2025-12-17 12:00:00,2025-12-17,12,S050,2.55,0.76,1.179916604130539,1.208420819359938
2025-12-17 13:00:00,2025-12-17,13,S050,2.55,0.71,1.090987420593167,1.1753730414762549
2025-12-17 14:00:00,2025-12-17,14,S050,2.55,0.55,0.9198822212540186,0.9737785321137943
2025-12-18 10:00:00,2025-12-18,10,S050,2.55,0.54,0.8453320720748423,0.8736382614040727
2025-12-18 11:00:00,2025-12-18,11,S050,2.55,0.78,1.0510665242533117,1.0884795530486617
2025-12-18 12:00:00,2025-12-18,12,S050,2.55,0.77,1.1356019032333808,1.1613196927507397
2025-12-18 13:00:00,2025-12-18,13,S050,2.55,0.72,1.010976486992295,1.091807892364643
2025-12-18 14:00:00,2025-12-18,14,S050,2.55,0.58,0.8246866246823822,0.8737075709194216
2025-12-19 10:00:00,2025-12-19,10,S050,2.55,0.47,0.7705146387783861,0.8021413154110402
2025-12-19 11:00:00,2025-12-19,11,S050,2.55,0.33,0.9409199210805416,0.97889088099269
2025-12-19 12:00:00,2025-12-19,12,S050,2.55,0.48,1.0129487780871698,1.0394924731588508
2025-12-19 13:00:00,2025-12-19,13,S050,2.55,0.41,0.8798823585421489,0.9534403453100762
2025-12-19 14:00:00,2025-12-19,14,S050,2.55,0.38,0.751461090865846,0.7979956892384125
2025-12-20 10:00:00,2025-12-20,10,S050,2.55,0.41,0.6206067556048148,0.6535484106477489
2025-12-20 11:00:00,2025-12-20,11,S050,2.55,0.65,0.732760572787519,0.7613966410957451
2025-12-20 12:00:00,2025-12-20,12,S050,2.55,0.61,0.97384805106236,1.0009032991887594
2025-12-20 13:00:00,2025-12-20,13,S050,2.55,0.55,0.8335014419218796,0.9054619557021918
2025-12-20 14:00:00,2025-12-20,14,S050,2.55,0.23,0.616579711510676,0.6580536784919853
2025-12-21 10:00:00,2025-12-21,10,S050,2.55,0.56,0.863015457252094,0.8957743804829559
2025-12-21 11:00:00,2025-12-21,11,S050,2.55,0.71,1.1029477239231626,1.1412502411474053
2025-12-21 12:00:00,2025-12-21,12,S050,2.55,0.78,1.2057641625974602,1.2342036720928367
2025-12-21 13:00:00,2025-12-21,13,S050,2.55,0.74,1.1165953538086186,1.2005120802859905
2025-12-21 14:00:00,2025-12-21,14,S050,2.55,0.41,0.9512762758248682,1.0045962679175444
2025-12-22 10:00:00,2025-12-22,10,S050,2.55,0.2,0.4126974590141562,0.4403045357469276
2025-12-22 11:00:00,2025-12-22,11,S050,2.55,0.47,0.44356340733147487,0.46739196023905305
2025-12-22 12:00:00,2025-12-22,12,S050,2.55,0.31,0.528709481690146,0.5518289209718689
2025-12-22 13:00:00,2025-12-22,13,S050,2.55,0.41,0.5972497433318361,0.650875213279277
2025-12-22 14:00:00,2025-12-22,14,S050,2.55,0.33,0.6358272204898887,0.6768915300539319
2025-12-23 10:00:00,2025-12-23,10,S050,2.55,0.06,0.2130899702591532,0.2387506738388516
2025-12-23 11:00:00,2025-12-23,11,S050,2.55,0.06,0.1921814473556484,0.21469825511337043
2025-12-23 12:00:00,2025-12-23,12,S050,2.55,0.25,0.37753392582074063,0.3878521376558177
2025-12-23 13:00:00,2025-12-23,13,S050,2.55,0.33,0.4319169533039736,0.47626697569258397
2025-12-23 14:00:00,2025-12-23,14,S050,2.55,0.08,0.4097734197416002,0.44085079410110095
2025-12-24 10:00:00,2025-12-24,10,S050,2.55,0.25,0.7242145343806956,0.7565532484985451
2025-12-24 11:00:00,2025-12-24,11,S050,2.55,0.66,0.9187596156232226,0.9565570764636463
2025-12-24 12:00:00,2025-12-24,12,S050,2.55,0.6,1.0023319012171608,1.0286945733271666
2025-12-24 13:00:00,2025-12-24,13,S050,2.55,0.39,0.9504012400942821,1.0273739157823711
2025-12-24 14:00:00,2025-12-24,14,S050,2.55,0.3,0.7830980784549296,0.8294104468757949
2025-12-25 10:00:00,2025-12-25,10,S050,2.55,0.64,0.9291682808483274,0.9623809120551444
2025-12-25 11:00:00,2025-12-25,11,S050,2.55,0.8,1.1632791074860427,1.2023859295156125
2025-12-25 12:00:00,2025-12-25,12,S050,2.55,0.87,1.2838215572362972,1.3113164572116276
2025-12-25 13:00:00,2025-12-25,13,S050,2.55,0.82,1.1722833058825264,1.2550529539858422
2025-12-25 14:00:00,2025-12-25,14,S050,2.55,0.66,1.0155725859955,1.0682986565921018
2025-12-26 10:00:00,2025-12-26,10,S050,2.55,0.56,0.8329361049694841,0.8634397026544808
2025-12-26 11:00:00,2025-12-26,11,S050,2.55,0.71,1.071138797671618,1.110952627474991
2025-12-26 12:00:00,2025-12-26,12,S050,2.55,0.39,1.174372960447468,1.1998808723934096
2025-12-26 13:00:00,2025-12-26,13,S050,2.55,0.73,1.0770765491417722,1.16309313834941
2025-12-26 14:00:00,2025-12-26,14,S050,2.55,0.6,0.9106419537200735,0.961752790458155
2025-12-27 10:00:00,2025-12-27,10,S050,2.55,0.58,0.7896746657098633,0.8217011591994051
2025-12-27 11:00:00,2025-12-27,11,S050,2.55,0.71,0.9711690965707278,1.012779399270407
2025-12-27 12:00:00,2025-12-27,12,S050,2.55,0.77,1.1102458013581193,1.1409862198249119
2025-12-27 13:00:00,2025-12-27,13,S050,2.55,0.72,1.076889296483076,1.1597260164707197
2025-12-27 14:00:00,2025-12-27,14,S050,2.55,0.36,0.9094778617870841,0.9650648424275386
2025-12-28 10:00:00,2025-12-28,10,S050,2.55,0.51,0.8028091560709553,0.8324086414706067
2025-12-28 11:00:00,2025-12-28,11,S050,2.55,0.66,1.041851404951072,1.0813345019585823
2025-12-28 12:00:00,2025-12-28,12,S050,2.55,0.72,1.1598076091664165,1.1887158713925723
2025-12-28 13:00:00,2025-12-28,13,S050,2.55,0.69,1.0798048342556827,1.164721199268777
2025-12-28 14:00:00,2025-12-28,14,S050,2.55,0.56,0.926298755257468,0.9810804882383514
2025-12-29 10:00:00,2025-12-29,10,S050,2.55,0.5,0.7907250244251877,0.8207179079751658
2025-12-29 11:00:00,2025-12-29,11,S050,2.55,0.65,1.0322801605401282,1.0713166090383783
2025-12-29 12:00:00,2025-12-29,12,S050,2.55,0.71,1.143099907509773,1.172231418867558
2025-12-29 13:00:00,2025-12-29,13,S050,2.55,0.48,1.0450016627025718,1.1277792256106034
2025-12-29 14:00:00,2025-12-29,14,S050,2.55,0.58,0.9100664259493958,0.964331717098815
2025-12-30 10:00:00,2025-12-30,10,S050,2.55,0.53,0.7882604712553634,0.8183341213471937
2025-12-30 11:00:00,2025-12-30,11,S050,2.55,0.68,1.0207738889669336,1.0596103941206865
2025-12-30 12:00:00,2025-12-30,12,S050,2.55,0.83,1.1577189515491266,1.1871755526596217
2025-12-30 13:00:00,2025-12-30,13,S050,2.55,0.52,1.075790723888441,1.1606481726250664
2025-12-30 14:00:00,2025-12-30,14,S050,2.55,0.62,0.952594024341055,1.0077346960185039
2025-12-31 10:00:00,2025-12-31,10,S050,2.55,0.26,0.6716892432221299,0.7038390902599525
2025-12-31 11:00:00,2025-12-31,11,S050,2.55,0.63,0.8296348782128518,0.8656999058036989
2025-12-31 12:00:00,2025-12-31,12,S050,2.55,0.72,0.9368549781815295,0.9668844323072021
2025-12-31 13:00:00,2025-12-31,13,S050,2.55,0.61,0.9238105945930286,0.9982798682306306
2025-12-31 14:00:00,2025-12-31,14,S050,2.55,0.47,0.8085075816721949,0.8588275364187452
2025-09-01 10:00:00,2025-09-01,10,S053,13.33,5.54,6.876245316776064,6.0498140904491144
2025-09-01 11:00:00,2025-09-01,11,S053,13.33,5.54,7.497273449815169,6.818597590405596
2025-09-01 12:00:00,2025-09-01,12,S053,13.33,5.54,7.261053518361785,6.683978202774423
2025-09-01 13:00:00,2025-09-01,13,S053,13.33,5.54,6.747737513243088,6.213472500915655
2025-09-01 14:00:00,2025-09-01,14,S053,13.33,5.54,6.711273502494386,6.095489880349978
2025-09-02 10:00:00,2025-09-02,10,S053,13.33,5.54,6.867211110180166,6.041865672694653
2025-09-02 11:00:00,2025-09-02,11,S053,13.33,5.54,7.6133235771192735,6.924142509328293
2025-09-02 12:00:00,2025-09-02,12,S053,13.33,5.54,7.3142301716121025,6.732928618898309
2025-09-02 13:00:00,2025-09-02,13,S053,13.33,5.54,7.330133767019592,6.749756418358286
2025-09-02 14:00:00,2025-09-02,14,S053,13.33,5.54,6.380718574414321,5.795264562716452
2025-09-03 10:00:00,2025-09-03,10,S053,13.33,5.54,5.752577351159862,5.061195741597297
2025-09-03 11:00:00,2025-09-03,11,S053,13.33,5.54,6.099552604942452,5.5474026621822246
2025-09-03 12:00:00,2025-09-03,12,S053,13.33,5.54,5.797212051128095,5.336476158537347
2025-09-03 13:00:00,2025-09-03,13,S053,13.33,5.54,6.4284578634469955,5.919472427525643
2025-09-03 14:00:00,2025-09-03,14,S053,13.33,5.54,6.074881766919564,5.517489388685776
2025-09-04 10:00:00,2025-09-04,10,S053,13.33,5.54,7.1855074336803835,6.3219071043393
2025-09-04 11:00:00,2025-09-04,11,S053,13.33,5.54,7.713936559163635,7.015647700051744
2025-09-04 12:00:00,2025-09-04,12,S053,13.33,5.54,7.4833403098117675,6.888598656963219
2025-09-04 13:00:00,2025-09-04,13,S053,13.33,5.54,7.129551637015555,6.565055761803528
2025-09-04 14:00:00,2025-09-04,14,S053,13.33,5.54,6.7123971458414635,6.096510425355137
2025-09-05 10:00:00,2025-09-05,10,S053,13.33,5.54,8.215159601557751,7.227809076493857
2025-09-05 11:00:00,2025-09-05,11,S053,13.33,5.54,8.081458050316769,7.34990003468692
2025-09-05 12:00:00,2025-09-05,12,S053,13.33,5.54,8.117301826801143,7.472175812845525
2025-09-05 13:00:00,2025-09-05,13,S053,13.33,5.54,7.6888682839523765,7.080087444382418
2025-09-05 14:00:00,2025-09-05,14,S053,13.33,5.54,7.322850207632361,6.650952210389243
2025-09-06 10:00:00,2025-09-06,10,S053,13.33,5.54,5.865785817747493,5.160798089211198
2025-09-06 11:00:00,2025-09-06,11,S053,13.33,5.54,5.390916035282981,4.902914017250581
2025-09-06 12:00:00,2025-09-06,12,S053,13.33,5.54,5.80683729798283,5.345336434805892
2025-09-06 13:00:00,2025-09-06,13,S053,13.33,5.54,6.179813656299036,5.690515100629966
2025-09-06 14:00:00,2025-09-06,14,S053,13.33,5.54,5.972712449746359,5.424694475964655
2025-09-07 10:00:00,2025-09-07,10,S053,13.33,5.54,5.261921582850287,4.629510127729302
2025-09-07 11:00:00,2025-09-07,11,S053,13.33,5.54,4.722989653950063,4.295450351317837
2025-09-07 12:00:00,2025-09-07,12,S053,13.33,5.54,5.215203167772716,4.8007226786420345
2025-09-07 13:00:00,2025-09-07,13,S053,13.33,5.54,5.037873584179915,4.63899031593282
2025-09-07 14:00:00,2025-09-07,14,S053,13.33,5.54,5.3090266768678385,4.8219042736566
2025-09-08 10:00:00,2025-09-08,10,S053,13.33,5.54,3.9325872883104145,3.4599437473088956
2025-09-08 11:00:00,2025-09-08,11,S053,13.33,5.54,3.938884632934921,3.5823248874132783
2025-09-08 12:00:00,2025-09-08,12,S053,13.33,5.54,4.714010655023167,4.3393626539375845
2025-09-08 13:00:00,2025-09-08,13,S053,13.33,5.54,4.6695030370771615,4.299786210841579
2025-09-08 14:00:00,2025-09-08,14,S053,13.33,5.54,5.222549025007192,4.743361259190407
2025-09-09 10:00:00,2025-09-09,10,S053,13.33,5.54,7.61697757529469,6.7015203993998895
2025-09-09 11:00:00,2025-09-09,11,S053,13.33,5.54,7.519456265578916,6.8387723506204345
2025-09-09 12:00:00,2025-09-09,12,S053,13.33,5.54,7.805233328213861,7.184909090867069
2025-09-09 13:00:00,2025-09-09,13,S053,13.33,5.54,8.009459995820041,7.375295694822175
2025-09-09 14:00:00,2025-09-09,14,S053,13.33,5.54,7.566160942532207,6.871938305176068
2025-09-10 10:00:00,2025-09-10,10,S053,13.33,5.54,8.05181630209243,7.084097421490096
2025-09-10 11:00:00,2025-09-10,11,S053,13.33,5.54,8.654699301307675,7.871249754540613
2025-09-10 12:00:00,2025-09-10,12,S053,13.33,5.54,8.564010178484283,7.883381828349603
2025-09-10 13:00:00,2025-09-10,13,S053,13.33,5.54,8.550331374017338,7.873342548062329
2025-09-10 14:00:00,2025-09-10,14,S053,13.33,5.54,8.00750042686719,7.272783295260723
2025-09-11 10:00:00,2025-09-11,10,S053,13.33,5.54,5.967190422201524,5.2500152384838845
2025-09-11 11:00:00,2025-09-11,11,S053,13.33,5.54,6.1411690179914125,5.585251831701839
2025-09-11 12:00:00,2025-09-11,12,S053,13.33,5.54,5.6299236992602975,5.182483119561002
2025-09-11 13:00:00,2025-09-11,13,S053,13.33,5.54,5.844659765923615,5.381897659993674
2025-09-11 14:00:00,2025-09-11,14,S053,13.33,5.54,4.778025015301119,4.339623935457603
2025-09-12 10:00:00,2025-09-12,10,S053,13.33,5.54,3.375393119274898,2.9697167441036614
2025-09-12 11:00:00,2025-09-12,11,S053,13.33,5.54,3.3344261056002384,3.032583773450576
2025-09-12 12:00:00,2025-09-12,12,S053,13.33,5.54,3.8565646879643394,3.5500625696750068
2025-09-12 13:00:00,2025-09-12,13,S053,13.33,5.54,3.979444281601378,3.6643641760113987
2025-09-12 14:00:00,2025-09-12,14,S053,13.33,5.54,3.448849474974647,3.1324050592998285
2025-09-13 10:00:00,2025-09-13,10,S053,13.33,5.54,4.9708456158262955,4.373417535686866
2025-09-13 11:00:00,2025-09-13,11,S053,13.33,5.54,4.842987952110745,4.40458604073455
2025-09-13 12:00:00,2025-09-13,12,S053,13.33,5.54,5.033372625307428,4.633343195848904
2025-09-13 13:00:00,2025-09-13,13,S053,13.33,5.54,5.2717380951834585,4.854338157369854
2025-09-13 14:00:00,2025-09-13,14,S053,13.33,5.54,5.3634848660408325,4.871365726968374
2025-09-14 10:00:00,2025-09-14,10,S053,13.33,5.54,7.290326555687177,6.414128392564443
2025-09-14 11:00:00,2025-09-14,11,S053,13.33,5.54,7.395607425265804,6.726134681768389
2025-09-14 12:00:00,2025-09-14,12,S053,13.33,5.54,7.046310193191561,6.48630169467551
2025-09-14 13:00:00,2025-09-14,13,S053,13.33,5.54,6.6165934088906715,6.092711981637644
2025-09-14 14:00:00,2025-09-14,14,S053,13.33,5.54,5.820279554929558,5.286247850679167
2025-09-15 10:00:00,2025-09-15,10,S053,13.33,5.54,5.443866246100503,4.789587515417567
2025-09-15 11:00:00,2025-09-15,11,S053,13.33,5.54,5.557492827492363,5.054411774612546
2025-09-15 12:00:00,2025-09-15,12,S053,13.33,5.54,5.625812971626529,5.178699093753703
2025-09-15 13:00:00,2025-09-15,13,S053,13.33,5.54,5.726630214940731,5.273213324260659
2025-09-15 14:00:00,2025-09-15,14,S053,13.33,5.54,5.079896425124542,4.613797551398268
2025-09-16 10:00:00,2025-09-16,10,S053,13.33,5.54,6.460291205986175,5.683852010199083
2025-09-16 11:00:00,2025-09-16,11,S053,13.33,5.54,6.536287691040433,5.9446031678922955
2025-09-16 12:00:00,2025-09-16,12,S053,13.33,5.54,6.679290107589475,6.148450686424271
2025-09-16 13:00:00,2025-09-16,13,S053,13.33,5.54,6.317262530298145,5.817081197369674
2025-09-16 14:00:00,2025-09-16,14,S053,13.33,5.54,5.522275714248792,5.015586940421239
2025-09-17 10:00:00,2025-09-17,10,S053,13.33,5.54,4.175334365660777,3.6735159253384757
2025-09-17 11:00:00,2025-09-17,11,S053,13.33,5.54,5.0295678075043835,4.574276123525468
2025-09-17 12:00:00,2025-09-17,12,S053,13.33,5.54,5.174161081687313,4.762942429798321
2025-09-17 13:00:00,2025-09-17,13,S053,13.33,5.54,5.537768486662002,5.099305084227284
2025-09-17 14:00:00,2025-09-17,14,S053,13.33,5.54,5.622574939518095,5.106683348935771
2025-09-18 10:00:00,2025-09-18,10,S053,13.33,5.54,7.561043520881548,6.652308858081112
2025-09-18 11:00:00,2025-09-18,11,S053,13.33,5.54,7.366584239408196,6.699738762441282
2025-09-18 12:00:00,2025-09-18,12,S053,13.33,5.54,7.229870753371561,6.655273701289916
2025-09-18 13:00:00,2025-09-18,13,S053,13.33,5.54,6.731410128849175,6.198437868382253
2025-09-18 14:00:00,2025-09-18,14,S053,13.33,5.54,5.954919914286753,5.408534469998651
2025-09-19 10:00:00,2025-09-19,10,S053,13.33,5.54,4.292263606518445,3.776391860727283
2025-09-19 11:00:00,2025-09-19,11,S053,13.33,5.54,4.1579246334516045,3.78153672485297
2025-09-19 12:00:00,2025-09-19,12,S053,13.33,5.54,3.9101886722746424,3.5994247650326923
2025-09-19 13:00:00,2025-09-19,13,S053,13.33,5.54,3.7848573884247343,3.485184071951514
2025-09-19 14:00:00,2025-09-19,14,S053,13.33,5.54,3.727068772711204,3.385096730000024
2025-09-20 10:00:00,2025-09-20,10,S053,13.33,5.54,7.758968150750672,6.826445637597662
2025-09-20 11:00:00,2025-09-20,11,S053,13.33,5.54,8.095770185185282,7.362916591836827
2025-09-20 12:00:00,2025-09-20,12,S053,13.33,5.54,7.286782747521864,6.7076625905075895
2025-09-20 13:00:00,2025-09-20,13,S053,13.33,5.54,6.912840727676905,6.365503352839569
2025-09-20 14:00:00,2025-09-20,14,S053,13.33,5.54,6.25218486612936,5.678524287142278
2025-09-21 10:00:00,2025-09-21,10,S053,13.33,5.54,6.586343548653725,5.794754574559863
2025-09-21 11:00:00,2025-09-21,11,S053,13.33,5.54,6.153841422643428,5.596777091971892
2025-09-21 12:00:00,2025-09-21,12,S053,13.33,5.54,6.469490238659775,5.955324751279334
2025-09-21 13:00:00,2025-09-21,13,S053,13.33,5.54,5.237840450405433,4.823124423394473
2025-09-21 14:00:00,2025-09-21,14,S053,13.33,5.54,4.70527304767419,4.273547224043492
2025-09-22 10:00:00,2025-09-22,10,S053,13.33,5.54,4.929656366691661,4.337178674460989
2025-09-22 11:00:00,2025-09-22,11,S053,13.33,5.54,5.0746093008555295,4.615240324723167
2025-09-22 12:00:00,2025-09-22,12,S053,13.33,5.54,5.405089947548059,4.975518125859695
2025-09-22 13:00:00,2025-09-22,13,S053,13.33,5.54,4.811837985392143,4.430851517626064
2025-09-22 14:00:00,2025-09-22,14,S053,13.33,5.54,4.370720016590701,3.9696906438203965
2025-09-23 10:00:00,2025-09-23,10,S053,13.33,5.54,4.829048446594499,4.248662458913875
2025-09-23 11:00:00,2025-09-23,11,S053,13.33,5.54,5.043472911424005,4.586922495398567
2025-09-23 12:00:00,2025-09-23,12,S053,13.33,5.54,4.683656972698552,4.311421343421332
2025-09-23 13:00:00,2025-09-23,13,S053,13.33,5.54,4.50346566954435,4.14689516917542
2025-09-23 14:00:00,2025-09-23,14,S053,13.33,5.54,4.1845886609826275,3.8006375134267163
2025-09-24 10:00:00,2025-09-24,10,S053,13.33,5.54,4.328054845001852,3.807881478813372
2025-09-24 11:00:00,2025-09-24,11,S053,13.33,5.54,5.236275931119328,4.762272402843902
2025-09-24 12:00:00,2025-09-24,12,S053,13.33,5.54,4.915586282884987,4.524917973070247
2025-09-24 13:00:00,2025-09-24,13,S053,13.33,5.54,5.321280636040515,4.8999580728803
2025-09-24 14:00:00,2025-09-24,14,S053,13.33,5.54,4.731842915319475,4.297679210214802
2025-09-25 10:00:00,2025-09-25,10,S053,13.33,5.54,5.581760970105692,4.910909167838821
2025-09-25 11:00:00,2025-09-25,11,S053,13.33,5.54,5.922585690440681,5.386455327810549
2025-09-25 12:00:00,2025-09-25,12,S053,13.33,5.54,5.872495246826789,5.405776190249384
2025-09-25 13:00:00,2025-09-25,13,S053,13.33,5.54,5.485597501690155,5.051264836687711
2025-09-25 14:00:00,2025-09-25,14,S053,13.33,5.54,5.71127854100339,5.187248074096094
2025-09-26 10:00:00,2025-09-26,10,S053,13.33,5.54,6.14003719970111,5.4020881826318385
2025-09-26 11:00:00,2025-09-26,11,S053,13.33,5.54,5.514752102897224,5.015540069627076
2025-09-26 12:00:00,2025-09-26,12,S053,13.33,5.54,5.646441361699581,5.197688033755033
2025-09-26 13:00:00,2025-09-26,13,S053,13.33,5.54,4.6726767846948345,4.30270867092669
2025-09-26 14:00:00,2025-09-26,14,S053,13.33,5.54,4.50930828832576,4.095562940275349
2025-09-27 10:00:00,2025-09-27,10,S053,13.33,5.54,3.98740277731642,3.5081711595791245
2025-09-27 11:00:00,2025-09-27,11,S053,13.33,5.54,3.8605293631396087,3.511062573533681
2025-09-27 12:00:00,2025-09-27,12,S053,13.33,5.54,4.540872309330392,4.17998455188277
2025-09-27 13:00:00,2025-09-27,13,S053,13.33,5.54,4.241359658627678,3.9055419025495066
2025-09-27 14:00:00,2025-09-27,14,S053,13.33,5.54,4.057203037138478,3.6849399813926715
2025-09-28 10:00:00,2025-09-28,10,S053,13.33,5.54,4.20576540418313,3.7002895666439097
2025-09-28 11:00:00,2025-09-28,11,S053,13.33,5.54,4.440338909872557,4.038386007140723
2025-09-28 12:00:00,2025-09-28,12,S053,13.33,5.54,4.600766767651301,4.235118872663022
2025-09-28 13:00:00,2025-09-28,13,S053,13.33,5.54,4.985520598542872,4.590782477978516
2025-09-28 14:00:00,2025-09-28,14,S053,13.33,5.54,4.60176723554952,4.179538444617525
2025-09-29 10:00:00,2025-09-29,10,S053,13.33,5.54,4.932412913672736,4.339603921961454
2025-09-29 11:00:00,2025-09-29,11,S053,13.33,5.54,4.605809169753259,4.18887739882581
2025-09-29 12:00:00,2025-09-29,12,S053,13.33,5.54,5.205876906820497,4.792137626244282
2025-09-29 13:00:00,2025-09-29,13,S053,13.33,5.54,5.335806405329338,4.9133337366273855
2025-09-29 14:00:00,2025-09-29,14,S053,13.33,5.54,4.678159367716643,4.248921322306832
2025-09-30 10:00:00,2025-09-30,10,S053,13.33,5.54,8.093155618154212,7.1204683136381615
2025-09-30 11:00:00,2025-09-30,11,S053,13.33,5.54,8.046101825985305,7.317744362675476
2025-09-30 12:00:00,2025-09-30,12,S053,13.33,5.54,7.9811260352093285,7.34682265018896
2025-09-30 13:00:00,2025-09-30,13,S053,13.33,5.54,7.757988012622601,7.143734486449527
2025-09-30 14:00:00,2025-09-30,14,S053,13.33,5.54,7.385946146898075,6.708258868975334
2025-10-01 10:00:00,2025-10-01,10,S053,13.33,5.54,6.777560448540723,5.9629898020678205
2025-10-01 11:00:00,2025-10-01,11,S053,13.33,5.54,5.23861451364348,4.76439928980766
2025-10-01 12:00:00,2025-10-01,12,S053,13.33,5.54,5.062750087871202,4.66038587208487
2025-10-01 13:00:00,2025-10-01,13,S053,13.33,5.54,4.973430248556208,4.579649404556329
2025-10-01 14:00:00,2025-10-01,14,S053,13.33,5.54,4.569125176016255,4.149891412130345
2025-10-02 10:00:00,2025-10-02,10,S053,13.33,5.54,3.3988672572112457,2.990369609716526
2025-10-02 11:00:00,2025-10-02,11,S053,13.33,5.54,3.4386989622114936,3.1274175358301166
2025-10-02 12:00:00,2025-10-02,12,S053,13.33,5.54,3.5615171959298726,3.27846410251668
2025-10-02 13:00:00,2025-10-02,13,S053,13.33,5.54,3.4319006432099712,3.1601733515284867
2025-10-02 14:00:00,2025-10-02,14,S053,13.33,5.54,3.3607823590794896,3.052418419874238
2025-10-03 10:00:00,2025-10-03,10,S053,13.33,5.54,4.585149378556145,4.034076743819339
2025-10-03 11:00:00,2025-10-03,11,S053,13.33,5.54,4.531817916486901,4.121584057505104
2025-10-03 12:00:00,2025-10-03,12,S053,13.33,5.54,4.742783832573386,4.365849070968375
2025-10-03 13:00:00,2025-10-03,13,S053,13.33,5.54,4.976485900662004,4.582463119567392
2025-10-03 14:00:00,2025-10-03,14,S053,13.33,5.54,4.97893046906618,4.522095587056498
2025-10-04 10:00:00,2025-10-04,10,S053,13.33,5.54,4.472590632802073,3.9350460294256986
2025-10-04 11:00:00,2025-10-04,11,S053,13.33,5.54,4.2957598557259065,3.906894686085629
2025-10-04 12:00:00,2025-10-04,12,S053,13.33,5.54,4.153648805981904,3.823535801100503
2025-10-04 13:00:00,2025-10-04,13,S053,13.33,5.54,3.881856850463019,3.574503416219964
2025-10-04 14:00:00,2025-10-04,14,S053,13.33,5.54,3.368903731807183,3.059794627274786
2025-10-05 10:00:00,2025-10-05,10,S053,13.33,5.54,4.53435627751554,3.9893882831526786
2025-10-05 11:00:00,2025-10-05,11,S053,13.33,5.54,4.805145513115977,4.370169213727772
2025-10-05 12:00:00,2025-10-05,12,S053,13.33,5.54,4.328434102438487,3.9844299618069297
2025-10-05 13:00:00,2025-10-05,13,S053,13.33,5.54,4.767121110923289,4.389675187145838
2025-10-05 14:00:00,2025-10-05,14,S053,13.33,5.54,5.008344508160854,4.548810781657815
2025-10-06 10:00:00,2025-10-06,10,S053,13.33,5.54,4.495190798799438,3.954929962647768
2025-10-06 11:00:00,2025-10-06,11,S053,13.33,5.54,4.484458981164734,4.078512196189993
2025-10-06 12:00:00,2025-10-06,12,S053,13.33,5.54,5.633160491184817,5.185462666071119
2025-10-06 13:00:00,2025-10-06,13,S053,13.33,5.54,5.746703286865006,5.291697072356314
2025-10-06 14:00:00,2025-10-06,14,S053,13.33,5.54,5.251139490764393,4.769328446287273
2025-10-07 10:00:00,2025-10-07,10,S053,13.33,5.54,4.857032375268522,4.27328309971405
2025-10-07 11:00:00,2025-10-07,11,S053,13.33,5.54,5.359851631343722,4.874661657073852
2025-10-07 12:00:00,2025-10-07,12,S053,13.33,5.54,5.462450910735959,5.028320302109812
2025-10-07 13:00:00,2025-10-07,13,S053,13.33,5.54,5.237778169492528,4.823067073691863
2025-10-07 14:00:00,2025-10-07,14,S053,13.33,5.54,4.373709539895629,3.972405867547382
2025-10-08 10:00:00,2025-10-08,10,S053,13.33,5.54,5.548716370928375,4.881836080346081
2025-10-08 11:00:00,2025-10-08,11,S053,13.33,5.54,4.698575310720151,4.273246068249715
2025-10-08 12:00:00,2025-10-08,12,S053,13.33,5.54,5.294686323315227,4.8738888766035835
2025-10-08 13:00:00,2025-10-08,13,S053,13.33,5.54,4.52954492441686,4.170909549206755
2025-10-08 14:00:00,2025-10-08,14,S053,13.33,5.54,4.345557956744956,3.946837293990219
2025-10-09 10:00:00,2025-10-09,10,S053,13.33,5.54,7.257195707650136,6.3849794221526395
2025-10-09 11:00:00,2025-10-09,11,S053,13.33,5.54,7.469868268784209,6.7936732092164664
2025-10-09 12:00:00,2025-10-09,12,S053,13.33,5.54,7.400659609440414,6.812489040407613
2025-10-09 13:00:00,2025-10-09,13,S053,13.33,5.54,7.294084912700843,6.716561800968463
2025-10-09 14:00:00,2025-10-09,14,S053,13.33,5.54,6.782286126895844,6.159986839571697
2025-10-10 10:00:00,2025-10-10,10,S053,13.33,5.54,6.783248486695642,5.96799421534736
2025-10-10 11:00:00,2025-10-10,11,S053,13.33,5.54,6.445776799920096,5.862285596280471
2025-10-10 12:00:00,2025-10-10,12,S053,13.33,5.54,5.5505253087314115,5.109394949877578
2025-10-10 13:00:00,2025-10-10,13,S053,13.33,5.54,5.446906839715334,5.015637581811399
2025-10-10 14:00:00,2025-10-10,14,S053,13.33,5.54,5.345470406133609,4.855004158925642
2025-10-11 10:00:00,2025-10-11,10,S053,13.33,5.54,4.538328635571973,3.992883217762339
2025-10-11 11:00:00,2025-10-11,11,S053,13.33,5.54,4.781406264623521,4.348578913780438
2025-10-11 12:00:00,2025-10-11,12,S053,13.33,5.54,4.333993314477906,3.98954735310588
2025-10-11 13:00:00,2025-10-11,13,S053,13.33,5.54,4.2247401208370965,3.890238248422914
2025-10-11 14:00:00,2025-10-11,14,S053,13.33,5.54,4.054383466943642,3.682379116963115
2025-10-12 10:00:00,2025-10-12,10,S053,13.33,5.54,3.5430525528266186,3.117225792540793
2025-10-12 11:00:00,2025-10-12,11,S053,13.33,5.54,3.5604030500660495,3.238104601700449
2025-10-12 12:00:00,2025-10-12,12,S053,13.33,5.54,3.647939617816648,3.3580180656793845
2025-10-12 13:00:00,2025-10-12,13,S053,13.33,5.54,3.6098911581728284,3.324071127334824
2025-10-12 14:00:00,2025-10-12,14,S053,13.33,5.54,3.4206959909322454,3.106834759264631
2025-10-13 10:00:00,2025-10-13,10,S053,13.33,5.54,3.8674242816624007,3.402612448375539
2025-10-13 11:00:00,2025-10-13,11,S053,13.33,5.54,3.771878577263748,3.4304367248158902
2025-10-13 12:00:00,2025-10-13,12,S053,13.33,5.54,3.796353961962165,3.4946371167219263
2025-10-13 13:00:00,2025-10-13,13,S053,13.33,5.54,3.629502507255466,3.342129710377166
2025-10-13 14:00:00,2025-10-13,14,S053,13.33,5.54,3.4540412409291563,3.137120461946598
2025-10-14 10:00:00,2025-10-14,10,S053,13.33,5.54,5.876124636961742,5.169894322879356
2025-10-14 11:00:00,2025-10-14,11,S053,13.33,5.54,6.300926444613989,5.730547533067107
2025-10-14 12:00:00,2025-10-14,12,S053,13.33,5.54,5.703002795874857,5.2497542239007435
2025-10-14 13:00:00,2025-10-14,13,S053,13.33,5.54,4.493147863494699,4.137394295136757
2025-10-14 14:00:00,2025-10-14,14,S053,13.33,5.54,4.622554675278428,4.198418561551941
2025-10-15 10:00:00,2025-10-15,10,S053,13.33,5.54,3.598919565072265,3.1663783492493818
2025-10-15 11:00:00,2025-10-15,11,S053,13.33,5.54,3.3466876772576417,3.0437353905707725
2025-10-15 12:00:00,2025-10-15,12,S053,13.33,5.54,3.2718235482653517,3.0117939806706793
2025-10-15 13:00:00,2025-10-15,13,S053,13.33,5.54,3.4380717487150014,3.1658558479623653
2025-10-15 14:00:00,2025-10-15,14,S053,13.33,5.54,3.0940878280965913,2.8101940768867646
2025-10-16 10:00:00,2025-10-16,10,S053,13.33,5.54,5.588687252440187,4.917003005177555
2025-10-16 11:00:00,2025-10-16,11,S053,13.33,5.54,5.026651699553529,4.571623990482681
2025-10-16 12:00:00,2025-10-16,12,S053,13.33,5.54,4.637697497522073,4.269114517075305
2025-10-16 13:00:00,2025-10-16,13,S053,13.33,5.54,4.460471635285558,4.10730526973933
2025-10-16 14:00:00,2025-10-16,14,S053,13.33,5.54,4.232592945463634,3.8442372311492408
2025-10-17 10:00:00,2025-10-17,10,S053,13.33,5.54,3.823296609649604,3.3637883227629146
2025-10-17 11:00:00,2025-10-17,11,S053,13.33,5.54,3.722422457611558,3.38545752263679
2025-10-17 12:00:00,2025-10-17,12,S053,13.33,5.54,3.6847500935923305,3.3919030132419157
2025-10-17 13:00:00,2025-10-17,13,S053,13.33,5.54,3.6252035947605346,3.3381711724941088
2025-10-17 14:00:00,2025-10-17,14,S053,13.33,5.54,3.3932324350834,3.0818910840153886
2025-10-18 10:00:00,2025-10-18,10,S053,13.33,5.54,4.200867134656333,3.6959800025377922
2025-10-18 11:00:00,2025-10-18,11,S053,13.33,5.54,4.57094627994542,4.1571704032053995
2025-10-18 12:00:00,2025-10-18,12,S053,13.33,5.54,4.636269967425867,4.267800440540445
2025-10-18 13:00:00,2025-10-18,13,S053,13.33,5.54,4.67982703091519,4.309292782738651
2025-10-18 14:00:00,2025-10-18,14,S053,13.33,5.54,4.181441370867692,3.797778998565269
2025-10-19 10:00:00,2025-10-19,10,S053,13.33,5.54,6.51882318172095,5.735349238007135
2025-10-19 11:00:00,2025-10-19,11,S053,13.33,5.54,6.577749883765599,5.982312077578086
2025-10-19 12:00:00,2025-10-19,12,S053,13.33,5.54,6.434409206700882,5.923031799250938
2025-10-19 13:00:00,2025-10-19,13,S053,13.33,5.54,6.319676861476293,5.819304369263081
2025-10-19 14:00:00,2025-10-19,14,S053,13.33,5.54,5.470985759971927,4.969003024992664
2025-10-20 10:00:00,2025-10-20,10,S053,13.33,5.54,4.6900119097116955,4.12633622400357
2025-10-20 11:00:00,2025-10-20,11,S053,13.33,5.54,4.774789823051705,4.34256141250339
2025-10-20 12:00:00,2025-10-20,12,S053,13.33,5.54,4.624293942611765,4.256776215390346
2025-10-20 13:00:00,2025-10-20,13,S053,13.33,5.54,3.7090894339915508,3.4154151901007808
2025-10-20 14:00:00,2025-10-20,14,S053,13.33,5.54,3.608113348224573,3.277055896035874
2025-10-21 10:00:00,2025-10-21,10,S053,13.33,5.54,4.718407802609038,4.151319316526768
2025-10-21 11:00:00,2025-10-21,11,S053,13.33,5.54,5.357361613467187,4.872397043143647
2025-10-21 12:00:00,2025-10-21,12,S053,13.33,5.54,5.308898301129417,4.88697135143842
2025-10-21 13:00:00,2025-10-21,13,S053,13.33,5.54,4.905423506454487,4.517027226219279
2025-10-21 14:00:00,2025-10-21,14,S053,13.33,5.54,5.230970214602864,4.751009774176698
2025-10-22 10:00:00,2025-10-22,10,S053,13.33,5.54,7.172691785438016,6.310631722827567
2025-10-22 11:00:00,2025-10-22,11,S053,13.33,5.54,7.628309148169309,6.937771541180552
2025-10-22 12:00:00,2025-10-22,12,S053,13.33,5.54,7.828164587217055,7.2060178783111954
2025-10-22 13:00:00,2025-10-22,13,S053,13.33,5.54,7.285769226577764,6.708904525185196
2025-10-22 14:00:00,2025-10-22,14,S053,13.33,5.54,6.122739279397844,5.560955801267778
2025-10-23 10:00:00,2025-10-23,10,S053,13.33,5.54,6.995475381026641,6.154714321531399
2025-10-23 11:00:00,2025-10-23,11,S053,13.33,5.54,7.510052361621246,6.830219716480118
2025-10-23 12:00:00,2025-10-23,12,S053,13.33,5.54,7.54614686467342,6.9464136341734894
2025-10-23 13:00:00,2025-10-23,13,S053,13.33,5.54,7.134442069374591,6.569558984835073
2025-10-23 14:00:00,2025-10-23,14,S053,13.33,5.54,6.163999085046048,5.598429870488823
2025-10-24 10:00:00,2025-10-24,10,S053,13.33,5.54,6.844478369419278,6.021865098393702
2025-10-24 11:00:00,2025-10-24,11,S053,13.33,5.54,6.829477097319754,6.211252182706863
2025-10-24 12:00:00,2025-10-24,12,S053,13.33,5.54,6.623880514104636,6.097444793940391
2025-10-24 13:00:00,2025-10-24,13,S053,13.33,5.54,6.624189268602878,6.099706424641685
2025-10-24 14:00:00,2025-10-24,14,S053,13.33,5.54,5.73727246977662,5.210856965870341
2025-10-25 10:00:00,2025-10-25,10,S053,13.33,5.54,4.002529229551029,3.5214796178512837
2025-10-25 11:00:00,2025-10-25,11,S053,13.33,5.54,3.9770192944438607,3.6170074840687594
2025-10-25 12:00:00,2025-10-25,12,S053,13.33,5.54,4.513958039659869,4.155209305237576
2025-10-25 13:00:00,2025-10-25,13,S053,13.33,5.54,4.478587562290181,4.123986833604389
2025-10-25 14:00:00,2025-10-25,14,S053,13.33,5.54,4.39715971997959,3.993704408776708
2025-10-26 10:00:00,2025-10-26,10,S053,13.33,5.54,6.664074629624759,5.8631434361057275
2025-10-26 11:00:00,2025-10-26,11,S053,13.33,5.54,6.931573919927374,6.304106892259647
2025-10-26 12:00:00,2025-10-26,12,S053,13.33,5.54,6.996639009538036,6.440578149461776
2025-10-26 13:00:00,2025-10-26,13,S053,13.33,5.54,6.2684171621032885,5.772103254543625
2025-10-26 14:00:00,2025-10-26,14,S053,13.33,5.54,4.354657719478194,3.9551021205739407
2025-10-27 10:00:00,2025-10-27,10,S053,13.33,5.54,7.043621069556011,6.197073552687498
2025-10-27 11:00:00,2025-10-27,11,S053,13.33,5.54,7.559107318531391,6.87483407038143
2025-10-27 12:00:00,2025-10-27,12,S053,13.33,5.54,7.630767031746965,7.024308577490518
2025-10-27 13:00:00,2025-10-27,13,S053,13.33,5.54,7.129193904095324,6.564726353070872
2025-10-27 14:00:00,2025-10-27,14,S053,13.33,5.54,6.216119213386105,5.645767788507106
2025-10-28 10:00:00,2025-10-28,10,S053,13.33,5.54,6.90676822070161,6.076668556184896
2025-10-28 11:00:00,2025-10-28,11,S053,13.33,5.54,7.270865386276277,6.612684669284552
2025-10-28 12:00:00,2025-10-28,12,S053,13.33,5.54,7.449940010881316,6.857852860991224
2025-10-28 13:00:00,2025-10-28,13,S053,13.33,5.54,7.055236835059431,6.496624976305553
2025-10-28 14:00:00,2025-10-28,14,S053,13.33,5.54,6.135103512459982,5.572185571218375
2025-10-29 10:00:00,2025-10-29,10,S053,13.33,5.54,6.746691294076292,5.935830700401751
2025-10-29 11:00:00,2025-10-29,11,S053,13.33,5.54,7.192490570029841,6.5414045783576835
2025-10-29 12:00:00,2025-10-29,12,S053,13.33,5.54,7.135343368586785,6.568258920601554
2025-10-29 13:00:00,2025-10-29,13,S053,13.33,5.54,6.84102803040051,6.299376563101862
2025-10-29 14:00:00,2025-10-29,14,S053,13.33,5.54,5.861506461606483,5.32369203952856
2025-10-30 10:00:00,2025-10-30,10,S053,13.33,5.54,4.045516004507626,3.5592999667269867
2025-10-30 11:00:00,2025-10-30,11,S053,13.33,5.54,4.413888482496783,4.014329952419376
2025-10-30 12:00:00,2025-10-30,12,S053,13.33,5.54,4.387098608752861,4.038432081539311
2025-10-30 13:00:00,2025-10-30,13,S053,13.33,5.54,4.402517049637721,4.05393934915957
2025-10-30 14:00:00,2025-10-30,14,S053,13.33,5.54,4.36999501779972,3.9690321662911994
2025-10-31 10:00:00,2025-10-31,10,S053,13.33,5.54,4.773278554422391,4.1995953497660246
2025-10-31 11:00:00,2025-10-31,11,S053,13.33,5.54,4.9792880429497615,4.528547835270654
2025-10-31 12:00:00,2025-10-31,12,S053,13.33,5.54,5.599429805605835,5.154412741069957
2025-10-31 13:00:00,2025-10-31,13,S053,13.33,5.54,6.356726901676368,5.853420901728842
2025-10-31 14:00:00,2025-10-31,14,S053,13.33,5.54,5.390559783961074,4.895956423224875
2025-11-01 10:00:00,2025-11-01,10,S053,13.33,5.54,6.6773231040879395,5.874799624009431
2025-11-01 11:00:00,2025-11-01,11,S053,13.33,5.54,7.319210592249076,6.656653521049178
2025-11-01 12:00:00,2025-11-01,12,S053,13.33,5.54,7.476021081321652,6.881861127269306
2025-11-01 13:00:00,2025-11-01,13,S053,13.33,5.54,7.194908832025506,6.625238176003
2025-11-01 14:00:00,2025-11-01,14,S053,13.33,5.54,6.288117014444276,5.71115953086337
2025-11-02 10:00:00,2025-11-02,10,S053,13.33,5.54,7.082634347650078,6.231397965016457
2025-11-02 11:00:00,2025-11-02,11,S053,13.33,5.54,7.559612137751468,6.875293191839471
2025-11-02 12:00:00,2025-11-02,12,S053,13.33,5.54,7.615221822681948,7.009998830525372
2025-11-02 13:00:00,2025-11-02,13,S053,13.33,5.54,7.269562567496952,6.693981059307528
2025-11-02 14:00:00,2025-11-02,14,S053,13.33,5.54,6.203994603804034,5.634755655715432
2025-11-03 10:00:00,2025-11-03,10,S053,13.33,5.54,6.9349378414189635,6.101452571368688
2025-11-03 11:00:00,2025-11-03,11,S053,13.33,5.54,7.4611153082512205,6.785712593134012
2025-11-03 12:00:00,2025-11-03,12,S053,13.33,5.54,7.37830115408584,6.791907532798591
2025-11-03 13:00:00,2025-11-03,13,S053,13.33,5.54,7.205299966488545,6.634806572537793
2025-11-03 14:00:00,2025-11-03,14,S053,13.33,5.54,6.192791856089959,5.624580800630494
2025-11-04 10:00:00,2025-11-04,10,S053,13.33,5.54,6.671928912809443,5.870053741205684
2025-11-04 11:00:00,2025-11-04,11,S053,13.33,5.54,6.909495651176819,6.284027215146285
2025-11-04 12:00:00,2025-11-04,12,S053,13.33,5.54,7.199061511802263,6.626913037293645
2025-11-04 13:00:00,2025-11-04,13,S053,13.33,5.54,6.202208851785631,5.711137113717388
2025-11-04 14:00:00,2025-11-04,14,S053,13.33,5.54,5.972587850017682,5.4245813087118275
2025-11-05 10:00:00,2025-11-05,10,S053,13.33,5.54,6.9936585468708,6.153115846146992
2025-11-05 11:00:00,2025-11-05,11,S053,13.33,5.54,7.31695450534906,6.654601661956248
2025-11-05 12:00:00,2025-11-05,12,S053,13.33,5.54,7.386085908257626,6.799073590322694
2025-11-05 13:00:00,2025-11-05,13,S053,13.33,5.54,6.943287905337384,6.39353981702517
2025-11-05 14:00:00,2025-11-05,14,S053,13.33,5.54,6.2279936557195255,5.6565527078001825
2025-11-06 10:00:00,2025-11-06,10,S053,13.33,5.54,4.7672648804664135,4.194304437682728
2025-11-06 11:00:00,2025-11-06,11,S053,13.33,5.54,4.442490586279727,4.040342907294288
2025-11-06 12:00:00,2025-11-06,12,S053,13.33,5.54,4.568828322277509,4.205718748814728
2025-11-06 13:00:00,2025-11-06,13,S053,13.33,5.54,4.900554265689483,4.512543516896812
2025-11-06 14:00:00,2025-11-06,14,S053,13.33,5.54,4.276797572329797,3.884385923588492
2025-11-07 10:00:00,2025-11-07,10,S053,13.33,5.54,3.8255903361298205,3.3658063744961466
2025-11-07 11:00:00,2025-11-07,11,S053,13.33,5.54,3.9863038566968254,3.625451579676289
2025-11-07 12:00:00,2025-11-07,12,S053,13.33,5.54,3.753302218942272,3.455006929283048
2025-11-07 13:00:00,2025-11-07,13,S053,13.33,5.54,3.5099986339593148,3.2320877846174207
2025-11-07 14:00:00,2025-11-07,14,S053,13.33,5.54,3.48984007344601,3.1696346220763747
2025-11-08 10:00:00,2025-11-08,10,S053,13.33,5.54,3.23289718537228,2.844346884675792
2025-11-08 11:00:00,2025-11-08,11,S053,13.33,5.54,3.4336353955238725,3.122812338507892
2025-11-08 12:00:00,2025-11-08,12,S053,13.33,5.54,3.330938647034149,3.066210881830587
2025-11-08 13:00:00,2025-11-08,13,S053,13.33,5.54,3.149346662012062,2.8999911217437875
2025-11-08 14:00:00,2025-11-08,14,S053,13.33,5.54,3.1674936715694915,2.8768646686725585
2025-11-09 10:00:00,2025-11-09,10,S053,13.33,5.54,6.2472618257221235,5.496425865983892
2025-11-09 11:00:00,2025-11-09,11,S053,13.33,5.54,6.934150182253481,6.306449943531103
2025-11-09 12:00:00,2025-11-09,12,S053,13.33,5.54,6.823500618460675,6.2812000056293344
2025-11-09 13:00:00,2025-11-09,13,S053,13.33,5.54,6.750000679619,6.2155564767689135
2025-11-09 14:00:00,2025-11-09,14,S053,13.33,5.54,6.153453162300993,5.588851574305908
2025-11-10 10:00:00,2025-11-10,10,S053,13.33,5.54,6.8073726666438485,5.989218996757518
2025-11-10 11:00:00,2025-11-10,11,S053,13.33,5.54,7.097420683294392,6.454940705197175
2025-11-10 12:00:00,2025-11-10,12,S053,13.33,5.54,7.335108625415364,6.752147748708568
2025-11-10 13:00:00,2025-11-10,13,S053,13.33,5.54,6.78257481099983,6.245551489049515
2025-11-10 14:00:00,2025-11-10,14,S053,13.33,5.54,5.863215826543051,5.325244564048505
2025-11-11 10:00:00,2025-11-11,10,S053,13.33,5.54,4.630066393488956,4.073595344061607
2025-11-11 11:00:00,2025-11-11,11,S053,13.33,5.54,5.179960077342422,4.711054430412295
2025-11-11 12:00:00,2025-11-11,12,S053,13.33,5.54,6.079421954552824,5.596257309898912
2025-11-11 13:00:00,2025-11-11,13,S053,13.33,5.54,5.9986573305491255,5.523702173155406
2025-11-11 14:00:00,2025-11-11,14,S053,13.33,5.54,5.795062674452374,5.263344710208802
2025-11-12 10:00:00,2025-11-12,10,S053,13.33,5.54,6.612036788797008,5.8173598364560455
2025-11-12 11:00:00,2025-11-12,11,S053,13.33,5.54,7.000372616752577,6.366677723047062
2025-11-12 12:00:00,2025-11-12,12,S053,13.33,5.54,7.224349927032997,6.650191644971925
2025-11-12 13:00:00,2025-11-12,13,S053,13.33,5.54,6.6964870739504105,6.166279913091969
2025-11-12 14:00:00,2025-11-12,14,S053,13.33,5.54,5.993769873378866,5.443819804802838
2025-11-13 10:00:00,2025-11-13,10,S053,13.33,5.54,6.4959390358939215,5.715215455471122
2025-11-13 11:00:00,2025-11-13,11,S053,13.33,5.54,6.822565210502782,6.204965980781479
2025-11-13 12:00:00,2025-11-13,12,S053,13.33,5.54,6.667133877061835,6.137260577486336
2025-11-13 13:00:00,2025-11-13,13,S053,13.33,5.54,6.48262591394307,5.969351619110231
2025-11-13 14:00:00,2025-11-13,14,S053,13.33,5.54,5.87491611482001,5.33587130854981
2025-11-14 10:00:00,2025-11-14,10,S053,13.33,5.54,6.2540095299137874,5.502362587845359
2025-11-14 11:00:00,2025-11-14,11,S053,13.33,5.54,6.858954704159272,6.238061387454732
2025-11-14 12:00:00,2025-11-14,12,S053,13.33,5.54,7.027639477868955,6.469114842391482
2025-11-14 13:00:00,2025-11-14,13,S053,13.33,5.54,6.632474579236765,6.107335729973163
2025-11-14 14:00:00,2025-11-14,14,S053,13.33,5.54,5.900867215465371,5.359441301831851
2025-11-15 10:00:00,2025-11-15,10,S053,13.33,5.54,6.427074722331652,5.654627696407072
2025-11-15 11:00:00,2025-11-15,11,S053,13.33,5.54,6.293294107204308,5.723606097914827
2025-11-15 12:00:00,2025-11-15,12,S053,13.33,5.54,6.228997159853151,5.733944962162417
2025-11-15 13:00:00,2025-11-15,13,S053,13.33,5.54,5.973017482470192,5.500092409045074
2025-11-15 14:00:00,2025-11-15,14,S053,13.33,5.54,5.488863626200317,4.985240532320729
2025-11-16 10:00:00,2025-11-16,10,S053,13.33,5.54,6.341452736997057,5.579296309950323
2025-11-16 11:00:00,2025-11-16,11,S053,13.33,5.54,6.799258776497107,6.183769315645039
2025-11-16 12:00:00,2025-11-16,12,S053,13.33,5.54,6.738008323272931,6.2025022469507896
2025-11-16 13:00:00,2025-11-16,13,S053,13.33,5.54,6.253250963054448,5.75813786828661
2025-11-16 14:00:00,2025-11-16,14,S053,13.33,5.54,5.8345892780285595,5.29924460491786
2025-11-17 10:00:00,2025-11-17,10,S053,13.33,5.54,4.526833409125715,3.9827695612937712
2025-11-17 11:00:00,2025-11-17,11,S053,13.33,5.54,4.563931243580086,4.150790389140626
2025-11-17 12:00:00,2025-11-17,12,S053,13.33,5.54,3.6557751900289133,3.365230902458594
2025-11-17 13:00:00,2025-11-17,13,S053,13.33,5.54,4.3421716499142375,3.9983719117773746
2025-11-17 14:00:00,2025-11-17,14,S053,13.33,5.54,4.238348470304702,3.8494646657653084
2025-11-18 10:00:00,2025-11-18,10,S053,13.33,5.54,6.393969147769602,5.625500961942077
2025-11-18 11:00:00,2025-11-18,11,S053,13.33,5.54,6.831222701765381,6.212839769760533
2025-11-18 12:00:00,2025-11-18,12,S053,13.33,5.54,6.932159535265968,6.381223208822515
2025-11-18 13:00:00,2025-11-18,13,S053,13.33,5.54,6.609677058637578,6.086343246632769
2025-11-18 14:00:00,2025-11-18,14,S053,13.33,5.54,5.935829628502569,5.39119578699501
2025-11-19 10:00:00,2025-11-19,10,S053,13.33,5.54,6.385678411392639,5.618206659391355
2025-11-19 11:00:00,2025-11-19,11,S053,13.33,5.54,6.714390294236692,6.1065833849842726
2025-11-19 12:00:00,2025-11-19,12,S053,13.33,5.54,6.884049701663534,6.336936924700714
2025-11-19 13:00:00,2025-11-19,13,S053,13.33,5.54,6.548051773435015,6.029597261150121
2025-11-19 14:00:00,2025-11-19,14,S053,13.33,5.54,5.824614891680751,5.290185404600191
2025-11-20 10:00:00,2025-11-20,10,S053,13.33,5.54,5.904209080856734,5.194603398337124
2025-11-20 11:00:00,2025-11-20,11,S053,13.33,5.54,6.400738470703669,5.82132427279045
2025-11-20 12:00:00,2025-11-20,12,S053,13.33,5.54,6.68010722686058,6.149202864793885
2025-11-20 13:00:00,2025-11-20,13,S053,13.33,5.54,6.305643068826727,5.806381728964686
2025-11-20 14:00:00,2025-11-20,14,S053,13.33,5.54,5.778370969975572,5.24818453000063
2025-11-21 10:00:00,2025-11-21,10,S053,13.33,5.54,6.4476655090084325,5.672743750391753
2025-11-21 11:00:00,2025-11-21,11,S053,13.33,5.54,6.884851587921072,6.261614007003587
2025-11-21 12:00:00,2025-11-21,12,S053,13.33,5.54,6.944157518749068,6.392267647467058
2025-11-21 13:00:00,2025-11-21,13,S053,13.33,5.54,6.446522736441679,5.936106979679563
2025-11-21 14:00:00,2025-11-21,14,S053,13.33,5.54,5.7870639476341,5.2560798955118075
2025-11-22 10:00:00,2025-11-22,10,S053,13.33,5.54,6.261219958629278,5.50870642103216
2025-11-22 11:00:00,2025-11-22,11,S053,13.33,5.54,6.712679482919509,6.105027441479868
2025-11-22 12:00:00,2025-11-22,12,S053,13.33,5.54,6.6897388044855255,6.158068968691986
2025-11-22 13:00:00,2025-11-22,13,S053,13.33,5.54,6.367326798256762,5.86318153124141
2025-11-22 14:00:00,2025-11-22,14,S053,13.33,5.54,5.825487897739362,5.290978309194791
2025-11-23 10:00:00,2025-11-23,10,S053,13.33,5.54,5.369748648151398,4.724377845348237
2025-11-23 11:00:00,2025-11-23,11,S053,13.33,5.54,5.827850666142226,5.300296004326838
2025-11-23 12:00:00,2025-11-23,12,S053,13.33,5.54,6.115517281768006,5.629483945636851
2025-11-23 13:00:00,2025-11-23,13,S053,13.33,5.54,5.277505113504123,4.859648560994388
2025-11-23 14:00:00,2025-11-23,14,S053,13.33,5.54,4.02603111232983,3.6566281934508558
2025-11-24 10:00:00,2025-11-24,10,S053,13.33,5.54,6.231655241716195,5.4826949812534576
2025-11-24 11:00:00,2025-11-24,11,S053,13.33,5.54,6.505855975736318,5.916926223462629
2025-11-24 12:00:00,2025-11-24,12,S053,13.33,5.54,6.584972083311123,6.061628627227069
2025-11-24 13:00:00,2025-11-24,13,S053,13.33,5.54,6.354260508395973,5.8511497898496225
2025-11-24 14:00:00,2025-11-24,14,S053,13.33,5.54,5.857659664119443,5.320198199626894
2025-11-25 10:00:00,2025-11-25,10,S053,13.33,5.54,6.180617564299992,5.437791338967305
2025-11-25 11:00:00,2025-11-25,11,S053,13.33,5.54,6.708135639046309,6.10089492009161
2025-11-25 12:00:00,2025-11-25,12,S053,13.33,5.54,6.769234107431354,6.23124634863681
2025-11-25 13:00:00,2025-11-25,13,S053,13.33,5.54,6.197888040186228,5.707158410633304
2025-11-25 14:00:00,2025-11-25,14,S053,13.33,5.54,5.642419267967252,5.124706888462095
2025-11-26 10:00:00,2025-11-26,10,S053,13.33,5.54,6.295965071937342,5.539275643970229
2025-11-26 11:00:00,2025-11-26,11,S053,13.33,5.54,6.631946141366456,6.031602326087738
2025-11-26 12:00:00,2025-11-26,12,S053,13.33,5.54,6.612706528535971,6.087158865625689
2025-11-26 13:00:00,2025-11-26,13,S053,13.33,5.54,6.376137620550603,5.871294739842929
2025-11-26 14:00:00,2025-11-26,14,S053,13.33,5.54,5.828375880107855,5.293601308733588
2025-11-27 10:00:00,2025-11-27,10,S053,13.33,5.54,6.124975509528191,5.38883670290179
2025-11-27 11:00:00,2025-11-27,11,S053,13.33,5.54,6.538526040685501,5.9466388953602225
2025-11-27 12:00:00,2025-11-27,12,S053,13.33,5.54,6.533330750410111,6.014091511214947
2025-11-27 13:00:00,2025-11-27,13,S053,13.33,5.54,6.198723386200363,5.7079276165304496
2025-11-27 14:00:00,2025-11-27,14,S053,13.33,5.54,5.6878444803278585,5.16596417326116
2025-11-28 10:00:00,2025-11-28,10,S053,13.33,5.54,6.304831631819288,5.5470765638671296
2025-11-28 11:00:00,2025-11-28,11,S053,13.33,5.54,6.5223946742234755,5.931967788960785
2025-11-28 12:00:00,2025-11-28,12,S053,13.33,5.54,6.569849434246376,6.047707857126509
2025-11-28 13:00:00,2025-11-28,13,S053,13.33,5.54,6.430494170986355,5.921347506524254
2025-11-28 14:00:00,2025-11-28,14,S053,13.33,5.54,5.895189951792561,5.3542849476387415
2025-11-29 10:00:00,2025-11-29,10,S053,13.33,5.54,6.142120799275166,5.403921361857021
2025-11-29 11:00:00,2025-11-29,11,S053,13.33,5.54,6.512372954505876,5.922853265610989
2025-11-29 12:00:00,2025-11-29,12,S053,13.33,5.54,6.576613089199353,6.053933967726364
2025-11-29 13:00:00,2025-11-29,13,S053,13.33,5.54,6.386935844345805,5.881237993634075
2025-11-29 14:00:00,2025-11-29,14,S053,13.33,5.54,5.859192325192816,5.321590233502325
2025-11-30 10:00:00,2025-11-30,10,S053,13.33,5.54,6.1697469356107915,5.428227212094821
2025-11-30 11:00:00,2025-11-30,11,S053,13.33,5.54,6.442725019132868,5.859510071916643
2025-11-30 12:00:00,2025-11-30,12,S053,13.33,5.54,6.540821477215813,6.0209869093229
2025-11-30 13:00:00,2025-11-30,13,S053,13.33,5.54,6.347626006694249,5.845040587498458
2025-11-30 14:00:00,2025-11-30,14,S053,13.33,5.54,5.8634230187429885,5.325432745614573
2025-12-01 10:00:00,2025-12-01,10,S053,13.33,5.54,4.5070678647816,3.965379566729923
2025-12-01 11:00:00,2025-12-01,11,S053,13.33,5.54,4.773908418722005,4.34175979555839
2025-12-01 12:00:00,2025-12-01,12,S053,13.33,5.54,4.8358768459258865,4.4515434775039004
2025-12-01 13:00:00,2025-12-01,13,S053,13.33,5.54,4.608752445577521,4.243845663516412
2025-12-01 14:00:00,2025-12-01,14,S053,13.33,5.54,4.339334217372655,3.941184605219944
2025-12-02 10:00:00,2025-12-02,10,S053,13.33,5.54,3.5170915731996524,3.0943849698077956
2025-12-02 11:00:00,2025-12-02,11,S053,13.33,5.54,3.7620394110147246,3.421488229642776
2025-12-02 12:00:00,2025-12-02,12,S053,13.33,5.54,3.4655497679736516,3.1901237267001927
2025-12-02 13:00:00,2025-12-02,13,S053,13.33,5.54,3.031159955528449,2.7911620735971328
2025-12-02 14:00:00,2025-12-02,14,S053,13.33,5.54,2.5777625465663094,2.3412435077634908
2025-12-03 10:00:00,2025-12-03,10,S053,13.33,5.54,4.427879334614121,3.8957084215716247
2025-12-03 11:00:00,2025-12-03,11,S053,13.33,5.54,4.635396721731679,4.2157865961462075
2025-12-03 12:00:00,2025-12-03,12,S053,13.33,5.54,4.662656727804601,4.292090101919099
2025-12-03 13:00:00,2025-12-03,13,S053,13.33,5.54,4.597508948242261,4.233492391568645
2025-12-03 14:00:00,2025-12-03,14,S053,13.33,5.54,4.093185781712019,3.717621178982624
2025-12-04 10:00:00,2025-12-04,10,S053,13.33,5.54,4.448700940210196,3.914027553178751
2025-12-04 11:00:00,2025-12-04,11,S053,13.33,5.54,4.709520884087681,4.2832008152239345
2025-12-04 12:00:00,2025-12-04,12,S053,13.33,5.54,4.701571445760129,4.327912056119562
2025-12-04 13:00:00,2025-12-04,13,S053,13.33,5.54,4.5259993187769165,4.167644673668896
2025-12-04 14:00:00,2025-12-04,14,S053,13.33,5.54,4.1390276011311835,3.759256845635532
2025-12-05 10:00:00,2025-12-05,10,S053,13.33,5.54,4.355891198372036,3.832372280855411
2025-12-05 11:00:00,2025-12-05,11,S053,13.33,5.54,4.760473727132269,4.329541252868864
2025-12-05 12:00:00,2025-12-05,12,S053,13.33,5.54,4.725031481430935,4.3495075954808184
2025-12-05 13:00:00,2025-12-05,13,S053,13.33,5.54,4.557884122021739,4.197004936685943
2025-12-05 14:00:00,2025-12-05,14,S053,13.33,5.54,4.189025751110534,3.804667484484043
2025-12-06 10:00:00,2025-12-06,10,S053,13.33,5.54,4.307664854124047,3.789942087701813
2025-12-06 11:00:00,2025-12-06,11,S053,13.33,5.54,4.8025422068139125,4.367801566582825
2025-12-06 12:00:00,2025-12-06,12,S053,13.33,5.54,4.8420479762733555,4.457224154643196
2025-12-06 13:00:00,2025-12-06,13,S053,13.33,5.54,4.607954825698582,4.243111196715615
2025-12-06 14:00:00,2025-12-06,14,S053,13.33,5.54,4.218096681320016,3.831071051681594
2025-12-07 10:00:00,2025-12-07,10,S053,13.33,5.54,3.9394190679802876,3.4659544399188302
2025-12-07 11:00:00,2025-12-07,11,S053,13.33,5.54,4.4815298992984225,4.075848263669801
2025-12-07 12:00:00,2025-12-07,12,S053,13.33,5.54,4.392730713998396,4.043616572825829
2025-12-07 13:00:00,2025-12-07,13,S053,13.33,5.54,4.246736600422439,3.910493114702499
2025-12-07 14:00:00,2025-12-07,14,S053,13.33,5.54,3.4323099672436355,3.117383111235444
2025-12-08 10:00:00,2025-12-08,10,S053,13.33,5.54,4.261524490224443,3.7493471684110116
2025-12-08 11:00:00,2025-12-08,11,S053,13.33,5.54,4.749711635775929,4.319753378559454
2025-12-08 12:00:00,2025-12-08,12,S053,13.33,5.54,4.685680371039944,4.313283931319245
2025-12-08 13:00:00,2025-12-08,13,S053,13.33,5.54,4.622734771890816,4.256720912424061
2025-12-08 14:00:00,2025-12-08,14,S053,13.33,5.54,4.381985068454075,3.9799220864235463
2025-12-09 10:00:00,2025-12-09,10,S053,13.33,5.54,4.261166208365331,3.7490319471616593
2025-12-09 11:00:00,2025-12-09,11,S053,13.33,5.54,4.788547467087921,4.355073673007547
2025-12-09 12:00:00,2025-12-09,12,S053,13.33,5.54,4.808538548359043,4.426377902759731
2025-12-09 13:00:00,2025-12-09,13,S053,13.33,5.54,4.527783422520756,4.16928751758945
2025-12-09 14:00:00,2025-12-09,14,S053,13.33,5.54,4.113243824432322,3.735838823722597
2025-12-10 10:00:00,2025-12-10,10,S053,13.33,5.54,4.1402031939468085,3.642607042967653
2025-12-10 11:00:00,2025-12-10,11,S053,13.33,5.54,4.549049678269105,4.137255948113479
2025-12-10 12:00:00,2025-12-10,12,S053,13.33,5.54,4.5361613797500775,4.175648025433818
2025-12-10 13:00:00,2025-12-10,13,S053,13.33,5.54,4.395095981490961,4.04710585826476
2025-12-10 14:00:00,2025-12-10,14,S053,13.33,5.54,3.5335507475963963,3.2093346837484145
2025-12-11 10:00:00,2025-12-11,10,S053,13.33,5.54,3.8898372203071427,3.422331656428009
2025-12-11 11:00:00,2025-12-11,11,S053,13.33,5.54,4.115083760915165,3.742573937620627
2025-12-11 12:00:00,2025-12-11,12,S053,13.33,5.54,3.786697815832467,3.485748396911435
2025-12-11 13:00:00,2025-12-11,13,S053,13.33,5.54,3.128057887837181,2.8803879269463875
2025-12-11 14:00:00,2025-12-11,14,S053,13.33,5.54,3.022963963201608,2.7455960838892186
2025-12-12 10:00:00,2025-12-12,10,S053,13.33,5.54,3.1283051952098906,2.7523254301344915
2025-12-12 11:00:00,2025-12-12,11,S053,13.33,5.54,3.322455358757976,3.021696654803994
2025-12-12 12:00:00,2025-12-12,12,S053,13.33,5.54,3.1884255505399,2.9350240742731684
2025-12-12 13:00:00,2025-12-12,13,S053,13.33,5.54,3.108206158405902,2.8621079961288673
2025-12-12 14:00:00,2025-12-12,14,S053,13.33,5.54,3.072315260163904,2.790419220825005
2025-12-13 10:00:00,2025-12-13,10,S053,13.33,5.54,2.801014685601837,2.4643707913047326
2025-12-13 11:00:00,2025-12-13,11,S053,13.33,5.54,2.8850115132384095,2.6238515487179925
2025-12-13 12:00:00,2025-12-13,12,S053,13.33,5.54,2.864024900150361,2.6364053035002564
2025-12-13 13:00:00,2025-12-13,13,S053,13.33,5.54,3.283365449220544,3.023398715369306
2025-12-13 14:00:00,2025-12-13,14,S053,13.33,5.54,3.1847510798209364,2.892538647287594
2025-12-14 10:00:00,2025-12-14,10,S053,13.33,5.54,4.038645477010735,3.5532551832521873
2025-12-14 11:00:00,2025-12-14,11,S053,13.33,5.54,4.6186265758963865,4.200534534613612
2025-12-14 12:00:00,2025-12-14,12,S053,13.33,5.54,4.513203604982662,4.154514829577106
2025-12-14 13:00:00,2025-12-14,13,S053,13.33,5.54,4.3842664667163564,4.0371337910173
2025-12-14 14:00:00,2025-12-14,14,S053,13.33,5.54,4.17531771320175,3.792217208642745
2025-12-15 10:00:00,2025-12-15,10,S053,13.33,5.54,4.230091692750293,3.7216921659640505
2025-12-15 11:00:00,2025-12-15,11,S053,13.33,5.54,4.8502455601610235,4.411186668161973
2025-12-15 12:00:00,2025-12-15,12,S053,13.33,5.54,4.738365112101078,4.361781530184331
2025-12-15 13:00:00,2025-12-15,13,S053,13.33,5.54,4.373868898717419,4.027559470334108
2025-12-15 14:00:00,2025-12-15,14,S053,13.33,5.54,3.9897114359165577,3.6236409787363306
2025-12-16 10:00:00,2025-12-16,10,S053,13.33,5.54,3.954384455197623,3.4791211909996234
2025-12-16 11:00:00,2025-12-16,11,S053,13.33,5.54,4.646310894525045,4.225712785021171
2025-12-16 12:00:00,2025-12-16,12,S053,13.33,5.54,4.598146086342879,4.232706471115835
2025-12-16 13:00:00,2025-12-16,13,S053,13.33,5.54,4.435141645615931,4.083980830406618
2025-12-16 14:00:00,2025-12-16,14,S053,13.33,5.54,4.079393098023442,3.70509402391804
2025-12-17 10:00:00,2025-12-17,10,S053,13.33,5.54,3.95396060484699,3.4787482817002355
2025-12-17 11:00:00,2025-12-17,11,S053,13.33,5.54,4.680004267973794,4.25635613243915
2025-12-17 12:00:00,2025-12-17,12,S053,13.33,5.54,4.659294759699156,4.288995327658258
2025-12-17 13:00:00,2025-12-17,13,S053,13.33,5.54,4.414840841117969,4.065287380898988
2025-12-17 14:00:00,2025-12-17,14,S053,13.33,5.54,4.016555928323714,3.6480223918541443
2025-12-18 10:00:00,2025-12-18,10,S053,13.33,5.54,4.018088126804354,3.535168547128628
2025-12-18 11:00:00,2025-12-18,11,S053,13.33,5.54,4.780808817384069,4.348035549271382
2025-12-18 12:00:00,2025-12-18,12,S053,13.33,5.54,4.74644840961644,4.369222404192848
2025-12-18 13:00:00,2025-12-18,13,S053,13.33,5.54,4.498579912293222,4.1423962510911805
2025-12-18 14:00:00,2025-12-18,14,S053,13.33,5.54,4.076698620543232,3.7026467744940152
2025-12-19 10:00:00,2025-12-19,10,S053,13.33,5.54,3.9929547427426555,3.5130558542224906
2025-12-19 11:00:00,2025-12-19,11,S053,13.33,5.54,4.488289057023802,4.081995562002715
2025-12-19 12:00:00,2025-12-19,12,S053,13.33,5.54,4.568452172448741,4.205372493653531
2025-12-19 13:00:00,2025-12-19,13,S053,13.33,5.54,4.269746509384012,3.931681170150819
2025-12-19 14:00:00,2025-12-19,14,S053,13.33,5.54,3.692387434134746,3.353597529699035
2025-12-20 10:00:00,2025-12-20,10,S053,13.33,5.54,3.190640878133771,2.8071692112268556
2025-12-20 11:00:00,2025-12-20,11,S053,13.33,5.54,3.4829197810319794,3.167635352436841
2025-12-20 12:00:00,2025-12-20,12,S053,13.33,5.54,3.950798773702774,3.636807361383439
2025-12-20 13:00:00,2025-12-20,13,S053,13.33,5.54,4.183589784761912,3.852346068843494
2025-12-20 14:00:00,2025-12-20,14,S053,13.33,5.54,3.3756431764899775,3.0659157035277333
2025-12-21 10:00:00,2025-12-21,10,S053,13.33,5.54,3.9167115599116014,3.445976065683436
2025-12-21 11:00:00,2025-12-21,11,S053,13.33,5.54,4.555666274872694,4.143273590388356
2025-12-21 12:00:00,2025-12-21,12,S053,13.33,5.54,4.502651720283423,4.144801560400733
2025-12-21 13:00:00,2025-12-21,13,S053,13.33,5.54,4.331893399826363,3.9889074617816234
2025-12-21 14:00:00,2025-12-21,14,S053,13.33,5.54,3.972049815021591,3.607599875450071
2025-12-22 10:00:00,2025-12-22,10,S053,13.33,5.54,3.5935061206660115,3.1616155272821502
2025-12-22 11:00:00,2025-12-22,11,S053,13.33,5.54,3.371260942716801,3.0660842097474763
2025-12-22 12:00:00,2025-12-22,12,S053,13.33,5.54,3.4713558298910923,3.1954683493781544
2025-12-22 13:00:00,2025-12-22,13,S053,13.33,5.54,3.4146887803726482,3.1443242708226427
2025-12-22 14:00:00,2025-12-22,14,S053,13.33,5.54,3.4713083966899805,3.1528032937017656
2025-12-23 10:00:00,2025-12-23,10,S053,13.33,5.54,2.660631365774255,2.340859638454368
2025-12-23 11:00:00,2025-12-23,11,S053,13.33,5.54,2.474838513434008,2.2508086489442523
2025-12-23 12:00:00,2025-12-23,12,S053,13.33,5.54,2.50985483834871,2.3103830579444073
2025-12-23 13:00:00,2025-12-23,13,S053,13.33,5.54,2.711954059591541,2.4972299144635635
2025-12-23 14:00:00,2025-12-23,14,S053,13.33,5.54,2.6993085268461576,2.4516372046553956
2025-12-24 10:00:00,2025-12-24,10,S053,13.33,5.54,3.5001905624927074,3.0795152308721807
2025-12-24 11:00:00,2025-12-24,11,S053,13.33,5.54,3.9026501447040567,3.549370454605889
2025-12-24 12:00:00,2025-12-24,12,S053,13.33,5.54,4.048388526671913,3.7266411272426714
2025-12-24 13:00:00,2025-12-24,13,S053,13.33,5.54,4.079851282556697,3.756821260791426
2025-12-24 14:00:00,2025-12-24,14,S053,13.33,5.54,3.4846928305339544,3.1649596573218495
2025-12-25 10:00:00,2025-12-25,10,S053,13.33,5.54,4.16300677387294,3.662669942529019
2025-12-25 11:00:00,2025-12-25,11,S053,13.33,5.54,4.819643689064699,4.3833549709568445
2025-12-25 12:00:00,2025-12-25,12,S053,13.33,5.54,4.80583044009141,4.423885022548087
2025-12-25 13:00:00,2025-12-25,13,S053,13.33,5.54,4.551590409364372,4.191209540755311
2025-12-25 14:00:00,2025-12-25,14,S053,13.33,5.54,4.235835352169996,3.847182135310763
2025-12-26 10:00:00,2025-12-26,10,S053,13.33,5.54,4.126476048561085,3.6305297138802826
2025-12-26 11:00:00,2025-12-26,11,S053,13.33,5.54,4.790203672436766,4.35657995364096
2025-12-26 12:00:00,2025-12-26,12,S053,13.33,5.54,4.7523058908672535,4.3746143596308
2025-12-26 13:00:00,2025-12-26,13,S053,13.33,5.54,4.5286211281295135,4.170058896255805
2025-12-26 14:00:00,2025-12-26,14,S053,13.33,5.54,4.272496764137611,3.880479730106279
2025-12-27 10:00:00,2025-12-27,10,S053,13.33,5.54,3.8592734158744744,3.3954412058701484
2025-12-27 11:00:00,2025-12-27,11,S053,13.33,5.54,4.697642750550142,4.272397926245732
2025-12-27 12:00:00,2025-12-27,12,S053,13.33,5.54,4.753185052839264,4.375423649831287
2025-12-27 13:00:00,2025-12-27,13,S053,13.33,5.54,4.506105173462076,4.14932568532645
2025-12-27 14:00:00,2025-12-27,14,S053,13.33,5.54,4.132985653780455,3.7537692688112103
2025-12-28 10:00:00,2025-12-28,10,S053,13.33,5.54,4.0422311556048784,3.5564099120152446
2025-12-28 11:00:00,2025-12-28,11,S053,13.33,5.54,4.748503753284919,4.318654837243359
2025-12-28 12:00:00,2025-12-28,12,S053,13.33,5.54,4.77811036872668,4.39836801564094
2025-12-28 13:00:00,2025-12-28,13,S053,13.33,5.54,4.596846647790587,4.232882530020868
2025-12-28 14:00:00,2025-12-28,14,S053,13.33,5.54,4.277348588848887,3.8848863823486317
2025-12-29 10:00:00,2025-12-29,10,S053,13.33,5.54,3.9092463771741586,3.4394080964455482
2025-12-29 11:00:00,2025-12-29,11,S053,13.33,5.54,4.754938183769629,4.324506803627185
2025-12-29 12:00:00,2025-12-29,12,S053,13.33,5.54,4.787599225573931,4.407102741555835
2025-12-29 13:00:00,2025-12-29,13,S053,13.33,5.54,4.623542876934445,4.257465034206597
2025-12-29 14:00:00,2025-12-29,14,S053,13.33,5.54,4.287286138289817,3.8939121256788884
2025-12-30 10:00:00,2025-12-30,10,S053,13.33,5.54,3.98560134027763,3.5065862307875735
2025-12-30 11:00:00,2025-12-30,11,S053,13.33,5.54,4.781961061730832,4.34908348897626
2025-12-30 12:00:00,2025-12-30,12,S053,13.33,5.54,4.809791726720926,4.427531484238484
2025-12-30 13:00:00,2025-12-30,13,S053,13.33,5.54,4.647131912250889,4.27918636257395
2025-12-30 14:00:00,2025-12-30,14,S053,13.33,5.54,4.474517474169277,4.0639643091748345
2025-12-31 10:00:00,2025-12-31,10,S053,13.33,5.54,3.6537101555608626,3.214583855465579
2025-12-31 11:00:00,2025-12-31,11,S053,13.33,5.54,3.7527171438027502,3.41300984224312
2025-12-31 12:00:00,2025-12-31,12,S053,13.33,5.54,4.261539707066321,3.9228520269487643
2025-12-31 13:00:00,2025-12-31,13,S053,13.33,5.54,4.243600572298187,3.907605387597837
2025-12-31 14:00:00,2025-12-31,14,S053,13.33,5.54,4.1134307510082895,3.7360085991090055
2025-09-01 10:00:00,2025-09-01,10,S055,4.0,1.66,1.729755210680156,1.8541421309221084
2025-09-01 11:00:00,2025-09-01,11,S055,4.0,2.0,2.08215592773911,2.081018126082453
2025-09-01 12:00:00,2025-09-01,12,S055,4.0,2.61,1.9966086844251159,2.04472270156744
2025-09-01 13:00:00,2025-09-01,13,S055,4.0,2.59,1.80047975821741,1.9270964393920333
2025-09-01 14:00:00,2025-09-01,14,S055,4.0,1.66,1.7207859902587601,1.8497590352294269
2025-09-02 10:00:00,2025-09-02,10,S055,4.0,1.78,1.5718657329731145,1.6913418436323517
2025-09-02 11:00:00,2025-09-02,11,S055,4.0,2.73,1.767302675209283,1.831181044742125
2025-09-02 12:00:00,2025-09-02,12,S055,4.0,2.24,1.8311111148968164,1.9401686908186833
2025-09-02 13:00:00,2025-09-02,13,S055,4.0,2.39,1.7675657128524156,1.8875165185483829
2025-09-02 14:00:00,2025-09-02,14,S055,4.0,1.26,1.353325451690027,1.4676862570652673
2025-09-03 10:00:00,2025-09-03,10,S055,4.0,0.98,1.0827853180751987,1.154315278514281
2025-09-03 11:00:00,2025-09-03,11,S055,4.0,2.36,1.2456381919089203,1.2735477361119574
2025-09-03 12:00:00,2025-09-03,12,S055,4.0,2.46,1.3744566987285143,1.4425217192525075
2025-09-03 13:00:00,2025-09-03,13,S055,4.0,1.87,1.540664317820439,1.6574500405972876
2025-09-03 14:00:00,2025-09-03,14,S055,4.0,1.03,1.4595166532998731,1.5751075312106377
2025-09-04 10:00:00,2025-09-04,10,S055,4.0,2.0,1.730994793890819,1.8609868866187786
2025-09-04 11:00:00,2025-09-04,11,S055,4.0,1.5,1.9080473344700848,1.9725764687900906
2025-09-04 12:00:00,2025-09-04,12,S055,4.0,2.52,2.0077632965419943,2.0561461160804986
2025-09-04 13:00:00,2025-09-04,13,S055,4.0,2.08,1.8374696053242405,1.9629730761343849
2025-09-04 14:00:00,2025-09-04,14,S055,4.0,1.77,1.645693751965519,1.7662459589480588
2025-09-05 10:00:00,2025-09-05,10,S055,4.0,2.23,1.723156118665774,1.837662315176719
2025-09-05 11:00:00,2025-09-05,11,S055,4.0,2.46,1.89803472859413,1.9472218034428324
2025-09-05 12:00:00,2025-09-05,12,S055,4.0,2.44,1.7798026462041279,1.880987075262334
2025-09-05 13:00:00,2025-09-05,13,S055,4.0,2.44,1.7900128293696684,1.9062169883372282
2025-09-05 14:00:00,2025-09-05,14,S055,4.0,2.12,1.5608077460965624,1.6507483800328466
2025-09-06 10:00:00,2025-09-06,10,S055,4.0,0.97,1.1458633821706847,1.2190001335334157
2025-09-06 11:00:00,2025-09-06,11,S055,4.0,0.54,1.2650614003069358,1.2950699301767579
2025-09-06 12:00:00,2025-09-06,12,S055,4.0,1.38,1.3437602149334102,1.4074646971953453
2025-09-06 13:00:00,2025-09-06,13,S055,4.0,1.52,1.325871204514839,1.403861128617439
2025-09-06 14:00:00,2025-09-06,14,S055,4.0,0.69,1.121460102839971,1.205853726835048
2025-09-07 10:00:00,2025-09-07,10,S055,4.0,0.69,0.8981746925390544,0.9746148218728532
2025-09-07 11:00:00,2025-09-07,11,S055,4.0,1.64,0.9396867916452236,0.9724176654399449
2025-09-07 12:00:00,2025-09-07,12,S055,4.0,1.22,1.5836257474037514,1.6778198470455459
2025-09-07 13:00:00,2025-09-07,13,S055,4.0,1.49,1.5103949496630762,1.618212837651362
2025-09-07 14:00:00,2025-09-07,14,S055,4.0,1.07,1.1242939019970146,1.2046467959776894
2025-09-16 10:00:00,2025-09-16,10,S055,4.0,2.25,1.3893028915695118,1.472112579295028
2025-09-16 11:00:00,2025-09-16,11,S055,4.0,2.05,1.6768786719068909,1.737137036702837
2025-09-16 12:00:00,2025-09-16,12,S055,4.0,2.28,1.5215241197073068,1.6181939342756393
2025-09-16 13:00:00,2025-09-16,13,S055,4.0,2.26,1.3599042344744332,1.4369075087362466
2025-09-16 14:00:00,2025-09-16,14,S055,4.0,1.98,1.267603786215496,1.3698778950715926
2025-09-17 10:00:00,2025-09-17,10,S055,4.0,0.55,0.7846818912859389,0.8257162307317263
2025-09-17 11:00:00,2025-09-17,11,S055,4.0,0.97,0.9813506933936353,1.0103530784471333
2025-09-17 12:00:00,2025-09-17,12,S055,4.0,0.84,1.5295317385976783,1.6234147337436065
2025-09-17 13:00:00,2025-09-17,13,S055,4.0,0.42,1.5792259884033966,1.690919961703332
2025-09-17 14:00:00,2025-09-17,14,S055,4.0,0.28,1.471452800490169,1.5754639950328337
2025-09-18 10:00:00,2025-09-18,10,S055,4.0,1.54,1.6064764555354447,1.6937250297895174
2025-09-18 11:00:00,2025-09-18,11,S055,4.0,1.13,1.815045674726374,1.8692126846339259
2025-09-18 12:00:00,2025-09-18,12,S055,4.0,1.54,1.8111991356155317,1.9002626955503763
2025-09-18 13:00:00,2025-09-18,13,S055,4.0,0.57,1.5655896244816,1.6788815624654196
2025-09-18 14:00:00,2025-09-18,14,S055,4.0,1.41,1.1246969582017234,1.2029863839371493
2025-09-19 10:00:00,2025-09-19,10,S055,4.0,0.28,0.7878010026208573,0.8194361456233719
2025-09-19 11:00:00,2025-09-19,11,S055,4.0,0.28,0.6876715828491998,0.7511429532450702
2025-09-19 12:00:00,2025-09-19,12,S055,4.0,0.14,0.6358835440756605,0.7117016210434141
2025-09-19 13:00:00,2025-09-19,13,S055,4.0,0.14,0.5870186850075567,0.6627823358457113
2025-09-19 14:00:00,2025-09-19,14,S055,4.0,0.14,0.4967872616472881,0.5626696255864804
2025-09-20 10:00:00,2025-09-20,10,S055,4.0,2.22,1.9334855100081687,2.0051853361891916
2025-09-20 11:00:00,2025-09-20,11,S055,4.0,2.5,2.3424471321666367,2.341167093437498
2025-09-20 12:00:00,2025-09-20,12,S055,4.0,2.5,2.1221768007330044,2.1733167420575157
2025-09-20 13:00:00,2025-09-20,13,S055,4.0,2.32,2.012778357886921,2.0793904652796127
2025-09-20 14:00:00,2025-09-20,14,S055,4.0,2.0,1.4781537238100508,1.580160866519653
2025-09-21 10:00:00,2025-09-21,10,S055,4.0,1.85,1.3730177300831996,1.4494147115238505
2025-09-21 11:00:00,2025-09-21,11,S055,4.0,2.5,1.5799187339725638,1.6320791650649478
2025-09-21 12:00:00,2025-09-21,12,S055,4.0,0.83,1.5210176252261545,1.583665148668825
2025-09-21 13:00:00,2025-09-21,13,S055,4.0,1.0,0.9520537298913726,1.0211458589332945
2025-09-21 14:00:00,2025-09-21,14,S055,4.0,2.12,0.7984250480229595,0.8612251928437111
2025-09-22 10:00:00,2025-09-22,10,S055,4.0,0.69,0.8366339781910391,0.9040559017117247
2025-09-22 11:00:00,2025-09-22,11,S055,4.0,0.83,0.9136389705741861,0.9432211958273764
2025-09-22 12:00:00,2025-09-22,12,S055,4.0,0.83,0.9098680990054968,0.9623558873027012
2025-09-22 13:00:00,2025-09-22,13,S055,4.0,0.55,0.7594591583195209,0.8126128383149406
2025-09-22 14:00:00,2025-09-22,14,S055,4.0,0.42,0.5766287385508413,0.6229625078784531
2025-09-23 10:00:00,2025-09-23,10,S055,4.0,0.42,0.8010764328877982,0.8602094079683504
2025-09-23 11:00:00,2025-09-23,11,S055,4.0,0.42,0.8347316255048596,0.8657689360592016
2025-09-23 12:00:00,2025-09-23,12,S055,4.0,1.67,0.8112526944721278,0.8622719136101413
2025-09-23 13:00:00,2025-09-23,13,S055,4.0,0.95,0.6955703196438536,0.7492427660530486
2025-09-23 14:00:00,2025-09-23,14,S055,4.0,0.26,0.6055063369357705,0.6591116524550769
2025-09-24 10:00:00,2025-09-24,10,S055,4.0,0.69,0.745841582684236,0.802638485518166
2025-09-24 11:00:00,2025-09-24,11,S055,4.0,0.42,1.2762614674325068,1.3105852181604787
2025-09-24 12:00:00,2025-09-24,12,S055,4.0,0.42,1.1299151287504428,1.1875611663120198
2025-09-24 13:00:00,2025-09-24,13,S055,4.0,0.42,1.0811681333796155,1.1519767616005847
2025-09-24 14:00:00,2025-09-24,14,S055,4.0,0.69,0.83110826486781,0.8976999926685948
2025-09-25 10:00:00,2025-09-25,10,S055,4.0,1.12,1.3400023071172265,1.414631193500469
2025-09-25 11:00:00,2025-09-25,11,S055,4.0,1.12,1.645856391743621,1.6969479252703026
2025-09-25 12:00:00,2025-09-25,12,S055,4.0,1.25,1.6289042717636042,1.726355745011328
2025-09-25 13:00:00,2025-09-25,13,S055,4.0,1.24,1.5020341242480892,1.604201782814708
2025-09-25 14:00:00,2025-09-25,14,S055,4.0,1.11,1.394593286180397,1.495910820877345
2025-09-26 10:00:00,2025-09-26,10,S055,4.0,0.55,1.2565013830589833,1.32836217742333
2025-09-26 11:00:00,2025-09-26,11,S055,4.0,1.11,1.258064867322914,1.2827021059006403
2025-09-26 12:00:00,2025-09-26,12,S055,4.0,0.7,1.2227938825679119,1.2815050633367773
2025-09-26 13:00:00,2025-09-26,13,S055,4.0,1.39,0.9208406006311572,0.9850073655486855
2025-09-26 14:00:00,2025-09-26,14,S055,4.0,0.83,0.779466980906755,0.8409685016013917
2025-09-27 10:00:00,2025-09-27,10,S055,4.0,0.42,0.666054846965647,0.7118446987228805
2025-09-27 11:00:00,2025-09-27,11,S055,4.0,0.28,0.6409398961994925,0.6586434532476617
2025-09-27 12:00:00,2025-09-27,12,S055,4.0,0.14,0.7532004643918023,0.800188978394412
2025-09-27 13:00:00,2025-09-27,13,S055,4.0,0.42,0.6903759691218911,0.7432815617760936
2025-09-27 14:00:00,2025-09-27,14,S055,4.0,0.42,0.5186188194512605,0.5653339496167276
2025-09-28 10:00:00,2025-09-28,10,S055,4.0,1.11,0.6978622948192037,0.7419315695075215
2025-09-28 11:00:00,2025-09-28,11,S055,4.0,1.11,0.7923456048098794,0.8207288666362087
2025-09-28 12:00:00,2025-09-28,12,S055,4.0,0.42,0.7726200146540706,0.8185639101443847
2025-09-28 13:00:00,2025-09-28,13,S055,4.0,0.97,0.836699840260579,0.8987650174775059
2025-09-28 14:00:00,2025-09-28,14,S055,4.0,0.69,0.5859464890437072,0.6370025752780549
2025-09-29 10:00:00,2025-09-29,10,S055,4.0,0.69,0.8420050757836308,0.9080462110781129
2025-09-29 11:00:00,2025-09-29,11,S055,4.0,0.69,0.8089687087940792,0.8289927627939455
2025-09-29 12:00:00,2025-09-29,12,S055,4.0,2.04,0.9750432036542184,1.031232549633338
2025-09-29 13:00:00,2025-09-29,13,S055,4.0,2.18,1.0464395003093303,1.1145383714084363
2025-09-29 14:00:00,2025-09-29,14,S055,4.0,1.75,0.7981595638945809,0.8613394766089117
2025-09-30 10:00:00,2025-09-30,10,S055,4.0,1.94,1.9723727463365122,2.0455146356056577
2025-09-30 11:00:00,2025-09-30,11,S055,4.0,2.37,2.2169758479575816,2.2157643734666608
2025-09-30 12:00:00,2025-09-30,12,S055,4.0,2.64,2.2491611932670628,2.303361188014586
2025-09-30 13:00:00,2025-09-30,13,S055,4.0,2.34,2.1256298576459085,2.195976740997372
2025-09-30 14:00:00,2025-09-30,14,S055,4.0,1.75,1.762568828722572,1.8724345178602033
2025-10-01 10:00:00,2025-10-01,10,S055,4.0,0.29,1.3646630117202754,1.42313999640908
2025-10-01 11:00:00,2025-10-01,11,S055,4.0,1.26,1.18369111635945,1.1964348047756237
2025-10-01 12:00:00,2025-10-01,12,S055,4.0,1.12,1.2990425599905135,1.3459587254993437
2025-10-01 13:00:00,2025-10-01,13,S055,4.0,1.2,1.2442362612118045,1.3015463900589181
2025-10-01 14:00:00,2025-10-01,14,S055,4.0,0.78,1.1665853911901938,1.2388483830779844
2025-10-02 12:00:00,2025-10-02,12,S055,4.0,0.28,0.5795476294485639,0.6486486262983616
2025-10-02 13:00:00,2025-10-02,13,S055,4.0,0.28,0.5540768391945626,0.6255888459745594
2025-10-02 14:00:00,2025-10-02,14,S055,4.0,0.28,0.4489188111170735,0.5084530117225692
2025-10-03 10:00:00,2025-10-03,10,S055,4.0,1.39,0.9592497181632073,1.0118035602597628
2025-10-03 11:00:00,2025-10-03,11,S055,4.0,0.96,1.0483941093017446,1.0629729351692463
2025-10-03 12:00:00,2025-10-03,12,S055,4.0,1.37,1.0485946239731108,1.0916162481749119
2025-10-03 13:00:00,2025-10-03,13,S055,4.0,0.69,1.0523771386923992,1.1059349631130702
2025-10-03 14:00:00,2025-10-03,14,S055,4.0,0.69,0.8994437610947017,0.9658434576701629
2025-10-04 10:00:00,2025-10-04,10,S055,4.0,0.55,0.7447263464666287,0.7956623675065336
2025-10-04 11:00:00,2025-10-04,11,S055,4.0,0.69,0.7823413064912969,0.7911693231518375
2025-10-04 12:00:00,2025-10-04,12,S055,4.0,0.42,0.7557060194682951,0.7880066774163919
2025-10-04 13:00:00,2025-10-04,13,S055,4.0,0.55,0.6310519965457828,0.6659601055742106
2025-10-04 14:00:00,2025-10-04,14,S055,4.0,0.42,0.4583429260513747,0.519126923134839
2025-10-05 10:00:00,2025-10-05,10,S055,4.0,0.28,0.7451531921417589,0.7887481028808538
2025-10-05 11:00:00,2025-10-05,11,S055,4.0,0.28,0.8523592115309822,0.8609606175668738
2025-10-05 12:00:00,2025-10-05,12,S055,4.0,0.28,0.9372299860612117,0.9771516682103307
2025-10-05 13:00:00,2025-10-05,13,S055,4.0,0.28,0.9766068366587092,1.0311200864141237
2025-10-05 14:00:00,2025-10-05,14,S055,4.0,0.28,1.0411343641971986,1.1140663863349614
2025-10-06 10:00:00,2025-10-06,10,S055,4.0,0.28,0.886413697415115,0.9372879716195528
2025-10-06 11:00:00,2025-10-06,11,S055,4.0,0.28,1.124057727173092,1.1380796597661607
2025-10-06 12:00:00,2025-10-06,12,S055,4.0,0.28,1.6049944483591998,1.6983607601645532
2025-10-06 13:00:00,2025-10-06,13,S055,4.0,0.28,1.6727364232620774,1.7810767325412353
2025-10-06 14:00:00,2025-10-06,14,S055,4.0,0.28,1.1556224979787335,1.231724178286146
2025-10-07 10:00:00,2025-10-07,10,S055,4.0,0.28,0.8904931362890605,0.9411318049562813
2025-10-07 11:00:00,2025-10-07,11,S055,4.0,0.28,1.3411398602713582,1.3540840614597662
2025-10-07 12:00:00,2025-10-07,12,S055,4.0,0.28,1.433993490706234,1.5229577192792523
2025-10-07 13:00:00,2025-10-07,13,S055,4.0,0.28,1.397851755091791,1.4661888446783302
2025-10-07 14:00:00,2025-10-07,14,S055,4.0,0.28,0.9650758365687132,1.0296983466500769
2025-10-08 10:00:00,2025-10-08,10,S055,4.0,0.28,1.040716064086476,1.099710938177601
2025-10-08 11:00:00,2025-10-08,11,S055,4.0,0.28,1.1726131626001068,1.1824333814446368
2025-10-08 12:00:00,2025-10-08,12,S055,4.0,0.28,1.33695369568208,1.3827378645458057
2025-10-08 13:00:00,2025-10-08,13,S055,4.0,0.28,0.9410938901150362,0.9928689231218355
2025-10-08 14:00:00,2025-10-08,14,S055,4.0,0.28,0.7207818099024781,0.77113529728685
2025-10-09 10:00:00,2025-10-09,10,S055,4.0,0.28,1.6618965824854037,1.741596063134202
2025-10-09 11:00:00,2025-10-09,11,S055,4.0,0.28,1.9065043246109268,1.9584646431699104
2025-10-09 12:00:00,2025-10-09,12,S055,4.0,0.28,1.988714248120285,2.036638026160344
2025-10-09 13:00:00,2025-10-09,13,S055,4.0,0.28,1.827482832194376,1.9371525489841817
2025-10-09 14:00:00,2025-10-09,14,S055,4.0,0.28,1.6187737682026777,1.7322463540429183
2025-10-10 10:00:00,2025-10-10,10,S055,4.0,0.28,1.1230135473595844,1.184466030662521
2025-10-10 11:00:00,2025-10-10,11,S055,4.0,0.28,1.2656563111812165,1.2760380970983833
2025-10-10 12:00:00,2025-10-10,12,S055,4.0,0.28,0.9962880101044925,1.029476383631426
2025-10-10 13:00:00,2025-10-10,13,S055,4.0,0.28,1.0970644904636007,1.1565467405926362
2025-10-10 14:00:00,2025-10-10,14,S055,4.0,0.28,1.1109398345723307,1.186864276692745
2025-10-11 10:00:00,2025-10-11,10,S055,4.0,0.28,0.770117189092882,0.8320419172223286
2025-10-11 11:00:00,2025-10-11,11,S055,4.0,0.28,0.9366685335477286,0.9681251849500698
2025-10-11 12:00:00,2025-10-11,12,S055,4.0,0.28,0.8287303015959526,0.8841289013109748
2025-10-11 13:00:00,2025-10-11,13,S055,4.0,0.28,0.8055976973203518,0.8713700985657249
2025-10-11 14:00:00,2025-10-11,14,S055,4.0,0.28,0.5959480062938983,0.6524545337201128
2025-10-12 10:00:00,2025-10-12,10,S055,4.0,0.28,0.5546928910214216,0.6287023796512963
2025-10-12 11:00:00,2025-10-12,11,S055,4.0,0.28,0.6335263845320309,0.6383684555449671
2025-10-12 12:00:00,2025-10-12,12,S055,4.0,0.28,0.6201698439575902,0.6634403770630859
2025-10-12 13:00:00,2025-10-12,13,S055,4.0,0.28,0.6164097772096637,0.6451624512445326
2025-10-12 14:00:00,2025-10-12,14,S055,4.0,0.28,0.4900006814096012,0.5216285740637729
2025-10-13 10:00:00,2025-10-13,10,S055,4.0,0.28,0.5878548000151874,0.666288891819802
2025-10-13 11:00:00,2025-10-13,11,S055,4.0,0.28,0.7439135600248241,0.7373258151476598
2025-10-13 12:00:00,2025-10-13,12,S055,4.0,0.28,0.7466358525862447,0.7786734672900146
2025-10-13 13:00:00,2025-10-13,13,S055,4.0,0.28,0.6574574443695195,0.6871643202789695
2025-10-13 14:00:00,2025-10-13,14,S055,4.0,0.28,0.5348126452527515,0.5737007154101956
2025-10-14 10:00:00,2025-10-14,10,S055,4.0,0.28,1.3690925618326955,1.4449860511082901
2025-10-14 11:00:00,2025-10-14,11,S055,4.0,0.28,1.6904630393711557,1.7309720549754557
2025-10-14 12:00:00,2025-10-14,12,S055,4.0,0.28,1.5717274123631322,1.6539990409125278
2025-10-14 13:00:00,2025-10-14,13,S055,4.0,0.28,1.299326062161223,1.3721374862090783
2025-10-14 14:00:00,2025-10-14,14,S055,4.0,0.28,1.1979538478050262,1.2713810542295843
2025-10-15 10:00:00,2025-10-15,10,S055,4.0,0.28,0.5784195271878688,0.6555947246955918
2025-10-15 11:00:00,2025-10-15,11,S055,4.0,0.28,0.5433210571911377,0.5934690245129413
2025-10-15 12:00:00,2025-10-15,12,S055,4.0,0.28,0.5318859252981198,0.5953040910896841
2025-10-15 13:00:00,2025-10-15,13,S055,4.0,0.28,0.5535114607432207,0.6249504968722435
2025-10-15 14:00:00,2025-10-15,14,S055,4.0,0.28,0.37207052085082987,0.42141334293619764
2025-10-16 10:00:00,2025-10-16,10,S055,4.0,0.28,1.378054379863637,1.4538040456119472
2025-10-16 11:00:00,2025-10-16,11,S055,4.0,0.28,1.5796298270535662,1.6187072537549205
2025-10-16 12:00:00,2025-10-16,12,S055,4.0,0.28,1.2535595516688738,1.3113618663173967
2025-10-16 13:00:00,2025-10-16,13,S055,4.0,0.28,1.0530727616674571,1.1197463160614727
2025-10-16 14:00:00,2025-10-16,14,S055,4.0,0.28,0.6661924969607853,0.7198213389164699
2025-10-17 10:00:00,2025-10-17,10,S055,4.0,0.28,0.5722893344082871,0.6486466154794321
2025-10-17 11:00:00,2025-10-17,11,S055,4.0,0.28,0.7076119260275295,0.6976541162944432
2025-10-17 12:00:00,2025-10-17,12,S055,4.0,0.28,0.7011761650633017,0.71172646844132
2025-10-17 13:00:00,2025-10-17,13,S055,4.0,0.28,0.5693063541628769,0.5972528332594795
2025-10-17 14:00:00,2025-10-17,14,S055,4.0,0.28,0.34269625329784736,0.3881435524204167
2025-10-18 10:00:00,2025-10-18,10,S055,4.0,0.28,0.8917152442264173,0.9686313792858579
2025-10-18 11:00:00,2025-10-18,11,S055,4.0,0.28,0.9448804293717172,0.9877586062566119
2025-10-18 12:00:00,2025-10-18,12,S055,4.0,0.28,0.818517140580895,0.8833988681225053
2025-10-18 13:00:00,2025-10-18,13,S055,4.0,0.28,0.9216026614864395,0.9941194707406525
2025-10-18 14:00:00,2025-10-18,14,S055,4.0,0.28,0.8057872864403729,0.8691323072537387
2025-10-19 10:00:00,2025-10-19,10,S055,4.0,0.28,1.5249783750031107,1.6064774501177652
2025-10-19 11:00:00,2025-10-19,11,S055,4.0,0.28,1.8219344436131577,1.8527985650815482
2025-10-19 12:00:00,2025-10-19,12,S055,4.0,0.28,1.8898076386248601,1.9660807317410969
2025-10-19 13:00:00,2025-10-19,13,S055,4.0,0.28,1.7199175896876533,1.8175696262671726
2025-10-19 14:00:00,2025-10-19,14,S055,4.0,0.28,1.3198730634403035,1.3961945274929546
2025-10-20 10:00:00,2025-10-20,10,S055,4.0,0.28,1.042373021758728,1.1154048704386734
2025-10-20 11:00:00,2025-10-20,11,S055,4.0,0.28,0.7826802272646839,0.8227665805616173
2025-10-20 12:00:00,2025-10-20,12,S055,4.0,0.28,0.7279766629151734,0.7893262511336429
2025-10-20 13:00:00,2025-10-20,13,S055,4.0,0.28,0.6185070379243226,0.640789576456015
2025-10-20 14:00:00,2025-10-20,14,S055,4.0,0.28,0.5230146781046175,0.5642536960603075
2025-10-21 10:00:00,2025-10-21,10,S055,4.0,0.28,1.293583440819389,1.3714222442729704
2025-10-21 11:00:00,2025-10-21,11,S055,4.0,0.28,1.7218471576096357,1.7482788324045986
2025-10-21 12:00:00,2025-10-21,12,S055,4.0,0.28,1.978212803205306,2.0258835187877087
2025-10-21 13:00:00,2025-10-21,13,S055,4.0,0.28,1.8056300809317376,1.8966678869776803
2025-10-21 14:00:00,2025-10-21,14,S055,4.0,0.28,1.6010603112981705,1.693281334992604
2025-10-22 10:00:00,2025-10-22,10,S055,4.0,0.28,1.85744620183607,1.955482988540209
2025-10-22 11:00:00,2025-10-22,11,S055,4.0,0.28,2.2016191527935476,2.200416070024383
2025-10-22 12:00:00,2025-10-22,12,S055,4.0,0.28,2.2409879279507248,2.2949909644106246
2025-10-22 13:00:00,2025-10-22,13,S055,4.0,0.28,2.052946340322891,2.120887791281549
2025-10-22 14:00:00,2025-10-22,14,S055,4.0,0.28,1.7080703073832058,1.8067736757874475
2025-10-23 10:00:00,2025-10-23,10,S055,4.0,0.28,1.6808681744887402,1.7663407642540954
2025-10-23 11:00:00,2025-10-23,11,S055,4.0,0.28,2.03442653044474,2.0333148106903023
2025-10-23 12:00:00,2025-10-23,12,S055,4.0,0.28,2.0694976340416984,2.119368119639106
2025-10-23 13:00:00,2025-10-23,13,S055,4.0,0.28,1.8243307523902885,1.9116079899074174
2025-10-23 14:00:00,2025-10-23,14,S055,4.0,0.28,1.5848555386947036,1.6726747955809305
2025-10-24 10:00:00,2025-10-24,10,S055,4.0,0.28,1.4814631980356874,1.5601221851070932
2025-10-24 11:00:00,2025-10-24,11,S055,4.0,0.28,1.6666275660321326,1.6946000244879795
2025-10-24 12:00:00,2025-10-24,12,S055,4.0,0.28,1.6539056634381004,1.7288354171602374
2025-10-24 13:00:00,2025-10-24,13,S055,4.0,0.28,1.7678872686308673,1.8622965322929632
2025-10-24 14:00:00,2025-10-24,14,S055,4.0,0.28,1.3947274971439623,1.4764993858428574
2025-10-25 10:00:00,2025-10-25,10,S055,4.0,0.28,0.6912075939276764,0.7519814706522865
2025-10-25 11:00:00,2025-10-25,11,S055,4.0,0.28,0.6893661888062396,0.7240339060744831
2025-10-25 12:00:00,2025-10-25,12,S055,4.0,0.28,0.7803367801971737,0.8476008225359701
2025-10-25 13:00:00,2025-10-25,13,S055,4.0,0.28,0.8021430005655654,0.8757194681791189
2025-10-25 14:00:00,2025-10-25,14,S055,4.0,0.28,0.8259195473427194,0.8877588897327875
2025-10-26 10:00:00,2025-10-26,10,S055,4.0,0.28,1.5476840528292244,1.6228888722006758
2025-10-26 11:00:00,2025-10-26,11,S055,4.0,0.28,1.8118497839126777,1.8451230477181508
2025-10-26 12:00:00,2025-10-26,12,S055,4.0,0.28,1.8269318382803035,1.9114950663706263
2025-10-26 13:00:00,2025-10-26,13,S055,4.0,0.28,1.5406513466143645,1.6332467956964216
2025-10-26 14:00:00,2025-10-26,14,S055,4.0,0.28,0.8025018553341272,0.8578228409367855
2025-10-27 10:00:00,2025-10-27,10,S055,4.0,0.28,1.6870220286665072,1.7738165093091696
2025-10-27 11:00:00,2025-10-27,11,S055,4.0,0.28,2.055445002853262,2.0543217974783627
2025-10-27 12:00:00,2025-10-27,12,S055,4.0,0.28,2.058739859338036,2.108351105475782
2025-10-27 13:00:00,2025-10-27,13,S055,4.0,0.28,1.8440602816030152,1.9283337772758626
2025-10-27 14:00:00,2025-10-27,14,S055,4.0,0.28,1.5418339235157361,1.6267281638565023
2025-10-28 10:00:00,2025-10-28,10,S055,4.0,0.28,1.640740260266613,1.7238263852201188
2025-10-28 11:00:00,2025-10-28,11,S055,4.0,0.28,2.0704843881330652,2.069352964431547
2025-10-28 12:00:00,2025-10-28,12,S055,4.0,0.28,1.979264056213231,2.0269601047542847
2025-10-28 13:00:00,2025-10-28,13,S055,4.0,0.28,1.8450581350031958,1.9350770696871287
2025-10-28 14:00:00,2025-10-28,14,S055,4.0,0.28,1.5602921883055854,1.6447029215172737
2025-10-29 10:00:00,2025-10-29,10,S055,4.0,0.28,1.549198181749693,1.6307793530231198
2025-10-29 11:00:00,2025-10-29,11,S055,4.0,0.28,1.8558573065075736,1.895917540612303
2025-10-29 12:00:00,2025-10-29,12,S055,4.0,0.28,1.849895320996195,1.9290814003818348
2025-10-29 13:00:00,2025-10-29,13,S055,4.0,0.28,1.7330427519973455,1.8283697898286908
2025-10-29 14:00:00,2025-10-29,14,S055,4.0,0.28,1.3156658917860218,1.3908267994307746
2025-10-30 10:00:00,2025-10-30,10,S055,4.0,0.28,0.7752246245587154,0.8416484921719785
2025-10-30 11:00:00,2025-10-30,11,S055,4.0,0.28,0.960149975433563,1.0001113190496347
2025-10-30 12:00:00,2025-10-30,12,S055,4.0,0.28,1.167022831150749,1.2350434754510444
2025-10-30 13:00:00,2025-10-30,13,S055,4.0,0.28,1.186643366044242,1.2590175465305211
2025-10-30 14:00:00,2025-10-30,14,S055,4.0,0.28,1.0219294613111276,1.0855703874790414
2025-10-31 10:00:00,2025-10-31,10,S055,4.0,0.28,0.9647398871178906,1.0322198736492219
2025-10-31 11:00:00,2025-10-31,11,S055,4.0,0.28,1.346648239568886,1.3758965747547633
2025-10-31 12:00:00,2025-10-31,12,S055,4.0,0.28,1.2639393954568974,1.3257021915719176
2025-10-31 13:00:00,2025-10-31,13,S055,4.0,0.28,1.3074439564452878,1.385336073536143
2025-10-31 14:00:00,2025-10-31,14,S055,4.0,0.28,1.1469900747308723,1.2137614915739783
2025-11-01 10:00:00,2025-11-01,10,S055,4.0,0.28,1.3021146287134704,1.3722108959164276
2025-11-01 11:00:00,2025-11-01,11,S055,4.0,0.28,1.703707449329121,1.744365917858781
2025-11-01 12:00:00,2025-11-01,12,S055,4.0,0.28,1.8455010155457,1.927203392378411
2025-11-01 13:00:00,2025-11-01,13,S055,4.0,0.28,1.8569622668074013,1.9538459009303306
2025-11-01 14:00:00,2025-11-01,14,S055,4.0,0.28,1.5378752548232955,1.622553918732519
2025-11-02 10:00:00,2025-11-02,10,S055,4.0,0.28,1.7015832901013213,1.7843164759127144
2025-11-02 11:00:00,2025-11-02,11,S055,4.0,0.28,2.013731819715498,2.012631408660778
2025-11-02 12:00:00,2025-11-02,12,S055,4.0,0.28,2.0217772360760407,2.070497761712005
2025-11-02 13:00:00,2025-11-02,13,S055,4.0,0.28,1.88620000611707,1.9792104089147307
2025-11-02 14:00:00,2025-11-02,14,S055,4.0,0.28,1.5960091527051294,1.6866893703664236
2025-11-03 10:00:00,2025-11-03,10,S055,4.0,0.28,1.665203614349539,1.748013683410895
2025-11-03 11:00:00,2025-11-03,11,S055,4.0,0.28,1.9141936173747802,1.9468760567851253
2025-11-03 12:00:00,2025-11-03,12,S055,4.0,0.28,1.9692606202774285,2.0167156073166206
2025-11-03 13:00:00,2025-11-03,13,S055,4.0,0.28,1.855602247413303,1.9453980578846077
2025-11-03 14:00:00,2025-11-03,14,S055,4.0,0.28,1.506963051124226,1.5880542967424687
2025-11-04 10:00:00,2025-11-04,10,S055,4.0,0.28,1.4462230468382056,1.5255255626825241
2025-11-04 11:00:00,2025-11-04,11,S055,4.0,0.28,1.6621037971661103,1.7005403408552862
2025-11-04 12:00:00,2025-11-04,12,S055,4.0,0.28,1.7935732579049517,1.8692992860420903
2025-11-04 13:00:00,2025-11-04,13,S055,4.0,0.28,1.6174756094411156,1.7063917311354118
2025-11-04 14:00:00,2025-11-04,14,S055,4.0,0.28,1.3622914166441915,1.4384645076179028
2025-11-05 10:00:00,2025-11-05,10,S055,4.0,0.28,1.5556240750945893,1.63416369190691
2025-11-05 11:00:00,2025-11-05,11,S055,4.0,0.28,1.8058548104799683,1.8373780675721187
2025-11-05 12:00:00,2025-11-05,12,S055,4.0,0.28,1.8325201385449128,1.9133317128977998
2025-11-05 13:00:00,2025-11-05,13,S055,4.0,0.28,1.7098237148259685,1.795657918894841
2025-11-05 14:00:00,2025-11-05,14,S055,4.0,0.28,1.526362724060846,1.6080473332808136
2025-11-06 10:00:00,2025-11-06,10,S055,4.0,0.28,0.7825025165692363,0.834564087759782
2025-11-06 11:00:00,2025-11-06,11,S055,4.0,0.28,0.8151566925787225,0.8500836586433187
2025-11-06 12:00:00,2025-11-06,12,S055,4.0,0.28,0.8022804724968082,0.8632534738187384
2025-11-06 13:00:00,2025-11-06,13,S055,4.0,0.28,0.8216794954670168,0.8859693952511614
2025-11-06 14:00:00,2025-11-06,14,S055,4.0,0.28,0.6507170591325324,0.7008518890270354
2025-11-07 10:00:00,2025-11-07,10,S055,4.0,0.28,0.5269106833948899,0.5972133515251141
2025-11-07 11:00:00,2025-11-07,11,S055,4.0,0.28,0.5850454445117631,0.6148130178391319
2025-11-07 12:00:00,2025-11-07,12,S055,4.0,0.28,0.551597594709711,0.5956033203591956
2025-11-07 13:00:00,2025-11-07,13,S055,4.0,0.28,0.5212040839841395,0.565404847619674
2025-11-07 14:00:00,2025-11-07,14,S055,4.0,0.28,0.40375116099766994,0.45729536992427805
2025-11-08 10:00:00,2025-11-08,10,S055,4.0,0.28,0.36515219358907086,0.4138723548838016
2025-11-08 11:00:00,2025-11-08,11,S055,4.0,0.28,0.4925320612451075,0.5379922571741069
2025-11-08 12:00:00,2025-11-08,12,S055,4.0,0.28,0.5390800281384877,0.5908441503562585
2025-11-08 13:00:00,2025-11-08,13,S055,4.0,0.28,0.4990826619716242,0.5369734046133903
2025-11-08 14:00:00,2025-11-08,14,S055,4.0,0.28,0.4433129333752719,0.47781166417130055
2025-11-09 10:00:00,2025-11-09,10,S055,4.0,0.28,1.2438099348003313,1.3101300424204956
2025-11-09 11:00:00,2025-11-09,11,S055,4.0,0.28,1.5493182364441305,1.570283488564
2025-11-09 12:00:00,2025-11-09,12,S055,4.0,0.28,1.7131270746236833,1.8038062615929167
2025-11-09 13:00:00,2025-11-09,13,S055,4.0,0.28,1.8275202356951792,1.9193426975442656
2025-11-09 14:00:00,2025-11-09,14,S055,4.0,0.28,1.5057040649932378,1.584243682937316
2025-11-10 10:00:00,2025-11-10,10,S055,4.0,0.28,1.4669980571736074,1.5417151773064837
2025-11-10 11:00:00,2025-11-10,11,S055,4.0,0.28,1.7145707619464883,1.74265399860941
2025-11-10 12:00:00,2025-11-10,12,S055,4.0,0.28,1.7455742847725442,1.8182372312865003
2025-11-10 13:00:00,2025-11-10,13,S055,4.0,0.28,1.7007727364096044,1.7846866348526063
2025-11-10 14:00:00,2025-11-10,14,S055,4.0,0.28,1.3803156679338902,1.4504307227045181
2025-11-11 10:00:00,2025-11-11,10,S055,4.0,0.28,0.9977953541756439,1.0601433429062936
2025-11-11 11:00:00,2025-11-11,11,S055,4.0,0.28,1.0774746981630932,1.1092181658570683
2025-11-11 12:00:00,2025-11-11,12,S055,4.0,0.28,1.2155638166644276,1.2813025471268897
2025-11-11 13:00:00,2025-11-11,13,S055,4.0,0.28,1.3637463956520137,1.4307558330634995
2025-11-11 14:00:00,2025-11-11,14,S055,4.0,0.28,1.423148373962683,1.497522619083413
2025-11-12 10:00:00,2025-11-12,10,S055,4.0,0.28,1.5570292028604866,1.633970437721799
2025-11-12 11:00:00,2025-11-12,11,S055,4.0,0.28,1.724566461793538,1.7553386740442203
2025-11-12 12:00:00,2025-11-12,12,S055,4.0,0.28,1.7613330234980429,1.8353039463346508
2025-11-12 13:00:00,2025-11-12,13,S055,4.0,0.28,1.7399258910469797,1.8303937413658726
2025-11-12 14:00:00,2025-11-12,14,S055,4.0,0.28,1.4155354941163445,1.4905382361194337
2025-11-13 10:00:00,2025-11-13,10,S055,4.0,0.28,1.5422604086458986,1.6196163335135707
2025-11-13 11:00:00,2025-11-13,11,S055,4.0,0.28,1.8141714091324417,1.8369536098935249
2025-11-13 12:00:00,2025-11-13,12,S055,4.0,0.28,1.7400655843690276,1.8167730958831667
2025-11-13 13:00:00,2025-11-13,13,S055,4.0,0.28,1.725425060244037,1.8173783842250593
2025-11-13 14:00:00,2025-11-13,14,S055,4.0,0.28,1.4313057885060634,1.5045317220027896
2025-11-14 10:00:00,2025-11-14,10,S055,4.0,0.28,1.3475104432798453,1.4223069364749366
2025-11-14 11:00:00,2025-11-14,11,S055,4.0,0.28,1.668841131798423,1.6951822736396798
2025-11-14 12:00:00,2025-11-14,12,S055,4.0,0.28,1.7045659155657815,1.7755320154192549
2025-11-14 13:00:00,2025-11-14,13,S055,4.0,0.28,1.6248390861077555,1.7163689312649895
2025-11-14 14:00:00,2025-11-14,14,S055,4.0,0.28,1.2584202017083865,1.3265393199194988
2025-11-15 10:00:00,2025-11-15,10,S055,4.0,0.28,1.2835609029639077,1.3519066379267604
2025-11-15 11:00:00,2025-11-15,11,S055,4.0,0.28,1.5699686395492107,1.5908441207303108
2025-11-15 12:00:00,2025-11-15,12,S055,4.0,0.28,1.5835214464766114,1.6575280366655647
2025-11-15 13:00:00,2025-11-15,13,S055,4.0,0.28,1.4181169089462369,1.4961522724385539
2025-11-15 14:00:00,2025-11-15,14,S055,4.0,0.28,1.1120928802433827,1.177950489119329
2025-11-16 10:00:00,2025-11-16,10,S055,4.0,0.28,1.3801785228024808,1.453501776466887
2025-11-16 11:00:00,2025-11-16,11,S055,4.0,0.28,1.6679253730077217,1.6861436732940918
2025-11-16 12:00:00,2025-11-16,12,S055,4.0,0.28,1.7242903177871556,1.7970021541574315
2025-11-16 13:00:00,2025-11-16,13,S055,4.0,0.28,1.5969730660458594,1.6826894647394186
2025-11-16 14:00:00,2025-11-16,14,S055,4.0,0.28,1.2608773816667966,1.3292701107410894
2025-11-17 10:00:00,2025-11-17,10,S055,4.0,0.28,0.9192628239787469,0.986180469835281
2025-11-17 11:00:00,2025-11-17,11,S055,4.0,0.28,0.9396077465766093,0.9705955747463177
2025-11-17 12:00:00,2025-11-17,12,S055,4.0,0.28,0.7775495562100317,0.8327688386838175
2025-11-17 13:00:00,2025-11-17,13,S055,4.0,0.28,0.9888701976663977,1.0475371422055897
2025-11-17 14:00:00,2025-11-17,14,S055,4.0,0.28,0.9364362937370649,0.9980943318180162
2025-11-18 10:00:00,2025-11-18,10,S055,4.0,0.28,1.635327539368292,1.7165779455252248
2025-11-18 11:00:00,2025-11-18,11,S055,4.0,0.28,2.0122749260782893,2.0111753111483797
2025-11-18 12:00:00,2025-11-18,12,S055,4.0,0.28,2.0729942482375723,2.122948994790405
2025-11-18 13:00:00,2025-11-18,13,S055,4.0,0.28,1.8742640400188497,1.9708673628993398
2025-11-18 14:00:00,2025-11-18,14,S055,4.0,0.28,1.5573965299179835,1.6327348106725756
2025-11-19 10:00:00,2025-11-19,10,S055,4.0,0.28,1.584408292331817,1.6671204024542976
2025-11-19 11:00:00,2025-11-19,11,S055,4.0,0.28,1.887235877268108,1.9135258673715063
2025-11-19 12:00:00,2025-11-19,12,S055,4.0,0.28,1.9851693183684291,2.0330076711510605
2025-11-19 13:00:00,2025-11-19,13,S055,4.0,0.28,1.815843792989234,1.9089313467642082
2025-11-19 14:00:00,2025-11-19,14,S055,4.0,0.28,1.4590098554498412,1.5333537900710157
2025-11-20 10:00:00,2025-11-20,10,S055,4.0,0.28,1.404110951950583,1.479227284967331
2025-11-20 11:00:00,2025-11-20,11,S055,4.0,0.28,1.7306429209121552,1.7528425227400903
2025-11-20 12:00:00,2025-11-20,12,S055,4.0,0.28,1.8046315668059127,1.8835199646425793
2025-11-20 13:00:00,2025-11-20,13,S055,4.0,0.28,1.6971749787960164,1.7840482979907235
2025-11-20 14:00:00,2025-11-20,14,S055,4.0,0.28,1.4125976120322437,1.4846007867257796
2025-11-21 10:00:00,2025-11-21,10,S055,4.0,0.28,1.529817910003174,1.6066326946363882
2025-11-21 11:00:00,2025-11-21,11,S055,4.0,0.28,1.8677588895014194,1.8874319927920253
2025-11-21 12:00:00,2025-11-21,12,S055,4.0,0.28,1.910112066833449,1.9908499747860455
2025-11-21 13:00:00,2025-11-21,13,S055,4.0,0.28,1.7816740580933084,1.870887407627675
2025-11-21 14:00:00,2025-11-21,14,S055,4.0,0.28,1.4234567233772841,1.494801915187434
2025-11-22 10:00:00,2025-11-22,10,S055,4.0,0.28,1.4425521410263706,1.520879599153982
2025-11-22 11:00:00,2025-11-22,11,S055,4.0,0.28,1.7620616159221416,1.7823594607370388
2025-11-22 12:00:00,2025-11-22,12,S055,4.0,0.28,1.7746785202282307,1.8490224979309688
2025-11-22 13:00:00,2025-11-22,13,S055,4.0,0.28,1.5744906424030138,1.661329530090146
2025-11-22 14:00:00,2025-11-22,14,S055,4.0,0.28,1.2562416474162585,1.3226214679275237
2025-11-23 10:00:00,2025-11-23,10,S055,4.0,0.28,1.0938824538072107,1.1547040654927962
2025-11-23 11:00:00,2025-11-23,11,S055,4.0,0.28,1.426450539746442,1.4520925076809457
2025-11-23 12:00:00,2025-11-23,12,S055,4.0,0.28,1.4378712047430373,1.4987096660360544
2025-11-23 13:00:00,2025-11-23,13,S055,4.0,0.28,1.0237570664409923,1.0797717506761115
2025-11-23 14:00:00,2025-11-23,14,S055,4.0,0.28,0.6974048343409688,0.7405103633767612
2025-11-24 10:00:00,2025-11-24,10,S055,4.0,0.28,1.4209008472479212,1.4976731181582998
2025-11-24 11:00:00,2025-11-24,11,S055,4.0,0.28,1.5678620297133152,1.5853109781325603
2025-11-24 12:00:00,2025-11-24,12,S055,4.0,0.28,1.6229995077166315,1.6952259139933354
2025-11-24 13:00:00,2025-11-24,13,S055,4.0,0.28,1.6528220604203514,1.7372612124041678
2025-11-24 14:00:00,2025-11-24,14,S055,4.0,0.28,1.3498869979966797,1.4197656855086147
2025-11-25 10:00:00,2025-11-25,10,S055,4.0,0.28,1.5650682677357646,1.6387566357771863
2025-11-25 11:00:00,2025-11-25,11,S055,4.0,0.28,1.8851005812240915,1.9015568698635037
2025-11-25 12:00:00,2025-11-25,12,S055,4.0,0.28,1.9588557541135292,2.0060600060372833
2025-11-25 13:00:00,2025-11-25,13,S055,4.0,0.28,1.7677238560777084,1.8524604013914112
2025-11-25 14:00:00,2025-11-25,14,S055,4.0,0.28,1.4354882332748977,1.5071396564151531
2025-11-26 10:00:00,2025-11-26,10,S055,4.0,0.28,1.4157846809222239,1.4914946159037599
2025-11-26 11:00:00,2025-11-26,11,S055,4.0,0.28,1.7184590184473132,1.7356914705545696
2025-11-26 12:00:00,2025-11-26,12,S055,4.0,0.28,1.6553172320659142,1.725447612267471
2025-11-26 13:00:00,2025-11-26,13,S055,4.0,0.28,1.5329797097144042,1.6114043649276752
2025-11-26 14:00:00,2025-11-26,14,S055,4.0,0.28,1.3462244569000195,1.4160181230205082
2025-11-27 10:00:00,2025-11-27,10,S055,4.0,0.28,1.5480174698212583,1.6246269927824217
2025-11-27 11:00:00,2025-11-27,11,S055,4.0,0.28,1.9041716860472688,1.9234150745742722
2025-11-27 12:00:00,2025-11-27,12,S055,4.0,0.28,1.904470979645134,1.985280308303873
2025-11-27 13:00:00,2025-11-27,13,S055,4.0,0.28,1.794534459687925,1.8810843070707464
2025-11-27 14:00:00,2025-11-27,14,S055,4.0,0.28,1.4420666531547166,1.513513264808805
2025-11-28 10:00:00,2025-11-28,10,S055,4.0,0.28,1.471408260918344,1.54582613496421
2025-11-28 11:00:00,2025-11-28,11,S055,4.0,0.28,1.7205832270210604,1.7365698600499517
2025-11-28 12:00:00,2025-11-28,12,S055,4.0,0.28,1.762506996470031,1.8398775353027812
2025-11-28 13:00:00,2025-11-28,13,S055,4.0,0.28,1.682819066393825,1.7676903739190521
2025-11-28 14:00:00,2025-11-28,14,S055,4.0,0.28,1.3634736601659252,1.4341586979011829
2025-11-29 10:00:00,2025-11-29,10,S055,4.0,0.28,1.4589119367485974,1.5330530935076567
2025-11-29 11:00:00,2025-11-29,11,S055,4.0,0.28,1.7127196685193922,1.728582918226486
2025-11-29 12:00:00,2025-11-29,12,S055,4.0,0.28,1.7634782411582146,1.8403687416437213
2025-11-29 13:00:00,2025-11-29,13,S055,4.0,0.28,1.6681899392351092,1.750307067598929
2025-11-29 14:00:00,2025-11-29,14,S055,4.0,0.28,1.3586202059946753,1.4288229883851984
2025-11-30 10:00:00,2025-11-30,10,S055,4.0,0.28,1.4350085586376484,1.5110641814332801
2025-11-30 11:00:00,2025-11-30,11,S055,4.0,0.28,1.6664843977353143,1.6807429177579551
2025-11-30 12:00:00,2025-11-30,12,S055,4.0,0.28,1.7032915427729907,1.7777942197688987
2025-11-30 13:00:00,2025-11-30,13,S055,4.0,0.28,1.6396001542205891,1.7205447871302768
2025-11-30 14:00:00,2025-11-30,14,S055,4.0,0.28,1.3279092088047966,1.397128248910608
2025-12-01 10:00:00,2025-12-01,10,S055,4.0,0.28,1.4254559466812695,1.4970517066886306
2025-12-01 11:00:00,2025-12-01,11,S055,4.0,0.28,1.6652878824852329,1.6795286568567926
2025-12-01 12:00:00,2025-12-01,12,S055,4.0,0.28,1.736764164286434,1.8103897089318888
2025-12-01 13:00:00,2025-12-01,13,S055,4.0,0.28,1.6312957644200263,1.7102401027522864
2025-12-01 14:00:00,2025-12-01,14,S055,4.0,0.28,1.324853860376956,1.3925104076722565
2025-12-02 10:00:00,2025-12-02,10,S055,4.0,0.28,0.993715272310256,1.0573634814459327
2025-12-02 11:00:00,2025-12-02,11,S055,4.0,0.28,1.1374930523247242,1.1644852152006193
2025-12-02 12:00:00,2025-12-02,12,S055,4.0,0.28,0.9515769700874992,1.001103193762109
2025-12-02 13:00:00,2025-12-02,13,S055,4.0,0.28,0.7879334147644539,0.8400474657311617
2025-12-02 14:00:00,2025-12-02,14,S055,4.0,0.28,0.640667344079567,0.6863453826655581
2025-12-03 10:00:00,2025-12-03,10,S055,4.0,0.28,1.5608784353663943,1.6395325882449285
2025-12-03 11:00:00,2025-12-03,11,S055,4.0,0.28,1.8905043685565315,1.9115063850505036
2025-12-03 12:00:00,2025-12-03,12,S055,4.0,0.28,1.9586637315929039,2.005863356182859
2025-12-03 13:00:00,2025-12-03,13,S055,4.0,0.28,1.8094332764564651,1.8934122602358971
2025-12-03 14:00:00,2025-12-03,14,S055,4.0,0.28,1.498348364682585,1.5734511226955918
2025-12-04 10:00:00,2025-12-04,10,S055,4.0,0.28,1.4857448562009514,1.5655328984313313
2025-12-04 11:00:00,2025-12-04,11,S055,4.0,0.28,1.7104482726300487,1.7319562726403144
2025-12-04 12:00:00,2025-12-04,12,S055,4.0,0.28,1.7799128176902004,1.8520636502677532
2025-12-04 13:00:00,2025-12-04,13,S055,4.0,0.28,1.6908311798194307,1.7706223107811694
2025-12-04 14:00:00,2025-12-04,14,S055,4.0,0.28,1.4078869235890634,1.480685176750558
2025-12-05 10:00:00,2025-12-05,10,S055,4.0,0.28,1.4430921058868666,1.5213609905326668
2025-12-05 11:00:00,2025-12-05,11,S055,4.0,0.28,1.7833300855177068,1.8021421343288957
2025-12-05 12:00:00,2025-12-05,12,S055,4.0,0.28,1.837024650860064,1.9095542976661455
2025-12-05 13:00:00,2025-12-05,13,S055,4.0,0.28,1.7551820799390245,1.8386818270211112
2025-12-05 14:00:00,2025-12-05,14,S055,4.0,0.28,1.4121139637409874,1.4862450922103894
2025-12-06 10:00:00,2025-12-06,10,S055,4.0,0.28,1.4051303636972376,1.4755251195846442
2025-12-06 11:00:00,2025-12-06,11,S055,4.0,0.28,1.7393853934324355,1.7546859892460351
2025-12-06 12:00:00,2025-12-06,12,S055,4.0,0.28,1.781159521055217,1.8529224257938852
2025-12-06 13:00:00,2025-12-06,13,S055,4.0,0.28,1.7105046633709318,1.7822306187420196
2025-12-06 14:00:00,2025-12-06,14,S055,4.0,0.28,1.4030458348993844,1.4728166333875645
2025-12-07 10:00:00,2025-12-07,10,S055,4.0,0.28,0.9447725175298016,1.0087567627454948
2025-12-07 11:00:00,2025-12-07,11,S055,4.0,0.28,0.9976193781423148,1.0218460732472543
2025-12-07 12:00:00,2025-12-07,12,S055,4.0,0.28,1.0721561246500184,1.1241126043790444
2025-12-07 13:00:00,2025-12-07,13,S055,4.0,0.28,1.2269274139080246,1.2929434903617807
2025-12-07 14:00:00,2025-12-07,14,S055,4.0,0.28,1.1040226584944106,1.1707006730758271
2025-12-08 10:00:00,2025-12-08,10,S055,4.0,0.28,1.4219279531074218,1.4953566067554598
2025-12-08 11:00:00,2025-12-08,11,S055,4.0,0.28,1.6716301726445655,1.6938583281883406
2025-12-08 12:00:00,2025-12-08,12,S055,4.0,0.28,1.726892994446499,1.7932818900261251
2025-12-08 13:00:00,2025-12-08,13,S055,4.0,0.28,1.6395429743662642,1.7161367262336704
2025-12-08 14:00:00,2025-12-08,14,S055,4.0,0.28,1.3752884627291406,1.4442189569537263
2025-12-09 10:00:00,2025-12-09,10,S055,4.0,0.28,1.362101888084813,1.4319364761558269
2025-12-09 11:00:00,2025-12-09,11,S055,4.0,0.28,1.4925855038477045,1.5150181659892366
2025-12-09 12:00:00,2025-12-09,12,S055,4.0,0.28,1.7211845696310195,1.7759783249238825
2025-12-09 13:00:00,2025-12-09,13,S055,4.0,0.28,1.504686898634738,1.5746500661104954
2025-12-09 14:00:00,2025-12-09,14,S055,4.0,0.28,1.3222058071397502,1.3902631414047733
2025-12-10 10:00:00,2025-12-10,10,S055,4.0,0.28,1.2162846482236933,1.2806129274261746
2025-12-10 11:00:00,2025-12-10,11,S055,4.0,0.28,1.4856713052436268,1.509470484267313
2025-12-10 12:00:00,2025-12-10,12,S055,4.0,0.28,1.4816723910798135,1.5384963129273541
2025-12-10 13:00:00,2025-12-10,13,S055,4.0,0.28,1.4016470022573766,1.4702647215080176
2025-12-10 14:00:00,2025-12-10,14,S055,4.0,0.28,1.1910063071059627,1.2587004546316225
2025-12-11 10:00:00,2025-12-11,10,S055,4.0,0.28,1.1218138467140748,1.1859112329184915
2025-12-11 11:00:00,2025-12-11,11,S055,4.0,0.28,1.3036751129150872,1.3262194708249193
2025-12-11 12:00:00,2025-12-11,12,S055,4.0,0.28,1.4133965503231314,1.463963168378199
2025-12-11 13:00:00,2025-12-11,13,S055,4.0,0.28,1.2930073696161963,1.356587478597976
2025-12-11 14:00:00,2025-12-11,14,S055,4.0,0.28,1.001142455892963,1.0625826620218364
2025-12-12 10:00:00,2025-12-12,10,S055,4.0,0.28,0.7728549462200998,0.8309527046522955
2025-12-12 11:00:00,2025-12-12,11,S055,4.0,0.28,0.8625042552920755,0.8921535600551829
2025-12-12 12:00:00,2025-12-12,12,S055,4.0,0.28,0.9607047440170698,1.0166785615374279
2025-12-12 13:00:00,2025-12-12,13,S055,4.0,0.28,0.7740987822165291,0.8267450023755463
2025-12-12 14:00:00,2025-12-12,14,S055,4.0,0.28,0.7343484795799982,0.7832065535041575
2025-12-13 10:00:00,2025-12-13,10,S055,4.0,0.28,0.7800058862375537,0.8420779814153653
2025-12-13 11:00:00,2025-12-13,11,S055,4.0,0.28,0.8476721543041733,0.8816220341892296
2025-12-13 12:00:00,2025-12-13,12,S055,4.0,0.28,0.9318032146562392,0.9842618161279431
2025-12-13 13:00:00,2025-12-13,13,S055,4.0,0.28,1.2825339329675032,1.3497548195703968
2025-12-13 14:00:00,2025-12-13,14,S055,4.0,0.28,1.208024067098048,1.2776232182335836
2025-12-14 10:00:00,2025-12-14,10,S055,4.0,0.28,1.3565152160934348,1.4351544750920593
2025-12-14 11:00:00,2025-12-14,11,S055,4.0,0.28,1.763596113425566,1.7864220187687225
2025-12-14 12:00:00,2025-12-14,12,S055,4.0,0.28,1.8219198087965793,1.8930763755183206
2025-12-14 13:00:00,2025-12-14,13,S055,4.0,0.28,1.7461189605187044,1.826885360140311
2025-12-14 14:00:00,2025-12-14,14,S055,4.0,0.28,1.443572371797414,1.5154757894737196
2025-12-15 10:00:00,2025-12-15,10,S055,4.0,0.28,1.3273794397283414,1.4007060223108987
2025-12-15 11:00:00,2025-12-15,11,S055,4.0,0.28,1.5981147737313517,1.6198541439911518
2025-12-15 12:00:00,2025-12-15,12,S055,4.0,0.28,1.6039524976074915,1.6645409793740795
2025-12-15 13:00:00,2025-12-15,13,S055,4.0,0.28,1.5587387652414992,1.6290282575846395
2025-12-15 14:00:00,2025-12-15,14,S055,4.0,0.28,1.339275617244526,1.410036012689675
2025-12-16 10:00:00,2025-12-16,10,S055,4.0,0.28,1.2254888273603433,1.2911124503817333
2025-12-16 11:00:00,2025-12-16,11,S055,4.0,0.28,1.5701807747033398,1.5927844423118909
2025-12-16 12:00:00,2025-12-16,12,S055,4.0,0.28,1.635467313403397,1.6957050185308866
2025-12-16 13:00:00,2025-12-16,13,S055,4.0,0.28,1.6314350501860362,1.7044762402454736
2025-12-16 14:00:00,2025-12-16,14,S055,4.0,0.28,1.3285920635317592,1.399035916000845
2025-12-17 10:00:00,2025-12-17,10,S055,4.0,0.28,1.3591003629401885,1.4339204095421234
2025-12-17 11:00:00,2025-12-17,11,S055,4.0,0.28,1.707457618419532,1.729974720297739
2025-12-17 12:00:00,2025-12-17,12,S055,4.0,0.28,1.8085541986181743,1.8712690367884226
2025-12-17 13:00:00,2025-12-17,13,S055,4.0,0.28,1.732772079890876,1.808399420068779
2025-12-17 14:00:00,2025-12-17,14,S055,4.0,0.28,1.4003209727487917,1.4717239185329438
2025-12-18 10:00:00,2025-12-18,10,S055,4.0,0.28,1.3240637450280948,1.3906745883185863
2025-12-18 11:00:00,2025-12-18,11,S055,4.0,0.28,1.6780708543955032,1.6960285492007243
2025-12-18 12:00:00,2025-12-18,12,S055,4.0,0.28,1.7330393140375626,1.7896957691380706
2025-12-18 13:00:00,2025-12-18,13,S055,4.0,0.28,1.59593037650617,1.6641221018354608
2025-12-18 14:00:00,2025-12-18,14,S055,4.0,0.28,1.2691773287601462,1.3355948811485714
2025-12-19 10:00:00,2025-12-19,10,S055,4.0,0.28,1.193812557033197,1.2597441339857565
2025-12-19 11:00:00,2025-12-19,11,S055,4.0,0.28,1.4240051448658309,1.4438823673655687
2025-12-19 12:00:00,2025-12-19,12,S055,4.0,0.28,1.4281222761037526,1.4854320647224224
2025-12-19 13:00:00,2025-12-19,13,S055,4.0,0.28,1.241971344710968,1.3057614826404909
2025-12-19 14:00:00,2025-12-19,14,S055,4.0,0.28,1.151790871739133,1.2142722811460565
2025-12-20 10:00:00,2025-12-20,10,S055,4.0,0.28,0.9809881463209412,1.0410382879653275
2025-12-20 11:00:00,2025-12-20,11,S055,4.0,0.28,1.1522608827275582,1.173352935384972
2025-12-20 12:00:00,2025-12-20,12,S055,4.0,0.28,1.431914626263232,1.482849958047135
2025-12-20 13:00:00,2025-12-20,13,S055,4.0,0.28,1.314035752139571,1.3813748013070275
2025-12-20 14:00:00,2025-12-20,14,S055,4.0,0.28,0.9493202152957567,1.00892976862177
2025-12-21 10:00:00,2025-12-21,10,S055,4.0,0.28,1.3668214986513436,1.442865001095183
2025-12-21 11:00:00,2025-12-21,11,S055,4.0,0.28,1.7831821631300553,1.803477911441701
2025-12-21 12:00:00,2025-12-21,12,S055,4.0,0.28,1.845517433935454,1.914399310412039
2025-12-21 13:00:00,2025-12-21,13,S055,4.0,0.28,1.7657710508457525,1.8504240110155772
2025-12-21 14:00:00,2025-12-21,14,S055,4.0,0.28,1.4502392864684759,1.520842009060194
2025-12-22 10:00:00,2025-12-22,10,S055,4.0,0.28,0.7547105000548368,0.8140874021689126
2025-12-22 11:00:00,2025-12-22,11,S055,4.0,0.28,0.6196867351785637,0.645322296261924
2025-12-22 12:00:00,2025-12-22,12,S055,4.0,0.28,0.8084570806559342,0.8538922010268928
2025-12-22 13:00:00,2025-12-22,13,S055,4.0,0.28,0.9349026665880614,0.9943886129534736
2025-12-22 14:00:00,2025-12-22,14,S055,4.0,0.28,0.9577885416288245,1.0200626727717546
2025-12-23 10:00:00,2025-12-23,10,S055,4.0,0.28,0.5140076151628025,0.5825887009596842
2025-12-23 11:00:00,2025-12-23,11,S055,4.0,0.28,0.4987020391948756,0.5447317176581997
2025-12-23 12:00:00,2025-12-23,12,S055,4.0,0.28,0.6734715224500811,0.753771313505273
2025-12-23 13:00:00,2025-12-23,13,S055,4.0,0.28,0.695515159704414,0.7464629001573985
2025-12-23 14:00:00,2025-12-23,14,S055,4.0,0.28,0.6450983736521477,0.6957997902124943
2025-12-24 10:00:00,2025-12-24,10,S055,4.0,0.28,1.1527926560112252,1.2164012405379783
2025-12-24 11:00:00,2025-12-24,11,S055,4.0,0.28,1.4875311385125258,1.509193087245078
2025-12-24 12:00:00,2025-12-24,12,S055,4.0,0.28,1.5207132091617859,1.5768755770664842
2025-12-24 13:00:00,2025-12-24,13,S055,4.0,0.28,1.4480423575413313,1.5158718161013605
2025-12-24 14:00:00,2025-12-24,14,S055,4.0,0.28,1.2118460990639377,1.2823408273064696
2025-12-25 10:00:00,2025-12-25,10,S055,4.0,0.28,1.4866846526807929,1.5592234053886076
2025-12-25 11:00:00,2025-12-25,11,S055,4.0,0.28,1.880127426764411,1.8980197915218333
2025-12-25 12:00:00,2025-12-25,12,S055,4.0,0.28,1.9747085625327545,2.022294833377886
2025-12-25 13:00:00,2025-12-25,13,S055,4.0,0.28,1.838624281978629,1.9196458614692833
2025-12-25 14:00:00,2025-12-25,14,S055,4.0,0.28,1.5391377013361667,1.6105708016401226
2025-12-26 10:00:00,2025-12-26,10,S055,4.0,0.28,1.3029173335969284,1.3746130054330714
2025-12-26 11:00:00,2025-12-26,11,S055,4.0,0.28,1.6757959690070208,1.6971213906107239
2025-12-26 12:00:00,2025-12-26,12,S055,4.0,0.28,1.7480056490861289,1.8141986467991051
2025-12-26 13:00:00,2025-12-26,13,S055,4.0,0.28,1.632202139627148,1.7100857887321348
2025-12-26 14:00:00,2025-12-26,14,S055,4.0,0.28,1.3542039498106797,1.4230097343722454
2025-12-27 10:00:00,2025-12-27,10,S055,4.0,0.28,1.2438793661204084,1.3097172913858537
2025-12-27 11:00:00,2025-12-27,11,S055,4.0,0.28,1.590145858136048,1.618479494845904
2025-12-27 12:00:00,2025-12-27,12,S055,4.0,0.28,1.7037083415339092,1.7711587539487124
2025-12-27 13:00:00,2025-12-27,13,S055,4.0,0.28,1.7137658838292893,1.7912795043864296
2025-12-27 14:00:00,2025-12-27,14,S055,4.0,0.28,1.3832099795405854,1.4541582504042019
2025-12-28 10:00:00,2025-12-28,10,S055,4.0,0.28,1.3014504881330775,1.3688052851600911
2025-12-28 11:00:00,2025-12-28,11,S055,4.0,0.28,1.6613584145815943,1.6821683307912636
2025-12-28 12:00:00,2025-12-28,12,S055,4.0,0.28,1.7691961827866065,1.8320037677888728
2025-12-28 13:00:00,2025-12-28,13,S055,4.0,0.28,1.693496670876402,1.7740268141925317
2025-12-28 14:00:00,2025-12-28,14,S055,4.0,0.28,1.3976181534250418,1.4710734328911
2025-12-29 10:00:00,2025-12-29,10,S055,4.0,0.28,1.241752248246162,1.3052615823104161
2025-12-29 11:00:00,2025-12-29,11,S055,4.0,0.28,1.6100476867507343,1.6312739477496785
2025-12-29 12:00:00,2025-12-29,12,S055,4.0,0.28,1.6951667109641662,1.7585292923034483
2025-12-29 13:00:00,2025-12-29,13,S055,4.0,0.28,1.6138053518248872,1.6874563444107904
2025-12-29 14:00:00,2025-12-29,14,S055,4.0,0.28,1.3730193225432579,1.4452602416123583
2025-12-30 10:00:00,2025-12-30,10,S055,4.0,0.28,1.2334859809144454,1.2978589172911676
2025-12-30 11:00:00,2025-12-30,11,S055,4.0,0.28,1.5965656885847095,1.6190693047262985
2025-12-30 12:00:00,2025-12-30,12,S055,4.0,0.28,1.7027222928572503,1.7669907820335293
2025-12-30 13:00:00,2025-12-30,13,S055,4.0,0.28,1.6445223153578519,1.7222762232972568
2025-12-30 14:00:00,2025-12-30,14,S055,4.0,0.28,1.4199528932038685,1.493975992779239
2025-12-31 10:00:00,2025-12-31,10,S055,4.0,0.28,1.016292499738091,1.079678658940808
2025-12-31 11:00:00,2025-12-31,11,S055,4.0,0.28,1.315674090226346,1.3371045358368288
2025-12-31 12:00:00,2025-12-31,12,S055,4.0,0.28,1.4336584298550425,1.489145946455967
2025-12-31 13:00:00,2025-12-31,13,S055,4.0,0.28,1.4095261816434967,1.4748423261437869
2025-12-31 14:00:00,2025-12-31,14,S055,4.0,0.28,1.2538542956131138,1.3222909106839862
2025-09-01 10:00:00,2025-09-01,10,S116,22.0,13.94,10.4877838626304,10.62678688391416
2025-09-01 11:00:00,2025-09-01,11,S116,22.0,11.09,11.369011127839757,11.815024042469773
2025-09-01 12:00:00,2025-09-01,12,S116,22.0,18.64,11.605058498252571,12.323261631560996
2025-09-01 13:00:00,2025-09-01,13,S116,22.0,10.67,11.334301425958229,11.767008882591746
2025-09-01 14:00:00,2025-09-01,14,S116,22.0,17.32,10.282049612827162,10.521139785014338
2025-09-02 10:00:00,2025-09-02,10,S116,22.0,7.83,10.4877838626304,10.62678688391416
2025-09-02 11:00:00,2025-09-02,11,S116,22.0,6.2,11.369011127839757,11.815024042469773
2025-09-02 12:00:00,2025-09-02,12,S116,22.0,18.23,11.605058498252571,12.323261631560996
2025-09-02 13:00:00,2025-09-02,13,S116,22.0,3.4,11.334301425958229,11.767008882591746
2025-09-02 14:00:00,2025-09-02,14,S116,22.0,6.61,10.282049612827162,10.521139785014338
2025-09-03 10:00:00,2025-09-03,10,S116,22.0,15.36,10.4877838626304,10.62678688391416
2025-09-03 11:00:00,2025-09-03,11,S116,22.0,2.75,11.369011127839757,11.815024042469773
2025-09-03 12:00:00,2025-09-03,12,S116,22.0,9.28,11.605058498252571,12.323261631560996
2025-09-03 13:00:00,2025-09-03,13,S116,22.0,6.51,11.334301425958229,11.767008882591746
2025-09-03 14:00:00,2025-09-03,14,S116,22.0,2.11,10.282049612827162,10.521139785014338
2025-09-04 10:00:00,2025-09-04,10,S116,22.0,10.61,10.4877838626304,10.62678688391416
2025-09-04 11:00:00,2025-09-04,11,S116,22.0,16.88,11.369011127839757,11.815024042469773
2025-09-04 12:00:00,2025-09-04,12,S116,22.0,9.16,11.605058498252571,12.323261631560996
2025-09-04 13:00:00,2025-09-04,13,S116,22.0,2.95,11.334301425958229,11.767008882591746
2025-09-04 14:00:00,2025-09-04,14,S116,22.0,12.84,10.282049612827162,10.521139785014338
2025-09-05 10:00:00,2025-09-05,10,S116,22.0,15.73,10.4877838626304,10.62678688391416
2025-09-05 11:00:00,2025-09-05,11,S116,22.0,11.36,11.369011127839757,11.815024042469773
2025-09-05 12:00:00,2025-09-05,12,S116,22.0,18.52,11.605058498252571,12.323261631560996
2025-09-05 13:00:00,2025-09-05,13,S116,22.0,18.03,11.334301425958229,11.767008882591746
2025-09-05 14:00:00,2025-09-05,14,S116,22.0,15.91,10.282049612827162,10.521139785014338
2025-09-06 10:00:00,2025-09-06,10,S116,22.0,2.51,10.4877838626304,10.62678688391416
2025-09-06 11:00:00,2025-09-06,11,S116,22.0,10.78,11.369011127839757,11.815024042469773
2025-09-06 12:00:00,2025-09-06,12,S116,22.0,7.92,11.605058498252571,12.323261631560996
2025-09-06 13:00:00,2025-09-06,13,S116,22.0,9.91,11.334301425958229,11.767008882591746
2025-09-06 14:00:00,2025-09-06,14,S116,22.0,6.2,10.282049612827162,10.521139785014338
2025-09-07 10:00:00,2025-09-07,10,S116,22.0,8.15,10.4877838626304,10.62678688391416
2025-09-07 11:00:00,2025-09-07,11,S116,22.0,3.95,11.369011127839757,11.815024042469773
2025-09-07 12:00:00,2025-09-07,12,S116,22.0,7.71,11.605058498252571,12.323261631560996
2025-09-07 13:00:00,2025-09-07,13,S116,22.0,7.49,11.334301425958229,11.767008882591746
2025-09-07 14:00:00,2025-09-07,14,S116,22.0,1.81,10.282049612827162,10.521139785014338
2025-09-08 10:00:00,2025-09-08,10,S116,22.0,0.69,10.4877838626304,10.62678688391416
2025-09-08 11:00:00,2025-09-08,11,S116,22.0,0.88,11.369011127839757,11.815024042469773
2025-09-08 12:00:00,2025-09-08,12,S116,22.0,1.25,11.605058498252571,12.323261631560996
2025-09-08 13:00:00,2025-09-08,13,S116,22.0,4.54,11.334301425958229,11.767008882591746
2025-09-08 14:00:00,2025-09-08,14,S116,22.0,1.77,10.282049612827162,10.521139785014338
2025-09-09 10:00:00,2025-09-09,10,S116,22.0,9.57,10.4877838626304,10.62678688391416
2025-09-09 11:00:00,2025-09-09,11,S116,22.0,13.37,11.369011127839757,11.815024042469773
2025-09-09 12:00:00,2025-09-09,12,S116,22.0,9.05,11.605058498252571,12.323261631560996
2025-09-09 13:00:00,2025-09-09,13,S116,22.0,15.61,11.334301425958229,11.767008882591746
2025-09-09 14:00:00,2025-09-09,14,S116,22.0,6.98,10.282049612827162,10.521139785014338
2025-09-10 10:00:00,2025-09-10,10,S116,22.0,16.72,10.4877838626304,10.62678688391416
2025-09-10 11:00:00,2025-09-10,11,S116,22.0,18.83,11.369011127839757,11.815024042469773
2025-09-10 12:00:00,2025-09-10,12,S116,22.0,18.44,11.605058498252571,12.323261631560996
2025-09-10 13:00:00,2025-09-10,13,S116,22.0,18.71,11.334301425958229,11.767008882591746
2025-09-10 14:00:00,2025-09-10,14,S116,22.0,12.15,10.282049612827162,10.521139785014338
2025-09-11 10:00:00,2025-09-11,10,S116,22.0,5.66,10.4877838626304,10.62678688391416
2025-09-11 11:00:00,2025-09-11,11,S116,22.0,5.9,11.369011127839757,11.815024042469773
2025-09-11 12:00:00,2025-09-11,12,S116,22.0,2.68,11.605058498252571,12.323261631560996
2025-09-11 13:00:00,2025-09-11,13,S116,22.0,4.12,11.334301425958229,11.767008882591746
2025-09-11 14:00:00,2025-09-11,14,S116,22.0,2.0,10.282049612827162,10.521139785014338
2025-09-12 10:00:00,2025-09-12,10,S116,22.0,0.5,10.4877838626304,10.62678688391416
2025-09-12 11:00:00,2025-09-12,11,S116,22.0,1.14,11.369011127839757,11.815024042469773
2025-09-12 12:00:00,2025-09-12,12,S116,22.0,1.85,11.605058498252571,12.323261631560996
2025-09-12 13:00:00,2025-09-12,13,S116,22.0,5.55,11.334301425958229,11.767008882591746
2025-09-12 14:00:00,2025-09-12,14,S116,22.0,1.54,10.282049612827162,10.521139785014338
2025-09-13 10:00:00,2025-09-13,10,S116,22.0,5.6,10.4877838626304,10.62678688391416
2025-09-13 11:00:00,2025-09-13,11,S116,22.0,6.31,11.369011127839757,11.815024042469773
2025-09-13 12:00:00,2025-09-13,12,S116,22.0,6.16,11.605058498252571,12.323261631560996
2025-09-13 13:00:00,2025-09-13,13,S116,22.0,5.66,11.334301425958229,11.767008882591746
2025-09-13 14:00:00,2025-09-13,14,S116,22.0,3.53,10.282049612827162,10.521139785014338
2025-09-14 10:00:00,2025-09-14,10,S116,22.0,8.63,10.4877838626304,10.62678688391416
2025-09-14 11:00:00,2025-09-14,11,S116,22.0,16.04,11.369011127839757,11.815024042469773
2025-09-14 12:00:00,2025-09-14,12,S116,22.0,11.33,11.605058498252571,12.323261631560996
2025-09-14 13:00:00,2025-09-14,13,S116,22.0,19.07,11.334301425958229,11.767008882591746
2025-09-14 14:00:00,2025-09-14,14,S116,22.0,7.41,10.282049612827162,10.521139785014338
2025-09-15 10:00:00,2025-09-15,10,S116,22.0,4.16,10.4877838626304,10.62678688391416
2025-09-15 11:00:00,2025-09-15,11,S116,22.0,10.4,11.369011127839757,11.815024042469773
2025-09-15 12:00:00,2025-09-15,12,S116,22.0,8.08,11.605058498252571,12.323261631560996
2025-09-15 13:00:00,2025-09-15,13,S116,22.0,9.04,11.334301425958229,11.767008882591746
2025-09-15 14:00:00,2025-09-15,14,S116,22.0,6.22,10.282049612827162,10.521139785014338
2025-09-16 10:00:00,2025-09-16,10,S116,22.0,15.45,10.4877838626304,10.62678688391416
2025-09-16 11:00:00,2025-09-16,11,S116,22.0,16.93,11.369011127839757,11.815024042469773
2025-09-16 12:00:00,2025-09-16,12,S116,22.0,18.17,11.605058498252571,12.323261631560996
2025-09-16 13:00:00,2025-09-16,13,S116,22.0,12.25,11.334301425958229,11.767008882591746
2025-09-16 14:00:00,2025-09-16,14,S116,22.0,10.75,10.282049612827162,10.521139785014338
2025-09-17 10:00:00,2025-09-17,10,S116,22.0,2.84,10.4877838626304,10.62678688391416
2025-09-17 11:00:00,2025-09-17,11,S116,22.0,3.02,11.369011127839757,11.815024042469773
2025-09-17 12:00:00,2025-09-17,12,S116,22.0,1.34,11.605058498252571,12.323261631560996
2025-09-17 13:00:00,2025-09-17,13,S116,22.0,2.55,11.334301425958229,11.767008882591746
2025-09-17 14:00:00,2025-09-17,14,S116,22.0,2.75,10.282049612827162,10.521139785014338
2025-09-18 10:00:00,2025-09-18,10,S116,22.0,10.6,10.4877838626304,10.62678688391416
2025-09-18 11:00:00,2025-09-18,11,S116,22.0,8.47,11.369011127839757,11.815024042469773
2025-09-18 12:00:00,2025-09-18,12,S116,22.0,10.84,11.605058498252571,12.323261631560996
2025-09-18 13:00:00,2025-09-18,13,S116,22.0,8.3,11.334301425958229,11.767008882591746
2025-09-18 14:00:00,2025-09-18,14,S116,22.0,7.01,10.282049612827162,10.521139785014338
2025-09-19 10:00:00,2025-09-19,10,S116,22.0,2.44,10.4877838626304,10.62678688391416
2025-09-19 11:00:00,2025-09-19,11,S116,22.0,2.57,11.369011127839757,11.815024042469773
2025-09-19 12:00:00,2025-09-19,12,S116,22.0,2.12,11.605058498252571,12.323261631560996
2025-09-19 13:00:00,2025-09-19,13,S116,22.0,1.9,11.334301425958229,11.767008882591746
2025-09-19 14:00:00,2025-09-19,14,S116,22.0,0.29,10.282049612827162,10.521139785014338
2025-09-20 10:00:00,2025-09-20,10,S116,22.0,13.09,10.4877838626304,10.62678688391416
2025-09-20 11:00:00,2025-09-20,11,S116,22.0,17.37,11.369011127839757,11.815024042469773
2025-09-20 12:00:00,2025-09-20,12,S116,22.0,15.53,11.605058498252571,12.323261631560996
2025-09-20 13:00:00,2025-09-20,13,S116,22.0,19.31,11.334301425958229,11.767008882591746
2025-09-20 14:00:00,2025-09-20,14,S116,22.0,15.02,10.282049612827162,10.521139785014338
2025-09-21 10:00:00,2025-09-21,10,S116,22.0,13.49,10.4877838626304,10.62678688391416
2025-09-21 11:00:00,2025-09-21,11,S116,22.0,18.38,11.369011127839757,11.815024042469773
2025-09-21 12:00:00,2025-09-21,12,S116,22.0,9.69,11.605058498252571,12.323261631560996
2025-09-21 13:00:00,2025-09-21,13,S116,22.0,7.38,11.334301425958229,11.767008882591746
2025-09-21 14:00:00,2025-09-21,14,S116,22.0,11.53,10.282049612827162,10.521139785014338
2025-09-22 10:00:00,2025-09-22,10,S116,22.0,10.34,10.4877838626304,10.62678688391416
2025-09-22 11:00:00,2025-09-22,11,S116,22.0,7.31,11.369011127839757,11.815024042469773
2025-09-22 12:00:00,2025-09-22,12,S116,22.0,7.56,11.605058498252571,12.323261631560996
2025-09-22 13:00:00,2025-09-22,13,S116,22.0,8.19,11.334301425958229,11.767008882591746
2025-09-22 14:00:00,2025-09-22,14,S116,22.0,1.97,10.282049612827162,10.521139785014338
2025-09-23 10:00:00,2025-09-23,10,S116,22.0,3.33,10.4877838626304,10.62678688391416
2025-09-23 11:00:00,2025-09-23,11,S116,22.0,3.21,11.369011127839757,11.815024042469773
2025-09-23 12:00:00,2025-09-23,12,S116,22.0,4.87,11.605058498252571,12.323261631560996
2025-09-23 13:00:00,2025-09-23,13,S116,22.0,6.04,11.334301425958229,11.767008882591746
2025-09-23 14:00:00,2025-09-23,14,S116,22.0,9.56,10.282049612827162,10.521139785014338
2025-09-24 10:00:00,2025-09-24,10,S116,22.0,2.03,10.4877838626304,10.62678688391416
2025-09-24 11:00:00,2025-09-24,11,S116,22.0,2.83,11.369011127839757,11.815024042469773
2025-09-24 12:00:00,2025-09-24,12,S116,22.0,2.95,11.605058498252571,12.323261631560996
2025-09-24 13:00:00,2025-09-24,13,S116,22.0,3.44,11.334301425958229,11.767008882591746
2025-09-24 14:00:00,2025-09-24,14,S116,22.0,1.27,10.282049612827162,10.521139785014338
2025-09-25 10:00:00,2025-09-25,10,S116,22.0,5.13,10.4877838626304,10.62678688391416
2025-09-25 11:00:00,2025-09-25,11,S116,22.0,2.28,11.369011127839757,11.815024042469773
2025-09-25 12:00:00,2025-09-25,12,S116,22.0,5.26,11.605058498252571,12.323261631560996
2025-09-25 13:00:00,2025-09-25,13,S116,22.0,9.22,11.334301425958229,11.767008882591746
2025-09-25 14:00:00,2025-09-25,14,S116,22.0,10.26,10.282049612827162,10.521139785014338
2025-09-26 10:00:00,2025-09-26,10,S116,22.0,4.5,10.4877838626304,10.62678688391416
2025-09-26 11:00:00,2025-09-26,11,S116,22.0,3.01,11.369011127839757,11.815024042469773
2025-09-26 12:00:00,2025-09-26,12,S116,22.0,3.84,11.605058498252571,12.323261631560996
2025-09-26 13:00:00,2025-09-26,13,S116,22.0,4.52,11.334301425958229,11.767008882591746
2025-09-26 14:00:00,2025-09-26,14,S116,22.0,3.04,10.282049612827162,10.521139785014338
2025-09-27 10:00:00,2025-09-27,10,S116,22.0,2.11,10.4877838626304,10.62678688391416
2025-09-27 11:00:00,2025-09-27,11,S116,22.0,4.93,11.369011127839757,11.815024042469773
2025-09-27 12:00:00,2025-09-27,12,S116,22.0,1.42,11.605058498252571,12.323261631560996
2025-09-27 13:00:00,2025-09-27,13,S116,22.0,0.63,11.334301425958229,11.767008882591746
2025-09-27 14:00:00,2025-09-27,14,S116,22.0,4.98,10.282049612827162,10.521139785014338
2025-09-28 10:00:00,2025-09-28,10,S116,22.0,4.88,10.4877838626304,10.62678688391416
2025-09-28 11:00:00,2025-09-28,11,S116,22.0,4.31,11.369011127839757,11.815024042469773
2025-09-28 12:00:00,2025-09-28,12,S116,22.0,5.43,11.605058498252571,12.323261631560996
2025-09-28 13:00:00,2025-09-28,13,S116,22.0,5.56,11.334301425958229,11.767008882591746
2025-09-28 14:00:00,2025-09-28,14,S116,22.0,4.37,10.282049612827162,10.521139785014338
2025-09-29 10:00:00,2025-09-29,10,S116,22.0,5.37,10.4877838626304,10.62678688391416
2025-09-29 11:00:00,2025-09-29,11,S116,22.0,6.05,11.369011127839757,11.815024042469773
2025-09-29 12:00:00,2025-09-29,12,S116,22.0,9.5,11.605058498252571,12.323261631560996
2025-09-29 13:00:00,2025-09-29,13,S116,22.0,11.13,11.334301425958229,11.767008882591746
2025-09-29 14:00:00,2025-09-29,14,S116,22.0,6.07,10.282049612827162,10.521139785014338
2025-09-30 10:00:00,2025-09-30,10,S116,22.0,14.96,10.4877838626304,10.62678688391416
2025-09-30 11:00:00,2025-09-30,11,S116,22.0,17.24,11.369011127839757,11.815024042469773
2025-09-30 12:00:00,2025-09-30,12,S116,22.0,14.85,11.605058498252571,12.323261631560996
2025-09-30 13:00:00,2025-09-30,13,S116,22.0,16.01,11.334301425958229,11.767008882591746
2025-09-30 14:00:00,2025-09-30,14,S116,22.0,7.62,10.282049612827162,10.521139785014338
2025-10-01 10:00:00,2025-10-01,10,S116,22.0,3.27,10.428912888891556,10.56713564588662
2025-10-01 11:00:00,2025-10-01,11,S116,22.0,6.67,11.319107254963743,11.763162411654879
2025-10-01 12:00:00,2025-10-01,12,S116,22.0,16.44,11.548444893826337,12.263144376714308
2025-10-01 13:00:00,2025-10-01,13,S116,22.0,14.14,11.213327565965235,11.641416626695074
2025-10-01 14:00:00,2025-10-01,14,S116,22.0,7.82,10.090168654735743,10.324796987791908
2025-10-02 10:00:00,2025-10-02,10,S116,22.0,0.34,10.428912888891556,10.56713564588662
2025-10-02 11:00:00,2025-10-02,11,S116,22.0,0.64,11.319107254963743,11.763162411654879
2025-10-02 12:00:00,2025-10-02,12,S116,22.0,0.88,11.548444893826337,12.263144376714308
2025-10-02 13:00:00,2025-10-02,13,S116,22.0,0.05,11.213327565965235,11.641416626695074
2025-10-02 14:00:00,2025-10-02,14,S116,22.0,0.79,10.090168654735743,10.324796987791908
2025-10-03 10:00:00,2025-10-03,10,S116,22.0,5.32,10.428912888891556,10.56713564588662
2025-10-03 11:00:00,2025-10-03,11,S116,22.0,9.94,11.319107254963743,11.763162411654879
2025-10-03 12:00:00,2025-10-03,12,S116,22.0,5.79,11.548444893826337,12.263144376714308
2025-10-03 13:00:00,2025-10-03,13,S116,22.0,3.05,11.213327565965235,11.641416626695074
2025-10-03 14:00:00,2025-10-03,14,S116,22.0,2.21,10.090168654735743,10.324796987791908
2025-10-04 10:00:00,2025-10-04,10,S116,22.0,5.29,10.428912888891556,10.56713564588662
2025-10-04 11:00:00,2025-10-04,11,S116,22.0,8.35,11.319107254963743,11.763162411654879
2025-10-04 12:00:00,2025-10-04,12,S116,22.0,0.58,11.548444893826337,12.263144376714308
2025-10-04 13:00:00,2025-10-04,13,S116,22.0,1.31,11.213327565965235,11.641416626695074
2025-10-04 14:00:00,2025-10-04,14,S116,22.0,1.03,10.090168654735743,10.324796987791908
2025-10-05 10:00:00,2025-10-05,10,S116,22.0,5.9,10.428912888891556,10.56713564588662
2025-10-05 11:00:00,2025-10-05,11,S116,22.0,12.45,11.319107254963743,11.763162411654879
2025-10-05 12:00:00,2025-10-05,12,S116,22.0,5.61,11.548444893826337,12.263144376714308
2025-10-05 13:00:00,2025-10-05,13,S116,22.0,13.27,11.213327565965235,11.641416626695074
2025-10-05 14:00:00,2025-10-05,14,S116,22.0,5.21,10.090168654735743,10.324796987791908
2025-10-06 10:00:00,2025-10-06,10,S116,22.0,3.05,10.428912888891556,10.56713564588662
2025-10-06 11:00:00,2025-10-06,11,S116,22.0,3.86,11.319107254963743,11.763162411654879
2025-10-06 12:00:00,2025-10-06,12,S116,22.0,4.59,11.548444893826337,12.263144376714308
2025-10-06 13:00:00,2025-10-06,13,S116,22.0,9.85,11.213327565965235,11.641416626695074
2025-10-06 14:00:00,2025-10-06,14,S116,22.0,5.8,10.090168654735743,10.324796987791908
2025-10-07 10:00:00,2025-10-07,10,S116,22.0,3.74,10.428912888891556,10.56713564588662
2025-10-07 11:00:00,2025-10-07,11,S116,22.0,7.16,11.319107254963743,11.763162411654879
2025-10-07 12:00:00,2025-10-07,12,S116,22.0,7.44,11.548444893826337,12.263144376714308
2025-10-07 13:00:00,2025-10-07,13,S116,22.0,5.37,11.213327565965235,11.641416626695074
2025-10-07 14:00:00,2025-10-07,14,S116,22.0,8.2,10.090168654735743,10.324796987791908
2025-10-08 10:00:00,2025-10-08,10,S116,22.0,3.77,10.428912888891556,10.56713564588662
2025-10-08 11:00:00,2025-10-08,11,S116,22.0,5.21,11.319107254963743,11.763162411654879
2025-10-08 12:00:00,2025-10-08,12,S116,22.0,6.38,11.548444893826337,12.263144376714308
2025-10-08 13:00:00,2025-10-08,13,S116,22.0,5.12,11.213327565965235,11.641416626695074
2025-10-08 14:00:00,2025-10-08,14,S116,22.0,13.6,10.090168654735743,10.324796987791908
2025-10-09 10:00:00,2025-10-09,10,S116,22.0,15.56,10.428912888891556,10.56713564588662
2025-10-09 11:00:00,2025-10-09,11,S116,22.0,17.22,11.319107254963743,11.763162411654879
2025-10-09 12:00:00,2025-10-09,12,S116,22.0,17.6,11.548444893826337,12.263144376714308
2025-10-09 13:00:00,2025-10-09,13,S116,22.0,16.76,11.213327565965235,11.641416626695074
2025-10-09 14:00:00,2025-10-09,14,S116,22.0,14.88,10.090168654735743,10.324796987791908
2025-10-10 10:00:00,2025-10-10,10,S116,22.0,9.84,10.428912888891556,10.56713564588662
2025-10-10 11:00:00,2025-10-10,11,S116,22.0,5.69,11.319107254963743,11.763162411654879
2025-10-10 12:00:00,2025-10-10,12,S116,22.0,9.72,11.548444893826337,12.263144376714308
2025-10-10 13:00:00,2025-10-10,13,S116,22.0,15.73,11.213327565965235,11.641416626695074
2025-10-10 14:00:00,2025-10-10,14,S116,22.0,12.7,10.090168654735743,10.324796987791908
2025-10-11 10:00:00,2025-10-11,10,S116,22.0,2.83,10.428912888891556,10.56713564588662
2025-10-11 11:00:00,2025-10-11,11,S116,22.0,6.0,11.319107254963743,11.763162411654879
2025-10-11 12:00:00,2025-10-11,12,S116,22.0,7.44,11.548444893826337,12.263144376714308
2025-10-11 13:00:00,2025-10-11,13,S116,22.0,4.99,11.213327565965235,11.641416626695074
2025-10-11 14:00:00,2025-10-11,14,S116,22.0,3.68,10.090168654735743,10.324796987791908
2025-10-12 10:00:00,2025-10-12,10,S116,22.0,2.26,10.428912888891556,10.56713564588662
2025-10-12 11:00:00,2025-10-12,11,S116,22.0,2.03,11.319107254963743,11.763162411654879
2025-10-12 12:00:00,2025-10-12,12,S116,22.0,1.37,11.548444893826337,12.263144376714308
2025-10-12 13:00:00,2025-10-12,13,S116,22.0,2.21,11.213327565965235,11.641416626695074
2025-10-12 14:00:00,2025-10-12,14,S116,22.0,1.67,10.090168654735743,10.324796987791908
2025-10-13 10:00:00,2025-10-13,10,S116,22.0,1.72,10.428912888891556,10.56713564588662
2025-10-13 11:00:00,2025-10-13,11,S116,22.0,3.1,11.319107254963743,11.763162411654879
2025-10-13 12:00:00,2025-10-13,12,S116,22.0,1.48,11.548444893826337,12.263144376714308
2025-10-13 13:00:00,2025-10-13,13,S116,22.0,1.75,11.213327565965235,11.641416626695074
2025-10-13 14:00:00,2025-10-13,14,S116,22.0,0.57,10.090168654735743,10.324796987791908
2025-10-14 10:00:00,2025-10-14,10,S116,22.0,15.25,10.428912888891556,10.56713564588662
2025-10-14 11:00:00,2025-10-14,11,S116,22.0,7.06,11.319107254963743,11.763162411654879
2025-10-14 12:00:00,2025-10-14,12,S116,22.0,6.21,11.548444893826337,12.263144376714308
2025-10-14 13:00:00,2025-10-14,13,S116,22.0,3.19,11.213327565965235,11.641416626695074
2025-10-14 14:00:00,2025-10-14,14,S116,22.0,3.3,10.090168654735743,10.324796987791908
2025-10-15 10:00:00,2025-10-15,10,S116,22.0,0.41,10.428912888891556,10.56713564588662
2025-10-15 11:00:00,2025-10-15,11,S116,22.0,3.23,11.319107254963743,11.763162411654879
2025-10-15 12:00:00,2025-10-15,12,S116,22.0,2.26,11.548444893826337,12.263144376714308
2025-10-15 13:00:00,2025-10-15,13,S116,22.0,1.05,11.213327565965235,11.641416626695074
2025-10-15 14:00:00,2025-10-15,14,S116,22.0,0.43,10.090168654735743,10.324796987791908
2025-10-16 10:00:00,2025-10-16,10,S116,22.0,9.62,10.428912888891556,10.56713564588662
2025-10-16 11:00:00,2025-10-16,11,S116,22.0,13.23,11.319107254963743,11.763162411654879
2025-10-16 12:00:00,2025-10-16,12,S116,22.0,5.81,11.548444893826337,12.263144376714308
2025-10-16 13:00:00,2025-10-16,13,S116,22.0,3.96,11.213327565965235,11.641416626695074
2025-10-16 14:00:00,2025-10-16,14,S116,22.0,6.99,10.090168654735743,10.324796987791908
2025-10-17 10:00:00,2025-10-17,10,S116,22.0,2.5,10.428912888891556,10.56713564588662
2025-10-17 11:00:00,2025-10-17,11,S116,22.0,2.69,11.319107254963743,11.763162411654879
2025-10-17 12:00:00,2025-10-17,12,S116,22.0,2.49,11.548444893826337,12.263144376714308
2025-10-17 13:00:00,2025-10-17,13,S116,22.0,1.6,11.213327565965235,11.641416626695074
2025-10-17 14:00:00,2025-10-17,14,S116,22.0,1.27,10.090168654735743,10.324796987791908
2025-10-18 10:00:00,2025-10-18,10,S116,22.0,3.52,10.428912888891556,10.56713564588662
2025-10-18 11:00:00,2025-10-18,11,S116,22.0,6.49,11.319107254963743,11.763162411654879
2025-10-18 12:00:00,2025-10-18,12,S116,22.0,9.24,11.548444893826337,12.263144376714308
2025-10-18 13:00:00,2025-10-18,13,S116,22.0,8.62,11.213327565965235,11.641416626695074
2025-10-18 14:00:00,2025-10-18,14,S116,22.0,6.68,10.090168654735743,10.324796987791908
2025-10-19 10:00:00,2025-10-19,10,S116,22.0,9.18,10.428912888891556,10.56713564588662
2025-10-19 11:00:00,2025-10-19,11,S116,22.0,13.49,11.319107254963743,11.763162411654879
2025-10-19 12:00:00,2025-10-19,12,S116,22.0,5.46,11.548444893826337,12.263144376714308
2025-10-19 13:00:00,2025-10-19,13,S116,22.0,6.93,11.213327565965235,11.641416626695074
2025-10-19 14:00:00,2025-10-19,14,S116,22.0,3.17,10.090168654735743,10.324796987791908
2025-10-20 10:00:00,2025-10-20,10,S116,22.0,4.75,10.428912888891556,10.56713564588662
2025-10-20 11:00:00,2025-10-20,11,S116,22.0,1.33,11.319107254963743,11.763162411654879
2025-10-20 12:00:00,2025-10-20,12,S116,22.0,2.03,11.548444893826337,12.263144376714308
2025-10-20 13:00:00,2025-10-20,13,S116,22.0,2.05,11.213327565965235,11.641416626695074
2025-10-20 14:00:00,2025-10-20,14,S116,22.0,0.97,10.090168654735743,10.324796987791908
2025-10-21 10:00:00,2025-10-21,10,S116,22.0,2.31,10.428912888891556,10.56713564588662
2025-10-21 11:00:00,2025-10-21,11,S116,22.0,4.18,11.319107254963743,11.763162411654879
2025-10-21 12:00:00,2025-10-21,12,S116,22.0,7.18,11.548444893826337,12.263144376714308
2025-10-21 13:00:00,2025-10-21,13,S116,22.0,11.27,11.213327565965235,11.641416626695074
2025-10-21 14:00:00,2025-10-21,14,S116,22.0,4.43,10.090168654735743,10.324796987791908
2025-10-22 10:00:00,2025-10-22,10,S116,22.0,14.82,10.428912888891556,10.56713564588662
2025-10-22 11:00:00,2025-10-22,11,S116,22.0,18.01,11.319107254963743,11.763162411654879
2025-10-22 12:00:00,2025-10-22,12,S116,22.0,18.23,11.548444893826337,12.263144376714308
2025-10-22 13:00:00,2025-10-22,13,S116,22.0,17.11,11.213327565965235,11.641416626695074
2025-10-22 14:00:00,2025-10-22,14,S116,22.0,12.3,10.090168654735743,10.324796987791908
2025-10-23 10:00:00,2025-10-23,10,S116,22.0,15.79,10.428912888891556,10.56713564588662
2025-10-23 11:00:00,2025-10-23,11,S116,22.0,17.71,11.319107254963743,11.763162411654879
2025-10-23 12:00:00,2025-10-23,12,S116,22.0,18.01,11.548444893826337,12.263144376714308
2025-10-23 13:00:00,2025-10-23,13,S116,22.0,16.97,11.213327565965235,11.641416626695074
2025-10-23 14:00:00,2025-10-23,14,S116,22.0,14.51,10.090168654735743,10.324796987791908
2025-10-24 10:00:00,2025-10-24,10,S116,22.0,6.8,10.428912888891556,10.56713564588662
2025-10-24 11:00:00,2025-10-24,11,S116,22.0,8.66,11.319107254963743,11.763162411654879
2025-10-24 12:00:00,2025-10-24,12,S116,22.0,13.5,11.548444893826337,12.263144376714308
2025-10-24 13:00:00,2025-10-24,13,S116,22.0,15.89,11.213327565965235,11.641416626695074
2025-10-24 14:00:00,2025-10-24,14,S116,22.0,14.03,10.090168654735743,10.324796987791908
2025-10-25 10:00:00,2025-10-25,10,S116,22.0,3.55,10.428912888891556,10.56713564588662
2025-10-25 11:00:00,2025-10-25,11,S116,22.0,3.99,11.319107254963743,11.763162411654879
2025-10-25 12:00:00,2025-10-25,12,S116,22.0,2.98,11.548444893826337,12.263144376714308
2025-10-25 13:00:00,2025-10-25,13,S116,22.0,5.2,11.213327565965235,11.641416626695074
2025-10-25 14:00:00,2025-10-25,14,S116,22.0,6.79,10.090168654735743,10.324796987791908
2025-10-26 10:00:00,2025-10-26,10,S116,22.0,5.1,10.428912888891556,10.56713564588662
2025-10-26 11:00:00,2025-10-26,11,S116,22.0,11.46,11.319107254963743,11.763162411654879
2025-10-26 12:00:00,2025-10-26,12,S116,22.0,14.06,11.548444893826337,12.263144376714308
2025-10-26 13:00:00,2025-10-26,13,S116,22.0,13.69,11.213327565965235,11.641416626695074
2025-10-26 14:00:00,2025-10-26,14,S116,22.0,2.36,10.090168654735743,10.324796987791908
2025-10-27 10:00:00,2025-10-27,10,S116,22.0,14.75,10.428912888891556,10.56713564588662
2025-10-27 11:00:00,2025-10-27,11,S116,22.0,16.19,11.319107254963743,11.763162411654879
2025-10-27 12:00:00,2025-10-27,12,S116,22.0,15.74,11.548444893826337,12.263144376714308
2025-10-27 13:00:00,2025-10-27,13,S116,22.0,14.47,11.213327565965235,11.641416626695074
2025-10-27 14:00:00,2025-10-27,14,S116,22.0,12.89,10.090168654735743,10.324796987791908
2025-10-28 10:00:00,2025-10-28,10,S116,22.0,14.27,10.428912888891556,10.56713564588662
2025-10-28 11:00:00,2025-10-28,11,S116,22.0,16.04,11.319107254963743,11.763162411654879
2025-10-28 12:00:00,2025-10-28,12,S116,22.0,16.46,11.548444893826337,12.263144376714308
2025-10-28 13:00:00,2025-10-28,13,S116,22.0,15.33,11.213327565965235,11.641416626695074
2025-10-28 14:00:00,2025-10-28,14,S116,22.0,13.03,10.090168654735743,10.324796987791908
2025-10-29 10:00:00,2025-10-29,10,S116,22.0,15.11,10.428912888891556,10.56713564588662
2025-10-29 11:00:00,2025-10-29,11,S116,22.0,16.25,11.319107254963743,11.763162411654879
2025-10-29 12:00:00,2025-10-29,12,S116,22.0,12.76,11.548444893826337,12.263144376714308
2025-10-29 13:00:00,2025-10-29,13,S116,22.0,14.93,11.213327565965235,11.641416626695074
2025-10-29 14:00:00,2025-10-29,14,S116,22.0,6.52,10.090168654735743,10.324796987791908
2025-10-30 10:00:00,2025-10-30,10,S116,22.0,2.44,10.428912888891556,10.56713564588662
2025-10-30 11:00:00,2025-10-30,11,S116,22.0,4.14,11.319107254963743,11.763162411654879
2025-10-30 12:00:00,2025-10-30,12,S116,22.0,4.5,11.548444893826337,12.263144376714308
2025-10-30 13:00:00,2025-10-30,13,S116,22.0,2.93,11.213327565965235,11.641416626695074
2025-10-30 14:00:00,2025-10-30,14,S116,22.0,1.57,10.090168654735743,10.324796987791908
2025-10-31 10:00:00,2025-10-31,10,S116,22.0,3.35,10.428912888891556,10.56713564588662
2025-10-31 11:00:00,2025-10-31,11,S116,22.0,1.47,11.319107254963743,11.763162411654879
2025-10-31 12:00:00,2025-10-31,12,S116,22.0,4.53,11.548444893826337,12.263144376714308
2025-10-31 13:00:00,2025-10-31,13,S116,22.0,9.14,11.213327565965235,11.641416626695074
2025-10-31 14:00:00,2025-10-31,14,S116,22.0,8.24,10.090168654735743,10.324796987791908
2025-11-01 10:00:00,2025-11-01,10,S116,22.0,3.61,9.771316326771927,9.900823428475299
2025-11-01 11:00:00,2025-11-01,11,S116,22.0,4.0,10.717817514468134,11.138283725148048
2025-11-01 12:00:00,2025-11-01,12,S116,22.0,14.75,10.911549987365797,11.586833906990815
2025-11-01 13:00:00,2025-11-01,13,S116,22.0,13.15,10.493352413928612,10.893955121051901
2025-11-01 14:00:00,2025-11-01,14,S116,22.0,9.91,9.312477486309774,9.5290220401226
2025-11-02 10:00:00,2025-11-02,10,S116,22.0,15.33,9.771316326771927,9.900823428475299
2025-11-02 11:00:00,2025-11-02,11,S116,22.0,17.32,10.717817514468134,11.138283725148048
2025-11-02 12:00:00,2025-11-02,12,S116,22.0,17.6,10.911549987365797,11.586833906990815
2025-11-02 13:00:00,2025-11-02,13,S116,22.0,16.46,10.493352413928612,10.893955121051901
2025-11-02 14:00:00,2025-11-02,14,S116,22.0,13.85,9.312477486309774,9.5290220401226
2025-11-03 10:00:00,2025-11-03,10,S116,22.0,15.61,9.771316326771927,9.900823428475299
2025-11-03 11:00:00,2025-11-03,11,S116,22.0,15.99,10.717817514468134,11.138283725148048
2025-11-03 12:00:00,2025-11-03,12,S116,22.0,11.99,10.911549987365797,11.586833906990815
2025-11-03 13:00:00,2025-11-03,13,S116,22.0,16.0,10.493352413928612,10.893955121051901
2025-11-03 14:00:00,2025-11-03,14,S116,22.0,13.7,9.312477486309774,9.5290220401226
2025-11-04 10:00:00,2025-11-04,10,S116,22.0,11.24,9.771316326771927,9.900823428475299
2025-11-04 11:00:00,2025-11-04,11,S116,22.0,16.35,10.717817514468134,11.138283725148048
2025-11-04 12:00:00,2025-11-04,12,S116,22.0,13.41,10.911549987365797,11.586833906990815
2025-11-04 13:00:00,2025-11-04,13,S116,22.0,15.3,10.493352413928612,10.893955121051901
2025-11-04 14:00:00,2025-11-04,14,S116,22.0,12.64,9.312477486309774,9.5290220401226
2025-11-05 10:00:00,2025-11-05,10,S116,22.0,15.64,9.771316326771927,9.900823428475299
2025-11-05 11:00:00,2025-11-05,11,S116,22.0,13.95,10.717817514468134,11.138283725148048
2025-11-05 12:00:00,2025-11-05,12,S116,22.0,16.87,10.911549987365797,11.586833906990815
2025-11-05 13:00:00,2025-11-05,13,S116,22.0,16.03,10.493352413928612,10.893955121051901
2025-11-05 14:00:00,2025-11-05,14,S116,22.0,13.47,9.312477486309774,9.5290220401226
2025-11-06 10:00:00,2025-11-06,10,S116,22.0,13.69,9.771316326771927,9.900823428475299
2025-11-06 11:00:00,2025-11-06,11,S116,22.0,11.66,10.717817514468134,11.138283725148048
2025-11-06 12:00:00,2025-11-06,12,S116,22.0,13.33,10.911549987365797,11.586833906990815
2025-11-06 13:00:00,2025-11-06,13,S116,22.0,9.68,10.493352413928612,10.893955121051901
2025-11-06 14:00:00,2025-11-06,14,S116,22.0,11.75,9.312477486309774,9.5290220401226
2025-11-07 10:00:00,2025-11-07,10,S116,22.0,5.59,9.771316326771927,9.900823428475299
2025-11-07 11:00:00,2025-11-07,11,S116,22.0,12.31,10.717817514468134,11.138283725148048
2025-11-07 12:00:00,2025-11-07,12,S116,22.0,5.34,10.911549987365797,11.586833906990815
2025-11-07 13:00:00,2025-11-07,13,S116,22.0,3.33,10.493352413928612,10.893955121051901
2025-11-07 14:00:00,2025-11-07,14,S116,22.0,4.49,9.312477486309774,9.5290220401226
2025-11-08 10:00:00,2025-11-08,10,S116,22.0,1.43,9.771316326771927,9.900823428475299
2025-11-08 11:00:00,2025-11-08,11,S116,22.0,2.74,10.717817514468134,11.138283725148048
2025-11-08 12:00:00,2025-11-08,12,S116,22.0,1.31,10.911549987365797,11.586833906990815
2025-11-08 13:00:00,2025-11-08,13,S116,22.0,1.35,10.493352413928612,10.893955121051901
2025-11-08 14:00:00,2025-11-08,14,S116,22.0,0.66,9.312477486309774,9.5290220401226
2025-11-09 10:00:00,2025-11-09,10,S116,22.0,7.03,9.771316326771927,9.900823428475299
2025-11-09 11:00:00,2025-11-09,11,S116,22.0,14.0,10.717817514468134,11.138283725148048
2025-11-09 12:00:00,2025-11-09,12,S116,22.0,15.21,10.911549987365797,11.586833906990815
2025-11-09 13:00:00,2025-11-09,13,S116,22.0,13.86,10.493352413928612,10.893955121051901
2025-11-09 14:00:00,2025-11-09,14,S116,22.0,12.13,9.312477486309774,9.5290220401226
2025-11-10 10:00:00,2025-11-10,10,S116,22.0,15.55,9.771316326771927,9.900823428475299
2025-11-10 11:00:00,2025-11-10,11,S116,22.0,16.84,10.717817514468134,11.138283725148048
2025-11-10 12:00:00,2025-11-10,12,S116,22.0,17.18,10.911549987365797,11.586833906990815
2025-11-10 13:00:00,2025-11-10,13,S116,22.0,16.21,10.493352413928612,10.893955121051901
2025-11-10 14:00:00,2025-11-10,14,S116,22.0,13.47,9.312477486309774,9.5290220401226
2025-11-11 10:00:00,2025-11-11,10,S116,22.0,7.93,9.771316326771927,9.900823428475299
2025-11-11 11:00:00,2025-11-11,11,S116,22.0,13.75,10.717817514468134,11.138283725148048
2025-11-11 12:00:00,2025-11-11,12,S116,22.0,16.84,10.911549987365797,11.586833906990815
2025-11-11 13:00:00,2025-11-11,13,S116,22.0,12.86,10.493352413928612,10.893955121051901
2025-11-11 14:00:00,2025-11-11,14,S116,22.0,13.03,9.312477486309774,9.5290220401226
2025-11-12 10:00:00,2025-11-12,10,S116,22.0,14.21,9.771316326771927,9.900823428475299
2025-11-12 11:00:00,2025-11-12,11,S116,22.0,15.77,10.717817514468134,11.138283725148048
2025-11-12 12:00:00,2025-11-12,12,S116,22.0,16.02,10.911549987365797,11.586833906990815
2025-11-12 13:00:00,2025-11-12,13,S116,22.0,14.63,10.493352413928612,10.893955121051901
2025-11-12 14:00:00,2025-11-12,14,S116,22.0,12.74,9.312477486309774,9.5290220401226
2025-11-13 10:00:00,2025-11-13,10,S116,22.0,8.52,9.771316326771927,9.900823428475299
2025-11-13 11:00:00,2025-11-13,11,S116,22.0,13.04,10.717817514468134,11.138283725148048
2025-11-13 12:00:00,2025-11-13,12,S116,22.0,11.16,10.911549987365797,11.586833906990815
2025-11-13 13:00:00,2025-11-13,13,S116,22.0,9.36,10.493352413928612,10.893955121051901
2025-11-13 14:00:00,2025-11-13,14,S116,22.0,7.19,9.312477486309774,9.5290220401226
2025-11-14 10:00:00,2025-11-14,10,S116,22.0,12.23,9.771316326771927,9.900823428475299
2025-11-14 11:00:00,2025-11-14,11,S116,22.0,14.72,10.717817514468134,11.138283725148048
2025-11-14 12:00:00,2025-11-14,12,S116,22.0,15.26,10.911549987365797,11.586833906990815
2025-11-14 13:00:00,2025-11-14,13,S116,22.0,13.83,10.493352413928612,10.893955121051901
2025-11-14 14:00:00,2025-11-14,14,S116,22.0,11.37,9.312477486309774,9.5290220401226
2025-11-15 10:00:00,2025-11-15,10,S116,22.0,12.33,9.771316326771927,9.900823428475299
2025-11-15 11:00:00,2025-11-15,11,S116,22.0,13.3,10.717817514468134,11.138283725148048
2025-11-15 12:00:00,2025-11-15,12,S116,22.0,8.58,10.911549987365797,11.586833906990815
2025-11-15 13:00:00,2025-11-15,13,S116,22.0,6.25,10.493352413928612,10.893955121051901
2025-11-15 14:00:00,2025-11-15,14,S116,22.0,6.24,9.312477486309774,9.5290220401226
2025-11-16 10:00:00,2025-11-16,10,S116,22.0,12.46,9.771316326771927,9.900823428475299
2025-11-16 11:00:00,2025-11-16,11,S116,22.0,14.22,10.717817514468134,11.138283725148048
2025-11-16 12:00:00,2025-11-16,12,S116,22.0,13.86,10.911549987365797,11.586833906990815
2025-11-16 13:00:00,2025-11-16,13,S116,22.0,12.63,10.493352413928612,10.893955121051901
2025-11-16 14:00:00,2025-11-16,14,S116,22.0,10.67,9.312477486309774,9.5290220401226
2025-11-17 10:00:00,2025-11-17,10,S116,22.0,3.09,9.771316326771927,9.900823428475299
2025-11-17 11:00:00,2025-11-17,11,S116,22.0,3.19,10.717817514468134,11.138283725148048
2025-11-17 12:00:00,2025-11-17,12,S116,22.0,3.89,10.911549987365797,11.586833906990815
2025-11-17 13:00:00,2025-11-17,13,S116,22.0,3.82,10.493352413928612,10.893955121051901
2025-11-17 14:00:00,2025-11-17,14,S116,22.0,3.97,9.312477486309774,9.5290220401226
2025-11-18 10:00:00,2025-11-18,10,S116,22.0,14.96,9.771316326771927,9.900823428475299
2025-11-18 11:00:00,2025-11-18,11,S116,22.0,16.9,10.717817514468134,11.138283725148048
2025-11-18 12:00:00,2025-11-18,12,S116,22.0,17.61,10.911549987365797,11.586833906990815
2025-11-18 13:00:00,2025-11-18,13,S116,22.0,16.27,10.493352413928612,10.893955121051901
2025-11-18 14:00:00,2025-11-18,14,S116,22.0,13.28,9.312477486309774,9.5290220401226
2025-11-19 10:00:00,2025-11-19,10,S116,22.0,13.83,9.771316326771927,9.900823428475299
2025-11-19 11:00:00,2025-11-19,11,S116,22.0,15.5,10.717817514468134,11.138283725148048
2025-11-19 12:00:00,2025-11-19,12,S116,22.0,16.17,10.911549987365797,11.586833906990815
2025-11-19 13:00:00,2025-11-19,13,S116,22.0,15.07,10.493352413928612,10.893955121051901
2025-11-19 14:00:00,2025-11-19,14,S116,22.0,12.78,9.312477486309774,9.5290220401226
2025-11-20 10:00:00,2025-11-20,10,S116,22.0,12.91,9.771316326771927,9.900823428475299
2025-11-20 11:00:00,2025-11-20,11,S116,22.0,12.1,10.717817514468134,11.138283725148048
2025-11-20 12:00:00,2025-11-20,12,S116,22.0,15.18,10.911549987365797,11.586833906990815
2025-11-20 13:00:00,2025-11-20,13,S116,22.0,14.26,10.493352413928612,10.893955121051901
2025-11-20 14:00:00,2025-11-20,14,S116,22.0,10.94,9.312477486309774,9.5290220401226
2025-11-21 10:00:00,2025-11-21,10,S116,22.0,12.22,9.771316326771927,9.900823428475299
2025-11-21 11:00:00,2025-11-21,11,S116,22.0,14.03,10.717817514468134,11.138283725148048
2025-11-21 12:00:00,2025-11-21,12,S116,22.0,14.34,10.911549987365797,11.586833906990815
2025-11-21 13:00:00,2025-11-21,13,S116,22.0,14.06,10.493352413928612,10.893955121051901
2025-11-21 14:00:00,2025-11-21,14,S116,22.0,11.45,9.312477486309774,9.5290220401226
2025-11-22 10:00:00,2025-11-22,10,S116,22.0,9.96,9.771316326771927,9.900823428475299
2025-11-22 11:00:00,2025-11-22,11,S116,22.0,14.61,10.717817514468134,11.138283725148048
2025-11-22 12:00:00,2025-11-22,12,S116,22.0,15.3,10.911549987365797,11.586833906990815
2025-11-22 13:00:00,2025-11-22,13,S116,22.0,13.1,10.493352413928612,10.893955121051901
2025-11-22 14:00:00,2025-11-22,14,S116,22.0,11.2,9.312477486309774,9.5290220401226
2025-11-23 10:00:00,2025-11-23,10,S116,22.0,7.88,9.771316326771927,9.900823428475299
2025-11-23 11:00:00,2025-11-23,11,S116,22.0,6.76,10.717817514468134,11.138283725148048
2025-11-23 12:00:00,2025-11-23,12,S116,22.0,12.72,10.911549987365797,11.586833906990815
2025-11-23 13:00:00,2025-11-23,13,S116,22.0,3.41,10.493352413928612,10.893955121051901
2025-11-23 14:00:00,2025-11-23,14,S116,22.0,5.21,9.312477486309774,9.5290220401226
2025-11-24 10:00:00,2025-11-24,10,S116,22.0,8.43,9.771316326771927,9.900823428475299
2025-11-24 11:00:00,2025-11-24,11,S116,22.0,12.83,10.717817514468134,11.138283725148048
2025-11-24 12:00:00,2025-11-24,12,S116,22.0,14.49,10.911549987365797,11.586833906990815
2025-11-24 13:00:00,2025-11-24,13,S116,22.0,12.91,10.493352413928612,10.893955121051901
2025-11-24 14:00:00,2025-11-24,14,S116,22.0,10.23,9.312477486309774,9.5290220401226
2025-11-25 10:00:00,2025-11-25,10,S116,22.0,14.7,9.771316326771927,9.900823428475299
2025-11-25 11:00:00,2025-11-25,11,S116,22.0,16.27,10.717817514468134,11.138283725148048
2025-11-25 12:00:00,2025-11-25,12,S116,22.0,16.83,10.911549987365797,11.586833906990815
2025-11-25 13:00:00,2025-11-25,13,S116,22.0,15.84,10.493352413928612,10.893955121051901
2025-11-25 14:00:00,2025-11-25,14,S116,22.0,13.61,9.312477486309774,9.5290220401226
2025-11-26 10:00:00,2025-11-26,10,S116,22.0,13.78,9.771316326771927,9.900823428475299
2025-11-26 11:00:00,2025-11-26,11,S116,22.0,15.54,10.717817514468134,11.138283725148048
2025-11-26 12:00:00,2025-11-26,12,S116,22.0,15.63,10.911549987365797,11.586833906990815
2025-11-26 13:00:00,2025-11-26,13,S116,22.0,14.24,10.493352413928612,10.893955121051901
2025-11-26 14:00:00,2025-11-26,14,S116,22.0,13.15,9.312477486309774,9.5290220401226
2025-11-27 10:00:00,2025-11-27,10,S116,22.0,13.54,9.771316326771927,9.900823428475299
2025-11-27 11:00:00,2025-11-27,11,S116,22.0,16.07,10.717817514468134,11.138283725148048
2025-11-27 12:00:00,2025-11-27,12,S116,22.0,16.57,10.911549987365797,11.586833906990815
2025-11-27 13:00:00,2025-11-27,13,S116,22.0,15.7,10.493352413928612,10.893955121051901
2025-11-27 14:00:00,2025-11-27,14,S116,22.0,13.17,9.312477486309774,9.5290220401226
2025-11-28 10:00:00,2025-11-28,10,S116,22.0,12.16,9.771316326771927,9.900823428475299
2025-11-28 11:00:00,2025-11-28,11,S116,22.0,13.91,10.717817514468134,11.138283725148048
2025-11-28 12:00:00,2025-11-28,12,S116,22.0,14.31,10.911549987365797,11.586833906990815
2025-11-28 13:00:00,2025-11-28,13,S116,22.0,13.31,10.493352413928612,10.893955121051901
2025-11-28 14:00:00,2025-11-28,14,S116,22.0,11.05,9.312477486309774,9.5290220401226
2025-11-29 10:00:00,2025-11-29,10,S116,22.0,11.92,9.771316326771927,9.900823428475299
2025-11-29 11:00:00,2025-11-29,11,S116,22.0,13.58,10.717817514468134,11.138283725148048
2025-11-29 12:00:00,2025-11-29,12,S116,22.0,14.13,10.911549987365797,11.586833906990815
2025-11-29 13:00:00,2025-11-29,13,S116,22.0,13.41,10.493352413928612,10.893955121051901
2025-11-29 14:00:00,2025-11-29,14,S116,22.0,10.88,9.312477486309774,9.5290220401226
2025-11-30 10:00:00,2025-11-30,10,S116,22.0,10.65,9.771316326771927,9.900823428475299
2025-11-30 11:00:00,2025-11-30,11,S116,22.0,12.34,10.717817514468134,11.138283725148048
2025-11-30 12:00:00,2025-11-30,12,S116,22.0,12.96,10.911549987365797,11.586833906990815
2025-11-30 13:00:00,2025-11-30,13,S116,22.0,12.82,10.493352413928612,10.893955121051901
2025-11-30 14:00:00,2025-11-30,14,S116,22.0,9.37,9.312477486309774,9.5290220401226
2025-12-01 10:00:00,2025-12-01,10,S116,22.0,11.72,9.726029897201593,9.854936781488599
2025-12-01 11:00:00,2025-12-01,11,S116,22.0,13.75,10.673663071926514,11.092397078161346
2025-12-01 12:00:00,2025-12-01,12,S116,22.0,13.36,10.868337626994782,11.540947260004115
2025-12-01 13:00:00,2025-12-01,13,S116,22.0,13.62,10.449153153643932,10.848068474065201
2025-12-01 14:00:00,2025-12-01,14,S116,22.0,9.24,9.267633601471788,9.4831353931359
2025-12-02 10:00:00,2025-12-02,10,S116,22.0,2.72,9.726029897201593,9.854936781488599
2025-12-02 11:00:00,2025-12-02,11,S116,22.0,5.79,10.673663071926514,11.092397078161346
2025-12-02 12:00:00,2025-12-02,12,S116,22.0,2.44,10.868337626994782,11.540947260004115
2025-12-02 13:00:00,2025-12-02,13,S116,22.0,5.93,10.449153153643932,10.848068474065201
2025-12-02 14:00:00,2025-12-02,14,S116,22.0,2.57,9.267633601471788,9.4831353931359
2025-12-03 10:00:00,2025-12-03,10,S116,22.0,14.92,9.726029897201593,9.854936781488599
2025-12-03 11:00:00,2025-12-03,11,S116,22.0,17.02,10.673663071926514,11.092397078161346
2025-12-03 12:00:00,2025-12-03,12,S116,22.0,17.5,10.868337626994782,11.540947260004115
2025-12-03 13:00:00,2025-12-03,13,S116,22.0,16.32,10.449153153643932,10.848068474065201
2025-12-03 14:00:00,2025-12-03,14,S116,22.0,13.51,9.267633601471788,9.4831353931359
2025-12-04 10:00:00,2025-12-04,10,S116,22.0,13.74,9.726029897201593,9.854936781488599
2025-12-04 11:00:00,2025-12-04,11,S116,22.0,15.68,10.673663071926514,11.092397078161346
2025-12-04 12:00:00,2025-12-04,12,S116,22.0,16.15,10.868337626994782,11.540947260004115
2025-12-04 13:00:00,2025-12-04,13,S116,22.0,14.48,10.449153153643932,10.848068474065201
2025-12-04 14:00:00,2025-12-04,14,S116,22.0,11.54,9.267633601471788,9.4831353931359
2025-12-05 10:00:00,2025-12-05,10,S116,22.0,13.79,9.726029897201593,9.854936781488599
2025-12-05 11:00:00,2025-12-05,11,S116,22.0,15.92,10.673663071926514,11.092397078161346
2025-12-05 12:00:00,2025-12-05,12,S116,22.0,16.28,10.868337626994782,11.540947260004115
2025-12-05 13:00:00,2025-12-05,13,S116,22.0,15.16,10.449153153643932,10.848068474065201
2025-12-05 14:00:00,2025-12-05,14,S116,22.0,12.71,9.267633601471788,9.4831353931359
2025-12-06 10:00:00,2025-12-06,10,S116,22.0,11.86,9.726029897201593,9.854936781488599
2025-12-06 11:00:00,2025-12-06,11,S116,22.0,13.96,10.673663071926514,11.092397078161346
2025-12-06 12:00:00,2025-12-06,12,S116,22.0,14.5,10.868337626994782,11.540947260004115
2025-12-06 13:00:00,2025-12-06,13,S116,22.0,13.17,10.449153153643932,10.848068474065201
2025-12-06 14:00:00,2025-12-06,14,S116,22.0,10.53,9.267633601471788,9.4831353931359
2025-12-07 10:00:00,2025-12-07,10,S116,22.0,7.57,9.726029897201593,9.854936781488599
2025-12-07 11:00:00,2025-12-07,11,S116,22.0,10.07,10.673663071926514,11.092397078161346
2025-12-07 12:00:00,2025-12-07,12,S116,22.0,16.28,10.868337626994782,11.540947260004115
2025-12-07 13:00:00,2025-12-07,13,S116,22.0,14.12,10.449153153643932,10.848068474065201
2025-12-07 14:00:00,2025-12-07,14,S116,22.0,10.61,9.267633601471788,9.4831353931359
2025-12-08 10:00:00,2025-12-08,10,S116,22.0,12.24,9.726029897201593,9.854936781488599
2025-12-08 11:00:00,2025-12-08,11,S116,22.0,14.25,10.673663071926514,11.092397078161346
2025-12-08 12:00:00,2025-12-08,12,S116,22.0,15.12,10.868337626994782,11.540947260004115
2025-12-08 13:00:00,2025-12-08,13,S116,22.0,14.32,10.449153153643932,10.848068474065201
2025-12-08 14:00:00,2025-12-08,14,S116,22.0,11.44,9.267633601471788,9.4831353931359
2025-12-09 10:00:00,2025-12-09,10,S116,22.0,11.22,9.726029897201593,9.854936781488599
2025-12-09 11:00:00,2025-12-09,11,S116,22.0,8.42,10.673663071926514,11.092397078161346
2025-12-09 12:00:00,2025-12-09,12,S116,22.0,12.42,10.868337626994782,11.540947260004115
2025-12-09 13:00:00,2025-12-09,13,S116,22.0,14.23,10.449153153643932,10.848068474065201
2025-12-09 14:00:00,2025-12-09,14,S116,22.0,10.86,9.267633601471788,9.4831353931359
2025-12-10 10:00:00,2025-12-10,10,S116,22.0,10.25,9.726029897201593,9.854936781488599
2025-12-10 11:00:00,2025-12-10,11,S116,22.0,10.17,10.673663071926514,11.092397078161346
2025-12-10 12:00:00,2025-12-10,12,S116,22.0,11.23,10.868337626994782,11.540947260004115
2025-12-10 13:00:00,2025-12-10,13,S116,22.0,9.41,10.449153153643932,10.848068474065201
2025-12-10 14:00:00,2025-12-10,14,S116,22.0,9.84,9.267633601471788,9.4831353931359
2025-12-11 10:00:00,2025-12-11,10,S116,22.0,3.9,9.726029897201593,9.854936781488599
2025-12-11 11:00:00,2025-12-11,11,S116,22.0,3.39,10.673663071926514,11.092397078161346
2025-12-11 12:00:00,2025-12-11,12,S116,22.0,8.37,10.868337626994782,11.540947260004115
2025-12-11 13:00:00,2025-12-11,13,S116,22.0,2.61,10.449153153643932,10.848068474065201
2025-12-11 14:00:00,2025-12-11,14,S116,22.0,2.28,9.267633601471788,9.4831353931359
2025-12-12 10:00:00,2025-12-12,10,S116,22.0,6.11,9.726029897201593,9.854936781488599
2025-12-12 11:00:00,2025-12-12,11,S116,22.0,2.67,10.673663071926514,11.092397078161346
2025-12-12 12:00:00,2025-12-12,12,S116,22.0,2.23,10.868337626994782,11.540947260004115
2025-12-12 13:00:00,2025-12-12,13,S116,22.0,1.21,10.449153153643932,10.848068474065201
2025-12-12 14:00:00,2025-12-12,14,S116,22.0,2.1,9.267633601471788,9.4831353931359
2025-12-13 10:00:00,2025-12-13,10,S116,22.0,0.64,9.726029897201593,9.854936781488599
2025-12-13 11:00:00,2025-12-13,11,S116,22.0,0.69,10.673663071926514,11.092397078161346
2025-12-13 12:00:00,2025-12-13,12,S116,22.0,1.17,10.868337626994782,11.540947260004115
2025-12-13 13:00:00,2025-12-13,13,S116,22.0,1.61,10.449153153643932,10.848068474065201
2025-12-13 14:00:00,2025-12-13,14,S116,22.0,2.1,9.267633601471788,9.4831353931359
2025-12-14 10:00:00,2025-12-14,10,S116,22.0,12.99,9.726029897201593,9.854936781488599
2025-12-14 11:00:00,2025-12-14,11,S116,22.0,15.58,10.673663071926514,11.092397078161346
2025-12-14 12:00:00,2025-12-14,12,S116,22.0,16.72,10.868337626994782,11.540947260004115
2025-12-14 13:00:00,2025-12-14,13,S116,22.0,15.96,10.449153153643932,10.848068474065201
2025-12-14 14:00:00,2025-12-14,14,S116,22.0,13.82,9.267633601471788,9.4831353931359
2025-12-15 10:00:00,2025-12-15,10,S116,22.0,14.59,9.726029897201593,9.854936781488599
2025-12-15 11:00:00,2025-12-15,11,S116,22.0,16.81,10.673663071926514,11.092397078161346
2025-12-15 12:00:00,2025-12-15,12,S116,22.0,17.28,10.868337626994782,11.540947260004115
2025-12-15 13:00:00,2025-12-15,13,S116,22.0,16.54,10.449153153643932,10.848068474065201
2025-12-15 14:00:00,2025-12-15,14,S116,22.0,13.74,9.267633601471788,9.4831353931359
2025-12-16 10:00:00,2025-12-16,10,S116,22.0,12.03,9.726029897201593,9.854936781488599
2025-12-16 11:00:00,2025-12-16,11,S116,22.0,14.08,10.673663071926514,11.092397078161346
2025-12-16 12:00:00,2025-12-16,12,S116,22.0,14.93,10.868337626994782,11.540947260004115
2025-12-16 13:00:00,2025-12-16,13,S116,22.0,14.12,10.449153153643932,10.848068474065201
2025-12-16 14:00:00,2025-12-16,14,S116,22.0,11.53,9.267633601471788,9.4831353931359
2025-12-17 10:00:00,2025-12-17,10,S116,22.0,13.29,9.726029897201593,9.854936781488599
2025-12-17 11:00:00,2025-12-17,11,S116,22.0,16.48,10.673663071926514,11.092397078161346
2025-12-17 12:00:00,2025-12-17,12,S116,22.0,17.14,10.868337626994782,11.540947260004115
2025-12-17 13:00:00,2025-12-17,13,S116,22.0,16.43,10.449153153643932,10.848068474065201
2025-12-17 14:00:00,2025-12-17,14,S116,22.0,14.02,9.267633601471788,9.4831353931359
2025-12-18 10:00:00,2025-12-18,10,S116,22.0,13.58,9.726029897201593,9.854936781488599
2025-12-18 11:00:00,2025-12-18,11,S116,22.0,15.86,10.673663071926514,11.092397078161346
2025-12-18 12:00:00,2025-12-18,12,S116,22.0,14.49,10.868337626994782,11.540947260004115
2025-12-18 13:00:00,2025-12-18,13,S116,22.0,14.45,10.449153153643932,10.848068474065201
2025-12-18 14:00:00,2025-12-18,14,S116,22.0,12.94,9.267633601471788,9.4831353931359
2025-12-19 10:00:00,2025-12-19,10,S116,22.0,11.3,9.726029897201593,9.854936781488599
2025-12-19 11:00:00,2025-12-19,11,S116,22.0,13.25,10.673663071926514,11.092397078161346
2025-12-19 12:00:00,2025-12-19,12,S116,22.0,6.79,10.868337626994782,11.540947260004115
2025-12-19 13:00:00,2025-12-19,13,S116,22.0,7.87,10.449153153643932,10.848068474065201
2025-12-19 14:00:00,2025-12-19,14,S116,22.0,7.55,9.267633601471788,9.4831353931359
2025-12-20 10:00:00,2025-12-20,10,S116,22.0,1.68,9.726029897201593,9.854936781488599
2025-12-20 11:00:00,2025-12-20,11,S116,22.0,4.6,10.673663071926514,11.092397078161346
2025-12-20 12:00:00,2025-12-20,12,S116,22.0,13.64,10.868337626994782,11.540947260004115
2025-12-20 13:00:00,2025-12-20,13,S116,22.0,16.3,10.449153153643932,10.848068474065201
2025-12-20 14:00:00,2025-12-20,14,S116,22.0,10.55,9.267633601471788,9.4831353931359
2025-12-21 10:00:00,2025-12-21,10,S116,22.0,14.54,9.726029897201593,9.854936781488599
2025-12-21 11:00:00,2025-12-21,11,S116,22.0,16.85,10.673663071926514,11.092397078161346
2025-12-21 12:00:00,2025-12-21,12,S116,22.0,17.71,10.868337626994782,11.540947260004115
2025-12-21 13:00:00,2025-12-21,13,S116,22.0,13.63,10.449153153643932,10.848068474065201
2025-12-21 14:00:00,2025-12-21,14,S116,22.0,15.07,9.267633601471788,9.4831353931359
2025-12-22 10:00:00,2025-12-22,10,S116,22.0,5.27,9.726029897201593,9.854936781488599
2025-12-22 11:00:00,2025-12-22,11,S116,22.0,6.11,10.673663071926514,11.092397078161346
2025-12-22 12:00:00,2025-12-22,12,S116,22.0,5.62,10.868337626994782,11.540947260004115
2025-12-22 13:00:00,2025-12-22,13,S116,22.0,12.46,10.449153153643932,10.848068474065201
2025-12-22 14:00:00,2025-12-22,14,S116,22.0,3.11,9.267633601471788,9.4831353931359
2025-12-23 10:00:00,2025-12-23,10,S116,22.0,0.8,9.726029897201593,9.854936781488599
2025-12-23 11:00:00,2025-12-23,11,S116,22.0,1.01,10.673663071926514,11.092397078161346
2025-12-23 12:00:00,2025-12-23,12,S116,22.0,1.18,10.868337626994782,11.540947260004115
2025-12-23 13:00:00,2025-12-23,13,S116,22.0,1.86,10.449153153643932,10.848068474065201
2025-12-23 14:00:00,2025-12-23,14,S116,22.0,1.16,9.267633601471788,9.4831353931359
2025-12-24 10:00:00,2025-12-24,10,S116,22.0,5.12,9.726029897201593,9.854936781488599
2025-12-24 11:00:00,2025-12-24,11,S116,22.0,5.59,10.673663071926514,11.092397078161346
2025-12-24 12:00:00,2025-12-24,12,S116,22.0,4.74,10.868337626994782,11.540947260004115
2025-12-24 13:00:00,2025-12-24,13,S116,22.0,6.69,10.449153153643932,10.848068474065201
2025-12-24 14:00:00,2025-12-24,14,S116,22.0,5.61,9.267633601471788,9.4831353931359
2025-12-25 10:00:00,2025-12-25,10,S116,22.0,15.54,9.726029897201593,9.854936781488599
2025-12-25 11:00:00,2025-12-25,11,S116,22.0,17.87,10.673663071926514,11.092397078161346
2025-12-25 12:00:00,2025-12-25,12,S116,22.0,18.84,10.868337626994782,11.540947260004115
2025-12-25 13:00:00,2025-12-25,13,S116,22.0,18.14,10.449153153643932,10.848068474065201
2025-12-25 14:00:00,2025-12-25,14,S116,22.0,15.63,9.267633601471788,9.4831353931359
2025-12-26 10:00:00,2025-12-26,10,S116,22.0,15.01,9.726029897201593,9.854936781488599
2025-12-26 11:00:00,2025-12-26,11,S116,22.0,17.16,10.673663071926514,11.092397078161346
2025-12-26 12:00:00,2025-12-26,12,S116,22.0,18.08,10.868337626994782,11.540947260004115
2025-12-26 13:00:00,2025-12-26,13,S116,22.0,17.35,10.449153153643932,10.848068474065201
2025-12-26 14:00:00,2025-12-26,14,S116,22.0,12.6,9.267633601471788,9.4831353931359
2025-12-27 10:00:00,2025-12-27,10,S116,22.0,13.15,9.726029897201593,9.854936781488599
2025-12-27 11:00:00,2025-12-27,11,S116,22.0,15.79,10.673663071926514,11.092397078161346
2025-12-27 12:00:00,2025-12-27,12,S116,22.0,16.28,10.868337626994782,11.540947260004115
2025-12-27 13:00:00,2025-12-27,13,S116,22.0,15.02,10.449153153643932,10.848068474065201
2025-12-27 14:00:00,2025-12-27,14,S116,22.0,12.91,9.267633601471788,9.4831353931359
2025-12-28 10:00:00,2025-12-28,10,S116,22.0,12.16,9.726029897201593,9.854936781488599
2025-12-28 11:00:00,2025-12-28,11,S116,22.0,14.75,10.673663071926514,11.092397078161346
2025-12-28 12:00:00,2025-12-28,12,S116,22.0,15.78,10.868337626994782,11.540947260004115
2025-12-28 13:00:00,2025-12-28,13,S116,22.0,15.12,10.449153153643932,10.848068474065201
2025-12-28 14:00:00,2025-12-28,14,S116,22.0,12.88,9.267633601471788,9.4831353931359
2025-12-29 10:00:00,2025-12-29,10,S116,22.0,10.71,9.726029897201593,9.854936781488599
2025-12-29 11:00:00,2025-12-29,11,S116,22.0,13.89,10.673663071926514,11.092397078161346
2025-12-29 12:00:00,2025-12-29,12,S116,22.0,14.28,10.868337626994782,11.540947260004115
2025-12-29 13:00:00,2025-12-29,13,S116,22.0,11.13,10.449153153643932,10.848068474065201
2025-12-29 14:00:00,2025-12-29,14,S116,22.0,8.97,9.267633601471788,9.4831353931359
2025-12-30 10:00:00,2025-12-30,10,S116,22.0,11.87,9.726029897201593,9.854936781488599
2025-12-30 11:00:00,2025-12-30,11,S116,22.0,14.38,10.673663071926514,11.092397078161346
2025-12-30 12:00:00,2025-12-30,12,S116,22.0,16.97,10.868337626994782,11.540947260004115
2025-12-30 13:00:00,2025-12-30,13,S116,22.0,16.59,10.449153153643932,10.848068474065201
2025-12-30 14:00:00,2025-12-30,14,S116,22.0,13.17,9.267633601471788,9.4831353931359
2025-12-31 10:00:00,2025-12-31,10,S116,22.0,4.52,9.726029897201593,9.854936781488599
2025-12-31 11:00:00,2025-12-31,11,S116,22.0,5.76,10.673663071926514,11.092397078161346
2025-12-31 12:00:00,2025-12-31,12,S116,22.0,12.08,10.868337626994782,11.540947260004115
2025-12-31 13:00:00,2025-12-31,13,S116,22.0,10.47,10.449153153643932,10.848068474065201
2025-12-31 14:00:00,2025-12-31,14,S116,22.0,9.16,9.267633601471788,9.4831353931359
