time,date,hour,site_rows,site_count,actual_city_mw,pred_city_mw,pred_nan_sites,pred_zero_sites,actual_positive_sites,capacity_sum_mw,pred_city_is_zero,actual_city_positive,suspicious_city_zero,zero_site_ratio_pct,actual_mw,pred_mw,actual_diff,pred_diff
2023-01-01 06:00:00,2023-01-01,6,22,22,0.0,1.8673403256570729,0,5,0,152.01878,False,False,False,22.727272727272727,0.0,0.0,0.0,1.8673403256570729
2023-01-01 07:00:00,2023-01-01,7,22,22,0.0,1.754481747308664,0,5,0,152.01878,False,False,False,22.727272727272727,0.0,3.1323,0.0,-1.3778182526913358
2023-01-01 18:00:00,2023-01-01,18,22,22,0.0,1.6964316667313848,0,5,0,152.01878,False,False,False,22.727272727272727,0.0,0.0,0.0,1.6964316667313848
2023-01-01 19:00:00,2023-01-01,19,22,22,0.0,1.6405311606211317,0,5,0,152.01878,False,False,False,22.727272727272727,0.0,0.0,0.0,1.6405311606211317
2023-01-02 06:00:00,2023-01-02,6,22,22,0.0,1.8673403256570729,0,5,0,152.01878,False,False,False,22.727272727272727,0.0,0.0,0.0,1.8673403256570729
2023-01-02 07:00:00,2023-01-02,7,22,22,0.01,1.754481747308664,0,5,1,152.01878,False,True,False,22.727272727272727,0.01,1.1861,0.0,0.5683817473086641
2023-01-02 18:00:00,2023-01-02,18,22,22,0.0,1.6964316667313848,0,5,0,152.01878,False,False,False,22.727272727272727,0.0,0.0,0.0,1.6964316667313848
2023-01-02 19:00:00,2023-01-02,19,22,22,0.0,1.6405311606211317,0,5,0,152.01878,False,False,False,22.727272727272727,0.0,0.0,0.0,1.6405311606211317
2023-01-03 06:00:00,2023-01-03,6,22,22,0.0,1.8673403256570729,0,5,0,152.01878,False,False,False,22.727272727272727,0.0,0.0,0.0,1.8673403256570729
2023-01-03 07:00:00,2023-01-03,7,22,22,0.01,1.754481747308664,0,5,1,152.01878,False,True,False,22.727272727272727,0.01,1.263,0.0,0.4914817473086641
2023-01-03 18:00:00,2023-01-03,18,22,22,0.0,1.6964316667313848,0,5,0,152.01878,False,False,False,22.727272727272727,0.0,0.0,0.0,1.6964316667313848
2023-01-03 19:00:00,2023-01-03,19,22,22,0.0,1.6405311606211317,0,5,0,152.01878,False,False,False,22.727272727272727,0.0,0.0,0.0,1.6405311606211317
2023-01-04 06:00:00,2023-01-04,6,22,22,0.0,1.8673403256570729,0,5,0,152.01878,False,False,False,22.727272727272727,0.0,0.0,0.0,1.8673403256570729
2023-01-04 07:00:00,2023-01-04,7,22,22,0.01,1.754481747308664,0,5,1,152.01878,False,True,False,22.727272727272727,0.01,1.305,0.0,0.4494817473086641
2023-01-04 18:00:00,2023-01-04,18,22,22,0.0,1.6964316667313848,0,5,0,152.01878,False,False,False,22.727272727272727,0.0,0.0,0.0,1.6964316667313848
2023-01-04 19:00:00,2023-01-04,19,22,22,0.0,1.6405311606211317,0,5,0,152.01878,False,False,False,22.727272727272727,0.0,0.0,0.0,1.6405311606211317
2023-01-05 06:00:00,2023-01-05,6,22,22,0.0,1.8673403256570729,0,5,0,152.01878,False,False,False,22.727272727272727,0.0,0.0,0.0,1.8673403256570729
2023-01-05 07:00:00,2023-01-05,7,22,22,0.01,1.754481747308664,0,5,1,152.01878,False,True,False,22.727272727272727,0.01,1.3075,0.0,0.4469817473086639
2023-01-05 18:00:00,2023-01-05,18,22,22,0.0,1.6964316667313848,0,5,0,152.01878,False,False,False,22.727272727272727,0.0,0.0,0.0,1.6964316667313848
2023-01-05 19:00:00,2023-01-05,19,22,22,0.0,1.6405311606211317,0,5,0,152.01878,False,False,False,22.727272727272727,0.0,0.0,0.0,1.6405311606211317
2023-01-06 06:00:00,2023-01-06,6,22,22,0.0,1.8673403256570729,0,5,0,152.01878,False,False,False,22.727272727272727,0.0,0.0,0.0,1.8673403256570729
2023-01-06 07:00:00,2023-01-06,7,22,22,0.0,1.754481747308664,0,5,0,152.01878,False,False,False,22.727272727272727,0.0,1.3064,0.0,0.448081747308664
2023-01-06 18:00:00,2023-01-06,18,22,22,0.0,1.6964316667313848,0,5,0,152.01878,False,False,False,22.727272727272727,0.0,0.0,0.0,1.6964316667313848
2023-01-06 19:00:00,2023-01-06,19,22,22,0.0,1.6405311606211317,0,5,0,152.01878,False,False,False,22.727272727272727,0.0,0.0,0.0,1.6405311606211317
2023-01-07 06:00:00,2023-01-07,6,22,22,0.0,1.8673403256570729,0,5,0,152.01878,False,False,False,22.727272727272727,0.0,0.0,0.0,1.8673403256570729
2023-01-07 07:00:00,2023-01-07,7,22,22,1.55,1.754481747308664,0,5,1,152.01878,False,True,False,22.727272727272727,1.55,1.2996,0.0,0.45488174730866393
2023-01-07 18:00:00,2023-01-07,18,22,22,0.0,1.6964316667313848,0,5,0,152.01878,False,False,False,22.727272727272727,0.0,0.0,0.0,1.6964316667313848
2023-01-07 19:00:00,2023-01-07,19,22,22,0.0,1.6405311606211317,0,5,0,152.01878,False,False,False,22.727272727272727,0.0,0.0,0.0,1.6405311606211317
2023-01-08 06:00:00,2023-01-08,6,22,22,0.0,1.8673403256570729,0,5,0,152.01878,False,False,False,22.727272727272727,0.0,0.0,0.0,1.8673403256570729
2023-01-08 07:00:00,2023-01-08,7,22,22,1.55,1.754481747308664,0,5,1,152.01878,False,True,False,22.727272727272727,1.55,1.2647,0.0,0.4897817473086641
2023-01-08 18:00:00,2023-01-08,18,22,22,0.0,1.6964316667313848,0,5,0,152.01878,False,False,False,22.727272727272727,0.0,0.0,0.0,1.6964316667313848
2023-01-08 19:00:00,2023-01-08,19,22,22,0.0,1.6405311606211317,0,5,0,152.01878,False,False,False,22.727272727272727,0.0,0.0,0.0,1.6405311606211317
2023-01-09 06:00:00,2023-01-09,6,22,22,0.0,1.8673403256570729,0,5,0,152.01878,False,False,False,22.727272727272727,0.0,0.0,0.0,1.8673403256570729
2023-01-09 07:00:00,2023-01-09,7,22,22,1.55,1.754481747308664,0,5,1,152.01878,False,True,False,22.727272727272727,1.55,1.1843,0.0,0.5701817473086641
2023-01-09 18:00:00,2023-01-09,18,22,22,0.0,1.6964316667313848,0,5,0,152.01878,False,False,False,22.727272727272727,0.0,0.0,0.0,1.6964316667313848
2023-01-09 19:00:00,2023-01-09,19,22,22,0.0,1.6405311606211317,0,5,0,152.01878,False,False,False,22.727272727272727,0.0,0.0,0.0,1.6405311606211317
2023-01-10 06:00:00,2023-01-10,6,22,22,0.0,1.8673403256570729,0,5,0,152.01878,False,False,False,22.727272727272727,0.0,0.0,0.0,1.8673403256570729
2023-01-10 07:00:00,2023-01-10,7,22,22,1.56,1.754481747308664,0,5,2,152.01878,False,True,False,22.727272727272727,1.56,1.2161,0.0,0.5383817473086641
2023-01-10 18:00:00,2023-01-10,18,22,22,0.0,1.6964316667313848,0,5,0,152.01878,False,False,False,22.727272727272727,0.0,0.0,0.0,1.6964316667313848
2023-01-10 19:00:00,2023-01-10,19,22,22,0.0,1.6405311606211317,0,5,0,152.01878,False,False,False,22.727272727272727,0.0,0.0,0.0,1.6405311606211317
2023-01-11 06:00:00,2023-01-11,6,22,22,0.0,1.8673403256570729,0,5,0,152.01878,False,False,False,22.727272727272727,0.0,0.0,0.0,1.8673403256570729
2023-01-11 07:00:00,2023-01-11,7,22,22,1.56,1.754481747308664,0,5,2,152.01878,False,True,False,22.727272727272727,1.56,1.3175,0.0,0.4369817473086641
2023-01-11 18:00:00,2023-01-11,18,22,22,0.0,1.6964316667313848,0,5,0,152.01878,False,False,False,22.727272727272727,0.0,0.0,0.0,1.6964316667313848
2023-01-11 19:00:00,2023-01-11,19,22,22,0.0,1.6405311606211317,0,5,0,152.01878,False,False,False,22.727272727272727,0.0,0.0,0.0,1.6405311606211317
2023-01-12 06:00:00,2023-01-12,6,22,22,0.0,1.8673403256570729,0,5,0,152.01878,False,False,False,22.727272727272727,0.0,0.0,0.0,1.8673403256570729
2023-01-12 07:00:00,2023-01-12,7,22,22,1.55,1.754481747308664,0,5,1,152.01878,False,True,False,22.727272727272727,1.55,1.1502,0.0,0.6042817473086641
2023-01-12 18:00:00,2023-01-12,18,22,22,0.0,1.6964316667313848,0,5,0,152.01878,False,False,False,22.727272727272727,0.0,0.0,0.0,1.6964316667313848
2023-01-12 19:00:00,2023-01-12,19,22,22,0.0,1.6405311606211317,0,5,0,152.01878,False,False,False,22.727272727272727,0.0,0.0,0.0,1.6405311606211317
2023-01-13 06:00:00,2023-01-13,6,22,22,0.0,1.8673403256570729,0,5,0,152.01878,False,False,False,22.727272727272727,0.0,0.0,0.0,1.8673403256570729
2023-01-13 07:00:00,2023-01-13,7,22,22,1.55,1.754481747308664,0,5,1,152.01878,False,True,False,22.727272727272727,1.55,1.1081,0.0,0.6463817473086639
2023-01-13 18:00:00,2023-01-13,18,22,22,0.0,1.6964316667313848,0,5,0,152.01878,False,False,False,22.727272727272727,0.0,0.0,0.0,1.6964316667313848
2023-01-13 19:00:00,2023-01-13,19,22,22,0.0,1.6405311606211317,0,5,0,152.01878,False,False,False,22.727272727272727,0.0,0.0,0.0,1.6405311606211317
2023-01-14 06:00:00,2023-01-14,6,22,22,0.0,1.8673403256570729,0,5,0,152.01878,False,False,False,22.727272727272727,0.0,0.0,0.0,1.8673403256570729
2023-01-14 07:00:00,2023-01-14,7,22,22,1.55,1.754481747308664,0,5,1,152.01878,False,True,False,22.727272727272727,1.55,1.1023,0.0,0.652181747308664
2023-01-14 18:00:00,2023-01-14,18,22,22,0.0,1.6964316667313848,0,5,0,152.01878,False,False,False,22.727272727272727,0.0,0.0,0.0,1.6964316667313848
2023-01-14 19:00:00,2023-01-14,19,22,22,0.0,1.6405311606211317,0,5,0,152.01878,False,False,False,22.727272727272727,0.0,0.0,0.0,1.6405311606211317
2023-01-15 06:00:00,2023-01-15,6,22,22,0.0,1.8673403256570729,0,5,0,152.01878,False,False,False,22.727272727272727,0.0,0.0,0.0,1.8673403256570729
2023-01-15 07:00:00,2023-01-15,7,22,22,1.55,1.754481747308664,0,5,1,152.01878,False,True,False,22.727272727272727,1.55,1.1607,0.0,0.593781747308664
2023-01-15 18:00:00,2023-01-15,18,22,22,0.0,1.6964316667313848,0,5,0,152.01878,False,False,False,22.727272727272727,0.0,0.0,0.0,1.6964316667313848
2023-01-15 19:00:00,2023-01-15,19,22,22,0.0,1.6405311606211317,0,5,0,152.01878,False,False,False,22.727272727272727,0.0,0.0,0.0,1.6405311606211317
2023-01-16 06:00:00,2023-01-16,6,22,22,0.0,1.8673403256570729,0,5,0,152.01878,False,False,False,22.727272727272727,0.0,0.0,0.0,1.8673403256570729
2023-01-16 07:00:00,2023-01-16,7,22,22,1.55,1.754481747308664,0,5,1,152.01878,False,True,False,22.727272727272727,1.55,1.3187,0.0,0.43578174730866404
2023-01-16 18:00:00,2023-01-16,18,22,22,0.0,1.6964316667313848,0,5,0,152.01878,False,False,False,22.727272727272727,0.0,0.0,0.0,1.6964316667313848
2023-01-16 19:00:00,2023-01-16,19,22,22,0.0,1.6405311606211317,0,5,0,152.01878,False,False,False,22.727272727272727,0.0,0.0,0.0,1.6405311606211317
2023-01-17 06:00:00,2023-01-17,6,22,22,0.0,1.8673403256570729,0,5,0,152.01878,False,False,False,22.727272727272727,0.0,0.0,0.0,1.8673403256570729
2023-01-17 07:00:00,2023-01-17,7,22,22,1.55,1.754481747308664,0,5,1,152.01878,False,True,False,22.727272727272727,1.55,1.2409,0.0,0.5135817473086641
2023-01-17 18:00:00,2023-01-17,18,22,22,0.0,1.6964316667313848,0,5,0,152.01878,False,False,False,22.727272727272727,0.0,0.0,0.0,1.6964316667313848
2023-01-17 19:00:00,2023-01-17,19,22,22,0.0,1.6405311606211317,0,5,0,152.01878,False,False,False,22.727272727272727,0.0,0.0,0.0,1.6405311606211317
2023-01-18 06:00:00,2023-01-18,6,22,22,0.0,1.8673403256570729,0,5,0,152.01878,False,False,False,22.727272727272727,0.0,0.0,0.0,1.8673403256570729
2023-01-18 07:00:00,2023-01-18,7,22,22,1.56,1.754481747308664,0,5,2,152.01878,False,True,False,22.727272727272727,1.56,1.2847,0.0,0.46978174730866407
2023-01-18 18:00:00,2023-01-18,18,22,22,0.0,1.6964316667313848,0,5,0,152.01878,False,False,False,22.727272727272727,0.0,0.0,0.0,1.6964316667313848
2023-01-18 19:00:00,2023-01-18,19,22,22,0.0,1.6405311606211317,0,5,0,152.01878,False,False,False,22.727272727272727,0.0,0.0,0.0,1.6405311606211317
2023-01-19 06:00:00,2023-01-19,6,22,22,0.0,1.8673403256570729,0,5,0,152.01878,False,False,False,22.727272727272727,0.0,0.0,0.0,1.8673403256570729
2023-01-19 07:00:00,2023-01-19,7,22,22,1.57,1.754481747308664,0,5,3,152.01878,False,True,False,22.727272727272727,1.57,1.2463,0.0,0.5081817473086641
2023-01-19 18:00:00,2023-01-19,18,22,22,0.0,1.6964316667313848,0,5,0,152.01878,False,False,False,22.727272727272727,0.0,0.0,0.0,1.6964316667313848
2023-01-19 19:00:00,2023-01-19,19,22,22,0.0,1.6405311606211317,0,5,0,152.01878,False,False,False,22.727272727272727,0.0,0.0,0.0,1.6405311606211317
2023-01-20 06:00:00,2023-01-20,6,22,22,0.0,1.8673403256570729,0,5,0,152.01878,False,False,False,22.727272727272727,0.0,0.0,0.0,1.8673403256570729
2023-01-20 07:00:00,2023-01-20,7,22,22,1.55,1.754481747308664,0,5,1,152.01878,False,True,False,22.727272727272727,1.55,1.3084,0.0,0.446081747308664
2023-01-20 18:00:00,2023-01-20,18,22,22,0.0,1.6964316667313848,0,5,0,152.01878,False,False,False,22.727272727272727,0.0,0.0,0.0,1.6964316667313848
2023-01-20 19:00:00,2023-01-20,19,22,22,0.0,1.6405311606211317,0,5,0,152.01878,False,False,False,22.727272727272727,0.0,0.0,0.0,1.6405311606211317
2023-01-21 06:00:00,2023-01-21,6,22,22,0.0,1.8673403256570729,0,5,0,152.01878,False,False,False,22.727272727272727,0.0,0.0,0.0,1.8673403256570729
2023-01-21 07:00:00,2023-01-21,7,22,22,1.55,1.754481747308664,0,5,1,152.01878,False,True,False,22.727272727272727,1.55,1.2373,0.0,0.517181747308664
2023-01-21 18:00:00,2023-01-21,18,22,22,0.0,1.6964316667313848,0,5,0,152.01878,False,False,False,22.727272727272727,0.0,0.0,0.0,1.6964316667313848
2023-01-21 19:00:00,2023-01-21,19,22,22,0.0,1.6405311606211317,0,5,0,152.01878,False,False,False,22.727272727272727,0.0,0.0,0.0,1.6405311606211317
2023-01-22 06:00:00,2023-01-22,6,22,22,0.0,1.8673403256570729,0,5,0,152.01878,False,False,False,22.727272727272727,0.0,0.0,0.0,1.8673403256570729
2023-01-22 07:00:00,2023-01-22,7,22,22,1.56,1.754481747308664,0,5,2,152.01878,False,True,False,22.727272727272727,1.56,1.1491,0.0,0.605381747308664
2023-01-22 18:00:00,2023-01-22,18,22,22,0.0,1.6964316667313848,0,5,0,152.01878,False,False,False,22.727272727272727,0.0,0.0,0.0,1.6964316667313848
2023-01-22 19:00:00,2023-01-22,19,22,22,0.0,1.6405311606211317,0,5,0,152.01878,False,False,False,22.727272727272727,0.0,0.0,0.0,1.6405311606211317
2023-01-23 06:00:00,2023-01-23,6,22,22,0.0,1.8673403256570729,0,5,0,152.01878,False,False,False,22.727272727272727,0.0,0.0,0.0,1.8673403256570729
2023-01-23 07:00:00,2023-01-23,7,22,22,1.55,1.754481747308664,0,5,1,152.01878,False,True,False,22.727272727272727,1.55,1.1302,0.0,0.6242817473086639
2023-01-23 18:00:00,2023-01-23,18,22,22,0.0,1.6964316667313848,0,5,0,152.01878,False,False,False,22.727272727272727,0.0,0.0,0.0,1.6964316667313848
2023-01-23 19:00:00,2023-01-23,19,22,22,0.0,1.6405311606211317,0,5,0,152.01878,False,False,False,22.727272727272727,0.0,0.0,0.0,1.6405311606211317
2023-01-24 06:00:00,2023-01-24,6,22,22,0.0,1.8673403256570729,0,5,0,152.01878,False,False,False,22.727272727272727,0.0,0.0,0.0,1.8673403256570729
2023-01-24 07:00:00,2023-01-24,7,22,22,1.55,1.754481747308664,0,5,1,152.01878,False,True,False,22.727272727272727,1.55,1.0492,0.0,0.7052817473086641
2023-01-24 18:00:00,2023-01-24,18,22,22,0.0,1.6964316667313848,0,5,0,152.01878,False,False,False,22.727272727272727,0.0,0.0,0.0,1.6964316667313848
2023-01-24 19:00:00,2023-01-24,19,22,22,0.0,1.6405311606211317,0,5,0,152.01878,False,False,False,22.727272727272727,0.0,0.0,0.0,1.6405311606211317
2023-01-25 06:00:00,2023-01-25,6,22,22,0.0,1.8673403256570729,0,5,0,152.01878,False,False,False,22.727272727272727,0.0,0.0,0.0,1.8673403256570729
2023-01-25 07:00:00,2023-01-25,7,22,22,1.56,1.754481747308664,0,5,2,152.01878,False,True,False,22.727272727272727,1.56,1.1249,0.0,0.629581747308664
2023-01-25 18:00:00,2023-01-25,18,22,22,0.0,1.6964316667313848,0,5,0,152.01878,False,False,False,22.727272727272727,0.0,0.0,0.0,1.6964316667313848
2023-01-25 19:00:00,2023-01-25,19,22,22,0.0,1.6405311606211317,0,5,0,152.01878,False,False,False,22.727272727272727,0.0,0.0,0.0,1.6405311606211317
2023-01-26 06:00:00,2023-01-26,6,22,22,0.0,1.8673403256570729,0,5,0,152.01878,False,False,False,22.727272727272727,0.0,0.0,0.0,1.8673403256570729
2023-01-26 07:00:00,2023-01-26,7,22,22,1.55,1.754481747308664,0,5,1,152.01878,False,True,False,22.727272727272727,1.55,1.1280000000000001,0.0,0.6264817473086639
2023-01-26 18:00:00,2023-01-26,18,22,22,0.0,1.6964316667313848,0,5,0,152.01878,False,False,False,22.727272727272727,0.0,0.0,0.0,1.6964316667313848
2023-01-26 19:00:00,2023-01-26,19,22,22,0.0,1.6405311606211317,0,5,0,152.01878,False,False,False,22.727272727272727,0.0,0.0,0.0,1.6405311606211317
2023-01-27 06:00:00,2023-01-27,6,22,22,0.0,1.8673403256570729,0,5,0,152.01878,False,False,False,22.727272727272727,0.0,0.0,0.0,1.8673403256570729
2023-01-27 07:00:00,2023-01-27,7,22,22,1.55,1.754481747308664,0,5,1,152.01878,False,True,False,22.727272727272727,1.55,1.1467,0.0,0.607781747308664
2023-01-27 18:00:00,2023-01-27,18,22,22,0.0,1.6964316667313848,0,5,0,152.01878,False,False,False,22.727272727272727,0.0,0.0,0.0,1.6964316667313848
2023-01-27 19:00:00,2023-01-27,19,22,22,0.0,1.6405311606211317,0,5,0,152.01878,False,False,False,22.727272727272727,0.0,0.0,0.0,1.6405311606211317
2023-01-28 06:00:00,2023-01-28,6,22,22,0.0,1.8673403256570729,0,5,0,152.01878,False,False,False,22.727272727272727,0.0,0.0,0.0,1.8673403256570729
2023-01-28 07:00:00,2023-01-28,7,22,22,1.56,1.754481747308664,0,5,1,152.01878,False,True,False,22.727272727272727,1.56,1.219,0.0,0.5354817473086639
2023-01-28 18:00:00,2023-01-28,18,22,22,0.0,1.6964316667313848,0,5,0,152.01878,False,False,False,22.727272727272727,0.0,0.0,0.0,1.6964316667313848
2023-01-28 19:00:00,2023-01-28,19,22,22,0.0,1.6405311606211317,0,5,0,152.01878,False,False,False,22.727272727272727,0.0,0.0,0.0,1.6405311606211317
2023-01-29 06:00:00,2023-01-29,6,22,22,0.0,1.8673403256570729,0,5,0,152.01878,False,False,False,22.727272727272727,0.0,0.0,0.0,1.8673403256570729
2023-01-29 07:00:00,2023-01-29,7,22,22,1.57,1.754481747308664,0,5,2,152.01878,False,True,False,22.727272727272727,1.57,1.5912000000000002,0.0,0.16328174730866385
2023-01-29 18:00:00,2023-01-29,18,22,22,0.0,1.6964316667313848,0,5,0,152.01878,False,False,False,22.727272727272727,0.0,0.0,0.0,1.6964316667313848
2023-01-29 19:00:00,2023-01-29,19,22,22,0.0,1.6405311606211317,0,5,0,152.01878,False,False,False,22.727272727272727,0.0,0.0,0.0,1.6405311606211317
2023-01-30 06:00:00,2023-01-30,6,22,22,0.0,1.8673403256570729,0,5,0,152.01878,False,False,False,22.727272727272727,0.0,0.0,0.0,1.8673403256570729
2023-01-30 07:00:00,2023-01-30,7,22,22,1.55,1.754481747308664,0,5,1,152.01878,False,True,False,22.727272727272727,1.55,1.6594,0.0,0.09508174730866403
2023-01-30 18:00:00,2023-01-30,18,22,22,0.0,1.6964316667313848,0,5,0,152.01878,False,False,False,22.727272727272727,0.0,0.0,0.0,1.6964316667313848
2023-01-30 19:00:00,2023-01-30,19,22,22,0.0,1.6405311606211317,0,5,0,152.01878,False,False,False,22.727272727272727,0.0,0.0,0.0,1.6405311606211317
2023-01-31 06:00:00,2023-01-31,6,22,22,0.0,1.8673403256570729,0,5,0,152.01878,False,False,False,22.727272727272727,0.0,0.0,0.0,1.8673403256570729
2023-01-31 07:00:00,2023-01-31,7,22,22,1.57,1.754481747308664,0,5,2,152.01878,False,True,False,22.727272727272727,1.57,1.499,0.0,0.2554817473086639
2023-01-31 18:00:00,2023-01-31,18,22,22,0.0,1.6964316667313848,0,5,0,152.01878,False,False,False,22.727272727272727,0.0,0.0,0.0,1.6964316667313848
2023-01-31 19:00:00,2023-01-31,19,22,22,0.0,1.6405311606211317,0,5,0,152.01878,False,False,False,22.727272727272727,0.0,0.0,0.0,1.6405311606211317
2023-02-01 06:00:00,2023-02-01,6,22,22,0.0,1.8673403256570729,0,5,0,152.01878,False,False,False,22.727272727272727,0.0,0.0,0.0,1.8673403256570729
2023-02-01 07:00:00,2023-02-01,7,22,22,1.55,1.754481747308664,0,5,1,152.01878,False,True,False,22.727272727272727,1.55,1.7076,0.0,0.04688174730866401
2023-02-01 18:00:00,2023-02-01,18,22,22,0.0,1.6964316667313848,0,5,0,152.01878,False,False,False,22.727272727272727,0.0,0.0,0.0,1.6964316667313848
2023-02-01 19:00:00,2023-02-01,19,22,22,0.0,1.6405311606211317,0,5,0,152.01878,False,False,False,22.727272727272727,0.0,0.0,0.0,1.6405311606211317
2023-02-02 06:00:00,2023-02-02,6,22,22,0.0,1.8673403256570729,0,5,0,152.01878,False,False,False,22.727272727272727,0.0,0.0,0.0,1.8673403256570729
2023-02-02 07:00:00,2023-02-02,7,22,22,1.56,1.754481747308664,0,5,2,152.01878,False,True,False,22.727272727272727,1.56,1.6998000000000002,0.0,0.05468174730866382
2023-02-02 18:00:00,2023-02-02,18,22,22,0.0,1.6964316667313848,0,5,0,152.01878,False,False,False,22.727272727272727,0.0,0.0,0.0,1.6964316667313848
2023-02-02 19:00:00,2023-02-02,19,22,22,0.0,1.6405311606211317,0,5,0,152.01878,False,False,False,22.727272727272727,0.0,0.0,0.0,1.6405311606211317
2023-02-03 06:00:00,2023-02-03,6,22,22,0.0,1.8673403256570729,0,5,0,152.01878,False,False,False,22.727272727272727,0.0,0.0,0.0,1.8673403256570729
2023-02-03 07:00:00,2023-02-03,7,22,22,1.55,1.754481747308664,0,5,1,152.01878,False,True,False,22.727272727272727,1.55,1.8128000000000002,0.0,-0.05831825269133617
2023-02-03 18:00:00,2023-02-03,18,22,22,0.0,1.6964316667313848,0,5,0,152.01878,False,False,False,22.727272727272727,0.0,0.0,0.0,1.6964316667313848
2023-02-03 19:00:00,2023-02-03,19,22,22,0.0,1.6405311606211317,0,5,0,152.01878,False,False,False,22.727272727272727,0.0,0.0,0.0,1.6405311606211317
2023-02-04 06:00:00,2023-02-04,6,22,22,0.0,1.8673403256570729,0,5,0,152.01878,False,False,False,22.727272727272727,0.0,0.0,0.0,1.8673403256570729
2023-02-04 07:00:00,2023-02-04,7,22,22,1.55,1.754481747308664,0,5,1,152.01878,False,True,False,22.727272727272727,1.55,1.9257,0.0,-0.17121825269133595
2023-02-04 18:00:00,2023-02-04,18,22,22,0.0,1.6964316667313848,0,5,0,152.01878,False,False,False,22.727272727272727,0.0,0.0,0.0,1.6964316667313848
2023-02-04 19:00:00,2023-02-04,19,22,22,0.0,1.6405311606211317,0,5,0,152.01878,False,False,False,22.727272727272727,0.0,0.0,0.0,1.6405311606211317
2023-02-05 06:00:00,2023-02-05,6,22,22,0.0,1.8673403256570729,0,5,0,152.01878,False,False,False,22.727272727272727,0.0,0.0,0.0,1.8673403256570729
2023-02-05 07:00:00,2023-02-05,7,22,22,1.55,1.754481747308664,0,5,1,152.01878,False,True,False,22.727272727272727,1.55,1.9514,0.0,-0.196918252691336
2023-02-05 18:00:00,2023-02-05,18,22,22,0.0,1.6964316667313848,0,5,0,152.01878,False,False,False,22.727272727272727,0.0,0.0,0.0,1.6964316667313848
2023-02-05 19:00:00,2023-02-05,19,22,22,0.0,1.6405311606211317,0,5,0,152.01878,False,False,False,22.727272727272727,0.0,0.0,0.0,1.6405311606211317
2023-02-06 06:00:00,2023-02-06,6,22,22,0.0,1.8673403256570729,0,5,0,152.01878,False,False,False,22.727272727272727,0.0,0.0,0.0,1.8673403256570729
2023-02-06 07:00:00,2023-02-06,7,22,22,1.56,1.754481747308664,0,5,2,152.01878,False,True,False,22.727272727272727,1.56,1.6009,0.0,0.15358174730866403
2023-02-06 18:00:00,2023-02-06,18,22,22,0.0,1.6964316667313848,0,5,0,152.01878,False,False,False,22.727272727272727,0.0,0.0,0.0,1.6964316667313848
2023-02-06 19:00:00,2023-02-06,19,22,22,0.0,1.6405311606211317,0,5,0,152.01878,False,False,False,22.727272727272727,0.0,0.0,0.0,1.6405311606211317
2023-02-07 06:00:00,2023-02-07,6,22,22,0.0,1.8673403256570729,0,5,0,152.01878,False,False,False,22.727272727272727,0.0,0.0,0.0,1.8673403256570729
2023-02-07 07:00:00,2023-02-07,7,22,22,1.55,1.754481747308664,0,5,1,152.01878,False,True,False,22.727272727272727,1.55,1.7484000000000002,0.0,0.006081747308663843
2023-02-07 18:00:00,2023-02-07,18,22,22,0.0,1.6964316667313848,0,5,0,152.01878,False,False,False,22.727272727272727,0.0,0.0,0.0,1.6964316667313848
2023-02-07 19:00:00,2023-02-07,19,22,22,0.0,1.6405311606211317,0,5,0,152.01878,False,False,False,22.727272727272727,0.0,0.0,0.0,1.6405311606211317
2023-02-08 06:00:00,2023-02-08,6,22,22,0.0,1.8673403256570729,0,5,0,152.01878,False,False,False,22.727272727272727,0.0,0.0,0.0,1.8673403256570729
2023-02-08 07:00:00,2023-02-08,7,22,22,1.55,1.754481747308664,0,5,1,152.01878,False,True,False,22.727272727272727,1.55,1.8954,0.0,-0.14091825269133595
2023-02-08 18:00:00,2023-02-08,18,22,22,0.0,1.6964316667313848,0,5,0,152.01878,False,False,False,22.727272727272727,0.0,0.0,0.0,1.6964316667313848
2023-02-08 19:00:00,2023-02-08,19,22,22,0.0,1.6405311606211317,0,5,0,152.01878,False,False,False,22.727272727272727,0.0,0.0,0.0,1.6405311606211317
2023-02-09 06:00:00,2023-02-09,6,22,22,0.0,1.8673403256570729,0,5,0,152.01878,False,False,False,22.727272727272727,0.0,0.0,0.0,1.8673403256570729
2023-02-09 07:00:00,2023-02-09,7,22,22,1.55,1.754481747308664,0,5,1,152.01878,False,True,False,22.727272727272727,1.55,1.8193000000000001,0.0,-0.06481825269133612
2023-02-09 18:00:00,2023-02-09,18,22,22,0.0,1.6964316667313848,0,5,0,152.01878,False,False,False,22.727272727272727,0.0,0.0,0.0,1.6964316667313848
2023-02-09 19:00:00,2023-02-09,19,22,22,0.0,1.6405311606211317,0,5,0,152.01878,False,False,False,22.727272727272727,0.0,0.0,0.0,1.6405311606211317
2023-02-10 06:00:00,2023-02-10,6,22,22,0.0,1.8673403256570729,0,5,0,152.01878,False,False,False,22.727272727272727,0.0,0.0,0.0,1.8673403256570729
2023-02-10 07:00:00,2023-02-10,7,22,22,1.55,1.754481747308664,0,5,1,152.01878,False,True,False,22.727272727272727,1.55,2.2339,0.0,-0.4794182526913362
2023-02-10 18:00:00,2023-02-10,18,22,22,0.0,1.6964316667313848,0,5,0,152.01878,False,False,False,22.727272727272727,0.0,0.0,0.0,1.6964316667313848
2023-02-10 19:00:00,2023-02-10,19,22,22,0.0,1.6405311606211317,0,5,0,152.01878,False,False,False,22.727272727272727,0.0,0.0,0.0,1.6405311606211317
2023-02-11 06:00:00,2023-02-11,6,22,22,0.0,1.8673403256570729,0,5,0,152.01878,False,False,False,22.727272727272727,0.0,0.0,0.0,1.8673403256570729
2023-02-11 07:00:00,2023-02-11,7,22,22,1.55,1.754481747308664,0,5,1,152.01878,False,True,False,22.727272727272727,1.55,1.8268,0.0,-0.07231825269133596
2023-02-11 18:00:00,2023-02-11,18,22,22,0.0,1.6964316667313848,0,5,0,152.01878,False,False,False,22.727272727272727,0.0,0.0,0.0,1.6964316667313848
2023-02-11 19:00:00,2023-02-11,19,22,22,0.0,1.6405311606211317,0,5,0,152.01878,False,False,False,22.727272727272727,0.0,0.0,0.0,1.6405311606211317
2023-02-12 06:00:00,2023-02-12,6,22,22,0.0,1.8673403256570729,0,5,0,152.01878,False,False,False,22.727272727272727,0.0,0.0,0.0,1.8673403256570729
2023-02-12 07:00:00,2023-02-12,7,22,22,1.55,1.754481747308664,0,5,1,152.01878,False,True,False,22.727272727272727,1.55,1.7683,0.0,-0.013818252691335964
2023-02-12 18:00:00,2023-02-12,18,22,22,0.0,1.6964316667313848,0,5,0,152.01878,False,False,False,22.727272727272727,0.0,0.0,0.0,1.6964316667313848
2023-02-12 19:00:00,2023-02-12,19,22,22,0.0,1.6405311606211317,0,5,0,152.01878,False,False,False,22.727272727272727,0.0,0.0,0.0,1.6405311606211317
2023-02-13 06:00:00,2023-02-13,6,22,22,0.0,1.8673403256570729,0,5,0,152.01878,False,False,False,22.727272727272727,0.0,0.0,0.0,1.8673403256570729
2023-02-13 07:00:00,2023-02-13,7,22,22,1.56,1.754481747308664,0,5,2,152.01878,False,True,False,22.727272727272727,1.56,2.6942,0.0,-0.9397182526913359
2023-02-13 18:00:00,2023-02-13,18,22,22,0.0,1.6964316667313848,0,5,0,152.01878,False,False,False,22.727272727272727,0.0,0.0,0.0,1.6964316667313848
2023-02-13 19:00:00,2023-02-13,19,22,22,0.0,1.6405311606211317,0,5,0,152.01878,False,False,False,22.727272727272727,0.0,0.0,0.0,1.6405311606211317
2023-02-14 06:00:00,2023-02-14,6,22,22,0.0,1.8673403256570729,0,5,0,152.01878,False,False,False,22.727272727272727,0.0,0.0,0.0,1.8673403256570729
2023-02-14 07:00:00,2023-02-14,7,22,22,2.05,1.754481747308664,0,5,8,152.01878,False,True,False,22.727272727272727,2.05,2.8006,0.0,-1.0461182526913362
2023-02-14 18:00:00,2023-02-14,18,22,22,0.0,1.6964316667313848,0,5,0,152.01878,False,False,False,22.727272727272727,0.0,0.0,0.0,1.6964316667313848
2023-02-14 19:00:00,2023-02-14,19,22,22,0.0,1.6405311606211317,0,5,0,152.01878,False,False,False,22.727272727272727,0.0,0.0,0.0,1.6405311606211317
2023-02-15 06:00:00,2023-02-15,6,22,22,0.0,1.8673403256570729,0,5,0,152.01878,False,False,False,22.727272727272727,0.0,0.0,0.0,1.8673403256570729
2023-02-15 07:00:00,2023-02-15,7,22,22,2.45,1.754481747308664,0,5,13,152.01878,False,True,False,22.727272727272727,2.45,2.824,0.0,-1.0695182526913358
2023-02-15 18:00:00,2023-02-15,18,22,22,1.62,1.6964316667313848,0,5,4,152.01878,False,True,False,22.727272727272727,1.62,0.0,0.0,1.6964316667313848
2023-02-15 19:00:00,2023-02-15,19,22,22,0.0,1.6405311606211317,0,5,0,152.01878,False,False,False,22.727272727272727,0.0,0.0,0.0,1.6405311606211317
2023-02-16 06:00:00,2023-02-16,6,22,22,0.0,1.8673403256570729,0,5,0,152.01878,False,False,False,22.727272727272727,0.0,0.0,0.0,1.8673403256570729
2023-02-16 07:00:00,2023-02-16,7,22,22,2.39,1.754481747308664,0,5,13,152.01878,False,True,False,22.727272727272727,2.39,2.7297000000000002,0.0,-0.9752182526913362
2023-02-16 18:00:00,2023-02-16,18,22,22,1.56,1.6964316667313848,0,5,3,152.01878,False,True,False,22.727272727272727,1.56,0.0,0.0,1.6964316667313848
2023-02-16 19:00:00,2023-02-16,19,22,22,0.0,1.6405311606211317,0,5,0,152.01878,False,False,False,22.727272727272727,0.0,0.0,0.0,1.6405311606211317
2023-02-17 06:00:00,2023-02-17,6,22,22,0.0,1.8673403256570729,0,5,0,152.01878,False,False,False,22.727272727272727,0.0,0.0,0.0,1.8673403256570729
2023-02-17 07:00:00,2023-02-17,7,22,22,1.59,1.754481747308664,0,5,3,152.01878,False,True,False,22.727272727272727,1.5899999999999999,2.6961,2.220446049250313e-16,-0.9416182526913359
2023-02-17 18:00:00,2023-02-17,18,22,22,1.84,1.6964316667313848,0,5,2,152.01878,False,True,False,22.727272727272727,1.8399999999999999,0.0,2.220446049250313e-16,1.6964316667313848
2023-02-17 19:00:00,2023-02-17,19,22,22,0.0,1.6405311606211317,0,5,0,152.01878,False,False,False,22.727272727272727,0.0,0.0,0.0,1.6405311606211317
2023-02-18 06:00:00,2023-02-18,6,22,22,0.0,1.8673403256570729,0,5,0,152.01878,False,False,False,22.727272727272727,0.0,0.0,0.0,1.8673403256570729
2023-02-18 07:00:00,2023-02-18,7,22,22,1.55,1.754481747308664,0,5,1,152.01878,False,True,False,22.727272727272727,1.55,2.0481,0.0,-0.2936182526913358
2023-02-18 18:00:00,2023-02-18,18,22,22,1.8399999999999999,1.6964316667313848,0,5,2,152.01878,False,True,False,22.727272727272727,1.8399999999999999,0.0,0.0,1.6964316667313848
2023-02-18 19:00:00,2023-02-18,19,22,22,0.0,1.6405311606211317,0,5,0,152.01878,False,False,False,22.727272727272727,0.0,0.0,0.0,1.6405311606211317
2023-02-19 06:00:00,2023-02-19,6,22,22,0.0,1.8673403256570729,0,5,0,152.01878,False,False,False,22.727272727272727,0.0,0.0,0.0,1.8673403256570729
2023-02-19 07:00:00,2023-02-19,7,22,22,2.41,1.754481747308664,0,5,13,152.01878,False,True,False,22.727272727272727,2.41,3.5178000000000003,0.0,-1.7633182526913362
2023-02-19 18:00:00,2023-02-19,18,22,22,1.58,1.6964316667313848,0,5,3,152.01878,False,True,False,22.727272727272727,1.58,0.0,0.0,1.6964316667313848
2023-02-19 19:00:00,2023-02-19,19,22,22,0.0,1.6405311606211317,0,5,0,152.01878,False,False,False,22.727272727272727,0.0,0.0,0.0,1.6405311606211317
2023-02-20 06:00:00,2023-02-20,6,22,22,0.0,1.8673403256570729,0,5,0,152.01878,False,False,False,22.727272727272727,0.0,0.0,0.0,1.8673403256570729
2023-02-20 07:00:00,2023-02-20,7,22,22,2.7600000000000002,1.754481747308664,0,5,14,152.01878,False,True,False,22.727272727272727,2.76,3.3402,4.440892098500626e-16,-1.5857182526913358
2023-02-20 18:00:00,2023-02-20,18,22,22,3.93,1.6964316667313848,0,5,4,152.01878,False,True,False,22.727272727272727,3.93,0.0,0.0,1.6964316667313848
2023-02-20 19:00:00,2023-02-20,19,22,22,0.0,1.6405311606211317,0,5,0,152.01878,False,False,False,22.727272727272727,0.0,0.0,0.0,1.6405311606211317
2023-02-21 06:00:00,2023-02-21,6,22,22,0.0,1.8673403256570729,0,5,0,152.01878,False,False,False,22.727272727272727,0.0,0.0,0.0,1.8673403256570729
2023-02-21 07:00:00,2023-02-21,7,22,22,1.7400000000000002,1.754481747308664,0,5,7,152.01878,False,True,False,22.727272727272727,1.74,3.2654,2.220446049250313e-16,-1.510918252691336
2023-02-21 18:00:00,2023-02-21,18,22,22,1.59,1.6964316667313848,0,5,4,152.01878,False,True,False,22.727272727272727,1.5899999999999999,0.0,2.220446049250313e-16,1.6964316667313848
2023-02-21 19:00:00,2023-02-21,19,22,22,0.0,1.6405311606211317,0,5,0,152.01878,False,False,False,22.727272727272727,0.0,0.0,0.0,1.6405311606211317
2023-02-22 06:00:00,2023-02-22,6,22,22,0.0,1.8673403256570729,0,5,0,152.01878,False,False,False,22.727272727272727,0.0,0.0,0.0,1.8673403256570729
2023-02-22 07:00:00,2023-02-22,7,22,22,2.59,1.754481747308664,0,5,13,152.01878,False,True,False,22.727272727272727,2.59,2.4782,0.0,-0.7237182526913362
2023-02-22 18:00:00,2023-02-22,18,22,22,1.84,1.6964316667313848,0,5,4,152.01878,False,True,False,22.727272727272727,1.8399999999999999,0.0,2.220446049250313e-16,1.6964316667313848
2023-02-22 19:00:00,2023-02-22,19,22,22,0.0,1.6405311606211317,0,5,0,152.01878,False,False,False,22.727272727272727,0.0,0.0,0.0,1.6405311606211317
2023-02-23 06:00:00,2023-02-23,6,22,22,0.0,1.8673403256570729,0,5,0,152.01878,False,False,False,22.727272727272727,0.0,0.0,0.0,1.8673403256570729
2023-02-23 07:00:00,2023-02-23,7,22,22,4.07,1.754481747308664,0,5,17,152.01878,False,True,False,22.727272727272727,4.07,2.7896,0.0,-1.035118252691336
2023-02-23 18:00:00,2023-02-23,18,22,22,1.56,1.6964316667313848,0,5,2,152.01878,False,True,False,22.727272727272727,1.56,0.0,0.0,1.6964316667313848
2023-02-23 19:00:00,2023-02-23,19,22,22,0.0,1.6405311606211317,0,5,0,152.01878,False,False,False,22.727272727272727,0.0,0.0,0.0,1.6405311606211317
2023-02-24 06:00:00,2023-02-24,6,22,22,0.0,1.8673403256570729,0,5,0,152.01878,False,False,False,22.727272727272727,0.0,0.0,0.0,1.8673403256570729
2023-02-24 07:00:00,2023-02-24,7,22,22,3.45,1.754481747308664,0,5,19,152.01878,False,True,False,22.727272727272727,3.45,3.1819,0.0,-1.4274182526913362
2023-02-24 18:00:00,2023-02-24,18,22,22,1.6,1.6964316667313848,0,5,4,152.01878,False,True,False,22.727272727272727,1.6,0.0,0.0,1.6964316667313848
2023-02-24 19:00:00,2023-02-24,19,22,22,0.0,1.6405311606211317,0,5,0,152.01878,False,False,False,22.727272727272727,0.0,0.0,0.0,1.6405311606211317
2023-02-25 06:00:00,2023-02-25,6,22,22,0.0,1.8673403256570729,0,5,0,152.01878,False,False,False,22.727272727272727,0.0,0.0,0.0,1.8673403256570729
2023-02-25 07:00:00,2023-02-25,7,22,22,3.9299999999999997,1.754481747308664,0,5,18,152.01878,False,True,False,22.727272727272727,3.93,3.5953,-4.440892098500626e-16,-1.840818252691336
2023-02-25 18:00:00,2023-02-25,18,22,22,1.76,1.6964316667313848,0,5,7,152.01878,False,True,False,22.727272727272727,1.76,0.0,0.0,1.6964316667313848
2023-02-25 19:00:00,2023-02-25,19,22,22,0.0,1.6405311606211317,0,5,0,152.01878,False,False,False,22.727272727272727,0.0,0.0,0.0,1.6405311606211317
2023-02-26 06:00:00,2023-02-26,6,22,22,0.0,1.8673403256570729,0,5,0,152.01878,False,False,False,22.727272727272727,0.0,0.0,0.0,1.8673403256570729
2023-02-26 07:00:00,2023-02-26,7,22,22,3.71,1.754481747308664,0,5,17,152.01878,False,True,False,22.727272727272727,3.71,3.8216,0.0,-2.067118252691336
2023-02-26 18:00:00,2023-02-26,18,22,22,1.7400000000000002,1.6964316667313848,0,5,6,152.01878,False,True,False,22.727272727272727,1.74,0.0,2.220446049250313e-16,1.6964316667313848
2023-02-26 19:00:00,2023-02-26,19,22,22,0.0,1.6405311606211317,0,5,0,152.01878,False,False,False,22.727272727272727,0.0,0.0,0.0,1.6405311606211317
2023-02-27 06:00:00,2023-02-27,6,22,22,0.0,1.8673403256570729,0,5,0,152.01878,False,False,False,22.727272727272727,0.0,0.0,0.0,1.8673403256570729
2023-02-27 07:00:00,2023-02-27,7,22,22,4.16,1.754481747308664,0,5,20,152.01878,False,True,False,22.727272727272727,4.16,3.8698,0.0,-2.115318252691336
2023-02-27 18:00:00,2023-02-27,18,22,22,1.84,1.6964316667313848,0,5,10,152.01878,False,True,False,22.727272727272727,1.8399999999999999,0.0,2.220446049250313e-16,1.6964316667313848
2023-02-27 19:00:00,2023-02-27,19,22,22,0.0,1.6405311606211317,0,5,0,152.01878,False,False,False,22.727272727272727,0.0,0.0,0.0,1.6405311606211317
2023-02-28 06:00:00,2023-02-28,6,22,22,0.0,1.8673403256570729,0,5,0,152.01878,False,False,False,22.727272727272727,0.0,0.0,0.0,1.8673403256570729
2023-02-28 07:00:00,2023-02-28,7,22,22,4.45,1.754481747308664,0,5,19,152.01878,False,True,False,22.727272727272727,4.45,3.6891,0.0,-1.9346182526913358
2023-02-28 18:00:00,2023-02-28,18,22,22,1.7100000000000002,1.6964316667313848,0,5,5,152.01878,False,True,False,22.727272727272727,1.71,0.0,2.220446049250313e-16,1.6964316667313848
2023-02-28 19:00:00,2023-02-28,19,22,22,0.0,1.6405311606211317,0,5,0,152.01878,False,False,False,22.727272727272727,0.0,0.0,0.0,1.6405311606211317
2023-03-01 06:00:00,2023-03-01,6,22,22,0.0,1.8673403256570729,0,5,0,152.01878,False,False,False,22.727272727272727,0.0,0.0,0.0,1.8673403256570729
2023-03-01 07:00:00,2023-03-01,7,22,22,3.5300000000000002,1.754481747308664,0,5,19,152.01878,False,True,False,22.727272727272727,3.5300000000000002,6.8604,0.0,-5.105918252691336
2023-03-01 18:00:00,2023-03-01,18,22,22,1.9600000000000002,1.6964316667313848,0,5,8,152.01878,False,True,False,22.727272727272727,1.96,0.0,2.220446049250313e-16,1.6964316667313848
2023-03-01 19:00:00,2023-03-01,19,22,22,0.0,1.6405311606211317,0,5,0,152.01878,False,False,False,22.727272727272727,0.0,0.0,0.0,1.6405311606211317
2023-03-02 06:00:00,2023-03-02,6,22,22,0.0,1.8673403256570729,0,5,0,152.01878,False,False,False,22.727272727272727,0.0,0.0,0.0,1.8673403256570729
2023-03-02 07:00:00,2023-03-02,7,22,22,4.71,1.754481747308664,0,5,20,152.01878,False,True,False,22.727272727272727,4.71,7.1112,0.0,-5.356718252691336
2023-03-02 18:00:00,2023-03-02,18,22,22,1.83,1.6964316667313848,0,5,7,152.01878,False,True,False,22.727272727272727,1.83,0.0,0.0,1.6964316667313848
2023-03-02 19:00:00,2023-03-02,19,22,22,0.0,1.6405311606211317,0,5,0,152.01878,False,False,False,22.727272727272727,0.0,0.0,0.0,1.6405311606211317
2023-03-03 06:00:00,2023-03-03,6,22,22,0.0,1.8673403256570729,0,5,0,152.01878,False,False,False,22.727272727272727,0.0,0.0,0.0,1.8673403256570729
2023-03-03 07:00:00,2023-03-03,7,22,22,3.8200000000000003,1.754481747308664,0,5,17,152.01878,False,True,False,22.727272727272727,3.8200000000000003,6.7502,0.0,-4.995718252691336
2023-03-03 18:00:00,2023-03-03,18,22,22,1.8699999999999999,1.6964316667313848,0,5,9,152.01878,False,True,False,22.727272727272727,1.87,0.0,-2.220446049250313e-16,1.6964316667313848
2023-03-03 19:00:00,2023-03-03,19,22,22,0.0,1.6405311606211317,0,5,0,152.01878,False,False,False,22.727272727272727,0.0,0.0,0.0,1.6405311606211317
2023-03-04 06:00:00,2023-03-04,6,22,22,0.0,1.8673403256570729,0,5,0,152.01878,False,False,False,22.727272727272727,0.0,0.0,0.0,1.8673403256570729
2023-03-04 07:00:00,2023-03-04,7,22,22,4.32,1.754481747308664,0,5,21,152.01878,False,True,False,22.727272727272727,4.32,6.9836,0.0,-5.229118252691336
2023-03-04 18:00:00,2023-03-04,18,22,22,2.22,1.6964316667313848,0,5,10,152.01878,False,True,False,22.727272727272727,2.22,0.0,0.0,1.6964316667313848
2023-03-04 19:00:00,2023-03-04,19,22,22,0.0,1.6405311606211317,0,5,0,152.01878,False,False,False,22.727272727272727,0.0,0.0,0.0,1.6405311606211317
2023-03-05 06:00:00,2023-03-05,6,22,22,0.0,1.8673403256570729,0,5,0,152.01878,False,False,False,22.727272727272727,0.0,0.0,0.0,1.8673403256570729
2023-03-05 07:00:00,2023-03-05,7,22,22,4.45,1.754481747308664,0,5,19,152.01878,False,True,False,22.727272727272727,4.45,7.2534,0.0,-5.498918252691336
2023-03-05 18:00:00,2023-03-05,18,22,22,1.9,1.6964316667313848,0,5,11,152.01878,False,True,False,22.727272727272727,1.9,0.0,0.0,1.6964316667313848
2023-03-05 19:00:00,2023-03-05,19,22,22,0.0,1.6405311606211317,0,5,0,152.01878,False,False,False,22.727272727272727,0.0,0.0,0.0,1.6405311606211317
2023-03-06 06:00:00,2023-03-06,6,22,22,0.0,1.8673403256570729,0,5,0,152.01878,False,False,False,22.727272727272727,0.0,0.0,0.0,1.8673403256570729
2023-03-06 07:00:00,2023-03-06,7,22,22,4.82,1.754481747308664,0,5,19,152.01878,False,True,False,22.727272727272727,4.82,7.4346,0.0,-5.680118252691336
2023-03-06 18:00:00,2023-03-06,18,22,22,1.77,1.6964316667313848,0,5,11,152.01878,False,True,False,22.727272727272727,1.77,0.0,0.0,1.6964316667313848
2023-03-06 19:00:00,2023-03-06,19,22,22,0.0,1.6405311606211317,0,5,0,152.01878,False,False,False,22.727272727272727,0.0,0.0,0.0,1.6405311606211317
2023-03-07 06:00:00,2023-03-07,6,22,22,0.0,1.8673403256570729,0,5,0,152.01878,False,False,False,22.727272727272727,0.0,0.0,0.0,1.8673403256570729
2023-03-07 07:00:00,2023-03-07,7,22,22,5.05,1.754481747308664,0,5,21,152.01878,False,True,False,22.727272727272727,5.05,7.5474,0.0,-5.792918252691336
2023-03-07 18:00:00,2023-03-07,18,22,22,1.8400000000000003,1.6964316667313848,0,5,10,152.01878,False,True,False,22.727272727272727,1.8399999999999999,0.0,4.440892098500626e-16,1.6964316667313848
2023-03-07 19:00:00,2023-03-07,19,22,22,0.0,1.6405311606211317,0,5,0,152.01878,False,False,False,22.727272727272727,0.0,0.0,0.0,1.6405311606211317
2023-03-08 06:00:00,2023-03-08,6,22,22,0.0,1.8673403256570729,0,5,0,152.01878,False,False,False,22.727272727272727,0.0,0.0,0.0,1.8673403256570729
2023-03-08 07:00:00,2023-03-08,7,22,22,5.08,1.754481747308664,0,5,21,152.01878,False,True,False,22.727272727272727,5.08,7.5918,0.0,-5.837318252691336
2023-03-08 18:00:00,2023-03-08,18,22,22,1.88,1.6964316667313848,0,5,9,152.01878,False,True,False,22.727272727272727,1.88,0.0,0.0,1.6964316667313848
2023-03-08 19:00:00,2023-03-08,19,22,22,0.0,1.6405311606211317,0,5,0,152.01878,False,False,False,22.727272727272727,0.0,0.0,0.0,1.6405311606211317
2023-03-09 06:00:00,2023-03-09,6,22,22,0.0,1.8673403256570729,0,5,0,152.01878,False,False,False,22.727272727272727,0.0,0.0,0.0,1.8673403256570729
2023-03-09 07:00:00,2023-03-09,7,22,22,6.35,1.754481747308664,0,5,21,152.01878,False,True,False,22.727272727272727,6.35,8.0972,0.0,-6.342718252691337
2023-03-09 18:00:00,2023-03-09,18,22,22,4.12,1.6964316667313848,0,5,14,152.01878,False,True,False,22.727272727272727,4.12,0.0,0.0,1.6964316667313848
2023-03-09 19:00:00,2023-03-09,19,22,22,0.0,1.6405311606211317,0,5,0,152.01878,False,False,False,22.727272727272727,0.0,0.0,0.0,1.6405311606211317
2023-03-10 06:00:00,2023-03-10,6,22,22,0.0,1.8673403256570729,0,5,0,152.01878,False,False,False,22.727272727272727,0.0,0.0,0.0,1.8673403256570729
2023-03-10 07:00:00,2023-03-10,7,22,22,6.43,1.754481747308664,0,5,20,152.01878,False,True,False,22.727272727272727,6.43,8.7373,0.0,-6.982818252691335
2023-03-10 18:00:00,2023-03-10,18,22,22,1.8400000000000003,1.6964316667313848,0,5,10,152.01878,False,True,False,22.727272727272727,1.8399999999999999,0.0,4.440892098500626e-16,1.6964316667313848
2023-03-10 19:00:00,2023-03-10,19,22,22,0.0,1.6405311606211317,0,5,0,152.01878,False,False,False,22.727272727272727,0.0,0.0,0.0,1.6405311606211317
2023-03-11 06:00:00,2023-03-11,6,22,22,0.0,1.8673403256570729,0,5,0,152.01878,False,False,False,22.727272727272727,0.0,0.0,0.0,1.8673403256570729
2023-03-11 07:00:00,2023-03-11,7,22,22,5.39,1.754481747308664,0,5,21,152.01878,False,True,False,22.727272727272727,5.39,6.8041,0.0,-5.049618252691336
2023-03-11 18:00:00,2023-03-11,18,22,22,1.87,1.6964316667313848,0,5,12,152.01878,False,True,False,22.727272727272727,1.87,0.0,0.0,1.6964316667313848
2023-03-11 19:00:00,2023-03-11,19,22,22,0.0,1.6405311606211317,0,5,0,152.01878,False,False,False,22.727272727272727,0.0,0.0,0.0,1.6405311606211317
2023-03-12 06:00:00,2023-03-12,6,22,22,0.0,1.8673403256570729,0,5,0,152.01878,False,False,False,22.727272727272727,0.0,0.0,0.0,1.8673403256570729
2023-03-12 07:00:00,2023-03-12,7,22,22,3.92,1.754481747308664,0,5,18,152.01878,False,True,False,22.727272727272727,3.92,8.731300000000001,0.0,-6.976818252691337
2023-03-12 18:00:00,2023-03-12,18,22,22,2.1799999999999997,1.6964316667313848,0,5,14,152.01878,False,True,False,22.727272727272727,2.18,0.0,-4.440892098500626e-16,1.6964316667313848
2023-03-12 19:00:00,2023-03-12,19,22,22,0.0,1.6405311606211317,0,5,0,152.01878,False,False,False,22.727272727272727,0.0,0.0,0.0,1.6405311606211317
2023-03-13 06:00:00,2023-03-13,6,22,22,0.0,1.8673403256570729,0,5,0,152.01878,False,False,False,22.727272727272727,0.0,0.0,0.0,1.8673403256570729
2023-03-13 07:00:00,2023-03-13,7,22,22,8.92,1.754481747308664,0,5,21,152.01878,False,True,False,22.727272727272727,8.92,8.9151,0.0,-7.160618252691337
2023-03-13 18:00:00,2023-03-13,18,22,22,1.9200000000000002,1.6964316667313848,0,5,12,152.01878,False,True,False,22.727272727272727,1.92,0.0,2.220446049250313e-16,1.6964316667313848
2023-03-13 19:00:00,2023-03-13,19,22,22,0.0,1.6405311606211317,0,5,0,152.01878,False,False,False,22.727272727272727,0.0,0.0,0.0,1.6405311606211317
2023-03-14 06:00:00,2023-03-14,6,22,22,0.0,1.8673403256570729,0,5,0,152.01878,False,False,False,22.727272727272727,0.0,0.0,0.0,1.8673403256570729
2023-03-14 07:00:00,2023-03-14,7,22,22,8.59,1.754481747308664,0,5,20,152.01878,False,True,False,22.727272727272727,8.59,8.9589,0.0,-7.204418252691336
2023-03-14 18:00:00,2023-03-14,18,22,22,2.1100000000000003,1.6964316667313848,0,5,14,152.01878,False,True,False,22.727272727272727,2.11,0.0,4.440892098500626e-16,1.6964316667313848
2023-03-14 19:00:00,2023-03-14,19,22,22,0.0,1.6405311606211317,0,5,0,152.01878,False,False,False,22.727272727272727,0.0,0.0,0.0,1.6405311606211317
2023-03-15 06:00:00,2023-03-15,6,22,22,0.0,1.8673403256570729,0,5,0,152.01878,False,False,False,22.727272727272727,0.0,0.0,0.0,1.8673403256570729
2023-03-15 07:00:00,2023-03-15,7,22,22,6.99,1.754481747308664,0,5,21,152.01878,False,True,False,22.727272727272727,6.99,8.5602,0.0,-6.805718252691336
2023-03-15 18:00:00,2023-03-15,18,22,22,3.04,1.6964316667313848,0,5,15,152.01878,False,True,False,22.727272727272727,3.04,0.0,0.0,1.6964316667313848
2023-03-15 19:00:00,2023-03-15,19,22,22,0.0,1.6405311606211317,0,5,0,152.01878,False,False,False,22.727272727272727,0.0,0.0,0.0,1.6405311606211317
2023-03-16 06:00:00,2023-03-16,6,22,22,0.0,1.8673403256570729,0,5,0,152.01878,False,False,False,22.727272727272727,0.0,0.0,0.0,1.8673403256570729
2023-03-16 07:00:00,2023-03-16,7,22,22,7.4,1.754481747308664,0,5,20,152.01878,False,True,False,22.727272727272727,7.4,7.9945,0.0,-6.240018252691336
2023-03-16 18:00:00,2023-03-16,18,22,22,1.6,1.6964316667313848,0,5,4,152.01878,False,True,False,22.727272727272727,1.6,0.0534,0.0,1.643031666731385
2023-03-16 19:00:00,2023-03-16,19,22,22,0.0,1.6405311606211317,0,5,0,152.01878,False,False,False,22.727272727272727,0.0,0.0,0.0,1.6405311606211317
2023-03-17 06:00:00,2023-03-17,6,22,22,0.0,1.8673403256570729,0,5,0,152.01878,False,False,False,22.727272727272727,0.0,0.0,0.0,1.8673403256570729
2023-03-17 07:00:00,2023-03-17,7,22,22,1.8100000000000003,1.754481747308664,0,5,8,152.01878,False,True,False,22.727272727272727,1.81,7.3888,2.220446049250313e-16,-5.634318252691336
2023-03-17 18:00:00,2023-03-17,18,22,22,2.76,1.6964316667313848,0,5,16,152.01878,False,True,False,22.727272727272727,2.76,0.058600000000000006,0.0,1.6378316667313848
2023-03-17 19:00:00,2023-03-17,19,22,22,0.0,1.6405311606211317,0,5,0,152.01878,False,False,False,22.727272727272727,0.0,0.0,0.0,1.6405311606211317
2023-03-18 06:00:00,2023-03-18,6,22,22,0.0,1.8673403256570729,0,5,0,152.01878,False,False,False,22.727272727272727,0.0,0.0,0.0,1.8673403256570729
2023-03-18 07:00:00,2023-03-18,7,22,22,10.620000000000001,1.754481747308664,0,5,22,152.01878,False,True,False,22.727272727272727,10.62,9.0993,1.7763568394002505e-15,-7.3448182526913355
2023-03-18 18:00:00,2023-03-18,18,22,22,2.84,1.6964316667313848,0,5,18,152.01878,False,True,False,22.727272727272727,2.84,0.8569,0.0,0.8395316667313848
2023-03-18 19:00:00,2023-03-18,19,22,22,0.0,1.6405311606211317,0,5,0,152.01878,False,False,False,22.727272727272727,0.0,0.0,0.0,1.6405311606211317
2023-03-19 06:00:00,2023-03-19,6,22,22,0.0,1.8673403256570729,0,5,0,152.01878,False,False,False,22.727272727272727,0.0,0.0,0.0,1.8673403256570729
2023-03-19 07:00:00,2023-03-19,7,22,22,9.98,1.754481747308664,0,5,22,152.01878,False,True,False,22.727272727272727,9.98,9.667,0.0,-7.912518252691336
2023-03-19 18:00:00,2023-03-19,18,22,22,2.99,1.6964316667313848,0,5,18,152.01878,False,True,False,22.727272727272727,2.99,3.1489,0.0,-1.452468333268615
2023-03-19 19:00:00,2023-03-19,19,22,22,0.0,1.6405311606211317,0,5,0,152.01878,False,False,False,22.727272727272727,0.0,0.0,0.0,1.6405311606211317
2023-03-20 06:00:00,2023-03-20,6,22,22,0.0,1.8673403256570729,0,5,0,152.01878,False,False,False,22.727272727272727,0.0,0.0,0.0,1.8673403256570729
2023-03-20 07:00:00,2023-03-20,7,22,22,10.04,1.754481747308664,0,5,21,152.01878,False,True,False,22.727272727272727,10.04,8.7941,0.0,-7.039618252691336
2023-03-20 18:00:00,2023-03-20,18,22,22,2.47,1.6964316667313848,0,5,16,152.01878,False,True,False,22.727272727272727,2.47,3.384,0.0,-1.687568333268615
2023-03-20 19:00:00,2023-03-20,19,22,22,0.0,1.6405311606211317,0,5,0,152.01878,False,False,False,22.727272727272727,0.0,0.0,0.0,1.6405311606211317
2023-03-21 06:00:00,2023-03-21,6,22,22,0.0,1.8673403256570729,0,5,0,152.01878,False,False,False,22.727272727272727,0.0,0.0,0.0,1.8673403256570729
2023-03-21 07:00:00,2023-03-21,7,22,22,3.43,1.754481747308664,0,5,20,152.01878,False,True,False,22.727272727272727,3.43,7.5403,0.0,-5.785818252691336
2023-03-21 18:00:00,2023-03-21,18,22,22,1.83,1.6964316667313848,0,5,8,152.01878,False,True,False,22.727272727272727,1.83,1.7533,0.0,-0.05686833326861529
2023-03-21 19:00:00,2023-03-21,19,22,22,0.0,1.6405311606211317,0,5,0,152.01878,False,False,False,22.727272727272727,0.0,0.0,0.0,1.6405311606211317
2023-03-22 06:00:00,2023-03-22,6,22,22,0.0,1.8673403256570729,0,5,0,152.01878,False,False,False,22.727272727272727,0.0,0.0,0.0,1.8673403256570729
2023-03-22 07:00:00,2023-03-22,7,22,22,2.17,1.754481747308664,0,5,9,152.01878,False,True,False,22.727272727272727,2.17,6.3299,0.0,-4.575418252691336
2023-03-22 18:00:00,2023-03-22,18,22,22,1.56,1.6964316667313848,0,5,2,152.01878,False,True,False,22.727272727272727,1.56,1.7603,0.0,-0.06386833326861519
2023-03-22 19:00:00,2023-03-22,19,22,22,0.0,1.6405311606211317,0,5,0,152.01878,False,False,False,22.727272727272727,0.0,0.0,0.0,1.6405311606211317
2023-03-23 06:00:00,2023-03-23,6,22,22,0.0,1.8673403256570729,0,5,0,152.01878,False,False,False,22.727272727272727,0.0,0.0,0.0,1.8673403256570729
2023-03-23 07:00:00,2023-03-23,7,22,22,9.370000000000001,1.754481747308664,0,5,22,152.01878,False,True,False,22.727272727272727,9.37,8.4168,1.7763568394002505e-15,-6.662318252691336
2023-03-23 18:00:00,2023-03-23,18,22,22,2.18,1.6964316667313848,0,5,12,152.01878,False,True,False,22.727272727272727,2.18,3.5075000000000003,0.0,-1.8110683332686155
2023-03-23 19:00:00,2023-03-23,19,22,22,0.0,1.6405311606211317,0,5,0,152.01878,False,False,False,22.727272727272727,0.0,0.0,0.0,1.6405311606211317
2023-03-24 06:00:00,2023-03-24,6,22,22,0.0,1.8673403256570729,0,5,0,152.01878,False,False,False,22.727272727272727,0.0,0.0,0.0,1.8673403256570729
2023-03-24 07:00:00,2023-03-24,7,22,22,6.12,1.754481747308664,0,5,20,152.01878,False,True,False,22.727272727272727,6.12,8.1771,0.0,-6.422618252691335
2023-03-24 18:00:00,2023-03-24,18,22,22,2.5999999999999996,1.6964316667313848,0,5,16,152.01878,False,True,False,22.727272727272727,2.6,3.6643,-4.440892098500626e-16,-1.967868333268615
2023-03-24 19:00:00,2023-03-24,19,22,22,0.0,1.6405311606211317,0,5,0,152.01878,False,False,False,22.727272727272727,0.0,0.0,0.0,1.6405311606211317
2023-03-25 06:00:00,2023-03-25,6,22,22,0.0,1.8673403256570729,0,5,0,152.01878,False,False,False,22.727272727272727,0.0,0.0,0.0,1.8673403256570729
2023-03-25 07:00:00,2023-03-25,7,22,22,12.3,1.754481747308664,0,5,22,152.01878,False,True,False,22.727272727272727,12.3,10.1233,0.0,-8.368818252691337
2023-03-25 18:00:00,2023-03-25,18,22,22,2.31,1.6964316667313848,0,5,14,152.01878,False,True,False,22.727272727272727,2.31,3.5175,0.0,-1.8210683332686153
2023-03-25 19:00:00,2023-03-25,19,22,22,0.0,1.6405311606211317,0,5,0,152.01878,False,False,False,22.727272727272727,0.0,0.0,0.0,1.6405311606211317
2023-03-26 06:00:00,2023-03-26,6,22,22,0.0,1.8673403256570729,0,5,0,152.01878,False,False,False,22.727272727272727,0.0,0.0,0.0,1.8673403256570729
2023-03-26 07:00:00,2023-03-26,7,22,22,12.43,1.754481747308664,0,5,21,152.01878,False,True,False,22.727272727272727,12.43,11.4488,0.0,-9.694318252691335
2023-03-26 18:00:00,2023-03-26,18,22,22,2.9,1.6964316667313848,0,5,18,152.01878,False,True,False,22.727272727272727,2.9,3.5524,0.0,-1.8559683332686152
2023-03-26 19:00:00,2023-03-26,19,22,22,0.0,1.6405311606211317,0,5,0,152.01878,False,False,False,22.727272727272727,0.0,0.0,0.0,1.6405311606211317
2023-03-27 06:00:00,2023-03-27,6,22,22,0.0,1.8673403256570729,0,5,0,152.01878,False,False,False,22.727272727272727,0.0,0.0,0.0,1.8673403256570729
2023-03-27 07:00:00,2023-03-27,7,22,22,12.86,1.754481747308664,0,5,22,152.01878,False,True,False,22.727272727272727,12.86,11.9714,0.0,-10.216918252691336
2023-03-27 18:00:00,2023-03-27,18,22,22,3.49,4.638589642954807,0,5,20,152.01878,False,True,False,22.727272727272727,3.49,3.783,0.0,0.8555896429548073
2023-03-27 19:00:00,2023-03-27,19,22,22,1.56,1.6405311606211317,0,5,2,152.01878,False,True,False,22.727272727272727,1.56,0.0,0.0,1.6405311606211317
2023-03-28 06:00:00,2023-03-28,6,22,22,0.0,1.8673403256570729,0,5,0,152.01878,False,False,False,22.727272727272727,0.0,0.0,0.0,1.8673403256570729
2023-03-28 07:00:00,2023-03-28,7,22,22,12.83,1.754481747308664,0,5,22,152.01878,False,True,False,22.727272727272727,12.83,12.1153,0.0,-10.360818252691335
2023-03-28 18:00:00,2023-03-28,18,22,22,3.28,1.6964316667313848,0,5,20,152.01878,False,True,False,22.727272727272727,3.2800000000000002,3.7311,-4.440892098500626e-16,-2.0346683332686153
2023-03-28 19:00:00,2023-03-28,19,22,22,1.55,1.6405311606211317,0,5,1,152.01878,False,True,False,22.727272727272727,1.55,0.0,0.0,1.6405311606211317
2023-03-29 06:00:00,2023-03-29,6,22,22,0.0,1.8673403256570729,0,5,0,152.01878,False,False,False,22.727272727272727,0.0,0.0,0.0,1.8673403256570729
2023-03-29 07:00:00,2023-03-29,7,22,22,14.32,1.754481747308664,0,5,22,152.01878,False,True,False,22.727272727272727,14.32,12.4232,0.0,-10.668718252691335
2023-03-29 18:00:00,2023-03-29,18,22,22,3.82,4.777008987303248,0,5,19,152.01878,False,True,False,22.727272727272727,3.8200000000000003,3.7527,-4.440892098500626e-16,1.0243089873032485
2023-03-29 19:00:00,2023-03-29,19,22,22,1.56,1.6405311606211317,0,5,2,152.01878,False,True,False,22.727272727272727,1.56,0.0,0.0,1.6405311606211317
2023-03-30 06:00:00,2023-03-30,6,22,22,0.0,1.8673403256570729,0,5,0,152.01878,False,False,False,22.727272727272727,0.0,0.0,0.0,1.8673403256570729
2023-03-30 07:00:00,2023-03-30,7,22,22,12.15,1.754481747308664,0,5,22,152.01878,False,True,False,22.727272727272727,12.15,12.4357,0.0,-10.681218252691338
2023-03-30 18:00:00,2023-03-30,18,22,22,4.2299999999999995,4.448120477123028,0,5,20,152.01878,False,True,False,22.727272727272727,4.23,3.7838000000000003,-8.881784197001252e-16,0.6643204771230273
2023-03-30 19:00:00,2023-03-30,19,22,22,1.56,1.6405311606211317,0,5,2,152.01878,False,True,False,22.727272727272727,1.56,0.0,0.0,1.6405311606211317
2023-03-31 06:00:00,2023-03-31,6,22,22,0.0,1.8673403256570729,0,5,0,152.01878,False,False,False,22.727272727272727,0.0,0.0,0.0,1.8673403256570729
2023-03-31 07:00:00,2023-03-31,7,22,22,16.87,1.754481747308664,0,5,22,152.01878,False,True,False,22.727272727272727,16.87,12.785,0.0,-11.030518252691337
2023-03-31 18:00:00,2023-03-31,18,22,22,3.94,4.625657614051408,0,5,20,152.01878,False,True,False,22.727272727272727,3.94,3.8542,0.0,0.7714576140514082
2023-03-31 19:00:00,2023-03-31,19,22,22,1.56,1.6405311606211317,0,5,2,152.01878,False,True,False,22.727272727272727,1.56,0.0,0.0,1.6405311606211317
2023-04-01 06:00:00,2023-04-01,6,22,22,0.0,1.8673403256570729,0,5,0,152.01878,False,False,False,22.727272727272727,0.0,0.0,0.0,1.8673403256570729
2023-04-01 07:00:00,2023-04-01,7,22,22,12.64,1.754481747308664,0,5,22,152.01878,False,True,False,22.727272727272727,12.64,13.6659,0.0,-11.911418252691337
2023-04-01 18:00:00,2023-04-01,18,22,22,4.14,5.46341956948324,0,4,20,152.01878,False,True,False,18.181818181818183,4.14,4.4615,0.0,1.0019195694832401
2023-04-01 19:00:00,2023-04-01,19,22,22,1.56,1.6405311606211317,0,5,2,152.01878,False,True,False,22.727272727272727,1.56,0.0,0.0,1.6405311606211317
2023-04-02 06:00:00,2023-04-02,6,22,22,0.0,1.8673403256570729,0,5,0,152.01878,False,False,False,22.727272727272727,0.0,0.0,0.0,1.8673403256570729
2023-04-02 07:00:00,2023-04-02,7,22,22,17.509999999999998,1.754481747308664,0,5,22,152.01878,False,True,False,22.727272727272727,17.51,14.0434,-3.552713678800501e-15,-12.288918252691335
2023-04-02 18:00:00,2023-04-02,18,22,22,3.98,6.341089295932176,0,3,20,152.01878,False,True,False,13.636363636363635,3.98,5.3061,0.0,1.034989295932176
2023-04-02 19:00:00,2023-04-02,19,22,22,1.56,1.6405311606211317,0,5,2,152.01878,False,True,False,22.727272727272727,1.56,0.0,0.0,1.6405311606211317
2023-04-03 06:00:00,2023-04-03,6,22,22,0.0,1.8673403256570729,0,5,0,152.01878,False,False,False,22.727272727272727,0.0,0.0,0.0,1.8673403256570729
2023-04-03 07:00:00,2023-04-03,7,22,22,14.969999999999999,1.754481747308664,0,5,22,152.01878,False,True,False,22.727272727272727,14.97,9.888,-1.7763568394002505e-15,-8.133518252691335
2023-04-03 18:00:00,2023-04-03,18,22,22,1.6500000000000001,1.6964316667313848,0,5,7,152.01878,False,True,False,22.727272727272727,1.65,3.356,2.220446049250313e-16,-1.659568333268615
2023-04-03 19:00:00,2023-04-03,19,22,22,1.57,1.6405311606211317,0,5,3,152.01878,False,True,False,22.727272727272727,1.57,0.0,0.0,1.6405311606211317
2023-04-04 06:00:00,2023-04-04,6,22,22,0.0,1.8673403256570729,0,5,0,152.01878,False,False,False,22.727272727272727,0.0,0.3904,0.0,1.4769403256570728
2023-04-04 07:00:00,2023-04-04,7,22,22,2.1500000000000004,1.754481747308664,0,5,8,152.01878,False,True,False,22.727272727272727,2.15,7.3389,4.440892098500626e-16,-5.584418252691336
2023-04-04 18:00:00,2023-04-04,18,22,22,1.9200000000000002,1.6964316667313848,0,5,9,152.01878,False,True,False,22.727272727272727,1.92,3.4774000000000003,2.220446049250313e-16,-1.7809683332686155
2023-04-04 19:00:00,2023-04-04,19,22,22,1.56,1.6405311606211317,0,5,2,152.01878,False,True,False,22.727272727272727,1.56,0.0,0.0,1.6405311606211317
2023-04-05 06:00:00,2023-04-05,6,22,22,0.0,1.8673403256570729,0,5,0,152.01878,False,False,False,22.727272727272727,0.0,1.6166,0.0,0.2507403256570728
2023-04-05 07:00:00,2023-04-05,7,22,22,5.55,1.754481747308664,0,5,20,152.01878,False,True,False,22.727272727272727,5.55,9.1072,0.0,-7.352718252691337
2023-04-05 18:00:00,2023-04-05,18,22,22,2.0,1.6964316667313848,0,5,12,152.01878,False,True,False,22.727272727272727,2.0,3.6927,0.0,-1.996268333268615
2023-04-05 19:00:00,2023-04-05,19,22,22,1.55,1.6405311606211317,0,5,1,152.01878,False,True,False,22.727272727272727,1.55,0.0,0.0,1.6405311606211317
2023-04-06 06:00:00,2023-04-06,6,22,22,0.0,1.8673403256570729,0,5,0,152.01878,False,False,False,22.727272727272727,0.0,1.6957,0.0,0.17164032565707288
2023-04-06 07:00:00,2023-04-06,7,22,22,13.25,1.754481747308664,0,5,20,152.01878,False,True,False,22.727272727272727,13.25,12.583,0.0,-10.828518252691335
2023-04-06 18:00:00,2023-04-06,18,22,22,1.57,1.6964316667313848,0,5,3,152.01878,False,True,False,22.727272727272727,1.57,3.6125,0.0,-1.916068333268615
2023-04-06 19:00:00,2023-04-06,19,22,22,1.58,1.6405311606211317,0,5,4,152.01878,False,True,False,22.727272727272727,1.58,0.0,0.0,1.6405311606211317
2023-04-07 06:00:00,2023-04-07,6,22,22,0.0,1.8673403256570729,0,5,0,152.01878,False,False,False,22.727272727272727,0.0,1.8773,0.0,-0.009959674342927105
2023-04-07 07:00:00,2023-04-07,7,22,22,20.79,17.264325195766,0,2,20,152.01878,False,True,False,9.090909090909092,20.79,15.5874,0.0,1.6769251957659979
2023-04-07 18:00:00,2023-04-07,18,22,22,5.67,6.17604510754098,0,3,22,152.01878,False,True,False,13.636363636363635,5.67,5.5958,0.0,0.5802451075409802
2023-04-07 19:00:00,2023-04-07,19,22,22,1.59,1.6405311606211317,0,5,2,152.01878,False,True,False,22.727272727272727,1.5899999999999999,0.0,2.220446049250313e-16,1.6405311606211317
2023-04-08 06:00:00,2023-04-08,6,22,22,0.0,1.8673403256570729,0,5,0,152.01878,False,False,False,22.727272727272727,0.0,1.8788,0.0,-0.011459674342927162
2023-04-08 07:00:00,2023-04-08,7,22,22,22.3,17.834430596924268,0,2,22,152.01878,False,True,False,9.090909090909092,22.3,16.7358,0.0,1.0986305969242665
2023-04-08 18:00:00,2023-04-08,18,22,22,8.62,5.956374316356576,0,3,22,152.01878,False,True,False,13.636363636363635,8.62,5.2972,0.0,0.6591743163565758
2023-04-08 19:00:00,2023-04-08,19,22,22,4.72,1.6405311606211317,0,5,1,152.01878,False,True,False,22.727272727272727,4.72,0.0,0.0,1.6405311606211317
2023-04-09 06:00:00,2023-04-09,6,22,22,0.0,1.8673403256570729,0,5,0,152.01878,False,False,False,22.727272727272727,0.0,1.8724,0.0,-0.005059674342927201
2023-04-09 07:00:00,2023-04-09,7,22,22,22.58,17.188635885631108,0,2,21,152.01878,False,True,False,9.090909090909092,22.58,16.8072,0.0,0.381435885631106
2023-04-09 18:00:00,2023-04-09,18,22,22,5.04,6.617926357876963,0,3,21,152.01878,False,True,False,13.636363636363635,5.04,6.1815,0.0,0.4364263578769636
2023-04-09 19:00:00,2023-04-09,19,22,22,1.55,1.6405311606211317,0,5,1,152.01878,False,True,False,22.727272727272727,1.55,0.0,0.0,1.6405311606211317
2023-04-10 06:00:00,2023-04-10,6,22,22,0.0,1.8673403256570729,0,5,0,152.01878,False,False,False,22.727272727272727,0.0,1.8826,0.0,-0.015259674342927187
2023-04-10 07:00:00,2023-04-10,7,22,22,17.18,17.424387938901507,0,2,21,152.01878,False,True,False,9.090909090909092,17.18,16.8733,0.0,0.5510879389015066
2023-04-10 18:00:00,2023-04-10,18,22,22,5.640000000000001,6.93297568157833,0,3,21,152.01878,False,True,False,13.636363636363635,5.64,6.3496,8.881784197001252e-16,0.58337568157833
2023-04-10 19:00:00,2023-04-10,19,22,22,1.56,1.6405311606211317,0,5,1,152.01878,False,True,False,22.727272727272727,1.56,0.0,0.0,1.6405311606211317
2023-04-11 06:00:00,2023-04-11,6,22,22,0.0,1.8673403256570729,0,5,0,152.01878,False,False,False,22.727272727272727,0.0,1.8607,0.0,0.006640325657072843
2023-04-11 07:00:00,2023-04-11,7,22,22,17.4,14.08166220090469,0,2,21,152.01878,False,True,False,9.090909090909092,17.4,15.0578,0.0,-0.9761377990953104
2023-04-11 18:00:00,2023-04-11,18,22,22,3.96,5.056490932259701,0,5,18,152.01878,False,True,False,22.727272727272727,3.96,3.9678,0.0,1.0886909322597007
2023-04-11 19:00:00,2023-04-11,19,22,22,1.67,1.6405311606211317,0,5,2,152.01878,False,True,False,22.727272727272727,1.67,0.0,0.0,1.6405311606211317
2023-04-12 06:00:00,2023-04-12,6,22,22,0.0,1.8673403256570729,0,5,0,152.01878,False,False,False,22.727272727272727,0.0,1.8893,0.0,-0.021959674342927116
2023-04-12 07:00:00,2023-04-12,7,22,22,14.21,17.47223688296677,0,2,20,152.01878,False,True,False,9.090909090909092,14.21,18.3488,0.0,-0.876563117033232
2023-04-12 18:00:00,2023-04-12,18,22,22,5.33,7.414591615465931,0,3,21,152.01878,False,True,False,13.636363636363635,5.33,6.8643,0.0,0.5502916154659312
2023-04-12 19:00:00,2023-04-12,19,22,22,1.99,1.6405311606211317,0,5,2,152.01878,False,True,False,22.727272727272727,1.99,0.0,0.0,1.6405311606211317
2023-04-13 06:00:00,2023-04-13,6,22,22,3.3200000000000003,1.8673403256570729,0,5,15,152.01878,False,True,False,22.727272727272727,3.32,1.9046,4.440892098500626e-16,-0.03725967434292721
2023-04-13 07:00:00,2023-04-13,7,22,22,15.719999999999999,17.291367554527856,0,2,21,152.01878,False,True,False,9.090909090909092,15.72,17.7504,-1.7763568394002505e-15,-0.4590324454721433
2023-04-13 18:00:00,2023-04-13,18,22,22,5.11,7.590085987778516,0,2,22,152.01878,False,True,False,9.090909090909092,5.11,6.9235,0.0,0.6665859877785163
2023-04-13 19:00:00,2023-04-13,19,22,22,1.59,1.6405311606211317,0,5,3,152.01878,False,True,False,22.727272727272727,1.5899999999999999,0.0,2.220446049250313e-16,1.6405311606211317
2023-04-14 06:00:00,2023-04-14,6,22,22,2.28,1.8673403256570729,0,5,12,152.01878,False,True,False,22.727272727272727,2.2800000000000002,1.8331,-4.440892098500626e-16,0.03424032565707291
2023-04-14 07:00:00,2023-04-14,7,22,22,12.05,1.754481747308664,0,5,21,152.01878,False,True,False,22.727272727272727,12.05,13.9842,0.0,-12.229718252691335
2023-04-14 18:00:00,2023-04-14,18,22,22,2.22,1.6964316667313848,0,5,13,152.01878,False,True,False,22.727272727272727,2.22,3.9728,0.0,-2.276368333268615
2023-04-14 19:00:00,2023-04-14,19,22,22,1.56,1.6405311606211317,0,5,2,152.01878,False,True,False,22.727272727272727,1.56,0.0,0.0,1.6405311606211317
2023-04-15 06:00:00,2023-04-15,6,22,22,3.48,1.8673403256570729,0,5,15,152.01878,False,True,False,22.727272727272727,3.48,1.9582000000000002,0.0,-0.0908596743429273
2023-04-15 07:00:00,2023-04-15,7,22,22,19.09,18.42279442524283,0,2,21,152.01878,False,True,False,9.090909090909092,19.09,19.5445,0.0,-1.1217055747571685
2023-04-15 18:00:00,2023-04-15,18,22,22,2.0,1.6964316667313848,0,5,6,152.01878,False,True,False,22.727272727272727,2.0,3.7537000000000003,0.0,-2.0572683332686155
2023-04-15 19:00:00,2023-04-15,19,22,22,1.74,1.6405311606211317,0,5,1,152.01878,False,True,False,22.727272727272727,1.74,0.0,0.0,1.6405311606211317
2023-04-16 06:00:00,2023-04-16,6,22,22,3.5,1.8673403256570729,0,5,17,152.01878,False,True,False,22.727272727272727,3.5,1.9691,0.0,-0.10175967434292721
2023-04-16 07:00:00,2023-04-16,7,22,22,22.9,18.800242165028287,0,2,21,152.01878,False,True,False,9.090909090909092,22.9,19.7961,0.0,-0.9958578349717122
2023-04-16 18:00:00,2023-04-16,18,22,22,9.57,7.57056720440634,0,2,21,152.01878,False,True,False,9.090909090909092,9.57,6.7467,0.0,0.8238672044063406
2023-04-16 19:00:00,2023-04-16,19,22,22,5.47,1.6405311606211317,0,5,2,152.01878,False,True,False,22.727272727272727,5.47,0.0,0.0,1.6405311606211317
2023-04-17 06:00:00,2023-04-17,6,22,22,7.18,1.8673403256570729,0,5,16,152.01878,False,True,False,22.727272727272727,7.18,2.0203,0.0,-0.15295967434292734
2023-04-17 07:00:00,2023-04-17,7,22,22,24.92,19.118440642606018,0,2,21,152.01878,False,True,False,9.090909090909092,24.92,19.7689,0.0,-0.6504593573939808
2023-04-17 18:00:00,2023-04-17,18,22,22,5.140000000000001,7.348751487716948,0,2,21,152.01878,False,True,False,9.090909090909092,5.14,6.5315,8.881784197001252e-16,0.8172514877169474
2023-04-17 19:00:00,2023-04-17,19,22,22,1.55,1.6405311606211317,0,5,1,152.01878,False,True,False,22.727272727272727,1.55,0.0,0.0,1.6405311606211317
2023-04-18 06:00:00,2023-04-18,6,22,22,3.54,1.8673403256570729,0,5,17,152.01878,False,True,False,22.727272727272727,3.54,1.9096000000000002,0.0,-0.04225967434292732
2023-04-18 07:00:00,2023-04-18,7,22,22,16.71,15.737024031014558,0,2,21,152.01878,False,True,False,9.090909090909092,16.71,17.6706,0.0,-1.9335759689854424
2023-04-18 18:00:00,2023-04-18,18,22,22,5.02,7.262774770694649,0,2,21,152.01878,False,True,False,9.090909090909092,5.02,6.4972,0.0,0.7655747706946485
2023-04-18 19:00:00,2023-04-18,19,22,22,1.56,1.6405311606211317,0,5,2,152.01878,False,True,False,22.727272727272727,1.56,0.0,0.0,1.6405311606211317
2023-04-19 06:00:00,2023-04-19,6,22,22,2.13,1.8673403256570729,0,5,10,152.01878,False,True,False,22.727272727272727,2.13,1.8921000000000001,0.0,-0.02475967434292725
2023-04-19 07:00:00,2023-04-19,7,22,22,7.68,1.754481747308664,0,5,21,152.01878,False,True,False,22.727272727272727,7.68,14.7856,0.0,-13.031118252691336
2023-04-19 18:00:00,2023-04-19,18,22,22,6.28,7.285425697197365,0,2,19,152.01878,False,True,False,9.090909090909092,6.28,6.6705,0.0,0.6149256971973651
2023-04-19 19:00:00,2023-04-19,19,22,22,2.82,1.6405311606211317,0,5,2,152.01878,False,True,False,22.727272727272727,2.8200000000000003,0.0,-4.440892098500626e-16,1.6405311606211317
2023-04-20 06:00:00,2023-04-20,6,22,22,1.87,1.8673403256570729,0,5,8,152.01878,False,True,False,22.727272727272727,1.87,1.8439999999999999,0.0,0.023340325657073002
2023-04-20 07:00:00,2023-04-20,7,22,22,6.22,4.7061920559005275,0,4,21,152.01878,False,True,False,18.181818181818183,6.22,13.4322,0.0,-8.726007944099472
2023-04-20 18:00:00,2023-04-20,18,22,22,5.01,3.585164526708019,0,4,20,152.01878,False,True,False,18.181818181818183,5.01,5.543,0.0,-1.957835473291981
2023-04-20 19:00:00,2023-04-20,19,22,22,1.57,1.6405311606211317,0,5,3,152.01878,False,True,False,22.727272727272727,1.57,0.0,0.0,1.6405311606211317
2023-04-21 06:00:00,2023-04-21,6,22,22,4.12,1.8673403256570729,0,5,18,152.01878,False,True,False,22.727272727272727,4.12,1.9085,0.0,-0.04115967434292722
2023-04-21 07:00:00,2023-04-21,7,22,22,21.07,10.147108782883137,0,3,21,152.01878,False,True,False,13.636363636363635,21.07,16.4328,0.0,-6.285691217116863
2023-04-21 18:00:00,2023-04-21,18,22,22,8.129999999999999,2.3642976097384016,0,4,21,152.01878,False,True,False,18.181818181818183,8.13,4.5429,-1.7763568394002505e-15,-2.1786023902615987
2023-04-21 19:00:00,2023-04-21,19,22,22,5.1,1.6405311606211317,0,5,1,152.01878,False,True,False,22.727272727272727,5.1,0.0,0.0,1.6405311606211317
2023-04-22 06:00:00,2023-04-22,6,22,22,2.95,1.8673403256570729,0,5,16,152.01878,False,True,False,22.727272727272727,2.95,1.8860999999999999,0.0,-0.018759674342927024
2023-04-22 07:00:00,2023-04-22,7,22,22,19.46,14.821142368258027,0,2,21,152.01878,False,True,False,9.090909090909092,19.46,15.6979,0.0,-0.8767576317419739
2023-04-22 18:00:00,2023-04-22,18,22,22,2.86,1.6964316667313848,0,5,18,152.01878,False,True,False,22.727272727272727,2.86,3.6571,0.0,-1.960668333268615
2023-04-22 19:00:00,2023-04-22,19,22,22,1.56,1.6405311606211317,0,5,2,152.01878,False,True,False,22.727272727272727,1.56,0.0,0.0,1.6405311606211317
2023-04-23 06:00:00,2023-04-23,6,22,22,1.58,1.8673403256570729,0,5,2,152.01878,False,True,False,22.727272727272727,1.58,1.7739,0.0,0.09344032565707283
2023-04-23 07:00:00,2023-04-23,7,22,22,4.32,1.754481747308664,0,5,20,152.01878,False,True,False,22.727272727272727,4.32,8.9328,0.0,-7.178318252691336
2023-04-23 18:00:00,2023-04-23,18,22,22,1.95,1.6964316667313848,0,5,9,152.01878,False,True,False,22.727272727272727,1.9500000000000002,3.5827999999999998,-2.220446049250313e-16,-1.886368333268615
2023-04-23 19:00:00,2023-04-23,19,22,22,1.56,1.6405311606211317,0,5,2,152.01878,False,True,False,22.727272727272727,1.56,0.0,0.0,1.6405311606211317
2023-04-24 06:00:00,2023-04-24,6,22,22,1.7200000000000002,1.8673403256570729,0,5,6,152.01878,False,True,False,22.727272727272727,1.72,1.9074,2.220446049250313e-16,-0.04005967434292712
2023-04-24 07:00:00,2023-04-24,7,22,22,6.65,1.754481747308664,0,5,20,152.01878,False,True,False,22.727272727272727,6.65,13.3725,0.0,-11.618018252691336
2023-04-24 18:00:00,2023-04-24,18,22,22,5.63,7.614818778244954,0,2,21,152.01878,False,True,False,9.090909090909092,5.63,6.9653,0.0,0.6495187782449543
2023-04-24 19:00:00,2023-04-24,19,22,22,1.74,1.6405311606211317,0,5,2,152.01878,False,True,False,22.727272727272727,1.74,0.0,0.0,1.6405311606211317
2023-04-25 06:00:00,2023-04-25,6,22,22,2.2600000000000002,1.8673403256570729,0,5,14,152.01878,False,True,False,22.727272727272727,2.26,1.9242,4.440892098500626e-16,-0.05685967434292705
2023-04-25 07:00:00,2023-04-25,7,22,22,11.43,2.8829698665797987,0,5,21,152.01878,False,True,False,22.727272727272727,11.43,14.2947,0.0,-11.411730133420201
2023-04-25 18:00:00,2023-04-25,18,22,22,7.0200000000000005,7.766886936429861,0,2,20,152.01878,False,True,False,9.090909090909092,7.02,6.4875,8.881784197001252e-16,1.2793869364298613
2023-04-25 19:00:00,2023-04-25,19,22,22,1.64,1.6405311606211317,0,5,1,152.01878,False,True,False,22.727272727272727,1.6400000000000001,0.0,-2.220446049250313e-16,1.6405311606211317
2023-04-26 06:00:00,2023-04-26,6,22,22,5.7,1.8673403256570729,0,5,17,152.01878,False,True,False,22.727272727272727,5.7,2.1618,0.0,-0.2944596743429271
2023-04-26 07:00:00,2023-04-26,7,22,22,23.89,19.482933421073806,0,2,20,152.01878,False,True,False,9.090909090909092,23.89,21.415,0.0,-1.932066578926193
2023-04-26 18:00:00,2023-04-26,18,22,22,6.54,8.198462512482477,0,2,19,152.01878,False,True,False,9.090909090909092,6.54,7.3602,0.0,0.8382625124824772
2023-04-26 19:00:00,2023-04-26,19,22,22,2.76,1.6405311606211317,0,5,4,152.01878,False,True,False,22.727272727272727,2.76,0.0,0.0,1.6405311606211317
2023-04-27 06:00:00,2023-04-27,6,22,22,5.38,1.8673403256570729,0,5,16,152.01878,False,True,False,22.727272727272727,5.38,2.2247,0.0,-0.35735967434292704
2023-04-27 07:00:00,2023-04-27,7,22,22,19.03,18.887467495072606,0,2,19,152.01878,False,True,False,9.090909090909092,19.03,21.0722,0.0,-2.1847325049273927
2023-04-27 18:00:00,2023-04-27,18,22,22,7.6899999999999995,8.57298555902035,0,2,19,152.01878,False,True,False,9.090909090909092,7.69,7.786,-8.881784197001252e-16,0.7869855590203496
2023-04-27 19:00:00,2023-04-27,19,22,22,2.9699999999999998,1.6405311606211317,0,5,3,152.01878,False,True,False,22.727272727272727,2.9699999999999998,0.0,0.0,1.6405311606211317
2023-04-28 06:00:00,2023-04-28,6,22,22,4.51,1.8673403256570729,0,5,16,152.01878,False,True,False,22.727272727272727,4.51,2.143,0.0,-0.27565967434292693
2023-04-28 07:00:00,2023-04-28,7,22,22,13.8,17.189106309959886,0,2,19,152.01878,False,True,False,9.090909090909092,13.8,19.3759,0.0,-2.1867936900401155
2023-04-28 18:00:00,2023-04-28,18,22,22,6.779999999999999,1.6964316667313848,0,5,20,152.01878,False,True,False,22.727272727272727,6.78,3.9255,-8.881784197001252e-16,-2.229068333268615
2023-04-28 19:00:00,2023-04-28,19,22,22,4.36,1.6405311606211317,0,5,6,152.01878,False,True,False,22.727272727272727,4.36,0.0,0.0,1.6405311606211317
2023-04-29 06:00:00,2023-04-29,6,22,22,5.16,1.8673403256570729,0,5,17,152.01878,False,True,False,22.727272727272727,5.16,2.11,0.0,-0.242659674342927
2023-04-29 07:00:00,2023-04-29,7,22,22,23.839999999999996,10.59839425730838,0,4,19,152.01878,False,True,False,18.181818181818183,23.84,18.3211,-3.552713678800501e-15,-7.7227057426916215
2023-04-29 18:00:00,2023-04-29,18,22,22,14.66,8.801640793047364,0,2,20,152.01878,False,True,False,9.090909090909092,14.66,8.2619,0.0,0.539740793047363
2023-04-29 19:00:00,2023-04-29,19,22,22,5.9,1.6405311606211317,0,5,4,152.01878,False,True,False,22.727272727272727,5.9,0.0,0.0,1.6405311606211317
2023-04-30 06:00:00,2023-04-30,6,22,22,6.57,1.8673403256570729,0,5,16,152.01878,False,True,False,22.727272727272727,6.57,2.3346,0.0,-0.46725967434292714
2023-04-30 07:00:00,2023-04-30,7,22,22,26.310000000000002,23.273106243994015,0,2,20,152.01878,False,True,False,9.090909090909092,26.31,24.1899,3.552713678800501e-15,-0.9167937560059869
2023-04-30 18:00:00,2023-04-30,18,22,22,11.96,8.662979683215228,0,2,20,152.01878,False,True,False,9.090909090909092,11.96,7.9215,0.0,0.7414796832152284
2023-04-30 19:00:00,2023-04-30,19,22,22,7.51,1.6405311606211317,0,5,7,152.01878,False,True,False,22.727272727272727,7.51,0.0,0.0,1.6405311606211317
2023-05-01 06:00:00,2023-05-01,6,22,22,9.32,1.8673403256570729,0,5,18,152.01878,False,True,False,22.727272727272727,9.32,3.9413,0.0,-2.073959674342927
2023-05-01 07:00:00,2023-05-01,7,22,22,28.21,23.891607611271425,0,2,20,152.01878,False,True,False,9.090909090909092,28.21,24.7265,0.0,-0.8348923887285764
2023-05-01 18:00:00,2023-05-01,18,22,22,7.8,8.880490219119784,0,2,20,152.01878,False,True,False,9.090909090909092,7.8,8.424,0.0,0.45649021911978416
2023-05-01 19:00:00,2023-05-01,19,22,22,1.59,1.6405311606211317,0,5,3,152.01878,False,True,False,22.727272727272727,1.5899999999999999,0.0,2.220446049250313e-16,1.6405311606211317
2023-05-02 06:00:00,2023-05-02,6,22,22,7.77,1.8673403256570729,0,5,14,152.01878,False,True,False,22.727272727272727,7.77,4.0462,0.0,-2.178859674342927
2023-05-02 07:00:00,2023-05-02,7,22,22,22.66,23.06181733796653,0,2,16,152.01878,False,True,False,9.090909090909092,22.66,23.621,0.0,-0.5591826620334679
2023-05-02 18:00:00,2023-05-02,18,22,22,6.34,7.607196275749654,0,2,16,152.01878,False,True,False,9.090909090909092,6.34,7.0505,0.0,0.5566962757496539
2023-05-02 19:00:00,2023-05-02,19,22,22,3.2199999999999998,1.6405311606211317,0,5,4,152.01878,False,True,False,22.727272727272727,3.22,0.0,-4.440892098500626e-16,1.6405311606211317
2023-05-03 06:00:00,2023-05-03,6,22,22,1.76,1.8673403256570729,0,5,6,152.01878,False,True,False,22.727272727272727,1.76,1.9561000000000002,0.0,-0.08875967434292731
2023-05-03 07:00:00,2023-05-03,7,22,22,5.47,6.156672938441868,0,3,15,152.01878,False,True,False,13.636363636363635,5.47,13.834,0.0,-7.677327061558132
2023-05-03 18:00:00,2023-05-03,18,22,22,3.0300000000000002,1.6964316667313848,0,5,13,152.01878,False,True,False,22.727272727272727,3.03,3.641,4.440892098500626e-16,-1.9445683332686152
2023-05-03 19:00:00,2023-05-03,19,22,22,1.56,1.6405311606211317,0,5,2,152.01878,False,True,False,22.727272727272727,1.56,0.0,0.0,1.6405311606211317
2023-05-04 06:00:00,2023-05-04,6,22,22,1.56,1.8673403256570729,0,5,2,152.01878,False,True,False,22.727272727272727,1.56,1.8654000000000002,0.0,0.0019403256570726946
2023-05-04 07:00:00,2023-05-04,7,22,22,2.29,1.754481747308664,0,5,9,152.01878,False,True,False,22.727272727272727,2.29,10.3784,0.0,-8.623918252691336
2023-05-04 18:00:00,2023-05-04,18,22,22,5.51,1.6964316667313848,0,5,16,152.01878,False,True,False,22.727272727272727,5.51,3.8875,0.0,-2.1910683332686154
2023-05-04 19:00:00,2023-05-04,19,22,22,3.53,1.6405311606211317,0,5,3,152.01878,False,True,False,22.727272727272727,3.5300000000000002,0.0,-4.440892098500626e-16,1.6405311606211317
2023-05-05 06:00:00,2023-05-05,6,22,22,2.95,1.8673403256570729,0,5,14,152.01878,False,True,False,22.727272727272727,2.95,1.9611,0.0,-0.0937596743429272
2023-05-05 07:00:00,2023-05-05,7,22,22,8.24,1.754481747308664,0,5,19,152.01878,False,True,False,22.727272727272727,8.24,12.6262,0.0,-10.871718252691338
2023-05-05 18:00:00,2023-05-05,18,22,22,2.69,1.6964316667313848,0,5,16,152.01878,False,True,False,22.727272727272727,2.69,3.8737,0.0,-2.177268333268615
2023-05-05 19:00:00,2023-05-05,19,22,22,2.0900000000000003,1.6405311606211317,0,5,5,152.01878,False,True,False,22.727272727272727,2.09,0.0,4.440892098500626e-16,1.6405311606211317
2023-05-06 06:00:00,2023-05-06,6,22,22,4.45,1.8673403256570729,0,5,16,152.01878,False,True,False,22.727272727272727,4.45,2.1845,0.0,-0.317159674342927
2023-05-06 07:00:00,2023-05-06,7,22,22,22.16,10.320592915336265,0,3,19,152.01878,False,True,False,13.636363636363635,22.16,17.1059,0.0,-6.785307084663733
2023-05-06 18:00:00,2023-05-06,18,22,22,5.1000000000000005,3.68551817075056,0,4,21,152.01878,False,True,False,18.181818181818183,5.1,5.8592,8.881784197001252e-16,-2.1736818292494404
2023-05-06 19:00:00,2023-05-06,19,22,22,1.68,1.6405311606211317,0,5,3,152.01878,False,True,False,22.727272727272727,1.6800000000000002,0.0,-2.220446049250313e-16,1.6405311606211317
2023-05-07 06:00:00,2023-05-07,6,22,22,4.0600000000000005,1.8673403256570729,0,5,18,152.01878,False,True,False,22.727272727272727,4.06,2.1465,8.881784197001252e-16,-0.2791596743429272
2023-05-07 07:00:00,2023-05-07,7,22,22,15.33,14.368650291901655,0,2,21,152.01878,False,True,False,9.090909090909092,15.33,18.1132,0.0,-3.7445497080983436
2023-05-07 18:00:00,2023-05-07,18,22,22,12.69,9.458392148337678,0,2,21,152.01878,False,True,False,9.090909090909092,12.69,8.9057,0.0,0.5526921483376785
2023-05-07 19:00:00,2023-05-07,19,22,22,5.01,1.6405311606211317,0,5,4,152.01878,False,True,False,22.727272727272727,5.01,0.0,0.0,1.6405311606211317
2023-05-08 06:00:00,2023-05-08,6,22,22,8.31,1.8673403256570729,0,5,19,152.01878,False,True,False,22.727272727272727,8.31,2.2648,0.0,-0.3974596743429273
2023-05-08 07:00:00,2023-05-08,7,22,22,22.619999999999997,15.877262219286047,0,2,21,152.01878,False,True,False,9.090909090909092,22.62,17.6617,-3.552713678800501e-15,-1.7844377807139526
2023-05-08 18:00:00,2023-05-08,18,22,22,11.61,10.490411328698,0,2,20,152.01878,False,True,False,9.090909090909092,11.61,8.6921,0.0,1.7983113286980004
2023-05-08 19:00:00,2023-05-08,19,22,22,4.779999999999999,1.6405311606211317,0,5,7,152.01878,False,True,False,22.727272727272727,4.78,0.0,-8.881784197001252e-16,1.6405311606211317
2023-05-09 06:00:00,2023-05-09,6,22,22,12.28,1.8673403256570729,0,5,17,152.01878,False,True,False,22.727272727272727,12.28,3.9373,0.0,-2.069959674342927
2023-05-09 07:00:00,2023-05-09,7,22,22,33.04,21.579056583078216,0,2,20,152.01878,False,True,False,9.090909090909092,33.04,23.0616,0.0,-1.4825434169217822
2023-05-09 18:00:00,2023-05-09,18,22,22,10.65,10.39786491296548,0,2,20,152.01878,False,True,False,9.090909090909092,10.65,8.5373,0.0,1.8605649129654793
2023-05-09 19:00:00,2023-05-09,19,22,22,4.72,1.6405311606211317,0,5,5,152.01878,False,True,False,22.727272727272727,4.72,0.0,0.0,1.6405311606211317
2023-05-10 06:00:00,2023-05-10,6,22,22,7.0200000000000005,1.8673403256570729,0,5,18,152.01878,False,True,False,22.727272727272727,7.02,2.2165,8.881784197001252e-16,-0.34915967434292705
2023-05-10 07:00:00,2023-05-10,7,22,22,27.44,16.336286854252933,0,2,20,152.01878,False,True,False,9.090909090909092,27.44,18.2169,0.0,-1.8806131457470663
2023-05-10 18:00:00,2023-05-10,18,22,22,7.98,1.6964316667313848,0,5,20,152.01878,False,True,False,22.727272727272727,7.98,4.0753,0.0,-2.3788683332686156
2023-05-10 19:00:00,2023-05-10,19,22,22,2.85,1.6405311606211317,0,5,5,152.01878,False,True,False,22.727272727272727,2.85,0.0,0.0,1.6405311606211317
2023-05-11 06:00:00,2023-05-11,6,22,22,5.0200000000000005,1.8673403256570729,0,5,16,152.01878,False,True,False,22.727272727272727,5.02,2.2051,8.881784197001252e-16,-0.337759674342927
2023-05-11 07:00:00,2023-05-11,7,22,22,12.73,9.655861585477624,0,3,19,152.01878,False,True,False,13.636363636363635,12.73,17.0449,0.0,-7.389038414522375
2023-05-11 18:00:00,2023-05-11,18,22,22,11.87,9.280513752254269,0,2,20,152.01878,False,True,False,9.090909090909092,11.87,8.538,0.0,0.7425137522542684
2023-05-11 19:00:00,2023-05-11,19,22,22,5.63,1.6405311606211317,0,5,3,152.01878,False,True,False,22.727272727272727,5.63,0.0,0.0,1.6405311606211317
2023-05-12 06:00:00,2023-05-12,6,22,22,6.46,1.8673403256570729,0,5,18,152.01878,False,True,False,22.727272727272727,6.46,2.2846,0.0,-0.4172596743429273
2023-05-12 07:00:00,2023-05-12,7,22,22,21.71,14.32383271669403,0,2,20,152.01878,False,True,False,9.090909090909092,21.71,17.9969,0.0,-3.6730672833059703
2023-05-12 18:00:00,2023-05-12,18,22,22,9.899999999999999,8.732664495217005,0,2,21,152.01878,False,True,False,9.090909090909092,9.9,8.0105,-1.7763568394002505e-15,0.7221644952170045
2023-05-12 19:00:00,2023-05-12,19,22,22,2.4399999999999995,1.6405311606211317,0,5,4,152.01878,False,True,False,22.727272727272727,2.44,0.0,-4.440892098500626e-16,1.6405311606211317
2023-05-13 06:00:00,2023-05-13,6,22,22,8.83,1.8673403256570729,0,5,19,152.01878,False,True,False,22.727272727272727,8.83,4.1213,0.0,-2.253959674342927
2023-05-13 07:00:00,2023-05-13,7,22,22,26.62,22.640804670546682,0,2,21,152.01878,False,True,False,9.090909090909092,26.62,23.6908,0.0,-1.049995329453317
2023-05-13 18:00:00,2023-05-13,18,22,22,9.85,10.219762668419305,0,2,21,152.01878,False,True,False,9.090909090909092,9.85,9.1034,0.0,1.1163626684193044
2023-05-13 19:00:00,2023-05-13,19,22,22,2.8899999999999997,1.6405311606211317,0,5,4,152.01878,False,True,False,22.727272727272727,2.89,0.0,-4.440892098500626e-16,1.6405311606211317
2023-05-14 06:00:00,2023-05-14,6,22,22,9.39,1.8673403256570729,0,5,18,152.01878,False,True,False,22.727272727272727,9.39,4.2945,0.0,-2.4271596743429273
2023-05-14 07:00:00,2023-05-14,7,22,22,28.24,24.156175763747992,0,2,21,152.01878,False,True,False,9.090909090909092,28.24,25.0041,0.0,-0.847924236252009
2023-05-14 18:00:00,2023-05-14,18,22,22,9.23,10.262276373190762,0,2,21,152.01878,False,True,False,9.090909090909092,9.23,9.1227,0.0,1.1395763731907618
2023-05-14 19:00:00,2023-05-14,19,22,22,3.27,1.6405311606211317,0,5,4,152.01878,False,True,False,22.727272727272727,3.27,0.0,0.0,1.6405311606211317
2023-05-15 06:00:00,2023-05-15,6,22,22,9.5,1.8673403256570729,0,5,19,152.01878,False,True,False,22.727272727272727,9.5,4.3398,0.0,-2.4724596743429275
2023-05-15 07:00:00,2023-05-15,7,22,22,27.740000000000002,23.953047993965686,0,2,21,152.01878,False,True,False,9.090909090909092,27.74,25.0887,3.552713678800501e-15,-1.135652006034313
2023-05-15 18:00:00,2023-05-15,18,22,22,9.68,9.729874630987524,0,2,21,152.01878,False,True,False,9.090909090909092,9.68,9.364,0.0,0.3658746309875234
2023-05-15 19:00:00,2023-05-15,19,22,22,2.6799999999999997,1.6405311606211317,0,5,6,152.01878,False,True,False,22.727272727272727,2.68,0.0,-4.440892098500626e-16,1.6405311606211317
2023-05-16 06:00:00,2023-05-16,6,22,22,9.76,1.8673403256570729,0,5,19,152.01878,False,True,False,22.727272727272727,9.76,4.5178,0.0,-2.6504596743429274
2023-05-16 07:00:00,2023-05-16,7,22,22,29.73,24.141534500036883,0,2,21,152.01878,False,True,False,9.090909090909092,29.73,25.588,0.0,-1.446465499963118
2023-05-16 18:00:00,2023-05-16,18,22,22,9.83,9.225752578752266,0,2,21,152.01878,False,True,False,9.090909090909092,9.83,8.2674,0.0,0.9583525787522653
2023-05-16 19:00:00,2023-05-16,19,22,22,3.0599999999999996,1.6405311606211317,0,5,4,152.01878,False,True,False,22.727272727272727,3.06,0.0,-4.440892098500626e-16,1.6405311606211317
2023-05-17 06:00:00,2023-05-17,6,22,22,9.04,1.8673403256570729,0,5,18,152.01878,False,True,False,22.727272727272727,9.04,3.9447,0.0,-2.0773596743429272
2023-05-17 07:00:00,2023-05-17,7,22,22,22.92,18.096011087658116,0,2,20,152.01878,False,True,False,9.090909090909092,22.92,20.1331,0.0,-2.0370889123418827
2023-05-17 18:00:00,2023-05-17,18,22,22,9.379999999999999,9.085450437586653,0,2,20,152.01878,False,True,False,9.090909090909092,9.38,8.2159,-1.7763568394002505e-15,0.8695504375866534
2023-05-17 19:00:00,2023-05-17,19,22,22,2.01,1.6405311606211317,0,5,4,152.01878,False,True,False,22.727272727272727,2.01,0.0,0.0,1.6405311606211317
2023-05-18 06:00:00,2023-05-18,6,22,22,2.49,1.8673403256570729,0,5,13,152.01878,False,True,False,22.727272727272727,2.49,2.2319,0.0,-0.36455967434292713
2023-05-18 07:00:00,2023-05-18,7,22,22,7.5200000000000005,13.174125030043815,0,2,20,152.01878,False,True,False,9.090909090909092,7.52,18.4167,8.881784197001252e-16,-5.242574969956184
2023-05-18 18:00:00,2023-05-18,18,22,22,10.35,10.05791925694607,0,2,21,152.01878,False,True,False,9.090909090909092,10.35,9.2646,0.0,0.7933192569460701
2023-05-18 19:00:00,2023-05-18,19,22,22,3.0300000000000002,1.6405311606211317,0,5,7,152.01878,False,True,False,22.727272727272727,3.03,0.0,4.440892098500626e-16,1.6405311606211317
2023-05-19 06:00:00,2023-05-19,6,22,22,8.26,1.8673403256570729,0,5,19,152.01878,False,True,False,22.727272727272727,8.26,4.2494,0.0,-2.3820596743429268
2023-05-19 07:00:00,2023-05-19,7,22,22,22.59,20.267339360629453,0,2,21,152.01878,False,True,False,9.090909090909092,22.59,22.599,0.0,-2.331660639370547
2023-05-19 18:00:00,2023-05-19,18,22,22,10.07,9.795648141392823,0,2,21,152.01878,False,True,False,9.090909090909092,10.07,9.3756,0.0,0.4200481413928223
2023-05-19 19:00:00,2023-05-19,19,22,22,2.7,1.6405311606211317,0,5,10,152.01878,False,True,False,22.727272727272727,2.7,0.0,0.0,1.6405311606211317
2023-05-20 06:00:00,2023-05-20,6,23,23,9.600000000000001,1.9624745078581713,0,5,20,156.81878,False,True,False,21.73913043478261,9.6,4.6526,1.7763568394002505e-15,-2.6901254921418283
2023-05-20 07:00:00,2023-05-20,7,23,23,32.48,24.992408992729597,0,2,22,156.81878,False,True,False,8.695652173913043,32.48,26.2351,0.0,-1.2426910072704018
2023-05-20 18:00:00,2023-05-20,18,23,23,9.77,10.3243452804075,0,2,22,156.81878,False,True,False,8.695652173913043,9.77,9.9392,0.0,0.3851452804075013
2023-05-20 19:00:00,2023-05-20,19,23,23,2.37,1.728286190537462,0,5,5,156.81878,False,True,False,21.73913043478261,2.37,0.0,0.0,1.728286190537462
2023-05-21 06:00:00,2023-05-21,6,23,23,9.379999999999999,1.9624745078581713,0,5,20,156.81878,False,True,False,21.73913043478261,9.38,4.3071,-1.7763568394002505e-15,-2.344625492141829
2023-05-21 07:00:00,2023-05-21,7,23,23,30.82,21.302020754875716,0,2,22,156.81878,False,True,False,8.695652173913043,30.82,24.057,0.0,-2.7549792451242823
2023-05-21 18:00:00,2023-05-21,18,23,23,5.68,9.233361432334004,0,2,21,156.81878,False,True,False,8.695652173913043,5.68,8.4921,0.0,0.741261432334003
2023-05-21 19:00:00,2023-05-21,19,23,23,1.61,1.728286190537462,0,5,3,156.81878,False,True,False,21.73913043478261,1.6099999999999999,0.0,2.220446049250313e-16,1.728286190537462
2023-05-22 06:00:00,2023-05-22,6,23,23,4.93,1.9624745078581713,0,5,16,156.81878,False,True,False,21.73913043478261,4.93,2.305,0.0,-0.3425254921418288
2023-05-22 07:00:00,2023-05-22,7,23,23,14.05,11.125903309307125,0,2,22,156.81878,False,True,False,8.695652173913043,14.05,16.6139,0.0,-5.487996690692876
2023-05-22 18:00:00,2023-05-22,18,23,23,14.21,10.175805204351251,0,2,22,156.81878,False,True,False,8.695652173913043,14.21,9.7212,0.0,0.4546052043512514
2023-05-22 19:00:00,2023-05-22,19,23,23,6.22,1.728286190537462,0,5,11,156.81878,False,True,False,21.73913043478261,6.22,0.0,0.0,1.728286190537462
2023-05-23 06:00:00,2023-05-23,6,23,23,10.35,1.9624745078581713,0,5,20,156.81878,False,True,False,21.73913043478261,10.35,4.9453,0.0,-2.9828254921418282
2023-05-23 07:00:00,2023-05-23,7,23,23,33.4,28.761462114240242,0,2,22,156.81878,False,True,False,8.695652173913043,33.4,30.0217,0.0,-1.2602378857597571
2023-05-23 18:00:00,2023-05-23,18,23,23,10.56,9.976937099955325,0,2,22,156.81878,False,True,False,8.695652173913043,10.56,9.5349,0.0,0.4420370999553249
2023-05-23 19:00:00,2023-05-23,19,23,23,1.6600000000000001,1.728286190537462,0,5,8,156.81878,False,True,False,21.73913043478261,1.6600000000000001,0.0,0.0,1.728286190537462
2023-05-24 06:00:00,2023-05-24,6,23,23,4.25,1.9624745078581713,0,5,16,156.81878,False,True,False,21.73913043478261,4.25,2.2856,0.0,-0.32312549214182873
2023-05-24 07:00:00,2023-05-24,7,23,23,8.93,1.8481401715518175,0,5,22,156.81878,False,True,False,21.73913043478261,8.93,14.3637,0.0,-12.515559828448183
2023-05-24 18:00:00,2023-05-24,18,23,23,9.2,10.239409587886431,0,2,22,156.81878,False,True,False,8.695652173913043,9.2,9.6337,0.0,0.605709587886432
2023-05-24 19:00:00,2023-05-24,19,23,23,1.7800000000000002,1.728286190537462,0,5,10,156.81878,False,True,False,21.73913043478261,1.78,0.0,2.220446049250313e-16,1.728286190537462
2023-05-25 06:00:00,2023-05-25,6,23,23,10.65,1.9624745078581713,0,5,16,156.81878,False,True,False,21.73913043478261,10.65,4.3347,0.0,-2.3722254921418284
2023-05-25 07:00:00,2023-05-25,7,23,23,27.439999999999998,21.959900603811715,0,2,19,156.81878,False,True,False,8.695652173913043,27.44,23.9187,-3.552713678800501e-15,-1.9587993961882866
2023-05-25 18:00:00,2023-05-25,18,23,23,8.48,9.089994008089576,0,2,22,156.81878,False,True,False,8.695652173913043,8.48,8.4194,0.0,0.6705940080895765
2023-05-25 19:00:00,2023-05-25,19,23,23,2.4,1.728286190537462,0,5,13,156.81878,False,True,False,21.73913043478261,2.4,0.0,0.0,1.728286190537462
2023-05-26 06:00:00,2023-05-26,6,23,23,9.219999999999999,1.9624745078581713,0,5,16,156.81878,False,True,False,21.73913043478261,9.22,3.8482000000000003,-1.7763568394002505e-15,-1.885725492141829
2023-05-26 07:00:00,2023-05-26,7,23,23,18.5,16.277728858251553,0,2,19,156.81878,False,True,False,8.695652173913043,18.5,18.9894,0.0,-2.7116711417484467
2023-05-26 18:00:00,2023-05-26,18,23,23,2.85,1.7863181336026883,0,5,19,156.81878,False,True,False,21.73913043478261,2.85,4.2308,0.0,-2.444481866397312
2023-05-26 19:00:00,2023-05-26,19,23,23,1.58,1.728286190537462,0,5,1,156.81878,False,True,False,21.73913043478261,1.58,0.0,0.0,1.728286190537462
2023-05-27 06:00:00,2023-05-27,6,23,23,2.52,1.9624745078581713,0,5,13,156.81878,False,True,False,21.73913043478261,2.52,3.7718,0.0,-1.8093254921418285
2023-05-27 07:00:00,2023-05-27,7,23,23,4.41,2.774304195411485,0,5,21,156.81878,False,True,False,21.73913043478261,4.41,12.0205,0.0,-9.246195804588515
2023-05-27 18:00:00,2023-05-27,18,23,23,4.12,7.0481345925096,0,2,21,156.81878,False,True,False,8.695652173913043,4.12,6.9179,0.0,0.13023459250959935
2023-05-27 19:00:00,2023-05-27,19,23,23,1.58,1.728286190537462,0,5,3,156.81878,False,True,False,21.73913043478261,1.58,0.0,0.0,1.728286190537462
2023-05-28 06:00:00,2023-05-28,6,23,23,1.71,1.9624745078581713,0,5,3,156.81878,False,True,False,21.73913043478261,1.71,1.9996,0.0,-0.0371254921418287
2023-05-28 07:00:00,2023-05-28,7,23,23,3.36,1.8481401715518175,0,5,19,156.81878,False,True,False,21.73913043478261,3.36,10.5462,0.0,-8.698059828448184
2023-05-28 18:00:00,2023-05-28,18,23,23,5.78,4.1038595158565006,0,3,21,156.81878,False,True,False,13.043478260869565,5.78,6.1045,0.0,-2.0006404841434993
2023-05-28 19:00:00,2023-05-28,19,23,23,1.61,1.728286190537462,0,5,4,156.81878,False,True,False,21.73913043478261,1.6099999999999999,0.0,2.220446049250313e-16,1.728286190537462
2023-05-29 06:00:00,2023-05-29,6,23,23,2.45,1.9624745078581713,0,5,9,156.81878,False,True,False,21.73913043478261,2.45,2.0889,0.0,-0.12642549214182885
2023-05-29 07:00:00,2023-05-29,7,23,23,2.75,1.8481401715518175,0,5,13,156.81878,False,True,False,21.73913043478261,2.75,10.6778,0.0,-8.829659828448182
2023-05-29 18:00:00,2023-05-29,18,23,23,5.83,7.514380740313871,0,2,21,156.81878,False,True,False,8.695652173913043,5.83,7.5218,0.0,-0.007419259686129109
2023-05-29 19:00:00,2023-05-29,19,23,23,2.65,1.728286190537462,0,5,6,156.81878,False,True,False,21.73913043478261,2.65,0.0,0.0,1.728286190537462
2023-05-30 06:00:00,2023-05-30,6,23,23,3.67,1.9624745078581713,0,5,17,156.81878,False,True,False,21.73913043478261,3.67,2.1191,0.0,-0.15662549214182864
2023-05-30 07:00:00,2023-05-30,7,23,23,10.47,1.8481401715518175,0,5,22,156.81878,False,True,False,21.73913043478261,10.47,10.6613,0.0,-8.813159828448184
2023-05-30 18:00:00,2023-05-30,18,23,23,6.4,1.7863181336026883,0,5,22,156.81878,False,True,False,21.73913043478261,6.4,4.22,0.0,-2.433681866397311
2023-05-30 19:00:00,2023-05-30,19,23,23,1.84,1.728286190537462,0,5,6,156.81878,False,True,False,21.73913043478261,1.8399999999999999,0.0,2.220446049250313e-16,1.728286190537462
2023-05-31 06:00:00,2023-05-31,6,23,23,11.32,1.9624745078581713,0,5,20,156.81878,False,True,False,21.73913043478261,11.32,4.2783,0.0,-2.3158254921418284
2023-05-31 07:00:00,2023-05-31,7,23,23,30.169999999999998,22.002429775922415,0,2,22,156.81878,False,True,False,8.695652173913043,30.17,24.1796,-3.552713678800501e-15,-2.177170224077585
2023-05-31 18:00:00,2023-05-31,18,23,23,9.06,9.070910938890856,0,2,21,156.81878,False,True,False,8.695652173913043,9.06,8.6036,0.0,0.46731093889085606
2023-05-31 19:00:00,2023-05-31,19,23,23,2.21,1.728286190537462,0,5,6,156.81878,False,True,False,21.73913043478261,2.21,0.0,0.0,1.728286190537462
2023-06-01 06:00:00,2023-06-01,6,23,23,4.85,1.9624745078581713,0,5,18,156.81878,False,True,False,21.73913043478261,4.85,4.1112,0.0,-2.148725492141829
2023-06-01 07:00:00,2023-06-01,7,23,23,13.55,1.8481401715518175,0,5,22,156.81878,False,True,False,21.73913043478261,13.55,15.6319,0.0,-13.783759828448183
2023-06-01 18:00:00,2023-06-01,18,23,23,11.55,10.465213633717243,0,2,22,156.81878,False,True,False,8.695652173913043,11.55,10.3007,0.0,0.1645136337172417
2023-06-01 19:00:00,2023-06-01,19,23,23,2.33,1.728286190537462,0,5,12,156.81878,False,True,False,21.73913043478261,2.33,0.0,0.0,1.728286190537462
2023-06-02 06:00:00,2023-06-02,6,23,23,10.27,1.9624745078581713,0,5,20,156.81878,False,True,False,21.73913043478261,10.27,4.5502,0.0,-2.587725492141829
2023-06-02 07:00:00,2023-06-02,7,23,23,32.97,26.671050507486594,0,2,22,156.81878,False,True,False,8.695652173913043,32.97,26.9911,0.0,-0.3200494925134052
2023-06-02 18:00:00,2023-06-02,18,23,23,7.2299999999999995,8.467510633684023,0,2,22,156.81878,False,True,False,8.695652173913043,7.23,7.8692,-8.881784197001252e-16,0.5983106336840232
2023-06-02 19:00:00,2023-06-02,19,23,23,2.0500000000000003,1.728286190537462,0,5,8,156.81878,False,True,False,21.73913043478261,2.05,0.0,4.440892098500626e-16,1.728286190537462
2023-06-03 06:00:00,2023-06-03,6,23,23,13.1,1.9624745078581713,0,5,20,156.81878,False,True,False,21.73913043478261,13.1,4.8499,0.0,-2.8874254921418285
2023-06-03 07:00:00,2023-06-03,7,23,23,33.09,27.905475129772555,0,2,22,156.81878,False,True,False,8.695652173913043,33.09,28.3464,0.0,-0.44092487022744464
2023-06-03 18:00:00,2023-06-03,18,23,23,10.52,10.09002772782651,0,2,22,156.81878,False,True,False,8.695652173913043,10.52,9.2628,0.0,0.827227727826509
2023-06-03 19:00:00,2023-06-03,19,23,23,2.54,1.728286190537462,0,5,13,156.81878,False,True,False,21.73913043478261,2.54,0.0,0.0,1.728286190537462
2023-06-04 06:00:00,2023-06-04,6,23,23,4.5200000000000005,1.9624745078581713,0,5,16,156.81878,False,True,False,21.73913043478261,4.52,2.1857,8.881784197001252e-16,-0.22322549214182885
2023-06-04 07:00:00,2023-06-04,7,23,23,13.45,1.8481401715518175,0,5,21,156.81878,False,True,False,21.73913043478261,13.45,12.6667,0.0,-10.818559828448183
2023-06-04 18:00:00,2023-06-04,18,23,23,4.74,1.7863181336026883,0,5,21,156.81878,False,True,False,21.73913043478261,4.74,4.0362,0.0,-2.2498818663973115
2023-06-04 19:00:00,2023-06-04,19,23,23,1.6500000000000001,1.728286190537462,0,5,5,156.81878,False,True,False,21.73913043478261,1.65,0.0,2.220446049250313e-16,1.728286190537462
2023-06-05 06:00:00,2023-06-05,6,23,23,7.029999999999999,1.9624745078581713,0,5,18,156.81878,False,True,False,21.73913043478261,7.03,2.2916,-8.881784197001252e-16,-0.3291254921418285
2023-06-05 07:00:00,2023-06-05,7,23,23,13.370000000000001,8.31577567561691,0,4,22,156.81878,False,True,False,17.391304347826086,13.37,16.4114,1.7763568394002505e-15,-8.09562432438309
2023-06-05 18:00:00,2023-06-05,18,23,23,6.76,10.052349384337106,0,2,21,156.81878,False,True,False,8.695652173913043,6.76,9.6819,0.0,0.37044938433710506
2023-06-05 19:00:00,2023-06-05,19,23,23,1.9500000000000002,1.728286190537462,0,5,12,156.81878,False,True,False,21.73913043478261,1.9500000000000002,0.0,0.0,1.728286190537462
2023-06-06 06:00:00,2023-06-06,6,23,23,11.02,1.9624745078581713,0,5,20,156.81878,False,True,False,21.73913043478261,11.02,4.9041,0.0,-2.9416254921418283
2023-06-06 07:00:00,2023-06-06,7,23,23,31.560000000000002,28.64573089063087,0,2,22,156.81878,False,True,False,8.695652173913043,31.56,28.8858,3.552713678800501e-15,-0.24006910936913073
2023-06-06 18:00:00,2023-06-06,18,23,23,10.66,10.933225180950336,0,2,22,156.81878,False,True,False,8.695652173913043,10.66,10.7681,0.0,0.16512518095033535
2023-06-06 19:00:00,2023-06-06,19,23,23,2.61,1.728286190537462,0,5,14,156.81878,False,True,False,21.73913043478261,2.61,0.0568,0.0,1.671486190537462
2023-06-07 06:00:00,2023-06-07,6,23,23,10.01,1.9624745078581713,0,5,20,156.81878,False,True,False,21.73913043478261,10.01,4.5521,0.0,-2.589625492141829
2023-06-07 07:00:00,2023-06-07,7,23,23,31.52,24.030487414008437,0,2,22,156.81878,False,True,False,8.695652173913043,31.52,24.3328,0.0,-0.30231258599156163
2023-06-07 18:00:00,2023-06-07,18,23,23,10.51,8.707571672319812,0,2,22,156.81878,False,True,False,8.695652173913043,10.51,8.8143,0.0,-0.10672832768018736
2023-06-07 19:00:00,2023-06-07,19,23,23,1.8900000000000001,1.728286190537462,0,5,12,156.81878,False,True,False,21.73913043478261,1.8900000000000001,0.055900000000000005,0.0,1.672386190537462
2023-06-08 06:00:00,2023-06-08,6,23,23,9.61,1.9624745078581713,0,5,19,156.81878,False,True,False,21.73913043478261,9.61,4.6983,0.0,-2.7358254921418284
2023-06-08 07:00:00,2023-06-08,7,23,23,31.439999999999998,27.251864173186817,0,2,22,156.81878,False,True,False,8.695652173913043,31.44,27.7011,-3.552713678800501e-15,-0.4492358268131831
2023-06-08 18:00:00,2023-06-08,18,23,23,11.23,12.054609426405216,0,2,22,156.81878,False,True,False,8.695652173913043,11.23,11.8157,0.0,0.2389094264052165
2023-06-08 19:00:00,2023-06-08,19,23,23,2.7399999999999998,1.728286190537462,0,5,17,156.81878,False,True,False,21.73913043478261,2.74,0.2712,-4.440892098500626e-16,1.4570861905374621
2023-06-09 06:00:00,2023-06-09,6,23,23,10.13,1.9624745078581713,0,5,20,156.81878,False,True,False,21.73913043478261,10.13,4.7522,0.0,-2.789725492141829
2023-06-09 07:00:00,2023-06-09,7,23,23,30.6,27.126105368297814,0,2,22,156.81878,False,True,False,8.695652173913043,30.6,28.1114,0.0,-0.9852946317021853
2023-06-09 18:00:00,2023-06-09,18,23,23,14.26,9.645520733092962,0,2,22,156.81878,False,True,False,8.695652173913043,14.26,9.0504,0.0,0.595120733092962
2023-06-09 19:00:00,2023-06-09,19,23,23,3.1199999999999997,1.728286190537462,0,5,11,156.81878,False,True,False,21.73913043478261,3.12,0.6359,-4.440892098500626e-16,1.092386190537462
2023-06-10 06:00:00,2023-06-10,6,23,23,6.8100000000000005,1.9624745078581713,0,5,19,156.81878,False,True,False,21.73913043478261,6.8100000000000005,4.6941,0.0,-2.7316254921418284
2023-06-10 07:00:00,2023-06-10,7,23,23,15.84,23.470712286270594,0,2,22,156.81878,False,True,False,8.695652173913043,15.84,24.0235,0.0,-0.5527877137294048
2023-06-10 18:00:00,2023-06-10,18,23,23,12.040000000000001,11.817537917824717,0,2,22,156.81878,False,True,False,8.695652173913043,12.04,11.0625,1.7763568394002505e-15,0.7550379178247173
2023-06-10 19:00:00,2023-06-10,19,23,23,2.37,1.728286190537462,0,5,16,156.81878,False,True,False,21.73913043478261,2.37,0.801,0.0,0.927286190537462
2023-06-11 06:00:00,2023-06-11,6,23,23,10.98,1.9624745078581713,0,5,20,156.81878,False,True,False,21.73913043478261,10.98,4.8078,0.0,-2.845325492141829
2023-06-11 07:00:00,2023-06-11,7,23,23,28.33,25.26077244604609,0,2,22,156.81878,False,True,False,8.695652173913043,28.33,25.8827,0.0,-0.6219275539539098
2023-06-11 18:00:00,2023-06-11,18,23,23,14.469999999999999,11.66084254431966,0,2,22,156.81878,False,True,False,8.695652173913043,14.47,11.3462,-1.7763568394002505e-15,0.31464254431966054
2023-06-11 19:00:00,2023-06-11,19,23,23,2.6599999999999997,1.728286190537462,0,5,14,156.81878,False,True,False,21.73913043478261,2.66,3.6416,-4.440892098500626e-16,-1.913313809462538
2023-06-12 06:00:00,2023-06-12,6,23,23,4.22,1.9624745078581713,0,5,16,156.81878,False,True,False,21.73913043478261,4.22,4.282,0.0,-2.3195254921418287
2023-06-12 07:00:00,2023-06-12,7,23,23,13.51,14.122879428241795,0,2,21,156.81878,False,True,False,8.695652173913043,13.51,17.8901,0.0,-3.7672205717582052
2023-06-12 18:00:00,2023-06-12,18,23,23,12.46,10.264251608721136,0,2,22,156.81878,False,True,False,8.695652173913043,12.46,9.6414,0.0,0.6228516087211347
2023-06-12 19:00:00,2023-06-12,19,23,23,3.71,1.728286190537462,0,5,17,156.81878,False,True,False,21.73913043478261,3.71,3.9247,0.0,-2.196413809462538
2023-06-13 06:00:00,2023-06-13,6,23,23,7.93,1.9624745078581713,0,5,20,156.81878,False,True,False,21.73913043478261,7.93,4.4352,0.0,-2.4727254921418287
2023-06-13 07:00:00,2023-06-13,7,23,23,22.4,19.54457941544587,0,2,22,156.81878,False,True,False,8.695652173913043,22.4,21.0051,0.0,-1.4605205845541285
2023-06-13 18:00:00,2023-06-13,18,23,23,7.640000000000001,11.083108846627587,0,2,22,156.81878,False,True,False,8.695652173913043,7.64,11.1135,8.881784197001252e-16,-0.03039115337241327
2023-06-13 19:00:00,2023-06-13,19,23,23,2.7800000000000002,1.728286190537462,0,5,12,156.81878,False,True,False,21.73913043478261,2.7800000000000002,3.9023,0.0,-2.174013809462538
2023-06-14 06:00:00,2023-06-14,6,23,23,8.91,1.9624745078581713,0,5,20,156.81878,False,True,False,21.73913043478261,8.91,4.7548,0.0,-2.792325492141829
2023-06-14 07:00:00,2023-06-14,7,23,23,29.09,26.8837396285871,0,2,22,156.81878,False,True,False,8.695652173913043,29.09,26.8364,0.0,0.047339628587099725
2023-06-14 18:00:00,2023-06-14,18,23,23,12.39,12.233503961017146,0,2,22,156.81878,False,True,False,8.695652173913043,12.39,11.8615,0.0,0.37200396101714617
2023-06-14 19:00:00,2023-06-14,19,23,23,2.4699999999999998,1.728286190537462,0,5,19,156.81878,False,True,False,21.73913043478261,2.47,3.8813,-4.440892098500626e-16,-2.153013809462538
2023-06-15 06:00:00,2023-06-15,6,23,23,9.629999999999999,1.9624745078581713,0,5,20,156.81878,False,True,False,21.73913043478261,9.63,4.7389,-1.7763568394002505e-15,-2.7764254921418288
2023-06-15 07:00:00,2023-06-15,7,23,23,29.62,27.332205180915942,0,2,22,156.81878,False,True,False,8.695652173913043,29.62,28.2701,0.0,-0.9378948190840575
2023-06-15 18:00:00,2023-06-15,18,23,23,11.68,11.423998399773621,0,2,22,156.81878,False,True,False,8.695652173913043,11.68,11.4488,0.0,-0.024801600226378895
2023-06-15 19:00:00,2023-06-15,19,23,23,3.4699999999999998,1.728286190537462,0,5,19,156.81878,False,True,False,21.73913043478261,3.47,4.2243,-4.440892098500626e-16,-2.4960138094625384
2023-06-16 06:00:00,2023-06-16,6,23,23,9.06,1.9624745078581713,0,5,20,156.81878,False,True,False,21.73913043478261,9.06,4.5033,0.0,-2.540825492141829
2023-06-16 07:00:00,2023-06-16,7,23,23,27.32,22.414149812221666,0,2,22,156.81878,False,True,False,8.695652173913043,27.32,22.8339,0.0,-0.41975018777833384
2023-06-16 18:00:00,2023-06-16,18,23,23,10.79,9.853798844424002,0,2,22,156.81878,False,True,False,8.695652173913043,10.79,9.7006,0.0,0.15319884442400244
2023-06-16 19:00:00,2023-06-16,19,23,23,4.3,1.728286190537462,0,5,14,156.81878,False,True,False,21.73913043478261,4.3,4.2027,0.0,-2.474413809462538
2023-06-17 06:00:00,2023-06-17,6,23,23,9.55,1.9624745078581713,0,5,19,156.81878,False,True,False,21.73913043478261,9.55,2.2163,0.0,-0.2538254921418286
2023-06-17 07:00:00,2023-06-17,7,23,23,19.94,14.530850676578844,0,2,22,156.81878,False,True,False,8.695652173913043,19.94,16.341,0.0,-1.8101493234211574
2023-06-17 18:00:00,2023-06-17,18,23,23,4.42,1.7863181336026883,0,5,20,156.81878,False,True,False,21.73913043478261,4.42,4.1236,0.0,-2.337281866397311
2023-06-17 19:00:00,2023-06-17,19,23,23,1.6,1.728286190537462,0,5,5,156.81878,False,True,False,21.73913043478261,1.6,3.6592000000000002,0.0,-1.9309138094625382
2023-06-18 06:00:00,2023-06-18,6,23,23,2.8600000000000003,1.9624745078581713,0,5,12,156.81878,False,True,False,21.73913043478261,2.86,1.9787,4.440892098500626e-16,-0.016225492141828557
2023-06-18 07:00:00,2023-06-18,7,23,23,7.21,1.8481401715518175,0,5,21,156.81878,False,True,False,21.73913043478261,7.21,8.6571,0.0,-6.808959828448183
2023-06-18 18:00:00,2023-06-18,18,23,23,14.1,10.615696767662437,0,2,22,156.81878,False,True,False,8.695652173913043,14.1,10.1567,0.0,0.4589967676624358
2023-06-18 19:00:00,2023-06-18,19,23,23,2.57,1.728286190537462,0,5,18,156.81878,False,True,False,21.73913043478261,2.5700000000000003,4.1156,-4.440892098500626e-16,-2.3873138094625377
2023-06-19 06:00:00,2023-06-19,6,23,23,2.28,1.9624745078581713,0,5,14,156.81878,False,True,False,21.73913043478261,2.2800000000000002,1.9581,-4.440892098500626e-16,0.004374507858171395
2023-06-19 07:00:00,2023-06-19,7,23,23,4.76,1.8481401715518175,0,5,20,156.81878,False,True,False,21.73913043478261,4.76,8.5123,0.0,-6.664159828448183
2023-06-19 18:00:00,2023-06-19,18,23,23,3.6,1.7863181336026883,0,5,19,156.81878,False,True,False,21.73913043478261,3.6,4.2681000000000004,0.0,-2.481781866397312
2023-06-19 19:00:00,2023-06-19,19,23,23,1.8,1.728286190537462,0,5,6,156.81878,False,True,False,21.73913043478261,1.8,3.6878,0.0,-1.9595138094625382
2023-06-20 06:00:00,2023-06-20,6,23,23,7.36,1.9624745078581713,0,5,19,156.81878,False,True,False,21.73913043478261,7.36,4.0923,0.0,-2.1298254921418285
2023-06-20 07:00:00,2023-06-20,7,23,23,11.64,18.057142368601454,0,2,22,156.81878,False,True,False,8.695652173913043,11.64,20.1181,0.0,-2.0609576313985443
2023-06-20 18:00:00,2023-06-20,18,23,23,15.79,12.29219473818442,0,2,22,156.81878,False,True,False,8.695652173913043,15.79,11.8526,0.0,0.43959473818441985
2023-06-20 19:00:00,2023-06-20,19,23,23,2.23,1.728286190537462,0,5,14,156.81878,False,True,False,21.73913043478261,2.23,4.1321,0.0,-2.4038138094625383
2023-06-21 06:00:00,2023-06-21,6,23,23,12.57,1.9624745078581713,0,5,20,156.81878,False,True,False,21.73913043478261,12.57,4.4766,0.0,-2.514125492141829
2023-06-21 07:00:00,2023-06-21,7,23,23,22.97,21.249581736082614,0,2,22,156.81878,False,True,False,8.695652173913043,22.97,22.243,0.0,-0.9934182639173841
2023-06-21 18:00:00,2023-06-21,18,23,23,14.61,10.568588135942997,0,2,22,156.81878,False,True,False,8.695652173913043,14.61,9.6202,0.0,0.9483881359429969
2023-06-21 19:00:00,2023-06-21,19,23,23,7.2299999999999995,1.728286190537462,0,5,19,156.81878,False,True,False,21.73913043478261,7.23,4.2269,-8.881784197001252e-16,-2.4986138094625376
2023-06-22 06:00:00,2023-06-22,6,23,23,11.17,1.9624745078581713,0,5,20,156.81878,False,True,False,21.73913043478261,11.17,4.796,0.0,-2.833525492141829
2023-06-22 07:00:00,2023-06-22,7,23,23,28.69,26.905338372520166,0,2,22,156.81878,False,True,False,8.695652173913043,28.69,27.0282,0.0,-0.12286162747983198
2023-06-22 18:00:00,2023-06-22,18,23,23,15.200000000000001,12.900367849310294,0,2,22,156.81878,False,True,False,8.695652173913043,15.2,12.6017,1.7763568394002505e-15,0.298667849310295
2023-06-22 19:00:00,2023-06-22,19,23,23,3.34,1.728286190537462,0,5,19,156.81878,False,True,False,21.73913043478261,3.34,4.3246,0.0,-2.596313809462538
2023-06-23 06:00:00,2023-06-23,6,23,23,10.47,1.9624745078581713,0,5,20,156.81878,False,True,False,21.73913043478261,10.47,4.5847,0.0,-2.6222254921418284
2023-06-23 07:00:00,2023-06-23,7,23,23,25.36,23.18817658705573,0,2,22,156.81878,False,True,False,8.695652173913043,25.36,23.5829,0.0,-0.3947234129442698
2023-06-23 18:00:00,2023-06-23,18,23,23,12.030000000000001,10.555099145385174,0,2,22,156.81878,False,True,False,8.695652173913043,12.03,9.9879,1.7763568394002505e-15,0.5671991453851746
2023-06-23 19:00:00,2023-06-23,19,23,23,4.29,1.728286190537462,0,5,19,156.81878,False,True,False,21.73913043478261,4.29,4.2632,0.0,-2.5349138094625383
2023-06-24 06:00:00,2023-06-24,6,23,23,9.71,1.9624745078581713,0,5,20,156.81878,False,True,False,21.73913043478261,9.71,4.8075,0.0,-2.8450254921418288
2023-06-24 07:00:00,2023-06-24,7,23,23,30.14,27.663622409080464,0,2,22,156.81878,False,True,False,8.695652173913043,30.14,27.907,0.0,-0.24337759091953615
2023-06-24 18:00:00,2023-06-24,18,23,23,14.43,11.927817293075366,0,2,22,156.81878,False,True,False,8.695652173913043,14.43,11.4708,0.0,0.4570172930753653
2023-06-24 19:00:00,2023-06-24,19,23,23,5.41,1.728286190537462,0,5,20,156.81878,False,True,False,21.73913043478261,5.41,4.2417,0.0,-2.513413809462538
2023-06-25 06:00:00,2023-06-25,6,23,23,1.82,1.9624745078581713,0,5,7,156.81878,False,True,False,21.73913043478261,1.82,1.9151,0.0,0.04737450785817132
2023-06-25 07:00:00,2023-06-25,7,23,23,3.27,1.8481401715518175,0,5,18,156.81878,False,True,False,21.73913043478261,3.27,8.1509,0.0,-6.302759828448183
2023-06-25 18:00:00,2023-06-25,18,23,23,4.57,1.7863181336026883,0,5,21,156.81878,False,True,False,21.73913043478261,4.57,4.2697,0.0,-2.4833818663973117
2023-06-25 19:00:00,2023-06-25,19,23,23,2.77,1.728286190537462,0,5,10,156.81878,False,True,False,21.73913043478261,2.77,3.7701000000000002,0.0,-2.041813809462538
2023-06-26 06:00:00,2023-06-26,6,23,23,4.14,1.9624745078581713,0,5,14,156.81878,False,True,False,21.73913043478261,4.14,3.8294,0.0,-1.8669254921418288
2023-06-26 07:00:00,2023-06-26,7,23,23,11.44,1.8481401715518175,0,5,22,156.81878,False,True,False,21.73913043478261,11.44,14.0881,0.0,-12.239959828448184
2023-06-26 18:00:00,2023-06-26,18,23,23,14.51,11.992308234675221,0,2,22,156.81878,False,True,False,8.695652173913043,14.51,11.7404,0.0,0.2519082346752217
2023-06-26 19:00:00,2023-06-26,19,23,23,4.75,1.728286190537462,0,5,19,156.81878,False,True,False,21.73913043478261,4.75,4.2139,0.0,-2.4856138094625377
2023-06-27 06:00:00,2023-06-27,6,23,23,9.39,1.9624745078581713,0,5,19,156.81878,False,True,False,21.73913043478261,9.39,4.4767,0.0,-2.5142254921418288
2023-06-27 07:00:00,2023-06-27,7,23,23,31.45,23.983368705266933,0,2,21,156.81878,False,True,False,8.695652173913043,31.45,24.2168,0.0,-0.2334312947330659
2023-06-27 18:00:00,2023-06-27,18,23,23,12.879999999999999,11.84389608632708,0,2,21,156.81878,False,True,False,8.695652173913043,12.88,11.641,-1.7763568394002505e-15,0.20289608632707967
2023-06-27 19:00:00,2023-06-27,19,23,23,3.21,1.728286190537462,0,5,19,156.81878,False,True,False,21.73913043478261,3.21,4.2253,0.0,-2.497013809462538
2023-06-28 06:00:00,2023-06-28,6,23,23,10.25,1.9624745078581713,0,5,19,156.81878,False,True,False,21.73913043478261,10.25,4.4515,0.0,-2.489025492141829
2023-06-28 07:00:00,2023-06-28,7,23,23,19.78,18.377677685828512,0,2,22,156.81878,False,True,False,8.695652173913043,19.78,19.5033,0.0,-1.125622314171487
2023-06-28 18:00:00,2023-06-28,18,23,23,8.15,4.3686813407908245,0,4,21,156.81878,False,True,False,17.391304347826086,8.15,7.2417,0.0,-2.8730186592091753
2023-06-28 19:00:00,2023-06-28,19,23,23,4.6000000000000005,1.728286190537462,0,5,13,156.81878,False,True,False,21.73913043478261,4.6,4.1905,8.881784197001252e-16,-2.462213809462538
2023-06-29 06:00:00,2023-06-29,6,23,23,6.640000000000001,1.9624745078581713,0,5,19,156.81878,False,True,False,21.73913043478261,6.64,3.9389000000000003,8.881784197001252e-16,-1.976425492141829
2023-06-29 07:00:00,2023-06-29,7,23,23,17.64,17.01262427447332,0,2,22,156.81878,False,True,False,8.695652173913043,17.64,18.916,0.0,-1.9033757255266792
2023-06-29 18:00:00,2023-06-29,18,23,23,9.370000000000001,5.517549101620644,0,3,22,156.81878,False,True,False,13.043478260869565,9.37,8.367,1.7763568394002505e-15,-2.8494508983793567
2023-06-29 19:00:00,2023-06-29,19,23,23,2.8600000000000003,1.728286190537462,0,5,15,156.81878,False,True,False,21.73913043478261,2.86,4.0123,4.440892098500626e-16,-2.2840138094625377
2023-06-30 06:00:00,2023-06-30,6,23,23,8.24,1.9624745078581713,0,5,20,156.81878,False,True,False,21.73913043478261,8.24,4.1122,0.0,-2.1497254921418283
2023-06-30 07:00:00,2023-06-30,7,23,23,24.94,3.163774906627759,0,5,22,156.81878,False,True,False,21.73913043478261,24.94,16.0252,0.0,-12.861425093372242
2023-06-30 18:00:00,2023-06-30,18,23,23,11.91,12.55818875300267,0,2,22,156.81878,False,True,False,8.695652173913043,11.91,12.336500000000001,0.0,0.22168875300266855
2023-06-30 19:00:00,2023-06-30,19,23,23,2.67,1.728286190537462,0,5,19,156.81878,False,True,False,21.73913043478261,2.67,4.2919,0.0,-2.563613809462538
2023-07-01 06:00:00,2023-07-01,6,23,23,9.620000000000001,1.9624745078581713,0,5,20,156.81878,False,True,False,21.73913043478261,9.62,4.3143,1.7763568394002505e-15,-2.351825492141829
2023-07-01 07:00:00,2023-07-01,7,23,23,21.4,17.92450147106051,0,2,22,156.81878,False,True,False,8.695652173913043,21.4,18.5373,0.0,-0.6127985289394893
2023-07-01 18:00:00,2023-07-01,18,23,23,15.690000000000001,12.265934668724302,0,2,22,156.81878,False,True,False,8.695652173913043,15.69,11.8965,1.7763568394002505e-15,0.36943466872430264
2023-07-01 19:00:00,2023-07-01,19,23,23,5.61,1.728286190537462,0,5,19,156.81878,False,True,False,21.73913043478261,5.61,4.3529,0.0,-2.624613809462538
2023-07-02 06:00:00,2023-07-02,6,23,23,5.21,1.9624745078581713,0,5,18,156.81878,False,True,False,21.73913043478261,5.21,4.3259,0.0,-2.3634254921418285
2023-07-02 07:00:00,2023-07-02,7,23,23,23.44,17.918361424307797,0,2,22,156.81878,False,True,False,8.695652173913043,23.44,18.3494,0.0,-0.4310385756922024
2023-07-02 18:00:00,2023-07-02,18,23,23,7.07,9.010889081998881,0,2,21,156.81878,False,True,False,8.695652173913043,7.07,8.4398,0.0,0.5710890819988812
2023-07-02 19:00:00,2023-07-02,19,23,23,2.68,1.728286190537462,0,5,6,156.81878,False,True,False,21.73913043478261,2.68,4.3973,0.0,-2.6690138094625384
2023-07-03 06:00:00,2023-07-03,6,23,23,4.18,1.9624745078581713,0,5,14,156.81878,False,True,False,21.73913043478261,4.18,1.9419,0.0,0.020574507858171387
2023-07-03 07:00:00,2023-07-03,7,23,23,3.27,1.8481401715518175,0,5,14,156.81878,False,True,False,21.73913043478261,3.27,8.4466,0.0,-6.598459828448183
2023-07-03 18:00:00,2023-07-03,18,23,23,5.91,8.128224132957097,0,3,21,156.81878,False,True,False,13.043478260869565,5.91,7.055,0.0,1.0732241329570975
2023-07-03 19:00:00,2023-07-03,19,23,23,2.98,1.728286190537462,0,5,7,156.81878,False,True,False,21.73913043478261,2.98,4.3068,0.0,-2.578513809462538
2023-07-04 06:00:00,2023-07-04,6,23,23,5.23,1.9624745078581713,0,5,19,156.81878,False,True,False,21.73913043478261,5.23,3.6488,0.0,-1.6863254921418287
2023-07-04 07:00:00,2023-07-04,7,23,23,18.740000000000002,1.8481401715518175,0,5,21,156.81878,False,True,False,21.73913043478261,18.74,10.1045,3.552713678800501e-15,-8.256359828448183
2023-07-04 18:00:00,2023-07-04,18,23,23,14.73,10.422168970826077,0,2,22,156.81878,False,True,False,8.695652173913043,14.73,9.3975,0.0,1.0246689708260757
2023-07-04 19:00:00,2023-07-04,19,23,23,4.9799999999999995,1.728286190537462,0,5,8,156.81878,False,True,False,21.73913043478261,4.98,4.3892,-8.881784197001252e-16,-2.6609138094625377
2023-07-05 06:00:00,2023-07-05,6,23,23,7.66,1.9624745078581713,0,5,19,156.81878,False,True,False,21.73913043478261,7.66,4.5729,0.0,-2.6104254921418284
2023-07-05 07:00:00,2023-07-05,7,23,23,25.72,25.970819943943116,0,2,21,156.81878,False,True,False,8.695652173913043,25.72,25.3904,0.0,0.5804199439431166
2023-07-05 18:00:00,2023-07-05,18,23,23,13.45,12.90433228844976,0,2,21,156.81878,False,True,False,8.695652173913043,13.45,12.5531,0.0,0.3512322884497596
2023-07-05 19:00:00,2023-07-05,19,23,23,4.8,1.728286190537462,0,5,18,156.81878,False,True,False,21.73913043478261,4.8,4.4348,0.0,-2.706513809462538
2023-07-06 06:00:00,2023-07-06,6,23,23,9.85,1.9624745078581713,0,5,19,156.81878,False,True,False,21.73913043478261,9.85,4.5334,0.0,-2.570925492141829
2023-07-06 07:00:00,2023-07-06,7,23,23,15.37,22.69527096788302,0,2,21,156.81878,False,True,False,8.695652173913043,15.37,22.0919,0.0,0.6033709678830199
2023-07-06 18:00:00,2023-07-06,18,23,23,7.83,1.7863181336026883,0,5,22,156.81878,False,True,False,21.73913043478261,7.83,4.6833,0.0,-2.8969818663973115
2023-07-06 19:00:00,2023-07-06,19,23,23,3.83,1.728286190537462,0,5,5,156.81878,False,True,False,21.73913043478261,3.83,4.0312,0.0,-2.302913809462538
2023-07-07 06:00:00,2023-07-07,6,23,23,8.45,1.9624745078581713,0,5,18,156.81878,False,True,False,21.73913043478261,8.45,4.3991,0.0,-2.4366254921418284
2023-07-07 07:00:00,2023-07-07,7,23,23,22.38,19.083464787544504,0,2,21,156.81878,False,True,False,8.695652173913043,22.38,20.0134,0.0,-0.9299352124554972
2023-07-07 18:00:00,2023-07-07,18,23,23,10.51,10.967318244172445,0,2,21,156.81878,False,True,False,8.695652173913043,10.51,10.6889,0.0,0.2784182441724443
2023-07-07 19:00:00,2023-07-07,19,23,23,3.2199999999999998,1.728286190537462,0,5,11,156.81878,False,True,False,21.73913043478261,3.22,4.562,-4.440892098500626e-16,-2.8337138094625383
2023-07-08 06:00:00,2023-07-08,6,23,23,6.54,1.9624745078581713,0,5,17,156.81878,False,True,False,21.73913043478261,6.54,4.3624,0.0,-2.3999254921418287
2023-07-08 07:00:00,2023-07-08,7,23,23,27.32,19.784956526443207,0,2,22,156.81878,False,True,False,8.695652173913043,27.32,17.4086,0.0,2.3763565264432067
2023-07-08 18:00:00,2023-07-08,18,23,23,12.6,12.833541528911587,0,2,22,156.81878,False,True,False,8.695652173913043,12.6,12.6659,0.0,0.16764152891158624
2023-07-08 19:00:00,2023-07-08,19,23,23,2.27,1.728286190537462,0,5,14,156.81878,False,True,False,21.73913043478261,2.27,4.5854,0.0,-2.857113809462538
2023-07-09 06:00:00,2023-07-09,6,23,23,2.62,1.9624745078581713,0,5,11,156.81878,False,True,False,21.73913043478261,2.62,4.5195,0.0,-2.5570254921418285
2023-07-09 07:00:00,2023-07-09,7,23,23,18.11,19.332353957308936,0,2,22,156.81878,False,True,False,8.695652173913043,18.11,20.2583,0.0,-0.9259460426910628
2023-07-09 18:00:00,2023-07-09,18,23,23,11.17,11.901423198252052,0,2,22,156.81878,False,True,False,8.695652173913043,11.17,11.8697,0.0,0.0317231982520525
2023-07-09 19:00:00,2023-07-09,19,23,23,2.1999999999999997,1.728286190537462,0,5,10,156.81878,False,True,False,21.73913043478261,2.2,4.572,-4.440892098500626e-16,-2.843713809462538
2023-07-10 06:00:00,2023-07-10,6,23,23,8.43,1.9624745078581713,0,5,20,156.81878,False,True,False,21.73913043478261,8.43,4.4211,0.0,-2.4586254921418287
2023-07-10 07:00:00,2023-07-10,7,23,23,25.05,20.82727153643229,0,2,22,156.81878,False,True,False,8.695652173913043,25.05,20.515,0.0,0.3122715364322879
2023-07-10 18:00:00,2023-07-10,18,23,23,9.34,9.337884661580345,0,2,22,156.81878,False,True,False,8.695652173913043,9.34,8.6177,0.0,0.7201846615803458
2023-07-10 19:00:00,2023-07-10,19,23,23,2.4,1.728286190537462,0,5,11,156.81878,False,True,False,21.73913043478261,2.4,4.3737,0.0,-2.6454138094625383
2023-07-11 06:00:00,2023-07-11,6,23,23,3.0300000000000002,1.9624745078581713,0,5,10,156.81878,False,True,False,21.73913043478261,3.03,2.0678,4.440892098500626e-16,-0.10532549214182874
2023-07-11 07:00:00,2023-07-11,7,23,23,2.5700000000000003,6.663463693362869,0,4,11,156.81878,False,True,False,17.391304347826086,2.5700000000000003,12.7879,0.0,-6.124436306637132
2023-07-11 18:00:00,2023-07-11,18,23,23,15.84,11.015053470703183,0,2,20,156.81878,False,True,False,8.695652173913043,15.84,9.459,0.0,1.5560534707031835
2023-07-11 19:00:00,2023-07-11,19,23,23,4.4,1.728286190537462,0,5,15,156.81878,False,True,False,21.73913043478261,4.4,4.3389,0.0,-2.6106138094625377
2023-07-12 06:00:00,2023-07-12,6,23,23,8.629999999999999,1.9624745078581713,0,5,17,156.81878,False,True,False,21.73913043478261,8.63,4.3239,-1.7763568394002505e-15,-2.3614254921418287
2023-07-12 07:00:00,2023-07-12,7,23,23,11.6,14.29341354115425,0,2,19,156.81878,False,True,False,8.695652173913043,11.6,16.8142,0.0,-2.52078645884575
2023-07-12 18:00:00,2023-07-12,18,23,23,8.64,1.7863181336026883,0,5,21,156.81878,False,True,False,21.73913043478261,8.64,4.983,0.0,-3.196681866397311
2023-07-12 19:00:00,2023-07-12,19,23,23,1.94,1.728286190537462,0,5,7,156.81878,False,True,False,21.73913043478261,1.94,4.3574,0.0,-2.629113809462538
2023-07-13 06:00:00,2023-07-13,6,23,23,1.98,1.9624745078581713,0,5,10,156.81878,False,True,False,21.73913043478261,1.98,3.7287,0.0,-1.7662254921418286
2023-07-13 07:00:00,2023-07-13,7,23,23,9.379999999999999,1.8481401715518175,0,5,21,156.81878,False,True,False,21.73913043478261,9.38,10.1659,-1.7763568394002505e-15,-8.317759828448184
2023-07-13 18:00:00,2023-07-13,18,23,23,9.08,10.153626392965341,0,2,21,156.81878,False,True,False,8.695652173913043,9.08,9.2905,0.0,0.8631263929653414
2023-07-13 19:00:00,2023-07-13,19,23,23,4.68,1.728286190537462,0,5,12,156.81878,False,True,False,21.73913043478261,4.68,4.371,0.0,-2.6427138094625384
2023-07-14 06:00:00,2023-07-14,6,23,23,6.21,1.9624745078581713,0,5,16,156.81878,False,True,False,21.73913043478261,6.21,4.0273,0.0,-2.064825492141829
2023-07-14 07:00:00,2023-07-14,7,23,23,18.38,1.8481401715518175,0,5,21,156.81878,False,True,False,21.73913043478261,18.38,13.615,0.0,-11.766859828448183
2023-07-14 18:00:00,2023-07-14,18,23,23,12.030000000000001,10.644542172567458,0,2,22,156.81878,False,True,False,8.695652173913043,12.03,10.8158,1.7763568394002505e-15,-0.17125782743254092
2023-07-14 19:00:00,2023-07-14,19,23,23,3.3200000000000003,1.728286190537462,0,5,14,156.81878,False,True,False,21.73913043478261,3.32,4.6393,4.440892098500626e-16,-2.9110138094625384
2023-07-15 06:00:00,2023-07-15,6,23,23,5.0,1.9624745078581713,0,5,18,156.81878,False,True,False,21.73913043478261,5.0,4.2597,0.0,-2.2972254921418283
2023-07-15 07:00:00,2023-07-15,7,23,23,10.15,17.45665721882861,0,2,21,156.81878,False,True,False,8.695652173913043,10.15,18.7392,0.0,-1.28254278117139
2023-07-15 18:00:00,2023-07-15,18,23,23,9.07,10.358075320654056,0,2,22,156.81878,False,True,False,8.695652173913043,9.07,9.0276,0.0,1.330475320654056
2023-07-15 19:00:00,2023-07-15,19,23,23,4.2700000000000005,1.728286190537462,0,5,8,156.81878,False,True,False,21.73913043478261,4.27,4.3593,8.881784197001252e-16,-2.631013809462538
2023-07-16 06:00:00,2023-07-16,6,23,23,6.62,1.9624745078581713,0,5,19,156.81878,False,True,False,21.73913043478261,6.62,4.0024,0.0,-2.0399254921418284
2023-07-16 07:00:00,2023-07-16,7,23,23,11.379999999999999,11.15667033942033,0,3,22,156.81878,False,True,False,13.043478260869565,11.38,14.7611,-1.7763568394002505e-15,-3.6044296605796706
2023-07-16 18:00:00,2023-07-16,18,23,23,9.63,10.447383709052339,0,2,22,156.81878,False,True,False,8.695652173913043,9.63,8.8053,0.0,1.6420837090523381
2023-07-16 19:00:00,2023-07-16,19,23,23,4.24,1.728286190537462,0,5,15,156.81878,False,True,False,21.73913043478261,4.24,4.2195,0.0,-2.491213809462538
2023-07-17 06:00:00,2023-07-17,6,23,23,4.8,1.9624745078581713,0,5,18,156.81878,False,True,False,21.73913043478261,4.8,4.0219,0.0,-2.0594254921418282
2023-07-17 07:00:00,2023-07-17,7,23,23,18.61,17.603619691251144,0,2,22,156.81878,False,True,False,8.695652173913043,18.61,17.9371,0.0,-0.33348030874885737
2023-07-17 18:00:00,2023-07-17,18,23,23,16.27,11.053462018908714,0,2,22,156.81878,False,True,False,8.695652173913043,16.27,9.6654,0.0,1.3880620189087143
2023-07-17 19:00:00,2023-07-17,19,23,23,4.8100000000000005,1.728286190537462,0,5,19,156.81878,False,True,False,21.73913043478261,4.8100000000000005,4.1370000000000005,0.0,-2.4087138094625384
2023-07-18 06:00:00,2023-07-18,6,23,23,3.86,1.9624745078581713,0,5,17,156.81878,False,True,False,21.73913043478261,3.86,4.0151,0.0,-2.052625492141829
2023-07-18 07:00:00,2023-07-18,7,23,23,12.86,14.557627753997183,0,2,22,156.81878,False,True,False,8.695652173913043,12.86,16.2338,0.0,-1.6761722460028157
2023-07-18 18:00:00,2023-07-18,18,23,23,12.18,10.27205546121446,0,2,22,156.81878,False,True,False,8.695652173913043,12.18,10.1209,0.0,0.15115546121445966
2023-07-18 19:00:00,2023-07-18,19,23,23,2.09,1.728286190537462,0,5,13,156.81878,False,True,False,21.73913043478261,2.09,4.1908,0.0,-2.4625138094625383
2023-07-19 06:00:00,2023-07-19,6,23,23,7.24,1.9624745078581713,0,5,20,156.81878,False,True,False,21.73913043478261,7.24,4.0452,0.0,-2.082725492141829
2023-07-19 07:00:00,2023-07-19,7,23,23,16.36,8.995673699158367,0,3,22,156.81878,False,True,False,13.043478260869565,16.36,14.7408,0.0,-5.745126300841633
2023-07-19 18:00:00,2023-07-19,18,23,23,10.51,10.392222939679593,0,2,22,156.81878,False,True,False,8.695652173913043,10.51,8.8075,0.0,1.5847229396795939
2023-07-19 19:00:00,2023-07-19,19,23,23,6.550000000000001,1.728286190537462,0,5,12,156.81878,False,True,False,21.73913043478261,6.55,3.7861000000000002,8.881784197001252e-16,-2.0578138094625382
2023-07-20 06:00:00,2023-07-20,6,23,23,9.89,1.9624745078581713,0,5,18,156.81878,False,True,False,21.73913043478261,9.89,3.8569,0.0,-1.8944254921418286
2023-07-20 07:00:00,2023-07-20,7,23,23,23.41,1.8481401715518175,0,5,22,156.81878,False,True,False,21.73913043478261,23.41,13.3943,0.0,-11.546159828448182
2023-07-20 18:00:00,2023-07-20,18,23,23,13.64,9.87097292435477,0,2,22,156.81878,False,True,False,8.695652173913043,13.64,9.2766,0.0,0.5943729243547704
2023-07-20 19:00:00,2023-07-20,19,23,23,5.2,1.728286190537462,0,5,16,156.81878,False,True,False,21.73913043478261,5.2,0.9014000000000001,0.0,0.8268861905374619
2023-07-21 06:00:00,2023-07-21,6,23,23,5.83,1.9624745078581713,0,5,13,156.81878,False,True,False,21.73913043478261,5.83,3.8369,0.0,-1.8744254921418286
2023-07-21 07:00:00,2023-07-21,7,23,23,9.190000000000001,9.385505849752185,0,2,21,156.81878,False,True,False,8.695652173913043,9.19,13.6433,1.7763568394002505e-15,-4.257794150247815
2023-07-21 18:00:00,2023-07-21,18,23,23,9.84,9.812952497157525,0,2,22,156.81878,False,True,False,8.695652173913043,9.84,8.6227,0.0,1.190252497157525
2023-07-21 19:00:00,2023-07-21,19,23,23,4.01,1.728286190537462,0,5,12,156.81878,False,True,False,21.73913043478261,4.01,0.6311,0.0,1.097186190537462
2023-07-22 06:00:00,2023-07-22,6,23,23,5.34,1.9624745078581713,0,5,18,156.81878,False,True,False,21.73913043478261,5.34,2.1467,0.0,-0.1842254921418287
2023-07-22 07:00:00,2023-07-22,7,23,23,23.35,1.8481401715518175,0,5,22,156.81878,False,True,False,21.73913043478261,23.35,10.7172,0.0,-8.869059828448183
2023-07-22 18:00:00,2023-07-22,18,23,23,12.42,9.972656792598265,0,2,22,156.81878,False,True,False,8.695652173913043,12.42,9.3545,0.0,0.6181567925982652
2023-07-22 19:00:00,2023-07-22,19,23,23,4.1000000000000005,1.728286190537462,0,5,19,156.81878,False,True,False,21.73913043478261,4.1,0.2147,8.881784197001252e-16,1.513586190537462
2023-07-23 06:00:00,2023-07-23,6,23,23,6.5,1.9624745078581713,0,5,20,156.81878,False,True,False,21.73913043478261,6.5,4.2667,0.0,-2.304225492141829
2023-07-23 07:00:00,2023-07-23,7,23,23,20.39,21.389419932996553,0,2,22,156.81878,False,True,False,8.695652173913043,20.39,19.7808,0.0,1.6086199329965538
2023-07-23 18:00:00,2023-07-23,18,23,23,1.84,9.311602149405969,0,2,11,156.81878,False,True,False,8.695652173913043,1.8399999999999999,8.6869,2.220446049250313e-16,0.6247021494059695
2023-07-23 19:00:00,2023-07-23,19,23,23,1.6,1.728286190537462,0,5,4,156.81878,False,True,False,21.73913043478261,1.6,0.0551,0.0,1.673186190537462
2023-07-24 06:00:00,2023-07-24,6,23,23,7.0,1.9624745078581713,0,5,20,156.81878,False,True,False,21.73913043478261,7.0,4.1423,0.0,-2.1798254921418283
2023-07-24 07:00:00,2023-07-24,7,23,23,23.87,19.44115603525064,0,2,22,156.81878,False,True,False,8.695652173913043,23.87,16.0026,0.0,3.438556035250638
2023-07-24 18:00:00,2023-07-24,18,23,23,11.63,10.569821451556567,0,2,22,156.81878,False,True,False,8.695652173913043,11.63,10.2342,0.0,0.33562145155656786
2023-07-24 19:00:00,2023-07-24,19,23,23,1.8900000000000001,1.728286190537462,0,5,12,156.81878,False,True,False,21.73913043478261,1.8900000000000001,0.0,0.0,1.728286190537462
2023-07-25 06:00:00,2023-07-25,6,23,23,7.0,1.9624745078581713,0,5,20,156.81878,False,True,False,21.73913043478261,7.0,4.2076,0.0,-2.245125492141829
2023-07-25 07:00:00,2023-07-25,7,23,23,22.86,16.160521357535323,0,2,22,156.81878,False,True,False,8.695652173913043,22.86,17.6174,0.0,-1.4568786424646767
2023-07-25 18:00:00,2023-07-25,18,23,23,8.19,9.021572016216792,0,2,19,156.81878,False,True,False,8.695652173913043,8.19,8.5898,0.0,0.43177201621679195
2023-07-25 19:00:00,2023-07-25,19,23,23,1.9799999999999998,1.728286190537462,0,5,7,156.81878,False,True,False,21.73913043478261,1.98,0.0,-2.220446049250313e-16,1.728286190537462
2023-07-26 06:00:00,2023-07-26,6,23,23,3.7,1.9624745078581713,0,5,17,156.81878,False,True,False,21.73913043478261,3.7,2.0405,0.0,-0.07802549214182886
2023-07-26 07:00:00,2023-07-26,7,23,23,10.6,10.793164519866083,0,2,21,156.81878,False,True,False,8.695652173913043,10.6,13.22,0.0,-2.426835480133917
2023-07-26 18:00:00,2023-07-26,18,23,23,9.48,4.0994559967585715,0,4,22,156.81878,False,True,False,17.391304347826086,9.48,6.5962,0.0,-2.496744003241428
2023-07-26 19:00:00,2023-07-26,19,23,23,1.6700000000000002,1.728286190537462,0,5,5,156.81878,False,True,False,21.73913043478261,1.67,0.0,2.220446049250313e-16,1.728286190537462
2023-07-27 06:00:00,2023-07-27,6,23,23,6.07,1.9624745078581713,0,5,16,156.81878,False,True,False,21.73913043478261,6.07,4.1035,0.0,-2.141025492141829
2023-07-27 07:00:00,2023-07-27,7,23,23,14.42,18.66578702603165,0,2,18,156.81878,False,True,False,8.695652173913043,14.42,18.3357,0.0,0.3300870260316522
2023-07-27 18:00:00,2023-07-27,18,24,24,5.2299999999999995,9.495465098970158,0,2,22,162.80878,False,True,False,8.333333333333332,5.23,9.348,-8.881784197001252e-16,0.14746509897015692
2023-07-27 19:00:00,2023-07-27,19,24,24,2.0300000000000002,1.8877176797144826,0,5,15,162.80878,False,True,False,20.833333333333336,2.03,0.0,4.440892098500626e-16,1.8877176797144826
2023-07-28 06:00:00,2023-07-28,6,24,24,4.15,2.151816237864721,0,5,17,162.80878,False,True,False,20.833333333333336,4.15,3.8626,0.0,-1.710783762135279
2023-07-28 07:00:00,2023-07-28,7,24,24,16.32,12.573124913807014,0,2,22,162.80878,False,True,False,8.333333333333332,16.32,14.4058,0.0,-1.8326750861929852
2023-07-28 18:00:00,2023-07-28,18,24,24,5.93,1.9589014281563095,0,5,22,162.80878,False,True,False,20.833333333333336,5.93,4.7314,0.0,-2.7724985718436903
2023-07-28 19:00:00,2023-07-28,19,24,24,1.8,1.8877176797144826,0,5,9,162.80878,False,True,False,20.833333333333336,1.8,0.0,0.0,1.8877176797144826
2023-07-29 06:00:00,2023-07-29,6,24,24,4.58,2.151816237864721,0,5,16,162.80878,False,True,False,20.833333333333336,4.58,2.2572,0.0,-0.10538376213527911
2023-07-29 07:00:00,2023-07-29,7,24,24,10.7,2.0197067817239684,0,5,21,162.80878,False,True,False,20.833333333333336,10.7,12.0291,0.0,-10.009393218276031
2023-07-29 18:00:00,2023-07-29,18,24,24,10.24,4.107175384995075,0,4,22,162.80878,False,True,False,16.666666666666664,10.24,6.9161,0.0,-2.8089246150049254
2023-07-29 19:00:00,2023-07-29,19,24,24,6.5600000000000005,1.8877176797144826,0,5,7,162.80878,False,True,False,20.833333333333336,6.5600000000000005,0.0,0.0,1.8877176797144826
2023-07-30 06:00:00,2023-07-30,6,24,24,7.76,2.151816237864721,0,5,18,162.80878,False,True,False,20.833333333333336,7.76,3.9398,0.0,-1.787983762135279
2023-07-30 07:00:00,2023-07-30,7,24,24,22.86,6.954048705463025,0,3,22,162.80878,False,True,False,12.5,22.86,13.8488,0.0,-6.8947512945369755
2023-07-30 18:00:00,2023-07-30,18,24,24,3.5,9.447888578010971,0,2,14,162.80878,False,True,False,8.333333333333332,3.5,8.8804,0.0,0.5674885780109715
2023-07-30 19:00:00,2023-07-30,19,24,24,1.57,1.8877176797144826,0,5,3,162.80878,False,True,False,20.833333333333336,1.57,0.0,0.0,1.8877176797144826
2023-07-31 06:00:00,2023-07-31,6,24,24,5.71,2.151816237864721,0,5,18,162.80878,False,True,False,20.833333333333336,5.71,4.0673,0.0,-1.9154837621352794
2023-07-31 07:00:00,2023-07-31,7,24,24,20.8,15.577801809827434,0,2,22,162.80878,False,True,False,8.333333333333332,20.8,16.8308,0.0,-1.2529981901725655
2023-07-31 18:00:00,2023-07-31,18,24,24,9.27,10.375103116638597,0,2,22,162.80878,False,True,False,8.333333333333332,9.27,10.0218,0.0,0.35330311663859604
2023-07-31 19:00:00,2023-07-31,19,24,24,1.9000000000000001,1.8877176797144826,0,5,5,162.80878,False,True,False,20.833333333333336,1.9,0.0,2.220446049250313e-16,1.8877176797144826
2023-08-01 06:00:00,2023-08-01,6,24,24,5.87,2.151816237864721,0,5,17,162.80878,False,True,False,20.833333333333336,5.87,4.0541,0.0,-1.902283762135279
2023-08-01 07:00:00,2023-08-01,7,24,24,24.95,22.121436860425085,0,2,22,162.80878,False,True,False,8.333333333333332,24.95,21.4281,0.0,0.6933368604250845
2023-08-01 18:00:00,2023-08-01,18,24,24,10.0,9.122553742186492,0,2,22,162.80878,False,True,False,8.333333333333332,10.0,8.8797,0.0,0.24285374218649203
2023-08-01 19:00:00,2023-08-01,19,24,24,0.53,1.8877176797144826,0,5,13,162.80878,False,True,False,20.833333333333336,0.53,0.0,0.0,1.8877176797144826
2023-08-02 06:00:00,2023-08-02,6,24,24,3.55,2.151816237864721,0,5,18,162.80878,False,True,False,20.833333333333336,3.55,4.0021,0.0,-1.8502837621352795
2023-08-02 07:00:00,2023-08-02,7,24,24,22.31,19.25122115266057,0,2,22,162.80878,False,True,False,8.333333333333332,22.31,18.8914,0.0,0.3598211526605688
2023-08-02 18:00:00,2023-08-02,18,24,24,11.56,9.831252779337266,0,2,23,162.80878,False,True,False,8.333333333333332,11.56,9.508,0.0,0.3232527793372668
2023-08-02 19:00:00,2023-08-02,19,24,24,0.56,1.8877176797144826,0,5,13,162.80878,False,True,False,20.833333333333336,0.56,0.0,0.0,1.8877176797144826
2023-08-03 06:00:00,2023-08-03,6,24,24,4.87,2.151816237864721,0,5,21,162.80878,False,True,False,20.833333333333336,4.87,4.1946,0.0,-2.0427837621352793
2023-08-03 07:00:00,2023-08-03,7,24,24,24.14,23.24368973736138,0,2,23,162.80878,False,True,False,8.333333333333332,24.14,22.4912,0.0,0.7524897373613797
2023-08-03 18:00:00,2023-08-03,18,24,24,10.47,9.353707655384229,0,2,23,162.80878,False,True,False,8.333333333333332,10.47,8.9714,0.0,0.3823076553842295
2023-08-03 19:00:00,2023-08-03,19,24,24,0.41000000000000003,1.8877176797144826,0,5,11,162.80878,False,True,False,20.833333333333336,0.41000000000000003,0.0,0.0,1.8877176797144826
2023-08-04 06:00:00,2023-08-04,6,24,24,5.36,2.151816237864721,0,5,21,162.80878,False,True,False,20.833333333333336,5.36,4.1972,0.0,-2.0453837621352786
2023-08-04 07:00:00,2023-08-04,7,24,24,22.88,22.781065536060886,0,2,23,162.80878,False,True,False,8.333333333333332,22.88,21.6609,0.0,1.1201655360608846
2023-08-04 18:00:00,2023-08-04,18,24,24,8.22,9.82584568781707,0,2,23,162.80878,False,True,False,8.333333333333332,8.22,9.4671,0.0,0.35874568781706984
2023-08-04 19:00:00,2023-08-04,19,24,24,0.28,1.8877176797144826,0,5,9,162.80878,False,True,False,20.833333333333336,0.28,0.0,0.0,1.8877176797144826
2023-08-05 06:00:00,2023-08-05,6,24,24,4.7,2.151816237864721,0,5,19,162.80878,False,True,False,20.833333333333336,4.7,4.1043,0.0,-1.9524837621352793
2023-08-05 07:00:00,2023-08-05,7,24,24,25.01,22.78429861248846,0,2,23,162.80878,False,True,False,8.333333333333332,25.01,21.313,0.0,1.4712986124884608
2023-08-05 18:00:00,2023-08-05,18,24,24,8.91,10.039389678226508,0,2,23,162.80878,False,True,False,8.333333333333332,8.91,9.4837,0.0,0.5556896782265071
2023-08-05 19:00:00,2023-08-05,19,24,24,0.01,1.8877176797144826,0,5,1,162.80878,False,True,False,20.833333333333336,0.01,0.0,0.0,1.8877176797144826
2023-08-06 06:00:00,2023-08-06,6,24,24,2.09,2.151816237864721,0,5,11,162.80878,False,True,False,20.833333333333336,2.09,3.7977,0.0,-1.6458837621352789
2023-08-06 07:00:00,2023-08-06,7,24,24,8.31,12.393442852964665,0,2,23,162.80878,False,True,False,8.333333333333332,8.31,15.901299999999999,0.0,-3.5078571470353346
2023-08-06 18:00:00,2023-08-06,18,24,24,4.33,5.461441748561338,0,4,19,162.80878,False,True,False,16.666666666666664,4.33,4.9117,0.0,0.5497417485613383
2023-08-06 19:00:00,2023-08-06,19,24,24,0.32,1.8877176797144826,0,5,8,162.80878,False,True,False,20.833333333333336,0.32,0.0,0.0,1.8877176797144826
2023-08-07 06:00:00,2023-08-07,6,24,24,3.19,2.151816237864721,0,5,16,162.80878,False,True,False,20.833333333333336,3.19,2.4002,0.0,-0.2483837621352789
2023-08-07 07:00:00,2023-08-07,7,24,24,21.16,19.90682264798027,0,2,23,162.80878,False,True,False,8.333333333333332,21.16,21.6497,0.0,-1.742877352019729
2023-08-07 18:00:00,2023-08-07,18,24,24,9.41,10.716880291398445,0,2,23,162.80878,False,True,False,8.333333333333332,9.41,10.3976,0.0,0.31928029139844405
2023-08-07 19:00:00,2023-08-07,19,24,24,0.1,1.8877176797144826,0,5,5,162.80878,False,True,False,20.833333333333336,0.1,0.0,0.0,1.8877176797144826
2023-08-08 06:00:00,2023-08-08,6,24,24,4.51,2.151816237864721,0,5,20,162.80878,False,True,False,20.833333333333336,4.51,2.4484,0.0,-0.2965837621352789
2023-08-08 07:00:00,2023-08-08,7,24,24,25.13,21.65285204611309,0,2,23,162.80878,False,True,False,8.333333333333332,25.13,22.1091,0.0,-0.45624795388691197
2023-08-08 18:00:00,2023-08-08,18,24,24,11.18,8.884062061984054,0,2,22,162.80878,False,True,False,8.333333333333332,11.18,8.6955,0.0,0.18856206198405445
2023-08-08 19:00:00,2023-08-08,19,24,24,1.69,1.8877176797144826,0,5,10,162.80878,False,True,False,20.833333333333336,1.69,0.0,0.0,1.8877176797144826
2023-08-09 06:00:00,2023-08-09,6,24,24,2.7199999999999998,2.151816237864721,0,5,19,162.80878,False,True,False,20.833333333333336,2.7199999999999998,2.3487999999999998,0.0,-0.1969837621352788
2023-08-09 07:00:00,2023-08-09,7,24,24,19.490000000000002,19.507511818826167,0,2,23,162.80878,False,True,False,8.333333333333332,19.49,20.6388,3.552713678800501e-15,-1.131288181173833
2023-08-09 18:00:00,2023-08-09,18,24,24,7.65,10.446751916670808,0,2,23,162.80878,False,True,False,8.333333333333332,7.65,10.1928,0.0,0.2539519166708075
2023-08-09 19:00:00,2023-08-09,19,24,24,0.03,1.8877176797144826,0,5,3,162.80878,False,True,False,20.833333333333336,0.03,0.0,0.0,1.8877176797144826
2023-08-10 06:00:00,2023-08-10,6,24,24,3.74,2.151816237864721,0,5,20,162.80878,False,True,False,20.833333333333336,3.74,2.3346,0.0,-0.18278376213527903
2023-08-10 07:00:00,2023-08-10,7,24,24,25.09,22.9930601103789,0,2,23,162.80878,False,True,False,8.333333333333332,25.09,21.961,0.0,1.0320601103789002
2023-08-10 18:00:00,2023-08-10,18,24,24,8.38,10.12365521226449,0,2,23,162.80878,False,True,False,8.333333333333332,8.38,9.8606,0.0,0.26305521226449
2023-08-10 19:00:00,2023-08-10,19,24,24,0.4,1.8877176797144826,0,5,6,162.80878,False,True,False,20.833333333333336,0.4,0.0,0.0,1.8877176797144826
2023-08-11 06:00:00,2023-08-11,6,24,24,4.2,2.151816237864721,0,5,18,162.80878,False,True,False,20.833333333333336,4.2,2.2894,0.0,-0.13758376213527912
2023-08-11 07:00:00,2023-08-11,7,24,24,17.72,19.01762243166804,0,2,23,162.80878,False,True,False,8.333333333333332,17.72,17.3533,0.0,1.6643224316680403
2023-08-11 18:00:00,2023-08-11,18,24,24,10.96,9.62786962046511,0,2,24,162.80878,False,True,False,8.333333333333332,10.96,9.0319,0.0,0.5959696204651106
2023-08-11 19:00:00,2023-08-11,19,24,24,0.31,1.8877176797144826,0,5,10,162.80878,False,True,False,20.833333333333336,0.31,0.0,0.0,1.8877176797144826
2023-08-12 06:00:00,2023-08-12,6,24,24,3.47,2.151816237864721,0,5,20,162.80878,False,True,False,20.833333333333336,3.47,3.9141,0.0,-1.762283762135279
2023-08-12 07:00:00,2023-08-12,7,24,24,21.71,20.631574032963663,0,2,24,162.80878,False,True,False,8.333333333333332,21.71,20.5222,0.0,0.109374032963661
2023-08-12 18:00:00,2023-08-12,18,24,24,8.45,8.777282979552146,0,2,24,162.80878,False,True,False,8.333333333333332,8.45,8.4936,0.0,0.28368297955214494
2023-08-12 19:00:00,2023-08-12,19,24,24,0.04,1.8877176797144826,0,5,4,162.80878,False,True,False,20.833333333333336,0.04,0.0,0.0,1.8877176797144826
2023-08-13 06:00:00,2023-08-13,6,24,24,2.11,2.151816237864721,0,5,20,162.80878,False,True,False,20.833333333333336,2.11,2.1431,0.0,0.008716237864720977
2023-08-13 07:00:00,2023-08-13,7,24,24,15.71,10.118106369847801,0,3,24,162.80878,False,True,False,12.5,15.71,15.4746,0.0,-5.356493630152199
2023-08-13 18:00:00,2023-08-13,18,24,24,4.47,1.9589014281563095,0,5,22,162.80878,False,True,False,20.833333333333336,4.47,4.4961,0.0,-2.5371985718436907
2023-08-13 19:00:00,2023-08-13,19,24,24,0.05,1.8877176797144826,0,5,5,162.80878,False,True,False,20.833333333333336,0.05,0.0,0.0,1.8877176797144826
2023-08-14 06:00:00,2023-08-14,6,24,24,2.7,2.151816237864721,0,5,19,162.80878,False,True,False,20.833333333333336,2.7,2.1745,0.0,-0.022683762135279117
2023-08-14 07:00:00,2023-08-14,7,24,24,12.95,3.1595085195730617,0,5,24,162.80878,False,True,False,20.833333333333336,12.95,15.1261,0.0,-11.966591480426938
2023-08-14 18:00:00,2023-08-14,18,24,24,8.84,9.070014763263488,0,2,24,162.80878,False,True,False,8.333333333333332,8.84,8.4443,0.0,0.6257147632634883
2023-08-14 19:00:00,2023-08-14,19,24,24,0.22,1.8877176797144826,0,5,7,162.80878,False,True,False,20.833333333333336,0.22,0.0,0.0,1.8877176797144826
2023-08-15 06:00:00,2023-08-15,6,24,24,2.88,2.151816237864721,0,5,19,162.80878,False,True,False,20.833333333333336,2.88,2.2436,0.0,-0.09178376213527883
2023-08-15 07:00:00,2023-08-15,7,24,24,15.71,2.0197067817239684,0,5,24,162.80878,False,True,False,20.833333333333336,15.71,15.3618,0.0,-13.342093218276032
2023-08-15 18:00:00,2023-08-15,18,24,24,7.220000000000001,8.36729231743405,0,2,24,162.80878,False,True,False,8.333333333333332,7.22,8.3733,8.881784197001252e-16,-0.006007682565950745
2023-08-15 19:00:00,2023-08-15,19,24,24,0.01,1.8877176797144826,0,5,1,162.80878,False,True,False,20.833333333333336,0.01,0.0,0.0,1.8877176797144826
2023-08-16 06:00:00,2023-08-16,6,24,24,3.33,2.151816237864721,0,5,19,162.80878,False,True,False,20.833333333333336,3.33,2.248,0.0,-0.09618376213527924
2023-08-16 07:00:00,2023-08-16,7,24,24,22.990000000000002,20.92148905581555,0,2,24,162.80878,False,True,False,8.333333333333332,22.99,18.5794,3.552713678800501e-15,2.342089055815549
2023-08-16 18:00:00,2023-08-16,18,24,24,6.95,9.024243875453662,0,2,24,162.80878,False,True,False,8.333333333333332,6.95,9.0216,0.0,0.002643875453662403
2023-08-16 19:00:00,2023-08-16,19,24,24,0.01,1.8877176797144826,0,5,1,162.80878,False,True,False,20.833333333333336,0.01,0.0,0.0,1.8877176797144826
2023-08-17 06:00:00,2023-08-17,6,24,24,3.31,2.151816237864721,0,5,18,162.80878,False,True,False,20.833333333333336,3.31,2.248,0.0,-0.09618376213527924
2023-08-17 07:00:00,2023-08-17,7,24,24,20.43,21.28938321064546,0,2,23,162.80878,False,True,False,8.333333333333332,20.43,20.5064,0.0,0.7829832106454617
2023-08-17 18:00:00,2023-08-17,18,24,24,4.48,7.9908949885351745,0,2,24,162.80878,False,True,False,8.333333333333332,4.48,8.304,0.0,-0.3131050114648257
2023-08-17 19:00:00,2023-08-17,19,24,24,0.01,1.8877176797144826,0,5,1,162.80878,False,True,False,20.833333333333336,0.01,0.0,0.0,1.8877176797144826
2023-08-18 06:00:00,2023-08-18,6,24,24,3.1,2.151816237864721,0,5,19,162.80878,False,True,False,20.833333333333336,3.1,2.2183,0.0,-0.06648376213527918
2023-08-18 07:00:00,2023-08-18,7,24,24,20.98,21.00676865572122,0,2,23,162.80878,False,True,False,8.333333333333332,20.98,19.4698,0.0,1.5369686557212212
2023-08-18 18:00:00,2023-08-18,18,24,24,5.96,7.837305198577874,0,2,23,162.80878,False,True,False,8.333333333333332,5.96,8.0941,0.0,-0.2567948014221253
2023-08-18 19:00:00,2023-08-18,19,24,24,0.0,1.8877176797144826,0,5,0,162.80878,False,False,False,20.833333333333336,0.0,0.0,0.0,1.8877176797144826
2023-08-19 06:00:00,2023-08-19,6,24,24,2.92,2.151816237864721,0,5,20,162.80878,False,True,False,20.833333333333336,2.92,2.2389,0.0,-0.08708376213527913
2023-08-19 07:00:00,2023-08-19,7,24,24,21.0,20.598215377230638,0,2,23,162.80878,False,True,False,8.333333333333332,21.0,20.0488,0.0,0.5494153772306376
2023-08-19 18:00:00,2023-08-19,18,24,24,8.09,7.9680884249109205,0,2,24,162.80878,False,True,False,8.333333333333332,8.09,8.1096,0.0,-0.14151157508907986
2023-08-19 19:00:00,2023-08-19,19,24,24,2.3,1.8877176797144826,0,5,2,162.80878,False,True,False,20.833333333333336,2.3,0.0,0.0,1.8877176797144826
2023-08-20 06:00:00,2023-08-20,6,24,24,2.37,2.151816237864721,0,5,17,162.80878,False,True,False,20.833333333333336,2.37,2.2057,0.0,-0.053883762135279234
2023-08-20 07:00:00,2023-08-20,7,24,24,20.39,17.45541672912317,0,2,23,162.80878,False,True,False,8.333333333333332,20.39,17.4999,0.0,-0.04448327087683168
2023-08-20 18:00:00,2023-08-20,18,24,24,6.28,8.56267864818731,0,2,24,162.80878,False,True,False,8.333333333333332,6.28,7.4964,0.0,1.0662786481873097
2023-08-20 19:00:00,2023-08-20,19,24,24,0.27,1.8877176797144826,0,5,3,162.80878,False,True,False,20.833333333333336,0.27,0.0,0.0,1.8877176797144826
2023-08-21 06:00:00,2023-08-21,6,24,24,3.86,2.151816237864721,0,5,21,162.80878,False,True,False,20.833333333333336,3.86,2.2386,0.0,-0.08678376213527894
2023-08-21 07:00:00,2023-08-21,7,24,24,13.1,2.0197067817239684,0,5,24,162.80878,False,True,False,20.833333333333336,13.1,16.2817,0.0,-14.261993218276032
2023-08-21 18:00:00,2023-08-21,18,24,24,4.66,1.9589014281563095,0,5,18,162.80878,False,True,False,20.833333333333336,4.66,4.0982,0.0,-2.1392985718436908
2023-08-21 19:00:00,2023-08-21,19,24,24,0.0,1.8877176797144826,0,5,0,162.80878,False,False,False,20.833333333333336,0.0,0.0,0.0,1.8877176797144826
2023-08-22 06:00:00,2023-08-22,6,24,24,0.99,2.151816237864721,0,5,13,162.80878,False,True,False,20.833333333333336,0.99,2.1089,0.0,0.04291623786472076
2023-08-22 07:00:00,2023-08-22,7,24,24,10.39,3.127618037013224,0,5,24,162.80878,False,True,False,20.833333333333336,10.39,14.7768,0.0,-11.649181962986775
2023-08-22 18:00:00,2023-08-22,18,24,24,9.77,8.351547284641782,0,2,22,162.80878,False,True,False,8.333333333333332,9.77,8.0607,0.0,0.29084728464178156
2023-08-22 19:00:00,2023-08-22,19,24,24,0.18,1.8877176797144826,0,5,1,162.80878,False,True,False,20.833333333333336,0.18,0.0,0.0,1.8877176797144826
2023-08-23 06:00:00,2023-08-23,6,24,24,2.68,2.151816237864721,0,5,17,162.80878,False,True,False,20.833333333333336,2.68,2.2475,0.0,-0.09568376213527907
2023-08-23 07:00:00,2023-08-23,7,24,24,17.88,18.863256386848875,0,2,21,162.80878,False,True,False,8.333333333333332,17.88,19.4477,0.0,-0.5844436131511266
2023-08-23 18:00:00,2023-08-23,18,24,24,5.43,8.100021220916725,0,2,24,162.80878,False,True,False,8.333333333333332,5.43,8.1109,0.0,-0.010878779083276058
2023-08-23 19:00:00,2023-08-23,19,24,24,0.01,1.8877176797144826,0,5,1,162.80878,False,True,False,20.833333333333336,0.01,0.0,0.0,1.8877176797144826
2023-08-24 06:00:00,2023-08-24,6,24,24,2.47,2.151816237864721,0,5,18,162.80878,False,True,False,20.833333333333336,2.47,2.2057,0.0,-0.053883762135279234
2023-08-24 07:00:00,2023-08-24,7,24,24,21.48,19.01840445633857,0,2,23,162.80878,False,True,False,8.333333333333332,21.48,19.1625,0.0,-0.1440955436614324
2023-08-24 18:00:00,2023-08-24,18,24,24,5.4,7.624082176606386,0,2,23,162.80878,False,True,False,8.333333333333332,5.4,7.628,0.0,-0.003917823393614128
2023-08-24 19:00:00,2023-08-24,19,24,24,0.0,1.8877176797144826,0,5,0,162.80878,False,False,False,20.833333333333336,0.0,0.0,0.0,1.8877176797144826
2023-08-25 06:00:00,2023-08-25,6,24,24,2.37,2.151816237864721,0,5,18,162.80878,False,True,False,20.833333333333336,2.37,2.1108000000000002,0.0,0.04101623786472075
2023-08-25 07:00:00,2023-08-25,7,24,24,19.32,17.61855864501234,0,2,23,162.80878,False,True,False,8.333333333333332,19.32,16.8604,0.0,0.7581586450123403
2023-08-25 18:00:00,2023-08-25,18,24,24,4.8,4.467191570524502,0,3,24,162.80878,False,True,False,12.5,4.8,6.6023,0.0,-2.1351084294754976
2023-08-25 19:00:00,2023-08-25,19,24,24,0.0,1.8877176797144826,0,5,0,162.80878,False,False,False,20.833333333333336,0.0,0.0,0.0,1.8877176797144826
2023-08-26 06:00:00,2023-08-26,6,24,24,1.53,2.151816237864721,0,5,16,162.80878,False,True,False,20.833333333333336,1.53,2.0863,0.0,0.06551623786472094
2023-08-26 07:00:00,2023-08-26,7,24,24,16.080000000000002,13.968184402694291,0,2,22,162.80878,False,True,False,8.333333333333332,16.08,15.1503,3.552713678800501e-15,-1.1821155973057085
2023-08-26 18:00:00,2023-08-26,18,24,24,0.8300000000000001,1.9589014281563095,0,5,16,162.80878,False,True,False,20.833333333333336,0.8300000000000001,4.1791,0.0,-2.2201985718436905
2023-08-26 19:00:00,2023-08-26,19,24,24,0.01,1.8877176797144826,0,5,1,162.80878,False,True,False,20.833333333333336,0.01,0.0,0.0,1.8877176797144826
2023-08-27 06:00:00,2023-08-27,6,24,24,0.33,2.151816237864721,0,5,8,162.80878,False,True,False,20.833333333333336,0.33,1.9302000000000001,0.0,0.22161623786472084
2023-08-27 07:00:00,2023-08-27,7,24,24,2.38,2.0197067817239684,0,5,18,162.80878,False,True,False,20.833333333333336,2.38,8.2578,0.0,-6.238093218276031
2023-08-27 18:00:00,2023-08-27,18,24,24,0.07,1.9589014281563095,0,5,2,162.80878,False,True,False,20.833333333333336,0.07,3.7215,0.0,-1.7625985718436903
2023-08-27 19:00:00,2023-08-27,19,24,24,0.0,1.8877176797144826,0,5,0,162.80878,False,False,False,20.833333333333336,0.0,0.0,0.0,1.8877176797144826
2023-08-28 06:00:00,2023-08-28,6,24,24,1.46,2.151816237864721,0,5,14,162.80878,False,True,False,20.833333333333336,1.46,1.9123999999999999,0.0,0.2394162378647211
2023-08-28 07:00:00,2023-08-28,7,24,24,8.13,2.0197067817239684,0,5,21,162.80878,False,True,False,20.833333333333336,8.13,7.7792,0.0,-5.759493218276032
2023-08-28 18:00:00,2023-08-28,18,24,24,2.45,1.9589014281563095,0,5,20,162.80878,False,True,False,20.833333333333336,2.45,4.1479,0.0,-2.1889985718436904
2023-08-28 19:00:00,2023-08-28,19,24,24,0.02,1.8877176797144826,0,5,2,162.80878,False,True,False,20.833333333333336,0.02,0.0,0.0,1.8877176797144826
2023-08-29 06:00:00,2023-08-29,6,24,24,0.9500000000000001,2.151816237864721,0,5,16,162.80878,False,True,False,20.833333333333336,0.9500000000000001,2.1132,0.0,0.038616237864721015
2023-08-29 07:00:00,2023-08-29,7,24,24,20.85,12.267718340185814,0,4,24,162.80878,False,True,False,16.666666666666664,20.85,16.5752,0.0,-4.307481659814185
2023-08-29 18:00:00,2023-08-29,18,24,24,5.18,4.0318090165855525,0,4,24,162.80878,False,True,False,16.666666666666664,5.18,6.1004,0.0,-2.068590983414447
2023-08-29 19:00:00,2023-08-29,19,24,24,1.13,1.8877176797144826,0,5,1,162.80878,False,True,False,20.833333333333336,1.13,0.0,0.0,1.8877176797144826
2023-08-30 06:00:00,2023-08-30,6,24,24,1.28,2.151816237864721,0,5,14,162.80878,False,True,False,20.833333333333336,1.28,2.1471,0.0,0.0047162378647209735
2023-08-30 07:00:00,2023-08-30,7,24,24,13.05,2.889744056375913,0,5,24,162.80878,False,True,False,20.833333333333336,13.05,15.7626,0.0,-12.872855943624089
2023-08-30 18:00:00,2023-08-30,18,24,24,6.8100000000000005,8.578792968019522,0,2,24,162.80878,False,True,False,8.333333333333332,6.8100000000000005,7.5154,0.0,1.0633929680195227
2023-08-30 19:00:00,2023-08-30,19,24,24,0.0,1.8877176797144826,0,5,0,162.80878,False,False,False,20.833333333333336,0.0,0.0,0.0,1.8877176797144826
2023-08-31 06:00:00,2023-08-31,6,24,24,1.3900000000000001,2.151816237864721,0,5,14,162.80878,False,True,False,20.833333333333336,1.3900000000000001,2.1607,0.0,-0.008883762135278861
2023-08-31 07:00:00,2023-08-31,7,24,24,23.34,20.50711661704661,0,2,24,162.80878,False,True,False,8.333333333333332,23.34,18.9954,0.0,1.5117166170466092
2023-08-31 18:00:00,2023-08-31,18,24,24,6.4399999999999995,7.656167697701683,0,2,24,162.80878,False,True,False,8.333333333333332,6.44,7.4209,-8.881784197001252e-16,0.23526769770168343
2023-08-31 19:00:00,2023-08-31,19,24,24,2.5199999999999996,1.8877176797144826,0,5,2,162.80878,False,True,False,20.833333333333336,2.52,0.0,-4.440892098500626e-16,1.8877176797144826
2023-09-01 06:00:00,2023-09-01,6,24,24,1.86,2.151816237864721,0,5,15,162.80878,False,True,False,20.833333333333336,1.8599999999999999,3.8312,2.220446049250313e-16,-1.679383762135279
2023-09-01 07:00:00,2023-09-01,7,24,24,21.18,18.837326985559386,0,2,24,162.80878,False,True,False,8.333333333333332,21.18,17.3585,0.0,1.4788269855593867
2023-09-01 18:00:00,2023-09-01,18,25,25,6.8100000000000005,8.296004610718374,0,3,24,166.97548,False,True,False,12.0,6.8100000000000005,6.3269,0.0,1.9691046107183734
2023-09-01 19:00:00,2023-09-01,19,25,25,3.86,1.9647176797144825,0,5,2,166.97548,False,True,False,20.0,3.86,0.0,0.0,1.9647176797144825
2023-09-02 06:00:00,2023-09-02,6,25,25,5.12,2.228816237864721,0,5,14,166.97548,False,True,False,20.0,5.12,3.9239,0.0,-1.6950837621352792
2023-09-02 07:00:00,2023-09-02,7,25,25,17.62,2.096706781723969,0,5,23,166.97548,False,True,False,20.0,17.62,16.0306,0.0,-13.933893218276031
2023-09-02 18:00:00,2023-09-02,18,25,25,8.91,8.64527554597267,0,3,24,166.97548,False,True,False,12.0,8.91,7.0815,0.0,1.5637755459726694
2023-09-02 19:00:00,2023-09-02,19,25,25,6.0200000000000005,1.9647176797144825,0,5,3,166.97548,False,True,False,20.0,6.02,0.0,8.881784197001252e-16,1.9647176797144825
2023-09-03 06:00:00,2023-09-03,6,25,25,4.5200000000000005,2.228816237864721,0,5,11,166.97548,False,True,False,20.0,4.52,3.9522,8.881784197001252e-16,-1.723383762135279
2023-09-03 07:00:00,2023-09-03,7,25,25,12.5,2.096706781723969,0,5,21,166.97548,False,True,False,20.0,12.5,15.5972,0.0,-13.500493218276032
2023-09-03 18:00:00,2023-09-03,18,25,25,6.35,6.939412391172404,0,5,20,166.97548,False,True,False,20.0,6.35,4.7855,0.0,2.153912391172404
2023-09-03 19:00:00,2023-09-03,19,25,25,3.79,1.9647176797144825,0,5,2,166.97548,False,True,False,20.0,3.79,0.0,0.0,1.9647176797144825
2023-09-04 06:00:00,2023-09-04,6,25,25,4.05,2.228816237864721,0,5,9,166.97548,False,True,False,20.0,4.05,3.935,0.0,-1.7061837621352791
2023-09-04 07:00:00,2023-09-04,7,25,25,13.01,2.096706781723969,0,5,22,166.97548,False,True,False,20.0,13.01,14.8654,0.0,-12.76869321827603
2023-09-04 18:00:00,2023-09-04,18,25,25,7.3,2.313809283803974,0,5,22,166.97548,False,True,False,20.0,7.3,5.107,0.0,-2.793190716196026
2023-09-04 19:00:00,2023-09-04,19,25,25,3.54,1.9647176797144825,0,5,1,166.97548,False,True,False,20.0,3.54,0.0,0.0,1.9647176797144825
2023-09-05 06:00:00,2023-09-05,6,25,25,4.25,2.228816237864721,0,5,9,166.97548,False,True,False,20.0,4.25,3.9097,0.0,-1.680883762135279
2023-09-05 07:00:00,2023-09-05,7,25,25,17.42,2.92906916901316,0,5,24,166.97548,False,True,False,20.0,17.42,16.0352,0.0,-13.106130830986839
2023-09-05 18:00:00,2023-09-05,18,25,25,5.86,7.3982546297630725,0,3,21,166.97548,False,True,False,12.0,5.86,5.7927,0.0,1.6055546297630725
2023-09-05 19:00:00,2023-09-05,19,25,25,3.54,1.9647176797144825,0,5,1,166.97548,False,True,False,20.0,3.54,0.0,0.0,1.9647176797144825
2023-09-06 06:00:00,2023-09-06,6,25,25,4.65,2.228816237864721,0,5,12,166.97548,False,True,False,20.0,4.65,3.9165,0.0,-1.6876837621352792
2023-09-06 07:00:00,2023-09-06,7,25,25,19.35,3.041963764847935,0,5,23,166.97548,False,True,False,20.0,19.35,16.5872,0.0,-13.545236235152064
2023-09-06 18:00:00,2023-09-06,18,25,25,8.18,7.588740414918882,0,3,22,166.97548,False,True,False,12.0,8.18,5.627,0.0,1.9617404149188822
2023-09-06 19:00:00,2023-09-06,19,25,25,5.75,1.9647176797144825,0,5,3,166.97548,False,True,False,20.0,5.75,0.0,0.0,1.9647176797144825
2023-09-07 06:00:00,2023-09-07,6,25,25,4.96,2.228816237864721,0,5,12,166.97548,False,True,False,20.0,4.96,3.9188,0.0,-1.6899837621352791
2023-09-07 07:00:00,2023-09-07,7,25,25,23.830000000000002,2.096706781723969,0,5,24,166.97548,False,True,False,20.0,23.83,15.8412,3.552713678800501e-15,-13.744493218276032
2023-09-07 18:00:00,2023-09-07,18,25,25,5.99,8.074946752959617,0,3,22,166.97548,False,True,False,12.0,5.99,5.9202,0.0,2.1547467529596167
2023-09-07 19:00:00,2023-09-07,19,25,25,3.54,1.9647176797144825,0,5,1,166.97548,False,True,False,20.0,3.54,0.0,0.0,1.9647176797144825
2023-09-08 06:00:00,2023-09-08,6,25,25,4.67,2.228816237864721,0,5,13,166.97548,False,True,False,20.0,4.67,3.974,0.0,-1.7451837621352793
2023-09-08 07:00:00,2023-09-08,7,25,25,22.2,2.096706781723969,0,5,23,166.97548,False,True,False,20.0,22.2,14.4735,0.0,-12.376793218276031
2023-09-08 18:00:00,2023-09-08,18,25,25,5.87,7.0628953786728434,0,5,22,166.97548,False,True,False,20.0,5.87,4.9041,0.0,2.1587953786728438
2023-09-08 19:00:00,2023-09-08,19,25,25,3.55,1.9647176797144825,0,5,2,166.97548,False,True,False,20.0,3.55,0.0,0.0,1.9647176797144825
2023-09-09 06:00:00,2023-09-09,6,25,25,4.279999999999999,2.228816237864721,0,5,11,166.97548,False,True,False,20.0,4.28,3.7926,-8.881784197001252e-16,-1.5637837621352793
2023-09-09 07:00:00,2023-09-09,7,25,25,20.23,2.096706781723969,0,5,22,166.97548,False,True,False,20.0,20.23,15.5268,0.0,-13.430093218276031
2023-09-09 18:00:00,2023-09-09,18,25,25,5.96,2.0359014281563095,0,5,22,166.97548,False,True,False,20.0,5.96,4.7663,0.0,-2.7303985718436907
2023-09-09 19:00:00,2023-09-09,19,25,25,3.55,1.9647176797144825,0,5,2,166.97548,False,True,False,20.0,3.55,0.0,0.0,1.9647176797144825
2023-09-10 06:00:00,2023-09-10,6,25,25,4.26,2.228816237864721,0,5,12,166.97548,False,True,False,20.0,4.26,2.1897,0.0,0.03911623786472074
2023-09-10 07:00:00,2023-09-10,7,25,25,19.650000000000002,2.096706781723969,0,5,23,166.97548,False,True,False,20.0,19.65,13.8331,3.552713678800501e-15,-11.736393218276032
2023-09-10 18:00:00,2023-09-10,18,25,25,5.760000000000001,2.0359014281563095,0,5,22,166.97548,False,True,False,20.0,5.76,4.7361,8.881784197001252e-16,-2.700198571843691
2023-09-10 19:00:00,2023-09-10,19,25,25,3.54,1.9647176797144825,0,5,1,166.97548,False,True,False,20.0,3.54,0.0,0.0,1.9647176797144825
2023-09-11 06:00:00,2023-09-11,6,25,25,4.57,2.228816237864721,0,5,14,166.97548,False,True,False,20.0,4.57,2.1846,0.0,0.04421623786472084
2023-09-11 07:00:00,2023-09-11,7,25,25,15.14,2.096706781723969,0,5,22,166.97548,False,True,False,20.0,15.14,13.2223,0.0,-11.125593218276032
2023-09-11 18:00:00,2023-09-11,18,25,25,4.09,2.0359014281563095,0,5,14,166.97548,False,True,False,20.0,4.09,4.2486,0.0,-2.2126985718436902
2023-09-11 19:00:00,2023-09-11,19,25,25,3.57,1.9647176797144825,0,5,2,166.97548,False,True,False,20.0,3.5700000000000003,0.0,-4.440892098500626e-16,1.9647176797144825
2023-09-12 06:00:00,2023-09-12,6,25,25,3.77,2.228816237864721,0,5,7,166.97548,False,True,False,20.0,3.77,2.1002,0.0,0.12861623786472087
2023-09-12 07:00:00,2023-09-12,7,25,25,10.01,2.096706781723969,0,5,23,166.97548,False,True,False,20.0,10.01,8.0921,0.0,-5.995393218276032
2023-09-12 18:00:00,2023-09-12,18,25,25,3.8,2.0359014281563095,0,5,5,166.97548,False,True,False,20.0,3.8,4.4687,0.0,-2.4327985718436906
2023-09-12 19:00:00,2023-09-12,19,25,25,3.62,1.9647176797144825,0,5,2,166.97548,False,True,False,20.0,3.62,0.0,0.0,1.9647176797144825
2023-09-13 06:00:00,2023-09-13,6,25,25,3.55,2.228816237864721,0,5,1,166.97548,False,True,False,20.0,3.55,2.0845,0.0,0.14431623786472114
2023-09-13 07:00:00,2023-09-13,7,25,25,4.47,2.096706781723969,0,5,14,166.97548,False,True,False,20.0,4.47,8.8063,0.0,-6.709593218276032
2023-09-13 18:00:00,2023-09-13,18,25,25,5.09,2.0359014281563095,0,5,22,166.97548,False,True,False,20.0,5.09,4.4272,0.0,-2.3912985718436905
2023-09-13 19:00:00,2023-09-13,19,25,25,3.54,1.9647176797144825,0,5,1,166.97548,False,True,False,20.0,3.54,0.0,0.0,1.9647176797144825
2023-09-14 06:00:00,2023-09-14,6,25,25,3.59,2.228816237864721,0,5,3,166.97548,False,True,False,20.0,3.59,3.7996,0.0,-1.570783762135279
2023-09-14 07:00:00,2023-09-14,7,25,25,20.28,2.096706781723969,0,5,23,166.97548,False,True,False,20.0,20.28,14.4303,0.0,-12.333593218276032
2023-09-14 18:00:00,2023-09-14,18,25,25,7.16,2.0359014281563095,0,5,23,166.97548,False,True,False,20.0,7.16,1.3900000000000001,0.0,0.6459014281563094
2023-09-14 19:00:00,2023-09-14,19,25,25,4.27,1.9647176797144825,0,5,2,166.97548,False,True,False,20.0,4.27,0.0,0.0,1.9647176797144825
2023-09-15 06:00:00,2023-09-15,6,25,25,5.22,2.228816237864721,0,5,11,166.97548,False,True,False,20.0,5.22,2.1635,0.0,0.06531623786472096
2023-09-15 07:00:00,2023-09-15,7,25,25,18.53,2.096706781723969,0,5,22,166.97548,False,True,False,20.0,18.53,13.3834,0.0,-11.286693218276032
2023-09-15 18:00:00,2023-09-15,18,25,25,6.71,2.0359014281563095,0,5,22,166.97548,False,True,False,20.0,6.71,0.1708,0.0,1.8651014281563094
2023-09-15 19:00:00,2023-09-15,19,25,25,4.27,1.9647176797144825,0,5,2,166.97548,False,True,False,20.0,4.27,0.0,0.0,1.9647176797144825
2023-09-16 06:00:00,2023-09-16,6,25,25,4.279999999999999,2.228816237864721,0,5,2,166.97548,False,True,False,20.0,4.28,2.0963,-8.881784197001252e-16,0.1325162378647211
2023-09-16 07:00:00,2023-09-16,7,25,25,10.309999999999999,2.096706781723969,0,5,23,166.97548,False,True,False,20.0,10.31,14.0196,-1.7763568394002505e-15,-11.922893218276032
2023-09-16 18:00:00,2023-09-16,18,25,25,4.2299999999999995,2.0359014281563095,0,5,14,166.97548,False,True,False,20.0,4.23,0.0,-8.881784197001252e-16,2.0359014281563095
2023-09-16 19:00:00,2023-09-16,19,25,25,3.54,1.9647176797144825,0,5,1,166.97548,False,True,False,20.0,3.54,0.0,0.0,1.9647176797144825
2023-09-17 06:00:00,2023-09-17,6,25,25,4.140000000000001,2.228816237864721,0,5,12,166.97548,False,True,False,20.0,4.14,2.0637,8.881784197001252e-16,0.16511623786472107
2023-09-17 07:00:00,2023-09-17,7,25,25,18.240000000000002,2.096706781723969,0,5,23,166.97548,False,True,False,20.0,18.24,15.1855,3.552713678800501e-15,-13.088793218276031
2023-09-17 18:00:00,2023-09-17,18,25,25,6.3,2.0359014281563095,0,5,16,166.97548,False,True,False,20.0,6.3,0.0,0.0,2.0359014281563095
2023-09-17 19:00:00,2023-09-17,19,25,25,5.35,1.9647176797144825,0,5,3,166.97548,False,True,False,20.0,5.35,0.0,0.0,1.9647176797144825
2023-09-18 06:00:00,2023-09-18,6,25,25,5.9,2.228816237864721,0,5,11,166.97548,False,True,False,20.0,5.9,1.6863000000000001,0.0,0.5425162378647208
2023-09-18 07:00:00,2023-09-18,7,25,25,18.349999999999998,2.096706781723969,0,5,23,166.97548,False,True,False,20.0,18.35,14.5064,-3.552713678800501e-15,-12.409693218276031
2023-09-18 18:00:00,2023-09-18,18,25,25,5.35,2.0359014281563095,0,5,8,166.97548,False,True,False,20.0,5.35,0.0,0.0,2.0359014281563095
2023-09-18 19:00:00,2023-09-18,19,25,25,5.21,1.9647176797144825,0,5,3,166.97548,False,True,False,20.0,5.21,0.0,0.0,1.9647176797144825
2023-09-19 06:00:00,2023-09-19,6,25,25,5.05,2.228816237864721,0,5,2,166.97548,False,True,False,20.0,5.05,0.3839,0.0,1.8449162378647208
2023-09-19 07:00:00,2023-09-19,7,25,25,9.92,2.096706781723969,0,5,22,166.97548,False,True,False,20.0,9.92,9.1761,0.0,-7.0793932182760315
2023-09-19 18:00:00,2023-09-19,18,25,25,5.17,2.0359014281563095,0,5,4,166.97548,False,True,False,20.0,5.17,0.0,0.0,2.0359014281563095
2023-09-19 19:00:00,2023-09-19,19,25,25,5.06,1.9647176797144825,0,5,3,166.97548,False,True,False,20.0,5.06,0.0,0.0,1.9647176797144825
2023-09-20 06:00:00,2023-09-20,6,25,25,5.069999999999999,2.228816237864721,0,5,3,166.97548,False,True,False,20.0,5.07,0.3917,-8.881784197001252e-16,1.837116237864721
2023-09-20 07:00:00,2023-09-20,7,25,25,7.05,2.096706781723969,0,5,15,166.97548,False,True,False,20.0,7.05,9.9919,0.0,-7.895193218276031
2023-09-20 18:00:00,2023-09-20,18,25,25,3.85,2.0359014281563095,0,5,9,166.97548,False,True,False,20.0,3.85,0.0,0.0,2.0359014281563095
2023-09-20 19:00:00,2023-09-20,19,25,25,3.54,1.9647176797144825,0,5,1,166.97548,False,True,False,20.0,3.54,0.0,0.0,1.9647176797144825
2023-09-21 06:00:00,2023-09-21,6,25,25,3.6,2.228816237864721,0,5,3,166.97548,False,True,False,20.0,3.6,0.177,0.0,2.051816237864721
2023-09-21 07:00:00,2023-09-21,7,25,25,7.45,2.096706781723969,0,5,19,166.97548,False,True,False,20.0,7.45,8.967,0.0,-6.870293218276032
2023-09-21 18:00:00,2023-09-21,18,25,25,3.93,2.0359014281563095,0,5,13,166.97548,False,True,False,20.0,3.93,0.0,0.0,2.0359014281563095
2023-09-21 19:00:00,2023-09-21,19,25,25,3.55,1.9647176797144825,0,5,2,166.97548,False,True,False,20.0,3.55,0.0,0.0,1.9647176797144825
2023-09-22 06:00:00,2023-09-22,6,25,25,3.66,2.228816237864721,0,5,3,166.97548,False,True,False,20.0,3.66,0.0,0.0,2.228816237864721
2023-09-22 07:00:00,2023-09-22,7,25,25,19.68,2.096706781723969,0,5,22,166.97548,False,True,False,20.0,19.68,14.0477,0.0,-11.950993218276032
2023-09-22 18:00:00,2023-09-22,18,25,25,3.71,2.0359014281563095,0,5,9,166.97548,False,True,False,20.0,3.71,0.0,0.0,2.0359014281563095
2023-09-22 19:00:00,2023-09-22,19,25,25,3.55,1.9647176797144825,0,5,2,166.97548,False,True,False,20.0,3.55,0.0,0.0,1.9647176797144825
2023-09-23 06:00:00,2023-09-23,6,25,25,3.55,2.228816237864721,0,5,2,166.97548,False,True,False,20.0,3.55,0.0,0.0,2.228816237864721
2023-09-23 07:00:00,2023-09-23,7,25,25,5.36,2.096706781723969,0,5,17,166.97548,False,True,False,20.0,5.36,8.4395,0.0,-6.342793218276032
2023-09-23 18:00:00,2023-09-23,18,25,25,3.92,2.0359014281563095,0,5,4,166.97548,False,True,False,20.0,3.92,0.0,0.0,2.0359014281563095
2023-09-23 19:00:00,2023-09-23,19,25,25,3.9200000000000004,1.9647176797144825,0,5,3,166.97548,False,True,False,20.0,3.92,0.0,4.440892098500626e-16,1.9647176797144825
2023-09-24 06:00:00,2023-09-24,6,25,25,3.54,2.228816237864721,0,5,1,166.97548,False,True,False,20.0,3.54,0.0,0.0,2.228816237864721
2023-09-24 07:00:00,2023-09-24,7,25,25,4.39,2.096706781723969,0,5,10,166.97548,False,True,False,20.0,4.39,6.884,0.0,-4.787293218276032
2023-09-24 18:00:00,2023-09-24,18,25,25,3.55,2.0359014281563095,0,5,2,166.97548,False,True,False,20.0,3.55,0.0,0.0,2.0359014281563095
2023-09-24 19:00:00,2023-09-24,19,25,25,3.55,1.9647176797144825,0,5,2,166.97548,False,True,False,20.0,3.55,0.0,0.0,1.9647176797144825
2023-09-25 06:00:00,2023-09-25,6,25,25,3.55,2.228816237864721,0,5,2,166.97548,False,True,False,20.0,3.55,0.0,0.0,2.228816237864721
2023-09-25 07:00:00,2023-09-25,7,25,25,4.35,2.096706781723969,0,5,13,166.97548,False,True,False,20.0,4.35,6.279,0.0,-4.1822932182760315
2023-09-25 18:00:00,2023-09-25,18,25,25,3.69,2.0359014281563095,0,5,4,166.97548,False,True,False,20.0,3.69,0.0,0.0,2.0359014281563095
2023-09-25 19:00:00,2023-09-25,19,25,25,3.6599999999999997,1.9647176797144825,0,5,3,166.97548,False,True,False,20.0,3.66,0.0,-4.440892098500626e-16,1.9647176797144825
2023-09-26 06:00:00,2023-09-26,6,25,25,3.6599999999999997,2.228816237864721,0,5,3,166.97548,False,True,False,20.0,3.66,0.0,-4.440892098500626e-16,2.228816237864721
2023-09-26 07:00:00,2023-09-26,7,25,25,7.05,2.096706781723969,0,5,18,166.97548,False,True,False,20.0,7.05,7.7342,0.0,-5.637493218276031
2023-09-26 18:00:00,2023-09-26,18,25,25,5.140000000000001,2.0359014281563095,0,5,4,166.97548,False,True,False,20.0,5.14,0.0,8.881784197001252e-16,2.0359014281563095
2023-09-26 19:00:00,2023-09-26,19,25,25,5.13,1.9647176797144825,0,5,3,166.97548,False,True,False,20.0,5.13,0.0,0.0,1.9647176797144825
2023-09-27 06:00:00,2023-09-27,6,27,27,3.54,2.4779255766018746,0,5,1,175.39648,False,True,False,18.51851851851852,3.54,0.0,0.0,2.4779255766018746
2023-09-27 07:00:00,2023-09-27,7,27,27,6.41,2.326771554496393,0,5,14,175.39648,False,True,False,18.51851851851852,6.41,7.445,0.0,-5.118228445503608
2023-09-27 18:00:00,2023-09-27,18,27,27,3.74,2.2536606922393863,0,5,2,175.39648,False,True,False,18.51851851851852,3.74,0.0,0.0,2.2536606922393863
2023-09-27 19:00:00,2023-09-27,19,27,27,3.74,2.182227759301538,0,5,2,175.39648,False,True,False,18.51851851851852,3.74,0.0,0.0,2.182227759301538
2023-09-28 06:00:00,2023-09-28,6,27,27,3.54,2.4779255766018746,0,5,1,175.39648,False,True,False,18.51851851851852,3.54,0.0,0.0,2.4779255766018746
2023-09-28 07:00:00,2023-09-28,7,27,27,7.99,2.326771554496393,0,5,20,175.39648,False,True,False,18.51851851851852,7.99,11.4001,0.0,-9.073328445503607
2023-09-28 18:00:00,2023-09-28,18,27,27,3.87,2.2536606922393863,0,5,4,175.39648,False,True,False,18.51851851851852,3.87,0.0,0.0,2.2536606922393863
2023-09-28 19:00:00,2023-09-28,19,27,27,3.87,2.182227759301538,0,5,4,175.39648,False,True,False,18.51851851851852,3.87,0.0,0.0,2.182227759301538
2023-09-29 06:00:00,2023-09-29,6,27,27,3.58,2.4779255766018746,0,5,3,175.39648,False,True,False,18.51851851851852,3.58,0.0,0.0,2.4779255766018746
2023-09-29 07:00:00,2023-09-29,7,27,27,5.46,2.326771554496393,0,5,19,175.39648,False,True,False,18.51851851851852,5.46,6.2278,0.0,-3.901028445503607
2023-09-29 18:00:00,2023-09-29,18,27,27,3.58,2.2536606922393863,0,5,3,175.39648,False,True,False,18.51851851851852,3.58,0.0,0.0,2.2536606922393863
2023-09-29 19:00:00,2023-09-29,19,27,27,3.57,2.182227759301538,0,5,2,175.39648,False,True,False,18.51851851851852,3.5700000000000003,0.0,-4.440892098500626e-16,2.182227759301538
2023-09-30 06:00:00,2023-09-30,6,27,27,3.59,2.4779255766018746,0,5,3,175.39648,False,True,False,18.51851851851852,3.59,0.0,0.0,2.4779255766018746
2023-09-30 07:00:00,2023-09-30,7,27,27,10.64,2.326771554496393,0,5,19,175.39648,False,True,False,18.51851851851852,10.64,12.2341,0.0,-9.907328445503607
2023-09-30 18:00:00,2023-09-30,18,27,27,3.59,2.2536606922393863,0,5,4,175.39648,False,True,False,18.51851851851852,3.59,0.0,0.0,2.2536606922393863
2023-09-30 19:00:00,2023-09-30,19,27,27,3.57,2.182227759301538,0,5,2,175.39648,False,True,False,18.51851851851852,3.5700000000000003,0.0,-4.440892098500626e-16,2.182227759301538
2023-10-01 06:00:00,2023-10-01,6,27,27,3.5799999999999996,2.4779255766018746,0,5,3,175.39648,False,True,False,18.51851851851852,3.58,0.0,-4.440892098500626e-16,2.4779255766018746
2023-10-01 07:00:00,2023-10-01,7,27,27,19.060000000000002,2.326771554496393,0,5,23,175.39648,False,True,False,18.51851851851852,19.06,12.1718,3.552713678800501e-15,-9.845028445503607
2023-10-01 18:00:00,2023-10-01,18,27,27,3.59,2.2536606922393863,0,5,4,175.39648,False,True,False,18.51851851851852,3.59,0.0,0.0,2.2536606922393863
2023-10-01 19:00:00,2023-10-01,19,27,27,3.59,2.182227759301538,0,5,4,175.39648,False,True,False,18.51851851851852,3.59,0.0,0.0,2.182227759301538
2023-10-02 06:00:00,2023-10-02,6,27,27,3.5999999999999996,2.4779255766018746,0,5,4,175.39648,False,True,False,18.51851851851852,3.6,0.0,-4.440892098500626e-16,2.4779255766018746
2023-10-02 07:00:00,2023-10-02,7,27,27,11.36,2.326771554496393,0,5,23,175.39648,False,True,False,18.51851851851852,11.36,8.7591,0.0,-6.432328445503607
2023-10-02 18:00:00,2023-10-02,18,27,27,4.49,2.2536606922393863,0,5,5,175.39648,False,True,False,18.51851851851852,4.49,0.0,0.0,2.2536606922393863
2023-10-02 19:00:00,2023-10-02,19,27,27,4.49,2.182227759301538,0,5,5,175.39648,False,True,False,18.51851851851852,4.49,0.0,0.0,2.182227759301538
2023-10-03 06:00:00,2023-10-03,6,27,27,4.49,2.4779255766018746,0,5,5,175.39648,False,True,False,18.51851851851852,4.49,0.0,0.0,2.4779255766018746
2023-10-03 07:00:00,2023-10-03,7,27,27,6.42,2.326771554496393,0,5,18,175.39648,False,True,False,18.51851851851852,6.42,8.7273,0.0,-6.400528445503607
2023-10-03 18:00:00,2023-10-03,18,27,27,3.57,2.2536606922393863,0,5,4,175.39648,False,True,False,18.51851851851852,3.5700000000000003,0.0,-4.440892098500626e-16,2.2536606922393863
2023-10-03 19:00:00,2023-10-03,19,27,27,3.56,2.182227759301538,0,5,3,175.39648,False,True,False,18.51851851851852,3.56,0.0,0.0,2.182227759301538
2023-10-04 06:00:00,2023-10-04,6,27,27,3.55,2.4779255766018746,0,5,2,175.39648,False,True,False,18.51851851851852,3.55,0.0,0.0,2.4779255766018746
2023-10-04 07:00:00,2023-10-04,7,27,27,11.47,2.326771554496393,0,5,23,175.39648,False,True,False,18.51851851851852,11.47,9.7053,0.0,-7.378528445503607
2023-10-04 18:00:00,2023-10-04,18,27,27,4.06,2.2536606922393863,0,5,4,175.39648,False,True,False,18.51851851851852,4.06,0.0,0.0,2.2536606922393863
2023-10-04 19:00:00,2023-10-04,19,27,27,4.06,2.182227759301538,0,5,4,175.39648,False,True,False,18.51851851851852,4.06,0.0,0.0,2.182227759301538
2023-10-05 06:00:00,2023-10-05,6,27,27,4.05,2.4779255766018746,0,5,3,175.39648,False,True,False,18.51851851851852,4.05,0.0,0.0,2.4779255766018746
2023-10-05 07:00:00,2023-10-05,7,27,27,17.18,2.326771554496393,0,5,23,175.39648,False,True,False,18.51851851851852,17.18,12.5871,0.0,-10.260328445503607
2023-10-05 18:00:00,2023-10-05,18,27,27,3.8599999999999994,2.2536606922393863,0,5,3,175.39648,False,True,False,18.51851851851852,3.86,0.0,-4.440892098500626e-16,2.2536606922393863
2023-10-05 19:00:00,2023-10-05,19,27,27,3.8599999999999994,2.182227759301538,0,5,3,175.39648,False,True,False,18.51851851851852,3.86,0.0,-4.440892098500626e-16,2.182227759301538
2023-10-06 06:00:00,2023-10-06,6,27,27,3.8599999999999994,2.4779255766018746,0,5,3,175.39648,False,True,False,18.51851851851852,3.86,0.0,-4.440892098500626e-16,2.4779255766018746
2023-10-06 07:00:00,2023-10-06,7,27,27,7.22,2.326771554496393,0,5,20,175.39648,False,True,False,18.51851851851852,7.22,7.4383,0.0,-5.111528445503607
2023-10-06 18:00:00,2023-10-06,18,27,27,3.8699999999999997,2.2536606922393863,0,5,4,175.39648,False,True,False,18.51851851851852,3.87,0.0,-4.440892098500626e-16,2.2536606922393863
2023-10-06 19:00:00,2023-10-06,19,27,27,3.8699999999999997,2.182227759301538,0,5,4,175.39648,False,True,False,18.51851851851852,3.87,0.0,-4.440892098500626e-16,2.182227759301538
2023-10-07 06:00:00,2023-10-07,6,27,27,3.8699999999999997,2.4779255766018746,0,5,4,175.39648,False,True,False,18.51851851851852,3.87,0.0,-4.440892098500626e-16,2.4779255766018746
2023-10-07 07:00:00,2023-10-07,7,27,27,6.4,2.326771554496393,0,5,20,175.39648,False,True,False,18.51851851851852,6.4,8.2727,0.0,-5.945928445503608
2023-10-07 18:00:00,2023-10-07,18,27,27,3.8599999999999994,2.2536606922393863,0,5,3,175.39648,False,True,False,18.51851851851852,3.86,0.0,-4.440892098500626e-16,2.2536606922393863
2023-10-07 19:00:00,2023-10-07,19,27,27,3.86,2.182227759301538,0,5,3,175.39648,False,True,False,18.51851851851852,3.86,0.0,0.0,2.182227759301538
2023-10-08 06:00:00,2023-10-08,6,27,27,3.84,2.4779255766018746,0,5,2,175.39648,False,True,False,18.51851851851852,3.84,0.0,0.0,2.4779255766018746
2023-10-08 07:00:00,2023-10-08,7,27,27,12.68,2.326771554496393,0,5,21,175.39648,False,True,False,18.51851851851852,12.68,9.568,0.0,-7.241228445503607
2023-10-08 18:00:00,2023-10-08,18,27,27,3.9,2.2536606922393863,0,5,4,175.39648,False,True,False,18.51851851851852,3.9,0.0,0.0,2.2536606922393863
2023-10-08 19:00:00,2023-10-08,19,27,27,3.8499999999999996,2.182227759301538,0,5,3,175.39648,False,True,False,18.51851851851852,3.85,0.0,-4.440892098500626e-16,2.182227759301538
2023-10-09 06:00:00,2023-10-09,6,27,27,3.8499999999999996,2.4779255766018746,0,5,3,175.39648,False,True,False,18.51851851851852,3.85,0.0,-4.440892098500626e-16,2.4779255766018746
2023-10-09 07:00:00,2023-10-09,7,27,27,10.77,2.326771554496393,0,5,24,175.39648,False,True,False,18.51851851851852,10.77,9.9486,0.0,-7.621828445503608
2023-10-09 18:00:00,2023-10-09,18,27,27,3.85,2.2536606922393863,0,5,3,175.39648,False,True,False,18.51851851851852,3.85,0.0,0.0,2.2536606922393863
2023-10-09 19:00:00,2023-10-09,19,27,27,3.85,2.182227759301538,0,5,3,175.39648,False,True,False,18.51851851851852,3.85,0.0,0.0,2.182227759301538
2023-10-10 06:00:00,2023-10-10,6,27,27,3.85,2.4779255766018746,0,5,3,175.39648,False,True,False,18.51851851851852,3.85,0.0,0.0,2.4779255766018746
2023-10-10 07:00:00,2023-10-10,7,27,27,11.030000000000001,2.326771554496393,0,5,24,175.39648,False,True,False,18.51851851851852,11.03,9.0774,1.7763568394002505e-15,-6.750628445503608
2023-10-10 18:00:00,2023-10-10,18,27,27,3.8499999999999996,2.2536606922393863,0,5,3,175.39648,False,True,False,18.51851851851852,3.85,0.0,-4.440892098500626e-16,2.2536606922393863
2023-10-10 19:00:00,2023-10-10,19,27,27,3.84,2.182227759301538,0,5,2,175.39648,False,True,False,18.51851851851852,3.84,0.0,0.0,2.182227759301538
2023-10-11 06:00:00,2023-10-11,6,27,27,3.84,2.4779255766018746,0,5,2,175.39648,False,True,False,18.51851851851852,3.84,0.0,0.0,2.4779255766018746
2023-10-11 07:00:00,2023-10-11,7,27,27,14.64,2.326771554496393,0,5,24,175.39648,False,True,False,18.51851851851852,14.64,9.6049,0.0,-7.278128445503608
2023-10-11 18:00:00,2023-10-11,18,27,27,3.8499999999999996,2.2536606922393863,0,5,3,175.39648,False,True,False,18.51851851851852,3.85,0.0,-4.440892098500626e-16,2.2536606922393863
2023-10-11 19:00:00,2023-10-11,19,27,27,3.8499999999999996,2.182227759301538,0,5,3,175.39648,False,True,False,18.51851851851852,3.85,0.0,-4.440892098500626e-16,2.182227759301538
2023-10-12 06:00:00,2023-10-12,6,27,27,3.8499999999999996,2.4779255766018746,0,5,3,175.39648,False,True,False,18.51851851851852,3.85,0.0,-4.440892098500626e-16,2.4779255766018746
2023-10-12 07:00:00,2023-10-12,7,27,27,13.25,2.326771554496393,0,5,24,175.39648,False,True,False,18.51851851851852,13.25,9.2379,0.0,-6.911128445503607
2023-10-12 18:00:00,2023-10-12,18,27,27,3.8499999999999996,2.2536606922393863,0,5,3,175.39648,False,True,False,18.51851851851852,3.85,0.0,-4.440892098500626e-16,2.2536606922393863
2023-10-12 19:00:00,2023-10-12,19,27,27,3.84,2.182227759301538,0,5,2,175.39648,False,True,False,18.51851851851852,3.84,0.0,0.0,2.182227759301538
2023-10-13 06:00:00,2023-10-13,6,27,27,3.84,2.4779255766018746,0,5,2,175.39648,False,True,False,18.51851851851852,3.84,0.0,0.0,2.4779255766018746
2023-10-13 07:00:00,2023-10-13,7,27,27,7.32,2.326771554496393,0,5,22,175.39648,False,True,False,18.51851851851852,7.32,8.9942,0.0,-6.667428445503607
2023-10-13 18:00:00,2023-10-13,18,27,27,3.84,2.2536606922393863,0,5,2,175.39648,False,True,False,18.51851851851852,3.84,0.0,0.0,2.2536606922393863
2023-10-13 19:00:00,2023-10-13,19,27,27,3.84,2.182227759301538,0,5,2,175.39648,False,True,False,18.51851851851852,3.84,0.0,0.0,2.182227759301538
2023-10-14 06:00:00,2023-10-14,6,27,27,3.84,2.4779255766018746,0,5,2,175.39648,False,True,False,18.51851851851852,3.84,0.0,0.0,2.4779255766018746
2023-10-14 07:00:00,2023-10-14,7,27,27,11.02,2.326771554496393,0,5,23,175.39648,False,True,False,18.51851851851852,11.02,10.1629,0.0,-7.836128445503608
2023-10-14 18:00:00,2023-10-14,18,27,27,3.86,2.2536606922393863,0,5,4,175.39648,False,True,False,18.51851851851852,3.86,0.0,0.0,2.2536606922393863
2023-10-14 19:00:00,2023-10-14,19,27,27,3.86,2.182227759301538,0,5,4,175.39648,False,True,False,18.51851851851852,3.86,0.0,0.0,2.182227759301538
2023-10-15 06:00:00,2023-10-15,6,27,27,3.86,2.4779255766018746,0,5,4,175.39648,False,True,False,18.51851851851852,3.86,0.0,0.0,2.4779255766018746
2023-10-15 07:00:00,2023-10-15,7,27,27,12.09,2.326771554496393,0,5,23,175.39648,False,True,False,18.51851851851852,12.09,10.8311,0.0,-8.504328445503607
2023-10-15 18:00:00,2023-10-15,18,27,27,3.85,2.2536606922393863,0,5,3,175.39648,False,True,False,18.51851851851852,3.85,0.0,0.0,2.2536606922393863
2023-10-15 19:00:00,2023-10-15,19,27,27,3.85,2.182227759301538,0,5,3,175.39648,False,True,False,18.51851851851852,3.85,0.0,0.0,2.182227759301538
2023-10-16 06:00:00,2023-10-16,6,27,27,3.85,2.4779255766018746,0,5,3,175.39648,False,True,False,18.51851851851852,3.85,0.0,0.0,2.4779255766018746
2023-10-16 07:00:00,2023-10-16,7,27,27,11.71,2.326771554496393,0,5,23,175.39648,False,True,False,18.51851851851852,11.71,10.3522,0.0,-8.025428445503607
2023-10-16 18:00:00,2023-10-16,18,27,27,3.85,2.2536606922393863,0,5,3,175.39648,False,True,False,18.51851851851852,3.85,0.0,0.0,2.2536606922393863
2023-10-16 19:00:00,2023-10-16,19,27,27,3.85,2.182227759301538,0,5,3,175.39648,False,True,False,18.51851851851852,3.85,0.0,0.0,2.182227759301538
2023-10-17 06:00:00,2023-10-17,6,27,27,3.85,2.4779255766018746,0,5,3,175.39648,False,True,False,18.51851851851852,3.85,0.0,0.0,2.4779255766018746
2023-10-17 07:00:00,2023-10-17,7,27,27,11.82,2.326771554496393,0,5,23,175.39648,False,True,False,18.51851851851852,11.82,10.1626,0.0,-7.835828445503607
2023-10-17 18:00:00,2023-10-17,18,27,27,3.84,2.2536606922393863,0,5,2,175.39648,False,True,False,18.51851851851852,3.84,0.0,0.0,2.2536606922393863
2023-10-17 19:00:00,2023-10-17,19,27,27,3.84,2.182227759301538,0,5,2,175.39648,False,True,False,18.51851851851852,3.84,0.0,0.0,2.182227759301538
2023-10-18 06:00:00,2023-10-18,6,27,27,3.84,2.4779255766018746,0,5,2,175.39648,False,True,False,18.51851851851852,3.84,0.0,0.0,2.4779255766018746
2023-10-18 07:00:00,2023-10-18,7,27,27,8.67,2.326771554496393,0,5,22,175.39648,False,True,False,18.51851851851852,8.67,8.5352,0.0,-6.208428445503607
2023-10-18 18:00:00,2023-10-18,18,27,27,3.86,2.2536606922393863,0,5,4,175.39648,False,True,False,18.51851851851852,3.86,0.0,0.0,2.2536606922393863
2023-10-18 19:00:00,2023-10-18,19,27,27,3.86,2.182227759301538,0,5,4,175.39648,False,True,False,18.51851851851852,3.86,0.0,0.0,2.182227759301538
2023-10-19 06:00:00,2023-10-19,6,27,27,3.85,2.4779255766018746,0,5,3,175.39648,False,True,False,18.51851851851852,3.85,0.0,0.0,2.4779255766018746
2023-10-19 07:00:00,2023-10-19,7,27,27,4.65,2.326771554496393,0,5,11,175.39648,False,True,False,18.51851851851852,4.65,7.0856,0.0,-4.758828445503607
2023-10-19 18:00:00,2023-10-19,18,27,27,3.86,2.2536606922393863,0,5,4,175.39648,False,True,False,18.51851851851852,3.86,0.0,0.0,2.2536606922393863
2023-10-19 19:00:00,2023-10-19,19,27,27,3.86,2.182227759301538,0,5,4,175.39648,False,True,False,18.51851851851852,3.86,0.0,0.0,2.182227759301538
2023-10-20 06:00:00,2023-10-20,6,27,27,3.86,2.4779255766018746,0,5,4,175.39648,False,True,False,18.51851851851852,3.86,0.0,0.0,2.4779255766018746
2023-10-20 07:00:00,2023-10-20,7,27,27,14.469999999999999,2.326771554496393,0,5,23,175.39648,False,True,False,18.51851851851852,14.47,10.4711,-1.7763568394002505e-15,-8.144328445503607
2023-10-20 18:00:00,2023-10-20,18,27,27,3.85,2.2536606922393863,0,5,3,175.39648,False,True,False,18.51851851851852,3.85,0.0,0.0,2.2536606922393863
2023-10-20 19:00:00,2023-10-20,19,27,27,3.85,2.182227759301538,0,5,3,175.39648,False,True,False,18.51851851851852,3.85,0.0,0.0,2.182227759301538
2023-10-21 06:00:00,2023-10-21,6,27,27,3.85,2.4779255766018746,0,5,3,175.39648,False,True,False,18.51851851851852,3.85,0.0,0.0,2.4779255766018746
2023-10-21 07:00:00,2023-10-21,7,27,27,14.91,2.326771554496393,0,5,22,175.39648,False,True,False,18.51851851851852,14.91,10.5812,0.0,-8.254428445503608
2023-10-21 18:00:00,2023-10-21,18,27,27,3.85,2.2536606922393863,0,5,3,175.39648,False,True,False,18.51851851851852,3.85,0.0,0.0,2.2536606922393863
2023-10-21 19:00:00,2023-10-21,19,27,27,3.85,2.182227759301538,0,5,3,175.39648,False,True,False,18.51851851851852,3.85,0.0,0.0,2.182227759301538
2023-10-22 06:00:00,2023-10-22,6,27,27,3.85,2.4779255766018746,0,5,3,175.39648,False,True,False,18.51851851851852,3.85,0.0,0.0,2.4779255766018746
2023-10-22 07:00:00,2023-10-22,7,27,27,9.67,2.326771554496393,0,5,21,175.39648,False,True,False,18.51851851851852,9.67,9.8191,0.0,-7.492328445503608
2023-10-22 18:00:00,2023-10-22,18,27,27,3.87,2.2536606922393863,0,5,5,175.39648,False,True,False,18.51851851851852,3.87,0.0,0.0,2.2536606922393863
2023-10-22 19:00:00,2023-10-22,19,27,27,3.87,2.182227759301538,0,5,5,175.39648,False,True,False,18.51851851851852,3.87,0.0,0.0,2.182227759301538
2023-10-23 06:00:00,2023-10-23,6,27,27,3.86,2.4779255766018746,0,5,4,175.39648,False,True,False,18.51851851851852,3.86,0.0,0.0,2.4779255766018746
2023-10-23 07:00:00,2023-10-23,7,27,27,11.64,2.326771554496393,0,5,22,175.39648,False,True,False,18.51851851851852,11.64,9.8916,0.0,-7.564828445503608
2023-10-23 18:00:00,2023-10-23,18,27,27,3.8499999999999996,2.2536606922393863,0,5,3,175.39648,False,True,False,18.51851851851852,3.85,0.0,-4.440892098500626e-16,2.2536606922393863
2023-10-23 19:00:00,2023-10-23,19,27,27,3.8499999999999996,2.182227759301538,0,5,3,175.39648,False,True,False,18.51851851851852,3.85,0.0,-4.440892098500626e-16,2.182227759301538
2023-10-24 06:00:00,2023-10-24,6,27,27,3.84,2.4779255766018746,0,5,2,175.39648,False,True,False,18.51851851851852,3.84,0.0,0.0,2.4779255766018746
2023-10-24 07:00:00,2023-10-24,7,27,27,11.09,2.326771554496393,0,5,22,175.39648,False,True,False,18.51851851851852,11.09,9.4037,0.0,-7.076928445503608
2023-10-24 18:00:00,2023-10-24,18,27,27,3.84,2.2536606922393863,0,5,2,175.39648,False,True,False,18.51851851851852,3.84,0.0,0.0,2.2536606922393863
2023-10-24 19:00:00,2023-10-24,19,27,27,3.84,2.182227759301538,0,5,2,175.39648,False,True,False,18.51851851851852,3.84,0.0,0.0,2.182227759301538
2023-10-25 06:00:00,2023-10-25,6,27,27,3.84,2.4779255766018746,0,5,2,175.39648,False,True,False,18.51851851851852,3.84,0.0,0.0,2.4779255766018746
2023-10-25 07:00:00,2023-10-25,7,27,27,9.870000000000001,2.326771554496393,0,5,22,175.39648,False,True,False,18.51851851851852,9.87,9.5228,1.7763568394002505e-15,-7.196028445503607
2023-10-25 18:00:00,2023-10-25,18,27,27,3.55,2.2536606922393863,0,5,2,175.39648,False,True,False,18.51851851851852,3.55,0.0,0.0,2.2536606922393863
2023-10-25 19:00:00,2023-10-25,19,27,27,3.55,2.182227759301538,0,5,2,175.39648,False,True,False,18.51851851851852,3.55,0.0,0.0,2.182227759301538
2023-10-26 06:00:00,2023-10-26,6,27,27,3.55,2.4779255766018746,0,5,2,175.39648,False,True,False,18.51851851851852,3.55,0.0,0.0,2.4779255766018746
2023-10-26 07:00:00,2023-10-26,7,27,27,8.14,2.326771554496393,0,5,22,175.39648,False,True,False,18.51851851851852,8.14,9.0206,0.0,-6.693828445503607
2023-10-26 18:00:00,2023-10-26,18,27,27,3.54,2.2536606922393863,0,5,1,175.39648,False,True,False,18.51851851851852,3.54,0.0,0.0,2.2536606922393863
2023-10-26 19:00:00,2023-10-26,19,27,27,3.54,2.182227759301538,0,5,1,175.39648,False,True,False,18.51851851851852,3.54,0.0,0.0,2.182227759301538
2023-10-27 06:00:00,2023-10-27,6,27,27,3.54,2.4779255766018746,0,5,1,175.39648,False,True,False,18.51851851851852,3.54,0.0,0.0,2.4779255766018746
2023-10-27 07:00:00,2023-10-27,7,27,27,11.47,2.326771554496393,0,5,22,175.39648,False,True,False,18.51851851851852,11.47,9.4269,0.0,-7.100128445503607
2023-10-27 18:00:00,2023-10-27,18,27,27,3.55,2.2536606922393863,0,5,2,175.39648,False,True,False,18.51851851851852,3.55,0.0,0.0,2.2536606922393863
2023-10-27 19:00:00,2023-10-27,19,27,27,0.0,2.182227759301538,0,5,0,175.39648,False,False,False,18.51851851851852,0.0,0.0,0.0,2.182227759301538
2023-10-28 06:00:00,2023-10-28,6,27,27,0.0,2.4779255766018746,0,5,0,175.39648,False,False,False,18.51851851851852,0.0,0.0,0.0,2.4779255766018746
2023-10-28 07:00:00,2023-10-28,7,27,27,12.03,2.326771554496393,0,5,22,175.39648,False,True,False,18.51851851851852,12.03,8.9392,0.0,-6.612428445503607
2023-10-28 18:00:00,2023-10-28,18,27,27,3.5599999999999996,2.2536606922393863,0,5,3,175.39648,False,True,False,18.51851851851852,3.56,0.0,-4.440892098500626e-16,2.2536606922393863
2023-10-28 19:00:00,2023-10-28,19,27,27,0.0,2.182227759301538,0,5,0,175.39648,False,False,False,18.51851851851852,0.0,0.0,0.0,2.182227759301538
2023-10-29 06:00:00,2023-10-29,6,27,27,0.0,2.4779255766018746,0,5,0,175.39648,False,False,False,18.51851851851852,0.0,0.0,0.0,2.4779255766018746
2023-10-29 07:00:00,2023-10-29,7,27,27,9.59,2.326771554496393,0,5,21,175.39648,False,True,False,18.51851851851852,9.59,8.7486,0.0,-6.421828445503607
2023-10-29 18:00:00,2023-10-29,18,27,27,4.17,2.2536606922393863,0,5,4,175.39648,False,True,False,18.51851851851852,4.17,0.0,0.0,2.2536606922393863
2023-10-29 19:00:00,2023-10-29,19,27,27,0.0,2.182227759301538,0,5,0,175.39648,False,False,False,18.51851851851852,0.0,0.0,0.0,2.182227759301538
2023-10-30 06:00:00,2023-10-30,6,27,27,0.0,2.4779255766018746,0,5,0,175.39648,False,False,False,18.51851851851852,0.0,0.0,0.0,2.4779255766018746
2023-10-30 07:00:00,2023-10-30,7,27,27,9.17,2.326771554496393,0,5,21,175.39648,False,True,False,18.51851851851852,9.17,8.1576,0.0,-5.830828445503608
2023-10-30 18:00:00,2023-10-30,18,27,27,4.16,2.2536606922393863,0,5,3,175.39648,False,True,False,18.51851851851852,4.16,0.0,0.0,2.2536606922393863
2023-10-30 19:00:00,2023-10-30,19,27,27,0.0,2.182227759301538,0,5,0,175.39648,False,False,False,18.51851851851852,0.0,0.0,0.0,2.182227759301538
2023-10-31 06:00:00,2023-10-31,6,27,27,0.0,2.4779255766018746,0,5,0,175.39648,False,False,False,18.51851851851852,0.0,0.0,0.0,2.4779255766018746
2023-10-31 07:00:00,2023-10-31,7,27,27,8.16,2.326771554496393,0,5,20,175.39648,False,True,False,18.51851851851852,8.16,8.3753,0.0,-6.048528445503607
2023-10-31 18:00:00,2023-10-31,18,27,27,4.1899999999999995,2.2536606922393863,0,5,4,175.39648,False,True,False,18.51851851851852,4.19,0.0,-8.881784197001252e-16,2.2536606922393863
2023-10-31 19:00:00,2023-10-31,19,27,27,0.0,2.182227759301538,0,5,0,175.39648,False,False,False,18.51851851851852,0.0,0.0,0.0,2.182227759301538
2023-11-01 06:00:00,2023-11-01,6,27,27,0.0,2.4779255766018746,0,5,0,175.39648,False,False,False,18.51851851851852,0.0,0.0,0.0,2.4779255766018746
2023-11-01 07:00:00,2023-11-01,7,27,27,8.93,2.326771554496393,0,5,20,175.39648,False,True,False,18.51851851851852,8.93,6.6754,0.0,-4.348628445503607
2023-11-01 18:00:00,2023-11-01,18,27,27,4.15,2.2536606922393863,0,5,2,175.39648,False,True,False,18.51851851851852,4.15,0.0,0.0,2.2536606922393863
2023-11-01 19:00:00,2023-11-01,19,27,27,0.0,2.182227759301538,0,5,0,175.39648,False,False,False,18.51851851851852,0.0,0.0,0.0,2.182227759301538
2023-11-02 06:00:00,2023-11-02,6,27,27,0.0,2.4779255766018746,0,5,0,175.39648,False,False,False,18.51851851851852,0.0,0.0,0.0,2.4779255766018746
2023-11-02 07:00:00,2023-11-02,7,27,27,8.149999999999999,2.326771554496393,0,5,20,175.39648,False,True,False,18.51851851851852,8.15,6.2917,-1.7763568394002505e-15,-3.9649284455036065
2023-11-02 18:00:00,2023-11-02,18,27,27,4.15,2.2536606922393863,0,5,2,175.39648,False,True,False,18.51851851851852,4.15,0.0,0.0,2.2536606922393863
2023-11-02 19:00:00,2023-11-02,19,27,27,0.0,2.182227759301538,0,5,0,175.39648,False,False,False,18.51851851851852,0.0,0.0,0.0,2.182227759301538
2023-11-03 06:00:00,2023-11-03,6,27,27,0.0,2.4779255766018746,0,5,0,175.39648,False,False,False,18.51851851851852,0.0,0.0,0.0,2.4779255766018746
2023-11-03 07:00:00,2023-11-03,7,27,27,6.65,2.326771554496393,0,5,21,175.39648,False,True,False,18.51851851851852,6.65,4.9459,0.0,-2.619128445503607
2023-11-03 18:00:00,2023-11-03,18,27,27,4.16,2.2536606922393863,0,5,3,175.39648,False,True,False,18.51851851851852,4.16,0.0,0.0,2.2536606922393863
2023-11-03 19:00:00,2023-11-03,19,27,27,0.0,2.182227759301538,0,5,0,175.39648,False,False,False,18.51851851851852,0.0,0.0,0.0,2.182227759301538
2023-11-04 06:00:00,2023-11-04,6,27,27,0.0,2.4779255766018746,0,5,0,175.39648,False,False,False,18.51851851851852,0.0,0.0,0.0,2.4779255766018746
2023-11-04 07:00:00,2023-11-04,7,27,27,4.36,2.326771554496393,0,5,5,175.39648,False,True,False,18.51851851851852,4.36,4.0386,0.0,-1.7118284455036066
2023-11-04 18:00:00,2023-11-04,18,27,27,3.54,2.2536606922393863,0,5,1,175.39648,False,True,False,18.51851851851852,3.54,0.0,0.0,2.2536606922393863
2023-11-04 19:00:00,2023-11-04,19,27,27,0.0,2.182227759301538,0,5,0,175.39648,False,False,False,18.51851851851852,0.0,0.0,0.0,2.182227759301538
2023-11-05 06:00:00,2023-11-05,6,27,27,0.0,2.4779255766018746,0,5,0,175.39648,False,False,False,18.51851851851852,0.0,0.0,0.0,2.4779255766018746
2023-11-05 07:00:00,2023-11-05,7,27,27,4.51,2.326771554496393,0,5,12,175.39648,False,True,False,18.51851851851852,4.51,3.3861,0.0,-1.0593284455036067
2023-11-05 18:00:00,2023-11-05,18,27,27,3.69,2.2536606922393863,0,5,3,175.39648,False,True,False,18.51851851851852,3.69,0.0,0.0,2.2536606922393863
2023-11-05 19:00:00,2023-11-05,19,27,27,0.0,2.182227759301538,0,5,0,175.39648,False,False,False,18.51851851851852,0.0,0.0,0.0,2.182227759301538
2023-11-06 06:00:00,2023-11-06,6,27,27,0.0,2.4779255766018746,0,5,0,175.39648,False,False,False,18.51851851851852,0.0,0.0,0.0,2.4779255766018746
2023-11-06 07:00:00,2023-11-06,7,27,27,8.61,2.326771554496393,0,5,22,175.39648,False,True,False,18.51851851851852,8.61,6.277,0.0,-3.950228445503607
2023-11-06 18:00:00,2023-11-06,18,27,27,3.54,2.2536606922393863,0,5,1,175.39648,False,True,False,18.51851851851852,3.54,0.0,0.0,2.2536606922393863
2023-11-06 19:00:00,2023-11-06,19,27,27,0.0,2.182227759301538,0,5,0,175.39648,False,False,False,18.51851851851852,0.0,0.0,0.0,2.182227759301538
2023-11-07 06:00:00,2023-11-07,6,27,27,0.0,2.4779255766018746,0,5,0,175.39648,False,False,False,18.51851851851852,0.0,0.0,0.0,2.4779255766018746
2023-11-07 07:00:00,2023-11-07,7,27,27,8.82,2.326771554496393,0,5,22,175.39648,False,True,False,18.51851851851852,8.82,6.2504,0.0,-3.923628445503607
2023-11-07 18:00:00,2023-11-07,18,27,27,3.54,2.2536606922393863,0,5,1,175.39648,False,True,False,18.51851851851852,3.54,0.0,0.0,2.2536606922393863
2023-11-07 19:00:00,2023-11-07,19,27,27,0.0,2.182227759301538,0,5,0,175.39648,False,False,False,18.51851851851852,0.0,0.0,0.0,2.182227759301538
2023-11-08 06:00:00,2023-11-08,6,27,27,0.0,2.4779255766018746,0,5,0,175.39648,False,False,False,18.51851851851852,0.0,0.0,0.0,2.4779255766018746
2023-11-08 07:00:00,2023-11-08,7,27,27,4.49,2.326771554496393,0,5,15,175.39648,False,True,False,18.51851851851852,4.49,5.3644,0.0,-3.0376284455036067
2023-11-08 18:00:00,2023-11-08,18,27,27,3.57,2.2536606922393863,0,5,4,175.39648,False,True,False,18.51851851851852,3.5700000000000003,0.0,-4.440892098500626e-16,2.2536606922393863
2023-11-08 19:00:00,2023-11-08,19,27,27,0.0,2.182227759301538,0,5,0,175.39648,False,False,False,18.51851851851852,0.0,0.0,0.0,2.182227759301538
2023-11-09 06:00:00,2023-11-09,6,27,27,0.0,2.4779255766018746,0,5,0,175.39648,False,False,False,18.51851851851852,0.0,0.0,0.0,2.4779255766018746
2023-11-09 07:00:00,2023-11-09,7,27,27,5.78,2.326771554496393,0,5,16,175.39648,False,True,False,18.51851851851852,5.78,4.0453,0.0,-1.718528445503607
2023-11-09 18:00:00,2023-11-09,18,27,27,3.55,2.2536606922393863,0,5,2,175.39648,False,True,False,18.51851851851852,3.55,0.0,0.0,2.2536606922393863
2023-11-09 19:00:00,2023-11-09,19,27,27,0.0,2.182227759301538,0,5,0,175.39648,False,False,False,18.51851851851852,0.0,0.0,0.0,2.182227759301538
2023-11-10 06:00:00,2023-11-10,6,27,27,0.0,2.4779255766018746,0,5,0,175.39648,False,False,False,18.51851851851852,0.0,0.0,0.0,2.4779255766018746
2023-11-10 07:00:00,2023-11-10,7,27,27,6.16,2.326771554496393,0,5,17,175.39648,False,True,False,18.51851851851852,6.16,5.3856,0.0,-3.058828445503607
2023-11-10 18:00:00,2023-11-10,18,27,27,3.5599999999999996,2.2536606922393863,0,5,3,175.39648,False,True,False,18.51851851851852,3.56,0.0,-4.440892098500626e-16,2.2536606922393863
2023-11-10 19:00:00,2023-11-10,19,27,27,0.0,2.182227759301538,0,5,0,175.39648,False,False,False,18.51851851851852,0.0,0.0,0.0,2.182227759301538
2023-11-11 06:00:00,2023-11-11,6,27,27,0.0,2.4779255766018746,0,5,0,175.39648,False,False,False,18.51851851851852,0.0,0.0,0.0,2.4779255766018746
2023-11-11 07:00:00,2023-11-11,7,27,27,3.5899999999999994,2.326771554496393,0,5,3,175.39648,False,True,False,18.51851851851852,3.59,3.4072,-4.440892098500626e-16,-1.0804284455036068
2023-11-11 18:00:00,2023-11-11,18,27,27,3.54,2.2536606922393863,0,5,1,175.39648,False,True,False,18.51851851851852,3.54,0.0,0.0,2.2536606922393863
2023-11-11 19:00:00,2023-11-11,19,27,27,0.0,2.182227759301538,0,5,0,175.39648,False,False,False,18.51851851851852,0.0,0.0,0.0,2.182227759301538
2023-11-12 06:00:00,2023-11-12,6,27,27,0.0,2.4779255766018746,0,5,0,175.39648,False,False,False,18.51851851851852,0.0,0.0,0.0,2.4779255766018746
2023-11-12 07:00:00,2023-11-12,7,27,27,6.57,2.326771554496393,0,5,20,175.39648,False,True,False,18.51851851851852,6.57,5.6429,0.0,-3.316128445503607
2023-11-12 18:00:00,2023-11-12,18,27,27,3.54,2.2536606922393863,0,5,1,175.39648,False,True,False,18.51851851851852,3.54,0.0,0.0,2.2536606922393863
2023-11-12 19:00:00,2023-11-12,19,27,27,0.0,2.182227759301538,0,5,0,175.39648,False,False,False,18.51851851851852,0.0,0.0,0.0,2.182227759301538
2023-11-13 06:00:00,2023-11-13,6,27,27,0.0,2.4779255766018746,0,5,0,175.39648,False,False,False,18.51851851851852,0.0,0.0,0.0,2.4779255766018746
2023-11-13 07:00:00,2023-11-13,7,27,27,5.45,2.326771554496393,0,5,21,175.39648,False,True,False,18.51851851851852,5.45,4.7115,0.0,-2.384728445503607
2023-11-13 18:00:00,2023-11-13,18,27,27,3.55,2.2536606922393863,0,5,2,175.39648,False,True,False,18.51851851851852,3.55,0.0,0.0,2.2536606922393863
2023-11-13 19:00:00,2023-11-13,19,27,27,0.0,2.182227759301538,0,5,0,175.39648,False,False,False,18.51851851851852,0.0,0.0,0.0,2.182227759301538
2023-11-14 06:00:00,2023-11-14,6,27,27,0.0,2.4779255766018746,0,5,0,175.39648,False,False,False,18.51851851851852,0.0,0.0,0.0,2.4779255766018746
2023-11-14 07:00:00,2023-11-14,7,27,27,6.35,2.326771554496393,0,5,21,175.39648,False,True,False,18.51851851851852,6.35,5.4392,0.0,-3.1124284455036064
2023-11-14 18:00:00,2023-11-14,18,27,27,3.55,2.2536606922393863,0,5,2,175.39648,False,True,False,18.51851851851852,3.55,0.0,0.0,2.2536606922393863
2023-11-14 19:00:00,2023-11-14,19,27,27,0.0,2.182227759301538,0,5,0,175.39648,False,False,False,18.51851851851852,0.0,0.0,0.0,2.182227759301538
2023-11-15 06:00:00,2023-11-15,6,27,27,0.0,2.4779255766018746,0,5,0,175.39648,False,False,False,18.51851851851852,0.0,0.0,0.0,2.4779255766018746
2023-11-15 07:00:00,2023-11-15,7,27,27,6.08,2.326771554496393,0,5,19,175.39648,False,True,False,18.51851851851852,6.08,4.8064,0.0,-2.479628445503607
2023-11-15 18:00:00,2023-11-15,18,27,27,3.55,2.2536606922393863,0,5,2,175.39648,False,True,False,18.51851851851852,3.55,0.0,0.0,2.2536606922393863
2023-11-15 19:00:00,2023-11-15,19,27,27,0.0,2.182227759301538,0,5,0,175.39648,False,False,False,18.51851851851852,0.0,0.0,0.0,2.182227759301538
2023-11-16 06:00:00,2023-11-16,6,27,27,0.0,2.4779255766018746,0,5,0,175.39648,False,False,False,18.51851851851852,0.0,0.0,0.0,2.4779255766018746
2023-11-16 07:00:00,2023-11-16,7,27,27,4.55,2.326771554496393,0,5,16,175.39648,False,True,False,18.51851851851852,4.55,5.3779,0.0,-3.051128445503607
2023-11-16 18:00:00,2023-11-16,18,27,27,3.55,2.2536606922393863,0,5,2,175.39648,False,True,False,18.51851851851852,3.55,0.0,0.0,2.2536606922393863
2023-11-16 19:00:00,2023-11-16,19,27,27,0.0,2.182227759301538,0,5,0,175.39648,False,False,False,18.51851851851852,0.0,0.0,0.0,2.182227759301538
2023-11-17 06:00:00,2023-11-17,6,27,27,0.0,2.4779255766018746,0,5,0,175.39648,False,False,False,18.51851851851852,0.0,0.0,0.0,2.4779255766018746
2023-11-17 07:00:00,2023-11-17,7,27,27,5.63,2.326771554496393,0,5,17,175.39648,False,True,False,18.51851851851852,5.63,5.4424,0.0,-3.115628445503607
2023-11-17 18:00:00,2023-11-17,18,27,27,3.5599999999999996,2.2536606922393863,0,5,3,175.39648,False,True,False,18.51851851851852,3.56,0.0,-4.440892098500626e-16,2.2536606922393863
2023-11-17 19:00:00,2023-11-17,19,27,27,0.0,2.182227759301538,0,5,0,175.39648,False,False,False,18.51851851851852,0.0,0.0,0.0,2.182227759301538
2023-11-18 06:00:00,2023-11-18,6,27,27,0.0,2.4779255766018746,0,5,0,175.39648,False,False,False,18.51851851851852,0.0,0.0,0.0,2.4779255766018746
2023-11-18 07:00:00,2023-11-18,7,27,27,5.0,2.326771554496393,0,5,18,175.39648,False,True,False,18.51851851851852,5.0,5.4833,0.0,-3.1565284455036067
2023-11-18 18:00:00,2023-11-18,18,27,27,3.55,2.2536606922393863,0,5,2,175.39648,False,True,False,18.51851851851852,3.55,0.0,0.0,2.2536606922393863
2023-11-18 19:00:00,2023-11-18,19,27,27,0.0,2.182227759301538,0,5,0,175.39648,False,False,False,18.51851851851852,0.0,0.0,0.0,2.182227759301538
2023-11-19 06:00:00,2023-11-19,6,27,27,0.0,2.4779255766018746,0,5,0,175.39648,False,False,False,18.51851851851852,0.0,0.0,0.0,2.4779255766018746
2023-11-19 07:00:00,2023-11-19,7,27,27,5.07,2.326771554496393,0,5,17,175.39648,False,True,False,18.51851851851852,5.07,5.4646,0.0,-3.1378284455036067
2023-11-19 18:00:00,2023-11-19,18,27,27,3.55,2.2536606922393863,0,5,2,175.39648,False,True,False,18.51851851851852,3.55,0.0,0.0,2.2536606922393863
2023-11-19 19:00:00,2023-11-19,19,27,27,0.0,2.182227759301538,0,5,0,175.39648,False,False,False,18.51851851851852,0.0,0.0,0.0,2.182227759301538
2023-11-20 06:00:00,2023-11-20,6,27,27,0.0,2.4779255766018746,0,5,0,175.39648,False,False,False,18.51851851851852,0.0,0.0,0.0,2.4779255766018746
2023-11-20 07:00:00,2023-11-20,7,27,27,4.91,2.326771554496393,0,5,17,175.39648,False,True,False,18.51851851851852,4.91,5.3566,0.0,-3.029828445503607
2023-11-20 18:00:00,2023-11-20,18,27,27,3.55,2.2536606922393863,0,5,2,175.39648,False,True,False,18.51851851851852,3.55,0.0,0.0,2.2536606922393863
2023-11-20 19:00:00,2023-11-20,19,27,27,0.0,2.182227759301538,0,5,0,175.39648,False,False,False,18.51851851851852,0.0,0.0,0.0,2.182227759301538
2023-11-21 06:00:00,2023-11-21,6,27,27,0.0,2.4779255766018746,0,5,0,175.39648,False,False,False,18.51851851851852,0.0,0.0,0.0,2.4779255766018746
2023-11-21 07:00:00,2023-11-21,7,27,27,4.78,2.326771554496393,0,5,16,175.39648,False,True,False,18.51851851851852,4.78,5.439,0.0,-3.112228445503607
2023-11-21 18:00:00,2023-11-21,18,27,27,3.54,2.2536606922393863,0,5,1,175.39648,False,True,False,18.51851851851852,3.54,0.0,0.0,2.2536606922393863
2023-11-21 19:00:00,2023-11-21,19,27,27,0.0,2.182227759301538,0,5,0,175.39648,False,False,False,18.51851851851852,0.0,0.0,0.0,2.182227759301538
2023-11-22 06:00:00,2023-11-22,6,27,27,0.0,2.4779255766018746,0,5,0,175.39648,False,False,False,18.51851851851852,0.0,0.0,0.0,2.4779255766018746
2023-11-22 07:00:00,2023-11-22,7,27,27,5.61,2.326771554496393,0,5,16,175.39648,False,True,False,18.51851851851852,5.61,4.1524,0.0,-1.825628445503607
2023-11-22 18:00:00,2023-11-22,18,27,27,3.74,2.2536606922393863,0,5,2,175.39648,False,True,False,18.51851851851852,3.74,0.0,0.0,2.2536606922393863
2023-11-22 19:00:00,2023-11-22,19,27,27,0.0,2.182227759301538,0,5,0,175.39648,False,False,False,18.51851851851852,0.0,0.0,0.0,2.182227759301538
2023-11-23 06:00:00,2023-11-23,6,27,27,0.0,2.4779255766018746,0,5,0,175.39648,False,False,False,18.51851851851852,0.0,0.0,0.0,2.4779255766018746
2023-11-23 07:00:00,2023-11-23,7,27,27,4.0200000000000005,2.326771554496393,0,5,10,175.39648,False,True,False,18.51851851851852,4.02,5.4747,8.881784197001252e-16,-3.147928445503607
2023-11-23 18:00:00,2023-11-23,18,27,27,3.54,2.2536606922393863,0,5,1,175.39648,False,True,False,18.51851851851852,3.54,0.0,0.0,2.2536606922393863
2023-11-23 19:00:00,2023-11-23,19,27,27,0.0,2.182227759301538,0,5,0,175.39648,False,False,False,18.51851851851852,0.0,0.0,0.0,2.182227759301538
2023-11-24 06:00:00,2023-11-24,6,27,27,0.0,2.4779255766018746,0,5,0,175.39648,False,False,False,18.51851851851852,0.0,0.0,0.0,2.4779255766018746
2023-11-24 07:00:00,2023-11-24,7,27,27,4.47,2.326771554496393,0,5,15,175.39648,False,True,False,18.51851851851852,4.47,5.0384,0.0,-2.711628445503607
2023-11-24 18:00:00,2023-11-24,18,27,27,3.54,2.2536606922393863,0,5,1,175.39648,False,True,False,18.51851851851852,3.54,0.0,0.0,2.2536606922393863
2023-11-24 19:00:00,2023-11-24,19,27,27,0.0,2.182227759301538,0,5,0,175.39648,False,False,False,18.51851851851852,0.0,0.0,0.0,2.182227759301538
2023-11-25 06:00:00,2023-11-25,6,27,27,0.0,2.4779255766018746,0,5,0,175.39648,False,False,False,18.51851851851852,0.0,0.0,0.0,2.4779255766018746
2023-11-25 07:00:00,2023-11-25,7,27,27,4.07,2.326771554496393,0,5,11,175.39648,False,True,False,18.51851851851852,4.07,4.6299,0.0,-2.303128445503607
2023-11-25 18:00:00,2023-11-25,18,27,27,3.98,2.2536606922393863,0,5,2,175.39648,False,True,False,18.51851851851852,3.98,0.0,0.0,2.2536606922393863
2023-11-25 19:00:00,2023-11-25,19,27,27,0.0,2.182227759301538,0,5,0,175.39648,False,False,False,18.51851851851852,0.0,0.0,0.0,2.182227759301538
2023-11-26 06:00:00,2023-11-26,6,27,27,0.0,2.4779255766018746,0,5,0,175.39648,False,False,False,18.51851851851852,0.0,0.0,0.0,2.4779255766018746
2023-11-26 07:00:00,2023-11-26,7,27,27,3.9899999999999998,2.326771554496393,0,5,2,175.39648,False,True,False,18.51851851851852,3.99,3.2021,-4.440892098500626e-16,-0.875328445503607
2023-11-26 18:00:00,2023-11-26,18,27,27,3.54,2.2536606922393863,0,5,1,175.39648,False,True,False,18.51851851851852,3.54,0.0,0.0,2.2536606922393863
2023-11-26 19:00:00,2023-11-26,19,27,27,0.0,2.182227759301538,0,5,0,175.39648,False,False,False,18.51851851851852,0.0,0.0,0.0,2.182227759301538
2023-11-27 06:00:00,2023-11-27,6,27,27,0.0,2.4779255766018746,0,5,0,175.39648,False,False,False,18.51851851851852,0.0,0.0,0.0,2.4779255766018746
2023-11-27 07:00:00,2023-11-27,7,27,27,4.02,2.326771554496393,0,5,10,175.39648,False,True,False,18.51851851851852,4.02,4.7133,0.0,-2.386528445503607
2023-11-27 18:00:00,2023-11-27,18,27,27,3.54,2.2536606922393863,0,5,1,175.39648,False,True,False,18.51851851851852,3.54,0.0,0.0,2.2536606922393863
2023-11-27 19:00:00,2023-11-27,19,27,27,0.0,2.182227759301538,0,5,0,175.39648,False,False,False,18.51851851851852,0.0,0.0,0.0,2.182227759301538
2023-11-28 06:00:00,2023-11-28,6,27,27,0.0,2.4779255766018746,0,5,0,175.39648,False,False,False,18.51851851851852,0.0,0.0,0.0,2.4779255766018746
2023-11-28 07:00:00,2023-11-28,7,27,27,4.21,2.326771554496393,0,5,13,175.39648,False,True,False,18.51851851851852,4.21,4.4502,0.0,-2.1234284455036065
2023-11-28 18:00:00,2023-11-28,18,27,27,3.5599999999999996,2.2536606922393863,0,5,3,175.39648,False,True,False,18.51851851851852,3.56,0.0,-4.440892098500626e-16,2.2536606922393863
2023-11-28 19:00:00,2023-11-28,19,27,27,0.0,2.182227759301538,0,5,0,175.39648,False,False,False,18.51851851851852,0.0,0.0,0.0,2.182227759301538
2023-11-29 06:00:00,2023-11-29,6,27,27,0.0,2.4779255766018746,0,5,0,175.39648,False,False,False,18.51851851851852,0.0,0.0,0.0,2.4779255766018746
2023-11-29 07:00:00,2023-11-29,7,27,27,3.5699999999999994,2.326771554496393,0,5,3,175.39648,False,True,False,18.51851851851852,3.5700000000000003,3.3587,-8.881784197001252e-16,-1.0319284455036066
2023-11-29 18:00:00,2023-11-29,18,27,27,3.5599999999999996,2.2536606922393863,0,5,3,175.39648,False,True,False,18.51851851851852,3.56,0.0,-4.440892098500626e-16,2.2536606922393863
2023-11-29 19:00:00,2023-11-29,19,27,27,0.0,2.182227759301538,0,5,0,175.39648,False,False,False,18.51851851851852,0.0,0.0,0.0,2.182227759301538
2023-11-30 06:00:00,2023-11-30,6,27,27,0.0,2.4779255766018746,0,5,0,175.39648,False,False,False,18.51851851851852,0.0,0.0,0.0,2.4779255766018746
2023-11-30 07:00:00,2023-11-30,7,27,27,3.71,2.326771554496393,0,5,8,175.39648,False,True,False,18.51851851851852,3.71,4.4041,0.0,-2.0773284455036065
2023-11-30 18:00:00,2023-11-30,18,27,27,3.54,2.2536606922393863,0,5,1,175.39648,False,True,False,18.51851851851852,3.54,0.0,0.0,2.2536606922393863
2023-11-30 19:00:00,2023-11-30,19,27,27,0.0,2.182227759301538,0,5,0,175.39648,False,False,False,18.51851851851852,0.0,0.0,0.0,2.182227759301538
2023-12-01 06:00:00,2023-12-01,6,27,27,0.0,2.4779255766018746,0,5,0,175.39648,False,False,False,18.51851851851852,0.0,0.0,0.0,2.4779255766018746
2023-12-01 07:00:00,2023-12-01,7,27,27,3.91,2.326771554496393,0,5,9,175.39648,False,True,False,18.51851851851852,3.91,3.7235,0.0,-1.3967284455036069
2023-12-01 18:00:00,2023-12-01,18,27,27,3.54,2.2536606922393863,0,5,1,175.39648,False,True,False,18.51851851851852,3.54,0.0,0.0,2.2536606922393863
2023-12-01 19:00:00,2023-12-01,19,27,27,0.0,2.182227759301538,0,5,0,175.39648,False,False,False,18.51851851851852,0.0,0.0,0.0,2.182227759301538
2023-12-02 06:00:00,2023-12-02,6,27,27,0.0,2.4779255766018746,0,5,0,175.39648,False,False,False,18.51851851851852,0.0,0.0,0.0,2.4779255766018746
2023-12-02 07:00:00,2023-12-02,7,27,27,3.8,2.326771554496393,0,5,9,175.39648,False,True,False,18.51851851851852,3.8,3.917,0.0,-1.5902284455036066
2023-12-02 18:00:00,2023-12-02,18,27,27,4.09,2.2536606922393863,0,5,5,175.39648,False,True,False,18.51851851851852,4.09,0.0,0.0,2.2536606922393863
2023-12-02 19:00:00,2023-12-02,19,27,27,0.0,2.182227759301538,0,5,0,175.39648,False,False,False,18.51851851851852,0.0,0.0,0.0,2.182227759301538
2023-12-03 06:00:00,2023-12-03,6,27,27,0.0,2.4779255766018746,0,5,0,175.39648,False,False,False,18.51851851851852,0.0,0.0,0.0,2.4779255766018746
2023-12-03 07:00:00,2023-12-03,7,27,27,4.27,2.326771554496393,0,5,9,175.39648,False,True,False,18.51851851851852,4.27,3.9423,0.0,-1.6155284455036067
2023-12-03 18:00:00,2023-12-03,18,27,27,4.07,2.2536606922393863,0,5,3,175.39648,False,True,False,18.51851851851852,4.07,0.0,0.0,2.2536606922393863
2023-12-03 19:00:00,2023-12-03,19,27,27,0.0,2.182227759301538,0,5,0,175.39648,False,False,False,18.51851851851852,0.0,0.0,0.0,2.182227759301538
2023-12-04 06:00:00,2023-12-04,6,27,27,0.0,2.4779255766018746,0,5,0,175.39648,False,False,False,18.51851851851852,0.0,0.0,0.0,2.4779255766018746
2023-12-04 07:00:00,2023-12-04,7,27,27,4.08,2.326771554496393,0,5,3,175.39648,False,True,False,18.51851851851852,4.08,3.8848000000000003,0.0,-1.558028445503607
2023-12-04 18:00:00,2023-12-04,18,27,27,4.08,2.2536606922393863,0,5,4,175.39648,False,True,False,18.51851851851852,4.08,0.0,0.0,2.2536606922393863
2023-12-04 19:00:00,2023-12-04,19,27,27,0.0,2.182227759301538,0,5,0,175.39648,False,False,False,18.51851851851852,0.0,0.0,0.0,2.182227759301538
2023-12-05 06:00:00,2023-12-05,6,27,27,0.0,2.4779255766018746,0,5,0,175.39648,False,False,False,18.51851851851852,0.0,0.0,0.0,2.4779255766018746
2023-12-05 07:00:00,2023-12-05,7,27,27,4.22,2.326771554496393,0,5,7,175.39648,False,True,False,18.51851851851852,4.22,4.088,0.0,-1.761228445503607
2023-12-05 18:00:00,2023-12-05,18,27,27,4.07,2.2536606922393863,0,5,3,175.39648,False,True,False,18.51851851851852,4.07,0.0,0.0,2.2536606922393863
2023-12-05 19:00:00,2023-12-05,19,27,27,0.0,2.182227759301538,0,5,0,175.39648,False,False,False,18.51851851851852,0.0,0.0,0.0,2.182227759301538
2023-12-06 06:00:00,2023-12-06,6,27,27,0.0,2.4779255766018746,0,5,0,175.39648,False,False,False,18.51851851851852,0.0,0.0,0.0,2.4779255766018746
2023-12-06 07:00:00,2023-12-06,7,27,27,4.08,2.326771554496393,0,5,3,175.39648,False,True,False,18.51851851851852,4.08,3.5382,0.0,-1.2114284455036066
2023-12-06 18:00:00,2023-12-06,18,27,27,4.0600000000000005,2.2536606922393863,0,5,2,175.39648,False,True,False,18.51851851851852,4.06,0.0,8.881784197001252e-16,2.2536606922393863
2023-12-06 19:00:00,2023-12-06,19,27,27,0.0,2.182227759301538,0,5,0,175.39648,False,False,False,18.51851851851852,0.0,0.0,0.0,2.182227759301538
2023-12-07 06:00:00,2023-12-07,6,27,27,0.0,2.4779255766018746,0,5,0,175.39648,False,False,False,18.51851851851852,0.0,0.0,0.0,2.4779255766018746
2023-12-07 07:00:00,2023-12-07,7,27,27,4.1,2.326771554496393,0,5,4,175.39648,False,True,False,18.51851851851852,4.1,3.3003,0.0,-0.9735284455036068
2023-12-07 18:00:00,2023-12-07,18,27,27,4.07,2.2536606922393863,0,5,3,175.39648,False,True,False,18.51851851851852,4.07,0.0,0.0,2.2536606922393863
2023-12-07 19:00:00,2023-12-07,19,27,27,0.0,2.182227759301538,0,5,0,175.39648,False,False,False,18.51851851851852,0.0,0.0,0.0,2.182227759301538
2023-12-08 06:00:00,2023-12-08,6,27,27,0.0,2.4779255766018746,0,5,0,175.39648,False,False,False,18.51851851851852,0.0,0.0,0.0,2.4779255766018746
2023-12-08 07:00:00,2023-12-08,7,27,27,4.109999999999999,2.326771554496393,0,5,5,175.39648,False,True,False,18.51851851851852,4.11,3.2449,-8.881784197001252e-16,-0.9181284455036067
2023-12-08 18:00:00,2023-12-08,18,27,27,4.07,2.2536606922393863,0,5,3,175.39648,False,True,False,18.51851851851852,4.07,0.0,0.0,2.2536606922393863
2023-12-08 19:00:00,2023-12-08,19,27,27,0.0,2.182227759301538,0,5,0,175.39648,False,False,False,18.51851851851852,0.0,0.0,0.0,2.182227759301538
2023-12-09 06:00:00,2023-12-09,6,27,27,0.0,2.4779255766018746,0,5,0,175.39648,False,False,False,18.51851851851852,0.0,0.0,0.0,2.4779255766018746
2023-12-09 07:00:00,2023-12-09,7,27,27,4.07,2.326771554496393,0,5,3,175.39648,False,True,False,18.51851851851852,4.07,2.7069,0.0,-0.3801284455036069
2023-12-09 18:00:00,2023-12-09,18,27,27,4.0600000000000005,2.2536606922393863,0,5,2,175.39648,False,True,False,18.51851851851852,4.06,0.0,8.881784197001252e-16,2.2536606922393863
2023-12-09 19:00:00,2023-12-09,19,27,27,0.0,2.182227759301538,0,5,0,175.39648,False,False,False,18.51851851851852,0.0,0.0,0.0,2.182227759301538
2023-12-10 06:00:00,2023-12-10,6,27,27,0.0,2.4779255766018746,0,5,0,175.39648,False,False,False,18.51851851851852,0.0,0.0,0.0,2.4779255766018746
2023-12-10 07:00:00,2023-12-10,7,27,27,4.0600000000000005,2.326771554496393,0,5,2,175.39648,False,True,False,18.51851851851852,4.06,2.1048,8.881784197001252e-16,0.22197155449639316
2023-12-10 18:00:00,2023-12-10,18,27,27,4.07,2.2536606922393863,0,5,3,175.39648,False,True,False,18.51851851851852,4.07,0.0,0.0,2.2536606922393863
2023-12-10 19:00:00,2023-12-10,19,27,27,0.0,2.182227759301538,0,5,0,175.39648,False,False,False,18.51851851851852,0.0,0.0,0.0,2.182227759301538
2023-12-11 06:00:00,2023-12-11,6,27,27,0.0,2.4779255766018746,0,5,0,175.39648,False,False,False,18.51851851851852,0.0,0.0,0.0,2.4779255766018746
2023-12-11 07:00:00,2023-12-11,7,27,27,4.07,2.326771554496393,0,5,3,175.39648,False,True,False,18.51851851851852,4.07,2.3908,0.0,-0.06402844550360687
2023-12-11 18:00:00,2023-12-11,18,27,27,4.0600000000000005,2.2536606922393863,0,5,2,175.39648,False,True,False,18.51851851851852,4.06,0.0,8.881784197001252e-16,2.2536606922393863
2023-12-11 19:00:00,2023-12-11,19,27,27,0.0,2.182227759301538,0,5,0,175.39648,False,False,False,18.51851851851852,0.0,0.0,0.0,2.182227759301538
2023-12-12 06:00:00,2023-12-12,6,27,27,0.0,2.4779255766018746,0,5,0,175.39648,False,False,False,18.51851851851852,0.0,0.0,0.0,2.4779255766018746
2023-12-12 07:00:00,2023-12-12,7,27,27,4.0600000000000005,2.326771554496393,0,5,2,175.39648,False,True,False,18.51851851851852,4.06,2.3756,8.881784197001252e-16,-0.048828445503606765
2023-12-12 18:00:00,2023-12-12,18,27,27,4.0600000000000005,2.2536606922393863,0,5,2,175.39648,False,True,False,18.51851851851852,4.06,0.0,8.881784197001252e-16,2.2536606922393863
2023-12-12 19:00:00,2023-12-12,19,27,27,0.0,2.182227759301538,0,5,0,175.39648,False,False,False,18.51851851851852,0.0,0.0,0.0,2.182227759301538
2023-12-13 06:00:00,2023-12-13,6,28,28,0.0,2.676398859044623,0,5,0,184.73148,False,False,False,17.857142857142858,0.0,0.0,0.0,2.676398859044623
2023-12-13 07:00:00,2023-12-13,7,28,28,4.0600000000000005,2.586771554496393,0,5,2,184.73148,False,True,False,17.857142857142858,4.06,2.2055,8.881784197001252e-16,0.38127155449639316
2023-12-13 18:00:00,2023-12-13,18,28,28,4.0600000000000005,2.5136606922393865,0,5,2,184.73148,False,True,False,17.857142857142858,4.06,0.0,8.881784197001252e-16,2.5136606922393865
2023-12-13 19:00:00,2023-12-13,19,28,28,0.0,2.382227759301538,0,5,0,184.73148,False,False,False,17.857142857142858,0.0,0.0,0.0,2.382227759301538
2023-12-14 06:00:00,2023-12-14,6,28,28,0.0,2.676398859044623,0,5,0,184.73148,False,False,False,17.857142857142858,0.0,0.0,0.0,2.676398859044623
2023-12-14 07:00:00,2023-12-14,7,28,28,4.0600000000000005,2.586771554496393,0,5,2,184.73148,False,True,False,17.857142857142858,4.06,2.1345,8.881784197001252e-16,0.4522715544963929
2023-12-14 18:00:00,2023-12-14,18,28,28,4.0600000000000005,2.5136606922393865,0,5,2,184.73148,False,True,False,17.857142857142858,4.06,0.0,8.881784197001252e-16,2.5136606922393865
2023-12-14 19:00:00,2023-12-14,19,28,28,0.0,2.382227759301538,0,5,0,184.73148,False,False,False,17.857142857142858,0.0,0.0,0.0,2.382227759301538
2023-12-15 06:00:00,2023-12-15,6,28,28,0.0,2.676398859044623,0,5,0,184.73148,False,False,False,17.857142857142858,0.0,0.0,0.0,2.676398859044623
2023-12-15 07:00:00,2023-12-15,7,28,28,4.0600000000000005,2.586771554496393,0,5,2,184.73148,False,True,False,17.857142857142858,4.06,2.1254,8.881784197001252e-16,0.461371554496393
2023-12-15 18:00:00,2023-12-15,18,29,29,4.07,2.712492475595814,0,5,3,199.73148,False,True,False,17.24137931034483,4.07,0.0,0.0,2.712492475595814
2023-12-15 19:00:00,2023-12-15,19,29,29,0.0,2.57048682685048,0,5,0,199.73148,False,False,False,17.24137931034483,0.0,0.0,0.0,2.57048682685048
2023-12-16 06:00:00,2023-12-16,6,29,29,0.0,2.912990953814592,0,5,0,199.73148,False,False,False,17.24137931034483,0.0,0.0,0.0,2.912990953814592
2023-12-16 07:00:00,2023-12-16,7,29,29,4.07,2.7805188823377858,0,5,3,199.73148,False,True,False,17.24137931034483,4.07,2.6067,0.0,0.17381888233778575
2023-12-16 18:00:00,2023-12-16,18,29,29,4.0600000000000005,2.712492475595814,0,5,2,199.73148,False,True,False,17.24137931034483,4.06,0.0,8.881784197001252e-16,2.712492475595814
2023-12-16 19:00:00,2023-12-16,19,29,29,0.0,2.57048682685048,0,5,0,199.73148,False,False,False,17.24137931034483,0.0,0.0,0.0,2.57048682685048
2023-12-17 06:00:00,2023-12-17,6,29,29,0.0,2.912990953814592,0,5,0,199.73148,False,False,False,17.24137931034483,0.0,0.0,0.0,2.912990953814592
2023-12-17 07:00:00,2023-12-17,7,29,29,0.52,2.7805188823377858,0,5,1,199.73148,False,True,False,17.24137931034483,0.52,2.5167,0.0,0.2638188823377856
2023-12-17 18:00:00,2023-12-17,18,29,29,0.52,2.712492475595814,0,5,1,199.73148,False,True,False,17.24137931034483,0.52,0.0,0.0,2.712492475595814
2023-12-17 19:00:00,2023-12-17,19,29,29,0.0,2.57048682685048,0,5,0,199.73148,False,False,False,17.24137931034483,0.0,0.0,0.0,2.57048682685048
2023-12-18 06:00:00,2023-12-18,6,29,29,0.0,2.912990953814592,0,5,0,199.73148,False,False,False,17.24137931034483,0.0,0.0,0.0,2.912990953814592
2023-12-18 07:00:00,2023-12-18,7,29,29,0.52,2.7805188823377858,0,5,1,199.73148,False,True,False,17.24137931034483,0.52,1.9029,0.0,0.8776188823377857
2023-12-18 18:00:00,2023-12-18,18,29,29,0.53,2.712492475595814,0,5,2,199.73148,False,True,False,17.24137931034483,0.53,0.0,0.0,2.712492475595814
2023-12-18 19:00:00,2023-12-18,19,29,29,0.0,2.57048682685048,0,5,0,199.73148,False,False,False,17.24137931034483,0.0,0.0,0.0,2.57048682685048
2023-12-19 06:00:00,2023-12-19,6,29,29,0.0,2.912990953814592,0,5,0,199.73148,False,False,False,17.24137931034483,0.0,0.0,0.0,2.912990953814592
2023-12-19 07:00:00,2023-12-19,7,29,29,0.53,2.7805188823377858,0,5,2,199.73148,False,True,False,17.24137931034483,0.53,2.284,0.0,0.49651888233778596
2023-12-19 18:00:00,2023-12-19,18,29,29,2.1599999999999997,2.712492475595814,0,5,3,199.73148,False,True,False,17.24137931034483,2.16,0.0,-4.440892098500626e-16,2.712492475595814
2023-12-19 19:00:00,2023-12-19,19,29,29,0.0,2.57048682685048,0,5,0,199.73148,False,False,False,17.24137931034483,0.0,0.0,0.0,2.57048682685048
2023-12-20 06:00:00,2023-12-20,6,29,29,0.0,2.912990953814592,0,5,0,199.73148,False,False,False,17.24137931034483,0.0,0.0,0.0,2.912990953814592
2023-12-20 07:00:00,2023-12-20,7,29,29,2.15,2.7805188823377858,0,5,3,199.73148,False,True,False,17.24137931034483,2.15,2.3747,0.0,0.40581888233778596
2023-12-20 18:00:00,2023-12-20,18,29,29,2.14,2.712492475595814,0,5,2,199.73148,False,True,False,17.24137931034483,2.14,0.0,0.0,2.712492475595814
2023-12-20 19:00:00,2023-12-20,19,29,29,0.0,2.57048682685048,0,5,0,199.73148,False,False,False,17.24137931034483,0.0,0.0,0.0,2.57048682685048
2023-12-21 06:00:00,2023-12-21,6,29,29,0.0,2.912990953814592,0,5,0,199.73148,False,False,False,17.24137931034483,0.0,0.0,0.0,2.912990953814592
2023-12-21 07:00:00,2023-12-21,7,29,29,2.15,2.7805188823377858,0,5,2,199.73148,False,True,False,17.24137931034483,2.15,2.6527000000000003,0.0,0.1278188823377855
2023-12-21 18:00:00,2023-12-21,18,29,29,2.14,2.712492475595814,0,5,2,199.73148,False,True,False,17.24137931034483,2.14,0.0,0.0,2.712492475595814
2023-12-21 19:00:00,2023-12-21,19,29,29,0.0,2.57048682685048,0,5,0,199.73148,False,False,False,17.24137931034483,0.0,0.0,0.0,2.57048682685048
2023-12-22 06:00:00,2023-12-22,6,29,29,0.0,2.912990953814592,0,5,0,199.73148,False,False,False,17.24137931034483,0.0,0.0,0.0,2.912990953814592
2023-12-22 07:00:00,2023-12-22,7,29,29,2.15,2.7805188823377858,0,5,2,199.73148,False,True,False,17.24137931034483,2.15,2.3109,0.0,0.4696188823377856
2023-12-22 18:00:00,2023-12-22,18,29,29,2.15,2.712492475595814,0,5,3,199.73148,False,True,False,17.24137931034483,2.15,0.0,0.0,2.712492475595814
2023-12-22 19:00:00,2023-12-22,19,29,29,0.0,2.57048682685048,0,5,0,199.73148,False,False,False,17.24137931034483,0.0,0.0,0.0,2.57048682685048
2023-12-23 06:00:00,2023-12-23,6,29,29,0.0,2.912990953814592,0,5,0,199.73148,False,False,False,17.24137931034483,0.0,0.0,0.0,2.912990953814592
2023-12-23 07:00:00,2023-12-23,7,29,29,2.15,2.7805188823377858,0,5,3,199.73148,False,True,False,17.24137931034483,2.15,2.3883,0.0,0.3922188823377857
2023-12-23 18:00:00,2023-12-23,18,29,29,2.15,2.712492475595814,0,5,3,199.73148,False,True,False,17.24137931034483,2.15,0.0,0.0,2.712492475595814
2023-12-23 19:00:00,2023-12-23,19,29,29,0.0,2.57048682685048,0,5,0,199.73148,False,False,False,17.24137931034483,0.0,0.0,0.0,2.57048682685048
2023-12-24 06:00:00,2023-12-24,6,29,29,0.0,2.912990953814592,0,5,0,199.73148,False,False,False,17.24137931034483,0.0,0.0,0.0,2.912990953814592
2023-12-24 07:00:00,2023-12-24,7,29,29,2.15,2.7805188823377858,0,5,3,199.73148,False,True,False,17.24137931034483,2.15,2.2720000000000002,0.0,0.5085188823377855
2023-12-24 18:00:00,2023-12-24,18,29,29,2.14,2.712492475595814,0,5,2,199.73148,False,True,False,17.24137931034483,2.14,0.0,0.0,2.712492475595814
2023-12-24 19:00:00,2023-12-24,19,29,29,0.0,2.57048682685048,0,5,0,199.73148,False,False,False,17.24137931034483,0.0,0.0,0.0,2.57048682685048
2023-12-25 06:00:00,2023-12-25,6,29,29,0.0,2.912990953814592,0,5,0,199.73148,False,False,False,17.24137931034483,0.0,0.0,0.0,2.912990953814592
2023-12-25 07:00:00,2023-12-25,7,29,29,2.15,2.7805188823377858,0,5,2,199.73148,False,True,False,17.24137931034483,2.15,2.3338,0.0,0.44671888233778567
2023-12-25 18:00:00,2023-12-25,18,29,29,2.15,2.712492475595814,0,5,2,199.73148,False,True,False,17.24137931034483,2.15,0.0,0.0,2.712492475595814
2023-12-25 19:00:00,2023-12-25,19,29,29,0.0,2.57048682685048,0,5,0,199.73148,False,False,False,17.24137931034483,0.0,0.0,0.0,2.57048682685048
2023-12-26 06:00:00,2023-12-26,6,29,29,0.0,2.912990953814592,0,5,0,199.73148,False,False,False,17.24137931034483,0.0,0.0,0.0,2.912990953814592
2023-12-26 07:00:00,2023-12-26,7,29,29,2.14,2.7805188823377858,0,5,2,199.73148,False,True,False,17.24137931034483,2.14,2.2226,0.0,0.5579188823377859
2023-12-26 18:00:00,2023-12-26,18,29,29,2.14,2.712492475595814,0,5,2,199.73148,False,True,False,17.24137931034483,2.14,0.0,0.0,2.712492475595814
2023-12-26 19:00:00,2023-12-26,19,29,29,0.0,2.57048682685048,0,5,0,199.73148,False,False,False,17.24137931034483,0.0,0.0,0.0,2.57048682685048
2023-12-27 06:00:00,2023-12-27,6,29,29,0.0,2.912990953814592,0,5,0,199.73148,False,False,False,17.24137931034483,0.0,0.0,0.0,2.912990953814592
2023-12-27 07:00:00,2023-12-27,7,29,29,2.15,2.7805188823377858,0,5,2,199.73148,False,True,False,17.24137931034483,2.15,2.3497,0.0,0.43081888233778587
2023-12-27 18:00:00,2023-12-27,18,29,29,2.14,2.712492475595814,0,5,2,199.73148,False,True,False,17.24137931034483,2.14,0.0,0.0,2.712492475595814
2023-12-27 19:00:00,2023-12-27,19,29,29,0.0,2.57048682685048,0,5,0,199.73148,False,False,False,17.24137931034483,0.0,0.0,0.0,2.57048682685048
2023-12-28 06:00:00,2023-12-28,6,29,29,0.0,2.912990953814592,0,5,0,199.73148,False,False,False,17.24137931034483,0.0,0.0,0.0,2.912990953814592
2023-12-28 07:00:00,2023-12-28,7,29,29,2.14,2.7805188823377858,0,5,2,199.73148,False,True,False,17.24137931034483,2.14,2.1033,0.0,0.6772188823377858
2023-12-28 18:00:00,2023-12-28,18,29,29,2.15,2.712492475595814,0,5,2,199.73148,False,True,False,17.24137931034483,2.15,0.0,0.0,2.712492475595814
2023-12-28 19:00:00,2023-12-28,19,29,29,0.0,2.57048682685048,0,5,0,199.73148,False,False,False,17.24137931034483,0.0,0.0,0.0,2.57048682685048
2023-12-29 06:00:00,2023-12-29,6,29,29,0.0,2.912990953814592,0,5,0,199.73148,False,False,False,17.24137931034483,0.0,0.0,0.0,2.912990953814592
2023-12-29 07:00:00,2023-12-29,7,29,29,2.14,2.7805188823377858,0,5,2,199.73148,False,True,False,17.24137931034483,2.14,2.232,0.0,0.5485188823377856
2023-12-29 18:00:00,2023-12-29,18,29,29,2.15,2.712492475595814,0,5,3,199.73148,False,True,False,17.24137931034483,2.15,0.0,0.0,2.712492475595814
2023-12-29 19:00:00,2023-12-29,19,29,29,0.0,2.57048682685048,0,5,0,199.73148,False,False,False,17.24137931034483,0.0,0.0,0.0,2.57048682685048
2023-12-30 06:00:00,2023-12-30,6,30,30,0.0,2.912990953814592,0,6,0,201.93148,False,False,False,20.0,0.0,0.0,0.0,2.912990953814592
2023-12-30 07:00:00,2023-12-30,7,30,30,2.15,2.7805188823377858,0,6,3,201.93148,False,True,False,20.0,2.15,2.3637,0.0,0.41681888233778563
2023-12-30 18:00:00,2023-12-30,18,30,30,2.15,2.712492475595814,0,6,3,201.93148,False,True,False,20.0,2.15,0.0,0.0,2.712492475595814
2023-12-30 19:00:00,2023-12-30,19,30,30,0.0,2.57048682685048,0,6,0,201.93148,False,False,False,20.0,0.0,0.0,0.0,2.57048682685048
2023-12-31 06:00:00,2023-12-31,6,30,30,0.0,2.912990953814592,0,6,0,201.93148,False,False,False,20.0,0.0,0.0,0.0,2.912990953814592
2023-12-31 07:00:00,2023-12-31,7,30,30,2.15,2.7805188823377858,0,6,3,201.93148,False,True,False,20.0,2.15,2.2854,0.0,0.49511888233778567
2023-12-31 18:00:00,2023-12-31,18,30,30,2.15,2.712492475595814,0,6,3,201.93148,False,True,False,20.0,2.15,0.0,0.0,2.712492475595814
2023-12-31 19:00:00,2023-12-31,19,30,30,0.0,2.57048682685048,0,6,0,201.93148,False,False,False,20.0,0.0,0.0,0.0,2.57048682685048
2024-01-01 06:00:00,2024-01-01,6,30,30,0.0,2.912990953814592,0,6,0,201.93148,False,False,False,20.0,0.0,0.0,0.0,2.912990953814592
2024-01-01 07:00:00,2024-01-01,7,30,30,2.1599999999999997,2.7805188823377858,0,6,3,201.93148,False,True,False,20.0,2.16,1.4368,-4.440892098500626e-16,1.3437188823377857
2024-01-01 18:00:00,2024-01-01,18,30,30,2.15,2.712492475595814,0,6,3,201.93148,False,True,False,20.0,2.15,0.0,0.0,2.712492475595814
2024-01-01 19:00:00,2024-01-01,19,30,30,0.0,2.57048682685048,0,6,0,201.93148,False,False,False,20.0,0.0,0.0,0.0,2.57048682685048
2024-01-02 06:00:00,2024-01-02,6,30,30,0.0,2.912990953814592,0,6,0,201.93148,False,False,False,20.0,0.0,0.0,0.0,2.912990953814592
2024-01-02 07:00:00,2024-01-02,7,30,30,2.15,2.7805188823377858,0,6,3,201.93148,False,True,False,20.0,2.15,1.2792,0.0,1.5013188823377859
2024-01-02 18:00:00,2024-01-02,18,30,30,2.1500000000000004,2.712492475595814,0,6,3,201.93148,False,True,False,20.0,2.15,0.0,4.440892098500626e-16,2.712492475595814
2024-01-02 19:00:00,2024-01-02,19,30,30,0.0,2.57048682685048,0,6,0,201.93148,False,False,False,20.0,0.0,0.0,0.0,2.57048682685048
2024-01-03 06:00:00,2024-01-03,6,30,30,0.0,2.912990953814592,0,6,0,201.93148,False,False,False,20.0,0.0,0.0,0.0,2.912990953814592
2024-01-03 07:00:00,2024-01-03,7,30,30,2.1500000000000004,2.7805188823377858,0,6,3,201.93148,False,True,False,20.0,2.15,1.4437,4.440892098500626e-16,1.3368188823377858
2024-01-03 18:00:00,2024-01-03,18,30,30,2.14,2.712492475595814,0,6,2,201.93148,False,True,False,20.0,2.14,0.0,0.0,2.712492475595814
2024-01-03 19:00:00,2024-01-03,19,30,30,0.0,2.57048682685048,0,6,0,201.93148,False,False,False,20.0,0.0,0.0,0.0,2.57048682685048
2024-01-04 06:00:00,2024-01-04,6,30,30,0.0,2.912990953814592,0,6,0,201.93148,False,False,False,20.0,0.0,0.0,0.0,2.912990953814592
2024-01-04 07:00:00,2024-01-04,7,30,30,2.14,2.7805188823377858,0,6,2,201.93148,False,True,False,20.0,2.14,1.4828000000000001,0.0,1.2977188823377857
2024-01-04 18:00:00,2024-01-04,18,30,30,2.48,2.712492475595814,0,6,2,201.93148,False,True,False,20.0,2.48,0.0,0.0,2.712492475595814
2024-01-04 19:00:00,2024-01-04,19,30,30,0.0,2.57048682685048,0,6,0,201.93148,False,False,False,20.0,0.0,0.0,0.0,2.57048682685048
2024-01-05 06:00:00,2024-01-05,6,30,30,0.0,2.912990953814592,0,6,0,201.93148,False,False,False,20.0,0.0,0.0,0.0,2.912990953814592
2024-01-05 07:00:00,2024-01-05,7,30,30,1.62,2.7805188823377858,0,6,1,201.93148,False,True,False,20.0,1.62,1.4039000000000001,0.0,1.3766188823377856
2024-01-05 18:00:00,2024-01-05,18,30,30,1.6400000000000001,2.712492475595814,0,6,3,201.93148,False,True,False,20.0,1.6400000000000001,0.0,0.0,2.712492475595814
2024-01-05 19:00:00,2024-01-05,19,30,30,0.0,2.57048682685048,0,6,0,201.93148,False,False,False,20.0,0.0,0.0,0.0,2.57048682685048
2024-01-06 06:00:00,2024-01-06,6,30,30,0.0,2.912990953814592,0,6,0,201.93148,False,False,False,20.0,0.0,0.0,0.0,2.912990953814592
2024-01-06 07:00:00,2024-01-06,7,30,30,1.6400000000000001,2.7805188823377858,0,6,3,201.93148,False,True,False,20.0,1.6400000000000001,1.3895,0.0,1.3910188823377858
2024-01-06 18:00:00,2024-01-06,18,30,30,1.63,2.712492475595814,0,6,1,201.93148,False,True,False,20.0,1.63,0.0,0.0,2.712492475595814
2024-01-06 19:00:00,2024-01-06,19,30,30,0.0,2.57048682685048,0,6,0,201.93148,False,False,False,20.0,0.0,0.0,0.0,2.57048682685048
2024-01-07 06:00:00,2024-01-07,6,30,30,0.0,2.912990953814592,0,6,0,201.93148,False,False,False,20.0,0.0,0.0,0.0,2.912990953814592
2024-01-07 07:00:00,2024-01-07,7,30,30,1.62,2.7805188823377858,0,6,1,201.93148,False,True,False,20.0,1.62,1.3488,0.0,1.4317188823377858
2024-01-07 18:00:00,2024-01-07,18,30,30,1.6400000000000001,2.712492475595814,0,6,3,201.93148,False,True,False,20.0,1.6400000000000001,0.0,0.0,2.712492475595814
2024-01-07 19:00:00,2024-01-07,19,30,30,0.0,2.57048682685048,0,6,0,201.93148,False,False,False,20.0,0.0,0.0,0.0,2.57048682685048
2024-01-08 06:00:00,2024-01-08,6,30,30,0.0,2.912990953814592,0,6,0,201.93148,False,False,False,20.0,0.0,0.0,0.0,2.912990953814592
2024-01-08 07:00:00,2024-01-08,7,30,30,1.6400000000000001,2.7805188823377858,0,6,3,201.93148,False,True,False,20.0,1.6400000000000001,1.3820999999999999,0.0,1.3984188823377859
2024-01-08 18:00:00,2024-01-08,18,30,30,1.65,2.712492475595814,0,6,3,201.93148,False,True,False,20.0,1.65,0.0,0.0,2.712492475595814
2024-01-08 19:00:00,2024-01-08,19,30,30,0.0,2.57048682685048,0,6,0,201.93148,False,False,False,20.0,0.0,0.0,0.0,2.57048682685048
2024-01-09 06:00:00,2024-01-09,6,30,30,0.0,2.912990953814592,0,6,0,201.93148,False,False,False,20.0,0.0,0.0,0.0,2.912990953814592
2024-01-09 07:00:00,2024-01-09,7,30,30,1.6400000000000001,2.7805188823377858,0,6,3,201.93148,False,True,False,20.0,1.6400000000000001,1.2598,0.0,1.5207188823377857
2024-01-09 18:00:00,2024-01-09,18,30,30,1.6300000000000001,2.712492475595814,0,6,2,201.93148,False,True,False,20.0,1.63,0.0,2.220446049250313e-16,2.712492475595814
2024-01-09 19:00:00,2024-01-09,19,30,30,0.0,2.57048682685048,0,6,0,201.93148,False,False,False,20.0,0.0,0.0,0.0,2.57048682685048
2024-01-10 06:00:00,2024-01-10,6,30,30,0.0,2.912990953814592,0,6,0,201.93148,False,False,False,20.0,0.0,0.0,0.0,2.912990953814592
2024-01-10 07:00:00,2024-01-10,7,30,30,1.6300000000000001,2.7805188823377858,0,6,2,201.93148,False,True,False,20.0,1.63,1.4604,2.220446049250313e-16,1.3201188823377858
2024-01-10 18:00:00,2024-01-10,18,30,30,2.01,2.712492475595814,0,6,3,201.93148,False,True,False,20.0,2.01,0.0,0.0,2.712492475595814
2024-01-10 19:00:00,2024-01-10,19,30,30,0.0,2.57048682685048,0,6,0,201.93148,False,False,False,20.0,0.0,0.0,0.0,2.57048682685048
2024-01-11 06:00:00,2024-01-11,6,30,30,0.0,2.912990953814592,0,6,0,201.93148,False,False,False,20.0,0.0,0.0,0.0,2.912990953814592
2024-01-11 07:00:00,2024-01-11,7,30,30,1.6300000000000001,2.7805188823377858,0,6,2,201.93148,False,True,False,20.0,1.63,1.4725000000000001,2.220446049250313e-16,1.3080188823377856
2024-01-11 18:00:00,2024-01-11,18,30,30,1.6400000000000001,2.712492475595814,0,6,3,201.93148,False,True,False,20.0,1.6400000000000001,0.0,0.0,2.712492475595814
2024-01-11 19:00:00,2024-01-11,19,30,30,0.0,2.57048682685048,0,6,0,201.93148,False,False,False,20.0,0.0,0.0,0.0,2.57048682685048
2024-01-12 06:00:00,2024-01-12,6,30,30,0.0,2.912990953814592,0,6,0,201.93148,False,False,False,20.0,0.0,0.0,0.0,2.912990953814592
2024-01-12 07:00:00,2024-01-12,7,30,30,1.6400000000000001,2.7805188823377858,0,6,3,201.93148,False,True,False,20.0,1.6400000000000001,1.4677,0.0,1.3128188823377858
2024-01-12 18:00:00,2024-01-12,18,30,30,1.62,2.712492475595814,0,6,1,201.93148,False,True,False,20.0,1.62,0.0,0.0,2.712492475595814
2024-01-12 19:00:00,2024-01-12,19,30,30,0.0,2.57048682685048,0,6,0,201.93148,False,False,False,20.0,0.0,0.0,0.0,2.57048682685048
2024-01-13 06:00:00,2024-01-13,6,30,30,0.0,2.912990953814592,0,6,0,201.93148,False,False,False,20.0,0.0,0.0,0.0,2.912990953814592
2024-01-13 07:00:00,2024-01-13,7,30,30,1.62,2.7805188823377858,0,6,1,201.93148,False,True,False,20.0,1.62,1.4784000000000002,0.0,1.3021188823377856
2024-01-13 18:00:00,2024-01-13,18,30,30,1.62,2.712492475595814,0,6,1,201.93148,False,True,False,20.0,1.62,0.0,0.0,2.712492475595814
2024-01-13 19:00:00,2024-01-13,19,30,30,0.0,2.57048682685048,0,6,0,201.93148,False,False,False,20.0,0.0,0.0,0.0,2.57048682685048
2024-01-14 06:00:00,2024-01-14,6,30,30,0.0,2.912990953814592,0,6,0,201.93148,False,False,False,20.0,0.0,0.0,0.0,2.912990953814592
2024-01-14 07:00:00,2024-01-14,7,30,30,1.62,2.7805188823377858,0,6,1,201.93148,False,True,False,20.0,1.62,1.2776,0.0,1.5029188823377857
2024-01-14 18:00:00,2024-01-14,18,30,30,1.62,2.712492475595814,0,6,1,201.93148,False,True,False,20.0,1.62,0.0,0.0,2.712492475595814
2024-01-14 19:00:00,2024-01-14,19,30,30,0.0,2.57048682685048,0,6,0,201.93148,False,False,False,20.0,0.0,0.0,0.0,2.57048682685048
2024-01-15 06:00:00,2024-01-15,6,30,30,0.0,2.912990953814592,0,6,0,201.93148,False,False,False,20.0,0.0,0.0,0.0,2.912990953814592
2024-01-15 07:00:00,2024-01-15,7,30,30,1.62,2.7805188823377858,0,6,1,201.93148,False,True,False,20.0,1.62,1.5249000000000001,0.0,1.2556188823377856
2024-01-15 18:00:00,2024-01-15,18,30,30,1.64,2.712492475595814,0,6,2,201.93148,False,True,False,20.0,1.6400000000000001,0.0,-2.220446049250313e-16,2.712492475595814
2024-01-15 19:00:00,2024-01-15,19,30,30,0.0,2.57048682685048,0,6,0,201.93148,False,False,False,20.0,0.0,0.0,0.0,2.57048682685048
2024-01-16 06:00:00,2024-01-16,6,30,30,0.0,2.912990953814592,0,6,0,201.93148,False,False,False,20.0,0.0,0.0,0.0,2.912990953814592
2024-01-16 07:00:00,2024-01-16,7,30,30,1.63,2.7805188823377858,0,6,1,201.93148,False,True,False,20.0,1.63,1.2693,0.0,1.5112188823377857
2024-01-16 18:00:00,2024-01-16,18,30,30,1.62,2.712492475595814,0,6,1,201.93148,False,True,False,20.0,1.62,0.0,0.0,2.712492475595814
2024-01-16 19:00:00,2024-01-16,19,30,30,0.0,2.57048682685048,0,6,0,201.93148,False,False,False,20.0,0.0,0.0,0.0,2.57048682685048
2024-01-17 06:00:00,2024-01-17,6,30,30,0.0,2.912990953814592,0,6,0,201.93148,False,False,False,20.0,0.0,0.0,0.0,2.912990953814592
2024-01-17 07:00:00,2024-01-17,7,30,30,1.62,2.7805188823377858,0,6,1,201.93148,False,True,False,20.0,1.62,1.2884,0.0,1.4921188823377858
2024-01-17 18:00:00,2024-01-17,18,30,30,1.6300000000000001,2.712492475595814,0,6,2,201.93148,False,True,False,20.0,1.63,0.0,2.220446049250313e-16,2.712492475595814
2024-01-17 19:00:00,2024-01-17,19,30,30,0.0,2.57048682685048,0,6,0,201.93148,False,False,False,20.0,0.0,0.0,0.0,2.57048682685048
2024-01-18 06:00:00,2024-01-18,6,30,30,0.0,2.912990953814592,0,6,0,201.93148,False,False,False,20.0,0.0,0.0,0.0,2.912990953814592
2024-01-18 07:00:00,2024-01-18,7,30,30,1.62,2.7805188823377858,0,6,1,201.93148,False,True,False,20.0,1.62,1.2683,0.0,1.5122188823377858
2024-01-18 18:00:00,2024-01-18,18,30,30,1.62,2.712492475595814,0,6,1,201.93148,False,True,False,20.0,1.62,0.0,0.0,2.712492475595814
2024-01-18 19:00:00,2024-01-18,19,30,30,0.0,2.57048682685048,0,6,0,201.93148,False,False,False,20.0,0.0,0.0,0.0,2.57048682685048
2024-01-19 06:00:00,2024-01-19,6,30,30,0.0,2.912990953814592,0,6,0,201.93148,False,False,False,20.0,0.0,0.0,0.0,2.912990953814592
2024-01-19 07:00:00,2024-01-19,7,30,30,1.63,2.7805188823377858,0,6,1,201.93148,False,True,False,20.0,1.63,1.2543,0.0,1.5262188823377858
2024-01-19 18:00:00,2024-01-19,18,30,30,0.0,2.712492475595814,0,6,0,201.93148,False,False,False,20.0,0.0,0.0,0.0,2.712492475595814
2024-01-19 19:00:00,2024-01-19,19,30,30,0.0,2.57048682685048,0,6,0,201.93148,False,False,False,20.0,0.0,0.0,0.0,2.57048682685048
2024-01-20 06:00:00,2024-01-20,6,30,30,0.0,2.912990953814592,0,6,0,201.93148,False,False,False,20.0,0.0,0.0,0.0,2.912990953814592
2024-01-20 07:00:00,2024-01-20,7,30,30,0.0,2.7805188823377858,0,6,0,201.93148,False,False,False,20.0,0.0,1.2687,0.0,1.5118188823377858
2024-01-20 18:00:00,2024-01-20,18,30,30,0.0,2.712492475595814,0,6,0,201.93148,False,False,False,20.0,0.0,0.0,0.0,2.712492475595814
2024-01-20 19:00:00,2024-01-20,19,30,30,0.0,2.57048682685048,0,6,0,201.93148,False,False,False,20.0,0.0,0.0,0.0,2.57048682685048
2024-01-21 06:00:00,2024-01-21,6,30,30,0.0,2.912990953814592,0,6,0,201.93148,False,False,False,20.0,0.0,0.0,0.0,2.912990953814592
2024-01-21 07:00:00,2024-01-21,7,30,30,0.0,2.7805188823377858,0,6,0,201.93148,False,False,False,20.0,0.0,1.2866,0.0,1.4939188823377858
2024-01-21 18:00:00,2024-01-21,18,30,30,0.0,2.712492475595814,0,6,0,201.93148,False,False,False,20.0,0.0,0.0,0.0,2.712492475595814
2024-01-21 19:00:00,2024-01-21,19,30,30,0.0,2.57048682685048,0,6,0,201.93148,False,False,False,20.0,0.0,0.0,0.0,2.57048682685048
2024-01-22 06:00:00,2024-01-22,6,30,30,0.0,2.912990953814592,0,6,0,201.93148,False,False,False,20.0,0.0,0.0,0.0,2.912990953814592
2024-01-22 07:00:00,2024-01-22,7,30,30,0.0,2.7805188823377858,0,6,0,201.93148,False,False,False,20.0,0.0,1.2899,0.0,1.4906188823377857
2024-01-22 18:00:00,2024-01-22,18,30,30,0.0,2.712492475595814,0,6,0,201.93148,False,False,False,20.0,0.0,0.0,0.0,2.712492475595814
2024-01-22 19:00:00,2024-01-22,19,30,30,0.0,2.57048682685048,0,6,0,201.93148,False,False,False,20.0,0.0,0.0,0.0,2.57048682685048
2024-01-23 06:00:00,2024-01-23,6,30,30,0.0,2.912990953814592,0,6,0,201.93148,False,False,False,20.0,0.0,0.0,0.0,2.912990953814592
2024-01-23 07:00:00,2024-01-23,7,30,30,0.0,2.7805188823377858,0,6,0,201.93148,False,False,False,20.0,0.0,1.1295,0.0,1.6510188823377858
2024-01-23 18:00:00,2024-01-23,18,30,30,0.0,2.712492475595814,0,6,0,201.93148,False,False,False,20.0,0.0,0.0,0.0,2.712492475595814
2024-01-23 19:00:00,2024-01-23,19,30,30,0.0,2.57048682685048,0,6,0,201.93148,False,False,False,20.0,0.0,0.0,0.0,2.57048682685048
2024-01-24 06:00:00,2024-01-24,6,30,30,0.0,2.912990953814592,0,6,0,201.93148,False,False,False,20.0,0.0,0.0,0.0,2.912990953814592
2024-01-24 07:00:00,2024-01-24,7,30,30,0.0,2.7805188823377858,0,6,0,201.93148,False,False,False,20.0,0.0,1.3706,0.0,1.4099188823377857
2024-01-24 18:00:00,2024-01-24,18,30,30,0.0,2.712492475595814,0,6,0,201.93148,False,False,False,20.0,0.0,0.0,0.0,2.712492475595814
2024-01-24 19:00:00,2024-01-24,19,30,30,0.0,2.57048682685048,0,6,0,201.93148,False,False,False,20.0,0.0,0.0,0.0,2.57048682685048
2024-01-25 06:00:00,2024-01-25,6,30,30,0.0,2.912990953814592,0,6,0,201.93148,False,False,False,20.0,0.0,0.0,0.0,2.912990953814592
2024-01-25 07:00:00,2024-01-25,7,30,30,0.0,2.7805188823377858,0,6,0,201.93148,False,False,False,20.0,0.0,1.5383,0.0,1.2422188823377858
2024-01-25 18:00:00,2024-01-25,18,30,30,4.13,2.712492475595814,0,6,2,201.93148,False,True,False,20.0,4.13,0.0,0.0,2.712492475595814
2024-01-25 19:00:00,2024-01-25,19,30,30,0.0,2.57048682685048,0,6,0,201.93148,False,False,False,20.0,0.0,0.0,0.0,2.57048682685048
2024-01-26 06:00:00,2024-01-26,6,30,30,0.0,2.912990953814592,0,6,0,201.93148,False,False,False,20.0,0.0,0.0,0.0,2.912990953814592
2024-01-26 07:00:00,2024-01-26,7,30,30,4.13,2.7805188823377858,0,6,2,201.93148,False,True,False,20.0,4.13,1.5319,0.0,1.2486188823377857
2024-01-26 18:00:00,2024-01-26,18,30,30,1.62,2.712492475595814,0,6,1,201.93148,False,True,False,20.0,1.62,0.0,0.0,2.712492475595814
2024-01-26 19:00:00,2024-01-26,19,30,30,0.0,2.57048682685048,0,6,0,201.93148,False,False,False,20.0,0.0,0.0,0.0,2.57048682685048
2024-01-27 06:00:00,2024-01-27,6,30,30,0.0,2.912990953814592,0,6,0,201.93148,False,False,False,20.0,0.0,0.0,0.0,2.912990953814592
2024-01-27 07:00:00,2024-01-27,7,30,30,1.62,2.7805188823377858,0,6,1,201.93148,False,True,False,20.0,1.62,1.4833,0.0,1.2972188823377857
2024-01-27 18:00:00,2024-01-27,18,30,30,1.62,2.712492475595814,0,6,1,201.93148,False,True,False,20.0,1.62,0.0,0.0,2.712492475595814
2024-01-27 19:00:00,2024-01-27,19,30,30,0.0,2.57048682685048,0,6,0,201.93148,False,False,False,20.0,0.0,0.0,0.0,2.57048682685048
2024-01-28 06:00:00,2024-01-28,6,30,30,0.0,2.912990953814592,0,6,0,201.93148,False,False,False,20.0,0.0,0.0,0.0,2.912990953814592
2024-01-28 07:00:00,2024-01-28,7,30,30,1.62,2.7805188823377858,0,6,1,201.93148,False,True,False,20.0,1.62,1.4897,0.0,1.2908188823377857
2024-01-28 18:00:00,2024-01-28,18,30,30,2.87,2.712492475595814,0,6,4,201.93148,False,True,False,20.0,2.87,0.0,0.0,2.712492475595814
2024-01-28 19:00:00,2024-01-28,19,30,30,0.0,2.57048682685048,0,6,0,201.93148,False,False,False,20.0,0.0,0.0,0.0,2.57048682685048
2024-01-29 06:00:00,2024-01-29,6,30,30,0.0,2.912990953814592,0,6,0,201.93148,False,False,False,20.0,0.0,0.0,0.0,2.912990953814592
2024-01-29 07:00:00,2024-01-29,7,30,30,2.87,2.7805188823377858,0,6,3,201.93148,False,True,False,20.0,2.87,1.6398000000000001,0.0,1.1407188823377856
2024-01-29 18:00:00,2024-01-29,18,30,30,1.6500000000000001,2.712492475595814,0,6,4,201.93148,False,True,False,20.0,1.65,0.0,2.220446049250313e-16,2.712492475595814
2024-01-29 19:00:00,2024-01-29,19,30,30,0.0,2.57048682685048,0,6,0,201.93148,False,False,False,20.0,0.0,0.0,0.0,2.57048682685048
2024-01-30 06:00:00,2024-01-30,6,30,30,0.0,2.912990953814592,0,6,0,201.93148,False,False,False,20.0,0.0,0.0,0.0,2.912990953814592
2024-01-30 07:00:00,2024-01-30,7,30,30,1.6500000000000001,2.7805188823377858,0,6,4,201.93148,False,True,False,20.0,1.65,1.2463,2.220446049250313e-16,1.5342188823377858
2024-01-30 18:00:00,2024-01-30,18,30,30,1.6400000000000001,2.712492475595814,0,6,3,201.93148,False,True,False,20.0,1.6400000000000001,0.0,0.0,2.712492475595814
2024-01-30 19:00:00,2024-01-30,19,30,30,0.0,2.57048682685048,0,6,0,201.93148,False,False,False,20.0,0.0,0.0,0.0,2.57048682685048
2024-01-31 06:00:00,2024-01-31,6,30,30,0.0,2.912990953814592,0,6,0,201.93148,False,False,False,20.0,0.0,0.0,0.0,2.912990953814592
2024-01-31 07:00:00,2024-01-31,7,30,30,1.6300000000000001,2.7805188823377858,0,6,2,201.93148,False,True,False,20.0,1.63,1.1998,2.220446049250313e-16,1.5807188823377858
2024-01-31 18:00:00,2024-01-31,18,30,30,1.62,2.712492475595814,0,6,1,201.93148,False,True,False,20.0,1.62,0.0,0.0,2.712492475595814
2024-01-31 19:00:00,2024-01-31,19,30,30,0.0,2.57048682685048,0,6,0,201.93148,False,False,False,20.0,0.0,0.0,0.0,2.57048682685048
2024-02-01 06:00:00,2024-02-01,6,30,30,0.0,2.912990953814592,0,6,0,201.93148,False,False,False,20.0,0.0,0.0,0.0,2.912990953814592
2024-02-01 07:00:00,2024-02-01,7,30,30,1.62,2.7805188823377858,0,6,1,201.93148,False,True,False,20.0,1.62,1.5303,0.0,1.2502188823377858
2024-02-01 18:00:00,2024-02-01,18,30,30,1.62,2.712492475595814,0,6,1,201.93148,False,True,False,20.0,1.62,0.0,0.0,2.712492475595814
2024-02-01 19:00:00,2024-02-01,19,30,30,0.0,2.57048682685048,0,6,0,201.93148,False,False,False,20.0,0.0,0.0,0.0,2.57048682685048
2024-02-02 06:00:00,2024-02-02,6,30,30,0.0,2.912990953814592,0,6,0,201.93148,False,False,False,20.0,0.0,0.0,0.0,2.912990953814592
2024-02-02 07:00:00,2024-02-02,7,30,30,1.63,2.7805188823377858,0,6,1,201.93148,False,True,False,20.0,1.63,1.5761,0.0,1.2044188823377857
2024-02-02 18:00:00,2024-02-02,18,30,30,1.62,2.712492475595814,0,6,1,201.93148,False,True,False,20.0,1.62,0.0,0.0,2.712492475595814
2024-02-02 19:00:00,2024-02-02,19,30,30,0.0,2.57048682685048,0,6,0,201.93148,False,False,False,20.0,0.0,0.0,0.0,2.57048682685048
2024-02-03 06:00:00,2024-02-03,6,30,30,0.0,2.912990953814592,0,6,0,201.93148,False,False,False,20.0,0.0,0.0,0.0,2.912990953814592
2024-02-03 07:00:00,2024-02-03,7,30,30,1.62,2.7805188823377858,0,6,1,201.93148,False,True,False,20.0,1.62,1.6154000000000002,0.0,1.1651188823377856
2024-02-03 18:00:00,2024-02-03,18,30,30,1.6400000000000001,2.712492475595814,0,6,3,201.93148,False,True,False,20.0,1.6400000000000001,0.0,0.0,2.712492475595814
2024-02-03 19:00:00,2024-02-03,19,30,30,0.0,2.57048682685048,0,6,0,201.93148,False,False,False,20.0,0.0,0.0,0.0,2.57048682685048
2024-02-04 06:00:00,2024-02-04,6,30,30,0.0,2.912990953814592,0,6,0,201.93148,False,False,False,20.0,0.0,0.0,0.0,2.912990953814592
2024-02-04 07:00:00,2024-02-04,7,30,30,1.6300000000000001,2.7805188823377858,0,6,2,201.93148,False,True,False,20.0,1.63,1.6386,2.220446049250313e-16,1.1419188823377857
2024-02-04 18:00:00,2024-02-04,18,30,30,1.6400000000000001,2.712492475595814,0,6,3,201.93148,False,True,False,20.0,1.6400000000000001,0.0,0.0,2.712492475595814
2024-02-04 19:00:00,2024-02-04,19,30,30,0.0,2.57048682685048,0,6,0,201.93148,False,False,False,20.0,0.0,0.0,0.0,2.57048682685048
2024-02-05 06:00:00,2024-02-05,6,30,30,0.0,2.912990953814592,0,6,0,201.93148,False,False,False,20.0,0.0,0.0,0.0,2.912990953814592
2024-02-05 07:00:00,2024-02-05,7,30,30,1.6300000000000001,2.7805188823377858,0,6,2,201.93148,False,True,False,20.0,1.63,1.5605,2.220446049250313e-16,1.2200188823377858
2024-02-05 18:00:00,2024-02-05,18,30,30,1.83,2.712492475595814,0,6,3,201.93148,False,True,False,20.0,1.83,0.0,0.0,2.712492475595814
2024-02-05 19:00:00,2024-02-05,19,30,30,0.0,2.57048682685048,0,6,0,201.93148,False,False,False,20.0,0.0,0.0,0.0,2.57048682685048
2024-02-06 06:00:00,2024-02-06,6,30,30,0.0,2.912990953814592,0,6,0,201.93148,False,False,False,20.0,0.0,0.0,0.0,2.912990953814592
2024-02-06 07:00:00,2024-02-06,7,30,30,1.6300000000000001,2.7805188823377858,0,6,2,201.93148,False,True,False,20.0,1.63,2.0445,2.220446049250313e-16,0.7360188823377856
2024-02-06 18:00:00,2024-02-06,18,30,30,1.6400000000000001,2.712492475595814,0,6,3,201.93148,False,True,False,20.0,1.6400000000000001,0.0,0.0,2.712492475595814
2024-02-06 19:00:00,2024-02-06,19,30,30,0.0,2.57048682685048,0,6,0,201.93148,False,False,False,20.0,0.0,0.0,0.0,2.57048682685048
2024-02-07 06:00:00,2024-02-07,6,30,30,0.0,2.912990953814592,0,6,0,201.93148,False,False,False,20.0,0.0,0.0,0.0,2.912990953814592
2024-02-07 07:00:00,2024-02-07,7,30,30,1.6300000000000001,2.7805188823377858,0,6,2,201.93148,False,True,False,20.0,1.63,2.5548,2.220446049250313e-16,0.2257188823377856
2024-02-07 18:00:00,2024-02-07,18,30,30,1.6300000000000001,2.712492475595814,0,6,2,201.93148,False,True,False,20.0,1.63,0.0,2.220446049250313e-16,2.712492475595814
2024-02-07 19:00:00,2024-02-07,19,30,30,0.0,2.57048682685048,0,6,0,201.93148,False,False,False,20.0,0.0,0.0,0.0,2.57048682685048
2024-02-08 06:00:00,2024-02-08,6,30,30,0.0,2.912990953814592,0,6,0,201.93148,False,False,False,20.0,0.0,0.0,0.0,2.912990953814592
2024-02-08 07:00:00,2024-02-08,7,30,30,1.62,2.7805188823377858,0,6,1,201.93148,False,True,False,20.0,1.62,2.6676,0.0,0.11291888233778558
2024-02-08 18:00:00,2024-02-08,18,30,30,1.6300000000000001,2.712492475595814,0,6,2,201.93148,False,True,False,20.0,1.63,0.0,2.220446049250313e-16,2.712492475595814
2024-02-08 19:00:00,2024-02-08,19,30,30,0.0,2.57048682685048,0,6,0,201.93148,False,False,False,20.0,0.0,0.0,0.0,2.57048682685048
2024-02-09 06:00:00,2024-02-09,6,30,30,0.0,2.912990953814592,0,6,0,201.93148,False,False,False,20.0,0.0,0.0,0.0,2.912990953814592
2024-02-09 07:00:00,2024-02-09,7,30,30,1.7000000000000002,2.7805188823377858,0,6,4,201.93148,False,True,False,20.0,1.7000000000000002,3.4836,0.0,-0.7030811176622143
2024-02-09 18:00:00,2024-02-09,18,30,30,1.6400000000000001,2.712492475595814,0,6,3,201.93148,False,True,False,20.0,1.6400000000000001,0.0,0.0,2.712492475595814
2024-02-09 19:00:00,2024-02-09,19,30,30,0.0,2.57048682685048,0,6,0,201.93148,False,False,False,20.0,0.0,0.0,0.0,2.57048682685048
2024-02-10 06:00:00,2024-02-10,6,30,30,0.0,2.912990953814592,0,6,0,201.93148,False,False,False,20.0,0.0,0.0,0.0,2.912990953814592
2024-02-10 07:00:00,2024-02-10,7,30,30,1.7000000000000002,2.7805188823377858,0,6,7,201.93148,False,True,False,20.0,1.7000000000000002,3.4465,0.0,-0.6659811176622141
2024-02-10 18:00:00,2024-02-10,18,30,30,1.6300000000000001,2.712492475595814,0,6,2,201.93148,False,True,False,20.0,1.63,0.0,2.220446049250313e-16,2.712492475595814
2024-02-10 19:00:00,2024-02-10,19,30,30,0.0,2.57048682685048,0,6,0,201.93148,False,False,False,20.0,0.0,0.0,0.0,2.57048682685048
2024-02-11 06:00:00,2024-02-11,6,30,30,0.0,2.912990953814592,0,6,0,201.93148,False,False,False,20.0,0.0,0.0,0.0,2.912990953814592
2024-02-11 07:00:00,2024-02-11,7,30,30,1.6700000000000002,2.7805188823377858,0,6,5,201.93148,False,True,False,20.0,1.67,3.8035,2.220446049250313e-16,-1.0229811176622143
2024-02-11 18:00:00,2024-02-11,18,30,30,1.6600000000000001,2.712492475595814,0,6,3,201.93148,False,True,False,20.0,1.6600000000000001,0.0,0.0,2.712492475595814
2024-02-11 19:00:00,2024-02-11,19,30,30,0.0,2.57048682685048,0,6,0,201.93148,False,False,False,20.0,0.0,0.0,0.0,2.57048682685048
2024-02-12 06:00:00,2024-02-12,6,30,30,0.0,2.912990953814592,0,6,0,201.93148,False,False,False,20.0,0.0,0.0,0.0,2.912990953814592
2024-02-12 07:00:00,2024-02-12,7,30,30,1.86,2.7805188823377858,0,6,9,201.93148,False,True,False,20.0,1.8599999999999999,3.8882,2.220446049250313e-16,-1.107681117662214
2024-02-12 18:00:00,2024-02-12,18,30,30,1.81,2.712492475595814,0,6,4,201.93148,False,True,False,20.0,1.81,0.0,0.0,2.712492475595814
2024-02-12 19:00:00,2024-02-12,19,30,30,0.0,2.57048682685048,0,6,0,201.93148,False,False,False,20.0,0.0,0.0,0.0,2.57048682685048
2024-02-13 06:00:00,2024-02-13,6,30,30,0.0,2.912990953814592,0,6,0,201.93148,False,False,False,20.0,0.0,0.0,0.0,2.912990953814592
2024-02-13 07:00:00,2024-02-13,7,30,30,1.8500000000000003,2.7805188823377858,0,6,10,201.93148,False,True,False,20.0,1.85,3.5157,2.220446049250313e-16,-0.7351811176622141
2024-02-13 18:00:00,2024-02-13,18,30,30,1.6500000000000001,2.712492475595814,0,6,4,201.93148,False,True,False,20.0,1.65,0.0,2.220446049250313e-16,2.712492475595814
2024-02-13 19:00:00,2024-02-13,19,30,30,0.0,2.57048682685048,0,6,0,201.93148,False,False,False,20.0,0.0,0.0,0.0,2.57048682685048
2024-02-14 06:00:00,2024-02-14,6,30,30,0.0,2.912990953814592,0,6,0,201.93148,False,False,False,20.0,0.0,0.0,0.0,2.912990953814592
2024-02-14 07:00:00,2024-02-14,7,30,30,1.8900000000000001,2.7805188823377858,0,6,9,201.93148,False,True,False,20.0,1.8900000000000001,3.0429,0.0,-0.26238111766221417
2024-02-14 18:00:00,2024-02-14,18,30,30,1.6400000000000001,2.712492475595814,0,6,3,201.93148,False,True,False,20.0,1.6400000000000001,0.0,0.0,2.712492475595814
2024-02-14 19:00:00,2024-02-14,19,30,30,0.0,2.57048682685048,0,6,0,201.93148,False,False,False,20.0,0.0,0.0,0.0,2.57048682685048
2024-02-15 06:00:00,2024-02-15,6,30,30,0.0,2.912990953814592,0,6,0,201.93148,False,False,False,20.0,0.0,0.0,0.0,2.912990953814592
2024-02-15 07:00:00,2024-02-15,7,30,30,1.6300000000000001,2.7805188823377858,0,6,2,201.93148,False,True,False,20.0,1.63,3.1044,2.220446049250313e-16,-0.3238811176622143
2024-02-15 18:00:00,2024-02-15,18,30,30,0.01,2.712492475595814,0,6,1,201.93148,False,True,False,20.0,0.01,0.0,0.0,2.712492475595814
2024-02-15 19:00:00,2024-02-15,19,30,30,0.0,2.57048682685048,0,6,0,201.93148,False,False,False,20.0,0.0,0.0,0.0,2.57048682685048
2024-02-16 06:00:00,2024-02-16,6,30,30,0.0,2.912990953814592,0,6,0,201.93148,False,False,False,20.0,0.0,0.0,0.0,2.912990953814592
2024-02-16 07:00:00,2024-02-16,7,30,30,1.02,2.7805188823377858,0,6,17,201.93148,False,True,False,20.0,1.02,3.8487,0.0,-1.0681811176622142
2024-02-16 18:00:00,2024-02-16,18,30,30,0.08,2.712492475595814,0,6,5,201.93148,False,True,False,20.0,0.08,0.0,0.0,2.712492475595814
2024-02-16 19:00:00,2024-02-16,19,30,30,0.0,2.57048682685048,0,6,0,201.93148,False,False,False,20.0,0.0,0.0,0.0,2.57048682685048
2024-02-17 06:00:00,2024-02-17,6,30,30,0.0,2.912990953814592,0,6,0,201.93148,False,False,False,20.0,0.0,0.0,0.0,2.912990953814592
2024-02-17 07:00:00,2024-02-17,7,30,30,1.03,2.7805188823377858,0,6,20,201.93148,False,True,False,20.0,1.03,3.5918,0.0,-0.8112811176622143
2024-02-17 18:00:00,2024-02-17,18,30,30,0.04,2.712492475595814,0,6,3,201.93148,False,True,False,20.0,0.04,0.0,0.0,2.712492475595814
2024-02-17 19:00:00,2024-02-17,19,30,30,0.0,2.57048682685048,0,6,0,201.93148,False,False,False,20.0,0.0,0.0,0.0,2.57048682685048
2024-02-18 06:00:00,2024-02-18,6,30,30,0.0,2.912990953814592,0,6,0,201.93148,False,False,False,20.0,0.0,0.0,0.0,2.912990953814592
2024-02-18 07:00:00,2024-02-18,7,30,30,0.14,2.7805188823377858,0,6,6,201.93148,False,True,False,20.0,0.14,2.5759,0.0,0.2046188823377859
2024-02-18 18:00:00,2024-02-18,18,30,30,0.01,2.712492475595814,0,6,1,201.93148,False,True,False,20.0,0.01,0.0,0.0,2.712492475595814
2024-02-18 19:00:00,2024-02-18,19,30,30,0.0,2.57048682685048,0,6,0,201.93148,False,False,False,20.0,0.0,0.0,0.0,2.57048682685048
2024-02-19 06:00:00,2024-02-19,6,30,30,0.0,2.912990953814592,0,6,0,201.93148,False,False,False,20.0,0.0,0.0,0.0,2.912990953814592
2024-02-19 07:00:00,2024-02-19,7,30,30,0.01,2.7805188823377858,0,6,1,201.93148,False,True,False,20.0,0.01,2.2075,0.0,0.5730188823377858
2024-02-19 18:00:00,2024-02-19,18,30,30,0.01,2.712492475595814,0,6,1,201.93148,False,True,False,20.0,0.01,0.0,0.0,2.712492475595814
2024-02-19 19:00:00,2024-02-19,19,30,30,0.0,2.57048682685048,0,6,0,201.93148,False,False,False,20.0,0.0,0.0,0.0,2.57048682685048
2024-02-20 06:00:00,2024-02-20,6,30,30,0.0,2.912990953814592,0,6,0,201.93148,False,False,False,20.0,0.0,0.0,0.0,2.912990953814592
2024-02-20 07:00:00,2024-02-20,7,30,30,0.01,2.7805188823377858,0,6,1,201.93148,False,True,False,20.0,0.01,2.1792,0.0,0.601318882337786
2024-02-20 18:00:00,2024-02-20,18,30,30,0.0,2.712492475595814,0,6,0,201.93148,False,False,False,20.0,0.0,0.0,0.0,2.712492475595814
2024-02-20 19:00:00,2024-02-20,19,30,30,0.0,2.57048682685048,0,6,0,201.93148,False,False,False,20.0,0.0,0.0,0.0,2.57048682685048
2024-02-21 06:00:00,2024-02-21,6,30,30,0.0,2.912990953814592,0,6,0,201.93148,False,False,False,20.0,0.0,0.0,0.0,2.912990953814592
2024-02-21 07:00:00,2024-02-21,7,30,30,0.0,2.7805188823377858,0,6,0,201.93148,False,False,False,20.0,0.0,2.0149,0.0,0.7656188823377859
2024-02-21 18:00:00,2024-02-21,18,30,30,0.02,2.712492475595814,0,6,2,201.93148,False,True,False,20.0,0.02,0.0,0.0,2.712492475595814
2024-02-21 19:00:00,2024-02-21,19,30,30,0.0,2.57048682685048,0,6,0,201.93148,False,False,False,20.0,0.0,0.0,0.0,2.57048682685048
2024-02-22 06:00:00,2024-02-22,6,30,30,0.0,2.912990953814592,0,6,0,201.93148,False,False,False,20.0,0.0,0.0,0.0,2.912990953814592
2024-02-22 07:00:00,2024-02-22,7,30,30,0.01,2.7805188823377858,0,6,1,201.93148,False,True,False,20.0,0.01,2.1223,0.0,0.6582188823377857
2024-02-22 18:00:00,2024-02-22,18,30,30,0.03,2.712492475595814,0,6,3,201.93148,False,True,False,20.0,0.03,0.0,0.0,2.712492475595814
2024-02-22 19:00:00,2024-02-22,19,30,30,0.0,2.57048682685048,0,6,0,201.93148,False,False,False,20.0,0.0,0.0,0.0,2.57048682685048
2024-02-23 06:00:00,2024-02-23,6,30,30,0.0,2.912990953814592,0,6,0,201.93148,False,False,False,20.0,0.0,0.0,0.0,2.912990953814592
2024-02-23 07:00:00,2024-02-23,7,30,30,0.22,2.7805188823377858,0,6,6,201.93148,False,True,False,20.0,0.22,2.4153000000000002,0.0,0.36521888233778554
2024-02-23 18:00:00,2024-02-23,18,30,30,0.03,2.712492475595814,0,6,3,201.93148,False,True,False,20.0,0.03,0.0,0.0,2.712492475595814
2024-02-23 19:00:00,2024-02-23,19,30,30,0.0,2.57048682685048,0,6,0,201.93148,False,False,False,20.0,0.0,0.0,0.0,2.57048682685048
2024-02-24 06:00:00,2024-02-24,6,30,30,0.0,2.912990953814592,0,6,0,201.93148,False,False,False,20.0,0.0,0.0,0.0,2.912990953814592
2024-02-24 07:00:00,2024-02-24,7,30,30,0.01,2.7805188823377858,0,6,1,201.93148,False,True,False,20.0,0.01,2.1575,0.0,0.6230188823377856
2024-02-24 18:00:00,2024-02-24,18,30,30,0.02,2.712492475595814,0,6,2,201.93148,False,True,False,20.0,0.02,0.0,0.0,2.712492475595814
2024-02-24 19:00:00,2024-02-24,19,30,30,0.0,2.57048682685048,0,6,0,201.93148,False,False,False,20.0,0.0,0.0,0.0,2.57048682685048
2024-02-25 06:00:00,2024-02-25,6,30,30,0.0,2.912990953814592,0,6,0,201.93148,False,False,False,20.0,0.0,0.0,0.0,2.912990953814592
2024-02-25 07:00:00,2024-02-25,7,30,30,0.06,2.7805188823377858,0,6,3,201.93148,False,True,False,20.0,0.06,4.2744,0.0,-1.4938811176622142
2024-02-25 18:00:00,2024-02-25,18,30,30,0.09,2.712492475595814,0,6,4,201.93148,False,True,False,20.0,0.09,0.0,0.0,2.712492475595814
2024-02-25 19:00:00,2024-02-25,19,30,30,0.0,2.57048682685048,0,6,0,201.93148,False,False,False,20.0,0.0,0.0,0.0,2.57048682685048
2024-02-26 06:00:00,2024-02-26,6,30,30,0.0,2.912990953814592,0,6,0,201.93148,False,False,False,20.0,0.0,0.0,0.0,2.912990953814592
2024-02-26 07:00:00,2024-02-26,7,30,30,2.81,2.7805188823377858,0,6,20,201.93148,False,True,False,20.0,2.81,4.286,0.0,-1.5054811176622138
2024-02-26 18:00:00,2024-02-26,18,30,30,0.22,2.712492475595814,0,6,8,201.93148,False,True,False,20.0,0.22,0.0,0.0,2.712492475595814
2024-02-26 19:00:00,2024-02-26,19,30,30,0.0,2.57048682685048,0,6,0,201.93148,False,False,False,20.0,0.0,0.0,0.0,2.57048682685048
2024-02-27 06:00:00,2024-02-27,6,30,30,0.0,2.912990953814592,0,6,0,201.93148,False,False,False,20.0,0.0,0.0,0.0,2.912990953814592
2024-02-27 07:00:00,2024-02-27,7,30,30,4.55,2.7805188823377858,0,6,22,201.93148,False,True,False,20.0,4.55,4.3452,0.0,-1.5646811176622144
2024-02-27 18:00:00,2024-02-27,18,30,30,0.11,2.712492475595814,0,6,3,201.93148,False,True,False,20.0,0.11,0.0,0.0,2.712492475595814
2024-02-27 19:00:00,2024-02-27,19,30,30,0.0,2.57048682685048,0,6,0,201.93148,False,False,False,20.0,0.0,0.0,0.0,2.57048682685048
2024-02-28 06:00:00,2024-02-28,6,30,30,0.0,2.912990953814592,0,6,0,201.93148,False,False,False,20.0,0.0,0.0,0.0,2.912990953814592
2024-02-28 07:00:00,2024-02-28,7,30,30,3.35,2.7805188823377858,0,6,23,201.93148,False,True,False,20.0,3.35,2.6971,0.0,0.08341888233778594
2024-02-28 18:00:00,2024-02-28,18,30,30,0.01,2.712492475595814,0,6,1,201.93148,False,True,False,20.0,0.01,0.0,0.0,2.712492475595814
2024-02-28 19:00:00,2024-02-28,19,30,30,0.0,2.57048682685048,0,6,0,201.93148,False,False,False,20.0,0.0,0.0,0.0,2.57048682685048
2024-02-29 06:00:00,2024-02-29,6,30,30,0.0,2.912990953814592,0,6,0,201.93148,False,False,False,20.0,0.0,0.0,0.0,2.912990953814592
2024-02-29 07:00:00,2024-02-29,7,30,30,0.06,2.7805188823377858,0,6,3,201.93148,False,True,False,20.0,0.06,2.5195,0.0,0.2610188823377859
2024-02-29 18:00:00,2024-02-29,18,30,30,0.11,2.712492475595814,0,6,6,201.93148,False,True,False,20.0,0.11,0.0,0.0,2.712492475595814
2024-02-29 19:00:00,2024-02-29,19,30,30,0.0,2.57048682685048,0,6,0,201.93148,False,False,False,20.0,0.0,0.0,0.0,2.57048682685048
2024-03-01 06:00:00,2024-03-01,6,30,30,0.0,2.912990953814592,0,6,0,201.93148,False,False,False,20.0,0.0,0.0,0.0,2.912990953814592
2024-03-01 07:00:00,2024-03-01,7,30,30,6.0,2.7805188823377858,0,6,23,201.93148,False,True,False,20.0,6.0,8.1646,0.0,-5.384081117662214
2024-03-01 18:00:00,2024-03-01,18,31,31,0.31,2.8304623321121936,0,6,10,207.03148,False,True,False,19.35483870967742,0.31,0.0,0.0,2.8304623321121936
2024-03-01 19:00:00,2024-03-01,19,31,31,0.0,2.6845439396134703,0,6,0,207.03148,False,False,False,19.35483870967742,0.0,0.0,0.0,2.6845439396134703
2024-03-02 06:00:00,2024-03-02,6,31,31,0.0,3.0492284198306523,0,6,0,207.03148,False,False,False,19.35483870967742,0.0,0.0,0.0,3.0492284198306523
2024-03-02 07:00:00,2024-03-02,7,31,31,5.82,2.9055701058505092,0,6,26,207.03148,False,True,False,19.35483870967742,5.82,8.7329,0.0,-5.827329894149491
2024-03-02 18:00:00,2024-03-02,18,31,31,0.32,2.8304623321121936,0,6,11,207.03148,False,True,False,19.35483870967742,0.32,0.0,0.0,2.8304623321121936
2024-03-02 19:00:00,2024-03-02,19,31,31,0.0,2.6845439396134703,0,6,0,207.03148,False,False,False,19.35483870967742,0.0,0.0,0.0,2.6845439396134703
2024-03-03 06:00:00,2024-03-03,6,31,31,0.0,3.0492284198306523,0,6,0,207.03148,False,False,False,19.35483870967742,0.0,0.0,0.0,3.0492284198306523
2024-03-03 07:00:00,2024-03-03,7,31,31,4.97,2.9055701058505092,0,6,26,207.03148,False,True,False,19.35483870967742,4.97,8.8732,0.0,-5.967629894149491
2024-03-03 18:00:00,2024-03-03,18,31,31,0.33,2.8304623321121936,0,6,9,207.03148,False,True,False,19.35483870967742,0.33,0.0,0.0,2.8304623321121936
2024-03-03 19:00:00,2024-03-03,19,31,31,0.0,2.6845439396134703,0,6,0,207.03148,False,False,False,19.35483870967742,0.0,0.0,0.0,2.6845439396134703
2024-03-04 06:00:00,2024-03-04,6,31,31,0.0,3.0492284198306523,0,6,0,207.03148,False,False,False,19.35483870967742,0.0,0.0,0.0,3.0492284198306523
2024-03-04 07:00:00,2024-03-04,7,31,31,1.63,2.9055701058505092,0,6,15,207.03148,False,True,False,19.35483870967742,1.63,7.0465,0.0,-4.14092989414949
2024-03-04 18:00:00,2024-03-04,18,31,31,0.01,2.8304623321121936,0,6,1,207.03148,False,True,False,19.35483870967742,0.01,0.0,0.0,2.8304623321121936
2024-03-04 19:00:00,2024-03-04,19,31,31,0.0,2.6845439396134703,0,6,0,207.03148,False,False,False,19.35483870967742,0.0,0.0,0.0,2.6845439396134703
2024-03-05 06:00:00,2024-03-05,6,31,31,0.0,3.0492284198306523,0,6,0,207.03148,False,False,False,19.35483870967742,0.0,0.0,0.0,3.0492284198306523
2024-03-05 07:00:00,2024-03-05,7,31,31,0.0,2.9055701058505092,0,6,0,207.03148,False,False,False,19.35483870967742,0.0,6.3807,0.0,-3.475129894149491
2024-03-05 18:00:00,2024-03-05,18,31,31,0.17,2.8304623321121936,0,6,5,207.03148,False,True,False,19.35483870967742,0.17,0.0,0.0,2.8304623321121936
2024-03-05 19:00:00,2024-03-05,19,31,31,0.0,2.6845439396134703,0,6,0,207.03148,False,False,False,19.35483870967742,0.0,0.0,0.0,2.6845439396134703
2024-03-06 06:00:00,2024-03-06,6,31,31,0.0,3.0492284198306523,0,6,0,207.03148,False,False,False,19.35483870967742,0.0,0.0,0.0,3.0492284198306523
2024-03-06 07:00:00,2024-03-06,7,31,31,2.19,2.9055701058505092,0,6,20,207.03148,False,True,False,19.35483870967742,2.19,8.5549,0.0,-5.64932989414949
2024-03-06 18:00:00,2024-03-06,18,31,31,0.54,2.8304623321121936,0,6,15,207.03148,False,True,False,19.35483870967742,0.54,0.0,0.0,2.8304623321121936
2024-03-06 19:00:00,2024-03-06,19,31,31,0.0,2.6845439396134703,0,6,0,207.03148,False,False,False,19.35483870967742,0.0,0.0,0.0,2.6845439396134703
2024-03-07 06:00:00,2024-03-07,6,31,31,0.0,3.0492284198306523,0,6,0,207.03148,False,False,False,19.35483870967742,0.0,0.0,0.0,3.0492284198306523
2024-03-07 07:00:00,2024-03-07,7,31,31,4.87,2.9055701058505092,0,6,27,207.03148,False,True,False,19.35483870967742,4.87,8.7906,0.0,-5.88502989414949
2024-03-07 18:00:00,2024-03-07,18,31,31,0.61,2.8304623321121936,0,6,12,207.03148,False,True,False,19.35483870967742,0.61,0.0,0.0,2.8304623321121936
2024-03-07 19:00:00,2024-03-07,19,31,31,0.0,2.6845439396134703,0,6,0,207.03148,False,False,False,19.35483870967742,0.0,0.0,0.0,2.6845439396134703
2024-03-08 06:00:00,2024-03-08,6,31,31,0.0,3.0492284198306523,0,6,0,207.03148,False,False,False,19.35483870967742,0.0,0.0,0.0,3.0492284198306523
2024-03-08 07:00:00,2024-03-08,7,31,31,5.08,2.9055701058505092,0,6,29,207.03148,False,True,False,19.35483870967742,5.08,10.2624,0.0,-7.35682989414949
2024-03-08 18:00:00,2024-03-08,18,31,31,0.91,2.8304623321121936,0,6,20,207.03148,False,True,False,19.35483870967742,0.91,0.0,0.0,2.8304623321121936
2024-03-08 19:00:00,2024-03-08,19,31,31,0.0,2.6845439396134703,0,6,0,207.03148,False,False,False,19.35483870967742,0.0,0.0,0.0,2.6845439396134703
2024-03-09 06:00:00,2024-03-09,6,31,31,0.0,3.0492284198306523,0,6,0,207.03148,False,False,False,19.35483870967742,0.0,0.0,0.0,3.0492284198306523
2024-03-09 07:00:00,2024-03-09,7,31,31,10.0,2.9055701058505092,0,6,29,207.03148,False,True,False,19.35483870967742,10.0,10.5172,0.0,-7.611629894149491
2024-03-09 18:00:00,2024-03-09,18,31,31,0.78,2.8304623321121936,0,6,18,207.03148,False,True,False,19.35483870967742,0.78,0.0,0.0,2.8304623321121936
2024-03-09 19:00:00,2024-03-09,19,31,31,0.0,2.6845439396134703,0,6,0,207.03148,False,False,False,19.35483870967742,0.0,0.0,0.0,2.6845439396134703
2024-03-10 06:00:00,2024-03-10,6,31,31,0.0,3.0492284198306523,0,6,0,207.03148,False,False,False,19.35483870967742,0.0,0.0,0.0,3.0492284198306523
2024-03-10 07:00:00,2024-03-10,7,31,31,8.84,2.9055701058505092,0,6,29,207.03148,False,True,False,19.35483870967742,8.84,10.2657,0.0,-7.360129894149491
2024-03-10 18:00:00,2024-03-10,18,31,31,0.44,2.8304623321121936,0,6,11,207.03148,False,True,False,19.35483870967742,0.44,0.0,0.0,2.8304623321121936
2024-03-10 19:00:00,2024-03-10,19,31,31,0.0,2.6845439396134703,0,6,0,207.03148,False,False,False,19.35483870967742,0.0,0.0,0.0,2.6845439396134703
2024-03-11 06:00:00,2024-03-11,6,31,31,0.0,3.0492284198306523,0,6,0,207.03148,False,False,False,19.35483870967742,0.0,0.0,0.0,3.0492284198306523
2024-03-11 07:00:00,2024-03-11,7,31,31,5.3100000000000005,2.9055701058505092,0,6,28,207.03148,False,True,False,19.35483870967742,5.31,9.725,8.881784197001252e-16,-6.81942989414949
2024-03-11 18:00:00,2024-03-11,18,31,31,0.8300000000000001,2.8304623321121936,0,6,19,207.03148,False,True,False,19.35483870967742,0.8300000000000001,0.0,0.0,2.8304623321121936
2024-03-11 19:00:00,2024-03-11,19,31,31,0.0,2.6845439396134703,0,6,0,207.03148,False,False,False,19.35483870967742,0.0,0.0,0.0,2.6845439396134703
2024-03-12 06:00:00,2024-03-12,6,31,31,0.0,3.0492284198306523,0,6,0,207.03148,False,False,False,19.35483870967742,0.0,0.0,0.0,3.0492284198306523
2024-03-12 07:00:00,2024-03-12,7,31,31,8.19,2.9055701058505092,0,6,29,207.03148,False,True,False,19.35483870967742,8.19,11.2577,0.0,-8.35212989414949
2024-03-12 18:00:00,2024-03-12,18,31,31,1.03,2.8304623321121936,0,6,21,207.03148,False,True,False,19.35483870967742,1.03,0.0,0.0,2.8304623321121936
2024-03-12 19:00:00,2024-03-12,19,31,31,0.0,2.6845439396134703,0,6,0,207.03148,False,False,False,19.35483870967742,0.0,0.0,0.0,2.6845439396134703
2024-03-13 06:00:00,2024-03-13,6,31,31,0.0,3.0492284198306523,0,6,0,207.03148,False,False,False,19.35483870967742,0.0,0.0,0.0,3.0492284198306523
2024-03-13 07:00:00,2024-03-13,7,31,31,9.86,2.9055701058505092,0,6,29,207.03148,False,True,False,19.35483870967742,9.86,10.7543,0.0,-7.848729894149491
2024-03-13 18:00:00,2024-03-13,18,31,31,0.51,2.8304623321121936,0,6,15,207.03148,False,True,False,19.35483870967742,0.51,0.0,0.0,2.8304623321121936
2024-03-13 19:00:00,2024-03-13,19,31,31,0.0,2.6845439396134703,0,6,0,207.03148,False,False,False,19.35483870967742,0.0,0.0,0.0,2.6845439396134703
2024-03-14 06:00:00,2024-03-14,6,31,31,0.0,3.0492284198306523,0,6,0,207.03148,False,False,False,19.35483870967742,0.0,0.0,0.0,3.0492284198306523
2024-03-14 07:00:00,2024-03-14,7,31,31,2.4699999999999998,2.9055701058505092,0,6,23,207.03148,False,True,False,19.35483870967742,2.47,9.8684,-4.440892098500626e-16,-6.96282989414949
2024-03-14 18:00:00,2024-03-14,18,31,31,1.73,2.8304623321121936,0,6,23,207.03148,False,True,False,19.35483870967742,1.73,0.0,0.0,2.8304623321121936
2024-03-14 19:00:00,2024-03-14,19,31,31,0.0,2.6845439396134703,0,6,0,207.03148,False,False,False,19.35483870967742,0.0,0.0,0.0,2.6845439396134703
2024-03-15 06:00:00,2024-03-15,6,31,31,0.0,3.0492284198306523,0,6,0,207.03148,False,False,False,19.35483870967742,0.0,0.0,0.0,3.0492284198306523
2024-03-15 07:00:00,2024-03-15,7,31,31,11.5,2.9055701058505092,0,6,28,207.03148,False,True,False,19.35483870967742,11.5,11.6686,0.0,-8.76302989414949
2024-03-15 18:00:00,2024-03-15,18,31,31,2.07,2.8304623321121936,0,6,22,207.03148,False,True,False,19.35483870967742,2.07,0.19970000000000002,0.0,2.6307623321121936
2024-03-15 19:00:00,2024-03-15,19,31,31,0.0,2.6845439396134703,0,6,0,207.03148,False,False,False,19.35483870967742,0.0,0.0,0.0,2.6845439396134703
2024-03-16 06:00:00,2024-03-16,6,31,31,0.0,3.0492284198306523,0,6,0,207.03148,False,False,False,19.35483870967742,0.0,0.0,0.0,3.0492284198306523
2024-03-16 07:00:00,2024-03-16,7,31,31,2.5700000000000003,2.9055701058505092,0,6,26,207.03148,False,True,False,19.35483870967742,2.5700000000000003,11.3398,0.0,-8.43422989414949
2024-03-16 18:00:00,2024-03-16,18,31,31,0.67,2.8304623321121936,0,6,16,207.03148,False,True,False,19.35483870967742,0.67,0.1935,0.0,2.6369623321121933
2024-03-16 19:00:00,2024-03-16,19,31,31,0.0,2.6845439396134703,0,6,0,207.03148,False,False,False,19.35483870967742,0.0,0.0,0.0,2.6845439396134703
2024-03-17 06:00:00,2024-03-17,6,31,31,0.0,3.0492284198306523,0,6,0,207.03148,False,False,False,19.35483870967742,0.0,0.0,0.0,3.0492284198306523
2024-03-17 07:00:00,2024-03-17,7,31,31,4.140000000000001,2.9055701058505092,0,6,27,207.03148,False,True,False,19.35483870967742,4.14,10.4916,8.881784197001252e-16,-7.58602989414949
2024-03-17 18:00:00,2024-03-17,18,31,31,1.81,2.8304623321121936,0,6,25,207.03148,False,True,False,19.35483870967742,1.81,1.5852,0.0,1.2452623321121936
2024-03-17 19:00:00,2024-03-17,19,31,31,0.0,2.6845439396134703,0,6,0,207.03148,False,False,False,19.35483870967742,0.0,0.0,0.0,2.6845439396134703
2024-03-18 06:00:00,2024-03-18,6,31,31,0.0,3.0492284198306523,0,6,0,207.03148,False,False,False,19.35483870967742,0.0,0.0,0.0,3.0492284198306523
2024-03-18 07:00:00,2024-03-18,7,31,31,11.6,2.9055701058505092,0,6,29,207.03148,False,True,False,19.35483870967742,11.6,11.4448,0.0,-8.539229894149491
2024-03-18 18:00:00,2024-03-18,18,31,31,1.12,2.8304623321121936,0,6,19,207.03148,False,True,False,19.35483870967742,1.12,4.0623,0.0,-1.231837667887806
2024-03-18 19:00:00,2024-03-18,19,31,31,0.0,2.6845439396134703,0,6,0,207.03148,False,False,False,19.35483870967742,0.0,0.0,0.0,2.6845439396134703
2024-03-19 06:00:00,2024-03-19,6,31,31,0.0,3.0492284198306523,0,6,0,207.03148,False,False,False,19.35483870967742,0.0,0.0,0.0,3.0492284198306523
2024-03-19 07:00:00,2024-03-19,7,31,31,10.34,2.9055701058505092,0,6,28,207.03148,False,True,False,19.35483870967742,10.34,12.8259,0.0,-9.920329894149491
2024-03-19 18:00:00,2024-03-19,18,31,31,5.49,5.983264779637231,0,5,26,207.03148,False,True,False,16.129032258064516,5.49,5.0765,0.0,0.9067647796372311
2024-03-19 19:00:00,2024-03-19,19,31,31,0.0,2.6845439396134703,0,6,0,207.03148,False,False,False,19.35483870967742,0.0,0.0,0.0,2.6845439396134703
2024-03-20 06:00:00,2024-03-20,6,31,31,0.0,3.0492284198306523,0,6,0,207.03148,False,False,False,19.35483870967742,0.0,0.0,0.0,3.0492284198306523
2024-03-20 07:00:00,2024-03-20,7,31,31,19.18,2.9055701058505092,0,6,30,207.03148,False,True,False,19.35483870967742,19.18,13.9092,0.0,-11.00362989414949
2024-03-20 18:00:00,2024-03-20,18,31,31,2.0,5.945386341850293,0,5,26,207.03148,False,True,False,16.129032258064516,2.0,5.098,0.0,0.8473863418502932
2024-03-20 19:00:00,2024-03-20,19,31,31,0.0,2.6845439396134703,0,6,0,207.03148,False,False,False,19.35483870967742,0.0,0.0,0.0,2.6845439396134703
2024-03-21 06:00:00,2024-03-21,6,31,31,0.0,3.0492284198306523,0,6,0,207.03148,False,False,False,19.35483870967742,0.0,0.0,0.0,3.0492284198306523
2024-03-21 07:00:00,2024-03-21,7,31,31,17.73,2.9055701058505092,0,6,30,207.03148,False,True,False,19.35483870967742,17.73,13.9329,0.0,-11.02732989414949
2024-03-21 18:00:00,2024-03-21,18,31,31,1.4,6.131213516660446,0,5,23,207.03148,False,True,False,16.129032258064516,1.4,5.186,0.0,0.9452135166604458
2024-03-21 19:00:00,2024-03-21,19,31,31,0.0,2.6845439396134703,0,6,0,207.03148,False,False,False,19.35483870967742,0.0,0.0,0.0,2.6845439396134703
2024-03-22 06:00:00,2024-03-22,6,31,31,0.0,3.0492284198306523,0,6,0,207.03148,False,False,False,19.35483870967742,0.0,0.0,0.0,3.0492284198306523
2024-03-22 07:00:00,2024-03-22,7,31,31,10.27,2.9055701058505092,0,6,29,207.03148,False,True,False,19.35483870967742,10.27,12.7974,0.0,-9.89182989414949
2024-03-22 18:00:00,2024-03-22,18,31,31,2.37,2.8304623321121936,0,6,27,207.03148,False,True,False,19.35483870967742,2.37,4.9529,0.0,-2.122437667887806
2024-03-22 19:00:00,2024-03-22,19,31,31,0.0,2.6845439396134703,0,6,0,207.03148,False,False,False,19.35483870967742,0.0,0.0,0.0,2.6845439396134703
2024-03-23 06:00:00,2024-03-23,6,31,31,0.0,3.0492284198306523,0,6,0,207.03148,False,False,False,19.35483870967742,0.0,0.0,0.0,3.0492284198306523
2024-03-23 07:00:00,2024-03-23,7,31,31,10.879999999999999,2.9055701058505092,0,6,29,207.03148,False,True,False,19.35483870967742,10.88,10.3966,-1.7763568394002505e-15,-7.49102989414949
2024-03-23 18:00:00,2024-03-23,18,31,31,0.3,2.8304623321121936,0,6,14,207.03148,False,True,False,19.35483870967742,0.30000000000000004,2.8782,-5.551115123125783e-17,-0.047737667887806534
2024-03-23 19:00:00,2024-03-23,19,31,31,0.0,2.6845439396134703,0,6,0,207.03148,False,False,False,19.35483870967742,0.0,0.0,0.0,2.6845439396134703
2024-03-24 06:00:00,2024-03-24,6,31,31,0.0,3.0492284198306523,0,6,0,207.03148,False,False,False,19.35483870967742,0.0,0.0,0.0,3.0492284198306523
2024-03-24 07:00:00,2024-03-24,7,31,31,3.42,2.9055701058505092,0,6,26,207.03148,False,True,False,19.35483870967742,3.42,8.6019,0.0,-5.696329894149491
2024-03-24 18:00:00,2024-03-24,18,31,31,1.18,2.8304623321121936,0,6,21,207.03148,False,True,False,19.35483870967742,1.18,4.6043,0.0,-1.7738376678878067
2024-03-24 19:00:00,2024-03-24,19,31,31,0.0,2.6845439396134703,0,6,0,207.03148,False,False,False,19.35483870967742,0.0,0.0,0.0,2.6845439396134703
2024-03-25 06:00:00,2024-03-25,6,31,31,0.0,3.0492284198306523,0,6,0,207.03148,False,False,False,19.35483870967742,0.0,0.0,0.0,3.0492284198306523
2024-03-25 07:00:00,2024-03-25,7,31,31,2.02,2.9055701058505092,0,6,24,207.03148,False,True,False,19.35483870967742,2.02,7.2849,0.0,-4.379329894149491
2024-03-25 18:00:00,2024-03-25,18,31,31,0.13999999999999999,2.8304623321121936,0,6,7,207.03148,False,True,False,19.35483870967742,0.14,3.0154,-2.7755575615628914e-17,-0.18493766788780652
2024-03-25 19:00:00,2024-03-25,19,31,31,0.0,2.6845439396134703,0,6,0,207.03148,False,False,False,19.35483870967742,0.0,0.0,0.0,2.6845439396134703
2024-03-26 06:00:00,2024-03-26,6,31,31,0.0,3.0492284198306523,0,6,0,207.03148,False,False,False,19.35483870967742,0.0,0.0,0.0,3.0492284198306523
2024-03-26 07:00:00,2024-03-26,7,31,31,19.33,2.9055701058505092,0,6,29,207.03148,False,True,False,19.35483870967742,19.33,15.1731,0.0,-12.26752989414949
2024-03-26 18:00:00,2024-03-26,18,31,31,2.9699999999999998,2.8304623321121936,0,6,27,207.03148,False,True,False,19.35483870967742,2.9699999999999998,4.9432,0.0,-2.1127376678878065
2024-03-26 19:00:00,2024-03-26,19,31,31,0.0,2.6845439396134703,0,6,0,207.03148,False,False,False,19.35483870967742,0.0,0.0,0.0,2.6845439396134703
2024-03-27 06:00:00,2024-03-27,6,31,31,0.0,3.0492284198306523,0,6,0,207.03148,False,False,False,19.35483870967742,0.0,0.0,0.0,3.0492284198306523
2024-03-27 07:00:00,2024-03-27,7,31,31,4.99,2.9055701058505092,0,6,29,207.03148,False,True,False,19.35483870967742,4.99,11.580400000000001,0.0,-8.674829894149491
2024-03-27 18:00:00,2024-03-27,18,31,31,0.11,2.8304623321121936,0,6,8,207.03148,False,True,False,19.35483870967742,0.11,4.6388,0.0,-1.8083376678878063
2024-03-27 19:00:00,2024-03-27,19,31,31,0.0,2.6845439396134703,0,6,0,207.03148,False,False,False,19.35483870967742,0.0,0.0,0.0,2.6845439396134703
2024-03-28 06:00:00,2024-03-28,6,31,31,0.0,3.0492284198306523,0,6,0,207.03148,False,False,False,19.35483870967742,0.0,0.0,0.0,3.0492284198306523
2024-03-28 07:00:00,2024-03-28,7,31,31,1.12,2.9055701058505092,0,6,19,207.03148,False,True,False,19.35483870967742,1.12,10.5874,0.0,-7.681829894149491
2024-03-28 18:00:00,2024-03-28,18,31,31,3.64,6.547061485494998,0,5,26,207.03148,False,True,False,16.129032258064516,3.64,5.6581,0.0,0.8889614854949981
2024-03-28 19:00:00,2024-03-28,19,31,31,0.0,2.6845439396134703,0,6,0,207.03148,False,False,False,19.35483870967742,0.0,0.0,0.0,2.6845439396134703
2024-03-29 06:00:00,2024-03-29,6,31,31,0.0,3.0492284198306523,0,6,0,207.03148,False,False,False,19.35483870967742,0.0,0.0,0.0,3.0492284198306523
2024-03-29 07:00:00,2024-03-29,7,31,31,17.36,2.9055701058505092,0,6,27,207.03148,False,True,False,19.35483870967742,17.36,15.6969,0.0,-12.79132989414949
2024-03-29 18:00:00,2024-03-29,18,31,31,3.44,6.371784108313556,0,5,27,207.03148,False,True,False,16.129032258064516,3.44,5.6395,0.0,0.7322841083135563
2024-03-29 19:00:00,2024-03-29,19,31,31,0.0,2.6845439396134703,0,6,0,207.03148,False,False,False,19.35483870967742,0.0,0.0,0.0,2.6845439396134703
2024-03-30 06:00:00,2024-03-30,6,31,31,0.0,3.0492284198306523,0,6,0,207.03148,False,False,False,19.35483870967742,0.0,0.0,0.0,3.0492284198306523
2024-03-30 07:00:00,2024-03-30,7,31,31,13.43,2.9055701058505092,0,6,29,207.03148,False,True,False,19.35483870967742,13.43,15.6982,0.0,-12.79262989414949
2024-03-30 18:00:00,2024-03-30,18,31,31,2.93,6.603177330674408,0,5,27,207.03148,False,True,False,16.129032258064516,2.93,5.8149,0.0,0.7882773306744086
2024-03-30 19:00:00,2024-03-30,19,31,31,0.0,2.6845439396134703,0,6,0,207.03148,False,False,False,19.35483870967742,0.0,0.0,0.0,2.6845439396134703
2024-03-31 06:00:00,2024-03-31,6,31,31,0.0,3.0492284198306523,0,6,0,207.03148,False,False,False,19.35483870967742,0.0,0.0,0.0,3.0492284198306523
2024-03-31 07:00:00,2024-03-31,7,31,31,15.79,2.9055701058505092,0,6,30,207.03148,False,True,False,19.35483870967742,15.79,16.429,0.0,-13.523429894149489
2024-03-31 18:00:00,2024-03-31,18,31,31,3.89,7.1187903175268685,0,4,29,207.03148,False,True,False,12.903225806451612,3.89,6.4478,0.0,0.6709903175268686
2024-03-31 19:00:00,2024-03-31,19,31,31,0.0,2.6845439396134703,0,6,0,207.03148,False,False,False,19.35483870967742,0.0,0.0,0.0,2.6845439396134703
2024-04-01 06:00:00,2024-04-01,6,31,31,0.0,3.0492284198306523,0,6,0,207.03148,False,False,False,19.35483870967742,0.0,0.0,0.0,3.0492284198306523
2024-04-01 07:00:00,2024-04-01,7,31,31,22.810000000000002,2.9055701058505092,0,6,30,207.03148,False,True,False,19.35483870967742,22.81,18.0973,3.552713678800501e-15,-15.191729894149491
2024-04-01 18:00:00,2024-04-01,18,31,31,4.0200000000000005,6.702064738977467,0,5,29,207.03148,False,True,False,16.129032258064516,4.02,5.6411,8.881784197001252e-16,1.060964738977467
2024-04-01 19:00:00,2024-04-01,19,31,31,0.0,2.6845439396134703,0,6,0,207.03148,False,False,False,19.35483870967742,0.0,0.0,0.0,2.6845439396134703
2024-04-02 06:00:00,2024-04-02,6,31,31,0.0,3.0492284198306523,0,6,0,207.03148,False,False,False,19.35483870967742,0.0,0.0,0.0,3.0492284198306523
2024-04-02 07:00:00,2024-04-02,7,31,31,7.53,2.9055701058505092,0,6,29,207.03148,False,True,False,19.35483870967742,7.53,13.7247,0.0,-10.81912989414949
2024-04-02 18:00:00,2024-04-02,18,31,31,0.33,2.8304623321121936,0,6,14,207.03148,False,True,False,19.35483870967742,0.33,4.5004,0.0,-1.6699376678878064
2024-04-02 19:00:00,2024-04-02,19,31,31,0.0,2.6845439396134703,0,6,0,207.03148,False,False,False,19.35483870967742,0.0,0.0,0.0,2.6845439396134703
2024-04-03 06:00:00,2024-04-03,6,31,31,0.0,3.0492284198306523,0,6,0,207.03148,False,False,False,19.35483870967742,0.0,0.5655,0.0,2.483728419830652
2024-04-03 07:00:00,2024-04-03,7,31,31,1.4000000000000001,2.9055701058505092,0,6,17,207.03148,False,True,False,19.35483870967742,1.4,9.659,2.220446049250313e-16,-6.753429894149491
2024-04-03 18:00:00,2024-04-03,18,31,31,5.53,2.8304623321121936,0,6,30,207.03148,False,True,False,19.35483870967742,5.53,5.1836,0.0,-2.3531376678878066
2024-04-03 19:00:00,2024-04-03,19,31,31,0.0,2.6845439396134703,0,6,0,207.03148,False,False,False,19.35483870967742,0.0,0.0,0.0,2.6845439396134703
2024-04-04 06:00:00,2024-04-04,6,31,31,0.0,3.0492284198306523,0,6,0,207.03148,False,False,False,19.35483870967742,0.0,2.6846,0.0,0.3646284198306522
2024-04-04 07:00:00,2024-04-04,7,31,31,13.19,2.9055701058505092,0,6,28,207.03148,False,True,False,19.35483870967742,13.19,14.1242,0.0,-11.21862989414949
2024-04-04 18:00:00,2024-04-04,18,31,31,6.35,2.8304623321121936,0,6,29,207.03148,False,True,False,19.35483870967742,6.35,5.0502,0.0,-2.2197376678878067
2024-04-04 19:00:00,2024-04-04,19,31,31,0.0,2.6845439396134703,0,6,0,207.03148,False,False,False,19.35483870967742,0.0,0.0,0.0,2.6845439396134703
2024-04-05 06:00:00,2024-04-05,6,31,31,0.0,3.0492284198306523,0,6,0,207.03148,False,False,False,19.35483870967742,0.0,2.9928,0.0,0.05642841983065239
2024-04-05 07:00:00,2024-04-05,7,31,31,22.53,2.9055701058505092,0,6,30,207.03148,False,True,False,19.35483870967742,22.53,18.7612,0.0,-15.855629894149489
2024-04-05 18:00:00,2024-04-05,18,31,31,4.41,2.8304623321121936,0,6,28,207.03148,False,True,False,19.35483870967742,4.41,5.1086,0.0,-2.2781376678878065
2024-04-05 19:00:00,2024-04-05,19,31,31,0.0,2.6845439396134703,0,6,0,207.03148,False,False,False,19.35483870967742,0.0,0.0,0.0,2.6845439396134703
2024-04-06 06:00:00,2024-04-06,6,31,31,0.0,3.0492284198306523,0,6,0,207.03148,False,False,False,19.35483870967742,0.0,2.9499,0.0,0.09932841983065233
2024-04-06 07:00:00,2024-04-06,7,31,31,13.190000000000001,2.9055701058505092,0,6,29,207.03148,False,True,False,19.35483870967742,13.19,15.6576,1.7763568394002505e-15,-12.75202989414949
2024-04-06 18:00:00,2024-04-06,18,31,31,5.38,6.334646693586217,0,6,28,207.03148,False,True,False,19.35483870967742,5.38,5.4005,0.0,0.934146693586217
2024-04-06 19:00:00,2024-04-06,19,31,31,0.0,2.6845439396134703,0,6,0,207.03148,False,False,False,19.35483870967742,0.0,0.0,0.0,2.6845439396134703
2024-04-07 06:00:00,2024-04-07,6,31,31,0.0,3.0492284198306523,0,6,0,207.03148,False,False,False,19.35483870967742,0.0,2.952,0.0,0.09722841983065234
2024-04-07 07:00:00,2024-04-07,7,31,31,24.53,2.9055701058505092,0,6,29,207.03148,False,True,False,19.35483870967742,24.53,17.2034,0.0,-14.297829894149489
2024-04-07 18:00:00,2024-04-07,18,31,31,6.0,3.041977772484773,0,5,29,207.03148,False,True,False,16.129032258064516,6.0,5.3547,0.0,-2.312722227515227
2024-04-07 19:00:00,2024-04-07,19,31,31,0.0,2.6845439396134703,0,6,0,207.03148,False,False,False,19.35483870967742,0.0,0.0,0.0,2.6845439396134703
2024-04-08 06:00:00,2024-04-08,6,31,31,0.0,3.0492284198306523,0,6,0,207.03148,False,False,False,19.35483870967742,0.0,2.995,0.0,0.054228419830652186
2024-04-08 07:00:00,2024-04-08,7,31,31,6.029999999999999,2.9055701058505092,0,6,25,207.03148,False,True,False,19.35483870967742,6.03,17.4348,-8.881784197001252e-16,-14.52922989414949
2024-04-08 18:00:00,2024-04-08,18,31,31,5.78,9.201286779792708,0,3,29,207.03148,False,True,False,9.67741935483871,5.78,8.9027,0.0,0.29858677979270887
2024-04-08 19:00:00,2024-04-08,19,31,31,0.0,2.6845439396134703,0,6,0,207.03148,False,False,False,19.35483870967742,0.0,0.0,0.0,2.6845439396134703
2024-04-09 06:00:00,2024-04-09,6,31,31,0.0,3.0492284198306523,0,6,0,207.03148,False,False,False,19.35483870967742,0.0,3.0401,0.0,0.00912841983065249
2024-04-09 07:00:00,2024-04-09,7,31,31,23.23,22.438459157292503,0,2,29,207.03148,False,True,False,6.451612903225806,23.23,22.0115,0.0,0.4269591572925009
2024-04-09 18:00:00,2024-04-09,18,31,31,6.0,9.068645683813397,0,3,29,207.03148,False,True,False,9.67741935483871,6.0,8.8188,0.0,0.24984568381339756
2024-04-09 19:00:00,2024-04-09,19,31,31,0.0,2.6845439396134703,0,6,0,207.03148,False,False,False,19.35483870967742,0.0,0.0,0.0,2.6845439396134703
2024-04-10 06:00:00,2024-04-10,6,31,31,0.0,3.0492284198306523,0,6,0,207.03148,False,False,False,19.35483870967742,0.0,3.0107,0.0,0.03852841983065236
2024-04-10 07:00:00,2024-04-10,7,31,31,23.41,4.129636776593986,0,6,30,207.03148,False,True,False,19.35483870967742,23.41,19.2561,0.0,-15.126463223406013
2024-04-10 18:00:00,2024-04-10,18,31,31,3.84,2.8304623321121936,0,6,26,207.03148,False,True,False,19.35483870967742,3.84,5.0702,0.0,-2.2397376678878063
2024-04-10 19:00:00,2024-04-10,19,31,31,0.0,2.6845439396134703,0,6,0,207.03148,False,False,False,19.35483870967742,0.0,0.0,0.0,2.6845439396134703
2024-04-11 06:00:00,2024-04-11,6,31,31,0.0,3.0492284198306523,0,6,0,207.03148,False,False,False,19.35483870967742,0.0,3.0045,0.0,0.04472841983065212
2024-04-11 07:00:00,2024-04-11,7,31,31,26.869999999999997,13.708394624746909,0,3,29,207.03148,False,True,False,9.67741935483871,26.87,19.9512,-3.552713678800501e-15,-6.242805375253091
2024-04-11 18:00:00,2024-04-11,18,31,31,8.57,5.101676505364959,0,4,29,207.03148,False,True,False,12.903225806451612,8.57,7.2581,0.0,-2.1564234946350407
2024-04-11 19:00:00,2024-04-11,19,31,31,0.0,2.6845439396134703,0,6,0,207.03148,False,False,False,19.35483870967742,0.0,0.0,0.0,2.6845439396134703
2024-04-12 06:00:00,2024-04-12,6,31,31,0.0,3.0492284198306523,0,6,0,207.03148,False,False,False,19.35483870967742,0.0,2.9443,0.0,0.10492841983065215
2024-04-12 07:00:00,2024-04-12,7,31,31,28.69,11.053380185867026,0,4,30,207.03148,False,True,False,12.903225806451612,28.69,18.8068,0.0,-7.7534198141329735
2024-04-12 18:00:00,2024-04-12,18,31,31,6.68,5.486417681719206,0,4,29,207.03148,False,True,False,12.903225806451612,6.68,7.554,0.0,-2.0675823182807944
2024-04-12 19:00:00,2024-04-12,19,31,31,0.0,2.6845439396134703,0,6,0,207.03148,False,False,False,19.35483870967742,0.0,0.0,0.0,2.6845439396134703
2024-04-13 06:00:00,2024-04-13,6,31,31,0.0,3.0492284198306523,0,6,0,207.03148,False,False,False,19.35483870967742,0.0,2.8429,0.0,0.2063284198306521
2024-04-13 07:00:00,2024-04-13,7,31,31,7.43,2.9055701058505092,0,6,28,207.03148,False,True,False,19.35483870967742,7.43,13.8828,0.0,-10.97722989414949
2024-04-13 18:00:00,2024-04-13,18,31,31,4.24,3.0872562445205896,0,6,21,207.03148,False,True,False,19.35483870967742,4.24,5.3929,0.0,-2.3056437554794105
2024-04-13 19:00:00,2024-04-13,19,31,31,0.0,2.6845439396134703,0,6,0,207.03148,False,False,False,19.35483870967742,0.0,0.0,0.0,2.6845439396134703
2024-04-14 06:00:00,2024-04-14,6,31,31,0.0,3.0492284198306523,0,6,0,207.03148,False,False,False,19.35483870967742,0.0,2.8089,0.0,0.24032841983065234
2024-04-14 07:00:00,2024-04-14,7,31,31,7.25,2.9055701058505092,0,6,28,207.03148,False,True,False,19.35483870967742,7.25,12.6849,0.0,-9.779329894149491
2024-04-14 18:00:00,2024-04-14,18,31,31,3.8899999999999997,2.8304623321121936,0,6,26,207.03148,False,True,False,19.35483870967742,3.89,4.6589,-4.440892098500626e-16,-1.8284376678878065
2024-04-14 19:00:00,2024-04-14,19,31,31,0.0,2.6845439396134703,0,6,0,207.03148,False,False,False,19.35483870967742,0.0,0.0,0.0,2.6845439396134703
2024-04-15 06:00:00,2024-04-15,6,31,31,0.0,3.0492284198306523,0,6,0,207.03148,False,False,False,19.35483870967742,0.0,3.0729,0.0,-0.023671580169347894
2024-04-15 07:00:00,2024-04-15,7,31,31,16.09,18.84505795190345,0,2,29,207.03148,False,True,False,6.451612903225806,16.09,21.8537,0.0,-3.008642048096551
2024-04-15 18:00:00,2024-04-15,18,31,31,7.07,10.224070795698532,0,2,29,207.03148,False,True,False,6.451612903225806,7.07,9.6031,0.0,0.6209707956985326
2024-04-15 19:00:00,2024-04-15,19,31,31,0.0,2.6845439396134703,0,6,0,207.03148,False,False,False,19.35483870967742,0.0,0.0,0.0,2.6845439396134703
2024-04-16 06:00:00,2024-04-16,6,31,31,0.0,3.0492284198306523,0,6,0,207.03148,False,False,False,19.35483870967742,0.0,3.1314,0.0,-0.08217158016934789
2024-04-16 07:00:00,2024-04-16,7,31,31,25.86,25.750323825681917,0,2,28,207.03148,False,True,False,6.451612903225806,25.86,27.1288,0.0,-1.378476174318081
2024-04-16 18:00:00,2024-04-16,18,31,31,10.97,10.080700502336866,0,2,29,207.03148,False,True,False,6.451612903225806,10.97,9.5125,0.0,0.5682005023368664
2024-04-16 19:00:00,2024-04-16,19,31,31,0.0,2.6845439396134703,0,6,0,207.03148,False,False,False,19.35483870967742,0.0,0.0,0.0,2.6845439396134703
2024-04-17 06:00:00,2024-04-17,6,31,31,0.0,3.0492284198306523,0,6,0,207.03148,False,False,False,19.35483870967742,0.0,3.0905,0.0,-0.04127158016934773
2024-04-17 07:00:00,2024-04-17,7,31,31,27.17,2.9055701058505092,0,6,30,207.03148,False,True,False,19.35483870967742,27.17,19.9126,0.0,-17.007029894149493
2024-04-17 18:00:00,2024-04-17,18,31,31,11.58,10.083530731817751,0,2,29,207.03148,False,True,False,6.451612903225806,11.58,9.5619,0.0,0.5216307318177513
2024-04-17 19:00:00,2024-04-17,19,31,31,0.0,2.6845439396134703,0,6,0,207.03148,False,False,False,19.35483870967742,0.0,0.0,0.0,2.6845439396134703
2024-04-18 06:00:00,2024-04-18,6,31,31,0.0,3.0492284198306523,0,6,0,207.03148,False,False,False,19.35483870967742,0.0,3.2337,0.0,-0.1844715801693475
2024-04-18 07:00:00,2024-04-18,7,31,31,32.15,27.830512717883344,0,2,30,207.03148,False,True,False,6.451612903225806,32.15,28.9121,0.0,-1.0815872821166543
2024-04-18 18:00:00,2024-04-18,18,31,31,7.39,10.782676278337597,0,2,29,207.03148,False,True,False,6.451612903225806,7.39,10.048,0.0,0.7346762783375969
2024-04-18 19:00:00,2024-04-18,19,31,31,0.0,2.6845439396134703,0,6,0,207.03148,False,False,False,19.35483870967742,0.0,0.0,0.0,2.6845439396134703
2024-04-19 06:00:00,2024-04-19,6,31,31,0.0,3.0492284198306523,0,6,0,207.03148,False,False,False,19.35483870967742,0.0,3.1704,0.0,-0.12117158016934759
2024-04-19 07:00:00,2024-04-19,7,31,31,26.88,23.54393163878695,0,2,29,207.03148,False,True,False,6.451612903225806,26.88,25.3368,0.0,-1.7928683612130492
2024-04-19 18:00:00,2024-04-19,18,31,31,1.7300000000000002,2.8304623321121936,0,6,12,207.03148,False,True,False,19.35483870967742,1.73,4.6298,2.220446049250313e-16,-1.7993376678878068
2024-04-19 19:00:00,2024-04-19,19,31,31,0.0,2.6845439396134703,0,6,0,207.03148,False,False,False,19.35483870967742,0.0,0.0,0.0,2.6845439396134703
2024-04-20 06:00:00,2024-04-20,6,31,31,0.0,3.0492284198306523,0,6,0,207.03148,False,False,False,19.35483870967742,0.0,3.0489,0.0,0.0003284198306521269
2024-04-20 07:00:00,2024-04-20,7,31,31,8.85,3.4695132141265796,0,6,29,207.03148,False,True,False,19.35483870967742,8.85,19.1368,0.0,-15.667286785873422
2024-04-20 18:00:00,2024-04-20,18,31,31,8.17,10.019498025224676,0,2,30,207.03148,False,True,False,6.451612903225806,8.17,9.4209,0.0,0.5985980252246765
2024-04-20 19:00:00,2024-04-20,19,31,31,0.0,2.6845439396134703,0,6,0,207.03148,False,False,False,19.35483870967742,0.0,0.0,0.0,2.6845439396134703
2024-04-21 06:00:00,2024-04-21,6,31,31,0.0,3.0492284198306523,0,6,0,207.03148,False,False,False,19.35483870967742,0.0,3.1228,0.0,-0.0735715801693475
2024-04-21 07:00:00,2024-04-21,7,31,31,17.57,18.225175887784253,0,2,29,207.03148,False,True,False,6.451612903225806,17.57,20.5591,0.0,-2.3339241122157475
2024-04-21 18:00:00,2024-04-21,18,31,31,9.9,10.379147229329247,0,2,29,207.03148,False,True,False,6.451612903225806,9.9,9.244,0.0,1.135147229329247
2024-04-21 19:00:00,2024-04-21,19,31,31,0.0,2.6845439396134703,0,6,0,207.03148,False,False,False,19.35483870967742,0.0,0.0,0.0,2.6845439396134703
2024-04-22 06:00:00,2024-04-22,6,31,31,0.0,3.0492284198306523,0,6,0,207.03148,False,False,False,19.35483870967742,0.0,3.192,0.0,-0.14277158016934788
2024-04-22 07:00:00,2024-04-22,7,31,31,24.79,24.82441285429107,0,2,30,207.03148,False,True,False,6.451612903225806,24.79,27.1402,0.0,-2.3157871457089314
2024-04-22 18:00:00,2024-04-22,18,31,31,8.82,9.9356273435696,0,2,29,207.03148,False,True,False,6.451612903225806,8.82,9.578,0.0,0.35762734356960024
2024-04-22 19:00:00,2024-04-22,19,31,31,0.0,2.6845439396134703,0,6,0,207.03148,False,False,False,19.35483870967742,0.0,0.0,0.0,2.6845439396134703
2024-04-23 06:00:00,2024-04-23,6,31,31,0.0,3.0492284198306523,0,6,0,207.03148,False,False,False,19.35483870967742,0.0,3.0211,0.0,0.028128419830652174
2024-04-23 07:00:00,2024-04-23,7,31,31,16.48,2.9055701058505092,0,6,29,207.03148,False,True,False,19.35483870967742,16.48,17.0663,0.0,-14.160729894149489
2024-04-23 18:00:00,2024-04-23,18,31,31,8.32,10.974879668596191,0,2,29,207.03148,False,True,False,6.451612903225806,8.32,10.4902,0.0,0.4846796685961916
2024-04-23 19:00:00,2024-04-23,19,31,31,0.0,2.6845439396134703,0,6,0,207.03148,False,False,False,19.35483870967742,0.0,0.0,0.0,2.6845439396134703
2024-04-24 06:00:00,2024-04-24,6,31,31,0.0,3.0492284198306523,0,6,0,207.03148,False,False,False,19.35483870967742,0.0,3.4239,0.0,-0.3746715801693479
2024-04-24 07:00:00,2024-04-24,7,31,31,36.56,28.002058210515994,0,2,28,207.03148,False,True,False,6.451612903225806,36.56,30.2952,0.0,-2.2931417894840074
2024-04-24 18:00:00,2024-04-24,18,31,31,8.31,11.693744542075903,0,2,28,207.03148,False,True,False,6.451612903225806,8.31,11.0395,0.0,0.6542445420759027
2024-04-24 19:00:00,2024-04-24,19,31,31,1.52,2.6845439396134703,0,6,4,207.03148,False,True,False,19.35483870967742,1.52,0.0,0.0,2.6845439396134703
2024-04-25 06:00:00,2024-04-25,6,31,31,8.21,3.0492284198306523,0,6,24,207.03148,False,True,False,19.35483870967742,8.21,3.5022,0.0,-0.4529715801693479
2024-04-25 07:00:00,2024-04-25,7,31,31,35.0,27.82447262046347,0,2,27,207.03148,False,True,False,6.451612903225806,35.0,29.7119,0.0,-1.887427379536529
2024-04-25 18:00:00,2024-04-25,18,31,31,8.55,11.108556381033212,0,2,26,207.03148,False,True,False,6.451612903225806,8.55,10.5622,0.0,0.5463563810332115
2024-04-25 19:00:00,2024-04-25,19,31,31,1.65,2.6845439396134703,0,6,4,207.03148,False,True,False,19.35483870967742,1.65,0.0,0.0,2.6845439396134703
2024-04-26 06:00:00,2024-04-26,6,31,31,8.32,3.0492284198306523,0,6,24,207.03148,False,True,False,19.35483870967742,8.32,3.4838,0.0,-0.4345715801693477
2024-04-26 07:00:00,2024-04-26,7,31,31,36.75,26.690094556750477,0,2,28,207.03148,False,True,False,6.451612903225806,36.75,29.106,0.0,-2.4159054432495246
2024-04-26 18:00:00,2024-04-26,18,31,31,8.44,11.372115717671274,0,2,27,207.03148,False,True,False,6.451612903225806,8.44,10.842600000000001,0.0,0.5295157176712735
2024-04-26 19:00:00,2024-04-26,19,31,31,1.55,2.6845439396134703,0,6,4,207.03148,False,True,False,19.35483870967742,1.55,0.0,0.0,2.6845439396134703
2024-04-27 06:00:00,2024-04-27,6,31,31,5.16,3.0492284198306523,0,6,20,207.03148,False,True,False,19.35483870967742,5.16,3.459,0.0,-0.4097715801693478
2024-04-27 07:00:00,2024-04-27,7,31,31,19.98,25.36790829613345,0,2,28,207.03148,False,True,False,6.451612903225806,19.98,28.647100000000002,0.0,-3.2791917038665517
2024-04-27 18:00:00,2024-04-27,18,31,31,8.82,11.70623896367933,0,2,27,207.03148,False,True,False,6.451612903225806,8.82,11.1275,0.0,0.5787389636793296
2024-04-27 19:00:00,2024-04-27,19,31,31,1.57,2.6845439396134703,0,6,4,207.03148,False,True,False,19.35483870967742,1.57,0.0,0.0,2.6845439396134703
2024-04-28 06:00:00,2024-04-28,6,31,31,4.89,3.0492284198306523,0,6,23,207.03148,False,True,False,19.35483870967742,4.89,3.0726,0.0,-0.023371580169347705
2024-04-28 07:00:00,2024-04-28,7,31,31,17.58,2.9055701058505092,0,6,28,207.03148,False,True,False,19.35483870967742,17.58,16.0785,0.0,-13.172929894149489
2024-04-28 18:00:00,2024-04-28,18,31,31,3.83,2.8304623321121936,0,6,22,207.03148,False,True,False,19.35483870967742,3.83,5.1837,0.0,-2.3532376678878064
2024-04-28 19:00:00,2024-04-28,19,31,31,1.5,2.6845439396134703,0,6,2,207.03148,False,True,False,19.35483870967742,1.5,0.0,0.0,2.6845439396134703
2024-04-29 06:00:00,2024-04-29,6,31,31,9.26,3.0492284198306523,0,6,25,207.03148,False,True,False,19.35483870967742,9.26,3.5242,0.0,-0.4749715801693477
2024-04-29 07:00:00,2024-04-29,7,31,31,36.480000000000004,27.28101893288892,0,2,27,207.03148,False,True,False,6.451612903225806,36.48,29.5159,7.105427357601002e-15,-2.234881067111079
2024-04-29 18:00:00,2024-04-29,18,31,31,6.890000000000001,11.567586040319568,0,2,27,207.03148,False,True,False,6.451612903225806,6.89,11.1708,8.881784197001252e-16,0.39678604031956866
2024-04-29 19:00:00,2024-04-29,19,31,31,0.06,2.6845439396134703,0,6,4,207.03148,False,True,False,19.35483870967742,0.06,0.0,0.0,2.6845439396134703
2024-04-30 06:00:00,2024-04-30,6,31,31,1.07,3.0492284198306523,0,6,16,207.03148,False,True,False,19.35483870967742,1.07,3.1595,0.0,-0.11027158016934768
2024-04-30 07:00:00,2024-04-30,7,31,31,10.67,9.532194641749275,0,4,27,207.03148,False,True,False,12.903225806451612,10.67,19.1732,0.0,-9.641005358250727
2024-04-30 18:00:00,2024-04-30,18,31,31,2.89,5.853165809542268,0,3,26,207.03148,False,True,False,9.67741935483871,2.89,8.2135,0.0,-2.360334190457732
2024-04-30 19:00:00,2024-04-30,19,31,31,0.09,2.6845439396134703,0,6,3,207.03148,False,True,False,19.35483870967742,0.09,0.0,0.0,2.6845439396134703
2024-05-01 06:00:00,2024-05-01,6,31,31,8.58,3.0492284198306523,0,6,24,207.03148,False,True,False,19.35483870967742,8.58,3.5683,0.0,-0.5190715801693475
2024-05-01 07:00:00,2024-05-01,7,31,31,34.58,25.643386164274435,0,2,28,207.03148,False,True,False,6.451612903225806,34.58,29.0679,0.0,-3.4245138357255662
2024-05-01 18:00:00,2024-05-01,18,31,31,7.57,12.316383403591686,0,2,29,207.03148,False,True,False,6.451612903225806,7.57,12.067,0.0,0.2493834035916862
2024-05-01 19:00:00,2024-05-01,19,31,31,0.12,2.6845439396134703,0,6,4,207.03148,False,True,False,19.35483870967742,0.12,0.0,0.0,2.6845439396134703
2024-05-02 06:00:00,2024-05-02,6,31,31,8.81,3.0492284198306523,0,6,26,207.03148,False,True,False,19.35483870967742,8.81,3.6007,0.0,-0.5514715801693475
2024-05-02 07:00:00,2024-05-02,7,31,31,40.06,30.56467362768229,0,2,29,207.03148,False,True,False,6.451612903225806,40.06,32.0616,0.0,-1.4969263723177093
2024-05-02 18:00:00,2024-05-02,18,31,31,8.07,12.28981901237569,0,2,29,207.03148,False,True,False,6.451612903225806,8.07,11.9648,0.0,0.3250190123756891
2024-05-02 19:00:00,2024-05-02,19,31,31,0.04,2.6845439396134703,0,6,3,207.03148,False,True,False,19.35483870967742,0.04,0.0,0.0,2.6845439396134703
2024-05-03 06:00:00,2024-05-03,6,31,31,7.6,3.0492284198306523,0,6,26,207.03148,False,True,False,19.35483870967742,7.6,3.5371,0.0,-0.48787158016934784
2024-05-03 07:00:00,2024-05-03,7,31,31,34.65,27.23049202979699,0,2,28,207.03148,False,True,False,6.451612903225806,34.65,29.2391,0.0,-2.008607970203009
2024-05-03 18:00:00,2024-05-03,18,31,31,7.8100000000000005,11.110771208030355,0,2,29,207.03148,False,True,False,6.451612903225806,7.8100000000000005,10.815,0.0,0.29577120803035584
2024-05-03 19:00:00,2024-05-03,19,31,31,0.09,2.6845439396134703,0,6,5,207.03148,False,True,False,19.35483870967742,0.09,0.0,0.0,2.6845439396134703
2024-05-04 06:00:00,2024-05-04,6,31,31,8.21,3.0492284198306523,0,6,26,207.03148,False,True,False,19.35483870967742,8.21,3.3301,0.0,-0.28087158016934755
2024-05-04 07:00:00,2024-05-04,7,31,31,31.29,22.819254005453598,0,2,29,207.03148,False,True,False,6.451612903225806,31.29,23.7945,0.0,-0.9752459945464018
2024-05-04 18:00:00,2024-05-04,18,31,31,1.42,2.8304623321121936,0,6,24,207.03148,False,True,False,19.35483870967742,1.42,4.9069,0.0,-2.0764376678878067
2024-05-04 19:00:00,2024-05-04,19,31,31,0.0,2.6845439396134703,0,6,0,207.03148,False,False,False,19.35483870967742,0.0,0.0,0.0,2.6845439396134703
2024-05-05 06:00:00,2024-05-05,6,31,31,0.33999999999999997,3.0492284198306523,0,6,8,207.03148,False,True,False,19.35483870967742,0.34,2.9818,-5.551115123125783e-17,0.06742841983065251
2024-05-05 07:00:00,2024-05-05,7,31,31,4.6,2.9055701058505092,0,6,28,207.03148,False,True,False,19.35483870967742,4.6,10.5265,0.0,-7.620929894149491
2024-05-05 18:00:00,2024-05-05,18,31,31,7.23,2.8304623321121936,0,6,28,207.03148,False,True,False,19.35483870967742,7.23,5.0447,0.0,-2.214237667887806
2024-05-05 19:00:00,2024-05-05,19,31,31,1.53,2.6845439396134703,0,6,4,207.03148,False,True,False,19.35483870967742,1.53,0.0,0.0,2.6845439396134703
2024-05-06 06:00:00,2024-05-06,6,31,31,5.5,3.0492284198306523,0,6,25,207.03148,False,True,False,19.35483870967742,5.5,3.4162,0.0,-0.3669715801693476
2024-05-06 07:00:00,2024-05-06,7,31,31,15.040000000000001,21.13370551980275,0,2,29,207.03148,False,True,False,6.451612903225806,15.04,25.0956,1.7763568394002505e-15,-3.9618944801972518
2024-05-06 18:00:00,2024-05-06,18,31,31,8.91,11.122617980237544,0,2,29,207.03148,False,True,False,6.451612903225806,8.91,10.8918,0.0,0.23081798023754452
2024-05-06 19:00:00,2024-05-06,19,31,31,0.08,2.6845439396134703,0,6,4,207.03148,False,True,False,19.35483870967742,0.08,0.0,0.0,2.6845439396134703
2024-05-07 06:00:00,2024-05-07,6,31,31,8.43,3.0492284198306523,0,6,26,207.03148,False,True,False,19.35483870967742,8.43,5.2488,0.0,-2.199571580169348
2024-05-07 07:00:00,2024-05-07,7,31,31,34.74,29.093281665943408,0,2,29,207.03148,False,True,False,6.451612903225806,34.74,30.5901,0.0,-1.4968183340565915
2024-05-07 18:00:00,2024-05-07,18,31,31,6.51,10.790963066326892,0,2,29,207.03148,False,True,False,6.451612903225806,6.51,10.6755,0.0,0.11546306632689252
2024-05-07 19:00:00,2024-05-07,19,31,31,1.22,2.6845439396134703,0,6,2,207.03148,False,True,False,19.35483870967742,1.22,0.0,0.0,2.6845439396134703
2024-05-08 06:00:00,2024-05-08,6,31,31,11.33,3.0492284198306523,0,6,26,207.03148,False,True,False,19.35483870967742,11.33,3.755,0.0,-0.7057715801693476
2024-05-08 07:00:00,2024-05-08,7,31,31,43.92,32.77466972419357,0,2,29,207.03148,False,True,False,6.451612903225806,43.92,34.169,0.0,-1.3943302758064249
2024-05-08 18:00:00,2024-05-08,18,31,31,10.36,13.033240107640921,0,2,29,207.03148,False,True,False,6.451612903225806,10.36,12.6636,0.0,0.3696401076409206
2024-05-08 19:00:00,2024-05-08,19,31,31,1.4200000000000002,2.6845439396134703,0,6,5,207.03148,False,True,False,19.35483870967742,1.42,0.0,2.220446049250313e-16,2.6845439396134703
2024-05-09 06:00:00,2024-05-09,6,31,31,12.21,3.0492284198306523,0,6,26,207.03148,False,True,False,19.35483870967742,12.21,5.3647,0.0,-2.3154715801693477
2024-05-09 07:00:00,2024-05-09,7,31,31,42.02,29.00134466340625,0,2,28,207.03148,False,True,False,6.451612903225806,42.02,30.2466,0.0,-1.2452553365937504
2024-05-09 18:00:00,2024-05-09,18,31,31,10.33,13.315146150441954,0,2,28,207.03148,False,True,False,6.451612903225806,10.33,12.9695,0.0,0.34564615044195435
2024-05-09 19:00:00,2024-05-09,19,31,31,1.39,2.6845439396134703,0,6,5,207.03148,False,True,False,19.35483870967742,1.3900000000000001,0.0,-2.220446049250313e-16,2.6845439396134703
2024-05-10 06:00:00,2024-05-10,6,31,31,11.49,3.0492284198306523,0,6,25,207.03148,False,True,False,19.35483870967742,11.49,5.5368,0.0,-2.487571580169348
2024-05-10 07:00:00,2024-05-10,7,31,31,42.18,32.72444134714426,0,2,28,207.03148,False,True,False,6.451612903225806,42.18,33.6209,0.0,-0.8964586528557419
2024-05-10 18:00:00,2024-05-10,18,31,31,10.08,12.841623278333252,0,2,28,207.03148,False,True,False,6.451612903225806,10.08,11.9629,0.0,0.8787232783332524
2024-05-10 19:00:00,2024-05-10,19,31,31,1.31,2.6845439396134703,0,6,7,207.03148,False,True,False,19.35483870967742,1.31,0.0,0.0,2.6845439396134703
2024-05-11 06:00:00,2024-05-11,6,31,31,5.38,3.0492284198306523,0,6,22,207.03148,False,True,False,19.35483870967742,5.38,3.1981,0.0,-0.14887158016934787
2024-05-11 07:00:00,2024-05-11,7,31,31,6.8100000000000005,2.9055701058505092,0,6,20,207.03148,False,True,False,19.35483870967742,6.8100000000000005,13.0833,0.0,-10.17772989414949
2024-05-11 18:00:00,2024-05-11,18,31,31,13.260000000000002,13.568771972169257,0,2,27,207.03148,False,True,False,6.451612903225806,13.26,12.7918,1.7763568394002505e-15,0.7769719721692567
2024-05-11 19:00:00,2024-05-11,19,31,31,1.34,2.6845439396134703,0,6,6,207.03148,False,True,False,19.35483870967742,1.34,0.0,0.0,2.6845439396134703
2024-05-12 06:00:00,2024-05-12,6,31,31,11.86,3.0492284198306523,0,6,25,207.03148,False,True,False,19.35483870967742,11.86,5.4809,0.0,-2.431671580169348
2024-05-12 07:00:00,2024-05-12,7,31,31,40.16,32.87597637351492,0,2,28,207.03148,False,True,False,6.451612903225806,40.16,34.7,0.0,-1.8240236264850793
2024-05-12 18:00:00,2024-05-12,18,31,31,10.879999999999999,13.401323499611932,0,2,28,207.03148,False,True,False,6.451612903225806,10.88,13.1314,-1.7763568394002505e-15,0.2699234996119326
2024-05-12 19:00:00,2024-05-12,19,31,31,1.3800000000000001,2.6845439396134703,0,6,5,207.03148,False,True,False,19.35483870967742,1.38,0.0,2.220446049250313e-16,2.6845439396134703
2024-05-13 06:00:00,2024-05-13,6,31,31,11.51,3.0492284198306523,0,6,25,207.03148,False,True,False,19.35483870967742,11.51,5.7403,0.0,-2.691071580169348
2024-05-13 07:00:00,2024-05-13,7,31,31,38.99,34.410661569537226,0,2,27,207.03148,False,True,False,6.451612903225806,38.99,35.6128,0.0,-1.2021384304627745
2024-05-13 18:00:00,2024-05-13,18,32,32,11.65,13.52212287997437,0,2,29,212.68148,False,True,False,6.25,11.65,13.3069,0.0,0.21522287997436962
2024-05-13 19:00:00,2024-05-13,19,32,32,1.9000000000000001,2.8446921240929623,0,6,9,212.68148,False,True,False,18.75,1.9,0.0,2.220446049250313e-16,2.8446921240929623
2024-05-14 06:00:00,2024-05-14,6,32,32,12.01,3.22518100892389,0,6,27,212.68148,False,True,False,18.75,12.01,5.9673,0.0,-2.7421189910761097
2024-05-14 07:00:00,2024-05-14,7,32,32,39.76,34.6538319653134,0,2,29,212.68148,False,True,False,6.25,39.76,35.9642,0.0,-1.3103680346865971
2024-05-14 18:00:00,2024-05-14,18,32,32,10.71,13.757692734444973,0,2,28,212.68148,False,True,False,6.25,10.71,13.5432,0.0,0.2144927344449723
2024-05-14 19:00:00,2024-05-14,19,32,32,1.4100000000000001,2.8446921240929623,0,6,10,212.68148,False,True,False,18.75,1.4100000000000001,0.0,0.0,2.8446921240929623
2024-05-15 06:00:00,2024-05-15,6,32,32,4.88,3.22518100892389,0,6,24,212.68148,False,True,False,18.75,4.88,5.5241,0.0,-2.2989189910761096
2024-05-15 07:00:00,2024-05-15,7,32,32,15.16,25.66097890975417,0,2,27,212.68148,False,True,False,6.25,15.16,31.4563,0.0,-5.795321090245828
2024-05-15 18:00:00,2024-05-15,18,32,32,12.19,14.216182294246327,0,2,29,212.68148,False,True,False,6.25,12.19,14.038,0.0,0.17818229424632648
2024-05-15 19:00:00,2024-05-15,19,32,32,1.5,2.8446921240929623,0,6,12,212.68148,False,True,False,18.75,1.5,0.0,0.0,2.8446921240929623
2024-05-16 06:00:00,2024-05-16,6,32,32,13.35,3.22518100892389,0,6,27,212.68148,False,True,False,18.75,13.35,6.2209,0.0,-2.99571899107611
2024-05-16 07:00:00,2024-05-16,7,32,32,43.01,37.19825577390803,0,2,29,212.68148,False,True,False,6.25,43.01,38.8019,0.0,-1.6036442260919728
2024-05-16 18:00:00,2024-05-16,18,32,32,12.8,13.32077212378387,0,2,28,212.68148,False,True,False,6.25,12.8,12.7241,0.0,0.5966721237838701
2024-05-16 19:00:00,2024-05-16,19,32,32,1.5099999999999998,2.8446921240929623,0,6,7,212.68148,False,True,False,18.75,1.51,0.0,-2.220446049250313e-16,2.8446921240929623
2024-05-17 06:00:00,2024-05-17,6,32,32,7.6899999999999995,3.22518100892389,0,6,27,212.68148,False,True,False,18.75,7.69,5.7069,-8.881784197001252e-16,-2.48171899107611
2024-05-17 07:00:00,2024-05-17,7,32,32,30.48,30.202649202509015,0,2,29,212.68148,False,True,False,6.25,30.48,32.7293,0.0,-2.526650797490987
2024-05-17 18:00:00,2024-05-17,18,32,32,11.24,12.977391920920372,0,2,28,212.68148,False,True,False,6.25,11.24,12.4435,0.0,0.5338919209203716
2024-05-17 19:00:00,2024-05-17,19,32,32,1.4400000000000002,2.8446921240929623,0,6,9,212.68148,False,True,False,18.75,1.44,0.0,2.220446049250313e-16,2.8446921240929623
2024-05-18 06:00:00,2024-05-18,6,32,32,4.5600000000000005,3.22518100892389,0,6,24,212.68148,False,True,False,18.75,4.5600000000000005,5.6119,0.0,-2.38671899107611
2024-05-18 07:00:00,2024-05-18,7,32,32,19.45,24.308386871264013,0,2,29,212.68148,False,True,False,6.25,19.45,28.4353,0.0,-4.126913128735989
2024-05-18 18:00:00,2024-05-18,18,32,32,6.75,12.196137228286236,0,2,28,212.68148,False,True,False,6.25,6.75,11.5591,0.0,0.6370372282862355
2024-05-18 19:00:00,2024-05-18,19,32,32,1.25,2.8446921240929623,0,6,4,212.68148,False,True,False,18.75,1.25,0.0,0.0,2.8446921240929623
2024-05-19 06:00:00,2024-05-19,6,32,32,13.06,3.22518100892389,0,6,27,212.68148,False,True,False,18.75,13.06,6.143,0.0,-2.9178189910761096
2024-05-19 07:00:00,2024-05-19,7,32,32,45.43,32.93055450834938,0,2,29,212.68148,False,True,False,6.25,45.43,34.9431,0.0,-2.01254549165062
2024-05-19 18:00:00,2024-05-19,18,32,32,11.04,13.315884033690972,0,2,29,212.68148,False,True,False,6.25,11.04,13.0559,0.0,0.2599840336909729
2024-05-19 19:00:00,2024-05-19,19,32,32,2.2,2.8446921240929623,0,6,7,212.68148,False,True,False,18.75,2.2,0.0,0.0,2.8446921240929623
2024-05-20 06:00:00,2024-05-20,6,32,32,4.47,3.22518100892389,0,6,22,212.68148,False,True,False,18.75,4.47,5.7614,0.0,-2.53621899107611
2024-05-20 07:00:00,2024-05-20,7,32,32,12.83,24.637430080066572,0,2,29,212.68148,False,True,False,6.25,12.83,30.485500000000002,0.0,-5.84806991993343
2024-05-20 18:00:00,2024-05-20,18,32,32,10.26,13.619901323680237,0,2,28,212.68148,False,True,False,6.25,10.26,13.4284,0.0,0.19150132368023698
2024-05-20 19:00:00,2024-05-20,19,32,32,1.8199999999999998,2.8446921240929623,0,6,16,212.68148,False,True,False,18.75,1.82,0.0,-2.220446049250313e-16,2.8446921240929623
2024-05-21 06:00:00,2024-05-21,6,32,32,6.11,3.22518100892389,0,6,27,212.68148,False,True,False,18.75,6.11,3.6023,0.0,-0.3771189910761099
2024-05-21 07:00:00,2024-05-21,7,32,32,14.92,3.0775603266629785,0,6,29,212.68148,False,True,False,18.75,14.92,19.2589,0.0,-16.18133967333702
2024-05-21 18:00:00,2024-05-21,18,32,32,12.129999999999999,12.80104109465656,0,2,28,212.68148,False,True,False,6.25,12.13,12.1824,-1.7763568394002505e-15,0.6186410946565601
2024-05-21 19:00:00,2024-05-21,19,32,32,1.54,2.8446921240929623,0,6,15,212.68148,False,True,False,18.75,1.54,0.0,0.0,2.8446921240929623
2024-05-22 06:00:00,2024-05-22,6,32,32,8.64,3.22518100892389,0,6,27,212.68148,False,True,False,18.75,8.64,5.9658,0.0,-2.7406189910761096
2024-05-22 07:00:00,2024-05-22,7,32,32,30.55,28.135298826029864,0,2,29,212.68148,False,True,False,6.25,30.55,30.4011,0.0,-2.265801173970136
2024-05-22 18:00:00,2024-05-22,18,32,32,11.959999999999999,13.882455270594132,0,2,29,212.68148,False,True,False,6.25,11.96,13.6859,-1.7763568394002505e-15,0.19655527059413203
2024-05-22 19:00:00,2024-05-22,19,32,32,1.98,2.8446921240929623,0,6,15,212.68148,False,True,False,18.75,1.98,0.0,0.0,2.8446921240929623
2024-05-23 06:00:00,2024-05-23,6,32,32,11.64,3.22518100892389,0,6,26,212.68148,False,True,False,18.75,11.64,6.1013,0.0,-2.87611899107611
2024-05-23 07:00:00,2024-05-23,7,32,32,31.42,32.99988328202765,0,2,29,212.68148,False,True,False,6.25,31.42,35.0984,0.0,-2.0985167179723447
2024-05-23 18:00:00,2024-05-23,18,32,32,11.93,14.055685283253933,0,2,29,212.68148,False,True,False,6.25,11.93,13.9861,0.0,0.06958528325393232
2024-05-23 19:00:00,2024-05-23,19,32,32,1.4500000000000002,2.8446921240929623,0,6,9,212.68148,False,True,False,18.75,1.45,0.0,2.220446049250313e-16,2.8446921240929623
2024-05-24 06:00:00,2024-05-24,6,32,32,12.64,3.22518100892389,0,6,26,212.68148,False,True,False,18.75,12.64,6.0696,0.0,-2.84441899107611
2024-05-24 07:00:00,2024-05-24,7,32,32,37.480000000000004,32.51449971530659,0,2,29,212.68148,False,True,False,6.25,37.48,34.6652,7.105427357601002e-15,-2.150700284693407
2024-05-24 18:00:00,2024-05-24,18,32,32,12.01,14.184357082914032,0,2,29,212.68148,False,True,False,6.25,12.01,14.1147,0.0,0.06965708291403239
2024-05-24 19:00:00,2024-05-24,19,32,32,1.69,2.8446921240929623,0,6,15,212.68148,False,True,False,18.75,1.69,0.0,0.0,2.8446921240929623
2024-05-25 06:00:00,2024-05-25,6,32,32,6.35,3.22518100892389,0,6,26,212.68148,False,True,False,18.75,6.35,5.518,0.0,-2.2928189910761096
2024-05-25 07:00:00,2024-05-25,7,32,32,17.509999999999998,18.07268783798857,0,2,29,212.68148,False,True,False,6.25,17.51,23.3097,-3.552713678800501e-15,-5.237012162011428
2024-05-25 18:00:00,2024-05-25,18,32,32,11.02,13.360354034329196,0,2,29,212.68148,False,True,False,6.25,11.02,13.3368,0.0,0.023554034329196227
2024-05-25 19:00:00,2024-05-25,19,32,32,1.67,2.8446921240929623,0,6,10,212.68148,False,True,False,18.75,1.67,0.0,0.0,2.8446921240929623
2024-05-26 06:00:00,2024-05-26,6,32,32,8.09,3.22518100892389,0,6,26,212.68148,False,True,False,18.75,8.09,5.2015,0.0,-1.97631899107611
2024-05-26 07:00:00,2024-05-26,7,32,32,10.66,16.183409032308756,0,3,25,212.68148,False,True,False,9.375,10.66,21.0917,0.0,-4.908290967691244
2024-05-26 18:00:00,2024-05-26,18,32,32,9.72,12.197110465638495,0,2,29,212.68148,False,True,False,6.25,9.72,11.4734,0.0,0.7237104656384954
2024-05-26 19:00:00,2024-05-26,19,32,32,1.5799999999999998,2.8446921240929623,0,6,11,212.68148,False,True,False,18.75,1.58,0.0,-2.220446049250313e-16,2.8446921240929623
2024-05-27 06:00:00,2024-05-27,6,32,32,12.17,3.22518100892389,0,6,27,212.68148,False,True,False,18.75,12.17,6.0239,0.0,-2.79871899107611
2024-05-27 07:00:00,2024-05-27,7,32,32,33.65,26.124450020079443,0,2,29,212.68148,False,True,False,6.25,33.65,29.6453,0.0,-3.5208499799205555
2024-05-27 18:00:00,2024-05-27,18,32,32,14.690000000000001,15.254128386120556,0,2,29,212.68148,False,True,False,6.25,14.69,15.1302,1.7763568394002505e-15,0.12392838612055534
2024-05-27 19:00:00,2024-05-27,19,32,32,2.11,2.8446921240929623,0,6,20,212.68148,False,True,False,18.75,2.11,0.0,0.0,2.8446921240929623
2024-05-28 06:00:00,2024-05-28,6,32,32,14.790000000000001,3.22518100892389,0,6,26,212.68148,False,True,False,18.75,14.79,6.4347,1.7763568394002505e-15,-3.20951899107611
2024-05-28 07:00:00,2024-05-28,7,32,32,45.68,37.8455746328755,0,2,28,212.68148,False,True,False,6.25,45.68,40.1742,0.0,-2.328625367124502
2024-05-28 18:00:00,2024-05-28,18,32,32,14.3,15.708605156533144,0,2,29,212.68148,False,True,False,6.25,14.3,15.6355,0.0,0.07310515653314376
2024-05-28 19:00:00,2024-05-28,19,32,32,2.02,2.8446921240929623,0,6,19,212.68148,False,True,False,18.75,2.02,0.0,0.0,2.8446921240929623
2024-05-29 06:00:00,2024-05-29,6,32,32,8.21,3.22518100892389,0,6,26,212.68148,False,True,False,18.75,8.21,6.4486,0.0,-3.2234189910761097
2024-05-29 07:00:00,2024-05-29,7,32,32,39.97,36.69455574025499,0,2,29,212.68148,False,True,False,6.25,39.97,38.6148,0.0,-1.9202442597450116
2024-05-29 18:00:00,2024-05-29,18,32,32,10.36,11.48996949259114,0,2,29,212.68148,False,True,False,6.25,10.36,11.3884,0.0,0.10156949259113901
2024-05-29 19:00:00,2024-05-29,19,32,32,1.34,2.8446921240929623,0,6,6,212.68148,False,True,False,18.75,1.34,0.0,0.0,2.8446921240929623
2024-05-30 06:00:00,2024-05-30,6,32,32,5.7,3.22518100892389,0,6,26,212.68148,False,True,False,18.75,5.7,3.2965,0.0,-0.07131899107610984
2024-05-30 07:00:00,2024-05-30,7,32,32,14.66,3.0775603266629785,0,6,29,212.68148,False,True,False,18.75,14.66,13.9226,0.0,-10.84503967333702
2024-05-30 18:00:00,2024-05-30,18,32,32,11.92,3.5610900870059163,0,6,28,212.68148,False,True,False,18.75,11.92,6.3675,0.0,-2.8064099129940834
2024-05-30 19:00:00,2024-05-30,19,32,32,4.4799999999999995,2.8446921240929623,0,6,13,212.68148,False,True,False,18.75,4.48,0.0,-8.881784197001252e-16,2.8446921240929623
2024-05-31 06:00:00,2024-05-31,6,32,32,14.44,3.22518100892389,0,6,26,212.68148,False,True,False,18.75,14.44,6.2504,0.0,-3.02521899107611
2024-05-31 07:00:00,2024-05-31,7,32,32,42.44,30.559270483264054,0,2,29,212.68148,False,True,False,6.25,42.44,32.8791,0.0,-2.319829516735947
2024-05-31 18:00:00,2024-05-31,18,32,32,12.549999999999999,11.993184913751996,0,2,28,212.68148,False,True,False,6.25,12.55,11.1711,-1.7763568394002505e-15,0.822084913751997
2024-05-31 19:00:00,2024-05-31,19,32,32,4.4399999999999995,2.8446921240929623,0,6,11,212.68148,False,True,False,18.75,4.44,0.0,-8.881784197001252e-16,2.8446921240929623
2024-06-01 06:00:00,2024-06-01,6,32,32,17.59,3.22518100892389,0,6,27,212.68148,False,True,False,18.75,17.59,6.1257,0.0,-2.90051899107611
2024-06-01 07:00:00,2024-06-01,7,32,32,45.38,35.14010247971064,0,2,29,212.68148,False,True,False,6.25,45.38,36.8765,0.0,-1.7363975202893585
2024-06-01 18:00:00,2024-06-01,18,32,32,14.75,13.903731336738625,0,2,29,212.68148,False,True,False,6.25,14.75,13.7844,0.0,0.11933133673862528
2024-06-01 19:00:00,2024-06-01,19,32,32,4.6899999999999995,2.8446921240929623,0,6,16,212.68148,False,True,False,18.75,4.69,0.0,-8.881784197001252e-16,2.8446921240929623
2024-06-02 06:00:00,2024-06-02,6,32,32,12.19,3.22518100892389,0,6,27,212.68148,False,True,False,18.75,12.19,6.2393,0.0,-3.01411899107611
2024-06-02 07:00:00,2024-06-02,7,32,32,40.87,34.091429569449154,0,2,29,212.68148,False,True,False,6.25,40.87,34.9224,0.0,-0.830970430550849
2024-06-02 18:00:00,2024-06-02,18,32,32,17.22,15.040124576577618,0,2,29,212.68148,False,True,False,6.25,17.22,14.1885,0.0,0.8516245765776187
2024-06-02 19:00:00,2024-06-02,19,32,32,5.199999999999999,2.8446921240929623,0,6,17,212.68148,False,True,False,18.75,5.2,0.0,-8.881784197001252e-16,2.8446921240929623
2024-06-03 06:00:00,2024-06-03,6,32,32,14.06,3.22518100892389,0,6,27,212.68148,False,True,False,18.75,14.06,6.4689,0.0,-3.2437189910761095
2024-06-03 07:00:00,2024-06-03,7,32,32,36.379999999999995,38.61763233023422,0,2,29,212.68148,False,True,False,6.25,36.38,39.8038,-7.105427357601002e-15,-1.18616766976578
2024-06-03 18:00:00,2024-06-03,18,32,32,14.64,16.88914577262327,0,2,29,212.68148,False,True,False,6.25,14.64,16.9617,0.0,-0.072554227376731
2024-06-03 19:00:00,2024-06-03,19,32,32,4.919999999999999,2.8446921240929623,0,6,18,212.68148,False,True,False,18.75,4.92,0.0,-8.881784197001252e-16,2.8446921240929623
2024-06-04 06:00:00,2024-06-04,6,32,32,16.27,3.22518100892389,0,6,27,212.68148,False,True,False,18.75,16.27,6.1801,0.0,-2.9549189910761102
2024-06-04 07:00:00,2024-06-04,7,32,32,27.78,28.417759776807934,0,2,29,212.68148,False,True,False,6.25,27.78,30.6116,0.0,-2.1938402231920655
2024-06-04 18:00:00,2024-06-04,18,32,32,12.64,11.97033468186229,0,2,30,212.68148,False,True,False,6.25,12.64,11.4909,0.0,0.47943468186229055
2024-06-04 19:00:00,2024-06-04,19,32,32,4.79,2.8446921240929623,0,6,16,212.68148,False,True,False,18.75,4.79,0.0,0.0,2.8446921240929623
2024-06-05 06:00:00,2024-06-05,6,32,32,12.4,3.22518100892389,0,6,28,212.68148,False,True,False,18.75,12.4,5.3071,0.0,-2.08191899107611
2024-06-05 07:00:00,2024-06-05,7,32,32,18.53,9.976627670046911,0,3,30,212.68148,False,True,False,9.375,18.53,20.1599,0.0,-10.18327232995309
2024-06-05 18:00:00,2024-06-05,18,32,32,15.459999999999999,3.957989055726132,0,5,30,212.68148,False,True,False,15.625,15.46,6.9155,-1.7763568394002505e-15,-2.9575109442738676
2024-06-05 19:00:00,2024-06-05,19,32,32,5.45,2.8446921240929623,0,6,16,212.68148,False,True,False,18.75,5.45,0.17250000000000001,0.0,2.6721921240929625
2024-06-06 06:00:00,2024-06-06,6,32,32,15.17,3.22518100892389,0,6,27,212.68148,False,True,False,18.75,15.17,6.2317,0.0,-3.00651899107611
2024-06-06 07:00:00,2024-06-06,7,32,32,37.96,33.16023119230892,0,2,30,212.68148,False,True,False,6.25,37.96,34.8294,0.0,-1.6691688076910793
2024-06-06 18:00:00,2024-06-06,18,32,32,16.38,14.08262344595216,0,2,30,212.68148,False,True,False,6.25,16.38,13.3157,0.0,0.7669234459521608
2024-06-06 19:00:00,2024-06-06,19,32,32,5.23,2.8446921240929623,0,6,20,212.68148,False,True,False,18.75,5.23,0.32730000000000004,0.0,2.517392124092962
2024-06-07 06:00:00,2024-06-07,6,32,32,10.35,3.22518100892389,0,6,28,212.68148,False,True,False,18.75,10.35,5.7619,0.0,-2.5367189910761097
2024-06-07 07:00:00,2024-06-07,7,32,32,22.24,8.591514328737452,0,4,30,212.68148,False,True,False,12.5,22.24,23.172,0.0,-14.580485671262549
2024-06-07 18:00:00,2024-06-07,18,32,32,16.44,14.760018186827708,0,2,30,212.68148,False,True,False,6.25,16.44,14.2915,0.0,0.4685181868277084
2024-06-07 19:00:00,2024-06-07,19,32,32,5.83,2.8446921240929623,0,6,27,212.68148,False,True,False,18.75,5.83,0.5516,0.0,2.2930921240929623
2024-06-08 06:00:00,2024-06-08,6,32,32,17.02,3.22518100892389,0,6,28,212.68148,False,True,False,18.75,17.02,6.2225,0.0,-2.99731899107611
2024-06-08 07:00:00,2024-06-08,7,32,32,38.12,35.14826858320245,0,2,30,212.68148,False,True,False,6.25,38.12,35.9865,0.0,-0.838231416797548
2024-06-08 18:00:00,2024-06-08,18,32,32,11.94,12.643947951825117,0,2,30,212.68148,False,True,False,6.25,11.94,12.0011,0.0,0.642847951825118
2024-06-08 19:00:00,2024-06-08,19,32,32,4.63,2.8446921240929623,0,6,16,212.68148,False,True,False,18.75,4.63,0.9879,0.0,1.8567921240929623
2024-06-09 06:00:00,2024-06-09,6,32,32,13.99,3.22518100892389,0,6,28,212.68148,False,True,False,18.75,13.99,5.8893,0.0,-2.6641189910761103
2024-06-09 07:00:00,2024-06-09,7,32,32,32.06,28.20363892418403,0,2,30,212.68148,False,True,False,6.25,32.06,30.8838,0.0,-2.6801610758159704
2024-06-09 18:00:00,2024-06-09,18,32,32,16.66,15.571083580617602,0,2,30,212.68148,False,True,False,6.25,16.66,13.6739,0.0,1.897183580617602
2024-06-09 19:00:00,2024-06-09,19,32,32,5.49,2.8446921240929623,0,6,18,212.68148,False,True,False,18.75,5.49,1.1402,0.0,1.7044921240929622
2024-06-10 06:00:00,2024-06-10,6,32,32,14.27,3.22518100892389,0,6,28,212.68148,False,True,False,18.75,14.27,6.3036,0.0,-3.07841899107611
2024-06-10 07:00:00,2024-06-10,7,32,32,37.2,36.25802352902922,0,2,30,212.68148,False,True,False,6.25,37.2,37.9042,0.0,-1.6461764709707865
2024-06-10 18:00:00,2024-06-10,18,32,32,13.83,13.972331921224066,0,2,30,212.68148,False,True,False,6.25,13.83,13.645,0.0,0.32733192122406685
2024-06-10 19:00:00,2024-06-10,19,32,32,5.08,2.8446921240929623,0,6,21,212.68148,False,True,False,18.75,5.08,4.4871,0.0,-1.6424078759070375
2024-06-11 06:00:00,2024-06-11,6,32,32,13.52,3.22518100892389,0,6,28,212.68148,False,True,False,18.75,13.52,5.9047,0.0,-2.67951899107611
2024-06-11 07:00:00,2024-06-11,7,32,32,37.35,28.854187665685867,0,2,30,212.68148,False,True,False,6.25,37.35,30.8848,0.0,-2.0306123343141316
2024-06-11 18:00:00,2024-06-11,18,32,32,16.87,16.7824306379958,0,2,30,212.68148,False,True,False,6.25,16.87,17.1104,0.0,-0.3279693620041968
2024-06-11 19:00:00,2024-06-11,19,32,32,5.52,2.8446921240929623,0,6,23,212.68148,False,True,False,18.75,5.52,4.8205,0.0,-1.9758078759070377
2024-06-12 06:00:00,2024-06-12,6,32,32,11.94,3.22518100892389,0,6,28,212.68148,False,True,False,18.75,11.94,6.207,0.0,-2.9818189910761097
2024-06-12 07:00:00,2024-06-12,7,32,32,33.24,33.0213107739754,0,2,30,212.68148,False,True,False,6.25,33.24,34.3092,0.0,-1.2878892260245962
2024-06-12 18:00:00,2024-06-12,18,32,32,16.12,14.83458856061857,0,2,30,212.68148,False,True,False,6.25,16.12,15.1279,0.0,-0.29331143938143
2024-06-12 19:00:00,2024-06-12,19,32,32,5.56,2.8446921240929623,0,6,19,212.68148,False,True,False,18.75,5.5600000000000005,5.0683,-8.881784197001252e-16,-2.2236078759070375
2024-06-13 06:00:00,2024-06-13,6,32,32,15.649999999999999,3.22518100892389,0,6,27,212.68148,False,True,False,18.75,15.65,6.3663,-1.7763568394002505e-15,-3.1411189910761097
2024-06-13 07:00:00,2024-06-13,7,32,32,37.61,35.802324195045664,0,2,29,212.68148,False,True,False,6.25,37.61,36.9563,0.0,-1.1539758049543352
2024-06-13 18:00:00,2024-06-13,18,32,32,15.4,14.656708495309546,0,2,29,212.68148,False,True,False,6.25,15.4,14.9325,0.0,-0.2757915046904529
2024-06-13 19:00:00,2024-06-13,19,32,32,5.199999999999999,2.8446921240929623,0,6,20,212.68148,False,True,False,18.75,5.2,5.19,-8.881784197001252e-16,-2.345307875907038
2024-06-14 06:00:00,2024-06-14,6,32,32,14.38,3.22518100892389,0,6,27,212.68148,False,True,False,18.75,14.38,6.1492,0.0,-2.9240189910761103
2024-06-14 07:00:00,2024-06-14,7,32,32,36.86,27.828211503128948,0,2,30,212.68148,False,True,False,6.25,36.86,29.3802,0.0,-1.5519884968710507
2024-06-14 18:00:00,2024-06-14,18,32,32,11.2,13.567254929554851,0,2,30,212.68148,False,True,False,6.25,11.2,13.3664,0.0,0.20085492955485051
2024-06-14 19:00:00,2024-06-14,19,32,32,4.27,2.8446921240929623,0,6,4,212.68148,False,True,False,18.75,4.27,5.2374,0.0,-2.3927078759070377
2024-06-15 06:00:00,2024-06-15,6,32,32,5.01,3.22518100892389,0,6,12,212.68148,False,True,False,18.75,5.01,6.108,0.0,-2.8828189910761095
2024-06-15 07:00:00,2024-06-15,7,32,32,16.24,24.883490317332626,0,2,30,212.68148,False,True,False,6.25,16.24,28.9688,0.0,-4.085309682667376
2024-06-15 18:00:00,2024-06-15,18,32,32,21.76,16.20355934451634,0,2,30,212.68148,False,True,False,6.25,21.76,16.3728,0.0,-0.1692406554836623
2024-06-15 19:00:00,2024-06-15,19,32,32,9.780000000000001,2.8446921240929623,0,6,24,212.68148,False,True,False,18.75,9.78,5.2654,1.7763568394002505e-15,-2.4207078759070373
2024-06-16 06:00:00,2024-06-16,6,32,32,16.4,3.22518100892389,0,6,27,212.68148,False,True,False,18.75,16.4,6.0273,0.0,-2.80211899107611
2024-06-16 07:00:00,2024-06-16,7,32,32,33.74,30.20258144387919,0,2,30,212.68148,False,True,False,6.25,33.74,31.8173,0.0,-1.6147185561208097
2024-06-16 18:00:00,2024-06-16,18,32,32,17.59,8.371973494260127,0,3,30,212.68148,False,True,False,9.375,17.59,10.6431,0.0,-2.2711265057398737
2024-06-16 19:00:00,2024-06-16,19,32,32,7.93,2.8446921240929623,0,6,21,212.68148,False,True,False,18.75,7.93,5.1514,0.0,-2.3067078759070374
2024-06-17 06:00:00,2024-06-17,6,32,32,10.549999999999999,3.22518100892389,0,6,25,212.68148,False,True,False,18.75,10.55,6.0528,-1.7763568394002505e-15,-2.8276189910761103
2024-06-17 07:00:00,2024-06-17,7,32,32,31.83,23.35230173069692,0,2,29,212.68148,False,True,False,6.25,31.83,28.4781,0.0,-5.125798269303083
2024-06-17 18:00:00,2024-06-17,18,32,32,30.5,17.943609002481345,0,2,30,212.68148,False,True,False,6.25,30.5,17.9742,0.0,-0.03059099751865446
2024-06-17 19:00:00,2024-06-17,19,32,32,17.88,2.8446921240929623,0,6,25,212.68148,False,True,False,18.75,17.88,5.3363,0.0,-2.4916078759070373
2024-06-18 06:00:00,2024-06-18,6,32,32,29.69,3.22518100892389,0,6,28,212.68148,False,True,False,18.75,29.69,6.7366,0.0,-3.51141899107611
2024-06-18 07:00:00,2024-06-18,7,32,32,50.64,39.60476345712105,0,2,30,212.68148,False,True,False,6.25,50.64,41.6027,0.0,-1.9979365428789464
2024-06-18 18:00:00,2024-06-18,18,32,32,25.669999999999998,13.9264971734343,0,2,30,212.68148,False,True,False,6.25,25.67,13.5347,-3.552713678800501e-15,0.39179717343429843
2024-06-18 19:00:00,2024-06-18,19,32,32,16.55,2.8446921240929623,0,6,17,212.68148,False,True,False,18.75,16.55,5.3946,0.0,-2.5499078759070373
2024-06-19 06:00:00,2024-06-19,6,32,32,23.93,3.22518100892389,0,6,27,212.68148,False,True,False,18.75,23.93,6.0267,0.0,-2.80151899107611
2024-06-19 07:00:00,2024-06-19,7,32,32,45.9,27.707208542714476,0,2,29,212.68148,False,True,False,6.25,45.9,29.5704,0.0,-1.8631914572855237
2024-06-19 18:00:00,2024-06-19,18,32,32,22.0,5.792156188339304,0,4,30,212.68148,False,True,False,12.5,22.0,8.6111,0.0,-2.818943811660697
2024-06-19 19:00:00,2024-06-19,19,32,32,16.189999999999998,2.8446921240929623,0,6,11,212.68148,False,True,False,18.75,16.19,5.0498,-3.552713678800501e-15,-2.205107875907038
2024-06-20 06:00:00,2024-06-20,6,32,32,18.21,3.22518100892389,0,6,24,212.68148,False,True,False,18.75,18.21,5.478,0.0,-2.2528189910761096
2024-06-20 07:00:00,2024-06-20,7,32,32,31.619999999999997,11.056358807500184,0,3,29,212.68148,False,True,False,9.375,31.62,22.8205,-3.552713678800501e-15,-11.764141192499816
2024-06-20 18:00:00,2024-06-20,18,32,32,30.13,17.30568649576195,0,2,30,212.68148,False,True,False,6.25,30.13,17.3122,0.0,-0.006513504238050416
2024-06-20 19:00:00,2024-06-20,19,32,32,17.55,2.8446921240929623,0,6,25,212.68148,False,True,False,18.75,17.55,5.3068,0.0,-2.4621078759070376
2024-06-21 06:00:00,2024-06-21,6,32,32,22.15,3.22518100892389,0,6,27,212.68148,False,True,False,18.75,22.15,6.0482,0.0,-2.8230189910761094
2024-06-21 07:00:00,2024-06-21,7,32,32,32.76,27.22830483159943,0,2,30,212.68148,False,True,False,6.25,32.76,29.3813,0.0,-2.152995168400569
2024-06-21 18:00:00,2024-06-21,18,32,32,18.72,2.9964391352391915,0,6,27,212.68148,False,True,False,18.75,18.72,5.9009,0.0,-2.9044608647608086
2024-06-21 19:00:00,2024-06-21,19,32,32,15.379999999999999,2.8446921240929623,0,6,7,212.68148,False,True,False,18.75,15.38,5.0658,-1.7763568394002505e-15,-2.221107875907038
2024-06-22 06:00:00,2024-06-22,6,32,32,18.7,3.22518100892389,0,6,25,212.68148,False,True,False,18.75,18.7,3.6027,0.0,-0.37751899107610987
2024-06-22 07:00:00,2024-06-22,7,32,32,25.85,3.8408311609341688,0,5,29,212.68148,False,True,False,15.625,25.85,20.9307,0.0,-17.089868839065833
2024-06-22 18:00:00,2024-06-22,18,32,32,29.97,14.316653858382185,0,2,30,212.68148,False,True,False,6.25,29.97,14.0502,0.0,0.26645385838218516
2024-06-22 19:00:00,2024-06-22,19,32,32,17.71,2.8446921240929623,0,6,17,212.68148,False,True,False,18.75,17.71,5.3779,0.0,-2.533207875907038
2024-06-23 06:00:00,2024-06-23,6,32,32,24.41,3.22518100892389,0,6,28,212.68148,False,True,False,18.75,24.41,5.9052,0.0,-2.6800189910761096
2024-06-23 07:00:00,2024-06-23,7,32,32,46.85,34.838392156730286,0,2,30,212.68148,False,True,False,6.25,46.85,35.9805,0.0,-1.142107843269713
2024-06-23 18:00:00,2024-06-23,18,32,32,28.53,16.05861117519989,0,2,30,212.68148,False,True,False,6.25,28.53,16.3055,0.0,-0.24688882480010932
2024-06-23 19:00:00,2024-06-23,19,32,32,18.78,2.8446921240929623,0,6,24,212.68148,False,True,False,18.75,18.78,5.4504,0.0,-2.605707875907038
2024-06-24 06:00:00,2024-06-24,6,32,32,25.75,3.22518100892389,0,6,28,212.68148,False,True,False,18.75,25.75,6.3257,0.0,-3.10051899107611
2024-06-24 07:00:00,2024-06-24,7,32,32,45.99,36.63023843191532,0,2,30,212.68148,False,True,False,6.25,45.99,37.221,0.0,-0.5907615680846732
2024-06-24 18:00:00,2024-06-24,18,32,32,24.3,16.51367278689397,0,2,30,212.68148,False,True,False,6.25,24.3,16.4052,0.0,0.10847278689396944
2024-06-24 19:00:00,2024-06-24,19,32,32,16.990000000000002,2.8446921240929623,0,6,22,212.68148,False,True,False,18.75,16.99,5.4406,3.552713678800501e-15,-2.5959078759070375
2024-06-25 06:00:00,2024-06-25,6,32,32,22.57,3.22518100892389,0,6,27,212.68148,False,True,False,18.75,22.57,6.2987,0.0,-3.07351899107611
2024-06-25 07:00:00,2024-06-25,7,32,32,43.33,31.90856228330706,0,2,30,212.68148,False,True,False,6.25,43.33,34.377,0.0,-2.468437716692943
2024-06-25 18:00:00,2024-06-25,18,32,32,32.36,18.269754973351475,0,2,30,212.68148,False,True,False,6.25,32.36,18.2046,0.0,0.06515497335147558
2024-06-25 19:00:00,2024-06-25,19,32,32,20.4,2.8446921240929623,0,6,26,212.68148,False,True,False,18.75,20.4,5.412,0.0,-2.5673078759070376
2024-06-26 06:00:00,2024-06-26,6,32,32,26.47,3.22518100892389,0,6,28,212.68148,False,True,False,18.75,26.47,6.4433,0.0,-3.2181189910761097
2024-06-26 07:00:00,2024-06-26,7,32,32,52.29,39.6348178196986,0,2,30,212.68148,False,True,False,6.25,52.29,40.2772,0.0,-0.6423821803014036
2024-06-26 18:00:00,2024-06-26,18,32,32,32.81,18.832742501655908,0,2,30,212.68148,False,True,False,6.25,32.81,18.6683,0.0,0.164442501655909
2024-06-26 19:00:00,2024-06-26,19,32,32,20.35,2.8446921240929623,0,6,27,212.68148,False,True,False,18.75,20.35,5.3558,0.0,-2.511107875907038
2024-06-27 06:00:00,2024-06-27,6,32,32,25.57,3.22518100892389,0,6,28,212.68148,False,True,False,18.75,25.57,5.7906,0.0,-2.5654189910761103
2024-06-27 07:00:00,2024-06-27,7,32,32,50.41,32.575034696818726,0,2,30,212.68148,False,True,False,6.25,50.41,33.5356,0.0,-0.9605653031812764
2024-06-27 18:00:00,2024-06-27,18,32,32,20.64,17.413665227523826,0,2,30,212.68148,False,True,False,6.25,20.64,17.4303,0.0,-0.01663477247617351
2024-06-27 19:00:00,2024-06-27,19,32,32,6.55,2.8446921240929623,0,6,28,212.68148,False,True,False,18.75,6.55,5.3484,0.0,-2.5037078759070375
2024-06-28 06:00:00,2024-06-28,6,32,32,11.5,3.22518100892389,0,6,28,212.68148,False,True,False,18.75,11.5,5.9107,0.0,-2.68551899107611
2024-06-28 07:00:00,2024-06-28,7,32,32,27.71,25.38534360298029,0,2,30,212.68148,False,True,False,6.25,27.71,28.1816,0.0,-2.796256397019711
2024-06-28 18:00:00,2024-06-28,18,32,32,18.65,14.479253790232487,0,2,30,212.68148,False,True,False,6.25,18.65,12.528,0.0,1.951253790232487
2024-06-28 19:00:00,2024-06-28,19,32,32,7.959999999999999,2.8446921240929623,0,6,25,212.68148,False,True,False,18.75,7.96,5.1719,-8.881784197001252e-16,-2.3272078759070376
2024-06-29 06:00:00,2024-06-29,6,32,32,6.429999999999999,3.22518100892389,0,6,23,212.68148,False,True,False,18.75,6.43,3.2337,-8.881784197001252e-16,-0.00851899107610965
2024-06-29 07:00:00,2024-06-29,7,32,32,9.71,3.0775603266629785,0,6,30,212.68148,False,True,False,18.75,9.71,12.7933,0.0,-9.715739673337023
2024-06-29 18:00:00,2024-06-29,18,32,32,10.98,3.2302027384302647,0,6,29,212.68148,False,True,False,18.75,10.98,6.3764,0.0,-3.1461972615697356
2024-06-29 19:00:00,2024-06-29,19,32,32,5.06,2.8446921240929623,0,6,16,212.68148,False,True,False,18.75,5.06,5.0311,0.0,-2.186407875907038
2024-06-30 06:00:00,2024-06-30,6,32,32,14.049999999999999,3.22518100892389,0,6,28,212.68148,False,True,False,18.75,14.05,5.9601,-1.7763568394002505e-15,-2.7349189910761096
2024-06-30 07:00:00,2024-06-30,7,32,32,43.44,30.724124619211203,0,2,30,212.68148,False,True,False,6.25,43.44,32.1356,0.0,-1.4114753807887936
2024-06-30 18:00:00,2024-06-30,18,32,32,20.99,16.750318571657317,0,2,29,212.68148,False,True,False,6.25,20.99,17.151,0.0,-0.4006814283426827
2024-06-30 19:00:00,2024-06-30,19,32,32,8.23,2.8446921240929623,0,6,26,212.68148,False,True,False,18.75,8.23,5.4119,0.0,-2.567207875907038
2024-07-01 06:00:00,2024-07-01,6,32,32,14.01,3.22518100892389,0,6,28,212.68148,False,True,False,18.75,14.01,5.8527000000000005,0.0,-2.6275189910761103
2024-07-01 07:00:00,2024-07-01,7,32,32,37.98,27.777771189349235,0,2,30,212.68148,False,True,False,6.25,37.98,28.7832,0.0,-1.0054288106507663
2024-07-01 18:00:00,2024-07-01,18,32,32,13.78,12.500970835680942,0,2,29,212.68148,False,True,False,6.25,13.78,11.9777,0.0,0.5232708356809415
2024-07-01 19:00:00,2024-07-01,19,32,32,6.289999999999999,2.8446921240929623,0,6,13,212.68148,False,True,False,18.75,6.29,5.4288,-8.881784197001252e-16,-2.5841078759070375
2024-07-02 06:00:00,2024-07-02,6,32,32,7.09,3.22518100892389,0,6,23,212.68148,False,True,False,18.75,7.09,3.0091,0.0,0.21608100892389004
2024-07-02 07:00:00,2024-07-02,7,32,32,13.55,3.0775603266629785,0,6,29,212.68148,False,True,False,18.75,13.55,10.0707,0.0,-6.993139673337022
2024-07-02 18:00:00,2024-07-02,18,32,32,19.8,14.019059974198491,0,2,30,212.68148,False,True,False,6.25,19.8,13.4138,0.0,0.605259974198491
2024-07-02 19:00:00,2024-07-02,19,32,32,6.07,2.8446921240929623,0,6,26,212.68148,False,True,False,18.75,6.07,5.3911999999999995,0.0,-2.546507875907037
2024-07-03 06:00:00,2024-07-03,6,32,32,13.48,3.22518100892389,0,6,26,212.68148,False,True,False,18.75,13.48,6.0374,0.0,-2.8122189910761097
2024-07-03 07:00:00,2024-07-03,7,32,32,35.74,32.00726300789808,0,2,28,212.68148,False,True,False,6.25,35.74,32.0069,0.0,0.00036300789808052514
2024-07-03 18:00:00,2024-07-03,18,32,32,21.18,16.062624974299787,0,2,27,212.68148,False,True,False,6.25,21.18,16.3563,0.0,-0.29367502570021387
2024-07-03 19:00:00,2024-07-03,19,32,32,8.91,2.8446921240929623,0,6,25,212.68148,False,True,False,18.75,8.91,5.4331,0.0,-2.5884078759070372
2024-07-04 06:00:00,2024-07-04,6,32,32,9.51,3.22518100892389,0,6,25,212.68148,False,True,False,18.75,9.51,5.2724,0.0,-2.04721899107611
2024-07-04 07:00:00,2024-07-04,7,32,32,25.009999999999998,16.827920670148167,0,4,28,212.68148,False,True,False,12.5,25.01,22.1389,-3.552713678800501e-15,-5.310979329851833
2024-07-04 18:00:00,2024-07-04,18,32,32,19.96,14.676532095976306,0,2,28,212.68148,False,True,False,6.25,19.96,13.9177,0.0,0.758832095976306
2024-07-04 19:00:00,2024-07-04,19,32,32,5.92,2.8446921240929623,0,6,23,212.68148,False,True,False,18.75,5.92,5.5544,0.0,-2.709707875907038
2024-07-05 06:00:00,2024-07-05,6,32,32,10.5,3.22518100892389,0,6,27,212.68148,False,True,False,18.75,10.5,5.9917,0.0,-2.7665189910761097
2024-07-05 07:00:00,2024-07-05,7,32,32,31.78,27.07915253881862,0,2,29,212.68148,False,True,False,6.25,31.78,27.9754,0.0,-0.8962474611813818
2024-07-05 18:00:00,2024-07-05,18,32,32,11.18,12.759137979737897,0,2,28,212.68148,False,True,False,6.25,11.18,12.5481,0.0,0.21103797973789717
2024-07-05 19:00:00,2024-07-05,19,32,32,6.75,2.8446921240929623,0,6,18,212.68148,False,True,False,18.75,6.75,5.7265,0.0,-2.8818078759070374
2024-07-06 06:00:00,2024-07-06,6,32,32,4.27,3.22518100892389,0,6,3,212.68148,False,True,False,18.75,4.27,5.5463000000000005,0.0,-2.3211189910761103
2024-07-06 07:00:00,2024-07-06,7,32,32,5.2299999999999995,3.0775603266629785,0,6,16,212.68148,False,True,False,18.75,5.23,14.6861,-8.881784197001252e-16,-11.60853967333702
2024-07-06 18:00:00,2024-07-06,18,32,32,16.21,14.25982424358738,0,2,29,212.68148,False,True,False,6.25,16.21,14.4736,0.0,-0.2137757564126197
2024-07-06 19:00:00,2024-07-06,19,32,32,5.46,2.8446921240929623,0,6,14,212.68148,False,True,False,18.75,5.46,5.6951,0.0,-2.8504078759070377
2024-07-07 06:00:00,2024-07-07,6,32,32,4.48,3.22518100892389,0,6,6,212.68148,False,True,False,18.75,4.48,5.0226,0.0,-1.7974189910761096
2024-07-07 07:00:00,2024-07-07,7,32,32,5.0,3.0775603266629785,0,6,11,212.68148,False,True,False,18.75,5.0,14.0287,0.0,-10.951139673337021
2024-07-07 18:00:00,2024-07-07,18,32,32,5.8999999999999995,11.38205330754936,0,2,22,212.68148,False,True,False,6.25,5.9,10.5493,-8.881784197001252e-16,0.8327533075493587
2024-07-07 19:00:00,2024-07-07,19,32,32,4.239999999999999,2.8446921240929623,0,6,3,212.68148,False,True,False,18.75,4.24,5.3436,-8.881784197001252e-16,-2.498907875907038
2024-07-08 06:00:00,2024-07-08,6,32,32,4.249999999999999,3.22518100892389,0,6,3,212.68148,False,True,False,18.75,4.25,3.1531000000000002,-8.881784197001252e-16,0.07208100892388991
2024-07-08 07:00:00,2024-07-08,7,32,32,5.029999999999999,3.0775603266629785,0,6,9,212.68148,False,True,False,18.75,5.03,12.6338,-8.881784197001252e-16,-9.556239673337021
2024-07-08 18:00:00,2024-07-08,18,32,32,10.36,2.9964391352391915,0,6,29,212.68148,False,True,False,18.75,10.36,6.0432,0.0,-3.046760864760808
2024-07-08 19:00:00,2024-07-08,19,32,32,5.49,2.8446921240929623,0,6,20,212.68148,False,True,False,18.75,5.49,5.2539,0.0,-2.4092078759070374
2024-07-09 06:00:00,2024-07-09,6,32,32,4.319999999999999,3.22518100892389,0,6,2,212.68148,False,True,False,18.75,4.32,3.2977,-8.881784197001252e-16,-0.0725189910761097
2024-07-09 07:00:00,2024-07-09,7,32,32,5.319999999999999,3.0775603266629785,0,6,15,212.68148,False,True,False,18.75,5.32,14.4193,-8.881784197001252e-16,-11.34173967333702
2024-07-09 18:00:00,2024-07-09,18,32,32,11.86,13.72680843000366,0,2,29,212.68148,False,True,False,6.25,11.86,12.7357,0.0,0.9911084300036599
2024-07-09 19:00:00,2024-07-09,19,32,32,5.03,2.8446921240929623,0,6,14,212.68148,False,True,False,18.75,5.03,5.2918,0.0,-2.447107875907038
2024-07-10 06:00:00,2024-07-10,6,32,32,7.3999999999999995,3.22518100892389,0,6,25,212.68148,False,True,False,18.75,7.4,5.3265,-8.881784197001252e-16,-2.10131899107611
2024-07-10 07:00:00,2024-07-10,7,32,32,24.11,23.6027213511214,0,2,29,212.68148,False,True,False,6.25,24.11,24.6152,0.0,-1.0124786488786022
2024-07-10 18:00:00,2024-07-10,18,32,32,16.54,14.59687804238492,0,2,28,212.68148,False,True,False,6.25,16.54,14.089,0.0,0.5078780423849203
2024-07-10 19:00:00,2024-07-10,19,32,32,5.12,2.8446921240929623,0,6,16,212.68148,False,True,False,18.75,5.12,5.526,0.0,-2.6813078759070375
2024-07-11 06:00:00,2024-07-11,6,32,32,6.71,3.22518100892389,0,6,24,212.68148,False,True,False,18.75,6.71,5.2286,0.0,-2.00341899107611
2024-07-11 07:00:00,2024-07-11,7,32,32,17.08,13.239407361860591,0,3,29,212.68148,False,True,False,9.375,17.08,22.2798,0.0,-9.04039263813941
2024-07-11 18:00:00,2024-07-11,18,32,32,19.23,15.90400659723417,0,2,29,212.68148,False,True,False,6.25,19.23,16.0975,0.0,-0.19349340276582971
2024-07-11 19:00:00,2024-07-11,19,32,32,8.05,2.8446921240929623,0,6,22,212.68148,False,True,False,18.75,8.05,5.5652,0.0,-2.7205078759070376
2024-07-12 06:00:00,2024-07-12,6,32,32,10.879999999999999,3.22518100892389,0,6,26,212.68148,False,True,False,18.75,10.88,5.6547,-1.7763568394002505e-15,-2.42951899107611
2024-07-12 07:00:00,2024-07-12,7,32,32,22.07,27.198494202983454,0,2,29,212.68148,False,True,False,6.25,22.07,27.7316,0.0,-0.533105797016546
2024-07-12 18:00:00,2024-07-12,18,32,32,18.74,15.406181918363847,0,2,29,212.68148,False,True,False,6.25,18.74,15.4987,0.0,-0.09251808163615216
2024-07-12 19:00:00,2024-07-12,19,32,32,5.94,2.8446921240929623,0,6,23,212.68148,False,True,False,18.75,5.94,5.4431,0.0,-2.598407875907038
2024-07-13 06:00:00,2024-07-13,6,32,32,11.34,3.22518100892389,0,6,27,212.68148,False,True,False,18.75,11.34,5.3319,0.0,-2.10671899107611
2024-07-13 07:00:00,2024-07-13,7,32,32,28.45,11.843215013199064,0,4,30,212.68148,False,True,False,12.5,28.45,20.523600000000002,0.0,-8.680384986800938
2024-07-13 18:00:00,2024-07-13,18,32,32,8.52,14.326827734252829,0,2,29,212.68148,False,True,False,6.25,8.52,14.0724,0.0,0.25442773425282894
2024-07-13 19:00:00,2024-07-13,19,32,32,4.319999999999999,2.8446921240929623,0,6,6,212.68148,False,True,False,18.75,4.32,5.4946,-8.881784197001252e-16,-2.649907875907038
2024-07-14 06:00:00,2024-07-14,6,32,32,9.76,3.22518100892389,0,6,27,212.68148,False,True,False,18.75,9.76,5.2908,0.0,-2.06561899107611
2024-07-14 07:00:00,2024-07-14,7,32,32,29.57,18.135171620726794,0,2,30,212.68148,False,True,False,6.25,29.57,21.5016,0.0,-3.3664283792732057
2024-07-14 18:00:00,2024-07-14,18,32,32,19.01,14.061940142822886,0,2,30,212.68148,False,True,False,6.25,19.01,13.987400000000001,0.0,0.0745401428228849
2024-07-14 19:00:00,2024-07-14,19,32,32,7.05,2.8446921240929623,0,6,20,212.68148,False,True,False,18.75,7.05,5.3449,0.0,-2.5002078759070376
2024-07-15 06:00:00,2024-07-15,6,32,32,8.17,3.22518100892389,0,6,24,212.68148,False,True,False,18.75,8.17,5.4843,0.0,-2.25911899107611
2024-07-15 07:00:00,2024-07-15,7,32,32,22.169999999999998,23.744623983834877,0,2,30,212.68148,False,True,False,6.25,22.17,25.2559,-3.552713678800501e-15,-1.511276016165123
2024-07-15 18:00:00,2024-07-15,18,32,32,11.25,4.012422385756428,0,5,28,212.68148,False,True,False,15.625,11.25,7.0752,0.0,-3.062777614243572
2024-07-15 19:00:00,2024-07-15,19,32,32,5.92,2.8446921240929623,0,6,12,212.68148,False,True,False,18.75,5.92,5.1348,0.0,-2.290107875907038
2024-07-16 06:00:00,2024-07-16,6,32,32,6.19,3.22518100892389,0,6,26,212.68148,False,True,False,18.75,6.19,4.8723,0.0,-1.64711899107611
2024-07-16 07:00:00,2024-07-16,7,32,32,13.989999999999998,3.0775603266629785,0,6,28,212.68148,False,True,False,18.75,13.99,15.1974,-1.7763568394002505e-15,-12.119839673337022
2024-07-16 18:00:00,2024-07-16,18,32,32,9.77,2.9964391352391915,0,6,26,212.68148,False,True,False,18.75,9.77,6.4412,0.0,-3.444760864760809
2024-07-16 19:00:00,2024-07-16,19,32,32,5.02,2.8446921240929623,0,6,18,212.68148,False,True,False,18.75,5.02,5.1399,0.0,-2.2952078759070376
2024-07-17 06:00:00,2024-07-17,6,32,32,4.27,3.22518100892389,0,6,3,212.68148,False,True,False,18.75,4.27,4.9163,0.0,-1.6911189910761095
2024-07-17 07:00:00,2024-07-17,7,32,32,5.159999999999999,3.7391326624238013,0,6,19,212.68148,False,True,False,18.75,5.16,14.815,-8.881784197001252e-16,-11.075867337576199
2024-07-17 18:00:00,2024-07-17,18,32,32,6.419999999999999,2.9964391352391915,0,6,25,212.68148,False,True,False,18.75,6.42,5.9647,-8.881784197001252e-16,-2.968260864760808
2024-07-17 19:00:00,2024-07-17,19,32,32,4.26,2.8446921240929623,0,6,4,212.68148,False,True,False,18.75,4.26,4.8701,0.0,-2.0254078759070375
2024-07-18 06:00:00,2024-07-18,6,32,32,6.9399999999999995,3.22518100892389,0,6,20,212.68148,False,True,False,18.75,6.94,3.3676,-8.881784197001252e-16,-0.14241899107610978
2024-07-18 07:00:00,2024-07-18,7,32,32,12.83,3.0775603266629785,0,6,29,212.68148,False,True,False,18.75,12.83,12.8254,0.0,-9.747839673337023
2024-07-18 18:00:00,2024-07-18,18,32,32,21.06,13.814117231844612,0,2,28,212.68148,False,True,False,6.25,21.06,12.900500000000001,0.0,0.9136172318446114
2024-07-18 19:00:00,2024-07-18,19,32,32,7.77,2.8446921240929623,0,6,23,212.68148,False,True,False,18.75,7.77,4.549,0.0,-1.704307875907038
2024-07-19 06:00:00,2024-07-19,6,33,33,4.25,3.4656283676254738,0,6,3,218.13148,False,True,False,18.181818181818183,4.25,5.467,0.0,-2.001371632374526
2024-07-19 07:00:00,2024-07-19,7,33,33,5.64,15.935575369214563,0,2,15,218.13148,False,True,False,6.0606060606060606,5.64,22.5482,0.0,-6.612624630785438
2024-07-19 18:00:00,2024-07-19,18,33,33,4.67,11.925093813454627,0,2,9,218.13148,False,True,False,6.0606060606060606,4.67,11.2564,0.0,0.6686938134546274
2024-07-19 19:00:00,2024-07-19,19,33,33,4.3,3.062057570363029,0,6,2,218.13148,False,True,False,18.181818181818183,4.3,1.3992,0.0,1.662857570363029
2024-07-20 06:00:00,2024-07-20,6,33,33,8.56,3.4656283676254738,0,6,25,218.13148,False,True,False,18.181818181818183,8.56,3.5145,0.0,-0.048871632374526186
2024-07-20 07:00:00,2024-07-20,7,33,33,20.27,3.3189367969470465,0,6,29,218.13148,False,True,False,18.181818181818183,20.27,16.384900000000002,0.0,-13.065963203052956
2024-07-20 18:00:00,2024-07-20,18,33,33,13.149999999999999,13.981291275616886,0,2,29,218.13148,False,True,False,6.0606060606060606,13.15,13.0148,-1.7763568394002505e-15,0.9664912756168871
2024-07-20 19:00:00,2024-07-20,19,33,33,5.57,3.062057570363029,0,6,20,218.13148,False,True,False,18.181818181818183,5.57,1.2259,0.0,1.836157570363029
2024-07-21 06:00:00,2024-07-21,6,33,33,10.87,3.4656283676254738,0,6,26,218.13148,False,True,False,18.181818181818183,10.87,5.8751,0.0,-2.409471632374526
2024-07-21 07:00:00,2024-07-21,7,33,33,37.1,30.26394669422132,0,2,30,218.13148,False,True,False,6.0606060606060606,37.1,26.5915,0.0,3.672446694221321
2024-07-21 18:00:00,2024-07-21,18,33,33,14.870000000000001,15.150978286871291,0,2,28,218.13148,False,True,False,6.0606060606060606,14.87,14.5134,1.7763568394002505e-15,0.6375782868712907
2024-07-21 19:00:00,2024-07-21,19,33,33,5.9799999999999995,3.062057570363029,0,6,21,218.13148,False,True,False,18.181818181818183,5.98,0.7188,-8.881784197001252e-16,2.343257570363029
2024-07-22 06:00:00,2024-07-22,6,33,33,9.33,3.4656283676254738,0,6,26,218.13148,False,True,False,18.181818181818183,9.33,5.6678,0.0,-2.202171632374526
2024-07-22 07:00:00,2024-07-22,7,33,33,32.32,6.572025701639944,0,6,29,218.13148,False,True,False,18.181818181818183,32.32,20.4041,0.0,-13.832074298360055
2024-07-22 18:00:00,2024-07-22,18,33,33,17.53,14.708113235228778,0,2,29,218.13148,False,True,False,6.0606060606060606,17.53,13.6731,0.0,1.035013235228778
2024-07-22 19:00:00,2024-07-22,19,33,33,5.79,3.062057570363029,0,6,16,218.13148,False,True,False,18.181818181818183,5.79,0.3584,0.0,2.703657570363029
2024-07-23 06:00:00,2024-07-23,6,33,33,8.29,3.4656283676254738,0,6,26,218.13148,False,True,False,18.181818181818183,8.29,5.8796,0.0,-2.413971632374526
2024-07-23 07:00:00,2024-07-23,7,33,33,17.85,27.063262549760747,0,2,29,218.13148,False,True,False,6.0606060606060606,17.85,28.1965,0.0,-1.1332374502392533
2024-07-23 18:00:00,2024-07-23,18,33,33,13.899999999999999,13.76371138490745,0,2,29,218.13148,False,True,False,6.0606060606060606,13.9,12.0951,-1.7763568394002505e-15,1.6686113849074502
2024-07-23 19:00:00,2024-07-23,19,33,33,5.359999999999999,3.062057570363029,0,6,10,218.13148,False,True,False,18.181818181818183,5.36,0.11910000000000001,-8.881784197001252e-16,2.942957570363029
2024-07-24 06:00:00,2024-07-24,6,33,33,9.67,3.4656283676254738,0,6,25,218.13148,False,True,False,18.181818181818183,9.67,5.8427,0.0,-2.377071632374526
2024-07-24 07:00:00,2024-07-24,7,33,33,33.12,27.17013096426666,0,2,30,218.13148,False,True,False,6.0606060606060606,33.12,24.9522,0.0,2.2179309642666603
2024-07-24 18:00:00,2024-07-24,18,33,33,23.87,15.792925488585979,0,2,31,218.13148,False,True,False,6.0606060606060606,23.87,15.1004,0.0,0.6925254885859786
2024-07-24 19:00:00,2024-07-24,19,33,33,5.92,3.062057570363029,0,6,19,218.13148,False,True,False,18.181818181818183,5.92,0.0,0.0,3.062057570363029
2024-07-25 06:00:00,2024-07-25,6,33,33,10.51,3.4656283676254738,0,6,26,218.13148,False,True,False,18.181818181818183,10.51,5.7313,0.0,-2.2656716323745263
2024-07-25 07:00:00,2024-07-25,7,33,33,35.57,28.01700974374805,0,2,30,218.13148,False,True,False,6.0606060606060606,35.57,28.1085,0.0,-0.09149025625194795
2024-07-25 18:00:00,2024-07-25,18,33,33,17.71,13.564168138095125,0,2,31,218.13148,False,True,False,6.0606060606060606,17.71,13.0443,0.0,0.5198681380951253
2024-07-25 19:00:00,2024-07-25,19,33,33,6.619999999999999,3.062057570363029,0,6,16,218.13148,False,True,False,18.181818181818183,6.62,0.0,-8.881784197001252e-16,3.062057570363029
2024-07-26 06:00:00,2024-07-26,6,33,33,11.68,3.4656283676254738,0,6,26,218.13148,False,True,False,18.181818181818183,11.68,5.6891,0.0,-2.223471632374526
2024-07-26 07:00:00,2024-07-26,7,33,33,31.64,25.2841194576623,0,2,30,218.13148,False,True,False,6.0606060606060606,31.64,26.4554,0.0,-1.1712805423377013
2024-07-26 18:00:00,2024-07-26,18,33,33,13.02,7.437520843047804,0,3,30,218.13148,False,True,False,9.090909090909092,13.02,10.3307,0.0,-2.893179156952196
2024-07-26 19:00:00,2024-07-26,19,33,33,6.609999999999999,3.062057570363029,0,6,22,218.13148,False,True,False,18.181818181818183,6.61,0.0,-8.881784197001252e-16,3.062057570363029
2024-07-27 06:00:00,2024-07-27,6,33,33,7.21,3.4656283676254738,0,6,18,218.13148,False,True,False,18.181818181818183,7.21,3.4603,0.0,0.005328367625473618
2024-07-27 07:00:00,2024-07-27,7,33,33,17.25,3.3189367969470465,0,6,29,218.13148,False,True,False,18.181818181818183,17.25,14.8602,0.0,-11.541263203052955
2024-07-27 18:00:00,2024-07-27,18,33,33,7.119999999999999,9.36106725570074,0,5,26,218.13148,False,True,False,15.151515151515152,7.12,8.1843,-8.881784197001252e-16,1.1767672557007405
2024-07-27 19:00:00,2024-07-27,19,33,33,4.31,3.062057570363029,0,6,4,218.13148,False,True,False,18.181818181818183,4.31,0.0,0.0,3.062057570363029
2024-07-28 06:00:00,2024-07-28,6,33,33,10.209999999999999,3.4656283676254738,0,6,25,218.13148,False,True,False,18.181818181818183,10.21,5.7079,-1.7763568394002505e-15,-2.2422716323745266
2024-07-28 07:00:00,2024-07-28,7,33,33,28.66,29.440604981176772,0,2,30,218.13148,False,True,False,6.0606060606060606,28.66,28.8371,0.0,0.6035049811767728
2024-07-28 18:00:00,2024-07-28,18,33,33,18.34,15.183768633315564,0,2,31,218.13148,False,True,False,6.0606060606060606,18.34,15.0517,0.0,0.13206863331556384
2024-07-28 19:00:00,2024-07-28,19,33,33,6.13,3.062057570363029,0,6,9,218.13148,False,True,False,18.181818181818183,6.13,0.0,0.0,3.062057570363029
2024-07-29 06:00:00,2024-07-29,6,33,33,9.99,3.4656283676254738,0,6,27,218.13148,False,True,False,18.181818181818183,9.99,5.7992,0.0,-2.333571632374526
2024-07-29 07:00:00,2024-07-29,7,33,33,35.52,30.747869284076604,0,2,31,218.13148,False,True,False,6.0606060606060606,35.52,30.0677,0.0,0.6801692840766052
2024-07-29 18:00:00,2024-07-29,18,33,33,19.66,16.38593496258744,0,2,31,218.13148,False,True,False,6.0606060606060606,19.66,16.5157,0.0,-0.1297650374125574
2024-07-29 19:00:00,2024-07-29,19,33,33,7.32,3.062057570363029,0,6,17,218.13148,False,True,False,18.181818181818183,7.32,0.0,0.0,3.062057570363029
2024-07-30 06:00:00,2024-07-30,6,33,33,10.27,3.4656283676254738,0,6,26,218.13148,False,True,False,18.181818181818183,10.27,5.7292000000000005,0.0,-2.2635716323745267
2024-07-30 07:00:00,2024-07-30,7,33,33,35.32,30.835998240069895,0,2,31,218.13148,False,True,False,6.0606060606060606,35.32,29.9861,0.0,0.8498982400698942
2024-07-30 18:00:00,2024-07-30,18,33,33,16.93,14.741204347555975,0,2,31,218.13148,False,True,False,6.0606060606060606,16.93,14.4724,0.0,0.2688043475559745
2024-07-30 19:00:00,2024-07-30,19,33,33,5.4799999999999995,3.062057570363029,0,6,20,218.13148,False,True,False,18.181818181818183,5.48,0.0,-8.881784197001252e-16,3.062057570363029
2024-07-31 06:00:00,2024-07-31,6,33,33,9.84,3.4656283676254738,0,6,28,218.13148,False,True,False,18.181818181818183,9.84,5.6687,0.0,-2.2030716323745265
2024-07-31 07:00:00,2024-07-31,7,33,33,34.09,30.282442477250267,0,2,31,218.13148,False,True,False,6.0606060606060606,34.09,29.6366,0.0,0.645842477250266
2024-07-31 18:00:00,2024-07-31,18,33,33,14.19,15.218731941093774,0,2,30,218.13148,False,True,False,6.0606060606060606,14.19,15.0839,0.0,0.13483194109377372
2024-07-31 19:00:00,2024-07-31,19,33,33,4.749999999999999,3.062057570363029,0,6,12,218.13148,False,True,False,18.181818181818183,4.75,0.0,-8.881784197001252e-16,3.062057570363029
2024-08-01 06:00:00,2024-08-01,6,33,33,8.44,3.4656283676254738,0,6,26,218.13148,False,True,False,18.181818181818183,8.44,5.4275,0.0,-1.9618716323745264
2024-08-01 07:00:00,2024-08-01,7,33,33,27.919999999999998,26.147693393398367,0,2,31,218.13148,False,True,False,6.0606060606060606,27.92,27.1355,-3.552713678800501e-15,-0.9878066066016338
2024-08-01 18:00:00,2024-08-01,18,33,33,16.14,9.810376835212539,0,4,27,218.13148,False,True,False,12.121212121212121,16.14,8.9166,0.0,0.8937768352125381
2024-08-01 19:00:00,2024-08-01,19,33,33,11.82,3.062057570363029,0,6,4,218.13148,False,True,False,18.181818181818183,11.82,0.0,0.0,3.062057570363029
2024-08-02 06:00:00,2024-08-02,6,33,33,15.77,3.4656283676254738,0,6,27,218.13148,False,True,False,18.181818181818183,15.77,5.2462,0.0,-1.7805716323745262
2024-08-02 07:00:00,2024-08-02,7,33,33,32.44,3.3189367969470465,0,6,31,218.13148,False,True,False,18.181818181818183,32.44,21.4828,0.0,-18.163863203052955
2024-08-02 18:00:00,2024-08-02,18,33,33,28.33,14.998875600985492,0,2,31,218.13148,False,True,False,6.0606060606060606,28.33,14.5917,0.0,0.407175600985493
2024-08-02 19:00:00,2024-08-02,19,33,33,12.370000000000001,3.062057570363029,0,6,15,218.13148,False,True,False,18.181818181818183,12.37,0.0,1.7763568394002505e-15,3.062057570363029
2024-08-03 06:00:00,2024-08-03,6,33,33,16.25,3.4656283676254738,0,6,26,218.13148,False,True,False,18.181818181818183,16.25,5.2831,0.0,-1.8174716323745264
2024-08-03 07:00:00,2024-08-03,7,33,33,36.56,24.93438883388408,0,2,30,218.13148,False,True,False,6.0606060606060606,36.56,24.8718,0.0,0.0625888338840781
2024-08-03 18:00:00,2024-08-03,18,33,33,23.14,13.709317715285179,0,2,31,218.13148,False,True,False,6.0606060606060606,23.14,13.3133,0.0,0.39601771528517915
2024-08-03 19:00:00,2024-08-03,19,33,33,12.16,3.062057570363029,0,6,13,218.13148,False,True,False,18.181818181818183,12.16,0.0,0.0,3.062057570363029
2024-08-04 06:00:00,2024-08-04,6,33,33,16.48,3.4656283676254738,0,6,28,218.13148,False,True,False,18.181818181818183,16.48,5.4926,0.0,-2.0269716323745266
2024-08-04 07:00:00,2024-08-04,7,33,33,34.31,30.60810113847234,0,2,31,218.13148,False,True,False,6.0606060606060606,34.31,29.7228,0.0,0.8853011384723395
2024-08-04 18:00:00,2024-08-04,18,33,33,14.919999999999998,14.22851572576279,0,2,31,218.13148,False,True,False,6.0606060606060606,14.92,13.8755,-1.7763568394002505e-15,0.3530157257627895
2024-08-04 19:00:00,2024-08-04,19,33,33,4.529999999999999,3.062057570363029,0,6,11,218.13148,False,True,False,18.181818181818183,4.53,0.0,-8.881784197001252e-16,3.062057570363029
2024-08-05 06:00:00,2024-08-05,6,33,33,10.489999999999998,3.4656283676254738,0,6,28,218.13148,False,True,False,18.181818181818183,10.49,5.511,-1.7763568394002505e-15,-2.0453716323745263
2024-08-05 07:00:00,2024-08-05,7,33,33,31.46,29.50451952848216,0,2,31,218.13148,False,True,False,6.0606060606060606,31.46,30.4201,0.0,-0.9155804715178419
2024-08-05 18:00:00,2024-08-05,18,33,33,20.45,11.24475547062865,0,4,31,218.13148,False,True,False,12.121212121212121,20.45,10.3974,0.0,0.847355470628651
2024-08-05 19:00:00,2024-08-05,19,33,33,5.11,3.062057570363029,0,6,19,218.13148,False,True,False,18.181818181818183,5.11,0.0,0.0,3.062057570363029
2024-08-06 06:00:00,2024-08-06,6,33,33,6.64,3.4656283676254738,0,6,20,218.13148,False,True,False,18.181818181818183,6.64,3.5905,0.0,-0.12487163237452625
2024-08-06 07:00:00,2024-08-06,7,33,33,14.58,19.320902585196936,0,2,27,218.13148,False,True,False,6.0606060606060606,14.58,25.3232,0.0,-6.0022974148030634
2024-08-06 18:00:00,2024-08-06,18,33,33,18.439999999999998,4.145201307887248,0,5,30,218.13148,False,True,False,15.151515151515152,18.44,7.0104,-3.552713678800501e-15,-2.8651986921127515
2024-08-06 19:00:00,2024-08-06,19,33,33,5.6499999999999995,3.062057570363029,0,6,12,218.13148,False,True,False,18.181818181818183,5.65,0.0,-8.881784197001252e-16,3.062057570363029
2024-08-07 06:00:00,2024-08-07,6,33,33,8.67,3.4656283676254738,0,6,25,218.13148,False,True,False,18.181818181818183,8.67,5.4302,0.0,-1.9645716323745264
2024-08-07 07:00:00,2024-08-07,7,33,33,32.95,27.371540571191158,0,2,29,218.13148,False,True,False,6.0606060606060606,32.95,29.4666,0.0,-2.0950594288088418
2024-08-07 18:00:00,2024-08-07,18,33,33,13.66,11.758408355082636,0,2,31,218.13148,False,True,False,6.0606060606060606,13.66,11.1994,0.0,0.5590083550826357
2024-08-07 19:00:00,2024-08-07,19,33,33,4.659999999999999,3.062057570363029,0,6,6,218.13148,False,True,False,18.181818181818183,4.66,0.0,-8.881784197001252e-16,3.062057570363029
2024-08-08 06:00:00,2024-08-08,6,33,33,5.709999999999999,3.4656283676254738,0,6,16,218.13148,False,True,False,18.181818181818183,5.71,3.4554,-8.881784197001252e-16,0.010228367625473744
2024-08-08 07:00:00,2024-08-08,7,33,33,10.639999999999999,3.3189367969470465,0,6,18,218.13148,False,True,False,18.181818181818183,10.64,16.9736,-1.7763568394002505e-15,-13.654663203052955
2024-08-08 18:00:00,2024-08-08,18,33,33,14.15,12.571460014908283,0,2,31,218.13148,False,True,False,6.0606060606060606,14.15,12.2313,0.0,0.3401600149082835
2024-08-08 19:00:00,2024-08-08,19,33,33,4.7,3.062057570363029,0,6,9,218.13148,False,True,False,18.181818181818183,4.7,0.0,0.0,3.062057570363029
2024-08-09 06:00:00,2024-08-09,6,33,33,8.38,3.4656283676254738,0,6,27,218.13148,False,True,False,18.181818181818183,8.38,5.2701,0.0,-1.8044716323745265
2024-08-09 07:00:00,2024-08-09,7,33,33,28.240000000000002,25.87811185980117,0,2,30,218.13148,False,True,False,6.0606060606060606,28.24,26.134900000000002,3.552713678800501e-15,-0.25678814019883234
2024-08-09 18:00:00,2024-08-09,18,33,33,15.6,13.62649635165505,0,2,31,218.13148,False,True,False,6.0606060606060606,15.6,12.3098,0.0,1.3166963516550503
2024-08-09 19:00:00,2024-08-09,19,33,33,4.4799999999999995,3.062057570363029,0,6,8,218.13148,False,True,False,18.181818181818183,4.48,0.0,-8.881784197001252e-16,3.062057570363029
2024-08-10 06:00:00,2024-08-10,6,33,33,11.25,3.4656283676254738,0,6,25,218.13148,False,True,False,18.181818181818183,11.25,5.2768,0.0,-1.811171632374526
2024-08-10 07:00:00,2024-08-10,7,33,33,33.769999999999996,28.003002910292544,0,2,31,218.13148,False,True,False,6.0606060606060606,33.77,28.7199,-7.105427357601002e-15,-0.7168970897074551
2024-08-10 18:00:00,2024-08-10,18,33,33,7.71,11.031382366004145,0,2,27,218.13148,False,True,False,6.0606060606060606,7.71,10.9032,0.0,0.128182366004145
2024-08-10 19:00:00,2024-08-10,19,33,33,4.919999999999999,3.062057570363029,0,6,11,218.13148,False,True,False,18.181818181818183,4.92,0.0,-8.881784197001252e-16,3.062057570363029
2024-08-11 06:00:00,2024-08-11,6,33,33,7.58,3.4656283676254738,0,6,22,218.13148,False,True,False,18.181818181818183,7.58,3.5376000000000003,0.0,-0.07197163237452653
2024-08-11 07:00:00,2024-08-11,7,33,33,24.73,25.824400295127266,0,2,29,218.13148,False,True,False,6.0606060606060606,24.73,26.1913,0.0,-0.3668997048727327
2024-08-11 18:00:00,2024-08-11,18,33,33,14.28,13.608521741333059,0,2,31,218.13148,False,True,False,6.0606060606060606,14.28,13.4895,0.0,0.11902174133305898
2024-08-11 19:00:00,2024-08-11,19,33,33,4.359999999999999,3.062057570363029,0,6,5,218.13148,False,True,False,18.181818181818183,4.36,0.0,-8.881784197001252e-16,3.062057570363029
2024-08-12 06:00:00,2024-08-12,6,33,33,8.11,3.4656283676254738,0,6,24,218.13148,False,True,False,18.181818181818183,8.11,3.567,0.0,-0.1013716323745264
2024-08-12 07:00:00,2024-08-12,7,33,33,32.09,28.754884458167417,0,2,30,218.13148,False,True,False,6.0606060606060606,32.09,29.4683,0.0,-0.7134155418325818
2024-08-12 18:00:00,2024-08-12,18,33,33,13.66,14.353541848871439,0,2,31,218.13148,False,True,False,6.0606060606060606,13.66,13.5426,0.0,0.8109418488714386
2024-08-12 19:00:00,2024-08-12,19,33,33,4.5200000000000005,3.062057570363029,0,6,7,218.13148,False,True,False,18.181818181818183,4.52,0.0,8.881784197001252e-16,3.062057570363029
2024-08-13 06:00:00,2024-08-13,6,33,33,9.32,3.4656283676254738,0,6,27,218.13148,False,True,False,18.181818181818183,9.32,5.145,0.0,-1.6793716323745258
2024-08-13 07:00:00,2024-08-13,7,33,33,33.56,25.73563389563615,0,2,31,218.13148,False,True,False,6.0606060606060606,33.56,26.5195,0.0,-0.7838661043638524
2024-08-13 18:00:00,2024-08-13,18,33,33,10.33,11.151955054944134,0,2,31,218.13148,False,True,False,6.0606060606060606,10.33,10.9444,0.0,0.20755505494413384
2024-08-13 19:00:00,2024-08-13,19,33,33,4.4799999999999995,3.062057570363029,0,6,7,218.13148,False,True,False,18.181818181818183,4.48,0.0,-8.881784197001252e-16,3.062057570363029
2024-08-14 06:00:00,2024-08-14,6,33,33,7.92,3.4656283676254738,0,6,27,218.13148,False,True,False,18.181818181818183,7.92,3.4048,0.0,0.060828367625473945
2024-08-14 07:00:00,2024-08-14,7,33,33,13.98,3.3189367969470465,0,6,31,218.13148,False,True,False,18.181818181818183,13.98,18.8625,0.0,-15.543563203052955
2024-08-14 18:00:00,2024-08-14,18,33,33,13.42,11.713249837226492,0,2,31,218.13148,False,True,False,6.0606060606060606,13.42,11.4282,0.0,0.2850498372264916
2024-08-14 19:00:00,2024-08-14,19,33,33,4.79,3.062057570363029,0,6,8,218.13148,False,True,False,18.181818181818183,4.79,0.0,0.0,3.062057570363029
2024-08-15 06:00:00,2024-08-15,6,33,33,8.0,3.4656283676254738,0,6,23,218.13148,False,True,False,18.181818181818183,8.0,3.4984,0.0,-0.032771632374526405
2024-08-15 07:00:00,2024-08-15,7,33,33,26.45,25.02365517023416,0,2,30,218.13148,False,True,False,6.0606060606060606,26.45,26.212,0.0,-1.188344829765839
2024-08-15 18:00:00,2024-08-15,18,33,33,12.65,11.69099906599314,0,2,30,218.13148,False,True,False,6.0606060606060606,12.65,11.549900000000001,0.0,0.1410990659931386
2024-08-15 19:00:00,2024-08-15,19,33,33,4.3,3.062057570363029,0,6,5,218.13148,False,True,False,18.181818181818183,4.3,0.0,0.0,3.062057570363029
2024-08-16 06:00:00,2024-08-16,6,33,33,7.54,3.4656283676254738,0,6,24,218.13148,False,True,False,18.181818181818183,7.54,3.4835000000000003,0.0,-0.01787163237452649
2024-08-16 07:00:00,2024-08-16,7,33,33,20.4,20.71251954327292,0,2,30,218.13148,False,True,False,6.0606060606060606,20.4,24.2287,0.0,-3.5161804567270813
2024-08-16 18:00:00,2024-08-16,18,33,33,11.51,11.848923470821953,0,2,29,218.13148,False,True,False,6.0606060606060606,11.51,11.6547,0.0,0.19422347082195301
2024-08-16 19:00:00,2024-08-16,19,33,33,4.27,3.062057570363029,0,6,4,218.13148,False,True,False,18.181818181818183,4.27,0.0,0.0,3.062057570363029
2024-08-17 06:00:00,2024-08-17,6,33,33,8.2,3.4656283676254738,0,6,25,218.13148,False,True,False,18.181818181818183,8.2,3.4865,0.0,-0.02087163237452616
2024-08-17 07:00:00,2024-08-17,7,33,33,31.36,25.077536452611902,0,2,30,218.13148,False,True,False,6.0606060606060606,31.36,25.4234,0.0,-0.3458635473880989
2024-08-17 18:00:00,2024-08-17,18,33,33,12.16,11.841485501206808,0,2,30,218.13148,False,True,False,6.0606060606060606,12.16,11.5285,0.0,0.3129855012068088
2024-08-17 19:00:00,2024-08-17,19,33,33,4.29,3.062057570363029,0,6,6,218.13148,False,True,False,18.181818181818183,4.29,0.0,0.0,3.062057570363029
2024-08-18 06:00:00,2024-08-18,6,33,33,6.6,3.4656283676254738,0,6,22,218.13148,False,True,False,18.181818181818183,6.6,3.4969,0.0,-0.03127163237452635
2024-08-18 07:00:00,2024-08-18,7,33,33,25.62,27.250969110235634,0,2,30,218.13148,False,True,False,6.0606060606060606,25.62,26.3135,0.0,0.9374691102356323
2024-08-18 18:00:00,2024-08-18,18,33,33,13.35,7.396291053424862,0,3,31,218.13148,False,True,False,9.090909090909092,13.35,9.6997,0.0,-2.3034089465751384
2024-08-18 19:00:00,2024-08-18,19,33,33,4.29,3.062057570363029,0,6,5,218.13148,False,True,False,18.181818181818183,4.29,0.0,0.0,3.062057570363029
2024-08-19 06:00:00,2024-08-19,6,33,33,6.09,3.4656283676254738,0,6,21,218.13148,False,True,False,18.181818181818183,6.09,3.3723,0.0,0.0933283676254737
2024-08-19 07:00:00,2024-08-19,7,33,33,30.13,20.88106842403625,0,2,30,218.13148,False,True,False,6.0606060606060606,30.13,21.3375,0.0,-0.45643157596374806
2024-08-19 18:00:00,2024-08-19,18,33,33,4.97,3.2564391352391917,0,6,21,218.13148,False,True,False,18.181818181818183,4.97,5.6576,0.0,-2.4011608647608087
2024-08-19 19:00:00,2024-08-19,19,33,33,4.249999999999999,3.062057570363029,0,6,3,218.13148,False,True,False,18.181818181818183,4.25,0.0,-8.881784197001252e-16,3.062057570363029
2024-08-20 06:00:00,2024-08-20,6,34,34,5.35,3.7187149189863575,0,6,10,224.21148,False,True,False,17.647058823529413,5.35,3.3988,0.0,0.3199149189863575
2024-08-20 07:00:00,2024-08-20,7,34,34,6.53,3.5789367969470463,0,6,21,224.21148,False,True,False,17.647058823529413,6.53,15.0236,0.0,-11.444663203052954
2024-08-20 18:00:00,2024-08-20,18,34,34,12.979999999999999,3.619337580659302,0,6,30,224.21148,False,True,False,17.647058823529413,12.98,6.0151,-1.7763568394002505e-15,-2.3957624193406986
2024-08-20 19:00:00,2024-08-20,19,34,34,5.199999999999999,3.305689954220933,0,6,6,224.21148,False,True,False,17.647058823529413,5.2,0.0,-8.881784197001252e-16,3.305689954220933
2024-08-21 06:00:00,2024-08-21,6,34,34,8.059999999999999,3.7187149189863575,0,6,24,224.21148,False,True,False,17.647058823529413,8.06,3.5106,-1.7763568394002505e-15,0.20811491898635737
2024-08-21 07:00:00,2024-08-21,7,34,34,20.09,3.5789367969470463,0,6,32,224.21148,False,True,False,17.647058823529413,20.09,20.2055,0.0,-16.626563203052953
2024-08-21 18:00:00,2024-08-21,18,34,34,13.39,3.5030206999618327,0,6,31,224.21148,False,True,False,17.647058823529413,13.39,5.9190000000000005,0.0,-2.4159793000381677
2024-08-21 19:00:00,2024-08-21,19,34,34,5.58,3.305689954220933,0,6,9,224.21148,False,True,False,17.647058823529413,5.58,0.0,0.0,3.305689954220933
2024-08-22 06:00:00,2024-08-22,6,34,34,6.14,3.7187149189863575,0,6,19,224.21148,False,True,False,17.647058823529413,6.14,3.5999,0.0,0.11881491898635765
2024-08-22 07:00:00,2024-08-22,7,34,34,28.259999999999998,27.986347449578304,0,2,31,224.21148,False,True,False,5.88235294117647,28.26,25.9688,-3.552713678800501e-15,2.017547449578302
2024-08-22 18:00:00,2024-08-22,18,34,34,11.35,11.311301831250553,0,2,31,224.21148,False,True,False,5.88235294117647,11.35,11.1507,0.0,0.1606018312505526
2024-08-22 19:00:00,2024-08-22,19,34,34,4.26,3.305689954220933,0,6,4,224.21148,False,True,False,17.647058823529413,4.26,0.0,0.0,3.305689954220933
2024-08-23 06:00:00,2024-08-23,6,34,34,7.4,3.7187149189863575,0,6,23,224.21148,False,True,False,17.647058823529413,7.4,3.6573,0.0,0.061414918986357314
2024-08-23 07:00:00,2024-08-23,7,34,34,28.009999999999998,28.37433002635166,0,2,31,224.21148,False,True,False,5.88235294117647,28.01,26.4844,-3.552713678800501e-15,1.88993002635166
2024-08-23 18:00:00,2024-08-23,18,34,34,11.15,11.805117312348738,0,2,31,224.21148,False,True,False,5.88235294117647,11.15,10.374600000000001,0.0,1.4305173123487371
2024-08-23 19:00:00,2024-08-23,19,34,34,4.22,3.305689954220933,0,6,1,224.21148,False,True,False,17.647058823529413,4.22,0.0,0.0,3.305689954220933
2024-08-24 06:00:00,2024-08-24,6,34,34,6.8,3.7187149189863575,0,6,23,224.21148,False,True,False,17.647058823529413,6.8,3.5949999999999998,0.0,0.12371491898635778
2024-08-24 07:00:00,2024-08-24,7,34,34,26.47,3.5789367969470463,0,6,31,224.21148,False,True,False,17.647058823529413,26.47,21.4466,0.0,-17.867663203052953
2024-08-24 18:00:00,2024-08-24,18,34,34,8.64,11.184020806554486,0,2,31,224.21148,False,True,False,5.88235294117647,8.64,11.0384,0.0,0.1456208065544864
2024-08-24 19:00:00,2024-08-24,19,34,34,1.33,3.305689954220933,0,6,2,224.21148,False,True,False,17.647058823529413,1.33,0.0,0.0,3.305689954220933
2024-08-25 06:00:00,2024-08-25,6,34,34,4.55,3.7187149189863575,0,6,24,224.21148,False,True,False,17.647058823529413,4.55,3.5342000000000002,0.0,0.1845149189863573
2024-08-25 07:00:00,2024-08-25,7,34,34,25.21,25.245448144815803,0,2,30,224.21148,False,True,False,5.88235294117647,25.21,23.4318,0.0,1.8136481448158044
2024-08-25 18:00:00,2024-08-25,18,34,34,8.6,10.325675410324871,0,2,31,224.21148,False,True,False,5.88235294117647,8.6,10.1814,0.0,0.14427541032487134
2024-08-25 19:00:00,2024-08-25,19,34,34,0.09000000000000001,3.305689954220933,0,6,4,224.21148,False,True,False,17.647058823529413,0.09,0.0,1.3877787807814457e-17,3.305689954220933
2024-08-26 06:00:00,2024-08-26,6,34,34,2.29,3.7187149189863575,0,6,25,224.21148,False,True,False,17.647058823529413,2.29,3.5378,0.0,0.1809149189863577
2024-08-26 07:00:00,2024-08-26,7,34,34,31.4,17.169667051652915,0,4,31,224.21148,False,True,False,11.76470588235294,31.4,21.6507,0.0,-4.481032948347085
2024-08-26 18:00:00,2024-08-26,18,34,34,3.2,3.653730142619272,0,6,26,224.21148,False,True,False,17.647058823529413,3.2,5.8392,0.0,-2.185469857380728
2024-08-26 19:00:00,2024-08-26,19,34,34,0.06,3.305689954220933,0,6,3,224.21148,False,True,False,17.647058823529413,0.06,0.0,0.0,3.305689954220933
2024-08-27 06:00:00,2024-08-27,6,34,34,0.41,3.7187149189863575,0,6,10,224.21148,False,True,False,17.647058823529413,0.41000000000000003,3.3239,-5.551115123125783e-17,0.39481491898635745
2024-08-27 07:00:00,2024-08-27,7,34,34,15.29,3.5789367969470463,0,6,30,224.21148,False,True,False,17.647058823529413,15.29,16.0015,0.0,-12.422563203052954
2024-08-27 18:00:00,2024-08-27,18,34,34,0.62,3.5030206999618327,0,6,18,224.21148,False,True,False,17.647058823529413,0.62,5.7257,0.0,-2.222679300038167
2024-08-27 19:00:00,2024-08-27,19,34,34,0.02,3.305689954220933,0,6,2,224.21148,False,True,False,17.647058823529413,0.02,0.0,0.0,3.305689954220933
2024-08-28 06:00:00,2024-08-28,6,34,34,0.93,3.7187149189863575,0,6,18,224.21148,False,True,False,17.647058823529413,0.93,3.4189,0.0,0.2998149189863577
2024-08-28 07:00:00,2024-08-28,7,34,34,15.61,3.5789367969470463,0,6,32,224.21148,False,True,False,17.647058823529413,15.61,15.7175,0.0,-12.138563203052954
2024-08-28 18:00:00,2024-08-28,18,34,34,12.11,9.270701111928538,0,2,32,224.21148,False,True,False,5.88235294117647,12.11,9.6988,0.0,-0.428098888071462
2024-08-28 19:00:00,2024-08-28,19,34,34,6.62,3.305689954220933,0,6,5,224.21148,False,True,False,17.647058823529413,6.62,0.0,0.0,3.305689954220933
2024-08-29 06:00:00,2024-08-29,6,34,34,2.61,3.7187149189863575,0,6,22,224.21148,False,True,False,17.647058823529413,2.61,3.4933,0.0,0.22541491898635746
2024-08-29 07:00:00,2024-08-29,7,34,34,27.46,21.291757024956055,0,2,32,224.21148,False,True,False,5.88235294117647,27.46,22.5859,0.0,-1.2941429750439433
2024-08-29 18:00:00,2024-08-29,18,34,34,7.25,10.021247347353178,0,2,32,224.21148,False,True,False,5.88235294117647,7.25,10.0124,0.0,0.008847347353178492
2024-08-29 19:00:00,2024-08-29,19,34,34,2.45,3.305689954220933,0,6,4,224.21148,False,True,False,17.647058823529413,2.45,0.0,0.0,3.305689954220933
2024-08-30 06:00:00,2024-08-30,6,34,34,5.44,3.7187149189863575,0,6,27,224.21148,False,True,False,17.647058823529413,5.44,3.4842,0.0,0.23451491898635757
2024-08-30 07:00:00,2024-08-30,7,34,34,29.64,3.5789367969470463,0,6,32,224.21148,False,True,False,17.647058823529413,29.64,19.8833,0.0,-16.30436320305295
2024-08-30 18:00:00,2024-08-30,18,34,34,7.34,10.017013536351815,0,2,32,224.21148,False,True,False,5.88235294117647,7.34,9.3336,0.0,0.6834135363518143
2024-08-30 19:00:00,2024-08-30,19,34,34,0.0,3.305689954220933,0,6,0,224.21148,False,False,False,17.647058823529413,0.0,0.0,0.0,3.305689954220933
2024-08-31 06:00:00,2024-08-31,6,34,34,2.62,3.7187149189863575,0,6,24,224.21148,False,True,False,17.647058823529413,2.62,3.4781,0.0,0.24061491898635756
2024-08-31 07:00:00,2024-08-31,7,34,34,25.77,17.02843265938012,0,4,32,224.21148,False,True,False,11.76470588235294,25.77,21.6092,0.0,-4.580767340619882
2024-08-31 18:00:00,2024-08-31,18,34,34,5.36,10.182608740270322,0,3,32,224.21148,False,True,False,8.823529411764707,5.36,9.5188,0.0,0.663808740270321
2024-08-31 19:00:00,2024-08-31,19,34,34,0.01,3.305689954220933,0,6,1,224.21148,False,True,False,17.647058823529413,0.01,0.0,0.0,3.305689954220933
2024-09-01 06:00:00,2024-09-01,6,34,34,2.59,3.7187149189863575,0,6,25,224.21148,False,True,False,17.647058823529413,2.59,3.5253,0.0,0.19341491898635743
2024-09-01 07:00:00,2024-09-01,7,34,34,24.810000000000002,3.5789367969470463,0,6,32,224.21148,False,True,False,17.647058823529413,24.81,20.7359,3.552713678800501e-15,-17.156963203052953
2024-09-01 18:00:00,2024-09-01,18,34,34,3.9699999999999998,3.5030206999618327,0,6,30,224.21148,False,True,False,17.647058823529413,3.9699999999999998,5.6004000000000005,0.0,-2.0973793000381677
2024-09-01 19:00:00,2024-09-01,19,34,34,0.02,3.305689954220933,0,6,2,224.21148,False,True,False,17.647058823529413,0.02,0.0,0.0,3.305689954220933
2024-09-02 06:00:00,2024-09-02,6,34,34,0.14,3.7187149189863575,0,6,4,224.21148,False,True,False,17.647058823529413,0.14,3.4493,0.0,0.2694149189863575
2024-09-02 07:00:00,2024-09-02,7,34,34,4.23,3.5789367969470463,0,6,30,224.21148,False,True,False,17.647058823529413,4.23,15.329,0.0,-11.750063203052955
2024-09-02 18:00:00,2024-09-02,18,34,34,4.83,9.378623337348776,0,3,31,224.21148,False,True,False,8.823529411764707,4.83,7.612,0.0,1.7666233373487756
2024-09-02 19:00:00,2024-09-02,19,34,34,0.0,3.305689954220933,0,6,0,224.21148,False,False,False,17.647058823529413,0.0,0.0,0.0,3.305689954220933
2024-09-03 06:00:00,2024-09-03,6,34,34,2.33,3.7187149189863575,0,6,23,224.21148,False,True,False,17.647058823529413,2.33,5.2289,0.0,-1.5101850810136428
2024-09-03 07:00:00,2024-09-03,7,34,34,26.61,10.30663753014428,0,4,30,224.21148,False,True,False,11.76470588235294,26.61,21.4001,0.0,-11.093462469855718
2024-09-03 18:00:00,2024-09-03,18,34,34,6.03,10.109789847928594,0,3,29,224.21148,False,True,False,8.823529411764707,6.03,8.1407,0.0,1.9690898479285934
2024-09-03 19:00:00,2024-09-03,19,34,34,1.5,3.305689954220933,0,6,2,224.21148,False,True,False,17.647058823529413,1.5,0.0,0.0,3.305689954220933
2024-09-04 06:00:00,2024-09-04,6,34,34,3.63,3.7187149189863575,0,6,21,224.21148,False,True,False,17.647058823529413,3.63,5.2171,0.0,-1.4983850810136428
2024-09-04 07:00:00,2024-09-04,7,34,34,27.0,25.999570086029863,0,2,30,224.21148,False,True,False,5.88235294117647,27.0,24.435,0.0,1.564570086029864
2024-09-04 18:00:00,2024-09-04,18,34,34,3.87,7.155134944563358,0,4,30,224.21148,False,True,False,11.76470588235294,3.87,6.8135,0.0,0.3416349445633573
2024-09-04 19:00:00,2024-09-04,19,34,34,0.0,3.305689954220933,0,6,0,224.21148,False,False,False,17.647058823529413,0.0,0.0,0.0,3.305689954220933
2024-09-05 06:00:00,2024-09-05,6,34,34,2.05,3.7187149189863575,0,6,23,224.21148,False,True,False,17.647058823529413,2.05,3.4927,0.0,0.2260149189863574
2024-09-05 07:00:00,2024-09-05,7,34,34,21.48,12.571976856653812,0,4,30,224.21148,False,True,False,11.76470588235294,21.48,21.1616,0.0,-8.589623143346188
2024-09-05 18:00:00,2024-09-05,18,34,34,0.7100000000000001,3.5030206999618327,0,6,13,224.21148,False,True,False,17.647058823529413,0.71,5.2801,1.1102230246251565e-16,-1.7770793000381673
2024-09-05 19:00:00,2024-09-05,19,34,34,0.0,3.305689954220933,0,6,0,224.21148,False,False,False,17.647058823529413,0.0,0.0,0.0,3.305689954220933
2024-09-06 06:00:00,2024-09-06,6,34,34,0.0,3.7187149189863575,0,6,0,224.21148,False,False,False,17.647058823529413,0.0,3.29,0.0,0.4287149189863575
2024-09-06 07:00:00,2024-09-06,7,34,34,2.8600000000000003,3.5789367969470463,0,6,24,224.21148,False,True,False,17.647058823529413,2.86,11.1521,4.440892098500626e-16,-7.573163203052955
2024-09-06 18:00:00,2024-09-06,18,34,34,2.5100000000000002,3.5030206999618327,0,6,28,224.21148,False,True,False,17.647058823529413,2.51,5.7261,4.440892098500626e-16,-2.223079300038167
2024-09-06 19:00:00,2024-09-06,19,34,34,0.01,3.305689954220933,0,6,1,224.21148,False,True,False,17.647058823529413,0.01,0.0,0.0,3.305689954220933
2024-09-07 06:00:00,2024-09-07,6,34,34,1.67,3.7187149189863575,0,6,20,224.21148,False,True,False,17.647058823529413,1.67,3.4679,0.0,0.2508149189863573
2024-09-07 07:00:00,2024-09-07,7,34,34,18.32,6.826870506517109,0,6,30,224.21148,False,True,False,17.647058823529413,18.32,20.9706,0.0,-14.143729493482892
2024-09-07 18:00:00,2024-09-07,18,34,34,2.5300000000000002,3.658877743612862,0,5,28,224.21148,False,True,False,14.705882352941178,2.5300000000000002,5.94,0.0,-2.2811222563871385
2024-09-07 19:00:00,2024-09-07,19,34,34,0.0,3.305689954220933,0,6,0,224.21148,False,False,False,17.647058823529413,0.0,0.0,0.0,3.305689954220933
2024-09-08 06:00:00,2024-09-08,6,34,34,1.74,3.7187149189863575,0,6,21,224.21148,False,True,False,17.647058823529413,1.74,3.504,0.0,0.21471491898635753
2024-09-08 07:00:00,2024-09-08,7,34,34,26.7,14.100454193184461,0,4,31,224.21148,False,True,False,11.76470588235294,26.7,21.084,0.0,-6.983545806815538
2024-09-08 18:00:00,2024-09-08,18,34,34,2.83,3.700867416195439,0,5,30,224.21148,False,True,False,14.705882352941178,2.83,6.0188,0.0,-2.3179325838045606
2024-09-08 19:00:00,2024-09-08,19,34,34,0.0,3.305689954220933,0,6,0,224.21148,False,False,False,17.647058823529413,0.0,0.0,0.0,3.305689954220933
2024-09-09 06:00:00,2024-09-09,6,34,34,1.6600000000000001,3.7187149189863575,0,6,20,224.21148,False,True,False,17.647058823529413,1.6600000000000001,3.4734,0.0,0.2453149189863577
2024-09-09 07:00:00,2024-09-09,7,34,34,27.09,11.361293495100266,0,4,31,224.21148,False,True,False,11.76470588235294,27.09,20.65,0.0,-9.288706504899732
2024-09-09 18:00:00,2024-09-09,18,34,34,2.56,3.5030206999618327,0,6,30,224.21148,False,True,False,17.647058823529413,2.56,5.8823,0.0,-2.379279300038167
2024-09-09 19:00:00,2024-09-09,19,34,34,0.01,3.305689954220933,0,6,1,224.21148,False,True,False,17.647058823529413,0.01,0.0,0.0,3.305689954220933
2024-09-10 06:00:00,2024-09-10,6,34,34,1.55,3.7187149189863575,0,6,22,224.21148,False,True,False,17.647058823529413,1.55,3.4637000000000002,0.0,0.2550149189863573
2024-09-10 07:00:00,2024-09-10,7,34,34,24.29,3.5789367969470463,0,6,31,224.21148,False,True,False,17.647058823529413,24.29,19.0234,0.0,-15.444463203052953
2024-09-10 18:00:00,2024-09-10,18,34,34,4.640000000000001,3.5030206999618327,0,6,32,224.21148,False,True,False,17.647058823529413,4.64,5.8068,8.881784197001252e-16,-2.303779300038167
2024-09-10 19:00:00,2024-09-10,19,34,34,0.01,3.305689954220933,0,6,1,224.21148,False,True,False,17.647058823529413,0.01,0.0,0.0,3.305689954220933
2024-09-11 06:00:00,2024-09-11,6,34,34,0.19,3.7187149189863575,0,6,6,224.21148,False,True,False,17.647058823529413,0.19,3.202,0.0,0.5167149189863576
2024-09-11 07:00:00,2024-09-11,7,34,34,7.57,3.5789367969470463,0,6,31,224.21148,False,True,False,17.647058823529413,7.57,9.7344,0.0,-6.155463203052955
2024-09-11 18:00:00,2024-09-11,18,34,34,0.36,3.5030206999618327,0,6,10,224.21148,False,True,False,17.647058823529413,0.36,4.8463,0.0,-1.3432793000381675
2024-09-11 19:00:00,2024-09-11,19,34,34,0.05,3.305689954220933,0,6,4,224.21148,False,True,False,17.647058823529413,0.05,0.0,0.0,3.305689954220933
2024-09-12 06:00:00,2024-09-12,6,34,34,0.08,3.7187149189863575,0,6,6,224.21148,False,True,False,17.647058823529413,0.08,3.2401,0.0,0.47861491898635755
2024-09-12 07:00:00,2024-09-12,7,34,34,9.93,3.5789367969470463,0,6,31,224.21148,False,True,False,17.647058823529413,9.93,9.1989,0.0,-5.619963203052954
2024-09-12 18:00:00,2024-09-12,18,34,34,1.25,3.5030206999618327,0,6,22,224.21148,False,True,False,17.647058823529413,1.25,4.9507,0.0,-1.4476793000381676
2024-09-12 19:00:00,2024-09-12,19,34,34,0.02,3.305689954220933,0,6,2,224.21148,False,True,False,17.647058823529413,0.02,0.0,0.0,3.305689954220933
2024-09-13 06:00:00,2024-09-13,6,34,34,0.14,3.7187149189863575,0,6,5,224.21148,False,True,False,17.647058823529413,0.14,3.3824,0.0,0.33631491898635746
2024-09-13 07:00:00,2024-09-13,7,34,34,8.88,3.5789367969470463,0,6,31,224.21148,False,True,False,17.647058823529413,8.88,15.5172,0.0,-11.938263203052955
2024-09-13 18:00:00,2024-09-13,18,34,34,3.45,3.5030206999618327,0,6,20,224.21148,False,True,False,17.647058823529413,3.45,1.7286000000000001,0.0,1.7744206999618326
2024-09-13 19:00:00,2024-09-13,19,34,34,0.02,3.305689954220933,0,6,2,224.21148,False,True,False,17.647058823529413,0.02,0.0,0.0,3.305689954220933
2024-09-14 06:00:00,2024-09-14,6,34,34,0.16,3.7187149189863575,0,6,5,224.21148,False,True,False,17.647058823529413,0.16,3.2559,0.0,0.4628149189863575
2024-09-14 07:00:00,2024-09-14,7,34,34,7.71,3.5789367969470463,0,6,29,224.21148,False,True,False,17.647058823529413,7.71,13.411200000000001,0.0,-9.832263203052955
2024-09-14 18:00:00,2024-09-14,18,34,34,0.22,3.5030206999618327,0,6,8,224.21148,False,True,False,17.647058823529413,0.22,0.162,0.0,3.341020699961833
2024-09-14 19:00:00,2024-09-14,19,34,34,0.01,3.305689954220933,0,6,1,224.21148,False,True,False,17.647058823529413,0.01,0.0,0.0,3.305689954220933
2024-09-15 06:00:00,2024-09-15,6,34,34,0.05,3.7187149189863575,0,6,4,224.21148,False,True,False,17.647058823529413,0.05,3.2611,0.0,0.45761491898635764
2024-09-15 07:00:00,2024-09-15,7,34,34,7.89,3.5789367969470463,0,6,29,224.21148,False,True,False,17.647058823529413,7.89,12.1043,0.0,-8.525363203052954
2024-09-15 18:00:00,2024-09-15,18,34,34,1.06,3.5030206999618327,0,6,23,224.21148,False,True,False,17.647058823529413,1.06,0.0,0.0,3.5030206999618327
2024-09-15 19:00:00,2024-09-15,19,34,34,0.01,3.305689954220933,0,6,1,224.21148,False,True,False,17.647058823529413,0.01,0.0,0.0,3.305689954220933
2024-09-16 06:00:00,2024-09-16,6,34,34,1.12,3.7187149189863575,0,6,22,224.21148,False,True,False,17.647058823529413,1.12,3.157,0.0,0.5617149189863575
2024-09-16 07:00:00,2024-09-16,7,34,34,22.6,3.5789367969470463,0,6,32,224.21148,False,True,False,17.647058823529413,22.6,16.1898,0.0,-12.610863203052956
2024-09-16 18:00:00,2024-09-16,18,34,34,0.74,3.5030206999618327,0,6,13,224.21148,False,True,False,17.647058823529413,0.74,0.0,0.0,3.5030206999618327
2024-09-16 19:00:00,2024-09-16,19,34,34,0.1,3.305689954220933,0,6,1,224.21148,False,True,False,17.647058823529413,0.1,0.0,0.0,3.305689954220933
2024-09-17 06:00:00,2024-09-17,6,34,34,0.9099999999999999,3.7187149189863575,0,6,12,224.21148,False,True,False,17.647058823529413,0.91,2.8668,-1.1102230246251565e-16,0.8519149189863575
2024-09-17 07:00:00,2024-09-17,7,34,34,4.44,3.5789367969470463,0,6,30,224.21148,False,True,False,17.647058823529413,4.44,13.1826,0.0,-9.603663203052955
2024-09-17 18:00:00,2024-09-17,18,34,34,0.05,3.5030206999618327,0,6,3,224.21148,False,True,False,17.647058823529413,0.05,0.0,0.0,3.5030206999618327
2024-09-17 19:00:00,2024-09-17,19,34,34,0.0,3.305689954220933,0,6,0,224.21148,False,False,False,17.647058823529413,0.0,0.0,0.0,3.305689954220933
2024-09-18 06:00:00,2024-09-18,6,34,34,0.79,3.7187149189863575,0,6,17,224.21148,False,True,False,17.647058823529413,0.79,0.6919000000000001,0.0,3.0268149189863576
2024-09-18 07:00:00,2024-09-18,7,34,34,24.09,3.5789367969470463,0,6,32,224.21148,False,True,False,17.647058823529413,24.09,16.975,0.0,-13.396063203052956
2024-09-18 18:00:00,2024-09-18,18,34,34,0.62,3.5030206999618327,0,6,12,224.21148,False,True,False,17.647058823529413,0.62,0.0,0.0,3.5030206999618327
2024-09-18 19:00:00,2024-09-18,19,34,34,0.01,3.305689954220933,0,6,1,224.21148,False,True,False,17.647058823529413,0.01,0.0,0.0,3.305689954220933
2024-09-19 06:00:00,2024-09-19,6,34,34,0.56,3.7187149189863575,0,6,14,224.21148,False,True,False,17.647058823529413,0.56,0.5529000000000001,0.0,3.1658149189863574
2024-09-19 07:00:00,2024-09-19,7,34,34,22.88,3.5789367969470463,0,6,32,224.21148,False,True,False,17.647058823529413,22.88,16.837,0.0,-13.258063203052954
2024-09-19 18:00:00,2024-09-19,18,34,34,1.48,3.5030206999618327,0,6,16,224.21148,False,True,False,17.647058823529413,1.48,0.0,0.0,3.5030206999618327
2024-09-19 19:00:00,2024-09-19,19,34,34,0.9400000000000001,3.305689954220933,0,6,2,224.21148,False,True,False,17.647058823529413,0.9400000000000001,0.0,0.0,3.305689954220933
2024-09-20 06:00:00,2024-09-20,6,34,34,0.41000000000000003,3.7187149189863575,0,6,6,224.21148,False,True,False,17.647058823529413,0.41000000000000003,0.34740000000000004,0.0,3.3713149189863576
2024-09-20 07:00:00,2024-09-20,7,34,34,13.3,3.5789367969470463,0,6,32,224.21148,False,True,False,17.647058823529413,13.3,14.9487,0.0,-11.369763203052955
2024-09-20 18:00:00,2024-09-20,18,34,34,0.31,3.5030206999618327,0,6,6,224.21148,False,True,False,17.647058823529413,0.31,0.0,0.0,3.5030206999618327
2024-09-20 19:00:00,2024-09-20,19,34,34,0.03,3.305689954220933,0,6,2,224.21148,False,True,False,17.647058823529413,0.03,0.0,0.0,3.305689954220933
2024-09-21 06:00:00,2024-09-21,6,34,34,0.01,3.7187149189863575,0,6,1,224.21148,False,True,False,17.647058823529413,0.01,0.0,0.0,3.7187149189863575
2024-09-21 07:00:00,2024-09-21,7,34,34,3.2,3.5789367969470463,0,6,28,224.21148,False,True,False,17.647058823529413,3.2,15.7975,0.0,-12.218563203052954
2024-09-21 18:00:00,2024-09-21,18,34,34,0.41000000000000003,3.5030206999618327,0,6,12,224.21148,False,True,False,17.647058823529413,0.41000000000000003,0.0,0.0,3.5030206999618327
2024-09-21 19:00:00,2024-09-21,19,34,34,0.01,3.305689954220933,0,6,1,224.21148,False,True,False,17.647058823529413,0.01,0.0,0.0,3.305689954220933
2024-09-22 06:00:00,2024-09-22,6,34,34,0.41000000000000003,3.7187149189863575,0,6,12,224.21148,False,True,False,17.647058823529413,0.41000000000000003,0.0,0.0,3.7187149189863575
2024-09-22 07:00:00,2024-09-22,7,34,34,25.55,3.5789367969470463,0,6,31,224.21148,False,True,False,17.647058823529413,25.55,19.1845,0.0,-15.605563203052954
2024-09-22 18:00:00,2024-09-22,18,34,34,1.98,3.5030206999618327,0,6,12,224.21148,False,True,False,17.647058823529413,1.98,0.0,0.0,3.5030206999618327
2024-09-22 19:00:00,2024-09-22,19,34,34,1.52,3.305689954220933,0,6,2,224.21148,False,True,False,17.647058823529413,1.52,0.0,0.0,3.305689954220933
2024-09-23 06:00:00,2024-09-23,6,34,34,1.93,3.7187149189863575,0,6,11,224.21148,False,True,False,17.647058823529413,1.9300000000000002,0.0,-2.220446049250313e-16,3.7187149189863575
2024-09-23 07:00:00,2024-09-23,7,34,34,26.54,3.5789367969470463,0,6,31,224.21148,False,True,False,17.647058823529413,26.54,17.0788,0.0,-13.499863203052955
2024-09-23 18:00:00,2024-09-23,18,34,34,1.81,3.5030206999618327,0,6,6,224.21148,False,True,False,17.647058823529413,1.81,0.0,0.0,3.5030206999618327
2024-09-23 19:00:00,2024-09-23,19,34,34,1.52,3.305689954220933,0,6,2,224.21148,False,True,False,17.647058823529413,1.52,0.0,0.0,3.305689954220933
2024-09-24 06:00:00,2024-09-24,6,34,34,1.6300000000000001,3.7187149189863575,0,6,6,224.21148,False,True,False,17.647058823529413,1.63,0.0,2.220446049250313e-16,3.7187149189863575
2024-09-24 07:00:00,2024-09-24,7,34,34,22.53,3.5789367969470463,0,6,31,224.21148,False,True,False,17.647058823529413,22.53,14.3106,0.0,-10.731663203052955
2024-09-24 18:00:00,2024-09-24,18,34,34,0.38,3.5030206999618327,0,6,8,224.21148,False,True,False,17.647058823529413,0.38,0.0,0.0,3.5030206999618327
2024-09-24 19:00:00,2024-09-24,19,34,34,0.02,3.305689954220933,0,6,2,224.21148,False,True,False,17.647058823529413,0.02,0.0,0.0,3.305689954220933
2024-09-25 06:00:00,2024-09-25,6,34,34,0.24000000000000002,3.7187149189863575,0,6,12,224.21148,False,True,False,17.647058823529413,0.24,0.0,2.7755575615628914e-17,3.7187149189863575
2024-09-25 07:00:00,2024-09-25,7,34,34,15.75,3.5789367969470463,0,6,32,224.21148,False,True,False,17.647058823529413,15.75,12.8098,0.0,-9.230863203052953
2024-09-25 18:00:00,2024-09-25,18,34,34,6.4799999999999995,3.5030206999618327,0,6,7,224.21148,False,True,False,17.647058823529413,6.48,0.0,-8.881784197001252e-16,3.5030206999618327
2024-09-25 19:00:00,2024-09-25,19,34,34,6.329999999999999,3.305689954220933,0,6,3,224.21148,False,True,False,17.647058823529413,6.33,0.0,-8.881784197001252e-16,3.305689954220933
2024-09-26 06:00:00,2024-09-26,6,34,34,6.38,3.7187149189863575,0,6,7,224.21148,False,True,False,17.647058823529413,6.38,0.0,0.0,3.7187149189863575
2024-09-26 07:00:00,2024-09-26,7,34,34,21.43,3.5789367969470463,0,6,29,224.21148,False,True,False,17.647058823529413,21.43,16.5339,0.0,-12.954963203052953
2024-09-26 18:00:00,2024-09-26,18,34,34,6.47,3.5030206999618327,0,6,5,224.21148,False,True,False,17.647058823529413,6.47,0.0,0.0,3.5030206999618327
2024-09-26 19:00:00,2024-09-26,19,34,34,6.319999999999999,3.305689954220933,0,6,2,224.21148,False,True,False,17.647058823529413,6.32,0.0,-8.881784197001252e-16,3.305689954220933
2024-09-27 06:00:00,2024-09-27,6,34,34,6.39,3.7187149189863575,0,6,6,224.21148,False,True,False,17.647058823529413,6.39,0.0,0.0,3.7187149189863575
2024-09-27 07:00:00,2024-09-27,7,34,34,24.72,3.5789367969470463,0,6,29,224.21148,False,True,False,17.647058823529413,24.72,16.8528,0.0,-13.273863203052953
2024-09-27 18:00:00,2024-09-27,18,34,34,6.4799999999999995,3.5030206999618327,0,6,7,224.21148,False,True,False,17.647058823529413,6.48,0.0,-8.881784197001252e-16,3.5030206999618327
2024-09-27 19:00:00,2024-09-27,19,34,34,6.319999999999999,3.305689954220933,0,6,2,224.21148,False,True,False,17.647058823529413,6.32,0.0,-8.881784197001252e-16,3.305689954220933
2024-09-28 06:00:00,2024-09-28,6,34,34,6.45,3.7187149189863575,0,6,7,224.21148,False,True,False,17.647058823529413,6.45,0.0,0.0,3.7187149189863575
2024-09-28 07:00:00,2024-09-28,7,34,34,25.45,3.5789367969470463,0,6,28,224.21148,False,True,False,17.647058823529413,25.45,16.8141,0.0,-13.235163203052954
2024-09-28 18:00:00,2024-09-28,18,34,34,7.6499999999999995,3.5030206999618327,0,6,6,224.21148,False,True,False,17.647058823529413,7.65,0.0,-8.881784197001252e-16,3.5030206999618327
2024-09-28 19:00:00,2024-09-28,19,34,34,7.5,3.305689954220933,0,6,2,224.21148,False,True,False,17.647058823529413,7.5,0.0,0.0,3.305689954220933
2024-09-29 06:00:00,2024-09-29,6,34,34,7.669999999999999,3.7187149189863575,0,6,8,224.21148,False,True,False,17.647058823529413,7.67,0.0,-8.881784197001252e-16,3.7187149189863575
2024-09-29 07:00:00,2024-09-29,7,34,34,25.29,3.5789367969470463,0,6,30,224.21148,False,True,False,17.647058823529413,25.29,16.9486,0.0,-13.369663203052953
2024-09-29 18:00:00,2024-09-29,18,34,34,7.04,3.5030206999618327,0,6,6,224.21148,False,True,False,17.647058823529413,7.04,0.0,0.0,3.5030206999618327
2024-09-29 19:00:00,2024-09-29,19,34,34,7.0,3.305689954220933,0,6,5,224.21148,False,True,False,17.647058823529413,7.0,0.0,0.0,3.305689954220933
2024-09-30 06:00:00,2024-09-30,6,34,34,6.3999999999999995,3.7187149189863575,0,6,5,224.21148,False,True,False,17.647058823529413,6.4,0.0,-8.881784197001252e-16,3.7187149189863575
2024-09-30 07:00:00,2024-09-30,7,34,34,17.37,3.5789367969470463,0,6,29,224.21148,False,True,False,17.647058823529413,17.37,13.1962,0.0,-9.617263203052953
2024-09-30 18:00:00,2024-09-30,18,34,34,6.31,3.5030206999618327,0,6,1,224.21148,False,True,False,17.647058823529413,6.31,0.0,0.0,3.5030206999618327
2024-09-30 19:00:00,2024-09-30,19,34,34,6.31,3.305689954220933,0,6,1,224.21148,False,True,False,17.647058823529413,6.31,0.0,0.0,3.305689954220933
2024-10-01 06:00:00,2024-10-01,6,34,34,6.31,3.7187149189863575,0,6,1,224.21148,False,True,False,17.647058823529413,6.31,0.0,0.0,3.7187149189863575
2024-10-01 07:00:00,2024-10-01,7,34,34,16.11,3.5789367969470463,0,6,30,224.21148,False,True,False,17.647058823529413,16.11,10.7991,0.0,-7.2201632030529534
2024-10-01 18:00:00,2024-10-01,18,34,34,7.969999999999999,3.5030206999618327,0,6,8,224.21148,False,True,False,17.647058823529413,7.97,0.0,-8.881784197001252e-16,3.5030206999618327
2024-10-01 19:00:00,2024-10-01,19,34,34,7.919999999999999,3.305689954220933,0,6,5,224.21148,False,True,False,17.647058823529413,7.92,0.0,-8.881784197001252e-16,3.305689954220933
2024-10-02 06:00:00,2024-10-02,6,34,34,6.349999999999999,3.7187149189863575,0,6,5,224.21148,False,True,False,17.647058823529413,6.35,0.0,-8.881784197001252e-16,3.7187149189863575
2024-10-02 07:00:00,2024-10-02,7,34,34,26.97,3.5789367969470463,0,6,29,224.21148,False,True,False,17.647058823529413,26.97,16.1185,0.0,-12.539563203052955
2024-10-02 18:00:00,2024-10-02,18,34,34,6.529999999999999,3.5030206999618327,0,6,7,224.21148,False,True,False,17.647058823529413,6.53,0.0,-8.881784197001252e-16,3.5030206999618327
2024-10-02 19:00:00,2024-10-02,19,34,34,6.329999999999999,3.305689954220933,0,6,3,224.21148,False,True,False,17.647058823529413,6.33,0.0,-8.881784197001252e-16,3.305689954220933
2024-10-03 06:00:00,2024-10-03,6,34,34,6.369999999999999,3.7187149189863575,0,6,6,224.21148,False,True,False,17.647058823529413,6.37,0.0,-8.881784197001252e-16,3.7187149189863575
2024-10-03 07:00:00,2024-10-03,7,34,34,26.78,3.5789367969470463,0,6,29,224.21148,False,True,False,17.647058823529413,26.78,16.2512,0.0,-12.672263203052955
2024-10-03 18:00:00,2024-10-03,18,34,34,10.52,3.5030206999618327,0,6,8,224.21148,False,True,False,17.647058823529413,10.52,0.0,0.0,3.5030206999618327
2024-10-03 19:00:00,2024-10-03,19,34,34,10.18,3.305689954220933,0,6,2,224.21148,False,True,False,17.647058823529413,10.18,0.0,0.0,3.305689954220933
2024-10-04 06:00:00,2024-10-04,6,34,34,6.339999999999999,3.7187149189863575,0,6,3,224.21148,False,True,False,17.647058823529413,6.34,0.0,-8.881784197001252e-16,3.7187149189863575
2024-10-04 07:00:00,2024-10-04,7,34,34,25.17,3.5789367969470463,0,6,29,224.21148,False,True,False,17.647058823529413,25.17,14.3911,0.0,-10.812163203052954
2024-10-04 18:00:00,2024-10-04,18,34,34,6.359999999999999,3.5030206999618327,0,6,3,224.21148,False,True,False,17.647058823529413,6.36,0.0,-8.881784197001252e-16,3.5030206999618327
2024-10-04 19:00:00,2024-10-04,19,34,34,6.31,3.305689954220933,0,6,1,224.21148,False,True,False,17.647058823529413,6.31,0.0,0.0,3.305689954220933
2024-10-05 06:00:00,2024-10-05,6,34,34,6.449999999999999,3.7187149189863575,0,6,5,224.21148,False,True,False,17.647058823529413,6.45,0.0,-8.881784197001252e-16,3.7187149189863575
2024-10-05 07:00:00,2024-10-05,7,34,34,20.34,3.5789367969470463,0,6,29,224.21148,False,True,False,17.647058823529413,20.34,11.3416,0.0,-7.762663203052954
2024-10-05 18:00:00,2024-10-05,18,34,34,6.31,3.5030206999618327,0,6,1,224.21148,False,True,False,17.647058823529413,6.31,0.0,0.0,3.5030206999618327
2024-10-05 19:00:00,2024-10-05,19,34,34,6.319999999999999,3.305689954220933,0,6,2,224.21148,False,True,False,17.647058823529413,6.32,0.0,-8.881784197001252e-16,3.305689954220933
2024-10-06 06:00:00,2024-10-06,6,34,34,6.31,3.7187149189863575,0,6,1,224.21148,False,True,False,17.647058823529413,6.31,0.0,0.0,3.7187149189863575
2024-10-06 07:00:00,2024-10-06,7,34,34,7.13,3.5789367969470463,0,6,13,224.21148,False,True,False,17.647058823529413,7.13,7.331,0.0,-3.752063203052954
2024-10-06 18:00:00,2024-10-06,18,34,34,6.329999999999999,3.5030206999618327,0,6,3,224.21148,False,True,False,17.647058823529413,6.33,0.0,-8.881784197001252e-16,3.5030206999618327
2024-10-06 19:00:00,2024-10-06,19,34,34,6.329999999999999,3.305689954220933,0,6,3,224.21148,False,True,False,17.647058823529413,6.33,0.0,-8.881784197001252e-16,3.305689954220933
2024-10-07 06:00:00,2024-10-07,6,34,34,6.329999999999999,3.7187149189863575,0,6,3,224.21148,False,True,False,17.647058823529413,6.33,0.0,-8.881784197001252e-16,3.7187149189863575
2024-10-07 07:00:00,2024-10-07,7,34,34,10.06,3.5789367969470463,0,6,29,224.21148,False,True,False,17.647058823529413,10.06,10.0841,0.0,-6.505163203052954
2024-10-07 18:00:00,2024-10-07,18,34,34,6.329999999999999,3.5030206999618327,0,6,3,224.21148,False,True,False,17.647058823529413,6.33,0.0,-8.881784197001252e-16,3.5030206999618327
2024-10-07 19:00:00,2024-10-07,19,34,34,6.329999999999999,3.305689954220933,0,6,3,224.21148,False,True,False,17.647058823529413,6.33,0.0,-8.881784197001252e-16,3.305689954220933
2024-10-08 06:00:00,2024-10-08,6,34,34,6.329999999999999,3.7187149189863575,0,6,3,224.21148,False,True,False,17.647058823529413,6.33,0.0,-8.881784197001252e-16,3.7187149189863575
2024-10-08 07:00:00,2024-10-08,7,34,34,25.45,3.5789367969470463,0,6,31,224.21148,False,True,False,17.647058823529413,25.45,14.6093,0.0,-11.030363203052953
2024-10-08 18:00:00,2024-10-08,18,34,34,6.329999999999999,3.5030206999618327,0,6,3,224.21148,False,True,False,17.647058823529413,6.33,0.0,-8.881784197001252e-16,3.5030206999618327
2024-10-08 19:00:00,2024-10-08,19,34,34,6.319999999999999,3.305689954220933,0,6,2,224.21148,False,True,False,17.647058823529413,6.32,0.0,-8.881784197001252e-16,3.305689954220933
2024-10-09 06:00:00,2024-10-09,6,34,34,6.319999999999999,3.7187149189863575,0,6,2,224.21148,False,True,False,17.647058823529413,6.32,0.0,-8.881784197001252e-16,3.7187149189863575
2024-10-09 07:00:00,2024-10-09,7,34,34,20.16,3.5789367969470463,0,6,28,224.21148,False,True,False,17.647058823529413,20.16,14.0245,0.0,-10.445563203052954
2024-10-09 18:00:00,2024-10-09,18,34,34,6.55,3.5030206999618327,0,6,2,224.21148,False,True,False,17.647058823529413,6.55,0.0,0.0,3.5030206999618327
2024-10-09 19:00:00,2024-10-09,19,34,34,6.55,3.305689954220933,0,6,2,224.21148,False,True,False,17.647058823529413,6.55,0.0,0.0,3.305689954220933
2024-10-10 06:00:00,2024-10-10,6,34,34,6.319999999999999,3.7187149189863575,0,6,2,224.21148,False,True,False,17.647058823529413,6.32,0.0,-8.881784197001252e-16,3.7187149189863575
2024-10-10 07:00:00,2024-10-10,7,34,34,18.21,3.5789367969470463,0,6,29,224.21148,False,True,False,17.647058823529413,18.21,12.6192,0.0,-9.040263203052954
2024-10-10 18:00:00,2024-10-10,18,34,34,7.419999999999999,3.5030206999618327,0,6,4,224.21148,False,True,False,17.647058823529413,7.42,0.0,-8.881784197001252e-16,3.5030206999618327
2024-10-10 19:00:00,2024-10-10,19,34,34,6.409999999999999,3.305689954220933,0,6,3,224.21148,False,True,False,17.647058823529413,6.41,0.0,-8.881784197001252e-16,3.305689954220933
2024-10-11 06:00:00,2024-10-11,6,34,34,6.31,3.7187149189863575,0,6,1,224.21148,False,True,False,17.647058823529413,6.31,0.0,0.0,3.7187149189863575
2024-10-11 07:00:00,2024-10-11,7,34,34,17.68,3.5789367969470463,0,6,29,224.21148,False,True,False,17.647058823529413,17.68,11.7875,0.0,-8.208563203052954
2024-10-11 18:00:00,2024-10-11,18,34,34,7.359999999999999,3.5030206999618327,0,6,6,224.21148,False,True,False,17.647058823529413,7.36,0.0,-8.881784197001252e-16,3.5030206999618327
2024-10-11 19:00:00,2024-10-11,19,34,34,6.339999999999999,3.305689954220933,0,6,4,224.21148,False,True,False,17.647058823529413,6.34,0.0,-8.881784197001252e-16,3.305689954220933
2024-10-12 06:00:00,2024-10-12,6,34,34,6.339999999999999,3.7187149189863575,0,6,4,224.21148,False,True,False,17.647058823529413,6.34,0.0,-8.881784197001252e-16,3.7187149189863575
2024-10-12 07:00:00,2024-10-12,7,34,34,17.419999999999998,3.5789367969470463,0,6,30,224.21148,False,True,False,17.647058823529413,17.42,11.5481,-3.552713678800501e-15,-7.969163203052954
2024-10-12 18:00:00,2024-10-12,18,34,34,7.9399999999999995,3.5030206999618327,0,6,4,224.21148,False,True,False,17.647058823529413,7.94,0.0,-8.881784197001252e-16,3.5030206999618327
2024-10-12 19:00:00,2024-10-12,19,34,34,6.93,3.305689954220933,0,6,3,224.21148,False,True,False,17.647058823529413,6.93,0.0,0.0,3.305689954220933
2024-10-13 06:00:00,2024-10-13,6,34,34,6.319999999999999,3.7187149189863575,0,6,2,224.21148,False,True,False,17.647058823529413,6.32,0.0,-8.881784197001252e-16,3.7187149189863575
2024-10-13 07:00:00,2024-10-13,7,34,34,12.18,3.5789367969470463,0,6,29,224.21148,False,True,False,17.647058823529413,12.18,8.8925,0.0,-5.313563203052954
2024-10-13 18:00:00,2024-10-13,18,34,34,0.07,3.5030206999618327,0,6,2,224.21148,False,True,False,17.647058823529413,0.07,0.0,0.0,3.5030206999618327
2024-10-13 19:00:00,2024-10-13,19,34,34,0.06,3.305689954220933,0,6,1,224.21148,False,True,False,17.647058823529413,0.06,0.0,0.0,3.305689954220933
2024-10-14 06:00:00,2024-10-14,6,34,34,0.01,3.7187149189863575,0,6,1,224.21148,False,True,False,17.647058823529413,0.01,0.0,0.0,3.7187149189863575
2024-10-14 07:00:00,2024-10-14,7,34,34,3.18,3.5789367969470463,0,6,27,224.21148,False,True,False,17.647058823529413,3.18,9.142,0.0,-5.563063203052954
2024-10-14 18:00:00,2024-10-14,18,34,34,0.84,3.5030206999618327,0,6,3,224.21148,False,True,False,17.647058823529413,0.84,0.0,0.0,3.5030206999618327
2024-10-14 19:00:00,2024-10-14,19,34,34,0.84,3.305689954220933,0,6,3,224.21148,False,True,False,17.647058823529413,0.84,0.0,0.0,3.305689954220933
2024-10-15 06:00:00,2024-10-15,6,34,34,0.84,3.7187149189863575,0,6,3,224.21148,False,True,False,17.647058823529413,0.84,0.0,0.0,3.7187149189863575
2024-10-15 07:00:00,2024-10-15,7,34,34,5.05,3.5789367969470463,0,6,29,224.21148,False,True,False,17.647058823529413,5.05,11.746,0.0,-8.167063203052955
2024-10-15 18:00:00,2024-10-15,18,34,34,0.01,3.5030206999618327,0,6,1,224.21148,False,True,False,17.647058823529413,0.01,0.0,0.0,3.5030206999618327
2024-10-15 19:00:00,2024-10-15,19,34,34,0.01,3.305689954220933,0,6,1,224.21148,False,True,False,17.647058823529413,0.01,0.0,0.0,3.305689954220933
2024-10-16 06:00:00,2024-10-16,6,34,34,0.01,3.7187149189863575,0,6,1,224.21148,False,True,False,17.647058823529413,0.01,0.0,0.0,3.7187149189863575
2024-10-16 07:00:00,2024-10-16,7,34,34,6.99,3.5789367969470463,0,6,30,224.21148,False,True,False,17.647058823529413,6.99,10.7536,0.0,-7.174663203052955
2024-10-16 18:00:00,2024-10-16,18,34,34,0.02,3.5030206999618327,0,6,2,224.21148,False,True,False,17.647058823529413,0.02,0.0,0.0,3.5030206999618327
2024-10-16 19:00:00,2024-10-16,19,34,34,0.02,3.305689954220933,0,6,2,224.21148,False,True,False,17.647058823529413,0.02,0.0,0.0,3.305689954220933
2024-10-17 06:00:00,2024-10-17,6,34,34,0.02,3.7187149189863575,0,6,2,224.21148,False,True,False,17.647058823529413,0.02,0.0,0.0,3.7187149189863575
2024-10-17 07:00:00,2024-10-17,7,34,34,6.26,3.5789367969470463,0,6,30,224.21148,False,True,False,17.647058823529413,6.26,9.7359,0.0,-6.156963203052955
2024-10-17 18:00:00,2024-10-17,18,34,34,0.0,3.5030206999618327,0,6,0,224.21148,False,False,False,17.647058823529413,0.0,0.0,0.0,3.5030206999618327
2024-10-17 19:00:00,2024-10-17,19,34,34,0.01,3.305689954220933,0,6,1,224.21148,False,True,False,17.647058823529413,0.01,0.0,0.0,3.305689954220933
2024-10-18 06:00:00,2024-10-18,6,34,34,0.01,3.7187149189863575,0,6,1,224.21148,False,True,False,17.647058823529413,0.01,0.0,0.0,3.7187149189863575
2024-10-18 07:00:00,2024-10-18,7,34,34,10.33,3.5789367969470463,0,6,29,224.21148,False,True,False,17.647058823529413,10.33,9.5955,0.0,-6.016563203052954
2024-10-18 18:00:00,2024-10-18,18,34,34,0.0,3.5030206999618327,0,6,0,224.21148,False,False,False,17.647058823529413,0.0,0.0,0.0,3.5030206999618327
2024-10-18 19:00:00,2024-10-18,19,34,34,0.0,3.305689954220933,0,6,0,224.21148,False,False,False,17.647058823529413,0.0,0.0,0.0,3.305689954220933
2024-10-19 06:00:00,2024-10-19,6,34,34,0.0,3.7187149189863575,0,6,0,224.21148,False,False,False,17.647058823529413,0.0,0.0,0.0,3.7187149189863575
2024-10-19 07:00:00,2024-10-19,7,34,34,5.63,3.5789367969470463,0,6,28,224.21148,False,True,False,17.647058823529413,5.63,11.9455,0.0,-8.366563203052953
2024-10-19 18:00:00,2024-10-19,18,34,34,1.61,3.5030206999618327,0,6,2,224.21148,False,True,False,17.647058823529413,1.6099999999999999,0.0,2.220446049250313e-16,3.5030206999618327
2024-10-19 19:00:00,2024-10-19,19,34,34,1.61,3.305689954220933,0,6,2,224.21148,False,True,False,17.647058823529413,1.6099999999999999,0.0,2.220446049250313e-16,3.305689954220933
2024-10-20 06:00:00,2024-10-20,6,34,34,1.6,3.7187149189863575,0,6,1,224.21148,False,True,False,17.647058823529413,1.6,0.0,0.0,3.7187149189863575
2024-10-20 07:00:00,2024-10-20,7,34,34,5.5200000000000005,3.5789367969470463,0,6,27,224.21148,False,True,False,17.647058823529413,5.52,8.9981,8.881784197001252e-16,-5.419163203052955
2024-10-20 18:00:00,2024-10-20,18,34,34,0.01,3.5030206999618327,0,6,1,224.21148,False,True,False,17.647058823529413,0.01,0.0,0.0,3.5030206999618327
2024-10-20 19:00:00,2024-10-20,19,34,34,0.01,3.305689954220933,0,6,1,224.21148,False,True,False,17.647058823529413,0.01,0.0,0.0,3.305689954220933
2024-10-21 06:00:00,2024-10-21,6,34,34,0.01,3.7187149189863575,0,6,1,224.21148,False,True,False,17.647058823529413,0.01,0.0,0.0,3.7187149189863575
2024-10-21 07:00:00,2024-10-21,7,34,34,4.51,3.5789367969470463,0,6,28,224.21148,False,True,False,17.647058823529413,4.51,7.5014,0.0,-3.922463203052954
2024-10-21 18:00:00,2024-10-21,18,36,36,0.0,3.868717681672888,0,6,0,232.60148,False,False,False,16.666666666666664,0.0,0.0,0.0,3.868717681672888
2024-10-21 19:00:00,2024-10-21,19,36,36,0.0,3.6339713010541423,0,6,0,232.60148,False,False,False,16.666666666666664,0.0,0.0,0.0,3.6339713010541423
2024-10-22 06:00:00,2024-10-22,6,36,36,0.0,4.078975462339946,0,6,0,232.60148,False,False,False,16.666666666666664,0.0,0.0,0.0,4.078975462339946
2024-10-22 07:00:00,2024-10-22,7,36,36,1.36,3.9421301736871257,0,6,18,232.60148,False,True,False,16.666666666666664,1.3599999999999999,7.4324,2.220446049250313e-16,-3.4902698263128746
2024-10-22 18:00:00,2024-10-22,18,36,36,0.02,3.868717681672888,0,6,2,232.60148,False,True,False,16.666666666666664,0.02,0.0,0.0,3.868717681672888
2024-10-22 19:00:00,2024-10-22,19,36,36,0.01,3.6339713010541423,0,6,1,232.60148,False,True,False,16.666666666666664,0.01,0.0,0.0,3.6339713010541423
2024-10-23 06:00:00,2024-10-23,6,36,36,0.01,4.078975462339946,0,6,1,232.60148,False,True,False,16.666666666666664,0.01,0.0,0.0,4.078975462339946
2024-10-23 07:00:00,2024-10-23,7,36,36,12.15,3.9421301736871257,0,6,29,232.60148,False,True,False,16.666666666666664,12.15,12.1936,0.0,-8.251469826312874
2024-10-23 18:00:00,2024-10-23,18,36,36,0.04,3.868717681672888,0,6,2,232.60148,False,True,False,16.666666666666664,0.04,0.0,0.0,3.868717681672888
2024-10-23 19:00:00,2024-10-23,19,36,36,0.01,3.6339713010541423,0,6,1,232.60148,False,True,False,16.666666666666664,0.01,0.0,0.0,3.6339713010541423
2024-10-24 06:00:00,2024-10-24,6,36,36,0.01,4.078975462339946,0,6,1,232.60148,False,True,False,16.666666666666664,0.01,0.0,0.0,4.078975462339946
2024-10-24 07:00:00,2024-10-24,7,36,36,11.26,3.9421301736871257,0,6,30,232.60148,False,True,False,16.666666666666664,11.26,12.0098,0.0,-8.067669826312875
2024-10-24 18:00:00,2024-10-24,18,36,36,1.84,3.868717681672888,0,6,4,232.60148,False,True,False,16.666666666666664,1.8399999999999999,0.0,2.220446049250313e-16,3.868717681672888
2024-10-24 19:00:00,2024-10-24,19,36,36,1.84,3.6339713010541423,0,6,4,232.60148,False,True,False,16.666666666666664,1.8399999999999999,0.0,2.220446049250313e-16,3.6339713010541423
2024-10-25 06:00:00,2024-10-25,6,36,36,0.03,4.078975462339946,0,6,3,232.60148,False,True,False,16.666666666666664,0.03,0.0,0.0,4.078975462339946
2024-10-25 07:00:00,2024-10-25,7,36,36,9.9,3.9421301736871257,0,6,30,232.60148,False,True,False,16.666666666666664,9.9,9.8372,0.0,-5.895069826312874
2024-10-25 18:00:00,2024-10-25,18,36,36,0.72,3.868717681672888,0,6,1,232.60148,False,True,False,16.666666666666664,0.72,0.0,0.0,3.868717681672888
2024-10-25 19:00:00,2024-10-25,19,36,36,0.72,3.6339713010541423,0,6,1,232.60148,False,True,False,16.666666666666664,0.72,0.0,0.0,3.6339713010541423
2024-10-26 06:00:00,2024-10-26,6,36,36,0.0,4.078975462339946,0,6,0,232.60148,False,False,False,16.666666666666664,0.0,0.0,0.0,4.078975462339946
2024-10-26 07:00:00,2024-10-26,7,36,36,9.370000000000001,3.9421301736871257,0,6,30,232.60148,False,True,False,16.666666666666664,9.37,10.0656,1.7763568394002505e-15,-6.123469826312874
2024-10-26 18:00:00,2024-10-26,18,36,36,1.79,3.868717681672888,0,6,2,232.60148,False,True,False,16.666666666666664,1.79,0.0,0.0,3.868717681672888
2024-10-26 19:00:00,2024-10-26,19,36,36,1.79,3.6339713010541423,0,6,2,232.60148,False,True,False,16.666666666666664,1.79,0.0,0.0,3.6339713010541423
2024-10-27 06:00:00,2024-10-27,6,36,36,0.01,4.078975462339946,0,6,1,232.60148,False,True,False,16.666666666666664,0.01,0.0,0.0,4.078975462339946
2024-10-27 07:00:00,2024-10-27,7,36,36,1.56,3.9421301736871257,0,6,16,232.60148,False,True,False,16.666666666666664,1.56,7.6413,0.0,-3.6991698263128745
2024-10-27 18:00:00,2024-10-27,18,36,36,0.33,3.868717681672888,0,6,2,232.60148,False,True,False,16.666666666666664,0.33,0.0,0.0,3.868717681672888
2024-10-27 19:00:00,2024-10-27,19,36,36,0.33,3.6339713010541423,0,6,2,232.60148,False,True,False,16.666666666666664,0.33,0.0,0.0,3.6339713010541423
2024-10-28 06:00:00,2024-10-28,6,36,36,0.01,4.078975462339946,0,6,1,232.60148,False,True,False,16.666666666666664,0.01,0.0,0.0,4.078975462339946
2024-10-28 07:00:00,2024-10-28,7,36,36,8.56,3.9421301736871257,0,6,29,232.60148,False,True,False,16.666666666666664,8.56,10.7585,0.0,-6.816369826312874
2024-10-28 18:00:00,2024-10-28,18,36,36,1.98,3.868717681672888,0,6,1,232.60148,False,True,False,16.666666666666664,1.98,0.0,0.0,3.868717681672888
2024-10-28 19:00:00,2024-10-28,19,36,36,1.98,3.6339713010541423,0,6,1,232.60148,False,True,False,16.666666666666664,1.98,0.0,0.0,3.6339713010541423
2024-10-29 06:00:00,2024-10-29,6,36,36,0.0,4.078975462339946,0,6,0,232.60148,False,False,False,16.666666666666664,0.0,0.0,0.0,4.078975462339946
2024-10-29 07:00:00,2024-10-29,7,36,36,9.19,3.9421301736871257,0,6,30,232.60148,False,True,False,16.666666666666664,9.19,10.9532,0.0,-7.011069826312875
2024-10-29 18:00:00,2024-10-29,18,36,36,1.93,3.868717681672888,0,6,1,232.60148,False,True,False,16.666666666666664,1.9300000000000002,0.0,-2.220446049250313e-16,3.868717681672888
2024-10-29 19:00:00,2024-10-29,19,36,36,1.93,3.6339713010541423,0,6,1,232.60148,False,True,False,16.666666666666664,1.9300000000000002,0.0,-2.220446049250313e-16,3.6339713010541423
2024-10-30 06:00:00,2024-10-30,6,36,36,0.0,4.078975462339946,0,6,0,232.60148,False,False,False,16.666666666666664,0.0,0.0,0.0,4.078975462339946
2024-10-30 07:00:00,2024-10-30,7,36,36,8.370000000000001,3.9421301736871257,0,6,31,232.60148,False,True,False,16.666666666666664,8.37,10.2244,1.7763568394002505e-15,-6.282269826312874
2024-10-30 18:00:00,2024-10-30,18,36,36,1.75,3.868717681672888,0,6,2,232.60148,False,True,False,16.666666666666664,1.75,0.0,0.0,3.868717681672888
2024-10-30 19:00:00,2024-10-30,19,36,36,1.65,3.6339713010541423,0,6,1,232.60148,False,True,False,16.666666666666664,1.65,0.0,0.0,3.6339713010541423
2024-10-31 06:00:00,2024-10-31,6,36,36,0.0,4.078975462339946,0,6,0,232.60148,False,False,False,16.666666666666664,0.0,0.0,0.0,4.078975462339946
2024-10-31 07:00:00,2024-10-31,7,36,36,7.4399999999999995,3.9421301736871257,0,6,32,232.60148,False,True,False,16.666666666666664,7.44,9.257,-8.881784197001252e-16,-5.314869826312874
2024-10-31 18:00:00,2024-10-31,18,36,36,1.74,3.868717681672888,0,6,3,232.60148,False,True,False,16.666666666666664,1.74,0.0,0.0,3.868717681672888
2024-10-31 19:00:00,2024-10-31,19,36,36,1.74,3.6339713010541423,0,6,3,232.60148,False,True,False,16.666666666666664,1.74,0.0,0.0,3.6339713010541423
2024-11-01 06:00:00,2024-11-01,6,36,36,0.02,4.078975462339946,0,6,2,232.60148,False,True,False,16.666666666666664,0.02,0.0,0.0,4.078975462339946
2024-11-01 07:00:00,2024-11-01,7,36,36,3.0300000000000002,3.9421301736871257,0,6,24,232.60148,False,True,False,16.666666666666664,3.03,6.579,4.440892098500626e-16,-2.636869826312874
2024-11-01 18:00:00,2024-11-01,18,36,36,0.74,3.868717681672888,0,6,2,232.60148,False,True,False,16.666666666666664,0.74,0.0,0.0,3.868717681672888
2024-11-01 19:00:00,2024-11-01,19,36,36,0.74,3.6339713010541423,0,6,2,232.60148,False,True,False,16.666666666666664,0.74,0.0,0.0,3.6339713010541423
2024-11-02 06:00:00,2024-11-02,6,36,36,0.01,4.078975462339946,0,6,1,232.60148,False,True,False,16.666666666666664,0.01,0.0,0.0,4.078975462339946
2024-11-02 07:00:00,2024-11-02,7,36,36,6.74,3.9421301736871257,0,6,31,232.60148,False,True,False,16.666666666666664,6.74,7.0853,0.0,-3.1431698263128744
2024-11-02 18:00:00,2024-11-02,18,36,36,2.19,3.868717681672888,0,6,4,232.60148,False,True,False,16.666666666666664,2.19,0.0,0.0,3.868717681672888
2024-11-02 19:00:00,2024-11-02,19,36,36,2.19,3.6339713010541423,0,6,4,232.60148,False,True,False,16.666666666666664,2.19,0.0,0.0,3.6339713010541423
2024-11-03 06:00:00,2024-11-03,6,36,36,0.02,4.078975462339946,0,6,2,232.60148,False,True,False,16.666666666666664,0.02,0.0,0.0,4.078975462339946
2024-11-03 07:00:00,2024-11-03,7,36,36,5.94,3.9421301736871257,0,6,32,232.60148,False,True,False,16.666666666666664,5.94,6.6415,0.0,-2.699369826312874
2024-11-03 18:00:00,2024-11-03,18,36,36,2.27,3.868717681672888,0,6,4,232.60148,False,True,False,16.666666666666664,2.27,0.0,0.0,3.868717681672888
2024-11-03 19:00:00,2024-11-03,19,36,36,2.2600000000000002,3.6339713010541423,0,6,3,232.60148,False,True,False,16.666666666666664,2.26,0.0,4.440892098500626e-16,3.6339713010541423
2024-11-04 06:00:00,2024-11-04,6,36,36,0.47000000000000003,4.078975462339946,0,6,2,232.60148,False,True,False,16.666666666666664,0.47000000000000003,0.0,0.0,4.078975462339946
2024-11-04 07:00:00,2024-11-04,7,36,36,7.09,3.9421301736871257,0,6,29,232.60148,False,True,False,16.666666666666664,7.09,6.7942,0.0,-2.8520698263128743
2024-11-04 18:00:00,2024-11-04,18,36,36,1.89,3.868717681672888,0,6,1,232.60148,False,True,False,16.666666666666664,1.8900000000000001,0.0,-2.220446049250313e-16,3.868717681672888
2024-11-04 19:00:00,2024-11-04,19,36,36,0.0,3.6339713010541423,0,6,0,232.60148,False,False,False,16.666666666666664,0.0,0.0,0.0,3.6339713010541423
2024-11-05 06:00:00,2024-11-05,6,36,36,0.0,4.078975462339946,0,6,0,232.60148,False,False,False,16.666666666666664,0.0,0.0,0.0,4.078975462339946
2024-11-05 07:00:00,2024-11-05,7,36,36,7.029999999999999,3.9421301736871257,0,6,31,232.60148,False,True,False,16.666666666666664,7.03,7.6622,-8.881784197001252e-16,-3.7200698263128746
2024-11-05 18:00:00,2024-11-05,18,36,36,0.01,3.868717681672888,0,6,1,232.60148,False,True,False,16.666666666666664,0.01,0.0,0.0,3.868717681672888
2024-11-05 19:00:00,2024-11-05,19,36,36,0.01,3.6339713010541423,0,6,1,232.60148,False,True,False,16.666666666666664,0.01,0.0,0.0,3.6339713010541423
2024-11-06 06:00:00,2024-11-06,6,36,36,0.01,4.078975462339946,0,6,1,232.60148,False,True,False,16.666666666666664,0.01,0.0,0.0,4.078975462339946
2024-11-06 07:00:00,2024-11-06,7,36,36,6.35,3.9421301736871257,0,6,30,232.60148,False,True,False,16.666666666666664,6.35,7.4295,0.0,-3.4873698263128743
2024-11-06 18:00:00,2024-11-06,18,36,36,1.76,3.868717681672888,0,6,2,232.60148,False,True,False,16.666666666666664,1.76,0.0,0.0,3.868717681672888
2024-11-06 19:00:00,2024-11-06,19,36,36,0.01,3.6339713010541423,0,6,1,232.60148,False,True,False,16.666666666666664,0.01,0.0,0.0,3.6339713010541423
2024-11-07 06:00:00,2024-11-07,6,36,36,0.01,4.078975462339946,0,6,1,232.60148,False,True,False,16.666666666666664,0.01,0.0,0.0,4.078975462339946
2024-11-07 07:00:00,2024-11-07,7,36,36,6.5600000000000005,3.9421301736871257,0,6,29,232.60148,False,True,False,16.666666666666664,6.5600000000000005,7.0692,0.0,-3.1270698263128747
2024-11-07 18:00:00,2024-11-07,18,36,36,0.42,3.868717681672888,0,6,2,232.60148,False,True,False,16.666666666666664,0.42,0.0,0.0,3.868717681672888
2024-11-07 19:00:00,2024-11-07,19,36,36,0.0,3.6339713010541423,0,6,0,232.60148,False,False,False,16.666666666666664,0.0,0.0,0.0,3.6339713010541423
2024-11-08 06:00:00,2024-11-08,6,36,36,0.0,4.078975462339946,0,6,0,232.60148,False,False,False,16.666666666666664,0.0,0.0,0.0,4.078975462339946
2024-11-08 07:00:00,2024-11-08,7,36,36,3.65,3.9421301736871257,0,6,30,232.60148,False,True,False,16.666666666666664,3.65,6.7148,0.0,-2.7726698263128746
2024-11-08 18:00:00,2024-11-08,18,36,36,0.01,3.868717681672888,0,6,1,232.60148,False,True,False,16.666666666666664,0.01,0.0,0.0,3.868717681672888
2024-11-08 19:00:00,2024-11-08,19,36,36,0.01,3.6339713010541423,0,6,1,232.60148,False,True,False,16.666666666666664,0.01,0.0,0.0,3.6339713010541423
2024-11-09 06:00:00,2024-11-09,6,36,36,0.01,4.078975462339946,0,6,1,232.60148,False,True,False,16.666666666666664,0.01,0.0,0.0,4.078975462339946
2024-11-09 07:00:00,2024-11-09,7,36,36,2.45,3.9421301736871257,0,6,25,232.60148,False,True,False,16.666666666666664,2.45,4.1147,0.0,-0.17256982631287432
2024-11-09 18:00:00,2024-11-09,18,36,36,0.78,3.868717681672888,0,6,2,232.60148,False,True,False,16.666666666666664,0.78,0.0,0.0,3.868717681672888
2024-11-09 19:00:00,2024-11-09,19,36,36,0.78,3.6339713010541423,0,6,2,232.60148,False,True,False,16.666666666666664,0.78,0.0,0.0,3.6339713010541423
2024-11-10 06:00:00,2024-11-10,6,36,36,0.01,4.078975462339946,0,6,1,232.60148,False,True,False,16.666666666666664,0.01,0.0,0.0,4.078975462339946
2024-11-10 07:00:00,2024-11-10,7,36,36,0.94,3.9421301736871257,0,6,20,232.60148,False,True,False,16.666666666666664,0.9400000000000001,4.5883,-1.1102230246251565e-16,-0.6461698263128746
2024-11-10 18:00:00,2024-11-10,18,36,36,0.56,3.868717681672888,0,6,1,232.60148,False,True,False,16.666666666666664,0.56,0.0,0.0,3.868717681672888
2024-11-10 19:00:00,2024-11-10,19,36,36,0.56,3.6339713010541423,0,6,1,232.60148,False,True,False,16.666666666666664,0.56,0.0,0.0,3.6339713010541423
2024-11-11 06:00:00,2024-11-11,6,36,36,0.0,4.078975462339946,0,6,0,232.60148,False,False,False,16.666666666666664,0.0,0.0,0.0,4.078975462339946
2024-11-11 07:00:00,2024-11-11,7,36,36,4.0600000000000005,3.9421301736871257,0,6,27,232.60148,False,True,False,16.666666666666664,4.06,4.9253,8.881784197001252e-16,-0.9831698263128743
2024-11-11 18:00:00,2024-11-11,18,36,36,1.11,3.868717681672888,0,6,1,232.60148,False,True,False,16.666666666666664,1.11,0.0,0.0,3.868717681672888
2024-11-11 19:00:00,2024-11-11,19,36,36,1.11,3.6339713010541423,0,6,1,232.60148,False,True,False,16.666666666666664,1.11,0.0,0.0,3.6339713010541423
2024-11-12 06:00:00,2024-11-12,6,36,36,0.0,4.078975462339946,0,6,0,232.60148,False,False,False,16.666666666666664,0.0,0.0,0.0,4.078975462339946
2024-11-12 07:00:00,2024-11-12,7,36,36,2.98,3.9421301736871257,0,6,25,232.60148,False,True,False,16.666666666666664,2.98,4.58,0.0,-0.6378698263128744
2024-11-12 18:00:00,2024-11-12,18,36,36,1.02,3.868717681672888,0,6,2,232.60148,False,True,False,16.666666666666664,1.02,0.0,0.0,3.868717681672888
2024-11-12 19:00:00,2024-11-12,19,36,36,1.02,3.6339713010541423,0,6,2,232.60148,False,True,False,16.666666666666664,1.02,0.0,0.0,3.6339713010541423
2024-11-13 06:00:00,2024-11-13,6,36,36,1.01,4.078975462339946,0,6,1,232.60148,False,True,False,16.666666666666664,1.01,0.0,0.0,4.078975462339946
2024-11-13 07:00:00,2024-11-13,7,36,36,1.6300000000000001,3.9421301736871257,0,6,10,232.60148,False,True,False,16.666666666666664,1.63,4.6155,2.220446049250313e-16,-0.6733698263128742
2024-11-13 18:00:00,2024-11-13,18,36,36,1.46,3.868717681672888,0,6,5,232.60148,False,True,False,16.666666666666664,1.46,0.0,0.0,3.868717681672888
2024-11-13 19:00:00,2024-11-13,19,36,36,1.46,3.6339713010541423,0,6,5,232.60148,False,True,False,16.666666666666664,1.46,0.0,0.0,3.6339713010541423
2024-11-14 06:00:00,2024-11-14,6,36,36,1.39,4.078975462339946,0,6,5,232.60148,False,True,False,16.666666666666664,1.3900000000000001,0.0,-2.220446049250313e-16,4.078975462339946
2024-11-14 07:00:00,2024-11-14,7,36,36,1.59,3.9421301736871257,0,6,10,232.60148,False,True,False,16.666666666666664,1.5899999999999999,3.9268,2.220446049250313e-16,0.015330173687125637
2024-11-14 18:00:00,2024-11-14,18,36,36,1.45,3.868717681672888,0,6,2,232.60148,False,True,False,16.666666666666664,1.45,0.0,0.0,3.868717681672888
2024-11-14 19:00:00,2024-11-14,19,36,36,1.36,3.6339713010541423,0,6,2,232.60148,False,True,False,16.666666666666664,1.3599999999999999,0.0,2.220446049250313e-16,3.6339713010541423
2024-11-15 06:00:00,2024-11-15,6,36,36,1.36,4.078975462339946,0,6,2,232.60148,False,True,False,16.666666666666664,1.3599999999999999,0.0,2.220446049250313e-16,4.078975462339946
2024-11-15 07:00:00,2024-11-15,7,36,36,4.21,3.9421301736871257,0,6,16,232.60148,False,True,False,16.666666666666664,4.21,4.3551,0.0,-0.4129698263128745
2024-11-15 18:00:00,2024-11-15,18,36,36,2.27,3.868717681672888,0,6,3,232.60148,False,True,False,16.666666666666664,2.27,0.0,0.0,3.868717681672888
2024-11-15 19:00:00,2024-11-15,19,36,36,1.1300000000000001,3.6339713010541423,0,6,2,232.60148,False,True,False,16.666666666666664,1.13,0.0,2.220446049250313e-16,3.6339713010541423
2024-11-16 06:00:00,2024-11-16,6,36,36,1.36,4.078975462339946,0,6,2,232.60148,False,True,False,16.666666666666664,1.3599999999999999,0.0,2.220446049250313e-16,4.078975462339946
2024-11-16 07:00:00,2024-11-16,7,36,36,4.17,3.9421301736871257,0,6,12,232.60148,False,True,False,16.666666666666664,4.17,3.7416,0.0,0.20053017368712567
2024-11-16 18:00:00,2024-11-16,18,36,36,2.48,3.868717681672888,0,6,5,232.60148,False,True,False,16.666666666666664,2.48,0.0,0.0,3.868717681672888
2024-11-16 19:00:00,2024-11-16,19,36,36,1.34,3.6339713010541423,0,6,4,232.60148,False,True,False,16.666666666666664,1.34,0.0,0.0,3.6339713010541423
2024-11-17 06:00:00,2024-11-17,6,36,36,0.33,4.078975462339946,0,6,3,232.60148,False,True,False,16.666666666666664,0.33,0.0,0.0,4.078975462339946
2024-11-17 07:00:00,2024-11-17,7,36,36,5.01,3.9421301736871257,0,6,20,232.60148,False,True,False,16.666666666666664,5.01,4.6104,0.0,-0.6682698263128746
2024-11-17 18:00:00,2024-11-17,18,36,36,2.62,3.868717681672888,0,6,3,232.60148,False,True,False,16.666666666666664,2.62,0.0,0.0,3.868717681672888
2024-11-17 19:00:00,2024-11-17,19,36,36,1.48,3.6339713010541423,0,6,2,232.60148,False,True,False,16.666666666666664,1.48,0.0,0.0,3.6339713010541423
2024-11-18 06:00:00,2024-11-18,6,36,36,1.48,4.078975462339946,0,6,2,232.60148,False,True,False,16.666666666666664,1.48,0.0,0.0,4.078975462339946
2024-11-18 07:00:00,2024-11-18,7,36,36,5.35,3.9421301736871257,0,6,20,232.60148,False,True,False,16.666666666666664,5.35,4.3716,0.0,-0.4294698263128742
2024-11-18 18:00:00,2024-11-18,18,36,36,1.38,3.868717681672888,0,6,3,232.60148,False,True,False,16.666666666666664,1.38,0.0,0.0,3.868717681672888
2024-11-18 19:00:00,2024-11-18,19,36,36,0.24000000000000002,3.6339713010541423,0,6,2,232.60148,False,True,False,16.666666666666664,0.24,0.0,2.7755575615628914e-17,3.6339713010541423
2024-11-19 06:00:00,2024-11-19,6,36,36,0.24000000000000002,4.078975462339946,0,6,2,232.60148,False,True,False,16.666666666666664,0.24,0.0,2.7755575615628914e-17,4.078975462339946
2024-11-19 07:00:00,2024-11-19,7,36,36,4.16,3.9421301736871257,0,6,11,232.60148,False,True,False,16.666666666666664,4.16,5.4132,0.0,-1.471069826312874
2024-11-19 18:00:00,2024-11-19,18,36,36,3.24,3.868717681672888,0,6,2,232.60148,False,True,False,16.666666666666664,3.24,0.0,0.0,3.868717681672888
2024-11-19 19:00:00,2024-11-19,19,36,36,3.24,3.6339713010541423,0,6,2,232.60148,False,True,False,16.666666666666664,3.24,0.0,0.0,3.6339713010541423
2024-11-20 06:00:00,2024-11-20,6,36,36,3.5900000000000003,4.078975462339946,0,6,3,232.60148,False,True,False,16.666666666666664,3.59,0.0,4.440892098500626e-16,4.078975462339946
2024-11-20 07:00:00,2024-11-20,7,36,36,6.79,3.9421301736871257,0,6,16,232.60148,False,True,False,16.666666666666664,6.79,4.2516,0.0,-0.3094698263128741
2024-11-20 18:00:00,2024-11-20,18,36,36,3.3600000000000003,3.868717681672888,0,6,3,232.60148,False,True,False,16.666666666666664,3.36,0.0,4.440892098500626e-16,3.868717681672888
2024-11-20 19:00:00,2024-11-20,19,36,36,3.3600000000000003,3.6339713010541423,0,6,3,232.60148,False,True,False,16.666666666666664,3.36,0.0,4.440892098500626e-16,3.6339713010541423
2024-11-21 06:00:00,2024-11-21,6,36,36,3.3600000000000003,4.078975462339946,0,6,3,232.60148,False,True,False,16.666666666666664,3.36,0.0,4.440892098500626e-16,4.078975462339946
2024-11-21 07:00:00,2024-11-21,7,36,36,7.9,3.9421301736871257,0,6,26,232.60148,False,True,False,16.666666666666664,7.9,6.4202,0.0,-2.4780698263128746
2024-11-21 18:00:00,2024-11-21,18,36,36,3.3400000000000003,3.868717681672888,0,6,5,232.60148,False,True,False,16.666666666666664,3.34,0.0,4.440892098500626e-16,3.868717681672888
2024-11-21 19:00:00,2024-11-21,19,36,36,3.3400000000000003,3.6339713010541423,0,6,5,232.60148,False,True,False,16.666666666666664,3.34,0.0,4.440892098500626e-16,3.6339713010541423
2024-11-22 06:00:00,2024-11-22,6,36,36,3.3400000000000003,4.078975462339946,0,6,5,232.60148,False,True,False,16.666666666666664,3.34,0.0,4.440892098500626e-16,4.078975462339946
2024-11-22 07:00:00,2024-11-22,7,36,36,7.470000000000001,3.9421301736871257,0,6,25,232.60148,False,True,False,16.666666666666664,7.47,6.0395,8.881784197001252e-16,-2.0973698263128746
2024-11-22 18:00:00,2024-11-22,18,37,37,3.24,3.868717681672888,0,7,2,236.32548,False,True,False,18.91891891891892,3.24,0.0,0.0,3.868717681672888
2024-11-22 19:00:00,2024-11-22,19,37,37,3.24,3.6339713010541423,0,7,2,236.32548,False,True,False,18.91891891891892,3.24,0.0,0.0,3.6339713010541423
2024-11-23 06:00:00,2024-11-23,6,37,37,3.24,4.078975462339946,0,7,2,236.32548,False,True,False,18.91891891891892,3.24,0.0,0.0,4.078975462339946
2024-11-23 07:00:00,2024-11-23,7,37,37,4.890000000000001,3.9421301736871257,0,7,27,236.32548,False,True,False,18.91891891891892,4.89,6.1145,8.881784197001252e-16,-2.172369826312874
2024-11-23 18:00:00,2024-11-23,18,37,37,3.24,3.868717681672888,0,7,2,236.32548,False,True,False,18.91891891891892,3.24,0.0,0.0,3.868717681672888
2024-11-23 19:00:00,2024-11-23,19,37,37,3.24,3.6339713010541423,0,7,2,236.32548,False,True,False,18.91891891891892,3.24,0.0,0.0,3.6339713010541423
2024-11-24 06:00:00,2024-11-24,6,37,37,3.24,4.078975462339946,0,7,2,236.32548,False,True,False,18.91891891891892,3.24,0.0,0.0,4.078975462339946
2024-11-24 07:00:00,2024-11-24,7,37,37,4.5200000000000005,3.9421301736871257,0,7,25,236.32548,False,True,False,18.91891891891892,4.52,5.6608,8.881784197001252e-16,-1.7186698263128743
2024-11-24 18:00:00,2024-11-24,18,37,37,3.26,3.868717681672888,0,7,4,236.32548,False,True,False,18.91891891891892,3.26,0.0,0.0,3.868717681672888
2024-11-24 19:00:00,2024-11-24,19,37,37,3.26,3.6339713010541423,0,7,4,236.32548,False,True,False,18.91891891891892,3.26,0.0,0.0,3.6339713010541423
2024-11-25 06:00:00,2024-11-25,6,37,37,3.26,4.078975462339946,0,7,4,236.32548,False,True,False,18.91891891891892,3.26,0.0,0.0,4.078975462339946
2024-11-25 07:00:00,2024-11-25,7,37,37,3.26,3.9421301736871257,0,7,4,236.32548,False,True,False,18.91891891891892,3.26,3.5686,0.0,0.3735301736871257
2024-11-25 18:00:00,2024-11-25,18,37,37,3.26,3.868717681672888,0,7,4,236.32548,False,True,False,18.91891891891892,3.26,0.0,0.0,3.868717681672888
2024-11-25 19:00:00,2024-11-25,19,37,37,3.26,3.6339713010541423,0,7,4,236.32548,False,True,False,18.91891891891892,3.26,0.0,0.0,3.6339713010541423
2024-11-26 06:00:00,2024-11-26,6,37,37,3.26,4.078975462339946,0,7,4,236.32548,False,True,False,18.91891891891892,3.26,0.0,0.0,4.078975462339946
2024-11-26 07:00:00,2024-11-26,7,37,37,4.53,3.9421301736871257,0,7,27,236.32548,False,True,False,18.91891891891892,4.53,5.4641,0.0,-1.5219698263128745
2024-11-26 18:00:00,2024-11-26,18,37,37,3.25,3.868717681672888,0,7,3,236.32548,False,True,False,18.91891891891892,3.25,0.0,0.0,3.868717681672888
2024-11-26 19:00:00,2024-11-26,19,37,37,3.25,3.6339713010541423,0,7,3,236.32548,False,True,False,18.91891891891892,3.25,0.0,0.0,3.6339713010541423
2024-11-27 06:00:00,2024-11-27,6,37,37,3.25,4.078975462339946,0,7,3,236.32548,False,True,False,18.91891891891892,3.25,0.0,0.0,4.078975462339946
2024-11-27 07:00:00,2024-11-27,7,37,37,4.24,3.9421301736871257,0,7,23,236.32548,False,True,False,18.91891891891892,4.24,5.4823,0.0,-1.5401698263128747
2024-11-27 18:00:00,2024-11-27,18,37,37,3.25,3.868717681672888,0,7,3,236.32548,False,True,False,18.91891891891892,3.25,0.0,0.0,3.868717681672888
2024-11-27 19:00:00,2024-11-27,19,37,37,3.25,3.6339713010541423,0,7,3,236.32548,False,True,False,18.91891891891892,3.25,0.0,0.0,3.6339713010541423
2024-11-28 06:00:00,2024-11-28,6,37,37,3.25,4.078975462339946,0,7,3,236.32548,False,True,False,18.91891891891892,3.25,0.0,0.0,4.078975462339946
2024-11-28 07:00:00,2024-11-28,7,37,37,4.31,3.9421301736871257,0,7,24,236.32548,False,True,False,18.91891891891892,4.31,5.5393,0.0,-1.5971698263128742
2024-11-28 18:00:00,2024-11-28,18,37,37,3.24,3.868717681672888,0,7,2,236.32548,False,True,False,18.91891891891892,3.24,0.0,0.0,3.868717681672888
2024-11-28 19:00:00,2024-11-28,19,37,37,3.24,3.6339713010541423,0,7,2,236.32548,False,True,False,18.91891891891892,3.24,0.0,0.0,3.6339713010541423
2024-11-29 06:00:00,2024-11-29,6,37,37,3.24,4.078975462339946,0,7,2,236.32548,False,True,False,18.91891891891892,3.24,0.0,0.0,4.078975462339946
2024-11-29 07:00:00,2024-11-29,7,37,37,4.07,3.9421301736871257,0,7,22,236.32548,False,True,False,18.91891891891892,4.07,5.4996,0.0,-1.5574698263128743
2024-11-29 18:00:00,2024-11-29,18,37,37,3.24,3.868717681672888,0,7,2,236.32548,False,True,False,18.91891891891892,3.24,0.0,0.0,3.868717681672888
2024-11-29 19:00:00,2024-11-29,19,37,37,3.24,3.6339713010541423,0,7,2,236.32548,False,True,False,18.91891891891892,3.24,0.0,0.0,3.6339713010541423
2024-11-30 06:00:00,2024-11-30,6,37,37,3.24,4.078975462339946,0,7,2,236.32548,False,True,False,18.91891891891892,3.24,0.0,0.0,4.078975462339946
2024-11-30 07:00:00,2024-11-30,7,37,37,3.98,3.9421301736871257,0,7,19,236.32548,False,True,False,18.91891891891892,3.98,5.5914,0.0,-1.6492698263128744
2024-11-30 18:00:00,2024-11-30,18,37,37,6.08,3.868717681672888,0,7,5,236.32548,False,True,False,18.91891891891892,6.08,0.0,0.0,3.868717681672888
2024-11-30 19:00:00,2024-11-30,19,37,37,4.61,3.6339713010541423,0,7,4,236.32548,False,True,False,18.91891891891892,4.61,0.0,0.0,3.6339713010541423
2024-12-01 06:00:00,2024-12-01,6,37,37,4.61,4.078975462339946,0,7,4,236.32548,False,True,False,18.91891891891892,4.61,0.0,0.0,4.078975462339946
2024-12-01 07:00:00,2024-12-01,7,37,37,5.04,3.9421301736871257,0,7,15,236.32548,False,True,False,18.91891891891892,5.04,4.8246,0.0,-0.8824698263128745
2024-12-01 18:00:00,2024-12-01,18,37,37,3.5100000000000002,3.868717681672888,0,7,3,236.32548,False,True,False,18.91891891891892,3.51,0.0,4.440892098500626e-16,3.868717681672888
2024-12-01 19:00:00,2024-12-01,19,37,37,3.24,3.6339713010541423,0,7,2,236.32548,False,True,False,18.91891891891892,3.24,0.0,0.0,3.6339713010541423
2024-12-02 06:00:00,2024-12-02,6,37,37,3.24,4.078975462339946,0,7,2,236.32548,False,True,False,18.91891891891892,3.24,0.0,0.0,4.078975462339946
2024-12-02 07:00:00,2024-12-02,7,37,37,3.64,3.9421301736871257,0,7,12,236.32548,False,True,False,18.91891891891892,3.64,4.4638,0.0,-0.5216698263128743
2024-12-02 18:00:00,2024-12-02,18,37,37,5.03,3.868717681672888,0,7,3,236.32548,False,True,False,18.91891891891892,5.03,0.0,0.0,3.868717681672888
2024-12-02 19:00:00,2024-12-02,19,37,37,3.24,3.6339713010541423,0,7,2,236.32548,False,True,False,18.91891891891892,3.24,0.0,0.0,3.6339713010541423
2024-12-03 06:00:00,2024-12-03,6,37,37,3.24,4.078975462339946,0,7,2,236.32548,False,True,False,18.91891891891892,3.24,0.0,0.0,4.078975462339946
2024-12-03 07:00:00,2024-12-03,7,37,37,3.3200000000000003,3.9421301736871257,0,7,7,236.32548,False,True,False,18.91891891891892,3.32,4.0107,4.440892098500626e-16,-0.06856982631287423
2024-12-03 18:00:00,2024-12-03,18,37,37,0.44,3.868717681672888,0,7,2,236.32548,False,True,False,18.91891891891892,0.44,0.0,0.0,3.868717681672888
2024-12-03 19:00:00,2024-12-03,19,37,37,0.44,3.6339713010541423,0,7,2,236.32548,False,True,False,18.91891891891892,0.44,0.0,0.0,3.6339713010541423
2024-12-04 06:00:00,2024-12-04,6,37,37,0.44,4.078975462339946,0,7,2,236.32548,False,True,False,18.91891891891892,0.44,0.0,0.0,4.078975462339946
2024-12-04 07:00:00,2024-12-04,7,37,37,0.81,3.9421301736871257,0,7,12,236.32548,False,True,False,18.91891891891892,0.81,3.5227,0.0,0.41943017368712576
2024-12-04 18:00:00,2024-12-04,18,37,37,0.2,3.868717681672888,0,7,1,236.32548,False,True,False,18.91891891891892,0.2,0.0,0.0,3.868717681672888
2024-12-04 19:00:00,2024-12-04,19,37,37,0.2,3.6339713010541423,0,7,1,236.32548,False,True,False,18.91891891891892,0.2,0.0,0.0,3.6339713010541423
2024-12-05 06:00:00,2024-12-05,6,37,37,0.2,4.078975462339946,0,7,1,236.32548,False,True,False,18.91891891891892,0.2,0.0,0.0,4.078975462339946
2024-12-05 07:00:00,2024-12-05,7,37,37,0.42000000000000004,3.9421301736871257,0,7,10,236.32548,False,True,False,18.91891891891892,0.42,3.1985,5.551115123125783e-17,0.7436301736871256
2024-12-05 18:00:00,2024-12-05,18,37,37,0.5800000000000001,3.868717681672888,0,7,3,236.32548,False,True,False,18.91891891891892,0.58,0.0,1.1102230246251565e-16,3.868717681672888
2024-12-05 19:00:00,2024-12-05,19,37,37,0.5800000000000001,3.6339713010541423,0,7,3,236.32548,False,True,False,18.91891891891892,0.58,0.0,1.1102230246251565e-16,3.6339713010541423
2024-12-06 06:00:00,2024-12-06,6,37,37,0.21000000000000002,4.078975462339946,0,7,2,236.32548,False,True,False,18.91891891891892,0.21,0.0,2.7755575615628914e-17,4.078975462339946
2024-12-06 07:00:00,2024-12-06,7,37,37,0.28,3.9421301736871257,0,7,8,236.32548,False,True,False,18.91891891891892,0.28,3.198,0.0,0.7441301736871258
2024-12-06 18:00:00,2024-12-06,18,37,37,0.21000000000000002,3.868717681672888,0,7,2,236.32548,False,True,False,18.91891891891892,0.21,0.0,2.7755575615628914e-17,3.868717681672888
2024-12-06 19:00:00,2024-12-06,19,37,37,0.2,3.6339713010541423,0,7,1,236.32548,False,True,False,18.91891891891892,0.2,0.0,0.0,3.6339713010541423
2024-12-07 06:00:00,2024-12-07,6,37,37,0.2,4.078975462339946,0,7,1,236.32548,False,True,False,18.91891891891892,0.2,0.0,0.0,4.078975462339946
2024-12-07 07:00:00,2024-12-07,7,37,37,0.31,3.9421301736871257,0,7,8,236.32548,False,True,False,18.91891891891892,0.31,2.8299000000000003,0.0,1.1122301736871254
2024-12-07 18:00:00,2024-12-07,18,37,37,1.8699999999999999,3.868717681672888,0,7,2,236.32548,False,True,False,18.91891891891892,1.87,0.0,-2.220446049250313e-16,3.868717681672888
2024-12-07 19:00:00,2024-12-07,19,37,37,1.8699999999999999,3.6339713010541423,0,7,2,236.32548,False,True,False,18.91891891891892,1.87,0.0,-2.220446049250313e-16,3.6339713010541423
2024-12-08 06:00:00,2024-12-08,6,37,37,0.2,4.078975462339946,0,7,1,236.32548,False,True,False,18.91891891891892,0.2,0.0,0.0,4.078975462339946
2024-12-08 07:00:00,2024-12-08,7,37,37,0.48,3.9421301736871257,0,7,10,236.32548,False,True,False,18.91891891891892,0.48,2.714,0.0,1.2281301736871257
2024-12-08 18:00:00,2024-12-08,18,37,37,0.22000000000000003,3.868717681672888,0,7,3,236.32548,False,True,False,18.91891891891892,0.22,0.0,2.7755575615628914e-17,3.868717681672888
2024-12-08 19:00:00,2024-12-08,19,37,37,0.22000000000000003,3.6339713010541423,0,7,3,236.32548,False,True,False,18.91891891891892,0.22,0.0,2.7755575615628914e-17,3.6339713010541423
2024-12-09 06:00:00,2024-12-09,6,37,37,0.22000000000000003,4.078975462339946,0,7,3,236.32548,False,True,False,18.91891891891892,0.22,0.0,2.7755575615628914e-17,4.078975462339946
2024-12-09 07:00:00,2024-12-09,7,37,37,0.39,3.9421301736871257,0,7,11,236.32548,False,True,False,18.91891891891892,0.39,2.5581,0.0,1.3840301736871257
2024-12-09 18:00:00,2024-12-09,18,37,37,0.21000000000000002,3.868717681672888,0,7,2,236.32548,False,True,False,18.91891891891892,0.21,0.0,2.7755575615628914e-17,3.868717681672888
2024-12-09 19:00:00,2024-12-09,19,37,37,0.21000000000000002,3.6339713010541423,0,7,2,236.32548,False,True,False,18.91891891891892,0.21,0.0,2.7755575615628914e-17,3.6339713010541423
2024-12-10 06:00:00,2024-12-10,6,37,37,0.21000000000000002,4.078975462339946,0,7,2,236.32548,False,True,False,18.91891891891892,0.21,0.0,2.7755575615628914e-17,4.078975462339946
2024-12-10 07:00:00,2024-12-10,7,37,37,0.3,3.9421301736871257,0,7,7,236.32548,False,True,False,18.91891891891892,0.30000000000000004,2.2358000000000002,-5.551115123125783e-17,1.7063301736871255
2024-12-10 18:00:00,2024-12-10,18,37,37,1.51,3.868717681672888,0,7,2,236.32548,False,True,False,18.91891891891892,1.51,0.0,0.0,3.868717681672888
2024-12-10 19:00:00,2024-12-10,19,37,37,1.51,3.6339713010541423,0,7,2,236.32548,False,True,False,18.91891891891892,1.51,0.0,0.0,3.6339713010541423
2024-12-11 06:00:00,2024-12-11,6,37,37,0.2,4.078975462339946,0,7,1,236.32548,False,True,False,18.91891891891892,0.2,0.0,0.0,4.078975462339946
2024-12-11 07:00:00,2024-12-11,7,37,37,0.2,3.9421301736871257,0,7,1,236.32548,False,True,False,18.91891891891892,0.2,2.4130000000000003,0.0,1.5291301736871254
2024-12-11 18:00:00,2024-12-11,18,37,37,0.4,3.868717681672888,0,7,2,236.32548,False,True,False,18.91891891891892,0.4,0.0,0.0,3.868717681672888
2024-12-11 19:00:00,2024-12-11,19,37,37,0.4,3.6339713010541423,0,7,2,236.32548,False,True,False,18.91891891891892,0.4,0.0,0.0,3.6339713010541423
2024-12-12 06:00:00,2024-12-12,6,37,37,0.4,4.078975462339946,0,7,2,236.32548,False,True,False,18.91891891891892,0.4,0.0,0.0,4.078975462339946
2024-12-12 07:00:00,2024-12-12,7,37,37,0.42000000000000004,3.9421301736871257,0,7,3,236.32548,False,True,False,18.91891891891892,0.42,2.4907,5.551115123125783e-17,1.4514301736871258
2024-12-12 18:00:00,2024-12-12,18,37,37,0.4,3.868717681672888,0,7,2,236.32548,False,True,False,18.91891891891892,0.4,0.0,0.0,3.868717681672888
2024-12-12 19:00:00,2024-12-12,19,37,37,0.4,3.6339713010541423,0,7,2,236.32548,False,True,False,18.91891891891892,0.4,0.0,0.0,3.6339713010541423
2024-12-13 06:00:00,2024-12-13,6,37,37,0.4,4.078975462339946,0,7,2,236.32548,False,True,False,18.91891891891892,0.4,0.0,0.0,4.078975462339946
2024-12-13 07:00:00,2024-12-13,7,37,37,0.4,3.9421301736871257,0,7,2,236.32548,False,True,False,18.91891891891892,0.4,2.5637,0.0,1.3784301736871258
2024-12-13 18:00:00,2024-12-13,18,37,37,0.4,3.868717681672888,0,7,3,236.32548,False,True,False,18.91891891891892,0.4,0.0,0.0,3.868717681672888
2024-12-13 19:00:00,2024-12-13,19,37,37,0.21000000000000002,3.6339713010541423,0,7,2,236.32548,False,True,False,18.91891891891892,0.21,0.0,2.7755575615628914e-17,3.6339713010541423
2024-12-14 06:00:00,2024-12-14,6,37,37,0.21000000000000002,4.078975462339946,0,7,2,236.32548,False,True,False,18.91891891891892,0.21,0.0,2.7755575615628914e-17,4.078975462339946
2024-12-14 07:00:00,2024-12-14,7,37,37,0.21000000000000002,3.9421301736871257,0,7,2,236.32548,False,True,False,18.91891891891892,0.21,2.6181,2.7755575615628914e-17,1.3240301736871256
2024-12-14 18:00:00,2024-12-14,18,37,37,1.54,3.868717681672888,0,7,3,236.32548,False,True,False,18.91891891891892,1.54,0.0,0.0,3.868717681672888
2024-12-14 19:00:00,2024-12-14,19,37,37,1.54,3.6339713010541423,0,7,3,236.32548,False,True,False,18.91891891891892,1.54,0.0,0.0,3.6339713010541423
2024-12-15 06:00:00,2024-12-15,6,37,37,0.21000000000000002,4.078975462339946,0,7,2,236.32548,False,True,False,18.91891891891892,0.21,0.0,2.7755575615628914e-17,4.078975462339946
2024-12-15 07:00:00,2024-12-15,7,37,37,0.25,3.9421301736871257,0,7,4,236.32548,False,True,False,18.91891891891892,0.25,2.5987,0.0,1.3434301736871257
2024-12-15 18:00:00,2024-12-15,18,37,37,2.13,3.868717681672888,0,7,3,236.32548,False,True,False,18.91891891891892,2.13,0.0,0.0,3.868717681672888
2024-12-15 19:00:00,2024-12-15,19,37,37,2.13,3.6339713010541423,0,7,3,236.32548,False,True,False,18.91891891891892,2.13,0.0,0.0,3.6339713010541423
2024-12-16 06:00:00,2024-12-16,6,37,37,2.13,4.078975462339946,0,7,3,236.32548,False,True,False,18.91891891891892,2.13,0.0,0.0,4.078975462339946
2024-12-16 07:00:00,2024-12-16,7,37,37,0.24,3.9421301736871257,0,7,4,236.32548,False,True,False,18.91891891891892,0.24,2.4926,0.0,1.4495301736871258
2024-12-16 18:00:00,2024-12-16,18,38,38,0.2,4.095590769123347,0,7,1,240.57548,False,True,False,18.421052631578945,0.2,0.0,0.0,4.095590769123347
2024-12-16 19:00:00,2024-12-16,19,38,38,0.2,3.833360520225763,0,7,1,240.57548,False,True,False,18.421052631578945,0.2,0.0,0.0,3.833360520225763
2024-12-17 06:00:00,2024-12-17,6,38,38,0.2,4.286346173273118,0,7,1,240.57548,False,True,False,18.421052631578945,0.2,0.0,0.0,4.286346173273118
2024-12-17 07:00:00,2024-12-17,7,38,38,0.2,4.1662906426385,0,7,1,240.57548,False,True,False,18.421052631578945,0.2,2.5063,0.0,1.6599906426384998
2024-12-17 18:00:00,2024-12-17,18,38,38,1.03,4.095590769123347,0,7,2,240.57548,False,True,False,18.421052631578945,1.03,0.0,0.0,4.095590769123347
2024-12-17 19:00:00,2024-12-17,19,38,38,0.2,3.833360520225763,0,7,1,240.57548,False,True,False,18.421052631578945,0.2,0.0,0.0,3.833360520225763
2024-12-18 06:00:00,2024-12-18,6,38,38,0.2,4.286346173273118,0,7,1,240.57548,False,True,False,18.421052631578945,0.2,0.0,0.0,4.286346173273118
2024-12-18 07:00:00,2024-12-18,7,38,38,0.2,4.1662906426385,0,7,1,240.57548,False,True,False,18.421052631578945,0.2,2.3204000000000002,0.0,1.8458906426384996
2024-12-18 18:00:00,2024-12-18,18,38,38,2.9699999999999998,4.095590769123347,0,7,4,240.57548,False,True,False,18.421052631578945,2.9699999999999998,0.0,0.0,4.095590769123347
2024-12-18 19:00:00,2024-12-18,19,38,38,1.81,3.833360520225763,0,7,3,240.57548,False,True,False,18.421052631578945,1.81,0.0,0.0,3.833360520225763
2024-12-19 06:00:00,2024-12-19,6,38,38,0.21000000000000002,4.286346173273118,0,7,2,240.57548,False,True,False,18.421052631578945,0.21,0.0,2.7755575615628914e-17,4.286346173273118
2024-12-19 07:00:00,2024-12-19,7,38,38,0.21000000000000002,4.1662906426385,0,7,2,240.57548,False,True,False,18.421052631578945,0.21,2.1736,2.7755575615628914e-17,1.9926906426384998
2024-12-19 18:00:00,2024-12-19,18,38,38,1.3499999999999999,4.095590769123347,0,7,3,240.57548,False,True,False,18.421052631578945,1.35,0.0,-2.220446049250313e-16,4.095590769123347
2024-12-19 19:00:00,2024-12-19,19,38,38,1.3499999999999999,3.833360520225763,0,7,3,240.57548,False,True,False,18.421052631578945,1.35,0.0,-2.220446049250313e-16,3.833360520225763
2024-12-20 06:00:00,2024-12-20,6,38,38,0.21000000000000002,4.286346173273118,0,7,2,240.57548,False,True,False,18.421052631578945,0.21,0.0,2.7755575615628914e-17,4.286346173273118
2024-12-20 07:00:00,2024-12-20,7,38,38,0.21000000000000002,4.1662906426385,0,7,2,240.57548,False,True,False,18.421052631578945,0.21,2.5609,2.7755575615628914e-17,1.6053906426384996
2024-12-20 18:00:00,2024-12-20,18,38,38,1.48,4.095590769123347,0,7,2,240.57548,False,True,False,18.421052631578945,1.48,0.0,0.0,4.095590769123347
2024-12-20 19:00:00,2024-12-20,19,38,38,1.48,3.833360520225763,0,7,2,240.57548,False,True,False,18.421052631578945,1.48,0.0,0.0,3.833360520225763
2024-12-21 06:00:00,2024-12-21,6,38,38,0.2,4.286346173273118,0,7,1,240.57548,False,True,False,18.421052631578945,0.2,0.0,0.0,4.286346173273118
2024-12-21 07:00:00,2024-12-21,7,38,38,0.2,4.1662906426385,0,7,1,240.57548,False,True,False,18.421052631578945,0.2,2.4273,0.0,1.7389906426385
2024-12-21 18:00:00,2024-12-21,18,38,38,0.21000000000000002,4.095590769123347,0,7,2,240.57548,False,True,False,18.421052631578945,0.21,0.0,2.7755575615628914e-17,4.095590769123347
2024-12-21 19:00:00,2024-12-21,19,38,38,0.21000000000000002,3.833360520225763,0,7,2,240.57548,False,True,False,18.421052631578945,0.21,0.0,2.7755575615628914e-17,3.833360520225763
2024-12-22 06:00:00,2024-12-22,6,38,38,0.21000000000000002,4.286346173273118,0,7,2,240.57548,False,True,False,18.421052631578945,0.21,0.0,2.7755575615628914e-17,4.286346173273118
2024-12-22 07:00:00,2024-12-22,7,38,38,0.21000000000000002,4.1662906426385,0,7,2,240.57548,False,True,False,18.421052631578945,0.21,2.4252000000000002,2.7755575615628914e-17,1.7410906426384996
2024-12-22 18:00:00,2024-12-22,18,38,38,1.79,4.095590769123347,0,7,2,240.57548,False,True,False,18.421052631578945,1.79,0.0,0.0,4.095590769123347
2024-12-22 19:00:00,2024-12-22,19,38,38,1.79,3.833360520225763,0,7,2,240.57548,False,True,False,18.421052631578945,1.79,0.0,0.0,3.833360520225763
2024-12-23 06:00:00,2024-12-23,6,38,38,0.2,4.286346173273118,0,7,1,240.57548,False,True,False,18.421052631578945,0.2,0.0,0.0,4.286346173273118
2024-12-23 07:00:00,2024-12-23,7,38,38,0.2,4.1662906426385,0,7,1,240.57548,False,True,False,18.421052631578945,0.2,2.3914,0.0,1.7748906426384998
2024-12-23 18:00:00,2024-12-23,18,38,38,0.2,4.095590769123347,0,7,1,240.57548,False,True,False,18.421052631578945,0.2,0.0,0.0,4.095590769123347
2024-12-23 19:00:00,2024-12-23,19,38,38,0.2,3.833360520225763,0,7,1,240.57548,False,True,False,18.421052631578945,0.2,0.0,0.0,3.833360520225763
2024-12-24 06:00:00,2024-12-24,6,38,38,0.2,4.286346173273118,0,7,1,240.57548,False,True,False,18.421052631578945,0.2,0.0,0.0,4.286346173273118
2024-12-24 07:00:00,2024-12-24,7,38,38,0.2,4.1662906426385,0,7,1,240.57548,False,True,False,18.421052631578945,0.2,2.2809,0.0,1.8853906426384999
2024-12-24 18:00:00,2024-12-24,18,38,38,1.73,4.095590769123347,0,7,3,240.57548,False,True,False,18.421052631578945,1.73,0.0,0.0,4.095590769123347
2024-12-24 19:00:00,2024-12-24,19,38,38,1.73,3.833360520225763,0,7,3,240.57548,False,True,False,18.421052631578945,1.73,0.0,0.0,3.833360520225763
2024-12-25 06:00:00,2024-12-25,6,38,38,0.21000000000000002,4.286346173273118,0,7,2,240.57548,False,True,False,18.421052631578945,0.21,0.0,2.7755575615628914e-17,4.286346173273118
2024-12-25 07:00:00,2024-12-25,7,38,38,0.21000000000000002,4.1662906426385,0,7,2,240.57548,False,True,False,18.421052631578945,0.21,2.4412000000000003,2.7755575615628914e-17,1.7250906426384995
2024-12-25 18:00:00,2024-12-25,18,38,38,0.52,4.095590769123347,0,7,3,240.57548,False,True,False,18.421052631578945,0.52,0.0,0.0,4.095590769123347
2024-12-25 19:00:00,2024-12-25,19,38,38,0.52,3.833360520225763,0,7,3,240.57548,False,True,False,18.421052631578945,0.52,0.0,0.0,3.833360520225763
2024-12-26 06:00:00,2024-12-26,6,38,38,0.52,4.286346173273118,0,7,3,240.57548,False,True,False,18.421052631578945,0.52,0.0,0.0,4.286346173273118
2024-12-26 07:00:00,2024-12-26,7,38,38,0.52,4.1662906426385,0,7,3,240.57548,False,True,False,18.421052631578945,0.52,2.4496,0.0,1.7166906426384996
2024-12-26 18:00:00,2024-12-26,18,38,38,0.52,4.095590769123347,0,7,3,240.57548,False,True,False,18.421052631578945,0.52,0.0,0.0,4.095590769123347
2024-12-26 19:00:00,2024-12-26,19,38,38,0.52,3.833360520225763,0,7,3,240.57548,False,True,False,18.421052631578945,0.52,0.0,0.0,3.833360520225763
2024-12-27 06:00:00,2024-12-27,6,39,39,0.52,4.49916679504412,0,7,3,244.37548,False,True,False,17.94871794871795,0.52,0.0,0.0,4.49916679504412
2024-12-27 07:00:00,2024-12-27,7,39,39,0.52,4.399943447119871,0,7,3,244.37548,False,True,False,17.94871794871795,0.52,2.5263,0.0,1.8736434471198713
2024-12-27 18:00:00,2024-12-27,18,39,39,1.6300000000000001,4.327309877838789,0,7,4,244.37548,False,True,False,17.94871794871795,1.63,0.0,2.220446049250313e-16,4.327309877838789
2024-12-27 19:00:00,2024-12-27,19,39,39,1.6300000000000001,4.044144581857699,0,7,4,244.37548,False,True,False,17.94871794871795,1.63,0.0,2.220446049250313e-16,4.044144581857699
2024-12-28 06:00:00,2024-12-28,6,39,39,0.51,4.49916679504412,0,7,2,244.37548,False,True,False,17.94871794871795,0.51,0.0,0.0,4.49916679504412
2024-12-28 07:00:00,2024-12-28,7,39,39,0.51,4.399943447119871,0,7,2,244.37548,False,True,False,17.94871794871795,0.51,2.4996,0.0,1.9003434471198712
2024-12-28 18:00:00,2024-12-28,18,39,39,0.51,4.327309877838789,0,7,2,244.37548,False,True,False,17.94871794871795,0.51,0.0,0.0,4.327309877838789
2024-12-28 19:00:00,2024-12-28,19,39,39,0.51,4.044144581857699,0,7,2,244.37548,False,True,False,17.94871794871795,0.51,0.0,0.0,4.044144581857699
2024-12-29 06:00:00,2024-12-29,6,39,39,0.51,4.49916679504412,0,7,2,244.37548,False,True,False,17.94871794871795,0.51,0.0,0.0,4.49916679504412
2024-12-29 07:00:00,2024-12-29,7,39,39,0.51,4.399943447119871,0,7,2,244.37548,False,True,False,17.94871794871795,0.51,2.3391,0.0,2.060843447119871
2024-12-29 18:00:00,2024-12-29,18,39,39,0.52,4.327309877838789,0,7,3,244.37548,False,True,False,17.94871794871795,0.52,0.0,0.0,4.327309877838789
2024-12-29 19:00:00,2024-12-29,19,39,39,0.52,4.044144581857699,0,7,3,244.37548,False,True,False,17.94871794871795,0.52,0.0,0.0,4.044144581857699
2024-12-30 06:00:00,2024-12-30,6,39,39,0.52,4.49916679504412,0,7,3,244.37548,False,True,False,17.94871794871795,0.52,0.0,0.0,4.49916679504412
2024-12-30 07:00:00,2024-12-30,7,39,39,0.52,4.399943447119871,0,7,3,244.37548,False,True,False,17.94871794871795,0.52,2.3099,0.0,2.0900434471198714
2024-12-30 18:00:00,2024-12-30,18,39,39,0.51,4.327309877838789,0,7,2,244.37548,False,True,False,17.94871794871795,0.51,0.0,0.0,4.327309877838789
2024-12-30 19:00:00,2024-12-30,19,39,39,0.51,4.044144581857699,0,7,2,244.37548,False,True,False,17.94871794871795,0.51,0.0,0.0,4.044144581857699
2024-12-31 06:00:00,2024-12-31,6,39,39,0.51,4.49916679504412,0,7,2,244.37548,False,True,False,17.94871794871795,0.51,0.0,0.0,4.49916679504412
2024-12-31 07:00:00,2024-12-31,7,39,39,0.51,4.399943447119871,0,7,2,244.37548,False,True,False,17.94871794871795,0.51,2.5022,0.0,1.897743447119871
2024-12-31 18:00:00,2024-12-31,18,39,39,0.52,4.327309877838789,0,7,3,244.37548,False,True,False,17.94871794871795,0.52,0.0,0.0,4.327309877838789
2024-12-31 19:00:00,2024-12-31,19,39,39,0.52,4.044144581857699,0,7,3,244.37548,False,True,False,17.94871794871795,0.52,0.0,0.0,4.044144581857699
2025-01-01 06:00:00,2025-01-01,6,39,39,0.21000000000000002,4.49916679504412,0,7,2,244.37548,False,True,False,17.94871794871795,0.21,0.0,2.7755575615628914e-17,4.49916679504412
2025-01-01 07:00:00,2025-01-01,7,39,39,0.21000000000000002,4.399943447119871,0,7,2,244.37548,False,True,False,17.94871794871795,0.21,1.6797,2.7755575615628914e-17,2.7202434471198713
2025-01-01 18:00:00,2025-01-01,18,39,39,1.42,4.327309877838789,0,7,3,244.37548,False,True,False,17.94871794871795,1.42,0.0,0.0,4.327309877838789
2025-01-01 19:00:00,2025-01-01,19,39,39,1.42,4.044144581857699,0,7,3,244.37548,False,True,False,17.94871794871795,1.42,0.0,0.0,4.044144581857699
2025-01-02 06:00:00,2025-01-02,6,39,39,1.38,4.49916679504412,0,7,2,244.37548,False,True,False,17.94871794871795,1.38,0.0,0.0,4.49916679504412
2025-01-02 07:00:00,2025-01-02,7,39,39,1.38,4.399943447119871,0,7,2,244.37548,False,True,False,17.94871794871795,1.38,1.3687,0.0,3.0312434471198713
2025-01-02 18:00:00,2025-01-02,18,40,40,0.21000000000000002,4.327309877838789,0,8,2,248.37548,False,True,False,20.0,0.21,0.0,2.7755575615628914e-17,4.327309877838789
2025-01-02 19:00:00,2025-01-02,19,40,40,0.21000000000000002,4.044144581857699,0,8,2,248.37548,False,True,False,20.0,0.21,0.0,2.7755575615628914e-17,4.044144581857699
2025-01-03 06:00:00,2025-01-03,6,40,40,0.21000000000000002,4.49916679504412,0,8,2,248.37548,False,True,False,20.0,0.21,0.0,2.7755575615628914e-17,4.49916679504412
2025-01-03 07:00:00,2025-01-03,7,40,40,0.21000000000000002,4.399943447119871,0,8,2,248.37548,False,True,False,20.0,0.21,1.7598,2.7755575615628914e-17,2.640143447119871
2025-01-03 18:00:00,2025-01-03,18,40,40,0.21000000000000002,4.327309877838789,0,8,2,248.37548,False,True,False,20.0,0.21,0.0,2.7755575615628914e-17,4.327309877838789
2025-01-03 19:00:00,2025-01-03,19,40,40,0.21000000000000002,4.044144581857699,0,8,2,248.37548,False,True,False,20.0,0.21,0.0,2.7755575615628914e-17,4.044144581857699
2025-01-04 06:00:00,2025-01-04,6,40,40,0.21000000000000002,4.49916679504412,0,8,2,248.37548,False,True,False,20.0,0.21,0.0,2.7755575615628914e-17,4.49916679504412
2025-01-04 07:00:00,2025-01-04,7,40,40,0.21000000000000002,4.399943447119871,0,8,2,248.37548,False,True,False,20.0,0.21,1.6842000000000001,2.7755575615628914e-17,2.715743447119871
2025-01-04 18:00:00,2025-01-04,18,40,40,0.42,4.327309877838789,0,8,3,248.37548,False,True,False,20.0,0.42,0.0,0.0,4.327309877838789
2025-01-04 19:00:00,2025-01-04,19,40,40,0.42,4.044144581857699,0,8,3,248.37548,False,True,False,20.0,0.42,0.0,0.0,4.044144581857699
2025-01-05 06:00:00,2025-01-05,6,40,40,0.42,4.49916679504412,0,8,3,248.37548,False,True,False,20.0,0.42,0.0,0.0,4.49916679504412
2025-01-05 07:00:00,2025-01-05,7,40,40,0.42,4.399943447119871,0,8,3,248.37548,False,True,False,20.0,0.42,1.6702,0.0,2.7297434471198714
2025-01-05 18:00:00,2025-01-05,18,40,40,0.22,4.327309877838789,0,8,3,248.37548,False,True,False,20.0,0.22,0.0,0.0,4.327309877838789
2025-01-05 19:00:00,2025-01-05,19,40,40,0.21000000000000002,4.044144581857699,0,8,2,248.37548,False,True,False,20.0,0.21,0.0,2.7755575615628914e-17,4.044144581857699
2025-01-06 06:00:00,2025-01-06,6,40,40,0.21000000000000002,4.49916679504412,0,8,2,248.37548,False,True,False,20.0,0.21,0.0,2.7755575615628914e-17,4.49916679504412
2025-01-06 07:00:00,2025-01-06,7,40,40,0.21000000000000002,4.399943447119871,0,8,2,248.37548,False,True,False,20.0,0.21,1.6984,2.7755575615628914e-17,2.7015434471198714
2025-01-06 18:00:00,2025-01-06,18,40,40,0.2,4.327309877838789,0,8,1,248.37548,False,True,False,20.0,0.2,0.0,0.0,4.327309877838789
2025-01-06 19:00:00,2025-01-06,19,40,40,0.2,4.044144581857699,0,8,1,248.37548,False,True,False,20.0,0.2,0.0,0.0,4.044144581857699
2025-01-07 06:00:00,2025-01-07,6,40,40,0.2,4.49916679504412,0,8,1,248.37548,False,True,False,20.0,0.2,0.0,0.0,4.49916679504412
2025-01-07 07:00:00,2025-01-07,7,40,40,0.2,4.399943447119871,0,8,1,248.37548,False,True,False,20.0,0.2,1.9034,0.0,2.4965434471198713
2025-01-07 18:00:00,2025-01-07,18,40,40,0.21000000000000002,4.327309877838789,0,8,2,248.37548,False,True,False,20.0,0.21,0.0,2.7755575615628914e-17,4.327309877838789
2025-01-07 19:00:00,2025-01-07,19,40,40,0.21000000000000002,4.044144581857699,0,8,2,248.37548,False,True,False,20.0,0.21,0.0,2.7755575615628914e-17,4.044144581857699
2025-01-08 06:00:00,2025-01-08,6,40,40,0.21000000000000002,4.49916679504412,0,8,2,248.37548,False,True,False,20.0,0.21,0.0,2.7755575615628914e-17,4.49916679504412
2025-01-08 07:00:00,2025-01-08,7,40,40,0.21000000000000002,4.399943447119871,0,8,2,248.37548,False,True,False,20.0,0.21,1.7368000000000001,2.7755575615628914e-17,2.663143447119871
2025-01-08 18:00:00,2025-01-08,18,40,40,0.8,4.327309877838789,0,8,3,248.37548,False,True,False,20.0,0.8,0.0,0.0,4.327309877838789
2025-01-08 19:00:00,2025-01-08,19,40,40,0.8,4.044144581857699,0,8,3,248.37548,False,True,False,20.0,0.8,0.0,0.0,4.044144581857699
2025-01-09 06:00:00,2025-01-09,6,40,40,0.8,4.49916679504412,0,8,3,248.37548,False,True,False,20.0,0.8,0.0,0.0,4.49916679504412
2025-01-09 07:00:00,2025-01-09,7,40,40,0.8,4.399943447119871,0,8,3,248.37548,False,True,False,20.0,0.8,1.544,0.0,2.8559434471198712
2025-01-09 18:00:00,2025-01-09,18,40,40,1.51,4.327309877838789,0,8,3,248.37548,False,True,False,20.0,1.51,0.0,0.0,4.327309877838789
2025-01-09 19:00:00,2025-01-09,19,40,40,1.51,4.044144581857699,0,8,3,248.37548,False,True,False,20.0,1.51,0.0,0.0,4.044144581857699
2025-01-10 06:00:00,2025-01-10,6,40,40,1.51,4.49916679504412,0,8,3,248.37548,False,True,False,20.0,1.51,0.0,0.0,4.49916679504412
2025-01-10 07:00:00,2025-01-10,7,40,40,1.51,4.399943447119871,0,8,3,248.37548,False,True,False,20.0,1.51,1.5152,0.0,2.884743447119871
2025-01-10 18:00:00,2025-01-10,18,40,40,1.51,4.327309877838789,0,8,3,248.37548,False,True,False,20.0,1.51,0.0,0.0,4.327309877838789
2025-01-10 19:00:00,2025-01-10,19,40,40,1.51,4.044144581857699,0,8,3,248.37548,False,True,False,20.0,1.51,0.0,0.0,4.044144581857699
2025-01-11 06:00:00,2025-01-11,6,40,40,1.51,4.49916679504412,0,8,3,248.37548,False,True,False,20.0,1.51,0.0,0.0,4.49916679504412
2025-01-11 07:00:00,2025-01-11,7,40,40,1.51,4.399943447119871,0,8,3,248.37548,False,True,False,20.0,1.51,1.7968000000000002,0.0,2.603143447119871
2025-01-11 18:00:00,2025-01-11,18,40,40,1.51,4.327309877838789,0,8,3,248.37548,False,True,False,20.0,1.51,0.0,0.0,4.327309877838789
2025-01-11 19:00:00,2025-01-11,19,40,40,1.51,4.044144581857699,0,8,3,248.37548,False,True,False,20.0,1.51,0.0,0.0,4.044144581857699
2025-01-12 06:00:00,2025-01-12,6,40,40,1.51,4.49916679504412,0,8,3,248.37548,False,True,False,20.0,1.51,0.0,0.0,4.49916679504412
2025-01-12 07:00:00,2025-01-12,7,40,40,1.51,4.399943447119871,0,8,3,248.37548,False,True,False,20.0,1.51,1.8023,0.0,2.5976434471198715
2025-01-12 18:00:00,2025-01-12,18,40,40,1.51,4.327309877838789,0,8,3,248.37548,False,True,False,20.0,1.51,0.0,0.0,4.327309877838789
2025-01-12 19:00:00,2025-01-12,19,40,40,1.51,4.044144581857699,0,8,3,248.37548,False,True,False,20.0,1.51,0.0,0.0,4.044144581857699
2025-01-13 06:00:00,2025-01-13,6,40,40,1.51,4.49916679504412,0,8,3,248.37548,False,True,False,20.0,1.51,0.0,0.0,4.49916679504412
2025-01-13 07:00:00,2025-01-13,7,40,40,1.51,4.399943447119871,0,8,3,248.37548,False,True,False,20.0,1.51,1.6936,0.0,2.7063434471198713
2025-01-13 18:00:00,2025-01-13,18,40,40,2.86,4.327309877838789,0,8,6,248.37548,False,True,False,20.0,2.86,0.0,0.0,4.327309877838789
2025-01-13 19:00:00,2025-01-13,19,40,40,2.86,4.044144581857699,0,8,6,248.37548,False,True,False,20.0,2.86,0.0,0.0,4.044144581857699
2025-01-14 06:00:00,2025-01-14,6,40,40,2.0300000000000002,4.49916679504412,0,8,5,248.37548,False,True,False,20.0,2.03,0.0,4.440892098500626e-16,4.49916679504412
2025-01-14 07:00:00,2025-01-14,7,40,40,2.0300000000000002,4.399943447119871,0,8,5,248.37548,False,True,False,20.0,2.03,1.5510000000000002,4.440892098500626e-16,2.848943447119871
2025-01-14 18:00:00,2025-01-14,18,40,40,2.1199999999999997,4.327309877838789,0,8,6,248.37548,False,True,False,20.0,2.12,0.0,-4.440892098500626e-16,4.327309877838789
2025-01-14 19:00:00,2025-01-14,19,40,40,2.1199999999999997,4.044144581857699,0,8,6,248.37548,False,True,False,20.0,2.12,0.0,-4.440892098500626e-16,4.044144581857699
2025-01-15 06:00:00,2025-01-15,6,40,40,2.1199999999999997,4.49916679504412,0,8,6,248.37548,False,True,False,20.0,2.12,0.0,-4.440892098500626e-16,4.49916679504412
2025-01-15 07:00:00,2025-01-15,7,40,40,2.1199999999999997,4.399943447119871,0,8,6,248.37548,False,True,False,20.0,2.12,1.6283,-4.440892098500626e-16,2.771643447119871
2025-01-15 18:00:00,2025-01-15,18,41,41,2.1199999999999997,4.509673654065114,0,8,6,259.64748,False,True,False,19.51219512195122,2.12,0.0,-4.440892098500626e-16,4.509673654065114
2025-01-15 19:00:00,2025-01-15,19,41,41,2.1199999999999997,4.2159695771126735,0,8,6,259.64748,False,True,False,19.51219512195122,2.12,0.0,-4.440892098500626e-16,4.2159695771126735
2025-01-16 06:00:00,2025-01-16,6,41,41,1.6099999999999999,4.722588059545195,0,8,5,259.64748,False,True,False,19.51219512195122,1.6099999999999999,0.0,0.0,4.722588059545195
2025-01-16 07:00:00,2025-01-16,7,41,41,1.6099999999999999,4.585329127198471,0,8,5,259.64748,False,True,False,19.51219512195122,1.6099999999999999,1.6827,0.0,2.902629127198471
2025-01-16 18:00:00,2025-01-16,18,41,41,1.52,4.509673654065114,0,8,4,259.64748,False,True,False,19.51219512195122,1.52,0.0,0.0,4.509673654065114
2025-01-16 19:00:00,2025-01-16,19,41,41,1.51,4.2159695771126735,0,8,3,259.64748,False,True,False,19.51219512195122,1.51,0.0,0.0,4.2159695771126735
2025-01-17 06:00:00,2025-01-17,6,41,41,3.4899999999999998,4.722588059545195,0,8,4,259.64748,False,True,False,19.51219512195122,3.49,0.0,-4.440892098500626e-16,4.722588059545195
2025-01-17 07:00:00,2025-01-17,7,41,41,3.4899999999999998,4.585329127198471,0,8,4,259.64748,False,True,False,19.51219512195122,3.49,1.7463000000000002,-4.440892098500626e-16,2.839029127198471
2025-01-17 18:00:00,2025-01-17,18,41,41,3.4,4.509673654065114,0,8,4,259.64748,False,True,False,19.51219512195122,3.4,0.0,0.0,4.509673654065114
2025-01-17 19:00:00,2025-01-17,19,41,41,3.4,4.2159695771126735,0,8,4,259.64748,False,True,False,19.51219512195122,3.4,0.0,0.0,4.2159695771126735
2025-01-18 06:00:00,2025-01-18,6,41,41,3.4,4.722588059545195,0,8,4,259.64748,False,True,False,19.51219512195122,3.4,0.0,0.0,4.722588059545195
2025-01-18 07:00:00,2025-01-18,7,41,41,3.4,4.585329127198471,0,8,4,259.64748,False,True,False,19.51219512195122,3.4,1.7215,0.0,2.8638291271984713
2025-01-18 18:00:00,2025-01-18,18,41,41,3.39,4.509673654065114,0,8,3,259.64748,False,True,False,19.51219512195122,3.39,0.0,0.0,4.509673654065114
2025-01-18 19:00:00,2025-01-18,19,41,41,3.39,4.2159695771126735,0,8,3,259.64748,False,True,False,19.51219512195122,3.39,0.0,0.0,4.2159695771126735
2025-01-19 06:00:00,2025-01-19,6,41,41,1.41,4.722588059545195,0,8,2,259.64748,False,True,False,19.51219512195122,1.4100000000000001,0.0,-2.220446049250313e-16,4.722588059545195
2025-01-19 07:00:00,2025-01-19,7,41,41,1.41,4.585329127198471,0,8,2,259.64748,False,True,False,19.51219512195122,1.4100000000000001,1.6656,-2.220446049250313e-16,2.919729127198471
2025-01-19 18:00:00,2025-01-19,18,41,41,1.47,4.509673654065114,0,8,3,259.64748,False,True,False,19.51219512195122,1.47,0.0,0.0,4.509673654065114
2025-01-19 19:00:00,2025-01-19,19,41,41,1.41,4.2159695771126735,0,8,2,259.64748,False,True,False,19.51219512195122,1.4100000000000001,0.0,-2.220446049250313e-16,4.2159695771126735
2025-01-20 06:00:00,2025-01-20,6,41,41,1.41,4.722588059545195,0,8,2,259.64748,False,True,False,19.51219512195122,1.4100000000000001,0.0,-2.220446049250313e-16,4.722588059545195
2025-01-20 07:00:00,2025-01-20,7,41,41,1.41,4.585329127198471,0,8,2,259.64748,False,True,False,19.51219512195122,1.4100000000000001,1.7574,-2.220446049250313e-16,2.827929127198471
2025-01-20 18:00:00,2025-01-20,18,41,41,1.5,4.509673654065114,0,8,4,259.64748,False,True,False,19.51219512195122,1.5,0.0,0.0,4.509673654065114
2025-01-20 19:00:00,2025-01-20,19,41,41,1.5,4.2159695771126735,0,8,4,259.64748,False,True,False,19.51219512195122,1.5,0.0,0.0,4.2159695771126735
2025-01-21 06:00:00,2025-01-21,6,41,41,1.42,4.722588059545195,0,8,3,259.64748,False,True,False,19.51219512195122,1.42,0.0,0.0,4.722588059545195
2025-01-21 07:00:00,2025-01-21,7,41,41,1.42,4.585329127198471,0,8,3,259.64748,False,True,False,19.51219512195122,1.42,1.6961,0.0,2.889229127198471
2025-01-21 18:00:00,2025-01-21,18,41,41,2.69,4.509673654065114,0,8,4,259.64748,False,True,False,19.51219512195122,2.69,0.0,0.0,4.509673654065114
2025-01-21 19:00:00,2025-01-21,19,41,41,1.42,4.2159695771126735,0,8,3,259.64748,False,True,False,19.51219512195122,1.42,0.0,0.0,4.2159695771126735
2025-01-22 06:00:00,2025-01-22,6,41,41,1.42,4.722588059545195,0,8,3,259.64748,False,True,False,19.51219512195122,1.42,0.0,0.0,4.722588059545195
2025-01-22 07:00:00,2025-01-22,7,41,41,1.42,4.585329127198471,0,8,3,259.64748,False,True,False,19.51219512195122,1.42,1.6703999999999999,0.0,2.914929127198471
2025-01-22 18:00:00,2025-01-22,18,41,41,2.5,4.509673654065114,0,8,3,259.64748,False,True,False,19.51219512195122,2.5,0.0,0.0,4.509673654065114
2025-01-22 19:00:00,2025-01-22,19,41,41,2.5,4.2159695771126735,0,8,3,259.64748,False,True,False,19.51219512195122,2.5,0.0,0.0,4.2159695771126735
2025-01-23 06:00:00,2025-01-23,6,41,41,1.41,4.722588059545195,0,8,2,259.64748,False,True,False,19.51219512195122,1.4100000000000001,0.0,-2.220446049250313e-16,4.722588059545195
2025-01-23 07:00:00,2025-01-23,7,41,41,1.41,4.585329127198471,0,8,2,259.64748,False,True,False,19.51219512195122,1.4100000000000001,1.4949,-2.220446049250313e-16,3.090429127198471
2025-01-23 18:00:00,2025-01-23,18,41,41,1.76,4.509673654065114,0,8,3,259.64748,False,True,False,19.51219512195122,1.76,0.0,0.0,4.509673654065114
2025-01-23 19:00:00,2025-01-23,19,41,41,1.76,4.2159695771126735,0,8,3,259.64748,False,True,False,19.51219512195122,1.76,0.0,0.0,4.2159695771126735
2025-01-24 06:00:00,2025-01-24,6,41,41,1.76,4.722588059545195,0,8,3,259.64748,False,True,False,19.51219512195122,1.76,0.0,0.0,4.722588059545195
2025-01-24 07:00:00,2025-01-24,7,41,41,1.76,4.585329127198471,0,8,3,259.64748,False,True,False,19.51219512195122,1.76,1.3489,0.0,3.236429127198471
2025-01-24 18:00:00,2025-01-24,18,41,41,1.81,4.509673654065114,0,8,3,259.64748,False,True,False,19.51219512195122,1.81,0.0,0.0,4.509673654065114
2025-01-24 19:00:00,2025-01-24,19,41,41,1.41,4.2159695771126735,0,8,2,259.64748,False,True,False,19.51219512195122,1.4100000000000001,0.0,-2.220446049250313e-16,4.2159695771126735
2025-01-25 06:00:00,2025-01-25,6,41,41,1.41,4.722588059545195,0,8,2,259.64748,False,True,False,19.51219512195122,1.4100000000000001,0.0,-2.220446049250313e-16,4.722588059545195
2025-01-25 07:00:00,2025-01-25,7,41,41,1.41,4.585329127198471,0,8,2,259.64748,False,True,False,19.51219512195122,1.4100000000000001,1.3489,-2.220446049250313e-16,3.236429127198471
2025-01-25 18:00:00,2025-01-25,18,41,41,1.8399999999999999,4.509673654065114,0,8,3,259.64748,False,True,False,19.51219512195122,1.8399999999999999,0.0,0.0,4.509673654065114
2025-01-25 19:00:00,2025-01-25,19,41,41,1.8399999999999999,4.2159695771126735,0,8,3,259.64748,False,True,False,19.51219512195122,1.8399999999999999,0.0,0.0,4.2159695771126735
2025-01-26 06:00:00,2025-01-26,6,41,41,1.8399999999999999,4.722588059545195,0,8,3,259.64748,False,True,False,19.51219512195122,1.8399999999999999,0.0,0.0,4.722588059545195
2025-01-26 07:00:00,2025-01-26,7,41,41,1.8399999999999999,4.585329127198471,0,8,3,259.64748,False,True,False,19.51219512195122,1.8399999999999999,1.2089,0.0,3.376429127198471
2025-01-26 18:00:00,2025-01-26,18,41,41,1.41,4.509673654065114,0,8,2,259.64748,False,True,False,19.51219512195122,1.4100000000000001,0.0,-2.220446049250313e-16,4.509673654065114
2025-01-26 19:00:00,2025-01-26,19,41,41,1.41,4.2159695771126735,0,8,2,259.64748,False,True,False,19.51219512195122,1.4100000000000001,0.0,-2.220446049250313e-16,4.2159695771126735
2025-01-27 06:00:00,2025-01-27,6,41,41,1.41,4.722588059545195,0,8,2,259.64748,False,True,False,19.51219512195122,1.4100000000000001,0.0,-2.220446049250313e-16,4.722588059545195
2025-01-27 07:00:00,2025-01-27,7,41,41,1.41,4.585329127198471,0,8,2,259.64748,False,True,False,19.51219512195122,1.4100000000000001,1.6291,-2.220446049250313e-16,2.956229127198471
2025-01-27 18:00:00,2025-01-27,18,41,41,2.92,4.509673654065114,0,8,5,259.64748,False,True,False,19.51219512195122,2.92,0.0,0.0,4.509673654065114
2025-01-27 19:00:00,2025-01-27,19,41,41,2.91,4.2159695771126735,0,8,4,259.64748,False,True,False,19.51219512195122,2.91,0.0,0.0,4.2159695771126735
2025-01-28 06:00:00,2025-01-28,6,41,41,2.91,4.722588059545195,0,8,4,259.64748,False,True,False,19.51219512195122,2.91,0.0,0.0,4.722588059545195
2025-01-28 07:00:00,2025-01-28,7,41,41,1.43,4.585329127198471,0,8,4,259.64748,False,True,False,19.51219512195122,1.43,1.6066,0.0,2.978729127198471
2025-01-28 18:00:00,2025-01-28,18,41,41,3.2600000000000002,4.509673654065114,0,8,4,259.64748,False,True,False,19.51219512195122,3.26,0.0,4.440892098500626e-16,4.509673654065114
2025-01-28 19:00:00,2025-01-28,19,41,41,3.25,4.2159695771126735,0,8,3,259.64748,False,True,False,19.51219512195122,3.25,0.0,0.0,4.2159695771126735
2025-01-29 06:00:00,2025-01-29,6,41,41,1.41,4.722588059545195,0,8,2,259.64748,False,True,False,19.51219512195122,1.4100000000000001,0.0,-2.220446049250313e-16,4.722588059545195
2025-01-29 07:00:00,2025-01-29,7,41,41,1.43,4.585329127198471,0,8,4,259.64748,False,True,False,19.51219512195122,1.43,1.9845000000000002,0.0,2.600829127198471
2025-01-29 18:00:00,2025-01-29,18,41,41,1.43,4.509673654065114,0,8,4,259.64748,False,True,False,19.51219512195122,1.43,0.0,0.0,4.509673654065114
2025-01-29 19:00:00,2025-01-29,19,41,41,1.43,4.2159695771126735,0,8,4,259.64748,False,True,False,19.51219512195122,1.43,0.0,0.0,4.2159695771126735
2025-01-30 06:00:00,2025-01-30,6,41,41,1.43,4.722588059545195,0,8,4,259.64748,False,True,False,19.51219512195122,1.43,0.0,0.0,4.722588059545195
2025-01-30 07:00:00,2025-01-30,7,41,41,1.44,4.585329127198471,0,8,5,259.64748,False,True,False,19.51219512195122,1.44,1.7974,0.0,2.787929127198471
2025-01-30 18:00:00,2025-01-30,18,41,41,1.47,4.509673654065114,0,8,4,259.64748,False,True,False,19.51219512195122,1.47,0.0,0.0,4.509673654065114
2025-01-30 19:00:00,2025-01-30,19,41,41,1.47,4.2159695771126735,0,8,4,259.64748,False,True,False,19.51219512195122,1.47,0.0,0.0,4.2159695771126735
2025-01-31 06:00:00,2025-01-31,6,41,41,1.42,4.722588059545195,0,8,3,259.64748,False,True,False,19.51219512195122,1.42,0.0,0.0,4.722588059545195
2025-01-31 07:00:00,2025-01-31,7,41,41,1.42,4.585329127198471,0,8,3,259.64748,False,True,False,19.51219512195122,1.42,1.2056,0.0,3.379729127198471
2025-01-31 18:00:00,2025-01-31,18,41,41,1.43,4.509673654065114,0,8,4,259.64748,False,True,False,19.51219512195122,1.43,0.0,0.0,4.509673654065114
2025-01-31 19:00:00,2025-01-31,19,41,41,1.43,4.2159695771126735,0,8,4,259.64748,False,True,False,19.51219512195122,1.43,0.0,0.0,4.2159695771126735
2025-02-01 06:00:00,2025-02-01,6,41,41,1.42,4.722588059545195,0,8,3,259.64748,False,True,False,19.51219512195122,1.42,0.0,0.0,4.722588059545195
2025-02-01 07:00:00,2025-02-01,7,41,41,1.42,4.585329127198471,0,8,3,259.64748,False,True,False,19.51219512195122,1.42,1.8165,0.0,2.768829127198471
2025-02-01 18:00:00,2025-02-01,18,41,41,1.41,4.509673654065114,0,8,2,259.64748,False,True,False,19.51219512195122,1.4100000000000001,0.0,-2.220446049250313e-16,4.509673654065114
2025-02-01 19:00:00,2025-02-01,19,41,41,1.41,4.2159695771126735,0,8,2,259.64748,False,True,False,19.51219512195122,1.4100000000000001,0.0,-2.220446049250313e-16,4.2159695771126735
2025-02-02 06:00:00,2025-02-02,6,41,41,1.41,4.722588059545195,0,8,2,259.64748,False,True,False,19.51219512195122,1.4100000000000001,0.0,-2.220446049250313e-16,4.722588059545195
2025-02-02 07:00:00,2025-02-02,7,41,41,1.43,4.585329127198471,0,8,3,259.64748,False,True,False,19.51219512195122,1.43,1.7926000000000002,0.0,2.792729127198471
2025-02-02 18:00:00,2025-02-02,18,41,41,1.42,4.509673654065114,0,8,3,259.64748,False,True,False,19.51219512195122,1.42,0.0,0.0,4.509673654065114
2025-02-02 19:00:00,2025-02-02,19,41,41,1.42,4.2159695771126735,0,8,3,259.64748,False,True,False,19.51219512195122,1.42,0.0,0.0,4.2159695771126735
2025-02-03 06:00:00,2025-02-03,6,41,41,1.42,4.722588059545195,0,8,3,259.64748,False,True,False,19.51219512195122,1.42,0.0,0.0,4.722588059545195
2025-02-03 07:00:00,2025-02-03,7,41,41,1.44,4.585329127198471,0,8,5,259.64748,False,True,False,19.51219512195122,1.44,2.3797,0.0,2.205629127198471
2025-02-03 18:00:00,2025-02-03,18,41,41,1.41,4.509673654065114,0,8,2,259.64748,False,True,False,19.51219512195122,1.4100000000000001,0.0,-2.220446049250313e-16,4.509673654065114
2025-02-03 19:00:00,2025-02-03,19,41,41,1.41,4.2159695771126735,0,8,2,259.64748,False,True,False,19.51219512195122,1.4100000000000001,0.0,-2.220446049250313e-16,4.2159695771126735
2025-02-04 06:00:00,2025-02-04,6,41,41,1.41,4.722588059545195,0,8,2,259.64748,False,True,False,19.51219512195122,1.4100000000000001,0.0,-2.220446049250313e-16,4.722588059545195
2025-02-04 07:00:00,2025-02-04,7,41,41,1.45,4.585329127198471,0,8,6,259.64748,False,True,False,19.51219512195122,1.45,2.373,0.0,2.212329127198471
2025-02-04 18:00:00,2025-02-04,18,41,41,1.53,4.509673654065114,0,8,6,259.64748,False,True,False,19.51219512195122,1.53,0.0,0.0,4.509673654065114
2025-02-04 19:00:00,2025-02-04,19,41,41,1.49,4.2159695771126735,0,8,4,259.64748,False,True,False,19.51219512195122,1.49,0.0,0.0,4.2159695771126735
2025-02-05 06:00:00,2025-02-05,6,41,41,1.42,4.722588059545195,0,8,3,259.64748,False,True,False,19.51219512195122,1.42,0.0,0.0,4.722588059545195
2025-02-05 07:00:00,2025-02-05,7,41,41,1.41,4.585329127198471,0,8,2,259.64748,False,True,False,19.51219512195122,1.4100000000000001,2.1635,-2.220446049250313e-16,2.421829127198471
2025-02-05 18:00:00,2025-02-05,18,41,41,1.44,4.509673654065114,0,8,4,259.64748,False,True,False,19.51219512195122,1.44,0.0,0.0,4.509673654065114
2025-02-05 19:00:00,2025-02-05,19,41,41,1.42,4.2159695771126735,0,8,3,259.64748,False,True,False,19.51219512195122,1.42,0.0,0.0,4.2159695771126735
2025-02-06 06:00:00,2025-02-06,6,41,41,1.42,4.722588059545195,0,8,3,259.64748,False,True,False,19.51219512195122,1.42,0.0,0.0,4.722588059545195
2025-02-06 07:00:00,2025-02-06,7,41,41,1.43,4.585329127198471,0,8,4,259.64748,False,True,False,19.51219512195122,1.43,2.1711,0.0,2.414229127198471
2025-02-06 18:00:00,2025-02-06,18,41,41,1.42,4.509673654065114,0,8,3,259.64748,False,True,False,19.51219512195122,1.42,0.0,0.0,4.509673654065114
2025-02-06 19:00:00,2025-02-06,19,41,41,1.42,4.2159695771126735,0,8,3,259.64748,False,True,False,19.51219512195122,1.42,0.0,0.0,4.2159695771126735
2025-02-07 06:00:00,2025-02-07,6,41,41,1.42,4.722588059545195,0,8,3,259.64748,False,True,False,19.51219512195122,1.42,0.0,0.0,4.722588059545195
2025-02-07 07:00:00,2025-02-07,7,41,41,1.65,4.585329127198471,0,8,13,259.64748,False,True,False,19.51219512195122,1.65,2.4813,0.0,2.104029127198471
2025-02-07 18:00:00,2025-02-07,18,41,41,4.2,4.509673654065114,0,8,8,259.64748,False,True,False,19.51219512195122,4.2,0.0,0.0,4.509673654065114
2025-02-07 19:00:00,2025-02-07,19,41,41,4.140000000000001,4.2159695771126735,0,8,6,259.64748,False,True,False,19.51219512195122,4.14,0.0,8.881784197001252e-16,4.2159695771126735
2025-02-08 06:00:00,2025-02-08,6,41,41,4.140000000000001,4.722588059545195,0,8,6,259.64748,False,True,False,19.51219512195122,4.14,0.0,8.881784197001252e-16,4.722588059545195
2025-02-08 07:00:00,2025-02-08,7,41,41,4.46,4.585329127198471,0,8,18,259.64748,False,True,False,19.51219512195122,4.46,2.9681,0.0,1.617229127198471
2025-02-08 18:00:00,2025-02-08,18,41,41,4.17,4.509673654065114,0,8,5,259.64748,False,True,False,19.51219512195122,4.17,0.0,0.0,4.509673654065114
2025-02-08 19:00:00,2025-02-08,19,41,41,4.11,4.2159695771126735,0,8,3,259.64748,False,True,False,19.51219512195122,4.11,0.0,0.0,4.2159695771126735
2025-02-09 06:00:00,2025-02-09,6,41,41,4.11,4.722588059545195,0,8,3,259.64748,False,True,False,19.51219512195122,4.11,0.0,0.0,4.722588059545195
2025-02-09 07:00:00,2025-02-09,7,41,41,4.41,4.585329127198471,0,8,15,259.64748,False,True,False,19.51219512195122,4.41,3.5564,0.0,1.028929127198471
2025-02-09 18:00:00,2025-02-09,18,41,41,1.45,4.509673654065114,0,8,5,259.64748,False,True,False,19.51219512195122,1.45,0.0,0.0,4.509673654065114
2025-02-09 19:00:00,2025-02-09,19,41,41,1.42,4.2159695771126735,0,8,3,259.64748,False,True,False,19.51219512195122,1.42,0.0,0.0,4.2159695771126735
2025-02-10 06:00:00,2025-02-10,6,41,41,1.42,4.722588059545195,0,8,3,259.64748,False,True,False,19.51219512195122,1.42,0.0,0.0,4.722588059545195
2025-02-10 07:00:00,2025-02-10,7,41,41,1.84,4.585329127198471,0,8,17,259.64748,False,True,False,19.51219512195122,1.8399999999999999,4.4081,2.220446049250313e-16,0.17722912719847095
2025-02-10 18:00:00,2025-02-10,18,41,41,1.47,4.509673654065114,0,8,4,259.64748,False,True,False,19.51219512195122,1.47,0.0,0.0,4.509673654065114
2025-02-10 19:00:00,2025-02-10,19,41,41,1.41,4.2159695771126735,0,8,2,259.64748,False,True,False,19.51219512195122,1.4100000000000001,0.0,-2.220446049250313e-16,4.2159695771126735
2025-02-11 06:00:00,2025-02-11,6,41,41,1.41,4.722588059545195,0,8,2,259.64748,False,True,False,19.51219512195122,1.4100000000000001,0.0,-2.220446049250313e-16,4.722588059545195
2025-02-11 07:00:00,2025-02-11,7,41,41,1.81,4.585329127198471,0,8,14,259.64748,False,True,False,19.51219512195122,1.81,3.0114,0.0,1.573929127198471
2025-02-11 18:00:00,2025-02-11,18,41,41,1.41,4.509673654065114,0,8,2,259.64748,False,True,False,19.51219512195122,1.4100000000000001,0.0,-2.220446049250313e-16,4.509673654065114
2025-02-11 19:00:00,2025-02-11,19,41,41,1.41,4.2159695771126735,0,8,2,259.64748,False,True,False,19.51219512195122,1.4100000000000001,0.0,-2.220446049250313e-16,4.2159695771126735
2025-02-12 06:00:00,2025-02-12,6,41,41,1.42,4.722588059545195,0,8,3,259.64748,False,True,False,19.51219512195122,1.42,0.0,0.0,4.722588059545195
2025-02-12 07:00:00,2025-02-12,7,41,41,1.52,4.585329127198471,0,8,8,259.64748,False,True,False,19.51219512195122,1.52,3.7492,0.0,0.836129127198471
2025-02-12 18:00:00,2025-02-12,18,41,41,5.08,4.509673654065114,0,8,4,259.64748,False,True,False,19.51219512195122,5.08,0.0,0.0,4.509673654065114
2025-02-12 19:00:00,2025-02-12,19,41,41,5.07,4.2159695771126735,0,8,3,259.64748,False,True,False,19.51219512195122,5.07,0.0,0.0,4.2159695771126735
2025-02-13 06:00:00,2025-02-13,6,41,41,5.08,4.722588059545195,0,8,4,259.64748,False,True,False,19.51219512195122,5.08,0.0,0.0,4.722588059545195
2025-02-13 07:00:00,2025-02-13,7,41,41,6.0,4.585329127198471,0,8,25,259.64748,False,True,False,19.51219512195122,6.0,4.6033,0.0,-0.01797087280152887
2025-02-13 18:00:00,2025-02-13,18,41,41,5.11,4.509673654065114,0,8,6,259.64748,False,True,False,19.51219512195122,5.11,0.0,0.0,4.509673654065114
2025-02-13 19:00:00,2025-02-13,19,41,41,5.08,4.2159695771126735,0,8,4,259.64748,False,True,False,19.51219512195122,5.08,0.0,0.0,4.2159695771126735
2025-02-14 06:00:00,2025-02-14,6,41,41,5.08,4.722588059545195,0,8,4,259.64748,False,True,False,19.51219512195122,5.08,0.0,0.0,4.722588059545195
2025-02-14 07:00:00,2025-02-14,7,41,41,5.67,4.585329127198471,0,8,20,259.64748,False,True,False,19.51219512195122,5.67,4.1257,0.0,0.45962912719847093
2025-02-14 18:00:00,2025-02-14,18,41,41,5.12,4.509673654065114,0,8,6,259.64748,False,True,False,19.51219512195122,5.12,0.0,0.0,4.509673654065114
2025-02-14 19:00:00,2025-02-14,19,41,41,5.08,4.2159695771126735,0,8,4,259.64748,False,True,False,19.51219512195122,5.08,0.0,0.0,4.2159695771126735
2025-02-15 06:00:00,2025-02-15,6,41,41,5.08,4.722588059545195,0,8,4,259.64748,False,True,False,19.51219512195122,5.08,0.0,0.0,4.722588059545195
2025-02-15 07:00:00,2025-02-15,7,41,41,6.14,4.585329127198471,0,8,26,259.64748,False,True,False,19.51219512195122,6.14,3.5809,0.0,1.0044291271984709
2025-02-15 18:00:00,2025-02-15,18,41,41,6.83,4.509673654065114,0,8,5,259.64748,False,True,False,19.51219512195122,6.83,0.0,0.0,4.509673654065114
2025-02-15 19:00:00,2025-02-15,19,41,41,6.82,4.2159695771126735,0,8,4,259.64748,False,True,False,19.51219512195122,6.82,0.0,0.0,4.2159695771126735
2025-02-16 06:00:00,2025-02-16,6,41,41,5.07,4.722588059545195,0,8,3,259.64748,False,True,False,19.51219512195122,5.07,0.0,0.0,4.722588059545195
2025-02-16 07:00:00,2025-02-16,7,41,41,6.36,4.585329127198471,0,8,31,259.64748,False,True,False,19.51219512195122,6.36,4.2214,0.0,0.36392912719847104
2025-02-16 18:00:00,2025-02-16,18,41,41,6.86,4.509673654065114,0,8,7,259.64748,False,True,False,19.51219512195122,6.86,0.0,0.0,4.509673654065114
2025-02-16 19:00:00,2025-02-16,19,41,41,6.83,4.2159695771126735,0,8,5,259.64748,False,True,False,19.51219512195122,6.83,0.0,0.0,4.2159695771126735
2025-02-17 06:00:00,2025-02-17,6,41,41,5.09,4.722588059545195,0,8,5,259.64748,False,True,False,19.51219512195122,5.09,0.0,0.0,4.722588059545195
2025-02-17 07:00:00,2025-02-17,7,41,41,7.67,4.585329127198471,0,8,32,259.64748,False,True,False,19.51219512195122,7.67,3.4446,0.0,1.1407291271984712
2025-02-17 18:00:00,2025-02-17,18,41,41,5.260000000000001,4.509673654065114,0,8,6,259.64748,False,True,False,19.51219512195122,5.26,0.0,8.881784197001252e-16,4.509673654065114
2025-02-17 19:00:00,2025-02-17,19,41,41,5.24,4.2159695771126735,0,8,5,259.64748,False,True,False,19.51219512195122,5.24,0.0,0.0,4.2159695771126735
2025-02-18 06:00:00,2025-02-18,6,41,41,5.07,4.722588059545195,0,8,3,259.64748,False,True,False,19.51219512195122,5.07,0.0,0.0,4.722588059545195
2025-02-18 07:00:00,2025-02-18,7,41,41,6.82,4.585329127198471,0,8,33,259.64748,False,True,False,19.51219512195122,6.82,4.7291,0.0,-0.14377087280152878
2025-02-18 18:00:00,2025-02-18,18,41,41,5.15,4.509673654065114,0,8,5,259.64748,False,True,False,19.51219512195122,5.15,0.0,0.0,4.509673654065114
2025-02-18 19:00:00,2025-02-18,19,41,41,5.07,4.2159695771126735,0,8,3,259.64748,False,True,False,19.51219512195122,5.07,0.0,0.0,4.2159695771126735
2025-02-19 06:00:00,2025-02-19,6,41,41,5.07,4.722588059545195,0,8,3,259.64748,False,True,False,19.51219512195122,5.07,0.0,0.0,4.722588059545195
2025-02-19 07:00:00,2025-02-19,7,41,41,6.36,4.585329127198471,0,8,27,259.64748,False,True,False,19.51219512195122,6.36,4.2393,0.0,0.346029127198471
2025-02-19 18:00:00,2025-02-19,18,41,41,6.95,4.509673654065114,0,8,6,259.64748,False,True,False,19.51219512195122,6.95,0.0,0.0,4.509673654065114
2025-02-19 19:00:00,2025-02-19,19,41,41,6.890000000000001,4.2159695771126735,0,8,4,259.64748,False,True,False,19.51219512195122,6.89,0.0,8.881784197001252e-16,4.2159695771126735
2025-02-20 06:00:00,2025-02-20,6,41,41,6.890000000000001,4.722588059545195,0,8,4,259.64748,False,True,False,19.51219512195122,6.89,0.0,8.881784197001252e-16,4.722588059545195
2025-02-20 07:00:00,2025-02-20,7,41,41,8.01,4.585329127198471,0,8,23,259.64748,False,True,False,19.51219512195122,8.01,4.0029,0.0,0.5824291271984707
2025-02-20 18:00:00,2025-02-20,18,41,41,5.12,4.509673654065114,0,8,5,259.64748,False,True,False,19.51219512195122,5.12,0.0,0.0,4.509673654065114
2025-02-20 19:00:00,2025-02-20,19,41,41,5.07,4.2159695771126735,0,8,3,259.64748,False,True,False,19.51219512195122,5.07,0.0,0.0,4.2159695771126735
2025-02-21 06:00:00,2025-02-21,6,41,41,5.07,4.722588059545195,0,8,3,259.64748,False,True,False,19.51219512195122,5.07,0.0,0.0,4.722588059545195
2025-02-21 07:00:00,2025-02-21,7,41,41,6.84,4.585329127198471,0,8,34,259.64748,False,True,False,19.51219512195122,6.84,3.766,0.0,0.8193291271984711
2025-02-21 18:00:00,2025-02-21,18,41,41,5.140000000000001,4.509673654065114,0,8,6,259.64748,False,True,False,19.51219512195122,5.14,0.0,8.881784197001252e-16,4.509673654065114
2025-02-21 19:00:00,2025-02-21,19,41,41,5.08,4.2159695771126735,0,8,4,259.64748,False,True,False,19.51219512195122,5.08,0.0,0.0,4.2159695771126735
2025-02-22 06:00:00,2025-02-22,6,41,41,5.08,4.722588059545195,0,8,4,259.64748,False,True,False,19.51219512195122,5.08,0.0,0.0,4.722588059545195
2025-02-22 07:00:00,2025-02-22,7,41,41,5.390000000000001,4.585329127198471,0,8,13,259.64748,False,True,False,19.51219512195122,5.39,3.3357,8.881784197001252e-16,1.249629127198471
2025-02-22 18:00:00,2025-02-22,18,41,41,5.75,4.509673654065114,0,8,6,259.64748,False,True,False,19.51219512195122,5.75,0.0,0.0,4.509673654065114
2025-02-22 19:00:00,2025-02-22,19,41,41,5.09,4.2159695771126735,0,8,5,259.64748,False,True,False,19.51219512195122,5.09,0.0,0.0,4.2159695771126735
2025-02-23 06:00:00,2025-02-23,6,41,41,5.09,4.722588059545195,0,8,5,259.64748,False,True,False,19.51219512195122,5.09,0.0,0.0,4.722588059545195
2025-02-23 07:00:00,2025-02-23,7,41,41,7.88,4.585329127198471,0,8,33,259.64748,False,True,False,19.51219512195122,7.88,4.4822,0.0,0.10312912719847134
2025-02-23 18:00:00,2025-02-23,18,41,41,5.26,4.509673654065114,0,8,7,259.64748,False,True,False,19.51219512195122,5.26,0.0,0.0,4.509673654065114
2025-02-23 19:00:00,2025-02-23,19,41,41,5.07,4.2159695771126735,0,8,3,259.64748,False,True,False,19.51219512195122,5.07,0.0,0.0,4.2159695771126735
2025-02-24 06:00:00,2025-02-24,6,41,41,5.07,4.722588059545195,0,8,3,259.64748,False,True,False,19.51219512195122,5.07,0.0,0.0,4.722588059545195
2025-02-24 07:00:00,2025-02-24,7,41,41,8.65,4.585329127198471,0,8,35,259.64748,False,True,False,19.51219512195122,8.65,5.3153,0.0,-0.7299708728015286
2025-02-24 18:00:00,2025-02-24,18,41,41,5.36,4.509673654065114,0,8,8,259.64748,False,True,False,19.51219512195122,5.36,0.0,0.0,4.509673654065114
2025-02-24 19:00:00,2025-02-24,19,41,41,5.140000000000001,4.2159695771126735,0,8,4,259.64748,False,True,False,19.51219512195122,5.14,0.0,8.881784197001252e-16,4.2159695771126735
2025-02-25 06:00:00,2025-02-25,6,41,41,5.140000000000001,4.722588059545195,0,8,4,259.64748,False,True,False,19.51219512195122,5.14,0.0,8.881784197001252e-16,4.722588059545195
2025-02-25 07:00:00,2025-02-25,7,41,41,6.18,4.585329127198471,0,8,22,259.64748,False,True,False,19.51219512195122,6.18,5.1553,0.0,-0.5699708728015294
2025-02-25 18:00:00,2025-02-25,18,41,41,7.0,4.509673654065114,0,8,10,259.64748,False,True,False,19.51219512195122,7.0,0.0,0.0,4.509673654065114
2025-02-25 19:00:00,2025-02-25,19,41,41,6.87,4.2159695771126735,0,8,7,259.64748,False,True,False,19.51219512195122,6.87,0.0,0.0,4.2159695771126735
2025-02-26 06:00:00,2025-02-26,6,41,41,5.63,4.722588059545195,0,8,5,259.64748,False,True,False,19.51219512195122,5.63,0.0,0.0,4.722588059545195
2025-02-26 07:00:00,2025-02-26,7,41,41,8.43,4.585329127198471,0,8,34,259.64748,False,True,False,19.51219512195122,8.43,5.5599,0.0,-0.9745708728015288
2025-02-26 18:00:00,2025-02-26,18,41,41,8.28,4.509673654065114,0,8,10,259.64748,False,True,False,19.51219512195122,8.28,0.0,0.0,4.509673654065114
2025-02-26 19:00:00,2025-02-26,19,41,41,8.13,4.2159695771126735,0,8,7,259.64748,False,True,False,19.51219512195122,8.13,0.0,0.0,4.2159695771126735
2025-02-27 06:00:00,2025-02-27,6,41,41,6.0600000000000005,4.722588059545195,0,8,5,259.64748,False,True,False,19.51219512195122,6.06,0.0,8.881784197001252e-16,4.722588059545195
2025-02-27 07:00:00,2025-02-27,7,41,41,9.64,4.585329127198471,0,8,36,259.64748,False,True,False,19.51219512195122,9.64,5.3406,0.0,-0.7552708728015292
2025-02-27 18:00:00,2025-02-27,18,41,41,7.31,4.509673654065114,0,8,9,259.64748,False,True,False,19.51219512195122,7.31,0.0,0.0,4.509673654065114
2025-02-27 19:00:00,2025-02-27,19,41,41,7.22,4.2159695771126735,0,8,6,259.64748,False,True,False,19.51219512195122,7.22,0.0,0.0,4.2159695771126735
2025-02-28 06:00:00,2025-02-28,6,41,41,5.57,4.722588059545195,0,8,5,259.64748,False,True,False,19.51219512195122,5.57,0.0,0.0,4.722588059545195
2025-02-28 07:00:00,2025-02-28,7,41,41,8.51,4.585329127198471,0,8,36,259.64748,False,True,False,19.51219512195122,8.51,5.083,0.0,-0.4976708728015291
2025-02-28 18:00:00,2025-02-28,18,41,41,7.53,4.509673654065114,0,8,10,259.64748,False,True,False,19.51219512195122,7.53,0.0,0.0,4.509673654065114
2025-02-28 19:00:00,2025-02-28,19,41,41,7.430000000000001,4.2159695771126735,0,8,7,259.64748,False,True,False,19.51219512195122,7.43,0.0,8.881784197001252e-16,4.2159695771126735
2025-03-01 06:00:00,2025-03-01,6,41,41,5.57,4.722588059545195,0,8,5,259.64748,False,True,False,19.51219512195122,5.57,0.0,0.0,4.722588059545195
2025-03-01 07:00:00,2025-03-01,7,41,41,5.630000000000001,4.585329127198471,0,8,9,259.64748,False,True,False,19.51219512195122,5.63,7.8075,8.881784197001252e-16,-3.222170872801529
2025-03-01 18:00:00,2025-03-01,18,41,41,5.9,4.509673654065114,0,8,14,259.64748,False,True,False,19.51219512195122,5.9,0.0,0.0,4.509673654065114
2025-03-01 19:00:00,2025-03-01,19,41,41,5.57,4.2159695771126735,0,8,5,259.64748,False,True,False,19.51219512195122,5.57,0.0,0.0,4.2159695771126735
2025-03-02 06:00:00,2025-03-02,6,41,41,5.57,4.722588059545195,0,8,5,259.64748,False,True,False,19.51219512195122,5.57,0.0,0.0,4.722588059545195
2025-03-02 07:00:00,2025-03-02,7,41,41,5.6000000000000005,4.585329127198471,0,8,8,259.64748,False,True,False,19.51219512195122,5.6,7.1025,8.881784197001252e-16,-2.517170872801529
2025-03-02 18:00:00,2025-03-02,18,41,41,5.57,4.509673654065114,0,8,5,259.64748,False,True,False,19.51219512195122,5.57,0.0,0.0,4.509673654065114
2025-03-02 19:00:00,2025-03-02,19,41,41,5.57,4.2159695771126735,0,8,5,259.64748,False,True,False,19.51219512195122,5.57,0.0,0.0,4.2159695771126735
2025-03-03 06:00:00,2025-03-03,6,41,41,5.58,4.722588059545195,0,8,6,259.64748,False,True,False,19.51219512195122,5.58,0.0,0.0,4.722588059545195
2025-03-03 07:00:00,2025-03-03,7,41,41,8.24,4.585329127198471,0,8,34,259.64748,False,True,False,19.51219512195122,8.24,8.1153,0.0,-3.5299708728015284
2025-03-03 18:00:00,2025-03-03,18,41,41,5.57,4.509673654065114,0,8,5,259.64748,False,True,False,19.51219512195122,5.57,0.0,0.0,4.509673654065114
2025-03-03 19:00:00,2025-03-03,19,41,41,5.5600000000000005,4.2159695771126735,0,8,4,259.64748,False,True,False,19.51219512195122,5.5600000000000005,0.0,0.0,4.2159695771126735
2025-03-04 06:00:00,2025-03-04,6,42,42,6.1000000000000005,4.722588059545195,0,9,5,268.13948,False,True,False,21.428571428571427,6.1,0.0,8.881784197001252e-16,4.722588059545195
2025-03-04 07:00:00,2025-03-04,7,42,42,6.3,4.585329127198471,0,9,17,268.13948,False,True,False,21.428571428571427,6.3,8.0864,0.0,-3.5010708728015283
2025-03-04 18:00:00,2025-03-04,18,41,41,5.57,4.509673654065114,0,8,5,259.64748,False,True,False,19.51219512195122,5.57,0.0,0.0,4.509673654065114
2025-03-04 19:00:00,2025-03-04,19,41,41,5.5600000000000005,4.2159695771126735,0,8,4,259.64748,False,True,False,19.51219512195122,5.5600000000000005,0.0,0.0,4.2159695771126735
2025-03-05 06:00:00,2025-03-05,6,41,41,5.5600000000000005,4.722588059545195,0,8,4,259.64748,False,True,False,19.51219512195122,5.5600000000000005,0.0,0.0,4.722588059545195
2025-03-05 07:00:00,2025-03-05,7,41,41,11.870000000000001,4.585329127198471,0,8,36,259.64748,False,True,False,19.51219512195122,11.87,9.3111,1.7763568394002505e-15,-4.725770872801529
2025-03-05 18:00:00,2025-03-05,18,42,42,5.65,4.509673654065114,0,9,10,268.13948,False,True,False,21.428571428571427,5.65,0.0,0.0,4.509673654065114
2025-03-05 19:00:00,2025-03-05,19,42,42,5.57,4.2159695771126735,0,9,5,268.13948,False,True,False,21.428571428571427,5.57,0.0,0.0,4.2159695771126735
2025-03-06 06:00:00,2025-03-06,6,42,42,5.57,4.722588059545195,0,9,5,268.13948,False,True,False,21.428571428571427,5.57,0.0,0.0,4.722588059545195
2025-03-06 07:00:00,2025-03-06,7,42,42,15.0,4.585329127198471,0,9,38,268.13948,False,True,False,21.428571428571427,15.0,11.3221,0.0,-6.73677087280153
2025-03-06 18:00:00,2025-03-06,18,42,42,9.15,4.509673654065114,0,9,17,268.13948,False,True,False,21.428571428571427,9.15,0.0,0.0,4.509673654065114
2025-03-06 19:00:00,2025-03-06,19,42,42,7.61,4.2159695771126735,0,9,6,268.13948,False,True,False,21.428571428571427,7.61,0.0,0.0,4.2159695771126735
2025-03-07 06:00:00,2025-03-07,6,42,42,5.57,4.722588059545195,0,9,5,268.13948,False,True,False,21.428571428571427,5.57,0.0,0.0,4.722588059545195
2025-03-07 07:00:00,2025-03-07,7,42,42,15.65,4.585329127198471,0,9,38,268.13948,False,True,False,21.428571428571427,15.65,10.2733,0.0,-5.68797087280153
2025-03-07 18:00:00,2025-03-07,18,42,42,5.87,4.509673654065114,0,9,19,268.13948,False,True,False,21.428571428571427,5.87,0.0,0.0,4.509673654065114
2025-03-07 19:00:00,2025-03-07,19,42,42,5.57,4.2159695771126735,0,9,5,268.13948,False,True,False,21.428571428571427,5.57,0.0,0.0,4.2159695771126735
2025-03-08 06:00:00,2025-03-08,6,42,42,5.5600000000000005,4.722588059545195,0,9,4,268.13948,False,True,False,21.428571428571427,5.5600000000000005,0.0,0.0,4.722588059545195
2025-03-08 07:00:00,2025-03-08,7,42,42,13.48,4.585329127198471,0,9,39,268.13948,False,True,False,21.428571428571427,13.48,11.7621,0.0,-7.176770872801529
2025-03-08 18:00:00,2025-03-08,18,42,42,7.66,4.509673654065114,0,9,18,268.13948,False,True,False,21.428571428571427,7.66,0.0,0.0,4.509673654065114
2025-03-08 19:00:00,2025-03-08,19,42,42,7.33,4.2159695771126735,0,9,5,268.13948,False,True,False,21.428571428571427,7.33,0.0,0.0,4.2159695771126735
2025-03-09 06:00:00,2025-03-09,6,42,42,5.5600000000000005,4.722588059545195,0,9,4,268.13948,False,True,False,21.428571428571427,5.5600000000000005,0.0,0.0,4.722588059545195
2025-03-09 07:00:00,2025-03-09,7,42,42,15.05,4.585329127198471,0,9,40,268.13948,False,True,False,21.428571428571427,15.05,12.1364,0.0,-7.551070872801529
2025-03-09 18:00:00,2025-03-09,18,42,42,7.92,4.509673654065114,0,9,26,268.13948,False,True,False,21.428571428571427,7.92,0.0,0.0,4.509673654065114
2025-03-09 19:00:00,2025-03-09,19,42,42,7.41,4.2159695771126735,0,9,5,268.13948,False,True,False,21.428571428571427,7.41,0.0,0.0,4.2159695771126735
2025-03-10 06:00:00,2025-03-10,6,42,42,5.5600000000000005,4.722588059545195,0,9,4,268.13948,False,True,False,21.428571428571427,5.5600000000000005,0.0,0.0,4.722588059545195
2025-03-10 07:00:00,2025-03-10,7,42,42,14.15,4.585329127198471,0,9,40,268.13948,False,True,False,21.428571428571427,14.15,12.0946,0.0,-7.509270872801529
2025-03-10 18:00:00,2025-03-10,18,42,42,7.65,4.509673654065114,0,9,22,268.13948,False,True,False,21.428571428571427,7.65,0.0,0.0,4.509673654065114
2025-03-10 19:00:00,2025-03-10,19,42,42,7.3100000000000005,4.2159695771126735,0,9,7,268.13948,False,True,False,21.428571428571427,7.31,0.0,8.881784197001252e-16,4.2159695771126735
2025-03-11 06:00:00,2025-03-11,6,42,42,5.57,4.722588059545195,0,9,5,268.13948,False,True,False,21.428571428571427,5.57,0.0,0.0,4.722588059545195
2025-03-11 07:00:00,2025-03-11,7,42,42,14.45,4.585329127198471,0,9,39,268.13948,False,True,False,21.428571428571427,14.45,10.3779,0.0,-5.792570872801529
2025-03-11 18:00:00,2025-03-11,18,42,42,6.66,4.509673654065114,0,9,18,268.13948,False,True,False,21.428571428571427,6.66,0.0,0.0,4.509673654065114
2025-03-11 19:00:00,2025-03-11,19,42,42,6.48,4.2159695771126735,0,9,6,268.13948,False,True,False,21.428571428571427,6.48,0.0,0.0,4.2159695771126735
2025-03-12 06:00:00,2025-03-12,6,42,42,5.57,4.722588059545195,0,9,5,268.13948,False,True,False,21.428571428571427,5.57,0.0,0.0,4.722588059545195
2025-03-12 07:00:00,2025-03-12,7,42,42,10.27,4.585329127198471,0,9,40,268.13948,False,True,False,21.428571428571427,10.27,12.0234,0.0,-7.4380708728015295
2025-03-12 18:00:00,2025-03-12,18,43,43,8.02,4.509673654065114,0,10,17,273.82748,False,True,False,23.25581395348837,8.02,0.0,0.0,4.509673654065114
2025-03-12 19:00:00,2025-03-12,19,43,43,7.76,4.2159695771126735,0,10,7,273.82748,False,True,False,23.25581395348837,7.76,0.0,0.0,4.2159695771126735
2025-03-13 06:00:00,2025-03-13,6,43,43,5.5600000000000005,4.722588059545195,0,10,4,273.82748,False,True,False,23.25581395348837,5.5600000000000005,0.0,0.0,4.722588059545195
2025-03-13 07:00:00,2025-03-13,7,43,43,12.48,4.585329127198471,0,10,41,273.82748,False,True,False,23.25581395348837,12.48,11.8955,0.0,-7.310170872801529
2025-03-13 18:00:00,2025-03-13,18,43,43,7.52,4.509673654065114,0,10,17,273.82748,False,True,False,23.25581395348837,7.52,0.0,0.0,4.509673654065114
2025-03-13 19:00:00,2025-03-13,19,43,43,7.36,4.2159695771126735,0,10,7,273.82748,False,True,False,23.25581395348837,7.36,0.0,0.0,4.2159695771126735
2025-03-14 06:00:00,2025-03-14,6,43,43,5.57,4.722588059545195,0,10,5,273.82748,False,True,False,23.25581395348837,5.57,0.0,0.0,4.722588059545195
2025-03-14 07:00:00,2025-03-14,7,43,43,21.19,4.585329127198471,0,10,42,273.82748,False,True,False,23.25581395348837,21.19,11.9563,0.0,-7.3709708728015295
2025-03-14 18:00:00,2025-03-14,18,44,44,5.59,4.509673654065114,0,11,7,276.45748,False,True,False,25.0,5.59,0.0,0.0,4.509673654065114
2025-03-14 19:00:00,2025-03-14,19,44,44,5.57,4.2159695771126735,0,11,5,276.45748,False,True,False,25.0,5.57,0.0,0.0,4.2159695771126735
2025-03-15 06:00:00,2025-03-15,6,44,44,5.57,4.722588059545195,0,11,5,276.45748,False,True,False,25.0,5.57,0.0,0.0,4.722588059545195
2025-03-15 07:00:00,2025-03-15,7,44,44,10.34,4.585329127198471,0,11,41,276.45748,False,True,False,25.0,10.34,11.0038,0.0,-6.418470872801529
2025-03-15 18:00:00,2025-03-15,18,44,44,7.41,4.509673654065114,0,11,17,276.45748,False,True,False,25.0,7.41,0.0,0.0,4.509673654065114
2025-03-15 19:00:00,2025-03-15,19,44,44,7.16,4.2159695771126735,0,11,7,276.45748,False,True,False,25.0,7.16,0.0,0.0,4.2159695771126735
2025-03-16 06:00:00,2025-03-16,6,44,44,5.5600000000000005,4.722588059545195,0,11,4,276.45748,False,True,False,25.0,5.5600000000000005,0.0,0.0,4.722588059545195
2025-03-16 07:00:00,2025-03-16,7,44,44,17.49,4.585329127198471,0,11,42,276.45748,False,True,False,25.0,17.49,14.0368,0.0,-9.45147087280153
2025-03-16 18:00:00,2025-03-16,18,45,45,7.49,4.614673654065115,0,11,39,279.37248,False,True,False,24.444444444444443,7.49,0.19090000000000001,0.0,4.423773654065115
2025-03-16 19:00:00,2025-03-16,19,45,45,5.96,4.320969577112674,0,11,6,279.37248,False,True,False,24.444444444444443,5.96,0.0,0.0,4.320969577112674
2025-03-17 06:00:00,2025-03-17,6,45,45,5.58,4.827588059545195,0,11,5,279.37248,False,True,False,24.444444444444443,5.58,0.0,0.0,4.827588059545195
2025-03-17 07:00:00,2025-03-17,7,45,45,23.23,4.6903291271984715,0,11,43,279.37248,False,True,False,24.444444444444443,23.23,15.7186,0.0,-11.028270872801528
2025-03-17 18:00:00,2025-03-17,18,44,44,8.8,4.614673654065115,0,10,37,276.74248,False,True,False,22.727272727272727,8.8,0.1928,0.0,4.421873654065115
2025-03-17 19:00:00,2025-03-17,19,44,44,7.14,4.320969577112674,0,10,7,276.74248,False,True,False,22.727272727272727,7.14,0.0,0.0,4.320969577112674
2025-03-18 06:00:00,2025-03-18,6,44,44,5.59,4.827588059545195,0,10,6,276.74248,False,True,False,22.727272727272727,5.59,0.0,0.0,4.827588059545195
2025-03-18 07:00:00,2025-03-18,7,44,44,23.18,4.6903291271984715,0,10,41,276.74248,False,True,False,22.727272727272727,23.18,16.3075,0.0,-11.61717087280153
2025-03-18 18:00:00,2025-03-18,18,45,45,10.040000000000001,4.886575103998869,0,10,39,279.37248,False,True,False,22.22222222222222,10.04,2.4074,1.7763568394002505e-15,2.4791751039988688
2025-03-18 19:00:00,2025-03-18,19,45,45,8.15,4.320969577112674,0,11,8,279.37248,False,True,False,24.444444444444443,8.15,0.0,0.0,4.320969577112674
2025-03-19 06:00:00,2025-03-19,6,45,45,5.58,4.827588059545195,0,11,5,279.37248,False,True,False,24.444444444444443,5.58,0.0,0.0,4.827588059545195
2025-03-19 07:00:00,2025-03-19,7,45,45,25.89,4.6903291271984715,0,11,43,279.37248,False,True,False,24.444444444444443,25.89,17.1376,0.0,-12.447270872801528
2025-03-19 18:00:00,2025-03-19,18,45,45,9.89,7.576317693572834,0,11,40,279.37248,False,True,False,24.444444444444443,9.89,5.7391000000000005,0.0,1.8372176935728337
2025-03-19 19:00:00,2025-03-19,19,45,45,7.74,4.320969577112674,0,11,7,279.37248,False,True,False,24.444444444444443,7.74,0.0,0.0,4.320969577112674
2025-03-20 06:00:00,2025-03-20,6,45,45,5.58,4.827588059545195,0,11,5,279.37248,False,True,False,24.444444444444443,5.58,0.0,0.0,4.827588059545195
2025-03-20 07:00:00,2025-03-20,7,45,45,23.98,4.6903291271984715,0,11,44,279.37248,False,True,False,24.444444444444443,23.98,17.7661,0.0,-13.075770872801531
2025-03-20 18:00:00,2025-03-20,18,45,45,9.78,7.885573494070434,0,10,40,279.37248,False,True,False,22.22222222222222,9.78,6.3661,0.0,1.519473494070434
2025-03-20 19:00:00,2025-03-20,19,45,45,7.57,4.320969577112674,0,11,6,279.37248,False,True,False,24.444444444444443,7.57,0.0,0.0,4.320969577112674
2025-03-21 06:00:00,2025-03-21,6,45,45,7.57,4.827588059545195,0,11,6,279.37248,False,True,False,24.444444444444443,7.57,0.0,0.0,4.827588059545195
2025-03-21 07:00:00,2025-03-21,7,45,45,25.16,4.6903291271984715,0,11,44,279.37248,False,True,False,24.444444444444443,25.16,19.0927,0.0,-14.40237087280153
2025-03-21 18:00:00,2025-03-21,18,45,45,9.07,8.049537759221408,0,10,41,279.37248,False,True,False,22.22222222222222,9.07,7.116,0.0,0.9335377592214087
2025-03-21 19:00:00,2025-03-21,19,45,45,6.66,4.320969577112674,0,11,8,279.37248,False,True,False,24.444444444444443,6.66,0.0,0.0,4.320969577112674
2025-03-22 06:00:00,2025-03-22,6,45,45,6.67,4.827588059545195,0,11,9,279.37248,False,True,False,24.444444444444443,6.67,0.0,0.0,4.827588059545195
2025-03-22 07:00:00,2025-03-22,7,45,45,25.31,4.6903291271984715,0,11,44,279.37248,False,True,False,24.444444444444443,25.31,19.4115,0.0,-14.72117087280153
2025-03-22 18:00:00,2025-03-22,18,45,45,9.07,8.079534964970438,0,10,40,279.37248,False,True,False,22.22222222222222,9.07,7.1636,0.0,0.9159349649704387
2025-03-22 19:00:00,2025-03-22,19,45,45,6.98,4.320969577112674,0,11,7,279.37248,False,True,False,24.444444444444443,6.98,0.0,0.0,4.320969577112674
2025-03-23 06:00:00,2025-03-23,6,45,45,7.01,4.827588059545195,0,11,9,279.37248,False,True,False,24.444444444444443,7.01,0.0,0.0,4.827588059545195
2025-03-23 07:00:00,2025-03-23,7,45,45,22.02,4.6903291271984715,0,11,43,279.37248,False,True,False,24.444444444444443,22.02,16.5408,0.0,-11.85047087280153
2025-03-23 18:00:00,2025-03-23,18,45,45,8.4,4.614673654065115,0,11,37,279.37248,False,True,False,24.444444444444443,8.4,6.511,0.0,-1.8963263459348854
2025-03-23 19:00:00,2025-03-23,19,45,45,6.98,4.320969577112674,0,11,7,279.37248,False,True,False,24.444444444444443,6.98,0.0,0.0,4.320969577112674
2025-03-24 06:00:00,2025-03-24,6,45,45,6.99,4.827588059545195,0,11,8,279.37248,False,True,False,24.444444444444443,6.99,0.0,0.0,4.827588059545195
2025-03-24 07:00:00,2025-03-24,7,45,45,21.02,4.6903291271984715,0,11,44,279.37248,False,True,False,24.444444444444443,21.02,20.3045,0.0,-15.61417087280153
2025-03-24 18:00:00,2025-03-24,18,45,45,9.09,8.031134465156244,0,10,40,279.37248,False,True,False,22.22222222222222,9.09,7.2071,0.0,0.8240344651562443
2025-03-24 19:00:00,2025-03-24,19,45,45,7.010000000000001,4.320969577112674,0,11,7,279.37248,False,True,False,24.444444444444443,7.01,0.0,8.881784197001252e-16,4.320969577112674
2025-03-25 06:00:00,2025-03-25,6,45,45,6.63,4.827588059545195,0,11,6,279.37248,False,True,False,24.444444444444443,6.63,0.0,0.0,4.827588059545195
2025-03-25 07:00:00,2025-03-25,7,45,45,24.67,4.6903291271984715,0,11,43,279.37248,False,True,False,24.444444444444443,24.67,21.2359,0.0,-16.54557087280153
2025-03-25 18:00:00,2025-03-25,18,45,45,8.94,8.132995314876384,0,10,39,279.37248,False,True,False,22.22222222222222,8.94,7.373,0.0,0.7599953148763836
2025-03-25 19:00:00,2025-03-25,19,45,45,6.63,4.320969577112674,0,11,6,279.37248,False,True,False,24.444444444444443,6.63,0.0,0.0,4.320969577112674
2025-03-26 06:00:00,2025-03-26,6,45,45,6.67,4.827588059545195,0,11,9,279.37248,False,True,False,24.444444444444443,6.67,0.0,0.0,4.827588059545195
2025-03-26 07:00:00,2025-03-26,7,45,45,26.51,4.6903291271984715,0,11,44,279.37248,False,True,False,24.444444444444443,26.51,21.9661,0.0,-17.27577087280153
2025-03-26 18:00:00,2025-03-26,18,45,45,11.35,8.202500087120779,0,10,40,279.37248,False,True,False,22.22222222222222,11.35,7.244,0.0,0.9585000871207789
2025-03-26 19:00:00,2025-03-26,19,45,45,8.99,4.320969577112674,0,11,7,279.37248,False,True,False,24.444444444444443,8.99,0.0,0.0,4.320969577112674
2025-03-27 06:00:00,2025-03-27,6,45,45,8.99,4.827588059545195,0,11,7,279.37248,False,True,False,24.444444444444443,8.99,0.0,0.0,4.827588059545195
2025-03-27 07:00:00,2025-03-27,7,45,45,13.13,4.6903291271984715,0,11,34,279.37248,False,True,False,24.444444444444443,13.13,15.2046,0.0,-10.514270872801529
2025-03-27 18:00:00,2025-03-27,18,45,45,9.01,4.614673654065115,0,11,9,279.37248,False,True,False,24.444444444444443,9.01,6.1958,0.0,-1.5811263459348854
2025-03-27 19:00:00,2025-03-27,19,45,45,8.99,4.320969577112674,0,11,7,279.37248,False,True,False,24.444444444444443,8.99,0.0,0.0,4.320969577112674
2025-03-28 06:00:00,2025-03-28,6,45,45,7.96,4.827588059545195,0,11,8,279.37248,False,True,False,24.444444444444443,7.96,0.0,0.0,4.827588059545195
2025-03-28 07:00:00,2025-03-28,7,45,45,25.63,4.6903291271984715,0,11,43,279.37248,False,True,False,24.444444444444443,25.63,17.6644,0.0,-12.97407087280153
2025-03-28 18:00:00,2025-03-28,18,45,45,10.15,4.614673654065115,0,11,27,279.37248,False,True,False,24.444444444444443,10.15,6.3858,0.0,-1.771126345934885
2025-03-28 19:00:00,2025-03-28,19,45,45,7.15,4.320969577112674,0,11,7,279.37248,False,True,False,24.444444444444443,7.15,0.0,0.0,4.320969577112674
2025-03-29 06:00:00,2025-03-29,6,45,45,5.65,4.827588059545195,0,11,10,279.37248,False,True,False,24.444444444444443,5.65,0.0,0.0,4.827588059545195
2025-03-29 07:00:00,2025-03-29,7,45,45,22.59,4.6903291271984715,0,11,43,279.37248,False,True,False,24.444444444444443,22.59,21.0936,0.0,-16.403270872801528
2025-03-29 18:00:00,2025-03-29,18,45,45,8.22,4.950699774245726,0,10,33,279.37248,False,True,False,22.22222222222222,8.22,6.8654,0.0,-1.9147002257542738
2025-03-29 19:00:00,2025-03-29,19,45,45,7.13,4.320969577112674,0,11,7,279.37248,False,True,False,24.444444444444443,7.13,0.0,0.0,4.320969577112674
2025-03-30 06:00:00,2025-03-30,6,45,45,5.62,4.827588059545195,0,11,9,279.37248,False,True,False,24.444444444444443,5.62,0.0,0.0,4.827588059545195
2025-03-30 07:00:00,2025-03-30,7,45,45,15.09,4.6903291271984715,0,11,43,279.37248,False,True,False,24.444444444444443,15.09,21.6015,0.0,-16.91117087280153
2025-03-30 18:00:00,2025-03-30,18,45,45,12.17,8.089088773218307,0,10,41,279.37248,False,True,False,22.22222222222222,12.17,7.3015,0.0,0.7875887732183076
2025-03-30 19:00:00,2025-03-30,19,45,45,8.25,4.320969577112674,0,11,8,279.37248,False,True,False,24.444444444444443,8.25,0.0,0.0,4.320969577112674
2025-03-31 06:00:00,2025-03-31,6,45,45,5.74,4.827588059545195,0,11,18,279.37248,False,True,False,24.444444444444443,5.74,0.0,0.0,4.827588059545195
2025-03-31 07:00:00,2025-03-31,7,45,45,25.52,4.6903291271984715,0,11,43,279.37248,False,True,False,24.444444444444443,25.52,21.0019,0.0,-16.31157087280153
2025-03-31 18:00:00,2025-03-31,18,45,45,11.83,8.214356979562064,0,10,42,279.37248,False,True,False,22.22222222222222,11.83,7.7139,0.0,0.5004569795620641
2025-03-31 19:00:00,2025-03-31,19,45,45,7.61,4.320969577112674,0,11,9,279.37248,False,True,False,24.444444444444443,7.61,0.0,0.0,4.320969577112674
2025-04-01 06:00:00,2025-04-01,6,45,45,6.5600000000000005,4.827588059545195,0,11,27,279.37248,False,True,False,24.444444444444443,6.5600000000000005,0.0,0.0,4.827588059545195
2025-04-01 07:00:00,2025-04-01,7,45,45,30.76,4.6903291271984715,0,11,43,279.37248,False,True,False,24.444444444444443,30.76,24.2361,0.0,-19.54577087280153
2025-04-01 18:00:00,2025-04-01,18,46,46,11.73,11.06069106228595,0,5,43,282.54448,False,True,False,10.869565217391305,11.73,10.5109,0.0,0.5497910622859496
2025-04-01 19:00:00,2025-04-01,19,46,46,7.48,4.4005951741872655,0,11,6,282.54448,False,True,False,23.91304347826087,7.48,0.0,0.0,4.4005951741872655
2025-04-02 06:00:00,2025-04-02,6,46,46,8.1,4.918588059545195,0,11,23,282.54448,False,True,False,23.91304347826087,8.1,0.0,0.0,4.918588059545195
2025-04-02 07:00:00,2025-04-02,7,46,46,30.41,4.777528237081278,0,11,45,282.54448,False,True,False,23.91304347826087,30.41,24.8759,0.0,-20.098371762918724
2025-04-02 18:00:00,2025-04-02,18,46,46,11.74,12.318246175062939,0,5,44,282.54448,False,True,False,10.869565217391305,11.74,11.3504,0.0,0.9678461750629381
2025-04-02 19:00:00,2025-04-02,19,46,46,7.5,4.4005951741872655,0,11,8,282.54448,False,True,False,23.91304347826087,7.5,0.0,0.0,4.4005951741872655
2025-04-03 06:00:00,2025-04-03,6,46,46,6.28,4.918588059545195,0,11,26,282.54448,False,True,False,23.91304347826087,6.28,0.0129,0.0,4.905688059545195
2025-04-03 07:00:00,2025-04-03,7,46,46,25.92,4.777528237081278,0,11,45,282.54448,False,True,False,23.91304347826087,25.92,24.8687,0.0,-20.091171762918723
2025-04-03 18:00:00,2025-04-03,18,46,46,10.95,11.625904976430872,0,6,44,282.54448,False,True,False,13.043478260869565,10.95,10.7569,0.0,0.8690049764308725
2025-04-03 19:00:00,2025-04-03,19,46,46,6.62,4.4005951741872655,0,11,7,282.54448,False,True,False,23.91304347826087,6.62,0.0,0.0,4.4005951741872655
2025-04-04 06:00:00,2025-04-04,6,46,46,7.970000000000001,4.918588059545195,0,11,34,282.54448,False,True,False,23.91304347826087,7.97,0.7321000000000001,8.881784197001252e-16,4.186488059545195
2025-04-04 07:00:00,2025-04-04,7,46,46,31.66,7.868739490845312,0,9,45,282.54448,False,True,False,19.565217391304348,31.66,24.1307,0.0,-16.26196050915469
2025-04-04 18:00:00,2025-04-04,18,46,46,9.57,4.697357720531021,0,11,41,282.54448,False,True,False,23.91304347826087,9.57,6.6678,0.0,-1.9704422794689789
2025-04-04 19:00:00,2025-04-04,19,46,46,6.88,4.4005951741872655,0,11,8,282.54448,False,True,False,23.91304347826087,6.88,0.0,0.0,4.4005951741872655
2025-04-05 06:00:00,2025-04-05,6,46,46,8.14,4.918588059545195,0,11,32,282.54448,False,True,False,23.91304347826087,8.14,4.5652,0.0,0.35338805954519525
2025-04-05 07:00:00,2025-04-05,7,46,46,29.21,29.387944061087484,0,3,41,282.54448,False,True,False,6.521739130434782,29.21,28.5552,0.0,0.8327440610874852
2025-04-05 18:00:00,2025-04-05,18,46,46,11.790000000000001,11.926464416781458,0,5,41,282.54448,False,True,False,10.869565217391305,11.79,11.2469,1.7763568394002505e-15,0.6795644167814583
2025-04-05 19:00:00,2025-04-05,19,46,46,6.680000000000001,4.4005951741872655,0,11,9,282.54448,False,True,False,23.91304347826087,6.68,0.0,8.881784197001252e-16,4.4005951741872655
2025-04-06 06:00:00,2025-04-06,6,46,46,8.83,4.918588059545195,0,11,34,282.54448,False,True,False,23.91304347826087,8.83,4.7782,0.0,0.14038805954519518
2025-04-06 07:00:00,2025-04-06,7,46,46,36.15,33.15119090724316,0,2,42,282.54448,False,True,False,4.3478260869565215,36.15,29.6026,0.0,3.548590907243163
2025-04-06 18:00:00,2025-04-06,18,46,46,11.19,13.131798300062067,0,4,41,282.54448,False,True,False,8.695652173913043,11.19,12.3228,0.0,0.8089983000620666
2025-04-06 19:00:00,2025-04-06,19,46,46,6.05,4.4005951741872655,0,11,10,282.54448,False,True,False,23.91304347826087,6.05,0.0,0.0,4.4005951741872655
2025-04-07 06:00:00,2025-04-07,6,46,46,8.25,4.918588059545195,0,11,34,282.54448,False,True,False,23.91304347826087,8.25,4.8255,0.0,0.09308805954519528
2025-04-07 07:00:00,2025-04-07,7,46,46,29.86,4.777528237081278,0,11,43,282.54448,False,True,False,23.91304347826087,29.86,26.3603,0.0,-21.58277176291872
2025-04-07 18:00:00,2025-04-07,18,46,46,12.22,5.4522927275270305,0,10,42,282.54448,False,True,False,21.73913043478261,12.22,7.7657,0.0,-2.3134072724729693
2025-04-07 19:00:00,2025-04-07,19,46,46,5.99,4.4005951741872655,0,11,6,282.54448,False,True,False,23.91304347826087,5.99,0.0,0.0,4.4005951741872655
2025-04-08 06:00:00,2025-04-08,6,46,46,8.06,4.918588059545195,0,11,36,282.54448,False,True,False,23.91304347826087,8.06,4.6355,0.0,0.2830880595451948
2025-04-08 07:00:00,2025-04-08,7,46,46,30.9,29.44685080561487,0,2,44,282.54448,False,True,False,4.3478260869565215,30.9,27.1863,0.0,2.2605508056148693
2025-04-08 18:00:00,2025-04-08,18,46,46,10.780000000000001,4.697357720531021,0,11,44,282.54448,False,True,False,23.91304347826087,10.78,6.875,1.7763568394002505e-15,-2.177642279468979
2025-04-08 19:00:00,2025-04-08,19,46,46,5.99,4.4005951741872655,0,11,6,282.54448,False,True,False,23.91304347826087,5.99,0.0,0.0,4.4005951741872655
2025-04-09 06:00:00,2025-04-09,6,46,46,8.33,4.918588059545195,0,11,37,282.54448,False,True,False,23.91304347826087,8.33,4.6497,0.0,0.268888059545195
2025-04-09 07:00:00,2025-04-09,7,46,46,34.21,29.48712497928271,0,2,45,282.54448,False,True,False,4.3478260869565215,34.21,27.116,0.0,2.371124979282712
2025-04-09 18:00:00,2025-04-09,18,47,47,11.0,10.44863876178345,0,8,45,284.74448,False,True,False,17.02127659574468,11.0,9.4007,0.0,1.047938761783449
2025-04-09 19:00:00,2025-04-09,19,47,47,6.04,4.623662633391996,0,11,10,284.74448,False,True,False,23.404255319148938,6.04,0.0,0.0,4.623662633391996
2025-04-10 06:00:00,2025-04-10,6,47,47,8.610000000000001,5.1312293097995365,0,11,40,284.74448,False,True,False,23.404255319148938,8.61,4.9033,1.7763568394002505e-15,0.22792930979953674
2025-04-10 07:00:00,2025-04-10,7,47,47,34.6,32.07396513742601,0,2,46,284.74448,False,True,False,4.25531914893617,34.6,31.4961,0.0,0.5778651374260093
2025-04-10 18:00:00,2025-04-10,18,47,47,13.8,11.783125927807133,0,4,45,284.74448,False,True,False,8.51063829787234,13.8,11.2934,0.0,0.4897259278071324
2025-04-10 19:00:00,2025-04-10,19,47,47,7.6000000000000005,4.623662633391996,0,11,5,284.74448,False,True,False,23.404255319148938,7.6,0.0,8.881784197001252e-16,4.623662633391996
2025-04-11 06:00:00,2025-04-11,6,48,48,9.61,5.1312293097995365,0,12,39,290.70448,False,True,False,25.0,9.61,4.8269,0.0,0.3043293097995363
2025-04-11 07:00:00,2025-04-11,7,48,48,35.79,30.211172206446307,0,2,45,290.70448,False,True,False,4.166666666666666,35.79,29.578,0.0,0.6331722064463072
2025-04-11 18:00:00,2025-04-11,18,48,48,8.76,4.923667243542784,0,12,36,290.70448,False,True,False,25.0,8.76,6.784,0.0,-1.8603327564572156
2025-04-11 19:00:00,2025-04-11,19,48,48,7.48,4.623662633391996,0,12,6,290.70448,False,True,False,25.0,7.48,0.0,0.0,4.623662633391996
2025-04-12 06:00:00,2025-04-12,6,48,48,6.07,5.1312293097995365,0,12,14,290.70448,False,True,False,25.0,6.07,4.73,0.0,0.4012293097995361
2025-04-12 07:00:00,2025-04-12,7,48,48,13.55,5.037528237081279,0,12,34,290.70448,False,True,False,25.0,13.55,17.726,0.0,-12.68847176291872
2025-04-12 18:00:00,2025-04-12,18,48,48,20.25,16.587448450664134,0,3,46,290.70448,False,True,False,6.25,20.25,15.4422,0.0,1.145248450664134
2025-04-12 19:00:00,2025-04-12,19,48,48,6.85,4.623662633391996,0,12,6,290.70448,False,True,False,25.0,6.85,0.0,0.0,4.623662633391996
2025-04-13 06:00:00,2025-04-13,6,48,48,17.43,5.1312293097995365,0,12,42,290.70448,False,True,False,25.0,17.43,5.0709,0.0,0.060329309799536546
2025-04-13 07:00:00,2025-04-13,7,48,48,51.97,36.54014057784088,0,2,46,290.70448,False,True,False,4.166666666666666,51.97,36.8783,0.0,-0.33815942215912287
2025-04-13 18:00:00,2025-04-13,18,48,48,17.6,15.374953024139204,0,3,45,290.70448,False,True,False,6.25,17.6,14.363,0.0,1.0119530241392045
2025-04-13 19:00:00,2025-04-13,19,48,48,6.12,4.623662633391996,0,12,6,290.70448,False,True,False,25.0,6.12,0.0,0.0,4.623662633391996
2025-04-14 06:00:00,2025-04-14,6,48,48,13.89,5.1312293097995365,0,12,39,290.70448,False,True,False,25.0,13.89,5.0539,0.0,0.0773293097995369
2025-04-14 07:00:00,2025-04-14,7,48,48,45.1,33.25530091939065,0,2,46,290.70448,False,True,False,4.166666666666666,45.1,35.3799,0.0,-2.12459908060935
2025-04-14 18:00:00,2025-04-14,18,48,48,15.180000000000001,12.333953193112281,0,7,45,290.70448,False,True,False,14.583333333333334,15.18,10.8536,1.7763568394002505e-15,1.4803531931122809
2025-04-14 19:00:00,2025-04-14,19,48,48,7.73,4.623662633391996,0,12,6,290.70448,False,True,False,25.0,7.73,0.0,0.0,4.623662633391996
2025-04-15 06:00:00,2025-04-15,6,48,48,10.19,5.1312293097995365,0,12,40,290.70448,False,True,False,25.0,10.19,5.2112,0.0,-0.07997069020046332
2025-04-15 07:00:00,2025-04-15,7,48,48,41.75,38.76773420945549,0,2,44,290.70448,False,True,False,4.166666666666666,41.75,39.2322,0.0,-0.46446579054450865
2025-04-15 18:00:00,2025-04-15,18,48,48,14.03,14.532998385053986,0,3,46,290.70448,False,True,False,6.25,14.03,13.314,0.0,1.218998385053986
2025-04-15 19:00:00,2025-04-15,19,48,48,7.55,4.623662633391996,0,12,7,290.70448,False,True,False,25.0,7.55,0.0,0.0,4.623662633391996
2025-04-16 06:00:00,2025-04-16,6,48,48,11.75,5.1312293097995365,0,12,39,290.70448,False,True,False,25.0,11.75,5.2124,0.0,-0.08117069020046319
2025-04-16 07:00:00,2025-04-16,7,48,48,32.78,31.511017323326367,0,3,46,290.70448,False,True,False,6.25,32.78,33.7685,0.0,-2.257482676673636
2025-04-16 18:00:00,2025-04-16,18,48,48,14.39,13.962558389636277,0,3,46,290.70448,False,True,False,6.25,14.39,13.0298,0.0,0.9327583896362768
2025-04-16 19:00:00,2025-04-16,19,48,48,7.359999999999999,4.623662633391996,0,12,6,290.70448,False,True,False,25.0,7.36,0.0,-8.881784197001252e-16,4.623662633391996
2025-04-17 06:00:00,2025-04-17,6,48,48,12.22,5.1312293097995365,0,12,41,290.70448,False,True,False,25.0,12.22,5.2647,0.0,-0.13347069020046387
2025-04-17 07:00:00,2025-04-17,7,48,48,36.49,39.02540185488399,0,2,46,290.70448,False,True,False,4.166666666666666,36.49,40.8018,0.0,-1.776398145116012
2025-04-17 18:00:00,2025-04-17,18,48,48,14.96,14.128559098765948,0,3,46,290.70448,False,True,False,6.25,14.96,13.1428,0.0,0.9857590987659481
2025-04-17 19:00:00,2025-04-17,19,48,48,7.86,4.623662633391996,0,12,8,290.70448,False,True,False,25.0,7.86,0.0,0.0,4.623662633391996
2025-04-18 06:00:00,2025-04-18,6,48,48,12.27,5.1312293097995365,0,12,40,290.70448,False,True,False,25.0,12.27,4.9474,0.0,0.1838293097995365
2025-04-18 07:00:00,2025-04-18,7,48,48,36.78,34.76904104329673,0,2,46,290.70448,False,True,False,4.166666666666666,36.78,35.4624,0.0,-0.6933589567032712
2025-04-18 18:00:00,2025-04-18,18,48,48,15.26,13.804645124477913,0,3,46,290.70448,False,True,False,6.25,15.26,12.9402,0.0,0.8644451244779123
2025-04-18 19:00:00,2025-04-18,19,48,48,7.33,4.623662633391996,0,12,6,290.70448,False,True,False,25.0,7.33,0.0,0.0,4.623662633391996
2025-04-19 06:00:00,2025-04-19,6,48,48,12.22,5.1312293097995365,0,12,38,290.70448,False,True,False,25.0,12.22,4.9557,0.0,0.1755293097995363
2025-04-19 07:00:00,2025-04-19,7,48,48,32.17,30.034064429975967,0,2,45,290.70448,False,True,False,4.166666666666666,32.17,33.6665,0.0,-3.6324355700240325
2025-04-19 18:00:00,2025-04-19,18,48,48,15.040000000000001,14.230042902713228,0,3,46,290.70448,False,True,False,6.25,15.04,13.2102,1.7763568394002505e-15,1.0198429027132274
2025-04-19 19:00:00,2025-04-19,19,48,48,7.300000000000001,4.623662633391996,0,12,5,290.70448,False,True,False,25.0,7.3,0.0,8.881784197001252e-16,4.623662633391996
2025-04-20 06:00:00,2025-04-20,6,49,49,14.74,5.1312293097995365,0,13,42,296.54448,False,True,False,26.53061224489796,14.74,5.2221,0.0,-0.09087069020046368
2025-04-20 07:00:00,2025-04-20,7,49,49,47.92,39.54455150453279,0,2,46,296.54448,False,True,False,4.081632653061225,47.92,41.9744,0.0,-2.429848495467212
2025-04-20 18:00:00,2025-04-20,18,49,49,16.84,15.605284220287455,0,2,47,296.54448,False,True,False,4.081632653061225,16.84,14.5307,0.0,1.0745842202874556
2025-04-20 19:00:00,2025-04-20,19,49,49,7.3100000000000005,4.623662633391996,0,13,6,296.54448,False,True,False,26.53061224489796,7.31,0.0,8.881784197001252e-16,4.623662633391996
2025-04-21 06:00:00,2025-04-21,6,49,49,17.14,5.1312293097995365,0,13,44,296.54448,False,True,False,26.53061224489796,17.14,4.8906,0.0,0.24062930979953645
2025-04-21 07:00:00,2025-04-21,7,49,49,40.15,31.99737855100358,0,2,47,296.54448,False,True,False,4.081632653061225,40.15,34.6792,0.0,-2.68182144899642
2025-04-21 18:00:00,2025-04-21,18,49,49,8.08,4.923667243542784,0,13,28,296.54448,False,True,False,26.53061224489796,8.08,6.7228,0.0,-1.7991327564572162
2025-04-21 19:00:00,2025-04-21,19,49,49,7.32,4.623662633391996,0,13,7,296.54448,False,True,False,26.53061224489796,7.32,0.0,0.0,4.623662633391996
2025-04-22 06:00:00,2025-04-22,6,49,49,9.61,5.1312293097995365,0,13,35,296.54448,False,True,False,26.53061224489796,9.61,4.9536,0.0,0.17762930979953673
2025-04-22 07:00:00,2025-04-22,7,49,49,20.35,5.037528237081279,0,13,45,296.54448,False,True,False,26.53061224489796,20.35,22.4212,0.0,-17.38367176291872
2025-04-22 18:00:00,2025-04-22,18,49,49,17.68,15.065603744141267,0,2,46,296.54448,False,True,False,4.081632653061225,17.68,14.1985,0.0,0.8671037441412679
2025-04-22 19:00:00,2025-04-22,19,49,49,7.32,4.623662633391996,0,13,7,296.54448,False,True,False,26.53061224489796,7.32,0.0,0.0,4.623662633391996
2025-04-23 06:00:00,2025-04-23,6,49,49,14.55,5.1312293097995365,0,13,44,296.54448,False,True,False,26.53061224489796,14.55,5.3229,0.0,-0.19167069020046323
2025-04-23 07:00:00,2025-04-23,7,49,49,42.28,34.576171030767675,0,2,46,296.54448,False,True,False,4.081632653061225,42.28,38.1399,0.0,-3.563728969232322
2025-04-23 18:00:00,2025-04-23,18,49,49,18.51,15.928475958720089,0,2,47,296.54448,False,True,False,4.081632653061225,18.51,14.9645,0.0,0.9639759587200896
2025-04-23 19:00:00,2025-04-23,19,49,49,7.35,4.623662633391996,0,13,8,296.54448,False,True,False,26.53061224489796,7.35,0.0,0.0,4.623662633391996
2025-04-24 06:00:00,2025-04-24,6,49,49,15.68,5.1312293097995365,0,13,44,296.54448,False,True,False,26.53061224489796,15.68,5.1288,0.0,0.002429309799536483
2025-04-24 07:00:00,2025-04-24,7,49,49,48.82,27.57985557536777,0,3,47,296.54448,False,True,False,6.122448979591836,48.82,31.8761,0.0,-4.296244424632231
2025-04-24 18:00:00,2025-04-24,18,52,52,15.41,14.799952311438089,0,2,50,307.44848,False,True,False,3.8461538461538463,15.41,14.134,0.0,0.6659523114380885
2025-04-24 19:00:00,2025-04-24,19,52,52,7.35,4.623662633391996,0,16,7,307.44848,False,True,False,30.76923076923077,7.35,0.0,0.0,4.623662633391996
2025-04-25 06:00:00,2025-04-25,6,52,52,18.52,5.1312293097995365,0,16,47,307.44848,False,True,False,30.76923076923077,18.52,5.5414,0.0,-0.4101706902004638
2025-04-25 07:00:00,2025-04-25,7,52,52,61.4,44.06462530493445,0,2,50,307.44848,False,True,False,3.8461538461538463,61.4,47.1541,0.0,-3.0894746950655474
2025-04-25 18:00:00,2025-04-25,18,52,52,17.81,17.27497146262286,0,2,50,307.44848,False,True,False,3.8461538461538463,17.81,16.4342,0.0,0.8407714626228611
2025-04-25 19:00:00,2025-04-25,19,52,52,7.3100000000000005,4.623662633391996,0,16,6,307.44848,False,True,False,30.76923076923077,7.31,0.0,8.881784197001252e-16,4.623662633391996
2025-04-26 06:00:00,2025-04-26,6,52,52,16.46,5.1312293097995365,0,16,46,307.44848,False,True,False,30.76923076923077,16.46,5.8472,0.0,-0.7159706902004634
2025-04-26 07:00:00,2025-04-26,7,52,52,54.230000000000004,46.08174142952533,0,2,50,307.44848,False,True,False,3.8461538461538463,54.23,47.9884,7.105427357601002e-15,-1.9066585704746686
2025-04-26 18:00:00,2025-04-26,18,52,52,18.22,15.467677023227521,0,2,50,307.44848,False,True,False,3.8461538461538463,18.22,14.6072,0.0,0.8604770232275207
2025-04-26 19:00:00,2025-04-26,19,52,52,7.3100000000000005,4.623662633391996,0,16,6,307.44848,False,True,False,30.76923076923077,7.31,0.0,8.881784197001252e-16,4.623662633391996
2025-04-27 06:00:00,2025-04-27,6,52,52,13.33,5.1312293097995365,0,16,45,307.44848,False,True,False,30.76923076923077,13.33,5.4183,0.0,-0.28707069020046383
2025-04-27 07:00:00,2025-04-27,7,52,52,38.18,5.037528237081279,0,16,50,307.44848,False,True,False,30.76923076923077,38.18,29.6091,0.0,-24.571571762918722
2025-04-27 18:00:00,2025-04-27,18,52,52,17.02,16.243946058643264,0,2,50,307.44848,False,True,False,3.8461538461538463,17.02,15.2525,0.0,0.9914460586432643
2025-04-27 19:00:00,2025-04-27,19,52,52,5.67,4.623662633391996,0,16,5,307.44848,False,True,False,30.76923076923077,5.67,0.0,0.0,4.623662633391996
2025-04-28 06:00:00,2025-04-28,6,52,52,16.84,5.1312293097995365,0,16,47,307.44848,False,True,False,30.76923076923077,16.84,5.7749,0.0,-0.6436706902004632
2025-04-28 07:00:00,2025-04-28,7,52,52,58.68,45.83633574258886,0,2,50,307.44848,False,True,False,3.8461538461538463,58.68,48.4504,0.0,-2.614064257411144
2025-04-28 18:00:00,2025-04-28,18,54,54,16.89,18.0566133520268,0,2,51,318.39448,False,True,False,3.7037037037037033,16.89,17.4909,0.0,0.5657133520268012
2025-04-28 19:00:00,2025-04-28,19,54,54,5.04,4.623662633391996,0,18,5,318.39448,False,True,False,33.33333333333333,5.04,0.0,0.0,4.623662633391996
2025-04-29 06:00:00,2025-04-29,6,54,54,16.69,5.1312293097995365,0,18,47,318.39448,False,True,False,33.33333333333333,16.69,7.5805,0.0,-2.4492706902004633
2025-04-29 07:00:00,2025-04-29,7,54,54,56.41,50.06622829818128,0,2,49,318.39448,False,True,False,3.7037037037037033,56.41,51.7475,0.0,-1.6812717018187229
2025-04-29 18:00:00,2025-04-29,18,54,54,15.97,17.340554612945674,0,2,48,318.39448,False,True,False,3.7037037037037033,15.97,16.5344,0.0,0.8061546129456723
2025-04-29 19:00:00,2025-04-29,19,54,54,5.04,4.623662633391996,0,18,5,318.39448,False,True,False,33.33333333333333,5.04,0.0,0.0,4.623662633391996
2025-04-30 06:00:00,2025-04-30,6,55,55,15.69,5.1312293097995365,0,19,46,326.89448,False,True,False,34.54545454545455,15.69,7.7397,0.0,-2.6084706902004635
2025-04-30 07:00:00,2025-04-30,7,55,55,53.32,49.2637861904285,0,2,48,326.89448,False,True,False,3.6363636363636362,53.32,51.8229,0.0,-2.5591138095714996
2025-04-30 18:00:00,2025-04-30,18,67,67,19.259999999999998,18.866671347115123,0,3,58,385.20148,False,True,False,4.477611940298507,19.26,18.3774,-3.552713678800501e-15,0.4892713471151211
2025-04-30 19:00:00,2025-04-30,19,67,67,5.069999999999999,4.8602327782398635,0,29,7,385.20148,False,True,False,43.28358208955223,5.07,0.0,-8.881784197001252e-16,4.8602327782398635
2025-05-01 06:00:00,2025-05-01,6,67,67,13.96,5.39674054274722,0,29,52,385.20148,False,True,False,43.28358208955223,13.96,6.3514,0.0,-0.95465945725278
2025-05-01 07:00:00,2025-05-01,7,67,67,66.61,53.04312826737019,0,3,59,385.20148,False,True,False,4.477611940298507,66.61,57.2445,0.0,-4.201371732629809
2025-05-01 18:00:00,2025-05-01,18,67,67,23.03,20.409357403940454,0,4,59,385.20148,False,True,False,5.970149253731343,23.03,19.8868,0.0,0.5225574039404535
2025-05-01 19:00:00,2025-05-01,19,67,67,5.0600000000000005,4.8602327782398635,0,29,5,385.20148,False,True,False,43.28358208955223,5.06,0.0,8.881784197001252e-16,4.8602327782398635
2025-05-02 06:00:00,2025-05-02,6,67,67,17.48,5.39674054274722,0,29,55,385.20148,False,True,False,43.28358208955223,17.48,8.1732,0.0,-2.7764594572527797
2025-05-02 07:00:00,2025-05-02,7,67,67,65.1,54.59867146455467,0,4,60,385.20148,False,True,False,5.970149253731343,65.1,57.2566,0.0,-2.657928535445329
2025-05-02 18:00:00,2025-05-02,18,67,67,17.97,18.941305549117832,0,6,60,385.20148,False,True,False,8.955223880597014,17.97,17.1771,0.0,1.7642055491178326
2025-05-02 19:00:00,2025-05-02,19,67,67,5.21,4.8602327782398635,0,29,5,385.20148,False,True,False,43.28358208955223,5.21,0.0,0.0,4.8602327782398635
2025-05-03 06:00:00,2025-05-03,6,67,67,15.950000000000001,5.39674054274722,0,29,54,385.20148,False,True,False,43.28358208955223,15.95,6.3025,1.7763568394002505e-15,-0.9057594572527803
2025-05-03 07:00:00,2025-05-03,7,67,67,56.57,44.96713453622773,0,4,59,385.20148,False,True,False,5.970149253731343,56.57,49.7257,0.0,-4.758565463772271
2025-05-03 18:00:00,2025-05-03,18,67,67,21.04,20.359507269050045,0,4,58,385.20148,False,True,False,5.970149253731343,21.04,19.9306,0.0,0.42890726905004684
2025-05-03 19:00:00,2025-05-03,19,67,67,5.97,4.8602327782398635,0,29,8,385.20148,False,True,False,43.28358208955223,5.97,0.0,0.0,4.8602327782398635
2025-05-04 06:00:00,2025-05-04,6,67,67,21.02,5.39674054274722,0,29,54,385.20148,False,True,False,43.28358208955223,21.02,8.0254,0.0,-2.6286594572527795
2025-05-04 07:00:00,2025-05-04,7,67,67,59.32,54.117938402086544,0,4,59,385.20148,False,True,False,5.970149253731343,59.32,57.9299,0.0,-3.8119615979134593
2025-05-04 18:00:00,2025-05-04,18,67,67,20.0,18.22187898157439,0,6,58,385.20148,False,True,False,8.955223880597014,20.0,17.5288,0.0,0.6930789815743879
2025-05-04 19:00:00,2025-05-04,19,67,67,6.62,4.8602327782398635,0,29,8,385.20148,False,True,False,43.28358208955223,6.62,0.0,0.0,4.8602327782398635
2025-05-05 06:00:00,2025-05-05,6,67,67,6.64,5.39674054274722,0,29,36,385.20148,False,True,False,43.28358208955223,6.64,5.5551,0.0,-0.15835945725278044
2025-05-05 07:00:00,2025-05-05,7,67,67,11.27,5.300429404453123,0,29,54,385.20148,False,True,False,43.28358208955223,11.27,24.1247,0.0,-18.824270595546878
2025-05-05 18:00:00,2025-05-05,18,67,67,17.64,16.374051341964986,0,5,57,385.20148,False,True,False,7.462686567164178,17.64,16.372700000000002,0.0,0.0013513419649839875
2025-05-05 19:00:00,2025-05-05,19,67,67,5.2299999999999995,4.8602327782398635,0,29,8,385.20148,False,True,False,43.28358208955223,5.23,0.0,-8.881784197001252e-16,4.8602327782398635
2025-05-06 06:00:00,2025-05-06,6,67,67,20.17,5.39674054274722,0,29,55,385.20148,False,True,False,43.28358208955223,20.17,6.2054,0.0,-0.8086594572527801
2025-05-06 07:00:00,2025-05-06,7,67,67,65.8,39.42087545486167,0,5,59,385.20148,False,True,False,7.462686567164178,65.8,46.6552,0.0,-7.234324545138328
2025-05-06 18:00:00,2025-05-06,18,67,67,21.77,18.27856798400802,0,5,59,385.20148,False,True,False,7.462686567164178,21.77,17.7014,0.0,0.577167984008021
2025-05-06 19:00:00,2025-05-06,19,67,67,5.26,4.8602327782398635,0,29,9,385.20148,False,True,False,43.28358208955223,5.26,0.0,0.0,4.8602327782398635
2025-05-07 06:00:00,2025-05-07,6,67,67,22.72,5.39674054274722,0,29,56,385.20148,False,True,False,43.28358208955223,22.72,6.5199,0.0,-1.1231594572527799
2025-05-07 07:00:00,2025-05-07,7,67,67,65.93,52.15816030547873,0,4,60,385.20148,False,True,False,5.970149253731343,65.93,55.9132,0.0,-3.7550396945212725
2025-05-07 18:00:00,2025-05-07,18,67,67,20.44,22.11253667959234,0,4,59,385.20148,False,True,False,5.970149253731343,20.44,20.2693,0.0,1.8432366795923372
2025-05-07 19:00:00,2025-05-07,19,67,67,5.6,4.8602327782398635,0,29,9,385.20148,False,True,False,43.28358208955223,5.6,0.0,0.0,4.8602327782398635
2025-05-08 06:00:00,2025-05-08,6,67,67,17.16,5.39674054274722,0,29,56,385.20148,False,True,False,43.28358208955223,17.16,6.0266,0.0,-0.6298594572527803
2025-05-08 07:00:00,2025-05-08,7,67,67,51.7,38.166970379335694,0,6,59,385.20148,False,True,False,8.955223880597014,51.7,43.4214,0.0,-5.254429620664304
2025-05-08 18:00:00,2025-05-08,18,67,67,7.05,5.172754249240444,0,29,37,385.20148,False,True,False,43.28358208955223,7.05,7.1978,0.0,-2.0250457507595563
2025-05-08 19:00:00,2025-05-08,19,67,67,5.550000000000001,4.8602327782398635,0,29,6,385.20148,False,True,False,43.28358208955223,5.55,0.0,8.881784197001252e-16,4.8602327782398635
2025-05-09 06:00:00,2025-05-09,6,67,67,7.62,5.39674054274722,0,29,41,385.20148,False,True,False,43.28358208955223,7.62,5.3834,0.0,0.013340542747219963
2025-05-09 07:00:00,2025-05-09,7,67,67,17.45,5.300429404453123,0,29,57,385.20148,False,True,False,43.28358208955223,17.45,19.2502,0.0,-13.949770595546877
2025-05-09 18:00:00,2025-05-09,18,67,67,13.8,5.172754249240444,0,29,50,385.20148,False,True,False,43.28358208955223,13.8,7.9316,0.0,-2.7588457507595567
2025-05-09 19:00:00,2025-05-09,19,67,67,6.5600000000000005,4.8602327782398635,0,29,9,385.20148,False,True,False,43.28358208955223,6.5600000000000005,0.0,0.0,4.8602327782398635
2025-05-10 06:00:00,2025-05-10,6,67,67,11.1,5.39674054274722,0,29,49,385.20148,False,True,False,43.28358208955223,11.1,5.9253,0.0,-0.5285594572527801
2025-05-10 07:00:00,2025-05-10,7,67,67,44.78,13.191854549284695,0,24,58,385.20148,False,True,False,35.82089552238806,44.78,32.3179,0.0,-19.126045450715306
2025-05-10 18:00:00,2025-05-10,18,67,67,28.5,21.12393553249641,0,5,56,385.20148,False,True,False,7.462686567164178,28.5,19.004,0.0,2.1199355324964095
2025-05-10 19:00:00,2025-05-10,19,67,67,10.07,4.8602327782398635,0,29,15,385.20148,False,True,False,43.28358208955223,10.07,0.0,0.0,4.8602327782398635
2025-05-11 06:00:00,2025-05-11,6,67,67,25.97,5.39674054274722,0,29,54,385.20148,False,True,False,43.28358208955223,25.97,8.3834,0.0,-2.98665945725278
2025-05-11 07:00:00,2025-05-11,7,67,67,75.57000000000001,59.65894679392883,0,4,58,385.20148,False,True,False,5.970149253731343,75.57,63.3279,1.4210854715202004e-14,-3.6689532060711727
2025-05-11 18:00:00,2025-05-11,18,67,67,26.02,23.056483283702317,0,3,58,385.20148,False,True,False,4.477611940298507,26.02,22.1106,0.0,0.9458832837023152
2025-05-11 19:00:00,2025-05-11,19,67,67,9.44,4.8602327782398635,0,29,10,385.20148,False,True,False,43.28358208955223,9.44,0.0,0.0,4.8602327782398635
2025-05-12 06:00:00,2025-05-12,6,67,67,26.03,5.39674054274722,0,29,54,385.20148,False,True,False,43.28358208955223,26.03,9.0081,0.0,-3.6113594572527807
2025-05-12 07:00:00,2025-05-12,7,67,67,74.45,60.071452105056736,0,4,58,385.20148,False,True,False,5.970149253731343,74.45,63.4692,0.0,-3.397747894943265
2025-05-12 18:00:00,2025-05-12,18,67,67,30.15,23.13157718794895,0,4,58,385.20148,False,True,False,5.970149253731343,30.15,21.9622,0.0,1.1693771879489496
2025-05-12 19:00:00,2025-05-12,19,67,67,9.129999999999999,4.8602327782398635,0,29,10,385.20148,False,True,False,43.28358208955223,9.13,0.0,-1.7763568394002505e-15,4.8602327782398635
2025-05-13 06:00:00,2025-05-13,6,67,67,23.23,5.39674054274722,0,29,52,385.20148,False,True,False,43.28358208955223,23.23,8.5788,0.0,-3.1820594572527794
2025-05-13 07:00:00,2025-05-13,7,67,67,73.15,52.604098943158554,0,4,56,385.20148,False,True,False,5.970149253731343,73.15,56.2459,0.0,-3.6418010568414445
2025-05-13 18:00:00,2025-05-13,18,67,67,22.53,18.62538486213029,0,5,59,385.20148,False,True,False,7.462686567164178,22.53,17.7022,0.0,0.923184862130288
2025-05-13 19:00:00,2025-05-13,19,67,67,5.6,4.8602327782398635,0,29,9,385.20148,False,True,False,43.28358208955223,5.6,0.0,0.0,4.8602327782398635
2025-05-14 06:00:00,2025-05-14,6,67,67,19.0,5.39674054274722,0,29,54,385.20148,False,True,False,43.28358208955223,19.0,5.7926,0.0,-0.39585945725278027
2025-05-14 07:00:00,2025-05-14,7,67,67,40.589999999999996,34.00407817181424,0,6,56,385.20148,False,True,False,8.955223880597014,40.59,40.7243,-7.105427357601002e-15,-6.720221828185757
2025-05-14 18:00:00,2025-05-14,18,67,67,15.59,10.434767874677599,0,11,57,385.20148,False,True,False,16.417910447761194,15.59,12.648,0.0,-2.213232125322401
2025-05-14 19:00:00,2025-05-14,19,67,67,5.58,4.8602327782398635,0,29,8,385.20148,False,True,False,43.28358208955223,5.58,0.0,0.0,4.8602327782398635
2025-05-15 06:00:00,2025-05-15,6,67,67,14.35,5.39674054274722,0,29,52,385.20148,False,True,False,43.28358208955223,14.35,5.9441,0.0,-0.5473594572527798
2025-05-15 07:00:00,2025-05-15,7,67,67,48.77,5.300429404453123,0,29,60,385.20148,False,True,False,43.28358208955223,48.77,29.9068,0.0,-24.606370595546878
2025-05-15 18:00:00,2025-05-15,18,67,67,16.31,16.624536223314855,0,5,59,385.20148,False,True,False,7.462686567164178,16.31,15.6843,0.0,0.9402362233148551
2025-05-15 19:00:00,2025-05-15,19,67,67,5.69,4.8602327782398635,0,29,8,385.20148,False,True,False,43.28358208955223,5.69,0.0,0.0,4.8602327782398635
2025-05-16 06:00:00,2025-05-16,6,67,67,7.98,5.39674054274722,0,29,40,385.20148,False,True,False,43.28358208955223,7.98,5.8076,0.0,-0.41085945725277995
2025-05-16 07:00:00,2025-05-16,7,67,67,24.59,5.300429404453123,0,29,56,385.20148,False,True,False,43.28358208955223,24.59,32.2271,0.0,-26.926670595546877
2025-05-16 18:00:00,2025-05-16,18,67,67,29.22,21.221082789385115,0,6,59,385.20148,False,True,False,8.955223880597014,29.22,20.3525,0.0,0.8685827893851155
2025-05-16 19:00:00,2025-05-16,19,67,67,5.75,4.8602327782398635,0,29,10,385.20148,False,True,False,43.28358208955223,5.75,0.0,0.0,4.8602327782398635
2025-05-17 06:00:00,2025-05-17,6,67,67,22.05,5.39674054274722,0,29,55,385.20148,False,True,False,43.28358208955223,22.05,8.5265,0.0,-3.1297594572527805
2025-05-17 07:00:00,2025-05-17,7,67,67,52.58,49.00963917802277,0,4,59,385.20148,False,True,False,5.970149253731343,52.58,55.9415,0.0,-6.931860821977224
2025-05-17 18:00:00,2025-05-17,18,67,67,20.97,20.088283252525283,0,5,59,385.20148,False,True,False,7.462686567164178,20.97,19.0425,0.0,1.0457832525252826
2025-05-17 19:00:00,2025-05-17,19,67,67,6.33,4.8602327782398635,0,29,11,385.20148,False,True,False,43.28358208955223,6.33,0.0,0.0,4.8602327782398635
2025-05-18 06:00:00,2025-05-18,6,67,67,19.93,5.39674054274722,0,29,56,385.20148,False,True,False,43.28358208955223,19.93,8.3179,0.0,-2.92115945725278
2025-05-18 07:00:00,2025-05-18,7,67,67,51.92,47.28101115374966,0,4,60,385.20148,False,True,False,5.970149253731343,51.92,55.2136,0.0,-7.93258884625034
2025-05-18 18:00:00,2025-05-18,18,67,67,27.99,21.846618958630728,0,5,60,385.20148,False,True,False,7.462686567164178,27.99,21.1778,0.0,0.6688189586307267
2025-05-18 19:00:00,2025-05-18,19,67,67,5.96,4.8602327782398635,0,29,21,385.20148,False,True,False,43.28358208955223,5.96,0.0,0.0,4.8602327782398635
2025-05-19 06:00:00,2025-05-19,6,67,67,23.4,5.39674054274722,0,29,56,385.20148,False,True,False,43.28358208955223,23.4,8.9485,0.0,-3.5517594572527793
2025-05-19 07:00:00,2025-05-19,7,67,67,65.08,55.31387551003068,0,4,60,385.20148,False,True,False,5.970149253731343,65.08,61.4285,0.0,-6.114624489969323
2025-05-19 18:00:00,2025-05-19,18,67,67,24.04,22.105968448295773,0,6,60,385.20148,False,True,False,8.955223880597014,24.04,22.2687,0.0,-0.16273155170422626
2025-05-19 19:00:00,2025-05-19,19,67,67,5.87,4.8602327782398635,0,29,17,385.20148,False,True,False,43.28358208955223,5.87,0.0,0.0,4.8602327782398635
2025-05-20 06:00:00,2025-05-20,6,67,67,26.5,5.39674054274722,0,29,55,385.20148,False,True,False,43.28358208955223,26.5,8.8206,0.0,-3.4238594572527807
2025-05-20 07:00:00,2025-05-20,7,67,67,68.81,54.48917663871879,0,4,60,385.20148,False,True,False,5.970149253731343,68.81,61.1179,0.0,-6.62872336128121
2025-05-20 18:00:00,2025-05-20,18,67,67,29.43,20.41811516886355,0,6,60,385.20148,False,True,False,8.955223880597014,29.43,19.78,0.0,0.6381151688635498
2025-05-20 19:00:00,2025-05-20,19,67,67,9.92,4.8602327782398635,0,29,24,385.20148,False,True,False,43.28358208955223,9.92,0.0,0.0,4.8602327782398635
2025-05-21 06:00:00,2025-05-21,6,67,67,20.82,5.39674054274722,0,29,55,385.20148,False,True,False,43.28358208955223,20.82,8.1502,0.0,-2.75345945725278
2025-05-21 07:00:00,2025-05-21,7,67,67,55.81,28.617538149585126,0,8,60,385.20148,False,True,False,11.940298507462686,55.81,42.1511,0.0,-13.533561850414873
2025-05-21 18:00:00,2025-05-21,18,67,67,23.650000000000002,21.716886344800646,0,6,60,385.20148,False,True,False,8.955223880597014,23.65,21.3726,3.552713678800501e-15,0.344286344800647
2025-05-21 19:00:00,2025-05-21,19,67,67,7.06,4.8602327782398635,0,29,16,385.20148,False,True,False,43.28358208955223,7.06,0.0,0.0,4.8602327782398635
2025-05-22 06:00:00,2025-05-22,6,67,67,18.84,5.39674054274722,0,29,53,385.20148,False,True,False,43.28358208955223,18.84,6.3142,0.0,-0.9174594572527797
2025-05-22 07:00:00,2025-05-22,7,67,67,44.269999999999996,21.037305888394705,0,16,58,385.20148,False,True,False,23.88059701492537,44.27,37.5776,-7.105427357601002e-15,-16.54029411160529
2025-05-22 18:00:00,2025-05-22,18,67,67,21.12,18.461972767150666,0,5,58,385.20148,False,True,False,7.462686567164178,21.12,17.2646,0.0,1.1973727671506644
2025-05-22 19:00:00,2025-05-22,19,67,67,6.96,4.8602327782398635,0,29,8,385.20148,False,True,False,43.28358208955223,6.96,0.0,0.0,4.8602327782398635
2025-05-23 06:00:00,2025-05-23,6,67,67,12.030000000000001,5.39674054274722,0,29,50,385.20148,False,True,False,43.28358208955223,12.03,5.9529,1.7763568394002505e-15,-0.5561594572527797
2025-05-23 07:00:00,2025-05-23,7,67,67,29.96,5.300429404453123,0,29,58,385.20148,False,True,False,43.28358208955223,29.96,31.2757,0.0,-25.975270595546878
2025-05-23 18:00:00,2025-05-23,18,68,68,22.9,20.186925183202447,0,6,60,388.69748,False,True,False,8.823529411764707,22.9,19.3826,0.0,0.8043251832024474
2025-05-23 19:00:00,2025-05-23,19,68,68,5.95,4.8602327782398635,0,30,24,388.69748,False,True,False,44.11764705882353,5.95,0.0,0.0,4.8602327782398635
2025-05-24 06:00:00,2025-05-24,6,68,68,26.32,5.39674054274722,0,30,56,388.69748,False,True,False,44.11764705882353,26.32,8.8578,0.0,-3.4610594572527793
2025-05-24 07:00:00,2025-05-24,7,68,68,71.32,57.17908766767815,0,3,60,388.69748,False,True,False,4.411764705882353,71.32,63.4307,0.0,-6.251612332321855
2025-05-24 18:00:00,2025-05-24,18,68,68,26.57,23.998567445090078,0,3,61,388.69748,False,True,False,4.411764705882353,26.57,23.3169,0.0,0.6816674450900777
2025-05-24 19:00:00,2025-05-24,19,68,68,6.04,4.8602327782398635,0,30,27,388.69748,False,True,False,44.11764705882353,6.04,0.0,0.0,4.8602327782398635
2025-05-25 06:00:00,2025-05-25,6,68,68,26.490000000000002,5.39674054274722,0,30,57,388.69748,False,True,False,44.11764705882353,26.49,11.6279,3.552713678800501e-15,-6.23115945725278
2025-05-25 07:00:00,2025-05-25,7,68,68,72.44,66.61782269017128,0,3,60,388.69748,False,True,False,4.411764705882353,72.44,71.8761,0.0,-5.258277309828713
2025-05-25 18:00:00,2025-05-25,18,68,68,19.21,18.681670612594765,0,5,60,388.69748,False,True,False,7.352941176470589,19.21,18.0202,0.0,0.6614706125947656
2025-05-25 19:00:00,2025-05-25,19,68,68,6.23,4.8602327782398635,0,30,21,388.69748,False,True,False,44.11764705882353,6.23,0.0,0.0,4.8602327782398635
2025-05-26 06:00:00,2025-05-26,6,68,68,26.3,5.39674054274722,0,30,56,388.69748,False,True,False,44.11764705882353,26.3,8.8765,0.0,-3.47975945725278
2025-05-26 07:00:00,2025-05-26,7,68,68,62.86,45.01654564836578,0,4,60,388.69748,False,True,False,5.88235294117647,62.86,52.0128,0.0,-6.996254351634221
2025-05-26 18:00:00,2025-05-26,18,68,68,24.66,21.10653259886857,0,6,60,388.69748,False,True,False,8.823529411764707,24.66,20.3333,0.0,0.7732325988685673
2025-05-26 19:00:00,2025-05-26,19,68,68,6.01,4.8602327782398635,0,30,31,388.69748,False,True,False,44.11764705882353,6.01,0.0,0.0,4.8602327782398635
2025-05-27 06:00:00,2025-05-27,6,68,68,24.4,5.39674054274722,0,30,55,388.69748,False,True,False,44.11764705882353,24.4,9.6644,0.0,-4.267659457252781
2025-05-27 07:00:00,2025-05-27,7,68,68,66.38,63.398636961144724,0,3,59,388.69748,False,True,False,4.411764705882353,66.38,67.8144,0.0,-4.415763038855282
2025-05-27 18:00:00,2025-05-27,18,68,68,26.21,25.273783616375578,0,4,60,388.69748,False,True,False,5.88235294117647,26.21,24.9693,0.0,0.3044836163755775
2025-05-27 19:00:00,2025-05-27,19,68,68,6.26,4.8602327782398635,0,30,32,388.69748,False,True,False,44.11764705882353,6.26,0.0,0.0,4.8602327782398635
2025-05-28 06:00:00,2025-05-28,6,68,68,26.65,5.39674054274722,0,30,55,388.69748,False,True,False,44.11764705882353,26.65,9.5964,0.0,-4.199659457252779
2025-05-28 07:00:00,2025-05-28,7,68,68,73.27,64.66989150843486,0,3,59,388.69748,False,True,False,4.411764705882353,73.27,70.4776,0.0,-5.807708491565137
2025-05-28 18:00:00,2025-05-28,18,68,68,28.740000000000002,25.759815369357423,0,4,61,388.69748,False,True,False,5.88235294117647,28.74,25.4114,3.552713678800501e-15,0.3484153693574221
2025-05-28 19:00:00,2025-05-28,19,68,68,8.36,4.8602327782398635,0,30,32,388.69748,False,True,False,44.11764705882353,8.36,0.0,0.0,4.8602327782398635
2025-05-29 06:00:00,2025-05-29,6,68,68,28.87,5.39674054274722,0,30,57,388.69748,False,True,False,44.11764705882353,28.87,9.5401,0.0,-4.143359457252781
2025-05-29 07:00:00,2025-05-29,7,68,68,74.02,62.704847932043904,0,3,60,388.69748,False,True,False,4.411764705882353,74.02,68.2022,0.0,-5.4973520679561005
2025-05-29 18:00:00,2025-05-29,18,68,68,27.36,25.454875412408118,0,5,62,388.69748,False,True,False,7.352941176470589,27.36,25.1087,0.0,0.3461754124081189
2025-05-29 19:00:00,2025-05-29,19,68,68,4.21,4.8602327782398635,0,30,16,388.69748,False,True,False,44.11764705882353,4.21,0.0,0.0,4.8602327782398635
2025-05-30 06:00:00,2025-05-30,6,68,68,26.88,5.39674054274722,0,30,59,388.69748,False,True,False,44.11764705882353,26.88,9.5939,0.0,-4.19715945725278
2025-05-30 07:00:00,2025-05-30,7,68,68,70.09,62.98225031052337,0,3,62,388.69748,False,True,False,4.411764705882353,70.09,67.9338,0.0,-4.951549689476636
2025-05-30 18:00:00,2025-05-30,18,68,68,20.55,21.088625249712095,0,6,61,388.69748,False,True,False,8.823529411764707,20.55,20.5129,0.0,0.5757252497120966
2025-05-30 19:00:00,2025-05-30,19,68,68,4.15,4.8602327782398635,0,30,19,388.69748,False,True,False,44.11764705882353,4.15,0.0,0.0,4.8602327782398635
2025-05-31 06:00:00,2025-05-31,6,68,68,11.84,5.39674054274722,0,30,55,388.69748,False,True,False,44.11764705882353,11.84,6.0643,0.0,-0.6675594572527803
2025-05-31 07:00:00,2025-05-31,7,68,68,28.95,10.51045793825528,0,25,60,388.69748,False,True,False,36.76470588235294,28.95,32.4666,0.0,-21.95614206174472
2025-05-31 18:00:00,2025-05-31,18,68,68,10.41,5.172754249240444,0,30,54,388.69748,False,True,False,44.11764705882353,10.41,7.5946,0.0,-2.421845750759556
2025-05-31 19:00:00,2025-05-31,19,68,68,3.99,4.8602327782398635,0,30,11,388.69748,False,True,False,44.11764705882353,3.99,0.0,0.0,4.8602327782398635
2025-06-01 06:00:00,2025-06-01,6,68,68,12.47,5.39674054274722,0,30,54,388.69748,False,True,False,44.11764705882353,12.47,6.5271,0.0,-1.13035945725278
2025-06-01 07:00:00,2025-06-01,7,68,68,41.6,34.084450811950255,0,6,62,388.69748,False,True,False,8.823529411764707,41.6,44.0675,0.0,-9.983049188049748
2025-06-01 18:00:00,2025-06-01,18,68,68,9.21,5.172754249240444,0,30,54,388.69748,False,True,False,44.11764705882353,9.21,7.1276,0.0,-1.9548457507595565
2025-06-01 19:00:00,2025-06-01,19,68,68,3.6999999999999997,4.8602327782398635,0,30,5,388.69748,False,True,False,44.11764705882353,3.7,0.0,-4.440892098500626e-16,4.8602327782398635
2025-06-02 06:00:00,2025-06-02,6,68,68,6.51,5.39674054274722,0,30,44,388.69748,False,True,False,44.11764705882353,6.51,5.5814,0.0,-0.18465945725278043
2025-06-02 07:00:00,2025-06-02,7,68,68,21.41,5.300429404453123,0,30,62,388.69748,False,True,False,44.11764705882353,21.41,27.4584,0.0,-22.157970595546878
2025-06-02 18:00:00,2025-06-02,18,68,68,31.59,23.164126856349704,0,6,63,388.69748,False,True,False,8.823529411764707,31.59,22.9196,0.0,0.2445268563497045
2025-06-02 19:00:00,2025-06-02,19,68,68,1.1800000000000002,4.8602327782398635,0,30,33,388.69748,False,True,False,44.11764705882353,1.18,0.0,2.220446049250313e-16,4.8602327782398635
2025-06-03 06:00:00,2025-06-03,6,68,68,25.0,5.39674054274722,0,30,60,388.69748,False,True,False,44.11764705882353,25.0,9.828,0.0,-4.4312594572527795
2025-06-03 07:00:00,2025-06-03,7,68,68,77.61,66.33423785727422,0,4,63,388.69748,False,True,False,5.88235294117647,77.61,70.5324,0.0,-4.198162142725778
2025-06-03 18:00:00,2025-06-03,18,68,68,30.17,27.34633957638703,0,5,63,388.69748,False,True,False,7.352941176470589,30.17,27.5681,0.0,-0.22176042361297021
2025-06-03 19:00:00,2025-06-03,19,68,68,1.28,4.8602327782398635,0,30,35,388.69748,False,True,False,44.11764705882353,1.28,0.0,0.0,4.8602327782398635
2025-06-04 06:00:00,2025-06-04,6,68,68,24.28,5.39674054274722,0,30,57,388.69748,False,True,False,44.11764705882353,24.28,9.9302,0.0,-4.533459457252779
2025-06-04 07:00:00,2025-06-04,7,68,68,77.26,69.52234672818157,0,3,62,388.69748,False,True,False,4.411764705882353,77.26,74.7687,0.0,-5.246353271818421
2025-06-04 18:00:00,2025-06-04,18,68,68,26.97,28.225387880947792,0,5,62,388.69748,False,True,False,7.352941176470589,26.97,28.2724,0.0,-0.04701211905220859
2025-06-04 19:00:00,2025-06-04,19,68,68,4.37,4.8602327782398635,0,30,39,388.69748,False,True,False,44.11764705882353,4.37,0.0,0.0,4.8602327782398635
2025-06-05 06:00:00,2025-06-05,6,68,68,23.24,5.39674054274722,0,30,58,388.69748,False,True,False,44.11764705882353,23.24,9.7112,0.0,-4.31445945725278
2025-06-05 07:00:00,2025-06-05,7,68,68,64.5,64.92199288904665,0,4,62,388.69748,False,True,False,5.88235294117647,64.5,68.9913,0.0,-4.069307110953346
2025-06-05 18:00:00,2025-06-05,18,68,68,23.2,27.198369423490092,0,5,63,388.69748,False,True,False,7.352941176470589,23.2,27.5088,0.0,-0.31043057650990846
2025-06-05 19:00:00,2025-06-05,19,68,68,1.05,4.8602327782398635,0,30,35,388.69748,False,True,False,44.11764705882353,1.05,0.01,0.0,4.850232778239864
2025-06-06 06:00:00,2025-06-06,6,68,68,10.18,5.39674054274722,0,30,53,388.69748,False,True,False,44.11764705882353,10.18,8.6628,0.0,-3.266059457252781
2025-06-06 07:00:00,2025-06-06,7,68,68,29.15,5.300429404453123,0,30,63,388.69748,False,True,False,44.11764705882353,29.15,35.7005,0.0,-30.400070595546875
2025-06-06 18:00:00,2025-06-06,18,68,68,19.740000000000002,14.462617490682364,0,10,62,388.69748,False,True,False,14.705882352941178,19.74,17.3294,3.552713678800501e-15,-2.866782509317636
2025-06-06 19:00:00,2025-06-06,19,68,68,1.11,4.8602327782398635,0,30,17,388.69748,False,True,False,44.11764705882353,1.11,0.6859000000000001,0.0,4.174332778239863
2025-06-07 06:00:00,2025-06-07,6,68,68,16.49,5.39674054274722,0,30,58,388.69748,False,True,False,44.11764705882353,16.49,8.7929,0.0,-3.3961594572527796
2025-06-07 07:00:00,2025-06-07,7,68,68,41.69,41.54106529163865,0,6,62,388.69748,False,True,False,8.823529411764707,41.69,49.4297,0.0,-7.888634708361344
2025-06-07 18:00:00,2025-06-07,18,68,68,9.15,5.172754249240444,0,30,58,388.69748,False,True,False,44.11764705882353,9.15,8.5462,0.0,-3.373445750759557
2025-06-07 19:00:00,2025-06-07,19,68,68,1.1,4.8602327782398635,0,30,11,388.69748,False,True,False,44.11764705882353,1.1,1.5776,0.0,3.2826327782398637
2025-06-08 06:00:00,2025-06-08,6,68,68,12.74,5.39674054274722,0,30,57,388.69748,False,True,False,44.11764705882353,12.74,8.7063,0.0,-3.3095594572527807
2025-06-08 07:00:00,2025-06-08,7,68,68,47.47,45.890136843170566,0,6,63,388.69748,False,True,False,8.823529411764707,47.47,52.8357,0.0,-6.9455631568294365
2025-06-08 18:00:00,2025-06-08,18,68,68,18.87,23.981653649566656,0,4,62,388.69748,False,True,False,5.88235294117647,18.87,24.0143,0.0,-0.03264635043334252
2025-06-08 19:00:00,2025-06-08,19,68,68,2.65,4.8602327782398635,0,30,20,388.69748,False,True,False,44.11764705882353,2.65,1.8453,0.0,3.0149327782398636
2025-06-09 06:00:00,2025-06-09,6,68,68,23.66,5.39674054274722,0,30,60,388.69748,False,True,False,44.11764705882353,23.66,9.224,0.0,-3.8272594572527803
2025-06-09 07:00:00,2025-06-09,7,68,68,59.53,55.580184996643766,0,5,63,388.69748,False,True,False,7.352941176470589,59.53,60.3935,0.0,-4.813315003356237
2025-06-09 18:00:00,2025-06-09,18,68,68,19.27,23.938526478582418,0,4,60,388.69748,False,True,False,5.88235294117647,19.27,24.2275,0.0,-0.2889735214175815
2025-06-09 19:00:00,2025-06-09,19,68,68,2.56,4.8602327782398635,0,30,26,388.69748,False,True,False,44.11764705882353,2.56,2.544,0.0,2.3162327782398635
2025-06-10 06:00:00,2025-06-10,6,68,68,18.62,5.39674054274722,0,30,60,388.69748,False,True,False,44.11764705882353,18.62,8.4589,0.0,-3.06215945725278
2025-06-10 07:00:00,2025-06-10,7,68,68,54.59,51.61189647881531,0,4,63,388.69748,False,True,False,5.88235294117647,54.59,57.4104,0.0,-5.798503521184692
2025-06-10 18:00:00,2025-06-10,18,68,68,28.35,26.509890339404247,0,4,62,388.69748,False,True,False,5.88235294117647,28.35,26.2383,0.0,0.2715903394042485
2025-06-10 19:00:00,2025-06-10,19,68,68,4.58,4.8602327782398635,0,30,44,388.69748,False,True,False,44.11764705882353,4.58,2.8127,0.0,2.0475327782398636
2025-06-11 06:00:00,2025-06-11,6,68,68,24.080000000000002,5.39674054274722,0,30,60,388.69748,False,True,False,44.11764705882353,24.08,9.833,3.552713678800501e-15,-4.43625945725278
2025-06-11 07:00:00,2025-06-11,7,68,68,69.46000000000001,59.89710967180478,0,3,63,388.69748,False,True,False,4.411764705882353,69.46,66.3397,1.4210854715202004e-14,-6.442590328195216
2025-06-11 18:00:00,2025-06-11,18,68,68,34.08,27.00136852404839,0,3,62,388.69748,False,True,False,4.411764705882353,34.08,26.8432,0.0,0.1581685240483921
2025-06-11 19:00:00,2025-06-11,19,68,68,5.21,4.8602327782398635,0,30,51,388.69748,False,True,False,44.11764705882353,5.21,6.4506,0.0,-1.5903672217601361
2025-06-12 06:00:00,2025-06-12,6,68,68,29.17,5.39674054274722,0,30,60,388.69748,False,True,False,44.11764705882353,29.17,10.0648,0.0,-4.66805945725278
2025-06-12 07:00:00,2025-06-12,7,68,68,82.68,68.69442830142806,0,3,62,388.69748,False,True,False,4.411764705882353,82.68,73.2214,0.0,-4.526971698571941
2025-06-12 18:00:00,2025-06-12,18,68,68,18.48,20.086824979463152,0,6,62,388.69748,False,True,False,8.823529411764707,18.48,19.7966,0.0,0.29022497946315085
2025-06-12 19:00:00,2025-06-12,19,68,68,5.26,4.8602327782398635,0,30,50,388.69748,False,True,False,44.11764705882353,5.26,6.3943,0.0,-1.5340672217601368
2025-06-13 06:00:00,2025-06-13,6,68,68,3.6100000000000003,5.39674054274722,0,30,41,388.69748,False,True,False,44.11764705882353,3.61,5.5760000000000005,4.440892098500626e-16,-0.17925945725278059
2025-06-13 07:00:00,2025-06-13,7,68,68,8.12,5.300429404453123,0,30,53,388.69748,False,True,False,44.11764705882353,8.12,24.3591,0.0,-19.05867059554688
2025-06-13 18:00:00,2025-06-13,18,68,68,9.19,13.161287866154357,0,18,56,388.69748,False,True,False,26.47058823529412,9.19,14.0478,0.0,-0.8865121338456436
2025-06-13 19:00:00,2025-06-13,19,68,68,0.63,4.8602327782398635,0,30,18,388.69748,False,True,False,44.11764705882353,0.63,6.5488,0.0,-1.6885672217601364
2025-06-14 06:00:00,2025-06-14,6,68,68,5.63,5.39674054274722,0,30,50,388.69748,False,True,False,44.11764705882353,5.63,6.1992,0.0,-0.8024594572527803
2025-06-14 07:00:00,2025-06-14,7,68,68,24.61,5.300429404453123,0,30,61,388.69748,False,True,False,44.11764705882353,24.61,33.4129,0.0,-28.112470595546878
2025-06-14 18:00:00,2025-06-14,18,68,68,16.28,22.03147637082856,0,6,62,388.69748,False,True,False,8.823529411764707,16.28,22.3213,0.0,-0.28982362917144044
2025-06-14 19:00:00,2025-06-14,19,68,68,1.27,4.8602327782398635,0,30,35,388.69748,False,True,False,44.11764705882353,1.27,7.0238,0.0,-2.163567221760136
2025-06-15 06:00:00,2025-06-15,6,68,68,9.81,5.39674054274722,0,30,57,388.69748,False,True,False,44.11764705882353,9.81,8.566,0.0,-3.169259457252781
2025-06-15 07:00:00,2025-06-15,7,68,68,28.0,15.15427827301064,0,27,62,388.69748,False,True,False,39.705882352941174,28.0,39.3275,0.0,-24.17322172698936
2025-06-15 18:00:00,2025-06-15,18,68,68,29.759999999999998,22.40225901014155,0,6,62,388.69748,False,True,False,8.823529411764707,29.76,22.1329,-3.552713678800501e-15,0.2693590101415495
2025-06-15 19:00:00,2025-06-15,19,68,68,5.0,4.8602327782398635,0,30,53,388.69748,False,True,False,44.11764705882353,5.0,7.4841,0.0,-2.623867221760136
2025-06-16 06:00:00,2025-06-16,6,68,68,22.66,5.39674054274722,0,30,59,388.69748,False,True,False,44.11764705882353,22.66,10.1431,0.0,-4.7463594572527805
2025-06-16 07:00:00,2025-06-16,7,68,68,71.92999999999999,66.32356819059439,0,3,62,388.69748,False,True,False,4.411764705882353,71.93,71.1887,-1.4210854715202004e-14,-4.865131809405611
2025-06-16 18:00:00,2025-06-16,18,68,68,24.36,23.60935764141952,0,6,61,388.69748,False,True,False,8.823529411764707,24.36,23.0225,0.0,0.5868576414195203
2025-06-16 19:00:00,2025-06-16,19,68,68,2.73,4.8602327782398635,0,30,41,388.69748,False,True,False,44.11764705882353,2.73,7.6798,0.0,-2.8195672217601366
2025-06-17 06:00:00,2025-06-17,6,68,68,24.64,5.39674054274722,0,30,58,388.69748,False,True,False,44.11764705882353,24.64,9.988,0.0,-4.59125945725278
2025-06-17 07:00:00,2025-06-17,7,68,68,72.28999999999999,68.97247762000181,0,3,61,388.69748,False,True,False,4.411764705882353,72.29,74.5614,-1.4210854715202004e-14,-5.588922379998195
2025-06-17 18:00:00,2025-06-17,18,68,68,31.61,29.15829579521958,0,5,62,388.69748,False,True,False,7.352941176470589,31.61,29.0853,0.0,0.07299579521957966
2025-06-17 19:00:00,2025-06-17,19,68,68,8.06,4.8602327782398635,0,30,46,388.69748,False,True,False,44.11764705882353,8.06,7.7192,0.0,-2.8589672217601363
2025-06-18 06:00:00,2025-06-18,6,68,68,16.3,5.39674054274722,0,30,60,388.69748,False,True,False,44.11764705882353,16.3,9.0885,0.0,-3.69175945725278
2025-06-18 07:00:00,2025-06-18,7,68,68,64.22,49.73506384315423,0,6,62,388.69748,False,True,False,8.823529411764707,64.22,50.7508,0.0,-1.0157361568457688
2025-06-18 18:00:00,2025-06-18,18,68,68,23.79,21.737559487911263,0,5,63,388.69748,False,True,False,7.352941176470589,23.79,21.5296,0.0,0.20795948791126406
2025-06-18 19:00:00,2025-06-18,19,68,68,7.670000000000001,4.8602327782398635,0,30,24,388.69748,False,True,False,44.11764705882353,7.67,7.2535,8.881784197001252e-16,-2.3932672217601363
2025-06-19 06:00:00,2025-06-19,6,68,68,13.43,5.39674054274722,0,30,53,388.69748,False,True,False,44.11764705882353,13.43,7.9077,0.0,-2.5109594572527802
2025-06-19 07:00:00,2025-06-19,7,68,68,57.84,42.52423254581237,0,6,63,388.69748,False,True,False,8.823529411764707,57.84,46.9987,0.0,-4.474467454187632
2025-06-19 18:00:00,2025-06-19,18,68,68,11.48,5.172754249240444,0,30,39,388.69748,False,True,False,44.11764705882353,11.48,7.5695,0.0,-2.396745750759556
2025-06-19 19:00:00,2025-06-19,19,68,68,8.790000000000001,4.8602327782398635,0,30,5,388.69748,False,True,False,44.11764705882353,8.79,6.5644,1.7763568394002505e-15,-1.7041672217601365
2025-06-20 06:00:00,2025-06-20,6,68,68,11.05,5.39674054274722,0,30,39,388.69748,False,True,False,44.11764705882353,11.05,5.5027,0.0,-0.10595945725278
2025-06-20 07:00:00,2025-06-20,7,68,68,12.67,5.300429404453123,0,30,44,388.69748,False,True,False,44.11764705882353,12.67,20.3443,0.0,-15.043870595546878
2025-06-20 18:00:00,2025-06-20,18,68,68,28.09,15.941574467785488,0,7,61,388.69748,False,True,False,10.294117647058822,28.09,18.678,0.0,-2.736425532214513
2025-06-20 19:00:00,2025-06-20,19,68,68,4.34,4.8602327782398635,0,30,29,388.69748,False,True,False,44.11764705882353,4.34,7.0671,0.0,-2.2068672217601364
2025-06-21 06:00:00,2025-06-21,6,68,68,5.2700000000000005,5.39674054274722,0,30,36,388.69748,False,True,False,44.11764705882353,5.27,5.6721,8.881784197001252e-16,-0.27535945725278044
2025-06-21 07:00:00,2025-06-21,7,68,68,14.92,5.300429404453123,0,30,57,388.69748,False,True,False,44.11764705882353,14.92,23.0843,0.0,-17.783870595546876
2025-06-21 18:00:00,2025-06-21,18,68,68,29.7,21.56035799541952,0,5,62,388.69748,False,True,False,7.352941176470589,29.7,21.6145,0.0,-0.054142004580480574
2025-06-21 19:00:00,2025-06-21,19,68,68,8.57,4.8602327782398635,0,30,53,388.69748,False,True,False,44.11764705882353,8.57,7.4743,0.0,-2.614067221760137
2025-06-22 06:00:00,2025-06-22,6,68,68,30.34,5.39674054274722,0,30,60,388.69748,False,True,False,44.11764705882353,30.34,9.8144,0.0,-4.417659457252779
2025-06-22 07:00:00,2025-06-22,7,68,68,81.84,56.88035510312354,0,4,62,388.69748,False,True,False,5.88235294117647,81.84,62.0566,0.0,-5.176244896876462
2025-06-22 18:00:00,2025-06-22,18,68,68,35.06,31.18178989888285,0,3,62,388.69748,False,True,False,4.411764705882353,35.06,30.8091,0.0,0.3726898988828502
2025-06-22 19:00:00,2025-06-22,19,68,68,5.78,4.8602327782398635,0,30,47,388.69748,False,True,False,44.11764705882353,5.78,7.6542,0.0,-2.793967221760137
2025-06-23 06:00:00,2025-06-23,6,68,68,29.09,5.39674054274722,0,30,60,388.69748,False,True,False,44.11764705882353,29.09,9.2646,0.0,-3.86785945725278
2025-06-23 07:00:00,2025-06-23,7,68,68,78.63,48.91274437444399,0,5,62,388.69748,False,True,False,7.352941176470589,78.63,54.9745,0.0,-6.06175562555601
2025-06-23 18:00:00,2025-06-23,18,68,68,21.7,5.172754249240444,0,30,62,388.69748,False,True,False,44.11764705882353,21.7,8.8425,0.0,-3.6697457507595557
2025-06-23 19:00:00,2025-06-23,19,68,68,6.58,4.8602327782398635,0,30,36,388.69748,False,True,False,44.11764705882353,6.58,7.0306,0.0,-2.170367221760136
2025-06-24 06:00:00,2025-06-24,6,68,68,20.34,5.39674054274722,0,30,59,388.69748,False,True,False,44.11764705882353,20.34,9.1259,0.0,-3.7291594572527798
2025-06-24 07:00:00,2025-06-24,7,68,68,71.25,51.11999413554741,0,5,62,388.69748,False,True,False,7.352941176470589,71.25,57.9356,0.0,-6.815605864452593
2025-06-24 18:00:00,2025-06-24,18,68,68,36.96,31.614103557877833,0,5,62,388.69748,False,True,False,7.352941176470589,36.96,31.1159,0.0,0.498203557877833
2025-06-24 19:00:00,2025-06-24,19,68,68,9.1,4.8602327782398635,0,30,47,388.69748,False,True,False,44.11764705882353,9.1,7.6682,0.0,-2.807967221760136
2025-06-25 06:00:00,2025-06-25,6,68,68,25.89,5.39674054274722,0,30,59,388.69748,False,True,False,44.11764705882353,25.89,9.1625,0.0,-3.7657594572527797
2025-06-25 07:00:00,2025-06-25,7,68,68,76.78,62.63208057106424,0,4,62,388.69748,False,True,False,5.88235294117647,76.78,65.0486,0.0,-2.41651942893575
2025-06-25 18:00:00,2025-06-25,18,68,68,19.09,18.15275298799959,0,16,62,388.69748,False,True,False,23.52941176470588,19.09,17.8399,0.0,0.31285298799959094
2025-06-25 19:00:00,2025-06-25,19,68,68,3.89,4.8602327782398635,0,30,22,388.69748,False,True,False,44.11764705882353,3.89,7.3013,0.0,-2.441067221760137
2025-06-26 06:00:00,2025-06-26,6,68,68,8.41,5.39674054274722,0,30,51,388.69748,False,True,False,44.11764705882353,8.41,5.6811,0.0,-0.2843594572527799
2025-06-26 07:00:00,2025-06-26,7,68,68,21.94,5.300429404453123,0,30,61,388.69748,False,True,False,44.11764705882353,21.94,27.7344,0.0,-22.433970595546878
2025-06-26 18:00:00,2025-06-26,18,68,68,25.34,16.76353931282711,0,23,57,388.69748,False,True,False,33.82352941176471,25.34,15.2093,0.0,1.554239312827109
2025-06-26 19:00:00,2025-06-26,19,68,68,5.01,4.8602327782398635,0,30,37,388.69748,False,True,False,44.11764705882353,5.01,6.922,0.0,-2.061767221760136
2025-06-27 06:00:00,2025-06-27,6,68,68,21.98,5.39674054274722,0,30,60,388.69748,False,True,False,44.11764705882353,21.98,8.3811,0.0,-2.98435945725278
2025-06-27 07:00:00,2025-06-27,7,68,68,62.480000000000004,45.968860730684106,0,5,63,388.69748,False,True,False,7.352941176470589,62.48,51.7309,7.105427357601002e-15,-5.762039269315892
2025-06-27 18:00:00,2025-06-27,18,68,68,36.42,21.464959707854977,0,5,63,388.69748,False,True,False,7.352941176470589,36.42,21.0897,0.0,0.3752597078549762
2025-06-27 19:00:00,2025-06-27,19,68,68,6.48,4.8602327782398635,0,30,50,388.69748,False,True,False,44.11764705882353,6.48,7.2304,0.0,-2.370167221760137
2025-06-28 06:00:00,2025-06-28,6,68,68,19.53,5.39674054274722,0,30,59,388.69748,False,True,False,44.11764705882353,19.53,7.4113,0.0,-2.01455945725278
2025-06-28 07:00:00,2025-06-28,7,68,68,36.01,20.233156173504884,0,8,63,388.69748,False,True,False,11.76470588235294,36.01,35.3033,0.0,-15.070143826495116
2025-06-28 18:00:00,2025-06-28,18,68,68,39.82,16.632101799721134,0,24,63,388.69748,False,True,False,35.294117647058826,39.82,15.7708,0.0,0.8613017997211347
2025-06-28 19:00:00,2025-06-28,19,68,68,8.34,4.8602327782398635,0,30,52,388.69748,False,True,False,44.11764705882353,8.34,7.2212,0.0,-2.360967221760136
2025-06-29 06:00:00,2025-06-29,6,68,68,12.4,5.39674054274722,0,30,56,388.69748,False,True,False,44.11764705882353,12.4,8.6107,0.0,-3.2139594572527797
2025-06-29 07:00:00,2025-06-29,7,68,68,31.09,10.56210673639999,0,25,63,388.69748,False,True,False,36.76470588235294,31.09,38.095,0.0,-27.53289326360001
2025-06-29 18:00:00,2025-06-29,18,68,68,12.77,21.553878639330275,0,9,59,388.69748,False,True,False,13.23529411764706,12.77,20.2298,0.0,1.3240786393302741
2025-06-29 19:00:00,2025-06-29,19,68,68,5.41,4.8602327782398635,0,30,41,388.69748,False,True,False,44.11764705882353,5.41,7.0214,0.0,-2.1611672217601363
2025-06-30 06:00:00,2025-06-30,6,68,68,12.4,5.39674054274722,0,30,51,388.69748,False,True,False,44.11764705882353,12.4,8.4324,0.0,-3.0356594572527795
2025-06-30 07:00:00,2025-06-30,7,68,68,51.65,31.296707919516077,0,13,63,388.69748,False,True,False,19.11764705882353,51.65,41.7389,0.0,-10.442192080483924
2025-06-30 18:00:00,2025-06-30,18,68,68,31.95,25.23050332021472,0,5,64,388.69748,False,True,False,7.352941176470589,31.95,24.9257,0.0,0.30480332021472023
2025-06-30 19:00:00,2025-06-30,19,68,68,2.93,4.8602327782398635,0,30,49,388.69748,False,True,False,44.11764705882353,2.93,7.7155000000000005,0.0,-2.855267221760137
2025-07-01 06:00:00,2025-07-01,6,68,68,23.4,5.39674054274722,0,30,61,388.69748,False,True,False,44.11764705882353,23.4,9.1043,0.0,-3.7075594572527804
2025-07-01 07:00:00,2025-07-01,7,68,68,80.49,57.87985470528147,0,2,64,388.69748,False,True,False,2.941176470588235,80.49,60.9316,0.0,-3.051745294718536
2025-07-01 18:00:00,2025-07-01,18,68,68,27.94,24.167259843620375,0,2,63,388.69748,False,True,False,2.941176470588235,27.94,23.4013,0.0,0.7659598436203758
2025-07-01 19:00:00,2025-07-01,19,68,68,1.11,4.8602327782398635,0,30,37,388.69748,False,True,False,44.11764705882353,1.11,8.0389,0.0,-3.1786672217601364
2025-07-02 06:00:00,2025-07-02,6,68,68,22.01,5.39674054274722,0,30,60,388.69748,False,True,False,44.11764705882353,22.01,9.1647,0.0,-3.76795945725278
2025-07-02 07:00:00,2025-07-02,7,68,68,64.24,61.11616266887162,0,2,64,388.69748,False,True,False,2.941176470588235,64.24,64.3654,0.0,-3.249237331128377
2025-07-02 18:00:00,2025-07-02,18,68,68,36.65,30.112106550837076,0,2,64,388.69748,False,True,False,2.941176470588235,36.65,30.9698,0.0,-0.8576934491629231
2025-07-02 19:00:00,2025-07-02,19,68,68,3.91,4.8602327782398635,0,30,50,388.69748,False,True,False,44.11764705882353,3.91,8.1842,0.0,-3.323967221760137
2025-07-03 06:00:00,2025-07-03,6,68,68,21.17,5.39674054274722,0,30,60,388.69748,False,True,False,44.11764705882353,21.17,9.1201,0.0,-3.723359457252781
2025-07-03 07:00:00,2025-07-03,7,68,68,65.29,62.933109131944214,0,2,63,388.69748,False,True,False,2.941176470588235,65.29,63.8136,0.0,-0.8804908680557872
2025-07-03 18:00:00,2025-07-03,18,68,68,32.85,32.84192629734325,0,2,64,388.69748,False,True,False,2.941176470588235,32.85,35.4263,0.0,-2.584373702656748
2025-07-03 19:00:00,2025-07-03,19,68,68,3.4000000000000004,4.8602327782398635,0,30,51,388.69748,False,True,False,44.11764705882353,3.4,8.5357,4.440892098500626e-16,-3.6754672217601367
2025-07-04 06:00:00,2025-07-04,6,68,68,21.81,5.39674054274722,0,30,60,388.69748,False,True,False,44.11764705882353,21.81,9.219,0.0,-3.8222594572527795
2025-07-04 07:00:00,2025-07-04,7,68,68,72.93,62.230569618013035,0,2,61,388.69748,False,True,False,2.941176470588235,72.93,63.3983,0.0,-1.1677303819869636
2025-07-04 18:00:00,2025-07-04,18,68,68,33.66,33.93087736979558,0,2,62,388.69748,False,True,False,2.941176470588235,33.66,36.2645,0.0,-2.3336226302044167
2025-07-04 19:00:00,2025-07-04,19,68,68,3.56,4.8602327782398635,0,30,50,388.69748,False,True,False,44.11764705882353,3.56,8.3248,0.0,-3.464567221760136
2025-07-05 06:00:00,2025-07-05,6,68,68,22.18,5.39674054274722,0,30,60,388.69748,False,True,False,44.11764705882353,22.18,9.3173,0.0,-3.9205594572527795
2025-07-05 07:00:00,2025-07-05,7,68,68,77.57,66.97540431952797,0,2,63,388.69748,False,True,False,2.941176470588235,77.57,67.9002,0.0,-0.9247956804720303
2025-07-05 18:00:00,2025-07-05,18,68,68,32.36,34.40366216279237,0,2,62,388.69748,False,True,False,2.941176470588235,32.36,36.9592,0.0,-2.5555378372076305
2025-07-05 19:00:00,2025-07-05,19,68,68,3.14,4.8602327782398635,0,30,48,388.69748,False,True,False,44.11764705882353,3.14,8.5083,0.0,-3.6480672217601366
2025-07-06 06:00:00,2025-07-06,6,68,68,19.08,5.39674054274722,0,30,59,388.69748,False,True,False,44.11764705882353,19.08,9.1247,0.0,-3.7279594572527808
2025-07-06 07:00:00,2025-07-06,7,68,68,70.81,61.555963018814744,0,2,62,388.69748,False,True,False,2.941176470588235,70.81,63.2628,0.0,-1.7068369811852548
2025-07-06 18:00:00,2025-07-06,18,68,68,22.81,26.584410335021342,0,2,62,388.69748,False,True,False,2.941176470588235,22.81,27.6369,0.0,-1.0524896649786584
2025-07-06 19:00:00,2025-07-06,19,68,68,1.23,4.8602327782398635,0,30,33,388.69748,False,True,False,44.11764705882353,1.23,8.0437,0.0,-3.183467221760136
2025-07-07 06:00:00,2025-07-07,6,68,68,18.39,5.39674054274722,0,30,57,388.69748,False,True,False,44.11764705882353,18.39,8.9632,0.0,-3.5664594572527806
2025-07-07 07:00:00,2025-07-07,7,68,68,55.83,59.975118414450534,0,2,62,388.69748,False,True,False,2.941176470588235,55.83,63.5541,0.0,-3.5789815855494638
2025-07-07 18:00:00,2025-07-07,18,68,68,20.98,26.72982029191133,0,2,62,388.69748,False,True,False,2.941176470588235,20.98,27.9699,0.0,-1.2400797080886683
2025-07-07 19:00:00,2025-07-07,19,68,68,1.51,4.8602327782398635,0,30,30,388.69748,False,True,False,44.11764705882353,1.51,8.0109,0.0,-3.150667221760136
2025-07-08 06:00:00,2025-07-08,6,68,68,22.06,5.39674054274722,0,30,60,388.69748,False,True,False,44.11764705882353,22.06,8.6907,0.0,-3.2939594572527797
2025-07-08 07:00:00,2025-07-08,7,68,68,66.44,52.491524738530956,0,2,63,388.69748,False,True,False,2.941176470588235,66.44,57.605,0.0,-5.113475261469041
2025-07-08 18:00:00,2025-07-08,18,68,68,31.16,22.778011636593167,0,2,63,388.69748,False,True,False,2.941176470588235,31.16,22.1384,0.0,0.6396116365931661
2025-07-08 19:00:00,2025-07-08,19,68,68,3.5700000000000003,4.8602327782398635,0,30,50,388.69748,False,True,False,44.11764705882353,3.5700000000000003,7.5509,0.0,-2.690667221760137
2025-07-09 06:00:00,2025-07-09,6,68,68,19.53,5.39674054274722,0,30,60,388.69748,False,True,False,44.11764705882353,19.53,8.4776,0.0,-3.0808594572527808
2025-07-09 07:00:00,2025-07-09,7,68,68,68.26,52.692115488861745,0,2,62,388.69748,False,True,False,2.941176470588235,68.26,58.0265,0.0,-5.3343845111382535
2025-07-09 18:00:00,2025-07-09,18,68,68,30.12,28.61180127330908,0,2,63,388.69748,False,True,False,2.941176470588235,30.12,29.7208,0.0,-1.1089987266909205
2025-07-09 19:00:00,2025-07-09,19,68,68,2.32,4.8602327782398635,0,30,44,388.69748,False,True,False,44.11764705882353,2.32,7.662,0.0,-2.8017672217601364
2025-07-10 06:00:00,2025-07-10,6,68,68,18.95,5.39674054274722,0,30,60,388.69748,False,True,False,44.11764705882353,18.95,8.4762,0.0,-3.0794594572527805
2025-07-10 07:00:00,2025-07-10,7,68,68,58.800000000000004,47.79119667935427,0,2,63,388.69748,False,True,False,2.941176470588235,58.8,54.2239,7.105427357601002e-15,-6.432703320645729
2025-07-10 18:00:00,2025-07-10,18,68,68,30.66,24.81725140172282,0,2,63,388.69748,False,True,False,2.941176470588235,30.66,25.6466,0.0,-0.8293485982771784
2025-07-10 19:00:00,2025-07-10,19,68,68,2.7199999999999998,4.8602327782398635,0,30,48,388.69748,False,True,False,44.11764705882353,2.7199999999999998,7.5421,0.0,-2.681867221760136
2025-07-11 06:00:00,2025-07-11,6,68,68,19.75,5.39674054274722,0,30,60,388.69748,False,True,False,44.11764705882353,19.75,8.3584,0.0,-2.9616594572527797
2025-07-11 07:00:00,2025-07-11,7,68,68,61.26,48.290947968942255,0,2,63,388.69748,False,True,False,2.941176470588235,61.26,54.5855,0.0,-6.294552031057748
2025-07-11 18:00:00,2025-07-11,18,68,68,32.19,28.533739015677515,0,2,63,388.69748,False,True,False,2.941176470588235,32.19,29.3746,0.0,-0.8408609843224859
2025-07-11 19:00:00,2025-07-11,19,68,68,2.8,4.8602327782398635,0,30,48,388.69748,False,True,False,44.11764705882353,2.8,7.6499,0.0,-2.789667221760136
2025-07-12 06:00:00,2025-07-12,6,68,68,17.97,5.39674054274722,0,30,60,388.69748,False,True,False,44.11764705882353,17.97,8.4026,0.0,-3.0058594572527797
2025-07-12 07:00:00,2025-07-12,7,68,68,68.26,48.66952845378577,0,2,63,388.69748,False,True,False,2.941176470588235,68.26,55.162,0.0,-6.492471546214226
2025-07-12 18:00:00,2025-07-12,18,68,68,33.54,30.025114565433327,0,2,63,388.69748,False,True,False,2.941176470588235,33.54,30.7173,0.0,-0.6921854345666745
2025-07-12 19:00:00,2025-07-12,19,68,68,5.05,4.8602327782398635,0,30,49,388.69748,False,True,False,44.11764705882353,5.05,7.6733,0.0,-2.8130672217601367
2025-07-13 06:00:00,2025-07-13,6,68,68,17.86,5.39674054274722,0,30,59,388.69748,False,True,False,44.11764705882353,17.86,8.6157,0.0,-3.2189594572527804
2025-07-13 07:00:00,2025-07-13,7,68,68,59.24,51.759758833495766,0,2,63,388.69748,False,True,False,2.941176470588235,59.24,56.8235,0.0,-5.0637411665042364
2025-07-13 18:00:00,2025-07-13,18,68,68,10.870000000000001,24.850006037905004,0,2,57,388.69748,False,True,False,2.941176470588235,10.87,26.173,1.7763568394002505e-15,-1.3229939620949942
2025-07-13 19:00:00,2025-07-13,19,68,68,2.49,4.8602327782398635,0,30,30,388.69748,False,True,False,44.11764705882353,2.49,7.6844,0.0,-2.8241672217601366
2025-07-14 06:00:00,2025-07-14,6,68,68,11.1,5.39674054274722,0,30,59,388.69748,False,True,False,44.11764705882353,11.1,9.0335,0.0,-3.63675945725278
2025-07-14 07:00:00,2025-07-14,7,68,68,70.99,65.49608018566279,0,2,62,388.69748,False,True,False,2.941176470588235,70.99,67.1457,0.0,-1.649619814337214
2025-07-14 18:00:00,2025-07-14,18,68,68,38.5,30.83963413497421,0,2,61,388.69748,False,True,False,2.941176470588235,38.5,31.1516,0.0,-0.3119658650257868
2025-07-14 19:00:00,2025-07-14,19,68,68,7.18,4.8602327782398635,0,30,55,388.69748,False,True,False,44.11764705882353,7.18,7.7629,0.0,-2.9026672217601366
2025-07-15 06:00:00,2025-07-15,6,68,68,13.91,5.39674054274722,0,30,58,388.69748,False,True,False,44.11764705882353,13.91,8.3257,0.0,-2.9289594572527795
2025-07-15 07:00:00,2025-07-15,7,68,68,62.36,49.06911345924059,0,2,62,388.69748,False,True,False,2.941176470588235,62.36,53.9699,0.0,-4.9007865407594124
2025-07-15 18:00:00,2025-07-15,18,68,68,15.75,21.006317778311626,0,2,61,388.69748,False,True,False,2.941176470588235,15.75,21.1733,0.0,-0.16698222168837518
2025-07-15 19:00:00,2025-07-15,19,68,68,1.53,4.8602327782398635,0,30,15,388.69748,False,True,False,44.11764705882353,1.53,7.9013,0.0,-3.0410672217601364
2025-07-16 06:00:00,2025-07-16,6,68,68,1.08,5.39674054274722,0,30,3,388.69748,False,True,False,44.11764705882353,1.08,8.2626,0.0,-2.865859457252781
2025-07-16 07:00:00,2025-07-16,7,68,68,5.9,7.421463629730188,0,30,35,388.69748,False,True,False,44.11764705882353,5.9,39.2798,0.0,-31.858336370269814
2025-07-16 18:00:00,2025-07-16,18,68,68,17.68,7.186489715322105,0,23,58,388.69748,False,True,False,33.82352941176471,17.68,11.1399,0.0,-3.9534102846778962
2025-07-16 19:00:00,2025-07-16,19,68,68,2.74,4.8602327782398635,0,30,34,388.69748,False,True,False,44.11764705882353,2.74,7.4267,0.0,-2.5664672217601368
2025-07-17 06:00:00,2025-07-17,6,68,68,18.92,5.39674054274722,0,30,57,388.69748,False,True,False,44.11764705882353,18.92,8.1934,0.0,-2.7966594572527805
2025-07-17 07:00:00,2025-07-17,7,68,68,69.1,49.425011515325934,0,2,60,388.69748,False,True,False,2.941176470588235,69.1,54.8133,0.0,-5.388288484674064
2025-07-17 18:00:00,2025-07-17,18,68,68,32.84,28.740506872440445,0,2,61,388.69748,False,True,False,2.941176470588235,32.84,29.3442,0.0,-0.6036931275595556
2025-07-17 19:00:00,2025-07-17,19,68,68,4.19,4.8602327782398635,0,30,47,388.69748,False,True,False,44.11764705882353,4.19,7.1243,0.0,-2.2640672217601363
2025-07-18 06:00:00,2025-07-18,6,68,68,18.560000000000002,5.39674054274722,0,30,55,388.69748,False,True,False,44.11764705882353,18.56,8.3803,3.552713678800501e-15,-2.98355945725278
2025-07-18 07:00:00,2025-07-18,7,68,68,56.79,58.633802371265084,0,2,59,388.69748,False,True,False,2.941176470588235,56.79,58.9835,0.0,-0.3496976287349156
2025-07-18 18:00:00,2025-07-18,18,68,68,26.82,24.44972519942475,0,2,60,388.69748,False,True,False,2.941176470588235,26.82,25.4568,0.0,-1.00707480057525
2025-07-18 19:00:00,2025-07-18,19,68,68,2.84,4.8602327782398635,0,30,38,388.69748,False,True,False,44.11764705882353,2.84,7.0572,0.0,-2.1969672217601364
2025-07-19 06:00:00,2025-07-19,6,68,68,18.57,5.39674054274722,0,30,57,388.69748,False,True,False,44.11764705882353,18.57,8.3723,0.0,-2.9755594572527793
2025-07-19 07:00:00,2025-07-19,7,68,68,68.29,56.454568824682134,0,2,61,388.69748,False,True,False,2.941176470588235,68.29,58.8426,0.0,-2.388031175317863
2025-07-19 18:00:00,2025-07-19,18,68,68,31.83,22.684986682151724,0,2,61,388.69748,False,True,False,2.941176470588235,31.83,21.496,0.0,1.1889866821517252
2025-07-19 19:00:00,2025-07-19,19,68,68,4.91,4.8602327782398635,0,30,39,388.69748,False,True,False,44.11764705882353,4.91,6.7125,0.0,-1.8522672217601368
2025-07-20 06:00:00,2025-07-20,6,68,68,17.04,5.39674054274722,0,30,57,388.69748,False,True,False,44.11764705882353,17.04,8.4814,0.0,-3.084659457252781
2025-07-20 07:00:00,2025-07-20,7,68,68,68.84,55.9909623501777,0,2,61,388.69748,False,True,False,2.941176470588235,68.84,55.4902,0.0,0.5007623501777019
2025-07-20 18:00:00,2025-07-20,18,68,68,26.25,23.60246638956671,0,2,61,388.69748,False,True,False,2.941176470588235,26.25,23.2387,0.0,0.3637663895667096
2025-07-20 19:00:00,2025-07-20,19,68,68,2.1,4.8602327782398635,0,30,25,388.69748,False,True,False,44.11764705882353,2.1,2.9502,0.0,1.9100327782398634
2025-07-21 06:00:00,2025-07-21,6,68,68,16.91,5.39674054274722,0,30,58,388.69748,False,True,False,44.11764705882353,16.91,8.3642,0.0,-2.9674594572527804
2025-07-21 07:00:00,2025-07-21,7,68,68,60.63,49.52682246597436,0,2,61,388.69748,False,True,False,2.941176470588235,60.63,50.568,0.0,-1.0411775340256355
2025-07-21 18:00:00,2025-07-21,18,68,68,24.03,21.208290588070835,0,7,61,388.69748,False,True,False,10.294117647058822,24.03,20.6927,0.0,0.515590588070836
2025-07-21 19:00:00,2025-07-21,19,68,68,7.83,4.8602327782398635,0,30,34,388.69748,False,True,False,44.11764705882353,7.83,2.6343,0.0,2.2259327782398635
2025-07-22 06:00:00,2025-07-22,6,68,68,18.53,5.39674054274722,0,30,57,388.69748,False,True,False,44.11764705882353,18.53,8.4067,0.0,-3.009959457252781
2025-07-22 07:00:00,2025-07-22,7,68,68,59.86,51.97908500853508,0,2,61,388.69748,False,True,False,2.941176470588235,59.86,53.9796,0.0,-2.000514991464918
2025-07-22 18:00:00,2025-07-22,18,68,68,30.7,22.06777005012458,0,2,60,388.69748,False,True,False,2.941176470588235,30.7,20.5595,0.0,1.5082700501245796
2025-07-22 19:00:00,2025-07-22,19,68,68,9.51,4.8602327782398635,0,30,39,388.69748,False,True,False,44.11764705882353,9.51,1.7686000000000002,0.0,3.0916327782398634
2025-07-23 06:00:00,2025-07-23,6,68,68,22.76,5.39674054274722,0,30,58,388.69748,False,True,False,44.11764705882353,22.76,8.2304,0.0,-2.8336594572527796
2025-07-23 07:00:00,2025-07-23,7,68,68,71.84,52.43493266373341,0,2,60,388.69748,False,True,False,2.941176470588235,71.84,54.3586,0.0,-1.9236673362665897
2025-07-23 18:00:00,2025-07-23,18,68,68,30.88,23.675027882786726,0,2,61,388.69748,False,True,False,2.941176470588235,30.88,24.2831,0.0,-0.6080721172132755
2025-07-23 19:00:00,2025-07-23,19,68,68,7.41,4.8602327782398635,0,30,29,388.69748,False,True,False,44.11764705882353,7.41,0.908,0.0,3.9522327782398636
2025-07-24 06:00:00,2025-07-24,6,68,68,21.77,5.39674054274722,0,30,58,388.69748,False,True,False,44.11764705882353,21.77,8.0915,0.0,-2.69475945725278
2025-07-24 07:00:00,2025-07-24,7,68,68,69.34,52.36867167142125,0,2,61,388.69748,False,True,False,2.941176470588235,69.34,56.0397,0.0,-3.671028328578757
2025-07-24 18:00:00,2025-07-24,18,68,68,34.28,24.7228783222868,0,2,62,388.69748,False,True,False,2.941176470588235,34.28,25.7475,0.0,-1.0246216777131991
2025-07-24 19:00:00,2025-07-24,19,68,68,7.1,4.8602327782398635,0,30,38,388.69748,False,True,False,44.11764705882353,7.1,0.3271,0.0,4.533132778239864
2025-07-25 06:00:00,2025-07-25,6,68,68,17.84,5.39674054274722,0,30,59,388.69748,False,True,False,44.11764705882353,17.84,8.0971,0.0,-2.7003594572527794
2025-07-25 07:00:00,2025-07-25,7,68,68,52.32,50.370669690947416,0,2,62,388.69748,False,True,False,2.941176470588235,52.32,53.7441,0.0,-3.373430309052587
2025-07-25 18:00:00,2025-07-25,18,68,68,34.22,26.66034786499696,0,2,61,388.69748,False,True,False,2.941176470588235,34.22,26.936700000000002,0.0,-0.2763521350030409
2025-07-25 19:00:00,2025-07-25,19,68,68,8.76,4.8602327782398635,0,30,37,388.69748,False,True,False,44.11764705882353,8.76,0.0,0.0,4.8602327782398635
2025-07-26 06:00:00,2025-07-26,6,68,68,21.61,5.39674054274722,0,30,58,388.69748,False,True,False,44.11764705882353,21.61,8.1915,0.0,-2.7947594572527796
2025-07-26 07:00:00,2025-07-26,7,68,68,63.480000000000004,49.98895485154673,0,2,62,388.69748,False,True,False,2.941176470588235,63.48,53.9436,7.105427357601002e-15,-3.954645148453274
2025-07-26 18:00:00,2025-07-26,18,68,68,30.59,29.061177532577815,0,2,62,388.69748,False,True,False,2.941176470588235,30.59,30.0326,0.0,-0.9714224674221832
2025-07-26 19:00:00,2025-07-26,19,68,68,6.77,4.8602327782398635,0,30,37,388.69748,False,True,False,44.11764705882353,6.77,0.0,0.0,4.8602327782398635
2025-07-27 06:00:00,2025-07-27,6,68,68,19.27,5.39674054274722,0,30,57,388.69748,False,True,False,44.11764705882353,19.27,8.1934,0.0,-2.7966594572527805
2025-07-27 07:00:00,2025-07-27,7,68,68,57.89,51.830641000094865,0,2,61,388.69748,False,True,False,2.941176470588235,57.89,55.7712,0.0,-3.940558999905136
2025-07-27 18:00:00,2025-07-27,18,68,68,32.51,28.665837635565435,0,2,62,388.69748,False,True,False,2.941176470588235,32.51,29.5204,0.0,-0.8545623644345639
2025-07-27 19:00:00,2025-07-27,19,68,68,7.49,4.8602327782398635,0,30,37,388.69748,False,True,False,44.11764705882353,7.49,0.0,0.0,4.8602327782398635
2025-07-28 06:00:00,2025-07-28,6,68,68,19.27,5.39674054274722,0,30,57,388.69748,False,True,False,44.11764705882353,19.27,8.1994,0.0,-2.8026594572527808
2025-07-28 07:00:00,2025-07-28,7,68,68,59.7,53.307662670520564,0,2,62,388.69748,False,True,False,2.941176470588235,59.7,54.0929,0.0,-0.7852373294794361
2025-07-28 18:00:00,2025-07-28,18,68,68,23.63,21.127339924311908,0,7,61,388.69748,False,True,False,10.294117647058822,23.63,19.6994,0.0,1.4279399243119073
2025-07-28 19:00:00,2025-07-28,19,68,68,6.470000000000001,4.8602327782398635,0,30,16,388.69748,False,True,False,44.11764705882353,6.47,0.0,8.881784197001252e-16,4.8602327782398635
2025-07-29 06:00:00,2025-07-29,6,68,68,19.18,5.39674054274722,0,30,57,388.69748,False,True,False,44.11764705882353,19.18,7.8225999999999996,0.0,-2.4258594572527796
2025-07-29 07:00:00,2025-07-29,7,68,68,68.3,50.35962861934519,0,2,60,388.69748,False,True,False,2.941176470588235,68.3,52.8208,0.0,-2.461171380654811
2025-07-29 18:00:00,2025-07-29,18,68,68,29.41,22.950518313343185,0,2,62,388.69748,False,True,False,2.941176470588235,29.41,23.3301,0.0,-0.3795816866568167
2025-07-29 19:00:00,2025-07-29,19,68,68,6.37,4.8602327782398635,0,30,24,388.69748,False,True,False,44.11764705882353,6.37,0.0,0.0,4.8602327782398635
2025-07-30 06:00:00,2025-07-30,6,68,68,16.009999999999998,5.39674054274722,0,30,54,388.69748,False,True,False,44.11764705882353,16.01,7.6398,-3.552713678800501e-15,-2.24305945725278
2025-07-30 07:00:00,2025-07-30,7,68,68,43.58,38.67525234593178,0,2,62,388.69748,False,True,False,2.941176470588235,43.58,45.6212,0.0,-6.94594765406822
2025-07-30 18:00:00,2025-07-30,18,68,68,20.29,5.172754249240444,0,30,61,388.69748,False,True,False,44.11764705882353,20.29,9.029,0.0,-3.8562457507595562
2025-07-30 19:00:00,2025-07-30,19,68,68,6.64,4.8602327782398635,0,30,10,388.69748,False,True,False,44.11764705882353,6.64,0.0,0.0,4.8602327782398635
2025-07-31 06:00:00,2025-07-31,6,68,68,7.21,5.39674054274722,0,30,25,388.69748,False,True,False,44.11764705882353,7.21,5.3111,0.0,0.08564054274722022
2025-07-31 07:00:00,2025-07-31,7,68,68,11.24,6.450503119966977,0,28,48,388.69748,False,True,False,41.17647058823529,11.24,33.6857,0.0,-27.23519688003302
2025-07-31 18:00:00,2025-07-31,18,68,68,27.29,13.767221429810341,0,6,62,388.69748,False,True,False,8.823529411764707,27.29,16.2016,0.0,-2.434378570189658
2025-07-31 19:00:00,2025-07-31,19,68,68,7.01,4.8602327782398635,0,30,31,388.69748,False,True,False,44.11764705882353,7.01,0.0,0.0,4.8602327782398635
2025-08-01 06:00:00,2025-08-01,6,68,68,10.65,5.39674054274722,0,30,36,388.69748,False,True,False,44.11764705882353,10.65,5.3599,0.0,0.03684054274722026
2025-08-01 07:00:00,2025-08-01,7,68,68,17.7,5.300429404453123,0,30,40,388.69748,False,True,False,44.11764705882353,17.7,25.2998,0.0,-19.99937059554688
2025-08-01 18:00:00,2025-08-01,18,68,68,20.23,5.172754249240444,0,30,62,388.69748,False,True,False,44.11764705882353,20.23,7.8683,0.0,-2.695545750759556
2025-08-01 19:00:00,2025-08-01,19,68,68,7.16,4.8602327782398635,0,30,10,388.69748,False,True,False,44.11764705882353,7.16,0.0,0.0,4.8602327782398635
2025-08-02 06:00:00,2025-08-02,6,68,68,16.36,5.39674054274722,0,30,54,388.69748,False,True,False,44.11764705882353,16.36,5.5126,0.0,-0.11585945725278002
2025-08-02 07:00:00,2025-08-02,7,68,68,39.91,5.300429404453123,0,30,57,388.69748,False,True,False,44.11764705882353,39.91,29.8365,0.0,-24.536070595546878
2025-08-02 18:00:00,2025-08-02,18,68,68,26.22,19.941016356459233,0,2,62,388.69748,False,True,False,2.941176470588235,26.22,19.5825,0.0,0.3585163564592335
2025-08-02 19:00:00,2025-08-02,19,68,68,6.220000000000001,4.8602327782398635,0,30,18,388.69748,False,True,False,44.11764705882353,6.22,0.0,8.881784197001252e-16,4.8602327782398635
2025-08-03 06:00:00,2025-08-03,6,68,68,16.54,5.39674054274722,0,30,55,388.69748,False,True,False,44.11764705882353,16.54,7.4607,0.0,-2.06395945725278
2025-08-03 07:00:00,2025-08-03,7,68,68,51.41,43.117575744854214,0,2,61,388.69748,False,True,False,2.941176470588235,51.41,47.0174,0.0,-3.899824255145788
2025-08-03 18:00:00,2025-08-03,18,68,68,29.43,23.948021035537316,0,2,62,388.69748,False,True,False,2.941176470588235,29.43,24.3397,0.0,-0.3916789644626846
2025-08-03 19:00:00,2025-08-03,19,68,68,6.19,4.8602327782398635,0,30,14,388.69748,False,True,False,44.11764705882353,6.19,0.0,0.0,4.8602327782398635
2025-08-04 06:00:00,2025-08-04,6,68,68,16.15,5.39674054274722,0,30,56,388.69748,False,True,False,44.11764705882353,16.15,7.6263000000000005,0.0,-2.2295594572527806
2025-08-04 07:00:00,2025-08-04,7,68,68,52.28,46.14103444901732,0,2,61,388.69748,False,True,False,2.941176470588235,52.28,51.4464,0.0,-5.305365550982678
2025-08-04 18:00:00,2025-08-04,18,68,68,22.29,21.014640204272794,0,2,60,388.69748,False,True,False,2.941176470588235,22.29,20.9872,0.0,0.027440204272792812
2025-08-04 19:00:00,2025-08-04,19,68,68,9.35,4.8602327782398635,0,30,14,388.69748,False,True,False,44.11764705882353,9.35,0.0,0.0,4.8602327782398635
2025-08-05 06:00:00,2025-08-05,6,68,68,20.44,5.39674054274722,0,30,57,388.69748,False,True,False,44.11764705882353,20.44,7.6133,0.0,-2.21655945725278
2025-08-05 07:00:00,2025-08-05,7,68,68,57.76,46.71468622822845,0,2,62,388.69748,False,True,False,2.941176470588235,57.76,49.1867,0.0,-2.4720137717715502
2025-08-05 18:00:00,2025-08-05,18,68,68,24.31,23.462628400401467,0,2,62,388.69748,False,True,False,2.941176470588235,24.31,23.3734,0.0,0.08922840040146696
2025-08-05 19:00:00,2025-08-05,19,68,68,6.069999999999999,4.8602327782398635,0,30,7,388.69748,False,True,False,44.11764705882353,6.07,0.0,-8.881784197001252e-16,4.8602327782398635
2025-08-06 06:00:00,2025-08-06,6,68,68,15.46,5.39674054274722,0,30,54,388.69748,False,True,False,44.11764705882353,15.46,7.6092,0.0,-2.2124594572527805
2025-08-06 07:00:00,2025-08-06,7,68,68,47.22,47.59696201058781,0,2,62,388.69748,False,True,False,2.941176470588235,47.22,52.3698,0.0,-4.772837989412189
2025-08-06 18:00:00,2025-08-06,18,68,68,22.78,16.60928055718762,0,2,58,388.69748,False,True,False,2.941176470588235,22.78,15.5593,0.0,1.0499805571876202
2025-08-06 19:00:00,2025-08-06,19,68,68,8.46,4.8602327782398635,0,30,5,388.69748,False,True,False,44.11764705882353,8.46,0.0,0.0,4.8602327782398635
2025-08-07 06:00:00,2025-08-07,6,68,68,10.540000000000001,5.39674054274722,0,30,39,388.69748,False,True,False,44.11764705882353,10.54,7.1737,1.7763568394002505e-15,-1.7769594572527803
2025-08-07 07:00:00,2025-08-07,7,68,68,27.06,5.300429404453123,0,30,61,388.69748,False,True,False,44.11764705882353,27.06,34.2598,0.0,-28.959370595546876
2025-08-07 18:00:00,2025-08-07,18,68,68,25.88,19.47745899949037,0,2,60,388.69748,False,True,False,2.941176470588235,25.88,19.1965,0.0,0.2809589994903696
2025-08-07 19:00:00,2025-08-07,19,68,68,8.6,4.8602327782398635,0,30,12,388.69748,False,True,False,44.11764705882353,8.6,0.0,0.0,4.8602327782398635
2025-08-08 06:00:00,2025-08-08,6,68,68,17.09,5.39674054274722,0,30,56,388.69748,False,True,False,44.11764705882353,17.09,7.417,0.0,-2.02025945725278
2025-08-08 07:00:00,2025-08-08,7,68,68,51.19,13.872242090603011,0,23,62,388.69748,False,True,False,33.82352941176471,51.19,41.8694,0.0,-27.99715790939699
2025-08-08 18:00:00,2025-08-08,18,68,68,17.46,17.565711830629827,0,2,57,388.69748,False,True,False,2.941176470588235,17.46,17.7087,0.0,-0.14298816937017378
2025-08-08 19:00:00,2025-08-08,19,68,68,8.5,4.8602327782398635,0,30,8,388.69748,False,True,False,44.11764705882353,8.5,0.0,0.0,4.8602327782398635
2025-08-09 06:00:00,2025-08-09,6,68,68,8.56,5.39674054274722,0,30,10,388.69748,False,True,False,44.11764705882353,8.56,5.0973,0.0,0.2994405427472202
2025-08-09 07:00:00,2025-08-09,7,68,68,12.24,5.300429404453123,0,30,43,388.69748,False,True,False,44.11764705882353,12.24,25.0216,0.0,-19.721170595546877
2025-08-09 18:00:00,2025-08-09,18,68,68,11.44,5.172754249240444,0,30,29,388.69748,False,True,False,44.11764705882353,11.44,7.7442,0.0,-2.5714457507595565
2025-08-09 19:00:00,2025-08-09,19,68,68,8.48,4.8602327782398635,0,30,6,388.69748,False,True,False,44.11764705882353,8.48,0.0,0.0,4.8602327782398635
2025-08-10 06:00:00,2025-08-10,6,68,68,11.73,5.39674054274722,0,30,41,388.69748,False,True,False,44.11764705882353,11.73,5.221,0.0,0.17574054274721984
2025-08-10 07:00:00,2025-08-10,7,68,68,30.54,5.300429404453123,0,30,60,388.69748,False,True,False,44.11764705882353,30.54,29.8587,0.0,-24.558270595546876
2025-08-10 18:00:00,2025-08-10,18,68,68,14.450000000000001,5.172754249240444,0,30,60,388.69748,False,True,False,44.11764705882353,14.45,7.8955,1.7763568394002505e-15,-2.7227457507595565
2025-08-10 19:00:00,2025-08-10,19,68,68,6.07,4.8602327782398635,0,30,4,388.69748,False,True,False,44.11764705882353,6.07,0.0,0.0,4.8602327782398635
2025-08-11 06:00:00,2025-08-11,6,68,68,6.4399999999999995,5.39674054274722,0,30,16,388.69748,False,True,False,44.11764705882353,6.44,5.1467,-8.881784197001252e-16,0.2500405427472199
2025-08-11 07:00:00,2025-08-11,7,68,68,12.36,5.300429404453123,0,30,54,388.69748,False,True,False,44.11764705882353,12.36,23.7864,0.0,-18.485970595546878
2025-08-11 18:00:00,2025-08-11,18,68,68,23.11,18.893036995490004,0,2,61,388.69748,False,True,False,2.941176470588235,23.11,18.8674,0.0,0.025636995490003756
2025-08-11 19:00:00,2025-08-11,19,68,68,6.76,4.8602327782398635,0,30,17,388.69748,False,True,False,44.11764705882353,6.76,0.0,0.0,4.8602327782398635
2025-08-12 06:00:00,2025-08-12,6,68,68,15.26,5.39674054274722,0,30,54,388.69748,False,True,False,44.11764705882353,15.26,5.2413,0.0,0.15544054274722008
2025-08-12 07:00:00,2025-08-12,7,68,68,54.36,18.067976395733663,0,15,62,388.69748,False,True,False,22.058823529411764,54.36,36.2535,0.0,-18.18552360426634
2025-08-12 18:00:00,2025-08-12,18,68,68,18.44,6.785906470548078,0,25,59,388.69748,False,True,False,36.76470588235294,18.44,9.4385,0.0,-2.652593529451922
2025-08-12 19:00:00,2025-08-12,19,68,68,10.0,4.8602327782398635,0,30,6,388.69748,False,True,False,44.11764705882353,10.0,0.0,0.0,4.8602327782398635
2025-08-13 06:00:00,2025-08-13,6,68,68,13.13,5.39674054274722,0,30,40,388.69748,False,True,False,44.11764705882353,13.13,5.0865,0.0,0.3102405427472199
2025-08-13 07:00:00,2025-08-13,7,68,68,40.64,5.300429404453123,0,30,61,388.69748,False,True,False,44.11764705882353,40.64,31.2826,0.0,-25.982170595546876
2025-08-13 18:00:00,2025-08-13,18,68,68,20.84,8.69085489119707,0,19,58,388.69748,False,True,False,27.941176470588236,20.84,11.0138,0.0,-2.32294510880293
2025-08-13 19:00:00,2025-08-13,19,68,68,6.24,4.8602327782398635,0,30,8,388.69748,False,True,False,44.11764705882353,6.24,0.0,0.0,4.8602327782398635
2025-08-14 06:00:00,2025-08-14,6,68,68,6.04,5.39674054274722,0,30,5,388.69748,False,True,False,44.11764705882353,6.04,5.3128,0.0,0.08394054274721974
2025-08-14 07:00:00,2025-08-14,7,68,68,12.43,5.300429404453123,0,30,38,388.69748,False,True,False,44.11764705882353,12.43,31.8179,0.0,-26.51747059554688
2025-08-14 18:00:00,2025-08-14,18,68,68,23.240000000000002,19.05415512403846,0,3,59,388.69748,False,True,False,4.411764705882353,23.24,17.6762,3.552713678800501e-15,1.3779551240384578
2025-08-14 19:00:00,2025-08-14,19,68,68,6.09,4.8602327782398635,0,30,5,388.69748,False,True,False,44.11764705882353,6.09,0.0,0.0,4.8602327782398635
2025-08-15 06:00:00,2025-08-15,6,68,68,15.1,5.39674054274722,0,30,54,388.69748,False,True,False,44.11764705882353,15.1,7.1865,0.0,-1.7897594572527797
2025-08-15 07:00:00,2025-08-15,7,68,68,56.95,40.4060763097631,0,10,59,388.69748,False,True,False,14.705882352941178,56.95,45.8049,0.0,-5.3988236902369025
2025-08-15 18:00:00,2025-08-15,18,68,68,20.91,18.96820365915458,0,2,60,388.69748,False,True,False,2.941176470588235,20.91,18.126,0.0,0.8422036591545776
2025-08-15 19:00:00,2025-08-15,19,68,68,6.11,4.8602327782398635,0,30,4,388.69748,False,True,False,44.11764705882353,6.11,0.0,0.0,4.8602327782398635
2025-08-16 06:00:00,2025-08-16,6,68,68,14.43,5.39674054274722,0,30,56,388.69748,False,True,False,44.11764705882353,14.43,7.1286,0.0,-1.7318594572527797
2025-08-16 07:00:00,2025-08-16,7,68,68,58.980000000000004,50.25970604602272,0,2,61,388.69748,False,True,False,2.941176470588235,58.98,51.1708,7.105427357601002e-15,-0.9110939539772787
2025-08-16 18:00:00,2025-08-16,18,68,68,21.32,20.852165921189005,0,2,61,388.69748,False,True,False,2.941176470588235,21.32,19.4411,0.0,1.4110659211890066
2025-08-16 19:00:00,2025-08-16,19,68,68,6.02,4.8602327782398635,0,30,3,388.69748,False,True,False,44.11764705882353,6.02,0.0,0.0,4.8602327782398635
2025-08-17 06:00:00,2025-08-17,6,68,68,13.57,5.39674054274722,0,30,55,388.69748,False,True,False,44.11764705882353,13.57,7.1076,0.0,-1.7108594572527798
2025-08-17 07:00:00,2025-08-17,7,68,68,57.45,49.69291096738366,0,2,61,388.69748,False,True,False,2.941176470588235,57.45,51.3009,0.0,-1.607989032616338
2025-08-17 18:00:00,2025-08-17,18,68,68,23.46,21.236317768743042,0,2,61,388.69748,False,True,False,2.941176470588235,23.46,19.9485,0.0,1.287817768743043
2025-08-17 19:00:00,2025-08-17,19,68,68,6.1899999999999995,4.8602327782398635,0,30,5,388.69748,False,True,False,44.11764705882353,6.19,0.0,-8.881784197001252e-16,4.8602327782398635
2025-08-18 06:00:00,2025-08-18,6,68,68,12.93,5.39674054274722,0,30,53,388.69748,False,True,False,44.11764705882353,12.93,5.4317,0.0,-0.03495945725278027
2025-08-18 07:00:00,2025-08-18,7,68,68,55.550000000000004,48.933757705185236,0,2,59,388.69748,False,True,False,2.941176470588235,55.55,50.8988,7.105427357601002e-15,-1.965042294814765
2025-08-18 18:00:00,2025-08-18,18,68,68,20.400000000000002,21.797751562633106,0,2,58,388.69748,False,True,False,2.941176470588235,20.4,20.392,3.552713678800501e-15,1.4057515626331067
2025-08-18 19:00:00,2025-08-18,19,68,68,6.18,4.8602327782398635,0,30,4,388.69748,False,True,False,44.11764705882353,6.18,0.0,0.0,4.8602327782398635
2025-08-19 06:00:00,2025-08-19,6,68,68,13.24,5.39674054274722,0,30,52,388.69748,False,True,False,44.11764705882353,13.24,5.562,0.0,-0.16525945725278035
2025-08-19 07:00:00,2025-08-19,7,68,68,55.45,49.11431789005468,0,2,59,388.69748,False,True,False,2.941176470588235,55.45,50.5151,0.0,-1.4007821099453182
2025-08-19 18:00:00,2025-08-19,18,68,68,17.79,19.021783132509462,0,2,59,388.69748,False,True,False,2.941176470588235,17.79,18.0885,0.0,0.9332831325094624
2025-08-19 19:00:00,2025-08-19,19,68,68,6.17,4.8602327782398635,0,30,4,388.69748,False,True,False,44.11764705882353,6.17,0.0,0.0,4.8602327782398635
2025-08-20 06:00:00,2025-08-20,6,68,68,15.8,5.39674054274722,0,30,55,388.69748,False,True,False,44.11764705882353,15.8,5.5905000000000005,0.0,-0.19375945725278054
2025-08-20 07:00:00,2025-08-20,7,68,68,53.69,50.87595940527799,0,2,60,388.69748,False,True,False,2.941176470588235,53.69,52.0213,0.0,-1.1453405947220077
2025-08-20 18:00:00,2025-08-20,18,68,68,18.6,18.562603893683978,0,2,59,388.69748,False,True,False,2.941176470588235,18.6,18.059,0.0,0.5036038936839766
2025-08-20 19:00:00,2025-08-20,19,68,68,6.18,4.8602327782398635,0,30,4,388.69748,False,True,False,44.11764705882353,6.18,0.0,0.0,4.8602327782398635
2025-08-21 06:00:00,2025-08-21,6,68,68,12.45,5.39674054274722,0,30,53,388.69748,False,True,False,44.11764705882353,12.45,5.555,0.0,-0.1582594572527798
2025-08-21 07:00:00,2025-08-21,7,68,68,52.65,48.77126615487066,0,2,59,388.69748,False,True,False,2.941176470588235,52.65,49.9829,0.0,-1.2116338451293416
2025-08-21 18:00:00,2025-08-21,18,68,68,18.16,17.477271310341713,0,2,60,388.69748,False,True,False,2.941176470588235,18.16,16.2345,0.0,1.2427713103417126
2025-08-21 19:00:00,2025-08-21,19,68,68,6.220000000000001,4.8602327782398635,0,30,5,388.69748,False,True,False,44.11764705882353,6.22,0.0,8.881784197001252e-16,4.8602327782398635
2025-08-22 06:00:00,2025-08-22,6,68,68,12.17,5.39674054274722,0,30,53,388.69748,False,True,False,44.11764705882353,12.17,5.5295,0.0,-0.1327594572527797
2025-08-22 07:00:00,2025-08-22,7,68,68,51.83,48.41660189458715,0,2,61,388.69748,False,True,False,2.941176470588235,51.83,49.8451,0.0,-1.4284981054128494
2025-08-22 18:00:00,2025-08-22,18,68,68,17.23,16.451014539341788,0,2,59,388.69748,False,True,False,2.941176470588235,17.23,15.0296,0.0,1.4214145393417876
2025-08-22 19:00:00,2025-08-22,19,68,68,6.27,4.8602327782398635,0,30,6,388.69748,False,True,False,44.11764705882353,6.27,0.0,0.0,4.8602327782398635
2025-08-23 06:00:00,2025-08-23,6,68,68,12.1,5.39674054274722,0,30,53,388.69748,False,True,False,44.11764705882353,12.1,5.4695,0.0,-0.0727594572527801
2025-08-23 07:00:00,2025-08-23,7,68,68,47.03,43.28130314989541,0,2,60,388.69748,False,True,False,2.941176470588235,47.03,46.899,0.0,-3.6176968501045934
2025-08-23 18:00:00,2025-08-23,18,68,68,11.86,5.172754249240444,0,30,54,388.69748,False,True,False,44.11764705882353,11.86,8.1919,0.0,-3.0191457507595567
2025-08-23 19:00:00,2025-08-23,19,68,68,6.56,4.8602327782398635,0,30,6,388.69748,False,True,False,44.11764705882353,6.5600000000000005,0.0,-8.881784197001252e-16,4.8602327782398635
2025-08-24 06:00:00,2025-08-24,6,68,68,12.18,5.39674054274722,0,30,54,388.69748,False,True,False,44.11764705882353,12.18,5.4264,0.0,-0.029659457252780186
2025-08-24 07:00:00,2025-08-24,7,68,68,53.64,49.61853531311217,0,2,61,388.69748,False,True,False,2.941176470588235,53.64,46.1586,0.0,3.459935313112169
2025-08-24 18:00:00,2025-08-24,18,68,68,11.290000000000001,13.258179937190757,0,12,43,388.69748,False,True,False,17.647058823529413,11.29,12.6261,1.7763568394002505e-15,0.632079937190758
2025-08-24 19:00:00,2025-08-24,19,68,68,8.59,4.8602327782398635,0,30,5,388.69748,False,True,False,44.11764705882353,8.59,0.0,0.0,4.8602327782398635
2025-08-25 06:00:00,2025-08-25,6,68,68,11.46,5.39674054274722,0,30,45,388.69748,False,True,False,44.11764705882353,11.46,5.2382,0.0,0.15854054274721996
2025-08-25 07:00:00,2025-08-25,7,68,68,46.81,5.300429404453123,0,30,60,388.69748,False,True,False,44.11764705882353,46.81,30.8437,0.0,-25.543270595546876
2025-08-25 18:00:00,2025-08-25,18,68,68,17.51,14.969883490308112,0,3,59,388.69748,False,True,False,4.411764705882353,17.51,15.3214,0.0,-0.35151650969188886
2025-08-25 19:00:00,2025-08-25,19,68,68,9.23,4.8602327782398635,0,30,7,388.69748,False,True,False,44.11764705882353,9.23,0.0,0.0,4.8602327782398635
2025-08-26 06:00:00,2025-08-26,6,68,68,15.0,5.39674054274722,0,30,51,388.69748,False,True,False,44.11764705882353,15.0,5.0937,0.0,0.3030405427472198
2025-08-26 07:00:00,2025-08-26,7,68,68,43.37,17.216610806599682,0,19,60,388.69748,False,True,False,27.941176470588236,43.37,35.3912,0.0,-18.174589193400315
2025-08-26 18:00:00,2025-08-26,18,68,68,20.41,9.117565229104814,0,27,59,388.69748,False,True,False,39.705882352941174,20.41,8.9858,0.0,0.1317652291048148
2025-08-26 19:00:00,2025-08-26,19,68,68,8.92,4.8602327782398635,0,30,7,388.69748,False,True,False,44.11764705882353,8.92,0.0,0.0,4.8602327782398635
2025-08-27 06:00:00,2025-08-27,6,68,68,13.66,5.39674054274722,0,30,38,388.69748,False,True,False,44.11764705882353,13.66,5.1816,0.0,0.2151405427472195
2025-08-27 07:00:00,2025-08-27,7,68,68,25.15,5.300429404453123,0,30,53,388.69748,False,True,False,44.11764705882353,25.15,27.9081,0.0,-22.607670595546878
2025-08-27 18:00:00,2025-08-27,18,68,68,16.15,5.172754249240444,0,30,55,388.69748,False,True,False,44.11764705882353,16.15,8.1777,0.0,-3.004945750759556
2025-08-27 19:00:00,2025-08-27,19,68,68,8.899999999999999,4.8602327782398635,0,30,6,388.69748,False,True,False,44.11764705882353,8.9,0.0,-1.7763568394002505e-15,4.8602327782398635
2025-08-28 06:00:00,2025-08-28,6,68,68,13.91,5.39674054274722,0,30,52,388.69748,False,True,False,44.11764705882353,13.91,5.3423,0.0,0.0544405427472201
2025-08-28 07:00:00,2025-08-28,7,68,68,47.06,42.496617218783506,0,2,61,388.69748,False,True,False,2.941176470588235,47.06,41.8605,0.0,0.6361172187835038
2025-08-28 18:00:00,2025-08-28,18,68,68,15.13,13.67484032592357,0,6,59,388.69748,False,True,False,8.823529411764707,15.13,12.5733,0.0,1.1015403259235708
2025-08-28 19:00:00,2025-08-28,19,68,68,8.62,4.8602327782398635,0,30,7,388.69748,False,True,False,44.11764705882353,8.62,0.0,0.0,4.8602327782398635
2025-08-29 06:00:00,2025-08-29,6,68,68,14.33,5.39674054274722,0,30,52,388.69748,False,True,False,44.11764705882353,14.33,5.3502,0.0,0.04654054274721986
2025-08-29 07:00:00,2025-08-29,7,68,68,50.76,13.217499136474103,0,23,60,388.69748,False,True,False,33.82352941176471,50.76,38.2971,0.0,-25.079600863525897
2025-08-29 18:00:00,2025-08-29,18,68,68,11.79,13.985064038813913,0,6,48,388.69748,False,True,False,8.823529411764707,11.79,13.0755,0.0,0.9095640388139135
2025-08-29 19:00:00,2025-08-29,19,68,68,8.59,4.8602327782398635,0,30,5,388.69748,False,True,False,44.11764705882353,8.59,0.0,0.0,4.8602327782398635
2025-08-30 06:00:00,2025-08-30,6,68,68,15.0,5.39674054274722,0,30,51,388.69748,False,True,False,44.11764705882353,15.0,4.9081,0.0,0.4886405427472198
2025-08-30 07:00:00,2025-08-30,7,68,68,41.230000000000004,5.300429404453123,0,30,59,388.69748,False,True,False,44.11764705882353,41.23,28.7456,7.105427357601002e-15,-23.445170595546877
2025-08-30 18:00:00,2025-08-30,18,68,68,12.43,5.172754249240444,0,30,49,388.69748,False,True,False,44.11764705882353,12.43,7.3285,0.0,-2.1557457507595563
2025-08-30 19:00:00,2025-08-30,19,68,68,8.59,4.8602327782398635,0,30,5,388.69748,False,True,False,44.11764705882353,8.59,0.0,0.0,4.8602327782398635
2025-08-31 06:00:00,2025-08-31,6,68,68,10.6,5.39674054274722,0,30,41,388.69748,False,True,False,44.11764705882353,10.6,5.0374,0.0,0.35934054274722005
2025-08-31 07:00:00,2025-08-31,7,68,68,47.63,5.300429404453123,0,30,58,388.69748,False,True,False,44.11764705882353,47.63,32.1976,0.0,-26.89717059554688
2025-08-31 18:00:00,2025-08-31,18,68,68,15.27,5.172754249240444,0,30,47,388.69748,False,True,False,44.11764705882353,15.27,7.4162,0.0,-2.243445750759556
2025-08-31 19:00:00,2025-08-31,19,68,68,8.67,4.8602327782398635,0,30,5,388.69748,False,True,False,44.11764705882353,8.67,0.0,0.0,4.8602327782398635
2025-09-01 06:00:00,2025-09-01,6,68,68,11.69,5.39674054274722,0,30,46,388.69748,False,True,False,44.11764705882353,11.69,6.7045,0.0,-1.3077594572527804
2025-09-01 07:00:00,2025-09-01,7,68,68,48.24,40.019522827303554,0,2,60,388.69748,False,True,False,2.941176470588235,48.24,39.7896,0.0,0.22992282730355385
2025-09-01 18:00:00,2025-09-01,18,68,68,16.05,7.325679511278983,0,18,57,388.69748,False,True,False,26.47058823529412,16.05,9.8371,0.0,-2.5114204887210168
2025-09-01 19:00:00,2025-09-01,19,68,68,8.79,4.8602327782398635,0,30,7,388.69748,False,True,False,44.11764705882353,8.79,0.0,0.0,4.8602327782398635
2025-09-02 06:00:00,2025-09-02,6,68,68,11.2,5.39674054274722,0,30,45,388.69748,False,True,False,44.11764705882353,11.2,6.6477,0.0,-1.2509594572527805
2025-09-02 07:00:00,2025-09-02,7,68,68,42.76,5.300429404453123,0,30,60,388.69748,False,True,False,44.11764705882353,42.76,34.0312,0.0,-28.730770595546876
2025-09-02 18:00:00,2025-09-02,18,68,68,14.02,9.232152668803819,0,21,52,388.69748,False,True,False,30.88235294117647,14.02,8.6335,0.0,0.598652668803819
2025-09-02 19:00:00,2025-09-02,19,68,68,8.59,4.8602327782398635,0,30,5,388.69748,False,True,False,44.11764705882353,8.59,0.0,0.0,4.8602327782398635
2025-09-03 06:00:00,2025-09-03,6,68,68,12.09,5.39674054274722,0,30,47,388.69748,False,True,False,44.11764705882353,12.09,4.9438,0.0,0.4529405427472195
2025-09-03 07:00:00,2025-09-03,7,68,68,46.38,5.300429404453123,0,30,60,388.69748,False,True,False,44.11764705882353,46.38,28.7371,0.0,-23.43667059554688
2025-09-03 18:00:00,2025-09-03,18,68,68,12.43,5.172754249240444,0,30,50,388.69748,False,True,False,44.11764705882353,12.43,7.3566,0.0,-2.1838457507595566
2025-09-03 19:00:00,2025-09-03,19,68,68,9.3,4.8602327782398635,0,30,5,388.69748,False,True,False,44.11764705882353,9.3,0.0,0.0,4.8602327782398635
2025-09-04 06:00:00,2025-09-04,6,68,68,11.07,5.39674054274722,0,30,45,388.69748,False,True,False,44.11764705882353,11.07,4.973,0.0,0.42374054274722006
2025-09-04 07:00:00,2025-09-04,7,68,68,47.93,16.737269447869004,0,18,60,388.69748,False,True,False,26.47058823529412,47.93,33.9844,0.0,-17.247130552130997
2025-09-04 18:00:00,2025-09-04,18,68,68,13.74,5.172754249240444,0,30,54,388.69748,False,True,False,44.11764705882353,13.74,7.5061,0.0,-2.3333457507595563
2025-09-04 19:00:00,2025-09-04,19,68,68,9.350000000000001,4.8602327782398635,0,30,5,388.69748,False,True,False,44.11764705882353,9.35,0.0,1.7763568394002505e-15,4.8602327782398635
2025-09-05 06:00:00,2025-09-05,6,68,68,11.67,5.39674054274722,0,30,46,388.69748,False,True,False,44.11764705882353,11.67,5.1035,0.0,0.29324054274721956
2025-09-05 07:00:00,2025-09-05,7,68,68,48.65,5.300429404453123,0,30,60,388.69748,False,True,False,44.11764705882353,48.65,35.8037,0.0,-30.503270595546876
2025-09-05 18:00:00,2025-09-05,18,68,68,11.7,5.172754249240444,0,30,47,388.69748,False,True,False,44.11764705882353,11.7,7.3195,0.0,-2.146745750759556
2025-09-05 19:00:00,2025-09-05,19,68,68,8.620000000000001,4.8602327782398635,0,30,5,388.69748,False,True,False,44.11764705882353,8.62,0.0,1.7763568394002505e-15,4.8602327782398635
2025-09-06 06:00:00,2025-09-06,6,68,68,13.610000000000001,5.39674054274722,0,30,46,388.69748,False,True,False,44.11764705882353,13.61,4.8171,1.7763568394002505e-15,0.57964054274722
2025-09-06 07:00:00,2025-09-06,7,68,68,34.89,5.300429404453123,0,30,59,388.69748,False,True,False,44.11764705882353,34.89,28.575,0.0,-23.274570595546876
2025-09-06 18:00:00,2025-09-06,18,68,68,11.81,5.172754249240444,0,30,51,388.69748,False,True,False,44.11764705882353,11.81,6.9409,0.0,-1.7681457507595564
2025-09-06 19:00:00,2025-09-06,19,68,68,8.81,4.8602327782398635,0,30,6,388.69748,False,True,False,44.11764705882353,8.81,0.0,0.0,4.8602327782398635
2025-09-07 06:00:00,2025-09-07,6,68,68,8.86,5.39674054274722,0,30,17,388.69748,False,True,False,44.11764705882353,8.86,4.8963,0.0,0.5004405427472198
2025-09-07 07:00:00,2025-09-07,7,68,68,23.0,5.300429404453123,0,30,59,388.69748,False,True,False,44.11764705882353,23.0,19.9318,0.0,-14.631370595546876
2025-09-07 18:00:00,2025-09-07,18,68,68,9.629999999999999,5.172754249240444,0,30,36,388.69748,False,True,False,44.11764705882353,9.63,6.8995,-1.7763568394002505e-15,-1.726745750759556
2025-09-07 19:00:00,2025-09-07,19,68,68,8.6,4.8602327782398635,0,30,6,388.69748,False,True,False,44.11764705882353,8.6,0.0,0.0,4.8602327782398635
2025-09-08 06:00:00,2025-09-08,6,68,68,8.66,5.39674054274722,0,30,10,388.69748,False,True,False,44.11764705882353,8.66,4.7499,0.0,0.6468405427472197
2025-09-08 07:00:00,2025-09-08,7,68,68,12.66,5.300429404453123,0,30,44,388.69748,False,True,False,44.11764705882353,12.66,15.6219,0.0,-10.321470595546877
2025-09-08 18:00:00,2025-09-08,18,68,68,8.74,5.172754249240444,0,30,14,388.69748,False,True,False,44.11764705882353,8.74,7.3254,0.0,-2.1526457507595564
2025-09-08 19:00:00,2025-09-08,19,68,68,8.58,4.8602327782398635,0,30,4,388.69748,False,True,False,44.11764705882353,8.58,0.0,0.0,4.8602327782398635
2025-09-09 06:00:00,2025-09-09,6,68,68,9.89,5.39674054274722,0,30,33,388.69748,False,True,False,44.11764705882353,9.89,6.7487,0.0,-1.3519594572527804
2025-09-09 07:00:00,2025-09-09,7,68,68,39.78,5.300429404453123,0,30,59,388.69748,False,True,False,44.11764705882353,39.78,32.6244,0.0,-27.32397059554688
2025-09-09 18:00:00,2025-09-09,18,68,68,14.14,5.172754249240444,0,30,51,388.69748,False,True,False,44.11764705882353,14.14,8.0729,0.0,-2.900145750759557
2025-09-09 19:00:00,2025-09-09,19,68,68,8.59,4.8602327782398635,0,30,5,388.69748,False,True,False,44.11764705882353,8.59,0.0,0.0,4.8602327782398635
2025-09-10 06:00:00,2025-09-10,6,68,68,11.42,5.39674054274722,0,30,43,388.69748,False,True,False,44.11764705882353,11.42,6.75,0.0,-1.35325945725278
2025-09-10 07:00:00,2025-09-10,7,68,68,49.69,5.300429404453123,0,30,58,388.69748,False,True,False,44.11764705882353,49.69,33.9068,0.0,-28.606370595546874
2025-09-10 18:00:00,2025-09-10,18,68,68,14.569999999999999,5.172754249240444,0,30,51,388.69748,False,True,False,44.11764705882353,14.57,8.1586,-1.7763568394002505e-15,-2.985845750759556
2025-09-10 19:00:00,2025-09-10,19,68,68,8.59,4.8602327782398635,0,30,5,388.69748,False,True,False,44.11764705882353,8.59,0.0,0.0,4.8602327782398635
2025-09-11 06:00:00,2025-09-11,6,68,68,9.26,5.39674054274722,0,30,23,388.69748,False,True,False,44.11764705882353,9.26,4.885,0.0,0.5117405427472201
2025-09-11 07:00:00,2025-09-11,7,68,68,40.29,5.300429404453123,0,30,59,388.69748,False,True,False,44.11764705882353,40.29,28.4258,0.0,-23.125370595546876
2025-09-11 18:00:00,2025-09-11,18,68,68,9.129999999999999,5.172754249240444,0,30,11,388.69748,False,True,False,44.11764705882353,9.13,6.7183,-1.7763568394002505e-15,-1.5455457507595565
2025-09-11 19:00:00,2025-09-11,19,68,68,8.99,4.8602327782398635,0,30,5,388.69748,False,True,False,44.11764705882353,8.99,0.0,0.0,4.8602327782398635
2025-09-12 06:00:00,2025-09-12,6,68,68,8.99,5.39674054274722,0,30,5,388.69748,False,True,False,44.11764705882353,8.99,4.6109,0.0,0.7858405427472199
2025-09-12 07:00:00,2025-09-12,7,68,68,10.66,5.300429404453123,0,30,37,388.69748,False,True,False,44.11764705882353,10.66,12.0627,0.0,-6.762270595546877
2025-09-12 18:00:00,2025-09-12,18,68,68,9.16,5.172754249240444,0,30,12,388.69748,False,True,False,44.11764705882353,9.16,7.3555,0.0,-2.1827457507595565
2025-09-12 19:00:00,2025-09-12,19,68,68,8.99,4.8602327782398635,0,30,5,388.69748,False,True,False,44.11764705882353,8.99,0.0,0.0,4.8602327782398635
2025-09-13 06:00:00,2025-09-13,6,68,68,12.1,5.39674054274722,0,30,45,388.69748,False,True,False,44.11764705882353,12.1,4.7898,0.0,0.6069405427472203
2025-09-13 07:00:00,2025-09-13,7,68,68,42.76,5.300429404453123,0,30,59,388.69748,False,True,False,44.11764705882353,42.76,23.5608,0.0,-18.260370595546878
2025-09-13 18:00:00,2025-09-13,18,68,68,12.53,5.172754249240444,0,30,49,388.69748,False,True,False,44.11764705882353,12.53,7.2454,0.0,-2.0726457507595564
2025-09-13 19:00:00,2025-09-13,19,68,68,8.99,4.8602327782398635,0,30,5,388.69748,False,True,False,44.11764705882353,8.99,0.0,0.0,4.8602327782398635
2025-09-14 06:00:00,2025-09-14,6,68,68,10.01,5.39674054274722,0,30,30,388.69748,False,True,False,44.11764705882353,10.01,4.9148,0.0,0.4819405427472203
2025-09-14 07:00:00,2025-09-14,7,68,68,31.65,5.300429404453123,0,30,59,388.69748,False,True,False,44.11764705882353,31.65,31.1124,0.0,-25.811970595546878
2025-09-14 18:00:00,2025-09-14,18,68,68,10.84,5.172754249240444,0,30,42,388.69748,False,True,False,44.11764705882353,10.84,2.9767,0.0,2.1960542492404436
2025-09-14 19:00:00,2025-09-14,19,68,68,9.0,4.8602327782398635,0,30,6,388.69748,False,True,False,44.11764705882353,9.0,0.0,0.0,4.8602327782398635
2025-09-15 06:00:00,2025-09-15,6,68,68,9.33,5.39674054274722,0,30,16,388.69748,False,True,False,44.11764705882353,9.33,4.769,0.0,0.6277405427472198
2025-09-15 07:00:00,2025-09-15,7,68,68,18.73,5.300429404453123,0,30,54,388.69748,False,True,False,44.11764705882353,18.73,26.3511,0.0,-21.050670595546876
2025-09-15 18:00:00,2025-09-15,18,68,68,10.04,5.172754249240444,0,30,18,388.69748,False,True,False,44.11764705882353,10.04,0.4665,0.0,4.706254249240444
2025-09-15 19:00:00,2025-09-15,19,68,68,9.850000000000001,4.8602327782398635,0,30,7,388.69748,False,True,False,44.11764705882353,9.85,0.0,1.7763568394002505e-15,4.8602327782398635
2025-09-16 06:00:00,2025-09-16,6,68,68,10.23,5.39674054274722,0,30,23,388.69748,False,True,False,44.11764705882353,10.23,4.5407,0.0,0.8560405427472197
2025-09-16 07:00:00,2025-09-16,7,68,68,18.22,5.300429404453123,0,30,49,388.69748,False,True,False,44.11764705882353,18.22,28.233,0.0,-22.932570595546878
2025-09-16 18:00:00,2025-09-16,18,68,68,13.03,5.172754249240444,0,30,11,388.69748,False,True,False,44.11764705882353,13.03,0.0,0.0,5.172754249240444
2025-09-16 19:00:00,2025-09-16,19,68,68,12.95,4.8602327782398635,0,30,5,388.69748,False,True,False,44.11764705882353,12.95,0.0,0.0,4.8602327782398635
2025-09-17 06:00:00,2025-09-17,6,68,68,13.02,5.39674054274722,0,30,6,388.69748,False,True,False,44.11764705882353,13.02,4.4547,0.0,0.94204054274722
2025-09-17 07:00:00,2025-09-17,7,68,68,17.31,5.300429404453123,0,30,52,388.69748,False,True,False,44.11764705882353,17.31,17.4701,0.0,-12.169670595546876
2025-09-17 18:00:00,2025-09-17,18,68,68,12.98,5.172754249240444,0,30,8,388.69748,False,True,False,44.11764705882353,12.98,0.0,0.0,5.172754249240444
2025-09-17 19:00:00,2025-09-17,19,68,68,12.96,4.8602327782398635,0,30,6,388.69748,False,True,False,44.11764705882353,12.96,0.0,0.0,4.8602327782398635
2025-09-18 06:00:00,2025-09-18,6,68,68,13.67,5.39674054274722,0,30,29,388.69748,False,True,False,44.11764705882353,13.67,3.9013,0.0,1.49544054274722
2025-09-18 07:00:00,2025-09-18,7,68,68,28.85,5.300429404453123,0,30,58,388.69748,False,True,False,44.11764705882353,28.85,21.3535,0.0,-16.053070595546878
2025-09-18 18:00:00,2025-09-18,18,68,68,13.549999999999999,5.172754249240444,0,30,14,388.69748,False,True,False,44.11764705882353,13.55,0.0,-1.7763568394002505e-15,5.172754249240444
2025-09-18 19:00:00,2025-09-18,19,68,68,13.42,4.8602327782398635,0,30,6,388.69748,False,True,False,44.11764705882353,13.42,0.0,0.0,4.8602327782398635
2025-09-19 06:00:00,2025-09-19,6,68,68,13.43,5.39674054274722,0,30,7,388.69748,False,True,False,44.11764705882353,13.43,0.7997000000000001,0.0,4.597040542747219
2025-09-19 07:00:00,2025-09-19,7,68,68,14.209999999999999,5.300429404453123,0,30,28,388.69748,False,True,False,44.11764705882353,14.21,13.1682,-1.7763568394002505e-15,-7.867770595546878
2025-09-19 18:00:00,2025-09-19,18,68,68,13.43,5.172754249240444,0,30,7,388.69748,False,True,False,44.11764705882353,13.43,0.0,0.0,5.172754249240444
2025-09-19 19:00:00,2025-09-19,19,68,68,13.43,4.8602327782398635,0,30,7,388.69748,False,True,False,44.11764705882353,13.43,0.0,0.0,4.8602327782398635
2025-09-20 06:00:00,2025-09-20,6,68,68,13.739999999999998,5.39674054274722,0,30,22,388.69748,False,True,False,44.11764705882353,13.74,0.7113,-1.7763568394002505e-15,4.685440542747219
2025-09-20 07:00:00,2025-09-20,7,68,68,40.61,5.300429404453123,0,30,59,388.69748,False,True,False,44.11764705882353,40.61,26.3151,0.0,-21.014670595546878
2025-09-20 18:00:00,2025-09-20,18,68,68,13.93,5.172754249240444,0,30,25,388.69748,False,True,False,44.11764705882353,13.93,0.0,0.0,5.172754249240444
2025-09-20 19:00:00,2025-09-20,19,68,68,13.43,4.8602327782398635,0,30,7,388.69748,False,True,False,44.11764705882353,13.43,0.0,0.0,4.8602327782398635
2025-09-21 06:00:00,2025-09-21,6,68,68,14.45,5.39674054274722,0,30,35,388.69748,False,True,False,44.11764705882353,14.45,0.5001,0.0,4.89664054274722
2025-09-21 07:00:00,2025-09-21,7,68,68,45.3,5.300429404453123,0,30,60,388.69748,False,True,False,44.11764705882353,45.3,27.7385,0.0,-22.438070595546876
2025-09-21 18:00:00,2025-09-21,18,68,68,13.78,5.172754249240444,0,30,12,388.69748,False,True,False,44.11764705882353,13.78,0.0,0.0,5.172754249240444
2025-09-21 19:00:00,2025-09-21,19,68,68,13.66,4.8602327782398635,0,30,8,388.69748,False,True,False,44.11764705882353,13.66,0.0,0.0,4.8602327782398635
2025-09-22 06:00:00,2025-09-22,6,68,68,13.54,5.39674054274722,0,30,12,388.69748,False,True,False,44.11764705882353,13.54,0.0,0.0,5.39674054274722
2025-09-22 07:00:00,2025-09-22,7,68,68,30.15,5.300429404453123,0,30,59,388.69748,False,True,False,44.11764705882353,30.15,15.9907,0.0,-10.690270595546878
2025-09-22 18:00:00,2025-09-22,18,68,68,13.43,5.172754249240444,0,30,7,388.69748,False,True,False,44.11764705882353,13.43,0.0,0.0,5.172754249240444
2025-09-22 19:00:00,2025-09-22,19,68,68,13.42,4.8602327782398635,0,30,6,388.69748,False,True,False,44.11764705882353,13.42,0.0,0.0,4.8602327782398635
2025-09-23 06:00:00,2025-09-23,6,68,68,13.42,5.39674054274722,0,30,6,388.69748,False,True,False,44.11764705882353,13.42,0.0,0.0,5.39674054274722
2025-09-23 07:00:00,2025-09-23,7,68,68,22.939999999999998,5.300429404453123,0,30,56,388.69748,False,True,False,44.11764705882353,22.94,14.4407,-3.552713678800501e-15,-9.140270595546877
2025-09-23 18:00:00,2025-09-23,18,68,68,13.43,5.172754249240444,0,30,7,388.69748,False,True,False,44.11764705882353,13.43,0.0,0.0,5.172754249240444
2025-09-23 19:00:00,2025-09-23,19,68,68,13.42,4.8602327782398635,0,30,6,388.69748,False,True,False,44.11764705882353,13.42,0.0,0.0,4.8602327782398635
2025-09-24 06:00:00,2025-09-24,6,68,68,13.42,5.39674054274722,0,30,6,388.69748,False,True,False,44.11764705882353,13.42,0.0,0.0,5.39674054274722
2025-09-24 07:00:00,2025-09-24,7,68,68,18.34,5.300429404453123,0,30,48,388.69748,False,True,False,44.11764705882353,18.34,13.3419,0.0,-8.041470595546878
2025-09-24 18:00:00,2025-09-24,18,68,68,13.86,5.172754249240444,0,30,22,388.69748,False,True,False,44.11764705882353,13.86,0.0,0.0,5.172754249240444
2025-09-24 19:00:00,2025-09-24,19,68,68,13.44,4.8602327782398635,0,30,8,388.69748,False,True,False,44.11764705882353,13.44,0.0,0.0,4.8602327782398635
2025-09-25 06:00:00,2025-09-25,6,68,68,13.5,5.39674054274722,0,30,12,388.69748,False,True,False,44.11764705882353,13.5,0.0,0.0,5.39674054274722
2025-09-25 07:00:00,2025-09-25,7,68,68,32.269999999999996,5.300429404453123,0,30,60,388.69748,False,True,False,44.11764705882353,32.27,24.2095,-7.105427357601002e-15,-18.909070595546876
2025-09-25 18:00:00,2025-09-25,18,68,68,13.579999999999998,5.172754249240444,0,30,12,388.69748,False,True,False,44.11764705882353,13.58,0.0,-1.7763568394002505e-15,5.172754249240444
2025-09-25 19:00:00,2025-09-25,19,68,68,13.43,4.8602327782398635,0,30,7,388.69748,False,True,False,44.11764705882353,13.43,0.0,0.0,4.8602327782398635
2025-09-26 06:00:00,2025-09-26,6,68,68,13.43,5.39674054274722,0,30,7,388.69748,False,True,False,44.11764705882353,13.43,0.0,0.0,5.39674054274722
2025-09-26 07:00:00,2025-09-26,7,68,68,20.84,5.300429404453123,0,30,56,388.69748,False,True,False,44.11764705882353,20.84,17.7545,0.0,-12.454070595546877
2025-09-26 18:00:00,2025-09-26,18,68,68,13.479999999999999,5.172754249240444,0,30,9,388.69748,False,True,False,44.11764705882353,13.48,0.0,-1.7763568394002505e-15,5.172754249240444
2025-09-26 19:00:00,2025-09-26,19,68,68,13.43,4.8602327782398635,0,30,7,388.69748,False,True,False,44.11764705882353,13.43,0.0,0.0,4.8602327782398635
2025-09-27 06:00:00,2025-09-27,6,68,68,13.51,5.39674054274722,0,30,12,388.69748,False,True,False,44.11764705882353,13.51,0.0,0.0,5.39674054274722
2025-09-27 07:00:00,2025-09-27,7,68,68,25.35,5.300429404453123,0,30,58,388.69748,False,True,False,44.11764705882353,25.35,11.5703,0.0,-6.269870595546877
2025-09-27 18:00:00,2025-09-27,18,68,68,13.43,5.172754249240444,0,30,7,388.69748,False,True,False,44.11764705882353,13.43,0.0,0.0,5.172754249240444
2025-09-27 19:00:00,2025-09-27,19,68,68,13.42,4.8602327782398635,0,30,6,388.69748,False,True,False,44.11764705882353,13.42,0.0,0.0,4.8602327782398635
2025-09-28 06:00:00,2025-09-28,6,68,68,13.42,5.39674054274722,0,30,6,388.69748,False,True,False,44.11764705882353,13.42,0.0,0.0,5.39674054274722
2025-09-28 07:00:00,2025-09-28,7,68,68,22.06,5.300429404453123,0,30,55,388.69748,False,True,False,44.11764705882353,22.06,13.7434,0.0,-8.442970595546877
2025-09-28 18:00:00,2025-09-28,18,68,68,13.44,5.172754249240444,0,30,8,388.69748,False,True,False,44.11764705882353,13.44,0.0,0.0,5.172754249240444
2025-09-28 19:00:00,2025-09-28,19,68,68,13.43,4.8602327782398635,0,30,7,388.69748,False,True,False,44.11764705882353,13.43,0.0,0.0,4.8602327782398635
2025-09-29 06:00:00,2025-09-29,6,68,68,13.45,5.39674054274722,0,30,8,388.69748,False,True,False,44.11764705882353,13.45,0.0,0.0,5.39674054274722
2025-09-29 07:00:00,2025-09-29,7,68,68,22.94,5.300429404453123,0,30,56,388.69748,False,True,False,44.11764705882353,22.94,15.081,0.0,-9.780570595546877
2025-09-29 18:00:00,2025-09-29,18,68,68,13.04,5.172754249240444,0,30,7,388.69748,False,True,False,44.11764705882353,13.04,0.0,0.0,5.172754249240444
2025-09-29 19:00:00,2025-09-29,19,68,68,12.95,4.8602327782398635,0,30,5,388.69748,False,True,False,44.11764705882353,12.95,0.0,0.0,4.8602327782398635
2025-09-30 06:00:00,2025-09-30,6,68,68,12.95,5.39674054274722,0,30,5,388.69748,False,True,False,44.11764705882353,12.95,0.0,0.0,5.39674054274722
2025-09-30 07:00:00,2025-09-30,7,68,68,28.07,5.300429404453123,0,30,59,388.69748,False,True,False,44.11764705882353,28.07,25.0691,0.0,-19.768670595546876
2025-09-30 18:00:00,2025-09-30,18,68,68,10.4,5.172754249240444,0,30,4,388.69748,False,True,False,44.11764705882353,10.4,0.0,0.0,5.172754249240444
2025-09-30 19:00:00,2025-09-30,19,68,68,10.379999999999999,4.8602327782398635,0,30,3,388.69748,False,True,False,44.11764705882353,10.38,0.0,-1.7763568394002505e-15,4.8602327782398635
2025-10-01 06:00:00,2025-10-01,6,68,68,10.5,5.39674054274722,0,30,11,388.69748,False,True,False,44.11764705882353,10.5,0.0,0.0,5.39674054274722
2025-10-01 07:00:00,2025-10-01,7,68,68,45.739999999999995,5.300429404453123,0,30,59,388.69748,False,True,False,44.11764705882353,45.74,23.0377,-7.105427357601002e-15,-17.737270595546878
2025-10-01 18:00:00,2025-10-01,18,68,68,10.4,5.172754249240444,0,30,5,388.69748,False,True,False,44.11764705882353,10.4,0.0,0.0,5.172754249240444
2025-10-01 19:00:00,2025-10-01,19,68,68,10.39,4.8602327782398635,0,30,4,388.69748,False,True,False,44.11764705882353,10.39,0.0,0.0,4.8602327782398635
2025-10-02 06:00:00,2025-10-02,6,68,68,10.39,5.39674054274722,0,30,4,388.69748,False,True,False,44.11764705882353,10.39,0.0,0.0,5.39674054274722
2025-10-02 07:00:00,2025-10-02,7,68,68,10.95,5.300429404453123,0,30,16,388.69748,False,True,False,44.11764705882353,10.95,8.4882,0.0,-3.187770595546878
2025-10-02 18:00:00,2025-10-02,18,68,68,10.379999999999999,5.172754249240444,0,30,3,388.69748,False,True,False,44.11764705882353,10.38,0.0,-1.7763568394002505e-15,5.172754249240444
2025-10-02 19:00:00,2025-10-02,19,68,68,10.379999999999999,4.8602327782398635,0,30,3,388.69748,False,True,False,44.11764705882353,10.38,0.0,-1.7763568394002505e-15,4.8602327782398635
2025-10-03 06:00:00,2025-10-03,6,68,68,10.379999999999999,5.39674054274722,0,30,3,388.69748,False,True,False,44.11764705882353,10.38,0.0,-1.7763568394002505e-15,5.39674054274722
2025-10-03 07:00:00,2025-10-03,7,68,68,17.87,5.300429404453123,0,30,53,388.69748,False,True,False,44.11764705882353,17.87,13.4834,0.0,-8.182970595546877
2025-10-03 18:00:00,2025-10-03,18,68,68,10.45,5.172754249240444,0,30,5,388.69748,False,True,False,44.11764705882353,10.45,0.0,0.0,5.172754249240444
2025-10-03 19:00:00,2025-10-03,19,68,68,10.39,4.8602327782398635,0,30,4,388.69748,False,True,False,44.11764705882353,10.39,0.0,0.0,4.8602327782398635
2025-10-04 06:00:00,2025-10-04,6,68,68,10.68,5.39674054274722,0,30,11,388.69748,False,True,False,44.11764705882353,10.68,0.0,0.0,5.39674054274722
2025-10-04 07:00:00,2025-10-04,7,68,68,21.08,5.300429404453123,0,30,56,388.69748,False,True,False,44.11764705882353,21.08,10.583,0.0,-5.282570595546877
2025-10-04 18:00:00,2025-10-04,18,68,68,10.61,5.172754249240444,0,30,5,388.69748,False,True,False,44.11764705882353,10.61,0.0,0.0,5.172754249240444
2025-10-04 19:00:00,2025-10-04,19,68,68,10.61,4.8602327782398635,0,30,5,388.69748,False,True,False,44.11764705882353,10.61,0.0,0.0,4.8602327782398635
2025-10-05 06:00:00,2025-10-05,6,68,68,10.62,5.39674054274722,0,30,6,388.69748,False,True,False,44.11764705882353,10.62,0.0,0.0,5.39674054274722
2025-10-05 07:00:00,2025-10-05,7,68,68,22.57,5.300429404453123,0,30,52,388.69748,False,True,False,44.11764705882353,22.57,13.1303,0.0,-7.829870595546877
2025-10-05 18:00:00,2025-10-05,18,68,68,10.88,5.172754249240444,0,30,6,388.69748,False,True,False,44.11764705882353,10.88,0.0,0.0,5.172754249240444
2025-10-05 19:00:00,2025-10-05,19,68,68,10.88,4.8602327782398635,0,30,6,388.69748,False,True,False,44.11764705882353,10.88,0.0,0.0,4.8602327782398635
2025-10-06 06:00:00,2025-10-06,6,68,68,10.88,5.39674054274722,0,30,6,388.69748,False,True,False,44.11764705882353,10.88,0.0,0.0,5.39674054274722
2025-10-06 07:00:00,2025-10-06,7,68,68,20.95,5.300429404453123,0,30,56,388.69748,False,True,False,44.11764705882353,20.95,15.9967,0.0,-10.696270595546878
2025-10-06 18:00:00,2025-10-06,18,68,68,11.96,5.172754249240444,0,30,8,388.69748,False,True,False,44.11764705882353,11.96,0.0,0.0,5.172754249240444
2025-10-06 19:00:00,2025-10-06,19,68,68,11.96,4.8602327782398635,0,30,8,388.69748,False,True,False,44.11764705882353,11.96,0.0,0.0,4.8602327782398635
2025-10-07 06:00:00,2025-10-07,6,68,68,11.96,5.39674054274722,0,30,8,388.69748,False,True,False,44.11764705882353,11.96,0.0,0.0,5.39674054274722
2025-10-07 07:00:00,2025-10-07,7,68,68,22.38,5.300429404453123,0,30,57,388.69748,False,True,False,44.11764705882353,22.38,15.5322,0.0,-10.231770595546877
2025-10-07 18:00:00,2025-10-07,18,68,68,10.9,5.172754249240444,0,30,6,388.69748,False,True,False,44.11764705882353,10.9,0.0,0.0,5.172754249240444
2025-10-07 19:00:00,2025-10-07,19,68,68,10.870000000000001,4.8602327782398635,0,30,5,388.69748,False,True,False,44.11764705882353,10.87,0.0,1.7763568394002505e-15,4.8602327782398635
2025-10-08 06:00:00,2025-10-08,6,68,68,10.89,5.39674054274722,0,30,6,388.69748,False,True,False,44.11764705882353,10.89,0.0,0.0,5.39674054274722
2025-10-08 07:00:00,2025-10-08,7,68,68,20.68,5.300429404453123,0,30,56,388.69748,False,True,False,44.11764705882353,20.68,15.1344,0.0,-9.833970595546877
2025-10-08 18:00:00,2025-10-08,18,68,68,10.89,5.172754249240444,0,30,7,388.69748,False,True,False,44.11764705882353,10.89,0.0,0.0,5.172754249240444
2025-10-08 19:00:00,2025-10-08,19,68,68,10.89,4.8602327782398635,0,30,7,388.69748,False,True,False,44.11764705882353,10.89,0.0,0.0,4.8602327782398635
2025-10-09 06:00:00,2025-10-09,6,68,68,10.89,5.39674054274722,0,30,7,388.69748,False,True,False,44.11764705882353,10.89,0.0,0.0,5.39674054274722
2025-10-09 07:00:00,2025-10-09,7,68,68,33.14,5.300429404453123,0,30,61,388.69748,False,True,False,44.11764705882353,33.14,20.9946,0.0,-15.694170595546876
2025-10-09 18:00:00,2025-10-09,18,68,68,10.870000000000001,5.172754249240444,0,30,5,388.69748,False,True,False,44.11764705882353,10.87,0.0,1.7763568394002505e-15,5.172754249240444
2025-10-09 19:00:00,2025-10-09,19,68,68,10.870000000000001,4.8602327782398635,0,30,5,388.69748,False,True,False,44.11764705882353,10.87,0.0,1.7763568394002505e-15,4.8602327782398635
2025-10-10 06:00:00,2025-10-10,6,68,68,10.88,5.39674054274722,0,30,6,388.69748,False,True,False,44.11764705882353,10.88,0.0,0.0,5.39674054274722
2025-10-10 07:00:00,2025-10-10,7,68,68,31.87,5.300429404453123,0,30,60,388.69748,False,True,False,44.11764705882353,31.87,16.1659,0.0,-10.865470595546878
2025-10-10 18:00:00,2025-10-10,18,68,68,10.89,5.172754249240444,0,30,6,388.69748,False,True,False,44.11764705882353,10.89,0.0,0.0,5.172754249240444
2025-10-10 19:00:00,2025-10-10,19,68,68,10.870000000000001,4.8602327782398635,0,30,5,388.69748,False,True,False,44.11764705882353,10.87,0.0,1.7763568394002505e-15,4.8602327782398635
2025-10-11 06:00:00,2025-10-11,6,68,68,10.870000000000001,5.39674054274722,0,30,5,388.69748,False,True,False,44.11764705882353,10.87,0.0,1.7763568394002505e-15,5.39674054274722
2025-10-11 07:00:00,2025-10-11,7,68,68,13.25,5.300429404453123,0,30,44,388.69748,False,True,False,44.11764705882353,13.25,12.7601,0.0,-7.459670595546877
2025-10-11 18:00:00,2025-10-11,18,68,68,10.89,5.172754249240444,0,30,7,388.69748,False,True,False,44.11764705882353,10.89,0.0,0.0,5.172754249240444
2025-10-11 19:00:00,2025-10-11,19,68,68,10.89,4.8602327782398635,0,30,7,388.69748,False,True,False,44.11764705882353,10.89,0.0,0.0,4.8602327782398635
2025-10-12 06:00:00,2025-10-12,6,68,68,10.89,5.39674054274722,0,30,7,388.69748,False,True,False,44.11764705882353,10.89,0.0,0.0,5.39674054274722
2025-10-12 07:00:00,2025-10-12,7,68,68,12.31,5.300429404453123,0,30,39,388.69748,False,True,False,44.11764705882353,12.31,10.5158,0.0,-5.215370595546878
2025-10-12 18:00:00,2025-10-12,18,68,68,10.879999999999999,5.172754249240444,0,30,6,388.69748,False,True,False,44.11764705882353,10.88,0.0,-1.7763568394002505e-15,5.172754249240444
2025-10-12 19:00:00,2025-10-12,19,68,68,10.879999999999999,4.8602327782398635,0,30,6,388.69748,False,True,False,44.11764705882353,10.88,0.0,-1.7763568394002505e-15,4.8602327782398635
2025-10-13 06:00:00,2025-10-13,6,68,68,10.879999999999999,5.39674054274722,0,30,6,388.69748,False,True,False,44.11764705882353,10.88,0.0,-1.7763568394002505e-15,5.39674054274722
2025-10-13 07:00:00,2025-10-13,7,68,68,12.04,5.300429404453123,0,30,32,388.69748,False,True,False,44.11764705882353,12.04,11.4911,0.0,-6.190670595546877
2025-10-13 18:00:00,2025-10-13,18,68,68,11.04,5.172754249240444,0,30,6,388.69748,False,True,False,44.11764705882353,11.04,0.0,0.0,5.172754249240444
2025-10-13 19:00:00,2025-10-13,19,68,68,11.04,4.8602327782398635,0,30,6,388.69748,False,True,False,44.11764705882353,11.04,0.0,0.0,4.8602327782398635
2025-10-14 06:00:00,2025-10-14,6,68,68,11.04,5.39674054274722,0,30,6,388.69748,False,True,False,44.11764705882353,11.04,0.0,0.0,5.39674054274722
2025-10-14 07:00:00,2025-10-14,7,68,68,28.01,5.300429404453123,0,30,60,388.69748,False,True,False,44.11764705882353,28.01,16.7521,0.0,-11.451670595546876
2025-10-14 18:00:00,2025-10-14,18,68,68,10.870000000000001,5.172754249240444,0,30,5,388.69748,False,True,False,44.11764705882353,10.87,0.0,1.7763568394002505e-15,5.172754249240444
2025-10-14 19:00:00,2025-10-14,19,68,68,10.870000000000001,4.8602327782398635,0,30,5,388.69748,False,True,False,44.11764705882353,10.87,0.0,1.7763568394002505e-15,4.8602327782398635
2025-10-15 06:00:00,2025-10-15,6,68,68,10.870000000000001,5.39674054274722,0,30,5,388.69748,False,True,False,44.11764705882353,10.87,0.0,1.7763568394002505e-15,5.39674054274722
2025-10-15 07:00:00,2025-10-15,7,68,68,12.339999999999998,5.300429404453123,0,30,34,388.69748,False,True,False,44.11764705882353,12.34,10.6811,-1.7763568394002505e-15,-5.380670595546878
2025-10-15 18:00:00,2025-10-15,18,68,68,10.879999999999999,5.172754249240444,0,30,6,388.69748,False,True,False,44.11764705882353,10.88,0.0,-1.7763568394002505e-15,5.172754249240444
2025-10-15 19:00:00,2025-10-15,19,68,68,10.879999999999999,4.8602327782398635,0,30,6,388.69748,False,True,False,44.11764705882353,10.88,0.0,-1.7763568394002505e-15,4.8602327782398635
2025-10-16 06:00:00,2025-10-16,6,68,68,10.879999999999999,5.39674054274722,0,30,6,388.69748,False,True,False,44.11764705882353,10.88,0.0,-1.7763568394002505e-15,5.39674054274722
2025-10-16 07:00:00,2025-10-16,7,68,68,16.54,5.300429404453123,0,30,50,388.69748,False,True,False,44.11764705882353,16.54,16.3119,0.0,-11.011470595546879
2025-10-16 18:00:00,2025-10-16,18,68,68,10.879999999999999,5.172754249240444,0,30,6,388.69748,False,True,False,44.11764705882353,10.88,0.0,-1.7763568394002505e-15,5.172754249240444
2025-10-16 19:00:00,2025-10-16,19,68,68,10.879999999999999,4.8602327782398635,0,30,6,388.69748,False,True,False,44.11764705882353,10.88,0.0,-1.7763568394002505e-15,4.8602327782398635
2025-10-17 06:00:00,2025-10-17,6,68,68,10.879999999999999,5.39674054274722,0,30,6,388.69748,False,True,False,44.11764705882353,10.88,0.0,-1.7763568394002505e-15,5.39674054274722
2025-10-17 07:00:00,2025-10-17,7,68,68,16.29,5.300429404453123,0,30,54,388.69748,False,True,False,44.11764705882353,16.29,11.8651,0.0,-6.564670595546877
2025-10-17 18:00:00,2025-10-17,18,68,68,10.879999999999999,5.172754249240444,0,30,6,388.69748,False,True,False,44.11764705882353,10.88,0.0,-1.7763568394002505e-15,5.172754249240444
2025-10-17 19:00:00,2025-10-17,19,68,68,10.879999999999999,4.8602327782398635,0,30,6,388.69748,False,True,False,44.11764705882353,10.88,0.0,-1.7763568394002505e-15,4.8602327782398635
2025-10-18 06:00:00,2025-10-18,6,68,68,10.879999999999999,5.39674054274722,0,30,6,388.69748,False,True,False,44.11764705882353,10.88,0.0,-1.7763568394002505e-15,5.39674054274722
2025-10-18 07:00:00,2025-10-18,7,68,68,13.94,5.300429404453123,0,30,48,388.69748,False,True,False,44.11764705882353,13.94,13.4283,0.0,-8.127870595546877
2025-10-18 18:00:00,2025-10-18,18,68,68,10.870000000000001,5.172754249240444,0,30,5,388.69748,False,True,False,44.11764705882353,10.87,0.0,1.7763568394002505e-15,5.172754249240444
2025-10-18 19:00:00,2025-10-18,19,68,68,10.870000000000001,4.8602327782398635,0,30,5,388.69748,False,True,False,44.11764705882353,10.87,0.0,1.7763568394002505e-15,4.8602327782398635
2025-10-19 06:00:00,2025-10-19,6,68,68,10.870000000000001,5.39674054274722,0,30,5,388.69748,False,True,False,44.11764705882353,10.87,0.0,1.7763568394002505e-15,5.39674054274722
2025-10-19 07:00:00,2025-10-19,7,68,68,20.580000000000002,5.300429404453123,0,30,59,388.69748,False,True,False,44.11764705882353,20.58,14.1946,3.552713678800501e-15,-8.894170595546877
2025-10-19 18:00:00,2025-10-19,18,68,68,10.879999999999999,5.172754249240444,0,30,6,388.69748,False,True,False,44.11764705882353,10.88,0.0,-1.7763568394002505e-15,5.172754249240444
2025-10-19 19:00:00,2025-10-19,19,68,68,10.879999999999999,4.8602327782398635,0,30,6,388.69748,False,True,False,44.11764705882353,10.88,0.0,-1.7763568394002505e-15,4.8602327782398635
2025-10-20 06:00:00,2025-10-20,6,68,68,10.879999999999999,5.39674054274722,0,30,6,388.69748,False,True,False,44.11764705882353,10.88,0.0,-1.7763568394002505e-15,5.39674054274722
2025-10-20 07:00:00,2025-10-20,7,68,68,22.59,5.300429404453123,0,30,59,388.69748,False,True,False,44.11764705882353,22.59,13.8126,0.0,-8.512170595546877
2025-10-20 18:00:00,2025-10-20,18,68,68,10.879999999999999,5.172754249240444,0,30,6,388.69748,False,True,False,44.11764705882353,10.88,0.0,-1.7763568394002505e-15,5.172754249240444
2025-10-20 19:00:00,2025-10-20,19,68,68,10.879999999999999,4.8602327782398635,0,30,6,388.69748,False,True,False,44.11764705882353,10.88,0.0,-1.7763568394002505e-15,4.8602327782398635
2025-10-21 06:00:00,2025-10-21,6,68,68,10.879999999999999,5.39674054274722,0,30,6,388.69748,False,True,False,44.11764705882353,10.88,0.0,-1.7763568394002505e-15,5.39674054274722
2025-10-21 07:00:00,2025-10-21,7,68,68,14.3,5.300429404453123,0,30,50,388.69748,False,True,False,44.11764705882353,14.3,14.1992,0.0,-8.898770595546877
2025-10-21 18:00:00,2025-10-21,18,68,68,10.9,5.172754249240444,0,30,6,388.69748,False,True,False,44.11764705882353,10.9,0.0,0.0,5.172754249240444
2025-10-21 19:00:00,2025-10-21,19,68,68,10.870000000000001,4.8602327782398635,0,30,5,388.69748,False,True,False,44.11764705882353,10.87,0.0,1.7763568394002505e-15,4.8602327782398635
2025-10-22 06:00:00,2025-10-22,6,68,68,10.870000000000001,5.39674054274722,0,30,5,388.69748,False,True,False,44.11764705882353,10.87,0.0,1.7763568394002505e-15,5.39674054274722
2025-10-22 07:00:00,2025-10-22,7,68,68,29.03,5.300429404453123,0,30,60,388.69748,False,True,False,44.11764705882353,29.03,18.2379,0.0,-12.937470595546877
2025-10-22 18:00:00,2025-10-22,18,68,68,10.9,5.172754249240444,0,30,8,388.69748,False,True,False,44.11764705882353,10.9,0.0,0.0,5.172754249240444
2025-10-22 19:00:00,2025-10-22,19,68,68,10.89,4.8602327782398635,0,30,7,388.69748,False,True,False,44.11764705882353,10.89,0.0,0.0,4.8602327782398635
2025-10-23 06:00:00,2025-10-23,6,68,68,10.89,5.39674054274722,0,30,7,388.69748,False,True,False,44.11764705882353,10.89,0.0,0.0,5.39674054274722
2025-10-23 07:00:00,2025-10-23,7,68,68,29.62,5.300429404453123,0,30,61,388.69748,False,True,False,44.11764705882353,29.62,17.7054,0.0,-12.404970595546878
2025-10-23 18:00:00,2025-10-23,18,68,68,10.879999999999999,5.172754249240444,0,30,6,388.69748,False,True,False,44.11764705882353,10.88,0.0,-1.7763568394002505e-15,5.172754249240444
2025-10-23 19:00:00,2025-10-23,19,68,68,10.879999999999999,4.8602327782398635,0,30,6,388.69748,False,True,False,44.11764705882353,10.88,0.0,-1.7763568394002505e-15,4.8602327782398635
2025-10-24 06:00:00,2025-10-24,6,68,68,10.879999999999999,5.39674054274722,0,30,6,388.69748,False,True,False,44.11764705882353,10.88,0.0,-1.7763568394002505e-15,5.39674054274722
2025-10-24 07:00:00,2025-10-24,7,68,68,28.14,5.300429404453123,0,30,61,388.69748,False,True,False,44.11764705882353,28.14,16.5512,0.0,-11.250770595546879
2025-10-24 18:00:00,2025-10-24,18,68,68,10.870000000000001,5.172754249240444,0,30,5,388.69748,False,True,False,44.11764705882353,10.87,0.0,1.7763568394002505e-15,5.172754249240444
2025-10-24 19:00:00,2025-10-24,19,68,68,10.870000000000001,4.8602327782398635,0,30,5,388.69748,False,True,False,44.11764705882353,10.87,0.0,1.7763568394002505e-15,4.8602327782398635
2025-10-25 06:00:00,2025-10-25,6,68,68,10.870000000000001,5.39674054274722,0,30,5,388.69748,False,True,False,44.11764705882353,10.87,0.0,1.7763568394002505e-15,5.39674054274722
2025-10-25 07:00:00,2025-10-25,7,68,68,17.34,5.300429404453123,0,30,53,388.69748,False,True,False,44.11764705882353,17.34,12.5868,0.0,-7.286370595546877
2025-10-25 18:00:00,2025-10-25,18,68,68,10.93,5.172754249240444,0,30,6,388.69748,False,True,False,44.11764705882353,10.93,0.0,0.0,5.172754249240444
2025-10-25 19:00:00,2025-10-25,19,68,68,10.870000000000001,4.8602327782398635,0,30,5,388.69748,False,True,False,44.11764705882353,10.87,0.0,1.7763568394002505e-15,4.8602327782398635
2025-10-26 06:00:00,2025-10-26,6,68,68,10.870000000000001,5.39674054274722,0,30,5,388.69748,False,True,False,44.11764705882353,10.87,0.0,1.7763568394002505e-15,5.39674054274722
2025-10-26 07:00:00,2025-10-26,7,68,68,16.45,5.300429404453123,0,30,55,388.69748,False,True,False,44.11764705882353,16.45,13.4382,0.0,-8.137770595546877
2025-10-26 18:00:00,2025-10-26,18,68,68,14.05,5.172754249240444,0,30,6,388.69748,False,True,False,44.11764705882353,14.05,0.0,0.0,5.172754249240444
2025-10-26 19:00:00,2025-10-26,19,68,68,10.870000000000001,4.8602327782398635,0,30,5,388.69748,False,True,False,44.11764705882353,10.87,0.0,1.7763568394002505e-15,4.8602327782398635
2025-10-27 06:00:00,2025-10-27,6,68,68,10.870000000000001,5.39674054274722,0,30,5,388.69748,False,True,False,44.11764705882353,10.87,0.0,1.7763568394002505e-15,5.39674054274722
2025-10-27 07:00:00,2025-10-27,7,68,68,26.81,5.300429404453123,0,30,61,388.69748,False,True,False,44.11764705882353,26.81,17.349,0.0,-12.048570595546877
2025-10-27 18:00:00,2025-10-27,18,68,68,10.89,5.172754249240444,0,30,7,388.69748,False,True,False,44.11764705882353,10.89,0.0,0.0,5.172754249240444
2025-10-27 19:00:00,2025-10-27,19,68,68,10.89,4.8602327782398635,0,30,7,388.69748,False,True,False,44.11764705882353,10.89,0.0,0.0,4.8602327782398635
2025-10-28 06:00:00,2025-10-28,6,68,68,10.89,5.39674054274722,0,30,7,388.69748,False,True,False,44.11764705882353,10.89,0.0,0.0,5.39674054274722
2025-10-28 07:00:00,2025-10-28,7,68,68,24.55,5.300429404453123,0,30,61,388.69748,False,True,False,44.11764705882353,24.55,16.2638,0.0,-10.963370595546877
2025-10-28 18:00:00,2025-10-28,18,68,68,10.95,5.172754249240444,0,30,6,388.69748,False,True,False,44.11764705882353,10.95,0.0,0.0,5.172754249240444
2025-10-28 19:00:00,2025-10-28,19,68,68,10.95,4.8602327782398635,0,30,6,388.69748,False,True,False,44.11764705882353,10.95,0.0,0.0,4.8602327782398635
2025-10-29 06:00:00,2025-10-29,6,68,68,10.95,5.39674054274722,0,30,6,388.69748,False,True,False,44.11764705882353,10.95,0.0,0.0,5.39674054274722
2025-10-29 07:00:00,2025-10-29,7,68,68,25.3,5.300429404453123,0,30,61,388.69748,False,True,False,44.11764705882353,25.3,14.6147,0.0,-9.314270595546876
2025-10-29 18:00:00,2025-10-29,18,68,68,10.96,5.172754249240444,0,30,7,388.69748,False,True,False,44.11764705882353,10.96,0.0,0.0,5.172754249240444
2025-10-29 19:00:00,2025-10-29,19,68,68,10.96,4.8602327782398635,0,30,7,388.69748,False,True,False,44.11764705882353,10.96,0.0,0.0,4.8602327782398635
2025-10-30 06:00:00,2025-10-30,6,68,68,10.96,5.39674054274722,0,30,7,388.69748,False,True,False,44.11764705882353,10.96,0.0,0.0,5.39674054274722
2025-10-30 07:00:00,2025-10-30,7,68,68,12.21,5.300429404453123,0,30,41,388.69748,False,True,False,44.11764705882353,12.21,11.6257,0.0,-6.325270595546877
2025-10-30 18:00:00,2025-10-30,18,68,68,11.3,5.172754249240444,0,30,8,388.69748,False,True,False,44.11764705882353,11.3,0.0,0.0,5.172754249240444
2025-10-30 19:00:00,2025-10-30,19,68,68,11.05,4.8602327782398635,0,30,7,388.69748,False,True,False,44.11764705882353,11.05,0.0,0.0,4.8602327782398635
2025-10-31 06:00:00,2025-10-31,6,68,68,11.05,5.39674054274722,0,30,7,388.69748,False,True,False,44.11764705882353,11.05,0.0,0.0,5.39674054274722
2025-10-31 07:00:00,2025-10-31,7,68,68,18.44,5.300429404453123,0,30,56,388.69748,False,True,False,44.11764705882353,18.44,12.0153,0.0,-6.714870595546877
2025-10-31 18:00:00,2025-10-31,18,68,68,11.09,5.172754249240444,0,30,10,388.69748,False,True,False,44.11764705882353,11.09,0.0,0.0,5.172754249240444
2025-10-31 19:00:00,2025-10-31,19,68,68,11.06,4.8602327782398635,0,30,8,388.69748,False,True,False,44.11764705882353,11.06,0.0,0.0,4.8602327782398635
2025-11-01 06:00:00,2025-11-01,6,68,68,11.06,5.39674054274722,0,30,8,388.69748,False,True,False,44.11764705882353,11.06,0.0,0.0,5.39674054274722
2025-11-01 07:00:00,2025-11-01,7,68,68,14.17,5.300429404453123,0,30,49,388.69748,False,True,False,44.11764705882353,14.17,11.0849,0.0,-5.7844705955468765
2025-11-01 18:00:00,2025-11-01,18,68,68,11.059999999999999,5.172754249240444,0,30,8,388.69748,False,True,False,44.11764705882353,11.06,0.0,-1.7763568394002505e-15,5.172754249240444
2025-11-01 19:00:00,2025-11-01,19,68,68,11.059999999999999,4.8602327782398635,0,30,8,388.69748,False,True,False,44.11764705882353,11.06,0.0,-1.7763568394002505e-15,4.8602327782398635
2025-11-02 06:00:00,2025-11-02,6,68,68,11.059999999999999,5.39674054274722,0,30,8,388.69748,False,True,False,44.11764705882353,11.06,0.0,-1.7763568394002505e-15,5.39674054274722
2025-11-02 07:00:00,2025-11-02,7,68,68,21.55,5.300429404453123,0,30,61,388.69748,False,True,False,44.11764705882353,21.55,11.7513,0.0,-6.450870595546878
2025-11-02 18:00:00,2025-11-02,18,68,68,11.07,5.172754249240444,0,30,9,388.69748,False,True,False,44.11764705882353,11.07,0.0,0.0,5.172754249240444
2025-11-02 19:00:00,2025-11-02,19,68,68,11.07,4.8602327782398635,0,30,9,388.69748,False,True,False,44.11764705882353,11.07,0.0,0.0,4.8602327782398635
2025-11-03 06:00:00,2025-11-03,6,68,68,11.07,5.39674054274722,0,30,9,388.69748,False,True,False,44.11764705882353,11.07,0.0,0.0,5.39674054274722
2025-11-03 07:00:00,2025-11-03,7,68,68,23.24,5.300429404453123,0,30,61,388.69748,False,True,False,44.11764705882353,23.24,11.359,0.0,-6.058570595546877
2025-11-03 18:00:00,2025-11-03,18,68,68,11.24,5.172754249240444,0,30,8,388.69748,False,True,False,44.11764705882353,11.24,0.0,0.0,5.172754249240444
2025-11-03 19:00:00,2025-11-03,19,68,68,11.24,4.8602327782398635,0,30,8,388.69748,False,True,False,44.11764705882353,11.24,0.0,0.0,4.8602327782398635
2025-11-04 06:00:00,2025-11-04,6,68,68,11.24,5.39674054274722,0,30,8,388.69748,False,True,False,44.11764705882353,11.24,0.0,0.0,5.39674054274722
2025-11-04 07:00:00,2025-11-04,7,68,68,18.3,5.300429404453123,0,30,57,388.69748,False,True,False,44.11764705882353,18.3,9.9826,0.0,-4.682170595546877
2025-11-04 18:00:00,2025-11-04,18,68,68,11.15,5.172754249240444,0,30,8,388.69748,False,True,False,44.11764705882353,11.15,0.0,0.0,5.172754249240444
2025-11-04 19:00:00,2025-11-04,19,68,68,11.15,4.8602327782398635,0,30,8,388.69748,False,True,False,44.11764705882353,11.15,0.0,0.0,4.8602327782398635
2025-11-05 06:00:00,2025-11-05,6,68,68,11.15,5.39674054274722,0,30,8,388.69748,False,True,False,44.11764705882353,11.15,0.0,0.0,5.39674054274722
2025-11-05 07:00:00,2025-11-05,7,68,68,21.4,5.300429404453123,0,30,61,388.69748,False,True,False,44.11764705882353,21.4,10.6234,0.0,-5.322970595546877
2025-11-05 18:00:00,2025-11-05,18,68,68,11.23,5.172754249240444,0,30,8,388.69748,False,True,False,44.11764705882353,11.23,0.0,0.0,5.172754249240444
2025-11-05 19:00:00,2025-11-05,19,68,68,11.23,4.8602327782398635,0,30,8,388.69748,False,True,False,44.11764705882353,11.23,0.0,0.0,4.8602327782398635
2025-11-06 06:00:00,2025-11-06,6,68,68,11.14,5.39674054274722,0,30,7,388.69748,False,True,False,44.11764705882353,11.14,0.0,0.0,5.39674054274722
2025-11-06 07:00:00,2025-11-06,7,68,68,17.34,5.300429404453123,0,30,55,388.69748,False,True,False,44.11764705882353,17.34,6.8244,0.0,-1.523970595546877
2025-11-06 18:00:00,2025-11-06,18,68,68,12.09,5.172754249240444,0,30,8,388.69748,False,True,False,44.11764705882353,12.09,0.0,0.0,5.172754249240444
2025-11-06 19:00:00,2025-11-06,19,68,68,12.09,4.8602327782398635,0,30,8,388.69748,False,True,False,44.11764705882353,12.09,0.0,0.0,4.8602327782398635
2025-11-07 06:00:00,2025-11-07,6,68,68,12.09,5.39674054274722,0,30,8,388.69748,False,True,False,44.11764705882353,12.09,0.0,0.0,5.39674054274722
2025-11-07 07:00:00,2025-11-07,7,68,68,17.919999999999998,5.300429404453123,0,30,56,388.69748,False,True,False,44.11764705882353,17.92,4.7962,-3.552713678800501e-15,0.504229404453123
2025-11-07 18:00:00,2025-11-07,18,68,68,11.940000000000001,5.172754249240444,0,30,7,388.69748,False,True,False,44.11764705882353,11.94,0.0,1.7763568394002505e-15,5.172754249240444
2025-11-07 19:00:00,2025-11-07,19,68,68,11.940000000000001,4.8602327782398635,0,30,7,388.69748,False,True,False,44.11764705882353,11.94,0.0,1.7763568394002505e-15,4.8602327782398635
2025-11-08 06:00:00,2025-11-08,6,68,68,11.940000000000001,5.39674054274722,0,30,7,388.69748,False,True,False,44.11764705882353,11.94,0.0,1.7763568394002505e-15,5.39674054274722
2025-11-08 07:00:00,2025-11-08,7,68,68,12.16,5.300429404453123,0,30,20,388.69748,False,True,False,44.11764705882353,12.16,4.2327,0.0,1.0677294044531225
2025-11-08 18:00:00,2025-11-08,18,68,68,11.95,5.172754249240444,0,30,8,388.69748,False,True,False,44.11764705882353,11.95,0.0,0.0,5.172754249240444
2025-11-08 19:00:00,2025-11-08,19,68,68,11.95,4.8602327782398635,0,30,8,388.69748,False,True,False,44.11764705882353,11.95,0.0,0.0,4.8602327782398635
2025-11-09 06:00:00,2025-11-09,6,68,68,12.3,5.39674054274722,0,30,9,388.69748,False,True,False,44.11764705882353,12.3,0.0,0.0,5.39674054274722
2025-11-09 07:00:00,2025-11-09,7,68,68,17.53,5.300429404453123,0,30,56,388.69748,False,True,False,44.11764705882353,17.53,9.6655,0.0,-4.365070595546877
2025-11-09 18:00:00,2025-11-09,18,68,68,11.95,5.172754249240444,0,30,8,388.69748,False,True,False,44.11764705882353,11.95,0.0,0.0,5.172754249240444
2025-11-09 19:00:00,2025-11-09,19,68,68,11.95,4.8602327782398635,0,30,8,388.69748,False,True,False,44.11764705882353,11.95,0.0,0.0,4.8602327782398635
2025-11-10 06:00:00,2025-11-10,6,68,68,11.95,5.39674054274722,0,30,8,388.69748,False,True,False,44.11764705882353,11.95,0.0,0.0,5.39674054274722
2025-11-10 07:00:00,2025-11-10,7,68,68,19.74,5.300429404453123,0,30,58,388.69748,False,True,False,44.11764705882353,19.74,9.9579,0.0,-4.657470595546878
2025-11-10 18:00:00,2025-11-10,18,68,68,12.99,5.172754249240444,0,30,8,388.69748,False,True,False,44.11764705882353,12.99,0.0,0.0,5.172754249240444
2025-11-10 19:00:00,2025-11-10,19,68,68,10.96,4.8602327782398635,0,30,7,388.69748,False,True,False,44.11764705882353,10.96,0.0,0.0,4.8602327782398635
2025-11-11 06:00:00,2025-11-11,6,68,68,10.96,5.39674054274722,0,30,7,388.69748,False,True,False,44.11764705882353,10.96,0.0,0.0,5.39674054274722
2025-11-11 07:00:00,2025-11-11,7,68,68,15.309999999999999,5.300429404453123,0,30,53,388.69748,False,True,False,44.11764705882353,15.31,8.9889,-1.7763568394002505e-15,-3.6884705955468764
2025-11-11 18:00:00,2025-11-11,18,68,68,10.96,5.172754249240444,0,30,7,388.69748,False,True,False,44.11764705882353,10.96,0.0,0.0,5.172754249240444
2025-11-11 19:00:00,2025-11-11,19,68,68,10.96,4.8602327782398635,0,30,7,388.69748,False,True,False,44.11764705882353,10.96,0.0,0.0,4.8602327782398635
2025-11-12 06:00:00,2025-11-12,6,68,68,10.96,5.39674054274722,0,30,7,388.69748,False,True,False,44.11764705882353,10.96,0.0,0.0,5.39674054274722
2025-11-12 07:00:00,2025-11-12,7,68,68,17.23,5.300429404453123,0,30,54,388.69748,False,True,False,44.11764705882353,17.23,9.4718,0.0,-4.171370595546877
2025-11-12 18:00:00,2025-11-12,18,68,68,10.95,5.172754249240444,0,30,6,388.69748,False,True,False,44.11764705882353,10.95,0.0,0.0,5.172754249240444
2025-11-12 19:00:00,2025-11-12,19,68,68,10.95,4.8602327782398635,0,30,6,388.69748,False,True,False,44.11764705882353,10.95,0.0,0.0,4.8602327782398635
2025-11-13 06:00:00,2025-11-13,6,68,68,10.95,5.39674054274722,0,30,6,388.69748,False,True,False,44.11764705882353,10.95,0.0,0.0,5.39674054274722
2025-11-13 07:00:00,2025-11-13,7,68,68,14.05,5.300429404453123,0,30,48,388.69748,False,True,False,44.11764705882353,14.05,9.0511,0.0,-3.750670595546877
2025-11-13 18:00:00,2025-11-13,18,68,68,10.96,5.172754249240444,0,30,7,388.69748,False,True,False,44.11764705882353,10.96,0.0,0.0,5.172754249240444
2025-11-13 19:00:00,2025-11-13,19,68,68,10.96,4.8602327782398635,0,30,7,388.69748,False,True,False,44.11764705882353,10.96,0.0,0.0,4.8602327782398635
2025-11-14 06:00:00,2025-11-14,6,68,68,10.96,5.39674054274722,0,30,7,388.69748,False,True,False,44.11764705882353,10.96,0.0,0.0,5.39674054274722
2025-11-14 07:00:00,2025-11-14,7,68,68,14.69,5.300429404453123,0,30,52,388.69748,False,True,False,44.11764705882353,14.69,8.7127,0.0,-3.412270595546877
2025-11-14 18:00:00,2025-11-14,18,68,68,10.95,5.172754249240444,0,30,6,388.69748,False,True,False,44.11764705882353,10.95,0.0,0.0,5.172754249240444
2025-11-14 19:00:00,2025-11-14,19,68,68,10.95,4.8602327782398635,0,30,6,388.69748,False,True,False,44.11764705882353,10.95,0.0,0.0,4.8602327782398635
2025-11-15 06:00:00,2025-11-15,6,68,68,10.95,5.39674054274722,0,30,6,388.69748,False,True,False,44.11764705882353,10.95,0.0,0.0,5.39674054274722
2025-11-15 07:00:00,2025-11-15,7,68,68,16.33,5.300429404453123,0,30,53,388.69748,False,True,False,44.11764705882353,16.33,7.2024,0.0,-1.901970595546877
2025-11-15 18:00:00,2025-11-15,18,68,68,10.95,5.172754249240444,0,30,6,388.69748,False,True,False,44.11764705882353,10.95,0.0,0.0,5.172754249240444
2025-11-15 19:00:00,2025-11-15,19,68,68,10.95,4.8602327782398635,0,30,6,388.69748,False,True,False,44.11764705882353,10.95,0.0,0.0,4.8602327782398635
2025-11-16 06:00:00,2025-11-16,6,68,68,10.95,5.39674054274722,0,30,6,388.69748,False,True,False,44.11764705882353,10.95,0.0,0.0,5.39674054274722
2025-11-16 07:00:00,2025-11-16,7,68,68,15.23,5.300429404453123,0,30,51,388.69748,False,True,False,44.11764705882353,15.23,8.4321,0.0,-3.1316705955468773
2025-11-16 18:00:00,2025-11-16,18,68,68,10.95,5.172754249240444,0,30,6,388.69748,False,True,False,44.11764705882353,10.95,0.0,0.0,5.172754249240444
2025-11-16 19:00:00,2025-11-16,19,68,68,10.95,4.8602327782398635,0,30,6,388.69748,False,True,False,44.11764705882353,10.95,0.0,0.0,4.8602327782398635
2025-11-17 06:00:00,2025-11-17,6,68,68,10.95,5.39674054274722,0,30,6,388.69748,False,True,False,44.11764705882353,10.95,0.0,0.0,5.39674054274722
2025-11-17 07:00:00,2025-11-17,7,68,68,11.889999999999999,5.300429404453123,0,30,38,388.69748,False,True,False,44.11764705882353,11.89,6.4176,-1.7763568394002505e-15,-1.1171705955468774
2025-11-17 18:00:00,2025-11-17,18,68,68,10.969999999999999,5.172754249240444,0,30,8,388.69748,False,True,False,44.11764705882353,10.97,0.0,-1.7763568394002505e-15,5.172754249240444
2025-11-17 19:00:00,2025-11-17,19,68,68,10.969999999999999,4.8602327782398635,0,30,8,388.69748,False,True,False,44.11764705882353,10.97,0.0,-1.7763568394002505e-15,4.8602327782398635
2025-11-18 06:00:00,2025-11-18,6,68,68,10.969999999999999,5.39674054274722,0,30,8,388.69748,False,True,False,44.11764705882353,10.97,0.0,-1.7763568394002505e-15,5.39674054274722
2025-11-18 07:00:00,2025-11-18,7,68,68,15.44,5.300429404453123,0,30,54,388.69748,False,True,False,44.11764705882353,15.44,9.3226,0.0,-4.022170595546877
2025-11-18 18:00:00,2025-11-18,18,68,68,10.969999999999999,5.172754249240444,0,30,8,388.69748,False,True,False,44.11764705882353,10.97,0.0,-1.7763568394002505e-15,5.172754249240444
2025-11-18 19:00:00,2025-11-18,19,68,68,10.969999999999999,4.8602327782398635,0,30,8,388.69748,False,True,False,44.11764705882353,10.97,0.0,-1.7763568394002505e-15,4.8602327782398635
2025-11-19 06:00:00,2025-11-19,6,68,68,10.969999999999999,5.39674054274722,0,30,8,388.69748,False,True,False,44.11764705882353,10.97,0.0,-1.7763568394002505e-15,5.39674054274722
2025-11-19 07:00:00,2025-11-19,7,68,68,14.89,5.300429404453123,0,30,53,388.69748,False,True,False,44.11764705882353,14.89,9.1868,0.0,-3.886370595546877
2025-11-19 18:00:00,2025-11-19,18,68,68,10.96,5.172754249240444,0,30,7,388.69748,False,True,False,44.11764705882353,10.96,0.0,0.0,5.172754249240444
2025-11-19 19:00:00,2025-11-19,19,68,68,10.96,4.8602327782398635,0,30,7,388.69748,False,True,False,44.11764705882353,10.96,0.0,0.0,4.8602327782398635
2025-11-20 06:00:00,2025-11-20,6,68,68,10.96,5.39674054274722,0,30,7,388.69748,False,True,False,44.11764705882353,10.96,0.0,0.0,5.39674054274722
2025-11-20 07:00:00,2025-11-20,7,68,68,15.27,5.300429404453123,0,30,51,388.69748,False,True,False,44.11764705882353,15.27,9.099,0.0,-3.7985705955468774
2025-11-20 18:00:00,2025-11-20,18,68,68,10.96,5.172754249240444,0,30,7,388.69748,False,True,False,44.11764705882353,10.96,0.0,0.0,5.172754249240444
2025-11-20 19:00:00,2025-11-20,19,68,68,10.96,4.8602327782398635,0,30,7,388.69748,False,True,False,44.11764705882353,10.96,0.0,0.0,4.8602327782398635
2025-11-21 06:00:00,2025-11-21,6,68,68,10.96,5.39674054274722,0,30,7,388.69748,False,True,False,44.11764705882353,10.96,0.0,0.0,5.39674054274722
2025-11-21 07:00:00,2025-11-21,7,68,68,13.78,5.300429404453123,0,30,50,388.69748,False,True,False,44.11764705882353,13.78,9.3064,0.0,-4.005970595546877
2025-11-21 18:00:00,2025-11-21,18,68,68,16.13,5.172754249240444,0,30,10,388.69748,False,True,False,44.11764705882353,16.13,0.0,0.0,5.172754249240444
2025-11-21 19:00:00,2025-11-21,19,68,68,10.98,4.8602327782398635,0,30,9,388.69748,False,True,False,44.11764705882353,10.98,0.0,0.0,4.8602327782398635
2025-11-22 06:00:00,2025-11-22,6,68,68,10.969999999999999,5.39674054274722,0,30,8,388.69748,False,True,False,44.11764705882353,10.97,0.0,-1.7763568394002505e-15,5.39674054274722
2025-11-22 07:00:00,2025-11-22,7,68,68,18.69,5.300429404453123,0,30,51,388.69748,False,True,False,44.11764705882353,18.69,9.3573,0.0,-4.056870595546878
2025-11-22 18:00:00,2025-11-22,18,68,68,11.29,5.172754249240444,0,30,8,388.69748,False,True,False,44.11764705882353,11.29,0.0,0.0,5.172754249240444
2025-11-22 19:00:00,2025-11-22,19,68,68,10.96,4.8602327782398635,0,30,7,388.69748,False,True,False,44.11764705882353,10.96,0.0,0.0,4.8602327782398635
2025-11-23 06:00:00,2025-11-23,6,68,68,10.96,5.39674054274722,0,30,7,388.69748,False,True,False,44.11764705882353,10.96,0.0,0.0,5.39674054274722
2025-11-23 07:00:00,2025-11-23,7,68,68,12.07,5.300429404453123,0,30,35,388.69748,False,True,False,44.11764705882353,12.07,5.1626,0.0,0.13782940445312253
2025-11-23 18:00:00,2025-11-23,18,68,68,10.96,5.172754249240444,0,30,7,388.69748,False,True,False,44.11764705882353,10.96,0.0,0.0,5.172754249240444
2025-11-23 19:00:00,2025-11-23,19,68,68,10.96,4.8602327782398635,0,30,7,388.69748,False,True,False,44.11764705882353,10.96,0.0,0.0,4.8602327782398635
2025-11-24 06:00:00,2025-11-24,6,68,68,10.96,5.39674054274722,0,30,7,388.69748,False,True,False,44.11764705882353,10.96,0.0,0.0,5.39674054274722
2025-11-24 07:00:00,2025-11-24,7,68,68,13.57,5.300429404453123,0,30,48,388.69748,False,True,False,44.11764705882353,13.57,8.6017,0.0,-3.3012705955468764
2025-11-24 18:00:00,2025-11-24,18,68,68,11.59,5.172754249240444,0,30,9,388.69748,False,True,False,44.11764705882353,11.59,0.0,0.0,5.172754249240444
2025-11-24 19:00:00,2025-11-24,19,68,68,11.59,4.8602327782398635,0,30,9,388.69748,False,True,False,44.11764705882353,11.59,0.0,0.0,4.8602327782398635
2025-11-25 06:00:00,2025-11-25,6,68,68,10.969999999999999,5.39674054274722,0,30,8,388.69748,False,True,False,44.11764705882353,10.97,0.0,-1.7763568394002505e-15,5.39674054274722
2025-11-25 07:00:00,2025-11-25,7,68,68,13.08,5.300429404453123,0,30,47,388.69748,False,True,False,44.11764705882353,13.08,8.7534,0.0,-3.4529705955468764
2025-11-25 18:00:00,2025-11-25,18,68,68,11.16,5.172754249240444,0,30,8,388.69748,False,True,False,44.11764705882353,11.16,0.0,0.0,5.172754249240444
2025-11-25 19:00:00,2025-11-25,19,68,68,10.96,4.8602327782398635,0,30,7,388.69748,False,True,False,44.11764705882353,10.96,0.0,0.0,4.8602327782398635
2025-11-26 06:00:00,2025-11-26,6,68,68,10.96,5.39674054274722,0,30,7,388.69748,False,True,False,44.11764705882353,10.96,0.0,0.0,5.39674054274722
2025-11-26 07:00:00,2025-11-26,7,68,68,13.299999999999999,5.300429404453123,0,30,49,388.69748,False,True,False,44.11764705882353,13.3,8.3811,-1.7763568394002505e-15,-3.080670595546877
2025-11-26 18:00:00,2025-11-26,18,68,68,10.96,5.172754249240444,0,30,7,388.69748,False,True,False,44.11764705882353,10.96,0.0,0.0,5.172754249240444
2025-11-26 19:00:00,2025-11-26,19,68,68,10.96,4.8602327782398635,0,30,7,388.69748,False,True,False,44.11764705882353,10.96,0.0,0.0,4.8602327782398635
2025-11-27 06:00:00,2025-11-27,6,68,68,10.96,5.39674054274722,0,30,7,388.69748,False,True,False,44.11764705882353,10.96,0.0,0.0,5.39674054274722
2025-11-27 07:00:00,2025-11-27,7,68,68,12.299999999999999,5.300429404453123,0,30,41,388.69748,False,True,False,44.11764705882353,12.3,8.0746,-1.7763568394002505e-15,-2.7741705955468774
2025-11-27 18:00:00,2025-11-27,18,68,68,12.14,5.172754249240444,0,30,7,388.69748,False,True,False,44.11764705882353,12.14,0.0,0.0,5.172754249240444
2025-11-27 19:00:00,2025-11-27,19,68,68,12.14,4.8602327782398635,0,30,7,388.69748,False,True,False,44.11764705882353,12.14,0.0,0.0,4.8602327782398635
2025-11-28 06:00:00,2025-11-28,6,68,68,12.14,5.39674054274722,0,30,7,388.69748,False,True,False,44.11764705882353,12.14,0.0,0.0,5.39674054274722
2025-11-28 07:00:00,2025-11-28,7,68,68,13.4,5.300429404453123,0,30,41,388.69748,False,True,False,44.11764705882353,13.4,7.9369,0.0,-2.636470595546877
2025-11-28 18:00:00,2025-11-28,18,68,68,10.96,5.172754249240444,0,30,7,388.69748,False,True,False,44.11764705882353,10.96,0.0,0.0,5.172754249240444
2025-11-28 19:00:00,2025-11-28,19,68,68,10.96,4.8602327782398635,0,30,7,388.69748,False,True,False,44.11764705882353,10.96,0.0,0.0,4.8602327782398635
2025-11-29 06:00:00,2025-11-29,6,68,68,10.96,5.39674054274722,0,30,7,388.69748,False,True,False,44.11764705882353,10.96,0.0,0.0,5.39674054274722
2025-11-29 07:00:00,2025-11-29,7,68,68,12.03,5.300429404453123,0,30,40,388.69748,False,True,False,44.11764705882353,12.03,7.7767,0.0,-2.476270595546877
2025-11-29 18:00:00,2025-11-29,18,68,68,7.12,5.172754249240444,0,30,7,388.69748,False,True,False,44.11764705882353,7.12,0.0,0.0,5.172754249240444
2025-11-29 19:00:00,2025-11-29,19,68,68,7.12,4.8602327782398635,0,30,7,388.69748,False,True,False,44.11764705882353,7.12,0.0,0.0,4.8602327782398635
2025-11-30 06:00:00,2025-11-30,6,68,68,6.53,5.39674054274722,0,30,6,388.69748,False,True,False,44.11764705882353,6.53,0.0,0.0,5.39674054274722
2025-11-30 07:00:00,2025-11-30,7,68,68,7.84,5.300429404453123,0,30,40,388.69748,False,True,False,44.11764705882353,7.84,7.9877,0.0,-2.6872705955468774
2025-11-30 18:00:00,2025-11-30,18,68,68,6.880000000000001,5.172754249240444,0,30,7,388.69748,False,True,False,44.11764705882353,6.88,0.0,8.881784197001252e-16,5.172754249240444
2025-11-30 19:00:00,2025-11-30,19,68,68,6.880000000000001,4.8602327782398635,0,30,7,388.69748,False,True,False,44.11764705882353,6.88,0.0,8.881784197001252e-16,4.8602327782398635
2025-12-01 06:00:00,2025-12-01,6,68,68,6.53,5.39674054274722,0,30,6,388.69748,False,True,False,44.11764705882353,6.53,0.0,0.0,5.39674054274722
2025-12-01 07:00:00,2025-12-01,7,68,68,7.26,5.300429404453123,0,30,31,388.69748,False,True,False,44.11764705882353,7.26,6.8609,0.0,-1.5604705955468772
2025-12-01 18:00:00,2025-12-01,18,68,68,6.7700000000000005,5.172754249240444,0,30,7,388.69748,False,True,False,44.11764705882353,6.77,0.0,8.881784197001252e-16,5.172754249240444
2025-12-01 19:00:00,2025-12-01,19,68,68,6.7700000000000005,4.8602327782398635,0,30,7,388.69748,False,True,False,44.11764705882353,6.77,0.0,8.881784197001252e-16,4.8602327782398635
2025-12-02 06:00:00,2025-12-02,6,68,68,7.720000000000001,5.39674054274722,0,30,7,388.69748,False,True,False,44.11764705882353,7.72,0.0,8.881784197001252e-16,5.39674054274722
2025-12-02 07:00:00,2025-12-02,7,68,68,7.83,5.300429404453123,0,30,18,388.69748,False,True,False,44.11764705882353,7.83,4.2929,0.0,1.0075294044531224
2025-12-02 18:00:00,2025-12-02,18,68,68,7.710000000000001,5.172754249240444,0,30,6,388.69748,False,True,False,44.11764705882353,7.71,0.0,8.881784197001252e-16,5.172754249240444
2025-12-02 19:00:00,2025-12-02,19,68,68,7.710000000000001,4.8602327782398635,0,30,6,388.69748,False,True,False,44.11764705882353,7.71,0.0,8.881784197001252e-16,4.8602327782398635
2025-12-03 06:00:00,2025-12-03,6,68,68,7.710000000000001,5.39674054274722,0,30,6,388.69748,False,True,False,44.11764705882353,7.71,0.0,8.881784197001252e-16,5.39674054274722
2025-12-03 07:00:00,2025-12-03,7,68,68,8.36,5.300429404453123,0,30,28,388.69748,False,True,False,44.11764705882353,8.36,7.0213,0.0,-1.7208705955468773
2025-12-03 18:00:00,2025-12-03,18,68,68,7.710000000000001,5.172754249240444,0,30,6,388.69748,False,True,False,44.11764705882353,7.71,0.0,8.881784197001252e-16,5.172754249240444
2025-12-03 19:00:00,2025-12-03,19,68,68,7.710000000000001,4.8602327782398635,0,30,6,388.69748,False,True,False,44.11764705882353,7.71,0.0,8.881784197001252e-16,4.8602327782398635
2025-12-04 06:00:00,2025-12-04,6,68,68,7.710000000000001,5.39674054274722,0,30,6,388.69748,False,True,False,44.11764705882353,7.71,0.0,8.881784197001252e-16,5.39674054274722
2025-12-04 07:00:00,2025-12-04,7,68,68,8.31,5.300429404453123,0,30,28,388.69748,False,True,False,44.11764705882353,8.31,6.3557,0.0,-1.0552705955468769
2025-12-04 18:00:00,2025-12-04,18,68,68,7.720000000000001,5.172754249240444,0,30,7,388.69748,False,True,False,44.11764705882353,7.72,0.0,8.881784197001252e-16,5.172754249240444
2025-12-04 19:00:00,2025-12-04,19,68,68,7.720000000000001,4.8602327782398635,0,30,7,388.69748,False,True,False,44.11764705882353,7.72,0.0,8.881784197001252e-16,4.8602327782398635
2025-12-05 06:00:00,2025-12-05,6,68,68,7.720000000000001,5.39674054274722,0,30,7,388.69748,False,True,False,44.11764705882353,7.72,0.0,8.881784197001252e-16,5.39674054274722
2025-12-05 07:00:00,2025-12-05,7,68,68,8.280000000000001,5.300429404453123,0,30,29,388.69748,False,True,False,44.11764705882353,8.28,6.162,1.7763568394002505e-15,-0.8615705955468771
2025-12-05 18:00:00,2025-12-05,18,68,68,7.710000000000001,5.172754249240444,0,30,6,388.69748,False,True,False,44.11764705882353,7.71,0.0,8.881784197001252e-16,5.172754249240444
2025-12-05 19:00:00,2025-12-05,19,68,68,7.710000000000001,4.8602327782398635,0,30,6,388.69748,False,True,False,44.11764705882353,7.71,0.0,8.881784197001252e-16,4.8602327782398635
2025-12-06 06:00:00,2025-12-06,6,68,68,7.710000000000001,5.39674054274722,0,30,6,388.69748,False,True,False,44.11764705882353,7.71,0.0,8.881784197001252e-16,5.39674054274722
2025-12-06 07:00:00,2025-12-06,7,68,68,8.02,5.300429404453123,0,30,22,388.69748,False,True,False,44.11764705882353,8.02,5.287,0.0,0.013429404453122906
2025-12-06 18:00:00,2025-12-06,18,68,68,12.09,5.172754249240444,0,30,8,388.69748,False,True,False,44.11764705882353,12.09,0.0,0.0,5.172754249240444
2025-12-06 19:00:00,2025-12-06,19,68,68,7.720000000000001,4.8602327782398635,0,30,7,388.69748,False,True,False,44.11764705882353,7.72,0.0,8.881784197001252e-16,4.8602327782398635
2025-12-07 06:00:00,2025-12-07,6,68,68,7.720000000000001,5.39674054274722,0,30,7,388.69748,False,True,False,44.11764705882353,7.72,0.0,8.881784197001252e-16,5.39674054274722
2025-12-07 07:00:00,2025-12-07,7,68,68,13.260000000000002,5.300429404453123,0,30,36,388.69748,False,True,False,44.11764705882353,13.26,3.4548,1.7763568394002505e-15,1.8456294044531227
2025-12-07 18:00:00,2025-12-07,18,68,68,12.09,5.172754249240444,0,30,8,388.69748,False,True,False,44.11764705882353,12.09,0.0,0.0,5.172754249240444
2025-12-07 19:00:00,2025-12-07,19,68,68,7.720000000000001,4.8602327782398635,0,30,7,388.69748,False,True,False,44.11764705882353,7.72,0.0,8.881784197001252e-16,4.8602327782398635
2025-12-08 06:00:00,2025-12-08,6,68,68,7.720000000000001,5.39674054274722,0,30,7,388.69748,False,True,False,44.11764705882353,7.72,0.0,8.881784197001252e-16,5.39674054274722
2025-12-08 07:00:00,2025-12-08,7,68,68,12.26,5.300429404453123,0,30,19,388.69748,False,True,False,44.11764705882353,12.26,3.8358,0.0,1.464629404453123
2025-12-08 18:00:00,2025-12-08,18,68,68,12.09,5.172754249240444,0,30,8,388.69748,False,True,False,44.11764705882353,12.09,0.0,0.0,5.172754249240444
2025-12-08 19:00:00,2025-12-08,19,68,68,7.720000000000001,4.8602327782398635,0,30,7,388.69748,False,True,False,44.11764705882353,7.72,0.0,8.881784197001252e-16,4.8602327782398635
2025-12-09 06:00:00,2025-12-09,6,68,68,7.720000000000001,5.39674054274722,0,30,7,388.69748,False,True,False,44.11764705882353,7.72,0.0,8.881784197001252e-16,5.39674054274722
2025-12-09 07:00:00,2025-12-09,7,68,68,12.27,5.300429404453123,0,30,18,388.69748,False,True,False,44.11764705882353,12.27,2.7489,0.0,2.551529404453123
2025-12-09 18:00:00,2025-12-09,18,68,68,0.98,5.172754249240444,0,30,4,388.69748,False,True,False,44.11764705882353,0.98,0.0,0.0,5.172754249240444
2025-12-09 19:00:00,2025-12-09,19,68,68,0.98,4.8602327782398635,0,30,4,388.69748,False,True,False,44.11764705882353,0.98,0.0,0.0,4.8602327782398635
2025-12-10 06:00:00,2025-12-10,6,68,68,7.710000000000001,5.39674054274722,0,30,6,388.69748,False,True,False,44.11764705882353,7.71,0.0,8.881784197001252e-16,5.39674054274722
2025-12-10 07:00:00,2025-12-10,7,68,68,7.829999999999999,5.300429404453123,0,30,14,388.69748,False,True,False,44.11764705882353,7.83,2.3664,-8.881784197001252e-16,2.9340294044531228
2025-12-10 18:00:00,2025-12-10,18,68,68,0.9099999999999999,5.172754249240444,0,30,4,388.69748,False,True,False,44.11764705882353,0.91,0.0,-1.1102230246251565e-16,5.172754249240444
2025-12-10 19:00:00,2025-12-10,19,68,68,0.9099999999999999,4.8602327782398635,0,30,4,388.69748,False,True,False,44.11764705882353,0.91,0.0,-1.1102230246251565e-16,4.8602327782398635
2025-12-11 06:00:00,2025-12-11,6,68,68,7.640000000000001,5.39674054274722,0,30,6,388.69748,False,True,False,44.11764705882353,7.64,0.0,8.881784197001252e-16,5.39674054274722
2025-12-11 07:00:00,2025-12-11,7,68,68,7.66,5.300429404453123,0,30,8,388.69748,False,True,False,44.11764705882353,7.66,2.484,0.0,2.816429404453123
2025-12-11 18:00:00,2025-12-11,18,68,68,1.17,5.172754249240444,0,30,4,388.69748,False,True,False,44.11764705882353,1.17,0.0,0.0,5.172754249240444
2025-12-11 19:00:00,2025-12-11,19,68,68,1.17,4.8602327782398635,0,30,4,388.69748,False,True,False,44.11764705882353,1.17,0.0,0.0,4.8602327782398635
2025-12-12 06:00:00,2025-12-12,6,68,68,7.9,5.39674054274722,0,30,6,388.69748,False,True,False,44.11764705882353,7.9,0.0,0.0,5.39674054274722
2025-12-12 07:00:00,2025-12-12,7,68,68,7.9,5.300429404453123,0,30,6,388.69748,False,True,False,44.11764705882353,7.9,2.2597,0.0,3.040729404453123
2025-12-12 18:00:00,2025-12-12,18,68,68,1.18,5.172754249240444,0,30,5,388.69748,False,True,False,44.11764705882353,1.18,0.0,0.0,5.172754249240444
2025-12-12 19:00:00,2025-12-12,19,68,68,1.18,4.8602327782398635,0,30,5,388.69748,False,True,False,44.11764705882353,1.18,0.0,0.0,4.8602327782398635
2025-12-13 06:00:00,2025-12-13,6,68,68,7.91,5.39674054274722,0,30,7,388.69748,False,True,False,44.11764705882353,7.91,0.0,0.0,5.39674054274722
2025-12-13 07:00:00,2025-12-13,7,68,68,7.91,5.300429404453123,0,30,7,388.69748,False,True,False,44.11764705882353,7.91,2.3811,0.0,2.919329404453123
2025-12-13 18:00:00,2025-12-13,18,68,68,0.69,5.172754249240444,0,30,2,388.69748,False,True,False,44.11764705882353,0.6900000000000001,0.0,-1.1102230246251565e-16,5.172754249240444
2025-12-13 19:00:00,2025-12-13,19,68,68,0.69,4.8602327782398635,0,30,2,388.69748,False,True,False,44.11764705882353,0.6900000000000001,0.0,-1.1102230246251565e-16,4.8602327782398635
2025-12-14 06:00:00,2025-12-14,6,68,68,7.42,5.39674054274722,0,30,4,388.69748,False,True,False,44.11764705882353,7.42,0.0,0.0,5.39674054274722
2025-12-14 07:00:00,2025-12-14,7,68,68,7.45,5.300429404453123,0,30,7,388.69748,False,True,False,44.11764705882353,7.45,2.8397,0.0,2.4607294044531227
2025-12-14 18:00:00,2025-12-14,18,68,68,5.140000000000001,5.172754249240444,0,30,4,388.69748,False,True,False,44.11764705882353,5.14,0.0,8.881784197001252e-16,5.172754249240444
2025-12-14 19:00:00,2025-12-14,19,68,68,0.7,4.8602327782398635,0,30,3,388.69748,False,True,False,44.11764705882353,0.7000000000000001,0.0,-1.1102230246251565e-16,4.8602327782398635
2025-12-15 06:00:00,2025-12-15,6,68,68,7.430000000000001,5.39674054274722,0,30,5,388.69748,False,True,False,44.11764705882353,7.43,0.0,8.881784197001252e-16,5.39674054274722
2025-12-15 07:00:00,2025-12-15,7,68,68,11.940000000000001,5.300429404453123,0,30,11,388.69748,False,True,False,44.11764705882353,11.94,3.0368,1.7763568394002505e-15,2.263629404453123
2025-12-15 18:00:00,2025-12-15,18,68,68,2.3499999999999996,5.172754249240444,0,30,4,388.69748,False,True,False,44.11764705882353,2.35,0.0,-4.440892098500626e-16,5.172754249240444
2025-12-15 19:00:00,2025-12-15,19,68,68,0.7,4.8602327782398635,0,30,3,388.69748,False,True,False,44.11764705882353,0.7000000000000001,0.0,-1.1102230246251565e-16,4.8602327782398635
2025-12-16 06:00:00,2025-12-16,6,68,68,7.430000000000001,5.39674054274722,0,30,5,388.69748,False,True,False,44.11764705882353,7.43,0.0,8.881784197001252e-16,5.39674054274722
2025-12-16 07:00:00,2025-12-16,7,68,68,9.12,5.300429404453123,0,30,8,388.69748,False,True,False,44.11764705882353,9.12,3.01,0.0,2.290429404453123
2025-12-16 18:00:00,2025-12-16,18,68,68,0.69,5.172754249240444,0,30,2,388.69748,False,True,False,44.11764705882353,0.6900000000000001,0.0,-1.1102230246251565e-16,5.172754249240444
2025-12-16 19:00:00,2025-12-16,19,68,68,0.69,4.8602327782398635,0,30,2,388.69748,False,True,False,44.11764705882353,0.6900000000000001,0.0,-1.1102230246251565e-16,4.8602327782398635
2025-12-17 06:00:00,2025-12-17,6,68,68,7.42,5.39674054274722,0,30,4,388.69748,False,True,False,44.11764705882353,7.42,0.0,0.0,5.39674054274722
2025-12-17 07:00:00,2025-12-17,7,68,68,7.43,5.300429404453123,0,30,5,388.69748,False,True,False,44.11764705882353,7.43,2.7365,0.0,2.563929404453123
2025-12-17 18:00:00,2025-12-17,18,68,68,0.69,5.172754249240444,0,30,2,388.69748,False,True,False,44.11764705882353,0.6900000000000001,0.0,-1.1102230246251565e-16,5.172754249240444
2025-12-17 19:00:00,2025-12-17,19,68,68,0.69,4.8602327782398635,0,30,2,388.69748,False,True,False,44.11764705882353,0.6900000000000001,0.0,-1.1102230246251565e-16,4.8602327782398635
2025-12-18 06:00:00,2025-12-18,6,68,68,7.42,5.39674054274722,0,30,4,388.69748,False,True,False,44.11764705882353,7.42,0.0,0.0,5.39674054274722
2025-12-18 07:00:00,2025-12-18,7,68,68,7.44,5.300429404453123,0,30,6,388.69748,False,True,False,44.11764705882353,7.44,2.7702999999999998,0.0,2.530129404453123
2025-12-18 18:00:00,2025-12-18,18,68,68,0.7,5.172754249240444,0,30,3,388.69748,False,True,False,44.11764705882353,0.7000000000000001,0.0,-1.1102230246251565e-16,5.172754249240444
2025-12-18 19:00:00,2025-12-18,19,68,68,0.7,4.8602327782398635,0,30,3,388.69748,False,True,False,44.11764705882353,0.7000000000000001,0.0,-1.1102230246251565e-16,4.8602327782398635
2025-12-19 06:00:00,2025-12-19,6,68,68,7.43,5.39674054274722,0,30,5,388.69748,False,True,False,44.11764705882353,7.43,0.0,0.0,5.39674054274722
2025-12-19 07:00:00,2025-12-19,7,68,68,7.43,5.300429404453123,0,30,5,388.69748,False,True,False,44.11764705882353,7.43,2.8344,0.0,2.466029404453123
2025-12-19 18:00:00,2025-12-19,18,68,68,0.69,5.172754249240444,0,30,2,388.69748,False,True,False,44.11764705882353,0.6900000000000001,0.0,-1.1102230246251565e-16,5.172754249240444
2025-12-19 19:00:00,2025-12-19,19,68,68,0.69,4.8602327782398635,0,30,2,388.69748,False,True,False,44.11764705882353,0.6900000000000001,0.0,-1.1102230246251565e-16,4.8602327782398635
2025-12-20 06:00:00,2025-12-20,6,68,68,7.42,5.39674054274722,0,30,4,388.69748,False,True,False,44.11764705882353,7.42,0.0,0.0,5.39674054274722
2025-12-20 07:00:00,2025-12-20,7,68,68,7.42,5.300429404453123,0,30,4,388.69748,False,True,False,44.11764705882353,7.42,2.3739,0.0,2.926529404453123
2025-12-20 18:00:00,2025-12-20,18,68,68,0.7,5.172754249240444,0,30,3,388.69748,False,True,False,44.11764705882353,0.7000000000000001,0.0,-1.1102230246251565e-16,5.172754249240444
2025-12-20 19:00:00,2025-12-20,19,68,68,0.7,4.8602327782398635,0,30,3,388.69748,False,True,False,44.11764705882353,0.7000000000000001,0.0,-1.1102230246251565e-16,4.8602327782398635
2025-12-21 06:00:00,2025-12-21,6,68,68,7.430000000000001,5.39674054274722,0,30,5,388.69748,False,True,False,44.11764705882353,7.43,0.0,8.881784197001252e-16,5.39674054274722
2025-12-21 07:00:00,2025-12-21,7,68,68,7.430000000000001,5.300429404453123,0,30,5,388.69748,False,True,False,44.11764705882353,7.43,2.8979,8.881784197001252e-16,2.402529404453123
2025-12-21 18:00:00,2025-12-21,18,68,68,0.69,5.172754249240444,0,30,2,388.69748,False,True,False,44.11764705882353,0.6900000000000001,0.0,-1.1102230246251565e-16,5.172754249240444
2025-12-21 19:00:00,2025-12-21,19,68,68,0.69,4.8602327782398635,0,30,2,388.69748,False,True,False,44.11764705882353,0.6900000000000001,0.0,-1.1102230246251565e-16,4.8602327782398635
2025-12-22 06:00:00,2025-12-22,6,68,68,7.42,5.39674054274722,0,30,4,388.69748,False,True,False,44.11764705882353,7.42,0.0,0.0,5.39674054274722
2025-12-22 07:00:00,2025-12-22,7,68,68,7.42,5.300429404453123,0,30,4,388.69748,False,True,False,44.11764705882353,7.42,2.5495,0.0,2.7509294044531227
2025-12-22 18:00:00,2025-12-22,18,68,68,0.69,5.172754249240444,0,30,2,388.69748,False,True,False,44.11764705882353,0.6900000000000001,0.0,-1.1102230246251565e-16,5.172754249240444
2025-12-22 19:00:00,2025-12-22,19,68,68,0.69,4.8602327782398635,0,30,2,388.69748,False,True,False,44.11764705882353,0.6900000000000001,0.0,-1.1102230246251565e-16,4.8602327782398635
2025-12-23 06:00:00,2025-12-23,6,68,68,7.42,5.39674054274722,0,30,4,388.69748,False,True,False,44.11764705882353,7.42,0.0,0.0,5.39674054274722
2025-12-23 07:00:00,2025-12-23,7,68,68,7.42,5.300429404453123,0,30,4,388.69748,False,True,False,44.11764705882353,7.42,2.1671,0.0,3.133329404453123
2025-12-23 18:00:00,2025-12-23,18,68,68,0.7,5.172754249240444,0,30,3,388.69748,False,True,False,44.11764705882353,0.7000000000000001,0.0,-1.1102230246251565e-16,5.172754249240444
2025-12-23 19:00:00,2025-12-23,19,68,68,0.7,4.8602327782398635,0,30,3,388.69748,False,True,False,44.11764705882353,0.7000000000000001,0.0,-1.1102230246251565e-16,4.8602327782398635
2025-12-24 06:00:00,2025-12-24,6,68,68,7.430000000000001,5.39674054274722,0,30,5,388.69748,False,True,False,44.11764705882353,7.43,0.0,8.881784197001252e-16,5.39674054274722
2025-12-24 07:00:00,2025-12-24,7,68,68,7.430000000000001,5.300429404453123,0,30,5,388.69748,False,True,False,44.11764705882353,7.43,2.3399,8.881784197001252e-16,2.9605294044531227
2025-12-24 18:00:00,2025-12-24,18,68,68,0.7,5.172754249240444,0,30,3,388.69748,False,True,False,44.11764705882353,0.7000000000000001,0.0,-1.1102230246251565e-16,5.172754249240444
2025-12-24 19:00:00,2025-12-24,19,68,68,0.7,4.8602327782398635,0,30,3,388.69748,False,True,False,44.11764705882353,0.7000000000000001,0.0,-1.1102230246251565e-16,4.8602327782398635
2025-12-25 06:00:00,2025-12-25,6,68,68,7.430000000000001,5.39674054274722,0,30,5,388.69748,False,True,False,44.11764705882353,7.43,0.0,8.881784197001252e-16,5.39674054274722
2025-12-25 07:00:00,2025-12-25,7,68,68,7.430000000000001,5.300429404453123,0,30,5,388.69748,False,True,False,44.11764705882353,7.43,2.6804,8.881784197001252e-16,2.6200294044531227
2025-12-25 18:00:00,2025-12-25,18,68,68,0.7,5.172754249240444,0,30,3,388.69748,False,True,False,44.11764705882353,0.7000000000000001,0.0,-1.1102230246251565e-16,5.172754249240444
2025-12-25 19:00:00,2025-12-25,19,68,68,0.7,4.8602327782398635,0,30,3,388.69748,False,True,False,44.11764705882353,0.7000000000000001,0.0,-1.1102230246251565e-16,4.8602327782398635
2025-12-26 06:00:00,2025-12-26,6,68,68,6.24,5.39674054274722,0,30,4,388.69748,False,True,False,44.11764705882353,6.24,0.0,0.0,5.39674054274722
2025-12-26 07:00:00,2025-12-26,7,68,68,6.24,5.300429404453123,0,30,4,388.69748,False,True,False,44.11764705882353,6.24,2.5454,0.0,2.755029404453123
2025-12-26 18:00:00,2025-12-26,18,68,68,0.7,5.172754249240444,0,30,3,388.69748,False,True,False,44.11764705882353,0.7000000000000001,0.0,-1.1102230246251565e-16,5.172754249240444
2025-12-26 19:00:00,2025-12-26,19,68,68,0.7,4.8602327782398635,0,30,3,388.69748,False,True,False,44.11764705882353,0.7000000000000001,0.0,-1.1102230246251565e-16,4.8602327782398635
2025-12-27 06:00:00,2025-12-27,6,68,68,6.24,5.39674054274722,0,30,4,388.69748,False,True,False,44.11764705882353,6.24,0.0,0.0,5.39674054274722
2025-12-27 07:00:00,2025-12-27,7,68,68,6.24,5.300429404453123,0,30,4,388.69748,False,True,False,44.11764705882353,6.24,2.4796,0.0,2.820829404453123
2025-12-27 18:00:00,2025-12-27,18,68,68,0.7,5.172754249240444,0,30,3,388.69748,False,True,False,44.11764705882353,0.7000000000000001,0.0,-1.1102230246251565e-16,5.172754249240444
2025-12-27 19:00:00,2025-12-27,19,68,68,0.7,4.8602327782398635,0,30,3,388.69748,False,True,False,44.11764705882353,0.7000000000000001,0.0,-1.1102230246251565e-16,4.8602327782398635
2025-12-28 06:00:00,2025-12-28,6,68,68,6.24,5.39674054274722,0,30,4,388.69748,False,True,False,44.11764705882353,6.24,0.0,0.0,5.39674054274722
2025-12-28 07:00:00,2025-12-28,7,68,68,6.24,5.300429404453123,0,30,4,388.69748,False,True,False,44.11764705882353,6.24,2.646,0.0,2.654429404453123
2025-12-28 18:00:00,2025-12-28,18,68,68,0.7,5.172754249240444,0,30,3,388.69748,False,True,False,44.11764705882353,0.7000000000000001,0.0,-1.1102230246251565e-16,5.172754249240444
2025-12-28 19:00:00,2025-12-28,19,68,68,0.7,4.8602327782398635,0,30,3,388.69748,False,True,False,44.11764705882353,0.7000000000000001,0.0,-1.1102230246251565e-16,4.8602327782398635
2025-12-29 06:00:00,2025-12-29,6,68,68,5.83,5.39674054274722,0,30,3,388.69748,False,True,False,44.11764705882353,5.83,0.0,0.0,5.39674054274722
2025-12-29 07:00:00,2025-12-29,7,68,68,5.83,5.300429404453123,0,30,3,388.69748,False,True,False,44.11764705882353,5.83,2.6267,0.0,2.673729404453123
2025-12-29 18:00:00,2025-12-29,18,68,68,0.29000000000000004,5.172754249240444,0,30,2,388.69748,False,True,False,44.11764705882353,0.29,0.0,5.551115123125783e-17,5.172754249240444
2025-12-29 19:00:00,2025-12-29,19,68,68,0.29000000000000004,4.8602327782398635,0,30,2,388.69748,False,True,False,44.11764705882353,0.29,0.0,5.551115123125783e-17,4.8602327782398635
2025-12-30 06:00:00,2025-12-30,6,68,68,5.83,5.39674054274722,0,30,3,388.69748,False,True,False,44.11764705882353,5.83,0.0,0.0,5.39674054274722
2025-12-30 07:00:00,2025-12-30,7,68,68,5.83,5.300429404453123,0,30,3,388.69748,False,True,False,44.11764705882353,5.83,2.6039,0.0,2.696529404453123
2025-12-30 18:00:00,2025-12-30,18,68,68,0.28,5.172754249240444,0,30,1,388.69748,False,True,False,44.11764705882353,0.28,0.0,0.0,5.172754249240444
2025-12-30 19:00:00,2025-12-30,19,68,68,0.28,4.8602327782398635,0,30,1,388.69748,False,True,False,44.11764705882353,0.28,0.0,0.0,4.8602327782398635
2025-12-31 06:00:00,2025-12-31,6,68,68,5.82,5.39674054274722,0,30,2,388.69748,False,True,False,44.11764705882353,5.82,0.0,0.0,5.39674054274722
2025-12-31 07:00:00,2025-12-31,7,68,68,5.82,5.300429404453123,0,30,2,388.69748,False,True,False,44.11764705882353,5.82,2.1186,0.0,3.181829404453123
2025-12-31 18:00:00,2025-12-31,18,68,68,0.30000000000000004,5.172754249240444,0,30,3,388.69748,False,True,False,44.11764705882353,0.30000000000000004,0.0,0.0,5.172754249240444
2025-12-31 19:00:00,2025-12-31,19,68,68,0.30000000000000004,4.8602327782398635,0,30,3,388.69748,False,True,False,44.11764705882353,0.30000000000000004,0.0,0.0,4.8602327782398635
