site_id,hour,ratio_sh,n_sh,ratio_site_shrunk,ratio_hour_shrunk,calibrated_ratio
S002,0,,0,0.8945707291538567,1.0166513550170326,
S002,1,,0,0.8945707291538567,1.0166513550170326,
S002,2,,0,0.8945707291538567,1.0166513550170326,
S002,3,,0,0.8945707291538567,1.0166513550170326,
S002,4,,0,0.8945707291538567,1.0166513550170326,
S002,5,,0,0.8945707291538567,1.0166513550170326,
S002,6,3.580770826414538,62,0.8945707291538567,1.3,1.3
S002,7,1.0886587838506554,62,0.8945707291538567,1.0636247309869762,0.9404999634714197
S002,8,0.8273931448139256,62,0.8945707291538567,1.009798995725023,0.8786737435466975
S002,9,0.7861217098428122,62,0.8945707291538567,1.014345644796355,0.8689072207672737
S002,10,0.8781920106534143,62,0.8945707291538567,1.029636269839956,0.8906948492033704
S002,11,0.7905008064526043,62,0.8945707291538567,1.0124218305045298,0.8699434955375298
S002,12,0.7329427465330944,62,0.8945707291538567,1.0025961503108956,0.8563228859382565
S002,13,0.6900368460919395,62,0.8945707291538567,0.9859213079674419,0.8461695812537083
S002,14,0.8943157045378382,62,0.8945707291538567,1.0122433827571713,0.8945103798172416
S002,15,0.8896049900378842,62,0.8945707291538567,1.0289453482398354,0.8933956305844282
S002,16,0.889074447669465,62,0.8945707291538567,1.0596856988837373,0.8932700823903748
S002,17,0.9674126748196513,62,0.8945707291538567,1.0224285078521531,0.9118081361434722
S002,18,1.5284832602139544,62,0.8945707291538567,0.9213453874536068,1.044580564748231
S002,19,0.27119804933784664,21,0.8945707291538567,0.7,0.8353362211170412
S002,20,,0,0.8945707291538567,1.0166513550170326,
S002,21,,0,0.8945707291538567,1.0166513550170326,
S002,22,,0,0.8945707291538567,1.0166513550170326,
S002,23,,0,0.8945707291538567,1.0166513550170326,
S003,0,,0,0.7,1.0166513550170326,
S003,1,,0,0.7,1.0166513550170326,
S003,2,,0,0.7,1.0166513550170326,
S003,3,,0,0.7,1.0166513550170326,
S003,4,,0,0.7,1.0166513550170326,
S003,5,,0,0.7,1.0166513550170326,
S003,6,0.32130582189956225,62,0.7,1.3,0.7
S003,7,0.28691060740375757,62,0.7,1.0636247309869762,0.7
S003,8,0.287229448052405,62,0.7,1.009798995725023,0.7
S003,9,0.2682303718487328,62,0.7,1.014345644796355,0.7
S003,10,0.22108088994241398,62,0.7,1.029636269839956,0.7
S003,11,0.24240002946543562,62,0.7,1.0124218305045298,0.7
S003,12,0.24445870190898997,62,0.7,1.0025961503108956,0.7
S003,13,0.23014110093962029,62,0.7,0.9859213079674419,0.7
S003,14,0.19722740512789327,62,0.7,1.0122433827571713,0.7
S003,15,0.25032782259400804,62,0.7,1.0289453482398354,0.7
S003,16,0.2424671003038172,62,0.7,1.0596856988837373,0.7
S003,17,0.3021233832614216,62,0.7,1.0224285078521531,0.7
S003,18,0.25353104079284744,62,0.7,0.9213453874536068,0.7
S003,19,0.629849819549682,24,0.7,0.7,0.7
S003,20,,0,0.7,1.0166513550170326,
S003,21,,0,0.7,1.0166513550170326,
S003,22,,0,0.7,1.0166513550170326,
S003,23,,0,0.7,1.0166513550170326,
S004,0,,0,1.1366595593896218,1.0166513550170326,
S004,1,,0,1.1366595593896218,1.0166513550170326,
S004,2,,0,1.1366595593896218,1.0166513550170326,
S004,3,,0,1.1366595593896218,1.0166513550170326,
S004,4,,0,1.1366595593896218,1.0166513550170326,
S004,5,,0,1.1366595593896218,1.0166513550170326,
S004,6,1.4585395683651303,62,1.1366595593896218,1.3,1.2128296378494752
S004,7,1.220973786432097,62,1.1366595593896218,1.0636247309869762,1.1566117810561618
S004,8,1.2264371059708203,62,1.1366595593896218,1.009798995725023,1.157904627664562
S004,9,1.127587419995117,62,1.1366595593896218,1.014345644796355,1.1345127172428306
S004,10,1.136104460950405,62,1.1366595593896218,1.029636269839956,1.1365282002169828
S004,11,1.1753420984898881,62,1.1366595593896218,1.0124218305045298,1.145813442688158
S004,12,1.19348346480683,62,1.1366595593896218,1.0025961503108956,1.1501064377707932
S004,13,1.1761064650061288,62,1.1366595593896218,0.9859213079674419,1.1459943233141388
S004,14,1.1886546422813578,62,1.1366595593896218,1.0122433827571713,1.1489637393105672
S004,15,1.1878429484501651,62,1.1366595593896218,1.0289453482398354,1.1487716590909718
S004,16,1.2164474859347016,62,1.1366595593896218,1.0596856988837373,1.1555406717781522
S004,17,1.0425890583049549,62,1.1366595593896218,1.0224285078521531,1.1143986011176779
S004,18,0.7630505528836825,62,1.1366595593896218,0.9213453874536068,1.0482482677737126
S004,19,0.012484004648709628,20,1.1366595593896218,0.7,1.0344617816859025
S004,20,,0,1.1366595593896218,1.0166513550170326,
S004,21,,0,1.1366595593896218,1.0166513550170326,
S004,22,,0,1.1366595593896218,1.0166513550170326,
S004,23,,0,1.1366595593896218,1.0166513550170326,
S006,0,,0,0.7,1.0166513550170326,
S006,1,,0,0.7,1.0166513550170326,
S006,2,,0,0.7,1.0166513550170326,
S006,3,,0,0.7,1.0166513550170326,
S006,4,,0,0.7,1.0166513550170326,
S006,5,,0,0.7,1.0166513550170326,
S006,6,0.5197323671650962,62,0.7,1.3,0.7
S006,7,0.6975757962167987,62,0.7,1.0636247309869762,0.7
S006,8,0.6173367292219386,62,0.7,1.009798995725023,0.7
S006,9,0.5135261267466044,62,0.7,1.014345644796355,0.7
S006,10,0.48121816500524106,62,0.7,1.029636269839956,0.7
S006,11,0.48840976482177545,62,0.7,1.0124218305045298,0.7
S006,12,0.4646732848849376,62,0.7,1.0025961503108956,0.7
S006,13,0.43051940357231977,62,0.7,0.9859213079674419,0.7
S006,14,0.45983639648498786,62,0.7,1.0122433827571713,0.7
S006,15,0.5328366532273894,62,0.7,1.0289453482398354,0.7
S006,16,0.7747538795246509,62,0.7,1.0596856988837373,0.7176898493531617
S006,17,0.8257324520616915,62,0.7,1.0224285078521531,0.7297534810222324
S006,18,1.1124035537200199,62,0.7,0.9213453874536068,0.7975916806513024
S006,19,0.0,24,0.7,0.7,0.7
S006,20,,0,0.7,1.0166513550170326,
S006,21,,0,0.7,1.0166513550170326,
S006,22,,0,0.7,1.0166513550170326,
S006,23,,0,0.7,1.0166513550170326,
S007,0,,0,1.0527604822566443,1.0166513550170326,
S007,1,,0,1.0527604822566443,1.0166513550170326,
S007,2,,0,1.0527604822566443,1.0166513550170326,
S007,3,,0,1.0527604822566443,1.0166513550170326,
S007,4,,0,1.0527604822566443,1.0166513550170326,
S007,5,,0,1.0527604822566443,1.0166513550170326,
S007,6,5.33483702572353,62,1.0527604822566443,1.3,1.3
S007,7,1.2091885597626437,62,1.0527604822566443,1.0636247309869762,1.089777813574858
S007,8,1.0578870038355865,62,1.0527604822566443,1.009798995725023,1.0539736285844856
S007,9,1.0100390809217457,62,1.0527604822566443,1.014345644796355,1.0426508376659431
S007,10,1.0479814536477814,62,1.0527604822566443,1.029636269839956,1.0516295670896616
S007,11,1.0815664644601395,62,1.0527604822566443,1.0124218305045298,1.0595771650681585
S007,12,1.0896099235427674,62,1.0527604822566443,1.0025961503108956,1.0614805790495436
S007,13,1.0413162875895732,62,1.0527604822566443,0.9859213079674419,1.0500523140529863
S007,14,0.9945999528728358,62,1.0527604822566443,1.0122433827571713,1.0389973035474989
S007,15,1.0489730238188026,62,1.0527604822566443,1.0289453482398354,1.0518642134660101
S007,16,1.110615671061965,62,1.0527604822566443,1.0596856988837373,1.0664514047983613
S007,17,0.9155157842187734,62,1.0527604822566443,1.0224285078521531,1.0202827292858505
S007,18,1.0395065963112053,62,1.0527604822566443,0.9213453874536068,1.0496240664985634
S007,19,3.8589758502111495,21,1.0527604822566443,0.7,1.3
S007,20,,0,1.0527604822566443,1.0166513550170326,
S007,21,,0,1.0527604822566443,1.0166513550170326,
S007,22,,0,1.0527604822566443,1.0166513550170326,
S007,23,,0,1.0527604822566443,1.0166513550170326,
S008,0,,0,1.1914491065334132,1.0166513550170326,
S008,1,,0,1.1914491065334132,1.0166513550170326,
S008,2,,0,1.1914491065334132,1.0166513550170326,
S008,3,,0,1.1914491065334132,1.0166513550170326,
S008,4,,0,1.1914491065334132,1.0166513550170326,
S008,5,,0,1.1914491065334132,1.0166513550170326,
S008,6,0.9985325689314546,62,1.1914491065334132,1.3,1.1457971014520338
S008,7,1.2121039281370016,62,1.1914491065334132,1.0636247309869762,1.1963368887449495
S008,8,1.1799595490187578,62,1.1914491065334132,1.009798995725023,1.188730203610098
S008,9,1.2393646443691637,62,1.1914491065334132,1.014345644796355,1.2027878979296596
S008,10,1.246384376418286,62,1.1914491065334132,1.029636269839956,1.2044490558954823
S008,11,1.2702463026677253,62,1.1914491065334132,1.0124218305045298,1.2100957712674871
S008,12,1.226639464178027,62,1.1914491065334132,1.0025961503108956,1.199776595747024
S008,13,1.2565259073762562,62,1.1914491065334132,0.9859213079674419,1.2068489601679793
S008,14,1.3349290959737734,62,1.1914491065334132,1.0122433827571713,1.2254023864773154
S008,15,1.2400369303934355,62,1.1914491065334132,1.0289453482398354,1.202946988515556
S008,16,1.2598175421432423,62,1.1914491065334132,1.0596856988837373,1.207627896639556
S008,17,1.164712217769018,62,1.1914491065334132,1.0224285078521531,1.1851220565204648
S008,18,0.8800404898748625,62,1.1914491065334132,0.9213453874536068,1.1177569911409317
S008,19,0.22841628095584435,19,1.1914491065334132,0.7,1.1078983134467748
S008,20,,0,1.1914491065334132,1.0166513550170326,
S008,21,,0,1.1914491065334132,1.0166513550170326,
S008,22,,0,1.1914491065334132,1.0166513550170326,
S008,23,,0,1.1914491065334132,1.0166513550170326,
S009,0,,0,1.2001290876720696,1.0166513550170326,
S009,1,,0,1.2001290876720696,1.0166513550170326,
S009,2,,0,1.2001290876720696,1.0166513550170326,
S009,3,,0,1.2001290876720696,1.0166513550170326,
S009,4,,0,1.2001290876720696,1.0166513550170326,
S009,5,,0,1.2001290876720696,1.0166513550170326,
S009,6,1.1328669301888694,62,1.2001290876720696,1.3,1.1842120885729919
S009,7,1.1546662982333231,62,1.2001290876720696,1.0636247309869762,1.1893707176522137
S009,8,1.2534064125538065,62,1.2001290876720696,1.009798995725023,1.2127366989036257
S009,9,1.2658047584285923,62,1.2001290876720696,1.014345644796355,1.215670658614453
S009,10,1.3091980202013662,62,1.2001290876720696,1.029636269839956,1.225939293079766
S009,11,1.2599951440124624,62,1.2001290876720696,1.0124218305045298,1.2142958643633077
S009,12,1.2507660727047503,62,1.2001290876720696,1.0025961503108956,1.2121118856569026
S009,13,1.2261294641193856,62,1.2001290876720696,0.9859213079674419,1.2062818485107476
S009,14,1.2866051733228236,62,1.2001290876720696,1.0122433827571713,1.2205928942001107
S009,15,1.252760131588741,62,1.2001290876720696,1.0289453482398354,1.212583762186702
S009,16,1.2569813989398197,62,1.2001290876720696,1.0596856988837373,1.2135826880484075
S009,17,1.2000998023173333,62,1.2001290876720696,1.0224285078521531,1.2001221575499565
S009,18,0.8694254880307236,62,1.2001290876720696,0.9213453874536068,1.1218709839401482
S009,19,0.31762413996828565,22,1.2001290876720696,0.7,1.112673642404127
S009,20,,0,1.2001290876720696,1.0166513550170326,
S009,21,,0,1.2001290876720696,1.0166513550170326,
S009,22,,0,1.2001290876720696,1.0166513550170326,
S009,23,,0,1.2001290876720696,1.0166513550170326,
S010,0,,0,1.038790189785475,1.0166513550170326,
S010,1,,0,1.038790189785475,1.0166513550170326,
S010,2,,0,1.038790189785475,1.0166513550170326,
S010,3,,0,1.038790189785475,1.0166513550170326,
S010,4,,0,1.038790189785475,1.0166513550170326,
S010,5,,0,1.038790189785475,1.0166513550170326,
S010,6,1.0263559432857063,62,1.038790189785475,1.3,1.035847734506904
S010,7,1.0266313200948927,62,1.038790189785475,1.0636247309869762,1.0359129000113678
S010,8,0.9823429899257624,62,1.038790189785475,1.009798995725023,1.0254324554675278
S010,9,1.0197759973742302,62,1.038790189785475,1.014345644796355,1.034290648069837
S010,10,1.0450679031707817,62,1.038790189785475,1.029636269839956,1.0402757555484103
S010,11,1.0389137948667726,62,1.038790189785475,1.0124218305045298,1.0388194398428814
S010,12,1.0834101525290023,62,1.038790189785475,1.0025961503108956,1.0493491122667677
S010,13,1.0378602853285745,62,1.038790189785475,0.9859213079674419,1.038570136059033
S010,14,1.1029317775884773,62,1.038790189785475,1.0122433827571713,1.0539687334640482
S010,15,1.017850686445293,62,1.038790189785475,1.0289453482398354,1.0338350401400884
S010,16,1.0984991623821878,62,1.038790189785475,1.0596856988837373,1.0529197939877506
S010,17,1.0930458498710864,62,1.038790189785475,1.0224285078521531,1.0516293154545893
S010,18,0.7825776027014099,62,1.038790189785475,0.9213453874536068,0.9781597302464978
S010,19,0.40403359064696753,21,1.038790189785475,0.7,0.9784739518582865
S010,20,,0,1.038790189785475,1.0166513550170326,
S010,21,,0,1.038790189785475,1.0166513550170326,
S010,22,,0,1.038790189785475,1.0166513550170326,
S010,23,,0,1.038790189785475,1.0166513550170326,
S011,0,,0,1.1190482316292072,1.0166513550170326,
S011,1,,0,1.1190482316292072,1.0166513550170326,
S011,2,,0,1.1190482316292072,1.0166513550170326,
S011,3,,0,1.1190482316292072,1.0166513550170326,
S011,4,,0,1.1190482316292072,1.0166513550170326,
S011,5,,0,1.1190482316292072,1.0166513550170326,
S011,6,3.7772297948052644,62,1.1190482316292072,1.3,1.3
S011,7,1.4836784691790832,62,1.1190482316292072,1.0636247309869762,1.2053347763929183
S011,8,1.0699047111230635,62,1.1190482316292072,1.009798995725023,1.1074188489140129
S011,9,1.0828680080446986,62,1.1190482316292072,1.014345644796355,1.110486499330583
S011,10,1.050788221061732,62,1.1190482316292072,1.029636269839956,1.1028950993575146
S011,11,1.0169570221116195,62,1.1190482316292072,1.0124218305045298,1.0948892431174118
S011,12,1.031885712525635,62,1.1190482316292072,1.0025961503108956,1.0984219866504994
S011,13,1.0916136144175355,62,1.1190482316292072,0.9859213079674419,1.1125560703043078
S011,14,1.1566044448897663,62,1.1190482316292072,1.0122433827571713,1.12793557980537
S011,15,1.1085527171748488,62,1.1190482316292072,1.0289453482398354,1.116564560269779
S011,16,1.1565402387881831,62,1.1190482316292072,1.0596856988837373,1.1279203859950717
S011,17,1.3326403768351651,62,1.1190482316292072,1.0224285078521531,1.1695929377466476
S011,18,1.5823805547330552,62,1.1190482316292072,0.9213453874536068,1.2286917584705759
S011,19,7.194339093040353,19,1.1190482316292072,0.7,1.3
S011,20,,0,1.1190482316292072,1.0166513550170326,
S011,21,,0,1.1190482316292072,1.0166513550170326,
S011,22,,0,1.1190482316292072,1.0166513550170326,
S011,23,,0,1.1190482316292072,1.0166513550170326,
S012,0,,0,0.8784276453132075,1.0166513550170326,
S012,1,,0,0.8784276453132075,1.0166513550170326,
S012,2,,0,0.8784276453132075,1.0166513550170326,
S012,3,,0,0.8784276453132075,1.0166513550170326,
S012,4,,0,0.8784276453132075,1.0166513550170326,
S012,5,,0,0.8784276453132075,1.0166513550170326,
S012,6,1.5301422196390277,62,0.8784276453132075,1.3,1.032650178168936
S012,7,0.9670465957022178,62,0.8784276453132075,1.0636247309869762,0.8993985419701489
S012,8,0.8204287519768964,62,0.8784276453132075,1.009798995725023,0.8647027163557599
S012,9,0.7471623446340977,62,0.8784276453132075,1.014345644796355,0.8473648642364716
S012,10,0.8314275236439799,62,0.8784276453132075,1.029636269839956,0.8673054791166728
S012,11,0.8559616951137418,62,0.8784276453132075,1.0124218305045298,0.8731112754186775
S012,12,0.8218562420457219,62,0.8784276453132075,1.0025961503108956,0.8650405193491462
S012,13,0.8068575192082083,62,0.8784276453132075,0.9859213079674419,0.861491203257826
S012,14,0.8060442084942262,62,0.8784276453132075,1.0122433827571713,0.8612987404171127
S012,15,0.8919868153324085,62,0.8784276453132075,1.0289453482398354,0.8816363038673696
S012,16,0.9435225890770803,62,0.8784276453132075,1.0596856988837373,0.8938317923107653
S012,17,0.9893888198860651,62,0.8784276453132075,1.0224285078521531,0.9046856331892272
S012,18,1.0095060813898824,62,0.8784276453132075,0.9213453874536068,0.9094462065221918
S012,19,0.2694445681851006,24,0.8784276453132075,0.7,0.8131794584780532
S012,20,,0,0.8784276453132075,1.0166513550170326,
S012,21,,0,0.8784276453132075,1.0166513550170326,
S012,22,,0,0.8784276453132075,1.0166513550170326,
S012,23,,0,0.8784276453132075,1.0166513550170326,
S014,0,,0,0.994733145711394,1.0166513550170326,
S014,1,,0,0.994733145711394,1.0166513550170326,
S014,2,,0,0.994733145711394,1.0166513550170326,
S014,3,,0,0.994733145711394,1.0166513550170326,
S014,4,,0,0.994733145711394,1.0166513550170326,
S014,5,,0,0.994733145711394,1.0166513550170326,
S014,6,1.8082287812436113,62,0.994733145711394,1.3,1.1872397464861937
S014,7,1.1867850080310016,62,0.994733145711394,1.0636247309869762,1.0401805329778662
S014,8,1.0992283398976577,62,0.994733145711394,1.009798995725023,1.0194610160913495
S014,9,1.0362560175879811,62,0.994733145711394,1.014345644796355,1.0045591688272277
S014,10,0.9776883540490422,62,0.994733145711394,1.029636269839956,0.990699645394349
S014,11,0.9478843565725057,62,0.994733145711394,1.0124218305045298,0.9836467910296725
S014,12,0.9748787068335251,62,0.994733145711394,1.0025961503108956,0.9900347670456389
S014,13,0.9082164913155686,62,0.994733145711394,0.9859213079674419,0.9742597389459697
S014,14,0.9200769481830495,62,0.994733145711394,1.0122433827571713,0.9770664119451447
S014,15,0.9844413576236393,62,0.994733145711394,1.0289453482398354,0.9922976844081849
S014,16,1.1108723912890504,62,0.994733145711394,1.0596856988837373,1.0222164786343508
S014,17,1.0156623233571507,62,0.994733145711394,1.0224285078521531,0.9996858518718403
S014,18,0.8769266085027748,62,0.994733145711394,0.9213453874536068,0.9668552628604994
S014,19,0.40326989491160403,16,0.994733145711394,0.7,0.9509210530595578
S014,20,,0,0.994733145711394,1.0166513550170326,
S014,21,,0,0.994733145711394,1.0166513550170326,
S014,22,,0,0.994733145711394,1.0166513550170326,
S014,23,,0,0.994733145711394,1.0166513550170326,
S016,0,,0,0.9634830161422219,1.0166513550170326,
S016,1,,0,0.9634830161422219,1.0166513550170326,
S016,2,,0,0.9634830161422219,1.0166513550170326,
S016,3,,0,0.9634830161422219,1.0166513550170326,
S016,4,,0,0.9634830161422219,1.0166513550170326,
S016,5,,0,0.9634830161422219,1.0166513550170326,
S016,6,0.9792993537978186,62,0.9634830161422219,1.3,0.9672258136027067
S016,7,1.036769995161219,62,0.9634830161422219,1.0636247309869762,0.9808257363680914
S016,8,0.9846162371772866,62,0.9634830161422219,1.009798995725023,0.9684840073795273
S016,9,1.0175087006427364,62,0.9634830161422219,1.014345644796355,0.9762677201079926
S016,10,0.927996027929652,62,0.9634830161422219,1.029636269839956,0.955085331908713
S016,11,0.8958420284476464,62,0.9634830161422219,1.0124218305045298,0.9474763701992308
S016,12,0.8959587620796582,62,0.9634830161422219,1.0025961503108956,0.9475039941884855
S016,13,0.9092332081592598,62,0.9634830161422219,0.9859213079674419,0.9506452753218264
S016,14,0.9718549181895529,62,0.9634830161422219,1.0122433827571713,0.9654641532679262
S016,15,0.9903374225871089,62,0.9634830161422219,1.0289453482398354,0.969837875682615
S016,16,1.008948750440819,62,0.9634830161422219,1.0596856988837373,0.9742420830373099
S016,17,1.0896178981769926,62,0.9634830161422219,1.0224285078521531,0.9933317286848014
S016,18,0.7275598598745389,62,0.9634830161422219,0.9213453874536068,0.9076538722926175
S016,19,0.0,15,0.9634830161422219,0.7,0.8962632708299738
S016,20,,0,0.9634830161422219,1.0166513550170326,
S016,21,,0,0.9634830161422219,1.0166513550170326,
S016,22,,0,0.9634830161422219,1.0166513550170326,
S016,23,,0,0.9634830161422219,1.0166513550170326,
S017,0,,0,1.3,1.0166513550170326,
S017,1,,0,1.3,1.0166513550170326,
S017,2,,0,1.3,1.0166513550170326,
S017,3,,0,1.3,1.0166513550170326,
S017,4,,0,1.3,1.0166513550170326,
S017,5,,0,1.3,1.0166513550170326,
S017,6,2.707639510517136,62,1.3,1.3,1.3
S017,7,1.7619431713091707,62,1.3,1.0636247309869762,1.3
S017,8,1.474545262654346,62,1.3,1.009798995725023,1.3
S017,9,1.5014008710954379,62,1.3,1.014345644796355,1.3
S017,10,1.4265117190805583,62,1.3,1.029636269839956,1.3
S017,11,1.4487208844859039,62,1.3,1.0124218305045298,1.3
S017,12,1.354283225577771,62,1.3,1.0025961503108956,1.3
S017,13,1.3557879590218163,62,1.3,0.9859213079674419,1.3
S017,14,1.3465110757899044,62,1.3,1.0122433827571713,1.3
S017,15,1.2312379498519996,62,1.3,1.0289453482398354,1.2837280644687938
S017,16,1.3367527607543996,62,1.3,1.0596856988837373,1.3
S017,17,1.3602205109632584,62,1.3,1.0224285078521531,1.3
S017,18,1.1995739449016933,62,1.3,0.9213453874536068,1.2762350556637596
S017,19,0.3351154991012782,18,1.3,0.7,1.2203306375404728
S017,20,,0,1.3,1.0166513550170326,
S017,21,,0,1.3,1.0166513550170326,
S017,22,,0,1.3,1.0166513550170326,
S017,23,,0,1.3,1.0166513550170326,
S018,0,,0,0.9387311583550615,1.0166513550170326,
S018,1,,0,0.9387311583550615,1.0166513550170326,
S018,2,,0,0.9387311583550615,1.0166513550170326,
S018,3,,0,0.9387311583550615,1.0166513550170326,
S018,4,,0,0.9387311583550615,1.0166513550170326,
S018,5,,0,0.9387311583550615,1.0166513550170326,
S018,6,1.1282329231187476,62,0.9387311583550615,1.3,0.9835750874212773
S018,7,1.0456222685413552,62,0.9387311583550615,1.0636247309869762,0.9640260012235737
S018,8,0.9750065593870597,62,0.9387311583550615,1.009798995725023,0.9473154135611068
S018,9,0.9545024564136347,62,0.9387311583550615,1.014345644796355,0.9424632975902963
S018,10,0.9683698303952509,62,0.9387311583550615,1.029636269839956,0.9457448899065567
S018,11,0.8774465851566927,62,0.9387311583550615,1.0124218305045298,0.9242287021020124
S018,12,0.855139161410628,62,0.9387311583550615,1.0025961503108956,0.9189498461010353
S018,13,0.9023865892981581,62,0.9387311583550615,0.9859213079674419,0.9301305351431225
S018,14,0.885439740577274,62,0.9387311583550615,1.0122433827571713,0.9261202121633714
S018,15,0.9103377261840591,62,0.9387311583550615,1.0289453482398354,0.9320121018871144
S018,16,0.961722102448699,62,0.9387311583550615,1.0596856988837373,0.9441717634459224
S018,17,1.0372417318727998,62,0.9387311583550615,1.0224285078521531,0.9620428207905568
S018,18,0.767802453392205,62,0.9387311583550615,0.9213453874536068,0.8982823808447672
S018,19,0.22680925991054227,19,0.9387311583550615,0.7,0.8769662447913817
S018,20,,0,0.9387311583550615,1.0166513550170326,
S018,21,,0,0.9387311583550615,1.0166513550170326,
S018,22,,0,0.9387311583550615,1.0166513550170326,
S018,23,,0,0.9387311583550615,1.0166513550170326,
S019,0,,0,1.1782419829098427,1.0166513550170326,
S019,1,,0,1.1782419829098427,1.0166513550170326,
S019,2,,0,1.1782419829098427,1.0166513550170326,
S019,3,,0,1.1782419829098427,1.0166513550170326,
S019,4,,0,1.1782419829098427,1.0166513550170326,
S019,5,,0,1.1782419829098427,1.0166513550170326,
S019,6,4.388205159303743,62,1.1782419829098427,1.3,1.3
S019,7,1.7597907287401928,62,1.1782419829098427,1.0636247309869762,1.3
S019,8,1.2470516311968283,62,1.1782419829098427,1.009798995725023,1.1945251821227936
S019,9,1.085193566603543,62,1.1782419829098427,1.014345644796355,1.1562228920281994
S019,10,1.1288548558631653,62,1.1782419829098427,1.029636269839956,1.1665549528453618
S019,11,1.0765688086939753,62,1.1782419829098427,1.0124218305045298,1.1541819187824238
S019,12,1.0754318182034595,62,1.1782419829098427,1.0025961503108956,1.1539128599640573
S019,13,1.0518236835958072,62,1.1782419829098427,0.9859213079674419,1.1483262021561398
S019,14,1.0703738593397327,62,1.1782419829098427,1.0122433827571713,1.1527159384008856
S019,15,1.1718794801566303,62,1.1782419829098427,1.0289453482398354,1.1767363524873269
S019,16,1.281771676693102,62,1.1782419829098427,1.0596856988837373,1.2027413760951942
S019,17,1.5798132466480208,62,1.1782419829098427,1.0224285078521531,1.2732702972295644
S019,18,2.444469771481378,62,1.1782419829098427,0.9213453874536068,1.3
S019,19,2.039056439478913,20,1.1782419829098427,0.7,1.2564978425979398
S019,20,,0,1.1782419829098427,1.0166513550170326,
S019,21,,0,1.1782419829098427,1.0166513550170326,
S019,22,,0,1.1782419829098427,1.0166513550170326,
S019,23,,0,1.1782419829098427,1.0166513550170326,
S020,0,,0,1.1079633485642302,1.0166513550170326,
S020,1,,0,1.1079633485642302,1.0166513550170326,
S020,2,,0,1.1079633485642302,1.0166513550170326,
S020,3,,0,1.1079633485642302,1.0166513550170326,
S020,4,,0,1.1079633485642302,1.0166513550170326,
S020,5,,0,1.1079633485642302,1.0166513550170326,
S020,6,1.06411754675114,62,1.1079633485642302,1.3,1.097587624471056
S020,7,1.1335612304939624,62,1.1079633485642302,1.0636247309869762,1.1140208626086707
S020,8,1.1912475221681358,62,1.1079633485642302,1.009798995725023,1.1276718171269864
S020,9,1.2413142780484567,62,1.1079633485642302,1.014345644796355,1.1395196753887418
S020,10,1.1838931078465693,62,1.1079633485642302,1.029636269839956,1.1259314595394403
S020,11,1.1278358450635682,62,1.1079633485642302,1.0124218305045298,1.112666000407585
S020,12,1.1602071924891926,62,1.1079633485642302,1.0025961503108956,1.1203263955999083
S020,13,1.0989710839049602,62,1.1079633485642302,0.9859213079674419,1.1058354080723418
S020,14,1.1234063076602787,62,1.1079633485642302,1.0122433827571713,1.1116177892663486
S020,15,1.1134602211955489,62,1.1079633485642302,1.0289453482398354,1.109264135217443
S020,16,1.105020093990096,62,1.1079633485642302,1.0596856988837373,1.1072668532069923
S020,17,1.0583266704805785,62,1.1079633485642302,1.0224285078521531,1.0962172644375645
S020,18,0.7406738408941601,62,1.1079633485642302,0.9213453874536068,1.0210475108713128
S020,19,0.21215516992380914,22,1.1079633485642302,0.7,1.0191895650953597
S020,20,,0,1.1079633485642302,1.0166513550170326,
S020,21,,0,1.1079633485642302,1.0166513550170326,
S020,22,,0,1.1079633485642302,1.0166513550170326,
S020,23,,0,1.1079633485642302,1.0166513550170326,
S021,0,,0,1.1267287824668046,1.0166513550170326,
S021,1,,0,1.1267287824668046,1.0166513550170326,
S021,2,,0,1.1267287824668046,1.0166513550170326,
S021,3,,0,1.1267287824668046,1.0166513550170326,
S021,4,,0,1.1267287824668046,1.0166513550170326,
S021,5,,0,1.1267287824668046,1.0166513550170326,
S021,6,0.91757136749494,62,1.1267287824668046,1.3,1.0772335163284246
S021,7,1.147492232724861,62,1.1267287824668046,1.0636247309869762,1.1316422706958105
S021,8,1.2754632297013064,62,1.1267287824668046,1.009798995725023,1.1619254837207706
S021,9,1.310096698997726,62,1.1267287824668046,1.014345644796355,1.170121190195496
S021,10,1.2139380715489743,62,1.1267287824668046,1.029636269839956,1.1473660951503715
S021,11,1.153331513238712,62,1.1267287824668046,1.0124218305045298,1.1330240851685538
S021,12,1.1921991064765731,62,1.1267287824668046,1.0025961503108956,1.1422217599042308
S021,13,1.1572665290999085,62,1.1267287824668046,0.9859213079674419,1.1339552721280735
S021,14,1.1736685440184784,62,1.1267287824668046,1.0122433827571713,1.1378366649713993
S021,15,1.1023472200691968,62,1.1267287824668046,1.0289453482398354,1.1209590997620271
S021,16,1.0877406864695294,62,1.1267287824668046,1.0596856988837373,1.117502591810961
S021,17,1.0145545104331455,62,1.1267287824668046,1.0224285078521531,1.1001837257260152
S021,18,0.653396358161626,62,1.1267287824668046,0.9213453874536068,1.014718819463289
S021,19,0.16425297490872304,22,1.1267287824668046,0.7,1.031348297033121
S021,20,,0,1.1267287824668046,1.0166513550170326,
S021,21,,0,1.1267287824668046,1.0166513550170326,
S021,22,,0,1.1267287824668046,1.0166513550170326,
S021,23,,0,1.1267287824668046,1.0166513550170326,
S022,0,,0,1.3,1.0166513550170326,
S022,1,,0,1.3,1.0166513550170326,
S022,2,,0,1.3,1.0166513550170326,
S022,3,,0,1.3,1.0166513550170326,
S022,4,,0,1.3,1.0166513550170326,
S022,5,,0,1.3,1.0166513550170326,
S022,6,1.3048053824138492,62,1.3,1.3,1.3
S022,7,1.5484753282542942,62,1.3,1.0636247309869762,1.3
S022,8,1.6867798064934016,62,1.3,1.009798995725023,1.3
S022,9,1.6437295434928854,62,1.3,1.014345644796355,1.3
S022,10,1.6779382839646202,62,1.3,1.029636269839956,1.3
S022,11,1.68632281031299,62,1.3,1.0124218305045298,1.3
S022,12,1.6310520181442836,62,1.3,1.0025961503108956,1.3
S022,13,1.6497791717867423,62,1.3,0.9859213079674419,1.3
S022,14,1.7119661997114306,62,1.3,1.0122433827571713,1.3
S022,15,1.670727299007353,62,1.3,1.0289453482398354,1.3
S022,16,1.7502904036677207,62,1.3,1.0596856988837373,1.3
S022,17,1.6476654757362545,62,1.3,1.0224285078521531,1.3
S022,18,1.0470665201528317,62,1.3,0.9213453874536068,1.2401455124025786
S022,19,0.30547818246625225,22,1.3,0.7,1.201443783848007
S022,20,,0,1.3,1.0166513550170326,
S022,21,,0,1.3,1.0166513550170326,
S022,22,,0,1.3,1.0166513550170326,
S022,23,,0,1.3,1.0166513550170326,
S023,0,,0,1.0005309652212995,1.0166513550170326,
S023,1,,0,1.0005309652212995,1.0166513550170326,
S023,2,,0,1.0005309652212995,1.0166513550170326,
S023,3,,0,1.0005309652212995,1.0166513550170326,
S023,4,,0,1.0005309652212995,1.0166513550170326,
S023,5,,0,1.0005309652212995,1.0166513550170326,
S023,6,1.5797239710390016,62,1.0005309652212995,1.3,1.1375919055293053
S023,7,0.9877757575942935,62,1.0005309652212995,1.0636247309869762,0.9975125573095652
S023,8,0.949247356058332,62,1.0005309652212995,1.009798995725023,0.9883951493125056
S023,9,0.9822644225523933,62,1.0005309652212995,1.014345644796355,0.9962083482538484
S023,10,0.9689907189004908,62,1.0005309652212995,1.029636269839956,0.9930672428095051
S023,11,0.9642633964644881,62,1.0005309652212995,1.0124218305045298,0.9919485634544205
S023,12,1.0591781420131707,62,1.0005309652212995,1.0025961503108956,1.0144093047674674
S023,13,1.002794284739687,62,1.0005309652212995,0.9859213079674419,1.0010665599164903
S023,14,1.0134307677735697,62,1.0005309652212995,1.0122433827571713,1.0035835902527528
S023,15,0.9406674635332634,62,1.0005309652212995,1.0289453482398354,0.9863647930661154
S023,16,1.053308993613769,62,1.0005309652212995,1.0596856988837373,1.0130204223218076
S023,17,1.0226774283838689,62,1.0005309652212995,1.0224285078521531,1.0057717313132053
S023,18,0.9593254728311292,62,1.0005309652212995,0.9213453874536068,0.9907800471747706
S023,19,0.12424991374798806,18,1.0005309652212995,0.7,0.9281774839069894
S023,20,,0,1.0005309652212995,1.0166513550170326,
S023,21,,0,1.0005309652212995,1.0166513550170326,
S023,22,,0,1.0005309652212995,1.0166513550170326,
S023,23,,0,1.0005309652212995,1.0166513550170326,
S024,0,,0,1.051259922241659,1.0166513550170326,
S024,1,,0,1.051259922241659,1.0166513550170326,
S024,2,,0,1.051259922241659,1.0166513550170326,
S024,3,,0,1.051259922241659,1.0166513550170326,
S024,4,,0,1.051259922241659,1.0166513550170326,
S024,5,,0,1.051259922241659,1.0166513550170326,
S024,6,1.2989375740075149,62,1.051259922241659,1.3,1.1098706642625868
S024,7,1.0668526405617391,62,1.051259922241659,1.0636247309869762,1.0549498021494643
S024,8,1.0966528011061965,62,1.051259922241659,1.009798995725023,1.0620017485378472
S024,9,1.0740281685215063,62,1.051259922241659,1.014345644796355,1.0566478278498672
S024,10,1.1102663199307732,62,1.051259922241659,1.029636269839956,1.0652232682596938
S024,11,1.0664175820695267,62,1.051259922241659,1.0124218305045298,1.054846849376498
S024,12,1.0722677597971106,62,1.051259922241659,1.0025961503108956,1.0562312425792086
S024,13,1.0065799698609461,62,1.051259922241659,0.9859213079674419,1.040686803739353
S024,14,0.9769526819346999,62,1.051259922241659,1.0122433827571713,1.0336757661384857
S024,15,1.0308816486519015,62,1.051259922241659,1.0289453482398354,1.0464375826898844
S024,16,1.1529348357248674,62,1.051259922241659,1.0596856988837373,1.075320397951426
S024,17,1.1084818029241406,62,1.051259922241659,1.0224285078521531,1.0648009779756815
S024,18,1.007034375656964,62,1.051259922241659,0.9213453874536068,1.0407943348819222
S024,19,0.31010311098122206,22,1.051259922241659,0.7,0.9778119499545886
S024,20,,0,1.051259922241659,1.0166513550170326,
S024,21,,0,1.051259922241659,1.0166513550170326,
S024,22,,0,1.051259922241659,1.0166513550170326,
S024,23,,0,1.051259922241659,1.0166513550170326,
S025,0,,0,0.8888035364738107,1.0166513550170326,
S025,1,,0,0.8888035364738107,1.0166513550170326,
S025,2,,0,0.8888035364738107,1.0166513550170326,
S025,3,,0,0.8888035364738107,1.0166513550170326,
S025,4,,0,0.8888035364738107,1.0166513550170326,
S025,5,,0,0.8888035364738107,1.0166513550170326,
S025,6,0.9640017312522658,62,0.8888035364738107,1.3,0.9065985291313078
S025,7,0.911430206230179,62,0.8888035364738107,1.0636247309869762,0.894157939240585
S025,8,0.8990289550649022,62,0.8888035364738107,1.009798995725023,0.8912232920182676
S025,9,0.8171358957786921,62,0.8888035364738107,1.014345644796355,0.8718440184467217
S025,10,0.9021567049169941,62,0.8888035364738107,1.029636269839956,0.8919634465634191
S025,11,0.8710756819314194,62,0.8888035364738107,1.0124218305045298,0.8846083953225579
S025,12,0.8336881283544908,62,0.8888035364738107,1.0025961503108956,0.8757609589799259
S025,13,0.7971789554680724,62,0.8888035364738107,0.9859213079674419,0.8671213837167276
S025,14,0.8518295940610091,62,0.8888035364738107,1.0122433827571713,0.8800539775822318
S025,15,0.8720467147133736,62,0.8888035364738107,1.0289453482398354,0.8848381817060738
S025,16,0.9084701198586906,62,0.8888035364738107,1.0596856988837373,0.8934574607862633
S025,17,0.8988858902335535,62,0.8888035364738107,1.0224285078521531,0.8911894369818415
S025,18,0.7861992977108087,62,0.8888035364738107,0.9213453874536068,0.8645231440947798
S025,19,0.23441319909253133,18,0.8888035364738107,0.7,0.8347713067817785
S025,20,,0,0.8888035364738107,1.0166513550170326,
S025,21,,0,0.8888035364738107,1.0166513550170326,
S025,22,,0,0.8888035364738107,1.0166513550170326,
S025,23,,0,0.8888035364738107,1.0166513550170326,
S028,0,,0,1.1916846912930064,1.0166513550170326,
S028,1,,0,1.1916846912930064,1.0166513550170326,
S028,2,,0,1.1916846912930064,1.0166513550170326,
S028,3,,0,1.1916846912930064,1.0166513550170326,
S028,4,,0,1.1916846912930064,1.0166513550170326,
S028,5,,0,1.1916846912930064,1.0166513550170326,
S028,6,1.1454486258354601,62,1.1916846912930064,1.3,1.1807433322916023
S028,7,1.2319690377556645,62,1.1916846912930064,1.0636247309869762,1.2012176282421851
S028,8,1.2218183432717133,62,1.1916846912930064,1.009798995725023,1.198815555501708
S028,9,1.2451314774345366,62,1.1916846912930064,1.014345644796355,1.2043324040440555
S028,10,1.2973799850638301,62,1.1916846912930064,1.029636269839956,1.2166965547044226
S028,11,1.250397388074724,62,1.1916846912930064,1.0124218305045298,1.205578535569596
S028,12,1.2165513422131569,62,1.1916846912930064,1.0025961503108956,1.1975691659382328
S028,13,1.2884113422576515,62,1.1916846912930064,0.9859213079674419,1.2145742041167011
S028,14,1.2989864730665126,62,1.1916846912930064,1.0122433827571713,1.2170767159875002
S028,15,1.2207333456237002,62,1.1916846912930064,1.0289453482398354,1.1985588003330943
S028,16,1.213408528517792,62,1.1916846912930064,1.0596856988837373,1.1968254466668107
S028,17,1.145433000985756,62,1.1916846912930064,1.0224285078521531,1.1807396348080845
S028,18,0.8029161132844874,62,1.1916846912930064,0.9213453874536068,1.0996860201612195
S028,19,0.20040008414939095,19,1.1916846912930064,0.7,1.1056828303992678
S028,20,,0,1.1916846912930064,1.0166513550170326,
S028,21,,0,1.1916846912930064,1.0166513550170326,
S028,22,,0,1.1916846912930064,1.0166513550170326,
S028,23,,0,1.1916846912930064,1.0166513550170326,
S030,0,,0,1.060987486109751,1.0166513550170326,
S030,1,,0,1.060987486109751,1.0166513550170326,
S030,2,,0,1.060987486109751,1.0166513550170326,
S030,3,,0,1.060987486109751,1.0166513550170326,
S030,4,,0,1.060987486109751,1.0166513550170326,
S030,5,,0,1.060987486109751,1.0166513550170326,
S030,6,1.051228073991139,62,1.060987486109751,1.3,1.0586780069061101
S030,7,1.2182429321146133,62,1.060987486109751,1.0636247309869762,1.098200606920062
S030,8,1.17658306726553,62,1.060987486109751,1.009798995725023,1.0883421656198973
S030,9,1.1704356499215132,62,1.060987486109751,1.014345644796355,1.0868874332713132
S030,10,1.1613524711158003,62,1.060987486109751,1.029636269839956,1.0847379787447704
S030,11,1.1049970116990644,62,1.060987486109751,1.0124218305045298,1.0714019539972985
S030,12,0.9994567008783107,62,1.060987486109751,1.0025961503108956,1.046426765940479
S030,13,1.0916468788684566,62,1.060987486109751,0.9859213079674419,1.0682427622587578
S030,14,1.1116108763966803,62,1.060987486109751,1.0122433827571713,1.072967067017345
S030,15,1.0077939275765724,62,1.060987486109751,1.0289453482398354,1.048399697449228
S030,16,1.0190026476863292,62,1.060987486109751,1.0596856988837373,1.0510521426660406
S030,17,0.8819121707380382,62,1.060987486109751,1.0224285078521531,1.0186108847622466
S030,18,0.5683545420422227,62,1.060987486109751,0.9213453874536068,0.9444102245365191
S030,19,0.19651077115396526,19,1.060987486109751,0.7,0.9859872231683814
S030,20,,0,1.060987486109751,1.0166513550170326,
S030,21,,0,1.060987486109751,1.0166513550170326,
S030,22,,0,1.060987486109751,1.0166513550170326,
S030,23,,0,1.060987486109751,1.0166513550170326,
S031,0,,0,1.0805521790265797,1.0166513550170326,
S031,1,,0,1.0805521790265797,1.0166513550170326,
S031,2,,0,1.0805521790265797,1.0166513550170326,
S031,3,,0,1.0805521790265797,1.0166513550170326,
S031,4,,0,1.0805521790265797,1.0166513550170326,
S031,5,,0,1.0805521790265797,1.0166513550170326,
S031,6,0.9443461771605245,62,1.0805521790265797,1.3,1.0483202243865208
S031,7,0.9997161563944508,62,1.0805521790265797,1.0636247309869762,1.0614230438998928
S031,8,0.9628729137177995,62,1.0805521790265797,1.009798995725023,1.0527044139535096
S031,9,1.0094637907834454,62,1.0805521790265797,1.014345644796355,1.0637297360072122
S031,10,1.0370986056870473,62,1.0805521790265797,1.029636269839956,1.0702692723584462
S031,11,1.0849738788675611,62,1.0805521790265797,1.0124218305045298,1.081598535477499
S031,12,1.1046606121481246,62,1.0805521790265797,1.0025961503108956,1.0862572280858767
S031,13,1.1545785397769053,62,1.0805521790265797,0.9859213079674419,1.0980698674484126
S031,14,1.1697457473389115,62,1.0805521790265797,1.0122433827571713,1.1016590539707194
S031,15,1.221467203685718,62,1.0805521790265797,1.0289453482398354,1.113898482571872
S031,16,1.1986152860240795,62,1.0805521790265797,1.0596856988837373,1.1084907768656829
S031,17,1.0961459892615566,62,1.0805521790265797,1.0224285078521531,1.08424231732646
S031,18,0.7860212588588549,62,1.0805521790265797,0.9213453874536068,1.0108540223456677
S031,19,0.38448119417078164,17,1.0805521790265797,0.7,1.0260212723788904
S031,20,,0,1.0805521790265797,1.0166513550170326,
S031,21,,0,1.0805521790265797,1.0166513550170326,
S031,22,,0,1.0805521790265797,1.0166513550170326,
S031,23,,0,1.0805521790265797,1.0166513550170326,
S032,0,,0,1.3,1.0166513550170326,
S032,1,,0,1.3,1.0166513550170326,
S032,2,,0,1.3,1.0166513550170326,
S032,3,,0,1.3,1.0166513550170326,
S032,4,,0,1.3,1.0166513550170326,
S032,5,,0,1.3,1.0166513550170326,
S032,6,0.0,62,1.3,1.3,0.9923664122137406
S032,7,5.637681818439081,62,1.3,1.0636247309869762,1.3
S032,8,7.7614080804797405,62,1.3,1.009798995725023,1.3
S032,9,8.26436671777665,62,1.3,1.014345644796355,1.3
S032,10,4.606063208877181,62,1.3,1.029636269839956,1.3
S032,11,3.1892593621052057,62,1.3,1.0124218305045298,1.3
S032,12,2.986774804487507,62,1.3,1.0025961503108956,1.3
S032,13,2.6775483571929692,62,1.3,0.9859213079674419,1.3
S032,14,3.5880426630249236,62,1.3,1.0122433827571713,1.3
S032,15,6.058251585669295,62,1.3,1.0289453482398354,1.3
S032,16,7.586142594202995,62,1.3,1.0596856988837373,1.3
S032,17,5.150235924767284,62,1.3,1.0224285078521531,1.3
S032,18,2.2817079311749193,62,1.3,0.9213453874536068,1.3
S032,19,,0,1.3,0.7,
S032,20,,0,1.3,1.0166513550170326,
S032,21,,0,1.3,1.0166513550170326,
S032,22,,0,1.3,1.0166513550170326,
S032,23,,0,1.3,1.0166513550170326,
S033,0,,0,1.2376702171502791,1.0166513550170326,
S033,1,,0,1.2376702171502791,1.0166513550170326,
S033,2,,0,1.2376702171502791,1.0166513550170326,
S033,3,,0,1.2376702171502791,1.0166513550170326,
S033,4,,0,1.2376702171502791,1.0166513550170326,
S033,5,,0,1.2376702171502791,1.0166513550170326,
S033,6,1.3241588284145513,62,1.2376702171502791,1.3,1.2581369877548017
S033,7,1.1588981075790188,62,1.2376702171502791,1.0636247309869762,1.219029488931126
S033,8,1.275196247209487,62,1.2376702171502791,1.009798995725023,1.2465504227368094
S033,9,1.2358367148339013,62,1.2376702171502791,1.014345644796355,1.2372363349227395
S033,10,1.3341620005733705,62,1.2376702171502791,1.029636269839956,1.2605041506320795
S033,11,1.3597465487393456,62,1.2376702171502791,1.0124218305045298,1.2665585093583789
S033,12,1.3057986340338903,62,1.2376702171502791,1.0025961503108956,1.2537922089318971
S033,13,1.2434762707395868,62,1.2376702171502791,0.9859213079674419,1.2390441687630163
S033,14,1.2322540477761352,62,1.2376702171502791,1.0122433827571713,1.2363885282144131
S033,15,1.3185024236888627,62,1.2376702171502791,1.0289453482398354,1.2567984492319288
S033,16,1.4364782065529647,62,1.2376702171502791,1.0596856988837373,1.2847163825814492
S033,17,1.4105338766186266,62,1.2376702171502791,1.0224285078521531,1.278576884658056
S033,18,0.9753933462185282,62,1.2376702171502791,0.9213453874536068,1.1756046980748267
S033,19,0.32467915345274145,21,1.2376702171502791,0.7,1.1509154101925945
S033,20,,0,1.2376702171502791,1.0166513550170326,
S033,21,,0,1.2376702171502791,1.0166513550170326,
S033,22,,0,1.2376702171502791,1.0166513550170326,
S033,23,,0,1.2376702171502791,1.0166513550170326,
S034,0,,0,1.0874396719782362,1.0166513550170326,
S034,1,,0,1.0874396719782362,1.0166513550170326,
S034,2,,0,1.0874396719782362,1.0166513550170326,
S034,3,,0,1.0874396719782362,1.0166513550170326,
S034,4,,0,1.0874396719782362,1.0166513550170326,
S034,5,,0,1.0874396719782362,1.0166513550170326,
S034,6,1.344102508256272,62,1.0874396719782362,1.3,1.1481766790363974
S034,7,1.2205447085846153,62,1.0874396719782362,1.0636247309869762,1.1189378104118068
S034,8,1.1427104472014766,62,1.0874396719782362,1.009798995725023,1.1005190157333542
S034,9,1.1891268832120603,62,1.0874396719782362,1.014345644796355,1.111503057842729
S034,10,1.1293108848898736,62,1.0874396719782362,1.029636269839956,1.0973481269420589
S034,11,1.1457782724460708,62,1.0874396719782362,1.0124218305045298,1.101244989646197
S034,12,1.016295610290263,62,1.0874396719782362,1.0025961503108956,1.0706040543268838
S034,13,1.0696606246828493,62,1.0874396719782362,0.9859213079674419,1.0832324165113891
S034,14,1.1859285318966386,62,1.0874396719782362,1.0122433827571713,1.1107461960810643
S034,15,1.1292625021990805,62,1.0874396719782362,1.0289453482398354,1.0973366776030162
S034,16,1.0642606885004608,62,1.0874396719782362,1.0596856988837373,1.0819545690178467
S034,17,0.9544371475939208,62,1.0874396719782362,1.0224285078521531,1.0559657921621006
S034,18,0.700732619457123,62,1.0874396719782362,0.9213453874536068,0.9959288427556828
S034,19,0.0,16,1.0874396719782362,0.7,1.0068885851650335
S034,20,,0,1.0874396719782362,1.0166513550170326,
S034,21,,0,1.0874396719782362,1.0166513550170326,
S034,22,,0,1.0874396719782362,1.0166513550170326,
S034,23,,0,1.0874396719782362,1.0166513550170326,
S035,0,,0,0.9089668194996201,1.0166513550170326,
S035,1,,0,0.9089668194996201,1.0166513550170326,
S035,2,,0,0.9089668194996201,1.0166513550170326,
S035,3,,0,0.9089668194996201,1.0166513550170326,
S035,4,,0,0.9089668194996201,1.0166513550170326,
S035,5,,0,0.9089668194996201,1.0166513550170326,
S035,6,1.0893041013308375,62,0.9089668194996201,1.3,0.951642054131435
S035,7,0.9650122878499655,62,0.9089668194996201,1.0636247309869762,0.9222294875825263
S035,8,0.9210409066269158,62,0.9089668194996201,1.009798995725023,0.9118240462244
S035,9,0.9158698870318711,62,0.9089668194996201,1.014345644796355,0.9106003698316796
S035,10,0.911831688913541,62,0.9089668194996201,1.029636269839956,0.9096447656968075
S035,11,0.8231102682828009,62,0.9089668194996201,1.0124218305045298,0.8886496203567087
S035,12,0.8276064114056857,62,0.9089668194996201,1.0025961503108956,0.8897135931567808
S035,13,0.843655995805326,62,0.9089668194996201,0.9859213079674419,0.8935115864116574
S035,14,0.870176472285924,62,0.9089668194996201,1.0122433827571713,0.8997874243574477
S035,15,0.8943881289149221,62,0.9089668194996201,1.0289453482398354,0.905516900353623
S035,16,0.9750556726514696,62,0.9089668194996201,1.0596856988837373,0.9246061664286838
S035,17,0.9562147607513151,62,0.9089668194996201,1.0224285078521531,0.9201476300248304
S035,18,0.7885183321418185,62,0.9089668194996201,0.9213453874536068,0.8804637423386137
S035,19,0.5702005851913893,19,0.9089668194996201,0.7,0.879576141637262
S035,20,,0,0.9089668194996201,1.0166513550170326,
S035,21,,0,0.9089668194996201,1.0166513550170326,
S035,22,,0,0.9089668194996201,1.0166513550170326,
S035,23,,0,0.9089668194996201,1.0166513550170326,
S037,0,,0,0.7,1.0166513550170326,
S037,1,,0,0.7,1.0166513550170326,
S037,2,,0,0.7,1.0166513550170326,
S037,3,,0,0.7,1.0166513550170326,
S037,4,,0,0.7,1.0166513550170326,
S037,5,,0,0.7,1.0166513550170326,
S037,6,0.0,62,0.7,1.3,0.7
S037,7,0.0,62,0.7,1.0636247309869762,0.7
S037,8,0.0,62,0.7,1.009798995725023,0.7
S037,9,0.0,62,0.7,1.014345644796355,0.7
S037,10,0.0,62,0.7,1.029636269839956,0.7
S037,11,0.0,62,0.7,1.0124218305045298,0.7
S037,12,0.0,62,0.7,1.0025961503108956,0.7
S037,13,0.0,62,0.7,0.9859213079674419,0.7
S037,14,0.0,62,0.7,1.0122433827571713,0.7
S037,15,0.0,62,0.7,1.0289453482398354,0.7
S037,16,0.0,62,0.7,1.0596856988837373,0.7
S037,17,0.0,62,0.7,1.0224285078521531,0.7
S037,18,0.0,62,0.7,0.9213453874536068,0.7
S037,19,0.0,16,0.7,0.7,0.7
S037,20,,0,0.7,1.0166513550170326,
S037,21,,0,0.7,1.0166513550170326,
S037,22,,0,0.7,1.0166513550170326,
S037,23,,0,0.7,1.0166513550170326,
S038,0,,0,1.1305176739850866,1.0166513550170326,
S038,1,,0,1.1305176739850866,1.0166513550170326,
S038,2,,0,1.1305176739850866,1.0166513550170326,
S038,3,,0,1.1305176739850866,1.0166513550170326,
S038,4,,0,1.1305176739850866,1.0166513550170326,
S038,5,,0,1.1305176739850866,1.0166513550170326,
S038,6,0.9476450000175776,62,1.1305176739850866,1.3,1.0872424610614777
S038,7,1.0031691419721243,62,1.1305176739850866,1.0636247309869762,1.1003817618293474
S038,8,1.1085354082047667,62,1.1305176739850866,1.009798995725023,1.1253157637622628
S038,9,1.10284127829882,62,1.1305176739850866,1.014345644796355,1.1239682979066572
S038,10,1.1979970635684063,62,1.1305176739850866,1.029636269839956,1.1464860791536584
S038,11,1.1559015494652576,62,1.1305176739850866,1.0124218305045298,1.136524545281921
S038,12,1.1753594572399158,62,1.1305176739850866,1.0025961503108956,1.1411290883430998
S038,13,1.1971701603284817,62,1.1305176739850866,0.9859213079674419,1.1462903997610046
S038,14,1.2611506533199546,62,1.1305176739850866,1.0122433827571713,1.1614308217666203
S038,15,1.2043235656529556,62,1.1305176739850866,1.0289453482398354,1.1479831903339717
S038,16,1.2521600137174183,62,1.1305176739850866,1.0596856988837373,1.1593032658301423
S038,17,1.040963682275301,62,1.1305176739850866,1.0224285078521531,1.1093255080079618
S038,18,0.7144237454665566,62,1.1305176739850866,0.9213453874536068,1.0320526985341367
S038,19,0.22135477903390574,21,1.1305176739850866,0.7,1.0441266296684586
S038,20,,0,1.1305176739850866,1.0166513550170326,
S038,21,,0,1.1305176739850866,1.0166513550170326,
S038,22,,0,1.1305176739850866,1.0166513550170326,
S038,23,,0,1.1305176739850866,1.0166513550170326,
S039,0,,0,1.0670007026298196,1.0166513550170326,
S039,1,,0,1.0670007026298196,1.0166513550170326,
S039,2,,0,1.0670007026298196,1.0166513550170326,
S039,3,,0,1.0670007026298196,1.0166513550170326,
S039,4,,0,1.0670007026298196,1.0166513550170326,
S039,5,,0,1.0670007026298196,1.0166513550170326,
S039,6,0.9703283180002156,62,1.0670007026298196,1.3,1.0441240314579288
S039,7,1.1062261161089466,62,1.0670007026298196,1.0636247309869762,1.0762830523844222
S039,8,1.1176567979163659,62,1.0670007026298196,1.009798995725023,1.078988022888468
S039,9,1.0259866853422444,62,1.0670007026298196,1.014345644796355,1.0572950954854317
S039,10,1.094338047213802,62,1.0670007026298196,1.029636269839956,1.0734698452412963
S039,11,1.1239018387019342,62,1.0670007026298196,1.0124218305045298,1.0804658569674956
S039,12,1.0653955664466228,62,1.0670007026298196,1.0025961503108956,1.0666208612429564
S039,13,1.0213443993007927,62,1.0670007026298196,0.9859213079674419,1.0561965392466148
S039,14,1.1203662288792202,62,1.0670007026298196,1.0122433827571713,1.0796291859407465
S039,15,1.1960653524607598,62,1.0670007026298196,1.0289453482398354,1.0975427190020268
S039,16,1.1200251326833401,62,1.0670007026298196,1.0596856988837373,1.0795484685203474
S039,17,1.0400762640929253,62,1.0670007026298196,1.0224285078521531,1.0606292706096385
S039,18,0.7284464788105605,62,1.0670007026298196,0.9213453874536068,0.9868848176038881
S039,19,0.18672429812643318,23,1.0670007026298196,0.7,0.9762098627034614
S039,20,,0,1.0670007026298196,1.0166513550170326,
S039,21,,0,1.0670007026298196,1.0166513550170326,
S039,22,,0,1.0670007026298196,1.0166513550170326,
S039,23,,0,1.0670007026298196,1.0166513550170326,
S040,0,,0,1.2875319046845304,1.0166513550170326,
S040,1,,0,1.2875319046845304,1.0166513550170326,
S040,2,,0,1.2875319046845304,1.0166513550170326,
S040,3,,0,1.2875319046845304,1.0166513550170326,
S040,4,,0,1.2875319046845304,1.0166513550170326,
S040,5,,0,1.2875319046845304,1.0166513550170326,
S040,6,1.572156455234497,62,1.2875319046845304,1.3,1.3
S040,7,1.2319351183148772,62,1.2875319046845304,1.0636247309869762,1.2743754132535439
S040,8,1.1170521490381018,62,1.2875319046845304,1.009798995725023,1.2471893670888106
S040,9,1.4030635811348386,62,1.2875319046845304,1.014345644796355,1.3
S040,10,1.337342684413612,62,1.2875319046845304,1.029636269839956,1.299319188437214
S040,11,1.386420226714333,62,1.2875319046845304,1.0124218305045298,1.3
S040,12,1.30779024626829,62,1.2875319046845304,1.0025961503108956,1.292325863379924
S040,13,1.3921795954632514,62,1.2875319046845304,0.9859213079674419,1.3
S040,14,1.4169618096533827,62,1.2875319046845304,1.0122433827571713,1.3
S040,15,1.468141904358138,62,1.2875319046845304,1.0289453482398354,1.3
S040,16,1.3829578394279145,62,1.2875319046845304,1.0596856988837373,1.3
S040,17,1.353065391623463,62,1.2875319046845304,1.0224285078521531,1.3
S040,18,1.2398521254459678,62,1.2875319046845304,0.9213453874536068,1.276248903490672
S040,19,0.49147183466635624,24,1.2875319046845304,0.7,1.2022397543254404
S040,20,,0,1.2875319046845304,1.0166513550170326,
S040,21,,0,1.2875319046845304,1.0166513550170326,
S040,22,,0,1.2875319046845304,1.0166513550170326,
S040,23,,0,1.2875319046845304,1.0166513550170326,
S041,0,,0,1.1021045860571417,1.0166513550170326,
S041,1,,0,1.1021045860571417,1.0166513550170326,
S041,2,,0,1.1021045860571417,1.0166513550170326,
S041,3,,0,1.1021045860571417,1.0166513550170326,
S041,4,,0,1.1021045860571417,1.0166513550170326,
S041,5,,0,1.1021045860571417,1.0166513550170326,
S041,6,0.7181402211692596,62,1.1021045860571417,1.3,1.0112427897859635
S041,7,0.9051617211132518,62,1.1021045860571417,1.0636247309869762,1.0554997859559159
S041,8,1.142875507272873,62,1.1021045860571417,1.009798995725023,1.1117526666501774
S041,9,1.1666653321970715,62,1.1021045860571417,1.014345644796355,1.1173823198765145
S041,10,1.2799860572419297,62,1.1021045860571417,1.029636269839956,1.144198674658122
S041,11,1.2327941046744426,62,1.1021045860571417,1.0124218305045298,1.133031113363526
S041,12,1.180373955405294,62,1.1021045860571417,1.0025961503108956,1.120626345215865
S041,13,1.1469311282294714,62,1.1021045860571417,0.9859213079674419,1.112712393746777
S041,14,1.1473052157628554,62,1.1021045860571417,1.0122433827571713,1.1128009182775778
S041,15,1.0622420841336488,62,1.1021045860571417,1.0289453482398354,1.092671474914941
S041,16,1.0837858132489009,62,1.1021045860571417,1.0596856988837373,1.0977696092857259
S041,17,0.9049897529156652,62,1.1021045860571417,1.0224285078521531,1.0554590911916015
S041,18,0.5304761369169632,62,1.1021045860571417,0.9213453874536068,0.9668337316804583
S041,19,0.1799934028263136,22,1.1021045860571417,0.7,1.0107241985297624
S041,20,,0,1.1021045860571417,1.0166513550170326,
S041,21,,0,1.1021045860571417,1.0166513550170326,
S041,22,,0,1.1021045860571417,1.0166513550170326,
S041,23,,0,1.1021045860571417,1.0166513550170326,
S042,0,,0,1.1539221538153994,1.0166513550170326,
S042,1,,0,1.1539221538153994,1.0166513550170326,
S042,2,,0,1.1539221538153994,1.0166513550170326,
S042,3,,0,1.1539221538153994,1.0166513550170326,
S042,4,,0,1.1539221538153994,1.0166513550170326,
S042,5,,0,1.1539221538153994,1.0166513550170326,
S042,6,1.2535555878576972,62,1.1539221538153994,1.3,1.1774995313368593
S042,7,1.2049216473726363,62,1.1539221538153994,1.0636247309869762,1.1659907362602417
S042,8,1.174391519847547,62,1.1539221538153994,1.009798995725023,1.1587660495939993
S042,9,1.1756011181772958,62,1.1539221538153994,1.014345644796355,1.159052290420123
S042,10,1.2779930167136442,62,1.1539221538153994,1.029636269839956,1.183282434348572
S042,11,1.2064476364230676,62,1.1539221538153994,1.0124218305045298,1.1663518481729394
S042,12,1.1723672836237033,62,1.1539221538153994,1.0025961503108956,1.1582870318616394
S042,13,1.18069281547839,62,1.1539221538153994,0.9859213079674419,1.160257195888321
S042,14,1.2053918290169763,62,1.1539221538153994,1.0122433827571713,1.166102000618826
S042,15,1.164384170432706,62,1.1539221538153994,1.0289453482398354,1.1563978982057546
S042,16,1.241766471858386,62,1.1539221538153994,1.0596856988837373,1.174709740527862
S042,17,1.1522880360596786,62,1.1539221538153994,1.0224285078521531,1.1535354541938168
S042,18,0.7940724107751556,62,1.1539221538153994,0.9213453874536068,1.0687668711112197
S042,19,0.24410641663079113,21,1.1539221538153994,0.7,1.0674690747164095
S042,20,,0,1.1539221538153994,1.0166513550170326,
S042,21,,0,1.1539221538153994,1.0166513550170326,
S042,22,,0,1.1539221538153994,1.0166513550170326,
S042,23,,0,1.1539221538153994,1.0166513550170326,
S044,0,,0,0.7,1.0166513550170326,
S044,1,,0,0.7,1.0166513550170326,
S044,2,,0,0.7,1.0166513550170326,
S044,3,,0,0.7,1.0166513550170326,
S044,4,,0,0.7,1.0166513550170326,
S044,5,,0,0.7,1.0166513550170326,
S044,6,0.0,62,0.7,1.3,0.7
S044,7,0.0,62,0.7,1.0636247309869762,0.7
S044,8,0.0,62,0.7,1.009798995725023,0.7
S044,9,0.0,62,0.7,1.014345644796355,0.7
S044,10,0.0,62,0.7,1.029636269839956,0.7
S044,11,0.0,62,0.7,1.0124218305045298,0.7
S044,12,0.0,62,0.7,1.0025961503108956,0.7
S044,13,0.0,62,0.7,0.9859213079674419,0.7
S044,14,0.0,62,0.7,1.0122433827571713,0.7
S044,15,0.0,62,0.7,1.0289453482398354,0.7
S044,16,0.0,62,0.7,1.0596856988837373,0.7
S044,17,0.0,62,0.7,1.0224285078521531,0.7
S044,18,0.0,62,0.7,0.9213453874536068,0.7
S044,19,0.0,20,0.7,0.7,0.7
S044,20,,0,0.7,1.0166513550170326,
S044,21,,0,0.7,1.0166513550170326,
S044,22,,0,0.7,1.0166513550170326,
S044,23,,0,0.7,1.0166513550170326,
S045,0,,0,0.7,1.0166513550170326,
S045,1,,0,0.7,1.0166513550170326,
S045,2,,0,0.7,1.0166513550170326,
S045,3,,0,0.7,1.0166513550170326,
S045,4,,0,0.7,1.0166513550170326,
S045,5,,0,0.7,1.0166513550170326,
S045,6,0.3803422861848822,62,0.7,1.3,0.7
S045,7,0.3830405032621237,62,0.7,1.0636247309869762,0.7
S045,8,0.38271849971758753,62,0.7,1.009798995725023,0.7
S045,9,0.40578224101664706,62,0.7,1.014345644796355,0.7
S045,10,0.3559307007893053,62,0.7,1.029636269839956,0.7
S045,11,0.38543308726822945,62,0.7,1.0124218305045298,0.7
S045,12,0.37960891131160807,62,0.7,1.0025961503108956,0.7
S045,13,0.39351962727483636,62,0.7,0.9859213079674419,0.7
S045,14,0.37415814837668526,62,0.7,1.0122433827571713,0.7
S045,15,0.3494796498823434,62,0.7,1.0289453482398354,0.7
S045,16,0.37328875279134544,62,0.7,1.0596856988837373,0.7
S045,17,0.34075087494561523,62,0.7,1.0224285078521531,0.7
S045,18,0.24716222779964336,62,0.7,0.9213453874536068,0.7
S045,19,0.14860317345182233,16,0.7,0.7,0.7
S045,20,,0,0.7,1.0166513550170326,
S045,21,,0,0.7,1.0166513550170326,
S045,22,,0,0.7,1.0166513550170326,
S045,23,,0,0.7,1.0166513550170326,
S046,0,,0,1.0483701248350596,1.0166513550170326,
S046,1,,0,1.0483701248350596,1.0166513550170326,
S046,2,,0,1.0483701248350596,1.0166513550170326,
S046,3,,0,1.0483701248350596,1.0166513550170326,
S046,4,,0,1.0483701248350596,1.0166513550170326,
S046,5,,0,1.0483701248350596,1.0166513550170326,
S046,6,0.8734402631144776,62,1.0483701248350596,1.3,1.0069745087027082
S046,7,1.028503145038571,62,1.0483701248350596,1.0636247309869762,1.0436687784710053
S046,8,1.0489424876433955,62,1.0483701248350596,1.009798995725023,1.0485055694690935
S046,9,1.047500615699551,62,1.0483701248350596,1.014345644796355,1.048164363131237
S046,10,1.0051405124567954,62,1.0483701248350596,1.029636269839956,1.0381402165623408
S046,11,1.1062315651153423,62,1.0483701248350596,1.0124218305045298,1.0620625267334471
S046,12,1.078447101589651,62,1.0483701248350596,1.0025961503108956,1.055487577349505
S046,13,1.0832419145706704,62,1.0483701248350596,0.9859213079674419,1.0566222277495936
S046,14,1.1055668433996224,62,1.0483701248350596,1.0122433827571713,1.0619052261747655
S046,15,1.0979954792352509,62,1.0483701248350596,1.0289453482398354,1.0601135293114408
S046,16,1.1278398463266912,62,1.0483701248350596,1.0596856988837373,1.0671759367910947
S046,17,0.9475273796465903,62,1.0483701248350596,1.0224285078521531,1.0245065744469486
S046,18,0.6682810839954917,62,1.0483701248350596,0.9213453874536068,0.9584253899798948
S046,19,0.21078595860252483,23,1.0483701248350596,0.7,0.9619825202460539
S046,20,,0,1.0483701248350596,1.0166513550170326,
S046,21,,0,1.0483701248350596,1.0166513550170326,
S046,22,,0,1.0483701248350596,1.0166513550170326,
S046,23,,0,1.0483701248350596,1.0166513550170326,
S047,0,,0,0.8477438559740096,1.0166513550170326,
S047,1,,0,0.8477438559740096,1.0166513550170326,
S047,2,,0,0.8477438559740096,1.0166513550170326,
S047,3,,0,0.8477438559740096,1.0166513550170326,
S047,4,,0,0.8477438559740096,1.0166513550170326,
S047,5,,0,0.8477438559740096,1.0166513550170326,
S047,6,0.6977388976329288,62,0.8477438559740096,1.3,0.8122464994200134
S047,7,0.9002485756594599,62,0.8477438559740096,1.0636247309869762,0.8601686369682765
S047,8,0.9083237019278011,62,0.8477438559740096,1.009798995725023,0.8620795447111664
S047,9,0.856318508051824,62,0.8477438559740096,1.014345644796355,0.849772972114561
S047,10,0.8576573737039047,62,0.8477438559740096,1.029636269839956,0.8500898029177253
S047,11,0.7357276180776653,62,0.8477438559740096,1.0124218305045298,0.821236196624493
S047,12,0.7040622182337603,62,0.8477438559740096,1.0025961503108956,0.8137428577301338
S047,13,0.7416374240477301,62,0.8477438559740096,0.9859213079674419,0.8226347003273328
S047,14,0.8076611080782021,62,0.8477438559740096,1.0122433827571713,0.8382586255559178
S047,15,0.872864603121163,62,0.8477438559740096,1.0289453482398354,0.8536884602607406
S047,16,0.9223732956914805,62,0.8477438559740096,1.0596856988837373,0.8654042577392127
S047,17,0.8662355290442175,62,0.8477438559740096,1.0224285078521531,0.8521197480745932
S047,18,0.6496789599269366,62,0.8477438559740096,0.9213453874536068,0.8008735370621068
S047,19,0.2416172769374008,19,0.8477438559740096,0.7,0.795157531765354
S047,20,,0,0.8477438559740096,1.0166513550170326,
S047,21,,0,0.8477438559740096,1.0166513550170326,
S047,22,,0,0.8477438559740096,1.0166513550170326,
S047,23,,0,0.8477438559740096,1.0166513550170326,
S048,0,,0,0.9933689844459612,1.0166513550170326,
S048,1,,0,0.9933689844459612,1.0166513550170326,
S048,2,,0,0.9933689844459612,1.0166513550170326,
S048,3,,0,0.9933689844459612,1.0166513550170326,
S048,4,,0,0.9933689844459612,1.0166513550170326,
S048,5,,0,0.9933689844459612,1.0166513550170326,
S048,6,1.3723827897613647,62,0.9933689844459612,1.3,1.0830592742534233
S048,7,1.0104528488450606,62,0.9933689844459612,1.0636247309869762,0.9974117309831527
S048,8,0.9573242073183134,62,0.9933689844459612,1.009798995725023,0.9848393043623195
S048,9,0.9605767555892142,62,0.9933689844459612,1.014345644796355,0.9856089913577235
S048,10,0.9505980438908787,62,0.9933689844459612,1.029636269839956,0.9832476168336899
S048,11,0.9894806162600648,62,0.9933689844459612,1.0124218305045298,0.9924488362492988
S048,12,1.000625527991109,62,0.9933689844459612,1.0025961503108956,0.995086181773439
S048,13,0.8756913937912123,62,0.9933689844459612,0.9859213079674419,0.9655216156650666
S048,14,1.0504870772826034,62,0.9933689844459612,1.0122433827571713,1.0068854796973805
S048,15,1.1485785634050805,62,0.9933689844459612,1.0289453482398354,1.0300979687797986
S048,16,1.13152243202089,62,0.9933689844459612,1.0596856988837373,1.0260617850171276
S048,17,0.8867521088502301,62,0.9933689844459612,1.0224285078521531,0.9681390367859029
S048,18,0.7294770803644882,62,0.9933689844459612,0.9213453874536068,0.930921281953399
S048,19,0.035031793310706945,21,0.9933689844459612,0.7,0.9023052694512085
S048,20,,0,0.9933689844459612,1.0166513550170326,
S048,21,,0,0.9933689844459612,1.0166513550170326,
S048,22,,0,0.9933689844459612,1.0166513550170326,
S048,23,,0,0.9933689844459612,1.0166513550170326,
S049,0,,0,0.9890034564826699,1.0166513550170326,
S049,1,,0,0.9890034564826699,1.0166513550170326,
S049,2,,0,0.9890034564826699,1.0166513550170326,
S049,3,,0,0.9890034564826699,1.0166513550170326,
S049,4,,0,0.9890034564826699,1.0166513550170326,
S049,5,,0,0.9890034564826699,1.0166513550170326,
S049,6,1.9517873621226558,62,0.9890034564826699,1.3,1.2168378158325903
S049,7,1.1874928618780511,62,0.9890034564826699,1.0636247309869762,1.0359742318052412
S049,8,1.005754423809516,62,0.9890034564826699,1.009798995725023,0.9929674258500916
S049,9,0.9975203705888201,62,0.9890034564826699,1.014345644796355,0.9910189094390871
S049,10,1.0038630954106373,62,0.9890034564826699,1.029636269839956,0.9925198595877615
S049,11,0.9862790339876265,62,0.9890034564826699,1.0124218305045298,0.988358745815904
S049,12,0.962574436401687,62,0.9890034564826699,1.0025961503108956,0.9827492608909869
S049,13,0.9433299879572413,62,0.9890034564826699,0.9859213079674419,0.9781952311064235
S049,14,0.989364665659598,62,0.9890034564826699,1.0122433827571713,0.9890889334634697
S049,15,0.9836798657600396,62,0.9890034564826699,1.0289453482398354,0.9877436754719712
S049,16,0.9502048115322036,62,0.9890034564826699,1.0596856988837373,0.9798220977539336
S049,17,0.8649643041277935,62,0.9890034564826699,1.0224285078521531,0.9596506799712106
S049,18,0.7991024742608283,62,0.9890034564826699,0.9213453874536068,0.9440650561095624
S049,19,0.09155805859519024,16,0.9890034564826699,0.7,0.9225260196021158
S049,20,,0,0.9890034564826699,1.0166513550170326,
S049,21,,0,0.9890034564826699,1.0166513550170326,
S049,22,,0,0.9890034564826699,1.0166513550170326,
S049,23,,0,0.9890034564826699,1.0166513550170326,
S050,0,,0,1.1152606353860732,1.0166513550170326,
S050,1,,0,1.1152606353860732,1.0166513550170326,
S050,2,,0,1.1152606353860732,1.0166513550170326,
S050,3,,0,1.1152606353860732,1.0166513550170326,
S050,4,,0,1.1152606353860732,1.0166513550170326,
S050,5,,0,1.1152606353860732,1.0166513550170326,
S050,6,0.995102136053422,62,1.1152606353860732,1.3,1.0868261813455222
S050,7,1.0763057666810982,62,1.1152606353860732,1.0636247309869762,1.1060423076772625
S050,8,1.1651950220198255,62,1.1152606353860732,1.009798995725023,1.1270771696276483
S050,9,1.0694071230963322,62,1.1152606353860732,1.014345644796355,1.1044098042335393
S050,10,1.171792041428201,62,1.1152606353860732,1.029636269839956,1.1286382963578745
S050,11,1.2245438843932042,62,1.1152606353860732,1.0124218305045298,1.1411215569068447
S050,12,1.2643625812550352,62,1.1152606353860732,1.0025961503108956,1.1505443019657513
S050,13,1.1077168648667075,62,1.1152606353860732,0.9859213079674419,1.113475468316605
S050,14,1.1346470950425267,62,1.1152606353860732,1.0122433827571713,1.1198482708772952
S050,15,1.1491189518691305,62,1.1152606353860732,1.0289453482398354,1.123272908752293
S050,16,1.1587753740487843,62,1.1152606353860732,1.0596856988837373,1.1255580162909897
S050,17,1.0185144182260315,62,1.1152606353860732,1.0224285078521531,1.0923664923940024
S050,18,0.6956700041483569,62,1.1152606353860732,0.9213453874536068,1.0159681959328732
S050,19,0.20871983129121055,24,1.1152606353860732,0.7,1.0181312635187665
S050,20,,0,1.1152606353860732,1.0166513550170326,
S050,21,,0,1.1152606353860732,1.0166513550170326,
S050,22,,0,1.1152606353860732,1.0166513550170326,
S050,23,,0,1.1152606353860732,1.0166513550170326,
S051,0,,0,0.9078390284551505,1.0166513550170326,
S051,1,,0,0.9078390284551505,1.0166513550170326,
S051,2,,0,0.9078390284551505,1.0166513550170326,
S051,3,,0,0.9078390284551505,1.0166513550170326,
S051,4,,0,0.9078390284551505,1.0166513550170326,
S051,5,,0,0.9078390284551505,1.0166513550170326,
S051,6,1.3847359597733582,62,0.9078390284551505,1.3,1.0206925007518257
S051,7,0.7302564577813523,62,0.9078390284551505,1.0636247309869762,0.8658156720361601
S051,8,0.8039008490824927,62,0.9078390284551505,1.009798995725023,0.8832429707410101
S051,9,0.8151452062950832,62,0.9078390284551505,1.014345644796355,0.8859038491653636
S051,10,0.9170288320936871,62,0.9078390284551505,1.029636269839956,0.9100137148123615
S051,11,0.8025063609027687,62,0.9078390284551505,1.0124218305045298,0.8829129773549685
S051,12,0.8302734123759383,62,0.9078390284551505,1.0025961503108956,0.8894838063295354
S051,13,0.8785575826129107,62,0.9078390284551505,0.9859213079674419,0.900909831347445
S051,14,0.9369656145116445,62,0.9078390284551505,1.0122433827571713,0.9147315793540155
S051,15,0.9009748362033683,62,0.9078390284551505,1.0289453482398354,0.9062146776169425
S051,16,1.076886693701264,62,0.9078390284551505,1.0596856988837373,0.9478426744294217
S051,17,1.030958539862324,62,0.9078390284551505,1.0224285078521531,0.9369741800095198
S051,18,0.9862138076186706,62,0.9078390284551505,0.9213453874536068,0.926385731921327
S051,19,1.1523789898103334,19,0.9078390284551505,0.7,0.9290548241891617
S051,20,,0,0.9078390284551505,1.0166513550170326,
S051,21,,0,0.9078390284551505,1.0166513550170326,
S051,22,,0,0.9078390284551505,1.0166513550170326,
S051,23,,0,0.9078390284551505,1.0166513550170326,
S052,0,,0,1.2863272464206819,1.0166513550170326,
S052,1,,0,1.2863272464206819,1.0166513550170326,
S052,2,,0,1.2863272464206819,1.0166513550170326,
S052,3,,0,1.2863272464206819,1.0166513550170326,
S052,4,,0,1.2863272464206819,1.0166513550170326,
S052,5,,0,1.2863272464206819,1.0166513550170326,
S052,6,1.15827672419734,62,1.2863272464206819,1.3,1.256025214444166
S052,7,1.238336856974017,62,1.2863272464206819,1.0636247309869762,1.274970742047807
S052,8,1.2793775604252162,62,1.2863272464206819,1.009798995725023,1.2846826642385487
S052,9,1.4092395739293744,62,1.2863272464206819,1.014345644796355,1.3
S052,10,1.4291950273897205,62,1.2863272464206819,1.029636269839956,1.3
S052,11,1.3486235208521176,62,1.2863272464206819,1.0124218305045298,1.3
S052,12,1.2840692172378363,62,1.2863272464206819,1.0025961503108956,1.285792903636955
S052,13,1.3700596520641677,62,1.2863272464206819,0.9859213079674419,1.3
S052,14,1.3693504455968968,62,1.2863272464206819,1.0122433827571713,1.3
S052,15,1.381763664704177,62,1.2863272464206819,1.0289453482398354,1.3
S052,16,1.4345563690896357,62,1.2863272464206819,1.0596856988837373,1.3
S052,17,1.4214875648928027,62,1.2863272464206819,1.0224285078521531,1.3
S052,18,1.0259467867641046,62,1.2863272464206819,0.9213453874536068,1.224710496425614
S052,19,0.3716753771143924,19,1.2863272464206819,0.7,1.2069738878963918
S052,20,,0,1.2863272464206819,1.0166513550170326,
S052,21,,0,1.2863272464206819,1.0166513550170326,
S052,22,,0,1.2863272464206819,1.0166513550170326,
S052,23,,0,1.2863272464206819,1.0166513550170326,
S053,0,,0,1.2624072561482433,1.0166513550170326,
S053,1,,0,1.2624072561482433,1.0166513550170326,
S053,2,,0,1.2624072561482433,1.0166513550170326,
S053,3,,0,1.2624072561482433,1.0166513550170326,
S053,4,,0,1.2624072561482433,1.0166513550170326,
S053,5,,0,1.2624072561482433,1.0166513550170326,
S053,6,2.6747524224769013,62,1.2624072561482433,1.3,1.3
S053,7,1.5340535518778753,62,1.2624072561482433,1.0636247309869762,1.3
S053,8,1.3941843426462794,62,1.2624072561482433,1.009798995725023,1.293591146846252
S053,9,1.31130088218205,62,1.2624072561482433,1.014345644796355,1.2739775035302894
S053,10,1.3056783991324619,62,1.2624072561482433,1.029636269839956,1.27264699227428
S053,11,1.2451838334964134,62,1.2624072561482433,1.0124218305045298,1.258331484375673
S053,12,1.1819814575625436,62,1.2624072561482433,1.0025961503108956,1.2433751969409403
S053,13,1.179715445015125,62,1.2624072561482433,0.9859213079674419,1.2428389649640703
S053,14,1.2008712733744138,62,1.2624072561482433,1.0122433827571713,1.2478453060261923
S053,15,1.2342494737906777,62,1.2624072561482433,1.0289453482398354,1.2557439641399646
S053,16,1.3512613738328152,62,1.2624072561482433,1.0596856988837373,1.2834338030812338
S053,17,1.4197229883759144,62,1.2624072561482433,1.0224285078521531,1.2996346431639518
S053,18,1.5326128280130922,62,1.2624072561482433,0.9213453874536068,1.3
S053,19,0.07209057129498579,19,1.2624072561482433,0.7,1.1591377720742164
S053,20,,0,1.2624072561482433,1.0166513550170326,
S053,21,,0,1.2624072561482433,1.0166513550170326,
S053,22,,0,1.2624072561482433,1.0166513550170326,
S053,23,,0,1.2624072561482433,1.0166513550170326,
S054,0,,0,0.9354159205521584,1.0166513550170326,
S054,1,,0,0.9354159205521584,1.0166513550170326,
S054,2,,0,0.9354159205521584,1.0166513550170326,
S054,3,,0,0.9354159205521584,1.0166513550170326,
S054,4,,0,0.9354159205521584,1.0166513550170326,
S054,5,,0,0.9354159205521584,1.0166513550170326,
S054,6,1.6881932789529304,62,0.9354159205521584,1.3,1.1135540740668448
S054,7,1.0666171462232659,62,0.9354159205521584,1.0636247309869762,0.9664635388407411
S054,8,0.9369656514117409,62,0.9354159205521584,1.009798995725023,0.9357826507555711
S054,9,0.8674629759279037,62,0.9354159205521584,1.014345644796355,0.9193354527403119
S054,10,0.9044575347137539,62,0.9354159205521584,1.029636269839956,0.9280898903155894
S054,11,0.9111544745569142,62,0.9354159205521584,1.0124218305045298,0.9296746623395433
S054,12,0.924193235533914,62,0.9354159205521584,1.0025961503108956,0.9327601706623448
S054,13,0.8687608064758783,62,0.9354159205521584,0.9859213079674419,0.9196425729463211
S054,14,0.87896924353956,62,0.9354159205521584,1.0122433827571713,0.9220583099613908
S054,15,0.9042004166945792,62,0.9354159205521584,1.0289453482398354,0.9280290455934946
S054,16,0.9904870723766444,62,0.9354159205521584,1.0596856988837373,0.9484480251823802
S054,17,0.9752147156550551,62,0.9354159205521584,1.0224285078521531,0.9448339560345232
S054,18,0.9281189302981754,62,0.9354159205521584,0.9213453874536068,0.9336891518661014
S054,19,0.3212847840026563,21,0.9354159205521584,0.7,0.8770595682103506
S054,20,,0,0.9354159205521584,1.0166513550170326,
S054,21,,0,0.9354159205521584,1.0166513550170326,
S054,22,,0,0.9354159205521584,1.0166513550170326,
S054,23,,0,0.9354159205521584,1.0166513550170326,
S055,0,,0,0.8117276393315109,1.0166513550170326,
S055,1,,0,0.8117276393315109,1.0166513550170326,
S055,2,,0,0.8117276393315109,1.0166513550170326,
S055,3,,0,0.8117276393315109,1.0166513550170326,
S055,4,,0,0.8117276393315109,1.0166513550170326,
S055,5,,0,0.8117276393315109,1.0166513550170326,
S055,6,1.5841835132223423,31,0.8117276393315109,1.3,0.9153905488146962
S055,7,0.7099717820778945,62,0.8117276393315109,1.0636247309869762,0.7876480089890521
S055,8,0.6603091168689934,62,0.8117276393315109,1.009798995725023,0.7758957752373274
S055,9,0.6645135007938612,62,0.8117276393315109,1.014345644796355,0.7768907057844335
S055,10,0.6861390557632209,62,0.8117276393315109,1.029636269839956,0.7820082035252743
S055,11,0.7861582169432962,62,0.8117276393315109,1.0124218305045298,0.805676859987735
S055,12,0.7462059865363752,62,0.8117276393315109,1.0025961503108956,0.7962225153876239
S055,13,0.7466824445007075,62,0.8117276393315109,0.9859213079674419,0.7963352649822368
S055,14,0.758549607594916,62,0.8117276393315109,1.0122433827571713,0.7991435249510953
S055,15,0.8235349179908245,62,0.8117276393315109,1.0289453482398354,0.8145217281745546
S055,16,0.925710141287784,62,0.8117276393315109,1.0596856988837373,0.838700597809713
S055,17,0.9330151990099921,62,0.8117276393315109,1.0224285078521531,0.8404292755913042
S055,18,0.9084598080583325,48,0.8117276393315109,0.9213453874536068,0.8304499945689602
S055,19,0.317678642432538,23,0.8117276393315109,0.7,0.7607719131939488
S055,20,,0,0.8117276393315109,1.0166513550170326,
S055,21,,0,0.8117276393315109,1.0166513550170326,
S055,22,,0,0.8117276393315109,1.0166513550170326,
S055,23,,0,0.8117276393315109,1.0166513550170326,
S056,0,,0,1.0168158669395368,1.0166513550170326,
S056,1,,0,1.0168158669395368,1.0166513550170326,
S056,2,,0,1.0168158669395368,1.0166513550170326,
S056,3,,0,1.0168158669395368,1.0166513550170326,
S056,4,,0,1.0168158669395368,1.0166513550170326,
S056,5,,0,1.0168158669395368,1.0166513550170326,
S056,6,1.113121503876011,62,1.0168158669395368,1.3,1.0396057504893896
S056,7,1.00546225474768,62,1.0168158669395368,1.0636247309869762,1.0141291342834486
S056,8,0.9682312857931927,62,1.0168158669395368,1.009798995725023,1.0053187523171196
S056,9,0.9854953956640385,62,1.0168158669395368,1.014345644796355,1.0094041523628923
S056,10,1.0942279972804823,62,1.0168158669395368,1.029636269839956,1.035134768012585
S056,11,1.013190409044123,62,1.0168158669395368,1.0124218305045298,1.015957934155126
S056,12,1.0084449247662028,62,1.0168158669395368,1.0025961503108956,1.0148349569595876
S056,13,1.0139300743908335,62,1.0168158669395368,0.9859213079674419,1.0161329694661796
S056,14,1.0649303854942684,62,1.0168158669395368,1.0122433827571713,1.0282017453761527
S056,15,1.0731957107452441,62,1.0168158669395368,1.0289453482398354,1.0301576620385973
S056,16,1.0707503219834735,62,1.0168158669395368,1.0596856988837373,1.0295789822552777
S056,17,0.8945128971869386,62,1.0168158669395368,1.0224285078521531,0.987873942799609
S056,18,0.6959172547257046,62,1.0168158669395368,0.9213453874536068,0.9408780274080193
S056,19,0.3344170783735274,20,1.0168158669395368,0.7,0.9547796134335359
S056,20,,0,1.0168158669395368,1.0166513550170326,
S056,21,,0,1.0168158669395368,1.0166513550170326,
S056,22,,0,1.0168158669395368,1.0166513550170326,
S056,23,,0,1.0168158669395368,1.0166513550170326,
S058,0,,0,1.0656369260685898,1.0166513550170326,
S058,1,,0,1.0656369260685898,1.0166513550170326,
S058,2,,0,1.0656369260685898,1.0166513550170326,
S058,3,,0,1.0656369260685898,1.0166513550170326,
S058,4,,0,1.0656369260685898,1.0166513550170326,
S058,5,,0,1.0656369260685898,1.0166513550170326,
S058,6,1.216347858011391,62,1.0656369260685898,1.3,1.101301345077955
S058,7,1.0797328535287067,62,1.0656369260685898,1.0636247309869762,1.068972603559152
S058,8,1.104712823869478,62,1.0656369260685898,1.009798995725023,1.0748838942504795
S058,9,1.115285403612245,62,1.0656369260685898,1.014345644796355,1.0773858024338823
S058,10,1.1456349337618028,62,1.0656369260685898,1.029636269839956,1.0845677523166022
S058,11,1.0843405573274967,62,1.0656369260685898,1.0124218305045298,1.0700629762138274
S058,12,1.049967300778486,62,1.0656369260685898,1.0025961503108956,1.061928846801466
S058,13,1.0335575203005305,62,1.0656369260685898,0.9859213079674419,1.0580456163066827
S058,14,1.0270867051260486,62,1.0656369260685898,1.0122433827571713,1.0565143547005076
S058,15,1.1057442907543438,62,1.0656369260685898,1.0289453482398354,1.075127981833921
S058,16,1.1645704986099357,62,1.0656369260685898,1.0596856988837373,1.0890486875096717
S058,17,1.098725213947112,62,1.0656369260685898,1.0224285078521531,1.0734669789253393
S058,18,0.7288485977531115,62,1.0656369260685898,0.9213453874536068,0.9859389247114919
S058,19,0.2837228624740959,21,1.0656369260685898,0.7,0.9913373996636832
S058,20,,0,1.0656369260685898,1.0166513550170326,
S058,21,,0,1.0656369260685898,1.0166513550170326,
S058,22,,0,1.0656369260685898,1.0166513550170326,
S058,23,,0,1.0656369260685898,1.0166513550170326,
S059,0,,0,1.081932506233708,1.0166513550170326,
S059,1,,0,1.081932506233708,1.0166513550170326,
S059,2,,0,1.081932506233708,1.0166513550170326,
S059,3,,0,1.081932506233708,1.0166513550170326,
S059,4,,0,1.081932506233708,1.0166513550170326,
S059,5,,0,1.081932506233708,1.0166513550170326,
S059,6,0.7630339825915109,62,1.081932506233708,1.3,1.0064679701046386
S059,7,0.9709522538529621,62,1.081932506233708,1.0636247309869762,1.0556700037619284
S059,8,0.9724990686887091,62,1.081932506233708,1.009798995725023,1.0560360439138992
S059,9,1.020079288600685,62,1.081932506233708,1.014345644796355,1.0672954852671148
S059,10,1.1104211207172159,62,1.081932506233708,1.029636269839956,1.0886740867603397
S059,11,1.0548911455165282,62,1.081932506233708,1.0124218305045298,1.0755334056059784
S059,12,1.1256312649123292,62,1.081932506233708,1.0025961503108956,1.0922734338599467
S059,13,1.1709487251641009,62,1.081932506233708,0.9859213079674419,1.1029974130034956
S059,14,1.230487939685354,62,1.081932506233708,1.0122433827571713,1.1170868454474563
S059,15,1.1957359244132562,62,1.081932506233708,1.0289453482398354,1.1088630861082576
S059,16,1.139192380334983,62,1.081932506233708,1.0596856988837373,1.0954825527767578
S059,17,0.9960163373671803,62,1.081932506233708,1.0224285078521531,1.0616011990973542
S059,18,0.8136779605648488,62,1.081932506233708,0.9213453874536068,1.0184524229074894
S059,19,0.4246600372015656,21,1.081932506233708,0.7,1.019476751257803
S059,20,,0,1.081932506233708,1.0166513550170326,
S059,21,,0,1.081932506233708,1.0166513550170326,
S059,22,,0,1.081932506233708,1.0166513550170326,
S059,23,,0,1.081932506233708,1.0166513550170326,
S060,0,,0,1.2930871874268806,1.0166513550170326,
S060,1,,0,1.2930871874268806,1.0166513550170326,
S060,2,,0,1.2930871874268806,1.0166513550170326,
S060,3,,0,1.2930871874268806,1.0166513550170326,
S060,4,,0,1.2930871874268806,1.0166513550170326,
S060,5,,0,1.2930871874268806,1.0166513550170326,
S060,6,1.5534292948301098,62,1.2930871874268806,1.3,1.3
S060,7,1.224043473978795,62,1.2930871874268806,1.0636247309869762,1.276748598748326
S060,8,1.1637906097200181,62,1.2930871874268806,1.009798995725023,1.2624902873588444
S060,9,1.3091273357597322,62,1.2930871874268806,1.014345644796355,1.2968829477193875
S060,10,1.3722618830975757,62,1.2930871874268806,1.029636269839956,1.3
S060,11,1.3775634002968367,62,1.2930871874268806,1.0124218305045298,1.3
S060,12,1.4477981299229126,62,1.2930871874268806,1.0025961503108956,1.3
S060,13,1.3764024558389567,62,1.2930871874268806,0.9859213079674419,1.3
S060,14,1.3780958791181734,62,1.2930871874268806,1.0122433827571713,1.3
S060,15,1.4410082205366614,62,1.2930871874268806,1.0289453482398354,1.3
S060,16,1.3571880555672151,62,1.2930871874268806,1.0596856988837373,1.3
S060,17,1.4022314558734923,62,1.2930871874268806,1.0224285078521531,1.3
S060,18,1.2882150423502432,62,1.2930871874268806,0.9213453874536068,1.2919342370652336
S060,19,0.4191281405674439,23,1.2930871874268806,0.7,1.2029479135355485
S060,20,,0,1.2930871874268806,1.0166513550170326,
S060,21,,0,1.2930871874268806,1.0166513550170326,
S060,22,,0,1.2930871874268806,1.0166513550170326,
S060,23,,0,1.2930871874268806,1.0166513550170326,
S061,0,,0,1.128282647984213,1.0166513550170326,
S061,1,,0,1.128282647984213,1.0166513550170326,
S061,2,,0,1.128282647984213,1.0166513550170326,
S061,3,,0,1.128282647984213,1.0166513550170326,
S061,4,,0,1.128282647984213,1.0166513550170326,
S061,5,,0,1.128282647984213,1.0166513550170326,
S061,6,1.5082921153927429,62,1.128282647984213,1.3,1.2182085524854682
S061,7,1.1979024533087672,62,1.128282647984213,1.0636247309869762,1.1447575637480387
S061,8,1.1742996123274974,62,1.128282647984213,1.009798995725023,1.1391721586303338
S061,9,1.1897007164001314,62,1.128282647984213,1.014345644796355,1.1428166947085907
S061,10,1.2605018422225707,62,1.128282647984213,1.029636269839956,1.1595711595978702
S061,11,1.1232350901832124,62,1.128282647984213,1.0124218305045298,1.1270881877412282
S061,12,1.1650747978494231,62,1.128282647984213,1.0025961503108956,1.1369891872652933
S061,13,1.056529770728299,62,1.128282647984213,0.9859213079674419,1.1113029594732715
S061,14,1.1089023184775744,62,1.128282647984213,1.0122433827571713,1.1236964631391306
S061,15,1.1408485647684556,62,1.128282647984213,1.0289453482398354,1.1312562618797208
S061,16,1.2586495284820571,62,1.128282647984213,1.0596856988837373,1.159132825811947
S061,17,1.2016322285198597,62,1.128282647984213,1.0224285078521531,1.1456401823094424
S061,18,0.8921453597787334,62,1.128282647984213,0.9213453874536068,1.0724028316913132
S061,19,0.3613221859813661,21,1.128282647984213,0.7,1.055404052047291
S061,20,,0,1.128282647984213,1.0166513550170326,
S061,21,,0,1.128282647984213,1.0166513550170326,
S061,22,,0,1.128282647984213,1.0166513550170326,
S061,23,,0,1.128282647984213,1.0166513550170326,
S062,0,,0,0.9822967212122848,1.0166513550170326,
S062,1,,0,0.9822967212122848,1.0166513550170326,
S062,2,,0,0.9822967212122848,1.0166513550170326,
S062,3,,0,0.9822967212122848,1.0166513550170326,
S062,4,,0,0.9822967212122848,1.0166513550170326,
S062,5,,0,0.9822967212122848,1.0166513550170326,
S062,6,0.9566673865803162,62,0.9822967212122848,1.3,0.9762317641619717
S062,7,0.9199515284923004,62,0.9822967212122848,1.0636247309869762,0.9675432786602275
S062,8,0.9718469645947313,62,0.9822967212122848,1.009798995725023,0.9798238780432454
S062,9,0.9749091425413337,62,0.9822967212122848,1.014345644796355,0.9805485155725941
S062,10,1.0425364551522431,62,0.9822967212122848,1.029636269839956,0.9965519254270842
S062,11,1.0020366488904275,62,0.9822967212122848,1.0124218305045298,0.9869680018078759
S062,12,0.9146805786773192,62,0.9822967212122848,1.0025961503108956,0.966295954658209
S062,13,0.9635078365816725,62,0.9822967212122848,0.9859213079674419,0.9778504966050408
S062,14,1.0018780176641402,62,0.9822967212122848,1.0122433827571713,0.9869304631207392
S062,15,1.0044399408400622,62,0.9822967212122848,1.0289453482398354,0.9875367197501559
S062,16,1.0109491179902714,62,0.9822967212122848,1.0596856988837373,0.9890770593811213
S062,17,0.9665103734241686,62,0.9822967212122848,1.0224285078521531,0.9785610205906696
S062,18,0.7086739855455597,62,0.9822967212122848,0.9213453874536068,0.9175463028484033
S062,19,0.16636545685619544,21,0.9822967212122848,0.7,0.9047647911150999
S062,20,,0,0.9822967212122848,1.0166513550170326,
S062,21,,0,0.9822967212122848,1.0166513550170326,
S062,22,,0,0.9822967212122848,1.0166513550170326,
S062,23,,0,0.9822967212122848,1.0166513550170326,
S063,0,,0,1.1482575318694346,1.0166513550170326,
S063,1,,0,1.1482575318694346,1.0166513550170326,
S063,2,,0,1.1482575318694346,1.0166513550170326,
S063,3,,0,1.1482575318694346,1.0166513550170326,
S063,4,,0,1.1482575318694346,1.0166513550170326,
S063,5,,0,1.1482575318694346,1.0166513550170326,
S063,6,0.6202477474299842,62,1.1482575318694346,1.3,1.0233086515822365
S063,7,1.0504634692633343,62,1.1482575318694346,1.0636247309869762,1.125115425451197
S063,8,1.2023101064933424,62,1.1482575318694346,1.009798995725023,1.1610485991468478
S063,9,1.2028894681856186,62,1.1482575318694346,1.014345644796355,1.1611857000053254
S063,10,1.2140563015318548,62,1.1482575318694346,1.029636269839956,1.1638282330872594
S063,11,1.2394956064281122,62,1.1482575318694346,1.0124218305045298,1.1698482212688164
S063,12,1.1796503073426357,62,1.1482575318694346,1.0025961503108956,1.155686356599734
S063,13,1.14566525083963,62,1.1482575318694346,0.9859213079674419,1.147644091320397
S063,14,1.19384172372434,62,1.1482575318694346,1.0122433827571713,1.1590446307053281
S063,15,1.273703114356486,62,1.1482575318694346,1.0289453482398354,1.177943127725149
S063,16,1.3023533519544643,62,1.1482575318694346,1.0596856988837373,1.1847229549429912
S063,17,1.1916803337167512,62,1.1482575318694346,1.0224285078521531,1.1585331567340669
S063,18,0.6284789737097742,62,1.1482575318694346,0.9213453874536068,1.025256499022492
S063,19,0.24418453453879738,23,1.1482575318694346,0.7,1.0550123348353329
S063,20,,0,1.1482575318694346,1.0166513550170326,
S063,21,,0,1.1482575318694346,1.0166513550170326,
S063,22,,0,1.1482575318694346,1.0166513550170326,
S063,23,,0,1.1482575318694346,1.0166513550170326,
S064,0,,0,1.041458619744239,1.0166513550170326,
S064,1,,0,1.041458619744239,1.0166513550170326,
S064,2,,0,1.041458619744239,1.0166513550170326,
S064,3,,0,1.041458619744239,1.0166513550170326,
S064,4,,0,1.041458619744239,1.0166513550170326,
S064,5,,0,1.041458619744239,1.0166513550170326,
S064,6,1.2381094936271126,62,1.041458619744239,1.3,1.0879943227241557
S064,7,1.2150794185038059,62,1.041458619744239,1.0636247309869762,1.0825444576186403
S064,8,1.173932901904091,62,1.041458619744239,1.009798995725023,1.0728074956751965
S064,9,1.1527065034734023,62,1.041458619744239,1.014345644796355,1.067784454825186
S064,10,1.1612338735916279,62,1.041458619744239,1.029636269839956,1.0698023821050715
S064,11,1.0880126013827645,62,1.041458619744239,1.0124218305045298,1.0524752108190047
S064,12,0.9898829975326792,62,1.041458619744239,1.0025961503108956,1.029253701510969
S064,13,1.0272855490987578,62,1.041458619744239,0.9859213079674419,1.0381046869960717
S064,14,1.0271306040094024,62,1.041458619744239,1.0122433827571713,1.0380680206008808
S064,15,0.9920757180227073,62,1.041458619744239,1.0289453482398354,1.0297725895658614
S064,16,0.9947388481732519,62,1.041458619744239,1.0596856988837373,1.0304027959373643
S064,17,0.8967319453931524,62,1.041458619744239,1.0224285078521531,1.0072103227603941
S064,18,0.6678480157223446,62,1.041458619744239,0.9213453874536068,0.953046950090203
S064,19,0.038921894959735276,22,1.041458619744239,0.7,0.9421081335043332
S064,20,,0,1.041458619744239,1.0166513550170326,
S064,21,,0,1.041458619744239,1.0166513550170326,
S064,22,,0,1.041458619744239,1.0166513550170326,
S064,23,,0,1.041458619744239,1.0166513550170326,
S065,0,,0,1.098616738823363,1.0166513550170326,
S065,1,,0,1.098616738823363,1.0166513550170326,
S065,2,,0,1.098616738823363,1.0166513550170326,
S065,3,,0,1.098616738823363,1.0166513550170326,
S065,4,,0,1.098616738823363,1.0166513550170326,
S065,5,,0,1.098616738823363,1.0166513550170326,
S065,6,0.7153272322358537,62,1.098616738823363,1.3,1.0079146418446394
S065,7,0.9808972222305001,62,1.098616738823363,1.0636247309869762,1.0707594486372656
S065,8,1.1501873631769688,62,1.098616738823363,1.009798995725023,1.1108204743574224
S065,9,1.1084130941809196,62,1.098616738823363,1.014345644796355,1.1009349603201892
S065,10,1.1758618084377208,62,1.098616738823363,1.029636269839956,1.1168961064420277
S065,11,1.148184351197849,62,1.098616738823363,1.0124218305045298,1.1103464791562567
S065,12,1.110218830788221,62,1.098616738823363,1.0025961503108956,1.101362272036421
S065,13,1.1499700058472047,62,1.098616738823363,0.9859213079674419,1.1107690386534324
S065,14,1.1591167214292835,62,1.098616738823363,1.0122433827571713,1.1129335286003366
S065,15,1.1393650818911008,62,1.098616738823363,1.0289453482398354,1.108259476495881
S065,16,1.1534911477502725,62,1.098616738823363,1.0596856988837373,1.1116022859740058
S065,17,1.079426911822895,62,1.098616738823363,1.0224285078521531,1.0940756347240157
S065,18,0.654950460466073,62,1.098616738823363,0.9213453874536068,0.9936270088304164
S065,19,0.3064112531452579,23,1.098616738823363,0.7,1.016909446578536
S065,20,,0,1.098616738823363,1.0166513550170326,
S065,21,,0,1.098616738823363,1.0166513550170326,
S065,22,,0,1.098616738823363,1.0166513550170326,
S065,23,,0,1.098616738823363,1.0166513550170326,
S066,0,,0,1.0634160375062507,1.0166513550170326,
S066,1,,0,1.0634160375062507,1.0166513550170326,
S066,2,,0,1.0634160375062507,1.0166513550170326,
S066,3,,0,1.0634160375062507,1.0166513550170326,
S066,4,,0,1.0634160375062507,1.0166513550170326,
S066,5,,0,1.0634160375062507,1.0166513550170326,
S066,6,1.25311404180652,62,1.0634160375062507,1.3,1.1083064049360856
S066,7,1.1318795772107277,62,1.0634160375062507,1.0636247309869762,1.0796173331615087
S066,8,1.1388771546398198,62,1.0634160375062507,1.009798995725023,1.0812732484309886
S066,9,1.063435622297183,62,1.0634160375062507,1.014345644796355,1.0634206720750974
S066,10,1.0869378716403202,62,1.0634160375062507,1.029636269839956,1.0689822730646947
S066,11,1.0371518086079807,62,1.0634160375062507,1.0124218305045298,1.0572008383013167
S066,12,1.064742115342011,62,1.0634160375062507,1.0025961503108956,1.0637298421849422
S066,13,1.0344581019605346,62,1.0634160375062507,0.9859213079674419,1.0565633962702417
S066,14,1.09714082621104,62,1.0634160375062507,1.0122433827571713,1.0713967126959338
S066,15,1.0926484012969824,62,1.0634160375062507,1.0289453482398354,1.0703336197773399
S066,16,1.1318418915605772,62,1.0634160375062507,1.0596856988837373,1.0796084151832288
S066,17,1.1037569753259806,62,1.0634160375062507,1.0224285078521531,1.0729623663032861
S066,18,0.8802163483266322,62,1.0634160375062507,0.9213453874536068,1.0200634393034402
S066,19,0.3674117622853421,23,1.0634160375062507,0.7,0.9916308432009552
S066,20,,0,1.0634160375062507,1.0166513550170326,
S066,21,,0,1.0634160375062507,1.0166513550170326,
S066,22,,0,1.0634160375062507,1.0166513550170326,
S066,23,,0,1.0634160375062507,1.0166513550170326,
S068,0,,0,1.0933434743154675,1.0166513550170326,
S068,1,,0,1.0933434743154675,1.0166513550170326,
S068,2,,0,1.0933434743154675,1.0166513550170326,
S068,3,,0,1.0933434743154675,1.0166513550170326,
S068,4,,0,1.0933434743154675,1.0166513550170326,
S068,5,,0,1.0933434743154675,1.0166513550170326,
S068,6,0.9848671549855583,62,1.0933434743154675,1.3,1.067673505619077
S068,7,1.166930692414448,62,1.0933434743154675,1.0636247309869762,1.1107572434839286
S068,8,1.0435656701194311,62,1.0933434743154675,1.009798995725023,1.0815639939331994
S068,9,1.1600838913992,62,1.0933434743154675,1.014345644796355,1.1091370081291752
S068,10,1.085510966667157,62,1.0933434743154675,1.029636269839956,1.0914899801391498
S068,11,1.2018431320829646,62,1.0933434743154675,1.0124218305045298,1.1190189658482341
S068,12,1.2225550856146765,62,1.0933434743154675,1.0025961503108956,1.1239202678290208
S068,13,1.1286273581310027,62,1.0933434743154675,0.9859213079674419,1.1016930956763957
S068,14,1.1019255314490204,62,1.0933434743154675,1.0122433827571713,1.0953743427974534
S068,15,1.0977342133876105,62,1.0933434743154675,1.0289453482398354,1.0943825041722341
S068,16,1.036598488164907,62,1.0933434743154675,1.0596856988837373,1.0799152714859457
S068,17,0.957271011384528,62,1.0933434743154675,1.0224285078521531,1.0611431204921156
S068,18,0.7579129842688623,62,1.0933434743154675,0.9213453874536068,1.0139667934647443
S068,19,0.13537498296963874,19,1.0933434743154675,0.7,1.0102320526918567
S068,20,,0,1.0933434743154675,1.0166513550170326,
S068,21,,0,1.0933434743154675,1.0166513550170326,
S068,22,,0,1.0933434743154675,1.0166513550170326,
S068,23,,0,1.0933434743154675,1.0166513550170326,
S069,0,,0,0.7,1.0166513550170326,
S069,1,,0,0.7,1.0166513550170326,
S069,2,,0,0.7,1.0166513550170326,
S069,3,,0,0.7,1.0166513550170326,
S069,4,,0,0.7,1.0166513550170326,
S069,5,,0,0.7,1.0166513550170326,
S069,6,0.0,35,0.7,1.3,0.7
S069,7,0.0,62,0.7,1.0636247309869762,0.7
S069,8,0.0,62,0.7,1.009798995725023,0.7
S069,9,0.0,62,0.7,1.014345644796355,0.7
S069,10,0.0,62,0.7,1.029636269839956,0.7
S069,11,0.0,62,0.7,1.0124218305045298,0.7
S069,12,0.0,62,0.7,1.0025961503108956,0.7
S069,13,0.0,62,0.7,0.9859213079674419,0.7
S069,14,0.0,62,0.7,1.0122433827571713,0.7
S069,15,0.0,62,0.7,1.0289453482398354,0.7
S069,16,0.0,62,0.7,1.0596856988837373,0.7
S069,17,0.0,62,0.7,1.0224285078521531,0.7
S069,18,0.0,50,0.7,0.9213453874536068,0.7
S069,19,0.0,24,0.7,0.7,0.7
S069,20,,0,0.7,1.0166513550170326,
S069,21,,0,0.7,1.0166513550170326,
S069,22,,0,0.7,1.0166513550170326,
S069,23,,0,0.7,1.0166513550170326,
S070,0,,0,1.0509326664221006,1.0166513550170326,
S070,1,,0,1.0509326664221006,1.0166513550170326,
S070,2,,0,1.0509326664221006,1.0166513550170326,
S070,3,,0,1.0509326664221006,1.0166513550170326,
S070,4,,0,1.0509326664221006,1.0166513550170326,
S070,5,,0,1.0509326664221006,1.0166513550170326,
S070,6,1.0135264643246098,62,1.0509326664221006,1.3,1.042080817070786
S070,7,1.0096060065369712,62,1.0509326664221006,1.0636247309869762,1.0411530751515738
S070,8,1.110694077133916,62,1.0509326664221006,1.009798995725023,1.0650746796439807
S070,9,1.010781436702653,62,1.0509326664221006,1.014345644796355,1.0414312303816207
S070,10,1.0699310293458113,62,1.0509326664221006,1.029636269839956,1.055428462228475
S070,11,1.071518100455501,62,1.0509326664221006,1.0124218305045298,1.0558040286742794
S070,12,1.103599158165491,62,1.0509326664221006,1.0025961503108956,1.0633957293537426
S070,13,0.9993249238080035,62,1.0509326664221006,0.9859213079674419,1.0387201471775434
S070,14,1.0207839079954046,62,1.0509326664221006,1.0122433827571713,1.0437982274050963
S070,15,1.1145825015224637,62,1.0509326664221006,1.0289453482398354,1.0659948411405071
S070,16,1.1127952507922603,62,1.0509326664221006,1.0596856988837373,1.0655719039448102
S070,17,1.0676106576250273,62,1.0509326664221006,1.0224285078521531,1.0548793666304268
S070,18,0.9633904685959996,62,1.0509326664221006,0.9213453874536068,1.0302165738067637
S070,19,0.5757413407100461,21,1.0509326664221006,0.7,1.0057787395444846
S070,20,,0,1.0509326664221006,1.0166513550170326,
S070,21,,0,1.0509326664221006,1.0166513550170326,
S070,22,,0,1.0509326664221006,1.0166513550170326,
S070,23,,0,1.0509326664221006,1.0166513550170326,
S071,0,,0,1.3,1.0166513550170326,
S071,1,,0,1.3,1.0166513550170326,
S071,2,,0,1.3,1.0166513550170326,
S071,3,,0,1.3,1.0166513550170326,
S071,4,,0,1.3,1.0166513550170326,
S071,5,,0,1.3,1.0166513550170326,
S071,6,1.2860129535815714,62,1.3,1.3,1.2966900882521277
S071,7,1.059766142885085,62,1.3,1.0636247309869762,1.2431507666369286
S071,8,1.0873590863150808,62,1.3,1.009798995725023,1.2496803944715078
S071,9,1.715010515383646,62,1.3,1.014345644796355,1.3
S071,10,1.8348226171787074,62,1.3,1.029636269839956,1.3
S071,11,1.8538231022695162,62,1.3,1.0124218305045298,1.3
S071,12,1.9130627827794613,62,1.3,1.0025961503108956,1.3
S071,13,1.9013824928940972,62,1.3,0.9859213079674419,1.3
S071,14,1.7382963669436289,62,1.3,1.0122433827571713,1.3
S071,15,1.3997846204874764,62,1.3,1.0289453482398354,1.3
S071,16,1.205519844862035,62,1.3,1.0596856988837373,1.2776421006925427
S071,17,1.0544468169344234,62,1.3,1.0224285078521531,1.2418919948470775
S071,18,0.913072386723484,62,1.3,0.9213453874536068,1.208436977010901
S071,19,0.18124999999999994,20,1.3,0.7,1.1982954545454545
S071,20,,0,1.3,1.0166513550170326,
S071,21,,0,1.3,1.0166513550170326,
S071,22,,0,1.3,1.0166513550170326,
S071,23,,0,1.3,1.0166513550170326,
S072,0,,0,1.006782461247549,1.0166513550170326,
S072,1,,0,1.006782461247549,1.0166513550170326,
S072,2,,0,1.006782461247549,1.0166513550170326,
S072,3,,0,1.006782461247549,1.0166513550170326,
S072,4,,0,1.006782461247549,1.0166513550170326,
S072,5,,0,1.006782461247549,1.0166513550170326,
S072,6,0.9463559903674688,62,1.006782461247549,1.3,0.9924830673751637
S072,7,0.9492014372194346,62,1.006782461247549,1.0636247309869762,0.9931564173935679
S072,8,1.0867856005052718,62,1.006782461247549,1.009798995725023,1.0257145018352545
S072,9,1.171428118298648,62,1.006782461247549,1.014345644796355,1.0457444106260534
S072,10,1.1217562274796196,62,1.006782461247549,1.029636269839956,1.0339899937146804
S072,11,0.993516820232716,62,1.006782461247549,1.0124218305045298,1.0036432637554893
S072,12,0.9144096764893308,62,1.006782461247549,1.0025961503108956,0.9849232526406425
S072,13,0.8578793247887577,62,1.006782461247549,0.9859213079674419,0.9715458411695146
S072,14,0.9589903753667657,62,1.006782461247549,1.0122433827571713,0.9954728836727073
S072,15,1.1290625690610152,62,1.006782461247549,1.0289453482398354,1.0357189753102778
S072,16,1.0965944620674775,62,1.006782461247549,1.0596856988837373,1.0280356828156239
S072,17,0.9657305252345403,62,1.006782461247549,1.0224285078521531,0.9970678809696616
S072,18,0.6446925876938325,62,1.006782461247549,0.9213453874536068,0.9210970713226239
S072,19,0.2548544750286735,21,1.006782461247549,0.7,0.9353322906113664
S072,20,,0,1.006782461247549,1.0166513550170326,
S072,21,,0,1.006782461247549,1.0166513550170326,
S072,22,,0,1.006782461247549,1.0166513550170326,
S072,23,,0,1.006782461247549,1.0166513550170326,
S073,0,,0,0.9677690124011723,1.0166513550170326,
S073,1,,0,0.9677690124011723,1.0166513550170326,
S073,2,,0,0.9677690124011723,1.0166513550170326,
S073,3,,0,0.9677690124011723,1.0166513550170326,
S073,4,,0,0.9677690124011723,1.0166513550170326,
S073,5,,0,0.9677690124011723,1.0166513550170326,
S073,6,1.7342153801782774,62,0.9677690124011723,1.3,1.1491418169896477
S073,7,1.026886947241823,62,0.9677690124011723,1.0636247309869762,0.9817587527069752
S073,8,0.9205085682411533,62,0.9677690124011723,1.009798995725023,0.9565852431724656
S073,9,0.9004271861828447,62,0.9677690124011723,1.014345644796355,0.9518331603953086
S073,10,0.9420861547247449,62,0.9677690124011723,1.029636269839956,0.9616913895922468
S073,11,0.9510718472669999,62,0.9677690124011723,1.0124218305045298,0.9638177748503377
S073,12,0.9088767272507129,62,0.9677690124011723,1.0025961503108956,0.9538326701136591
S073,13,0.9312384907317003,62,0.9677690124011723,0.9859213079674419,0.9591243851358775
S073,14,1.0009775891165802,62,0.9677690124011723,1.0122433827571713,0.9756275305552002
S073,15,0.9844121376748356,62,0.9677690124011723,1.0289453482398354,0.9717074618934134
S073,16,1.016966895047581,62,0.9677690124011723,1.0596856988837373,0.9794112594396356
S073,17,0.9531666441738109,62,0.9677690124011723,1.0224285078521531,0.964313490148896
S073,18,1.0389237859136597,62,0.9677690124011723,0.9213453874536068,0.984607164911761
S073,19,0.6616574585960882,18,0.9677690124011723,0.7,0.9424937464906608
S073,20,,0,0.9677690124011723,1.0166513550170326,
S073,21,,0,0.9677690124011723,1.0166513550170326,
S073,22,,0,0.9677690124011723,1.0166513550170326,
S073,23,,0,0.9677690124011723,1.0166513550170326,
S074,0,,0,1.1717504709084536,1.0166513550170326,
S074,1,,0,1.1717504709084536,1.0166513550170326,
S074,2,,0,1.1717504709084536,1.0166513550170326,
S074,3,,0,1.1717504709084536,1.0166513550170326,
S074,4,,0,1.1717504709084536,1.0166513550170326,
S074,5,,0,1.1717504709084536,1.0166513550170326,
S074,6,1.2537063185774617,62,1.1717504709084536,1.3,1.191144602799593
S074,7,1.2757753540611223,62,1.1717504709084536,1.0636247309869762,1.1963670463109937
S074,8,1.2726262145521408,62,1.1717504709084536,1.009798995725023,1.1956218300913108
S074,9,1.3088076729015061,62,1.1717504709084536,1.014345644796355,1.204183854586199
S074,10,1.2590239613812466,62,1.1717504709084536,1.029636269839956,1.1924029762875117
S074,11,1.277523925448308,62,1.1717504709084536,1.0124218305045298,1.196780830379717
S074,12,1.2846354217336713,62,1.1717504709084536,1.0025961503108956,1.1984637035464822
S074,13,1.1123000604155648,62,1.1717504709084536,0.9859213079674419,1.1576820531582281
S074,14,1.1923544666135155,62,1.1717504709084536,1.0122433827571713,1.176626225617285
S074,15,1.1664771185299885,62,1.1717504709084536,1.0289453482398354,1.170502578360878
S074,16,1.174691186739838,62,1.1717504709084536,1.0596856988837373,1.1724463654945065
S074,17,1.0749815861876777,62,1.1717504709084536,1.0224285078521531,1.1488509638371251
S074,18,0.7603773718115174,62,1.1717504709084536,0.9213453874536068,1.0744026382977283
S074,19,0.1665833502017418,16,1.1717504709084536,0.7,1.097293647152401
S074,20,,0,1.1717504709084536,1.0166513550170326,
S074,21,,0,1.1717504709084536,1.0166513550170326,
S074,22,,0,1.1717504709084536,1.0166513550170326,
S074,23,,0,1.1717504709084536,1.0166513550170326,
S075,0,,0,1.1428169721111217,1.0166513550170326,
S075,1,,0,1.1428169721111217,1.0166513550170326,
S075,2,,0,1.1428169721111217,1.0166513550170326,
S075,3,,0,1.1428169721111217,1.0166513550170326,
S075,4,,0,1.1428169721111217,1.0166513550170326,
S075,5,,0,1.1428169721111217,1.0166513550170326,
S075,6,1.0537690682220728,62,1.1428169721111217,1.3,1.1217445673740185
S075,7,1.1588478325968918,62,1.1428169721111217,1.0636247309869762,1.1466105345161512
S075,8,1.1805732965617033,62,1.1428169721111217,1.009798995725023,1.1517516748437022
S075,9,1.1472190424838051,62,1.1428169721111217,1.014345644796355,1.143858683420688
S075,10,1.1421180401207547,62,1.1428169721111217,1.029636269839956,1.1426515759912639
S075,11,1.1837178467218739,62,1.1428169721111217,1.0124218305045298,1.1524958050342768
S075,12,1.223285293958764,62,1.1428169721111217,1.0025961503108956,1.1618590940750675
S075,13,1.201116250171662,62,1.1428169721111217,0.9859213079674419,1.156612984476593
S075,14,1.2186839360245663,62,1.1428169721111217,1.0122433827571713,1.16077022311354
S075,15,1.250108481907451,62,1.1428169721111217,1.0289453482398354,1.1682065660323904
S075,16,1.2129792371399726,62,1.1428169721111217,1.0596856988837373,1.1594202562019185
S075,17,1.0532378464337504,62,1.1428169721111217,1.0224285078521531,1.1216188584012095
S075,18,0.6855521673131055,62,1.1428169721111217,0.9213453874536068,1.0346092702123546
S075,19,0.04880987139442277,22,1.1428169721111217,0.7,1.0344018540220794
S075,20,,0,1.1428169721111217,1.0166513550170326,
S075,21,,0,1.1428169721111217,1.0166513550170326,
S075,22,,0,1.1428169721111217,1.0166513550170326,
S075,23,,0,1.1428169721111217,1.0166513550170326,
S076,0,,0,0.962240557498356,1.0166513550170326,
S076,1,,0,0.962240557498356,1.0166513550170326,
S076,2,,0,0.962240557498356,1.0166513550170326,
S076,3,,0,0.962240557498356,1.0166513550170326,
S076,4,,0,0.962240557498356,1.0166513550170326,
S076,5,,0,0.962240557498356,1.0166513550170326,
S076,6,1.0104329267990966,62,0.962240557498356,1.3,0.9736448586305925
S076,7,0.9572278689875822,62,0.962240557498356,1.0636247309869762,0.961054348766799
S076,8,0.8809932303181073,62,0.962240557498356,1.009798995725023,0.9430140907610454
S076,9,0.8276102658080435,62,0.962240557498356,1.014345644796355,0.9303814808388166
S076,10,0.8767066207011329,62,0.962240557498356,1.029636269839956,0.9419997022257308
S076,11,0.9488017872335304,62,0.962240557498356,1.0124218305045298,0.9590603904891226
S076,12,1.0355610270556457,62,0.962240557498356,1.0025961503108956,0.9795912029661117
S076,13,0.9079354850047814,62,0.962240557498356,0.9859213079674419,0.9493897388166705
S076,14,0.9491624587917828,62,0.962240557498356,1.0122433827571713,0.9591457402471824
S076,15,1.0130107323996662,62,0.962240557498356,1.0289453482398354,0.9742548736963761
S076,16,1.1175759818174937,62,0.962240557498356,1.0596856988837373,0.9989993220318925
S076,17,1.069478206407972,62,0.962240557498356,1.0224285078521531,0.9876174057136087
S076,18,0.9150987167370629,62,0.962240557498356,0.9213453874536068,0.9510848547227829
S076,19,0.0,24,0.962240557498356,0.7,0.8591433549092465
S076,20,,0,0.962240557498356,1.0166513550170326,
S076,21,,0,0.962240557498356,1.0166513550170326,
S076,22,,0,0.962240557498356,1.0166513550170326,
S076,23,,0,0.962240557498356,1.0166513550170326,
S077,0,,0,0.7,1.0166513550170326,
S077,1,,0,0.7,1.0166513550170326,
S077,2,,0,0.7,1.0166513550170326,
S077,3,,0,0.7,1.0166513550170326,
S077,4,,0,0.7,1.0166513550170326,
S077,5,,0,0.7,1.0166513550170326,
S077,6,0.22684610777693107,62,0.7,1.3,0.7
S077,7,0.0841692467083905,62,0.7,1.0636247309869762,0.7
S077,8,0.07786413750274082,62,0.7,1.009798995725023,0.7
S077,9,0.07608851490275576,62,0.7,1.014345644796355,0.7
S077,10,0.07465365915311158,62,0.7,1.029636269839956,0.7
S077,11,0.07929905245386792,62,0.7,1.0124218305045298,0.7
S077,12,0.07647289603515849,62,0.7,1.0025961503108956,0.7
S077,13,0.07772559805590953,62,0.7,0.9859213079674419,0.7
S077,14,0.08186412484348536,62,0.7,1.0122433827571713,0.7
S077,15,0.06851776983340815,62,0.7,1.0289453482398354,0.7
S077,16,0.0728021810742182,62,0.7,1.0596856988837373,0.7
S077,17,0.06244320213705773,62,0.7,1.0224285078521531,0.7
S077,18,0.07193380035041685,62,0.7,0.9213453874536068,0.7
S077,19,0.0,17,0.7,0.7,0.7
S077,20,,0,0.7,1.0166513550170326,
S077,21,,0,0.7,1.0166513550170326,
S077,22,,0,0.7,1.0166513550170326,
S077,23,,0,0.7,1.0166513550170326,
S115,0,,0,1.0389337255104514,1.0166513550170326,
S115,1,,0,1.0389337255104514,1.0166513550170326,
S115,2,,0,1.0389337255104514,1.0166513550170326,
S115,3,,0,1.0389337255104514,1.0166513550170326,
S115,4,,0,1.0389337255104514,1.0166513550170326,
S115,5,,0,1.0389337255104514,1.0166513550170326,
S115,6,0.0,62,1.0389337255104514,1.3,0.7930791797789706
S115,7,1.0413492152784323,62,1.0389337255104514,1.0636247309869762,1.039505329959363
S115,8,1.0328076606082706,62,1.0389337255104514,1.009798995725023,1.0374840460297827
S115,9,1.0574803838955984,62,1.0389337255104514,1.014345644796355,1.0433226294031197
S115,10,1.0951585462751474,62,1.0389337255104514,1.029636269839956,1.052238835767746
S115,11,1.0815769051971107,62,1.0389337255104514,1.0124218305045298,1.0490248596347755
S115,12,1.1351862007118294,62,1.0389337255104514,1.0025961503108956,1.0617110288023806
S115,13,1.0171320630902487,62,1.0389337255104514,0.9859213079674419,1.0337745534873501
S115,14,1.032636403828757,62,1.0389337255104514,1.0122433827571713,1.03744351961631
S115,15,1.0068643266025832,62,1.0389337255104514,1.0289453482398354,1.031344783784162
S115,16,1.0698420783624458,62,1.0389337255104514,1.0596856988837373,1.0462479158800073
S115,17,1.0206885003475517,62,1.0389337255104514,1.0224285078521531,1.0346161531436584
S115,18,0.6583858966576183,62,1.0389337255104514,0.9213453874536068,0.9488804224994757
S115,19,0.0,21,1.0389337255104514,0.7,0.940211516299051
S115,20,,0,1.0389337255104514,1.0166513550170326,
S115,21,,0,1.0389337255104514,1.0166513550170326,
S115,22,,0,1.0389337255104514,1.0166513550170326,
S115,23,,0,1.0389337255104514,1.0166513550170326,
S116,0,,0,1.0178472343685985,1.0166513550170326,
S116,1,,0,1.0178472343685985,1.0166513550170326,
S116,2,,0,1.0178472343685985,1.0166513550170326,
S116,3,,0,1.0178472343685985,1.0166513550170326,
S116,4,,0,1.0178472343685985,1.0166513550170326,
S116,5,,0,1.0178472343685985,1.0166513550170326,
S116,6,3.367224953594549,60,1.0178472343685985,1.3,1.3
S116,7,0.9804591810465086,62,1.0178472343685985,1.0636247309869762,1.0089996797656613
S116,8,0.9751227255573292,62,1.0178472343685985,1.009798995725023,1.0077368544208936
S116,9,1.0136002744881956,62,1.0178472343685985,1.014345644796355,1.0168422285953733
S116,10,1.054810227785051,62,1.0178472343685985,1.029636269839956,1.0265942022763088
S116,11,1.0052605552091338,62,1.0178472343685985,1.0124218305045298,1.0148687072392595
S116,12,0.9645271603801929,62,1.0178472343685985,1.0025961503108956,1.0052295069362278
S116,13,1.0009154838304908,62,1.0178472343685985,0.9859213079674419,1.01384048424126
S116,14,1.0271683138025873,62,1.0178472343685985,1.0122433827571713,1.0200529859903822
S116,15,1.0628263515318652,62,1.0178472343685985,1.0289453482398354,1.0284911475904404
S116,16,1.0275513679794317,62,1.0178472343685985,1.0596856988837373,1.020143632398643
S116,17,1.067765283914676,62,1.0178472343685985,1.0224285078521531,1.0296599025817925
S116,18,0.9342485859418086,62,1.0178472343685985,0.9213453874536068,0.9980643480996636
S116,19,2.8735653972500614,19,1.0178472343685985,0.7,1.1788456137966705
S116,20,,0,1.0178472343685985,1.0166513550170326,
S116,21,,0,1.0178472343685985,1.0166513550170326,
S116,22,,0,1.0178472343685985,1.0166513550170326,
S116,23,,0,1.0178472343685985,1.0166513550170326,
