time,hour,actual_city_mw,pred_city_mw,rmse_city_MW,mae_city_MW,nrmse_city_pct,bias_city_MW
2025-09-01 06:00:00,6,11.69,8.062419682963357,3.6275803170366423,3.6275803170366423,0.9332657152901127,-3.6275803170366423
2025-09-01 07:00:00,7,48.239999999999995,47.032846169757995,1.2071538302419995,1.2071538302419995,0.310563842668082,-1.2071538302419995
2025-09-01 08:00:00,8,107.45000000000002,105.37441839880172,2.0755816011982944,2.0755816011982944,0.5339838069437174,-2.0755816011982944
2025-09-01 09:00:00,9,144.92000000000002,144.97227745587918,0.05227745587916388,0.05227745587916388,0.013449394083842242,0.05227745587916388
2025-09-01 10:00:00,10,164.89000000000001,164.50311063653314,0.38688936346687797,0.38688936346687797,0.09953482679303143,-0.38688936346687797
2025-09-01 11:00:00,11,184.14,183.21899735472263,0.9210026452773548,0.9210026452773548,0.23694587504847078,-0.9210026452773548
2025-09-01 12:00:00,12,202.3,182.3342101940689,19.96578980593111,19.96578980593111,5.136588435286772,-19.96578980593111
2025-09-01 13:00:00,13,196.20999999999995,177.25919860600362,18.95080139399633,18.95080139399633,4.875462890574009,-18.95080139399633
2025-09-01 14:00:00,14,187.25,162.31701835287194,24.93298164712806,24.93298164712806,6.414495315773094,-24.93298164712806
2025-09-01 15:00:00,15,155.40000000000003,132.757189889255,22.642810110745046,22.642810110745046,5.825304066994478,-22.642810110745046
2025-09-01 16:00:00,16,108.36000000000001,96.89578715260583,11.46421284739418,11.46421284739418,2.949392120420791,-11.46421284739418
2025-09-01 17:00:00,17,55.349999999999994,52.39513597421341,2.954864025786584,2.954864025786584,0.7601963423551354,-2.954864025786584
2025-09-01 18:00:00,18,16.05,14.864933405919288,1.1850665940807126,1.1850665940807126,0.3048814708242288,-1.1850665940807126
2025-09-01 19:00:00,19,8.79,0.0,8.79,8.79,2.2613987618340103,-8.79
2025-09-02 06:00:00,6,11.2,7.992259581429153,3.2077404185708467,3.2077404185708467,0.8252537213698548,-3.2077404185708467
2025-09-02 07:00:00,7,42.76,20.172687748133896,22.587312251866102,22.587312251866102,5.811026161493536,-22.587312251866102
2025-09-02 08:00:00,8,95.24,87.86305728345955,7.376942716540441,7.376942716540441,1.8978622440619992,-7.376942716540441
2025-09-02 09:00:00,9,124.3,122.22459779413226,2.075402205867732,2.075402205867732,0.5339376539996432,-2.075402205867732
2025-09-02 10:00:00,10,149.89000000000001,139.044214798655,10.845785201345024,10.845785201345024,2.790289559208108,-10.845785201345024
2025-09-02 11:00:00,11,171.01,168.9931231962521,2.0168768037478912,2.0168768037478912,0.5188808540121977,-2.0168768037478912
2025-09-02 12:00:00,12,186.76,168.28403932898883,18.475960671011165,18.475960671011165,4.753300862925884,-18.475960671011165
2025-09-02 13:00:00,13,150.75000000000003,158.16880312817315,7.418803128173124,7.418803128173124,1.908631650550738,7.418803128173124
2025-09-02 14:00:00,14,148.97,126.00033032924058,22.969669670759416,22.969669670759416,5.909395057245912,-22.969669670759416
2025-09-02 15:00:00,15,103.4,113.17487877727936,9.774878777279355,9.774878777279355,2.5147780163841955,9.774878777279355
2025-09-02 16:00:00,16,61.769999999999996,72.0625583909249,10.29255839092491,10.29255839092491,2.6479611833153407,10.29255839092491
2025-09-02 17:00:00,17,34.510000000000005,43.908278694425995,9.39827869442599,9.39827869442599,2.417890307502377,9.39827869442599
2025-09-02 18:00:00,18,14.02,11.491575768797594,2.528424231202406,2.528424231202406,0.6504863965679443,-2.528424231202406
2025-09-02 19:00:00,19,8.59,0.0,8.59,8.59,2.209944865091485,-8.59
2025-09-03 06:00:00,6,12.089999999999998,7.76411618357685,4.325883816423148,4.325883816423148,1.1129178960520012,-4.325883816423148
2025-09-03 07:00:00,7,46.38,16.447466485799985,29.932533514200017,29.932533514200017,7.700727443409209,-29.932533514200017
2025-09-03 08:00:00,8,86.07,61.557238596267744,24.51276140373225,24.51276140373225,6.306385470709058,-24.51276140373225
2025-09-03 09:00:00,9,133.37000000000003,99.65871787120209,33.71128212879795,33.71128212879795,8.67288414856663,-33.71128212879795
2025-09-03 10:00:00,10,155.89,105.2419536125598,50.64804638744019,50.64804638744019,13.03019674515003,-50.64804638744019
2025-09-03 11:00:00,11,107.67,124.27534103556881,16.605341035568813,16.605341035568813,4.272047515092924,16.605341035568813
2025-09-03 12:00:00,12,136.74999999999997,123.17624315540917,13.573756844590804,13.573756844590804,3.4921134154486424,-13.573756844590804
2025-09-03 13:00:00,13,112.88000000000001,139.32265002004922,26.442650020049214,26.442650020049214,6.802886918651804,26.442650020049214
2025-09-03 14:00:00,14,86.99,123.13635062672267,36.14635062672268,36.14635062672268,9.299352963832613,36.14635062672268
2025-09-03 15:00:00,15,71.07999999999998,77.67039744295799,6.5903974429580074,6.5903974429580074,1.6955081476108382,6.5903974429580074
2025-09-03 16:00:00,16,62.98,63.037082522614746,0.05708252261474911,0.05708252261474911,0.01468559112211098,0.05708252261474911
2025-09-03 17:00:00,17,34.95,27.910042742842187,7.039957257157816,7.039957257157816,1.8111661689079683,-7.039957257157816
2025-09-03 18:00:00,18,12.430000000000001,10.072229648287701,2.3577703517123005,2.3577703517123005,0.6065823610979676,-2.3577703517123005
2025-09-03 19:00:00,19,9.3,0.0,9.3,9.3,2.3926061985274516,-9.3
2025-09-04 06:00:00,6,11.069999999999999,7.752221724463161,3.3177782755368375,3.3177782755368375,0.8535631040203393,-3.3177782755368375
2025-09-04 07:00:00,7,47.93,31.51653415754636,16.41346584245364,16.41346584245364,4.222683883222922,-16.41346584245364
2025-09-04 08:00:00,8,97.82999999999998,100.24112795761081,2.41112795761083,2.41112795761083,0.6203096448196244,2.41112795761083
2025-09-04 09:00:00,9,133.25,139.01664584094536,5.766645840945358,5.766645840945358,1.4835819982535925,5.766645840945358
2025-09-04 10:00:00,10,150.99,159.42181197701808,8.431811977018072,8.431811977018072,2.1692479140894023,8.431811977018072
2025-09-04 11:00:00,11,185.20999999999998,171.0420081391418,14.167991860858166,14.167991860858166,3.6449919512877127,-14.167991860858166
2025-09-04 12:00:00,12,162.01,174.71820936684747,12.708209366847484,12.708209366847484,3.26943446272085,12.708209366847484
2025-09-04 13:00:00,13,166.07999999999998,164.4113474298924,1.6686525701075823,1.6686525701075823,0.42929338520732946,-1.6686525701075823
2025-09-04 14:00:00,14,151.09,146.80097606933083,4.289023930669174,4.289023930669174,1.10343497227437,-4.289023930669174
2025-09-04 15:00:00,15,100.35,98.5118316839394,1.8381683160605888,1.8381683160605888,0.47290461364982067,-1.8381683160605888
2025-09-04 16:00:00,16,71.23,50.91995090950366,20.310049090496342,20.310049090496342,5.225155843690148,-20.310049090496342
2025-09-04 17:00:00,17,39.449999999999996,29.0889579068306,10.361042093169395,10.361042093169395,2.665579950034509,-10.361042093169395
2025-09-04 18:00:00,18,13.740000000000002,10.26338763970312,3.4766123602968815,3.4766123602968815,0.8944262670025238,-3.4766123602968815
2025-09-04 19:00:00,19,9.35,0.0,9.35,9.35,2.4054696727130827,-9.35
2025-09-05 06:00:00,6,11.670000000000002,7.859917079505674,3.8100829204943274,3.8100829204943274,0.9802180658578818,-3.8100829204943274
2025-09-05 07:00:00,7,48.650000000000006,20.887705777364516,27.76229422263549,27.76229422263549,7.142391101335541,-27.76229422263549
2025-09-05 08:00:00,8,100.24000000000001,95.29800268298627,4.941997317013744,4.941997317013744,1.2714250982573245,-4.941997317013744
2025-09-05 09:00:00,9,151.16000000000003,142.4902545358784,8.669745464121632,8.669745464121632,2.2304609394744808,-8.669745464121632
2025-09-05 10:00:00,10,172.14,176.20765992848897,4.067659928488979,4.067659928488979,1.0464847697209096,4.067659928488979
2025-09-05 11:00:00,11,181.74,186.86045722619576,5.120457226195754,5.120457226195754,1.317337386955983,5.120457226195754
2025-09-05 12:00:00,12,186.99,192.5265547130237,5.5365547130236905,5.5365547130236905,1.4243865725663285,5.5365547130236905
2025-09-05 13:00:00,13,188.08,182.70547545318115,5.374524546818861,5.374524546818861,1.3827011553609407,-5.374524546818861
2025-09-05 14:00:00,14,153.01000000000002,167.34272375879,14.332723758789967,14.332723758789967,3.6873724416196287,14.332723758789967
2025-09-05 15:00:00,15,144.65,143.45639173354928,1.193608266450724,1.193608266450724,0.30707898246490406,-1.193608266450724
2025-09-05 16:00:00,16,95.85000000000002,99.43861426132004,3.588614261320018,3.588614261320018,0.9232409382535791,3.588614261320018
2025-09-05 17:00:00,17,49.19999999999999,41.63018049895901,7.569819501040982,7.569819501040982,1.9474835548306055,-7.569819501040982
2025-09-05 18:00:00,18,11.7,8.515505751780802,3.184494248219197,3.184494248219197,0.81927319112519,-3.184494248219197
2025-09-05 19:00:00,19,8.62,0.0,8.62,8.62,2.2176629496028633,-8.62
2025-09-06 06:00:00,6,13.610000000000001,7.651901561200055,5.958098438799946,5.958098438799946,1.5328369092590841,-5.958098438799946
2025-09-06 07:00:00,7,34.89,18.571627333362162,16.31837266663784,16.31837266663784,4.198219310976197,-16.31837266663784
2025-09-06 08:00:00,8,56.980000000000004,62.78474117318125,5.804741173181249,5.804741173181249,1.4933827647097813,5.804741173181249
2025-09-06 09:00:00,9,76.67999999999999,102.49606077431952,25.816060774319524,25.816060774319524,6.641684626903041,25.816060774319524
2025-09-06 10:00:00,10,92.86,118.86145716919434,26.00145716919434,26.00145716919434,6.689381461694668,26.00145716919434
2025-09-06 11:00:00,11,91.48,118.81343002063646,27.333430020636456,27.333430020636456,7.03205742950442,27.333430020636456
2025-09-06 12:00:00,12,106.92,133.80106113996555,26.881061139965553,26.881061139965553,6.915676721126557,26.881061139965553
2025-09-06 13:00:00,13,89.12,137.1604127174307,48.040412717430684,48.040412717430684,12.359332177155016,48.040412717430684
2025-09-06 14:00:00,14,105.95,105.9625276832189,0.012527683218891639,0.012527683218891639,0.00322299059383962,0.012527683218891639
2025-09-06 15:00:00,15,78.74,80.0649714600411,1.3249714600410982,1.3249714600410982,0.3408747234587418,1.3249714600410982
2025-09-06 16:00:00,16,58.82,48.45600930004995,10.363990699950051,10.363990699950051,2.66633853657864,-10.363990699950051
2025-09-06 17:00:00,17,34.50000000000001,26.534162064059373,7.965837935940634,7.965837935940634,2.0493670131179225,-7.965837935940634
2025-09-06 18:00:00,18,11.810000000000002,8.043234026410756,3.766765973589246,3.766765973589246,0.9690739372916044,-3.766765973589246
2025-09-06 19:00:00,19,8.809999999999999,0.0,8.809999999999999,8.809999999999999,2.266544151508263,-8.809999999999999
2025-09-07 06:00:00,6,8.859999999999998,7.8154895895518575,1.0445104104481402,1.0445104104481402,0.2687206540284594,-1.0445104104481402
2025-09-07 07:00:00,7,23.000000000000004,12.679450013318025,10.320549986681979,10.320549986681979,2.6551625667040546,-10.320549986681979
2025-09-07 08:00:00,8,44.629999999999995,19.37366063534553,25.256339364654465,25.256339364654465,6.497685388815606,-25.256339364654465
2025-09-07 09:00:00,9,63.59,31.301521354956876,32.28847864504313,32.28847864504313,8.306840230876498,-32.28847864504313
2025-09-07 10:00:00,10,87.19000000000001,70.70314627089303,16.486853729106983,16.486853729106983,4.2415643469329884,-16.486853729106983
2025-09-07 11:00:00,11,111.48,99.95148076271516,11.52851923728484,11.52851923728484,2.9659361921473844,-11.52851923728484
2025-09-07 12:00:00,12,106.34999999999998,136.7939753242063,30.443975324206306,30.443975324206306,7.832305813818579,30.443975324206306
2025-09-07 13:00:00,13,95.67,130.60431901842438,34.934319018424375,34.934319018424375,8.987534217722322,34.934319018424375
2025-09-07 14:00:00,14,92.63999999999999,119.66596320482819,27.0259632048282,27.0259632048282,6.952955600542664,27.0259632048282
2025-09-07 15:00:00,15,71.37,74.65564077609066,3.285640776090659,3.285640776090659,0.845295106130006,3.285640776090659
2025-09-07 16:00:00,16,50.76,47.940398457907065,2.819601542092933,2.819601542092933,0.7253974330095818,-2.819601542092933
2025-09-07 17:00:00,17,24.88,27.759054012677197,2.879054012677198,2.879054012677198,0.740692739422236,2.879054012677198
2025-09-07 18:00:00,18,9.629999999999999,7.9839017357413224,1.6460982642586766,1.6460982642586766,0.4234908505860847,-1.6460982642586766
2025-09-07 19:00:00,19,8.6,0.0,8.6,8.6,2.2125175599286107,-8.6
2025-09-08 06:00:00,6,8.659999999999998,7.631830398317596,1.0281696016824027,1.0281696016824027,0.2645166625938513,-1.0281696016824027
2025-09-08 07:00:00,7,12.659999999999998,12.162483537213424,0.49751646278657446,0.49751646278657446,0.1279958035196355,-0.49751646278657446
2025-09-08 08:00:00,8,31.2,14.25302323965993,16.94697676034007,16.94697676034007,4.359939961622615,-16.94697676034007
2025-09-08 09:00:00,9,29.470000000000002,26.023201175356487,3.4467988246435155,3.4467988246435155,0.8867561540773342,-3.4467988246435155
2025-09-08 10:00:00,10,37.67999999999999,39.99242616000415,2.312426160004158,2.312426160004158,0.5949166843078473,2.312426160004158
2025-09-08 11:00:00,11,42.06,63.18145273394231,21.121452733942306,21.121452733942306,5.433905240122037,21.121452733942306
2025-09-08 12:00:00,12,48.800000000000004,88.08618962481891,39.28618962481891,39.28618962481891,10.10713772181361,39.28618962481891
2025-09-08 13:00:00,13,55.49,86.39442247200084,30.90442247200084,30.90442247200084,7.950764813808631,30.90442247200084
2025-09-08 14:00:00,14,36.84,87.63278730914888,50.79278730914888,50.79278730914888,13.067434167350115,50.79278730914888
2025-09-08 15:00:00,15,41.15,37.43705968144708,3.712940318552917,3.712940318552917,0.9552262388099139,-3.712940318552917
2025-09-08 16:00:00,16,24.16,16.82367755264415,7.336322447355851,7.336322447355851,1.8874118883806121,-7.336322447355851
2025-09-08 17:00:00,17,14.389999999999999,12.137863254354562,2.252136745645437,2.252136745645437,0.5794060578024425,-2.252136745645437
2025-09-08 18:00:00,18,8.74,9.845895489080876,1.1058954890808756,1.1058954890808756,0.2845131615159624,1.1058954890808756
2025-09-08 19:00:00,19,8.58,0.0,8.58,8.58,2.2073721702543585,-8.58
2025-09-09 06:00:00,6,9.89,7.952385179701984,1.9376148202980161,1.9376148202980161,0.49848916445200936,-1.9376148202980161
2025-09-09 07:00:00,7,39.779999999999994,20.028335925069605,19.75166407493039,19.75166407493039,5.0815004190226265,-19.75166407493039
2025-09-09 08:00:00,8,77.18999999999998,88.21539656080171,11.025396560801724,11.025396560801724,2.8364980809244567,11.025396560801724
2025-09-09 09:00:00,9,137.14000000000001,136.14837836828224,0.9916216317177771,0.9916216317177771,0.2551139852303074,-0.9916216317177771
2025-09-09 10:00:00,10,170.85999999999999,164.7708892735158,6.0891107264841935,6.0891107264841935,1.5665423728716206,-6.0891107264841935
2025-09-09 11:00:00,11,209.36,171.71180563297736,37.648194367022654,37.648194367022654,9.685731527516632,-37.648194367022654
2025-09-09 12:00:00,12,179.67000000000002,187.1939419314532,7.52394193145318,7.52394193145318,1.9356806561887616,7.52394193145318
2025-09-09 13:00:00,13,192.99,191.68017643379906,1.3098235662009472,1.3098235662009472,0.33697763263115244,-1.3098235662009472
2025-09-09 14:00:00,14,167.18999999999997,159.21540745981795,7.974592540182016,7.974592540182016,2.0516193056312115,-7.974592540182016
2025-09-09 15:00:00,15,136.79,115.04809589140045,21.74190410859954,21.74190410859954,5.593528444948895,-21.74190410859954
2025-09-09 16:00:00,16,99.49000000000001,89.38792688701562,10.102073112984385,10.102073112984385,2.5989551342047257,-10.102073112984385
2025-09-09 17:00:00,17,50.05,46.350449928298794,3.6995500717012035,3.6995500717012035,0.9517813369155889,-3.6995500717012035
2025-09-09 18:00:00,18,14.139999999999999,10.652095114490363,3.4879048855096357,3.4879048855096357,0.897331489133821,-3.4879048855096357
2025-09-09 19:00:00,19,8.59,0.0,8.59,8.59,2.209944865091485,-8.59
2025-09-10 06:00:00,6,11.420000000000002,8.028169572635358,3.391830427364644,3.391830427364644,0.8726144628888883,-3.391830427364644
2025-09-10 07:00:00,7,49.69,19.97973733365992,29.71026266634008,29.71026266634008,7.643543937135913,-29.71026266634008
2025-09-10 08:00:00,8,109.22,76.08720825957366,33.13279174042634,33.13279174042634,8.52405622501755,-33.13279174042634
2025-09-10 09:00:00,9,163.32,118.00551241100868,45.31448758899131,45.31448758899131,11.658034826722137,-45.31448758899131
2025-09-10 10:00:00,10,197.99999999999997,169.7873237697602,28.212676230239765,28.212676230239765,7.25826064790535,-28.212676230239765
2025-09-10 11:00:00,11,221.09999999999997,199.17135939210687,21.9286406078931,21.9286406078931,5.641570047712452,-21.9286406078931
2025-09-10 12:00:00,12,219.64,209.5453547611132,10.094645238886784,10.094645238886784,2.597044168870553,-10.094645238886784
2025-09-10 13:00:00,13,190.08,211.7115415823674,21.63154158236739,21.63154158236739,5.565135534803928,21.63154158236739
2025-09-10 14:00:00,14,176.29000000000002,188.05715713576961,11.767157135769594,11.767157135769594,3.027330441084824,11.767157135769594
2025-09-10 15:00:00,15,154.3,148.44950373548295,5.850496264517062,5.850496264517062,1.5051541534349702,-5.850496264517062
2025-09-10 16:00:00,16,101.17,107.55433068819514,6.384330688195135,6.384330688195135,1.6424934600026568,6.384330688195135
2025-09-10 17:00:00,17,45.00999999999999,51.506463544773695,6.496463544773704,6.496463544773704,1.6713418221218475,6.496463544773704
2025-09-10 18:00:00,18,14.570000000000002,10.842121499311551,3.727878500688451,3.727878500688451,0.959069377215528,-3.727878500688451
2025-09-10 19:00:00,19,8.59,0.0,8.59,8.59,2.209944865091485,-8.59
2025-09-11 06:00:00,6,9.259999999999998,7.655345867576598,1.6046541324234003,1.6046541324234003,0.4128285401859051,-1.6046541324234003
2025-09-11 07:00:00,7,40.29,19.088082786552466,21.201917213447533,21.201917213447533,5.454606295221552,-21.201917213447533
2025-09-11 08:00:00,8,45.54,74.72105288701668,29.181052887016683,29.181052887016683,7.50739441043371,29.181052887016683
2025-09-11 09:00:00,9,70.01,98.02838994231308,28.018389942313078,28.018389942313078,7.208276714918008,28.018389942313078
2025-09-11 10:00:00,10,97.61999999999999,115.95684210637572,18.336842106375727,18.336842106375727,4.717509901627283,18.336842106375727
2025-09-11 11:00:00,11,79.78,135.3167101738314,55.53671017383141,55.53671017383141,14.287900753519528,55.53671017383141
2025-09-11 12:00:00,12,69.18,142.26469221775525,73.08469221775525,73.08469221775525,18.8024610341583,73.08469221775525
2025-09-11 13:00:00,13,65.06,134.84969840685417,69.78969840685417,69.78969840685417,17.954759677591472,69.78969840685417
2025-09-11 14:00:00,14,41.17,86.18386115418821,45.013861154188206,45.013861154188206,11.580692819049974,45.013861154188206
2025-09-11 15:00:00,15,29.280000000000005,29.340988555660207,0.06098855566020234,0.06098855566020234,0.015690494227079202,0.06098855566020234
2025-09-11 16:00:00,16,23.71,16.71951355486575,6.990486445134252,6.990486445134252,1.7984388386398216,-6.990486445134252
2025-09-11 17:00:00,17,13.010000000000002,11.216608795246673,1.7933912047533287,1.7933912047533287,0.4613848293416589,-1.7933912047533287
2025-09-11 18:00:00,18,9.129999999999999,9.206714126530539,0.07671412653053977,0.07671412653053977,0.019736203725977276,0.07671412653053977
2025-09-11 19:00:00,19,8.99,0.0,8.99,8.99,2.3128526585765363,-8.99
2025-09-12 06:00:00,6,8.99,7.534483623983653,1.4555163760163472,1.4555163760163472,0.3744599465930027,-1.4555163760163472
2025-09-12 07:00:00,7,10.659999999999998,11.193579204010797,0.533579204010799,0.533579204010799,0.13727364633565386,0.533579204010799
2025-09-12 08:00:00,8,14.68,12.629792921022462,2.0502070789775377,2.0502070789775377,0.5274557167125287,-2.0502070789775377
2025-09-12 09:00:00,9,15.780000000000001,13.796803905430307,1.9831960945696938,1.9831960945696938,0.5102158353508477,-1.9831960945696938
2025-09-12 10:00:00,10,20.88,19.67503958423093,1.2049604157690688,1.2049604157690688,0.3099995440590633,-1.2049604157690688
2025-09-12 11:00:00,11,31.930000000000003,23.104231277307377,8.825768722692626,8.825768722692626,2.2706009626542025,-8.825768722692626
2025-09-12 12:00:00,12,38.13,34.915429162602244,3.2145708373977584,3.2145708373977584,0.8270109796949954,-3.2145708373977584
2025-09-12 13:00:00,13,44.13999999999999,31.804740225273793,12.3352597747262,12.3352597747262,3.1734859137049725,-12.3352597747262
2025-09-12 14:00:00,14,35.45,23.63754805159275,11.812451948407254,11.812451948407254,3.038983414146975,-11.812451948407254
2025-09-12 15:00:00,15,45.77,18.397665917460973,27.37233408253903,27.37233408253903,7.042066257424419,-27.37233408253903
2025-09-12 16:00:00,16,28.52,18.157102299720723,10.362897700279277,10.362897700279277,2.6660573411176416,-10.362897700279277
2025-09-12 17:00:00,17,15.319999999999999,12.031088671635338,3.2889113283646605,3.2889113283646605,0.8461365194249936,-3.2889113283646605
2025-09-12 18:00:00,18,9.16,9.86205159972086,0.7020515997208605,0.7020515997208605,0.18061645259981116,0.7020515997208605
2025-09-12 19:00:00,19,8.99,0.0,8.99,8.99,2.3128526585765363,-8.99
2025-09-13 06:00:00,6,12.099999999999998,7.639310067538105,4.460689932461893,4.460689932461893,1.147599395926594,-4.460689932461893
2025-09-13 07:00:00,7,42.760000000000005,13.586239837404069,29.173760162595936,29.173760162595936,7.505518214987125,-29.173760162595936
2025-09-13 08:00:00,8,64.18,52.81422082969679,11.36577917030322,11.36577917030322,2.9240681391356644,-11.36577917030322
2025-09-13 09:00:00,9,79.41,78.19959802885352,1.2104019711464815,1.2104019711464815,0.31139949020160396,-1.2104019711464815
2025-09-13 10:00:00,10,79.85,82.83331362608192,2.983313626081923,2.983313626081923,0.7675155563349481,2.983313626081923
2025-09-13 11:00:00,11,84.7,89.51266290787706,4.812662907877055,4.812662907877055,1.2381513015924506,4.812662907877055
2025-09-13 12:00:00,12,78.93999999999998,109.84307648406555,30.903076484065565,30.903076484065565,7.950418532187439,30.903076484065565
2025-09-13 13:00:00,13,73.55,117.15346910618982,43.60346910618982,43.60346910618982,11.21784198502903,43.60346910618982
2025-09-13 14:00:00,14,63.96000000000001,107.24577450166514,43.28577450166513,43.28577450166513,11.136108858144675,43.28577450166513
2025-09-13 15:00:00,15,69.96000000000001,59.05632535529282,10.903674644707188,10.903674644707188,2.8051827464143035,-10.903674644707188
2025-09-13 16:00:00,16,59.7,52.02613381361354,7.673866186386462,7.673866186386462,1.9742515918514476,-7.673866186386462
2025-09-13 17:00:00,17,28.219999999999995,32.13768219638488,3.9176821963848845,3.9176821963848845,1.0079000760140984,3.9176821963848845
2025-09-13 18:00:00,18,12.530000000000001,9.055046514065848,3.4749534859341527,3.4749534859341527,0.8939994892516805,-3.4749534859341527
2025-09-13 19:00:00,19,8.99,0.0,8.99,8.99,2.3128526585765363,-8.99
2025-09-14 06:00:00,6,10.009999999999998,7.688002722255821,2.3219972777441766,2.3219972777441766,0.5973790408273747,-2.3219972777441766
2025-09-14 07:00:00,7,31.650000000000002,17.287306014875337,14.362693985124665,14.362693985124665,3.695082866275507,-14.362693985124665
2025-09-14 08:00:00,8,76.66,84.42184348271999,7.761843482719996,7.761843482719996,1.996885465457609,7.761843482719996
2025-09-14 09:00:00,9,128.62,138.0705044126754,9.4505044126754,9.4505044126754,2.431326391072924,9.4505044126754
2025-09-14 10:00:00,10,155.51000000000002,163.66348132836646,8.15348132836644,8.15348132836644,2.0976419318093957,8.15348132836644
2025-09-14 11:00:00,11,180.89,175.1883395784167,5.701660421583284,5.701660421583284,1.4668632329654632,-5.701660421583284
2025-09-14 12:00:00,12,173.83,169.97163352718445,3.858366472815561,3.858366472815561,0.9926399504353774,-3.858366472815561
2025-09-14 13:00:00,13,148.47,156.23328882647448,7.763288826474479,7.763288826474479,1.997257308299112,7.763288826474479
2025-09-14 14:00:00,14,112.70999999999998,123.15214498184474,10.442144981844763,10.442144981844763,2.6864452483316237,10.442144981844763
2025-09-14 15:00:00,15,87.46999999999998,110.22251639780025,22.752516397800264,22.752516397800264,5.8535281468252025,22.752516397800264
2025-09-14 16:00:00,16,66.82,64.39998920789435,2.420010792105643,2.420010792105643,0.6225949270640095,-2.420010792105643
2025-09-14 17:00:00,17,37.410000000000004,28.679476326311004,8.730523673689,8.730523673689,2.2460973180708557,-8.730523673689
2025-09-14 18:00:00,18,10.84,4.611148925061364,6.228851074938635,6.228851074938635,1.6024933001723178,-6.228851074938635
2025-09-14 19:00:00,19,9.0,0.0,9.0,9.0,2.3154253534136626,-9.0
2025-09-15 06:00:00,6,9.329999999999998,7.573655303048267,1.7563446969517313,1.7563446969517313,0.4518538934061861,-1.7563446969517313
2025-09-15 07:00:00,7,18.73,14.078325396823963,4.651674603176037,4.651674603176037,1.1967339235582484,-4.651674603176037
2025-09-15 08:00:00,8,49.82999999999999,63.86530173578523,14.03530173578524,14.03530173578524,3.610854831316437,14.03530173578524
2025-09-15 09:00:00,9,64.27,111.73186093769512,47.46186093769512,47.46186093769512,12.210488459481427,47.46186093769512
2025-09-15 10:00:00,10,88.97999999999999,111.11777081114954,22.13777081114955,22.13777081114955,5.695372867132957,22.13777081114955
2025-09-15 11:00:00,11,108.98,111.93043796711623,2.9504379671162297,2.9504379671162297,0.7590576525261317,2.9504379671162297
2025-09-15 12:00:00,12,127.89000000000001,126.08408617604039,1.805913823959628,1.805913823959628,0.4646065171195934,-1.805913823959628
2025-09-15 13:00:00,13,115.07000000000002,112.63866878045705,2.431331219542969,2.431331219542969,0.6255073275862166,-2.431331219542969
2025-09-15 14:00:00,14,100.91999999999999,86.37088730313106,14.549112696868931,14.549112696868931,3.743042712000328,-14.549112696868931
2025-09-15 15:00:00,15,77.33000000000001,54.31471715736743,23.01528284263258,23.01528284263258,5.921129934424217,-23.01528284263258
2025-09-15 16:00:00,16,46.31,41.562237809925435,4.7477621900745675,4.7477621900745675,1.2214543274308256,-4.7477621900745675
2025-09-15 17:00:00,17,22.050000000000004,24.35132379711861,2.301323797118606,2.301323797118606,0.5920603851402911,2.301323797118606
2025-09-15 18:00:00,18,10.04,0.9841820040891627,9.055817995910836,9.055817995910836,2.3297856204035168,-9.055817995910836
2025-09-15 19:00:00,19,9.85,0.0,9.85,9.85,2.5341044145693976,-9.85
2025-09-16 06:00:00,6,10.229999999999999,7.001202636539782,3.2287973634602167,3.2287973634602167,0.8306710307101083,-3.2287973634602167
2025-09-16 07:00:00,7,18.22,16.11543006618975,2.10456993381025,2.10456993381025,0.5414416203084852,-2.10456993381025
2025-09-16 08:00:00,8,50.52,62.43936419017167,11.91936419017167,11.91936419017167,3.066488671388266,11.91936419017167
2025-09-16 09:00:00,9,137.64999999999998,108.8106853080451,28.839314691954883,28.839314691954883,7.419475601425274,-28.839314691954883
2025-09-16 10:00:00,10,168.20999999999998,132.62315741002726,35.58684258997272,35.58684258997272,9.155408620084884,-35.58684258997272
2025-09-16 11:00:00,11,203.79000000000002,148.999563833896,54.79043616610403,54.79043616610403,14.095907224843348,-54.79043616610403
2025-09-16 12:00:00,12,196.16000000000003,148.04138756846237,48.118612431537656,48.118612431537656,12.379450577229793,-48.118612431537656
2025-09-16 13:00:00,13,180.19,130.66605497399087,49.52394502600913,49.52394502600913,12.740999768254,-49.52394502600913
2025-09-16 14:00:00,14,165.38,112.87405202869235,52.50594797130765,52.50594797130765,13.50817812642049,-52.50594797130765
2025-09-16 15:00:00,15,105.48999999999998,90.37463867080837,15.115361329191614,15.115361329191614,3.8887212052909668,-15.115361329191614
2025-09-16 16:00:00,16,42.41,56.727366588809666,14.31736658880967,14.31736658880967,3.6834215104275105,14.31736658880967
2025-09-16 17:00:00,17,17.88,26.035464045507755,8.155464045507756,8.155464045507756,2.0981520244246905,8.155464045507756
2025-09-16 18:00:00,18,13.029999999999998,0.0,13.029999999999998,13.029999999999998,3.352221372775557,-13.029999999999998
2025-09-16 19:00:00,19,12.95,0.0,12.95,12.95,3.3316398140785477,-12.95
2025-09-17 06:00:00,6,13.02,6.707610628770918,6.312389371229082,6.312389371229082,1.6239851545291937,-6.312389371229082
2025-09-17 07:00:00,7,17.310000000000002,12.123991770886724,5.186008229113279,5.186008229113279,1.3342016596334196,-5.186008229113279
2025-09-17 08:00:00,8,24.55,14.145165925301612,10.404834074698389,10.404834074698389,2.676846290513226,-10.404834074698389
2025-09-17 09:00:00,9,49.33,21.885063618003965,27.444936381996033,27.444936381996033,7.060744613522073,-27.444936381996033
2025-09-17 10:00:00,10,54.44,56.54831302037718,2.1083130203771816,2.1083130203771816,0.5424046022570513,2.1083130203771816
2025-09-17 11:00:00,11,59.260000000000005,80.39436129760553,21.134361297605523,21.134361297605523,5.437226219631144,21.134361297605523
2025-09-17 12:00:00,12,57.7,119.31840220957378,61.61840220957377,61.61840220957377,15.852534523654175,61.61840220957377
2025-09-17 13:00:00,13,66.33999999999999,128.9094846134109,62.56948461341092,62.56948461341092,16.09721900265752,62.56948461341092
2025-09-17 14:00:00,14,66.53,127.72259520214179,61.19259520214179,61.19259520214179,15.742987374690928,61.19259520214179
2025-09-17 15:00:00,15,59.099999999999994,87.28550268453206,28.185502684532068,28.185502684532068,7.2512697238304895,28.185502684532068
2025-09-17 16:00:00,16,51.95000000000001,57.20668932436031,5.256689324360302,5.256689324360302,1.3523857485158643,5.256689324360302
2025-09-17 17:00:00,17,22.489999999999995,24.535964722825742,2.0459647228257474,2.0459647228257474,0.5263642879356325,2.0459647228257474
2025-09-17 18:00:00,18,12.979999999999999,0.0,12.979999999999999,12.979999999999999,3.3393578985899266,-12.979999999999999
2025-09-17 19:00:00,19,12.959999999999999,0.0,12.959999999999999,12.959999999999999,3.334212508915674,-12.959999999999999
2025-09-18 06:00:00,6,13.669999999999998,5.740897653557052,7.929102346442946,7.929102346442946,2.0399160669739733,-7.929102346442946
2025-09-18 07:00:00,7,28.85,13.415304525245633,15.434695474754369,15.434695474754369,3.9708761360517104,-15.434695474754369
2025-09-18 08:00:00,8,69.93,59.16446721634894,10.765532783651068,10.765532783651068,2.7696430611412937,-10.765532783651068
2025-09-18 09:00:00,9,122.46,112.53466916588016,9.925330834119833,9.925330834119833,2.553484739371049,-9.925330834119833
2025-09-18 10:00:00,10,147.22,160.75474951543063,13.534749515430633,13.534749515430633,3.4820780200145967,13.534749515430633
2025-09-18 11:00:00,11,159.82000000000002,164.21232362349855,4.392323623498527,4.392323623498527,1.1300108309162507,4.392323623498527
2025-09-18 12:00:00,12,170.92,182.19324015518177,11.273240155181782,11.273240155181782,2.9002606744920967,11.273240155181782
2025-09-18 13:00:00,13,162.61,157.7456617578692,4.864338242130827,4.864338242130827,1.2514457881565961,-4.864338242130827
2025-09-18 14:00:00,14,134.26,121.48964174184835,12.770358258151646,12.770358258151646,3.2854234758999845,-12.770358258151646
2025-09-18 15:00:00,15,87.53,73.12573374618819,14.404266253811812,14.404266253811812,3.7057781423774117,-14.404266253811812
2025-09-18 16:00:00,16,52.51,58.15354319165389,5.64354319165389,5.64354319165389,1.4519114432267197,5.64354319165389
2025-09-18 17:00:00,17,30.779999999999998,23.807365035743455,6.972634964256542,6.972634964256542,1.793846197370907,-6.972634964256542
2025-09-18 18:00:00,18,13.549999999999997,0.0,13.549999999999997,13.549999999999997,3.4860015043061243,-13.549999999999997
2025-09-18 19:00:00,19,13.419999999999998,0.0,13.419999999999998,13.419999999999998,3.4525564714234833,-13.419999999999998
2025-09-19 06:00:00,6,13.429999999999998,1.4629968364289367,11.96700316357106,11.96700316357106,3.0787447254793268,-11.96700316357106
2025-09-19 07:00:00,7,14.209999999999999,11.876545166718024,2.3334548332819747,2.3334548332819747,0.6003267202251928,-2.3334548332819747
2025-09-19 08:00:00,8,19.119999999999997,14.367033198324224,4.752966801675774,4.752966801675774,1.2227933151703925,-4.752966801675774
2025-09-19 09:00:00,9,28.75,43.05262787673198,14.302627876731982,14.302627876731982,3.679629689580695,14.302627876731982
2025-09-19 10:00:00,10,37.50999999999999,56.43947959351927,18.929479593519282,18.929479593519282,4.869977441973456,18.929479593519282
2025-09-19 11:00:00,11,37.64,50.00522072407757,12.365220724077567,12.365220724077567,3.1811939516761383,12.365220724077567
2025-09-19 12:00:00,12,36.44,44.628933226193794,8.188933226193797,8.188933226193797,2.106762623260073,8.188933226193797
2025-09-19 13:00:00,13,26.990000000000002,29.560349926011963,2.5703499260119607,2.5703499260119607,0.6612725984258917,2.5703499260119607
2025-09-19 14:00:00,14,19.240000000000002,24.86116502992219,5.621165029922189,5.621165029922189,1.4461542251115673,5.621165029922189
2025-09-19 15:00:00,15,17.38,14.234291111749846,3.1457088882501534,3.1457088882501534,0.8092949015903456,-3.1457088882501534
2025-09-19 16:00:00,16,15.999999999999998,12.69714674433734,3.302853255662658,3.302853255662658,0.8497233518629084,-3.302853255662658
2025-09-19 17:00:00,17,14.049999999999997,10.93047878407007,3.119521215929927,3.119521215929927,0.8025576126528855,-3.119521215929927
2025-09-19 18:00:00,18,13.43,0.0,13.43,13.43,3.45512916626061,-13.43
2025-09-19 19:00:00,19,13.43,0.0,13.43,13.43,3.45512916626061,-13.43
2025-09-20 06:00:00,6,13.739999999999998,1.2888345672147108,12.451165432785288,12.451165432785288,3.2033049025132057,-12.451165432785288
2025-09-20 07:00:00,7,40.61,16.051772294075832,24.558227705924168,24.558227705924168,6.318082562800297,-24.558227705924168
2025-09-20 08:00:00,8,100.08,67.02889493813852,33.05110506186148,33.05110506186148,8.503040735396967,-33.05110506186148
2025-09-20 09:00:00,9,147.2,139.03792308118534,8.162076918814648,8.162076918814648,2.0998533149262117,-8.162076918814648
2025-09-20 10:00:00,10,181.41000000000003,179.05313626308967,2.3568637369103556,2.3568637369103556,0.606349116775945,-2.3568637369103556
2025-09-20 11:00:00,11,203.67000000000002,193.62700660302139,10.04299339697863,10.04299339697863,2.583755726170036,-10.04299339697863
2025-09-20 12:00:00,12,198.95000000000002,188.35274049187353,10.597259508126484,10.597259508126484,2.7263514824244512,-10.597259508126484
2025-09-20 13:00:00,13,209.10999999999999,182.68840158326313,26.421598416736856,26.421598416736856,6.797470983536312,-26.421598416736856
2025-09-20 14:00:00,14,177.26000000000002,155.43433725390273,21.825662746097294,21.825662746097294,5.615076986374415,-21.825662746097294
2025-09-20 15:00:00,15,146.91,130.69808003380268,16.211919966197314,16.211919966197314,4.170832279694048,-16.211919966197314
2025-09-20 16:00:00,16,99.18,95.26462409485177,3.915375905148238,3.915375905148238,1.0073067376583553,-3.915375905148238
2025-09-20 17:00:00,17,43.05,39.174107735198575,3.875892264801422,3.875892264801422,0.9971488018912348,-3.875892264801422
2025-09-20 18:00:00,18,13.93,0.0,13.93,13.93,3.583763908116924,-13.93
2025-09-20 19:00:00,19,13.43,0.0,13.43,13.43,3.45512916626061,-13.43
2025-09-21 06:00:00,6,14.449999999999998,1.100820391536369,13.34917960846363,13.34917960846363,3.434336545856595,-13.34917960846363
2025-09-21 07:00:00,7,45.300000000000004,18.385561207639874,26.91443879236013,26.91443879236013,6.924263772525649,-26.91443879236013
2025-09-21 08:00:00,8,96.97,82.6947524051741,14.275247594825899,14.275247594825899,3.6725855785908106,-14.275247594825899
2025-09-21 09:00:00,9,113.51999999999998,124.43360873464383,10.913608734643844,10.913608734643844,2.8077384846034623,10.913608734643844
2025-09-21 10:00:00,10,153.30999999999997,131.4318728509748,21.878127149025175,21.878127149025175,5.6285744762289625,-21.878127149025175
2025-09-21 11:00:00,11,209.95999999999998,135.84629793286567,74.11370206713431,74.11370206713431,19.06719386684326,-74.11370206713431
2025-09-21 12:00:00,12,177.62999999999997,139.16657759313802,38.46342240686195,38.46342240686195,9.895464824434146,-38.46342240686195
2025-09-21 13:00:00,13,161.92999999999998,100.20605813188068,61.7239418681193,61.7239418681193,15.879686657119388,-61.7239418681193
2025-09-21 14:00:00,14,145.95000000000002,79.3272693016669,66.62273069833311,66.62273069833311,17.139995530285688,-66.62273069833311
2025-09-21 15:00:00,15,100.50999999999999,85.51056919146072,14.999430808539273,14.999430808539273,3.8588958200962025,-14.999430808539273
2025-09-21 16:00:00,16,87.6,61.04242521114404,26.557574788855952,26.557574788855952,6.832453554588508,-26.557574788855952
2025-09-21 17:00:00,17,39.08,24.296627937444654,14.783372062555344,14.783372062555344,3.803310498065319,-14.783372062555344
2025-09-21 18:00:00,18,13.78,0.0,13.78,13.78,3.5451734855600296,-13.78
2025-09-21 19:00:00,19,13.659999999999998,0.0,13.659999999999998,13.659999999999998,3.514301147514514,-13.659999999999998
2025-09-22 06:00:00,6,13.539999999999997,0.0,13.539999999999997,13.539999999999997,3.4834288094689985,-13.539999999999997
2025-09-22 07:00:00,7,30.15,12.184859744969234,17.965140255030764,17.965140255030764,4.6218823582367365,-17.965140255030764
2025-09-22 08:00:00,8,53.38,33.53103642438958,19.84896357561042,19.84896357561042,5.106532611328075,-19.84896357561042
2025-09-22 09:00:00,9,73.07,52.80342714780359,20.266572852196404,20.266572852196404,5.213970734308956,-20.266572852196404
2025-09-22 10:00:00,10,104.67,77.89114797861859,26.77885202138141,26.77885202138141,6.889381433957692,-26.77885202138141
2025-09-22 11:00:00,11,108.96,91.4000778969724,17.55992210302759,17.55992210302759,4.517632093479893,-17.55992210302759
2025-09-22 12:00:00,12,94.69999999999999,100.19055832716838,5.490558327168387,5.490558327168387,1.4125531061246877,5.490558327168387
2025-09-22 13:00:00,13,95.49000000000001,77.36194112027671,18.128058879723298,18.128058879723298,4.663796348698555,-18.128058879723298
2025-09-22 14:00:00,14,57.76,54.25935433393187,3.500645666068131,3.500645666068131,0.9006093031702009,-3.500645666068131
2025-09-22 15:00:00,15,33.239999999999995,24.008688782214087,9.231311217785908,9.231311217785908,2.374934670990383,-9.231311217785908
2025-09-22 16:00:00,16,29.11,14.253339121267556,14.856660878732443,14.856660878732443,3.822165473965111,-14.856660878732443
2025-09-22 17:00:00,17,16.47,10.803786532817703,5.6662134671822955,5.6662134671822955,1.4577438133075356,-5.6662134671822955
2025-09-22 18:00:00,18,13.43,0.0,13.43,13.43,3.45512916626061,-13.43
2025-09-22 19:00:00,19,13.419999999999998,0.0,13.419999999999998,13.419999999999998,3.4525564714234833,-13.419999999999998
2025-09-23 06:00:00,6,13.419999999999998,0.0,13.419999999999998,13.419999999999998,3.4525564714234833,-13.419999999999998
2025-09-23 07:00:00,7,22.939999999999998,11.617184794880433,11.322815205119564,11.322815205119564,2.9130148219946177,-11.322815205119564
2025-09-23 08:00:00,8,42.82,29.538819126636167,13.281180873363834,13.281180873363834,3.416842546384359,-13.281180873363834
2025-09-23 09:00:00,9,51.77,57.4420669439126,5.672066943912597,5.672066943912597,1.4592497342438642,5.672066943912597
2025-09-23 10:00:00,10,55.68,72.78800771103568,17.108007711035675,17.108007711035675,4.401368311169827,17.108007711035675
2025-09-23 11:00:00,11,55.230000000000004,77.79189218957548,22.561892189575474,22.561892189575474,5.804486355192083,22.561892189575474
2025-09-23 12:00:00,12,85.26,81.85365583436136,3.406344165638643,3.406344165638643,0.8763484048413803,-3.406344165638643
2025-09-23 13:00:00,13,81.25000000000001,62.0121630819395,19.237836918060516,19.237836918060516,4.949308371657186,-19.237836918060516
2025-09-23 14:00:00,14,101.87,48.130735479743876,53.73926452025613,53.73926452025613,13.825472838222705,-53.73926452025613
2025-09-23 15:00:00,15,78.92,38.13090572516464,40.789094274835364,40.789094274835364,10.493789225192653,-40.789094274835364
2025-09-23 16:00:00,16,56.8,30.574837991159704,26.225162008840293,26.225162008840293,6.7469338902943985,-26.225162008840293
2025-09-23 17:00:00,17,25.009999999999998,10.814764976028206,14.195235023971792,14.195235023971792,3.6520007857966537,-14.195235023971792
2025-09-23 18:00:00,18,13.43,0.0,13.43,13.43,3.45512916626061,-13.43
2025-09-23 19:00:00,19,13.419999999999998,0.0,13.419999999999998,13.419999999999998,3.4525564714234833,-13.419999999999998
2025-09-24 06:00:00,6,13.419999999999998,0.0,13.419999999999998,13.419999999999998,3.4525564714234833,-13.419999999999998
2025-09-24 07:00:00,7,18.34,11.445935739126504,6.894064260873495,6.894064260873495,1.7736323530766127,-6.894064260873495
2025-09-24 08:00:00,8,29.38,16.523972259848936,12.856027740151063,12.856027740151063,3.3074636193039026,-12.856027740151063
2025-09-24 09:00:00,9,32.349999999999994,22.33249173039645,10.017508269603546,10.017508269603546,2.5771991806078978,-10.017508269603546
2025-09-24 10:00:00,10,42.839999999999996,59.8334360146756,16.993436014675602,16.993436014675602,4.371892509999191,16.993436014675602
2025-09-24 11:00:00,11,54.89999999999999,101.65234307234768,46.752343072347685,46.752343072347685,12.027951164578605,46.752343072347685
2025-09-24 12:00:00,12,55.75000000000001,85.91790782643496,30.16790782643495,30.16790782643495,7.761282071197104,30.16790782643495
2025-09-24 13:00:00,13,56.89,75.09392358111658,18.203923581116584,18.203923581116584,4.6833140212580195,18.203923581116584
2025-09-24 14:00:00,14,47.85,70.16589277594679,22.315892775946786,22.315892775946786,5.741198213054221,22.315892775946786
2025-09-24 15:00:00,15,42.84,43.427860141698446,0.5878601416984424,0.5878601416984424,0.15123847514999128,0.5878601416984424
2025-09-24 16:00:00,16,31.62,36.10463024326863,4.484630243268629,4.484630243268629,1.1537585073277628,4.484630243268629
2025-09-24 17:00:00,17,25.770000000000003,16.237293754651457,9.532706245348546,9.532706245348546,2.452474414124976,-9.532706245348546
2025-09-24 18:00:00,18,13.86,0.0,13.86,13.86,3.56575504425704,-13.86
2025-09-24 19:00:00,19,13.439999999999998,0.0,13.439999999999998,13.439999999999998,3.4577018610977355,-13.439999999999998
2025-09-25 06:00:00,6,13.499999999999996,0.0,13.499999999999996,13.499999999999996,3.473138030120493,-13.499999999999996
2025-09-25 07:00:00,7,32.269999999999996,13.529587118148811,18.740412881851185,18.740412881851185,4.82133634667536,-18.740412881851185
2025-09-25 08:00:00,8,62.18000000000001,64.41540177880985,2.2354017788098446,2.2354017788098446,0.5751006615247016,2.2354017788098446
2025-09-25 09:00:00,9,100.06,105.61294028135708,5.552940281357081,5.552940281357081,1.428602079271798,5.552940281357081
2025-09-25 10:00:00,10,90.44999999999999,134.65808417939752,44.20808417939753,44.20808417939753,11.373390992758052,44.20808417939753
2025-09-25 11:00:00,11,90.1,149.23635281174822,59.136352811748225,59.136352811748225,15.213978956526352,59.136352811748225
2025-09-25 12:00:00,12,108.33,146.90734258180242,38.57734258180243,38.57734258180243,9.924773009025536,38.57734258180243
2025-09-25 13:00:00,13,106.25999999999999,138.6456778864793,32.3856778864793,32.3856778864793,8.33184662953804,32.3856778864793
2025-09-25 14:00:00,14,99.49000000000001,123.79700617681073,24.307006176810717,24.307006176810717,6.253450929707781,24.307006176810717
2025-09-25 15:00:00,15,59.769999999999996,83.3071108025921,23.53711080259211,23.53711080259211,6.055380344269819,23.53711080259211
2025-09-25 16:00:00,16,38.0,57.95795236314104,19.95795236314104,19.95795236314104,5.134572100426542,19.95795236314104
2025-09-25 17:00:00,17,24.619999999999997,23.0643548520268,1.5556451479731983,1.5556451479731983,0.4002200240591214,-1.5556451479731983
2025-09-25 18:00:00,18,13.579999999999998,0.0,13.579999999999998,13.579999999999998,3.4937195888175037,-13.579999999999998
2025-09-25 19:00:00,19,13.429999999999998,0.0,13.429999999999998,13.429999999999998,3.455129166260609,-13.429999999999998
2025-09-26 06:00:00,6,13.429999999999998,0.0,13.429999999999998,13.429999999999998,3.455129166260609,-13.429999999999998
2025-09-26 07:00:00,7,20.84,12.493359006567038,8.346640993432962,8.346640993432962,2.1473360191151643,-8.346640993432962
2025-09-26 08:00:00,8,42.11,44.12081954429731,2.0108195442973127,2.0108195442973127,0.5173225060006339,2.0108195442973127
2025-09-26 09:00:00,9,50.82999999999999,84.03035636704895,33.20035636704896,33.20035636704896,8.541438541625986,33.20035636704896
2025-09-26 10:00:00,10,63.02,123.21481405396682,60.194814053966816,60.194814053966816,15.486288733841757,60.194814053966816
2025-09-26 11:00:00,11,72.41000000000001,125.95032758012401,53.540327580124,53.540327580124,13.774292434343542,53.540327580124
2025-09-26 12:00:00,12,81.38,125.9009732681736,44.520973268173606,44.520973268173606,11.453887807086788,44.520973268173606
2025-09-26 13:00:00,13,79.96000000000001,89.97882383993182,10.018823839931812,10.018823839931812,2.577537636707038,10.018823839931812
2025-09-26 14:00:00,14,71.32000000000001,64.84187542178617,6.478124578213837,6.478124578213837,1.6666237656631677,-6.478124578213837
2025-09-26 15:00:00,15,66.78,44.23340539869195,22.54659460130805,22.54659460130805,5.800550752556474,-22.54659460130805
2025-09-26 16:00:00,16,37.51,17.349103591994382,20.160896408005616,20.160896408005616,5.1867834100714045,-20.160896408005616
2025-09-26 17:00:00,17,26.749999999999996,11.456097987296653,15.293902012703343,15.293902012703343,3.9346542747597293,-15.293902012703343
2025-09-26 18:00:00,18,13.479999999999999,0.0,13.479999999999999,13.479999999999999,3.4679926404462407,-13.479999999999999
2025-09-26 19:00:00,19,13.429999999999998,0.0,13.429999999999998,13.429999999999998,3.455129166260609,-13.429999999999998
2025-09-27 06:00:00,6,13.509999999999998,0.0,13.509999999999998,13.509999999999998,3.4757107249576196,-13.509999999999998
2025-09-27 07:00:00,7,25.35,11.196639802922057,14.153360197077944,14.153360197077944,3.641227670701118,-14.153360197077944
2025-09-27 08:00:00,8,36.99999999999999,24.17895301481028,12.821046985189714,12.821046985189714,3.2984641385351186,-12.821046985189714
2025-09-27 09:00:00,9,48.78999999999999,45.06107654274931,3.72892345725068,3.72892345725068,0.9593382126507948,-3.72892345725068
2025-09-27 10:00:00,10,51.62,46.04157534421544,5.578424655784559,5.578424655784559,1.4351584311234946,-5.578424655784559
2025-09-27 11:00:00,11,47.77,45.839190008487215,1.9308099915127883,1.9308099915127883,0.496738489663681,-1.9308099915127883
2025-09-27 12:00:00,12,37.26,60.372465527109334,23.112465527109336,23.112465527109336,5.946132073485359,23.112465527109336
2025-09-27 13:00:00,13,33.02,56.28635248937336,23.266352489373354,23.266352489373354,5.985722492817127,23.266352489373354
2025-09-27 14:00:00,14,46.480000000000004,49.27580368913173,2.7958036891317235,2.7958036891317235,0.7192749716647825,2.7958036891317235
2025-09-27 15:00:00,15,37.940000000000005,29.42212015437845,8.517879845621554,8.517879845621554,2.1913905502092668,-8.517879845621554
2025-09-27 16:00:00,16,28.6,13.157866182785119,15.442133817214883,15.442133817214883,3.9727897945762045,-15.442133817214883
2025-09-27 17:00:00,17,15.810000000000002,10.614918074977753,5.195081925022249,5.195081925022249,1.3365360446952856,-5.195081925022249
2025-09-27 18:00:00,18,13.43,0.0,13.43,13.43,3.45512916626061,-13.43
2025-09-27 19:00:00,19,13.419999999999998,0.0,13.419999999999998,13.419999999999998,3.4525564714234833,-13.419999999999998
2025-09-28 06:00:00,6,13.419999999999998,0.0,13.419999999999998,13.419999999999998,3.4525564714234833,-13.419999999999998
2025-09-28 07:00:00,7,22.060000000000002,11.419186714880995,10.640813285119007,10.640813285119007,2.737556540145053,-10.640813285119007
2025-09-28 08:00:00,8,43.21,30.250460743774482,12.959539256225518,12.959539256225518,3.3340939736026893,-12.959539256225518
2025-09-28 09:00:00,9,80.16000000000001,38.80382953595182,41.35617046404819,41.35617046404819,10.639680623617162,-41.35617046404819
2025-09-28 10:00:00,10,83.92,52.32584242293318,31.594157577066824,31.594157577066824,8.128212608187432,-31.594157577066824
2025-09-28 11:00:00,11,90.60000000000001,74.56557226194506,16.034427738054944,16.034427738054944,4.125168945796856,-16.034427738054944
2025-09-28 12:00:00,12,88.43,80.1514584084067,8.27854159159331,8.27854159159331,2.129816121162738,-8.27854159159331
2025-09-28 13:00:00,13,96.39999999999999,89.32678400369409,7.073215996305905,7.073215996305905,1.8197226275575302,-7.073215996305905
2025-09-28 14:00:00,14,77.98000000000002,60.18834495796894,17.79165504203108,17.79165504203108,4.577249907056532,-17.79165504203108
2025-09-28 15:00:00,15,60.45,75.80737617427711,15.357376174277107,15.357376174277107,3.9509842395369033,15.357376174277107
2025-09-28 16:00:00,16,34.78,45.92956911474719,11.149569114747187,11.149569114747187,2.8684438897692845,11.149569114747187
2025-09-28 17:00:00,17,16.439999999999998,12.663239613475984,3.776760386524014,3.776760386524014,0.9716451947473429,-3.776760386524014
2025-09-28 18:00:00,18,13.439999999999998,0.0,13.439999999999998,13.439999999999998,3.4577018610977355,-13.439999999999998
2025-09-28 19:00:00,19,13.429999999999998,0.0,13.429999999999998,13.429999999999998,3.455129166260609,-13.429999999999998
2025-09-29 06:00:00,6,13.449999999999998,0.0,13.449999999999998,13.449999999999998,3.460274555934862,-13.449999999999998
2025-09-29 07:00:00,7,22.939999999999998,11.947940750255949,10.992059249744049,10.992059249744049,2.8279214081202815,-10.992059249744049
2025-09-29 08:00:00,8,42.31,19.675287948379268,22.634712051620735,22.634712051620735,5.823220683504491,-22.634712051620735
2025-09-29 09:00:00,9,54.78000000000001,52.59094236555477,2.1890576344452413,2.1890576344452413,0.5631777274309165,-2.1890576344452413
2025-09-29 10:00:00,10,72.23,76.35616842248625,4.126168422486245,4.126168422486245,1.0615372197643898,4.126168422486245
2025-09-29 11:00:00,11,102.07,82.44108098430651,19.628919015693484,19.628919015693484,5.049921861004472,-19.628919015693484
2025-09-29 12:00:00,12,134.54000000000002,110.7403727948185,23.799627205181523,23.799627205181523,6.122917803630093,-23.799627205181523
2025-09-29 13:00:00,13,121.42999999999999,114.8320617339202,6.597938266079794,6.597938266079794,1.697448171282148,-6.597938266079794
2025-09-29 14:00:00,14,117.03,66.80886393224952,50.22113606775048,50.22113606775048,12.920365747611864,-50.22113606775048
2025-09-29 15:00:00,15,89.22999999999999,88.53004523406378,0.6999547659362122,0.6999547659362122,0.18007700125460352,-0.6999547659362122
2025-09-29 16:00:00,16,63.87,55.608255988558454,8.261744011441543,8.261744011441543,2.1254946163894717,-8.261744011441543
2025-09-29 17:00:00,17,28.62,22.460454027993475,6.159545972006526,6.159545972006526,1.5846632121223236,-6.159545972006526
2025-09-29 18:00:00,18,13.04,0.0,13.04,13.04,3.354794067612684,-13.04
2025-09-29 19:00:00,19,12.95,0.0,12.95,12.95,3.3316398140785477,-12.95
2025-09-30 06:00:00,6,12.95,0.0,12.95,12.95,3.3316398140785477,-12.95
2025-09-30 07:00:00,7,28.069999999999997,13.727275339301588,14.342724660698408,14.342724660698408,3.6899453684902737,-14.342724660698408
2025-09-30 08:00:00,8,86.88999999999999,84.36706996798922,2.5229300320107626,2.5229300320107626,0.6490729067784959,-2.5229300320107626
2025-09-30 09:00:00,9,134.27,138.7580229599789,4.488022959978878,4.488022959978878,1.1546313498041916,4.488022959978878
2025-09-30 10:00:00,10,178.64000000000001,181.1794905868941,2.5394905868940896,2.5394905868940896,0.6533334321833241,2.5394905868940896
2025-09-30 11:00:00,11,197.71999999999997,198.27088220194557,0.5508822019455977,0.5508822019455977,0.14172517968102022,0.5508822019455977
2025-09-30 12:00:00,12,200.04999999999998,202.39342942966422,2.3434294296642406,2.3434294296642406,0.6028928794867002,2.3434294296642406
2025-09-30 13:00:00,13,188.67,191.90027048195722,3.230270481957234,3.230270481957234,0.8310500191452834,3.230270481957234
2025-09-30 14:00:00,14,166.49,164.5249350725755,1.965064927424521,1.965064927424521,0.5055512393403017,-1.965064927424521
2025-09-30 15:00:00,15,130.98,127.36067598154987,3.619324018450115,3.619324018450115,0.9311416216153794,-3.619324018450115
2025-09-30 16:00:00,16,78.58,78.42996127625926,0.15003872374073524,0.15003872374073524,0.03860038499368075,-0.15003872374073524
2025-09-30 17:00:00,17,28.599999999999998,29.79723661643212,1.1972366164321215,1.1972366164321215,0.30801244619134693,1.1972366164321215
2025-09-30 18:00:00,18,10.399999999999999,0.0,10.399999999999999,10.399999999999999,2.675602630611343,-10.399999999999999
2025-09-30 19:00:00,19,10.379999999999999,0.0,10.379999999999999,10.379999999999999,2.6704572409370906,-10.379999999999999
2025-10-01 06:00:00,6,10.499999999999998,0.0,10.499999999999998,10.499999999999998,2.7013295789826057,-10.499999999999998
2025-10-01 07:00:00,7,45.74,15.40233747068155,30.33766252931845,30.33766252931845,7.804954775965733,-30.33766252931845
2025-10-01 08:00:00,8,65.82000000000001,82.2362073696343,16.416207369634293,16.416207369634293,4.223389194505272,16.416207369634293
2025-10-01 09:00:00,9,77.54,131.5122786059723,53.972278605972306,53.972278605972306,13.885420251752675,53.972278605972306
2025-10-01 10:00:00,10,59.85,158.1416222518836,98.29162225188361,98.29162225188361,25.28743491001887,98.29162225188361
2025-10-01 11:00:00,11,108.95,143.9992658270934,35.04926582709341,35.04926582709341,9.017106523843017,35.04926582709341
2025-10-01 12:00:00,12,151.29000000000002,142.6475389433333,8.642461056666718,8.642461056666718,2.2234414940551503,-8.642461056666718
2025-10-01 13:00:00,13,148.07999999999998,128.62400778488458,19.4559922151154,19.4559922151154,5.005433072299672,-19.4559922151154
2025-10-01 14:00:00,14,115.72,100.04838520605315,15.671614793946844,15.671614793946844,4.031828246981906,-15.671614793946844
2025-10-01 15:00:00,15,55.60999999999999,84.4415934208986,28.831593420898606,28.831593420898606,7.41748915400702,28.831593420898606
2025-10-01 16:00:00,16,23.27,47.814243581669615,24.544243581669615,24.544243581669615,6.314484874373154,24.544243581669615
2025-10-01 17:00:00,17,17.69,12.780452080624716,4.909547919375285,4.909547919375285,1.2630768584800924,-4.909547919375285
2025-10-01 18:00:00,18,10.399999999999999,0.0,10.399999999999999,10.399999999999999,2.675602630611343,-10.399999999999999
2025-10-01 19:00:00,19,10.389999999999999,0.0,10.389999999999999,10.389999999999999,2.673029935774217,-10.389999999999999
2025-10-02 06:00:00,6,10.389999999999999,0.0,10.389999999999999,10.389999999999999,2.673029935774217,-10.389999999999999
2025-10-02 07:00:00,7,10.949999999999998,10.303233621463285,0.6467663785367126,0.6467663785367126,0.16639325228882693,-0.6467663785367126
2025-10-02 08:00:00,8,13.879999999999999,12.947888042267344,0.9321119577326549,0.9321119577326549,0.23980396212824814,-0.9321119577326549
2025-10-02 09:00:00,9,15.53,13.93550121463264,1.5944987853673602,1.5944987853673602,0.41021587929187503,-1.5944987853673602
2025-10-02 10:00:00,10,15.77,14.932445496119943,0.8375545038800567,0.8375545038800567,0.21547721479440946,-0.8375545038800567
2025-10-02 11:00:00,11,17.44,22.55766739154751,5.11766739154751,5.11766739154751,1.3166196476363856,5.11766739154751
2025-10-02 12:00:00,12,18.62,26.699625337995645,8.079625337995644,8.079625337995644,2.0786410392976165,8.079625337995644
2025-10-02 13:00:00,13,21.27,30.556261777437964,9.286261777437964,9.286261777437964,2.3890717731017874,9.286261777437964
2025-10-02 14:00:00,14,28.759999999999998,19.617561669137263,9.142438330862735,9.142438330862735,2.352070389255607,-9.142438330862735
2025-10-02 15:00:00,15,24.980000000000004,12.60226607765124,12.377733922348764,12.377733922348764,3.184413215734963,-12.377733922348764
2025-10-02 16:00:00,16,20.45,11.975846013733918,8.474153986266082,8.474153986266082,2.180141220947993,-8.474153986266082
2025-10-02 17:00:00,17,11.479999999999999,10.502288897793123,0.9777111022068752,0.9777111022068752,0.25153523048486837,-0.9777111022068752
2025-10-02 18:00:00,18,10.379999999999999,0.0,10.379999999999999,10.379999999999999,2.6704572409370906,-10.379999999999999
2025-10-02 19:00:00,19,10.379999999999999,0.0,10.379999999999999,10.379999999999999,2.6704572409370906,-10.379999999999999
2025-10-03 06:00:00,6,10.379999999999999,0.0,10.379999999999999,10.379999999999999,2.6704572409370906,-10.379999999999999
2025-10-03 07:00:00,7,17.87,11.607962194134062,6.262037805865939,6.262037805865939,1.6110312333040955,-6.262037805865939
2025-10-03 08:00:00,8,33.910000000000004,24.96987900686042,8.940120993139583,8.940120993139583,2.300020312233458,-8.940120993139583
2025-10-03 09:00:00,9,62.39000000000001,53.42689244085182,8.963107559148185,8.963107559148185,2.3059340542028175,-8.963107559148185
2025-10-03 10:00:00,10,71.57,89.95537329738023,18.38537329738024,18.38537329738024,4.7299954960809725,18.38537329738024
2025-10-03 11:00:00,11,93.03999999999999,94.9690776398972,1.9290776398972014,1.9290776398972014,0.4962928084579302,1.9290776398972014
2025-10-03 12:00:00,12,92.25,114.39138346720074,22.14138346720074,22.14138346720074,5.696302293290077,22.14138346720074
2025-10-03 13:00:00,13,75.87999999999998,116.93370438078037,41.05370438078039,41.05370438078039,10.561865330534273,41.05370438078039
2025-10-03 14:00:00,14,72.25,99.87641334134238,27.626413341342385,27.626413341342385,7.107433097158846,27.626413341342385
2025-10-03 15:00:00,15,58.61999999999999,59.371380623412264,0.751380623412274,0.751380623412274,0.19330730505694918,0.751380623412274
2025-10-03 16:00:00,16,37.27,36.48481060287125,0.7851893971287538,0.7851893971287538,0.20200527081594505,-0.7851893971287538
2025-10-03 17:00:00,17,18.35,11.529264913289488,6.820735086710513,6.820735086710513,1.7547669942986288,-6.820735086710513
2025-10-03 18:00:00,18,10.45,0.0,10.45,10.45,2.6884661047969747,-10.45
2025-10-03 19:00:00,19,10.389999999999999,0.0,10.389999999999999,10.389999999999999,2.673029935774217,-10.389999999999999
2025-10-04 06:00:00,6,10.679999999999998,0.0,10.679999999999998,10.679999999999998,2.747638086050879,-10.679999999999998
2025-10-04 07:00:00,7,21.08,11.028956689275972,10.051043310724026,10.051043310724026,2.5858267233232453,-10.051043310724026
2025-10-04 08:00:00,8,47.07,21.189770152409636,25.880229847590364,25.880229847590364,6.658193371253748,-25.880229847590364
2025-10-04 09:00:00,9,61.93000000000001,52.9728325454087,8.957167454591307,8.957167454591307,2.3044058465702704,-8.957167454591307
2025-10-04 10:00:00,10,81.7,74.33691645845349,7.363083541546516,7.363083541546516,1.8942967012666294,-7.363083541546516
2025-10-04 11:00:00,11,72.25,72.09963793203754,0.15036206796246177,0.15036206796246177,0.0386835715946658,-0.15036206796246177
2025-10-04 12:00:00,12,47.07,72.7882017653738,25.7182017653738,25.7182017653738,6.616508490194946,25.7182017653738
2025-10-04 13:00:00,13,35.36,54.50577568394909,19.14577568394909,19.14577568394909,4.925623825487392,19.14577568394909
2025-10-04 14:00:00,14,40.050000000000004,34.79593591852355,5.254064081476457,5.254064081476457,1.3517103536345174,-5.254064081476457
2025-10-04 15:00:00,15,25.04,23.237472383661768,1.8025276163382316,1.8025276163382316,0.463735349233093,-1.8025276163382316
2025-10-04 16:00:00,16,17.64,12.490838083382465,5.149161916617535,5.149161916617535,1.3247222278409254,-5.149161916617535
2025-10-04 17:00:00,17,12.690000000000001,10.387078891826778,2.302921108173223,2.302921108173223,0.5924713245306409,-2.302921108173223
2025-10-04 18:00:00,18,10.609999999999998,0.0,10.609999999999998,10.609999999999998,2.729629222190995,-10.609999999999998
2025-10-04 19:00:00,19,10.609999999999998,0.0,10.609999999999998,10.609999999999998,2.729629222190995,-10.609999999999998
2025-10-05 06:00:00,6,10.619999999999997,0.0,10.619999999999997,10.619999999999997,2.7322019170281213,-10.619999999999997
2025-10-05 07:00:00,7,22.57,11.252849866540043,11.317150133459958,11.317150133459958,2.9115573719335557,-11.317150133459958
2025-10-05 08:00:00,8,34.41,28.24779545007351,6.162204549926486,6.162204549926486,1.5853471830912014,-6.162204549926486
2025-10-05 09:00:00,9,46.080000000000005,55.90502845175397,9.825028451753965,9.825028451753965,2.5276799972446353,9.825028451753965
2025-10-05 10:00:00,10,60.65,82.47308941868863,21.82308941868863,21.82308941868863,5.614414947760564,21.82308941868863
2025-10-05 11:00:00,11,85.22,94.16053687647515,8.94053687647515,8.94053687647515,2.3001273063244843,8.94053687647515
2025-10-05 12:00:00,12,85.72,84.38240992009592,1.337590079904075,1.337590079904075,0.34412110927605577,-1.337590079904075
2025-10-05 13:00:00,13,80.75,93.41583544418623,12.665835444186229,12.665835444186229,3.25853294551491,12.665835444186229
2025-10-05 14:00:00,14,75.33999999999999,83.18633508791076,7.846335087910774,7.846335087910774,2.0186225771030917,7.846335087910774
2025-10-05 15:00:00,15,67.5,58.10995202881305,9.390047971186952,9.390047971186952,2.4157727935840883,-9.390047971186952
2025-10-05 16:00:00,16,41.309999999999995,38.94224862581631,2.3677513741836833,2.3677513741836833,0.6091501735961045,-2.3677513741836833
2025-10-05 17:00:00,17,18.76,13.90422934576532,4.855770654234682,4.855770654234682,1.2492416092418923,-4.855770654234682
2025-10-05 18:00:00,18,10.879999999999999,0.0,10.879999999999999,10.879999999999999,2.799091982793405,-10.879999999999999
2025-10-05 19:00:00,19,10.879999999999999,0.0,10.879999999999999,10.879999999999999,2.799091982793405,-10.879999999999999
2025-10-06 06:00:00,6,10.879999999999999,0.0,10.879999999999999,10.879999999999999,2.799091982793405,-10.879999999999999
2025-10-06 07:00:00,7,20.950000000000003,11.709842510134706,9.240157489865297,9.240157489865297,2.3772105468410283,-9.240157489865297
2025-10-06 08:00:00,8,33.09,48.41783177754657,15.327831777546564,15.327831777546564,3.943383367843436,15.327831777546564
2025-10-06 09:00:00,9,63.99999999999999,62.730908608621604,1.2690913913783888,1.2690913913783888,0.32649848704406026,-1.2690913913783888
2025-10-06 10:00:00,10,84.71,84.03745022684397,0.672549773156021,0.672549773156021,0.1730265329108954,-0.672549773156021
2025-10-06 11:00:00,11,117.67,96.72073091769423,20.949269082305776,20.949269082305776,5.389607640961751,-20.949269082305776
2025-10-06 12:00:00,12,120.49,134.95093574772406,14.460935747724065,14.460935747724065,3.7203574738184733,14.460935747724065
2025-10-06 13:00:00,13,115.67999999999999,141.6128706972347,25.93287069723472,25.93287069723472,6.671736255463946,25.93287069723472
2025-10-06 14:00:00,14,106.47,108.47078614424294,2.0007861442429373,2.0007861442429373,0.5147412183487625,2.0007861442429373
2025-10-06 15:00:00,15,81.92,73.15001586083419,8.769984139165814,8.769984139165814,2.2562492916511356,-8.769984139165814
2025-10-06 16:00:00,16,47.17999999999999,39.085129959724384,8.094870040275609,8.094870040275609,2.0825630359825356,-8.094870040275609
2025-10-06 17:00:00,17,19.41,11.128421031543107,8.281578968456893,8.281578968456893,2.1305975455402733,-8.281578968456893
2025-10-06 18:00:00,18,11.959999999999999,0.0,11.959999999999999,11.959999999999999,3.0769430252030445,-11.959999999999999
2025-10-06 19:00:00,19,11.959999999999999,0.0,11.959999999999999,11.959999999999999,3.0769430252030445,-11.959999999999999
2025-10-07 06:00:00,6,11.959999999999999,0.0,11.959999999999999,11.959999999999999,3.0769430252030445,-11.959999999999999
2025-10-07 07:00:00,7,22.38,12.031985300034956,10.348014699965043,10.348014699965043,2.6622283993107043,-10.348014699965043
2025-10-07 08:00:00,8,48.980000000000004,54.29935853323176,5.319358533231757,5.319358533231757,1.3685086235269024,5.319358533231757
2025-10-07 09:00:00,9,64.22,84.986041398844,20.766041398843996,20.766041398843996,5.342468749435678,20.766041398843996
2025-10-07 10:00:00,10,81.16,105.4545419189761,24.29454191897611,24.29454191897611,6.25024425652981,24.29454191897611
2025-10-07 11:00:00,11,103.35999999999999,132.26191597401862,28.901915974018635,28.901915974018635,7.435581000941564,28.901915974018635
2025-10-07 12:00:00,12,132.23000000000002,132.40729247638757,0.1772924763875494,0.1772924763875494,0.045611943866358334,0.1772924763875494
2025-10-07 13:00:00,13,131.07,126.24140055911457,4.8285994408854265,4.8285994408854265,1.2422512852116836,-4.8285994408854265
2025-10-07 14:00:00,14,110.16000000000001,90.69184731482,19.468152685180016,19.468152685180016,5.0085615901548985,-19.468152685180016
2025-10-07 15:00:00,15,71.28,61.02712636722935,10.252873632770651,10.252873632770651,2.637751506073734,-10.252873632770651
2025-10-07 16:00:00,16,45.51,42.95064276320573,2.55935723679427,2.55935723679427,0.658444514946243,-2.55935723679427
2025-10-07 17:00:00,17,18.250000000000004,11.846205909569582,6.403794090430422,6.403794090430422,1.6475007994470203,-6.403794090430422
2025-10-07 18:00:00,18,10.899999999999999,0.0,10.899999999999999,10.899999999999999,2.8042373724676573,-10.899999999999999
2025-10-07 19:00:00,19,10.869999999999997,0.0,10.869999999999997,10.869999999999997,2.7965192879562784,-10.869999999999997
2025-10-08 06:00:00,6,10.889999999999999,0.0,10.889999999999999,10.889999999999999,2.8016646776305314,-10.889999999999999
2025-10-08 07:00:00,7,20.68,11.776368457521082,8.903631542478918,8.903631542478918,2.2906326901010314,-8.903631542478918
2025-10-08 08:00:00,8,52.279999999999994,51.80699759739866,0.4730024026013311,0.4730024026013311,0.12168908391207761,-0.4730024026013311
2025-10-08 09:00:00,9,64.66,83.85535666350673,19.19535666350673,19.19535666350673,4.938379498500152,19.19535666350673
2025-10-08 10:00:00,10,83.34,114.24033155368875,30.900331553688744,30.900331553688744,7.949712345366568,30.900331553688744
2025-10-08 11:00:00,11,81.74,107.46964697092967,25.72964697092968,25.72964697092968,6.6194529923192915,25.72964697092968
2025-10-08 12:00:00,12,68.0,116.90164310427615,48.90164310427615,48.90164310427615,12.580900474136378,48.90164310427615
2025-10-08 13:00:00,13,53.01,97.16485410322021,44.15485410322021,44.15485410322021,11.359696518541929,44.15485410322021
2025-10-08 14:00:00,14,68.27,69.3949275477221,1.124927547722109,1.124927547722109,0.289409529416581,1.124927547722109
2025-10-08 15:00:00,15,38.31,64.23619728263584,25.92619728263584,25.92619728263584,6.670019389535492,25.92619728263584
2025-10-08 16:00:00,16,26.79,43.76227562456847,16.972275624568468,16.972275624568468,4.3664485873611705,16.972275624568468
2025-10-08 17:00:00,17,13.839999999999998,14.318938983317747,0.4789389833177484,0.4789389833177484,0.12321638496800866,0.4789389833177484
2025-10-08 18:00:00,18,10.889999999999999,0.0,10.889999999999999,10.889999999999999,2.8016646776305314,-10.889999999999999
2025-10-08 19:00:00,19,10.889999999999999,0.0,10.889999999999999,10.889999999999999,2.8016646776305314,-10.889999999999999
2025-10-09 06:00:00,6,10.889999999999999,0.0,10.889999999999999,10.889999999999999,2.8016646776305314,-10.889999999999999
2025-10-09 07:00:00,7,33.14,13.141815378360537,19.998184621639464,19.998184621639464,5.144922632799025,-19.998184621639464
2025-10-09 08:00:00,8,69.49,75.7250089974243,6.235008997424302,6.235008997424302,1.604077545710948,6.235008997424302
2025-10-09 09:00:00,9,106.24999999999999,120.96242550050935,14.712425500509369,14.712425500509369,3.7850581126765657,14.712425500509369
2025-10-09 10:00:00,10,167.37,157.97414396451012,9.395856035489885,9.395856035489885,2.4172670312886733,-9.395856035489885
2025-10-09 11:00:00,11,186.85999999999999,172.89174892239907,13.968251077600911,13.968251077600911,3.593604743102762,-13.968251077600911
2025-10-09 12:00:00,12,192.95,179.2579556139753,13.69204438602469,13.69204438602469,3.5225451901629747,-13.69204438602469
2025-10-09 13:00:00,13,180.54999999999998,168.35651967151483,12.193480328485151,12.193480328485151,3.137010388769475,-12.193480328485151
2025-10-09 14:00:00,14,159.01,144.85823976184503,14.151760238154964,14.151760238154964,3.6408160500950415,-14.151760238154964
2025-10-09 15:00:00,15,119.16,112.1986169099775,6.961383090022494,6.961383090022494,1.7909514334959142,-6.961383090022494
2025-10-09 16:00:00,16,66.82,62.50542335678294,4.314576643217052,4.314576643217052,1.1100089054390196,-4.314576643217052
2025-10-09 17:00:00,17,21.180000000000003,19.514651871966922,1.6653481280330809,1.6653481280330809,0.4284432531008642,-1.6653481280330809
2025-10-09 18:00:00,18,10.869999999999997,0.0,10.869999999999997,10.869999999999997,2.7965192879562784,-10.869999999999997
2025-10-09 19:00:00,19,10.869999999999997,0.0,10.869999999999997,10.869999999999997,2.7965192879562784,-10.869999999999997
2025-10-10 06:00:00,6,10.879999999999999,0.0,10.879999999999999,10.879999999999999,2.799091982793405,-10.879999999999999
2025-10-10 07:00:00,7,31.869999999999997,12.250308327769883,19.619691672230115,19.619691672230115,5.0475479471156115,-19.619691672230115
2025-10-10 08:00:00,8,72.29,58.776080524047615,13.513919475952392,13.513919475952392,3.4767190865123156,-13.513919475952392
2025-10-10 09:00:00,9,94.95,100.7564129185551,5.806412918555097,5.806412918555097,1.49381285377901,5.806412918555097
2025-10-10 10:00:00,10,112.23,133.87987570650213,21.64987570650213,21.64987570650213,5.569852345454396,21.64987570650213
2025-10-10 11:00:00,11,110.73,140.13242489388765,29.40242489388764,29.40242489388764,7.56434667234983,29.40242489388764
2025-10-10 12:00:00,12,115.91,118.17024237106072,2.260242371060727,2.260242371060727,0.581491387868202,2.260242371060727
2025-10-10 13:00:00,13,111.59,110.74053246505595,0.8494675349440541,0.8494675349440541,0.21854207414569657,-0.8494675349440541
2025-10-10 14:00:00,14,103.07999999999998,94.43868031160245,8.64131968839753,8.64131968839753,2.2231478548298105,-8.64131968839753
2025-10-10 15:00:00,15,79.07000000000001,82.73309677167121,3.6630967716712064,3.6630967716712064,0.94240301523725,3.6630967716712064
2025-10-10 16:00:00,16,46.50000000000001,50.71972168399921,4.219721683999204,4.219721683999204,1.0856056190534613,4.219721683999204
2025-10-10 17:00:00,17,18.18,17.369708128226343,0.8102918717736571,0.8102918717736571,0.2084633715077487,-0.8102918717736571
2025-10-10 18:00:00,18,10.889999999999997,0.0,10.889999999999997,10.889999999999997,2.801664677630531,-10.889999999999997
2025-10-10 19:00:00,19,10.869999999999997,0.0,10.869999999999997,10.869999999999997,2.7965192879562784,-10.869999999999997
2025-10-11 06:00:00,6,10.869999999999997,0.0,10.869999999999997,10.869999999999997,2.7965192879562784,-10.869999999999997
2025-10-11 07:00:00,7,13.25,11.165752191539335,2.084247808460665,2.084247808460665,0.5362133576118541,-2.084247808460665
2025-10-11 08:00:00,8,23.45,28.229475472263772,4.779475472263773,4.779475472263773,1.2296131871664753,4.779475472263773
2025-10-11 09:00:00,9,38.470000000000006,52.85081351921293,14.380813519212921,14.380813519212921,3.6997444694555064,14.380813519212921
2025-10-11 10:00:00,10,53.029999999999994,64.56759611177115,11.537596111771158,11.537596111771158,2.9682713949602038,11.537596111771158
2025-10-11 11:00:00,11,68.19,95.66322289011465,27.473222890114656,27.473222890114656,7.068021868861783,27.473222890114656
2025-10-11 12:00:00,12,69.49000000000001,73.83486121065792,4.3448612106579105,4.3448612106579105,1.1178002004689895,4.3448612106579105
2025-10-11 13:00:00,13,53.34,64.45002411955959,11.110024119559583,11.110024119559583,2.8582701692739514,11.110024119559583
2025-10-11 14:00:00,14,38.63,55.14723335120911,16.517233351209107,16.517233351209107,4.249380096626587,16.517233351209107
2025-10-11 15:00:00,15,24.01,35.374656078988565,11.364656078988563,11.364656078988563,2.9237792020129802,11.364656078988563
2025-10-11 16:00:00,16,15.71,14.18334932771876,1.5266506722812405,1.5266506722812405,0.392760630267333,-1.5266506722812405
2025-10-11 17:00:00,17,11.28,10.025206140719808,1.2547938592801913,1.2547938592801913,0.32282016834279226,-1.2547938592801913
2025-10-11 18:00:00,18,10.889999999999999,0.0,10.889999999999999,10.889999999999999,2.8016646776305314,-10.889999999999999
2025-10-11 19:00:00,19,10.889999999999999,0.0,10.889999999999999,10.889999999999999,2.8016646776305314,-10.889999999999999
2025-10-12 06:00:00,6,10.889999999999999,0.0,10.889999999999999,10.889999999999999,2.8016646776305314,-10.889999999999999
2025-10-12 07:00:00,7,12.31,10.51367002692142,1.7963299730785813,1.7963299730785813,0.46214088475144766,-1.7963299730785813
2025-10-12 08:00:00,8,17.209999999999997,13.25525239483711,3.954747605162888,3.954747605162888,1.0174358745940129,-3.954747605162888
2025-10-12 09:00:00,9,21.720000000000002,18.31672854818868,3.403271451811321,3.403271451811321,0.8755578893414285,-3.403271451811321
2025-10-12 10:00:00,10,30.740000000000002,41.687888439043874,10.947888439043872,10.947888439043872,2.8165576064562785,10.947888439043872
2025-10-12 11:00:00,11,32.15,47.480032165205444,15.330032165205445,15.330032165205445,3.943949460440403,15.330032165205445
2025-10-12 12:00:00,12,29.960000000000004,47.65664818487362,17.696648184873613,17.696648184873613,4.55280754196647,17.696648184873613
2025-10-12 13:00:00,13,31.91,44.94824409741033,13.038244097410331,13.038244097410331,3.3543423274599906,13.038244097410331
2025-10-12 14:00:00,14,24.0,34.656379201184265,10.656379201184265,10.656379201184265,2.7415611753346756,10.656379201184265
2025-10-12 15:00:00,15,21.270000000000003,15.835921655316046,5.434078344683957,5.434078344683957,1.3980225301908202,-5.434078344683957
2025-10-12 16:00:00,16,15.379999999999999,12.202559579785751,3.177440420214248,3.177440420214248,0.8174584564361591,-3.177440420214248
2025-10-12 17:00:00,17,11.009999999999998,9.889503097652735,1.1204969023472628,1.1204969023472628,0.2882696595684806,-1.1204969023472628
2025-10-12 18:00:00,18,10.879999999999999,0.0,10.879999999999999,10.879999999999999,2.799091982793405,-10.879999999999999
2025-10-12 19:00:00,19,10.879999999999999,0.0,10.879999999999999,10.879999999999999,2.799091982793405,-10.879999999999999
2025-10-13 06:00:00,6,10.879999999999999,0.0,10.879999999999999,10.879999999999999,2.799091982793405,-10.879999999999999
2025-10-13 07:00:00,7,12.040000000000001,10.916113330477971,1.1238866695220295,1.1238866695220295,0.2891417432194388,-1.1238866695220295
2025-10-13 08:00:00,8,17.1,13.702611853621484,3.3973881463785176,3.3973881463785176,0.8740442943902074,-3.3973881463785176
2025-10-13 09:00:00,9,23.77,19.890450184393625,3.8795498156063744,3.8795498156063744,0.9980897780984775,-3.8795498156063744
2025-10-13 10:00:00,10,33.69,30.571335846654577,3.1186641533454207,3.1186641533454207,0.8023371166042601,-3.1186641533454207
2025-10-13 11:00:00,11,39.21,55.211047337095565,16.001047337095564,16.001047337095564,4.116581187275916,16.001047337095564
2025-10-13 12:00:00,12,32.599999999999994,58.745063873735944,26.14506387373595,26.14506387373595,6.7263270844297605,26.14506387373595
2025-10-13 13:00:00,13,25.29,48.103958092596855,22.813958092596856,22.813958092596856,5.8693352199239515,22.813958092596856
2025-10-13 14:00:00,14,21.860000000000003,22.483262810929933,0.6232628109299299,0.6232628109299299,0.16034650158522507,0.6232628109299299
2025-10-13 15:00:00,15,24.32,14.076235598366404,10.243764401633596,10.243764401633596,2.635407978882085,-10.243764401633596
2025-10-13 16:00:00,16,17.88,12.71179222083623,5.168207779163769,5.168207779163769,1.3296221470650567,-5.168207779163769
2025-10-13 17:00:00,17,11.87,10.178961024079662,1.6910389759203373,1.6910389759203373,0.43505272427295827,-1.6910389759203373
2025-10-13 18:00:00,18,11.039999999999997,0.0,11.039999999999997,11.039999999999997,2.8402551001874254,-11.039999999999997
2025-10-13 19:00:00,19,11.039999999999997,0.0,11.039999999999997,11.039999999999997,2.8402551001874254,-11.039999999999997
2025-10-14 06:00:00,6,11.039999999999997,0.0,11.039999999999997,11.039999999999997,2.8402551001874254,-11.039999999999997
2025-10-14 07:00:00,7,28.01,11.96002203314398,16.04997796685602,16.04997796685602,4.129169545132122,-16.04997796685602
2025-10-14 08:00:00,8,83.52999999999999,56.39074331388436,27.13925668611563,27.13925668611563,6.982102555981487,-27.13925668611563
2025-10-14 09:00:00,9,135.03,102.62939364265253,32.40060635734747,32.40060635734747,8.335687269530915,-32.40060635734747
2025-10-14 10:00:00,10,169.91999999999996,137.8752405077927,32.04475949220725,32.04475949220725,8.244138730255532,-32.04475949220725
2025-10-14 11:00:00,11,150.02,158.9571425809634,8.937142580963382,8.937142580963382,2.2992540576706038,8.937142580963382
2025-10-14 12:00:00,12,137.54000000000002,136.65817552678402,0.8818244732159997,0.8818244732159997,0.22686652694944143,-0.8818244732159997
2025-10-14 13:00:00,13,123.46000000000001,103.43591169496987,20.024088305030133,20.024088305030133,5.151586860051198,-20.024088305030133
2025-10-14 14:00:00,14,112.35,100.289730858799,12.06026914120099,12.06026914120099,3.1027392153921323,-12.06026914120099
2025-10-14 15:00:00,15,84.63000000000001,54.79491177908088,29.835088220919133,29.835088220919133,7.675657743116609,-29.835088220919133
2025-10-14 16:00:00,16,49.010000000000005,31.682644390466827,17.32735560953318,17.32735560953318,4.45779983176973,-17.32735560953318
2025-10-14 17:00:00,17,15.789999999999997,10.513340447571922,5.276659552428075,5.276659552428075,1.357523478780484,-5.276659552428075
2025-10-14 18:00:00,18,10.869999999999997,0.0,10.869999999999997,10.869999999999997,2.7965192879562784,-10.869999999999997
2025-10-14 19:00:00,19,10.869999999999997,0.0,10.869999999999997,10.869999999999997,2.7965192879562784,-10.869999999999997
2025-10-15 06:00:00,6,10.869999999999997,0.0,10.869999999999997,10.869999999999997,2.7965192879562784,-10.869999999999997
2025-10-15 07:00:00,7,12.34,10.325360049093417,2.0146399509065827,2.0146399509065827,0.5183053800365731,-2.0146399509065827
2025-10-15 08:00:00,8,17.839999999999996,12.95234137423265,4.8876586257673456,4.8876586257673456,1.2574454112147435,-4.8876586257673456
2025-10-15 09:00:00,9,21.84,14.439467351799838,7.400532648200162,7.400532648200162,1.9039312136009119,-7.400532648200162
2025-10-15 10:00:00,10,25.91,34.010705436556464,8.100705436556463,8.100705436556463,2.0840643053709695,8.100705436556463
2025-10-15 11:00:00,11,32.37,18.09790480640118,14.272095193598819,14.272095193598819,3.6717745619546647,-14.272095193598819
2025-10-15 12:00:00,12,35.339999999999996,16.004640008906293,19.335359991093704,19.335359991093704,4.974398082306504,-19.335359991093704
2025-10-15 13:00:00,13,26.86,19.30650153727762,7.553498462722381,7.553498462722381,1.943284649728725,-7.553498462722381
2025-10-15 14:00:00,14,20.26,14.080374717565993,6.179625282434008,6.179625282434008,1.5898290059493076,-6.179625282434008
2025-10-15 15:00:00,15,18.14,13.138038883487711,5.001961116512289,5.001961116512289,1.2868519539957628,-5.001961116512289
2025-10-15 16:00:00,16,14.49,11.71726125929329,2.7727387407067106,2.7727387407067106,0.7133410642916209,-2.7727387407067106
2025-10-15 17:00:00,17,11.139999999999999,9.70770516364799,1.4322948363520087,1.4322948363520087,0.368485753072546,-1.4322948363520087
2025-10-15 18:00:00,18,10.879999999999999,0.0,10.879999999999999,10.879999999999999,2.799091982793405,-10.879999999999999
2025-10-15 19:00:00,19,10.879999999999999,0.0,10.879999999999999,10.879999999999999,2.799091982793405,-10.879999999999999
2025-10-16 06:00:00,6,10.879999999999999,0.0,10.879999999999999,10.879999999999999,2.799091982793405,-10.879999999999999
2025-10-16 07:00:00,7,16.539999999999996,11.733374948391488,4.806625051608508,4.806625051608508,1.2365979454275104,-4.806625051608508
2025-10-16 08:00:00,8,44.019999999999996,56.45922583112665,12.439225831126656,12.439225831126656,3.2002332073587554,12.439225831126656
2025-10-16 09:00:00,9,82.46,99.80733832929965,17.34733832929966,17.34733832929966,4.462940775767227,17.34733832929966
2025-10-16 10:00:00,10,132.84,118.52445689455737,14.315543105442629,14.315543105442629,3.6829523838031135,-14.315543105442629
2025-10-16 11:00:00,11,129.08,132.30826371376085,3.228263713760839,3.228263713760839,0.8305337389274658,3.228263713760839
2025-10-16 12:00:00,12,97.92000000000002,103.92254280043386,6.002542800433844,6.002542800433844,1.5442710872305743,6.002542800433844
2025-10-16 13:00:00,13,97.39999999999998,94.91694135540811,2.483058644591864,2.483058644591864,0.6388152155223297,-2.483058644591864
2025-10-16 14:00:00,14,122.27,68.82032324588245,53.44967675411755,53.44967675411755,13.750970743138739,-53.44967675411755
2025-10-16 15:00:00,15,99.93,45.200182145362746,54.72981785463726,54.72981785463726,14.080311983148764,-54.72981785463726
2025-10-16 16:00:00,16,51.720000000000006,35.04360591105616,16.676394088943844,16.676394088943844,4.290327297450924,-16.676394088943844
2025-10-16 17:00:00,17,17.729999999999997,10.439409494366537,7.29059050563346,7.29059050563346,1.8756464553445165,-7.29059050563346
2025-10-16 18:00:00,18,10.879999999999999,0.0,10.879999999999999,10.879999999999999,2.799091982793405,-10.879999999999999
2025-10-16 19:00:00,19,10.879999999999999,0.0,10.879999999999999,10.879999999999999,2.799091982793405,-10.879999999999999
2025-10-17 06:00:00,6,10.879999999999999,0.0,10.879999999999999,10.879999999999999,2.799091982793405,-10.879999999999999
2025-10-17 07:00:00,7,16.29,10.569151516672504,5.7208484833274955,5.7208484833274955,1.4717997357038426,-5.7208484833274955
2025-10-17 08:00:00,8,35.16,13.689502982389337,21.47049701761066,21.47049701761066,5.523703682774239,-21.47049701761066
2025-10-17 09:00:00,9,54.77,19.194530301053682,35.57546969894632,35.57546969894632,9.152482722282203,-35.57546969894632
2025-10-17 10:00:00,10,57.23,41.43967716505498,15.790322834945016,15.790322834945016,4.062368203402043,-15.790322834945016
2025-10-17 11:00:00,11,38.98,59.04321867456195,20.063218674561952,20.063218674561952,5.161653910018134,20.063218674561952
2025-10-17 12:00:00,12,45.39,51.63251395737865,6.242513957378648,6.242513957378648,1.6060083428836864,6.242513957378648
2025-10-17 13:00:00,13,26.91,47.54211072378421,20.632110723784212,20.632110723784212,5.308012473809764,20.632110723784212
2025-10-17 14:00:00,14,21.849999999999998,16.53848928103197,5.311510718968027,5.311510718968027,1.3664896204030001,-5.311510718968027
2025-10-17 15:00:00,15,22.470000000000002,13.254067120535236,9.215932879464766,9.215932879464766,2.3709782938301442,-9.215932879464766
2025-10-17 16:00:00,16,14.71,12.004429508145174,2.705570491854827,2.705570491854827,0.6960607235876155,-2.705570491854827
2025-10-17 17:00:00,17,11.049999999999999,9.922212091052673,1.127787908947326,1.127787908947326,0.2901454130722242,-1.127787908947326
2025-10-17 18:00:00,18,10.879999999999999,0.0,10.879999999999999,10.879999999999999,2.799091982793405,-10.879999999999999
2025-10-17 19:00:00,19,10.879999999999999,0.0,10.879999999999999,10.879999999999999,2.799091982793405,-10.879999999999999
2025-10-18 06:00:00,6,10.879999999999999,0.0,10.879999999999999,10.879999999999999,2.799091982793405,-10.879999999999999
2025-10-18 07:00:00,7,13.940000000000001,11.099817922160408,2.840182077839593,2.840182077839593,0.7306921768156545,-2.840182077839593
2025-10-18 08:00:00,8,30.16,17.344534645657067,12.815465354342933,12.815465354342933,3.2970281552488925,-12.815465354342933
2025-10-18 09:00:00,9,45.82999999999999,41.72203174488117,4.10796825511882,4.10796825511882,1.056854872102289,-4.10796825511882
2025-10-18 10:00:00,10,75.49,63.18887077563068,12.301129224369312,12.301129224369312,3.1647051646358273,-12.301129224369312
2025-10-18 11:00:00,11,94.28999999999999,73.6750049776991,20.61499502230089,20.61499502230089,5.30360912612577,-20.61499502230089
2025-10-18 12:00:00,12,106.22,88.43686431954154,17.783135680458457,17.783135680458457,4.575058135303181,-17.783135680458457
2025-10-18 13:00:00,13,104.86000000000001,85.14884025161237,19.711159748387644,19.711159748387644,5.071079891844846,-19.711159748387644
2025-10-18 14:00:00,14,93.72999999999999,64.8018943975472,28.92810560245279,28.92810560245279,7.442318793127445,-28.92810560245279
2025-10-18 15:00:00,15,65.07,59.532306979879166,5.537693020120827,5.537693020120827,1.4246794242455154,-5.537693020120827
2025-10-18 16:00:00,16,37.2,36.79543951745753,0.4045604825424718,0.4045604825424718,0.10408106647423385,-0.4045604825424718
2025-10-18 17:00:00,17,14.45,10.889896525885932,3.560103474114067,3.560103474114067,0.9159059827488636,-3.560103474114067
2025-10-18 18:00:00,18,10.869999999999997,0.0,10.869999999999997,10.869999999999997,2.7965192879562784,-10.869999999999997
2025-10-18 19:00:00,19,10.869999999999997,0.0,10.869999999999997,10.869999999999997,2.7965192879562784,-10.869999999999997
2025-10-19 06:00:00,6,10.869999999999997,0.0,10.869999999999997,10.869999999999997,2.7965192879562784,-10.869999999999997
2025-10-19 07:00:00,7,20.58,11.541548881339086,9.038451118660912,9.038451118660912,2.3253176528597286,-9.038451118660912
2025-10-19 08:00:00,8,57.01,53.756754965789334,3.2532450342106642,3.2532450342106642,0.8369606703420521,-3.2532450342106642
2025-10-19 09:00:00,9,106.4,90.25257506223096,16.147424937769046,16.147424937769046,4.154239677028276,-16.147424937769046
2025-10-19 10:00:00,10,111.25,141.65108179570717,30.40108179570717,30.40108179570717,7.821270617886992,30.40108179570717
2025-10-19 11:00:00,11,131.22,160.7926482337878,29.57264823378779,29.57264823378779,7.608139943121779,29.57264823378779
2025-10-19 12:00:00,12,93.97,169.66482683668468,75.69482683668468,75.69482683668468,19.473969019990736,75.69482683668468
2025-10-19 13:00:00,13,62.53,152.601894150769,90.071894150769,90.071894150769,23.172749705186924,90.071894150769
2025-10-19 14:00:00,14,48.280000000000015,106.65807933259549,58.378079332595476,58.378079332595476,15.018898330031746,58.378079332595476
2025-10-19 15:00:00,15,43.68,43.64147750290794,0.03852249709206035,0.03852249709206035,0.009910662938195624,-0.03852249709206035
2025-10-19 16:00:00,16,17.16,27.645314712615736,10.485314712615736,10.485314712615736,2.6975515026790853,10.485314712615736
2025-10-19 17:00:00,17,11.2,10.983051702171624,0.21694829782837566,0.21694829782837566,0.05581417657463992,-0.21694829782837566
2025-10-19 18:00:00,18,10.879999999999999,0.0,10.879999999999999,10.879999999999999,2.799091982793405,-10.879999999999999
2025-10-19 19:00:00,19,10.879999999999999,0.0,10.879999999999999,10.879999999999999,2.799091982793405,-10.879999999999999
2025-10-20 06:00:00,6,10.879999999999999,0.0,10.879999999999999,10.879999999999999,2.799091982793405,-10.879999999999999
2025-10-20 07:00:00,7,22.59,11.400197007526005,11.189802992473995,11.189802992473995,2.8787948387198177,-11.189802992473995
2025-10-20 08:00:00,8,63.64000000000001,36.233983808646165,27.406016191353842,27.406016191353842,7.050731636169559,-27.406016191353842
2025-10-20 09:00:00,9,70.22,75.67411495995587,5.454114959955874,5.454114959955874,1.4031773398571747,5.454114959955874
2025-10-20 10:00:00,10,71.08,91.06812260176493,19.98812260176493,19.98812260176493,5.142333982140798,19.98812260176493
2025-10-20 11:00:00,11,59.55,65.36240974314715,5.812409743147157,5.812409743147157,1.4953556537457244,5.812409743147157
2025-10-20 12:00:00,12,73.37,61.64579653555347,11.724203464446532,11.724203464446532,3.0162797722399777,-11.724203464446532
2025-10-20 13:00:00,13,68.45,47.78653334519572,20.66346665480428,20.66346665480428,5.316079397994626,-20.66346665480428
2025-10-20 14:00:00,14,57.5,31.456383342216043,26.043616657783957,26.043616657783957,6.700227811557707,-26.043616657783957
2025-10-20 15:00:00,15,40.05,24.010449403655436,16.03955059634456,16.03955059634456,4.126486900904159,-16.03955059634456
2025-10-20 16:00:00,16,24.709999999999997,12.47545469141365,12.234545308586346,12.234545308586346,3.147575154998779,-12.234545308586346
2025-10-20 17:00:00,17,12.38,10.16486915717012,2.215130842829881,2.215130842829881,0.5698855682907645,-2.215130842829881
2025-10-20 18:00:00,18,10.879999999999999,0.0,10.879999999999999,10.879999999999999,2.799091982793405,-10.879999999999999
2025-10-20 19:00:00,19,10.879999999999999,0.0,10.879999999999999,10.879999999999999,2.799091982793405,-10.879999999999999
2025-10-21 06:00:00,6,10.879999999999999,0.0,10.879999999999999,10.879999999999999,2.799091982793405,-10.879999999999999
2025-10-21 07:00:00,7,14.3,11.601546753613636,2.6984532463863644,2.6984532463863644,0.6942296735204881,-2.6984532463863644
2025-10-21 08:00:00,8,26.279999999999998,21.350712567017393,4.929287432982605,4.929287432982605,1.268155232954586,-4.929287432982605
2025-10-21 09:00:00,9,52.88,60.48805968882942,7.608059688829421,7.608059688829421,1.9573215882000112,7.608059688829421
2025-10-21 10:00:00,10,54.43000000000001,96.50646371072749,42.07646371072748,42.07646371072748,10.824990095312035,42.07646371072748
2025-10-21 11:00:00,11,93.30000000000001,131.1824573826194,37.88245738261938,37.88245738261938,9.746000252592165,37.88245738261938
2025-10-21 12:00:00,12,131.07,145.55526340757342,14.485263407573427,14.485263407573427,3.726616238307855,14.485263407573427
2025-10-21 13:00:00,13,146.50000000000003,122.2923153724226,24.20768462757742,24.20768462757742,6.227898526014993,-24.20768462757742
2025-10-21 14:00:00,14,101.14000000000001,121.23396731337786,20.093967313377846,20.093967313377846,5.169564596451165,20.093967313377846
2025-10-21 15:00:00,15,84.48,75.60717977501078,8.872820224989226,8.872820224989226,2.2827058783579526,-8.872820224989226
2025-10-21 16:00:00,16,53.31,47.24713989295923,6.06286010704077,6.06286010704077,1.5597888895602745,-6.06286010704077
2025-10-21 17:00:00,17,18.26,13.7953308603679,4.464669139632102,4.464669139632102,1.1486231245008593,-4.464669139632102
2025-10-21 18:00:00,18,10.899999999999997,0.0,10.899999999999997,10.899999999999997,2.8042373724676573,-10.899999999999997
2025-10-21 19:00:00,19,10.869999999999997,0.0,10.869999999999997,10.869999999999997,2.7965192879562784,-10.869999999999997
2025-10-22 06:00:00,6,10.869999999999997,0.0,10.869999999999997,10.869999999999997,2.7965192879562784,-10.869999999999997
2025-10-22 07:00:00,7,29.029999999999998,12.857687757578747,16.17231224242125,16.17231224242125,4.160642421047147,-16.17231224242125
2025-10-22 08:00:00,8,88.18,79.00226066007684,9.177739339923164,9.177739339923164,2.3611522616311187,-9.177739339923164
2025-10-22 09:00:00,9,138.67,130.54949539870887,8.120504601291117,8.120504601291117,2.089158026260195,-8.120504601291117
2025-10-22 10:00:00,10,176.49,170.18605677493477,6.30394322506524,6.30394322506524,1.6218122188662607,-6.30394322506524
2025-10-22 11:00:00,11,194.43,195.93114152518334,1.5011415251833284,1.5011415251833284,0.3861979051635036,1.5011415251833284
2025-10-22 12:00:00,12,206.30999999999997,199.06809032494164,7.241909675058338,7.241909675058338,1.8631223631957528,-7.241909675058338
2025-10-22 13:00:00,13,189.13,183.66595807122323,5.464041928776766,5.464041928776766,1.405731246000557,-5.464041928776766
2025-10-22 14:00:00,14,154.22,150.81133797465367,3.408662025346331,3.408662025346331,0.8769447194116955,-3.408662025346331
2025-10-22 15:00:00,15,112.78999999999999,113.35264267057399,0.5626426705739931,0.5626426705739931,0.1447507893732661,0.5626426705739931
2025-10-22 16:00:00,16,51.27,59.905997700136936,8.635997700136933,8.635997700136933,2.221778669657682,8.635997700136933
2025-10-22 17:00:00,17,16.11,17.94168938318648,1.831689383186479,1.831689383186479,0.47123778193428956,1.831689383186479
2025-10-22 18:00:00,18,10.899999999999999,0.0,10.899999999999999,10.899999999999999,2.8042373724676573,-10.899999999999999
2025-10-22 19:00:00,19,10.889999999999999,0.0,10.889999999999999,10.889999999999999,2.8016646776305314,-10.889999999999999
2025-10-23 06:00:00,6,10.889999999999999,0.0,10.889999999999999,10.889999999999999,2.8016646776305314,-10.889999999999999
2025-10-23 07:00:00,7,29.619999999999997,12.736656798718348,16.883343201281647,16.883343201281647,4.343568988736857,-16.883343201281647
2025-10-23 08:00:00,8,88.14000000000001,75.36439603184952,12.775603968150492,12.775603968150492,3.286773037003093,-12.775603968150492
2025-10-23 09:00:00,9,141.19,125.5839601908576,15.606039809142402,15.606039809142402,4.014957804496803,-15.606039809142402
2025-10-23 10:00:00,10,178.62,167.64368504065604,10.976314959343966,10.976314959343966,2.8238708826576304,-10.976314959343966
2025-10-23 11:00:00,11,199.98,193.846010339737,6.1339896602629835,6.1339896602629835,1.5780883529944632,-6.1339896602629835
2025-10-23 12:00:00,12,203.24999999999997,195.89907660433224,7.350923395667735,7.350923395667735,1.891168266814525,-7.350923395667735
2025-10-23 13:00:00,13,189.84,180.45320823967614,9.38679176032386,9.38679176032386,2.414935069896481,-9.38679176032386
2025-10-23 14:00:00,14,160.38999999999996,151.29021233735813,9.09978766264183,9.09978766264183,2.341097673862416,-9.09978766264183
2025-10-23 15:00:00,15,113.63,109.70940844627854,3.920591553721451,3.920591553721451,1.0086485648740124,-3.920591553721451
2025-10-23 16:00:00,16,56.26,51.572032487711795,4.687967512288203,4.687967512288203,1.2060709815479647,-4.687967512288203
2025-10-23 17:00:00,17,16.09,13.603290851600251,2.4867091483997488,2.4867091483997488,0.6397543787522751,-2.4867091483997488
2025-10-23 18:00:00,18,10.879999999999999,0.0,10.879999999999999,10.879999999999999,2.799091982793405,-10.879999999999999
2025-10-23 19:00:00,19,10.879999999999999,0.0,10.879999999999999,10.879999999999999,2.799091982793405,-10.879999999999999
2025-10-24 06:00:00,6,10.879999999999999,0.0,10.879999999999999,10.879999999999999,2.799091982793405,-10.879999999999999
2025-10-24 07:00:00,7,28.14,12.22304017738151,15.916959822618491,15.916959822618491,4.094948035839721,-15.916959822618491
2025-10-24 08:00:00,8,70.22999999999999,66.7393397179483,3.4906602820516923,3.4906602820516923,0.8980403685796193,-3.4906602820516923
2025-10-24 09:00:00,9,73.38,120.14613173139124,46.76613173139124,46.76613173139124,12.03149856577183,46.76613173139124
2025-10-24 10:00:00,10,94.49,155.84569983301134,61.35569983301134,61.35569983301134,15.784949218865876,61.35569983301134
2025-10-24 11:00:00,11,124.75999999999999,166.78830204239335,42.02830204239336,42.02830204239336,10.812599567764979,42.02830204239336
2025-10-24 12:00:00,12,154.26000000000002,170.94600905698178,16.68600905698176,16.68600905698176,4.292800935313952,16.68600905698176
2025-10-24 13:00:00,13,146.26999999999998,163.50967500642642,17.239675006426438,17.239675006426438,4.4352422882768465,17.239675006426438
2025-10-24 14:00:00,14,140.68999999999997,128.39033400878,12.299665991219968,12.299665991219968,3.1643287193989442,-12.299665991219968
2025-10-24 15:00:00,15,96.93000000000002,97.37999069163105,0.44999069163102945,0.44999069163102945,0.11576887291140386,0.44999069163102945
2025-10-24 16:00:00,16,48.10000000000001,51.69114488876434,3.591144888764333,3.591144888764333,0.9238919914696472,3.591144888764333
2025-10-24 17:00:00,17,15.150000000000002,11.159903183350082,3.9900968166499204,3.9900968166499204,1.0265301479829303,-3.9900968166499204
2025-10-24 18:00:00,18,10.869999999999997,0.0,10.869999999999997,10.869999999999997,2.7965192879562784,-10.869999999999997
2025-10-24 19:00:00,19,10.869999999999997,0.0,10.869999999999997,10.869999999999997,2.7965192879562784,-10.869999999999997
2025-10-25 06:00:00,6,10.869999999999997,0.0,10.869999999999997,10.869999999999997,2.7965192879562784,-10.869999999999997
2025-10-25 07:00:00,7,17.34,11.16540402895193,6.1745959710480705,6.1745959710480705,1.5885351176056173,-6.1745959710480705
2025-10-25 08:00:00,8,28.769999999999996,31.476327385630626,2.7063273856306296,2.7063273856306296,0.6962554492585415,2.7063273856306296
2025-10-25 09:00:00,9,41.86000000000001,47.12685568961565,5.266855689615646,5.266855689615646,1.3550012440563408,5.266855689615646
2025-10-25 10:00:00,10,51.849999999999994,53.285483176031676,1.4354831760316813,1.4354831760316813,0.3693060155758358,1.4354831760316813
2025-10-25 11:00:00,11,64.87,54.55454866651694,10.315451333483061,10.315451333483061,2.6538508388279394,-10.315451333483061
2025-10-25 12:00:00,12,68.90000000000002,69.82352672188415,0.9235267218841301,0.9235267218841301,0.23759524293394704,0.9235267218841301
2025-10-25 13:00:00,13,64.73,75.03185542152892,10.301855421528913,10.301855421528913,2.650353025578893,10.301855421528913
2025-10-25 14:00:00,14,61.940000000000005,57.57210551710057,4.3678944828994375,4.3678944828994375,1.1237259585267798,-4.3678944828994375
2025-10-25 15:00:00,15,46.84,61.833619156195965,14.993619156195962,14.993619156195962,3.857400659298322,14.993619156195962
2025-10-25 16:00:00,16,20.82,19.445732519610438,1.3742674803895625,1.3742674803895625,0.3535570851628785,-1.3742674803895625
2025-10-25 17:00:00,17,11.19,10.018435531488104,1.171564468511896,1.171564468511896,0.3014077859501163,-1.171564468511896
2025-10-25 18:00:00,18,10.929999999999998,0.0,10.929999999999998,10.929999999999998,2.811955456979036,-10.929999999999998
2025-10-25 19:00:00,19,10.869999999999997,0.0,10.869999999999997,10.869999999999997,2.7965192879562784,-10.869999999999997
2025-10-26 06:00:00,6,10.869999999999997,0.0,10.869999999999997,10.869999999999997,2.7965192879562784,-10.869999999999997
2025-10-26 07:00:00,7,16.450000000000003,11.363845479563558,5.086154520436445,5.086154520436445,1.308512347555339,-5.086154520436445
2025-10-26 08:00:00,8,34.19,58.963757605605046,24.77375760560505,24.77375760560505,6.373531828815832,24.77375760560505
2025-10-26 09:00:00,9,56.370000000000005,107.63159859219662,51.26159859219662,51.26159859219662,13.188045004098464,51.26159859219662
2025-10-26 10:00:00,10,103.39999999999999,147.8018194555038,44.4018194555038,44.4018194555038,11.423233167218836,44.4018194555038
2025-10-26 11:00:00,11,141.79,167.85338312979943,26.063383129799433,26.063383129799433,6.705313121607949,26.063383129799433
2025-10-26 12:00:00,12,154.81,168.81077350412298,14.000773504122975,14.000773504122975,3.601971770983176,14.000773504122975
2025-10-26 13:00:00,13,145.93999999999997,149.09855598646394,3.1585559864639663,3.1585559864639663,0.8126000679150187,3.1585559864639663
2025-10-26 14:00:00,14,99.25000000000001,82.1234294266667,17.12657057333331,17.12657057333331,4.406143969169368,-17.12657057333331
2025-10-26 15:00:00,15,66.29,62.62563297788096,3.6643670221190447,3.6643670221190447,0.942729811914151,-3.6643670221190447
2025-10-26 16:00:00,16,40.56,36.41000909620624,4.149990903793764,4.149990903793764,1.067666017231129,-4.149990903793764
2025-10-26 17:00:00,17,15.89,10.82766158732738,5.06233841267262,5.06233841267262,1.3023851898068957,-5.06233841267262
2025-10-26 18:00:00,18,14.049999999999997,0.0,14.049999999999997,14.049999999999997,3.6146362461624393,-14.049999999999997
2025-10-26 19:00:00,19,10.869999999999997,0.0,10.869999999999997,10.869999999999997,2.7965192879562784,-10.869999999999997
2025-10-27 06:00:00,6,10.869999999999997,0.0,10.869999999999997,10.869999999999997,2.7965192879562784,-10.869999999999997
2025-10-27 07:00:00,7,26.810000000000002,12.144900921688654,14.665099078311348,14.665099078311348,3.7728824684717144,-14.665099078311348
2025-10-27 08:00:00,8,81.22999999999999,73.95884737041128,7.271152629588713,7.271152629588713,1.8706456830100142,-7.271152629588713
2025-10-27 09:00:00,9,133.88,132.9129202627526,0.9670797372473885,0.9670797372473885,0.24880010471058073,-0.9670797372473885
2025-10-27 10:00:00,10,167.69,170.49009608998077,2.8000960899807694,2.8000960899807694,0.7203792754151042,2.8000960899807694
2025-10-27 11:00:00,11,186.40999999999997,193.8802346572328,7.470234657232822,7.470234657232822,1.9218634134784776,7.470234657232822
2025-10-27 12:00:00,12,186.59,198.0848117843743,11.494811784374292,11.494811784374292,2.95726429313982,11.494811784374292
2025-10-27 13:00:00,13,174.54999999999998,181.144471813495,6.594471813495005,6.594471813495005,1.6965563588153452,6.594471813495005
2025-10-27 14:00:00,14,144.90000000000003,153.385934896105,8.485934896104965,8.485934896104965,2.183172089539908,8.485934896104965
2025-10-27 15:00:00,15,97.58000000000001,110.15238841988038,12.572388419880369,12.572388419880369,3.2344918778172604,12.572388419880369
2025-10-27 16:00:00,16,48.660000000000004,50.36230667978997,1.702306679789963,1.702306679789963,0.4379515606301237,1.702306679789963
2025-10-27 17:00:00,17,14.06,10.767774039963458,3.292225960036543,3.292225960036543,0.8469892730039162,-3.292225960036543
2025-10-27 18:00:00,18,10.889999999999999,0.0,10.889999999999999,10.889999999999999,2.8016646776305314,-10.889999999999999
2025-10-27 19:00:00,19,10.889999999999999,0.0,10.889999999999999,10.889999999999999,2.8016646776305314,-10.889999999999999
2025-10-28 06:00:00,6,10.889999999999999,0.0,10.889999999999999,10.889999999999999,2.8016646776305314,-10.889999999999999
2025-10-28 07:00:00,7,24.55,12.182933650304767,12.367066349695234,12.367066349695234,3.1816687748259223,-12.367066349695234
2025-10-28 08:00:00,8,69.8,70.18396412929245,0.38396412929245116,0.38396412929245116,0.09878225330723811,0.38396412929245116
2025-10-28 09:00:00,9,118.31,118.73821834240101,0.42821834240101,0.42821834240101,0.1101675118657857,0.42821834240101
2025-10-28 10:00:00,10,156.16,159.77789322296732,3.617893222967325,3.617893222967325,0.9307735216002236,3.617893222967325
2025-10-28 11:00:00,11,177.09999999999997,178.93668435677472,1.8366843567747537,1.8366843567747537,0.47252283621050334,1.8366843567747537
2025-10-28 12:00:00,12,180.30000000000004,196.05123624533113,15.751236245331086,15.751236245331086,4.05231241667198,15.751236245331086
2025-10-28 13:00:00,13,166.91000000000003,180.67653599631262,13.766535996312598,13.766535996312598,3.541709608282667,13.766535996312598
2025-10-28 14:00:00,14,136.76,153.03837141546754,16.278371415467547,16.278371415467547,4.1879282097397565,16.278371415467547
2025-10-28 15:00:00,15,93.98,109.22476358175317,15.244763581753162,15.244763581753162,3.9220124559987273,15.244763581753162
2025-10-28 16:00:00,16,45.269999999999996,52.09997177040978,6.829971770409784,6.829971770409784,1.757143311145157,6.829971770409784
2025-10-28 17:00:00,17,13.66,9.904770127890858,3.755229872109142,3.755229872109142,0.9661060504197615,-3.755229872109142
2025-10-28 18:00:00,18,10.949999999999998,0.0,10.949999999999998,10.949999999999998,2.8171008466532887,-10.949999999999998
2025-10-28 19:00:00,19,10.949999999999998,0.0,10.949999999999998,10.949999999999998,2.8171008466532887,-10.949999999999998
2025-10-29 06:00:00,6,10.949999999999998,0.0,10.949999999999998,10.949999999999998,2.8171008466532887,-10.949999999999998
2025-10-29 07:00:00,7,25.3,11.42651755325314,13.873482446746861,13.873482446746861,3.5692236663707884,-13.873482446746861
2025-10-29 08:00:00,8,74.73,63.62667905254209,11.103320947457917,11.103320947457917,2.856545647648119,-11.103320947457917
2025-10-29 09:00:00,9,126.22999999999999,120.14113051115318,6.088869488846811,6.088869488846811,1.5664803097891995,-6.088869488846811
2025-10-29 10:00:00,10,162.3,155.14420300649755,7.155796993502463,7.155796993502463,1.8409681980707626,-7.155796993502463
2025-10-29 11:00:00,11,180.73,179.2188425271336,1.5111574728663868,1.5111574728663868,0.3887747028528168,-1.5111574728663868
2025-10-29 12:00:00,12,159.24,182.56427717666742,23.324277176667408,23.324277176667408,6.000624747211484,23.324277176667408
2025-10-29 13:00:00,13,141.67999999999998,164.00400703777072,22.32400703777074,22.32400703777074,5.743285765004378,22.32400703777074
2025-10-29 14:00:00,14,106.59,133.03386373759471,26.44386373759471,26.44386373759471,6.8031991711381075,26.44386373759471
2025-10-29 15:00:00,15,78.19,81.003299287577,2.8132992875769958,2.8132992875769958,0.7237760552440411,2.8132992875769958
2025-10-29 16:00:00,16,37.010000000000005,34.73348585163954,2.2765141483604623,2.2765141483604623,0.5856776196131919,-2.2765141483604623
2025-10-29 17:00:00,17,12.57,7.505074416230766,5.064925583769234,5.064925583769234,1.3030507899791979,-5.064925583769234
2025-10-29 18:00:00,18,10.959999999999997,0.0,10.959999999999997,10.959999999999997,2.819673541490415,-10.959999999999997
2025-10-29 19:00:00,19,10.959999999999997,0.0,10.959999999999997,10.959999999999997,2.819673541490415,-10.959999999999997
2025-10-30 06:00:00,6,10.959999999999997,0.0,10.959999999999997,10.959999999999997,2.819673541490415,-10.959999999999997
2025-10-30 07:00:00,7,12.21,10.20965828094955,2.00034171905045,2.00034171905045,0.5146268813089424,-2.00034171905045
2025-10-30 08:00:00,8,22.16,19.049764810729137,3.1102351892708633,3.1102351892708633,0.8001686013685665,-3.1102351892708633
2025-10-30 09:00:00,9,32.519999999999996,47.997973330251206,15.47797333025121,15.47797333025121,3.982010207591572,15.47797333025121
2025-10-30 10:00:00,10,49.580000000000005,57.49281826127036,7.912818261270353,7.912818261270353,2.0357266687888877,7.912818261270353
2025-10-30 11:00:00,11,59.900000000000006,75.11982347207358,15.219823472073571,15.219823472073571,3.9155961268577224,15.219823472073571
2025-10-30 12:00:00,12,75.47,75.36179565947276,0.10820434052723726,0.10820434052723726,0.027837674822907846,-0.10820434052723726
2025-10-30 13:00:00,13,62.050000000000004,91.50598014472858,29.455980144728578,29.455980144728578,7.578124804083777,29.455980144728578
2025-10-30 14:00:00,14,47.15,86.82106711598593,39.67106711598593,39.67106711598593,10.20615495525876,39.67106711598593
2025-10-30 15:00:00,15,31.84,55.60858485281555,23.768584852815547,23.768584852815547,6.1149315536636735,23.768584852815547
2025-10-30 16:00:00,16,24.099999999999998,31.84869065707838,7.748690657078381,7.748690657078381,1.9935016447954284,7.748690657078381
2025-10-30 17:00:00,17,13.7,1.3514359664726285,12.34856403352737,12.34856403352737,3.1769086934979285,-12.34856403352737
2025-10-30 18:00:00,18,11.299999999999999,0.0,11.299999999999999,11.299999999999999,2.907145165952709,-11.299999999999999
2025-10-30 19:00:00,19,11.049999999999999,0.0,11.049999999999999,11.049999999999999,2.8428277950245517,-11.049999999999999
2025-10-31 06:00:00,6,11.049999999999999,0.0,11.049999999999999,11.049999999999999,2.8428277950245517,-11.049999999999999
2025-10-31 07:00:00,7,18.44,10.657641743606884,7.782358256393117,7.782358256393117,2.002163290688974,-7.782358256393117
2025-10-31 08:00:00,8,38.15,27.267017844838584,10.882982155161415,10.882982155161415,2.7998592003121336,-10.882982155161415
2025-10-31 09:00:00,9,43.58,69.57138179890879,25.99138179890879,25.99138179890879,6.686789376383091,25.99138179890879
2025-10-31 10:00:00,10,48.84,95.30964510273935,46.46964510273935,46.46964510273935,11.955221603890859,46.46964510273935
2025-10-31 11:00:00,11,80.72999999999999,112.72642411735391,31.996424117353925,31.996424117353925,8.23170351332196,31.996424117353925
2025-10-31 12:00:00,12,118.03000000000002,126.08082501183802,8.050825011838,8.050825011838,2.071231594256284,8.050825011838
2025-10-31 13:00:00,13,121.22,132.26943484232584,11.049434842325837,11.049434842325837,2.842682397201504,11.049434842325837
2025-10-31 14:00:00,14,108.78,105.34931028086515,3.430689719134847,3.430689719134847,0.8826117728200469,-3.430689719134847
2025-10-31 15:00:00,15,74.12,69.03046089785418,5.089539102145821,5.089539102145821,1.3093830971442935,-5.089539102145821
2025-10-31 16:00:00,16,37.37,36.82143568614547,0.5485643138545271,0.5485643138545271,0.14112885780852685,-0.5485643138545271
2025-10-31 17:00:00,17,12.28,0.9319627224835838,11.348037277516415,11.348037277516415,2.919503691538318,-11.348037277516415
2025-10-31 18:00:00,18,11.09,0.0,11.09,11.09,2.8531185743730574,-11.09
2025-10-31 19:00:00,19,11.059999999999999,0.0,11.059999999999999,11.059999999999999,2.8454004898616785,-11.059999999999999
2025-11-01 06:00:00,6,11.059999999999999,0.0,11.059999999999999,11.059999999999999,2.8454004898616785,-11.059999999999999
2025-11-01 07:00:00,7,14.17,11.211340452202911,2.9586595477970885,2.9586595477970885,0.7611728143431978,-2.9586595477970885
2025-11-01 08:00:00,8,27.560000000000002,65.22498793239268,37.66498793239268,37.66498793239268,9.690051999409071,37.66498793239268
2025-11-01 09:00:00,9,46.22,113.12255243359115,66.90255243359115,66.90255243359115,17.2119851236471,66.90255243359115
2025-11-01 10:00:00,10,69.73,152.10255341285338,82.37255341285338,82.37255341285338,21.19194428861576,82.37255341285338
2025-11-01 11:00:00,11,114.96000000000001,177.7719617472947,62.8119617472947,62.8119617472947,16.15960096970392,62.8119617472947
2025-11-01 12:00:00,12,157.29999999999998,186.4798594332896,29.179859433289607,29.179859433289607,7.507087371209509,29.179859433289607
2025-11-01 13:00:00,13,147.20000000000002,175.4724184977233,28.272418497723294,28.272418497723294,7.273630510216658,28.272418497723294
2025-11-01 14:00:00,14,118.10000000000001,148.6413479167897,30.54134791678969,30.54134791678969,7.857356810440266,30.54134791678969
2025-11-01 15:00:00,15,81.32000000000001,101.26729931155326,19.94729931155325,19.94729931155325,5.131831395344588,19.94729931155325
2025-11-01 16:00:00,16,38.970000000000006,46.47739099313282,7.507390993132816,7.507390993132816,1.931422604832122,7.507390993132816
2025-11-01 17:00:00,17,11.280000000000001,0.0,11.280000000000001,11.280000000000001,2.9019997762784575,-11.280000000000001
2025-11-01 18:00:00,18,11.059999999999999,0.0,11.059999999999999,11.059999999999999,2.8454004898616785,-11.059999999999999
2025-11-01 19:00:00,19,11.059999999999999,0.0,11.059999999999999,11.059999999999999,2.8454004898616785,-11.059999999999999
2025-11-02 06:00:00,6,11.059999999999999,0.0,11.059999999999999,11.059999999999999,2.8454004898616785,-11.059999999999999
2025-11-02 07:00:00,7,21.550000000000004,11.397209609325548,10.152790390674456,10.152790390674456,2.6120031420513596,-10.152790390674456
2025-11-02 08:00:00,8,70.68,67.40919850055803,3.2708014994419727,3.2708014994419727,0.8414774130879297,-3.2708014994419727
2025-11-02 09:00:00,9,123.36,124.4144142442435,1.0544142442435032,1.0544142442435032,0.2712686082357681,1.0544142442435032
2025-11-02 10:00:00,10,164.29999999999998,165.39781632479944,1.097816324799453,1.097816324799453,0.2824346390924513,1.097816324799453
2025-11-02 11:00:00,11,184.91,188.47630974878004,3.566309748780043,3.566309748780043,0.917502667827958,3.566309748780043
2025-11-02 12:00:00,12,188.42,192.82212446988768,4.402124469887696,4.402124469887696,1.1325322896067387,4.402124469887696
2025-11-02 13:00:00,13,173.42,181.13769811610248,7.717698116102497,7.717698116102497,1.98552820977962,7.717698116102497
2025-11-02 14:00:00,14,144.54,150.79469861125594,6.254698611255947,6.254698611255947,1.609143082495916,6.254698611255947
2025-11-02 15:00:00,15,99.06,104.09180600574801,5.03180600574801,5.03180600574801,1.2945301332408974,5.03180600574801
2025-11-02 16:00:00,16,46.59,46.567185102541586,0.02281489745841725,0.02281489745841725,0.005869576890083581,-0.02281489745841725
2025-11-02 17:00:00,17,12.299999999999999,0.0,12.299999999999999,12.299999999999999,3.1644146496653383,-12.299999999999999
2025-11-02 18:00:00,18,11.069999999999999,0.0,11.069999999999999,11.069999999999999,2.847973184698805,-11.069999999999999
2025-11-02 19:00:00,19,11.069999999999999,0.0,11.069999999999999,11.069999999999999,2.847973184698805,-11.069999999999999
2025-11-03 06:00:00,6,11.069999999999999,0.0,11.069999999999999,11.069999999999999,2.847973184698805,-11.069999999999999
2025-11-03 07:00:00,7,23.24,11.249139727580623,11.990860272419376,11.990860272419376,3.084882431555609,-11.990860272419376
2025-11-03 08:00:00,8,74.87,67.41130192261488,7.458698077385122,7.458698077385122,1.91889540353725,-7.458698077385122
2025-11-03 09:00:00,9,120.24999999999999,123.29890469183266,3.048904691832675,3.048904691832675,0.7843901359568051,3.048904691832675
2025-11-03 10:00:00,10,152.39999999999998,163.89348097599535,11.493480975995368,11.493480975995368,2.9569219167552534,11.493480975995368
2025-11-03 11:00:00,11,166.28000000000003,185.82269707722486,19.54269707722483,19.54269707722483,5.027739587409939,19.54269707722483
2025-11-03 12:00:00,12,167.10000000000002,187.9214169996899,20.821416999689887,20.821416999689887,5.356715201675578,20.821416999689887
2025-11-03 13:00:00,13,162.44,176.80668965066752,14.366689650667524,14.366689650667524,3.6961108290868063,14.366689650667524
2025-11-03 14:00:00,14,135.85,147.47573543446006,11.625735434460069,11.625735434460069,2.9909469530031605,11.625735434460069
2025-11-03 15:00:00,15,94.19,102.66666596935946,8.476665969359459,8.476665969359459,2.1807874775415215,8.476665969359459
2025-11-03 16:00:00,16,43.47,44.96732784914648,1.4973278491464797,1.4973278491464797,0.38521676269845634,1.4973278491464797
2025-11-03 17:00:00,17,12.48,0.0,12.48,12.48,3.210723156733612,-12.48
2025-11-03 18:00:00,18,11.239999999999998,0.0,11.239999999999998,11.239999999999998,2.8917089969299514,-11.239999999999998
2025-11-03 19:00:00,19,11.239999999999998,0.0,11.239999999999998,11.239999999999998,2.8917089969299514,-11.239999999999998
2025-11-04 06:00:00,6,11.239999999999998,0.0,11.239999999999998,11.239999999999998,2.8917089969299514,-11.239999999999998
2025-11-04 07:00:00,7,18.300000000000004,10.864206689130034,7.43579331086997,7.43579331086997,1.9130027060813386,-7.43579331086997
2025-11-04 08:00:00,8,64.58000000000001,62.045069433320705,2.534930566679307,2.534930566679307,0.6521602781369479,-2.534930566679307
2025-11-04 09:00:00,9,111.0,112.46699459577103,1.4669945957710269,1.4669945957710269,0.37741294226322925,1.4669945957710269
2025-11-04 10:00:00,10,140.86,154.28112743618354,13.421127436183525,13.421127436183525,3.4528465263483383,13.421127436183525
2025-11-04 11:00:00,11,161.39999999999998,173.8920940716794,12.492094071679418,12.492094071679418,3.2138345923105596,12.492094071679418
2025-11-04 12:00:00,12,159.56,181.80375497576114,22.243754975761135,22.243754975761135,5.722639358444293,22.243754975761135
2025-11-04 13:00:00,13,147.09000000000003,164.7201833827371,17.630183382737073,17.630183382737073,4.535708176635741,17.630183382737073
2025-11-04 14:00:00,14,123.72,139.26903830958824,15.54903830958824,15.54903830958824,4.000293058135659,15.54903830958824
2025-11-04 15:00:00,15,80.10999999999999,89.85374866339683,9.743748663396843,9.743748663396843,2.5067691880577265,9.743748663396843
2025-11-04 16:00:00,16,39.38,40.973517408640994,1.5935174086409916,1.5935174086409916,0.40996340100815465,1.5935174086409916
2025-11-04 17:00:00,17,11.65,0.0,11.65,11.65,2.9971894852521297,-11.65
2025-11-04 18:00:00,18,11.149999999999999,0.0,11.149999999999999,11.149999999999999,2.8685547433958147,-11.149999999999999
2025-11-04 19:00:00,19,11.149999999999999,0.0,11.149999999999999,11.149999999999999,2.8685547433958147,-11.149999999999999
2025-11-05 06:00:00,6,11.149999999999999,0.0,11.149999999999999,11.149999999999999,2.8685547433958147,-11.149999999999999
2025-11-05 07:00:00,7,21.400000000000002,11.089775197129391,10.31022480287061,10.31022480287061,2.6525062119956657,-10.31022480287061
2025-11-05 08:00:00,8,67.14,64.38457090603515,2.7554290939648496,2.7554290939648496,0.7088878204110944,-2.7554290939648496
2025-11-05 09:00:00,9,110.45,119.3448530711432,8.894853071143203,8.894853071143203,2.288374257312706,8.894853071143203
2025-11-05 10:00:00,10,142.51,160.96613066451624,18.45613066451625,18.45613066451625,4.748199207392919,18.45613066451625
2025-11-05 11:00:00,11,166.59,177.79162732620557,11.201627326205568,11.201627326205568,2.8818368789541853,11.201627326205568
2025-11-05 12:00:00,12,173.6,183.37655206731486,9.776552067314867,9.776552067314867,2.515208502847733,9.776552067314867
2025-11-05 13:00:00,13,162.95999999999998,171.31229193269957,8.352291932699586,8.352291932699586,2.14878983334278,8.352291932699586
2025-11-05 14:00:00,14,135.85000000000002,144.37486053789178,8.524860537891755,8.524860537891755,2.193186469305578,8.524860537891755
2025-11-05 15:00:00,15,93.63000000000001,96.93048713227705,3.3004871322770413,3.3004871322770413,0.8491146205210903,3.3004871322770413
2025-11-05 16:00:00,16,42.37,42.865512181648896,0.4955121816488983,0.4955121816488983,0.1274801631461306,0.4955121816488983
2025-11-05 17:00:00,17,11.91,0.0,11.91,11.91,3.0640795510174135,-11.91
2025-11-05 18:00:00,18,11.229999999999999,0.0,11.229999999999999,11.229999999999999,2.889136302092825,-11.229999999999999
2025-11-05 19:00:00,19,11.229999999999999,0.0,11.229999999999999,11.229999999999999,2.889136302092825,-11.229999999999999
2025-11-06 06:00:00,6,11.139999999999999,0.0,11.139999999999999,11.139999999999999,2.8659820485586884,-11.139999999999999
2025-11-06 07:00:00,7,17.34,8.421889600164553,8.918110399835447,8.918110399835447,2.294357658257894,-8.918110399835447
2025-11-06 08:00:00,8,49.69,20.204803298961707,29.48519670103829,29.48519670103829,7.585641332441438,-29.48519670103829
2025-11-06 09:00:00,9,87.42,50.80645936758071,36.613540632419294,36.613540632419294,9.419546695393882,-36.613540632419294
2025-11-06 10:00:00,10,131.23,93.97670617662843,37.253293823371564,37.253293823371564,9.58413566853368,-37.253293823371564
2025-11-06 11:00:00,11,149.42,81.36364926928549,68.0563507307145,68.0563507307145,17.508822215856533,-68.0563507307145
2025-11-06 12:00:00,12,162.79000000000002,84.26380516568233,78.52619483431769,78.52619483431769,20.20239360294224,-78.52619483431769
2025-11-06 13:00:00,13,121.16,97.63052956798485,23.529470432015145,23.529470432015145,6.05341471007611,-23.529470432015145
2025-11-06 14:00:00,14,99.11000000000001,76.96318818517396,22.14681181482605,22.14681181482605,5.697698841481054,-22.14681181482605
2025-11-06 15:00:00,15,56.53,44.559333893025126,11.970666106974875,11.970666106974875,3.079687089037695,-11.970666106974875
2025-11-06 16:00:00,16,25.16,22.12022100174515,3.0397789982548495,3.0397789982548495,0.7820423734815183,-3.0397789982548495
2025-11-06 17:00:00,17,12.159999999999998,0.0,12.159999999999998,12.159999999999998,3.1283969219455705,-12.159999999999998
2025-11-06 18:00:00,18,12.09,0.0,12.09,12.09,3.110388058085687,-12.09
2025-11-06 19:00:00,19,12.09,0.0,12.09,12.09,3.110388058085687,-12.09
2025-11-07 06:00:00,6,12.09,0.0,12.09,12.09,3.110388058085687,-12.09
2025-11-07 07:00:00,7,17.919999999999998,7.966480423520085,9.953519576479913,9.953519576479913,2.5607368425645345,-9.953519576479913
2025-11-07 08:00:00,8,41.8,13.645262998902142,28.154737001097857,28.154737001097857,7.2433546523373025,-28.154737001097857
2025-11-07 09:00:00,9,59.56,29.49031996492878,30.069680035071222,30.069680035071222,7.736011058026726,-30.069680035071222
2025-11-07 10:00:00,10,67.73,48.79144064621933,18.938559353780676,18.938559353780676,4.872313387208138,-18.938559353780676
2025-11-07 11:00:00,11,101.12,60.611636386730396,40.50836361326961,40.50836361326961,10.421565792829327,-40.50836361326961
2025-11-07 12:00:00,12,99.91,48.93712034988641,50.97287965011358,50.97287965011358,13.113766430930704,-50.97287965011358
2025-11-07 13:00:00,13,84.78999999999999,51.05875112912871,33.73124887087128,33.73124887087128,8.67802098199126,-33.73124887087128
2025-11-07 14:00:00,14,57.39000000000001,35.46987618496612,21.92012381503389,21.92012381503389,5.639378936810676,-21.92012381503389
2025-11-07 15:00:00,15,29.429999999999996,13.26331816812006,16.166681831879934,16.166681831879934,4.159193888234093,-16.166681831879934
2025-11-07 16:00:00,16,20.669999999999995,10.776621545201165,9.89337845479883,9.89337845479883,2.545264367239744,-9.89337845479883
2025-11-07 17:00:00,17,11.95,0.0,11.95,11.95,3.0743703303659187,-11.95
2025-11-07 18:00:00,18,11.939999999999998,0.0,11.939999999999998,11.939999999999998,3.071797635528792,-11.939999999999998
2025-11-07 19:00:00,19,11.939999999999998,0.0,11.939999999999998,11.939999999999998,3.071797635528792,-11.939999999999998
2025-11-08 06:00:00,6,11.939999999999998,0.0,11.939999999999998,11.939999999999998,3.071797635528792,-11.939999999999998
2025-11-08 07:00:00,7,12.16,7.8935930938879455,4.266406906112055,4.266406906112055,1.097616302043444,-4.266406906112055
2025-11-08 08:00:00,8,17.95,12.187992454155152,5.762007545844847,5.762007545844847,1.4823887064677772,-5.762007545844847
2025-11-08 09:00:00,9,24.560000000000002,13.478454264234488,11.081545735765514,11.081545735765514,2.850943550178281,-11.081545735765514
2025-11-08 10:00:00,10,37.25,16.314171465890702,20.935828534109298,20.935828534109298,5.3861497980664295,-20.935828534109298
2025-11-08 11:00:00,11,36.50000000000001,17.390099131522202,19.109900868477805,19.109900868477805,4.916394330232809,-19.109900868477805
2025-11-08 12:00:00,12,45.220000000000006,39.63719316378227,5.582806836217735,5.582806836217735,1.4362858324210734,-5.582806836217735
2025-11-08 13:00:00,13,39.49,41.69131579973967,2.2013157997396675,2.2013157997396675,0.5663313792874777,2.2013157997396675
2025-11-08 14:00:00,14,23.98,35.17636678540062,11.196366785400617,11.196366785400617,2.880483502337246,11.196366785400617
2025-11-08 15:00:00,15,21.33,13.670855292220013,7.659144707779985,7.659144707779985,1.970464204650873,-7.659144707779985
2025-11-08 16:00:00,16,17.349999999999998,12.010885411171765,5.339114588828233,5.339114588828233,1.3735912537504058,-5.339114588828233
2025-11-08 17:00:00,17,11.96,0.0,11.96,11.96,3.0769430252030454,-11.96
2025-11-08 18:00:00,18,11.95,0.0,11.95,11.95,3.0743703303659187,-11.95
2025-11-08 19:00:00,19,11.95,0.0,11.95,11.95,3.0743703303659187,-11.95
2025-11-09 06:00:00,6,12.299999999999999,0.0,12.299999999999999,12.299999999999999,3.1644146496653383,-12.299999999999999
2025-11-09 07:00:00,7,17.529999999999998,8.970578524872622,8.559421475127376,8.559421475127376,2.202077943784811,-8.559421475127376
2025-11-09 08:00:00,8,42.55,54.81494982809767,12.26494982809767,12.26494982809767,3.1553973100359873,12.26494982809767
2025-11-09 09:00:00,9,77.51,107.3795524619502,29.869552461950192,29.869552461950192,7.684524340613217,29.869552461950192
2025-11-09 10:00:00,10,110.67,137.7175137978305,27.04751379783049,27.04751379783049,6.958499910478063,27.04751379783049
2025-11-09 11:00:00,11,155.43,165.82585600978737,10.395856009787366,10.395856009787366,2.674536508388829,10.395856009787366
2025-11-09 12:00:00,12,167.27,164.80223857459023,2.467761425409776,2.467761425409776,0.634879707841115,-2.467761425409776
2025-11-09 13:00:00,13,138.57999999999998,169.13128495574674,30.551284955746752,30.551284955746752,7.8599133073223815,30.551284955746752
2025-11-09 14:00:00,14,126.21999999999998,139.48065978454383,13.260659784543847,13.260659784543847,3.41156309645842,13.260659784543847
2025-11-09 15:00:00,15,84.72,93.71721785380193,8.997217853801928,8.997217853801928,2.3147095920976715,8.997217853801928
2025-11-09 16:00:00,16,38.83,42.211460514309756,3.381460514309758,3.381460514309758,0.8699466007111128,3.381460514309758
2025-11-09 17:00:00,17,12.359999999999998,0.0,12.359999999999998,12.359999999999998,3.179850818688096,-12.359999999999998
2025-11-09 18:00:00,18,11.95,0.0,11.95,11.95,3.0743703303659187,-11.95
2025-11-09 19:00:00,19,11.95,0.0,11.95,11.95,3.0743703303659187,-11.95
2025-11-10 06:00:00,6,11.95,0.0,11.95,11.95,3.0743703303659187,-11.95
2025-11-10 07:00:00,7,19.74,8.949196632451855,10.790803367548143,10.790803367548143,2.776144411213611,-10.790803367548143
2025-11-10 08:00:00,8,71.42,61.670777997595636,9.749222002404366,9.749222002404366,2.5081773111583763,-9.749222002404366
2025-11-10 09:00:00,9,124.92,113.27073979162031,11.649260208379687,11.649260208379687,2.996999159443917,-11.649260208379687
2025-11-10 10:00:00,10,161.61,155.74488827902871,5.865111720971299,5.865111720971299,1.5089142643711762,-5.865111720971299
2025-11-10 11:00:00,11,181.42999999999998,173.82948558251235,7.600514417487631,7.600514417487631,1.9553804201374374,-7.600514417487631
2025-11-10 12:00:00,12,184.09,179.84645760523964,4.243542394760368,4.243542394760368,1.091733961012654,-4.243542394760368
2025-11-10 13:00:00,13,170.35000000000002,169.2916388779166,1.0583611220834257,1.0583611220834257,0.2722840194599218,-1.0583611220834257
2025-11-10 14:00:00,14,138.92,133.431114018205,5.4888859817949935,5.4888859817949935,1.4121228626938855,-5.4888859817949935
2025-11-10 15:00:00,15,94.27000000000001,89.23006937928093,5.039930620719076,5.039930620719076,1.2966203487398675,-5.039930620719076
2025-11-10 16:00:00,16,35.43,35.52265933925771,0.09265933925770753,0.09265933925770753,0.023838420371983766,0.09265933925770753
2025-11-10 17:00:00,17,13.16,0.0,13.16,13.16,3.3856664056582,-13.16
2025-11-10 18:00:00,18,12.989999999999998,0.0,12.989999999999998,12.989999999999998,3.3419305934270525,-12.989999999999998
2025-11-10 19:00:00,19,10.959999999999997,0.0,10.959999999999997,10.959999999999997,2.819673541490415,-10.959999999999997
2025-11-11 06:00:00,6,10.959999999999997,0.0,10.959999999999997,10.959999999999997,2.819673541490415,-10.959999999999997
2025-11-11 07:00:00,7,15.309999999999999,8.541271630828088,6.76872836917191,6.76872836917191,1.7413872529278835,-6.76872836917191
2025-11-11 08:00:00,8,43.66000000000001,20.780581008976466,22.879418991023545,22.879418991023545,5.88617631146555,-22.879418991023545
2025-11-11 09:00:00,9,62.43,46.43827829452274,15.99172170547726,15.99172170547726,4.114181986844181,-15.99172170547726
2025-11-11 10:00:00,10,104.12,87.35047457341346,16.76952542658654,16.76952542658654,4.314287148603727,-16.76952542658654
2025-11-11 11:00:00,11,139.57000000000002,108.82089415980153,30.749105840198496,30.749105840198496,7.9108065841328585,-30.749105840198496
2025-11-11 12:00:00,12,156.60999999999999,126.79028175786087,29.819718242139118,29.819718242139118,7.6717035166112,-29.819718242139118
2025-11-11 13:00:00,13,152.12,127.0523306635537,25.0676693364463,25.0676693364463,6.449146348066445,-25.0676693364463
2025-11-11 14:00:00,14,129.17000000000002,124.80526192780643,4.364738072193589,4.364738072193589,1.122913910374101,-4.364738072193589
2025-11-11 15:00:00,15,88.36000000000001,78.22069096528918,10.139309034710834,10.139309034710834,2.6085348005628526,-10.139309034710834
2025-11-11 16:00:00,16,38.17,37.98333105801329,0.18666894198671002,0.18666894198671002,0.048024222330103616,-0.18666894198671002
2025-11-11 17:00:00,17,11.4,0.0,11.4,11.4,2.9328721143239727,-11.4
2025-11-11 18:00:00,18,10.959999999999997,0.0,10.959999999999997,10.959999999999997,2.819673541490415,-10.959999999999997
2025-11-11 19:00:00,19,10.959999999999997,0.0,10.959999999999997,10.959999999999997,2.819673541490415,-10.959999999999997
2025-11-12 06:00:00,6,10.959999999999997,0.0,10.959999999999997,10.959999999999997,2.819673541490415,-10.959999999999997
2025-11-12 07:00:00,7,17.229999999999997,8.73104285991311,8.498957140086887,8.498957140086887,2.1865223155259166,-8.498957140086887
2025-11-12 08:00:00,8,62.01,56.97169694910726,5.038303050892736,5.038303050892736,1.2962016246909387,-5.038303050892736
2025-11-12 09:00:00,9,110.64999999999999,114.57296930877338,3.9229693087733892,3.9229693087733892,1.0092602886886195,3.9229693087733892
2025-11-12 10:00:00,10,143.08,151.53009702181083,8.45009702181082,8.45009702181082,2.1739520981228946,8.45009702181082
2025-11-12 11:00:00,11,161.19000000000003,172.76635365447885,11.576353654478822,11.576353654478822,2.978242527962575,11.576353654478822
2025-11-12 12:00:00,12,166.86999999999998,179.55007815315892,12.680078153158945,12.680078153158945,3.26219715989899,12.680078153158945
2025-11-12 13:00:00,13,158.55,164.4510920328377,5.901092032837681,5.901092032837681,1.5181709006288595,5.901092032837681
2025-11-12 14:00:00,14,128.82999999999998,134.23598356082962,5.40598356082964,5.40598356082964,1.390794599653602,5.40598356082964
2025-11-12 15:00:00,15,86.63000000000002,88.57488415383644,1.944884153836412,1.944884153836412,0.5003593421383674,1.944884153836412
2025-11-12 16:00:00,16,36.22,36.572162940546285,0.35216294054628605,0.35216294054628605,0.09060077789706433,0.35216294054628605
2025-11-12 17:00:00,17,11.259999999999998,0.0,11.259999999999998,11.259999999999998,2.896854386604204,-11.259999999999998
2025-11-12 18:00:00,18,10.949999999999998,0.0,10.949999999999998,10.949999999999998,2.8171008466532887,-10.949999999999998
2025-11-12 19:00:00,19,10.949999999999998,0.0,10.949999999999998,10.949999999999998,2.8171008466532887,-10.949999999999998
2025-11-13 06:00:00,6,10.949999999999998,0.0,10.949999999999998,10.949999999999998,2.8171008466532887,-10.949999999999998
2025-11-13 07:00:00,7,14.049999999999999,8.613816111437917,5.436183888562082,5.436183888562082,1.3985642223772798,-5.436183888562082
2025-11-13 08:00:00,8,38.989999999999995,54.66983313828991,15.679833138289915,15.679833138289915,4.0339425761880205,15.679833138289915
2025-11-13 09:00:00,9,84.11999999999998,112.8870915867345,28.767091586734523,28.767091586734523,7.400894800433109,28.767091586734523
2025-11-13 10:00:00,10,118.77,147.61700473624563,28.847004736245637,28.847004736245637,7.421454015149684,28.847004736245637
2025-11-13 11:00:00,11,137.51000000000002,172.46468197638114,34.954681976381124,34.954681976381124,8.992772985402716,34.954681976381124
2025-11-13 12:00:00,12,142.03,171.25917807171277,29.229178071712766,29.229178071712766,7.519775551854045,29.229178071712766
2025-11-13 13:00:00,13,124.17,162.54894704436924,38.37894704436924,38.37894704436924,9.87373189153921,38.37894704436924
2025-11-13 14:00:00,14,100.45,133.5339751564939,33.083975156493906,33.083975156493906,8.511497207672637,33.083975156493906
2025-11-13 15:00:00,15,65.72,89.19615928085183,23.47615928085183,23.47615928085183,6.039699377740199,23.47615928085183
2025-11-13 16:00:00,16,30.56,37.9355698116255,7.3755698116255,7.3755698116255,1.8975090375233459,7.3755698116255
2025-11-13 17:00:00,17,11.089999999999998,0.0,11.089999999999998,11.089999999999998,2.853118574373057,-11.089999999999998
2025-11-13 18:00:00,18,10.959999999999997,0.0,10.959999999999997,10.959999999999997,2.819673541490415,-10.959999999999997
2025-11-13 19:00:00,19,10.959999999999997,0.0,10.959999999999997,10.959999999999997,2.819673541490415,-10.959999999999997
2025-11-14 06:00:00,6,10.959999999999997,0.0,10.959999999999997,10.959999999999997,2.819673541490415,-10.959999999999997
2025-11-14 07:00:00,7,14.69,8.558908967803543,6.131091032196457,6.131091032196457,1.577342624448313,-6.131091032196457
2025-11-14 08:00:00,8,41.629999999999995,40.80603573174903,0.8239642682509682,0.8239642682509682,0.21198086189058088,-0.8239642682509682
2025-11-14 09:00:00,9,83.13,89.63909865423979,6.509098654239793,6.509098654239793,1.674592450210841,6.509098654239793
2025-11-14 10:00:00,10,125.4,138.60164413188872,13.201644131888713,13.201644131888713,3.39638016996887,13.201644131888713
2025-11-14 11:00:00,11,151.47,164.8433754776702,13.373375477670209,13.373375477670209,3.44056140463535,13.373375477670209
2025-11-14 12:00:00,12,160.12999999999997,170.27149453503495,10.14149453503498,10.14149453503498,2.6090970631028996,10.14149453503498
2025-11-14 13:00:00,13,148.53,159.4459317417008,10.915931741700803,10.915931741700803,2.808336123429666,10.915931741700803
2025-11-14 14:00:00,14,118.82000000000001,130.0249919112278,11.204991911227793,11.204991911227793,2.8827024840057605,11.204991911227793
2025-11-14 15:00:00,15,75.32000000000002,84.42857501539359,9.10857501539357,9.10857501539357,2.3433583915680565,9.10857501539357
2025-11-14 16:00:00,16,26.72,34.43525298147346,7.715252981473462,7.715252981473462,1.9848991512560006,7.715252981473462
2025-11-14 17:00:00,17,11.110000000000001,0.0,11.110000000000001,11.110000000000001,2.8582639640473104,-11.110000000000001
2025-11-14 18:00:00,18,10.949999999999998,0.0,10.949999999999998,10.949999999999998,2.8171008466532887,-10.949999999999998
2025-11-14 19:00:00,19,10.949999999999998,0.0,10.949999999999998,10.949999999999998,2.8171008466532887,-10.949999999999998
2025-11-15 06:00:00,6,10.949999999999998,0.0,10.949999999999998,10.949999999999998,2.8171008466532887,-10.949999999999998
2025-11-15 07:00:00,7,16.33,8.165376526067101,8.164623473932897,8.164623473932897,2.1005084658467292,-8.164623473932897
2025-11-15 08:00:00,8,52.27,47.231283229917246,5.0387167700827575,5.0387167700827575,1.2963080620133576,-5.0387167700827575
2025-11-15 09:00:00,9,95.9,102.29779184599852,6.397791845998512,6.397791845998512,1.645956605120906,6.397791845998512
2025-11-15 10:00:00,10,132.38,131.30247657365757,1.0775234263424238,1.0775234263424238,0.27721389558337856,-1.0775234263424238
2025-11-15 11:00:00,11,151.61,152.3358781929425,0.7258781929424742,0.7258781929424742,0.18674630793656657,0.7258781929424742
2025-11-15 12:00:00,12,112.61999999999999,153.58039581583773,40.96039581583774,40.96039581583774,10.537859884205512,40.96039581583774
2025-11-15 13:00:00,13,99.38999999999999,139.88344635387693,40.49344635387695,40.49344635387695,10.417728037206968,40.49344635387695
2025-11-15 14:00:00,14,82.38999999999999,109.45090739290913,27.060907392909144,27.060907392909144,6.961945673769006,27.060907392909144
2025-11-15 15:00:00,15,45.519999999999996,58.765274460642246,13.24527446064225,13.24527446064225,3.4076049221215046,13.24527446064225
2025-11-15 16:00:00,16,21.32,24.582225417300606,3.2622254173006056,3.2622254173006056,0.839271048863143,3.2622254173006056
2025-11-15 17:00:00,17,10.989999999999998,0.0,10.989999999999998,10.989999999999998,2.827391626001794,-10.989999999999998
2025-11-15 18:00:00,18,10.949999999999998,0.0,10.949999999999998,10.949999999999998,2.8171008466532887,-10.949999999999998
2025-11-15 19:00:00,19,10.949999999999998,0.0,10.949999999999998,10.949999999999998,2.8171008466532887,-10.949999999999998
2025-11-16 06:00:00,6,10.949999999999998,0.0,10.949999999999998,10.949999999999998,2.8171008466532887,-10.949999999999998
2025-11-16 07:00:00,7,15.230000000000002,8.303800672343959,6.926199327656043,6.926199327656043,1.7818997251168294,-6.926199327656043
2025-11-16 08:00:00,8,51.24,50.40638200628971,0.8336179937102912,0.8336179937102912,0.21446447085540438,-0.8336179937102912
2025-11-16 09:00:00,9,96.25999999999999,103.6421566650115,7.382156665011507,7.382156665011507,1.899203633893255,7.382156665011507
2025-11-16 10:00:00,10,130.76,140.79069208586887,10.030692085868878,10.030692085868878,2.580590974211842,10.030692085868878
2025-11-16 11:00:00,11,147.29,165.27590263967346,17.98590263967347,17.98590263967347,4.6272238862144075,17.98590263967347
2025-11-16 12:00:00,12,149.39999999999998,169.65185235479893,20.251852354798956,20.251852354798956,5.21018359954352,20.251852354798956
2025-11-16 13:00:00,13,132.70000000000002,154.9815045824468,22.281504582446786,22.281504582446786,5.732351180266666,22.281504582446786
2025-11-16 14:00:00,14,101.73,123.90161987708214,22.171619877082136,22.171619877082136,5.704081198849588,22.171619877082136
2025-11-16 15:00:00,15,62.1,81.28747503304808,19.18747503304808,19.18747503304808,4.936351795501242,19.18747503304808
2025-11-16 16:00:00,16,26.860000000000007,32.03208670056586,5.172086700565856,5.172086700565856,1.3306200751715336,5.172086700565856
2025-11-16 17:00:00,17,10.979999999999997,0.0,10.979999999999997,10.979999999999997,2.824818931164667,-10.979999999999997
2025-11-16 18:00:00,18,10.949999999999998,0.0,10.949999999999998,10.949999999999998,2.8171008466532887,-10.949999999999998
2025-11-16 19:00:00,19,10.949999999999998,0.0,10.949999999999998,10.949999999999998,2.8171008466532887,-10.949999999999998
2025-11-17 06:00:00,6,10.949999999999998,0.0,10.949999999999998,10.949999999999998,2.8171008466532887,-10.949999999999998
2025-11-17 07:00:00,7,11.889999999999999,7.988522130217105,3.9014778697828936,3.9014778697828936,1.0037311972752931,-3.9014778697828936
2025-11-17 08:00:00,8,27.94,15.342271841045482,12.597728158954519,12.597728158954519,3.241011019406279,-12.597728158954519
2025-11-17 09:00:00,9,47.48,47.0460127878775,0.4339872121224957,0.4339872121224957,0.11165166600063776,-0.4339872121224957
2025-11-17 10:00:00,10,66.95,78.55463857325465,11.604638573254647,11.604638573254647,2.9855193744128847,11.604638573254647
2025-11-17 11:00:00,11,71.38,90.15672120534114,18.776721205341147,18.776721205341147,4.830677370314093,18.776721205341147
2025-11-17 12:00:00,12,79.98000000000002,50.817581772812034,29.162418227187985,29.162418227187985,7.5026002811204195,-29.162418227187985
2025-11-17 13:00:00,13,64.97,78.65101943623492,13.68101943623492,13.68101943623492,3.5197088070226026,13.68101943623492
2025-11-17 14:00:00,14,56.49,75.59647832397974,19.106478323979736,19.106478323979736,4.9155138139768075,19.106478323979736
2025-11-17 15:00:00,15,38.29999999999999,53.36223827418304,15.062238274183052,15.062238274183052,3.8750542643556765,15.062238274183052
2025-11-17 16:00:00,16,21.179999999999996,25.26334068736896,4.083340687368963,4.083340687368963,1.0505189504621855,4.083340687368963
2025-11-17 17:00:00,17,10.979999999999999,0.0,10.979999999999999,10.979999999999999,2.824818931164668,-10.979999999999999
2025-11-17 18:00:00,18,10.969999999999999,0.0,10.969999999999999,10.969999999999999,2.822246236327542,-10.969999999999999
2025-11-17 19:00:00,19,10.969999999999999,0.0,10.969999999999999,10.969999999999999,2.822246236327542,-10.969999999999999
2025-11-18 06:00:00,6,10.969999999999999,0.0,10.969999999999999,10.969999999999999,2.822246236327542,-10.969999999999999
2025-11-18 07:00:00,7,15.44,8.67067936099548,6.769320639004519,6.769320639004519,1.7415396258819376,-6.769320639004519
2025-11-18 08:00:00,8,55.769999999999996,60.05371292921343,4.283712929213436,4.283712929213436,1.1020686136718552,4.283712929213436
2025-11-18 09:00:00,9,110.72999999999999,119.73316130398214,9.003161303982154,9.003161303982154,2.3162386604570098,9.003161303982154
2025-11-18 10:00:00,10,148.28,155.1142813358438,6.834281335843798,6.834281335843798,1.7582520308193916,6.834281335843798
2025-11-18 11:00:00,11,170.35,182.96795294974237,12.617952949742374,12.617952949742374,3.2462142408904673,12.617952949742374
2025-11-18 12:00:00,12,176.21999999999997,190.7746148331246,14.554614833124617,14.554614833124617,3.7444582437541443,14.554614833124617
2025-11-18 13:00:00,13,161.83,177.0741798854255,15.244179885425496,15.244179885425496,3.9218622887458636,15.244179885425496
2025-11-18 14:00:00,14,129.82,143.29830875650146,13.478308756501463,13.478308756501463,3.46755753510454,13.478308756501463
2025-11-18 15:00:00,15,84.28000000000002,96.11634877605039,11.836348776050372,11.836348776050372,3.0451313386570895,11.836348776050372
2025-11-18 16:00:00,16,34.05,37.51281510870299,3.4628151087029906,3.4628151087029906,0.8908766552083102,3.4628151087029906
2025-11-18 17:00:00,17,11.059999999999997,0.0,11.059999999999997,11.059999999999997,2.845400489861678,-11.059999999999997
2025-11-18 18:00:00,18,10.969999999999999,0.0,10.969999999999999,10.969999999999999,2.822246236327542,-10.969999999999999
2025-11-18 19:00:00,19,10.969999999999999,0.0,10.969999999999999,10.969999999999999,2.822246236327542,-10.969999999999999
2025-11-19 06:00:00,6,10.969999999999999,0.0,10.969999999999999,10.969999999999999,2.822246236327542,-10.969999999999999
2025-11-19 07:00:00,7,14.889999999999997,8.524362067271223,6.365637932728774,6.365637932728774,1.6376843844546598,-6.365637932728774
2025-11-19 08:00:00,8,53.36,55.82529608958107,2.4652960895810736,2.4652960895810736,0.6342454521652864,2.4652960895810736
2025-11-19 09:00:00,9,103.67,112.76525171494269,9.095251714942691,9.095251714942691,2.339930712939711,9.095251714942691
2025-11-19 10:00:00,10,139.94,147.58236501487846,7.6423650148784645,7.6423650148784645,1.966147301721242,7.6423650148784645
2025-11-19 11:00:00,11,160.2,176.82774807962272,16.627748079622734,16.627748079622734,4.2778121637482025,16.627748079622734
2025-11-19 12:00:00,12,163.89000000000004,183.95094971196744,20.060949711967396,20.060949711967396,5.16107017518287,20.060949711967396
2025-11-19 13:00:00,13,152.49999999999997,168.55276090885818,16.052760908858204,16.052760908858204,4.129885511184226,16.052760908858204
2025-11-19 14:00:00,14,123.69999999999999,136.4117704351353,12.711770435135321,12.711770435135321,3.2703506169207275,12.711770435135321
2025-11-19 15:00:00,15,81.36000000000001,89.89743847215428,8.537438472154264,8.537438472154264,2.196422387959465,8.537438472154264
2025-11-19 16:00:00,16,33.14,35.23804032769864,2.098040327698641,2.098040327698641,0.5397617519153046,2.098040327698641
2025-11-19 17:00:00,17,11.4,0.0,11.4,11.4,2.9328721143239727,-11.4
2025-11-19 18:00:00,18,10.959999999999997,0.0,10.959999999999997,10.959999999999997,2.819673541490415,-10.959999999999997
2025-11-19 19:00:00,19,10.959999999999997,0.0,10.959999999999997,10.959999999999997,2.819673541490415,-10.959999999999997
2025-11-20 06:00:00,6,10.959999999999997,0.0,10.959999999999997,10.959999999999997,2.819673541490415,-10.959999999999997
2025-11-20 07:00:00,7,15.27,8.237941493374288,7.032058506625711,7.032058506625711,1.809134061436599,-7.032058506625711
2025-11-20 08:00:00,8,53.63000000000001,30.99692603754633,22.63307396245368,22.63307396245368,5.822799253150208,-22.63307396245368
2025-11-20 09:00:00,9,92.83000000000001,93.53772804465171,0.7077280446517022,0.7077280446517022,0.182076828656492,0.7077280446517022
2025-11-20 10:00:00,10,119.52999999999997,127.35261396762529,7.8226139676253155,7.8226139676253155,2.012519856734167,7.8226139676253155
2025-11-20 11:00:00,11,145.86999999999998,156.71386135144675,10.843861351446776,10.843861351446776,2.7897946113380456,10.843861351446776
2025-11-20 12:00:00,12,147.15,166.80548531064787,19.65548531064786,19.65548531064786,5.056756557991542,19.65548531064786
2025-11-20 13:00:00,13,136.66,157.67125405527705,21.01125405527705,21.01125405527705,5.4055544829560125,21.01125405527705
2025-11-20 14:00:00,14,116.04999999999998,129.07689247474968,13.026892474749701,13.026892474749701,3.35142190135879,13.026892474749701
2025-11-20 15:00:00,15,75.66,85.39815912904301,9.738159129043012,9.738159129043012,2.5053311714403224,9.738159129043012
2025-11-20 16:00:00,16,31.169999999999995,33.24492757849081,2.074927578490815,2.074927578490815,0.5338155468594278,2.074927578490815
2025-11-20 17:00:00,17,12.549999999999997,0.0,12.549999999999997,12.549999999999997,3.2287320205934953,-12.549999999999997
2025-11-20 18:00:00,18,10.959999999999997,0.0,10.959999999999997,10.959999999999997,2.819673541490415,-10.959999999999997
2025-11-20 19:00:00,19,10.959999999999997,0.0,10.959999999999997,10.959999999999997,2.819673541490415,-10.959999999999997
2025-11-21 06:00:00,6,10.959999999999997,0.0,10.959999999999997,10.959999999999997,2.819673541490415,-10.959999999999997
2025-11-21 07:00:00,7,13.78,8.300937825024821,5.479062174975178,5.479062174975178,1.409595496985259,-5.479062174975178
2025-11-21 08:00:00,8,45.14,37.168584127547994,7.971415872452006,7.971415872452006,2.0508020459643848,-7.971415872452006
2025-11-21 09:00:00,9,89.91999999999999,105.94166191382027,16.02166191382028,16.02166191382028,4.121884688786838,16.02166191382028
2025-11-21 10:00:00,10,123.16,144.8857413821559,21.725741382155917,21.725741382155917,5.589370268661355,21.725741382155917
2025-11-21 11:00:00,11,142.20000000000002,169.55012136643816,27.350121366438145,27.350121366438145,7.03635160342129,27.350121366438145
2025-11-21 12:00:00,12,147.97,177.1719600652766,29.20196006527661,29.20196006527661,7.512773189390528,29.20196006527661
2025-11-21 13:00:00,13,141.98,163.4572969414701,21.477296941470115,21.477296941470115,5.525453095674846,21.477296941470115
2025-11-21 14:00:00,14,116.58,133.02392156631623,16.443921566316234,16.443921566316234,4.230519211577146,16.443921566316234
2025-11-21 15:00:00,15,77.04,87.37410833532465,10.334108335324643,10.334108335324643,2.6586507160593484,10.334108335324643
2025-11-21 16:00:00,16,34.27,33.57876129993217,0.691238700067835,0.691238700067835,0.17783462348864085,-0.691238700067835
2025-11-21 17:00:00,17,16.19,0.0,16.19,16.19,4.165192941307467,-16.19
2025-11-21 18:00:00,18,16.13,0.0,16.13,16.13,4.149756772284708,-16.13
2025-11-21 19:00:00,19,10.979999999999999,0.0,10.979999999999999,10.979999999999999,2.824818931164668,-10.979999999999999
2025-11-22 06:00:00,6,10.969999999999999,0.0,10.969999999999999,10.969999999999999,2.822246236327542,-10.969999999999999
2025-11-22 07:00:00,7,18.69,8.235937150228082,10.454062849771919,10.454062849771919,2.6895113520601983,-10.454062849771919
2025-11-22 08:00:00,8,50.15,36.64835765050751,13.501642349492485,13.501642349492485,3.4735605565265013,-13.501642349492485
2025-11-22 09:00:00,9,88.72000000000001,103.98480402194141,15.264804021941401,15.264804021941401,3.9271682496993296,15.264804021941401
2025-11-22 10:00:00,10,119.47,141.81529817731703,22.345298177317034,22.345298177317034,5.7487633254831065,22.345298177317034
2025-11-22 11:00:00,11,152.70999999999998,166.85120431004668,14.141204310046703,14.141204310046703,3.638100331920522,14.141204310046703
2025-11-22 12:00:00,12,154.38000000000002,169.2050320197924,14.825032019792388,14.825032019792388,3.814028333755184,14.825032019792388
2025-11-22 13:00:00,13,138.83,156.29093089748756,17.460930897487543,17.460930897487543,4.492164677138515,17.460930897487543
2025-11-22 14:00:00,14,111.13000000000001,129.1561802893058,18.0261802893058,18.0261802893058,4.637586096340475,18.0261802893058
2025-11-22 15:00:00,15,73.08000000000001,83.16989163209811,10.089891632098102,10.089891632098102,2.595821210906256,10.089891632098102
2025-11-22 16:00:00,16,29.080000000000002,31.06829508680794,1.9882950868079377,1.9882950868079377,0.5115276504514353,1.9882950868079377
2025-11-22 17:00:00,17,11.88,0.0,11.88,11.88,3.0563614665060346,-11.88
2025-11-22 18:00:00,18,11.289999999999997,0.0,11.289999999999997,11.289999999999997,2.904572471115583,-11.289999999999997
2025-11-22 19:00:00,19,10.959999999999997,0.0,10.959999999999997,10.959999999999997,2.819673541490415,-10.959999999999997
2025-11-23 06:00:00,6,10.959999999999997,0.0,10.959999999999997,10.959999999999997,2.819673541490415,-10.959999999999997
2025-11-23 07:00:00,7,12.070000000000002,7.681405446394398,4.388594553605604,4.388594553605604,1.1290514550301702,-4.388594553605604
2025-11-23 08:00:00,8,29.549999999999997,18.649459824242307,10.90054017575769,10.90054017575769,2.804376343205953,-10.90054017575769
2025-11-23 09:00:00,9,61.41,70.1794078396178,8.769407839617799,8.769407839617799,2.256101027363954,8.769407839617799
2025-11-23 10:00:00,10,91.08999999999999,109.18313855252508,18.09313855252509,18.09313855252509,4.654812414149196,18.09313855252509
2025-11-23 11:00:00,11,98.92,134.5777465647439,35.6577465647439,35.6577465647439,9.17365004906744,35.6577465647439
2025-11-23 12:00:00,12,115.48,141.25939811128205,25.77939811128205,25.77939811128205,6.63225244251186,25.77939811128205
2025-11-23 13:00:00,13,83.02,97.01919674282429,13.999196742824296,13.999196742824296,3.6015661184179266,13.999196742824296
2025-11-23 14:00:00,14,76.22999999999999,51.16477122373034,25.06522877626965,25.06522877626965,6.448518466409829,-25.06522877626965
2025-11-23 15:00:00,15,38.349999999999994,39.55955159407084,1.2095515940708452,1.2095515940708452,0.311180714130394,1.2095515940708452
2025-11-23 16:00:00,16,28.150000000000002,12.246016366977091,15.90398363302291,15.90398363302291,4.091609658241908,-15.90398363302291
2025-11-23 17:00:00,17,10.959999999999997,0.0,10.959999999999997,10.959999999999997,2.819673541490415,-10.959999999999997
2025-11-23 18:00:00,18,10.959999999999997,0.0,10.959999999999997,10.959999999999997,2.819673541490415,-10.959999999999997
2025-11-23 19:00:00,19,10.959999999999997,0.0,10.959999999999997,10.959999999999997,2.819673541490415,-10.959999999999997
2025-11-24 06:00:00,6,10.959999999999997,0.0,10.959999999999997,10.959999999999997,2.819673541490415,-10.959999999999997
2025-11-24 07:00:00,7,13.57,6.360934448762606,7.209065551237394,7.209065551237394,1.8546725724173447,-7.209065551237394
2025-11-24 08:00:00,8,43.269999999999996,22.47628362433271,20.793716375667287,20.793716375667287,5.349588676434766,-20.793716375667287
2025-11-24 09:00:00,9,83.53,97.3561351557901,13.826135155790098,13.826135155790098,3.55704265327115,13.826135155790098
2025-11-24 10:00:00,10,112.73000000000002,139.53240726036597,26.802407260365953,26.802407260365953,6.895441478129973,26.802407260365953
2025-11-24 11:00:00,11,134.67000000000002,159.98312798213942,25.313127982139406,25.313127982139406,6.512295367116712,25.313127982139406
2025-11-24 12:00:00,12,137.33,163.347888400585,26.01788840058498,26.01788840058498,6.6936087161113,26.01788840058498
2025-11-24 13:00:00,13,126.99,154.78075867950605,27.790758679506055,27.790758679506055,7.1497141374587905,27.790758679506055
2025-11-24 14:00:00,14,104.12000000000002,127.03049421997908,22.910494219979057,22.910494219979057,5.894171019575187,22.910494219979057
2025-11-24 15:00:00,15,62.89000000000001,83.37524234850667,20.485242348506667,20.485242348506667,5.270227722728397,20.485242348506667
2025-11-24 16:00:00,16,26.87,33.10139259305179,6.23139259305179,6.23139259305179,1.6031471552251357,6.23139259305179
2025-11-24 17:00:00,17,11.629999999999999,0.0,11.629999999999999,11.629999999999999,2.992044095577877,-11.629999999999999
2025-11-24 18:00:00,18,11.59,0.0,11.59,11.59,2.981753316229372,-11.59
2025-11-24 19:00:00,19,11.59,0.0,11.59,11.59,2.981753316229372,-11.59
2025-11-25 06:00:00,6,10.969999999999999,0.0,10.969999999999999,10.969999999999999,2.822246236327542,-10.969999999999999
2025-11-25 07:00:00,7,13.08,4.964876028681055,8.115123971318944,8.115123971318944,2.0877737543652057,-8.115123971318944
2025-11-25 08:00:00,8,48.45,23.78304734254009,24.666952657459913,24.666952657459913,6.346054174948577,-24.666952657459913
2025-11-25 09:00:00,9,100.77999999999999,102.24162080002392,1.4616208000239368,1.4616208000239368,0.3760304286057982,1.4616208000239368
2025-11-25 10:00:00,10,137.07,139.8542886798494,2.7842886798493964,2.7842886798493964,0.7163125111717721,2.7842886798493964
2025-11-25 11:00:00,11,157.63,167.6754038435102,10.0454038435102,10.0454038435102,2.5843758605047302,10.0454038435102
2025-11-25 12:00:00,12,162.49,174.51727919857217,12.02727919857216,12.02727919857216,3.0942519098843038,12.02727919857216
2025-11-25 13:00:00,13,150.70000000000002,165.7419537092951,15.041953709295086,15.041953709295086,3.8698356648196137,15.041953709295086
2025-11-25 14:00:00,14,123.09,135.16782179028942,12.07782179028942,12.07782179028942,3.1072549763609016,12.07782179028942
2025-11-25 15:00:00,15,80.29,89.19384360114829,8.903843601148282,8.903843601148282,2.2906872463254153,8.903843601148282
2025-11-25 16:00:00,16,32.160000000000004,33.66025217464585,1.5002521746458441,1.5002521746458441,0.3859691024098855,1.5002521746458441
2025-11-25 17:00:00,17,11.19,0.0,11.19,11.19,2.8788455227443204,-11.19
2025-11-25 18:00:00,18,11.16,0.0,11.16,11.16,2.8711274382329415,-11.16
2025-11-25 19:00:00,19,10.959999999999997,0.0,10.959999999999997,10.959999999999997,2.819673541490415,-10.959999999999997
2025-11-26 06:00:00,6,10.959999999999997,0.0,10.959999999999997,10.959999999999997,2.819673541490415,-10.959999999999997
2025-11-26 07:00:00,7,13.299999999999997,3.0354480798335,10.264551920166497,10.264551920166497,2.6407559730427113,-10.264551920166497
2025-11-26 08:00:00,8,46.339999999999996,22.558443814142915,23.78155618585708,23.78155618585708,6.118268681818334,-23.78155618585708
2025-11-26 09:00:00,9,95.76,100.72301473458606,4.963014734586054,4.963014734586054,1.2768322384251252,4.963014734586054
2025-11-26 10:00:00,10,133.02,140.78126859767121,7.761268597671204,7.761268597671204,1.996737565077912,7.761268597671204
2025-11-26 11:00:00,11,153.38,159.96118299734673,6.58118299734673,6.58118299734673,1.6931375519457263,6.58118299734673
2025-11-26 12:00:00,12,156.12999999999997,164.39298295673782,8.262982956737858,8.262982956737858,2.1258133592062025,8.262982956737858
2025-11-26 13:00:00,13,143.02,153.63194782797547,10.611947827975456,10.611947827975456,2.730130338888602,10.611947827975456
2025-11-26 14:00:00,14,116.24000000000001,127.3688345500194,11.128834550019391,11.128834550019391,2.8631095190067586,11.128834550019391
2025-11-26 15:00:00,15,73.44,82.92462755669273,9.484627556692729,9.484627556692729,2.440105234716914,9.484627556692729
2025-11-26 16:00:00,16,29.65,31.630233350445344,1.9802333504453458,1.9802333504453458,0.509453611699604,1.9802333504453458
2025-11-26 17:00:00,17,11.139999999999997,0.0,11.139999999999997,11.139999999999997,2.8659820485586884,-11.139999999999997
2025-11-26 18:00:00,18,10.959999999999997,0.0,10.959999999999997,10.959999999999997,2.819673541490415,-10.959999999999997
2025-11-26 19:00:00,19,10.959999999999997,0.0,10.959999999999997,10.959999999999997,2.819673541490415,-10.959999999999997
2025-11-27 06:00:00,6,10.959999999999997,0.0,10.959999999999997,10.959999999999997,2.819673541490415,-10.959999999999997
2025-11-27 07:00:00,7,12.3,1.1844469924547245,11.115553007545277,11.115553007545277,2.859692583431536,-11.115553007545277
2025-11-27 08:00:00,8,40.28,22.7522694854314,17.527730514568603,17.527730514568603,4.50935018013716,-17.527730514568603
2025-11-27 09:00:00,9,92.15,104.12935400883323,11.979354008833226,11.979354008833226,3.081922221063339,11.979354008833226
2025-11-27 10:00:00,10,133.28,147.27035309266904,13.99035309266904,13.99035309266904,3.5992909171083483,13.99035309266904
2025-11-27 11:00:00,11,156.07,173.58023940704027,17.510239407040274,17.510239407040274,4.504850251933785,17.510239407040274
2025-11-27 12:00:00,12,162.21,180.33789028495895,18.127890284958937,18.127890284958937,4.6637529744105715,18.127890284958937
2025-11-27 13:00:00,13,149.44,166.72452670971995,17.284526709719955,17.284526709719955,4.446781262826802,17.284526709719955
2025-11-27 14:00:00,14,121.96000000000001,135.7067308982708,13.746730898270783,13.746730898270783,3.5366143609345717,13.746730898270783
2025-11-27 15:00:00,15,80.52,89.26677252923642,8.746772529236424,8.746772529236424,2.2502776527484625,8.746772529236424
2025-11-27 16:00:00,16,32.22,32.42503768315184,0.20503768315184345,0.20503768315184345,0.05274993888610841,0.20503768315184345
2025-11-27 17:00:00,17,12.229999999999999,0.0,12.229999999999999,12.229999999999999,3.1464057858054546,-12.229999999999999
2025-11-27 18:00:00,18,12.139999999999999,0.0,12.139999999999999,12.139999999999999,3.123251532271318,-12.139999999999999
2025-11-27 19:00:00,19,12.139999999999999,0.0,12.139999999999999,12.139999999999999,3.123251532271318,-12.139999999999999
2025-11-28 06:00:00,6,12.139999999999999,0.0,12.139999999999999,12.139999999999999,3.123251532271318,-12.139999999999999
2025-11-28 07:00:00,7,13.4,0.1692229081390233,13.230777091860977,13.230777091860977,3.4038751915399548,-13.230777091860977
2025-11-28 08:00:00,8,42.18,21.729565652909915,20.450434347090084,20.450434347090084,5.261272686174885,-20.450434347090084
2025-11-28 09:00:00,9,88.24000000000001,98.12013178148204,9.880131781482035,9.880131781482035,2.5418564024346226,9.880131781482035
2025-11-28 10:00:00,10,124.27,139.37014637503643,15.10014637503643,15.10014637503643,3.8848068618907514,15.10014637503643
2025-11-28 11:00:00,11,144.84999999999997,163.8719170216755,19.021917021675534,19.021917021675534,4.893758771390937,19.021917021675534
2025-11-28 12:00:00,12,148.71,169.4073423027017,20.697342302701685,20.697342302701685,5.324794568439621,20.697342302701685
2025-11-28 13:00:00,13,137.79,158.88810888612434,21.09810888612435,21.09810888612435,5.427899580446045,21.09810888612435
2025-11-28 14:00:00,14,109.97000000000001,130.29424693231695,20.32424693231694,20.32424693231694,5.228808515125166,20.32424693231694
2025-11-28 15:00:00,15,71.03,82.5325704513063,11.502570451306298,11.502570451306298,2.959260361375715,11.502570451306298
2025-11-28 16:00:00,16,29.759999999999998,32.55647042510286,2.7964704251028607,2.7964704251028607,0.7194465024838497,2.7964704251028607
2025-11-28 17:00:00,17,11.079999999999997,0.0,11.079999999999997,11.079999999999997,2.85054587953593,-11.079999999999997
2025-11-28 18:00:00,18,10.959999999999997,0.0,10.959999999999997,10.959999999999997,2.819673541490415,-10.959999999999997
2025-11-28 19:00:00,19,10.959999999999997,0.0,10.959999999999997,10.959999999999997,2.819673541490415,-10.959999999999997
2025-11-29 06:00:00,6,10.959999999999997,0.0,10.959999999999997,10.959999999999997,2.819673541490415,-10.959999999999997
2025-11-29 07:00:00,7,12.030000000000001,0.16708352411443117,11.86291647588557,11.86291647588557,3.0519663970771225,-11.86291647588557
2025-11-29 08:00:00,8,41.22,20.787475852681084,20.432524147318915,20.432524147318915,5.2566649383265664,-20.432524147318915
2025-11-29 09:00:00,9,86.71000000000001,96.32111404919783,9.611114049197823,9.611114049197823,2.472646349340321,9.611114049197823
2025-11-29 10:00:00,10,121.08,138.3805081425138,17.300508142513806,17.300508142513806,4.450892797790664,17.300508142513806
2025-11-29 11:00:00,11,141.36,162.24999283820105,20.88999283820104,20.88999283820104,5.374357672244503,20.88999283820104
2025-11-29 12:00:00,12,145.32999999999998,166.88171696248634,21.551716962486353,21.551716962486353,5.544599096059576,21.551716962486353
2025-11-29 13:00:00,13,133.55,156.58113372016206,23.031133720162046,23.031133720162046,5.925207881502614,23.031133720162046
2025-11-29 14:00:00,14,106.67999999999999,128.27868458089011,21.598684580890122,21.598684580890122,5.556682430997526,21.598684580890122
2025-11-29 15:00:00,15,67.85,81.43334450629337,13.583344506293372,13.583344506293372,3.4945800282248736,13.583344506293372
2025-11-29 16:00:00,16,24.619999999999997,31.98207266885254,7.362072668852541,7.362072668852541,1.8940366345705513,7.362072668852541
2025-11-29 17:00:00,17,7.14,0.0,7.14,7.14,1.8369041137081723,-7.14
2025-11-29 18:00:00,18,7.12,0.0,7.12,7.12,1.8317587240339197,-7.12
2025-11-29 19:00:00,19,7.12,0.0,7.12,7.12,1.8317587240339197,-7.12
2025-11-30 06:00:00,6,6.53,0.0,6.53,6.53,1.6799697286434687,-6.53
2025-11-30 07:00:00,7,7.839999999999999,0.1650969941864755,7.6749030058135235,7.6749030058135235,1.974518333850151,-7.6749030058135235
2025-11-30 08:00:00,8,36.599999999999994,20.587641780510374,16.01235821948962,16.01235821948962,4.119491132149769,-16.01235821948962
2025-11-30 09:00:00,9,77.07,96.96736475929237,19.897364759292373,19.897364759292373,5.11898475886501,19.897364759292373
2025-11-30 10:00:00,10,105.95,137.12222660763425,31.172226607634244,31.172226607634244,8.019662645519144,31.172226607634244
2025-11-30 11:00:00,11,123.68,160.63366739379114,36.953667393791136,36.953667393791136,9.507050931688864,36.953667393791136
2025-11-30 12:00:00,12,136.97,164.46331805849894,27.493318058498943,27.493318058498943,7.073191742457127,27.493318058498943
2025-11-30 13:00:00,13,127.71000000000001,153.598255573341,25.888255573340984,25.888255573340984,6.66025814557403,25.888255573340984
2025-11-30 14:00:00,14,96.94000000000001,126.53631542139539,29.596315421395374,29.596315421395374,7.614228788258513,29.596315421395374
2025-11-30 15:00:00,15,60.580000000000005,80.1937989781674,19.613798978167388,19.613798978167388,5.0460319367564175,19.613798978167388
2025-11-30 16:00:00,16,22.8,31.537064950213473,8.737064950213473,8.737064950213473,2.247780188905128,8.737064950213473
2025-11-30 17:00:00,17,6.88,0.0,6.88,6.88,1.770014047942889,-6.88
2025-11-30 18:00:00,18,6.88,0.0,6.88,6.88,1.770014047942889,-6.88
2025-11-30 19:00:00,19,6.88,0.0,6.88,6.88,1.770014047942889,-6.88
2025-12-01 06:00:00,6,6.53,0.0,6.53,6.53,1.6799697286434687,-6.53
2025-12-01 07:00:00,7,7.260000000000001,0.16728743607565524,7.092712563924345,7.092712563924345,1.8247384994428948,-7.092712563924345
2025-12-01 08:00:00,8,34.55,19.671888497263165,14.878111502736832,14.878111502736832,3.8276840649280346,-14.878111502736832
2025-12-01 09:00:00,9,80.36,91.09699819387305,10.736998193873049,10.736998193873049,2.7623019819611514,10.736998193873049
2025-12-01 10:00:00,10,116.96000000000001,129.04945160789944,12.089451607899434,12.089451607899434,3.110246973533102,12.089451607899434
2025-12-01 11:00:00,11,134.17000000000002,149.74609051099438,15.576090510994362,15.576090510994362,4.0072527640247015,15.576090510994362
2025-12-01 12:00:00,12,138.87,152.65824009260533,13.78824009260532,13.78824009260532,3.547293409930345,13.78824009260532
2025-12-01 13:00:00,13,125.21000000000001,144.9828276658084,19.772827665808393,19.772827665808393,5.086945165121316,19.772827665808393
2025-12-01 14:00:00,14,94.67999999999999,116.06066542314834,21.380665423148344,21.380665423148344,5.500592754845837,21.380665423148344
2025-12-01 15:00:00,15,59.699999999999996,70.64436646690828,10.944366466908285,10.944366466908285,2.8156515105033058,10.944366466908285
2025-12-01 16:00:00,16,23.18,27.485391192034072,4.305391192034072,4.305391192034072,1.1076457691555068,4.305391192034072
2025-12-01 17:00:00,17,6.7700000000000005,0.0,6.7700000000000005,6.7700000000000005,1.7417144047344995,-6.7700000000000005
2025-12-01 18:00:00,18,6.7700000000000005,0.0,6.7700000000000005,6.7700000000000005,1.7417144047344995,-6.7700000000000005
2025-12-01 19:00:00,19,6.7700000000000005,0.0,6.7700000000000005,6.7700000000000005,1.7417144047344995,-6.7700000000000005
2025-12-02 06:00:00,6,7.72,0.0,7.72,7.72,1.9861204142614972,-7.72
2025-12-02 07:00:00,7,7.829999999999999,0.1600000000000001,7.669999999999999,7.669999999999999,1.9732569400758653,-7.669999999999999
2025-12-02 08:00:00,8,19.720000000000002,12.449874238601021,7.270125761398981,7.270125761398981,1.870381501161001,-7.270125761398981
2025-12-02 09:00:00,9,45.650000000000006,55.30108575306882,9.651085753068813,9.651085753068813,2.4829298489583245,9.651085753068813
2025-12-02 10:00:00,10,51.0,77.5193914915736,26.5193914915736,26.5193914915736,6.822630157410231,26.5193914915736
2025-12-02 11:00:00,11,71.97,93.71301810186583,21.74301810186583,21.74301810186583,5.593815041421372,21.74301810186583
2025-12-02 12:00:00,12,50.11,73.07885994698569,22.96885994698569,22.96885994698569,5.909186740028695,22.96885994698569
2025-12-02 13:00:00,13,60.739999999999995,54.9612874941695,5.778712505830498,5.778712505830498,1.4866863828987258,-5.778712505830498
2025-12-02 14:00:00,14,36.650000000000006,43.362815471884765,6.71281547188476,6.71281547188476,1.7270025707099412,6.71281547188476
2025-12-02 15:00:00,15,22.34,28.941983554407273,6.601983554407273,6.601983554407273,1.6984889005216275,6.601983554407273
2025-12-02 16:00:00,16,12.19,9.71734604678158,2.472653953218419,2.472653953218419,0.6361384059444942,-2.472653953218419
2025-12-02 17:00:00,17,7.71,0.0,7.71,7.71,1.983547719424371,-7.71
2025-12-02 18:00:00,18,7.71,0.0,7.71,7.71,1.983547719424371,-7.71
2025-12-02 19:00:00,19,7.71,0.0,7.71,7.71,1.983547719424371,-7.71
2025-12-03 06:00:00,6,7.71,0.0,7.71,7.71,1.983547719424371,-7.71
2025-12-03 07:00:00,7,8.36,0.1701304385741844,8.189869561425816,8.189869561425816,2.1070035137417964,-8.189869561425816
2025-12-03 08:00:00,8,40.66,19.249517392476587,21.41048260752341,21.41048260752341,5.508263806475774,-21.41048260752341
2025-12-03 09:00:00,9,93.64,99.50323975328992,5.863239753289918,5.863239753289918,1.5084326642122603,5.863239753289918
2025-12-03 10:00:00,10,129.23,139.3324039317504,10.102403931750416,10.102403931750416,2.5990402437778646,10.102403931750416
2025-12-03 11:00:00,11,150.21,162.5988863867677,12.388886386767695,12.388886386767695,3.187282404498145,12.388886386767695
2025-12-03 12:00:00,12,155.52,171.53839062051176,16.018390620511752,16.018390620511752,4.12104308484628,16.018390620511752
2025-12-03 13:00:00,13,143.22,159.99039712376873,16.77039712376873,16.77039712376873,4.314511409687743,16.77039712376873
2025-12-03 14:00:00,14,113.65,130.72699435126546,17.076994351265455,17.076994351265455,4.393389520113549,17.076994351265455
2025-12-03 15:00:00,15,72.72999999999999,84.25633290165108,11.526332901651088,11.526332901651088,2.9653737147076664,11.526332901651088
2025-12-03 16:00:00,16,26.400000000000002,30.169299880581598,3.7692998805815954,3.7692998805815954,0.9697258342353018,3.7692998805815954
2025-12-03 17:00:00,17,7.74,0.0,7.74,7.74,1.99126580393575,-7.74
2025-12-03 18:00:00,18,7.71,0.0,7.71,7.71,1.983547719424371,-7.71
2025-12-03 19:00:00,19,7.71,0.0,7.71,7.71,1.983547719424371,-7.71
2025-12-04 06:00:00,6,7.71,0.0,7.71,7.71,1.983547719424371,-7.71
2025-12-04 07:00:00,7,8.31,0.0,8.31,8.31,2.1379094096519484,-8.31
2025-12-04 08:00:00,8,37.78,17.48437297541592,20.295627024584082,20.295627024584082,5.221445486238831,-20.295627024584082
2025-12-04 09:00:00,9,85.31,93.51011834765521,8.200118347655206,8.200118347655206,2.1096402136837127,8.200118347655206
2025-12-04 10:00:00,10,120.6,131.0432269163148,10.443226916314813,10.443226916314813,2.6867235970541445,10.443226916314813
2025-12-04 11:00:00,11,142.48,153.1069244176708,10.626924417670807,10.626924417670807,2.733983358387301,10.626924417670807
2025-12-04 12:00:00,12,145.64000000000001,162.16130982929133,16.52130982929131,16.52130982929131,4.250428850038161,16.52130982929131
2025-12-04 13:00:00,13,132.60999999999999,151.34973158741232,18.739731587412336,18.739731587412336,4.821161070406821,18.739731587412336
2025-12-04 14:00:00,14,104.4,123.131186170387,18.73118617038699,18.73118617038699,4.818962595380601,18.73118617038699
2025-12-04 15:00:00,15,64.51,76.93831350532658,12.428313505326571,12.428313505326571,3.1974257989340638,12.428313505326571
2025-12-04 16:00:00,16,23.79,29.14729871264279,5.357298712642791,5.357298712642791,1.3782694738959438,5.357298712642791
2025-12-04 17:00:00,17,7.72,0.0,7.72,7.72,1.9861204142614972,-7.72
2025-12-04 18:00:00,18,7.72,0.0,7.72,7.72,1.9861204142614972,-7.72
2025-12-04 19:00:00,19,7.72,0.0,7.72,7.72,1.9861204142614972,-7.72
2025-12-05 06:00:00,6,7.72,0.0,7.72,7.72,1.9861204142614972,-7.72
2025-12-05 07:00:00,7,8.28,0.0,8.28,8.28,2.1301913251405695,-8.28
2025-12-05 08:00:00,8,39.870000000000005,19.01948603932614,20.850513960673865,20.850513960673865,5.3642009618055315,-20.850513960673865
2025-12-05 09:00:00,9,87.60999999999999,92.4615973076177,4.851597307617709,4.851597307617709,1.2481679345123897,4.851597307617709
2025-12-05 10:00:00,10,122.0,128.6684394624592,6.66843946245919,6.66843946245919,1.7155859776757982,6.66843946245919
2025-12-05 11:00:00,11,142.92,154.5903209650724,11.67032096507242,11.67032096507242,3.0024174494448537,11.67032096507242
2025-12-05 12:00:00,12,147.97,162.82360918710216,14.853609187102165,14.853609187102165,3.8213803668349393,14.853609187102165
2025-12-05 13:00:00,13,136.16,151.72782105898807,15.567821058988073,15.567821058988073,4.005125286376457,15.567821058988073
2025-12-05 14:00:00,14,109.32000000000002,122.14537562853047,12.825375628530452,12.825375628530452,3.299577766372566,12.825375628530452
2025-12-05 15:00:00,15,68.04,74.99386454534947,6.953864545349461,6.953864545349461,1.7890171413896125,6.953864545349461
2025-12-05 16:00:00,16,24.77,28.912975240406563,4.142975240406564,4.142975240406564,1.0658611011336023,4.142975240406564
2025-12-05 17:00:00,17,7.72,0.0,7.72,7.72,1.9861204142614972,-7.72
2025-12-05 18:00:00,18,7.71,0.0,7.71,7.71,1.983547719424371,-7.71
2025-12-05 19:00:00,19,7.71,0.0,7.71,7.71,1.983547719424371,-7.71
2025-12-06 06:00:00,6,7.71,0.0,7.71,7.71,1.983547719424371,-7.71
2025-12-06 07:00:00,7,8.02,0.0,8.02,8.02,2.0633012593752857,-8.02
2025-12-06 08:00:00,8,31.800000000000004,18.458984946064174,13.34101505393583,13.34101505393583,3.4322360551284845,-13.34101505393583
2025-12-06 09:00:00,9,75.47,88.13342209155398,12.663422091553983,12.663422091553983,3.2579120635291963,12.663422091553983
2025-12-06 10:00:00,10,113.17,125.19787041716779,12.02787041716779,12.02787041716779,3.0944040123871632,12.02787041716779
2025-12-06 11:00:00,11,134.13,152.1439613485574,18.013961348557416,18.013961348557416,4.6344425357626235,18.013961348557416
2025-12-06 12:00:00,12,138.33,158.18755021970892,19.857550219708912,19.857550219708912,5.108741692822118,19.857550219708912
2025-12-06 13:00:00,13,127.29,146.86929899062676,19.579298990626754,19.579298990626754,5.037156142773746,19.579298990626754
2025-12-06 14:00:00,14,101.67000000000002,121.3530027010895,19.683002701089478,19.683002701089478,5.063835942823576,19.683002701089478
2025-12-06 15:00:00,15,64.46,72.52632801715971,8.06632801715972,8.06632801715972,2.075220044431397,8.06632801715972
2025-12-06 16:00:00,16,27.39,28.41286518710428,1.02286518710428,1.02286518710428,0.26315199859393995,1.02286518710428
2025-12-06 17:00:00,17,12.16,0.0,12.16,12.16,3.1283969219455705,-12.16
2025-12-06 18:00:00,18,12.09,0.0,12.09,12.09,3.110388058085687,-12.09
2025-12-06 19:00:00,19,7.72,0.0,7.72,7.72,1.9861204142614972,-7.72
2025-12-07 06:00:00,6,7.72,0.0,7.72,7.72,1.9861204142614972,-7.72
2025-12-07 07:00:00,7,13.260000000000002,0.0,13.260000000000002,13.260000000000002,3.4113933540294634,-13.260000000000002
2025-12-07 08:00:00,8,32.120000000000005,12.391607867854589,19.728392132145416,19.728392132145416,5.075513258317347,-19.728392132145416
2025-12-07 09:00:00,9,72.67,52.53121806793629,20.138781932063715,20.138781932063715,5.181094030263257,-20.138781932063715
2025-12-07 10:00:00,10,83.07,74.50742747162414,8.562572528375853,8.562572528375853,2.2028886136271972,-8.562572528375853
2025-12-07 11:00:00,11,104.25,103.99450393302894,0.2554960669710624,0.2554960669710624,0.06573134124025255,-0.2554960669710624
2025-12-07 12:00:00,12,109.23,103.30582348488748,5.924176515112521,5.924176515112521,1.5241098334654808,-5.924176515112521
2025-12-07 13:00:00,13,96.74000000000001,104.60636705395663,7.866367053956623,7.866367053956623,2.023776190665456,7.866367053956623
2025-12-07 14:00:00,14,82.16000000000001,86.8644345331669,4.704434533166889,4.704434533166889,1.2103074435077092,4.704434533166889
2025-12-07 15:00:00,15,45.11,49.4183749709838,4.308374970983799,4.308374970983799,1.1084134044254157,4.308374970983799
2025-12-07 16:00:00,16,22.360000000000003,22.75935394852961,0.39935394852960826,0.39935394852960826,0.10274158415681221,0.39935394852960826
2025-12-07 17:00:00,17,12.1,0.0,12.1,12.1,3.112960752922813,-12.1
2025-12-07 18:00:00,18,12.09,0.0,12.09,12.09,3.110388058085687,-12.09
2025-12-07 19:00:00,19,7.72,0.0,7.72,7.72,1.9861204142614972,-7.72
2025-12-08 06:00:00,6,7.72,0.0,7.72,7.72,1.9861204142614972,-7.72
2025-12-08 07:00:00,7,12.26,0.0,12.26,12.26,3.1541238703168335,-12.26
2025-12-08 08:00:00,8,35.05,18.07186703083861,16.978132969161386,16.978132969161386,4.367955503380518,-16.978132969161386
2025-12-08 09:00:00,9,78.60000000000001,85.27576554292871,6.675765542928701,6.675765542928701,1.7174707546158265,6.675765542928701
2025-12-08 10:00:00,10,114.95,123.8570822451839,8.9070822451839,8.9070822451839,2.2915204506043882,8.9070822451839
2025-12-08 11:00:00,11,136.26,149.28332016936884,13.023320169368844,13.023320169368844,3.3505028561977928,13.023320169368844
2025-12-08 12:00:00,12,142.57,156.33140119883376,13.761401198833767,13.761401198833767,3.540388581586319,13.761401198833767
2025-12-08 13:00:00,13,131.26999999999998,143.73235731286218,12.462357312862196,12.462357312862196,3.2061842317223657,12.462357312862196
2025-12-08 14:00:00,14,104.86,118.1169216056512,13.2569216056512,13.2569216056512,3.4106013771046837,13.2569216056512
2025-12-08 15:00:00,15,67.34,72.87391044345374,5.533910443453735,5.533910443453735,1.423706282699269,5.533910443453735
2025-12-08 16:00:00,16,27.28,27.77761001582319,0.497610015823188,0.497610015823188,0.12801987186106478,0.497610015823188
2025-12-08 17:00:00,17,12.11,0.0,12.11,12.11,3.115533447759939,-12.11
2025-12-08 18:00:00,18,12.09,0.0,12.09,12.09,3.110388058085687,-12.09
2025-12-08 19:00:00,19,7.72,0.0,7.72,7.72,1.9861204142614972,-7.72
2025-12-09 06:00:00,6,7.72,0.0,7.72,7.72,1.9861204142614972,-7.72
2025-12-09 07:00:00,7,12.27,0.0,12.27,12.27,3.1566965651539594,-12.27
2025-12-09 08:00:00,8,33.92,16.52670788976181,17.393292110238193,17.393292110238193,4.474763281263926,-17.393292110238193
2025-12-09 09:00:00,9,80.74000000000001,79.05419025338308,1.6858097466169255,1.6858097466169255,0.4337074031498547,-1.6858097466169255
2025-12-09 10:00:00,10,104.86,118.90517188125385,14.04517188125385,14.04517188125385,3.613394118545315,14.04517188125385
2025-12-09 11:00:00,11,119.19000000000001,138.87857920692045,19.688579206920437,19.688579206920437,5.065270607599627,19.688579206920437
2025-12-09 12:00:00,12,127.32000000000001,149.12077573119086,21.800775731190853,21.800775731190853,5.608674316898286,21.800775731190853
2025-12-09 13:00:00,13,116.13000000000001,130.17861630719688,14.048616307196866,14.048616307196866,3.614280264229361,14.048616307196866
2025-12-09 14:00:00,14,84.17000000000002,109.34808121176293,25.178081211762915,25.178081211762915,6.477551954224895,25.178081211762915
2025-12-09 15:00:00,15,53.35999999999999,60.35723184879896,6.997231848798968,6.997231848798968,1.8001742251580763,6.997231848798968
2025-12-09 16:00:00,16,27.110000000000003,22.91676554021775,4.1932344597822535,4.1932344597822535,1.0787912645541857,-4.1932344597822535
2025-12-09 17:00:00,17,12.12,0.0,12.12,12.12,3.1181061425970653,-12.12
2025-12-09 18:00:00,18,0.98,0.0,0.98,0.98,0.2521240940383766,-0.98
2025-12-09 19:00:00,19,0.98,0.0,0.98,0.98,0.2521240940383766,-0.98
2025-12-10 06:00:00,6,7.71,0.0,7.71,7.71,1.983547719424371,-7.71
2025-12-10 07:00:00,7,7.829999999999999,0.0,7.829999999999999,7.829999999999999,2.014420057469886,-7.829999999999999
2025-12-10 08:00:00,8,28.81,12.546107238843348,16.26389276115665,16.26389276115665,4.184203293820339,-16.26389276115665
2025-12-10 09:00:00,9,66.78,72.48633638061222,5.706336380612214,5.706336380612214,1.4680662145306973,5.706336380612214
2025-12-10 10:00:00,10,73.93,110.66324933370868,36.73324933370867,36.73324933370867,9.450344091170509,36.73324933370867
2025-12-10 11:00:00,11,95.42999999999999,133.6149719041906,38.18497190419062,38.18497190419062,9.82382800737237,38.18497190419062
2025-12-10 12:00:00,12,93.13000000000001,135.336419135321,42.206419135320985,42.206419135320985,10.858423660302863,42.206419135320985
2025-12-10 13:00:00,13,79.38,122.4788649598502,43.098864959850204,43.098864959850204,11.088022736820987,43.098864959850204
2025-12-10 14:00:00,14,87.28,91.98602429729611,4.706024297296111,4.706024297296111,1.2107164413044589,4.706024297296111
2025-12-10 15:00:00,15,48.599999999999994,56.37061848375056,7.770618483750567,7.770618483750567,1.9991430054423216,7.770618483750567
2025-12-10 16:00:00,16,19.87,22.60885847073092,2.738858470730918,2.738858470730918,0.7046247047269043,2.738858470730918
2025-12-10 17:00:00,17,7.66,0.0,7.66,7.66,1.9706842452387394,-7.66
2025-12-10 18:00:00,18,0.91,0.0,0.91,0.91,0.23411523017849256,-0.91
2025-12-10 19:00:00,19,0.91,0.0,0.91,0.91,0.23411523017849256,-0.91
2025-12-11 06:00:00,6,7.64,0.0,7.64,7.64,1.965538855564487,-7.64
2025-12-11 07:00:00,7,7.66,0.0,7.66,7.66,1.9706842452387394,-7.66
2025-12-11 08:00:00,8,23.150000000000002,10.919091601737723,12.23090839826228,12.23090839826228,3.146639488957397,-12.23090839826228
2025-12-11 09:00:00,9,36.29,60.4824755590085,24.1924755590085,24.1924755590085,6.223985696796517,24.1924755590085
2025-12-11 10:00:00,10,50.49,84.76568375498108,34.27568375498108,34.27568375498108,8.818087463541334,34.27568375498108
2025-12-11 11:00:00,11,53.6,98.65614438091538,45.05614438091538,45.05614438091538,11.591571002959778,45.05614438091538
2025-12-11 12:00:00,12,58.14,94.84269627272013,36.70269627272013,36.70269627272013,9.442483720944148,36.70269627272013
2025-12-11 13:00:00,13,50.2,74.3168155993676,24.116815599367598,24.116815599367598,6.204520698041984,24.116815599367598
2025-12-11 14:00:00,14,46.9,58.13282866841099,11.232828668410988,11.232828668410988,2.889864032154515,11.232828668410988
2025-12-11 15:00:00,15,30.379999999999995,51.26447747149914,20.884477471499146,20.884477471499146,5.372938736700621,20.884477471499146
2025-12-11 16:00:00,16,12.93,21.071617233592885,8.141617233592886,8.141617233592886,2.094589662272286,8.141617233592886
2025-12-11 17:00:00,17,7.8999999999999995,0.0,7.8999999999999995,7.8999999999999995,2.0324289213297706,-7.8999999999999995
2025-12-11 18:00:00,18,1.17,0.0,1.17,1.17,0.3010052959437761,-1.17
2025-12-11 19:00:00,19,1.17,0.0,1.17,1.17,0.3010052959437761,-1.17
2025-12-12 06:00:00,6,7.8999999999999995,0.0,7.8999999999999995,7.8999999999999995,2.0324289213297706,-7.8999999999999995
2025-12-12 07:00:00,7,7.8999999999999995,0.0,7.8999999999999995,7.8999999999999995,2.0324289213297706,-7.8999999999999995
2025-12-12 08:00:00,8,10.84,10.944794197447942,0.1047941974479425,0.1047941974479425,0.026960349073511487,0.1047941974479425
2025-12-12 09:00:00,9,21.790000000000003,20.97962465804233,0.8103753419576734,0.8103753419576734,0.20848484583889595,-0.8103753419576734
2025-12-12 10:00:00,10,47.690000000000005,42.96876059246068,4.721239407539322,4.721239407539322,1.2146308248613606,-4.721239407539322
2025-12-12 11:00:00,11,61.940000000000005,55.89356013095833,6.046439869041677,6.046439869041677,1.5555644634078094,-6.046439869041677
2025-12-12 12:00:00,12,55.72999999999999,58.92636459979511,3.1963645997951176,3.1963645997951176,0.8223270703466145,3.1963645997951176
2025-12-12 13:00:00,13,37.550000000000004,52.049752574800905,14.499752574800901,14.499752574800901,3.7303438588798934,14.499752574800901
2025-12-12 14:00:00,14,30.060000000000002,43.094475640651595,13.034475640651593,13.034475640651593,3.3533728185352767,13.034475640651593
2025-12-12 15:00:00,15,19.34,35.711951027063556,16.371951027063556,16.371951027063556,4.21200338810109,16.371951027063556
2025-12-12 16:00:00,16,10.36,10.38616844655999,0.026168446559990954,0.026168446559990954,0.006732342736050399,0.026168446559990954
2025-12-12 17:00:00,17,7.92,0.0,7.92,7.92,2.0375743110040228,-7.92
2025-12-12 18:00:00,18,1.1800000000000002,0.0,1.1800000000000002,1.1800000000000002,0.3035779907809025,-1.1800000000000002
2025-12-12 19:00:00,19,1.1800000000000002,0.0,1.1800000000000002,1.1800000000000002,0.3035779907809025,-1.1800000000000002
2025-12-13 06:00:00,6,7.91,0.0,7.91,7.91,2.035001616166897,-7.91
2025-12-13 07:00:00,7,7.91,0.0,7.91,7.91,2.035001616166897,-7.91
2025-12-13 08:00:00,8,8.379999999999999,9.660670029454439,1.2806700294544395,1.2806700294544395,0.3294773172839813,1.2806700294544395
2025-12-13 09:00:00,9,11.9,18.697927302372417,6.7979273023724165,6.7979273023724165,1.7488992473973377,6.7979273023724165
2025-12-13 10:00:00,10,15.100000000000003,41.90158281778796,26.80158281778796,26.80158281778796,6.895229374213581,26.80158281778796
2025-12-13 11:00:00,11,16.78,43.93951042580672,27.159510425806722,27.159510425806722,6.987313225135066,27.159510425806722
2025-12-13 12:00:00,12,21.369999999999997,52.23689296537702,30.86689296537702,30.86689296537702,7.941109617015531,30.86689296537702
2025-12-13 13:00:00,13,32.97,76.4452286052858,43.47522860528581,43.47522860528581,11.184849617570407,43.47522860528581
2025-12-13 14:00:00,14,23.35,74.47612487256504,51.126124872565036,51.126124872565036,13.153191750192217,51.126124872565036
2025-12-13 15:00:00,15,13.97,40.94870941176569,26.978709411765692,26.978709411765692,6.9407986415980085,26.978709411765692
2025-12-13 16:00:00,16,9.96,18.18829475629947,8.22829475629947,8.22829475629947,2.1168891437884985,8.22829475629947
2025-12-13 17:00:00,17,7.42,0.0,7.42,7.42,1.9089395691477087,-7.42
2025-12-13 18:00:00,18,0.69,0.0,0.69,0.69,0.17751594376171412,-0.69
2025-12-13 19:00:00,19,0.69,0.0,0.69,0.69,0.17751594376171412,-0.69
2025-12-14 06:00:00,6,7.42,0.0,7.42,7.42,1.9089395691477087,-7.42
2025-12-14 07:00:00,7,7.449999999999999,0.0,7.449999999999999,7.449999999999999,1.916657653659087,-7.449999999999999
2025-12-14 08:00:00,8,28.859999999999996,15.834629525704525,13.025370474295471,13.025370474295471,3.3510303370877197,-13.025370474295471
2025-12-14 09:00:00,9,83.5,82.6314179453295,0.8685820546704974,0.8685820546704974,0.2234596567671335,-0.8685820546704974
2025-12-14 10:00:00,10,128.98000000000002,125.90481693972434,3.075183060275677,3.075183060275677,0.7911507582389464,-3.075183060275677
2025-12-14 11:00:00,11,153.19,153.43696102346178,0.24696102346177895,0.24696102346177895,0.06353553500315437,0.24696102346177895
2025-12-14 12:00:00,12,160.58999999999997,162.6900753626745,2.1000753626745166,2.1000753626745166,0.5402853043128854,2.1000753626745166
2025-12-14 13:00:00,13,150.13,151.28677307994627,1.1567730799462765,1.1567730799462765,0.2976024130504465,1.1567730799462765
2025-12-14 14:00:00,14,123.25,125.53441211864826,2.2844121186482624,2.2844121186482624,0.5877095263515119,2.2844121186482624
2025-12-14 15:00:00,15,82.65,76.66162954401831,5.988370455981695,5.988370455981695,1.5406249754903723,-5.988370455981695
2025-12-14 16:00:00,16,32.900000000000006,29.53466850682592,3.365331493174086,3.365331493174086,0.8657970957707486,-3.365331493174086
2025-12-14 17:00:00,17,11.940000000000001,0.0,11.940000000000001,11.940000000000001,3.0717976355287924,-11.940000000000001
2025-12-14 18:00:00,18,5.140000000000001,0.0,5.140000000000001,5.140000000000001,1.322365146282914,-5.140000000000001
2025-12-14 19:00:00,19,0.7,0.0,0.7,0.7,0.1800886385988404,-0.7
2025-12-15 06:00:00,6,7.43,0.0,7.43,7.43,1.9115122639848345,-7.43
2025-12-15 07:00:00,7,11.940000000000001,0.0,11.940000000000001,11.940000000000001,3.0717976355287924,-11.940000000000001
2025-12-15 08:00:00,8,37.52,16.850778686479902,20.6692213135201,20.6692213135201,5.317559896071387,-20.6692213135201
2025-12-15 09:00:00,9,93.27000000000001,79.91366554253649,13.356334457463518,13.356334457463518,3.4361772701648383,-13.356334457463518
2025-12-15 10:00:00,10,132.68,120.48542201638782,12.194577983612191,12.194577983612191,3.137292781937303,-12.194577983612191
2025-12-15 11:00:00,11,153.42000000000002,139.64790597629047,13.772094023709542,13.772094023709542,3.5431395191215396,-13.772094023709542
2025-12-15 12:00:00,12,161.65,141.0892278463056,20.560772153694415,20.560772153694415,5.289659236713965,-20.560772153694415
2025-12-15 13:00:00,13,149.46,132.3808135812896,17.079186418710407,17.079186418710407,4.393953472173375,-17.079186418710407
2025-12-15 14:00:00,14,119.45,110.63152594415567,8.818474055844334,8.818474055844334,2.2687242674802865,-8.818474055844334
2025-12-15 15:00:00,15,78.30000000000001,69.40704494925552,8.89295505074449,8.89295505074449,2.287885954584653,-8.89295505074449
2025-12-15 16:00:00,16,29.400000000000002,29.15060066935147,0.24939933064853292,0.24939933064853292,0.06416283703422336,-0.24939933064853292
2025-12-15 17:00:00,17,9.129999999999999,0.0,9.129999999999999,9.129999999999999,2.348870386296304,-9.129999999999999
2025-12-15 18:00:00,18,2.3499999999999996,0.0,2.3499999999999996,2.3499999999999996,0.6045832867246785,-2.3499999999999996
2025-12-15 19:00:00,19,0.7,0.0,0.7,0.7,0.1800886385988404,-0.7
2025-12-16 06:00:00,6,7.43,0.0,7.43,7.43,1.9115122639848345,-7.43
2025-12-16 07:00:00,7,9.12,0.0,9.12,9.12,2.3462976914591778,-9.12
2025-12-16 08:00:00,8,28.71,16.424960789826915,12.285039210173085,12.285039210173085,3.160565694990635,-12.285039210173085
2025-12-16 09:00:00,9,70.59,73.43403275909326,2.8440327590932526,2.8440327590932526,0.7316828395937254,2.8440327590932526
2025-12-16 10:00:00,10,105.25999999999999,109.70461989022368,4.4446198902236915,4.4446198902236915,1.1434650644567317,4.4446198902236915
2025-12-16 11:00:00,11,126.46,137.955259081902,11.495259081902006,11.495259081902006,2.957379369143841,11.495259081902006
2025-12-16 12:00:00,12,137.62,144.71593266948892,7.095932669488917,7.095932669488917,1.8255669343389922,7.095932669488917
2025-12-16 13:00:00,13,128.23000000000002,135.36289223896947,7.132892238969447,7.132892238969447,1.8350755036974893,7.132892238969447
2025-12-16 14:00:00,14,103.39999999999999,110.54360229809056,7.1436022980905705,7.1436022980905705,1.8378308750781125,7.1436022980905705
2025-12-16 15:00:00,15,66.18,69.48796278231343,3.3079627823134246,3.3079627823134246,0.8510378771463671,3.3079627823134246
2025-12-16 16:00:00,16,25.08,28.121100126015502,3.041100126015504,3.041100126015504,0.7823822593384202,3.041100126015504
2025-12-16 17:00:00,17,7.46,0.0,7.46,7.46,1.9192303484962137,-7.46
2025-12-16 18:00:00,18,0.69,0.0,0.69,0.69,0.17751594376171412,-0.69
2025-12-16 19:00:00,19,0.69,0.0,0.69,0.69,0.17751594376171412,-0.69
2025-12-17 06:00:00,6,7.42,0.0,7.42,7.42,1.9089395691477087,-7.42
2025-12-17 07:00:00,7,7.43,0.0,7.43,7.43,1.9115122639848345,-7.43
2025-12-17 08:00:00,8,29.22,15.35522945992121,13.864770540078789,13.864770540078789,3.566982358640141,-13.864770540078789
2025-12-17 09:00:00,9,79.47999999999999,75.01063855266331,4.469361447336681,4.469361447336681,1.1498303120814368,-4.469361447336681
2025-12-17 10:00:00,10,120.25,116.67914466639888,3.5708553336011164,3.5708553336011164,0.9186721080880474,-3.5708553336011164
2025-12-17 11:00:00,11,146.99999999999997,149.70302655996304,2.703026559963064,2.703026559963064,0.6954062475432214,2.703026559963064
2025-12-17 12:00:00,12,155.65999999999997,154.5782550606281,1.0817449393718732,1.0817449393718732,0.27829996206095114,-1.0817449393718732
2025-12-17 13:00:00,13,145.48,146.5560352164981,1.0760352164980986,1.0760352164980986,0.27683102460507303,1.0760352164980986
2025-12-17 14:00:00,14,118.62,120.51455812026744,1.8945581202674333,1.8945581202674333,0.48741198946477177,1.8945581202674333
2025-12-17 15:00:00,15,77.14999999999999,75.24606693566147,1.903933064338517,1.903933064338517,0.48982387648577425,-1.903933064338517
2025-12-17 16:00:00,16,28.709999999999997,29.17800480321678,0.4680048032167825,0.4680048032167825,0.12040335409861225,0.4680048032167825
2025-12-17 17:00:00,17,7.47,0.0,7.47,7.47,1.9218030433333397,-7.47
2025-12-17 18:00:00,18,0.69,0.0,0.69,0.69,0.17751594376171412,-0.69
2025-12-17 19:00:00,19,0.69,0.0,0.69,0.69,0.17751594376171412,-0.69
2025-12-18 06:00:00,6,7.42,0.0,7.42,7.42,1.9089395691477087,-7.42
2025-12-18 07:00:00,7,7.4399999999999995,0.0,7.4399999999999995,7.4399999999999995,1.914084958821961,-7.4399999999999995
2025-12-18 08:00:00,8,29.66,14.375136231241457,15.284863768758543,15.284863768758543,3.9323290104063817,-15.284863768758543
2025-12-18 09:00:00,9,85.96000000000001,74.2938754645631,11.666124535436907,11.666124535436907,3.001337836159089,-11.666124535436907
2025-12-18 10:00:00,10,125.81,115.078768961139,10.731231038860997,10.731231038860997,2.76081826896871,-10.731231038860997
2025-12-18 11:00:00,11,147.18,146.7921606422489,0.387839357751119,0.387839357751119,0.09977923133206808,-0.387839357751119
2025-12-18 12:00:00,12,149.57000000000002,150.56500227838026,0.995002278380241,0.995002278380241,0.25598372245177436,0.995002278380241
2025-12-18 13:00:00,13,135.34,138.6503718119634,3.3103718119633925,3.3103718119633925,0.8516576469606627,3.3103718119633925
2025-12-18 14:00:00,14,115.77,104.85798184545736,10.912018154542636,10.912018154542636,2.8073292768820206,-10.912018154542636
2025-12-18 15:00:00,15,75.25,68.89848316554905,6.351516834450948,6.351516834450948,1.6340514567912678,-6.351516834450948
2025-12-18 16:00:00,16,27.64,28.57533136163763,0.9353313616376298,0.9353313616376298,0.24063221650874345,0.9353313616376298
2025-12-18 17:00:00,17,7.469999999999999,0.0,7.469999999999999,7.469999999999999,1.9218030433333397,-7.469999999999999
2025-12-18 18:00:00,18,0.7,0.0,0.7,0.7,0.1800886385988404,-0.7
2025-12-18 19:00:00,19,0.7,0.0,0.7,0.7,0.1800886385988404,-0.7
2025-12-19 06:00:00,6,7.43,0.0,7.43,7.43,1.9115122639848345,-7.43
2025-12-19 07:00:00,7,7.43,0.0,7.43,7.43,1.9115122639848345,-7.43
2025-12-19 08:00:00,8,25.93,12.114041662091553,13.815958337908446,13.815958337908446,3.5544244685889,-13.815958337908446
2025-12-19 09:00:00,9,68.74,67.85194860127847,0.8880513987215295,0.8880513987215295,0.22846852485936606,-0.8880513987215295
2025-12-19 10:00:00,10,102.8,108.80346197029564,6.003461970295646,6.003461970295646,1.5445075615863644,6.003461970295646
2025-12-19 11:00:00,11,120.61999999999999,133.9865526737679,13.366552673767913,13.366552673767913,3.438806105397934,13.366552673767913
2025-12-19 12:00:00,12,103.80000000000001,139.95257809623155,36.15257809623154,36.15257809623154,9.300955101697994,36.15257809623154
2025-12-19 13:00:00,13,83.92,123.49041947446777,39.57041947446777,39.57041947446777,10.180261388488491,39.57041947446777
2025-12-19 14:00:00,14,69.96000000000001,95.38265553293147,25.422655532931458,25.422655532931458,6.540473463561291,25.422655532931458
2025-12-19 15:00:00,15,45.81000000000001,56.20360583904316,10.393605839043154,10.393605839043154,2.6739576081232,10.393605839043154
2025-12-19 16:00:00,16,21.42,22.901340544486164,1.4813405444861623,1.4813405444861623,0.38110371708254,1.4813405444861623
2025-12-19 17:00:00,17,7.42,0.0,7.42,7.42,1.9089395691477087,-7.42
2025-12-19 18:00:00,18,0.69,0.0,0.69,0.69,0.17751594376171412,-0.69
2025-12-19 19:00:00,19,0.69,0.0,0.69,0.69,0.17751594376171412,-0.69
2025-12-20 06:00:00,6,7.42,0.0,7.42,7.42,1.9089395691477087,-7.42
2025-12-20 07:00:00,7,7.42,0.0,7.42,7.42,1.9089395691477087,-7.42
2025-12-20 08:00:00,8,15.170000000000002,11.331247625837468,3.8387523741625333,3.8387523741625333,0.9875938414014244,-3.8387523741625333
2025-12-20 09:00:00,9,25.64,40.97776502836759,15.337765028367592,15.337765028367592,3.9459388901537498,15.337765028367592
2025-12-20 10:00:00,10,43.879999999999995,65.85107734724384,21.97107734724385,21.97107734724385,5.652487725735667,21.97107734724385
2025-12-20 11:00:00,11,83.37999999999998,102.73814248932621,19.358142489326227,19.358142489326227,4.980259323864469,19.358142489326227
2025-12-20 12:00:00,12,111.81,123.2945172853027,11.4845172853027,11.4845172853027,2.9546158326785914,11.4845172853027
2025-12-20 13:00:00,13,124.32999999999998,107.61841452540823,16.711585474591757,16.711585474591757,4.299380967067695,-16.711585474591757
2025-12-20 14:00:00,14,72.03999999999999,79.38482517207544,7.344825172075446,7.344825172075446,1.8895993799793727,7.344825172075446
2025-12-20 15:00:00,15,47.830000000000005,61.48265263597489,13.652652635974881,13.652652635974881,3.5124108949651234,13.652652635974881
2025-12-20 16:00:00,16,19.300000000000004,23.391497603990633,4.091497603990629,4.091497603990629,1.0526174761901284,4.091497603990629
2025-12-20 17:00:00,17,7.43,0.0,7.43,7.43,1.9115122639848345,-7.43
2025-12-20 18:00:00,18,0.7,0.0,0.7,0.7,0.1800886385988404,-0.7
2025-12-20 19:00:00,19,0.7,0.0,0.7,0.7,0.1800886385988404,-0.7
2025-12-21 06:00:00,6,7.43,0.0,7.43,7.43,1.9115122639848345,-7.43
2025-12-21 07:00:00,7,7.43,0.0,7.43,7.43,1.9115122639848345,-7.43
2025-12-21 08:00:00,8,28.94,14.624427484670452,14.31557251532955,14.31557251532955,3.682959950069537,-14.31557251532955
2025-12-21 09:00:00,9,82.24000000000001,76.26078392567946,5.979216074320547,5.979216074320547,1.5382698324467006,-5.979216074320547
2025-12-21 10:00:00,10,124.36999999999998,122.86322868114549,1.50677131885449,1.50677131885449,0.387646279274692,-1.50677131885449
2025-12-21 11:00:00,11,147.88,153.77416683324068,5.894166833240689,5.894166833240689,1.5163892581039344,5.894166833240689
2025-12-21 12:00:00,12,155.53,163.18924245743582,7.659242457435823,7.659242457435823,1.9704893526543632,7.659242457435823
2025-12-21 13:00:00,13,141.51,154.4537975401041,12.9437975401041,12.9437975401041,3.3300441104233816,12.9437975401041
2025-12-21 14:00:00,14,111.44,124.95570544665266,13.51570544665266,13.51570544665266,3.4771785622722997,13.51570544665266
2025-12-21 15:00:00,15,77.61,77.78319273625401,0.1731927362540091,0.1731927362540091,0.04455720583884648,0.1731927362540091
2025-12-21 16:00:00,16,28.119999999999997,30.30925430914222,2.189254309142221,2.189254309142221,0.563228325828668,2.189254309142221
2025-12-21 17:00:00,17,7.4799999999999995,0.0,7.4799999999999995,7.4799999999999995,1.924375738170466,-7.4799999999999995
2025-12-21 18:00:00,18,0.69,0.0,0.69,0.69,0.17751594376171412,-0.69
2025-12-21 19:00:00,19,0.69,0.0,0.69,0.69,0.17751594376171412,-0.69
2025-12-22 06:00:00,6,7.42,0.0,7.42,7.42,1.9089395691477087,-7.42
2025-12-22 07:00:00,7,7.42,0.0,7.42,7.42,1.9089395691477087,-7.42
2025-12-22 08:00:00,8,26.93,10.548811592299833,16.381188407700165,16.381188407700165,4.214379884248327,-16.381188407700165
2025-12-22 09:00:00,9,51.39,48.6188706062574,2.771129393742598,2.771129393742598,0.7129270284290492,-2.771129393742598
2025-12-22 10:00:00,10,47.739999999999995,59.470455082737146,11.730455082737151,11.730455082737151,3.017888122849974,11.730455082737151
2025-12-22 11:00:00,11,65.56,63.35065249735418,2.2093475026458194,2.2093475026458194,0.5683976913474765,-2.2093475026458194
2025-12-22 12:00:00,12,99.21000000000001,64.06107893469364,35.14892106530637,35.14892106530637,9.042744775527325,-35.14892106530637
2025-12-22 13:00:00,13,113.38999999999999,76.60203515035874,36.78796484964124,36.78796484964124,9.464420723705553,-36.78796484964124
2025-12-22 14:00:00,14,58.03,79.98651670808876,21.956516708088756,21.956516708088756,5.64874171761771,21.956516708088756
2025-12-22 15:00:00,15,39.46,45.435364774617405,5.975364774617404,5.975364774617404,1.5372790105604504,5.975364774617404
2025-12-22 16:00:00,16,14.680000000000001,19.45253786869715,4.772537868697148,4.772537868697148,1.227828353478687,4.772537868697148
2025-12-22 17:00:00,17,7.42,0.0,7.42,7.42,1.9089395691477087,-7.42
2025-12-22 18:00:00,18,0.69,0.0,0.69,0.69,0.17751594376171412,-0.69
2025-12-22 19:00:00,19,0.69,0.0,0.69,0.69,0.17751594376171412,-0.69
2025-12-23 06:00:00,6,7.42,0.0,7.42,7.42,1.9089395691477087,-7.42
2025-12-23 07:00:00,7,7.42,0.0,7.42,7.42,1.9089395691477087,-7.42
2025-12-23 08:00:00,8,8.77,8.533292007027836,0.23670799297216405,0.23670799297216405,0.060897743142601296,-0.23670799297216405
2025-12-23 09:00:00,9,12.209999999999999,12.010181573670785,0.1998184263292142,0.1998184263292142,0.05140718337798696,-0.1998184263292142
2025-12-23 10:00:00,10,16.54,12.740200362527139,3.7997996374728604,3.7997996374728604,0.9775724909440783,-3.7997996374728604
2025-12-23 11:00:00,11,20.370000000000005,15.840035412375114,4.529964587624891,4.529964587624891,1.1654216506947488,-4.529964587624891
2025-12-23 12:00:00,12,24.82,20.59640389998967,4.2235961000103295,4.2235961000103295,1.0866023880603315,-4.2235961000103295
2025-12-23 13:00:00,13,37.58,34.599727004945365,2.9802729950546336,2.9802729950546336,0.7667332947603966,-2.9802729950546336
2025-12-23 14:00:00,14,24.169999999999998,52.85041201226693,28.68041201226693,28.68041201226693,7.378594791061402,28.68041201226693
2025-12-23 15:00:00,15,18.1,20.94902127586507,2.84902127586507,2.84902127586507,0.7329662327281026,2.84902127586507
2025-12-23 16:00:00,16,10.57,9.529588272575754,1.040411727424246,1.040411727424246,0.2676661879630004,-1.040411727424246
2025-12-23 17:00:00,17,7.43,0.0,7.43,7.43,1.9115122639848345,-7.43
2025-12-23 18:00:00,18,0.7,0.0,0.7,0.7,0.1800886385988404,-0.7
2025-12-23 19:00:00,19,0.7,0.0,0.7,0.7,0.1800886385988404,-0.7
2025-12-24 06:00:00,6,7.43,0.0,7.43,7.43,1.9115122639848345,-7.43
2025-12-24 07:00:00,7,7.43,0.0,7.43,7.43,1.9115122639848345,-7.43
2025-12-24 08:00:00,8,17.389999999999997,10.256446748822437,7.13355325117756,7.13355325117756,1.8352455619669983,-7.13355325117756
2025-12-24 09:00:00,9,40.230000000000004,52.40483758804394,12.174837588043935,12.174837588043935,3.1322141805611747,12.174837588043935
2025-12-24 10:00:00,10,57.46,92.49532638071267,35.03532638071267,35.03532638071267,9.013520329669406,35.03532638071267
2025-12-24 11:00:00,11,81.66000000000001,120.67645097044615,39.016450970446144,39.016450970446144,10.03774219746579,39.016450970446144
2025-12-24 12:00:00,12,95.44,122.67476915135833,27.234769151358336,27.234769151358336,7.006674998602599,27.234769151358336
2025-12-24 13:00:00,13,93.42999999999999,123.13724674028197,29.707246740281974,29.707246740281974,7.64276803139603,29.707246740281974
2025-12-24 14:00:00,14,72.44999999999999,100.77267606079398,28.322676060793995,28.322676060793995,7.286560247520512,28.322676060793995
2025-12-24 15:00:00,15,61.26,63.45739253593988,2.1973925359398834,2.1973925359398834,0.5653220432352387,2.1973925359398834
2025-12-24 16:00:00,16,27.17,26.331283933331193,0.8387160666688089,0.8387160666688089,0.21577604945337156,-0.8387160666688089
2025-12-24 17:00:00,17,7.45,0.0,7.45,7.45,1.9166576536590874,-7.45
2025-12-24 18:00:00,18,0.7,0.0,0.7,0.7,0.1800886385988404,-0.7
2025-12-24 19:00:00,19,0.7,0.0,0.7,0.7,0.1800886385988404,-0.7
2025-12-25 06:00:00,6,7.43,0.0,7.43,7.43,1.9115122639848345,-7.43
2025-12-25 07:00:00,7,7.43,0.0,7.43,7.43,1.9115122639848345,-7.43
2025-12-25 08:00:00,8,30.689999999999998,15.344942681648503,15.345057318351495,15.345057318351495,3.947814973832991,-15.345057318351495
2025-12-25 09:00:00,9,89.89,79.68544019110502,10.204559808894984,10.204559808894984,2.6253218335490587,-10.204559808894984
2025-12-25 10:00:00,10,134.44,130.54565164967917,3.8943483503208256,3.8943483503208256,1.0018969894841678,-3.8943483503208256
2025-12-25 11:00:00,11,160.95,160.2116608180982,0.7383391819017788,0.7383391819017788,0.18995214013267564,-0.7383391819017788
2025-12-25 12:00:00,12,170.02,173.73593451663373,3.715934516633723,3.715934516633723,0.9559965546042962,3.715934516633723
2025-12-25 13:00:00,13,160.72000000000003,163.30414357894608,2.5841435789460547,2.5841435789460547,0.6648212843947573,2.5841435789460547
2025-12-25 14:00:00,14,134.28,133.0434763455332,1.2365236544667937,1.2365236544667937,0.31811980218312547,-1.2365236544667937
2025-12-25 15:00:00,15,91.78,90.73763609556288,1.0423639044371242,1.0423639044371242,0.2681684235352193,-1.0423639044371242
2025-12-25 16:00:00,16,34.739999999999995,37.2990555107337,2.5590555107337067,2.5590555107337067,0.6583668900384193,2.5590555107337067
2025-12-25 17:00:00,17,6.53,0.0,6.53,6.53,1.6799697286434687,-6.53
2025-12-25 18:00:00,18,0.7,0.0,0.7,0.7,0.1800886385988404,-0.7
2025-12-25 19:00:00,19,0.7,0.0,0.7,0.7,0.1800886385988404,-0.7
2025-12-26 06:00:00,6,6.24,0.0,6.24,6.24,1.605361578366806,-6.24
2025-12-26 07:00:00,7,6.24,0.0,6.24,6.24,1.605361578366806,-6.24
2025-12-26 08:00:00,8,31.34,10.852236260015816,20.48776373998418,20.48776373998418,5.270876399812055,-20.48776373998418
2025-12-26 09:00:00,9,87.02000000000001,72.49329566606944,14.526704333930567,14.526704333930567,3.7372777240363293,-14.526704333930567
2025-12-26 10:00:00,10,129.7,117.48218534237652,12.217814657623464,12.217814657623464,3.143270869063382,-12.217814657623464
2025-12-26 11:00:00,11,154.26,151.48627212979463,2.773727870205363,2.773727870205363,0.7135955371270642,-2.773727870205363
2025-12-26 12:00:00,12,162.14,156.34841133840084,5.79158866159915,5.79158866159915,1.4899990248455302,-5.79158866159915
2025-12-26 13:00:00,13,150.79,148.91323047475376,1.8767695252462318,1.8767695252462318,0.4828355268076942,-1.8767695252462318
2025-12-26 14:00:00,14,122.46999999999998,120.3917778582974,2.0782221417025823,2.0782221417025823,0.5346631374359778,-2.0782221417025823
2025-12-26 15:00:00,15,73.82,80.3696559145538,6.54965591455381,6.54965591455381,1.6850265956326267,6.54965591455381
2025-12-26 16:00:00,16,31.08,29.130715655595576,1.9492843444044219,1.9492843444044219,0.5014913768940364,-1.9492843444044219
2025-12-26 17:00:00,17,6.599999999999999,0.0,6.599999999999999,6.599999999999999,1.6979785925033524,-6.599999999999999
2025-12-26 18:00:00,18,0.7,0.0,0.7,0.7,0.1800886385988404,-0.7
2025-12-26 19:00:00,19,0.7,0.0,0.7,0.7,0.1800886385988404,-0.7
2025-12-27 06:00:00,6,6.24,0.0,6.24,6.24,1.605361578366806,-6.24
2025-12-27 07:00:00,7,6.24,0.0,6.24,6.24,1.605361578366806,-6.24
2025-12-27 08:00:00,8,26.919999999999998,14.306001681404283,12.613998318595716,12.613998318595716,3.2451968349770923,-12.613998318595716
2025-12-27 09:00:00,9,73.14999999999999,69.28414203721967,3.865857962780325,3.865857962780325,0.9945672821908506,-3.865857962780325
2025-12-27 10:00:00,10,118.56,111.94221188402857,6.617788115971436,6.617788115971436,1.7025549319155442,-6.617788115971436
2025-12-27 11:00:00,11,143.21,141.60248349306985,1.6075165069301534,1.6075165069301534,0.4135649417974496,-1.6075165069301534
2025-12-27 12:00:00,12,151.01,151.92160427450617,0.9116042745061748,0.9116042745061748,0.23452796105242948,0.9116042745061748
2025-12-27 13:00:00,13,141.60999999999999,145.29401987470595,3.6840198747059674,3.6840198747059674,0.947785891152669,3.6840198747059674
2025-12-27 14:00:00,14,114.01,120.32417132204147,6.31417132204146,6.31417132204146,1.6244435960946955,6.31417132204146
2025-12-27 15:00:00,15,76.78999999999999,80.75435502983277,3.964355029832774,3.964355029832774,1.0199075717786423,3.964355029832774
2025-12-27 16:00:00,16,29.419999999999998,32.15488874555028,2.7348887455502826,2.7348887455502826,0.7036034155792013,2.7348887455502826
2025-12-27 17:00:00,17,6.56,0.0,6.56,6.56,1.6876878131548472,-6.56
2025-12-27 18:00:00,18,0.7,0.0,0.7,0.7,0.1800886385988404,-0.7
2025-12-27 19:00:00,19,0.7,0.0,0.7,0.7,0.1800886385988404,-0.7
2025-12-28 06:00:00,6,6.24,0.0,6.24,6.24,1.605361578366806,-6.24
2025-12-28 07:00:00,7,6.24,0.0,6.24,6.24,1.605361578366806,-6.24
2025-12-28 08:00:00,8,23.910000000000004,12.477884574858066,11.432115425141937,11.432115425141937,2.9411344331694504,-11.432115425141937
2025-12-28 09:00:00,9,70.7,70.0901841791513,0.6098158208487092,0.6098158208487092,0.1568870013895406,-0.6098158208487092
2025-12-28 10:00:00,10,111.67,112.74514071862305,1.0751407186230466,1.0751407186230466,0.2766008975985763,1.0751407186230466
2025-12-28 11:00:00,11,137.11,144.85740692631242,7.747406926312408,7.747406926312408,1.9931713800440405,7.747406926312408
2025-12-28 12:00:00,12,146.06,152.98361270460993,6.923612704609923,6.923612704609923,1.781234265941195,6.923612704609923
2025-12-28 13:00:00,13,137.26999999999998,145.51874896848577,8.248748968485785,8.248748968485785,2.1221513883974206,8.248748968485785
2025-12-28 14:00:00,14,113.25999999999999,120.18012121368017,6.920121213680176,6.920121213680176,1.7803360118723115,6.920121213680176
2025-12-28 15:00:00,15,75.17000000000002,79.1275895476056,3.957589547605579,3.957589547605579,1.0181670196589852,3.957589547605579
2025-12-28 16:00:00,16,29.11,32.63133978265367,3.521339782653669,3.521339782653669,0.9059332678600512,3.521339782653669
2025-12-28 17:00:00,17,6.56,0.0,6.56,6.56,1.6876878131548472,-6.56
2025-12-28 18:00:00,18,0.7,0.0,0.7,0.7,0.1800886385988404,-0.7
2025-12-28 19:00:00,19,0.7,0.0,0.7,0.7,0.1800886385988404,-0.7
2025-12-29 06:00:00,6,5.83,0.0,5.83,5.83,1.4998810900446282,-5.83
2025-12-29 07:00:00,7,5.83,0.0,5.83,5.83,1.4998810900446282,-5.83
2025-12-29 08:00:00,8,22.370000000000005,10.55561712348673,11.814382876513275,11.814382876513275,3.039480183023897,-11.814382876513275
2025-12-29 09:00:00,9,61.72,66.13661985078035,4.41661985078035,4.41661985078035,1.1362615087652101,4.41661985078035
2025-12-29 10:00:00,10,99.16999999999999,111.0755794240292,11.905579424029213,11.905579424029213,3.0629422717196966,11.905579424029213
2025-12-29 11:00:00,11,126.12000000000002,143.01745202680254,16.897452026802526,16.897452026802526,4.347198758994406,16.897452026802526
2025-12-29 12:00:00,12,135.83999999999997,150.19030549660124,14.350305496601266,14.350305496601266,3.6918956862291123,14.350305496601266
2025-12-29 13:00:00,13,114.53999999999999,139.30864448980202,24.76864448980203,24.76864448980203,6.372216380153025,24.76864448980203
2025-12-29 14:00:00,14,98.48,118.14020006774336,19.66020006774336,19.66020006774336,5.057969521115332,19.66020006774336
2025-12-29 15:00:00,15,66.99,76.91329465090705,9.923294650907053,9.923294650907053,2.5529608915671522,9.923294650907053
2025-12-29 16:00:00,16,26.729999999999997,32.41125522392145,5.681255223921454,5.681255223921454,1.46161359829795,5.681255223921454
2025-12-29 17:00:00,17,5.9799999999999995,0.0,5.9799999999999995,5.9799999999999995,1.5384715126015223,-5.9799999999999995
2025-12-29 18:00:00,18,0.29000000000000004,0.0,0.29000000000000004,0.29000000000000004,0.07460815027666247,-0.29000000000000004
2025-12-29 19:00:00,19,0.29000000000000004,0.0,0.29000000000000004,0.29000000000000004,0.07460815027666247,-0.29000000000000004
2025-12-30 06:00:00,6,5.83,0.0,5.83,5.83,1.4998810900446282,-5.83
2025-12-30 07:00:00,7,5.83,0.0,5.83,5.83,1.4998810900446282,-5.83
2025-12-30 08:00:00,8,22.050000000000004,10.610799037918339,11.439200962081665,11.439200962081665,2.9429573255997608,-11.439200962081665
2025-12-30 09:00:00,9,63.25,66.93819890766599,3.688198907665992,3.688198907665992,0.9488610288047126,3.688198907665992
2025-12-30 10:00:00,10,109.69000000000001,113.27946907594499,3.589469075944976,3.589469075944976,0.9234608559708121,3.589469075944976
2025-12-30 11:00:00,11,138.16,145.1121691381056,6.952169138105603,6.952169138105603,1.7885809648433024,6.952169138105603
2025-12-30 12:00:00,12,146.09,152.58204210075814,6.492042100758141,6.492042100758141,1.6702043195026994,6.492042100758141
2025-12-30 13:00:00,13,134.34,147.2643873958544,12.92438739585441,12.92438739585441,3.3250504726334755,12.92438739585441
2025-12-30 14:00:00,14,111.06000000000002,125.66078653196188,14.600786531961859,14.600786531961859,3.7563368128761367,14.600786531961859
2025-12-30 15:00:00,15,77.89,82.00511354209954,4.115113542099536,4.115113542099536,1.0586931363947962,4.115113542099536
2025-12-30 16:00:00,16,28.07,33.4390180245337,5.369018024533702,5.369018024533702,1.3812844952155856,5.369018024533702
2025-12-30 17:00:00,17,6.01,0.0,6.01,6.01,1.5461895971129012,-6.01
2025-12-30 18:00:00,18,0.28,0.0,0.28,0.28,0.07203545543953617,-0.28
2025-12-30 19:00:00,19,0.28,0.0,0.28,0.28,0.07203545543953617,-0.28
2025-12-31 06:00:00,6,5.82,0.0,5.82,5.82,1.497308395207502,-5.82
2025-12-31 07:00:00,7,5.82,0.0,5.82,5.82,1.497308395207502,-5.82
2025-12-31 08:00:00,8,15.600000000000001,9.809104619721204,5.790895380278798,5.790895380278798,1.4898206647181758,-5.790895380278798
2025-12-31 09:00:00,9,49.0,51.737637163369286,2.7376371633692855,2.7376371633692855,0.7043104996125227,2.7376371633692855
2025-12-31 10:00:00,10,76.53999999999999,86.29922689950405,9.759226899504057,9.759226899504057,2.5107512658698115,9.759226899504057
2025-12-31 11:00:00,11,102.03000000000002,112.56545584666283,10.535455846662813,10.535455846662813,2.7104512863481425,10.535455846662813
2025-12-31 12:00:00,12,121.30999999999999,125.21202044739229,3.902020447392303,3.902020447392303,1.0038707859367402,3.902020447392303
2025-12-31 13:00:00,13,93.07000000000001,123.10405706531205,30.03405706531204,30.03405706531204,7.726846354988472,30.03405706531204
2025-12-31 14:00:00,14,91.11999999999999,102.36542305099641,11.245423050996422,11.245423050996422,2.8931041824599486,11.245423050996422
2025-12-31 15:00:00,15,50.709999999999994,52.23524710784235,1.525247107842354,1.525247107842354,0.3923995359687832,1.525247107842354
2025-12-31 16:00:00,16,22.619999999999994,23.37626589621624,0.7562658962162452,0.7562658962162452,0.1945641366690222,0.7562658962162452
2025-12-31 17:00:00,17,5.89,0.0,5.89,5.89,1.5153172590673858,-5.89
2025-12-31 18:00:00,18,0.30000000000000004,0.0,0.30000000000000004,0.30000000000000004,0.07718084511378875,-0.30000000000000004
2025-12-31 19:00:00,19,0.30000000000000004,0.0,0.30000000000000004,0.30000000000000004,0.07718084511378875,-0.30000000000000004
