date,hour,n_sites,mean_site_mape_pct,city_total_actual_mw,city_total_pred_mw,city_total_rel_err_pct,WAPE_city_pct,city_total_abs_err_mw
2025-07-01,6,53,46.2717929135607,20.02,10.828499430538116,45.91159125605336,49.78155561494837,9.966267434112662
2025-07-01,7,54,49.58234219401931,65.58,33.2109706630956,49.3580807211107,49.3580807211107,32.3690293369044
2025-07-01,8,54,26.357999781987495,108.03999999999999,84.43702873507317,21.84651172244245,25.96151826685915,28.048824335514627
2025-07-01,9,54,28.733055241234528,141.66,125.17448112580608,11.637384493995421,24.421922542680736,34.59609547396153
2025-07-01,10,54,22.64949125999045,170.36,147.20524632569018,13.591660996894712,18.018406743060076,30.69615772747715
2025-07-01,11,54,26.23826047000372,183.45999999999998,152.47694705794078,16.888178862999677,21.214600589470137,38.92030624144191
2025-07-01,12,54,35.75006441682053,171.30999999999997,145.0921039339592,15.30435821962569,27.15443191116622,46.51825730701884
2025-07-01,13,54,29.682125499894536,161.37,144.35290291084732,10.54539077223318,25.63395946119086,41.36552038252369
2025-07-01,14,54,37.351345596735186,104.83999999999999,123.53731656144929,17.83414399222558,30.796031502693772,32.286559427424145
2025-07-01,15,54,28.232999274347492,87.33,94.83547100754969,8.594378801728714,22.132865248177374,19.3286312212333
2025-07-01,16,54,31.282255111536895,82.52000000000001,65.7031919714503,20.379069351126653,31.89665369185076,26.321118626515247
2025-07-01,17,54,60.64061993375588,60.120000000000005,32.92400146349385,45.2361918438226,47.0139285135172,28.264773822326543
2025-07-01,18,53,50.91827844801058,23.46,13.02728676802824,44.47021838010128,53.71223761304198,12.600890944019648
2025-07-01,19,30,84.05526896514756,0.9100000000000001,1.763956728017238,93.84139868321293,120.18607625334693,1.093693293905457
2025-07-02,6,52,46.524261362729725,18.320000000000004,10.597763340800562,42.15194682969127,52.33620197243083,9.58799220134933
2025-07-02,7,54,35.61932134915353,50.31,36.8274412749451,26.798963874090436,36.308381842640635,18.266746905032505
2025-07-02,8,54,28.557536296570095,107.27000000000001,83.12944040205002,22.504483637503483,23.535978627566536,25.247044273790625
2025-07-02,9,54,28.080985562781756,147.29999999999995,113.19002320554438,23.15680705665688,25.026052837782508,36.86337583005363
2025-07-02,10,54,25.04418926626532,178.75,138.69196670528808,22.41008855648219,22.410088556482215,40.058033294711954
2025-07-02,11,54,24.05963023529183,187.18999999999997,162.36167306814056,13.263703687087672,17.8781379584888,33.46608644449518
2025-07-02,12,54,24.940085838886457,187.81999999999996,164.81784774121303,12.246913139594792,19.0404913922785,35.761850932977474
2025-07-02,13,54,26.72476441087015,183.17999999999998,158.69619725861116,13.36598031520298,21.952685518521996,40.21292933282859
2025-07-02,14,54,20.863141018609106,167.96000000000004,153.63025579979032,8.531640986073894,16.503496710348564,27.719273074701455
2025-07-02,15,54,32.09349435462524,143.67000000000002,122.7964338253471,14.528827294948785,21.81454803662454,31.34096116421848
2025-07-02,16,54,29.226827487633855,115.75999999999999,90.90504417566336,21.471109039682645,24.325370114827813,28.159048444924675
2025-07-02,17,54,37.8627774710663,71.97000000000001,56.23312834292925,21.86587697244791,27.40399923117854,19.7226582466792
2025-07-02,18,54,31.017624341145083,30.0,24.780955231079055,17.39681589640315,28.861750236252533,8.65852507087576
2025-07-02,19,42,82.45120763180884,3.07,3.8288251641797793,24.71743205797327,92.249837910146,2.832070023841482
2025-07-03,6,52,47.14540602916383,17.880000000000003,10.126180215557461,43.365882463325164,48.29951873802959,8.635953950359692
2025-07-03,7,53,33.720394590148764,51.44,35.47615479258889,31.03391370025487,37.683233242999464,19.384255180198924
2025-07-03,8,53,28.757246504097477,103.47000000000001,79.0484818223532,23.602511044405926,25.822695140307594,26.71874266167627
2025-07-03,9,53,18.78736316651267,126.47000000000001,125.46072061539336,0.7980385740544451,16.531019736753784,20.906780661072514
2025-07-03,10,53,16.28478369778755,160.04999999999998,148.62351852605937,7.139319883749212,13.678075862118828,21.89176041732118
2025-07-03,11,53,20.91301183250763,177.93,157.28875336231064,11.600768076035163,17.046121427135553,30.33016385530229
2025-07-03,12,54,19.793820960100014,183.0,171.42637937620944,6.324382854530361,15.18792084096007,27.79389513895693
2025-07-03,13,54,21.98976204824552,169.55,161.25409968878714,4.892893135483854,19.252235364291835,32.642165060156806
2025-07-03,14,54,21.811203244821986,165.73,149.075262242929,10.04931983169673,17.234819747784723,28.563266768003615
2025-07-03,15,54,25.723044713072095,147.92999999999998,115.4740993250919,21.94003966396815,22.704546824227926,33.58683611708037
2025-07-03,16,54,35.77891108806685,107.35999999999997,81.33413637620241,24.24167625167434,31.19174317864799,33.48745547659647
2025-07-03,17,54,33.5080383677574,71.21,52.22569532296899,26.659604938956615,27.732053021922905,19.7479949569113
2025-07-03,18,54,32.7169091624783,27.08,27.19726334647218,0.4330256516698004,31.950902104451128,8.652304289885365
2025-07-03,19,43,103.02736657654543,2.86,4.200399361389232,46.86711053808505,116.013901220682,3.317997574911505
2025-07-04,6,52,47.852206885950764,19.029999999999998,10.730746071524198,43.61142369141251,50.77977895353273,9.663391934857277
2025-07-04,7,51,42.58891651748885,59.22,33.396471241754476,43.60609381669288,44.08719077687203,26.108434378063613
2025-07-04,8,51,33.42698807644014,90.41999999999999,82.35441868713217,8.920129742167465,30.36738863277757,27.458192801757473
2025-07-04,9,51,27.270704207013253,131.87,124.74565906208117,5.402548675148882,23.231065077949413,30.634805518291895
2025-07-04,10,50,21.138063111504856,158.89,145.022938670597,8.727460085218068,15.353001805669548,24.39438456902834
2025-07-04,11,50,20.801119319191233,171.09000000000003,156.57769601719178,8.48226312631261,16.587359383452135,28.379313169148265
2025-07-04,12,50,20.98678575923244,176.84000000000003,158.2475683930566,10.513702559909193,17.487006516677525,30.92402232409254
2025-07-04,13,50,18.46843622094819,172.66,163.5813249491985,5.2581229299209475,12.804942350863973,22.109013463001737
2025-07-04,14,50,16.012771488209847,166.14999999999998,151.6161629520881,8.747419228355026,11.895384874840818,19.764181969548016
2025-07-04,15,50,15.883613953770089,142.08,128.28073304796698,9.712321897545774,11.60345355340121,16.48618680867244
2025-07-04,16,51,18.56166655910813,112.43,97.93695204635969,12.890730190910176,14.09199359659246,15.843628400648903
2025-07-04,17,52,26.046074549604853,69.82000000000001,59.11329600584948,15.334723566528973,19.735790497883208,13.779528925622058
2025-07-04,18,52,27.203732814452692,27.549999999999997,27.58928869677945,0.14260869974393675,27.966578031425993,7.704792247657861
2025-07-04,19,42,87.09298378505163,2.58,3.908543414760599,51.493930804674385,102.02141017799215,2.632152382592198
2025-07-05,6,52,44.135667945321764,19.03,10.872733721011636,42.86529836567716,47.15674915171163,8.973929363570724
2025-07-05,7,53,40.398993647865254,62.86000000000001,37.291343993529985,40.67555839400258,40.71948927214503,25.59627095647037
2025-07-05,8,53,25.120665366337576,110.31,87.11589570489404,21.026293441307185,21.508685476068166,23.726230948650795
2025-07-05,9,53,17.28154013653499,149.31,131.41189566614062,11.987210725242367,13.851753303657757,20.682052857691396
2025-07-05,10,53,33.67635029724838,175.39,157.47935397819717,10.21189692787663,13.278005782142346,23.28829434129946
2025-07-05,11,53,13.586796280238683,192.49,172.39547236115868,10.43925795565553,11.844366388902525,22.79922086199847
2025-07-05,12,53,14.01379203665327,195.71,174.6021463045071,10.785270908738902,12.431627033636099,24.32993726752921
2025-07-05,13,52,13.154310230904139,186.23,171.89559487423986,7.697151439488874,10.596309764025515,19.733507673544715
2025-07-05,14,52,13.372598556452683,173.5,157.48965305271494,9.227865675668621,10.83897861656924,18.80562789974763
2025-07-05,15,52,16.328023164051963,148.02999999999997,131.64386686374274,11.069467767518228,12.15948221576469,17.99968152399647
2025-07-05,16,52,18.295162107166178,113.70999999999998,98.35027763182275,13.50780262789309,14.774085300209913,16.79961239486869
2025-07-05,17,52,19.218408408157043,67.33000000000001,60.705612527511626,9.838686280244149,15.844216877766486,10.667911223800179
2025-07-05,18,52,28.43668821277563,25.59,26.833423730787423,4.859022003858629,30.355880907660428,7.768069924270303
2025-07-05,19,40,97.5803070843048,2.3899999999999997,4.053847635801569,69.61705589127905,111.85100183860806,2.673238943942732
2025-07-06,6,51,46.319703483933985,16.76,9.107802370794913,45.65750375420697,50.798549943312445,8.513836970499167
2025-07-06,7,52,42.7267277771155,57.01,34.178524454284485,40.048194256648856,40.41774761940327,23.042157917821804
2025-07-06,8,52,23.874619300724106,100.41000000000001,82.5622468249805,17.774876182670553,19.3606165254305,19.43999505318477
2025-07-06,9,52,16.82300744121992,136.50999999999996,122.87916499111151,9.98522819492232,12.503012961644597,17.067862993941034
2025-07-06,10,52,17.160787005876134,156.84,152.67659987692107,2.6545524885736604,11.073789993322151,17.368132225526463
2025-07-06,11,52,24.877362513205544,172.62,150.56700415015533,12.77545814496853,20.281667087743557,35.01021372686293
2025-07-06,12,52,30.483740787449104,159.39000000000001,151.19213673522037,5.143273269828496,25.306271392534146,40.33566597256018
2025-07-06,13,52,42.58787254964106,148.3,128.89007715152061,13.088282433229532,35.46341500443758,52.59224445158094
2025-07-06,14,52,31.02052065450319,160.80999999999997,126.51663299773828,21.325394566421053,27.06299003451142,43.519994274497805
2025-07-06,15,52,27.758768232421232,133.84,119.16172042865465,10.9670349457153,23.419190511060492,31.344244580003362
2025-07-06,16,52,36.0332488550305,95.58000000000001,90.40211605588003,5.417329926888453,27.81408219467475,26.58469976167013
2025-07-06,17,52,31.267541309623997,55.5,47.552139111578015,14.320470069228803,28.503878806193804,15.819652737437561
2025-07-06,18,52,39.81231879872852,17.570000000000004,20.08163848552668,14.295039758262233,32.27189349016324,5.670171686221681
2025-07-06,19,26,141.2492467387801,0.87,2.390405337643035,174.7592342118431,190.0336417914218,1.6532926835853696
2025-07-07,6,49,57.48950826695929,14.24,8.823771990736685,38.03530905381542,50.88615206812238,7.246188054500627
2025-07-07,7,52,34.29922318277801,45.04,32.05553452712261,28.828742168910722,36.29681043531833,16.348083420067375
2025-07-07,8,52,26.858657624502968,91.41,80.43605819600592,12.005187401809518,20.677326375555655,18.901144039895424
2025-07-07,9,52,33.42482431470506,115.32,120.44789339239632,4.446664405477221,29.48447312615533,34.001494409082326
2025-07-07,10,52,27.30425177646555,148.66000000000003,137.03455796452278,7.820154739322782,24.45147287668131,36.34955957847444
2025-07-07,11,53,62.529963283901616,118.57,163.23521346727378,37.66991099542362,47.69676771250713,56.554057476719706
2025-07-07,12,53,97.83047988423638,107.96000000000004,157.89902002603802,46.25696556691178,67.99819205159315,73.4108481389
2025-07-07,13,53,48.026660355218766,141.37,151.37200303951485,7.075053433907367,37.40047461310924,52.873050960552526
2025-07-07,14,53,28.710212833616218,172.34000000000003,136.0839402003696,21.037518741807144,26.02823879976245,44.85706674751061
2025-07-07,15,53,26.910191251199215,144.20000000000002,121.96078072369959,15.422482161096,22.702729627183956,32.73733612239927
2025-07-07,16,53,60.47066703093885,77.67999999999999,83.99778040646773,8.13308497228081,38.34101023226419,29.783296748422817
2025-07-07,17,53,34.06758657026598,36.800000000000004,46.98001190774452,27.663075836262262,36.525372577249264,13.441337108427732
2025-07-07,18,52,57.3535293567314,15.79,20.88340613267706,32.25716360150133,48.50032092675713,7.65820067433495
2025-07-07,19,25,203.1574477470786,1.3000000000000003,2.2631922146232992,74.09170881717682,182.9230801725762,2.378000042243491
2025-07-08,6,52,59.939934409909156,18.930000000000003,7.691995088790526,59.366111522501186,64.67624054436406,12.243212335048119
2025-07-08,7,53,37.89426198464915,54.82,35.417981128790515,35.392227054377024,37.52900449934124,20.57340026653887
2025-07-08,8,53,35.85683868315964,92.49000000000001,79.19260426015833,14.3771172449364,29.061257436353717,26.878757002883553
2025-07-08,9,53,46.64989683465364,124.52,125.71446768748737,0.9592576995561958,23.57933877620598,29.360992644131684
2025-07-08,10,53,52.56845733468691,141.63000000000002,128.86876324583716,9.010263894770079,34.77030805302341,49.24518729549707
2025-07-08,11,53,50.58766012595059,154.94,140.89050019583712,9.067703500815075,33.78112320173654,52.34047228877059
2025-07-08,12,53,68.59752539201473,132.76,140.05804563616556,5.49717206701233,39.70961773226666,52.718488501357214
2025-07-08,13,53,134.2460700899124,145.58000000000004,139.44913175828327,4.211339635744448,32.5911212180124,47.446154269182465
2025-07-08,14,53,50.71906315004334,132.60999999999999,103.42455372579488,22.008480713524705,40.85563870794296,54.17866249060315
2025-07-08,15,53,48.205848374147294,131.32999999999998,94.29405148301278,28.200676552948455,39.75203989033684,52.20635398797936
2025-07-08,16,53,31.88119212302145,100.89999999999998,70.39724661917064,30.23067728526198,33.33509245811633,33.635108290239366
2025-07-08,17,53,49.190930350707966,61.94,32.96898687114472,46.77270443793232,52.03817880994828,32.23244795488196
2025-07-08,18,53,54.42019378110115,25.789999999999996,12.104970376108549,53.063317657586076,57.36477616459119,14.794375772848067
2025-07-08,19,43,77.76788850268191,2.94,3.0473638323210204,3.6518310313272253,84.88826496999528,2.495714990117861
2025-07-09,6,53,53.023790859579975,17.140000000000004,7.966734960620815,53.519632668490004,57.35749691365343,9.8310749710002
2025-07-09,7,53,45.48046641910265,58.07000000000001,34.41143254189469,40.74146281747083,44.09108756628682,25.60369454974276
2025-07-09,8,53,34.10208385773687,96.16,80.32233850128297,16.47011387137794,27.590081234682607,26.53062211527079
2025-07-09,9,53,30.759220859604703,119.84,122.44146311398214,2.170780302054518,26.199012168729368,31.39689618300528
2025-07-09,10,53,38.96142510847177,147.03,152.8968468899497,3.990237971808269,31.291781403521657,46.00830619759789
2025-07-09,11,53,33.14553631860261,172.35000000000002,173.34697168759126,0.5784576081179233,22.99927229424671,39.63924579913421
2025-07-09,12,53,28.711686079810256,169.81,171.87184740326975,1.2142084702136224,22.907644118911257,38.89947047832321
2025-07-09,13,53,28.419488605044517,171.52,171.72846767793192,0.12154132342112102,21.12516385953607,36.23388105187627
2025-07-09,14,53,22.33330161609667,163.63000000000002,156.29691841082465,4.48150191845956,17.81199605371405,29.145769142692306
2025-07-09,15,53,24.450883539245012,147.01,120.84403611798606,17.798764629626508,20.977112309797814,30.83845280663376
2025-07-09,16,53,26.26905121186108,101.1,89.53637270850406,11.437811366464821,19.51965760737574,19.734373841056875
2025-07-09,17,53,25.752637711804926,60.24999999999999,58.225851906154254,3.359581898499152,21.905356655598997,13.197977384998394
2025-07-09,18,53,31.92711598629469,24.839999999999996,25.825251944604094,3.966392691642907,31.528154350281373,7.831593540609892
2025-07-09,19,37,118.6525749810691,1.87,2.8245718290456536,51.04662187409912,129.28263693531548,2.4175853106903995
2025-07-10,6,52,53.35216843994369,15.790000000000001,7.390680609503174,53.193916342601824,58.874142154967544,9.296227046269376
2025-07-10,7,53,49.549477501104334,48.46999999999999,26.15695422074283,46.03475506345609,47.68633016617043,23.113564231542803
2025-07-10,8,53,25.61440856783926,81.01,69.76121054869257,13.885680102835984,23.51500210242334,19.04950320317315
2025-07-10,9,52,37.859861766290564,98.52,115.99596182000172,17.738491494114626,32.20695340166814,31.730290491323448
2025-07-10,10,52,37.56286043763657,117.68999999999998,105.81858013494548,10.08702512112712,29.863615470376555,35.14648904708616
2025-07-10,11,52,57.45633091462376,121.27999999999999,150.95581242130183,24.46884269566445,38.026658159356415,46.11873101566746
2025-07-10,12,53,52.20658967824252,137.49,148.79647215956493,8.223486915095583,37.681232791591626,51.80792696515933
2025-07-10,13,53,40.771988979323126,145.28,151.35143850742287,4.179128928567503,28.570807886274352,41.50766969717938
2025-07-10,14,53,40.49529254605986,147.85999999999999,140.69512609338813,4.845714802253388,26.30295870965451,38.89155474809515
2025-07-10,15,53,36.055035530048386,123.08000000000001,123.34271912897357,0.21345395594211714,26.984595326994814,33.21263992846522
2025-07-10,16,53,34.279131885548495,96.19999999999999,91.69675377977254,4.6811291270555655,24.265318231852305,23.343236139041917
2025-07-10,17,53,28.979851332961502,56.940000000000005,47.442529955876196,16.67978581686654,26.809657478342853,15.265418968168422
2025-07-10,18,53,31.678872355588076,24.650000000000002,20.373822057432207,17.347577860315596,31.328215514051866,7.722405124213785
2025-07-10,19,40,78.47166012519108,2.05,3.3421173063188565,63.03011250335887,103.1239798460426,2.1140415868438733
2025-07-11,6,52,59.070222681691554,16.720000000000002,7.028455023721564,57.963785743292085,61.94472187819833,10.357157498034763
2025-07-11,7,53,50.65984398452257,50.75,27.32060494064177,46.1662956834645,51.10679428136389,25.93669809779217
2025-07-11,8,53,35.646829812850264,74.28999999999999,76.19156136977094,2.559646479702444,33.976633395483304,25.241240949504544
2025-07-11,9,53,31.15448425294092,120.73,111.37333321667327,7.7500760236285355,26.99094007336904,32.58616195057844
2025-07-11,10,53,37.92849845458626,115.08999999999999,120.90481044977996,5.0524028584411935,36.727367313091285,42.26952704063676
2025-07-11,11,53,36.513232825846615,141.31999999999996,126.43705431581635,10.53137962367932,31.194407921070717,44.08393727405713
2025-07-11,12,53,47.029819081673345,144.34999999999997,139.1215045524185,3.6220959110367033,37.052307570539455,53.485005978073694
2025-07-11,13,53,37.77664312870038,145.49999999999997,147.88463424532318,1.6389238799472252,26.600521184704956,38.7037583237457
2025-07-11,14,53,31.7980037363404,153.54000000000002,124.15890375606905,19.135792786199666,30.06520842295511,46.162121012605276
2025-07-11,15,53,28.635623459156818,141.69,115.1557623919651,18.726965634861248,25.63402265377072,36.32084669812774
2025-07-11,16,53,27.937332700131982,107.02000000000001,91.35814646652727,14.63451087037258,23.938963946940362,25.619479216015577
2025-07-11,17,53,26.96590863253779,62.91,54.388649037435066,13.54530434360981,22.901385921643847,14.407261883306143
2025-07-11,18,53,27.285624243927977,25.860000000000003,23.903561143166403,7.565502153262179,28.955401692045847,7.487866877563057
2025-07-11,19,40,81.32643353338258,2.17,3.368046975539208,55.20953804328149,100.25322104853313,2.175494896753169
2025-07-12,6,52,63.651844558862905,15.25,7.083479510414139,53.55095403007122,67.024745662782,10.221273713574254
2025-07-12,7,53,55.577549895960466,53.64999999999999,25.14666234117304,53.12830877693747,55.87317823149902,29.975960121199222
2025-07-12,8,53,34.83685831721089,101.07,76.47783280821271,24.331816752535158,29.785401752827816,30.104105551583075
2025-07-12,9,53,41.22899317272506,127.51999999999998,87.84686401408987,31.111304882300907,38.8240009817607,49.50836605194124
2025-07-12,10,53,43.43451966624253,147.86999999999998,125.50959716263709,15.121662837196787,32.87692864536874,48.61511438790675
2025-07-12,11,53,63.60809023680795,146.63000000000002,161.68552770165056,10.267699448714813,34.4937107499611,50.57812807266797
2025-07-12,12,53,36.060740373652486,162.61,163.36874572613465,0.4666045914363412,25.739681825054234,41.8552966157207
2025-07-12,13,53,39.49138661820575,160.0,163.24148569319712,2.0259285582482,24.907241437890253,39.851586300624405
2025-07-12,14,53,40.58569383499184,147.9,146.8425863751235,0.7149517409577533,26.20549468684447,38.75792664184297
2025-07-12,15,53,45.358014175254155,125.69000000000001,127.9641211631161,1.809309541822016,31.459734294406527,39.54174003463957
2025-07-12,16,53,30.118927257171684,110.50999999999999,92.39215617593739,16.394755066566468,24.0867116724448,26.618225069218745
2025-07-12,17,53,27.289880707723274,68.79,56.784697959072844,17.452103562911994,21.995672645864317,15.130823213090064
2025-07-12,18,53,29.99540342970449,27.26,24.795912226190048,9.039206800476721,34.09151877866587,9.293348019064316
2025-07-12,19,41,78.86000589916917,4.45,3.3449754195514427,24.832013043787807,102.60630927843484,4.565980762890351
2025-07-13,6,51,50.89729200199466,14.77,7.983766787732163,45.94606101738549,54.85357322431811,8.101872765231784
2025-07-13,7,53,47.190040324278186,46.8,25.46722039875148,45.58286239583017,45.58286239583019,21.332779601248525
2025-07-13,8,53,29.5412425254735,81.88000000000001,65.73619163317098,19.716424483181523,24.43465526421203,20.00709573033681
2025-07-13,9,53,32.58856232727862,115.58999999999999,78.77412397526476,31.850398844826742,32.45852504897375,37.51880910410875
2025-07-13,10,53,34.96960737460684,146.33999999999997,102.7526098612465,29.78501444495933,33.1886292095569,48.56823998526556
2025-07-13,11,53,23.550623988431752,167.69,148.43252699616698,11.483972212912526,16.673874880851415,27.960420787699736
2025-07-13,12,53,29.477484810160142,175.84,141.08074165429323,19.767549104701303,23.32293911469358,41.011056139277194
2025-07-13,13,53,22.64373251906623,174.33999999999997,153.54226886607677,11.929408703638414,16.00131481799836,27.896692253698337
2025-07-13,14,50,286.3271934402593,96.56,133.21843750527523,37.964413323607324,60.35773263299008,58.28142663041522
2025-07-13,15,43,1614.8804783491792,34.98,73.30979857457565,109.57632525607679,159.0808160843253,55.64646946629699
2025-07-13,16,53,643.8529228780608,15.790000000000003,77.0970501229994,388.2650419442646,391.0195969288344,61.741994355062964
2025-07-13,17,52,349.8747184077833,18.1,48.87489770792995,170.02705915983393,188.13371560054802,34.052202523699194
2025-07-13,18,47,188.79254182266342,9.13,19.332429023439346,111.74621055245721,130.9944053618315,11.959789209535217
2025-07-13,19,24,87.43426706264813,2.23,1.7875389717861947,19.841301713623555,114.45212234715332,2.552282328341519
2025-07-14,6,51,80.15753864358769,9.36,9.403558092352077,0.4653642345307381,60.37904538679521,5.651478648204032
2025-07-14,7,52,94.06502903466956,57.480000000000004,37.86788465842705,34.11989447037744,40.19005492152858,23.101243568894628
2025-07-14,8,52,124.62976924096307,110.53999999999999,93.26108616750298,15.631367679117977,17.55582040126877,19.406203871562496
2025-07-14,9,52,202.15375784811175,146.49999999999997,139.74789673804153,4.608944206114976,9.882966055519603,14.478545271336216
2025-07-14,10,52,235.2724376307936,173.33,160.49606955587254,7.404333031862617,16.46016220032074,28.53039914181594
2025-07-14,11,52,266.58233953945023,179.46,184.09557197563038,2.5830669651344977,15.936951211997878,28.60045264505139
2025-07-14,12,52,13.769072760946255,190.40000000000003,190.18930276428105,0.11066031287761648,11.030035154386034,21.00118693395101
2025-07-14,13,52,25.711900191254045,174.69000000000003,186.61295590124163,6.825208026356178,16.541790217018224,28.89685333010914
2025-07-14,14,52,23.657888014970972,165.98000000000005,168.90851818214352,1.7643801555268568,17.65833682982875,29.309307470149772
2025-07-14,15,52,21.477201527277252,143.88,143.7358624845637,0.10017897931351438,14.627427011329367,21.04594198390069
2025-07-14,16,52,34.81351496298823,98.65,103.65419891777661,5.072680099114653,27.501392703441844,27.13012390194538
2025-07-14,17,52,46.36561410180719,56.809999999999995,60.47540972807964,6.452050216651374,39.13585820634861,22.233081047026644
2025-07-14,18,51,39.53596140093097,29.93,26.388237675661173,11.833485881519634,32.810156389103796,9.820079807258766
2025-07-14,19,47,65.69287043989148,5.820000000000001,3.668027311557689,36.97547574643147,75.04291047924802,4.367497389892235
2025-07-15,6,50,58.730720499153385,11.81,7.389470601881357,37.43039287145337,57.4964972858779,6.79033632946218
2025-07-15,7,52,53.56151975959927,51.580000000000005,25.554097878270863,50.45735192270093,52.30851237751649,26.98073068432301
2025-07-15,8,52,30.968141107032732,97.77000000000001,82.20491687257312,15.92010138838794,25.119215174446204,24.559056676056056
2025-07-15,9,52,25.70766859383432,128.26,114.29260252254903,10.889909151294995,21.91348646686585,28.106237742402136
2025-07-15,10,52,25.3261008111548,144.89,139.32883752204216,3.838196202607373,19.8824173405608,28.80763448473854
2025-07-15,11,52,19.547088936350665,157.98,147.25496860615786,6.788853901659786,16.167201704724462,25.540945253123702
2025-07-15,12,52,25.876803268945626,136.1,154.8735050534714,13.793905256040714,21.307660565105813,28.99972602910901
2025-07-15,13,52,68.2802078391797,100.8,151.32329718985608,50.122318640730235,56.218174146335876,56.66791953950656
2025-07-15,14,52,136.3485973126475,61.72999999999999,144.73516266402794,134.46486742917213,135.53203774309625,83.6639268988133
2025-07-15,15,52,98.58542161588653,48.910000000000004,96.80443902393489,97.92361280706375,99.5012348576738,48.66605396888826
2025-07-15,16,52,71.13053898689859,34.42999999999999,56.60675213534864,64.41113022175038,68.51320688282547,23.589097129756805
2025-07-15,17,52,35.34624035398956,26.919999999999995,22.374752515283923,16.88427743208051,42.677430666479374,11.488764335416244
2025-07-15,18,51,59.9141226736015,12.310000000000002,12.309400323722922,0.004871456353208025,49.37048866364208,6.077507154494341
2025-07-15,19,12,58.393716772236914,1.4900000000000002,0.21349720100257213,85.67132879177367,94.48745135156544,1.4078630251383253
2025-07-16,6,2,416.4803761848693,1.07,0.17477772011412654,83.66563363419378,97.52564183619107,1.0435243676472445
2025-07-16,7,29,455.7527912870821,3.6300000000000003,6.512133993560182,79.39763067658903,157.1585816734758,5.7048565147471715
2025-07-16,8,50,107.93976839066872,22.279999999999998,21.064478775012564,5.45566079437807,65.29079171594819,14.546788394313253
2025-07-16,9,52,56.726139514176886,48.17999999999999,35.39038319819716,26.545489418436762,49.98523150945759,24.082884541256664
2025-07-16,10,52,63.99246605730605,104.44,45.85845392950712,56.09110117818161,64.44894835010872,67.31048165685355
2025-07-16,11,52,47.385053230784,157.23000000000002,86.2514642464924,45.143125200984294,46.44575040188337,73.02665335688124
2025-07-16,12,52,42.87903304979841,159.07,89.31355572848256,43.85267132175611,44.63366369133731,70.99876883381026
2025-07-16,13,52,37.28140949246062,145.26,108.85423463322623,25.062484763027516,35.090837895291685,50.97295112670069
2025-07-16,14,52,49.70435611389959,87.03,84.82617365342348,2.532260538408043,36.11021447111529,31.426719654211638
2025-07-16,15,52,57.2957806127411,57.1,63.84577181202819,11.813961141905759,41.341111985514715,23.6057749437289
2025-07-16,16,52,76.31600499660891,52.46999999999999,39.85225491930266,24.047541606055525,65.25765600127929,34.24069210387123
2025-07-16,17,52,52.403717751323164,33.260000000000005,16.828167956314186,49.40418533880281,62.5326278503434,20.79835202302422
2025-07-16,18,49,84.83688462880521,14.529999999999998,6.190660718555522,57.39393861971423,76.58043931988196,11.127137833178846
2025-07-16,19,31,80.04390022199517,2.3399999999999994,1.4846035525425787,36.555403737496626,100.09429084827693,2.342206405849679
2025-07-17,6,50,56.94404359936293,16.17,6.667722176090013,58.764859764440246,63.330283532201534,10.24050684715699
2025-07-17,7,51,43.37636031589007,55.870000000000005,32.968634520059304,40.99045190610471,41.14067181130625,22.985293340976803
2025-07-17,8,51,37.42786522862888,103.03000000000002,76.9085237061032,25.353272147817936,31.628205428966343,32.58654005346403
2025-07-17,9,51,23.805134893157398,133.58999999999997,119.77024229653874,10.344904336747689,17.04317076141408,22.767971820173063
2025-07-17,10,51,24.48084605534419,162.93,139.90525972322348,14.131676349829084,19.556694956555535,31.863723092715933
2025-07-17,11,51,21.383114914105626,187.81000000000003,150.9371714249472,19.633048599676712,19.699312509481075,36.997278824056416
2025-07-17,12,51,20.357226383028053,176.43,169.96953046220165,3.6617749463233915,15.317660926413836,27.024949172471935
2025-07-17,13,51,16.718606145513828,177.55999999999997,169.79079565733664,4.375537476156415,12.298739202628639,21.83764132818741
2025-07-17,14,51,23.583226109976188,160.38,152.42284535218872,4.961438239064272,19.855543459878724,31.8443206009535
2025-07-17,15,52,26.97060643475748,130.01,115.69937444762864,11.007326784379162,22.418193490652627,29.14589335719748
2025-07-17,16,52,42.52157071704855,121.2,79.81203925812193,34.14848246029544,39.29873706235485,47.63006931957408
2025-07-17,17,52,32.455111134359804,71.11999999999999,55.835276146894024,21.49145648636947,27.57753007682295,19.61313939063648
2025-07-17,18,52,26.644958570353754,26.680000000000003,25.11476690952803,5.866690743897953,29.39201956939587,7.841790821114819
2025-07-17,19,40,83.46470388878326,3.72,2.8982481409062952,22.09010373907809,101.68786161943567,3.782788452243007
2025-07-18,6,49,49.53271273525788,15.91,7.797435419232729,50.990349344860284,55.62014985416085,8.84916584179699
2025-07-18,7,51,36.8229894470641,46.85999999999999,30.966542312715188,33.91689647307897,34.69635116987031,16.258710158201225
2025-07-18,8,51,39.82489692465152,77.58999999999997,80.55104886489292,3.816276407904299,26.240373676244346,20.35990593539798
2025-07-18,9,51,22.740378838190107,124.05999999999999,125.94024560080241,1.5155937456089195,17.145938858788853,21.271251748213448
2025-07-18,10,52,27.581201742518065,144.51999999999998,154.99569584469648,7.2486132332524935,20.062216762935748,28.993915665794738
2025-07-18,11,52,26.25661496793896,170.27999999999994,159.7458532360278,6.186367608628221,20.80885438396594,35.43331724501719
2025-07-18,12,52,40.324033970607,152.47000000000003,161.22196953995982,5.740125624686684,27.60025848841098,42.08211411728023
2025-07-18,13,52,44.66372798929569,142.11,152.67436750179024,7.433936740405481,30.550387770385058,43.41515606049421
2025-07-18,14,52,72.04425518247993,118.28,126.50437845954735,6.953312867388699,38.84965689777785,45.951374178691644
2025-07-18,15,52,84.52149877652262,91.27999999999999,114.25008645315437,25.164424247539856,50.45840637785639,46.05843334170731
2025-07-18,16,53,55.63790185204675,77.24,82.56414032805027,6.8929833351246454,41.827984266063034,32.30793504710709
2025-07-18,17,53,30.02343810688898,56.61999999999999,43.23321660082407,23.64320628607545,28.34146019886322,16.046934764596354
2025-07-18,18,53,31.27919089116474,22.07,19.73894184876296,10.562112148785868,26.535053201035147,5.856286241468457
2025-07-18,19,32,67.0137098207811,2.4699999999999998,2.2961369180637834,7.038991171506735,101.69968868982981,2.511982310638796
2025-07-19,6,51,53.73811437987788,16.35,7.672091508040668,53.07589291718246,57.51876464849306,9.404318020028615
2025-07-19,7,53,46.28127350326404,56.150000000000006,32.81037849761891,41.56655654920942,44.183442302556095,24.80900285288525
2025-07-19,8,53,39.898393240307925,102.35000000000001,83.63673808771301,18.283597373998038,23.536499181361094,24.08960691212308
2025-07-19,9,53,26.82451087336586,136.94,129.49558417431794,5.436261008968933,18.74502715262734,25.66944018280788
2025-07-19,10,53,18.3952582009041,171.00000000000003,154.84879147572536,9.445151183786352,16.69295083794825,28.544945932891515
2025-07-19,11,53,33.400832951303556,171.54,161.14284068663073,6.061069904027782,24.051334449805783,41.25765911519684
2025-07-19,12,53,22.954760377963204,185.39,173.63708343971194,6.3395633854512345,17.042188894294796,31.59451399113312
2025-07-19,13,53,20.63862608420277,177.82999999999996,163.2864080145219,8.178368096203151,18.685398349791388,33.22824388543402
2025-07-19,14,53,22.308345499586515,172.56000000000003,143.64635840042018,16.755703291365233,19.186783726796666,33.10871399896033
2025-07-19,15,53,33.77597707530035,141.78,97.07538832670808,31.530971697906562,32.285780309198586,45.774779322381754
2025-07-19,16,53,48.27194902039717,91.0,46.57741814464246,48.81602401687642,49.24138381612389,44.80965927267275
2025-07-19,17,53,48.91985528967416,62.65,31.178776720000414,50.23339709497141,50.36869491139553,31.5559873619893
2025-07-19,18,53,54.41779581914202,26.380000000000003,12.122220896402212,54.047684244115956,56.216915807088974,14.830022389910074
2025-07-19,19,33,55.65531619426364,4.52,1.3671924565906115,69.75237927896877,89.94370757806303,4.065455582528449
2025-07-20,6,51,54.93867515243356,14.800000000000002,6.416156971276772,56.647588031913706,59.92509628193472,8.86891424972634
2025-07-20,7,53,52.10188515332443,56.18000000000001,26.409853579136655,52.99064866654209,52.990648666542086,29.770146420863345
2025-07-20,8,53,41.94067238172912,99.50000000000001,64.39080505477048,35.28562306053219,37.88255115491854,37.69313839914395
2025-07-20,9,53,41.046103486083105,127.14000000000001,101.25256883877411,20.36135847194109,31.536571516559803,40.09559702615414
2025-07-20,10,53,31.813196655554073,166.01,134.5043953760798,18.978136632684894,27.084744869364265,44.96338495763161
2025-07-20,11,53,46.86482063139663,161.65,154.56923023451085,4.380309165164956,28.291511125268748,45.733227733996934
2025-07-20,12,53,43.420344014393905,164.11,145.6206850710338,11.26641577537397,34.626825182273414,56.826082806628904
2025-07-20,13,53,41.59679034926819,158.99999999999997,131.66843685968934,17.189662352396628,31.938798874229274,50.78269021002453
2025-07-20,14,53,39.52619082005745,149.26999999999992,131.52352900458956,11.888839683399459,32.512031779770304,48.53070983766311
2025-07-20,15,53,46.339845180956985,140.77,107.13402923861973,23.894274889095886,34.7435015447251,48.90842712450952
2025-07-20,16,53,44.20809757588058,97.83000000000001,74.15383423629858,24.201334727283484,34.734962243347766,33.98121356266712
2025-07-20,17,53,42.58698612448604,62.73,42.031473634680395,32.9962161092294,39.240419923535526,24.615515418033837
2025-07-20,18,53,39.829977190137,22.03,15.066981901622045,31.60698183557856,41.942284205685844,9.239885210512591
2025-07-20,19,20,107.81370783518749,1.9100000000000004,0.8985819925822898,52.9538223778906,97.96161259712794,1.871066800605144
2025-07-21,6,52,54.12393028873459,14.959999999999999,6.6548003744325195,55.516040277857485,62.621646551563984,9.36819832411397
2025-07-21,7,53,56.582289752180394,48.9,27.423613103871162,43.918991607625436,45.9757480126451,22.482140778183453
2025-07-21,8,53,85.25918054719979,92.88999999999999,62.996064306848574,32.18208170217614,38.89605703061816,36.1305473757412
2025-07-21,9,53,97.1597938866014,125.50999999999999,73.20357046391878,41.675109183396714,44.437159092127814,55.77307837652962
2025-07-21,10,53,33.14139194927703,136.6,106.40059816294136,22.107907640599294,33.36530709783882,45.57700949564783
2025-07-21,11,53,38.89240377529518,163.49,115.40117947969883,29.413921659001275,37.926511178054234,62.00605312500087
2025-07-21,12,53,41.62275815963816,155.19,106.56877516324818,31.330127480347848,39.195289793757674,60.82717023093254
2025-07-21,13,53,48.44562138321103,146.38999999999996,98.31902802158834,32.837606379132204,46.78215645408289,68.48439883313192
2025-07-21,14,53,41.38946134013443,142.44,97.14272860641944,31.800948745844256,39.645720439459296,56.47136419396582
2025-07-21,15,53,43.3103842445731,134.78,83.5951514707491,37.976590391193724,44.11523460667276,59.45851320287355
2025-07-21,16,53,46.83236778788019,94.90999999999998,58.354400751831506,38.51606706160414,45.98563084923076,43.644962239004904
2025-07-21,17,53,49.02920804305394,54.96000000000001,26.448171697891254,51.87741685245406,53.77920055123385,29.55704862295813
2025-07-21,18,53,74.57228830452264,20.900000000000002,11.102179120183457,46.87952574074901,62.824044703540025,13.130225343039866
2025-07-21,19,32,66.34606383548332,7.59,0.9890900878559417,86.96851004142368,92.33522931059184,7.00824390467392
2025-07-22,6,50,51.84027528207772,17.020000000000003,6.583671290880783,61.31803001832677,65.74874571301429,11.190436520355034
2025-07-22,7,52,46.40361872936874,49.080000000000005,25.961706406257008,47.10328768081295,56.13378347074827,27.55046092744325
2025-07-22,8,52,49.72430628836876,91.03999999999998,65.04703633535884,28.5511463803176,44.49957126671888,40.51240968122086
2025-07-22,9,53,30.543179650124273,138.22,106.1523281049932,23.200457166116912,26.969235429150828,37.27687721017227
2025-07-22,10,53,41.643147070026245,149.13000000000002,117.86940854188407,20.961973753179073,32.48395815682918,48.44332679927937
2025-07-22,11,53,33.32337752919227,149.32000000000002,130.60623510497345,12.532657979524892,28.55744800627788,42.641981362974136
2025-07-22,12,53,44.08277456910222,154.17,147.63704645969798,4.2374998639826185,29.83215587067955,45.99223470582666
2025-07-22,13,53,39.91750082475586,172.09000000000003,139.6963154600315,18.823687919093796,27.3575657126758,47.079634834943796
2025-07-22,14,53,57.20356619963598,144.02000000000004,133.7421748410317,7.136387417697778,37.745186310429816,54.36061732428103
2025-07-22,15,53,54.04031320619603,112.31999999999998,59.02327231349054,47.450790319185764,56.383160283418746,63.32956563033592
2025-07-22,16,53,57.88632791207047,94.7,37.159704939824124,60.76060724411392,64.917344932373,61.476725650957235
2025-07-22,17,53,59.03337315162385,52.03000000000001,17.981347414422896,65.4404239584415,66.32052269910004,34.506567960341755
2025-07-22,18,51,53.22863032211996,25.929999999999996,10.52991845162958,59.39098167516551,63.60752504799835,16.49343124494597
2025-07-22,19,32,87.93223238463644,8.579999999999998,1.182644075773271,86.21626951313203,92.9330370814396,7.973654581587516
2025-07-23,6,51,63.81577776319312,20.83,5.717540657627903,72.55141306947718,74.61348680280072,15.541989301023388
2025-07-23,7,51,57.00305765457861,59.74999999999999,25.612847211015332,57.13331010708731,57.13331010708732,34.13715278898467
2025-07-23,8,52,39.57226135789228,105.51999999999998,68.24790039292294,35.32230819472806,35.706040208922,37.67701362845448
2025-07-23,9,52,32.273428041102385,143.38,106.30652935023531,25.856793590294803,28.33991268060855,40.63376680145653
2025-07-23,10,52,43.39474490219535,146.82,131.87947779495073,10.176081055066929,27.437513585393507,40.283757446074745
2025-07-23,11,52,52.46163229162521,168.19000000000003,159.39667648265018,5.228208286669746,26.743587901127103,44.98004049090568
2025-07-23,12,51,58.94661196352499,155.95,153.1633101571341,1.786912371186844,31.428868910018913,49.013321065174495
2025-07-23,13,52,59.32342061103974,154.65,147.81022328639042,4.422746015913082,32.10353596670606,49.64811837251092
2025-07-23,14,52,67.31238358373166,136.92999999999998,126.53425070098783,7.5920173073922115,44.21938469130499,60.54960345780391
2025-07-23,15,52,44.57090976053137,129.06,99.26619909110492,23.085232379432107,39.00759939855051,50.343207783769294
2025-07-23,16,52,54.6943054502515,101.78,77.82977077745414,23.531370821915758,39.447247186917735,40.14940818684487
2025-07-23,17,52,62.7201825842297,54.33,39.329119510520364,27.61067640250255,46.3879372301063,25.202566297116753
2025-07-23,18,52,43.551471789855114,26.85,16.659640411455133,37.95292211748554,43.65397287141135,11.721091715973948
2025-07-23,19,25,111.69526713948915,7.209999999999999,0.8948098520838019,87.58932243989179,96.0543418171707,6.9255180450180065
2025-07-24,6,51,63.8786285520316,19.66,6.231180209337604,68.30528886399996,71.10873840444029,13.97997797031296
2025-07-24,7,52,50.06775186781396,56.07,28.12794485393417,49.834234253728965,52.28433894175566,29.315828844642397
2025-07-24,8,52,35.65981860272828,90.30999999999999,73.47761829101921,18.638447247238155,30.209928013215787,27.28258598873517
2025-07-24,9,52,37.19131920124269,141.55999999999997,111.76501882820351,21.047599019353257,27.70223179170856,39.21527932434263
2025-07-24,10,52,43.73642161365272,155.94,147.0432274201235,5.705253674410999,24.846263139965714,38.745262740462536
2025-07-24,11,52,38.680335974009154,166.91,156.19811807602508,6.417759225915113,24.771189093331635,41.34559171567983
2025-07-24,12,53,58.61088609131797,165.26000000000002,165.84873355195936,0.35624685462866773,30.830964099411624,50.951251270687656
2025-07-24,13,53,45.744669477659535,158.13000000000002,141.8407314351574,10.301187987632083,31.251102782738876,49.41736883034499
2025-07-24,14,53,42.11985775026427,150.74,144.06734927469526,4.426595943548326,32.30163296538874,48.691481532026984
2025-07-24,15,53,56.02870747172736,125.50999999999999,104.9402236974796,16.388954109250577,40.92770301438467,51.368360053354195
2025-07-24,16,53,42.6036877690799,103.01,72.2154296340751,29.89473873014747,38.15322625245012,39.301638362648866
2025-07-24,17,53,43.36637678951217,67.08999999999999,45.16601877901965,32.67846358768869,39.53918543766042,26.526839510126376
2025-07-24,18,53,29.795957018465817,29.100000000000005,21.16725970055586,27.260275943107022,33.131423447535866,9.641244223232938
2025-07-24,19,32,84.3519704660117,6.739999999999999,1.6167749409072507,76.0122412328301,91.3274099057535,6.155467427647785
2025-07-25,6,52,60.07168598306526,16.150000000000002,5.921442161430844,63.33472345863256,70.68607470960954,11.415801065601944
2025-07-25,7,53,45.67611227477144,42.9,26.73582497124887,37.67872967074855,54.8320696906342,23.52295789728207
2025-07-25,8,53,44.28430921964642,74.83,67.97073793440363,9.166460063605998,35.011196094710826,26.19887803767211
2025-07-25,9,53,44.701057043647275,118.92999999999999,100.25426519979332,15.703131926517003,30.367549294033857,36.116126375394465
2025-07-25,10,53,59.66798370919759,139.58,132.96258613274662,4.740947031991253,38.85174624880563,54.22926741408291
2025-07-25,11,53,66.64270715361206,128.98000000000002,142.2770647010315,10.309400450481835,41.49070886083264,53.51471628870195
2025-07-25,12,53,45.4573539833818,172.76999999999998,159.41202800207998,7.731650169543326,26.189641969528697,45.247844430754725
2025-07-25,13,53,49.44561792006564,162.54999999999998,171.24786567592673,5.350886297094279,28.75887482229328,46.74755102363772
2025-07-25,14,53,59.48040103443881,136.09,155.36894064930087,14.16631688537061,34.61649176390868,47.10958364150331
2025-07-25,15,53,38.17029552219988,136.79,118.4411556990593,13.41387842747328,24.718580641993334,33.81254646018268
2025-07-25,16,53,38.70558064008167,108.04999999999998,84.44708627815773,21.844436577364423,27.306232860216,29.504384605463382
2025-07-25,17,53,34.56721701414251,70.60000000000001,55.2015848856683,21.810786280923104,29.04246533617854,20.50398052734205
2025-07-25,18,52,32.646119683767104,28.87,21.85610285972463,24.29475975156,40.1381862240388,11.58789436288
2025-07-25,19,31,56.584627358809826,8.349999999999998,1.1448926050146502,86.28871131718981,91.36477214729591,7.628958474299206
2025-07-26,6,51,59.152224308072476,19.479999999999997,5.770114850061604,70.3792872173429,73.91011922814083,14.39769122564183
2025-07-26,7,53,46.50839233610967,51.27,26.895655790465295,47.541143377286346,51.979040497580506,26.649654063109526
2025-07-26,8,53,46.93308805608495,73.97000000000001,70.50098510513698,4.689759219768874,39.878399018609265,29.49805175406528
2025-07-26,9,53,53.80300602934383,102.96,104.19112097815552,1.195727445761005,42.31381036585458,43.566299152683875
2025-07-26,10,53,59.02883848696294,123.85000000000001,136.18413855297,9.9589330262172,38.64119684636466,47.85712229422263
2025-07-26,11,53,50.339531494258225,135.65,130.31034031388714,3.93635067166448,35.12726524986579,47.65013531144295
2025-07-26,12,53,46.935796260146645,163.15,132.92253443677518,18.527407639120334,33.75112640771821,55.064962734192264
2025-07-26,13,53,58.76845416279893,161.69000000000003,151.1765885361177,6.502202649441729,31.90881258173045,51.59335906339997
2025-07-26,14,53,53.31790210782563,153.36999999999998,146.82310163776486,4.268695548174423,30.16819917541459,46.26896707533335
2025-07-26,15,53,42.77882544781881,132.35,127.65539471643243,3.547113927893894,26.159689657509677,34.62234926171406
2025-07-26,16,53,49.90640121323294,102.14000000000003,95.81685393399664,6.190665817508701,28.078813417273924,28.679700024403594
2025-07-26,17,53,41.03035203974875,65.50999999999999,57.51955480687817,12.197290784798998,28.357229656524453,18.576821147989165
2025-07-26,18,53,37.56040994416004,25.8,23.7253639486585,8.041225005199612,41.48606990973073,10.703406036710529
2025-07-26,19,31,80.00883115009741,6.339999999999998,1.1896693036415962,81.23549994256157,91.13795715912356,5.778146483888432
2025-07-27,6,50,66.8024609746615,17.17,5.747034640732807,66.5286276020221,70.13820349940103,12.042729540847159
2025-07-27,7,52,42.01594963790063,46.720000000000006,27.56687515764292,40.99555830983965,47.732083368761934,22.30042934988558
2025-07-27,8,53,39.01451401416619,85.50999999999999,73.59022913780534,13.939622105244599,29.885321399729563,25.554938328908747
2025-07-27,9,53,46.04010294778258,114.54,109.60803831097382,4.305885881810879,36.237164779300436,41.50604853821072
2025-07-27,10,53,51.55861877291825,132.47000000000003,135.49499932343136,2.283535384186103,36.54210684770221,48.40732894115112
2025-07-27,11,53,54.39828247284767,152.02,148.6688988771755,2.204381741102817,31.644195331645513,48.10550574316751
2025-07-27,12,53,33.76223378356997,170.06000000000003,155.68534997917726,8.452693179361853,27.45223399898627,46.685269138676055
2025-07-27,13,53,58.2054517539922,154.89,148.4874576256373,4.133606026446315,31.379082820809934,48.6030613811525
2025-07-27,14,53,38.576027204543976,165.07999999999998,141.08856647221322,14.533216336192616,23.551143957077343,38.87822844434327
2025-07-27,15,53,32.65471930486166,137.29999999999998,117.71095936066831,14.267327486767426,25.0357059302482,34.374024242230774
2025-07-27,16,53,32.51421590299953,108.47999999999999,89.7125939704317,17.30033741663744,24.080043491965778,26.122031180084473
2025-07-27,17,53,28.57108576528501,61.18,54.795094249888855,10.43626307635035,26.37579300424419,16.136710159996596
2025-07-27,18,53,39.943342078177125,27.4,23.082615757341056,15.756876798025338,35.94102138233317,9.847839858759286
2025-07-27,19,31,61.15296971144155,7.169999999999998,1.0821767277679273,84.90687966850868,89.7543203876742,6.435384771796238
2025-07-28,6,50,57.85316303182978,17.569999999999997,5.700153364049041,67.55746520176983,71.55483421335538,12.572184371286538
2025-07-28,7,53,58.35562513842246,51.0,26.56590266826206,47.90999476811361,53.71433657441723,27.39431165295279
2025-07-28,8,53,46.775491956712834,71.02,68.81531966910171,3.1043091113746613,41.84390283448578,29.7175397930518
2025-07-28,9,53,92.95580721238576,87.93999999999998,100.43490189782828,14.208439729165685,45.719754388950626,40.20595200964318
2025-07-28,10,52,87.74817031502045,91.4,105.75119422916308,15.701525414839246,54.78056257870955,50.06943419694053
2025-07-28,11,53,62.74542734612246,129.94000000000003,140.2018256072853,7.897356939576157,41.07983660054749,53.379139678751415
2025-07-28,12,53,105.49154172252759,132.98000000000002,155.66707890598917,17.060519556316102,43.18380308200124,57.42582133844526
2025-07-28,13,53,55.62839088404379,131.55999999999997,146.9564174533247,11.702962491125508,34.36879227248169,45.21558311367691
2025-07-28,14,53,59.96768035663938,127.58,112.73921889394774,11.632529476447925,40.66458775895374,51.87988106287318
2025-07-28,15,53,54.257553931907424,100.72999999999999,79.40290989902583,21.172530627394185,41.59178091961359,41.895400920326765
2025-07-28,16,53,50.73546428109292,85.85999999999999,45.93794339595137,46.49668833455465,53.73628952006393,46.13797818192688
2025-07-28,17,53,76.36496760938935,44.65,32.25420173967027,27.762146159753026,56.130433195179805,25.062238421647784
2025-07-28,18,52,56.801234729423655,19.82,9.703859338467405,51.04006388260643,62.56832597630684,12.401042208504014
2025-07-28,19,12,51.859539976367294,6.359999999999999,0.46595193111647315,92.67371177489821,92.67371177489824,5.894048068883527
2025-07-29,6,50,65.42171720641517,17.279999999999998,5.19154959274613,69.9563102271636,74.77357441511629,12.920873658932091
2025-07-29,7,51,52.9164965505674,56.91,25.861929724456818,54.55644047714493,54.79849650138996,31.185824358941026
2025-07-29,8,53,42.71988005141228,98.62999999999998,68.0000031192634,31.055456636658818,34.90153881163652,34.42338772991709
2025-07-29,9,53,37.13702840066923,131.99999999999997,111.24107386056063,15.726459196544956,25.35450824028092,33.46795087717081
2025-07-29,10,53,36.52452475596915,162.92000000000002,141.8185726137143,12.952017791729503,23.010195871412975,37.48821111370602
2025-07-29,11,53,32.72863560507372,169.02,160.37199125882356,5.116559425616172,24.085878814304927,40.70995237193819
2025-07-29,12,53,25.72285865972458,186.63,170.804541586852,8.479589783608208,16.078637776179516,30.007561681683832
2025-07-29,13,53,50.20135337211463,157.04,171.22692577546022,9.033956810659847,29.647952758339656,46.55914501169659
2025-07-29,14,53,36.861723632830824,150.11999999999998,159.62120185808848,6.329071315007,30.809593528934037,46.25136180563577
2025-07-29,15,53,39.648404559665614,130.73,119.6921237184919,8.443261899723163,26.852427218267998,35.10417810244175
2025-07-29,16,53,36.84623277089362,106.73999999999998,83.47872990033564,21.792458403283067,29.352220973343158,31.330560666946482
2025-07-29,17,53,42.553358797117355,62.949999999999996,38.89322606210202,38.215685366001544,40.5261950187104,25.511239764278198
2025-07-29,18,53,33.3498744572605,24.939999999999998,17.794602817593532,28.65034956859048,37.34738066215739,9.314436737142053
2025-07-29,19,20,182.49972058516272,6.249999999999999,0.7902476107611671,87.35603822782133,97.39151355845425,6.08696959740339
2025-07-30,6,47,56.65720650847735,14.040000000000003,4.793082811780738,65.86123353432522,71.29467134369904,10.009771856655346
2025-07-30,7,53,35.85991081339425,36.400000000000006,23.582704172894058,35.212351173367985,43.98309211096195,16.00984552839015
2025-07-30,8,53,33.933713453135375,64.42999999999999,47.86246996343807,25.713999746332334,38.910474796134444,25.07001891114942
2025-07-30,9,53,49.496938057848396,111.88,54.3720681915232,51.40144065827387,56.072083902196454,62.733447469777396
2025-07-30,10,53,46.06101762233334,113.61,61.63388343086744,45.74959648722169,46.24055255492869,52.53389175765449
2025-07-30,11,53,44.462674218436135,141.53999999999996,84.69018138999412,40.165196135372234,43.2112385192511,61.16118700014798
2025-07-30,12,53,30.45220374710325,116.52000000000001,83.87520760699604,28.016471329388914,30.317702862368268,35.326187375231505
2025-07-30,13,53,37.457555778064325,123.5,90.66443452996688,26.587502404885115,34.876095360187165,43.07197776983115
2025-07-30,14,53,34.233350860150075,97.22,62.14493970870741,36.078029511718356,37.93296305032374,36.87842667752474
2025-07-30,15,53,43.08630255375666,67.04,34.91322356120735,47.92180256383152,49.21979667933344,32.99695169382514
2025-07-30,16,53,56.13271342982497,46.06999999999999,17.575632356698545,61.85015768027231,61.850157680272325,28.494367643301455
2025-07-30,17,53,66.40191186802406,32.14000000000001,10.15731886504618,68.39664323258813,68.50281471944812,22.016804650830633
2025-07-30,18,52,62.84433174896933,17.500000000000004,5.34900144783067,69.4342774409676,70.14143777691937,12.274751610960893
2025-07-30,19,9,63.02280007681047,6.619999999999999,0.27211725649224594,95.88946742458843,96.07716840770067,6.360308548589783
2025-07-31,6,18,67.27022432130548,6.51,0.6874949494153678,89.43940169868867,91.60949212847676,5.963777937563838
2025-07-31,7,39,575.4572546926695,9.66,10.430487984678974,7.976066093985239,115.4721902420155,11.154613577378697
2025-07-31,8,51,344.1022758967594,15.750000000000002,31.0760543596,97.30828164825395,150.5679193507864,23.714447297748862
2025-07-31,9,53,145.19662412968705,42.37,54.8987903365893,29.569955951355446,84.14093980945586,35.65051619726645
2025-07-31,10,53,63.70392033019824,72.61,64.75747029357323,10.814666996869253,57.65614487651656,41.86412679483867
2025-07-31,11,53,55.55553439040166,70.99,47.41961859557041,33.20239668182784,45.09445937664773,32.01255671148222
2025-07-31,12,53,57.7122413134977,116.14999999999999,50.86225216806066,56.20985607571186,62.915392847708254,73.07622879261312
2025-07-31,13,53,49.15121821758028,118.08,72.89162826858086,38.269285002895614,51.89103965381925,61.27293962322977
2025-07-31,14,53,63.787426859246295,85.85,55.67750984541751,35.14559132741116,53.986421199930135,46.34734260014002
2025-07-31,15,53,45.57981270765289,87.17,48.83913021127778,43.97254765254356,49.06829063218592,42.77282894407647
2025-07-31,16,53,48.261234716809284,73.42999999999998,34.597253492475474,52.88403446482979,54.83538326671221,40.26562193274677
2025-07-31,17,53,55.58289364962062,43.09,19.352281588080448,55.088694388302514,57.03620685712586,24.576901534735537
2025-07-31,18,53,65.70227468160569,23.130000000000003,7.540657280467579,67.39880120852754,69.05396373255941,15.972181811340993
2025-07-31,19,24,59.675048443888855,6.61,0.6532881653459618,90.11666920807924,93.53574233713307,6.182712568484496
2025-08-01,6,30,72.68038195255333,9.999999999999996,1.2780462012073712,87.21953798792629,87.77884174953378,8.777884174953375
2025-08-01,7,31,155.2317069871571,14.269999999999998,4.507510058541595,68.41268354210514,84.29124581569167,12.028360777899199
2025-08-01,8,42,257.20119871984906,13.19,14.959478900370291,13.41530629545331,90.86407844604908,11.984971947033873
2025-08-01,9,51,307.96658207015355,22.330000000000002,37.66225223647862,68.66212376389888,106.07533320779578,23.6866219053008
2025-08-01,10,53,151.43892921692205,25.019999999999996,39.364018979901815,57.33021175020711,94.86480098824369,23.735173207258565
2025-08-01,11,53,204.76902591311193,31.829999999999995,63.40494771175002,99.1987047180334,120.72824038076284,38.4277989131968
2025-08-01,12,53,91.7014973408415,45.660000000000004,66.0280190488877,44.60801368569359,62.72474819581168,28.640120026207615
2025-08-01,13,53,70.28909073560719,46.529999999999994,53.619483010167386,15.236370105668156,50.645838069537085,23.565508453755605
2025-08-01,14,53,45.81438658347389,45.12,43.7717346829241,2.988176677916444,47.55089318949982,21.454963007102315
2025-08-01,15,53,54.80740865471905,57.77,21.847802637179946,62.18140447086733,62.42015543427441,36.06012379438033
2025-08-01,16,53,66.09579385710182,53.98,16.634097707462637,69.18470228332228,70.13658413309328,37.85972811504375
2025-08-01,17,53,80.01715528079976,34.41,6.342527208908379,81.56777910808376,81.56777910808376,28.067472791091618
2025-08-01,18,53,81.5772341839724,17.66,3.2448700508341233,81.62587740184529,82.26324999527677,14.527689949165877
2025-08-01,19,8,64.51153593268735,7.11,0.2447861062816562,96.55715743626362,96.72593380757164,6.877213893718343
2025-08-02,6,47,97.42446069556937,14.95,2.489297729943747,83.34917906392143,86.52940213875421,12.936145619743753
2025-08-02,7,48,100.7513131201109,32.72,8.661201288843095,73.52933591429371,77.2676829740217,25.2819858690999
2025-08-02,8,52,74.97758168250502,49.269999999999996,14.192676601486905,71.19408037043452,73.64115956747764,36.28299931889623
2025-08-02,9,53,52.62938465724017,62.550000000000004,32.82575211329179,47.52077999473735,54.082074436587,33.828337560085174
2025-08-02,10,53,48.921896513450584,102.48,58.582060045922724,42.835616660887275,50.481017577271935,51.73294681318828
2025-08-02,11,53,45.05466206382886,122.60000000000002,74.44042618216281,39.28187097702872,44.85799576324323,54.99590280573621
2025-08-02,12,53,66.07807273974821,125.74000000000001,97.25804110694061,22.65147040962255,41.824035949538754,52.58954280295003
2025-08-02,13,53,49.0410004480532,134.29999999999998,86.38376446512251,35.67850747198621,50.457726944284076,67.76472728617351
2025-08-02,14,53,40.55779530373418,138.22,90.50589359963732,34.520406887832934,40.13089286833754,55.46892012261615
2025-08-02,15,53,48.74399079394452,122.58,60.390576334477586,50.73374422052734,52.687090247067516,64.58383522485536
2025-08-02,16,53,47.74703358219222,88.44999999999999,46.51497182965521,47.410998496715415,52.73128607661944,46.640822534769896
2025-08-02,17,53,42.34043481139971,49.199999999999996,29.2154535947958,40.618996758545116,44.55034491542907,21.918769698391102
2025-08-02,18,53,59.86705132178294,21.449999999999996,10.559736215949293,50.77046053170492,58.61421604845523,12.572749342393646
2025-08-02,19,14,159.21473591365137,6.159999999999999,0.564321258131091,90.83894061475502,96.80597726301507,5.963248199401727
2025-08-03,6,48,78.6605732860267,14.73,3.358793788023392,77.19759818042505,80.81547218746536,11.904119053213648
2025-08-03,7,52,46.641682253339525,39.330000000000005,24.76354712474119,37.036493453493044,54.55765619864874,21.457526182928554
2025-08-03,8,53,42.8055490178785,74.19999999999999,64.01224601384696,13.730126665974431,37.364936290175066,27.724782727309893
2025-08-03,9,53,64.11953614795291,99.27999999999999,97.75860976155948,1.5324236890013128,46.86463600483441,46.527210625599594
2025-08-03,10,53,39.81298553872891,140.78,120.58304059939243,14.34646924322174,35.01674027308647,49.29656695645114
2025-08-03,11,53,43.852715386803254,146.63000000000002,114.98301973496406,21.582882264908925,37.332120968970415,54.740088976801324
2025-08-03,12,53,42.31144592482414,161.67,139.00927052612678,14.016657063074907,31.63099745703825,51.13783358879374
2025-08-03,13,53,37.59755175661492,160.06000000000003,162.36514473303927,1.4401753923773846,25.182345119278203,40.3068615979167
2025-08-03,14,53,21.464991668598774,168.91,142.56969168875753,15.594285898550982,18.087776668619608,30.552063570965377
2025-08-03,15,53,25.088663394886645,141.32999999999998,125.11518386227326,11.473017857303283,15.432248106295896,21.810396248627985
2025-08-03,16,53,29.576944875243033,110.01000000000002,85.97767494018478,21.84558227417074,22.916115585884185,25.210018756031197
2025-08-03,17,53,28.573594768017813,65.47,51.06547221638195,22.00172259602574,24.58022961490094,16.092676328875644
2025-08-03,18,53,29.571949600607873,24.82,19.570780569025306,21.1491516155306,34.6223321908504,8.59326284976907
2025-08-03,19,10,63.32561027645567,6.109999999999999,0.3927995576586902,93.57120200231277,94.24443642522924,5.758335065581506
2025-08-04,6,49,67.47190720180727,14.299999999999999,3.9891350570424446,72.10395065005282,75.94271551434326,10.859808318551085
2025-08-04,7,52,34.379961447856125,42.26,26.907390124247623,36.328939601875,36.830921708337804,15.564747513943555
2025-08-04,8,52,21.48319178556614,82.34,69.53842059192824,15.547218129793247,17.44468402755122,14.363952828285674
2025-08-04,9,52,20.678251369715564,114.41,103.98368943170581,9.113111238785232,16.893059573669518,19.327349458235293
2025-08-04,10,52,30.987392065552573,140.98000000000002,134.11554613724127,4.8690976470128735,14.363616223957573,20.24982615253539
2025-08-04,11,52,21.700274068388563,158.49999999999997,139.26007274102517,12.138755368438362,17.80424668538142,28.219730996329545
2025-08-04,12,52,63.056010719937696,132.59999999999997,147.03280457095696,10.88446800223001,28.763601189026943,38.14053517664972
2025-08-04,13,52,54.550417492239845,137.29000000000002,143.6046336782685,4.599485525725456,23.885552903659438,32.79247558143405
2025-08-04,14,52,93.76353235224133,117.93,135.93511055708336,15.267625334591159,31.233481228252458,36.83364441247812
2025-08-04,15,52,43.26895464295862,100.11000000000001,83.15944190033873,16.93193297339055,36.16054845661563,36.20032505991791
2025-08-04,16,52,37.770999791091036,73.13,68.05271020968122,6.942827554107443,30.949703758379282,22.63351835850277
2025-08-04,17,52,71.49119109656976,36.84,41.50911615168732,12.674039499694134,51.64151066578807,19.024732529276328
2025-08-04,18,51,47.03231856198975,19.409999999999997,13.706294753450965,29.385395396955342,52.83470891894254,10.255217001166745
2025-08-04,19,14,58.229021748030206,9.349999999999998,0.670833360821346,92.82531164896956,95.54320582277425,8.933289744429391
2025-08-05,6,50,64.24958205196678,18.540000000000003,3.7565167862010282,79.73831291153707,82.27541679597542,15.253862273973844
2025-08-05,7,53,68.33770576042674,47.11000000000001,25.31021572369177,46.27421837467254,47.451639150964894,22.354467204019567
2025-08-05,8,53,103.9109713590697,87.03999999999999,58.00937336829942,33.35320155296481,35.04808016943155,30.505848979473217
2025-08-05,9,53,141.6907240014498,123.25999999999999,101.64747255564909,17.53409657987255,21.86243154888187,26.94763312715179
2025-08-05,10,53,171.59675115374077,152.42999999999998,133.46753791327575,12.44011158349684,16.11691524853038,24.567013913334854
2025-08-05,11,53,195.76000604052243,164.21000000000004,149.51486286939195,8.948990396813889,18.197227088696234,29.881666602348094
2025-08-05,12,53,190.8972261020417,171.81,145.3752000743714,15.386065959856001,23.57495252561492,40.504125934258994
2025-08-05,13,53,36.051778265437235,150.84999999999997,150.33754454918883,0.33971193292086954,28.400919536152415,42.842787120285905
2025-08-05,14,53,48.02656157161652,125.1,118.35253163948771,5.3936597606013486,40.31798464242195,50.43779878766985
2025-08-05,15,53,46.63732936326376,121.93,114.83715073602446,5.817148580312927,27.715868052567423,33.79395791649546
2025-08-05,16,53,27.66215218301945,92.39999999999999,85.06441804983136,7.938941504511507,21.87695252777921,20.214304135667987
2025-08-05,17,53,30.13465397682503,60.36,44.17297840533659,26.81746453721572,29.26223905194182,17.66268749175208
2025-08-05,18,53,45.83008034413636,21.23,15.892672791746932,25.140495564074744,47.91908282662895,10.173221284093326
2025-08-05,19,7,51.286424150040254,6.07,0.3551563221153137,94.14898975098329,94.34668332594211,5.726843677884686
2025-08-06,6,47,68.81613689125416,13.65,3.2498301969804295,76.19172016864154,80.20060722468875,10.947382886170015
2025-08-06,7,53,38.05094665685625,38.77,30.295225652674425,21.85910329462362,41.121337930151164,15.942742715519607
2025-08-06,8,53,39.034832886751595,60.550000000000004,71.82709267202858,18.624430507066194,37.64149083918697,22.79192270312771
2025-08-06,9,53,60.332198557854596,81.15000000000002,113.40327746072438,39.745258731638145,51.74074872203144,41.987617587928526
2025-08-06,10,53,33.5347536559226,112.75999999999999,134.36141888816397,19.156987307701293,29.348807657970944,33.09371551512803
2025-08-06,11,53,23.057078378224023,148.22,145.98715101323464,1.5064424414825002,17.947278545002845,26.601456259403218
2025-08-06,12,53,36.671222438229364,154.42000000000002,141.5965907220788,8.304241210932021,25.197334658128213,38.90972417908159
2025-08-06,13,53,24.20851582694063,156.51000000000002,139.68376238569107,10.75090257127912,22.50236430131527,35.21845036798854
2025-08-06,14,53,30.860489453363925,128.08999999999997,130.43776118202248,1.8328996658775156,24.45211174913729,31.32070993946995
2025-08-06,15,53,40.740310173822955,107.47,95.85825639735381,10.804637203541628,31.243890282676627,33.577808886792575
2025-08-06,16,53,53.201301468701956,93.07000000000001,42.398898165543834,54.44407632368773,55.57645357773395,51.72500534479699
2025-08-06,17,53,54.03865807281525,46.260000000000005,19.1122943930946,58.685053192618675,61.680853631927704,28.533562890129758
2025-08-06,18,49,62.54921375365308,19.39,8.683946820741616,55.214302110667276,70.3077170881384,13.632666343390037
2025-08-06,19,5,67.11308007557248,8.46,0.24119945281128607,97.14894263816448,97.14894263816446,8.218800547188714
2025-08-07,6,32,114.50189503728497,9.879999999999999,1.3078135025753037,86.7630212289949,93.71770478579452,9.259309232836499
2025-08-07,7,52,57.837803178660394,21.46,10.175876312977842,52.58212342507995,64.33897029484112,13.807143025272905
2025-08-07,8,52,57.47982755316365,32.300000000000004,20.719927111050236,35.851618851237674,49.067531244769725,15.848812592060623
2025-08-07,9,53,52.24720270929374,60.50999999999999,31.870290963012774,47.33053881505077,52.398664148797316,31.70643167643725
2025-08-07,10,53,45.85084523458697,67.14999999999999,47.33109083032639,29.51438446712376,41.29996044720434,27.73292344029771
2025-08-07,11,53,36.68396403801246,79.53999999999999,51.579335880802546,35.152959667082534,39.19915738561048,31.17900978451457
2025-08-07,12,53,29.654638403583395,93.41000000000001,66.43660757515163,28.876343458782124,35.70570462472185,33.35269868995268
2025-08-07,13,53,49.6371384981558,125.99000000000001,56.00344022542359,55.54929738437687,56.30628065402051,70.94028299600045
2025-08-07,14,53,63.74100677730483,114.64,40.06468272685239,65.05174221314343,65.0517422131434,74.5753172731476
2025-08-07,15,53,47.03447661165575,92.61999999999999,49.42310193254217,46.63884481478927,50.22540940850898,46.51877419416101
2025-08-07,16,53,43.06586073364681,80.81000000000002,47.39804495998929,41.346312387094066,47.077062101939774,38.042973884577535
2025-08-07,17,53,42.17543040651767,43.82,25.83763699699257,41.03688499088871,48.971558550549936,21.459336956850983
2025-08-07,18,51,45.96212561362266,22.45,9.690965464933976,56.83311596911369,61.94166405942819,13.90590358134163
2025-08-07,19,9,61.72315309415788,8.559999999999999,0.3152653395462052,96.31699369689014,96.37297556534999,8.249526708393958
2025-08-08,6,49,87.42823594544056,15.430000000000001,3.2121131419877016,79.18267568381269,85.00472816818817,13.116229556351435
2025-08-08,7,53,47.596675895123724,41.88999999999999,19.816239111740167,52.69458316605354,54.16284515273735,22.688815834481673
2025-08-08,8,53,39.449069948937186,79.15,47.6187210817157,39.83737071166684,42.333259869381465,33.50677518661543
2025-08-08,9,53,27.50632459266852,104.13999999999999,86.98021170943711,16.477615028387625,24.10170628066031,25.099516920679644
2025-08-08,10,53,27.81786800730735,119.13,120.12453204895968,0.8348292193063744,26.41433004990241,31.467391388448743
2025-08-08,11,53,30.698159058968482,121.6,122.70263830008118,0.9067749178299193,26.597303079824325,32.34232054506638
2025-08-08,12,53,29.230944238699696,153.79999999999998,139.03378216249726,9.600921870938052,26.724490053842782,41.10226570281019
2025-08-08,13,53,33.840830464889464,147.36,145.8949800483324,0.9941774916311168,29.205524119969894,43.03726034318764
2025-08-08,14,53,31.07406272132613,152.04,121.13610647905799,20.326159905907662,28.751846475210545,43.714307380910114
2025-08-08,15,53,32.96747308454013,129.43,87.34470444334237,32.5158738751894,32.82444074477748,42.4846736559655
2025-08-08,16,53,55.69906435829335,78.17999999999999,64.03060177556563,18.09848839144841,40.99368972899634,32.04886663012933
2025-08-08,17,53,59.82444564381244,41.58,30.646924513882777,26.294072838184757,50.98252090032588,21.1985321903555
2025-08-08,18,48,102.72201745222142,14.850000000000001,9.072914554330845,38.902932294068385,71.96444247709172,10.686719707848123
2025-08-08,19,7,57.258424866386726,8.49,0.2849690331645848,96.64347428545838,96.64347428545835,8.205030966835414
2025-08-09,6,9,99.31264680587805,8.519999999999998,0.324627364532496,96.18981966511154,97.41833833781008,8.300042426381417
2025-08-09,7,35,88.07038998011613,11.059999999999999,2.660244940801091,75.94715243398652,85.39544127947858,9.44473580551033
2025-08-09,8,51,63.34568154735244,26.76,7.354194008330673,72.51795961012454,74.86330212084374,20.033419647537787
2025-08-09,9,48,82.8877432842375,27.770000000000003,17.637282372912217,36.488000097543335,55.92061910188877,15.529155924594512
2025-08-09,10,50,108.28139682823516,35.41,24.685808532439264,30.285770877042456,62.7059046070234,22.204160821346985
2025-08-09,11,53,81.21376897221626,48.65,27.40669357613646,43.66558360506381,64.91426968420775,31.580792201367068
2025-08-09,12,53,50.84612931317689,70.71,31.142980069455987,55.95675283629474,56.013569633153814,39.60719508760306
2025-08-09,13,53,64.80633806249246,83.77,27.34766240291819,67.35387083333151,67.7313825223691,56.73857913898859
2025-08-09,14,53,48.630188776716274,54.190000000000005,27.972015316670355,48.381591960379495,53.88267074520016,29.199019276823968
2025-08-09,15,53,114.946221137322,38.64,52.01858905966281,34.623677690638736,70.3645947249301,27.18887940171299
2025-08-09,16,52,48.112795940318826,35.85999999999999,17.986119919890044,49.84350273315658,59.09856987521527,21.19274715725219
2025-08-09,17,46,123.38234845162262,16.25,7.1395604675081685,56.0642432768728,79.38311675066363,12.89975647198284
2025-08-09,18,23,85.7458965229852,10.68,2.3518139335093,77.97927028549344,84.11768155997007,8.983768390604803
2025-08-09,19,6,103.85188469993842,8.479999999999999,0.29351957632337705,96.53868424146962,97.89289587924944,8.30131757056035
2025-08-10,6,34,95.22320035236484,10.41,1.5393714735491986,85.21256989866284,92.36392717673209,9.615084819097811
2025-08-10,7,51,83.47012587352789,24.960000000000004,9.122839096463508,63.45016387634813,74.28048592461839,18.540409286784755
2025-08-10,8,53,82.56213755915353,48.54,17.205958604499052,64.55303130511115,75.07969696351921,36.44368490609222
2025-08-10,9,53,54.697787504585605,65.83,37.176425742679534,43.52662047291579,61.35083743517159,40.38725628357346
2025-08-10,10,53,95.33705833425763,81.89000000000001,56.827320403101,30.605299300157547,65.92157405954242,53.9831769973593
2025-08-10,11,53,161.69110919765444,96.66000000000001,82.24332930497377,14.914825879398135,63.11629480488169,61.008210558398645
2025-08-10,12,53,80.72477553693464,105.87000000000002,112.12191315291253,5.905273593003217,51.74167851677412,54.77891504570877
2025-08-10,13,53,70.50230233669951,94.47000000000001,100.76497634389399,6.663466014495584,44.24701678820545,41.800156759817696
2025-08-10,14,53,142.0364396788172,59.09999999999999,95.95251439523504,62.35620033034698,74.97862468049297,44.312367186171336
2025-08-10,15,53,47.17741741971919,51.44,30.34375701904821,41.011358827666776,48.88666377265514,25.147299844653805
2025-08-10,16,53,54.278259470269404,58.059999999999995,22.241202178953568,61.6927279039725,63.15691478819153,36.668904726024
2025-08-10,17,53,55.92266322589925,29.01,11.6185730504667,59.949765424106516,64.02651982246485,18.574093400497055
2025-08-10,18,51,50.2037169537105,12.930000000000001,5.515072202105429,57.346696039401166,64.88109756631998,8.389125915325174
2025-08-10,19,3,72.1852205611465,6.02,0.19881634273745016,96.69740294456062,96.69740294456062,5.82118365726255
2025-08-11,6,12,93.08988496436214,6.279999999999999,0.3410974643710883,94.56851171383617,96.43621466778686,6.056194281137014
2025-08-11,7,45,82.26864726626093,10.59,3.1500699694322205,70.25429679478546,81.03463545051092,8.581567894209106
2025-08-11,8,51,46.95807618693078,20.979999999999997,10.2834765954639,50.984382290448515,54.695842698706244,11.475187798188568
2025-08-11,9,53,36.47990367246921,23.7,13.442828827121458,43.27920326109089,52.1963424547429,12.370533161774066
2025-08-11,10,53,59.772982312889724,59.69,28.38983776982069,52.437866024760105,61.09992181124772,36.47054332913376
2025-08-11,11,53,68.89036969638191,92.6,46.32132503954043,49.97697079963236,57.10011755720051,52.874708857967676
2025-08-11,12,52,45.86717554838606,118.66,63.3567405698778,46.606488648341646,48.27937880673289,57.28831089206925
2025-08-11,13,53,41.85144557757841,88.12999999999998,87.15618116616697,1.1049799544230203,39.56974695250282,34.87281798924073
2025-08-11,14,53,36.50425198570434,89.57,81.05482501398618,9.50672656694632,34.94133348700696,31.29695240431213
2025-08-11,15,53,33.012318981591534,72.36000000000001,59.69651163695492,17.500674907469726,30.1876011838917,21.84374821666404
2025-08-11,16,53,49.93167218999917,77.61,52.56139490949532,32.27497112550532,45.39239207210283,35.22903548715901
2025-08-11,17,53,43.066820336838546,51.71,28.220413895948813,45.425616136242866,48.035242940236756,24.839024124396428
2025-08-11,18,52,33.86405762517535,19.43,11.854804779973389,38.987108698026816,44.90607902328032,8.725251154223367
2025-08-11,19,14,56.71815921896612,6.569999999999999,0.3828619478524058,94.17257309204862,94.41971001024504,6.203374947673098
2025-08-12,6,47,71.73516797736337,13.49,2.5445523605935314,81.13749176728294,84.12545590082475,11.348524001021259
2025-08-12,7,53,55.93707611033905,44.580000000000005,16.684780958744813,62.573393991151164,62.797922959976525,27.99531405555754
2025-08-12,8,52,43.255783128550334,55.93000000000001,45.28449118840412,19.033629200064166,44.201479435191295,24.721887448102496
2025-08-12,9,52,45.83439803634449,95.26,74.88056717190572,21.39348396818631,46.18877454058964,43.99942662736569
2025-08-12,10,52,44.69595805280975,123.25000000000001,80.27858157642042,34.86524821385768,45.33180290162259,55.871447076249844
2025-08-12,11,52,42.6077830243145,138.88000000000002,95.73567073452516,31.065905289080398,42.606868495363805,59.17241896636127
2025-08-12,12,52,44.98072226976,109.21,76.54182804548134,29.913169082060854,41.05650695186503,44.8378112421318
2025-08-12,13,52,50.14877640994666,105.7,57.84002101512118,45.27907188730257,52.583459223554655,55.58071639929727
2025-08-12,14,52,58.52363924774704,84.84,32.78777077077359,61.353405503567195,65.19643771491944,55.312657757337654
2025-08-12,15,52,76.8224038295412,44.46999999999999,47.57630347979195,6.985166358875561,53.24998025523766,23.680266219504183
2025-08-12,16,53,47.424013615048246,43.069999999999986,23.22127445736252,46.08480506765144,56.71519093939877,24.42723273759904
2025-08-12,17,53,51.36248713345603,30.810000000000006,13.550457470438522,56.01928766491881,63.75838678782475,19.64395896932881
2025-08-12,18,50,52.91642392958651,16.970000000000002,6.957165128858171,59.003151862945366,70.79956139881848,12.0146855693795
2025-08-12,19,5,82.67776062999023,9.95,0.2097900681751186,97.89155710376764,97.89155710376767,9.740209931824882
2025-08-13,6,37,89.21391908950646,12.549999999999997,1.3440704087400626,89.29027562756922,93.08730103022953,11.682456279293802
2025-08-13,7,52,61.522928592762625,34.11,10.402029102285434,69.50445880303303,71.44094432973999,24.368506110874307
2025-08-13,8,52,57.227064550659314,37.33,27.29318175599672,26.88673518350731,47.82070425063863,17.851468896763397
2025-08-13,9,52,78.2692913873893,56.42,48.980805795126685,13.18538497850641,56.585019090891834,31.92526777108117
2025-08-13,10,52,61.70617243510299,69.15999999999998,78.94643274158037,14.150423281637343,40.5855870512596,28.068992004651136
2025-08-13,11,52,67.62406393572942,66.61000000000001,77.92341901993011,16.98456541049406,49.76161687391183,33.146212999712674
2025-08-13,12,52,39.35529273155958,74.45999999999998,60.00319388705492,19.415533323858533,36.666460703532174,27.301846639850048
2025-08-13,13,52,45.1927488099383,87.67999999999999,50.63813553061384,42.24665199519407,47.14086395717322,41.333109517649476
2025-08-13,14,52,62.986350219788456,86.88,27.07662366454518,68.8344571080281,68.8344571080281,59.80337633545481
2025-08-13,15,52,43.33624578619008,55.67999999999999,36.148927864545605,35.07735656511205,42.228258554505274,23.512694363148533
2025-08-13,16,52,50.66262260235164,49.99,22.643661618289084,54.70361748691922,54.73749020997821,27.36327135596811
2025-08-13,17,52,51.24642100954414,34.00999999999999,13.066362826056048,61.58082085840619,63.41099545542958,21.566079554391592
2025-08-13,18,49,47.77427438842966,16.959999999999997,6.639009586270135,60.854896307369486,64.93116448587152,11.012325496803808
2025-08-13,19,6,65.625558426676,6.159999999999999,0.2123842775051972,96.55220328725328,96.5522032872533,5.9476157224948025
2025-08-14,6,5,308.7272090190605,6.039999999999999,0.4585238525914391,92.40854548689671,96.88159704742657,5.851648461664564
2025-08-14,7,31,126.07068572874078,10.849999999999998,4.7554264975076,56.171184354768656,69.31908681542865,7.521120919474008
2025-08-14,8,52,88.54864032853752,31.15,20.184208032106394,35.20318448761992,48.53168975214963,15.11762135779461
2025-08-14,9,37,522.5912181952069,52.099999999999994,32.75836780328996,37.12405412036476,59.844399262188965,31.17893201560045
2025-08-14,10,50,150.58050937032155,84.26,71.11528219167757,15.600187287351577,47.492222735224466,40.01694687670014
2025-08-14,11,51,88.56691899859673,145.72000000000003,79.52452521624885,45.426485577649714,51.80555926042897,75.49106095429711
2025-08-14,12,51,47.19108407744366,152.33999999999997,92.07653340493707,39.558531308299145,43.74634978784743,66.64318926680676
2025-08-14,13,51,44.744443184352704,146.45,89.8994601191981,38.614230031274765,44.334792492381865,64.92830360509323
2025-08-14,14,51,41.04937412299628,133.23,112.15996523180613,15.81478253260817,30.229852898729455,40.275233016977246
2025-08-14,15,51,39.15176837770693,112.76,103.05462199204192,8.607110684602775,29.091888178318214,32.80401310987162
2025-08-14,16,51,56.88572997082982,99.91,57.67860980332224,42.26943268609524,47.29469881951001,47.25213359057245
2025-08-14,17,51,52.85634967808709,61.79,29.46757066527792,52.310130012497304,52.310130012497304,32.32242933472208
2025-08-14,18,50,56.20952286772049,19.839999999999996,8.420332275457186,57.55880909547788,58.358180822463524,11.57826307517676
2025-08-14,19,5,67.26210648887879,6.09,0.22039650258059099,96.38100980984251,96.38100980984251,5.8696034974194085
2025-08-15,6,47,82.8224760946822,13.809999999999999,3.1381012690118544,77.27660196226029,85.22270501604893,11.769255562716356
2025-08-15,7,50,46.290236646818656,46.02,22.864255619300987,50.31669791546939,50.942081872556265,23.443546077750398
2025-08-15,8,50,47.23753290826944,84.17999999999999,43.597728000274664,48.208923734527595,49.147448926977184,41.37232250672939
2025-08-15,9,51,48.3572175557145,123.28000000000002,64.64464198966981,47.56274984614714,47.562749846147135,58.635358010330194
2025-08-15,10,51,48.06761353699689,137.90000000000003,74.24900696996048,46.15735535173281,46.15735535173279,63.65099303003954
2025-08-15,11,52,37.106338726621864,150.35000000000002,117.51014768846771,21.842269578671306,34.419947601842175,51.750391219369725
2025-08-15,12,52,34.467429803104636,162.42000000000002,125.6594740066695,22.63300455198283,30.640430085720187,49.76618654522673
2025-08-15,13,52,45.43953650628054,138.34999999999997,134.3859469292737,2.865235323979954,35.46373220129242,49.06407350048806
2025-08-15,14,52,36.90107640873181,147.49999999999997,116.33846784518201,21.12646247784269,31.741480350444117,46.81868351690507
2025-08-15,15,52,47.513256151398195,117.27,107.50948326355235,8.323114808943158,29.793704985802133,34.93907783685016
2025-08-15,16,52,42.38383243657817,96.18,75.6109948832023,21.38594834352018,29.53452431717181,28.40630548825585
2025-08-15,17,52,42.27054293103858,53.68000000000001,38.72951624181781,27.851124735808853,36.52929536323686,19.608925750985552
2025-08-15,18,51,45.02960080705081,17.180000000000003,11.286638606125022,34.303616960855535,48.089934444416734,8.261850737550796
2025-08-15,19,4,78.2936062586178,6.11,0.2711792350635342,95.561714647078,95.56171464707799,5.838820764936465
2025-08-16,6,49,86.47037762150788,13.07,3.2297530113131705,75.2888063403736,85.31957209184984,11.151268072404774
2025-08-16,7,52,44.77891579412192,48.03999999999999,27.134656725097862,43.51653471045406,45.98341489528461,22.090432515694726
2025-08-16,8,52,31.03829762416418,86.77000000000001,68.52067430055098,21.031837846547226,30.726638897225655,26.661504571122705
2025-08-16,9,52,28.536243388337358,132.79999999999998,105.3574111843403,20.664600011791936,22.780521156199686,30.252532095433182
2025-08-16,10,52,19.964346558686554,160.54999999999998,135.66778614761444,15.498108908368453,16.82396017413978,27.01086805958142
2025-08-16,11,52,25.68019855037077,174.77,135.04021864610863,22.732609345935447,23.183704916242544,40.518161082117096
2025-08-16,12,52,50.64838986590817,155.94,134.35864655897387,13.83952381751066,34.194437513699306,53.322805858862694
2025-08-16,13,52,46.84707666349998,156.11,149.0850820968803,4.499979439574466,29.122488686397368,45.46311708833494
2025-08-16,14,52,39.84224207955857,150.76999999999998,134.89471669543855,10.52947091899014,26.77703045673139,40.37172881961391
2025-08-16,15,52,44.105778712200525,121.37,110.55644254303589,8.909580173818998,30.77803719622531,37.35530374505866
2025-08-16,16,52,37.9957260829683,96.93,80.35382104655957,17.101185343485433,30.878960231077613,29.93097615198353
2025-08-16,17,52,43.72236746924877,55.78,38.600596124644326,30.798501031473062,41.04418502393593,22.894446406351463
2025-08-16,18,52,39.15335677087327,18.0,13.473040794545787,25.14977336363452,44.13401513055474,7.944122723499853
2025-08-16,19,3,71.75498627707483,6.02,0.2703212807501768,95.50961327657514,95.50961327657514,5.749678719249823
2025-08-17,6,48,75.52943447052981,12.330000000000002,3.1886053988875855,74.13945337479656,84.28686340137173,10.392570257389135
2025-08-17,7,52,42.919049819808855,46.48,27.116083821874085,41.66074909235352,43.47955512203981,20.209297220724103
2025-08-17,8,52,35.916255758212465,91.81,67.41506582893038,26.57110790880037,32.49059121184353,29.829611791593546
2025-08-17,9,52,28.04529023626164,129.68,106.53301385705142,17.849310720965907,23.53760252221072,30.523562950802862
2025-08-17,10,52,16.748189537246418,158.76000000000002,138.08628225071007,13.021994047171798,14.708152062617156,23.350662214611
2025-08-17,11,52,19.877772984197602,170.33999999999997,146.23134038483596,14.153257963581083,17.26847396120658,29.415118545519288
2025-08-17,12,52,32.08442147192804,167.37,147.37617387351617,11.945884045219476,21.56418066377551,36.09196917696107
2025-08-17,13,52,43.92113487843082,161.65000000000003,123.78387207025224,23.424762096967388,32.799256613512775,53.01999831574341
2025-08-17,14,52,45.69091008688089,146.92000000000004,112.95700538995588,23.116658460416655,33.11205572738088,48.648232274668004
2025-08-17,15,52,33.49430661268712,128.31999999999996,107.47418945144838,16.245176549681727,24.728027785007654,31.731005253721815
2025-08-17,16,52,34.336662276252746,94.44000000000001,77.65639241923333,17.771714930926176,26.23079197294689,24.772359939251043
2025-08-17,17,52,28.560126494096437,53.71,45.41419170673041,15.445556308452032,26.71201895758129,14.347025382116911
2025-08-17,18,52,33.85343711355554,19.840000000000003,13.274071093953848,33.094399728055215,40.58387574083128,8.051840946980928
2025-08-17,19,4,86.11045754179692,6.17,0.3029892754044628,95.0893148232664,95.28380428842038,5.879010724595537
2025-08-18,6,46,77.09523616085042,11.689999999999998,2.2509834977717302,80.74436699938639,83.96287804526249,9.815260443491184
2025-08-18,7,50,39.157947597454246,44.8,26.80956083666556,40.15723027530008,41.67999413111933,18.67263737074146
2025-08-18,8,50,31.226443961471194,90.16000000000001,71.96985566896697,20.17540409386983,26.367449475694087,23.77289244728579
2025-08-18,9,50,21.03234579618469,126.96,115.69018148309306,8.876668649107543,15.82821956421766,20.09550755873074
2025-08-18,10,50,18.216286207923922,152.49,143.91032345010774,5.626386353132841,14.05383192814191,21.4306883072236
2025-08-18,11,49,19.23890954516137,163.46999999999997,154.93353663179482,5.222036684532421,14.495980253858123,23.69657892098187
2025-08-18,12,49,16.304814169961006,165.18,160.2930614576188,2.9585534219525464,13.65444960263675,22.554419853635384
2025-08-18,13,49,16.885464983477046,165.48,151.43361149342525,8.488269583378502,13.773775175550492,22.792843160500954
2025-08-18,14,49,16.880726617072636,149.01,139.68655032488644,6.256928847133449,13.922442610945307,20.7458317345696
2025-08-18,15,49,16.38462351356072,130.89000000000001,117.52710719524485,10.209254186534618,11.83752869536176,15.494141309359009
2025-08-18,16,49,26.0958586518307,94.58,81.66515274260783,13.654945292231094,18.60302576081768,17.59474176458136
2025-08-18,17,48,23.29239594220638,51.66,43.04914670879269,16.66831841116397,22.361985054945684,11.55220147938494
2025-08-18,18,49,33.46250946030069,17.109999999999996,13.664420172315364,20.137813136672317,42.93761726246941,7.346626313608514
2025-08-18,19,3,94.80591792788671,6.16,0.28832310705189634,95.31943008032636,95.31943008032636,5.871676892948104
2025-08-19,6,45,74.67033583784767,12.110000000000001,2.015020715076648,83.36068773677417,84.66748335728317,10.253232234566992
2025-08-19,7,50,36.831553660930176,45.239999999999995,26.70004977448647,40.98132233756306,41.11624091693559,18.600987390821658
2025-08-19,8,50,24.96502817768483,88.86999999999999,69.91217981834492,21.332080771525902,21.818235188665945,19.389865612167423
2025-08-19,9,50,16.30853131571402,127.66,112.5725833962219,11.818436944836359,12.748314427926601,16.2744981986911
2025-08-19,10,50,11.993437106987907,153.04999999999998,141.91795258149,7.27347103463573,9.448952540260134,14.461621862868135
2025-08-19,11,50,27.735388809755214,163.23,155.50362171869259,4.733430301603507,14.19347131656038,23.168003230021505
2025-08-19,12,50,47.39111667698774,152.93,158.95285194136943,3.938306376361358,21.253218817388365,32.50254753743203
2025-08-19,13,50,41.16097025808911,154.25,153.19254333046575,0.6855472736040498,23.184567270395192,35.762195014584584
2025-08-19,14,50,58.017976663970714,131.66,134.58793769233353,2.2238627467215015,29.76429008952371,39.18766433186691
2025-08-19,15,51,22.327446849670654,132.04999999999995,114.53591992767666,13.263218532618934,17.79348543393825,23.49629751551545
2025-08-19,16,51,30.808725353646288,90.80999999999999,78.10723810383469,13.98828531677712,23.311432162021294,21.169111546331536
2025-08-19,17,51,30.369137584677254,50.88,36.05733778546435,29.132590830455296,30.639260487257435,15.589255735916584
2025-08-19,18,50,33.881563927149415,15.36,11.845782432154627,22.879020623993313,42.5445884802258,6.534848790562682
2025-08-19,19,4,76.18869718778414,6.17,0.2776513698537141,95.49997779815698,95.49997779815698,5.8923486301462855
2025-08-20,6,48,72.47485587304952,14.07,2.303120613510552,83.63098355713893,85.95287989937071,12.09357020184146
2025-08-20,7,51,34.03929154615842,43.21,27.817312341476114,35.62297537265422,38.55863870988329,16.66118778654057
2025-08-20,8,51,38.26451526322722,79.57,70.93848780661457,10.847696611015985,33.46477075106835,26.627918086625083
2025-08-20,9,51,27.01424021172043,106.37,113.44419228260982,6.650552113011013,23.270314627305094,24.75263366906443
2025-08-20,10,51,12.276058768643022,154.49999999999997,143.15887694609086,7.340532720976775,9.51407991280008,14.69925346527612
2025-08-20,11,51,13.81718304821711,166.55,157.04672275825172,5.705960517411164,11.835776969540214,19.712486542769227
2025-08-20,12,51,31.949394925457746,155.42999999999998,161.7319717394658,4.0545401399123815,21.77620972443461,33.84676277468871
2025-08-20,13,51,35.187629934476824,154.25999999999996,153.55180420996464,0.4590923052219104,18.551939805640615,28.618222344181202
2025-08-20,14,51,31.949349194965464,134.91,132.98877569106838,1.4240785033960517,20.866159673504633,28.150536015525102
2025-08-20,15,51,35.86123226337882,109.56,102.29935147652772,6.627097958627496,23.79474911899104,26.06952713476658
2025-08-20,16,51,53.49649002108329,79.08999999999999,76.06450970247253,3.825376529937356,35.25000611368888,27.879229835316536
2025-08-20,17,51,36.251495975565916,50.89,35.61713322206555,30.011528351217237,35.10177386009163,17.863292717400633
2025-08-20,18,50,41.77994001338877,15.86,8.094750296732727,48.96122133207612,53.00684346785843,8.406885374002346
2025-08-20,19,4,93.04638187636037,6.18,0.2389611684008686,96.1333144271704,96.13331442717042,5.941038831599132
2025-08-21,6,46,77.92076274116886,11.399999999999999,2.1366772913505585,81.25721674253896,86.31004436271303,9.839345057349284
2025-08-21,7,50,37.8333951496341,42.83,25.932032067527746,39.45357910920442,40.662528545068646,17.4157609758529
2025-08-21,8,51,32.384812178148266,85.97000000000001,67.36194503953259,21.644823729751568,27.982581407575097,24.056625236092316
2025-08-21,9,51,19.68482388902477,121.38000000000001,112.99569834834642,6.907482000044148,14.458818770209508,17.550114223280303
2025-08-21,10,52,15.602913464393135,148.07000000000002,146.14235866008778,1.3018446274817597,11.291848729305478,16.719840413482622
2025-08-21,11,52,13.119958774395615,166.92999999999998,159.47772831728852,4.464309400773652,10.6190578799345,17.726393318974658
2025-08-21,12,52,29.753688478357276,161.74,150.50218024730947,6.948077007969915,18.624161540011748,30.122718874815
2025-08-21,13,52,53.24888119864478,134.7,147.34697250852875,9.38899221123145,30.87197224481637,41.58454661376765
2025-08-21,14,52,36.81697162206093,132.84999999999997,112.1479462272542,15.583028808991928,30.190230932553725,40.10772179389761
2025-08-21,15,52,50.229254810608445,113.79,104.41129862344816,8.242113873408774,27.05165531069134,30.78207857803568
2025-08-21,16,52,41.28991926971709,81.00000000000001,66.11447023313455,18.377197243043774,30.939542633342953,25.061029533007797
2025-08-21,17,52,37.74352684169664,46.43000000000001,27.65329330164283,40.440893168979485,41.238019791387075,19.14681258914102
2025-08-21,18,51,48.04953618744949,15.620000000000001,7.240858764899532,53.643669879004285,56.016309683121776,8.749747572503622
2025-08-21,19,4,92.46626686794612,6.19,0.2092127238982449,96.62014985624806,96.62014985624806,5.980787276101755
2025-08-22,6,46,73.17701094080944,11.090000000000002,1.8284461366987543,83.512658821472,85.13082414744653,9.441008397951823
2025-08-22,7,52,33.14558072422511,42.02,27.192877348879286,35.285870183533355,36.46313688627168,15.32181011961136
2025-08-22,8,52,27.643069560468298,84.02,70.81527057337665,15.716174037875918,22.392063481067506,18.813811736792918
2025-08-22,9,52,19.253551589843042,120.73,115.04362397537318,4.709994222336473,13.949981436588994,16.841812588393893
2025-08-22,10,52,17.658626045791152,145.53,146.34287154002044,0.5585594310591895,13.84796509910084,20.15294360872145
2025-08-22,11,52,40.90733934057623,144.9,160.73663079882243,10.9293518280348,25.09390179645059,36.36106370305691
2025-08-22,12,52,38.29809757782776,149.97,164.43472461304802,9.64507875778357,24.893903882126544,37.33338765202518
2025-08-22,13,52,33.57559927825762,148.77000000000004,157.64201221528438,5.963576134492398,21.5938224990537,32.1251297318422
2025-08-22,14,52,38.93455444310388,136.04999999999998,134.05434461701932,1.4668543792581097,21.59713043550613,29.382895957506086
2025-08-22,15,52,34.09649976584277,118.28,109.95787246859896,7.0359549639846435,20.494175021444146,24.240510215364136
2025-08-22,16,52,45.78498658607746,84.27,74.8750850459337,11.148587817807398,25.562759838769562,21.541737716131106
2025-08-22,17,52,60.42016695213657,43.58,34.5744731931932,20.664357060134922,38.884366581495,16.94580695621552
2025-08-22,18,50,53.35790853090195,14.53,6.122465721855627,57.86327789500601,62.20760667679258,9.038765250137962
2025-08-22,19,6,70.97478527226683,6.27,0.22179697138541143,96.46256823946712,96.46256823946712,6.048203028614588
2025-08-23,6,46,72.3756036481684,11.009999999999998,1.8029917551834642,83.62405308643538,85.62489884323467,9.427301362640137
2025-08-23,7,51,39.11773364551685,38.28999999999999,24.145278153504197,36.94103381168921,38.38649156743729,14.698187621171735
2025-08-23,8,51,27.97503203841642,76.72999999999999,62.59877623135376,18.41681711018667,20.423341194245232,15.670829698344363
2025-08-23,9,51,25.975632760569027,112.66999999999999,104.62257163207424,7.142476584650526,12.321069756648269,13.882149294815603
2025-08-23,10,51,36.94145365928303,127.43,129.4796521093379,1.6084533542634376,19.284477076101936,24.574209138076696
2025-08-23,11,51,76.34762711805688,134.60000000000002,135.43599897899387,0.6210987956863613,31.171396987126883,41.95670034467279
2025-08-23,12,51,53.48830892389104,144.78,148.7302480521813,2.728448716798804,23.980559636229223,34.71905424133267
2025-08-23,13,52,66.81917522729641,128.22,119.49970112052218,6.801044204864938,38.10762420942027,48.86159576131867
2025-08-23,14,52,60.13638806346033,129.14000000000001,110.1296613917151,14.720720619703354,39.08307747736469,50.47188625426876
2025-08-23,15,52,155.80130997879445,69.83000000000001,91.46233189442931,30.978564935456532,74.9559482036101,52.34173863058094
2025-08-23,16,52,83.57439115556448,37.559999999999995,40.74305144574585,8.474577864073094,59.49470534233039,22.34621132657929
2025-08-23,17,52,75.02761997990089,23.429999999999996,14.192044138050576,39.427895270804186,54.01689453341757,12.656158389179733
2025-08-23,18,46,53.919313643038855,10.87,4.102570056756984,62.25786516322922,69.36352474403112,7.5398151396761826
2025-08-23,19,6,70.9393158425907,6.5600000000000005,0.2058048290859521,96.86273126393365,96.86273126393364,6.354195170914047
2025-08-24,6,47,73.17355320394428,11.139999999999999,1.877124500508043,83.14969030064594,85.54035376241256,9.529195409132758
2025-08-24,7,52,36.35146581567778,43.65,25.362418876265433,41.89594759160267,42.23567234680737,18.435870979381416
2025-08-24,8,52,35.573322632629065,86.3,65.15363256010488,24.503322641825164,29.30975139695108,25.29431545556878
2025-08-24,9,52,36.510254912319375,123.11999999999999,106.95859117519733,13.126550377520033,20.089525854300014,24.734224231814174
2025-08-24,10,52,31.77824561203048,148.52999999999997,130.30404102227428,12.270894080472429,17.490058675151136,25.977984150201976
2025-08-24,11,52,49.48462550480105,142.56,150.13097811816067,5.3107310031991215,22.14168319657984,31.56518356504422
2025-08-24,12,52,63.39890588046164,157.26,143.40381831974295,8.811001958703446,27.86077536856535,43.81385534460587
2025-08-24,13,52,59.13295656659282,145.69,145.48414455550764,0.14129689374175117,31.248936512973984,45.526575605751795
2025-08-24,14,52,171.23000736983062,93.13,128.91322325981056,38.422874755514414,59.94048072766266,55.822569701672236
2025-08-24,15,52,184.95243637462087,54.099999999999994,105.13727351023027,94.33876804109109,106.60886319452807,57.675394988239674
2025-08-24,16,52,89.71453975837117,61.080000000000005,71.20553311562368,16.577493640510273,57.82669530693202,35.32054549347408
2025-08-24,17,44,207.57887266044963,20.59,28.205839759568555,36.98805128493713,87.5077549402415,18.017846742195726
2025-08-24,18,39,181.28901624618962,10.939999999999998,4.613997930929795,57.824516170660004,85.79075349897144,9.385508432787473
2025-08-24,19,5,81.09165525993687,8.59,0.21805006049060083,97.46158253212339,97.46158253212339,8.371949939509399
2025-08-25,6,38,65.75890262832942,10.859999999999998,1.2319292421755128,88.65626848825494,89.95333153757188,9.768931804980305
2025-08-25,7,51,70.42064708614012,39.43000000000001,7.76224310353585,80.31386481477087,81.31310056151875,32.061755551406854
2025-08-25,8,52,61.86964825073026,54.63000000000001,17.96830185501235,67.10909416984744,67.42966713576337,36.83682715626754
2025-08-25,9,50,104.35744834126687,71.8,34.87148076942713,51.43247803700957,57.89427522673609,41.56808961279651
2025-08-25,10,52,155.43969686913297,63.910000000000004,79.35055581457415,24.15984323982811,78.91098936123899,50.43201330076784
2025-08-25,11,52,78.83929982236609,81.3,76.28164519618707,6.172638135071249,61.55639704248047,50.04535079553662
2025-08-25,12,52,53.04427825270245,124.03999999999999,78.53897061970657,36.68254545331621,46.533959448637134,57.720723300089496
2025-08-25,13,52,54.76057354400182,149.63999999999996,77.36966719672198,48.296132587060946,50.106458883014845,74.9793050725434
2025-08-25,14,52,58.62576031288117,140.29000000000002,81.67037222699996,41.784608862356585,46.023456003256996,64.56630642696925
2025-08-25,15,52,56.1870318658506,117.83000000000001,88.0957094881239,25.234906655245787,43.6092378107298,51.38476491238293
2025-08-25,16,52,44.029577735169894,81.39999999999999,65.47394475236273,19.56517843690082,38.17942754388331,31.078054020721012
2025-08-25,17,52,44.58633865221493,47.13999999999999,34.255750261169446,27.331883196500957,39.56397694657295,18.650458732614485
2025-08-25,18,50,74.99054734605306,15.48,9.618821300121306,37.86291149792438,67.52257227218075,10.452494187733581
2025-08-25,19,7,74.92880294113205,9.229999999999999,0.2557185541944189,97.22948478662602,97.22948478662605,8.974281445805582
2025-08-26,6,44,77.67336597727528,13.780000000000001,1.5053565388079995,89.07578709137881,89.84320388415736,12.380393495236886
2025-08-26,7,51,84.27233792568617,35.230000000000004,19.69186629864287,44.10483593913463,55.349747854738396,19.49971616922434
2025-08-26,8,52,36.695583886918,57.370000000000005,55.12551911190764,3.9122902006141915,28.91715499208632,16.58977181895992
2025-08-26,9,52,83.78966988991951,74.19000000000001,106.1849033796075,43.12562795472097,58.01546886742794,43.0416763527448
2025-08-26,10,52,84.26423314094751,80.97,127.0116959912189,56.862660233690136,63.004227743809395,51.014523204162465
2025-08-26,11,52,130.27515954356312,69.92999999999999,130.46333919172855,86.56276160693346,96.43864386794431,67.43954365685344
2025-08-26,12,52,52.83825211123624,99.78,111.20709779323711,11.452292837479565,32.154259341316056,32.08351997076516
2025-08-26,13,52,97.63748896893397,74.81,125.44057955008819,67.6788925946908,77.93385555948569,58.302317344051254
2025-08-26,14,52,40.57932534936834,118.79000000000002,88.63014479810992,25.389220643059257,33.36275081329834,39.63161169111711
2025-08-26,15,52,38.87854858290777,79.10000000000001,73.10323952643046,7.581239536750381,32.97568786451694,26.083769100832907
2025-08-26,16,52,102.28696387732785,43.56999999999999,50.0592367433548,14.89381855257014,62.251617112918744,27.12302957609869
2025-08-26,17,52,69.23193411821096,31.510000000000005,27.13999908227322,13.868616051179892,56.77705402423112,17.89044972303523
2025-08-26,18,50,59.199289159733084,18.040000000000003,5.583653309469259,69.04848498076908,70.87260497027246,12.785417936637156
2025-08-26,19,7,74.99609799990344,8.92,0.21179129145990294,97.62565816748987,97.62565816748987,8.708208708540097
2025-08-27,6,33,81.39281892886441,13.409999999999998,1.334837120977959,90.04595733797197,93.16432903459318,12.493336523538945
2025-08-27,7,45,63.6957368331463,21.630000000000003,6.944018245102681,67.89635577853592,77.27915904128959,16.71548210063094
2025-08-27,8,51,137.46989544028384,40.339999999999996,26.80118910248507,33.56175234882233,60.81208311421747,24.53159432827533
2025-08-27,9,52,164.72870704563485,41.67999999999999,63.36725086671688,52.03275159960866,78.70742941424744,32.80525657985833
2025-08-27,10,51,97.27981298153743,79.36000000000001,96.39311996503362,21.463104794649198,52.71953592156824,41.83822370735656
2025-08-27,11,52,62.6798734903419,101.36000000000001,112.68102629019634,11.169126174226843,39.012768933483585,39.543342590978966
2025-08-27,12,52,131.92055627024953,91.52999999999999,119.91412179584167,31.010730684848337,61.328887723613704,56.13433093342361
2025-08-27,13,52,75.50743867923386,97.2,112.34218959450689,15.578384356488566,37.232298118396685,36.189793771081575
2025-08-27,14,52,117.73567483377497,85.01,102.33051862118505,20.374683709193086,50.319924884782196,42.77696814455335
2025-08-27,15,52,54.173824777790195,76.05999999999999,73.18571935009227,3.7789648302757275,31.924181201122703,24.281532221573922
2025-08-27,16,52,55.2626951094054,74.99,36.202979191522985,51.72292413452062,54.553504278874364,40.90967285872788
2025-08-27,17,52,53.11034659367488,42.519999999999996,17.66268194825911,58.46029645282429,60.11899192733674,25.56259536750358
2025-08-27,18,46,58.77097839806908,14.470000000000002,4.27917460877588,70.42726600707755,75.28898007044052,10.894315416192745
2025-08-27,19,6,84.22506572702501,8.9,0.20392281912039792,97.70873236943373,97.70873236943373,8.696077180879602
2025-08-28,6,45,75.22714730758526,12.879999999999999,1.5792947626811986,87.73839469968013,89.68717321537278,11.551707910140014
2025-08-28,7,52,31.67045784815955,37.68,24.623551817148684,34.65087097359691,39.72643865116351,14.96892208375841
2025-08-28,8,52,28.800426984281284,83.08999999999999,67.61731701616971,18.621594636936194,21.918775956648993,18.212310942379645
2025-08-28,9,52,32.00342064163868,126.25999999999999,109.62222925782953,13.177388517480168,18.31714694714189,23.12722973546135
2025-08-28,10,52,30.984034155567702,149.54000000000002,140.8961435800061,5.780297191382846,12.107118224127618,18.10498459236044
2025-08-28,11,51,33.0583696551653,163.67000000000004,151.70378884091045,7.311181743196428,13.791806779962105,22.573050156763983
2025-08-28,12,51,31.88761125780985,170.48000000000002,159.66596988656477,6.34328373617741,11.518795961747482,19.63724335558711
2025-08-28,13,51,32.63999958235914,165.36,146.20732768194657,11.582409481164396,16.58600503437154,27.426617924836776
2025-08-28,14,52,33.480730882646,153.78000000000003,135.47758911379614,11.901684800496739,16.819486699328138,25.865006646226814
2025-08-28,15,52,41.426806656826344,128.29,105.10411038294005,18.073029555740856,22.77854771323923,29.22259886131461
2025-08-28,16,52,39.20445855372625,87.90000000000002,76.50010489099331,12.969163946537776,27.07596701082507,23.799775002515243
2025-08-28,17,51,37.19226231557686,45.2,30.180684216814885,33.22857474155999,38.60249818649662,17.448329180296472
2025-08-28,18,50,56.77334102250219,13.52,6.344956856334242,53.06984573717277,69.48898381611536,9.394910611938798
2025-08-28,19,7,75.09716532422841,8.62,0.21375785475736234,97.52021050165473,97.52021050165474,8.406242145242638
2025-08-29,6,45,76.91449374927438,13.25,1.431549253882443,89.19585468767967,89.9331565979918,11.916143249233913
2025-08-29,7,51,50.08525244328672,41.73,18.536296572636022,55.580406008540564,56.569947598102246,23.606639132688066
2025-08-29,8,51,32.75659880648794,81.69000000000003,60.17186179547068,26.34121459729384,27.789417052172965,22.701174789920103
2025-08-29,9,51,29.959124712338525,117.85000000000001,103.43749034881886,12.22953725174472,15.4764525115958,18.238999284915653
2025-08-29,10,51,33.07179673074832,141.79,129.75597455658212,8.487217323801309,14.926140220072408,21.16377421804067
2025-08-29,11,51,49.81742561916253,149.41000000000003,150.0753692518923,0.4453311370673225,17.653031640847047,26.375394574589578
2025-08-29,12,51,54.91430892946718,152.4,152.8048650110567,0.26565945607394986,17.806022843313663,27.136378813210023
2025-08-29,13,51,137.52719699774883,121.92,146.67648235219195,20.30551374031492,42.44438627697134,51.74819574888347
2025-08-29,14,51,70.87137348795737,123.14,132.8436127693271,7.880146799843356,28.16042234621257,34.67674407712616
2025-08-29,15,51,82.56566576176544,104.65,111.67945616117565,6.71711052190697,27.1830193853929,28.44702978681367
2025-08-29,16,51,83.26610261105905,68.52000000000001,68.36834935232213,0.22132318692043626,41.24444229684065,28.26069186179522
2025-08-29,17,51,134.30782916460083,33.190000000000005,28.89006325980557,12.955518952077238,57.56598709878432,19.10615111808652
2025-08-29,18,39,131.8839079305286,10.989999999999997,4.720394714654722,57.04827375200434,80.47032275501682,8.843688470776346
2025-08-29,19,5,81.07598531129216,8.59,0.22239063626519925,97.41105196431666,97.41105196431667,8.367609363734802
2025-08-30,6,44,76.8296625141398,14.089999999999998,1.3355912411098176,90.52099899851088,91.81619609975023,12.936902030454807
2025-08-30,7,50,63.097014406276095,33.67,11.089051287985251,67.06548474016854,69.62758816093643,23.443608933787296
2025-08-30,8,50,63.988112440481196,62.82,24.926511993019265,60.32073862938672,62.77915749327251,39.43786673727379
2025-08-30,9,51,99.26969844699376,59.11,45.711302597729436,22.667395368415775,45.58376309711932,26.94456236670723
2025-08-30,10,52,52.78677436553211,79.49999999999999,39.15529090073167,50.74806176008594,52.51193340730097,41.746987058804265
2025-08-30,11,50,54.08278181597337,63.93,27.445376096951794,57.06964477248272,57.982706913504735,37.068344529803575
2025-08-30,12,49,98.85140254668579,39.53,37.82913817818056,4.302711413659105,53.490311004527044,21.14471994008954
2025-08-30,13,44,719.7616696068815,25.220000000000002,35.122778649199084,39.26557751466725,102.61113131474985,25.87852731757992
2025-08-30,14,14,4232.334167552602,9.459999999999999,13.84334929637955,46.33561624079864,140.30791720368194,13.27312896746831
2025-08-30,15,23,3647.9687826168642,9.45,22.117844270981006,134.05126212678314,253.65987039755075,23.97085775256854
2025-08-30,16,42,873.6254965135847,12.61,30.303899748356223,140.31641354763065,236.18959762756324,29.783508260835724
2025-08-30,17,49,61.1368637279485,18.15,10.756714077810878,40.734357698011685,61.1515925699591,11.099014051447575
2025-08-30,18,40,69.80995585892961,11.329999999999998,3.20518401070052,71.71064421270502,82.00189141545557,9.290814297371115
2025-08-30,19,5,81.22302441663605,8.59,0.18166080408492538,97.88520600599621,97.88520600599621,8.408339195915074
2025-08-31,6,35,69.35542381753253,10.189999999999998,0.9976755715975592,90.20926818844397,92.57826365132443,9.433725066069957
2025-08-31,7,49,52.872863561619596,39.22,12.81261877771412,67.33141566110626,67.8720924641266,26.61943466443045
2025-08-31,8,51,59.57713612494844,58.89,28.57842249654764,51.47151893946742,62.94549999827915,37.0686049489866
2025-08-31,9,51,69.89218235234561,66.62000000000002,65.78266606631583,1.2568807170282077,50.2810851625634,33.49725893529975
2025-08-31,10,51,53.91361403353814,86.98,54.367705172516175,37.49401566737621,49.709937294905544,43.23770345910884
2025-08-31,11,51,49.63774675724274,79.42,38.45800450455539,51.57642343924026,55.00970784212905,43.688709968218895
2025-08-31,12,50,55.78582289216426,102.13999999999999,43.29835944627899,57.60881197740455,59.09734266158,60.36202579453781
2025-08-31,13,50,42.80883528833367,102.55,80.98331032305394,21.030414116963485,35.95055384104491,36.86729296399155
2025-08-31,14,50,47.53555973110196,113.08999999999999,90.3799213397332,20.081420691720567,35.70104860521739,40.37431586764034
2025-08-31,15,50,179.94286054207987,66.19999999999999,62.706106303385155,5.277785040203677,48.136316337798775,31.86624141562278
2025-08-31,16,41,492.54663266855215,34.43000000000001,35.19378544449684,2.218371898044823,74.74909076071884,25.736111948915504
2025-08-31,17,41,238.1990906923202,18.78,12.001174416390793,36.09598287331847,71.92385716193957,13.507300375012251
2025-08-31,18,39,82.02957642757839,13.370000000000001,2.1424666326175665,83.97556744489479,85.32879353820101,11.408459696057475
2025-08-31,19,4,96.67197400908567,8.58,0.1401754432410119,98.3662535752796,98.3662535752796,8.439824556758989
2025-09-01,6,39,67.41910337524737,11.059999999999999,1.276386316486527,88.45943655979632,90.94454799153932,10.058467007864248
2025-09-01,7,51,43.53124889269571,39.169999999999995,20.783335715471818,46.94067981753429,52.27971153979849,20.477963010139064
2025-09-01,8,51,34.58128516694528,85.60000000000001,61.196788722650496,28.508424389427,30.2669336786144,25.90849522889393
2025-09-01,9,52,29.605933068054018,114.22000000000001,99.94793844418268,12.495238623548703,24.431920910936096,27.906140064471213
2025-09-01,10,52,34.60874036322068,130.99,121.28916856347017,7.405780163775737,30.05364153421836,39.36726504567263
2025-09-01,11,51,37.481723690822975,144.74,121.2738350747682,16.21263294544135,33.59361295090464,48.623395385139375
2025-09-01,12,51,32.791001253256375,153.48999999999998,120.22395446863939,21.673102828432206,31.80564101660452,48.81847839638627
2025-09-01,13,51,38.48065763945121,157.93999999999997,116.30868508762184,26.358943214118106,32.78031570166438,51.773230619208704
2025-09-01,14,50,40.93162156543351,145.5,106.32287898585989,26.925856367106604,32.88097666843335,47.84182105257052
2025-09-01,15,50,38.55434461230612,117.63999999999999,93.30588917302491,20.68523531704784,29.912520077369752,35.189088619017774
2025-09-01,16,50,34.80825848598957,85.30999999999999,66.76252211956135,21.741270519796785,26.71808850855951,22.793201306652115
2025-09-01,17,50,50.3053306506012,45.739999999999995,28.761200747331085,37.12024322839727,46.08669468664148,21.080054149669813
2025-09-01,18,48,56.00477056535674,14.360000000000001,5.83704639271677,59.352044618963994,67.82894112194722,9.740235945111623
2025-09-01,19,6,84.15157228502416,8.76,0.20892403029306317,97.615022485239,97.61502248523902,8.551075969706938
2025-09-02,6,38,71.25180075714077,10.640000000000002,1.0208217522312009,90.40581059933082,92.71896956134238,9.86529836132683
2025-09-02,7,51,49.20683988711713,34.73,15.625193953640226,55.00951928119715,57.18157747183557,19.85916185596849
2025-09-02,8,51,37.0134393438355,74.74000000000001,52.520044345667976,29.729670396483847,42.045332917443375,31.42468182249718
2025-09-02,9,51,39.010099252019856,99.12,81.88158401757575,17.391460837796867,37.46582997054892,37.136130666808086
2025-09-02,10,51,44.39560953982163,113.58,102.43650470150642,9.81114218920019,36.99683796235593,42.02100855764387
2025-09-02,11,51,48.46792204736809,137.2,130.81146236693587,4.6563685372187456,34.05183860996795,46.71912257287603
2025-09-02,12,51,52.16772590829765,138.01,127.49394832450352,7.619775143465307,38.13146741990792,52.62523818621492
2025-09-02,13,51,153.4438826178678,116.4,120.31923154879377,3.367037413053059,45.53478098089316,53.00248506175964
2025-09-02,14,51,153.96012579032035,113.45,96.60957847997365,14.843914958154564,47.7026632990781,54.1186715128041
2025-09-02,15,51,266.65859088544727,82.00999999999999,90.24017163190544,10.035570822955068,44.33023063044035,36.355222140024125
2025-09-02,16,51,134.18036944843988,48.65,56.53865720922108,16.21512273221188,52.55605881722395,25.56852261457945
2025-09-02,17,50,65.52975840406805,28.849999999999998,25.45082975836208,11.782219208450325,49.942251335815456,14.408339510382758
2025-09-02,18,43,63.164748066233166,12.309999999999997,5.379108400850729,56.30293744231738,71.64125890528801,8.819038971240953
2025-09-02,19,5,81.11915453905688,8.59,0.2104327601743734,97.55025890367433,97.55025890367436,8.379567239825628
2025-09-03,6,40,79.22374500485792,11.53,1.032520097539611,91.04492543330778,92.73771502768572,10.692658542692163
2025-09-03,7,51,64.02179045699913,37.89000000000001,10.587863206778552,72.05631246561481,72.47415173077655,27.46045609079124
2025-09-03,8,51,56.63611079414533,70.58,29.179526139555094,58.6575146790095,60.78641784499612,42.90305371499826
2025-09-03,9,51,42.305382887433026,104.56,67.13656584408065,35.791348657153165,42.77941790421075,44.730159360642766
2025-09-03,10,51,42.20380866269509,119.03999999999998,72.82642525154263,38.82188738949711,43.81768383556038,52.16057083785107
2025-09-03,11,51,50.02828074241245,90.5,90.28465511991438,0.23795014374102091,45.49159478865587,41.16989328373356
2025-09-03,12,51,65.40547155283252,117.62,85.28157510153339,27.49398478019606,52.82936199370377,62.13789557699438
2025-09-03,13,51,105.09485499252229,95.32999999999998,101.96800095184847,6.963181529265166,61.53206685701662,58.65851933479393
2025-09-03,14,51,242.826719471154,76.25,94.23537585330459,23.587378168268312,74.65574121101902,56.925002673402005
2025-09-03,15,51,84.47496754234469,60.099999999999994,68.56823830143794,14.090246757800251,49.36513724478389,29.668447484115113
2025-09-03,16,51,50.51123343228545,53.660000000000004,45.420721645618436,15.354599989529572,42.09032247350312,22.585667039281777
2025-09-03,17,51,57.20794244205762,29.939999999999998,11.035123802487236,63.142539069848915,63.655249178422004,19.058381604019544
2025-09-03,18,42,78.9860883088585,11.53,2.5725078625645335,77.68857014254525,85.83622410626339,9.896916639452169
2025-09-03,19,5,97.23892250700438,9.3,0.16441125214076974,98.23213707375517,98.23213707375517,9.13558874785923
2025-09-04,6,38,70.76943696450391,10.53,1.0180813249719625,90.33161134879427,92.3284768793033,9.722188615390637
2025-09-04,7,51,53.83595923507676,38.7,19.080027450257003,50.69760348770801,51.94081443787457,20.10109518745746
2025-09-04,8,51,31.81094129655119,77.21999999999998,61.08889712324017,20.889799115203076,33.57533133813392,25.926870859307012
2025-09-04,9,51,40.019206884661386,106.89,96.8345613573265,9.40727724078351,34.24107600865552,36.600286145651886
2025-09-04,10,51,42.68358849535479,120.97999999999999,120.83035799632454,0.12369152229744826,37.449810239112765,45.30678042727862
2025-09-04,11,51,37.241748116089745,151.54000000000002,123.1319598617835,18.746232109157,31.83115172976158,48.236927331280704
2025-09-04,12,51,41.08096108001938,136.92,132.1338530987839,3.495579098171257,32.086902617720305,43.93338706418264
2025-09-04,13,51,39.57240410016567,141.51999999999998,119.82256111481571,15.33171204436424,33.38958523086957,47.2529410187266
2025-09-04,14,51,27.397128202068576,119.28999999999998,100.96723402972012,15.359850758889987,23.022477532248523,27.463513448219256
2025-09-04,15,51,39.47872951049616,78.82000000000001,66.42693563216937,15.723248373294382,36.0881911240611,28.44471224398496
2025-09-04,16,51,50.91619694498066,57.17,28.284383771847676,50.525828630667,50.84746100990187,29.069493459360903
2025-09-04,17,50,69.06570071104257,33.07,9.477209362842082,71.34197350214066,71.34197350214066,23.59279063715792
2025-09-04,18,45,72.42617623847745,12.530000000000001,2.7628122656138454,77.9504208650132,85.37191226242923,10.697100606482385
2025-09-04,19,5,97.21219580386744,9.35,0.16698295564322854,98.21408603590129,98.2140860359013,9.183017044356772
2025-09-05,6,39,78.09809412793258,10.939999999999998,1.1869607019401944,89.1502678067624,93.38226039102017,10.216019286777604
2025-09-05,7,51,57.92103995905432,39.46,17.317645312727667,56.113417859281135,60.80073715578678,23.991970881673463
2025-09-05,8,51,51.19651175472152,82.10000000000001,50.688361662438446,38.26021721992882,41.598121681344026,34.15205790038345
2025-09-05,9,51,35.56703631257679,115.50000000000003,89.97403885489207,22.100399259833722,29.117678061483453,33.6309181610134
2025-09-05,10,51,38.02565954680123,130.88,118.77699230251754,9.247408081817278,27.621944075208194,36.151600405632486
2025-09-05,11,51,34.57886008418849,146.76000000000002,136.38635315633854,7.068442929723,32.84969839915849,48.210217370605015
2025-09-05,12,51,42.944966446638404,149.94999999999996,136.03367364845388,9.280644449180446,33.257817453158225,49.87009727101074
2025-09-05,13,51,39.62883098768289,139.16,127.56467207968751,8.332371313820412,34.88466305334436,48.54549710503401
2025-09-05,14,51,47.75752479884542,114.78000000000002,117.71528472896823,2.557313755853121,40.4337990856968,46.40991459056279
2025-09-05,15,51,33.071863002102255,110.38,98.6539149328573,10.623378390236176,25.863890709389466,28.54856256502409
2025-09-05,16,51,29.830882495236843,73.98,62.37164618925753,15.691205475456165,27.60637988164833,20.423199836443434
2025-09-05,17,51,42.82008197667608,40.209999999999994,20.89506102679553,48.03516282816331,48.07093426117966,19.32932266642034
2025-09-05,18,38,73.06827264152615,10.849999999999998,2.978651240465241,72.54699317543556,80.2299919965592,8.704954131626673
2025-09-05,19,5,97.0893354815702,8.620000000000001,0.17335348889161367,97.9889386439488,97.9889386439488,8.446646511108387
2025-09-06,6,39,80.34328445456318,12.19,1.0855453676409976,91.09478779621823,92.27143957868556,11.24788848464177
2025-09-06,7,51,53.62738145856591,30.050000000000004,12.253960673403313,59.2214287074765,61.034951273491956,18.341002857684334
2025-09-06,8,51,45.652470731490475,44.839999999999996,37.33314150805259,16.741432854476816,39.193514769750365,17.574372022756062
2025-09-06,9,51,59.56387264529226,58.59,74.80901056402695,27.682216357786217,53.12002938577399,31.123025217124987
2025-09-06,10,51,73.12359529510917,73.47,82.17499450952322,11.848366012689828,38.75721779573844,28.474927914529033
2025-09-06,11,51,90.43871958266918,74.09,85.80142036226387,15.807018979975524,48.908489162904154,36.23629962079569
2025-09-06,12,51,80.48327452701588,89.74000000000001,91.7047807555591,2.1894147042111545,44.28338474380297,39.739909469088786
2025-09-06,13,51,117.03176325713834,72.11,97.61130181111794,35.36444572336423,56.674912704917915,40.86827955151631
2025-09-06,14,51,60.518033557560024,85.65,68.13935904776201,20.444414421760644,40.18834875250554,34.421320706520994
2025-09-06,15,51,112.07637847319756,61.75,68.0221550344691,10.15733608820906,57.7512354296839,35.66138787782981
2025-09-06,16,51,63.588503316859324,48.71,38.432022883159334,21.100343085281597,45.053411221443746,21.94551660596525
2025-09-06,17,51,56.677382376132556,28.81,10.524619898520571,63.468865329675204,64.34856690266957,18.538822124659106
2025-09-06,18,43,82.11742704947619,11.04,2.211774629362345,79.96580951664542,85.18071441228375,9.403950871116125
2025-09-06,19,6,78.12567792275759,8.81,0.2294844886429594,97.39518174071556,97.39518174071556,8.58051551135704
2025-09-07,6,12,69.37720368331276,8.74,0.3697993859307287,95.76888574449967,97.18335962039764,8.493825630822753
2025-09-07,7,50,73.81691756878399,19.990000000000002,3.1167074250665356,84.40866720827145,86.08468271665234,17.208328075058805
2025-09-07,8,51,64.93541839517476,36.82,8.696407877937002,76.38129310717817,76.55093427939661,28.186054001673835
2025-09-07,9,51,69.11464124132587,54.160000000000004,12.470437070846634,76.97482077022408,77.2503534204908,41.83879141253782
2025-09-07,10,51,55.25719872653373,69.11999999999999,26.018411188338945,62.35762270205591,66.4646017274347,45.94033271400285
2025-09-07,11,51,47.42363271072776,93.80999999999999,54.55215395700578,41.848252897339535,44.30167402563599,41.55940040344912
2025-09-07,12,51,34.53310807049923,81.69000000000001,89.6818428306605,9.783134815351312,37.03180736158861,30.25128343368174
2025-09-07,13,51,39.99509647466232,76.13,81.2392022362515,6.711154914293322,39.4873358268006,30.061708764943297
2025-09-07,14,51,48.92365886469706,75.7,84.21836521571768,11.252794208345678,39.717275432703886,30.06597750255684
2025-09-07,15,50,53.62927940062504,53.55,65.03138223588127,21.440489702859516,47.391911464752496,25.37836858937496
2025-09-07,16,50,38.01860244781982,40.22,34.83509878918342,13.38861564101586,43.40225743699068,17.45638794115765
2025-09-07,17,50,45.45406628811524,21.12,12.641587105302536,40.14400044837815,53.10965438272495,11.21675900563151
2025-09-07,18,28,126.72727130502717,9.219999999999997,1.5272327933990462,83.43565300001035,88.9539065836592,8.201550187013376
2025-09-07,19,6,70.90860811817448,8.6,0.14945189811686904,98.26218723119919,98.26218723119919,8.45054810188313
2025-09-08,6,10,84.80444966699913,8.66,0.26588895724231437,96.92968871544672,97.5405031765987,8.447007575093448
2025-09-08,7,36,79.77696518411496,11.139999999999997,1.9930024965768416,82.10949284939997,87.02695236200965,9.694802493127874
2025-09-08,8,44,71.0556608799399,24.92,6.832560438038642,72.58202071413066,76.34974629854783,19.02635677759812
2025-09-08,9,49,39.463557685145474,24.580000000000002,12.570807574450452,48.8575769957264,55.77995182614968,13.71071215886759
2025-09-08,10,50,70.22237211588956,31.93,15.699200913789484,50.83244311371913,57.00016547470105,18.200152836072043
2025-09-08,11,50,84.33985438618191,35.449999999999996,27.562693503598297,22.249101541330607,67.41847619586126,23.899849811432812
2025-09-08,12,50,254.08599657171465,40.68,52.34209107692169,28.66787383707397,94.0687212149901,38.26715579025797
2025-09-08,13,50,80.99517354969137,44.86,55.20865511122918,23.068780898861295,56.64799043197492,25.412288507783945
2025-09-08,14,50,147.71802976087397,31.370000000000005,61.55193690328555,96.21274116444228,120.59713535087721,37.83132135957019
2025-09-08,15,49,50.04533295204327,33.260000000000005,13.719456842145657,58.75088141267091,60.86610989227344,20.24406815017015
2025-09-08,16,48,66.5445451373077,20.200000000000003,4.918103760847217,75.65295167897418,76.11116950075635,15.374456239152785
2025-09-08,17,44,84.4145852448965,12.81,1.7832107355206,86.07954148695863,89.27164112071672,11.435697227563812
2025-09-08,18,10,101.68879363431465,8.7,0.4463303405776779,94.86976620025658,96.3191400664931,8.3797651857849
2025-09-08,19,4,96.7619237358208,8.58,0.1209330452970447,98.59052394758689,98.59052394758689,8.459066954702955
2025-09-09,6,26,98.37345730064875,9.57,0.5862000397269121,93.87460773535098,95.90543321005455,9.178149958202221
2025-09-09,7,50,49.8071325164793,34.36,14.920141445528392,56.577003942001184,58.8456051569868,20.219349931940666
2025-09-09,8,50,33.01783396402359,61.97,51.21244536727081,17.359294227415184,29.373805405320354,18.20294720967702
2025-09-09,9,50,38.196886213787074,106.39999999999999,89.20967183339444,16.156323464854843,32.735369435319626,34.83043307918008
2025-09-09,10,50,33.326388880868414,134.32999999999996,108.96296594221421,18.884116770479977,29.306497245034706,39.36741774925511
2025-09-09,11,50,39.76463530518124,167.56,107.9207125435242,35.59279509219133,39.12567282644176,65.5589773879858
2025-09-09,12,50,42.647975229378375,139.55,121.27694731736534,13.09426921005709,37.86296576761757,52.83776872871032
2025-09-09,13,50,38.760983640271164,147.75,130.5486651171191,11.642189430037835,28.34193738904906,41.87521249231999
2025-09-09,14,50,39.21661445201326,133.66,103.541905353149,22.533364242743524,33.922028975898435,45.34018392918585
2025-09-09,15,50,47.99982689079481,104.72,79.56557901220313,24.02064647421397,42.84075882500768,44.86284264154804
2025-09-09,16,50,36.35016116424801,78.92,55.887551952909135,29.184551504169875,34.55743749561785,27.272729671541608
2025-09-09,17,50,36.076085147969565,41.05,25.008025221444996,39.079110300986606,41.38975702526852,16.990495258872727
2025-09-09,18,42,58.30357884473942,11.59,4.216306382735774,63.62117012307357,77.50958323476048,8.98336069690874
2025-09-09,19,5,81.22134215273762,8.59,0.18212679118479108,97.87978124348322,97.87978124348322,8.407873208815209
2025-09-10,6,36,79.15254034822996,10.809999999999999,0.8908558850451364,91.75896498570641,93.51888392879388,10.109391352702618
2025-09-10,7,49,59.47463633573173,40.209999999999994,13.909632576014959,65.40752903254176,65.44691304041493,26.316203733550836
2025-09-10,8,50,54.50461099104044,86.86000000000001,37.656892180514554,56.6464515536328,56.74675114186043,49.29022804181998
2025-09-10,9,50,40.069164624293705,128.05,78.67444686841213,38.559588544777725,39.07785937769163,50.03919893313414
2025-09-10,10,50,26.268900472561167,156.1,120.42304127098335,22.855194573361082,25.244810224726844,39.4071487607986
2025-09-10,11,50,20.976047685154825,172.1,143.92118851034303,16.373510453025546,19.599926891343824,33.73147418000272
2025-09-10,12,50,24.02484401394217,168.89999999999998,151.78991293628508,10.130306136006455,20.789326035170262,35.11317167340257
2025-09-10,13,50,37.179802113402275,145.05999999999997,152.93063059687174,5.425775952620822,24.414521796682106,35.41570531826706
2025-09-10,14,50,28.345264861322654,139.1,137.1301880522805,1.416112111947884,20.251937610150534,28.17044521571939
2025-09-10,15,50,19.856193271949913,125.19,111.43532779536369,10.98703746675957,16.621143652410737,20.808009738453
2025-09-10,16,50,30.162878897274283,79.09000000000002,73.07079630984663,7.610574902204309,21.51344978189741,17.014987432502664
2025-09-10,17,50,36.27767457150607,35.089999999999996,30.81859100806917,12.172724399916863,37.75673002681004,13.248836566407642
2025-09-10,18,42,56.925953328575886,11.559999999999999,4.119391353058677,64.36512670364466,77.18189438943186,8.922226991418322
2025-09-10,19,5,223.63690642193555,8.59,0.2750343331862065,96.79820333892657,98.50343438884087,8.46144501400143
2025-09-11,6,17,107.29706222111834,8.87,0.392641023214562,95.57338192542771,97.66439274143227,8.662831636165041
2025-09-11,7,50,43.663075676205594,32.36,16.110897823806035,50.213541953627825,52.036993728746516,16.83917117062237
2025-09-11,8,50,100.76659076500663,34.010000000000005,53.68669629337935,57.85561979823387,81.18566118549528,27.61124336918695
2025-09-11,9,49,44.083568329138814,56.18,77.53136997610551,38.00528653632166,48.67610864203245,27.34623783509383
2025-09-11,10,49,26.281778290554254,77.30999999999999,84.96082971064942,9.896300233668908,27.101117757587957,20.951874138391247
2025-09-11,11,49,62.56531583946546,65.08,104.39597323374747,60.411759732248726,66.15104459304308,43.05109982115244
2025-09-11,12,49,101.43197716839214,57.449999999999996,104.1354827666605,81.26280725267277,87.7629206007149,50.41979788511071
2025-09-11,13,49,119.60956592208663,52.06,100.02479798277373,92.13368801915814,98.9932452316453,51.53588346759455
2025-09-11,14,49,106.67600845690063,33.040000000000006,56.9235546762835,72.28678776114857,99.44068804590498,32.85520333036701
2025-09-11,15,49,62.458480915402646,24.09,7.609939210022393,68.41038102937985,68.64207817202487,16.53587663164079
2025-09-11,16,47,74.47279868091744,20.48,3.915484554692137,80.88142307279229,80.88142307279229,16.564515445307862
2025-09-11,17,40,75.25500215060174,12.14,1.5591157800232929,87.15720115302065,89.59865964154459,10.877277280483513
2025-09-11,18,8,107.11026962193702,9.05,0.3430988345373053,96.20885265704636,97.51945830198461,8.825510976329609
2025-09-11,19,5,97.39721335482805,8.99,0.11687855745593051,98.69990481139122,98.69990481139122,8.87312144254407
2025-09-12,6,5,96.00914939117082,8.99,0.15615479977865146,98.26301668766794,98.26301668766794,8.833845200221349
2025-09-12,7,29,74.35007210712632,10.069999999999999,0.9587872082873898,90.47877648175383,91.76600509282567,9.240836712847543
2025-09-12,8,43,72.01929596817483,13.8,2.89310091140303,79.03550064200702,85.03255839894204,11.734493059054001
2025-09-12,9,43,88.72268431181513,13.929999999999998,3.1519918908759785,77.3726353849535,86.227398947885,12.011476673440379
2025-09-12,10,50,46.8060767096633,18.76,8.638118956842467,53.95458978228963,66.25031933349102,12.428559906962917
2025-09-12,11,50,62.51142961249799,27.669999999999998,9.154465499781146,66.91555656024161,74.83668073042548,20.70730955810873
2025-09-12,12,50,55.527943158651226,33.699999999999996,11.868658240719945,64.7814295527598,73.454366543225,24.754121525066825
2025-09-12,13,48,69.79030767669671,35.78,10.08628986590124,71.81025750167345,75.2180899416171,26.9130325811106
2025-09-12,14,50,70.74792320601567,30.400000000000002,4.711171542128615,84.5027251903664,85.28099145029223,25.92542140088884
2025-09-12,15,50,83.15849932553276,38.37,5.144599240435362,86.59213124723648,86.59213124723648,33.225400759564636
2025-09-12,16,48,70.75494604336858,24.92,6.2954131423007,74.7375074546521,75.91800081186561,18.918765802316912
2025-09-12,17,44,74.52290896540394,14.030000000000003,2.127086407549394,84.83901348860019,86.13106172384369,12.08418795985527
2025-09-12,18,10,111.18329965644693,9.139999999999999,0.5951799267271581,93.48818460911204,95.28855002405024,8.709373472198191
2025-09-12,19,5,97.39033484125625,8.99,0.11659447848498171,98.7030647554507,98.70306475545073,8.87340552151502
2025-09-13,6,38,80.75323401232346,11.419999999999998,0.9912123624983527,91.32038211472546,93.57571540667028,10.686346699441746
2025-09-13,7,50,53.668591910591445,35.67,11.28222275268966,68.37055578163817,69.87480703702337,24.92434367010624
2025-09-13,8,50,39.746850586402815,54.01,29.345122543193657,45.667242097401115,47.59284807226965,25.704897243832836
2025-09-13,9,50,32.2264342411881,64.44,45.170975884247596,29.902272060447547,39.322849768917024,25.33964439109013
2025-09-13,10,50,44.15256614060709,66.74,41.6689060535042,37.56531906876805,44.71580658139593,29.84332931242364
2025-09-13,11,50,39.396578824951256,67.44000000000001,36.566291303651184,45.77952060549944,46.6134201652091,31.43609055941702
2025-09-13,12,50,58.272145310865234,62.18999999999999,50.52219196657858,18.761550142179466,42.201238342436895,26.244950125161502
2025-09-13,13,50,40.87334017452415,59.11,64.58824158281945,9.267876134020387,37.16075592025573,21.96572282446316
2025-09-13,14,49,76.75710274441745,51.769999999999996,65.85030525738212,27.1978081077499,52.82700916902975,27.3485426468067
2025-09-13,15,49,50.314638154900514,56.25999999999999,26.213060193752614,53.40728724892887,54.52806356804204,30.677488563380447
2025-09-13,16,50,53.78693074487073,45.86000000000001,24.742729427785388,46.047253755374214,56.763571457194715,26.0317738702695
2025-09-13,17,49,60.82918157874315,24.05,14.379621362218598,40.209474585369655,57.939891644519605,13.934543940506966
2025-09-13,18,41,80.92863057523641,11.609999999999998,3.2996455268654556,71.57928056102104,81.42085502048005,9.45296126787773
2025-09-13,19,5,97.330048461516,8.99,0.13645492733230083,98.48214763812791,98.48214763812791,8.8535450726677
2025-09-14,6,25,72.78410213101951,9.86,0.4854335041425498,95.07673930889908,95.75640870510303,9.441581898323157
2025-09-14,7,50,51.18138611149541,26.130000000000003,14.776104674550998,43.45157032318792,59.644077739604185,15.584997513358575
2025-09-14,8,50,36.435633192328666,63.91,50.230735761856906,21.40394967633092,36.454349368351444,23.297974681313406
2025-09-14,9,50,27.067211095307638,101.25,95.87202357085816,5.311581658411693,20.046885156747106,20.297471221206443
2025-09-14,10,50,27.98860900614294,122.96999999999998,123.39450125598412,0.34520716921536954,23.050497965956797,28.34519734873707
2025-09-14,11,50,24.902834178586435,134.29000000000002,124.97982738945154,6.932886000855221,21.740301329571725,29.19505065548187
2025-09-14,12,50,33.71648829239562,137.39000000000001,125.23744894439614,8.845295185678637,28.728719150413024,39.47038724075246
2025-09-14,13,50,37.09637149642686,103.78,118.49934558780548,14.183219876474732,35.4712687377736,36.81208269606144
2025-09-14,14,50,47.54630411570324,85.67,87.70425257297599,2.374521504582686,40.63520171643542,34.81217731047022
2025-09-14,15,50,59.001937855198015,67.42000000000002,86.94123707810608,28.95466787022555,43.37189043874453,29.241328533801568
2025-09-14,16,49,42.50033598662203,54.120000000000005,44.34651506236018,18.058915258018885,42.30372769072544,22.89477742622061
2025-09-14,17,50,54.551003764693576,31.990000000000002,12.99500675049094,59.37790950143501,60.80070467084335,19.45014542420279
2025-09-14,18,35,54.679552819832764,10.199999999999998,1.3933886757095415,86.33932670872998,90.12332939929027,9.192579598727605
2025-09-14,19,6,84.42566767871077,9.0,0.1478166698847847,98.35759255683573,98.35759255683575,8.852183330115217
2025-09-15,6,12,77.10399103018575,9.24,0.3444190109302222,96.2725215267292,96.94718951924946,8.95792031157865
2025-09-15,7,45,195.2262688898311,15.200000000000001,9.508150870605593,37.446375851278994,91.23441523452298,13.867631115647495
2025-09-15,8,50,37.86043474904754,40.68,29.098845891398117,28.468913737959394,40.80721523186059,16.600375156320887
2025-09-15,9,50,69.64846452578594,49.059999999999995,66.85668917683512,36.275355028200416,63.81655777062567,31.30840324226895
2025-09-15,10,50,43.00576629054566,67.53999999999999,69.84780152348958,3.4169403664340945,38.06294161621497,25.707710767591585
2025-09-15,11,50,28.317076744249665,82.55,68.19472189200714,17.389797829185778,25.613466484833758,21.143916583230265
2025-09-15,12,50,29.221622303990998,96.42999999999999,80.24361774300681,16.785629220152636,26.853886451658383,25.895202705334178
2025-09-15,13,50,30.708148949489573,94.13000000000001,64.00142758358177,32.00740722024671,35.52364265494009,33.43840483109511
2025-09-15,14,50,46.46336686513405,83.53,46.167896826842565,44.7289634540374,45.71970189349091,38.189666991632954
2025-09-15,15,50,48.19275180189715,64.18,33.491877859914375,47.815709161866046,51.912968213031604,33.31774299912369
2025-09-15,16,50,45.321621641525404,38.03000000000001,25.74380064423349,32.30659835857616,49.682190834000245,18.894137174170297
2025-09-15,17,49,49.30202782636383,18.85,9.935595270082699,47.29127177674962,60.40422249160873,11.386195939668246
2025-09-15,18,16,165.210822437875,9.96,0.6038741140135335,93.93700688741433,97.59706856267148,9.72066802884208
2025-09-15,19,7,86.58723837456473,9.85,0.14860665810845883,98.4913029633659,98.4913029633659,9.70139334189154
2025-09-16,6,22,76.06074587544789,10.1,0.7044609593876778,93.02513901596359,94.81247743561494,9.576060220997109
2025-09-16,7,42,150.52055038106806,16.87,9.335407264733382,44.662671815451205,75.99864901026949,12.820972088032464
2025-09-16,8,50,35.40499061411289,41.57,27.738930689804533,33.2717568202922,39.89153097443544,16.582909426072813
2025-09-16,9,51,45.358589248525895,105.33,68.27017860395524,35.1844881762506,46.139698714884794,48.59894465638815
2025-09-16,10,51,37.0580597158538,130.85999999999999,94.87063015597053,27.502193064366086,34.31382516790774,44.903071614724055
2025-09-16,11,52,38.65513612917921,160.51999999999998,108.2784663244865,32.54518669045196,34.2825710209672,55.03038300285653
2025-09-16,12,52,34.11507611443207,154.31,109.80517395839843,28.841180767028433,30.601556967573966,47.22126255666339
2025-09-16,13,52,45.13746765470598,139.20000000000002,88.44072125121892,36.464999101135845,40.05665425421856,55.75886272187224
2025-09-16,14,52,43.97500028263381,136.5,85.09364031530889,37.66033676534148,40.24647932727862,54.93644428173532
2025-09-16,15,52,40.08066789534326,88.3,75.36846102719521,14.645004499212671,33.38282941667592,29.477038374924835
2025-09-16,16,46,228.86310134557516,37.0,40.71948719213353,10.052668086847373,71.93401226568467,26.61558453830333
2025-09-16,17,27,122.10364375583991,17.32,7.41608510854548,57.18195664812078,76.92215022805411,13.322916419498972
2025-09-16,18,8,297.7064638210858,12.98,0.6605694949044035,94.91086675728502,97.77987334562906,12.691827560262652
2025-09-16,19,5,97.32873111537374,12.95,0.13478054505838397,98.95922359028275,98.95922359028275,12.815219454941614
2025-09-17,6,6,85.64667776015925,13.02,0.26543196385444806,97.96135204412866,98.32907285481089,12.802445285696377
2025-09-17,7,44,77.4076326054713,16.64,1.697436858007479,89.79905734370506,92.48704794003656,15.389844777222084
2025-09-17,8,48,70.58634029483444,22.0,4.132841114920479,81.21435856854326,83.90531729008597,18.459169803818913
2025-09-17,9,50,58.14663622530819,36.00999999999999,10.066758948672161,72.04454610199345,75.18263118003395,27.07326548793022
2025-09-17,10,50,41.37012203242098,44.470000000000006,20.582514131266223,53.715956529646455,54.592020958320454,24.277071720165107
2025-09-17,11,51,48.26547211007782,46.48,39.78996269678409,14.393367691944729,47.520129221343765,22.08735606208058
2025-09-17,12,51,149.38257353417728,43.919999999999995,72.9176658900642,66.0238294400369,96.27919198039066,42.28582111778758
2025-09-17,13,51,126.96073233775581,49.480000000000004,89.83160245687203,81.55133883765568,98.38778517455185,48.682276104368256
2025-09-17,14,51,167.99956736451907,45.12,87.77548997697555,94.53787672202029,110.73118680371535,49.96191148583636
2025-09-17,15,51,74.5834178509208,47.96,61.47016840083613,28.169658884145388,62.790896808190965,30.11451410920839
2025-09-17,16,50,69.16327588630668,42.05,30.88486437440924,26.552046672035097,47.970473089774096,20.171583934250005
2025-09-17,17,50,73.30160589078712,19.900000000000002,8.045665674489518,59.56951922367077,77.9180064644544,15.505683286426425
2025-09-17,18,8,67.94384326804214,12.98,0.33255152105359037,97.4379697915748,97.4379697915748,12.647448478946409
2025-09-17,19,6,84.4600396853502,12.96,0.1379658274748347,98.9354488620769,98.93544886207688,12.822034172525164
2025-09-18,6,23,65.17593602801732,13.479999999999999,0.933269856173676,93.07663311443861,94.15572429732954,12.692191635280022
2025-09-18,7,50,69.78475472878903,24.93,7.654060110874446,69.2977933779605,72.775051733803,18.142820397237088
2025-09-18,8,51,36.32160447034967,58.35000000000001,34.98326165030698,40.04582407830853,43.72906887771151,25.515911690144673
2025-09-18,9,52,29.782686466206677,101.45999999999998,82.0927936891896,19.088514006318132,28.407403197224244,28.822151283903715
2025-09-18,10,52,28.652691835725374,119.59000000000002,123.06364077868062,2.904624783577727,22.847626546951467,27.323476587499265
2025-09-18,11,52,36.710822781705424,131.09999999999997,129.02133705134975,1.5855552621283142,30.861130461298593,40.458942034762444
2025-09-18,12,52,35.14425064721818,139.89,143.12098659688058,2.309662303867752,30.55850074316715,42.74828668961652
2025-09-18,13,52,30.688680552742397,130.37,128.79360830740777,1.209167517521085,26.05754113467471,33.971216377275425
2025-09-18,14,52,31.987117231806405,107.5,91.25200828180179,15.114410900649494,28.86824984538981,31.033368583794047
2025-09-18,15,52,33.626582089125165,69.05,49.79141573296671,27.890780980497155,33.29664329944617,22.99133219826758
2025-09-18,16,52,36.30258043566899,44.269999999999996,36.058902451107954,18.547769480216946,40.60150591640092,17.974286669190683
2025-09-18,17,52,51.42323138056306,27.639999999999997,10.65081838778003,61.465924790955015,63.90551534641086,17.663484441747958
2025-09-18,18,12,70.92110125979289,13.51,0.49899322437929783,96.30648982694821,96.39531292095263,13.0230067756207
2025-09-18,19,6,97.22508619583854,13.42,0.292210100314729,97.82257749392899,97.822577493929,13.127789899685272
2025-09-19,6,7,201.32183747539932,13.43,0.39536825243002205,97.0560815157854,98.29623815757715,13.201184784562612
2025-09-19,7,22,133.6111326269995,13.919999999999998,2.0447429026438027,85.3107550097428,90.25834257483655,12.563961286417246
2025-09-19,8,41,135.9223065122777,16.76,7.909742874850458,52.80583010232424,81.36003784481984,13.635942342791807
2025-09-19,9,51,143.16564305957203,24.970000000000002,19.977064729675288,19.995735964456205,83.50224061669988,20.85050948198996
2025-09-19,10,52,81.85011272129732,32.230000000000004,25.162893881060235,21.927105550542255,63.249657923285,20.385364748674757
2025-09-19,11,51,55.65953156226081,32.68000000000001,19.958816102023068,38.9265113157189,58.91560729398866,19.2536204636755
2025-09-19,12,51,51.032940043744986,31.389999999999997,17.13653384989471,45.40766533961544,60.31661102905079,18.93338420201904
2025-09-19,13,49,79.25634080150151,23.81,12.946510438631616,45.62574364287435,72.00194083836774,17.14366211361536
2025-09-19,14,47,149.16672424588663,18.15,10.892151133668891,39.98814802386285,84.12158434906854,15.268067559355938
2025-09-19,15,42,63.01635216993496,16.34,4.713708518241477,71.15233464968497,81.992626876373,13.397595231599349
2025-09-19,16,34,89.98476138537539,15.279999999999998,2.399246381812933,84.29812577347556,89.01355372685883,13.601271009464027
2025-09-19,17,27,76.78078626289377,13.869999999999997,1.0616617265619352,92.34562561959672,92.70969668641207,12.85883493040535
2025-09-19,18,7,86.12516172936806,13.43,0.3596897412354282,97.32174429459846,97.32174429459846,13.070310258764572
2025-09-19,19,7,86.18437479548,13.43,0.3162216241991402,97.64540860611213,97.64540860611214,13.11377837580086
2025-09-20,6,17,53.25337182299064,13.649999999999999,0.5624607236679008,95.87940861781757,96.49172977749699,13.171121114628336
2025-09-20,7,51,59.02461824162998,35.10000000000001,11.252094475358842,67.94275078245346,69.49545467457264,24.392904590775004
2025-09-20,8,52,49.434960306299246,82.82,40.49898105301139,51.09999872855422,51.09999872855424,42.321018946988616
2025-09-20,9,52,32.38323108730764,117.79,96.83200423860673,17.79267829305822,25.93400271359313,30.54766179634135
2025-09-20,10,52,29.06536487890316,147.96999999999997,124.53538865973509,15.837407136760751,25.255532408462482,37.370611304801926
2025-09-20,11,52,29.38532498106638,162.04000000000002,131.829351698887,18.64394489083746,26.6446194058953,43.17494128531275
2025-09-20,12,52,32.235831510137814,158.70000000000002,129.47004058477108,18.418373922639528,28.118000838172875,44.623267330180354
2025-09-20,13,52,37.49922686225541,165.32999999999998,127.6662471165971,22.780954989053942,29.734724578965892,49.160420146404306
2025-09-20,14,52,41.431187835472514,140.3,109.3846681099578,22.03516171777777,32.30525608262565,45.32427428392379
2025-09-20,15,52,29.520634162481706,113.94,99.221271183592,12.917964557142358,20.900628403387593,23.81417600281982
2025-09-20,16,52,24.254349584879094,78.35,69.36570948111385,11.466867286389459,18.46701408015773,14.46890553180358
2025-09-20,17,52,33.997520606956186,35.82,25.146227818019607,29.79835896700277,40.1138447350343,14.368779184089286
2025-09-20,18,21,117.68815773417553,13.729999999999999,1.0852910042577741,92.09547702652749,95.6901925518026,13.138263437362495
2025-09-20,19,7,86.16581711020659,13.43,0.34418794005462794,97.43717096012935,97.43717096012934,13.08581205994537
2025-09-21,6,29,68.63947669027878,14.25,0.7028287442025585,95.06786846173642,95.79163375856797,13.650307810595935
2025-09-21,7,52,48.35944874400484,37.92,15.449357046416424,59.258024666623356,60.26485665273877,22.852433642718545
2025-09-21,8,52,36.915442365543846,78.05,56.08746150634734,28.139062772136654,37.01855626015012,28.892983161047166
2025-09-21,9,52,28.464723893119043,90.14999999999999,91.72084149806396,1.7424753167653584,27.59435030125401,24.876306796580486
2025-09-21,10,52,31.735882520664095,121.75000000000001,86.4112111563681,29.025699255549824,32.13047306585343,39.11885095767656
2025-09-21,11,52,42.22111747486341,160.16999999999996,94.07586191484855,41.26499224895513,43.41858286814766,69.54354417991209
2025-09-21,12,52,43.51119558194237,133.46,94.00638752463706,29.56212533745163,41.544177222307795,55.44485892089198
2025-09-21,13,52,44.665801989771595,128.17000000000002,66.14058181741761,48.39620674306187,50.6965950789779,64.97782591272599
2025-09-21,14,52,51.77424004575998,112.65999999999998,51.68309425714894,54.1247166188985,55.71939242783757,62.77346750920179
2025-09-21,15,52,41.37047841829683,79.46,65.5516057338166,17.503642419057883,37.495732103136916,29.79410872915259
2025-09-21,16,52,49.32820993570883,71.16,43.14485606119014,39.36922981845118,47.453728028293796,33.76807286493386
2025-09-21,17,52,59.2370134213795,32.65,10.53447503964521,67.73514536096414,68.75103003480243,22.44721130636299
2025-09-21,18,11,179.01437538690706,13.73,0.6422391988541238,95.32236563106974,97.00102189926163,13.318240306768622
2025-09-21,19,8,87.4663286126489,13.66,0.33913105041611763,97.51734223707088,97.51734223707088,13.320868949583883
2025-09-22,6,12,63.039544677889936,13.54,0.44983978794179613,96.67769728255689,97.1022379101393,13.147643013032859
2025-09-22,7,50,64.93588177465506,26.55,6.061549737369535,77.16930419069855,78.8557564536842,20.936203338453154
2025-09-22,8,52,49.9137582724346,45.06,20.130585590617148,55.324932111368966,55.594803541367874,25.051018475740367
2025-09-22,9,52,47.16400513951326,61.49999999999999,31.403151950586203,48.93796430798991,49.18589979378243,30.249328373176194
2025-09-22,10,52,41.606194195394544,84.35,48.8072222081412,42.13725879295649,43.31122983858025,36.53302236884244
2025-09-22,11,52,36.73871558081779,90.42999999999999,59.11534866213724,34.62860924235625,34.662888469575556,31.345650043037175
2025-09-22,12,52,29.344740672547694,76.82,65.80125633286976,14.34358717408258,25.570714255231252,19.643422690868647
2025-09-22,13,52,38.74580158643568,76.58999999999999,48.17789869265558,37.09635893373079,48.22930161987655,36.938822110663445
2025-09-22,14,52,101.88247315017574,47.809999999999995,31.495078576738397,34.124495760848355,57.267590784909636,27.379635154265294
2025-09-22,15,50,58.13347562284375,28.330000000000002,9.77242492107011,65.5050302821387,68.03039855494362,19.273011910615526
2025-09-22,16,49,72.8292101885525,25.42,6.06629006206527,76.13575900053002,79.53842383923502,20.218667339933546
2025-09-22,17,40,80.37439671060255,15.599999999999998,2.1009126694220037,86.5326110934487,90.31418151162072,14.08901231581283
2025-09-22,18,7,86.17474137063104,13.43,0.3407612222502001,97.46268635703498,97.46268635703498,13.089238777749799
2025-09-22,19,6,97.23006922152976,13.42,0.3140101343841655,97.66013312679459,97.66013312679459,13.105989865615834
2025-09-23,6,6,96.99580061429262,13.42,0.2986751465995188,97.7744027824179,97.77440278241791,13.121324853400484
2025-09-23,7,47,63.6154473014083,20.64,4.5699853990637855,77.85859787275298,79.1299292592207,16.332417399103154
2025-09-23,8,51,54.756254110786465,35.3,16.982892631021254,51.889822575010605,60.8130978817934,21.46702355227307
2025-09-23,9,52,47.0749696694194,44.33,34.22843808725854,22.787191321320684,42.66599511671843,18.913835635241277
2025-09-23,10,52,49.07332516767812,45.01999999999999,44.6895473519251,0.7340129899486654,45.881167001345915,20.655701384005926
2025-09-23,11,52,81.44668454793009,44.199999999999996,46.04138966534227,4.16603996683773,66.13222055643317,29.230441485943462
2025-09-23,12,52,58.195133846707,71.44,50.43378487858304,29.403996530538855,53.266864256452514,38.05384782480968
2025-09-23,13,52,46.01786208749432,61.91000000000001,33.341747500564,46.144811015079966,48.36274739685176,29.94137691339093
2025-09-23,14,52,58.565089958841696,80.66,26.340452333804432,67.3438478380803,68.73026603849235,55.43783258664793
2025-09-23,15,51,61.244292004283864,62.11000000000001,21.348814347681795,65.62741209518308,66.40190753052842,41.242224767211205
2025-09-23,16,51,69.3600408433727,47.50000000000001,12.222288170675322,74.26886700910458,76.09234720793155,36.143864923767495
2025-09-23,17,50,64.3478909369301,22.22,4.86401127561441,78.10976023575873,79.85545939812587,17.74388307826357
2025-09-23,18,7,86.09160657650706,13.43,0.3711432234229985,97.23646147860761,97.23646147860761,13.058856776577
2025-09-23,19,6,97.2412099031206,13.42,0.3099372973125616,97.69048213627003,97.69048213627003,13.11006270268744
2025-09-24,6,6,96.93056996603441,13.42,0.29952556181686285,97.76806585829462,97.76806585829462,13.120474438183138
2025-09-24,7,39,74.94236836531849,17.259999999999998,2.6502716890614293,84.64500759524084,86.83953103779551,14.988503057123502
2025-09-24,8,49,81.58273632218608,25.43,9.322562862049589,63.34029546972243,70.37756675079613,17.897015224727454
2025-09-24,9,50,76.41748711105805,26.989999999999995,12.316831977023888,54.365202011767735,70.21512556298268,18.95106238944902
2025-09-24,10,52,36.85586915432774,36.169999999999995,22.489373231199615,37.823131790988064,50.51016056861971,18.269525077669748
2025-09-24,11,52,69.66406156164483,45.93999999999999,60.04060728960766,30.693529145859095,70.63674743129536,32.45052176993708
2025-09-24,12,52,55.856242005724475,46.09,41.8479391301559,9.203863896385556,57.8770938331267,26.6755525476881
2025-09-24,13,52,57.42097635182844,45.03000000000001,35.02366886125986,22.221477101354985,61.240156545268555,27.576442492334433
2025-09-24,14,51,77.17663814656596,39.93,39.898101005108806,0.07988728998545808,63.00784615272256,25.159032968782117
2025-09-24,15,52,40.470625870801285,35.92,17.988851009732233,49.91967981700381,52.11855571367714,18.72098521235283
2025-09-24,16,52,55.23639319529094,27.750000000000004,15.945828404179803,42.53755530025297,66.0746933840698,18.335727414079372
2025-09-24,17,50,60.66575600147686,22.669999999999998,5.324634604670779,76.5124190354178,80.1561188485183,18.171392142959096
2025-09-24,18,19,77.79782168148304,13.69,0.43119203465653194,96.8503138447295,96.93796906751984,13.270807965343467
2025-09-24,19,8,77.91244981464996,13.440000000000001,0.33548526222370406,97.50382989416887,97.50382989416886,13.104514737776295
2025-09-25,6,12,95.5620680203491,13.5,0.4610951103004556,96.58448066444107,97.79824161668193,13.202762618252061
2025-09-25,7,51,52.59084177624304,28.630000000000006,10.307714468149767,63.99680590936164,65.78649054530644,18.834672243121236
2025-09-25,8,52,111.48416514972558,49.190000000000005,37.63257388963016,23.495478980219243,47.603423117209786,23.416123831355495
2025-09-25,9,52,56.11967721288811,72.17,75.87375127165076,5.131981809132269,47.55810938130419,34.32268754048724
2025-09-25,10,52,82.2802312227269,68.05999999999999,89.51452640900031,31.522959754628747,63.4351148078783,43.17393913824196
2025-09-25,11,52,154.83223305488772,72.89999999999999,106.67483828340595,46.33036801564604,61.275445563063435,44.66979981547324
2025-09-25,12,52,57.21493730150012,82.17999999999999,102.31996041483647,24.507131193522124,35.79293547724492,29.41463437519987
2025-09-25,13,52,44.27701975274841,86.39,98.47296736588511,13.986534744629136,33.34360320651635,28.80553881010947
2025-09-25,14,52,51.40381076328949,75.58,89.70812925586236,18.692946885237312,37.511042808035846,28.35084615431349
2025-09-25,15,52,104.50926839340747,50.529999999999994,61.86888494573016,22.439906878547724,54.9636661342153,27.77314049761899
2025-09-25,16,51,223.36517293882417,32.63999999999999,34.22864413439623,4.8671695294002255,73.2853068636539,23.920324160296627
2025-09-25,17,50,60.35355277638019,22.179999999999996,9.810179165890064,55.7701570518933,63.9943751635331,14.193952411271638
2025-09-25,18,8,81.8528507192984,13.46,0.4146661147976126,96.91927106391076,96.91927106391076,13.045333885202387
2025-09-25,19,7,86.19841670133752,13.43,0.3245986128015425,97.58303341175322,97.58303341175322,13.105401387198457
2025-09-26,6,7,84.85817482430924,13.43,0.31935622737601466,97.62206829950846,97.64100264539344,13.11318665527634
2025-09-26,7,47,81.28380679362428,18.83,7.6777440747196835,59.22600066532298,73.39656647142021,13.820573466568424
2025-09-26,8,51,38.045062914085044,35.07,22.177267709829323,36.762852267381454,45.273251608752304,15.877329339189433
2025-09-26,9,51,74.16348403514715,41.44,56.554913761441796,36.474212744791984,65.90885391055765,27.312629060535087
2025-09-26,10,52,89.43416334517077,51.35,85.92610667704551,67.33419021819962,76.33419006889547,39.197606600377824
2025-09-26,11,52,71.44074798063917,59.800000000000004,86.35274144802212,44.40257767227778,58.35436952531299,34.89591297613717
2025-09-26,12,52,55.99907963752444,64.85,83.88991982055565,29.359938042491372,45.48066441779301,29.494210874938766
2025-09-26,13,52,40.80761483855203,66.84,58.09102090579827,13.089436107423303,31.94934489796607,21.354942129800524
2025-09-26,14,52,33.92624437702149,58.33999999999999,38.65373373569429,33.74402856411673,35.26950665683342,20.576230183596614
2025-09-26,15,52,49.90937928845861,53.779999999999994,23.747878112374938,55.84254720644303,55.84254720644304,30.03212188762506
2025-09-26,16,51,76.51475910271557,31.99,6.336149043452792,80.19334465941608,80.19334465941608,25.653850956547206
2025-09-26,17,50,82.78786212680937,24.27,3.4697867064549284,85.70339222721496,86.93517838594407,21.099167794268624
2025-09-26,18,8,77.81296281195745,13.440000000000001,0.3874547886845598,97.11715186990655,97.11715186990654,13.05254521131544
2025-09-26,19,7,86.1412233719733,13.43,0.34095646423638376,97.46123258200757,97.46123258200757,13.089043535763617
2025-09-27,6,7,83.33951032189636,13.43,0.3145552127693837,97.65781673291599,97.65781673291599,13.115444787230617
2025-09-27,7,49,75.89833729057601,22.79,3.974960212269275,82.55831411904663,83.90865844105141,19.122783258715614
2025-09-27,8,52,49.13113413684168,32.629999999999995,14.149812520085542,56.635573030690956,60.60477954231922,19.775339564658758
2025-09-27,9,52,60.35975818850243,42.029999999999994,21.728837024704113,48.301601178434176,52.42029038749112,22.032248049862513
2025-09-27,10,52,59.13455293503572,45.07,19.984144380042565,55.659763967067754,56.82648561638004,25.611697067302487
2025-09-27,11,52,70.59578501050352,38.97,18.3558092817558,52.89758973118861,65.81854066090636,25.64948529555521
2025-09-27,12,52,75.31914978921625,32.18000000000001,29.61354718652559,7.975303957347471,49.47043952901316,15.91958744043644
2025-09-27,13,52,176.3201748777438,27.48,30.337794238619583,10.399542353055251,84.38946448142804,23.190224839496423
2025-09-27,14,51,68.32538818555858,36.67000000000001,25.37404942844953,30.804337528089647,55.60090841257871,20.388853114892616
2025-09-27,15,52,61.20991972610069,32.77,12.504783845550449,61.84075726106059,68.4996766710808,22.447344045113184
2025-09-27,16,51,72.18202920067654,24.82,5.465850087972,77.9780415472522,78.84291046349244,19.568810377038826
2025-09-27,17,40,79.23542746447731,15.139999999999999,1.63454119341286,89.20382302897714,90.47195874253691,13.697454553620089
2025-09-27,18,7,86.14881295904642,13.43,0.3508162602627111,97.38781637927988,97.38781637927988,13.079183739737289
2025-09-27,19,6,97.19183130101582,13.42,0.3150411791057534,97.65245023021049,97.65245023021049,13.104958820894247
2025-09-28,6,6,96.98265398919078,13.42,0.31159253431721595,97.67814803042313,97.67814803042313,13.108407465682784
2025-09-28,7,47,75.52894551865438,19.88,3.4014763530895418,82.88995798244697,85.0721892062338,16.91235121419928
2025-09-28,8,52,47.64668323663405,35.230000000000004,17.411397979276504,50.57792228419954,57.70264374291869,20.328641390630256
2025-09-28,9,52,64.2722005424512,61.61,18.49033423386802,69.9880957087031,70.15183335019684,43.22054452705627
2025-09-28,10,52,63.40801358121191,67.76,21.913804816628424,67.65967411949761,67.6596741194976,45.84619518337157
2025-09-28,11,52,50.971713584272024,72.53999999999999,44.292320786919205,38.94083155925116,51.157078473971495,37.10934472501892
2025-09-28,12,52,47.07265060874855,68.86,44.99451506683278,34.657979862281756,46.94694467438584,32.32766610278209
2025-09-28,13,52,47.570095199381484,82.7,59.69693232548882,27.815075785382327,48.38020030138763,40.01042564924757
2025-09-28,14,52,62.82120757028993,64.72999999999999,34.939455892451925,46.02277785809991,57.5340529425155,37.24179246969028
2025-09-28,15,52,85.48972676624807,51.33,57.015702225290504,11.07676256631698,50.16843958415631,25.75146003854743
2025-09-28,16,51,91.82481837591641,30.220000000000002,29.16941127613895,3.476468311916128,65.93345971212618,19.925091525004536
2025-09-28,17,42,73.29391012544019,15.84,4.882255742123531,69.17767839568477,82.84161783088895,13.12211226441281
2025-09-28,18,7,86.01472603715182,13.43,0.4012658664858016,97.01216778491585,97.01216778491585,13.028734133514199
2025-09-28,19,7,86.10188134934224,13.43,0.3330742744502882,97.51992349627484,97.51992349627483,13.09692572554971
2025-09-29,6,7,87.70771729612886,13.43,0.3343607007500709,97.51034474497341,97.5596651194255,13.102263025538846
2025-09-29,7,47,80.0660483600432,20.799999999999997,3.9404453906463845,81.05555100650777,83.35697799743257,17.338251423465973
2025-09-29,8,51,56.83160183243105,36.730000000000004,12.19314683857146,66.80330291703932,67.43967793813445,24.770593706676788
2025-09-29,9,51,46.48879810857706,44.370000000000005,23.415474238132923,47.226787833822584,49.82408945331539,22.10694849043604
2025-09-29,10,51,34.31574165368247,57.92,39.2296241669535,32.26929529186206,40.195105048560976,23.281004844126517
2025-09-29,11,51,41.691910778437204,78.91000000000001,40.656879073276876,48.476898905998134,50.910202262597124,40.173240605415394
2025-09-29,12,51,44.75268004970731,104.65,59.02623243674982,43.59652896631647,47.115203031742205,49.30605997271822
2025-09-29,13,51,45.3330137305161,92.17999999999998,70.02087369219348,24.038974080935677,43.76083051574244,40.338733569411374
2025-09-29,14,51,58.61790529194003,93.38,38.32203091361862,58.9612005636982,58.96120056369821,55.057969086381384
2025-09-29,15,51,29.49606976781482,69.36000000000001,63.80585116689762,8.00771169709111,23.872970800646325,16.558292547328293
2025-09-29,16,51,35.497190423077,51.9,39.3464886439153,24.187883152378994,38.3449013879722,19.90100382035757
2025-09-29,17,50,46.87435466160283,25.06,9.960834009399596,60.252059020751815,61.54726564209706,15.423744769909522
2025-09-29,18,6,89.96828694792596,12.969999999999999,0.5271620044269532,95.93552810773359,95.9355281077336,12.442837995573047
2025-09-29,19,5,96.62366689259147,12.95,0.33152353935177103,97.4399726690983,97.4399726690983,12.618476460648228
2025-09-30,6,5,96.37421164526756,12.95,0.3309083386567441,97.44472325361588,97.44472325361588,12.619091661343255
2025-09-30,7,50,61.58709046412979,24.310000000000002,11.840289565696894,51.294571922267,63.65832603437012,15.475339058955376
2025-09-30,8,50,37.34773885673575,69.44,52.700869933376765,24.105890072902124,26.455367050860712,18.370606880117677
2025-09-30,9,51,18.749587327484626,108.73,96.68869699315061,11.074499224546482,13.681877812162183,14.876305745163942
2025-09-30,10,51,20.102241029869163,140.05,127.6556057155327,8.84997806816659,14.921673817964168,20.89780418205882
2025-09-30,11,51,25.479560925724215,158.07,132.78616849827534,15.995338458736413,20.745764616686806,32.79283012959683
2025-09-30,12,51,33.06111627140971,157.33,139.8550510687504,11.10719438838721,24.367581615454203,38.3375161555941
2025-09-30,13,51,28.77805046756135,146.07,131.2151257009522,10.16969555627288,20.870037011190004,30.48486306224524
2025-09-30,14,51,28.462565725256816,135.4,109.99535135356967,18.762665174616195,23.086062189047006,31.258528203969647
2025-09-30,15,51,24.43919922932482,103.22999999999999,87.13452902620409,15.5918540867925,18.21553388992994,18.803895634574676
2025-09-30,16,51,24.777814422761217,62.61999999999999,54.40194395724295,13.123692179426769,21.493137196683914,13.459002512563465
2025-09-30,17,51,37.12851454678556,24.229999999999997,15.812199957175439,34.741230057055546,45.057897880423724,10.917528656426667
2025-09-30,18,3,96.74201271480777,10.379999999999999,0.5354947808746856,94.84109074301844,94.84109074301844,9.844505219125313
2025-09-30,19,3,98.03314501331522,10.379999999999999,0.3195778841048509,96.92121498935596,96.92121498935596,10.060422115895149
2025-10-01,6,10,58.98548509790287,10.49,0.3807130877929148,96.37070459682636,97.12470475079171,10.18838152835805
2025-10-01,7,50,58.70599657019751,36.77,12.872589901522517,64.99159667793714,65.55234617080204,24.10359768700391
2025-10-01,8,50,34.65832462690948,52.220000000000006,50.6724588374219,2.963502800800663,42.027121153281335,21.946562666243516
2025-10-01,9,50,118.85890911531123,57.7,89.53033364425016,55.16522295363979,68.51134864248489,39.53104816671379
2025-10-01,10,50,162.43551803682428,48.800000000000004,111.60866511833316,128.70628098019088,135.00278801921164,65.88136055337529
2025-10-01,11,50,69.02600932757456,82.02,100.60663277135303,22.66109823378815,52.76310551700066,43.27629914504394
2025-10-01,12,50,34.885890403759404,115.24999999999997,94.96003056646639,17.60517955187296,31.473472448520784,36.27317699692019
2025-10-01,13,50,33.661951785052565,115.51,88.3903869446167,23.478151723126405,38.465114466803946,44.43105372060524
2025-10-01,14,50,31.51963124417973,92.29999999999998,65.65750611267097,28.86510713686784,34.88841559955117,32.20200759838573
2025-10-01,15,50,73.75460682696912,47.410000000000004,62.484770238480884,31.796604594981815,54.639231559335464,25.904459682280944
2025-10-01,16,49,168.1306330509685,20.68,27.06419518048257,30.871350002333514,102.63870357319603,21.225683898936936
2025-10-01,17,48,71.85711826885668,16.47,4.155350618538078,74.77018446546401,78.0543745263944,12.855555484497156
2025-10-01,18,4,78.30793211557159,10.39,0.38184960147713753,96.32483540445489,96.32483540445487,10.008150398522861
2025-10-01,19,4,77.46668257079016,10.39,0.30834426510470087,97.03229773720211,97.03229773720211,10.0816557348953
2025-10-02,6,4,75.7002093448576,10.39,0.25079135228400007,97.58622375087583,97.60148851123027,10.140794656316826
2025-10-02,7,12,87.38086105987189,10.77,1.6228615499662533,84.93164763262533,86.74370312191772,9.34229682623054
2025-10-02,8,39,108.74297295167092,13.089999999999998,3.978735552491901,69.60477041641022,76.6294561998319,10.030795816557996
2025-10-02,9,41,103.78120000664732,14.41,6.569106901572666,54.41285980865603,76.0098452350505,10.953018698370778
2025-10-02,10,37,128.4440463753537,14.649999999999999,6.846209944198476,53.26819150717763,76.62227545060007,11.22516335351291
2025-10-02,11,41,195.2957603457754,14.389999999999997,8.50876878704161,40.87026555217781,80.16178356107318,11.535280654438429
2025-10-02,12,46,164.48470349445458,16.31,10.563049531752776,35.235747812674575,80.88713272229465,13.192691347006257
2025-10-02,13,45,81.35227829244752,19.03,11.10699702354292,41.63427733293263,64.71296660075181,12.31487754412307
2025-10-02,14,49,63.622671950198054,24.68,10.193064591980749,58.69908998387054,68.15666746610621,16.821065530635014
2025-10-02,15,49,73.65357911288508,22.22,3.7297766787175783,83.21432637840874,84.1440795978185,18.69681448663527
2025-10-02,16,47,78.07509355776487,18.549999999999997,2.9537803724116682,84.07665567433062,86.19521048354292,15.989211544697211
2025-10-02,17,25,82.17308081771424,11.129999999999997,2.824708690429552,74.62076648311275,80.7837742656268,8.991234075764261
2025-10-02,18,3,97.73061522417068,10.379999999999999,0.3760591080306214,96.37707988409807,96.37707988409807,10.003940891969378
2025-10-02,19,3,98.1674709920355,10.379999999999999,0.29409511019016604,97.1667137746612,97.16671377466123,10.085904889809834
2025-10-03,6,3,98.18720033697365,10.379999999999999,0.24127123990296453,97.67561425912365,97.67561425912365,10.138728760097035
2025-10-03,7,44,73.74852068178241,16.110000000000003,5.02501527495617,68.80809885191702,78.98616513901246,12.724671203894909
2025-10-03,8,50,51.05456408676912,27.080000000000002,13.914639625231992,48.61654495852293,62.633048682416245,16.96102958319832
2025-10-03,9,51,41.41945932998844,50.400000000000006,32.51250520635897,35.49106109849411,52.827511130292294,26.625065609667317
2025-10-03,10,51,43.79853127141386,56.12,56.26519135495599,0.2587158855238604,46.65852885365812,26.184766392672934
2025-10-03,11,51,34.32494509243968,71.06,59.78363437259836,15.868794859839072,35.985239038641424,25.571110860858596
2025-10-03,12,51,49.241987203357155,71.28999999999999,71.29429014550153,0.006017878386228781,50.55936149864093,36.04376881238112
2025-10-03,13,51,68.85480733176196,62.410000000000004,78.58158792135075,25.911853743551898,64.813562767213,40.45014452301764
2025-10-03,14,51,64.3526601200534,62.68999999999999,65.83443867473176,5.015853684370342,55.933135146955046,35.06448242362612
2025-10-03,15,51,49.40144744738192,50.35000000000001,33.547710609791714,33.37098190706712,51.91688374295504,26.140150964577863
2025-10-03,16,51,46.87301283218071,31.00999999999999,15.142511441012322,51.16894085452329,59.0192164519629,18.30185902175369
2025-10-03,17,44,72.39195604810948,16.34,3.413065128452627,79.11220851620179,82.9701776278153,13.55732702438502
2025-10-03,18,4,78.24420860684431,10.39,0.395970731011087,96.1889246293447,96.18892462934467,9.994029268988912
2025-10-03,19,4,78.6024224359918,10.39,0.31323330268533783,96.9852425150593,96.9852425150593,10.076766697314662
2025-10-04,6,6,81.34101628665987,10.469999999999999,0.2549569011872049,97.56488155504103,97.56488155504104,10.215043098812796
2025-10-04,7,47,72.31494156618263,18.779999999999998,4.10753797413148,78.12812580334675,79.90980432601988,15.007061252426533
2025-10-04,8,51,61.9062536223545,39.269999999999996,13.54379652042757,65.5110860187737,66.232238789399,26.00940017259699
2025-10-04,9,51,47.84530760994199,51.910000000000004,30.26715930219291,41.693008471984385,50.028572619021986,25.96983204653431
2025-10-04,10,50,46.665694076104955,65.98,41.2890985019017,37.42179675371068,44.865267642756095,29.602103590690476
2025-10-04,11,50,48.44739859804875,57.21999999999999,34.343248624299456,39.98034144652314,47.336266344599856,27.085811602380033
2025-10-04,12,50,66.46765087676523,39.58,31.5232019509423,20.35573029069656,56.6132203772072,22.407512625298608
2025-10-04,13,50,66.85651109946961,29.65,21.01548304864587,29.121473697653048,66.90197572182603,19.836435801521418
2025-10-04,14,48,54.944952321010085,33.45,11.639196219230236,65.20419665402024,67.15109461863985,22.462041149935033
2025-10-04,15,49,38.646085829740045,21.6,9.725358501069985,54.975192124676,57.9795897973025,12.523591396217341
2025-10-04,16,46,64.84204699437394,16.09,3.908544052234778,75.70824081892617,78.9487409994011,12.702852426803636
2025-10-04,17,32,70.0660285306136,11.869999999999997,1.5141660987479548,87.24375653961285,87.39798437402312,10.374140745196543
2025-10-04,18,5,78.53156141098361,10.61,0.4888829426834232,95.39224370703654,95.39224370703654,10.121117057316576
2025-10-04,19,5,78.30687932325672,10.61,0.42526359529257474,95.99186055332163,95.99186055332164,10.184736404707426
2025-10-05,6,6,184.14789927631722,10.62,0.46612342042543164,95.61089057979821,96.99832383616898,10.301221991401144
2025-10-05,7,44,68.07317466364536,20.17,4.237145547513379,78.99283318039971,79.61849814602667,16.05905107605358
2025-10-05,8,49,45.153855111493996,29.79,15.5507817075172,47.798651535692514,49.388551954704354,14.712849627306426
2025-10-05,9,49,29.50028780843868,39.25,31.715358690190854,19.196538368940498,35.116444689349294,13.783204540569598
2025-10-05,10,49,43.12810112382046,49.87,45.73525997875039,8.291036738018057,36.96882321815227,18.436352138892534
2025-10-05,11,49,35.1245651582428,62.92999999999999,45.90777073646382,27.049466492191605,40.983049069817916,25.79063277963641
2025-10-05,12,50,51.979921567198176,72.88,29.303677456885133,59.791880547632914,63.86431299685205,46.54431131210577
2025-10-05,13,50,60.26502531662753,61.44,42.18012021605819,31.347460585842786,55.351280432787966,34.007826697904925
2025-10-05,14,50,65.017863458352,62.050000000000004,49.81826842503532,19.712701974157426,48.021738151573054,29.79748852305108
2025-10-05,15,50,47.92856871123944,53.82,36.066954857336874,32.98596273255876,49.08047417635933,26.41511120171659
2025-10-05,16,50,51.82020444181551,35.53,17.76003889651825,50.01396313954898,51.76575889566146,18.39237413562852
2025-10-05,17,48,58.6524626236051,16.86,5.498427972383995,67.38773444612103,69.6604649947221,11.744754398110146
2025-10-05,18,6,173.34699336227882,10.88,0.8286843895869205,92.38341553688493,93.64855529343242,10.188962815925448
2025-10-05,19,6,158.37251407058318,10.88,0.7246684672434622,93.33944423489464,94.4366669927524,10.274709368811461
2025-10-06,6,6,179.13115329251247,10.88,0.6928933360819839,93.63149507277589,94.97048870549604,10.33278917115797
2025-10-06,7,47,73.6078953656164,18.450000000000003,7.75475314251495,57.96881765574553,68.04306957835124,12.553946337205804
2025-10-06,8,50,49.81840028450349,27.160000000000004,22.42923651834892,17.418127693855244,55.38300577847184,15.042024369432953
2025-10-06,9,50,37.438371807658555,47.14,36.76866440907926,22.00113617081193,42.44602446966855,20.009055935001754
2025-10-06,10,50,44.62810948478747,65.63,46.92367083398032,28.50271090358019,46.87742217764861,30.76565217519078
2025-10-06,11,50,48.0392746968155,92.83,51.5003681146535,44.52184841683346,54.4454774126021,50.54173668211853
2025-10-06,12,50,29.753649041888792,94.98000000000002,85.93274988055478,9.525426531317366,28.11839419773904,26.706850809012543
2025-10-06,13,51,33.768929133303,94.51,96.9075319332803,2.536802384171295,25.63265508681207,24.225422322546088
2025-10-06,14,51,27.818607078803197,85.0,74.65223963736956,12.173835720741693,28.814039030452292,24.49193317588445
2025-10-06,15,51,41.57468795737803,65.27,51.84823095712257,20.563458009617634,41.9275976659736,27.366142996580965
2025-10-06,16,51,44.84491918113566,39.82,17.625117773831967,55.73802668550486,57.920927072907325,23.0641131604317
2025-10-06,17,43,70.43443349573676,16.47,3.4857382960026557,78.83583305402152,80.16456989406561,13.203104661552604
2025-10-06,18,8,61.51445678576361,11.959999999999999,0.7455369030801288,93.76641385384508,93.7664138538451,11.214463096919872
2025-10-06,19,8,61.627822119533974,11.959999999999999,0.6858353548389897,94.26559067860377,94.26559067860377,11.27416464516101
2025-10-07,6,8,59.35125397703278,11.959999999999999,0.6317964756621685,94.71742077205545,94.76240418539629,11.333583540573397
2025-10-07,7,48,67.21926157293719,19.59,7.252281564305739,62.97967552677009,72.92098803271743,14.285221555609343
2025-10-07,8,51,44.94147102190505,36.940000000000005,25.074753947218834,32.12031957980825,56.65193172770645,20.927223580214765
2025-10-07,9,51,36.23003936087671,52.29,57.86653649465193,10.66463280675451,40.13708325742281,20.987680835306385
2025-10-07,10,51,31.282982979653212,64.94,66.48091003985037,2.3728211269639266,32.62208578738234,21.18478251032609
2025-10-07,11,51,30.896023065954864,82.28000000000002,90.56329081797622,10.06719836895504,27.19973309136171,22.37994038757242
2025-10-07,12,51,24.45655113805969,105.58,93.1688604583251,11.75519941435395,22.95196572097807,24.232685408208646
2025-10-07,13,51,30.031191628491683,109.03,82.51159724040907,24.322115710896934,28.56375209083596,31.143058904638448
2025-10-07,14,51,44.17966807147689,86.38,60.6861356236852,29.745154406476953,38.714662402524084,33.4417253833003
2025-10-07,15,50,39.79701256998335,56.74,43.65045432473448,23.069343805543742,41.56104551189828,23.581737223451082
2025-10-07,16,50,44.35477296762373,37.870000000000005,22.659299354067983,40.16556811706369,49.56983763474078,18.772097512276336
2025-10-07,17,47,61.88930393214712,16.390000000000004,4.6689622249544005,71.51334823090666,74.60220584893554,12.227301538640539
2025-10-07,18,6,70.96491719182788,10.9,0.7240536456289547,93.35730600340409,93.35730600340409,10.175946354371046
2025-10-07,19,5,70.65501711320437,10.870000000000001,0.652431376063101,93.99787142536246,93.99787142536245,10.217568623936899
2025-10-08,6,6,107.78470262294707,10.89,0.679245282928717,93.7626695782487,94.85222826410794,10.329407657961355
2025-10-08,7,47,61.86552684563279,18.15,5.756582194870286,68.28329369217472,70.25429629303625,12.751154777186077
2025-10-08,8,50,41.012175600239935,40.879999999999995,22.35836736582847,45.30732053368769,47.11296540265584,19.259780256605705
2025-10-08,9,51,29.69557034777533,52.269999999999996,53.85430535743468,3.031003170910057,31.710768418822433,16.575218652518483
2025-10-08,10,51,46.98359193539501,71.92,68.98587779480178,4.0797027324780615,33.205309979073284,23.881258936949507
2025-10-08,11,52,41.07006134658041,68.17,58.69675338046911,13.89650376929865,30.57466161498147,20.842746822932867
2025-10-08,12,52,138.27796953090615,54.830000000000005,64.27507357422103,17.22610536972646,60.293710401560595,33.05904141317568
2025-10-08,13,52,114.3835700353776,42.4,48.42106150975555,14.200616768291402,70.69728031247845,29.97564685249087
2025-10-08,14,52,58.630929068538585,49.599999999999994,33.861688037104635,31.730467667127744,54.617446699753295,27.09025356307763
2025-10-08,15,52,101.36799144161056,32.67,41.862806079685555,28.13837183864571,65.31817566941763,21.33944799119874
2025-10-08,16,51,100.68744383634822,23.31,23.517356128816626,0.8895586821820141,75.47469813907679,17.593152136218798
2025-10-08,17,40,102.36936122958666,13.129999999999999,5.111150007983135,61.07273413569585,77.23367606392108,10.140781667192837
2025-10-08,18,7,55.97581174289429,10.89,0.7667056596314817,92.95954398869164,92.9595439886916,10.123294340368517
2025-10-08,19,7,56.13373803616742,10.89,0.6913848936351151,93.65119473245991,93.6511947324599,10.198615106364883
2025-10-09,6,7,58.78487753319911,10.89,0.6589370121938788,93.94915507627292,94.0714742005973,10.244383540445046
2025-10-09,7,52,55.683757259050026,27.629999999999995,9.519328512761533,65.54712807541972,66.25381079631228,18.305927923021077
2025-10-09,8,52,37.456767009558284,54.65999999999999,43.46550373392475,20.48023466168175,39.27352896488046,21.466910932203657
2025-10-09,9,52,39.163416730560066,83.38000000000001,81.33545311659947,2.452083093548264,36.46714412657361,30.40630477273708
2025-10-09,10,52,26.368711774450386,128.23,108.32406370968043,15.523618724416721,20.661283763167905,26.4939641695102
2025-10-09,11,52,26.234248986993457,146.07999999999998,120.51897811621322,17.49796131146411,20.28695185698248,29.635179272680002
2025-10-09,12,52,25.30418667358151,147.97000000000003,125.7793197368427,14.99674276080106,18.91092438750243,27.98249481618735
2025-10-09,13,52,24.029622910435197,140.76,120.38410021433262,14.475632129630132,17.785884575717066,25.03541112877934
2025-10-09,14,52,24.89609756355794,122.36,99.5971255299703,18.603199141900703,19.709224967409504,24.11620767012227
2025-10-09,15,52,24.238575934571497,91.96,74.63186620563984,18.84312069852127,19.768201706463344,18.178838289263687
2025-10-09,16,52,27.347152329539625,52.300000000000004,40.05621877915259,23.41067155037747,27.522331182923942,14.394179208669224
2025-10-09,17,51,43.63836734841267,18.289999999999996,8.416123935316554,53.985106969291664,59.815005263191544,10.940164462637732
2025-10-09,18,5,70.13720272878959,10.870000000000001,0.8141202976511593,92.5103928458955,92.51039284589548,10.05587970234884
2025-10-09,19,5,70.56717893563453,10.870000000000001,0.6699889872121179,93.83634786373396,93.83634786373396,10.200011012787883
2025-10-10,6,6,180.09553353515145,10.88,0.6719797581913206,93.82371545780038,95.1706237943649,10.354563868826903
2025-10-10,7,51,54.23573358180357,26.53,8.389717080782546,68.37649046067642,68.53222329079544,18.181598839048032
2025-10-10,8,52,41.219607112552886,58.16000000000001,38.21766258403163,34.28875071521386,39.74739105257317,23.117082636176562
2025-10-10,9,52,35.33773458743787,76.57000000000001,69.6620251767378,9.021777227716086,28.083138296582334,21.503258993693095
2025-10-10,10,52,36.186766221594084,88.88000000000001,91.75746728255768,3.2374744403214155,26.80598162461906,23.825156467961428
2025-10-10,11,52,31.911703055712554,91.91000000000001,92.62609857588848,0.7791302098666807,30.735287308219334,28.24880256498439
2025-10-10,12,52,38.17660009829597,91.83,63.202273645578664,31.17469928609532,35.523339214499664,32.62108240067504
2025-10-10,13,51,36.78234588588718,82.75000000000001,65.46889842745476,20.883506432078853,39.52984221580065,32.710944433575044
2025-10-10,14,52,39.06179502586709,80.27999999999999,61.47650193435081,23.422394202353242,37.185243739465285,29.852313674042726
2025-10-10,15,52,32.94325006434553,62.13999999999999,57.5931786557071,7.317060418881388,34.26263498793664,21.290801381503826
2025-10-10,16,51,35.695814566216185,37.730000000000004,29.88523289137228,20.791855575477665,38.59850145705241,14.563214599745876
2025-10-10,17,48,48.07289704034639,16.38,6.62325896527731,59.5649635819456,65.3339082769216,10.701694175759759
2025-10-10,18,5,70.46224188683865,10.870000000000001,0.7240844508715728,93.33868950440136,93.33868950440134,10.145915549128427
2025-10-10,19,5,70.66832530093072,10.870000000000001,0.651557911548357,94.00590697747602,94.005906977476,10.218442088451642
2025-10-11,6,5,70.02327866458745,10.870000000000001,0.5991674599474657,94.48787985328919,94.48787985328919,10.270832540052535
2025-10-11,7,36,89.57741161092856,12.649999999999997,3.994563774935263,68.42242075149989,77.90768437503641,9.855322073442103
2025-10-11,8,50,47.03107602840697,21.2,16.397373005056977,22.653900919542558,48.71452049479528,10.3274783448966
2025-10-11,9,52,67.08934826389306,32.379999999999995,32.85262690671277,1.459626024437233,59.05984089832648,19.12357648287811
2025-10-11,10,52,36.19398781073446,45.81,39.75613804963691,13.215153788175272,35.12873775278726,16.092474764551845
2025-10-11,11,52,50.19990594127049,57.629999999999995,61.33234612789868,6.424338240323939,43.42310237535724,25.024733898918374
2025-10-11,12,52,40.21566601618816,57.48999999999999,43.135368446065726,24.968919036239807,43.1248406301436,24.79247087826955
2025-10-11,13,52,47.6614553458562,44.61999999999999,37.52539442057648,15.90005732726022,47.641322808740114,21.257558237259833
2025-10-11,14,52,87.77611627409301,31.86,34.04202382660262,6.84878790521853,75.0411115845393,23.90809815083422
2025-10-11,15,49,54.71055666106604,21.4,15.386808894395699,28.099023857964017,62.06818648955882,13.282591908765587
2025-10-11,16,45,61.565946897256666,14.589999999999998,5.346655056147551,63.35397494072959,73.35676319849401,10.702751750660273
2025-10-11,17,21,67.65769631196186,11.219999999999999,1.8622586541171082,83.40232928594378,85.13393330100992,9.552027316373312
2025-10-11,18,7,56.13557770695362,10.89,0.704748418769278,93.52848100303693,93.52848100303692,10.185251581230721
2025-10-11,19,7,56.20138979057505,10.89,0.6567810445401276,93.96895275904382,93.96895275904382,10.233218955459872
2025-10-12,6,7,51.51585593549838,10.89,0.618926325221839,94.31656267013922,94.32622900932736,10.27212633911575
2025-10-12,7,32,79.58971230693817,11.989999999999998,2.462564839580935,79.4615109292666,84.02511670472428,10.074611492896441
2025-10-12,8,45,66.0127607080611,15.52,5.763555980266619,62.86368569415838,70.10495151816276,10.88028847561886
2025-10-12,9,50,81.04974224007226,19.14,12.283614678681374,35.82228485537422,61.69381204404544,11.808195625230297
2025-10-12,10,51,41.42299711927873,25.21,16.810359318591303,33.31868576520705,54.76491140530686,13.806234165277859
2025-10-12,11,52,45.404943790864586,27.55,17.44399395685692,36.68241757946671,50.77427234169617,13.988312030137294
2025-10-12,12,52,78.65985521572871,25.080000000000002,20.560684005830925,18.01960125266777,65.76973637389598,16.495049882573113
2025-10-12,13,52,34.486830399264015,26.03,19.342320836696427,25.692198091830864,51.60908319337063,13.433844355234376
2025-10-12,14,51,63.64804950999603,20.830000000000002,14.14679218748583,32.08453102503203,66.88564793157173,13.932280464146391
2025-10-12,15,51,56.72878863323163,18.96,6.62726565534388,65.04606721865042,68.89572353981075,13.062629183148118
2025-10-12,16,47,61.34859702465757,14.429999999999996,3.2379664392385625,77.56087013694689,80.98395800357011,11.685985139915164
2025-10-12,17,10,69.70050608258511,10.95,1.4824818026582447,86.46135340038131,87.62148064097023,9.59455213018624
2025-10-12,18,6,62.23327293501356,10.879999999999999,0.670512666746746,93.83719975416595,93.83719975416595,10.209487333253254
2025-10-12,19,6,61.80138559035887,10.879999999999999,0.6558613149112167,93.97186291441896,93.97186291441896,10.224138685088782
2025-10-13,6,6,59.176728711066815,10.879999999999999,0.5950397804757841,94.53088437062699,94.5390611860194,10.28584985703891
2025-10-13,7,24,72.72102127847427,11.73,2.059501538419412,82.44244212771176,85.61502476812365,10.042642405300905
2025-10-13,8,45,65.5710112966354,15.299999999999999,4.6276808215441765,69.7537201206263,74.43772472919305,11.388971883566535
2025-10-13,9,51,43.35110795450946,20.8,10.912191024278389,47.537543152507745,59.63306044754094,12.403676573088516
2025-10-13,10,52,44.63719634626751,27.78,16.65298953914965,40.05403333639435,49.561784015121304,13.768263599400699
2025-10-13,11,52,32.90931703401491,32.7,20.153911184934394,38.36724408276944,48.60695715414134,15.89447498940422
2025-10-13,12,52,67.2118611449662,28.18,29.280195864702527,3.9041726923439586,70.80513955292359,19.952888326013866
2025-10-13,13,51,64.57175956490181,21.799999999999997,16.30615405631972,25.201128182019623,66.2481056441943,14.442087030434356
2025-10-13,14,48,52.88059032112476,18.78,10.16603702124686,45.8677474906983,66.17668591019232,12.427981613934119
2025-10-13,15,50,74.22363029071757,21.09,4.208484686408414,80.04511765572111,81.35592695147862,17.15796499406684
2025-10-13,16,47,73.8142117341203,16.130000000000003,2.8330548325275253,82.43611387149706,83.78341156840283,13.514264285983378
2025-10-13,17,25,79.48143270305732,11.58,1.4368890947146467,87.59163130643657,88.40692855287575,10.237522326423012
2025-10-13,18,6,74.81562444050326,11.04,0.6607060071496543,94.0153441381372,94.01534413813721,10.379293992850346
2025-10-13,19,6,74.81000657703292,11.04,0.6544810405083676,94.07172970554015,94.07172970554015,10.385518959491632
2025-10-14,6,6,73.9739044024665,11.04,0.5185962324716707,95.30257035804645,95.30257035804645,10.521403767528328
2025-10-14,7,51,67.14571061449915,24.040000000000003,5.326975516720628,77.84120001364133,78.5263680229841,18.87773887272538
2025-10-14,8,53,50.02731006552246,64.19,30.96197768809974,51.76510720034314,52.18173842880221,33.49545789744814
2025-10-14,9,53,42.78141889705205,103.3,64.03205944592557,38.013495212075924,38.4613906906308,39.730616583421615
2025-10-14,10,53,37.1901090086211,131.67,93.50513057310106,28.98524297630359,31.577001614138645,41.57743802533635
2025-10-14,11,53,49.917441367809886,116.43,110.09346202264348,5.4423584792205855,31.57611881475092,36.7640751360145
2025-10-14,12,53,59.54171574023282,107.36,85.8745612810143,20.01251743571694,43.35853283071426,46.54972084705483
2025-10-14,13,53,61.87756637834282,99.92,63.35687617395217,36.59239774424322,52.29574950999589,52.253912910387896
2025-10-14,14,53,53.983820819572244,90.95,66.1593522097931,27.257446718204402,44.02483329187814,40.04058587896317
2025-10-14,15,53,49.63510875530323,67.69999999999999,29.819608983670864,55.95331021614348,57.17874602816851,38.71001106107008
2025-10-14,16,53,55.10737658541211,37.25,12.933221277617923,65.27994287887805,66.52049671505212,24.77888502635691
2025-10-14,17,47,54.57638440537976,14.379999999999999,3.2517899431659836,77.38671805865101,81.09031176387316,11.660786831644959
2025-10-14,18,5,70.95780255234835,10.870000000000001,0.586473042643609,94.60466382112594,94.60466382112594,10.28352695735639
2025-10-14,19,5,71.15694544796656,10.870000000000001,0.5188873802319847,95.22642704478396,95.22642704478393,10.351112619768015
2025-10-15,6,5,70.6319697052847,10.870000000000001,0.4626406467815228,95.7438762945582,95.74387629455819,10.407359353218476
2025-10-15,7,30,72.68013295153808,12.069999999999999,1.118939079401657,90.7295850919498,92.25282072717498,11.134915461770019
2025-10-15,8,49,82.10442648470415,15.999999999999998,3.5872379314134317,77.57976292866606,82.9800447811839,13.276807164989423
2025-10-15,9,50,77.2870364530937,17.81,7.3312410448530185,58.83637818723739,80.00158607461148,14.248282479888305
2025-10-15,10,52,71.04182767460178,21.69,15.023620355540887,30.734807028396098,63.38305898597242,13.747785494057418
2025-10-15,11,52,61.621396285481175,27.409999999999993,10.045132059436948,63.35230915929606,70.64611747184968,19.36410079903399
2025-10-15,12,53,63.56222891113881,29.700000000000003,7.520278810146016,74.67919592543429,75.9844819985523,22.567391153570036
2025-10-15,13,53,46.80384060471163,23.330000000000005,10.33873646647013,55.68479868636894,70.92619293839051,16.547080812526513
2025-10-15,14,52,60.09444140956413,17.909999999999997,4.2483064815779,76.27969580358514,78.02649827039698,13.974545840228096
2025-10-15,15,50,79.56625324258295,16.680000000000003,1.7199919122574987,89.68829788814449,90.46777915530036,15.090025563104104
2025-10-15,16,42,75.06054398648138,13.389999999999999,1.3906207919890257,89.61448250941729,92.32184987323903,12.361895698026705
2025-10-15,17,16,90.93457217820969,11.009999999999998,0.6864222627946716,93.76546536971233,95.1655055015529,10.477722155720972
2025-10-15,18,6,62.850819021753544,10.879999999999999,0.46617210681323906,95.71532990061361,95.71532990061361,10.41382789318676
2025-10-15,19,6,62.88990593408171,10.879999999999999,0.4465625368419891,95.89556491873171,95.89556491873172,10.433437463158011
2025-10-16,6,6,59.929793260055305,10.879999999999999,0.47943485554438114,95.5934296365406,95.6072409431971,10.402067814619844
2025-10-16,7,41,80.25983530678258,14.889999999999999,3.8060165208658483,74.43911000090095,84.27702944003835,12.54884968362171
2025-10-16,8,52,94.51040153859616,34.550000000000004,24.1086713320446,30.22092233851057,70.3036489893678,24.289910725826577
2025-10-16,9,51,103.7962535627504,61.47999999999999,58.28069629334384,5.203812144853861,45.9681578977482,28.261223475535587
2025-10-16,10,53,36.650332342547706,103.35999999999999,72.902754910467,29.467148886932076,36.0705116954412,37.28248088840802
2025-10-16,11,53,42.06648286914207,99.05000000000001,82.1683714196212,17.04354223157881,47.54388531177946,47.09221840131757
2025-10-16,12,53,81.06484306012389,71.92000000000002,57.697947632555795,19.7748225353785,58.76148408157221,42.26125935146674
2025-10-16,13,53,71.61211529265285,75.75999999999999,55.04740059619513,27.33975634081951,50.69005944236251,38.402789033533836
2025-10-16,14,53,49.897496799024445,98.23,42.83875098882132,56.38934033511014,56.7594890583952,55.754846102061606
2025-10-16,15,52,64.65983913278863,79.69000000000001,21.657871694829325,72.82234697599533,72.82234697599532,58.03212830517067
2025-10-16,16,53,44.32405138553347,38.620000000000005,17.619006706760604,54.37854296540496,57.488981297302864,22.20224457701837
2025-10-16,17,46,63.77521286925529,15.739999999999998,3.9859733625150935,74.6761539865623,78.4275786021401,12.344500871976852
2025-10-16,18,6,62.670638187599245,10.879999999999999,0.5260642160861091,95.16485095509091,95.16485095509091,10.35393578391389
2025-10-16,19,6,62.872724133128465,10.879999999999999,0.44128003690154166,95.94411730789024,95.94411730789024,10.438719963098457
2025-10-17,6,6,60.87554540592005,10.879999999999999,0.4624825071016145,95.749241662669,95.749241662669,10.417517492898385
2025-10-17,7,45,77.97412510062115,14.74,1.565691715372449,89.37793951579071,90.66376726455258,13.36383929479505
2025-10-17,8,53,73.90439684033764,30.529999999999998,4.710430061270405,84.57114293720798,84.59603648453847,25.827169938729593
2025-10-17,9,53,71.23320657654344,45.64,8.61875889169576,81.11577806376916,81.20156236886092,37.06039306514812
2025-10-17,10,53,50.550041686405415,48.98,17.438070474117545,64.39756946893111,65.69496053360551,32.17739166935998
2025-10-17,11,53,41.92875914413969,33.03,21.833383481457897,33.89832430681835,54.245330778167144,17.917232756028607
2025-10-17,12,53,42.07609859384224,38.49000000000001,18.70586673338318,51.40070996782755,55.31258698051261,21.28981472879931
2025-10-17,13,51,52.69301933742088,22.909999999999997,17.30845759841606,24.450206903465467,59.359143008543015,13.599179663257202
2025-10-17,14,49,88.6790772343836,18.14,7.650004205635572,57.827981225823756,79.90450148579043,14.494676569522385
2025-10-17,15,50,80.94854008935184,19.709999999999997,2.5514016363588303,87.05529357504399,88.61680981802782,17.46637321513328
2025-10-17,16,44,66.42402341269906,13.509999999999998,1.6572778738214209,87.73295430183995,89.35905712281328,12.072408617292073
2025-10-17,17,12,76.11522194149107,10.98,0.601627532235044,94.52069642773185,94.86685307618356,10.416380467764956
2025-10-17,18,6,62.854624459921574,10.879999999999999,0.4649071791661703,95.72695607384036,95.72695607384036,10.415092820833829
2025-10-17,19,6,62.88369065676863,10.879999999999999,0.4423924729256147,95.93389271208075,95.93389271208075,10.437607527074384
2025-10-18,6,6,58.698641234124146,10.879999999999999,0.47205239333913007,95.66128314945652,95.66251079863642,10.408081174891642
2025-10-18,7,39,70.1741434216431,13.079999999999998,1.7803361035835137,86.38886770960616,89.20056999562668,11.667434555427969
2025-10-18,8,51,56.18313288509168,23.98,7.997560453096034,66.64903897791478,70.50274142185053,16.906557392959755
2025-10-18,9,51,42.80365357446424,38.04,19.455361506773727,48.85551654370734,53.43375593784074,20.32620075875462
2025-10-18,10,53,45.35295325886525,59.440000000000005,30.992853241667923,47.858591450760564,48.57160355882488,28.870961155365514
2025-10-18,11,53,46.27583695675756,74.50000000000003,41.425908789334734,44.39475330290642,44.63341394068176,33.251893385807925
2025-10-18,12,53,42.859776404481984,83.52000000000002,48.620449244467245,41.78586057894249,43.622676125749315,36.43365910022584
2025-10-18,13,53,39.825634715219955,81.42999999999999,51.551552116368235,36.692187011705464,38.42530579871807,31.28972651189612
2025-10-18,14,53,45.535323446212175,73.04999999999998,38.686053869618995,47.04167848101437,47.17432709268769,34.46084594120835
2025-10-18,15,53,33.804045387281,50.95,31.63873927538972,37.9023762995295,40.36654138297556,20.56675283462605
2025-10-18,16,53,37.298074331096075,31.35,15.756037891753286,49.741505927421734,50.38888773054114,15.79691630352465
2025-10-18,17,45,56.287367241305276,13.47,2.7489417625007335,79.59211757608958,83.14205415125937,11.199234694174638
2025-10-18,18,5,71.23584817002082,10.870000000000001,0.509454406548338,95.31320693147804,95.313206931478,10.360545593451661
2025-10-18,19,5,71.44352485914408,10.870000000000001,0.43753057116920835,95.97487975005328,95.97487975005326,10.43246942883079
2025-10-19,6,5,70.37882959573956,10.870000000000001,0.4482293957270725,95.8764545011309,95.8764545011309,10.421770604272929
2025-10-19,7,50,66.65199829516327,18.01,4.245560251002145,76.42665046639564,80.6934042224335,14.532882100460274
2025-10-19,8,53,47.30165688475562,46.169999999999995,20.98146623583301,54.55606186737489,57.23229871799762,26.424152318099498
2025-10-19,9,53,39.572806268990384,82.88000000000001,55.06409570399198,33.56166058881277,41.075813865482694,34.04363453171206
2025-10-19,10,53,33.40018454395181,91.04999999999998,82.47649165609936,9.416263969138527,29.492262852129453,26.852705326863862
2025-10-19,11,52,31.843496816671458,93.58999999999999,99.35834512868725,6.1634203747059075,24.038627072801987,22.497751077435375
2025-10-19,12,52,57.39262053092487,76.14999999999998,101.31716680112602,33.04946395420361,41.90805531904186,31.912984125450368
2025-10-19,13,52,157.87982187245893,48.33,92.42284158156016,91.23286071086316,100.54575232287537,48.593762097645666
2025-10-19,14,52,148.08517201357895,40.75000000000001,64.40748854771796,58.055186620166744,88.10118987427529,35.90123487376719
2025-10-19,15,51,56.10870860253928,38.24,17.33063978011684,54.67928927793714,69.8275882031659,26.702069728890642
2025-10-19,16,47,80.6332562605547,15.64,8.162429880290794,47.810550637526894,82.88507005496011,12.963224956595761
2025-10-19,17,20,63.44294687061096,11.18,1.165479032267035,89.5753217149639,92.9330769261701,10.389918000345817
2025-10-19,18,6,62.78359607508245,10.879999999999999,0.4885170142867133,95.50995391280594,95.50995391280594,10.391482985713285
2025-10-19,19,6,62.90987380230663,10.879999999999999,0.4394691892647557,95.96076112808129,95.96076112808129,10.440530810735243
2025-10-20,6,6,60.317013349237655,10.879999999999999,0.457504338700597,95.79499688694304,95.8127891243085,10.424431456724763
2025-10-20,7,50,65.67537537687365,19.220000000000002,3.214494408606905,83.27526322264876,83.97318681789723,16.13964650639985
2025-10-20,8,53,51.56494999826432,49.190000000000005,17.365779523245415,64.69652465288593,65.31631386913904,32.129094792229495
2025-10-20,9,53,42.77581596729756,52.42,42.45221347021856,19.01523565391347,50.8255779376267,26.642767954903917
2025-10-20,10,52,39.665697894640886,59.0,46.54994902610777,21.10178131168175,41.666761715742524,24.58338941228809
2025-10-20,11,53,35.26934940161246,48.80999999999999,32.28257333444198,33.86073891734893,42.89568408114938,20.937383400009008
2025-10-20,12,53,49.53589825765506,59.93,29.742064761218554,50.37199272281235,52.708048751886516,31.587933617005586
2025-10-20,13,52,59.74229314771159,53.91,17.025358160287627,68.41892383548948,68.41892383548947,36.884641839712366
2025-10-20,14,52,67.56029889912936,46.64999999999999,11.651425775245558,75.0237389598166,75.04003049250686,35.006174224754446
2025-10-20,15,51,69.75225286704693,33.19,8.007659720137234,75.8732759260704,76.68435986348454,25.451539038690516
2025-10-20,16,51,84.94687275137005,21.99,2.0143939837536355,90.83949984650461,91.20402917801894,20.055766016246363
2025-10-20,17,35,76.15768841506069,11.929999999999998,0.8640769124570531,92.75710886456787,93.1215011529166,11.109395087542948
2025-10-20,18,6,62.81978405272599,10.879999999999999,0.47648813051799854,95.6205135062684,95.6205135062684,10.403511869482001
2025-10-20,19,6,62.90908362607255,10.879999999999999,0.44680495233760087,95.89333683513235,95.89333683513235,10.433195047662398
2025-10-21,6,6,60.37782056402025,10.879999999999999,0.45978519113532484,95.7740331697121,95.79350848060315,10.422333722689622
2025-10-21,7,43,82.98409835943771,13.579999999999998,2.3198980748854567,82.91680357227204,87.51986213178995,11.885197277497074
2025-10-21,8,52,39.64139441395688,22.81,11.573737189993782,49.26024905745821,57.939989404307724,13.21611158312259
2025-10-21,9,53,32.2957548857392,44.39,27.93082136945579,37.07857317085878,39.07466133586953,17.345242166992485
2025-10-21,10,53,54.872958290838056,45.13,59.665023659097294,32.20701010214334,58.11591470057314,26.227712304368662
2025-10-21,11,52,31.282102723751514,74.6,78.63884175268213,5.4139969875095595,35.17884419039133,26.24341776603193
2025-10-21,12,52,31.583241836212363,103.30000000000003,81.54784738713914,21.057262935973746,31.313843833418332,32.347200679921144
2025-10-21,13,52,35.93598242436826,114.48999999999998,69.64722736291662,39.167414304378866,41.058262619072956,47.00760487257662
2025-10-21,14,52,27.574242346347276,84.91999999999999,71.27338323657278,16.069967926786628,29.394844986147522,24.96210236223647
2025-10-21,15,53,38.94427389159845,67.56000000000002,42.16396841840549,37.590336858488044,42.864829398323565,28.959478741507404
2025-10-21,16,53,42.76643417109714,39.989999999999995,21.692097553255394,45.756195165652926,50.680438326694855,20.26710728684527
2025-10-21,17,49,53.69856450656847,16.4,4.9365094156110665,69.89933283163984,75.42780225343488,12.370159569563318
2025-10-21,18,5,71.24360188827349,10.870000000000001,0.5073066265923487,95.33296571672172,95.33296571672172,10.362693373407652
2025-10-21,19,5,71.45483046073345,10.870000000000001,0.43269032937532986,96.01940819341922,96.01940819341921,10.43730967062467
2025-10-22,6,5,70.36341922223066,10.870000000000001,0.44662384266442995,95.89122499848732,95.89122499848729,10.42337615733557
2025-10-22,7,51,63.559342687553475,23.92,5.622525560797788,76.49445835786878,77.05707443816456,18.432052205608965
2025-10-22,8,53,34.53832595441277,68.92,44.33131378945084,35.6771419189628,36.01254041139171,24.81984285153117
2025-10-22,9,53,28.19748171503726,106.93,81.39487281879009,23.88022742093885,25.02344553389058,26.7575703093892
2025-10-22,10,53,25.13702472752074,138.0,114.19321104284053,17.25129634576773,20.54929444145445,28.35802632920714
2025-10-22,11,53,32.44753818053241,148.64,126.8108419669218,14.685924403308793,23.425407583485867,34.81952583209339
2025-10-22,12,53,27.40625182759085,159.82000000000002,129.6196315821783,18.896488811051004,22.00256939379212,35.16450640515857
2025-10-22,13,52,28.359431407579233,145.95000000000005,113.53733797615195,22.208058940629044,24.214802447559798,35.34150417221354
2025-10-22,14,53,34.15081597071954,121.31,92.20160148609358,23.995052768861942,27.347614480154743,33.17539112587572
2025-10-22,15,53,26.89762746279392,86.89,71.54692069271151,17.658049611334437,25.05355025152961,21.76902981355408
2025-10-22,16,53,45.81837090957004,38.53000000000001,37.09334431067604,3.7286677636230734,43.936230993580864,16.92862980182671
2025-10-22,17,47,47.06374680582002,14.729999999999999,4.942642486400041,66.44506119212463,74.56413545449915,10.983297152447724
2025-10-22,18,7,56.601534182199295,10.89,0.5237093937872265,95.19091465760123,95.1909146576012,10.366290606212772
2025-10-22,19,7,56.768629292629925,10.89,0.4478590488872691,95.88742838487356,95.88742838487356,10.44214095111273
2025-10-23,6,7,52.409775566024145,10.89,0.46547851107473587,95.72563350711904,95.73790377735797,10.425857721354284
2025-10-23,7,52,66.0222242440918,24.29,5.496119450482158,77.3729129251455,79.56690360610904,19.326800885923884
2025-10-23,8,53,37.12632441953129,68.89,42.27607073444461,38.63250002258004,38.853050167729805,26.76586626054906
2025-10-23,9,53,28.992148127292523,109.73,81.46439577618688,25.759231043300034,26.18264872789328,28.730220449117297
2025-10-23,10,53,25.24571726872626,138.59,113.43751880421198,18.148842770609733,19.94215812884551,27.637836950766996
2025-10-23,11,53,26.654060738707475,155.07,126.8762105860577,18.181330633870058,20.56967550687133,31.89739580850537
2025-10-23,12,53,26.400931211476415,157.53999999999996,130.32944944839397,17.2721534541107,20.30322002960871,31.985692834645555
2025-10-23,13,53,29.25544454941968,147.20000000000002,113.74041384316749,22.7306971174134,24.04817844461538,35.39891867047385
2025-10-23,14,53,27.695867196928408,123.48,95.0270279721951,23.042575338358358,23.473071170366232,28.984548281168227
2025-10-23,15,53,25.3349168345316,88.18000000000002,72.17373207955399,18.15181211209575,20.38162823506161,17.97251977767733
2025-10-23,16,53,32.972695820339794,44.10000000000001,27.176273770010074,38.375796439886464,39.57185532742254,17.451188199393343
2025-10-23,17,48,56.23684301547733,14.48,4.033231932793289,72.14618830943861,78.72423116207482,11.399268672268434
2025-10-23,18,6,62.763509273410925,10.879999999999999,0.4951938671623259,95.44858577975803,95.44858577975805,10.384806132837674
2025-10-23,19,6,62.8830091789638,10.879999999999999,0.4402318980076264,95.9537509374299,95.95375093742992,10.439768101992374
2025-10-24,6,6,59.82615602648648,10.879999999999999,0.4481399216366713,95.88106689672176,95.89367397985241,10.433231729007941
2025-10-24,7,52,66.6118175187894,23.339999999999996,4.950530966676016,78.78949885742924,80.45470842564896,18.778128946546463
2025-10-24,8,53,35.51825804689162,57.510000000000005,37.65431765521611,34.5256170140565,38.083029649840924,21.90155035162352
2025-10-24,9,53,48.563956682971885,56.79,77.39882452159875,36.28953076527338,51.24022669373611,29.099324739372737
2025-10-24,10,53,37.853029476965524,75.63000000000001,99.31019108314855,31.310579245205002,35.95630218424289,27.193751341942896
2025-10-24,11,53,20.120309543832377,99.97,103.24737651034675,3.278360018352261,17.26905502623229,17.26387430972442
2025-10-24,12,53,27.40618554393989,125.76999999999998,102.33892007858265,18.63010250569877,24.182143744503993,30.413882187462665
2025-10-24,13,53,33.14636210738613,115.67000000000002,106.08152136412502,8.289512091186126,29.49409489051169,34.11581955985488
2025-10-24,14,53,29.902318579328934,108.22,83.75798253717862,22.603971043080186,27.950554668362166,30.248090262101535
2025-10-24,15,53,28.823248706448943,73.87,64.81441558079153,12.258811992972074,25.919499572180026,19.146734333969388
2025-10-24,16,53,30.7150467911735,37.33,29.17642750536961,21.841876492446797,36.41369500451937,13.59323234518708
2025-10-24,17,45,62.379836012574955,13.9,3.8635789835769208,72.20446774405093,80.13275335195824,11.138452715922195
2025-10-24,18,5,71.27401952464402,10.870000000000001,0.4988809413177131,95.41047892072021,95.41047892072018,10.371119058682286
2025-10-24,19,5,71.46004764257339,10.870000000000001,0.4319791112199588,96.02595113873082,96.02595113873082,10.438020888780041
2025-10-25,6,5,70.47951753550365,10.870000000000001,0.43740359761819203,95.97604785999823,95.97604785999823,10.432596402381808
2025-10-25,7,44,65.12943088952868,15.760000000000002,2.8867695123818935,81.68293456610475,83.11118424323148,13.09832263673328
2025-10-25,8,51,30.37233805067554,24.42,16.33167639348549,33.12171829039521,51.182934388987725,12.498872577790802
2025-10-25,9,52,31.18747142462539,34.71,23.06954467538833,33.536316118155206,40.75562115868621,14.146276104179984
2025-10-25,10,52,41.38439393950654,42.78,24.3887761808674,42.990238006387564,49.61760691540909,21.22641223841201
2025-10-25,11,52,45.97770492074557,54.050000000000004,27.025953021224275,49.998236778493485,50.84615891033264,27.482348891034793
2025-10-25,12,53,34.42098593528321,57.190000000000005,40.850448465863224,28.570644403106805,34.09198167474099,19.497204319784373
2025-10-25,13,53,36.565693164027905,54.00999999999999,47.91196521716959,11.290566159656368,38.4713036592962,20.778351106385873
2025-10-25,14,53,34.854763275197655,49.06,35.35103185714826,27.943269757137678,37.913091492905146,18.600162686419267
2025-10-25,15,53,38.10960020675913,39.050000000000004,41.84054709226442,7.146087304134234,41.15831948988663,16.07232376080073
2025-10-25,16,52,48.96122164465572,18.69,6.5699095278121025,64.84799610587424,68.88687705312644,12.874957321229333
2025-10-25,17,14,143.82543642546645,10.979999999999999,1.0669776951739403,90.28253465233205,92.46629287731325,10.152798957928994
2025-10-25,18,5,71.41080083100356,10.870000000000001,0.4609925194561189,95.75903845946534,95.75903845946532,10.409007480543881
2025-10-25,19,5,71.47743865178913,10.870000000000001,0.4408232459668167,95.94458835357115,95.94458835357112,10.429176754033183
2025-10-26,6,5,70.640958487721,10.870000000000001,0.43396525577627004,96.00767933968473,96.00767933968471,10.43603474422373
2025-10-26,7,47,67.1508641324296,15.2,3.1204013969520092,79.47104344110521,83.80680608698896,12.738634525222322
2025-10-26,8,53,60.31810758594867,30.11,30.022529401014488,0.2905034838442762,58.190439405809244,17.521141305089163
2025-10-26,9,53,76.78671273099877,47.19,73.07320286673158,54.848914741961394,69.77559321303887,32.927102437233046
2025-10-26,10,53,45.64623844660282,83.92000000000002,94.87163677908737,13.050091490809521,33.08730003972874,27.766862193340366
2025-10-26,11,53,28.035041035164664,110.24000000000001,109.20159862393159,0.9419460958530671,21.408004709435286,23.60018439168146
2025-10-26,12,53,28.697567361574407,120.35000000000001,106.33908535120005,11.641806937100085,20.76777626211124,24.99401873145088
2025-10-26,13,53,36.49017663864337,115.71000000000001,97.55754316247835,15.687889411046282,27.635332059481026,31.9768427260255
2025-10-26,14,53,60.561588641818474,82.14999999999999,51.95768540223599,36.752665365507006,52.876143267091955,43.43775169391604
2025-10-26,15,52,52.98170310174627,51.760000000000005,29.893695518187542,42.24556507305344,51.957785663640365,26.893349859500255
2025-10-26,16,52,41.58774637290465,30.779999999999998,13.844620393158937,55.02072646796966,56.78633516738285,17.47883396452044
2025-10-26,17,39,79.26540958671745,12.029999999999998,2.1226479673642165,82.35537849240053,89.71326235472668,10.792505461273617
2025-10-26,18,5,71.41230168509158,10.870000000000001,0.4605767828737389,95.76286308303828,95.76286308303827,10.40942321712626
2025-10-26,19,5,71.4857424253694,10.870000000000001,0.4316548822721859,96.02893392573885,96.02893392573884,10.438345117727813
2025-10-27,6,5,70.73912368932828,10.870000000000001,0.429400168122105,96.04967646621799,96.04967646621799,10.440599831877895
2025-10-27,7,52,67.93256385418724,22.66,4.721617589356883,79.16320569568896,81.50574905637897,18.469202736175475
2025-10-27,8,53,43.19021120181553,63.42,41.663350430260635,34.30565999643546,36.371488317373476,23.066797890878263
2025-10-27,9,53,21.668892766836517,103.94000000000001,85.66064369053467,17.586450172662442,18.359632404697894,19.083001921442992
2025-10-27,10,53,20.026768154429064,130.03,115.77068799462334,10.966170887777173,14.183498341351877,18.442802893259845
2025-10-27,11,53,20.366620059906534,144.29999999999998,128.44707934337998,10.986085001122662,14.5687853366586,21.022757240798356
2025-10-27,12,53,19.827398990175965,145.18,134.18602166566538,7.5726534883142484,13.267383106395062,19.26158679386435
2025-10-27,13,53,19.72541871286608,136.15999999999997,123.72342629042414,9.133793852508687,14.160118938380784,19.28041794649927
2025-10-27,14,53,19.271282093505423,112.66,99.08494985288907,12.049574069865905,15.187513162053602,17.110252328369587
2025-10-27,15,53,18.505553745203397,77.02,72.12212243051012,6.359228212788729,17.2194591988559,13.262427474958816
2025-10-27,16,53,28.15803090057661,38.910000000000004,30.116207516301717,22.600340487530932,36.675775494268976,14.27054424482006
2025-10-27,17,44,58.220343527626305,13.04,3.5471347221993828,72.79804660890044,81.70805463455652,10.654730324346168
2025-10-27,18,6,62.72214625763466,10.879999999999999,0.5089429336063407,95.32221568376525,95.32221568376525,10.371057066393659
2025-10-27,19,6,62.869247737007626,10.879999999999999,0.44872855547905743,95.87565665919983,95.87565665919983,10.431271444520942
2025-10-28,6,6,61.38155381710176,10.879999999999999,0.4380111077340553,95.97416261273845,95.97416261273845,10.441988892265943
2025-10-28,7,52,68.04924990578769,21.42,3.8636426588002557,81.9624525732948,83.65436565682982,17.91876512369295
2025-10-28,8,53,45.730644696653194,55.89,27.671536206915043,50.489289305931216,50.98123017636902,28.493409545572643
2025-10-28,9,53,29.405094670825875,92.39,73.51509955619473,20.429592427541156,21.46972559123722,19.83587947374407
2025-10-28,10,52,30.25371882272257,121.26,101.07818023026401,16.643427156305453,17.98485687134405,21.8084374421918
2025-10-28,11,53,37.35327646570131,137.29,111.75027928428707,18.602753817257568,20.878139553045347,28.663597792375956
2025-10-28,12,53,33.51030825373623,139.45,122.79027768400452,11.94673525707814,15.418182115735544,21.500654960393213
2025-10-28,13,53,31.884498762746656,129.26000000000002,114.46439427948685,11.44639155230788,15.18259473399958,19.62502195316786
2025-10-28,14,53,24.563628904145478,105.77,96.3012566454158,8.952201337415328,13.235046057285194,13.998708214790549
2025-10-28,15,53,22.98306459933945,73.16,69.95736542566566,4.377575962731465,17.39389577587834,12.725374149632595
2025-10-28,16,53,27.09378048135813,36.290000000000006,29.09368391220327,19.830025042151373,36.885750151059895,13.385838729819637
2025-10-28,17,45,59.74292555599972,12.779999999999998,3.479167213887375,72.77646937490316,84.58835575094902,10.810391864971283
2025-10-28,18,6,74.40038057657534,10.95,0.5050978459904605,95.38723428319213,95.38723428319216,10.44490215400954
2025-10-28,19,6,74.50402969681197,10.95,0.4422659890532684,95.96104119586056,95.96104119586056,10.50773401094673
2025-10-29,6,6,73.31680828526373,10.95,0.4241870241649459,96.12614589803702,96.12614589803701,10.525812975835052
2025-10-29,7,52,68.64503012241828,21.75,3.8140501125459374,82.4641374135819,84.0760956293078,18.286550799374446
2025-10-29,8,53,37.79597790608371,58.61,36.86124198516831,37.10758917391518,37.98226648427801,22.26140638643534
2025-10-29,9,53,28.49027002286226,97.89,79.09007812894038,19.205150547614284,20.6459125032631,20.21028374944425
2025-10-29,10,53,30.448901857643822,125.70000000000002,105.38187509412637,16.16398162758444,17.89663524449955,22.496070502335936
2025-10-29,11,53,35.28380393338343,139.75000000000003,117.90488129434094,15.63156973571312,18.73308728151298,26.179489475914394
2025-10-29,12,52,31.9468066407003,122.73000000000002,117.3347594305092,4.396024256083128,16.065083490683026,19.716676968115284
2025-10-29,13,52,32.866338132732906,108.79,111.15215889190155,2.1713014908553574,21.05481742621417,22.9055358779784
2025-10-29,14,52,40.86453822112188,83.94999999999999,87.25399264618669,3.9356672378638478,30.196230543112428,25.34973554094288
2025-10-29,15,52,26.789226727772252,63.79999999999999,54.39462098435428,14.74197337875503,24.9038667400078,15.888666980124974
2025-10-29,16,52,29.743336490599365,30.64,17.874679253662997,41.66227397629571,44.11819913841871,13.517816216011493
2025-10-29,17,36,48.778585588339396,12.069999999999999,2.227759584810259,81.5430026113483,84.84074867337947,10.2402783648769
2025-10-29,18,7,66.71451533324525,10.96,0.4798953034116067,95.62139321704738,95.62139321704738,10.480104696588393
2025-10-29,19,7,66.77096904487951,10.96,0.4571895007517185,95.82856294934562,95.82856294934562,10.50281049924828
2025-10-30,6,7,63.19734264522161,10.96,0.4382498746487857,96.00136975685413,96.00694767761296,10.52236146546638
2025-10-30,7,33,72.49982266006437,11.889999999999999,1.6817537522768031,85.85572958556095,90.62019756102133,10.774741490005436
2025-10-30,8,51,45.31805240528495,19.790000000000003,9.243928114101786,53.28990341535227,62.31378901430769,12.331898845931493
2025-10-30,9,53,32.00541796371609,28.059999999999995,18.41477383424625,34.3735786377539,49.428271007590155,13.869572844729795
2025-10-30,10,53,33.58670008847087,41.78999999999999,26.082502694207754,37.58673679299412,43.8869640740722,18.34036228655477
2025-10-30,11,53,31.323442669235835,49.57000000000001,42.123449986139946,15.022291736655358,35.33947548310713,17.517777996976207
2025-10-30,12,53,44.483037968412866,62.220000000000006,38.81021105281537,37.62421881579016,44.43261492125528,27.645973004005036
2025-10-30,13,53,48.44318486757576,50.52,58.306382395531315,15.412475050537038,46.190068581263404,23.335222647254273
2025-10-30,14,53,70.25738882821473,41.760000000000005,52.66831445975423,26.121442671825246,65.95253783004951,27.541779797828678
2025-10-30,15,53,70.12107169722904,27.04,29.96498713391258,10.81726011062345,70.03710220579353,18.93803243644657
2025-10-30,16,52,55.44672359100829,20.759999999999998,14.18041367530268,31.693575745170133,68.40845383238168,14.201595015602434
2025-10-30,17,39,70.25852598882884,12.649999999999999,1.3394307481112626,89.41161463943666,90.99753017581895,11.511187567241096
2025-10-30,18,6,74.47842885396167,10.95,0.4791545985872397,95.62415891701151,95.62415891701151,10.47084540141276
2025-10-30,19,6,74.55936827065547,10.95,0.44790660300458557,95.90952873968415,95.90952873968415,10.502093396995413
2025-10-31,6,6,73.24468743264708,10.95,0.4271917416535071,96.09870555567574,96.09870555567575,10.522808258346494
2025-10-31,7,47,72.14909176295872,16.79,2.4773557591866218,85.24505205963894,86.8622031686987,14.58416391202451
2025-10-31,8,52,48.2552805755877,33.13,17.050384860872484,48.5349083583686,61.38690452818548,20.33748147018785
2025-10-31,9,48,179.85716795253774,36.099999999999994,35.653693055338294,1.2363073259326867,67.61385728017953,24.408602478144804
2025-10-31,10,50,268.943080621731,42.019999999999996,48.17165188911503,14.639818869859681,78.17992576531054,32.85120480658349
2025-10-31,11,51,109.48825107117422,62.52,66.46986348621407,6.317759894776173,51.492461526823774,32.193086946570226
2025-10-31,12,53,61.56988911553203,94.94,76.10621885320195,19.837561772485827,41.386094883459826,39.291958482356755
2025-10-31,13,53,41.53465109095656,100.15,82.69584222831934,17.42801574805858,33.1587251503636,33.208463238089145
2025-10-31,14,53,40.13122187534776,88.17000000000003,62.409369170169704,29.21700218876071,37.01672455236492,32.63764603782016
2025-10-31,15,53,42.533452869992686,60.36,34.076441872924384,43.54466223836252,47.339535792677644,28.574143804460228
2025-10-31,16,53,39.34472075728208,32.72,16.458402144606083,49.69925994924791,50.999381772768174,16.686997716049746
2025-10-31,17,34,50.03850891746263,11.75,1.5342971366124614,86.94215202883011,90.1567036416464,10.593412677893452
2025-10-31,18,9,137.35141681133493,10.989999999999998,0.546822553986027,95.0243625660962,96.24179871612527,10.576973678902165
2025-10-31,19,7,66.76978108096382,10.96,0.44634755585169195,95.92748580427289,95.92748580427286,10.513652444148306
2025-11-01,6,7,64.68060058507366,10.96,0.43264369914637396,96.05252099319003,96.05252099319,10.527356300853626
2025-11-01,7,41,69.04616808048402,13.42,2.694666970384973,79.92051437865146,85.22742494652518,11.437520427823678
2025-11-01,8,52,110.36813936747387,24.39,31.88592729344622,30.733609239221888,84.21982263886103,20.541214741618205
2025-11-01,9,53,129.22674774789883,40.47,73.73824515992891,82.20470758569041,89.70821486779431,36.30491455699636
2025-11-01,10,53,100.57449706551009,61.19,99.9522340944593,63.34733468615673,63.82016278382386,39.05155760742182
2025-11-01,11,53,60.922719478113095,97.68,116.70687927735322,19.478787138977495,28.865883669214004,28.19619516808824
2025-11-01,12,53,19.344981076175095,126.56000000000002,117.45210363725779,7.196504711395561,14.019682374585777,17.74331001327576
2025-11-01,13,53,15.891344385271891,115.66,109.92890917546762,4.9551191635244445,11.785437188780675,13.631036652543727
2025-11-01,14,53,13.751133595547543,93.59,91.78607076310448,1.9274807531739793,9.9762498286744,9.33677221465637
2025-11-01,15,53,17.10285928794038,64.46000000000001,65.7562735515173,2.0109735518418987,15.936606208339702,10.272736361895772
2025-11-01,16,53,27.311344169070917,32.36,24.76993603721398,23.45508023110636,37.422867290806124,12.110039855304862
2025-11-01,17,17,158.91957374056898,11.079999999999998,1.0492394455709404,90.53032991361967,94.42237905610003,10.461999599415881
2025-11-01,18,7,66.71288551929864,10.96,0.4805273452601033,95.61562641186036,95.61562641186036,10.479472654739897
2025-11-01,19,7,66.7438333629607,10.96,0.4474758429699801,95.91719121377756,95.91719121377753,10.512524157030018
2025-11-02,6,7,63.1091991085823,10.96,0.4314895530298203,96.06305152345055,96.06305152345055,10.52851044697018
2025-11-02,7,52,75.93490333652674,18.889999999999997,3.2103404035178227,83.00507991785166,86.33432069585872,16.30855317944771
2025-11-02,8,53,36.45012312823766,55.75000000000001,33.47961351769276,39.946881582613884,40.33732207019812,22.488057054135453
2025-11-02,9,53,23.69307297971829,96.21000000000001,79.3569595730033,17.516932155697653,20.005443065677614,19.247236773488435
2025-11-02,10,53,23.991378532828602,128.17,107.11332571863285,16.42870740529542,19.360311087078138,24.814110720308047
2025-11-02,11,53,26.951601784268668,143.99,119.13546565480267,17.26129199610899,21.629298416494798,31.144026789910864
2025-11-02,12,53,27.842745768238466,146.72999999999996,119.14044655519285,18.802939715673084,23.084619604899974,33.87206234626972
2025-11-02,13,53,26.822056211822186,136.54999999999998,110.81011154269154,18.85015632171984,22.165462871603793,30.266939551174975
2025-11-02,14,53,21.68732242817553,112.28999999999998,93.10072649087638,17.089031533639325,18.427055953908535,20.69174113064389
2025-11-02,15,53,17.262173365940424,76.83999999999999,67.53458871970703,12.110113587054865,14.308858816089852,10.994927114283442
2025-11-02,16,53,26.23120874185326,36.66,25.53614928886917,30.343291628834777,33.145133541340094,12.151005956255277
2025-11-02,17,33,46.34367841165377,11.81,1.4838041351556857,87.43603611214492,89.70155053696611,10.593753118415698
2025-11-02,18,8,60.86581507720623,10.969999999999999,0.4920551074263147,95.51453867432711,95.51453867432713,10.477944892573685
2025-11-02,19,8,60.894027531222484,10.969999999999999,0.4556600959709645,95.84630723818628,95.84630723818628,10.514339904029034
2025-11-03,6,8,57.18554718519728,10.969999999999999,0.43555132173884303,96.02961420475073,96.02961420475076,10.534448678261157
2025-11-03,7,52,71.7843890943607,19.83,2.9170257592255266,85.28983479966955,87.00792975614019,17.253672470642595
2025-11-03,8,53,41.197130161741256,58.940000000000005,33.446050262364764,43.254071492424906,44.91785742179298,26.474585164404782
2025-11-03,9,53,39.91684178478587,94.60000000000002,78.06981062311428,17.47377312567203,21.962215696769885,20.776256049144315
2025-11-03,10,53,47.36501242755552,118.97999999999999,105.72554390825499,11.140070677210455,19.886424042599234,23.660867325884567
2025-11-03,11,53,51.16171781042475,129.98999999999998,118.12367106060138,9.128647541655974,19.472067360427843,25.31174036182015
2025-11-03,12,53,52.479834663297765,134.74,117.43571806256172,12.842720749174921,22.935999519225263,30.903965752204122
2025-11-03,13,53,48.43516495799487,126.97,110.43473641301496,13.022968880038622,21.355803029403,27.115463106432987
2025-11-03,14,53,40.28314508193477,106.07000000000001,91.84362105261482,13.412255064943137,19.27100501578545,20.44075502024363
2025-11-03,15,53,29.344006953645625,73.5,66.45939217309183,9.579058267902274,15.651125502961985,11.503577244677059
2025-11-03,16,53,27.504105533083166,34.93,24.395451462993652,30.159028162056533,35.02774106977416,12.235189955672114
2025-11-03,17,33,54.61334120409863,11.84,1.5411966028465416,86.9831368002826,89.99829043607825,10.655797587631664
2025-11-03,18,6,74.50140459849965,10.95,0.4715174611028194,95.69390446481444,95.69390446481442,10.478482538897179
2025-11-03,19,6,74.57962241352978,10.95,0.4391185583677985,95.9897848550886,95.9897848550886,10.5108814416322
2025-11-04,6,6,73.44988245783183,10.95,0.41870603933895634,96.17620055398213,96.17620055398213,10.531293960661042
2025-11-04,7,48,67.25776285963683,16.470000000000002,2.371708602066501,85.59982633839405,86.10424991708169,14.181369961343355
2025-11-04,8,53,44.19664415960313,50.430000000000014,26.26604969285583,47.91582452338722,51.093645050407275,25.766525198920395
2025-11-04,9,53,37.55179559712089,85.49999999999999,72.95532447918478,14.672135112064568,22.757235765402335,19.457436579418992
2025-11-04,10,53,40.27306107176356,112.22000000000001,99.95243689351823,10.931708346535187,20.57379556336446,23.0879133812076
2025-11-04,11,53,45.980575167065716,125.39999999999999,112.83904277193982,10.01671230307829,21.52895225115724,26.997306122951176
2025-11-04,12,53,47.496719989148,126.80999999999997,113.74088438919041,10.306060729287566,22.84033510957585,28.963828952453127
2025-11-04,13,53,41.623926248700045,114.89000000000003,99.48141144628445,13.411601143455107,22.694587274296232,26.07381131943895
2025-11-04,14,53,35.198433167656475,95.93,86.96538387932405,9.344955822658141,18.2831938770809,17.53906788628371
2025-11-04,15,53,30.09112081072051,63.859999999999985,59.39409033007807,6.993281662890564,20.92038771816208,13.3597595968183
2025-11-04,16,53,31.051466680708607,31.5,20.85136491021611,33.805190761218704,41.678190445172326,13.128629990229282
2025-11-04,17,27,65.78019564666077,11.299999999999999,1.204128668218895,89.34399408655845,92.88370366735876,10.495858514411537
2025-11-04,18,7,66.73473104434183,10.96,0.4720556506483337,95.6929228955444,95.69292289554437,10.487944349351665
2025-11-04,19,7,66.77293518315649,10.96,0.4528138462056769,95.86848680469274,95.86848680469271,10.507186153794322
2025-11-05,6,7,65.21477823478702,10.96,0.42560537259882686,96.1167393011056,96.1167393011056,10.534394627401173
2025-11-05,7,52,73.8456069352327,18.53,2.6237268086444665,85.84065402782262,87.38647104054967,16.192713083813853
2025-11-05,8,53,40.52595761750715,52.029999999999994,28.042143348765972,46.103895159012154,49.231288767678386,25.615039545823063
2025-11-05,9,53,26.279648327548156,86.65,74.33260877230575,14.215108168141095,23.208750703156777,20.11038248428535
2025-11-05,10,53,28.833012267850556,108.28,102.56815711201415,5.275067314357086,20.95125977036276,22.686024079348797
2025-11-05,11,53,29.032071504924023,130.96,113.97042842617688,12.97309985783684,22.08333120601716,28.920330547400074
2025-11-05,12,53,28.316946836703593,134.17,114.54394997732511,14.62774839582237,23.08417881209698,30.972042712190515
2025-11-05,13,53,28.395244154063526,125.78000000000002,103.97422026609992,17.33644437422491,24.286478628018624,30.547532818321827
2025-11-05,14,53,23.93702136571699,104.7,89.26000129678744,14.746894654453262,20.4299318703873,21.390138668295503
2025-11-05,15,53,20.041598987934158,72.08000000000001,64.04844709459847,11.14255397530735,17.751371738913395,12.795188749408778
2025-11-05,16,53,30.062745398523706,33.53,22.271104813226803,33.578571985604526,39.46614124755951,13.232997160306704
2025-11-05,17,30,62.3976863246575,11.489999999999998,1.3161371955415706,88.5453681850168,92.0699752792197,10.578840159582343
2025-11-05,18,7,75.62026266420634,11.04,0.481357599575995,95.63987681543482,95.63987681543482,10.558642400424004
2025-11-05,19,7,75.66785849940692,11.04,0.45413435281710507,95.88646419549724,95.88646419549725,10.585865647182896
2025-11-06,6,6,73.37064848678801,10.95,0.4195290078370049,96.16868485993602,96.16868485993602,10.530470992162993
2025-11-06,7,46,70.62115824819226,15.569999999999999,1.942833828441741,87.52194072934014,88.30781625933503,13.749526991578461
2025-11-06,8,52,59.91443553690322,40.9,13.501626069524171,66.98868931656682,67.2432475306686,27.502488240043455
2025-11-06,9,52,64.91481267613707,70.47,23.309065085042292,66.92342119335562,66.98051072939617,47.20116591100548
2025-11-06,10,53,43.0891593723852,101.93,59.24990791898537,41.87196319142022,42.02027089531689,42.83126212359651
2025-11-06,11,53,55.71810896374274,119.92999999999999,51.08254977400902,57.406362232961705,57.52943871166683,68.99505584690202
2025-11-06,12,53,58.60154171889739,127.08,53.399967167145526,57.979251520974564,58.10599201045795,73.84109464688997
2025-11-06,13,53,34.30099693229003,96.75999999999999,66.4631739622501,31.311312564851075,31.458305118346097,30.439056032511683
2025-11-06,14,53,34.53858366175343,76.87,52.209093564493145,32.08131447314538,32.20476890169387,24.75580585473208
2025-11-06,15,53,44.447318661518125,46.71999999999999,21.95589942365588,53.00535226101053,53.14693377977323,24.830247461910048
2025-11-06,16,53,39.471021319285846,22.25,8.935111767295483,59.84219430428996,62.06090145179951,13.808550573025391
2025-11-06,17,12,56.59238914718693,12.14,0.6642999176950048,94.5280072677512,94.54660138793852,11.477957408495737
2025-11-06,18,7,78.14350398600338,12.08,0.47173350387199153,96.09492132556299,96.09492132556296,11.608266496128007
2025-11-06,19,7,78.18200817254251,12.08,0.44847328840249756,96.28747277812502,96.28747277812502,11.631526711597502
2025-11-07,6,7,77.2597551090762,12.08,0.42436043119115363,96.48708252325203,96.48708252325203,11.655639568808846
2025-11-07,7,47,75.99647219866237,16.249999999999993,1.6463144198060327,89.86883433965518,91.06552439393622,14.798147714014629
2025-11-07,8,53,66.74605277875314,34.449999999999996,8.287518646041102,75.94334210147721,76.05310448813283,26.200294496161757
2025-11-07,9,53,61.75329470169989,48.129999999999995,15.796573472597204,67.17936116227466,67.31145756059026,32.39700452391209
2025-11-07,10,53,51.50425160801198,53.01999999999999,24.27606974759854,54.21337278838448,54.21337278838452,28.743930252401462
2025-11-07,11,53,42.76888715198022,74.87,45.322121466900725,39.46557837999102,40.19213239483331,30.0918495240117
2025-11-07,12,53,54.30269684413711,76.94000000000003,34.757576662255246,54.8250888195279,55.00834228543033,42.32341855441011
2025-11-07,13,53,50.777327241803235,68.84,30.51599578183387,55.6711275685156,56.226074702660746,38.70602982531166
2025-11-07,14,53,59.783522494004806,45.22000000000001,16.63287164062209,63.21788668593082,63.21788668593079,28.58712835937791
2025-11-07,15,53,71.60886986461689,24.92,4.571247369572847,81.65631071599982,81.68680830829516,20.356352630427153
2025-11-07,16,50,82.60526310151177,18.34,1.6045591244991566,91.2510407606371,91.57906693293809,16.795600875500845
2025-11-07,17,8,153.7714630080297,11.95,0.6203243067015929,94.8090016175599,95.95448472103627,11.466560924163833
2025-11-07,18,7,78.16847188234694,11.940000000000001,0.46205095366996357,96.13022651867702,96.130226518677,11.477949046330036
2025-11-07,19,7,78.20755384434773,11.940000000000001,0.4395052599818045,96.31905142393799,96.31905142393796,11.500494740018194
2025-11-08,6,7,77.56570132919661,11.940000000000001,0.41804859728458454,96.49875546662827,96.49875546662827,11.521951402715416
2025-11-08,7,16,118.92654198734228,12.09,0.7261119264480533,93.99411144377126,95.77510365658617,11.579210032081267
2025-11-08,8,49,67.42271564717423,16.61,2.269134243423502,86.33874627680012,87.19047441134144,14.482337799723812
2025-11-08,9,50,67.19214241630193,20.89,3.245275712511071,84.46493196500205,85.00530030035354,17.757607232743855
2025-11-08,10,53,67.58235048606231,29.549999999999997,5.949263234973268,79.86712949247625,81.48406385815899,24.07854087008598
2025-11-08,11,53,62.17057432222136,30.700000000000003,8.868155736245315,71.1134992304713,71.57199047739404,21.97260107655997
2025-11-08,12,53,49.376969194806506,37.4,16.81324418033913,55.04480165684724,62.796670870880945,23.485954905709473
2025-11-08,13,53,42.28601779508383,34.38,15.068732544204801,56.17006240778127,56.92868006316103,19.572080205714762
2025-11-08,14,51,73.894386132887,21.409999999999997,12.62454715726002,41.0343430300793,72.70481209796287,15.566100270173846
2025-11-08,15,52,76.35624241172316,18.09,3.419083524757504,81.09959356131839,85.58704563928393,15.482696556146463
2025-11-08,16,47,72.32101426874323,15.869999999999997,1.7581780843549193,88.9213731294586,90.14863275509059,14.306588018232874
2025-11-08,17,9,73.99467564041207,11.96,0.5378953576685498,95.50254717668437,95.50254717668437,11.422104642331451
2025-11-08,18,8,70.90405650107398,11.95,0.467106508368109,96.09115892578987,96.09115892578988,11.482893491631891
2025-11-08,19,8,70.89577089708332,11.95,0.4521673043509625,96.21617318534759,96.2161731853476,11.497832695649038
2025-11-09,6,9,72.15674953408931,12.3,0.4469395895713641,96.36634480023281,96.36634480023281,11.853060410428636
2025-11-09,7,47,73.15690951084284,16.41,1.7482585119451612,89.34638323007215,89.63115308039782,14.708472220493285
2025-11-09,8,53,32.22112097890558,36.309999999999995,26.160749731153643,27.951666948075882,48.59639650383512,17.64535157054253
2025-11-09,9,52,27.123506228737,66.18,65.33244158115433,1.2806866407459643,19.086740717585048,12.631605006897786
2025-11-09,10,53,23.936039269311816,94.58999999999999,82.91830914293766,12.339243955029424,19.306598402998734,18.2621114293965
2025-11-09,11,53,23.587343277576974,119.87,104.99554354388115,12.408823271977017,18.85168609968689,22.597516127694675
2025-11-09,12,53,31.2167666741605,129.12,95.80645386984119,25.800453942192387,28.30943169786796,36.55313820828711
2025-11-09,13,53,26.925223493842292,108.54,102.6913023986396,5.388518151244149,21.74158970774018,23.59832146878119
2025-11-09,14,53,18.3626443599748,98.87999999999998,85.0369719387538,13.999826113719852,15.058069962675408,14.88941957909344
2025-11-09,15,53,17.210907724339382,67.45,60.27735116076676,10.634023482925485,15.047076558435993,10.149253138665078
2025-11-09,16,53,25.7199912268425,31.96,20.909451072236116,34.576185631301264,37.935265687733285,12.124110913799557
2025-11-09,17,23,95.15099206568188,12.159999999999997,1.1080925344589647,90.88739692056772,94.63052667100305,11.507072043193968
2025-11-09,18,8,70.90262792678574,11.95,0.4677396524926763,96.08586064859685,96.08586064859686,11.482260347507324
2025-11-09,19,8,70.90866312907156,11.95,0.4476805301267731,96.25371941316509,96.25371941316509,11.502319469873227
2025-11-10,6,8,67.69621122729728,11.95,0.4298013153965028,96.4033362728326,96.4033362728326,11.520198684603496
2025-11-10,7,49,75.49129629942432,17.619999999999997,1.8926131243684974,89.25872233616063,89.82716728508231,15.827546875631501
2025-11-10,8,53,41.61644191222134,55.31,29.129371503103968,47.33434911751226,47.632979462439074,26.34580094067505
2025-11-10,9,53,27.101849781854735,95.94999999999999,72.93554330600622,23.985885038034148,24.511298984324924,23.518591375459764
2025-11-10,10,53,24.695377937803446,123.72,101.33941917855968,18.089703218105658,20.525507782802986,25.394158228883857
2025-11-10,11,53,27.110636132179682,139.33999999999997,113.1842511592038,18.77117040390138,22.686596113667775,31.61150302478467
2025-11-10,12,53,28.03306155758581,141.14999999999998,112.2693071579461,20.460993866138068,23.969448436506333,33.83287646812868
2025-11-10,13,53,25.569181273808834,130.32000000000002,104.96838342758154,19.45335832751571,22.186755418036604,28.91377966078531
2025-11-10,14,53,22.783628840541468,106.41,86.0535053820411,19.130245858433327,20.1315734049968,21.422007260257093
2025-11-10,15,53,19.8997774712908,72.44,60.55644823504829,16.404682171385566,18.189796291896563,13.17668843384987
2025-11-10,16,53,54.70781991361835,27.53,20.276693031355013,26.346919610043546,60.31775602681254,16.605478234181493
2025-11-10,17,13,106.65321749628858,13.049999999999999,0.9386019882275339,92.80764759978901,95.03305996047497,12.401814324841983
2025-11-10,18,8,70.88103552185899,12.99,0.4773094063561954,96.32556269163823,96.32556269163821,12.512690593643804
2025-11-10,19,7,66.76485686546368,10.96,0.455821668647457,95.84104316927503,95.84104316927501,10.504178331352541
2025-11-11,6,7,64.83995250776282,10.96,0.42894046402736324,96.08630963478684,96.08630963478684,10.531059535972638
2025-11-11,7,44,74.92410895215481,14.379999999999999,1.5920070361333707,88.92901922021301,89.843731861787,12.91952864172497
2025-11-11,8,52,58.687975892240615,36.12,10.666878660479421,70.4682207627923,71.08426728288508,25.675637342578092
2025-11-11,9,52,53.344552004022916,51.83,18.827512071604957,63.67448953963929,63.73741842456416,33.035103969451605
2025-11-11,10,52,35.8833561382232,82.82000000000001,48.478218283104205,41.465565946505436,50.23259975190746,41.602639114529765
2025-11-11,11,52,41.01999323567321,108.57000000000001,64.47358656702247,40.61565205211158,45.26591574995612,49.14520472972736
2025-11-11,12,52,36.755476810565746,120.67,74.47005908299471,38.28618622441808,40.49478753715723,48.86506012108763
2025-11-11,13,53,38.47679576055352,118.88,74.57000856334052,37.272873011994854,40.110502689408165,47.683365597168425
2025-11-11,14,53,28.198973678076523,98.35,76.70613437939978,22.006980803863964,25.987550778276052,25.558756190434497
2025-11-11,15,53,27.217154449667984,67.69999999999999,50.19292324300817,25.859788415054396,26.353519169779844,17.841332477940952
2025-11-11,16,53,27.072430798033725,30.98,19.819136959233976,36.026026600277675,40.08347515831956,12.4178606040474
2025-11-11,17,22,91.95216889193453,11.149999999999997,1.0814308444200276,90.30106865991006,94.23018797636954,10.5066659593652
2025-11-11,18,7,66.74118879786683,10.96,0.4695513338313438,95.71577250153884,95.71577250153884,10.490448666168657
2025-11-11,19,7,66.73846191006193,10.96,0.4476236004679501,95.91584306142383,95.9158430614238,10.51237639953205
2025-11-12,6,7,65.19221434800289,10.96,0.4279864162100817,96.09501445063793,96.09501445063793,10.532013583789919
2025-11-12,7,45,73.93667608294001,15.469999999999997,1.6611398787741067,89.2621856575688,89.50046968938436,13.845722660947757
2025-11-12,8,51,37.36618338189647,47.58999999999999,26.678498426934688,43.940957287382446,44.17472082268288,21.022749639514778
2025-11-12,9,51,26.55204803711183,84.33000000000001,66.91000967983648,20.656931483651764,25.25151602623719,21.294603464925828
2025-11-12,10,51,23.477606740390584,108.71000000000001,93.46584122012007,14.022775071180146,19.91400223934847,21.648511834395723
2025-11-12,11,51,24.696178874483035,122.24999999999999,106.89232635334004,12.562514230396687,19.855812347495487,24.27373059481323
2025-11-12,12,53,25.46823126013407,127.06000000000002,108.43312724990591,14.65990299865741,21.640088682437376,27.495896679904934
2025-11-12,13,53,25.21020539199043,121.84,98.75879885785902,18.94386173846108,21.077725013518776,25.681100156471278
2025-11-12,14,53,19.072840926139005,98.41999999999997,83.25844751665726,15.404950704473402,15.918501336835705,15.666989015713698
2025-11-12,15,53,17.31544981222621,66.58000000000001,58.6232775616663,11.95061946280221,16.539794659240062,11.012195284122035
2025-11-12,16,53,27.813188210000696,29.7,19.035013051876415,35.90904696337907,40.232096245445824,11.94893258489741
2025-11-12,17,13,158.17071021931957,11.06,0.8798757261558234,92.04452327164717,94.61269333077561,10.464163882383783
2025-11-12,18,6,74.52352972351551,10.95,0.46416306954754855,95.76106785801325,95.76106785801325,10.48583693045245
2025-11-12,19,6,74.5635450836428,10.95,0.44324576023197804,95.95209351386322,95.95209351386322,10.506754239768021
2025-11-13,6,6,73.45970894627477,10.95,0.4187544005062344,96.17575889948644,96.17575889948644,10.531245599493765
2025-11-13,7,40,70.11830121887084,13.260000000000002,1.535196439877367,88.42234962385092,90.18453112783163,11.958468827550476
2025-11-13,8,53,28.006479995138417,32.629999999999995,25.27844221656966,22.53005756491063,43.565589399820496,14.215451821161427
2025-11-13,9,53,36.424732532222556,68.88000000000001,67.19864703265922,2.4409886285435327,20.891304843494954,14.389930776199327
2025-11-13,10,53,19.910591858708035,95.30000000000001,94.10679274651788,1.2520537811984562,20.067910038652055,19.124718266835412
2025-11-13,11,53,19.235266402371465,110.27,107.39801307874444,2.6045043268845154,16.503519315307802,18.198430748989914
2025-11-13,12,53,22.79372330846803,113.86999999999999,102.67718161049028,9.829470790822615,20.04282696139017,22.822767060934986
2025-11-13,13,53,19.48381257537272,100.46000000000001,97.64736371659357,2.7997573993693345,13.864662828347269,13.928440277357666
2025-11-13,14,53,19.941148261028815,82.13,81.38266837609568,0.9099374453967074,17.22373560108174,14.145854049168431
2025-11-13,15,53,31.02928831334088,54.71,57.18910392553111,4.531354278068189,27.08451462618941,14.817937951988227
2025-11-13,16,52,30.288958557124936,26.2,18.116049194910406,30.854774065227453,42.542094831007674,11.146028845724011
2025-11-13,17,10,55.156550343703344,10.99,0.715984322328244,93.48512900520251,93.51570522152024,10.277376003845074
2025-11-13,18,7,66.7371185808028,10.96,0.47112976400877526,95.70137076634329,95.70137076634329,10.488870235991225
2025-11-13,19,7,66.76096221322719,10.96,0.44744330417188866,95.91748810062145,95.91748810062143,10.51255669582811
2025-11-14,6,7,65.23249782597553,10.96,0.425536843325084,96.1173645682018,96.11736456820178,10.534463156674915
2025-11-14,7,43,66.22783235717144,13.779999999999998,1.5332007205020257,88.8737248149345,90.39782436953789,12.456820198122319
2025-11-14,8,53,35.63157191133657,36.129999999999995,21.439203368513887,40.660937258472494,43.69527375056621,15.787102406079569
2025-11-14,9,53,35.11170183744448,68.0,52.729503971889116,22.45661180604542,31.2325152780626,21.238110389082568
2025-11-14,10,53,27.55095138984518,96.98000000000003,87.07262182906632,10.215898299581056,19.855704308871992,19.256062038744062
2025-11-14,11,53,24.56516626655479,117.1,107.9698515295922,7.79688169975046,16.719496013004083,19.57852983122778
2025-11-14,12,53,22.911926406180882,124.54,106.0466083258129,14.849358980397549,18.03335479406334,22.458740060526484
2025-11-14,13,53,19.82935351541685,116.02000000000001,99.33352299346802,14.382414244554376,16.632924851977254,19.297519413264013
2025-11-14,14,53,16.782323840641123,91.83999999999999,82.27105442531662,10.419148056057677,12.83496247184886,11.787629534145992
2025-11-14,15,53,18.849481839826737,59.290000000000006,56.742735988786336,4.296279324023731,17.066898006369858,10.118963827976689
2025-11-14,16,53,49.92693567654905,23.07,17.708085736655306,23.241934388143452,59.080067229238445,13.629771509785309
2025-11-14,17,13,103.62190997489375,11.03,0.8924780010385436,91.9086309969307,94.4460952424365,10.417404305240746
2025-11-14,18,6,74.52694812099983,10.95,0.46302679422375775,95.77144480160952,95.77144480160952,10.486973205776241
2025-11-14,19,6,74.52563478770752,10.95,0.4396644310114445,95.98479971679048,95.98479971679048,10.510335568988555
2025-11-15,6,6,73.32735371807615,10.95,0.4189106195441595,96.17433224160584,96.17433224160585,10.53108938045584
2025-11-15,7,44,74.41020969037345,14.85,1.5121829866710892,89.81694958470648,90.10200474727921,13.380147704970963
2025-11-15,8,53,41.981671017839226,42.78,22.447624176176,47.52776022399252,47.78220226515882,20.441226129034945
2025-11-15,9,53,24.553339531580754,75.89000000000001,62.444973922648956,17.716466039466408,21.813563593294415,16.554313410951135
2025-11-15,10,53,18.70220870620552,102.26,89.58203498538931,12.397775292989136,14.778227778905272,15.112215726708532
2025-11-15,11,53,22.694122274775232,117.72,102.11690683265894,13.254411457136476,18.29334004586484,21.53491990199209
2025-11-15,12,53,37.13633943754502,88.35000000000001,100.2327296410572,13.449609101366377,31.19999935283117,27.56519942822634
2025-11-15,13,53,33.95454897829859,80.38000000000002,94.68997862128813,17.802909456690852,28.552740899313413,22.95069313486813
2025-11-15,14,53,32.06072340549436,66.22,75.67134061235588,14.272637590389426,25.30675506283781,16.758133202611198
2025-11-15,15,53,26.09088218491144,37.78999999999999,35.591770186216095,5.816961666535849,31.625579768078417,11.951306594356831
2025-11-15,16,51,44.607461325897766,18.96,10.31514706709395,45.5952158908547,61.059307781054294,11.576844755287894
2025-11-15,17,8,69.92998731790507,10.99,0.6611836690339555,93.98377007248449,93.98377007248448,10.328816330966044
2025-11-15,18,6,74.499969115926,10.95,0.4719946155102998,95.6895468903169,95.6895468903169,10.4780053844897
2025-11-15,19,6,74.54964610002641,10.95,0.4479282024495843,95.90933148447867,95.90933148447867,10.502071797550414
2025-11-16,6,6,73.33304071911274,10.95,0.42034036981553613,96.16127516150196,96.16127516150196,10.529659630184463
2025-11-16,7,42,74.50397950166749,14.149999999999999,1.4233885919708835,89.94071666451671,90.74196698361668,12.839988328181757
2025-11-16,8,52,35.33104722232841,40.77,23.464779639674184,42.44596605426985,43.37533452956339,17.684123887702995
2025-11-16,9,52,20.396421931789593,74.56,62.171593622600255,16.615351901018975,18.022208413177452,13.43735859286511
2025-11-16,10,53,17.218869880802895,100.89000000000001,91.04696381563006,9.756205951402466,12.433701335174911,12.54436127705797
2025-11-16,11,53,17.91370215192016,113.31,105.06177072435231,7.279348050170054,12.437322946911038,14.092730631144898
2025-11-16,12,53,19.432094420722915,115.21000000000001,102.82534158915085,10.749638408861344,14.481157008975702,16.683740990040906
2025-11-16,13,53,17.47607784913979,103.67999999999999,95.09635931414087,8.278974426947459,13.024279097073702,13.503572567846012
2025-11-16,14,53,20.598099171011558,78.30000000000003,75.6066018378754,3.439844396072315,16.00586374065699,12.532591308934428
2025-11-16,15,53,27.87899490008273,48.8,51.61933502477636,5.777325870443371,28.319693149417226,13.820010256915605
2025-11-16,16,53,34.82949173772975,23.060000000000002,16.160376112104444,29.92031174282549,49.58553822451813,11.434425114573882
2025-11-16,17,9,64.6040767455919,10.98,0.6872162276965067,93.74120011205368,93.74120011205368,10.292783772303494
2025-11-16,18,6,74.50074882572643,10.95,0.4717354399726351,95.69191379020424,95.69191379020424,10.478264560027364
2025-11-16,19,6,74.55092153395259,10.95,0.4477804356928505,95.91068095257671,95.91068095257673,10.50221956430715
2025-11-17,6,6,73.46407941531615,10.95,0.42042591003883,96.16049397224813,96.16049397224813,10.52957408996117
2025-11-17,7,31,68.77126188687771,11.559999999999999,0.9735751160456986,91.57806993040055,93.6664606319795,10.827842849056829
2025-11-17,8,50,58.6585129398597,23.409999999999997,5.985608962297079,74.43140127169124,74.60296346408349,17.46455374694194
2025-11-17,9,53,38.19390158632391,38.529999999999994,21.395807003866107,44.4697456427041,46.285633315351824,17.833854516405054
2025-11-17,10,53,25.52412304945087,54.34000000000001,43.4304282895418,20.07650296366987,29.744218719784694,16.163008452331006
2025-11-17,11,53,30.272888985249864,58.54,55.638152203253426,4.957034159116114,29.26659474902791,17.132664566080937
2025-11-17,12,53,53.567411236144565,65.94000000000001,25.504853180909116,61.321120441448116,61.444511305408334,40.51651075478626
2025-11-17,13,53,22.619771643788603,51.86,44.18872244614595,14.792282209514168,30.19960082504983,15.661512987870843
2025-11-17,14,53,25.55034288787012,45.160000000000004,40.10382043658472,11.196146066021443,35.220768683163364,15.905699137316576
2025-11-17,15,53,27.657532370558595,31.199999999999996,26.269516792694535,15.80283079264571,36.08722596626296,11.259214501474043
2025-11-17,16,52,45.11383255423439,18.680000000000003,9.392308736583786,49.71997464355576,63.16503656978827,11.799228831236451
2025-11-17,17,8,60.64090019350221,10.969999999999999,0.5864891566516415,94.65369957473435,94.65369957473435,10.383510843348358
2025-11-17,18,8,60.930366409600346,10.969999999999999,0.46344595690923934,95.77533311842078,95.77533311842078,10.506554043090759
2025-11-17,19,8,60.97891602337454,10.969999999999999,0.44192876808451875,95.97147886887403,95.97147886887403,10.52807123191548
2025-11-18,6,8,58.090760694692165,10.969999999999999,0.431830838864793,96.06352927197089,96.06352927197089,10.538169161135206
2025-11-18,7,45,73.66638216080774,14.25,1.3799898116179794,90.3158609711019,90.78129166122409,12.936334061724434
2025-11-18,8,53,36.365948400109396,43.120000000000005,25.13629916970078,41.706170756723616,43.2970013583456,18.66966698571862
2025-11-18,9,53,22.92331238461046,84.77000000000001,69.63210566677236,17.85760803730995,20.2364392817047,17.154429579101077
2025-11-18,10,53,20.62193700145768,112.97,101.906264694877,9.793516247785256,14.576572089783715,16.467153489828664
2025-11-18,11,53,23.31933448982139,129.92000000000002,115.53210720828552,11.074424870469898,17.107539955802732,22.226115910578912
2025-11-18,12,53,24.84767094472151,134.14999999999998,114.66391720173092,14.525592842541228,20.155893150084943,27.039130660838946
2025-11-18,13,53,22.611516720368787,123.23000000000002,107.75059224817366,12.561395562627894,17.669595966497614,21.774243109515012
2025-11-18,14,53,18.1408935414869,98.7,88.17801409070482,10.660573363014368,14.424556634026745,14.237037397784396
2025-11-18,15,53,17.93986344428994,64.32,61.20950318889918,4.835971410293558,14.561099536856501,9.3656992221061
2025-11-18,16,53,29.3413944494465,28.459999999999997,19.410421021276747,31.79753681912597,42.76535689617197,12.171020572650542
2025-11-18,17,12,56.21768634552381,11.02,0.7164483645602591,93.4986536791265,93.60754660108658,10.315551635439741
2025-11-18,18,8,60.90487184952923,10.969999999999999,0.4747451459327588,95.67233230690283,95.67233230690285,10.495254854067241
2025-11-18,19,8,60.93543272498647,10.969999999999999,0.4485001197579774,95.91157593657267,95.91157593657267,10.521499880242022
2025-11-19,6,8,58.159188748018266,10.969999999999999,0.43264511022963087,96.05610656126134,96.05610656126136,10.53735488977037
2025-11-19,7,44,71.16105170249138,13.85,1.3555839524293138,90.21239023516742,90.82908951435766,12.579828897738537
2025-11-19,8,52,37.41350494438072,41.47,23.577735571138742,43.14507940405415,44.68633702897235,18.531423965914833
2025-11-19,9,53,22.144411874513185,79.61,66.85360610058562,16.023607460638583,18.885341803201356,15.034620609528602
2025-11-19,10,53,20.353292425352215,107.08,96.42993704423304,9.945893683009857,14.263565832269096,15.273426293193747
2025-11-19,11,53,21.777249899032896,122.59,111.07158509752303,9.395884576618792,15.441967707006595,18.930308212019387
2025-11-19,12,53,22.641540762671845,125.05000000000001,111.11441367714895,11.144011453699372,16.96573631113325,21.21565325707213
2025-11-19,13,53,21.60614823817201,116.26000000000002,102.16692680738427,12.122030958726771,16.94819968630045,19.703976955292905
2025-11-19,14,53,18.69676151662082,94.17,83.83775317266816,10.971909129586752,14.325957120316641,13.490753820202182
2025-11-19,15,53,21.2520535118196,62.25,58.27919040962152,6.378810586953381,17.95648504404729,11.177911939919438
2025-11-19,16,53,31.999509756010426,27.8,18.461060277484,33.59330835437411,46.421479153061505,12.905171204551099
2025-11-19,17,14,56.5155651646425,11.37,0.7254223264660097,93.61985640751091,93.61985640751091,10.64457767353399
2025-11-19,18,7,66.73471739129606,10.96,0.47206094529950354,95.69287458668336,95.69287458668335,10.487939054700496
2025-11-19,19,7,66.74563359155378,10.96,0.4495521223025283,95.8982470592835,95.89824705928348,10.51044787769747
2025-11-20,6,7,63.120441363213054,10.96,0.427082679837067,96.10326022046472,96.10326022046472,10.532917320162934
2025-11-20,7,42,78.82150444287794,14.1,1.3522002639937718,90.40992720571792,91.61637097468012,12.917908307429895
2025-11-20,8,52,45.926254531907965,41.80999999999999,20.82224299278077,50.19793591776901,51.4731523055554,21.52092497895271
2025-11-20,9,52,30.193474705558803,72.11,54.168917898828866,24.880158232105302,28.88988229801099,20.832494125095725
2025-11-20,10,52,27.9634221718852,91.03999999999999,77.37730746617342,15.0073512014791,23.774877373176228,21.644648360539637
2025-11-20,11,52,27.546072962277645,115.62000000000002,93.82964442056493,18.84652791855655,24.54840144775083,28.382861753889514
2025-11-20,12,52,22.396773611435922,112.6,97.73270675550812,13.20363520825211,18.06219956181309,20.33803670660154
2025-11-20,13,52,18.359605692826516,102.32000000000002,94.64765393452899,7.4983835667230565,13.447778271478716,13.759766727377025
2025-11-20,14,52,19.904008870897098,88.62,76.85499208577025,13.275793177871536,16.834927247497152,14.919112526731977
2025-11-20,15,52,19.988263960739268,58.050000000000004,53.79578738301862,7.328531639933478,18.892108051577686,10.966868723940847
2025-11-20,16,52,31.609673931921556,26.16,16.433412235943585,37.18114588706581,48.303813300199266,12.636277559332129
2025-11-20,17,10,74.06726881218415,12.51,0.6649815884525624,94.68439977256146,94.68439977256146,11.845018411547438
2025-11-20,18,7,66.73507143082473,10.96,0.4719236487702663,95.69412729224209,95.69412729224209,10.488076351229733
2025-11-20,19,7,66.773149082749,10.96,0.4470697833330087,95.92089613747255,95.92089613747254,10.512930216666991
2025-11-21,6,7,65.22389833757742,10.96,0.4260639864777232,96.11255486790398,96.11255486790397,10.533936013522275
2025-11-21,7,42,72.80704158835431,13.09,1.3328562218373932,89.81775231598631,91.21790940065374,11.940424340545574
2025-11-21,8,53,35.51859384973616,37.1,21.41143436240011,42.28723891536358,44.52427861288646,16.518507365380877
2025-11-21,9,53,15.904515133375597,72.10999999999999,63.26667045132969,12.263665994550408,13.627506382928416,9.82679485272968
2025-11-21,10,53,15.392389586805105,97.98,92.80825748435336,5.2783654987208015,9.335111799422178,9.14654254107385
2025-11-21,11,53,18.465722734585345,112.83999999999999,106.91069949011253,5.2546087467985245,12.155475804656257,13.716238897974119
2025-11-21,12,53,19.42867587579409,117.65000000000002,107.73407927955131,8.428321904333794,13.764275942476765,16.193670646323916
2025-11-21,13,53,16.63758073972573,108.14999999999998,99.44926709825394,8.045060473181726,12.131887411683016,13.120636235735178
2025-11-21,14,53,12.88754868821131,88.38000000000001,81.85785631517403,7.3796602000746505,10.09788094634345,8.924507180378342
2025-11-21,15,53,18.614407519121485,57.720000000000006,56.389506569356215,2.3050821736725418,18.28876258042743,10.556273761422714
2025-11-21,16,53,30.254068839268083,25.13,17.631514390819074,29.838780776684935,44.61340705064599,11.211349191827336
2025-11-21,17,11,62.17632223559983,11.02,0.685227237552206,93.78196699135928,93.78196699135928,10.334772762447793
2025-11-21,18,9,128.45848105707427,10.979999999999999,0.5568403210604076,94.9285945258615,96.14713945198349,10.556955911827785
2025-11-21,19,9,128.48823976064153,10.979999999999999,0.5321748234217704,95.15323475936455,96.37177968548654,10.581621409466422
2025-11-22,6,8,57.212426948752146,10.969999999999999,0.4354977497148652,96.03010255501489,96.0301025550149,10.534502250285135
2025-11-22,7,42,72.1449015271027,12.91,1.3208782344820889,89.76856518604114,91.17297990243436,11.770431705404278
2025-11-22,8,53,37.95681793782243,37.1,21.437439624831878,42.21714386837769,43.429579431230955,16.112373968986685
2025-11-22,9,53,30.675294533300335,70.25999999999999,63.22543867661392,10.012185202655953,14.234111811149633,10.00088695851373
2025-11-22,10,53,21.56088630436801,95.81,92.50856249115225,3.4458172516937218,10.86092579652253,10.405853005648236
2025-11-22,11,53,27.1220554044455,118.81,106.81456352801976,10.09631888896578,15.577095189331772,18.507146794445077
2025-11-22,12,53,25.579140239894254,117.60000000000001,106.9747832974236,9.035048216476538,14.014487058845788,16.481036781202647
2025-11-22,13,53,22.998010370673853,106.95999999999998,97.4755616793318,8.867275916855064,12.825401382884802,13.718049319133582
2025-11-22,14,53,13.140590776305213,85.47,80.20682427029664,6.157921761674697,10.473932158093916,8.95206981552287
2025-11-22,15,53,17.179023860392057,56.67999999999999,54.08997406904849,4.5695588054896,17.017453186640857,9.645492466188037
2025-11-22,16,53,34.82214521414626,24.429999999999996,16.947968799267507,30.626406879789155,48.70190124667108,11.897874474561743
2025-11-22,17,8,70.31616989463686,11.5,0.6923855502021297,93.97925608519888,93.97925608519888,10.807614449797871
2025-11-22,18,7,66.73600578077186,10.96,0.4715613078607862,95.69743332243807,95.69743332243806,10.488438692139212
2025-11-22,19,7,66.7830519263034,10.96,0.4533168126236567,95.86389769503964,95.86389769503961,10.506683187376343
2025-11-23,6,7,63.04465594412181,10.96,0.43319436389666915,96.04749667977491,96.05051744823696,10.527136712326772
2025-11-23,7,27,66.12273953218767,11.519999999999998,0.8779577675989985,92.37883882292536,93.48755704918146,10.769766572065702
2025-11-23,8,51,29.63313993699821,25.56,14.9989205055164,41.31877736495931,51.245089005016354,13.09824474968218
2025-11-23,9,52,29.759969166065147,50.449999999999996,36.804141199040004,27.048283054430115,36.85540059563199,18.59354960049634
2025-11-23,10,52,20.34205652031669,71.39999999999999,67.99492191720897,4.769016922676501,24.527323184236966,17.51250875354519
2025-11-23,11,53,22.283869019809043,77.84000000000003,80.45929179810575,3.3649689081522602,18.375415247037008,14.303423228293614
2025-11-23,12,53,21.181818852232357,89.22,84.92988461791752,4.8084682605721545,19.10802876009606,17.048183259757707
2025-11-23,13,53,57.89387433026327,68.16999999999999,54.787708385623354,19.630763700127087,50.00479723455785,34.088270274798084
2025-11-23,14,53,57.45845449836813,61.15,22.024591876148676,63.982678861572076,63.98267886157206,39.125408123851315
2025-11-23,15,53,48.93570854969218,31.5,12.473555946182149,60.40140969465985,61.53262819847936,19.382777882520998
2025-11-23,16,53,69.18852832187093,24.23,4.327046306432901,82.14178164905942,82.19361821529961,19.915513693567096
2025-11-23,17,7,65.5420590024174,10.96,0.5663477945171601,94.83259311571935,94.83259311571935,10.39365220548284
2025-11-23,18,7,66.73882470680618,10.96,0.4704681283446742,95.70740758809603,95.70740758809603,10.489531871655325
2025-11-23,19,7,66.73758335359399,10.96,0.4476628753020571,95.91548471439728,95.91548471439728,10.512337124697943
2025-11-24,6,7,63.11885354888383,10.96,0.4274773425125003,96.09965928364508,96.09965928364508,10.532522657487501
2025-11-24,7,40,75.2339016883919,12.99,1.1711711643415978,90.9840557017583,92.07604923964982,11.960678796230512
2025-11-24,8,52,36.447869173630714,35.77000000000001,19.891122376997426,44.391606438363375,46.076880118741634,16.481700018473887
2025-11-24,9,52,17.036005232903197,66.69,58.749305087105675,11.906874963104398,15.237349983625318,10.161788704079724
2025-11-24,10,52,14.329900208161298,92.39,86.09191034597775,6.816852098736064,9.840219831905433,9.091379102697429
2025-11-24,11,53,16.46152058910912,107.54000000000002,101.88131563350078,5.261934504834707,11.803444487907882,12.69342420229614
2025-11-24,12,53,19.980090752465014,108.22999999999998,100.99296304891466,6.686719903063214,12.131955031321755,13.130414930399533
2025-11-24,13,53,13.63813343009335,100.83,93.74162619372028,7.0300246020824355,9.987248060052034,10.070142218950465
2025-11-24,14,53,12.786787426861965,80.41000000000003,77.7574323167599,3.2988032374581784,10.165791425386438,8.174312885153237
2025-11-24,15,53,25.163362759951784,49.17,52.19679584967039,6.155777607627385,26.725898117109686,13.141124104182834
2025-11-24,16,53,37.384153858607675,22.91,15.400488257865653,32.77831402066498,52.9861969957754,12.139137731732145
2025-11-24,17,9,64.89534796722167,11.59,0.6431246334017129,94.45103853838039,94.45103853838039,10.946875366598286
2025-11-24,18,9,65.2497500556508,11.59,0.47425897189662986,95.90803302936472,95.9080330293647,11.115741028103368
2025-11-24,19,9,65.29431387816035,11.59,0.4520394499933605,96.09974590169664,96.09974590169664,11.137960550006639
2025-11-25,6,8,58.1579022515443,10.969999999999999,0.4326498809119367,96.05606307281734,96.05606307281737,10.537350119088064
2025-11-25,7,38,73.15993035820763,12.43,1.1129050903484106,91.04662035117931,93.20996584616883,11.585998754678785
2025-11-25,8,53,38.14577713977435,37.8,20.671592159589153,45.31324825505514,46.59768065738026,17.613923288489737
2025-11-25,9,53,27.616751897912838,76.37,58.524273643365945,23.367456274236034,24.947900712444053,19.052711774093524
2025-11-25,10,53,28.983896046695577,103.98,87.19777976789842,16.13985404125945,19.544525657447497,20.322397778613908
2025-11-25,11,53,30.76679843524051,119.86999999999999,103.04704847517583,14.034330128325823,19.030630029333047,22.81201621616152
2025-11-25,12,53,31.95882462627854,123.55999999999999,104.24308320434764,15.633632887384548,20.601281808368228,25.45494380241978
2025-11-25,13,53,26.62533969703556,114.24000000000002,100.64262117189018,11.90246746158074,16.12659569414232,18.423022920988192
2025-11-25,14,53,21.421150478534692,92.97,83.38632013056386,10.30835739425206,13.287739467541144,12.353611382973
2025-11-25,15,53,20.959349640117537,60.71999999999999,55.98854486199625,7.7922515448019425,17.88506676708041,10.859812540971223
2025-11-25,16,53,29.417170994418623,25.96,17.121737633799714,34.04569478505503,44.949820742849056,11.668973464843615
2025-11-25,17,10,66.02255375028541,11.18,0.6656838715202913,94.04576143541779,94.04576143541779,10.514316128479708
2025-11-25,18,8,70.91541206216337,11.16,0.46207372369331035,95.85955444719256,95.85955444719255,10.697926276306688
2025-11-25,19,7,66.79112582676957,10.96,0.4410048853160993,95.97623279821077,95.97623279821076,10.5189951146839
2025-11-26,6,7,63.11994210729759,10.96,0.42708372839250003,96.1032506533531,96.10325065335309,10.5329162716075
2025-11-26,7,40,71.24406098898503,12.62,1.1427747242702218,90.94473277123437,92.57049791832257,11.682396837292307
2025-11-26,8,52,39.20486191455359,36.94,19.73134533229254,46.5854214068962,47.51747865231847,17.55295661416644
2025-11-26,9,53,24.290573101967553,73.18000000000002,60.09547798139709,17.879915302818976,19.79952003045326,14.4892887582857
2025-11-26,10,53,16.73641557541537,101.74999999999999,90.4957150663685,11.060722293495315,13.06741703183617,13.296096829893301
2025-11-26,11,53,18.69984582284663,117.3,103.85582429621914,11.461360361279503,14.691141749408903,17.232709272056642
2025-11-26,12,53,19.285953656105693,119.55999999999999,103.95959422074188,13.048181481480523,15.732130956518517,18.809335771613537
2025-11-26,13,53,17.703528041098757,109.48999999999998,95.73604216431723,12.56183928731643,15.061061595010445,16.490356340376934
2025-11-26,14,53,14.971163771891533,87.92,78.71786294528032,10.466488915741225,12.492579284316289,10.983475706770882
2025-11-26,15,53,18.929452585188887,56.38,53.05517968932334,5.897162665265456,19.03867717367634,10.734006190518722
2025-11-26,16,53,34.08145511715328,24.81,14.979960099197577,39.62128134140436,49.08683067174438,12.17844268965978
2025-11-26,17,8,70.50840024883868,11.099999999999998,0.6348197889114857,94.28090280259923,94.28090280259923,10.465180211088512
2025-11-26,18,7,66.74617914396704,10.96,0.46761607761369495,95.73342994878016,95.73342994878014,10.492383922386304
2025-11-26,19,7,66.80674610785404,10.96,0.4441282090183184,95.94773531917593,95.9477353191759,10.51587179098168
2025-11-27,6,7,63.71667029381294,10.96,0.42503545317104807,96.1219392958846,96.1219392958846,10.534964546828952
2025-11-27,7,33,69.90253455288841,11.919999999999998,0.9077584804239576,92.38457650651041,93.17567437864781,11.106540385934817
2025-11-27,8,52,35.38769732882484,32.90999999999999,18.981065803639186,42.32432147177395,44.48303253670316,14.639366007829008
2025-11-27,9,52,17.829856261112035,70.58999999999999,61.10354706626046,13.43880568598885,16.235939887421335,11.46094996653072
2025-11-27,10,52,16.087228642500513,101.69999999999999,92.13348858681401,9.406599226338228,12.646786151506687,12.8617815160823
2025-11-27,11,52,17.895959353969452,118.48,107.30833400222683,9.42915766186122,13.320589231123888,15.782234121035584
2025-11-27,12,52,19.03233439905045,123.2,109.22523283478361,11.343155166571746,15.274278794170328,18.817911474417844
2025-11-27,13,52,17.367543945178706,113.10999999999999,99.95271899950417,11.632288038631259,14.442677806089014,16.336112866467282
2025-11-27,14,52,14.50277245154748,92.36999999999999,82.37683411010497,10.81862714073295,12.461135614343968,11.510350966969522
2025-11-27,15,52,18.255509646610378,60.87999999999999,55.67640414738798,8.547299363685958,18.801408781471984,11.446297666160142
2025-11-27,16,52,31.238852122373718,26.250000000000004,16.86978414864933,35.734155624193036,47.79167205966331,12.545313915661621
2025-11-27,17,8,80.4701295639049,12.18,0.6413024456632233,94.73479108650884,94.73479108650884,11.538697554336776
2025-11-27,18,7,78.18358799993862,12.14,0.456188923267905,96.24226587093983,96.24226587093983,11.683811076732095
2025-11-27,19,7,78.20907992441833,12.14,0.43761324080841185,96.39527808230302,96.39527808230301,11.702386759191587
2025-11-28,6,7,77.20841195155418,12.14,0.42031845917649324,96.53773921600913,96.53773921600911,11.719681540823506
2025-11-28,7,34,68.32367254120103,13.069999999999999,0.9218491423680053,92.94683135143072,93.68196108619162,12.244232313965243
2025-11-28,8,53,38.80872983921703,34.56,17.50690344906068,49.3434506682272,50.122733157317725,17.322416579169005
2025-11-28,9,53,21.32378491604228,68.37,57.28297896651149,16.216207449888127,19.208417689490776,13.132795174304844
2025-11-28,10,53,15.928951314594183,95.66,88.68217612969742,7.294400867972582,11.073221543503257,10.592643728515215
2025-11-28,11,53,18.35467311215682,111.42,102.43058486626813,8.068044456768863,12.614971373814681,14.055601104704317
2025-11-28,12,53,18.599278489883954,114.38,103.07057473854654,9.887589842151998,13.725921593170332,15.699709118268226
2025-11-28,13,53,15.582398555658578,105.98000000000002,95.01014218599657,10.350875461411063,12.860520650608526,13.629579785514917
2025-11-28,14,53,13.713318320212611,84.57999999999998,77.98526651219493,7.797036519041215,11.707532624660898,9.902231093938186
2025-11-28,15,53,20.95370804898437,55.00000000000001,52.51306831338997,4.521693975654608,20.945341679824043,11.519937923903225
2025-11-28,16,53,31.985521121756356,25.139999999999997,15.77187620496476,37.26381780045838,48.496678894143926,12.19206507398778
2025-11-28,17,8,70.46689893252098,11.049999999999999,0.6488118645601743,94.12839941574502,94.12839941574502,10.401188135439824
2025-11-28,18,7,66.73877080314364,10.96,0.4704890321850107,95.70721685962582,95.7072168596258,10.489510967814988
2025-11-28,19,7,66.75730194235527,10.96,0.44754206877784075,95.91658696370583,95.91658696370583,10.512457931222158
2025-11-29,6,7,63.13609195434914,10.96,0.4271900019508506,96.10228100409806,96.10228100409806,10.53280999804915
2025-11-29,7,33,68.98437271338632,11.749999999999998,0.9165626088394675,92.19946715881305,93.31248753390787,10.964217285234174
2025-11-29,8,53,39.122989700026395,33.21,16.136314470621723,51.411278317911105,52.37960041247041,17.39526529698142
2025-11-29,9,53,24.041829872922097,66.96,55.17706806782033,17.596971224880026,19.95949227580262,13.364876027877433
2025-11-29,10,53,28.810770305492984,93.12,85.06707503727371,8.647900518391637,12.604910895128732,11.737693025543875
2025-11-29,11,53,33.328768223426344,108.65,99.39993302990156,8.51363734017344,13.251425261591015,14.397673546718638
2025-11-29,12,53,33.89266985166546,111.49999999999999,100.28749085989443,10.056062009063277,14.271054773342579,15.912226072276974
2025-11-29,13,53,31.041400489568225,102.26,93.60839740594598,8.460397608110723,12.954228102212351,13.24699365732235
2025-11-29,14,52,13.475974713841394,81.78999999999999,75.7413280487142,7.395368567411417,11.445292587787309,9.36110480755124
2025-11-29,15,52,20.360685352552554,52.63,50.82061272876578,3.4379389535136267,20.69610098875381,10.89235795038113
2025-11-29,16,52,33.19585157004275,19.96,15.295600716899463,23.368733883269226,42.28059167883484,8.439206099095435
2025-11-29,17,7,66.3729194260615,7.12,0.6131713581953908,91.38804272197486,91.38804272197486,6.506828641804609
2025-11-29,18,7,66.74752824314176,7.12,0.4678054041293754,93.4296993802054,93.4296993802054,6.652194595870625
2025-11-29,19,7,66.76392522148896,7.12,0.4448076670804576,93.75270130504975,93.75270130504975,6.675192332919543
2025-11-30,6,6,57.022490684157,6.53,0.4226118700005234,93.52814900458617,93.52814900458615,6.107388129999476
2025-11-30,7,33,68.9239521514609,7.54,0.9075382732952405,87.96368337804721,89.26471132193706,6.730559233674055
2025-11-30,8,51,39.349082907563584,29.209999999999997,15.492585002398018,46.961365962348445,47.56382722867085,13.893393933494755
2025-11-30,9,51,18.790708370625143,59.34000000000001,53.42159190448086,9.973724461609617,22.25789555593568,13.207835222892234
2025-11-30,10,51,15.287362176062281,80.47,82.43784695540944,2.445441724132524,17.131730770799063,13.785903751262005
2025-11-30,11,51,16.21720998015082,93.62,96.34057062272277,2.9059716115389453,17.040095001443408,15.95293694035132
2025-11-30,12,51,14.471920685892545,105.42999999999999,96.44207061627021,8.525020756644007,10.190948646818022,10.74431715834024
2025-11-30,13,51,13.894762740591563,98.09,90.69684600545585,7.537112849978744,10.45676398340344,10.257039791320434
2025-11-30,14,52,16.212596366702613,74.53000000000002,75.24809342947057,0.963495813055892,15.18366539899976,11.316385821874523
2025-11-30,15,53,23.94725448880571,47.84000000000001,50.64132831097229,5.855619379122659,23.41657188096683,11.202487987854534
2025-11-30,16,53,34.962530010275216,18.89,14.869102086258879,21.285854493071053,44.668481303193566,8.437876118173264
2025-11-30,17,7,66.37723209061043,6.88,0.6114989068832987,91.11193449297531,91.1119344929753,6.268501093116701
2025-11-30,18,7,66.74783208822495,6.88,0.46768757300608965,93.20221550863242,93.20221550863242,6.4123124269939105
2025-11-30,19,7,66.80631147715069,6.88,0.44384485148234437,93.54876669357057,93.54876669357057,6.436155148517655
2025-12-01,6,6,59.600200782415925,6.53,0.4209373339968452,93.55379274124279,93.55379274124279,6.109062666003155
2025-12-01,7,25,60.671434937939054,7.08,0.7521096337681644,89.37698257389599,89.56282764863961,6.341048197523684
2025-12-01,8,53,49.89332941520433,27.760000000000005,14.519982977133642,47.69458581724193,48.851584629975804,13.561199893281286
2025-12-01,9,53,25.638120608675525,62.08000000000001,51.32799594829279,17.319594155456222,20.96130315797442,13.012777000470523
2025-12-01,10,53,26.854846014669693,89.83,79.48062785302062,11.521064396058529,15.352667319335294,13.791301052958895
2025-12-01,11,53,33.810843026774435,102.45,92.5369953483249,9.67594402310894,17.99538613433061,18.436273094621708
2025-12-01,12,53,32.68862639870405,106.25,92.11997563544291,13.298846460759611,18.60771503178567,19.770697221272272
2025-12-01,13,53,41.2805978423902,94.09,85.60291956993801,9.02017263265171,21.272668141519276,20.015453454355487
2025-12-01,14,53,27.53369069336114,74.64999999999999,68.61851793033588,8.079681272155536,16.689409131988924,12.45864391702973
2025-12-01,15,53,26.39143890897812,48.14000000000001,45.66495741588822,5.141343132762339,24.71382215573814,11.897233985772342
2025-12-01,16,53,40.13245257138136,19.209999999999997,12.914860789076773,32.77011562167218,47.622386865460335,9.14826051685493
2025-12-01,17,7,66.24239013381654,6.7700000000000005,0.6350570697871385,90.6195410666597,90.61954106665968,6.134942930212861
2025-12-01,18,7,66.73199506990785,6.7700000000000005,0.4738291687094601,93.00104625244519,93.00104625244519,6.2961708312905404
2025-12-01,19,7,66.74652677911406,6.7700000000000005,0.44469851845661473,93.43133650728782,93.43133650728782,6.325301481543386
2025-12-02,6,7,66.01384117832801,7.720000000000001,0.42394619429824393,94.50846898577404,94.50846898577404,7.2960538057017565
2025-12-02,7,16,103.51545890799147,7.81,0.6354398040631404,91.86376691340409,94.11568947244824,7.350435347798207
2025-12-02,8,52,54.64278358397232,17.399999999999995,8.643176163009693,50.32657377580635,66.69732081800599,11.605333822333039
2025-12-02,9,53,38.02599492880975,35.63,26.62268221562232,25.280150952505426,46.777931448653945,16.6669769751554
2025-12-02,10,53,62.73520475656616,43.870000000000005,42.51840929409299,3.080899717134749,37.87700316824411,16.616641289908692
2025-12-02,11,53,39.233013476058495,58.77,53.253745164032544,9.386174640067141,38.90656964496675,22.86539098034696
2025-12-02,12,53,58.326363202082234,44.39,39.64226203811167,10.695512416959525,46.6100892549207,20.690218620259298
2025-12-02,13,53,41.84857389273186,50.12999999999999,27.275883610084186,45.58969956097309,49.53489448240496,24.8318426040296
2025-12-02,14,53,40.18389894679825,30.350000000000005,16.149971633952074,46.787572870009654,52.0996460991639,15.812242591096245
2025-12-02,15,50,58.835818848826335,18.33,9.267617305182942,49.44016745672153,62.84258801342679,11.51904638286113
2025-12-02,16,43,55.36115776734758,11.16,2.8985189319244076,74.02760813687807,77.41481822235139,8.639493713614415
2025-12-02,17,6,74.34165277426258,7.71,0.5254241294571409,93.1851604480267,93.18516044802672,7.18457587054286
2025-12-02,18,6,74.56460392985947,7.71,0.4512225105344444,94.14756795675169,94.1475679567517,7.258777489465556
2025-12-02,19,6,74.50097181189831,7.71,0.4260209979596817,94.47443582412865,94.47443582412865,7.283979002040319
2025-12-03,6,6,73.58919430017565,7.71,0.41177165904293994,94.65925215249105,94.65925215249105,7.29822834095706
2025-12-03,7,22,61.97587190900493,8.139999999999997,0.6955425795364909,91.45525086564507,91.60267101306526,7.45645742046351
2025-12-03,8,53,45.54558244948883,32.269999999999996,14.782336677088926,54.191705370037404,54.825570208333154,17.692211506229107
2025-12-03,9,53,27.519056445206065,73.70999999999998,56.40702268560434,23.474396030926123,24.820569652629842,18.295241890953452
2025-12-03,10,53,23.41245940624568,101.80999999999999,87.00188117376061,14.544856916058718,16.177337808293622,16.470147622623735
2025-12-03,11,53,25.436628260896754,118.06999999999998,100.50750868573441,14.874643274553717,16.729543777859174,19.752572338518323
2025-12-03,12,53,26.447231783519015,122.08000000000003,102.08210239152709,16.380977726468657,17.855882900706053,21.798461845181954
2025-12-03,13,53,24.833944378101723,112.30999999999999,95.0799720125637,15.3414905061315,17.047726639974574,19.146301789355444
2025-12-03,14,53,20.596518112200055,89.07000000000002,78.57499033509234,11.782878258569307,13.98288160687362,12.454552647242338
2025-12-03,15,53,19.650541860716263,56.81000000000001,52.43967592704019,7.692878142861851,16.32843714381854,9.276185141403316
2025-12-03,16,53,33.03972920298158,21.53,15.086628828849975,29.927409062471096,45.156505237751645,9.722195577687929
2025-12-03,17,6,74.17739845093955,7.71,0.580022266529723,92.47701340428375,92.47701340428375,7.129977733470277
2025-12-03,18,6,74.57859365192448,7.71,0.4465723269200328,94.20788162230826,94.20788162230826,7.263427673079967
2025-12-03,19,6,74.46380424394174,7.71,0.4272426024900237,94.45859140739269,94.45859140739269,7.282757397509976
2025-12-04,6,6,73.60125252002244,7.71,0.41322684960790174,94.64037808550061,94.64037808550061,7.296773150392098
2025-12-04,7,22,61.7496953380308,8.109999999999998,0.6922589161220767,91.46413173708906,91.61209721181166,7.429741083877923
2025-12-04,8,52,47.531042777562604,30.63,13.526427745061639,55.83928258223428,56.422853067285594,17.282319894509577
2025-12-04,9,52,25.205273234181075,67.26,53.05796934584198,21.115121400770178,22.355937070221994,15.036603273431313
2025-12-04,10,52,22.62855350557602,95.05999999999999,82.01286850914256,13.725154103573981,15.169635376707994,14.420255389098616
2025-12-04,11,53,25.083512605807968,112.46000000000001,96.01881006312661,14.619589131134092,16.10846016398664,18.115574300419375
2025-12-04,12,53,25.316408937813655,114.72,97.34860399622708,15.142430268281831,16.733662483368022,19.196857600919795
2025-12-04,13,53,23.130356979623347,104.74000000000001,90.15472878339118,13.925215979194988,15.064094687902301,15.778132776108873
2025-12-04,14,53,19.985911244496933,82.8,73.17349412507805,11.62621482478496,14.12267139884805,11.693571918246185
2025-12-04,15,53,20.71785745501092,50.989999999999995,48.36762104908348,5.1429279288419565,19.551946200671015,9.969537367722149
2025-12-04,16,53,36.331479125467176,19.97,13.532727887530708,32.23471263129339,48.484937740995456,9.682442066876792
2025-12-04,17,7,66.38897417918558,7.72,0.6069453249338775,92.13801392572697,92.13801392572698,7.113054675066123
2025-12-04,18,7,66.75330823007313,7.72,0.4655639251973906,93.9693792072877,93.9693792072877,7.2544360748026095
2025-12-04,19,7,66.35665505194376,7.72,0.445425181019464,94.23024376917793,94.23024376917793,7.274574818980536
2025-12-05,6,7,63.73539406702731,7.72,0.42277287931808766,94.523667366346,94.523667366346,7.297227120681912
2025-12-05,7,23,59.447490551600524,8.079999999999998,0.7022366401828372,91.30895247298469,91.87889122400914,7.423814410899937
2025-12-05,8,53,50.67524728665903,32.190000000000005,12.89333727469474,59.94614080554601,60.396000387353354,19.441472524689047
2025-12-05,9,53,28.63197338233719,69.37,51.68081470703385,25.49976256734345,26.361643443402354,18.287072056688213
2025-12-05,10,53,23.651787173513338,96.42,81.01118612683554,15.980931210500376,16.88989200950701,16.28523387556666
2025-12-05,11,53,25.814450500681986,112.60000000000001,94.58560347810236,15.998575951951732,16.95936552875185,19.096245585374582
2025-12-05,12,53,26.366786351705347,116.66999999999999,96.04401708078888,17.678908819071836,18.438882861486654,21.51264463449648
2025-12-05,13,53,24.725985656816416,107.31,89.2613024995746,16.81921302807325,17.524039939951326,18.80504725956177
2025-12-05,14,53,22.338260931166314,85.81,72.37219279487692,15.659954789794986,17.144033428043226,14.711295084603893
2025-12-05,15,53,19.865048842165255,54.120000000000005,48.43585462111941,10.50285546725904,18.976238142952916,10.26994008296612
2025-12-05,16,53,34.26905176623966,20.759999999999998,13.779337944597847,33.62553976590632,47.14829785417214,9.787986634526137
2025-12-05,17,7,66.38590852272735,7.720000000000001,0.6081341865083608,92.12261416439948,92.12261416439947,7.111865813491639
2025-12-05,18,6,74.54697500166218,7.71,0.45708236626722387,94.07156463985443,94.07156463985443,7.2529176337327765
2025-12-05,19,6,74.58518631931973,7.71,0.4363978735478755,94.33984599808203,94.33984599808203,7.273602126452125
2025-12-06,6,6,73.4483384924719,7.71,0.41539692934955846,94.61223178534944,94.61223178534944,7.2946030706504414
2025-12-06,7,17,53.09314223488012,7.91,0.6294399068642224,92.04247905354966,92.3597336089997,7.305654928471877
2025-12-06,8,53,44.08956746125447,26.34,12.175746371558056,53.77469107229288,54.72843185271905,14.415468950006199
2025-12-06,9,53,24.819973317253535,60.53,49.262704032412266,18.614399417789087,21.007824041073267,12.71603589206165
2025-12-06,10,53,20.52585558433711,86.88000000000002,77.05739040043935,11.305950275737425,13.624088864923628,11.83660840584565
2025-12-06,11,53,21.208882851024587,102.82999999999998,91.15894857173625,11.349850654734746,13.486754857403971,13.868430019868502
2025-12-06,12,53,21.852099008988162,105.89,91.81404477704142,13.292997660740943,14.970073794069826,15.851811140540539
2025-12-06,13,53,20.767691756522677,97.3,85.56002044323044,12.065754940153706,13.832789900029294,13.459304572728502
2025-12-06,14,53,18.499102464691024,77.31,69.88919595292809,9.598763480884633,13.710474159959226,10.599567573064478
2025-12-06,15,53,19.753578553058077,48.03,46.51780026804827,3.148448328027757,21.186391398712136,10.17582378880144
2025-12-06,16,53,39.9530564871989,19.509999999999998,13.30596629118978,31.799250173296866,50.12001158250313,9.778414259746361
2025-12-06,17,7,66.39205604187623,7.720000000000001,0.6057501785824185,92.15349509608266,92.15349509608266,7.114249821417582
2025-12-06,18,7,66.74705330484237,7.720000000000001,0.4679895852018633,93.93795874090851,93.93795874090851,7.2520104147981375
2025-12-06,19,7,66.69978507197595,7.720000000000001,0.44535707244919054,94.23112600454417,94.23112600454417,7.27464292755081
2025-12-07,6,7,64.82441584527653,7.720000000000001,0.42762382410061595,94.46083129403348,94.46083129403348,7.292376175899385
2025-12-07,7,29,70.50394155310258,8.7,0.6773629100200469,92.21421942505692,92.89621783787133,8.081970951894805
2025-12-07,8,53,57.19805969558951,23.979999999999997,7.6269378641885925,68.19458772231613,69.04182626294137,16.556229937853338
2025-12-07,9,53,46.9917794445426,55.91,24.604031994815042,55.99350385473968,56.578678924842364,31.633139386879364
2025-12-07,10,53,42.18254177711273,64.12,39.34373869436045,38.6404574323761,44.44466340168165,28.497918173158276
2025-12-07,11,53,34.66110548558864,80.61999999999999,58.340435193622106,27.63528256806982,29.894880393860625,24.10125257353043
2025-12-07,12,53,33.538586089978935,80.96999999999998,58.43960548029907,27.8256076567876,32.30584326091865,26.158041288365823
2025-12-07,13,53,29.103690939433818,71.08999999999999,61.20548267839422,13.904230301878986,30.56437626546994,21.728215087122578
2025-12-07,14,53,30.486668449678987,61.49,49.789050516837,19.029028269902422,33.286485357226795,20.467859846158756
2025-12-07,15,53,32.85794485358268,34.589999999999996,21.712254322349853,37.22967816608888,42.834536543022004,14.81646619023131
2025-12-07,16,52,52.42974350351394,16.01,7.826550045956677,51.1146155780345,63.28576629971343,10.132051184584121
2025-12-07,17,7,66.51841206368347,7.720000000000001,0.5566909264525359,92.78897763662518,92.78897763662516,7.163309073547464
2025-12-07,18,7,66.75543289786526,7.720000000000001,0.464739979027579,93.98005208513499,93.98005208513499,7.255260020972422
2025-12-07,19,7,66.81648569510716,7.720000000000001,0.4410637042571723,94.28673958216098,94.28673958216098,7.278936295742828
2025-12-08,6,7,65.74805875663911,7.720000000000001,0.42259497466132767,94.52597183081181,94.52597183081181,7.297405025338673
2025-12-08,7,16,54.82818876442161,7.869999999999999,0.6199427587396611,92.1227095458747,92.94855411404507,7.315051208775346
2025-12-08,8,52,46.964823603084305,25.35,10.942178920318852,56.83558611314062,57.8115332506042,14.655223679028165
2025-12-08,9,53,23.171047728267975,59.17000000000001,48.500400463769374,18.032110083202017,20.085192627474907,11.884408477676905
2025-12-08,10,53,20.740297884495597,87.74999999999999,77.56549353443282,11.60627517443552,13.722443755143281,12.041444395138228
2025-12-08,11,53,22.620181820862165,104.68,91.58850374771428,12.506205819913758,14.202280544687662,14.866947274179045
2025-12-08,12,53,23.705530835969267,109.38999999999999,92.98930825265016,14.992862005073432,16.064514429909767,17.572972334878294
2025-12-08,13,53,22.67808523286396,100.13999999999999,85.43494574829995,14.684495957359733,15.989126221544957,16.01151099825512
2025-12-08,14,53,20.1434542038908,79.55000000000003,70.05154481442531,11.940232791420126,14.92142532574018,11.869993846626318
2025-12-08,15,53,20.344814338442433,49.870000000000005,45.94323565460934,7.874001093624755,19.83840267720246,9.893411415120868
2025-12-08,16,53,37.58949938706518,19.49,12.940891009597005,33.60240631299638,49.40925979352308,9.629864733757646
2025-12-08,17,7,66.38171431082868,7.720000000000001,0.6097607018826559,92.10154531240083,92.10154531240082,7.110239298117344
2025-12-08,18,7,66.73738896728446,7.720000000000001,0.4717374153068101,93.8894117188237,93.8894117188237,7.24826258469319
2025-12-08,19,7,66.73886102551315,7.720000000000001,0.44442725341989553,94.2431702924884,94.24317029248839,7.275572746580104
2025-12-09,6,7,65.24361427687705,7.720000000000001,0.4236927245796003,94.51175227228497,94.51175227228497,7.2963072754204
2025-12-09,7,15,53.78993186815195,7.88,0.6049293085605644,92.32323212486594,92.47551638882531,7.287070691439435
2025-12-09,8,52,54.64324904420421,25.37,9.542925457120889,62.38500016901503,62.97449294740968,15.976628860757836
2025-12-09,9,53,29.414391484476184,60.63,46.355509033539185,23.543610368564767,26.85951491545814,16.28492389324227
2025-12-09,10,53,23.36437865270666,79.76,73.2319219823643,8.184651476474055,18.886713591485325,15.064042760568697
2025-12-09,11,53,23.8465044824313,95.01,84.71468788794223,10.836030009533493,18.731784310511046,17.797068273416546
2025-12-09,12,53,25.537436349929486,99.28,88.72640326955874,10.63013369303108,17.889414371577757,17.7606105881024
2025-12-09,13,53,29.536224434344444,87.32,77.910996501365,10.775313214194902,25.669941480535215,22.414992900803348
2025-12-09,14,53,34.28158745772574,61.480000000000004,65.98221351863006,7.323053868949344,29.369032515482107,18.0560811905184
2025-12-09,15,53,30.405685220496153,41.31999999999999,36.500740938633655,11.663260071070521,32.678945419439174,13.502940247312264
2025-12-09,16,53,40.45639110047287,19.5,10.955475669322341,43.818073490654655,52.499788922531664,10.237458839893675
2025-12-09,17,6,74.15206580999732,7.71,0.5871812229145279,92.38416053288549,92.38416053288549,7.122818777085472
2025-12-09,18,4,62.25829248891078,0.98,0.3600592412771009,63.25926109417338,63.25926109417338,0.6199407587228991
2025-12-09,19,4,62.188270300615144,0.98,0.3608108892485144,63.18256232158016,63.18256232158017,0.6191891107514856
2025-12-10,6,6,73.30301669063685,7.71,0.419054486978521,94.56479264619298,94.56479264619298,7.290945513021479
2025-12-10,7,13,57.44570505292892,7.819999999999999,0.6012532579002604,92.31133941304014,93.22162999936367,7.289931465950238
2025-12-10,8,53,58.013317857022194,24.909999999999997,8.556469127293548,65.65046516542132,66.55040491790722,16.577705865050685
2025-12-10,9,53,30.690886732375112,53.22999999999999,39.35297589112897,26.06993069485445,29.792769342621007,15.858691121077158
2025-12-10,10,53,45.653331113717336,57.290000000000006,67.87407769243586,18.474563959566858,39.76357481396004,22.78055201091771
2025-12-10,11,53,29.966072079136158,78.51999999999998,80.66763478861185,2.735143643163357,21.821657115358555,17.13436516697953
2025-12-10,12,53,43.89888783849856,71.15,78.41959354069101,10.21727834250317,33.669249348199884,23.955670911244216
2025-12-10,13,53,55.04488731151579,62.74000000000001,69.9682571988853,11.520970989616332,40.85507325758325,25.632472961807736
2025-12-10,14,53,31.460945959125297,70.66999999999999,53.282788961425325,24.60338338555917,29.569518124160783,20.89677845834442
2025-12-10,15,53,37.88002595558388,40.64999999999999,25.076332945622124,38.311604069810265,43.03838860950474,17.495104969763673
2025-12-10,16,52,46.48187247258838,17.339999999999996,7.989548989410249,53.92416961124423,59.1352792759157,10.25405742644378
2025-12-10,17,7,67.90511934580856,7.659999999999999,0.5592240339426919,92.69942514435128,92.69942514435128,7.1007759660573075
2025-12-10,18,4,44.75829248891085,0.9099999999999999,0.36005924127710087,60.43305040910979,60.43305040910979,0.549940758722899
2025-12-10,19,4,44.713713613102016,0.9099999999999999,0.3607542255290377,60.356678513292565,60.356678513292565,0.5492457744709622
2025-12-11,6,6,59.40419476737036,7.64,0.417153689943966,94.5398731682727,94.5398731682727,7.222846310056034
2025-12-11,7,8,137.73990801237497,7.66,0.5551799680122684,92.75221973874324,94.5551299097266,7.242922951085058
2025-12-11,8,51,53.48001468406716,20.220000000000002,8.136384928453191,59.760707574415484,61.709008583833445,12.477561535651125
2025-12-11,9,53,94.0036625898333,29.690000000000005,33.15979325315939,11.686740495653039,63.662508126264605,18.901398662687964
2025-12-11,10,53,73.61165855846374,40.64,45.52951535263756,12.031287777159347,55.089498736454225,22.388372286494995
2025-12-11,11,53,80.62459280826445,40.97999999999999,53.58387338657787,30.756157605119288,65.04598416831264,26.655844312174516
2025-12-11,12,52,91.9217424198535,41.83,49.8080700254851,19.07260345561822,64.74240511650447,27.081748060233817
2025-12-11,13,53,175.781328847795,39.45000000000001,36.886399967835914,6.498352426271473,57.838322393064736,22.817218184064043
2025-12-11,14,53,48.96733819332707,38.18999999999999,28.011637441896394,26.651905101083006,46.37578245009702,17.710911317692048
2025-12-11,15,53,113.17754256330721,26.200000000000003,27.635224723058705,5.4779569582393215,59.42274297559778,15.568758659606619
2025-12-11,16,44,129.1975348114659,11.66,7.361388987395011,36.86630371016285,81.63732760964002,9.518912399284027
2025-12-11,17,6,74.18252311030594,7.8999999999999995,0.5941686460151631,92.47887789854225,92.47887789854225,7.305831353984837
2025-12-11,18,4,64.75829248891078,1.17,0.3520592412771009,69.90946655751274,69.90946655751274,0.8179407587228991
2025-12-11,19,4,64.7443382699461,1.17,0.35220994684191953,69.89658574000688,69.89658574000688,0.8177900531580804
2025-12-12,6,6,75.55742281068713,7.8999999999999995,0.4093365565202804,94.81852460100912,94.81852460100912,7.490663443479719
2025-12-12,7,6,74.99957934617548,7.8999999999999995,0.47632302048953307,93.97059467734768,93.97059467734769,7.423676979510467
2025-12-12,8,37,62.98223686513752,9.830000000000002,2.588149628711665,73.67090916875215,79.40396348624435,7.805409610697821
2025-12-12,9,49,69.2279793368512,17.98,9.28812653403447,48.341899143301056,70.95408827634286,12.757545072086447
2025-12-12,10,53,64.72114715954513,34.690000000000005,17.160140880598927,50.532888784667264,66.01635085687437,22.90107211224972
2025-12-12,11,53,53.192892906465715,49.83,24.321329062752582,51.19139260936668,57.85263710474854,28.8279690692962
2025-12-12,12,53,46.80770457635942,45.75,27.06582725985727,40.83972183637756,55.44321014446483,25.36526864109266
2025-12-12,13,53,73.13824988746343,27.549999999999997,26.11998873469021,5.190603503846777,63.458268901869,17.482753082464907
2025-12-12,14,53,45.066790102424086,24.199999999999996,18.987425692767193,21.539563253028117,51.029488116033875,12.349136124080195
2025-12-12,15,50,65.61073839561026,15.929999999999998,13.039120782654951,18.14738993939138,62.438808274067405,9.946502158058935
2025-12-12,16,38,84.11015506602754,9.479999999999999,2.7055944354019723,71.45997431010578,83.05195512395697,7.87332534575112
2025-12-12,17,8,157.92232052975262,7.920000000000001,0.6596925439188315,91.67054868789354,93.67344850329629,7.418937121461067
2025-12-12,18,5,55.80663399112867,1.18,0.36005924127710087,69.48650497651687,69.48650497651687,0.8199407587228991
2025-12-12,19,5,55.708022866108166,1.18,0.3615901416533071,69.3567676564994,69.3567676564994,0.8184098583466928
2025-12-13,6,7,64.95135188203447,7.909999999999999,0.42135695148639013,94.67311060067775,94.67311060067777,7.488643048513611
2025-12-13,7,7,65.88908020683186,7.909999999999999,0.4894898288773113,93.81175943265093,93.84119110974468,7.422838216780804
2025-12-13,8,23,93.31254962028154,8.159999999999998,1.7937477773863957,78.01779684575494,87.10717696785231,7.107945640576747
2025-12-13,9,41,99.88815011910532,10.870000000000001,5.815368634458178,46.50074853304345,75.01785526339535,8.154440867131076
2025-12-13,10,49,166.18828272941985,13.020000000000001,13.924189549534164,6.94462019611492,95.84956262260006,12.47961305346253
2025-12-13,11,50,148.5607107090944,14.639999999999999,14.714325999742726,0.5076912550732766,77.60019091983158,11.360667950663343
2025-12-13,12,51,95.8148744539783,17.8,18.494106140741334,3.8994727007940053,74.59349021472482,13.277641258221019
2025-12-13,13,52,97.20337623035655,27.32,38.04345797499519,39.25131030378913,83.19647495990118,22.729276959045002
2025-12-13,14,51,305.2004462655156,19.37,36.872694453864504,90.35980616347187,146.01232890999404,28.28258810986585
2025-12-13,15,48,215.25796952505547,12.05,14.052569222979576,16.61883172597158,117.22854038496202,14.126039116387926
2025-12-13,16,36,211.09890304178083,9.44,4.526256478192709,52.052367815755204,95.54014161837449,9.018989368774552
2025-12-13,17,4,79.24182611126254,7.420000000000001,0.39136275012815724,94.72556940528091,94.72556940528088,7.028637249871842
2025-12-13,18,2,59.99277545401212,0.69,0.22405924127710067,67.52764619172454,67.52764619172454,0.4659407587228993
2025-12-13,19,2,59.82201161652513,0.69,0.22521777944264468,67.35974210976164,67.35974210976164,0.4647822205573553
2025-12-14,6,4,79.37914967623057,7.420000000000001,0.2708273461509807,96.3500357661593,96.35003576615927,7.149172653849019
2025-12-14,7,7,166.49898373003208,7.45,0.4367344252946325,94.13779294906533,96.26728078011271,7.1719124181183975
2025-12-14,8,52,50.06335554895494,23.47,9.284800639731445,60.43970754268664,61.045241851634835,14.327318262578695
2025-12-14,9,53,26.022235577678494,64.41000000000001,47.547032941378156,26.180666136658676,27.11324467058183,17.46364089232176
2025-12-14,10,53,21.02735595399864,99.02999999999999,77.73948810380526,21.499052707457068,21.738135515297845,21.527275600799452
2025-12-14,11,53,19.21349754711105,117.17,92.95608052878427,20.665630682952745,20.801040813198263,24.372579520824406
2025-12-14,12,53,20.511011931272815,122.71,95.33448595982384,22.309114204364892,22.52766610752202,27.643699080540266
2025-12-14,13,53,19.488238641448564,114.33,89.17463245323114,22.002420665414903,22.108776793963408,25.276964508538363
2025-12-14,14,53,20.107589372457355,93.29999999999998,73.41829131652997,21.309441247020377,22.086336608791672,20.606552056002627
2025-12-14,15,53,21.35175662310937,61.37999999999999,49.4181644931901,19.4881647227271,23.513738597558667,14.432732751181508
2025-12-14,16,53,34.80596281311259,23.58,14.324855597189234,39.24997626298034,47.11316529627704,11.109284376862124
2025-12-14,17,6,220.10747620825674,7.44,0.5739311501347951,92.28587163797319,94.93337259822579,7.063042921307999
2025-12-14,18,3,46.661850302674715,0.7,0.23205924127710068,66.84867981755704,66.84867981755704,0.4679407587228993
2025-12-14,19,3,46.536588217781166,0.7,0.2333929705300953,66.65814706712924,66.65814706712925,0.4666070294699047
2025-12-15,6,5,67.36953558133307,7.430000000000001,0.2786978157539111,96.2490199763942,96.2490199763942,7.151302184246089
2025-12-15,7,9,73.65413749541212,7.49,0.45144962182247844,93.97263522266385,95.55666328658714,7.157194080165377
2025-12-15,8,52,56.56293743191502,26.560000000000006,8.884409696818453,66.5496622860751,66.73397625656918,17.724544093744775
2025-12-15,9,53,32.10661807342415,70.02,46.346695114713164,33.80934716550533,34.09253388051613,23.87159222313739
2025-12-15,10,53,26.23156125437819,101.78999999999999,73.2484480195606,28.039642381805084,28.172836851763073,28.67713063140963
2025-12-15,11,53,25.862009834436407,116.40999999999998,85.97721973607123,26.14275428565308,28.7181403284808,33.4307871563845
2025-12-15,12,53,31.31276037499032,125.39,82.47135853835923,34.22812143044961,34.87655408190399,43.731711163299416
2025-12-15,13,53,30.287328957806597,116.22999999999999,78.20292479438275,32.71709128935493,32.71709128935493,38.02707520561724
2025-12-15,14,53,26.33904577588281,92.35,66.86222644203862,27.59910509795493,29.70944739628384,27.436674670468122
2025-12-15,15,53,23.16629328361823,60.080000000000005,47.010881433704185,21.752860463208755,25.27151076812703,15.18312366949072
2025-12-15,16,53,36.10163166491617,22.910000000000004,13.584766619759115,40.70376857372713,49.39717442451656,11.316892660656745
2025-12-15,17,6,64.23368765959255,7.44,0.4800614851979315,93.54756068282349,93.54756068282349,6.959938514802069
2025-12-15,18,3,46.661850302674715,0.7,0.23205924127710068,66.84867981755704,66.84867981755704,0.4679407587228993
2025-12-15,19,3,46.5914429949459,0.7,0.23284515884089826,66.73640587987167,66.73640587987167,0.4671548411591017
2025-12-16,6,5,66.2306924263554,7.430000000000001,0.2825831887971598,96.19672693408937,96.19672693408936,7.147416811202839
2025-12-16,7,7,75.51228982729965,7.470000000000001,0.41364603451568843,94.4625698190671,95.70917248578633,7.14947518468824
2025-12-16,8,51,55.53776627072974,23.270000000000003,7.86579105660334,66.19771784871791,66.95416532837748,15.580234271913442
2025-12-16,9,52,30.225067871597407,54.83,36.5126058021059,33.40761298175104,33.93099153290014,18.604362657489144
2025-12-16,10,52,19.5851692699751,81.88,64.9453765589333,20.68224650838629,21.711394146237247,17.777289526939057
2025-12-16,11,52,18.51558482362143,99.01,78.62014163628498,20.593736353615817,21.120154680061717,20.911065148729108
2025-12-16,12,52,20.107632430959153,104.25,80.34103549989013,22.934258513294843,23.076815247249186,24.057579895257277
2025-12-16,13,52,19.6066476818916,97.17000000000002,75.73087090986412,22.063526901446835,22.484908482182767,21.848585572136997
2025-12-16,14,52,19.70998959577202,78.08,61.78046840834336,20.875424681937293,22.44737878211404,17.52691335307464
2025-12-16,15,52,21.133692880981314,49.940000000000005,41.19604664592838,17.508917409034098,24.09119790457897,12.031144233546737
2025-12-16,16,52,36.10671189881032,20.57,11.536309841692901,43.91682138214438,49.57115814661863,10.196787230759451
2025-12-16,17,6,82.62260972868339,7.45,0.4665025955401192,93.73822019409236,93.73822019409236,6.9834974044598805
2025-12-16,18,2,59.99277545401212,0.69,0.22405924127710067,67.52764619172454,67.52764619172454,0.4659407587228993
2025-12-16,19,2,59.88554139613635,0.69,0.22485601633674576,67.41217154539916,67.41217154539918,0.46514398366325427
2025-12-17,6,4,79.38765412872627,7.420000000000001,0.2706213461444588,96.35281204657063,96.35281204657062,7.149378653855541
2025-12-17,7,5,209.73171550061815,7.430000000000001,0.41643072423631644,94.39527961996883,96.36898619188842,7.16021567405731
2025-12-17,8,51,57.66004367348045,23.42,7.647338186618699,67.3469761459492,68.3228394544085,16.00120900022247
2025-12-17,9,52,30.910133437020033,59.74,40.14496257787589,32.80053133934401,33.10943160041597,19.7795744380885
2025-12-17,10,52,21.61937794199525,90.34,68.42615069821592,24.257083575142886,24.49836581748712,22.131823679517865
2025-12-17,11,52,21.83036160887177,109.99,83.26787610679818,24.295048543687436,24.411563714598536,26.85027892968693
2025-12-17,12,52,23.607508915918196,116.77,85.54292531163632,26.742377912446408,26.758641212253252,31.246065343548125
2025-12-17,13,52,22.560028183171397,108.53999999999999,80.78237678933255,25.573634798846,25.70207109048136,27.897027961608465
2025-12-17,14,52,22.16709150575173,88.19999999999999,66.43922413042546,24.67208148477838,25.210249849269506,22.235440367055702
2025-12-17,15,52,22.026239072964337,57.36000000000001,45.18425237743663,21.22689613417604,25.075432502238094,14.383268083283772
2025-12-17,16,52,35.70196797992272,22.569999999999997,13.045357976594701,42.20045203103809,48.215418477399105,10.882219950348977
2025-12-17,17,6,225.0948390596166,7.44,0.5757505954902793,92.26141672728119,94.92847979075889,7.062678896432461
2025-12-17,18,2,59.99277545401212,0.69,0.22405924127710067,67.52764619172454,67.52764619172454,0.4659407587228993
2025-12-17,19,2,59.85010704230005,0.69,0.22511072949873845,67.37525659438572,67.37525659438572,0.4648892705012615
2025-12-18,6,4,79.38225172123356,7.420000000000001,0.2709806672163767,96.34796944452322,96.34796944452322,7.149019332783624
2025-12-18,7,6,178.18648755923056,7.44,0.40811331314989563,94.51460600604979,96.38282418871282,7.170882119640234
2025-12-18,8,52,55.5688825785833,23.819999999999997,8.04310315247105,66.23382387711565,66.94596210860101,15.946528174268758
2025-12-18,9,53,33.986081414334734,66.16000000000001,42.34179348489109,36.00091673988651,36.15943727930876,23.923083703990677
2025-12-18,10,53,22.494062693089557,95.83000000000001,71.99855215575651,24.868462740523317,25.182653163045522,24.132536526146524
2025-12-18,11,53,23.399990887311585,112.03000000000002,87.10158724483301,22.25155115162635,23.992188750262894,26.878449056919525
2025-12-18,12,53,23.491436766036166,114.67,88.37053940382646,22.934909388831905,26.520892306136613,30.411507207446853
2025-12-18,13,53,26.540725021509132,102.16000000000001,81.94974037879498,19.782947945580485,27.59413785325851,28.190171230888897
2025-12-18,14,53,28.85871611888079,88.34,61.48059344966006,30.40458065467505,31.286875524235363,27.638825838109522
2025-12-18,15,53,26.07720969951287,57.089999999999996,40.61628895760155,28.855685833593363,30.63993848916937,17.49234088346679
2025-12-18,16,53,36.36271816735853,22.54,13.516176359294858,40.03471002974774,49.51628383054093,11.160970375403926
2025-12-18,17,6,132.40025533062527,7.45,0.5832576821162114,92.17103782394346,94.63408374315054,7.050239238864716
2025-12-18,18,3,46.66185030267483,0.7,0.23205924127710065,66.84867981755704,66.84867981755704,0.4679407587228993
2025-12-18,19,3,46.6013352447936,0.7,0.2327638150566992,66.74802642047155,66.74802642047155,0.46723618494330077
2025-12-19,6,5,63.59468076483299,7.430000000000001,0.28631598089272614,96.14648747116115,96.14864884800289,7.1438446094066155
2025-12-19,7,5,65.72433900068518,7.430000000000001,0.3395565005343239,95.42992596858245,95.46518842185475,7.093063499743808
2025-12-19,8,51,63.318857106198635,21.240000000000006,6.211601289409755,70.75517283705389,71.83963125665663,15.258737678913873
2025-12-19,9,52,31.947971050230567,52.699999999999996,35.38339890121111,32.85882561440017,33.234084471129165,17.51436251628507
2025-12-19,10,52,18.759138483496848,77.71,64.623980575406,16.83955658807618,17.904444918452842,13.913544146129702
2025-12-19,11,52,14.294007640619416,90.58999999999999,78.96450814068126,12.833085174212085,14.829964878215451,13.434465183175377
2025-12-19,12,52,25.20663610355832,80.41999999999999,79.22388111869462,1.487340066283719,21.37175318396118,17.187163910541578
2025-12-19,13,52,31.867174564898633,65.63,71.32807654369894,8.682121809689084,32.21278476389196,21.141250640542292
2025-12-19,14,52,32.85448785583859,54.050000000000004,56.86208772043417,5.202752489239896,34.364807635222824,18.57417852683794
2025-12-19,15,52,38.057785791702216,38.029999999999994,27.298454298494367,28.218631873535706,42.32226304826858,16.09515663725654
2025-12-19,16,51,53.55095963680638,17.970000000000002,10.662978109467252,40.66233661954786,58.549385195579696,10.521324519645672
2025-12-19,17,4,78.85825041829477,7.420000000000001,0.46001431677397614,93.80034613512161,93.80034613512161,6.959985683226025
2025-12-19,18,2,59.99277545401212,0.69,0.22405924127710067,67.52764619172454,67.52764619172454,0.4659407587228993
2025-12-19,19,2,59.91609147962706,0.69,0.22468804986705818,67.43651451202055,67.43651451202057,0.46531195013294185
2025-12-20,6,4,79.35944406199478,7.420000000000001,0.27285212971908507,96.32274757790991,96.3227475779099,7.147147870280915
2025-12-20,7,4,78.84627313756864,7.420000000000001,0.33331092031143916,95.50793907936065,95.50793907936064,7.08668907968856
2025-12-20,8,48,82.32050609957206,13.34,3.2549316429697237,75.60021257144136,79.64187623519688,10.624226289775264
2025-12-20,9,50,101.94520372626398,20.89,18.011789719727066,13.777933366553064,75.7051696801884,15.814809946191357
2025-12-20,10,52,46.621017926273275,35.449999999999996,30.42744336143524,14.168001801311018,52.022928544961985,18.442128169189022
2025-12-20,11,52,27.273072125114776,64.67,55.96145959916778,13.46612092288885,29.460239579659948,19.05193693616609
2025-12-20,12,52,23.908646892137885,82.12,70.57679812428032,14.05650496312675,25.3287725127046,20.79998798743302
2025-12-20,13,52,33.10938341304909,91.99,61.30143371054387,33.360763441087215,34.06537887237897,31.33674202470141
2025-12-20,14,52,23.89664441411647,53.24,47.747928249392544,10.315686984612055,21.872421401274153,11.64487715403836
2025-12-20,15,52,50.53394458609415,38.89,41.52209982912244,6.768063330219692,46.818207351494834,18.207600838996342
2025-12-20,16,51,42.92223762650475,16.31,10.528480864279807,35.44769549797788,54.28082131318001,8.85320195617966
2025-12-20,17,5,67.07924163813743,7.430000000000001,0.48382841679630906,93.48817743208198,93.48817743208197,6.94617158320369
2025-12-20,18,3,46.661850302674715,0.7,0.23205924127710068,66.84867981755704,66.84867981755704,0.4679407587228993
2025-12-20,19,3,46.6156239912995,0.7,0.2326278249070158,66.76745358471202,66.76745358471203,0.4673721750929842
2025-12-21,6,5,67.2823794683425,7.430000000000001,0.27853479718623303,96.25121403517855,96.25121403517855,7.1514652028137675
2025-12-21,7,5,63.651324924058116,7.430000000000001,0.34247003435595325,95.39071286196562,95.39071286196562,7.0875299656440465
2025-12-21,8,50,61.246528638117844,22.799999999999997,7.498563974919218,67.1115615135122,69.65693591869797,15.881781389463136
2025-12-21,9,52,27.52779745677068,61.38000000000001,45.17420761726449,26.402398798852257,27.206938910218582,16.699619103092168
2025-12-21,10,52,19.082399365629023,92.68,76.18854727258946,17.79397143656727,18.846339930331848,17.466787847431558
2025-12-21,11,52,18.098978500230757,110.49,91.65366890020618,17.047996289070333,17.260162108814637,19.07075311402929
2025-12-21,12,52,18.30499004787705,115.91,95.41434597517944,17.68238635563847,17.920505806671784,20.771658280513265
2025-12-21,13,52,18.17958861005588,107.21,89.56655428288501,16.456903010087668,17.632356042418365,18.90364891307673
2025-12-21,14,52,23.55146887983991,80.74,74.1176209345815,8.202104366384072,20.421767168729275,16.488534812032015
2025-12-21,15,52,29.12404225590508,56.040000000000006,49.69122149340577,11.329012324400848,24.826408498954677,13.912719322814203
2025-12-21,16,52,49.336365312181954,23.049999999999997,14.64194641920482,36.47745588197475,53.149919256039915,12.251056388517199
2025-12-21,17,9,175.21634740220395,7.47,0.5922670137598784,92.07139205140726,94.83402909110247,7.084101973105354
2025-12-21,18,2,59.99277545401212,0.69,0.22405924127710067,67.52764619172454,67.52764619172454,0.4659407587228993
2025-12-21,19,2,59.87708883707717,0.69,0.22490596561624146,67.4049325193853,67.4049325193853,0.4650940343837585
2025-12-22,6,4,79.34673539223999,7.420000000000001,0.27546807737636353,96.2874922186474,96.28749221864737,7.144531922623636
2025-12-22,7,4,78.93649220374445,7.420000000000001,0.3260760833574473,95.60544362051957,95.60544362051957,7.093923916642552
2025-12-22,8,51,56.62965101510514,21.529999999999998,6.698285395995745,68.88859546681029,69.73623944584459,15.01421235269034
2025-12-22,9,51,40.85418231291664,41.9,21.648793203166914,48.33223579196441,51.11713557497617,21.418079805915013
2025-12-22,10,52,34.23000888574752,37.8,30.03986651563117,20.529453662351393,38.605094054972604,14.592725552779644
2025-12-22,11,52,41.6823199312138,53.03999999999999,31.617214622757444,40.38986685000481,40.70127371836642,21.587955580221546
2025-12-22,12,52,54.89542581786115,77.6,32.802338456086744,57.728945288548005,58.71052006409776,45.55936356973986
2025-12-22,13,52,46.0702040881293,85.0,42.23708850438985,50.30930764189429,51.22321237120063,43.53973051552054
2025-12-22,14,52,47.267540379865494,47.510000000000005,48.95021218929529,3.031387474837482,43.440968466799845,20.63880411857661
2025-12-22,15,52,57.14013455486572,29.46,24.35755323403953,17.31991434474023,61.822079895544576,18.212784737227434
2025-12-22,16,48,65.09484315424908,12.68,7.853718182339506,38.06215944527203,72.10170686979265,9.142496431089707
2025-12-22,17,4,78.95657444455108,7.420000000000001,0.44290902428688594,94.03087568346515,94.03087568346514,6.977090975713114
2025-12-22,18,2,59.99277545401212,0.69,0.22405924127710067,67.52764619172454,67.52764619172454,0.4659407587228993
2025-12-22,19,2,59.98525144433009,0.69,0.22412093815649323,67.51870461500098,67.51870461500098,0.46587906184350675
2025-12-23,6,4,79.40590212164442,7.420000000000001,0.2736092478790014,96.31254382912398,96.31254382912397,7.146390752120999
2025-12-23,7,4,79.15394154203243,7.420000000000001,0.3303240483407986,95.54819341858762,95.54819341858763,7.089675951659203
2025-12-23,8,31,85.69597302048896,8.329999999999997,1.2633822517470326,84.83334631756263,90.55560168769394,7.543281620584901
2025-12-23,9,47,64.6284840852357,10.959999999999999,2.216282535259117,79.77844402135842,82.08869352478597,8.996920810316542
2025-12-23,10,48,66.76682657302817,14.060000000000002,3.1534085780581567,77.57177398251667,78.61325435956618,11.053023562955008
2025-12-23,11,50,62.6231114418931,17.13,4.84362998155632,71.7242849879958,72.74210707910275,12.460722942650301
2025-12-23,12,52,57.71580171711754,20.659999999999997,6.533030601890073,68.37836107507225,70.05387233050456,14.473130023482241
2025-12-23,13,52,50.13301303045259,29.969999999999995,14.488439257570258,51.656859334099906,54.26485300253553,16.263176444859894
2025-12-23,14,51,88.14622727705209,20.639999999999997,25.965518185638693,25.801929193985934,83.80580381891585,17.29751790822423
2025-12-23,15,50,56.87559483956569,15.38,5.52600067311917,64.07021668973232,67.81903914629723,10.430568220700513
2025-12-23,16,34,69.77842985136918,9.62,1.776028029519004,81.53817017132012,86.48042208528142,8.319416604604072
2025-12-23,17,5,67.40328368180549,7.430000000000001,0.3966418365238127,94.66161727424209,94.66161727424209,7.033358163476188
2025-12-23,18,3,46.661850302674715,0.7,0.23205924127710068,66.84867981755704,66.84867981755704,0.4679407587228993
2025-12-23,19,3,46.600760964982896,0.7,0.23273031443607803,66.75281222341742,66.75281222341744,0.467269685563922
2025-12-24,6,5,67.32797837125138,7.430000000000001,0.27986166453424466,96.23335579361716,96.23335579361716,7.150138335465756
2025-12-24,7,5,63.98947792268809,7.430000000000001,0.334378579721039,95.49961534695774,95.49961534695774,7.0956214202789605
2025-12-24,8,51,80.37238320873314,14.639999999999999,4.959540155620047,66.12335959275923,76.60482149037952,11.21494586619156
2025-12-24,9,52,60.24733981822099,30.94,21.156336293012153,31.62140823202278,52.06742375987217,16.10966091130445
2025-12-24,10,52,81.08261340716726,42.35999999999999,52.281391236869055,23.42160348647088,57.92980845775929,24.539066862706832
2025-12-24,11,52,44.99686799178343,61.27,71.21182437092381,16.22625162546728,43.20566677299682,26.472112031815154
2025-12-24,12,52,24.060833546656465,74.07,70.72226034170104,4.519697122045294,19.36341863578924,14.342484183529088
2025-12-24,13,52,25.394137825451224,70.82999999999998,72.49291226333328,2.3477513247681734,28.444240281140697,20.147055391131953
2025-12-24,14,52,34.79011181029896,54.730000000000004,59.20807473520301,8.182120839033452,29.344092940752176,16.060022066473667
2025-12-24,15,52,38.17454456074634,46.51000000000001,31.25634442512142,32.7965073637467,39.45753927470496,18.351701516665283
2025-12-24,16,51,54.849544216873284,22.090000000000003,11.549028830400223,47.71829411317238,57.912331966286516,12.792834131352691
2025-12-24,17,7,61.297522221669745,7.45,0.45823636138934604,93.84917635718998,93.84917635718999,6.991763638610655
2025-12-24,18,3,46.661850302674715,0.7,0.23205924127710068,66.84867981755704,66.84867981755704,0.4679407587228993
2025-12-24,19,3,46.613659392195814,0.7,0.23250477676516632,66.78503189069052,66.78503189069053,0.46749522323483367
2025-12-25,6,5,67.26740594951612,7.430000000000001,0.27729726811606414,96.26786987730735,96.26786987730733,7.152702731883935
2025-12-25,7,5,63.92565507344391,7.430000000000001,0.3389691131755492,95.4378315857934,95.4378315857934,7.091030886824451
2025-12-25,8,51,57.57651195691166,23.880000000000003,7.417097884577658,68.94012611148385,70.49841075915901,16.835020489287174
2025-12-25,9,52,31.584611814469483,66.52999999999999,46.578688985054065,29.98844283022084,31.055687048155377,20.66134859313777
2025-12-25,10,52,23.189025427376762,99.77000000000001,78.92837222226326,20.88967402800115,22.022999275123116,21.972346376790334
2025-12-25,11,52,20.886156399222873,119.86,96.03304015752232,19.878992026095176,20.216919155821877,24.231999300168102
2025-12-25,12,52,21.842410773317813,126.46000000000001,99.37991608769485,21.41395216851586,21.577017420305815,27.286296229718733
2025-12-25,13,52,22.360001959417662,119.16000000000001,92.60382742129406,22.286146843492745,22.34240157187804,26.623205713049874
2025-12-25,14,52,22.00895036216114,99.16,77.4386996274223,21.9053049340235,22.098910815567628,21.91327996471686
2025-12-25,15,52,20.49632816124694,67.38,54.86740192901616,18.570196009177554,20.423073728255098,13.761067078098284
2025-12-25,16,52,29.14781992659074,26.17,18.218580921723163,30.383718296816348,38.62567701375376,10.10833967449936
2025-12-25,17,11,92.58546782535836,6.319999999999999,0.6676595068291808,89.43576729700663,93.33104590617853,5.8985221012704825
2025-12-25,18,3,46.661850302674715,0.7,0.23205924127710068,66.84867981755704,66.84867981755704,0.4679407587228993
2025-12-25,19,3,46.566458905382795,0.7,0.23303107282083305,66.709846739881,66.709846739881,0.46696892717916694
2025-12-26,6,4,59.17952714253849,6.24,0.27387449382619466,95.61098567586227,95.61098567586225,5.966125506173805
2025-12-26,7,4,55.10240989426374,6.24,0.3307753365210491,94.69911319677806,94.69911319677806,5.909224663478951
2025-12-26,8,51,59.03627372192703,23.959999999999997,7.030203065369896,70.65858486907388,71.70884499871944,17.18143926169318
2025-12-26,9,52,32.36765785014516,64.42999999999999,42.630316318493186,33.83467900280429,34.46642929287809,22.20672039340135
2025-12-26,10,52,26.17289886879942,96.4,73.0173962680057,24.255812999994095,25.76327232590722,24.835794522174563
2025-12-26,11,52,24.01542547982863,114.64999999999999,90.73241138829559,20.86139434078012,22.442177825177584,25.7299568765661
2025-12-26,12,52,24.82180957446572,120.15,91.82328743838666,23.576123646785973,24.91354615590865,29.933625706324246
2025-12-26,13,52,38.499247140499996,110.87999999999998,86.00175902704179,22.437086014572692,28.925733518109816,32.07285332488016
2025-12-26,14,52,29.631657223876047,91.03000000000002,71.72226453959154,21.210299308369194,29.07363394832207,26.465728983157586
2025-12-26,15,52,24.045374344069483,53.349999999999994,50.96346916961979,4.473347385904785,21.214264619054966,11.317810174265823
2025-12-26,16,52,40.54616891206234,23.94,14.820210601591551,38.09435838934189,46.02311410029051,11.017933515609549
2025-12-26,17,13,84.1710969461446,6.339999999999999,0.6736760623051709,89.37419460086481,93.07189202004845,5.900757954071071
2025-12-26,18,3,46.66185030267483,0.7,0.23205924127710065,66.84867981755704,66.84867981755704,0.4679407587228993
2025-12-26,19,3,46.52068162161414,0.7,0.23352096329943514,66.63986238579498,66.63986238579498,0.4664790367005648
2025-12-27,6,4,56.582312275632106,6.24,0.2666142123500263,95.72733634054445,95.72733634054444,5.973385787649973
2025-12-27,7,4,55.92105901385972,6.24,0.33042862063236333,94.70466954114802,94.72868984283996,5.911070246193213
2025-12-27,8,51,59.513886136875385,21.009999999999998,6.768024926261112,67.78664956563011,69.34043182715291,14.568424726884826
2025-12-27,9,52,33.307028513782114,55.44999999999999,36.570133549691704,34.0484516687255,34.39954073572023,19.074545337956863
2025-12-27,10,52,24.032568282309075,88.56,69.57130308214143,21.44161801926217,22.872359933643345,20.255761957234547
2025-12-27,11,52,22.80605516291951,106.86,84.7632750490858,20.678200403251164,21.618304650260264,23.101320349268118
2025-12-27,12,52,22.472911758634595,112.81,88.75310305939477,21.325145767755718,21.418144547714025,24.161808864276193
2025-12-27,13,52,21.55946566616388,106.03999999999999,84.70874911778391,20.11623055659759,20.333874579003467,21.562040603575273
2025-12-27,14,52,16.605098027551392,84.27999999999999,71.39244467092377,15.291356584096135,16.861194357577915,14.210614604566665
2025-12-27,15,52,18.85763832861394,56.92,51.410940649354856,9.678600405209322,17.187623964767752,9.783195560745806
2025-12-27,16,52,30.294203122749014,23.39,16.60753413384887,28.99728886768333,39.095676471647714,9.1444787267184
2025-12-27,17,12,68.5471248233417,6.34,0.6833929238792473,89.22093180001187,92.7359807534257,5.879461179767189
2025-12-27,18,3,46.661850302674715,0.7,0.23205924127710068,66.84867981755704,66.84867981755704,0.4679407587228993
2025-12-27,19,3,46.54190912620175,0.7,0.23331272027619024,66.66961138911567,66.66961138911567,0.46668727972380974
2025-12-28,6,4,58.46734389017952,6.24,0.26669678297913835,95.72601309328304,95.72601309328303,5.973303217020861
2025-12-28,7,4,54.9096983058337,6.24,0.33001711041114173,94.71126425623171,94.71126425623169,5.909982889588857
2025-12-28,8,51,56.40876842447804,19.49,6.727457437274236,65.48251699705368,67.17033197273472,13.091497701485997
2025-12-28,9,52,33.287342379622444,53.6,36.81439957165095,31.316418709606435,31.743143676786655,17.01432501075765
2025-12-28,10,52,19.584443917436907,83.95,69.55288516004835,17.14963054193169,18.097787826017235,15.193092879941467
2025-12-28,11,52,19.549663477331823,102.80999999999999,85.67112371005503,16.670437009964946,17.390926904481166,17.879611950497086
2025-12-28,12,52,20.173139862472812,109.28,88.98947511775688,18.567464204102414,18.68957151747247,20.423963754293915
2025-12-28,13,52,19.89043123086301,102.47999999999999,84.70690386869852,17.342989979802375,18.042381048012327,18.48983209800303
2025-12-28,14,52,19.120550975163162,84.32000000000001,71.21950475886764,15.536640466238572,16.839653983123277,14.19919623856955
2025-12-28,15,52,18.317733352610702,55.970000000000006,50.06894627418348,10.543244105443137,17.59191741211399,9.8461961755602
2025-12-28,16,52,31.088287538094782,23.16,15.702436031911244,32.20018984494282,39.87226450622158,9.234416459640919
2025-12-28,17,13,75.7651553889314,6.3500000000000005,0.7249418845477258,88.58359236932715,92.69786308697303,5.886314306022788
2025-12-28,18,3,46.661850302674715,0.7,0.23205924127710068,66.84867981755704,66.84867981755704,0.4679407587228993
2025-12-28,19,3,46.58942997682558,0.7,0.2328655377692244,66.73349460439651,66.73349460439651,0.4671344622307756
2025-12-29,6,3,45.999601208932916,5.83,0.26287251618198815,95.49103745828494,95.49103745828494,5.567127483818012
2025-12-29,7,3,41.34402019189054,5.83,0.32487098798436415,94.4275988338874,94.42759883388742,5.505129012015637
2025-12-29,8,51,55.15028940950092,18.259999999999998,6.523289262834885,64.27552429991849,65.86066235356583,12.026156945761118
2025-12-29,9,52,26.809196879121984,46.87,36.60503434783189,21.900929490437612,29.23529378926918,13.702582199030463
2025-12-29,10,52,15.40776651836899,74.28000000000002,69.60031476942348,6.3000608919985694,13.739358214050911,10.20559528139702
2025-12-29,11,52,14.8719451164492,94.03,87.45209835578697,6.995535089028,13.193720592848768,12.406055473455696
2025-12-29,12,52,16.936345015622717,101.75,88.88784182919888,12.640941691205034,14.601766400700278,14.857297312712532
2025-12-29,13,52,20.267600606927054,87.05000000000003,83.59463032273531,3.969408015238038,18.95656239834863,16.501687567762488
2025-12-29,14,52,17.7307257906308,75.67999999999999,70.43853488540199,6.9258259970903815,17.084100714820867,12.929247420976433
2025-12-29,15,52,22.324862994046082,50.879999999999995,49.795336345377265,2.131807497293102,23.83015747230762,12.124784121910116
2025-12-29,16,52,28.469440460548327,21.499999999999996,16.579088630219562,22.887959859443882,36.5567689779227,7.859705330253379
2025-12-29,17,7,221.3388669902968,5.89,0.659628929073198,88.80086707855352,93.00202417372134,5.477819223832187
2025-12-29,18,2,19.99999999999996,0.29000000000000004,0.23200000000000004,19.999999999999996,19.999999999999993,0.05799999999999999
2025-12-29,19,2,19.968118169512326,0.29000000000000004,0.23217853825073081,19.9384350859549,19.938435085954897,0.057821461749269214
2025-12-30,6,3,46.02857615952583,5.83,0.2626281353878628,95.49522923863015,95.49522923863015,5.567371864612137
2025-12-30,7,3,41.41996624053429,5.83,0.31670474691576844,94.5676715794894,94.56767157948939,5.513295253084231
2025-12-30,8,51,55.50453922533851,18.009999999999998,6.583010725949441,63.4480248420353,64.52464270726875,11.6208881515791
2025-12-30,9,52,31.337012783467866,47.169999999999995,36.91006742951677,21.750970045544253,37.775244773865715,17.818582959832455
2025-12-30,10,52,21.650261645932094,81.83,69.82164002611476,14.674764724288444,17.613003729576025,14.412720951912062
2025-12-30,11,52,18.396742575001003,103.67,87.48087710071195,15.616015143520837,16.74908114296886,17.363772420915815
2025-12-30,12,52,26.890861384963653,107.88000000000001,89.74886143588601,16.8067654468984,25.116010405736095,27.095152025708103
2025-12-30,13,52,23.969427232057257,97.88,86.66367764280292,11.45925864037298,19.549988036514247,19.135528290140144
2025-12-30,14,52,28.117274208624508,81.03999999999998,72.50153949211352,10.536106253561769,22.138961082653875,17.941414061382694
2025-12-30,15,52,20.165896366765026,57.34,51.46288100835587,10.249597125294962,18.37229749177057,10.534675381781245
2025-12-30,16,52,36.40227669417712,22.669999999999998,17.242329127943012,23.942085893502366,41.43194340839857,9.392621570683954
2025-12-30,17,7,225.22633670513454,5.869999999999999,0.654706845899409,88.84656139864721,93.2189479738741,5.471952246066409
2025-12-30,18,1,19.999999999999996,0.28,0.22400000000000003,19.999999999999996,19.999999999999996,0.055999999999999994
2025-12-30,19,1,19.999999999999996,0.28,0.22400000000000003,19.999999999999996,19.999999999999996,0.055999999999999994
2025-12-31,6,2,59.286747724028366,5.82,0.25827405818100646,95.56230140582463,95.56230140582463,5.5617259418189935
2025-12-31,7,2,58.54916346050808,5.82,0.311566943255873,94.64661609525993,94.6466160952599,5.508433056744127
2025-12-31,8,50,55.270150684138194,12.940000000000001,4.38975508816908,66.0760812351694,69.5859897623516,9.004427075248298
2025-12-31,9,51,32.832210675498445,37.17,24.20152432686519,34.889630543811705,39.08165132129303,14.526649796124621
2025-12-31,10,51,28.936937724783313,59.59,52.29062009481988,12.249336977983091,31.480969993108545,18.759510018893383
2025-12-31,11,51,31.292236022301807,79.97,64.29525186464832,19.6007854637385,31.869219066000902,25.485814487080923
2025-12-31,12,51,26.705008322179413,91.17000000000002,71.31782540767755,21.77489809402486,28.613061716064834,26.086528366536317
2025-12-31,13,51,33.60916529128298,68.85999999999999,70.75389798289095,2.750360126184959,33.42353971946168,23.015449450821308
2025-12-31,14,51,26.938414132577392,66.50999999999999,62.071543777511536,6.673366745584808,25.182973697237344,16.749195806032553
2025-12-31,15,51,28.433126858901836,39.870000000000005,27.36270635940672,31.370187209915436,36.35732682343959,14.495666204505369
2025-12-31,16,51,40.58037519808723,18.799999999999997,12.258087280298268,34.79740808351984,48.308668181348104,9.082029618093442
2025-12-31,17,6,34.951273697297,5.86,0.4914375541846388,91.6136936145966,91.64842973290686,5.370597982348342
2025-12-31,18,3,20.000000000000064,0.30000000000000004,0.24000000000000002,20.000000000000007,20.0,0.06000000000000001
2025-12-31,19,3,19.96160751173022,0.30000000000000004,0.24032249690146668,19.892501032844454,19.892501032844446,0.059677503098533355
