date,hour,n_sites,p_base_sum,p_base_city_ratio,p_base_city_bias_pct,pred_baseline_sum,pred_baseline_city_ratio,pred_baseline_city_bias_pct,power_pred_cal_sum,power_pred_cal_city_ratio,power_pred_cal_city_bias_pct,power_pred_sum,power_pred_city_ratio,power_pred_city_bias_pct
2025-07-01,6,53,9.163390191711288,0.45771179778777665,-54.22882022122234,16.088733334210517,0.803633033676849,-19.6366966323151,15.863561527674937,0.7923856906930539,-20.761430930694615,10.828499430538116,0.5408840874394664,-45.91159125605336
2025-07-01,7,54,35.65207873281165,0.5436425546326876,-45.63574453673124,44.134520991122535,0.6729875113010451,-32.701248869895494,33.64185858814225,0.5129896094562709,-48.7010390543729,33.2109706630956,0.506419192788893,-49.3580807211107
2025-07-01,8,54,73.90182455322595,0.6840228114885779,-31.597718851142208,93.2435285379705,0.8630463581818818,-13.695364181811817,86.04202495287815,0.7963904568019081,-20.360954319809185,84.43702873507317,0.7815348827755755,-21.84651172244245
2025-07-01,9,54,111.14978337111535,0.7846236296139726,-21.537637038602746,134.13665484694056,0.9468915349918153,-5.3108465008184655,124.86543379215661,0.8814445418054258,-11.855545819457426,125.17448112580608,0.8836261550600458,-11.637384493995421
2025-07-01,10,54,142.53213852987318,0.836652609355912,-16.334739064408797,155.3107835125449,0.9116622652767369,-8.833773472326316,126.27866708656943,0.7412459913510766,-25.875400864892335,147.20524632569018,0.864083390031053,-13.591660996894712
2025-07-01,11,54,163.02512358686408,0.8886139953497444,-11.138600465025563,160.40641288631818,0.8743399808476954,-12.56600191523046,134.99380023018622,0.7358214337195369,-26.41785662804631,152.47694705794078,0.8311182113700032,-16.888178862999677
2025-07-01,12,54,155.23841523098756,0.9061841995854741,-9.381580041452583,152.78949027337865,0.891888916428572,-10.8111083571428,128.76263182599138,0.7516352333546868,-24.836476664531318,145.0921039339592,0.8469564178037431,-15.30435821962569
2025-07-01,13,54,157.56294159939486,0.9764078924173939,-2.359210758260608,152.12817895013004,0.9427290013641323,-5.727099863586769,127.23702440969184,0.788480042199243,-21.1519957800757,144.35290291084732,0.8945460922776682,-10.54539077223318
2025-07-01,14,54,142.9781883885258,1.3637751658577435,36.377516585774345,132.8358370722363,1.2670339285791332,26.70339285791331,104.13643729795189,0.9932891768213649,-0.6710823178635092,123.53731656144929,1.1783414399222558,17.83414399222558
2025-07-01,15,54,113.73147725796333,1.3023185303786022,30.23185303786023,104.82666372505355,1.2003511247572833,20.03511247572833,81.56538515002384,0.9339904402842534,-6.600955971574665,94.83547100754969,1.085943788017287,8.594378801728714
2025-07-01,16,54,86.61904483708476,1.0496733499404356,4.967334994043561,75.27439428774758,0.9121957620909789,-8.780423790902116,56.89965697409939,0.6895256540729445,-31.047434592705542,65.7031919714503,0.7962093064887334,-20.379069351126653
2025-07-01,17,54,53.86001157837731,0.8958751094207802,-10.412489057921977,44.23698287489963,0.7358114250648641,-26.418857493513592,32.07174995790057,0.5334622414820454,-46.65377585179546,32.92400146349385,0.547638081561774,-45.2361918438226
2025-07-01,18,53,27.39223322581774,1.1676143745020349,16.76143745020349,21.291093696539576,0.9075487509181405,-9.245124908185954,14.609530632926012,0.6227421412159425,-37.72578587840575,13.02728676802824,0.5552978161989872,-44.47021838010128
2025-07-01,19,30,5.490499748831941,6.033516207507627,503.35162075076266,4.8897452470489515,5.373346425328517,437.3346425328517,2.445909927371819,2.687813107001998,168.7813107001998,1.763956728017238,1.9384139868321293,93.84139868321293
2025-07-02,6,52,8.876828052386847,0.4845430159599806,-51.54569840400194,15.762666413818856,0.860407555339457,-13.9592444660543,15.816857287950649,0.8633655724863889,-13.663442751361105,10.597763340800562,0.5784805317030873,-42.15194682969127
2025-07-02,7,54,37.59702155153118,0.7473071268441895,-25.269287315581046,47.552978090623974,0.9451993259913332,-5.480067400866684,40.35856032433716,0.8021975814815575,-19.780241851844245,36.8274412749451,0.7320103612590956,-26.798963874090436
2025-07-02,8,54,72.82210810609479,0.6788674196522306,-32.11325803477693,92.44697046033448,0.861815702995567,-13.818429700443296,83.8709408711311,0.7818676318740663,-21.813236812593374,83.12944040205002,0.7749551636249652,-22.504483637503483
2025-07-02,9,54,101.6567098964047,0.6901338078506771,-30.986619214932286,123.7698259423622,0.8402567952638306,-15.974320473616944,106.30778318103084,0.7217093223423685,-27.829067765763156,113.19002320554438,0.7684319294334312,-23.15680705665688
2025-07-02,10,54,133.37458797834947,0.7461515411376194,-25.38484588623806,146.73318025323314,0.820884924493612,-17.9115075506388,134.42308125910645,0.752017237813183,-24.798276218681707,138.69196670528808,0.7758991144351781,-22.41008855648219
2025-07-02,11,54,166.38214088241853,0.8888409684407209,-11.115903155927906,171.03427146342614,0.9136934209275398,-8.630657907246025,159.20791082138123,0.8505150425844397,-14.948495741556034,162.36167306814056,0.8673629631291233,-13.263703687087672
2025-07-02,12,54,175.68116448933523,0.9353698460724911,-6.463015392750898,173.27622586525925,0.9225653597341033,-7.74346402658967,151.5534139397657,0.8069077517823753,-19.30922482176247,164.81784774121303,0.877530868604052,-12.246913139594792
2025-07-02,13,54,174.0759110441024,0.9502997654989761,-4.970023450102396,167.09570264015554,0.9121940312269656,-8.780596877303442,140.1297180697248,0.764983721310868,-23.501627868913197,158.69619725861116,0.8663401968479703,-13.36598031520298
2025-07-02,14,54,172.11167427501948,1.0247182321684891,2.471823216848919,161.94376465528418,0.9641805468878551,-3.5819453112144863,134.0954864523899,0.7983775092426165,-20.162249075738345,153.63025579979032,0.914683590139261,-8.531640986073894
2025-07-02,15,54,142.58533823420817,0.9924503252885651,-0.7549674711434885,132.59137359009637,0.9228883802470687,-7.711161975293135,117.078991060963,0.8149160650167954,-18.508393498320462,122.7964338253471,0.8547117270505121,-14.528827294948785
2025-07-02,16,54,114.39170155039655,0.9881798682653469,-1.1820131734653108,100.36782102457428,0.8670336992447676,-13.296630075523245,90.13669371687853,0.7786514661098698,-22.134853389013013,90.90504417566336,0.7852889096031735,-21.471109039682645
2025-07-02,17,54,81.25103576324351,1.128957006575566,12.895700657556612,64.56311098356171,0.8970836596298695,-10.291634037013058,53.424792039642945,0.742320300675878,-25.767969932412203,56.23312834292925,0.7813412302755209,-21.86587697244791
2025-07-02,18,54,43.883205100834154,1.4627735033611384,46.27735033611385,35.654233729673166,1.1884744576557722,18.84744576557722,23.427458297520246,0.7809152765840082,-21.90847234159918,24.780955231079055,0.8260318410359685,-17.39681589640315
2025-07-02,19,42,12.557564619861962,4.090411928293799,309.0411928293799,8.41537262283421,2.7411637207929025,174.11637207929024,5.152475492663816,1.6783307793693214,67.83307793693214,3.8288251641797793,1.2471743205797328,24.71743205797327
2025-07-03,6,52,8.642473398645473,0.4833598097676438,-51.66401902323562,15.437943786925471,0.8634196748839748,-13.658032511602523,14.846886571805639,0.8303627836580334,-16.963721634196663,10.126180215557461,0.5663411753667483,-43.365882463325164
2025-07-03,7,53,36.25985618960252,0.7048961156610133,-29.510388433898672,45.23627177373705,0.8793987514334575,-12.06012485665425,40.94772925366186,0.7960289512764748,-20.39710487235252,35.47615479258889,0.6896608629974513,-31.03391370025487
2025-07-03,8,53,68.59165607348055,0.6629134635496331,-33.708653645036684,88.06879901531701,0.8511529816885764,-14.88470183114236,77.48492147125654,0.74886364618978,-25.113635381022004,79.0484818223532,0.7639748895559407,-23.602511044405926
2025-07-03,9,53,108.51832056812796,0.8580558280076536,-14.19441719923464,134.36161905584254,1.062399138577074,6.239913857707381,120.89623211815926,0.955928141995408,-4.4071858004592,125.46072061539336,0.9920196142594555,-0.7980385740544451
2025-07-03,10,53,142.03575110404952,0.8874461174885945,-11.255388251140557,156.7024236782802,0.9790841841816946,-2.091581581830535,139.9153110153268,0.8741975071248161,-12.580249287518386,148.62351852605937,0.9286068011625079,-7.139319883749212
2025-07-03,11,53,166.44783516357478,0.9354680782531039,-6.453192174689612,165.4477143104713,0.9298472113217068,-7.015278867829319,143.45914138783093,0.806267303927561,-19.373269607243905,157.28875336231064,0.8839923192396484,-11.600768076035163
2025-07-03,12,54,182.73253841723206,0.99853846129635,-0.1461538703649924,180.12259535923084,0.9842764773728462,-1.5723522627153863,151.3367193529727,0.8269766084861896,-17.30233915138104,171.42637937620944,0.9367561714546964,-6.324382854530361
2025-07-03,13,54,176.52183264173993,1.0411196263151867,4.11196263151868,169.54348054079347,0.9999615484564639,-0.0038451543536088717,142.3452269150422,0.8395471950164681,-16.045280498353183,161.25409968878714,0.9510710686451614,-4.892893135483854
2025-07-03,14,54,167.4713859018588,1.0105073668126399,1.0507366812639956,157.46737788962244,0.95014407705076,-4.985592294924003,125.49491462952419,0.7572250927986737,-24.277490720132626,149.075262242929,0.8995068016830327,-10.04931983169673
2025-07-03,15,54,134.80009699878653,0.9112424592630741,-8.875754073692592,125.41362435692885,0.8477903356785566,-15.220966432144348,111.93933348757278,0.7567047487837004,-24.32952512162996,115.4740993250919,0.7805996033603185,-21.94003966396815
2025-07-03,16,54,103.48463584778663,0.9639030909816194,-3.6096909018380563,90.79761839688199,0.8457304247101529,-15.426957528984714,76.6593208448808,0.7140398737414383,-28.596012625856172,81.33413637620241,0.7575832374832566,-24.24167625167434
2025-07-03,17,54,76.48294326230042,1.0740477919154674,7.404779191546735,60.87727619235663,0.8548978541266203,-14.51021458733796,48.55579069462823,0.6818675845334676,-31.81324154665323,52.22569532296899,0.7334039506104338,-26.659604938956615
2025-07-03,18,54,47.186598773574005,1.7424888764244464,74.24888764244464,39.59740672175681,1.4622380621032798,46.22380621032797,23.02295433471402,0.8501829517988929,-14.981704820110709,27.19726334647218,1.004330256516698,0.4330256516698004
2025-07-03,19,43,13.169980155197718,4.6048881661530485,360.48881661530487,8.9455617567096,3.1278187960523076,212.78187960523076,6.360724001896966,2.2240293712926458,122.40293712926457,4.200399361389232,1.4686711053808506,46.86711053808505
2025-07-04,6,52,8.462000741886953,0.4446663553277433,-55.533364467225674,15.253642507852598,0.8015576725093326,-19.844232749066734,16.80758127776787,0.8832149909494416,-11.678500905055849,10.730746071524198,0.5638857630858749,-43.61142369141251
2025-07-04,7,51,34.715981791977775,0.5862205638631843,-41.377943613681566,43.16615230357349,0.7289117241400455,-27.108827585995453,36.80046467463504,0.6214195318242999,-37.85804681757001,33.396471241754476,0.5639390618330712,-43.60609381669288
2025-07-04,8,51,71.22031214552469,0.7876610500500408,-21.23389499499591,91.24604852822326,1.009135683789242,0.9135683789242072,78.55911917919441,0.8688245872505466,-13.11754127494534,82.35441868713217,0.9107987025783254,-8.920129742167465
2025-07-04,9,51,109.15659117335525,0.8277590898108383,-17.22409101891617,133.72621546533992,1.0140761012007273,1.4076101200727342,116.38746110698835,0.8825924100021866,-11.740758999781338,124.74565906208117,0.9459745132485112,-5.402548675148882
2025-07-04,10,50,138.6339662723567,0.8725153645437518,-12.748463545624828,153.1737081106181,0.9640235893424263,-3.5976410657573754,136.3337689138119,0.8580386991869338,-14.196130081306624,145.022938670597,0.9127253991478194,-8.727460085218068
2025-07-04,11,50,161.61277325045762,0.9446067756762966,-5.539322432370336,164.8602664243055,0.9635879737232186,-3.641202627678136,135.89367778312757,0.794281827009922,-20.571817299007805,156.57769601719178,0.9151773687368739,-8.48226312631261
2025-07-04,12,50,170.17126544865891,0.9622894449709278,-3.7710555029072133,166.7547735704206,0.9429697668537694,-5.70302331462306,137.829890322903,0.7794044917603652,-22.059550823963487,158.2475683930566,0.8948629744009081,-10.513702559909193
2025-07-04,13,50,179.01212980201683,1.0367898169930316,3.6789816993031583,172.15784206734267,0.9970916371327619,-0.2908362867238075,132.57820163912675,0.7678570696115299,-23.21429303884701,163.5813249491985,0.9474187707007905,-5.2581229299209475
2025-07-04,14,50,170.18499567405343,1.0242852583451907,2.4285258345190783,159.85767751240036,0.9621286639325933,-3.7871336067406682,125.66440873661571,0.7563310787638623,-24.366892123613766,151.6161629520881,0.9125258077164498,-8.747419228355026
2025-07-04,15,50,150.88321337889408,1.061959553623973,6.1959553623972905,135.93027318740624,0.9567164497987488,-4.328355020125119,101.26016765517856,0.7126982520775518,-28.730174792244824,128.28073304796698,0.9028767810245423,-9.712321897545774
2025-07-04,16,51,122.2364648970249,1.0872228488572881,8.722284885728804,107.70909119942198,0.9580102392548427,-4.198976074515725,95.97489927349014,0.8536413703948246,-14.635862960517537,97.93695204635969,0.8710926980908982,-12.890730190910176
2025-07-04,17,52,85.32971899431631,1.2221386278189101,22.213862781891006,67.84824830923552,0.9717595002755014,-2.8240499724498593,56.10500743611163,0.8035664198812893,-19.64335801187107,59.11329600584948,0.8466527643347103,-15.334723566528973
2025-07-04,18,52,47.363128309774446,1.7191698116070582,71.9169811607058,39.48100409138697,1.433067299142903,43.306729914290294,24.673149293767008,0.8955771068517971,-10.44228931482029,27.58928869677945,1.0014260869974394,0.14260869974393675
2025-07-04,19,42,12.531133531829692,4.857028500709183,385.70285007091826,8.12601598647696,3.149618599409674,214.96185994096743,6.282875818127258,2.4352231853206425,143.52231853206425,3.908543414760599,1.5149393080467437,51.493930804674385
2025-07-05,6,52,9.185117142892102,0.48266511523342626,-51.73348847665737,15.341617267128179,0.8061806236010604,-19.38193763989397,17.37733927121424,0.9131549800953357,-8.684501990466428,10.872733721011636,0.5713470163432284,-42.86529836567716
2025-07-05,7,53,38.83263612554665,0.6177638581855973,-38.223614181440276,48.40457799135991,0.7700378299611821,-22.996217003881796,37.47851741955292,0.5962220397638072,-40.37779602361928,37.291343993529985,0.5932444160599742,-40.67555839400258
2025-07-05,8,53,76.64703089073151,0.6948330241204924,-30.516697587950762,97.21358635818937,0.8812762791967127,-11.872372080328734,78.35543506160224,0.7103203250983794,-28.967967490162057,87.11589570489404,0.7897370655869281,-21.026293441307185
2025-07-05,9,53,115.15622342769683,0.7712559334786473,-22.87440665213527,140.70828439943054,0.9423902243616002,-5.7609775638399725,117.80115896589102,0.7889703232596009,-21.102967674039906,131.41189566614062,0.8801278927475763,-11.987210725242367
2025-07-05,10,53,150.92292290175058,0.8604990187681771,-13.950098123182283,165.82558168921088,0.9454677101842232,-5.453228981577689,137.9406668805521,0.7864796560838823,-21.352034391611774,157.47935397819717,0.8978810307212337,-10.21189692787663
2025-07-05,11,53,176.40134143673043,0.9164182110069636,-8.35817889930364,181.02241017630936,0.9404250100073217,-5.957498999267829,146.20583690710282,0.7595502982342086,-24.044970176579138,172.39547236115868,0.8956074204434448,-10.43925795565553
2025-07-05,12,53,186.9098345999168,0.9550346665981134,-4.4965333401886545,183.31574732627968,0.9366703148856965,-6.332968511430346,149.9067220338985,0.7659635278416969,-23.40364721583032,174.6021463045071,0.892147290912611,-10.785270908738902
2025-07-05,13,52,186.42429325376054,1.0010432972870136,0.10432972870136317,178.40715284034675,0.9579936253039079,-4.200637469609212,137.00755826496157,0.7356900513610137,-26.430994863898633,171.89559487423986,0.9230284856051113,-7.697151439488874
2025-07-05,14,52,175.70707334244707,1.0127208838181387,1.272088381813876,163.98240226848935,0.9451435289250106,-5.485647107498933,127.89567630594583,0.7371508720803794,-26.28491279196206,157.48965305271494,0.9077213432433138,-9.227865675668621
2025-07-05,15,52,155.74098513191035,1.052090691967239,5.209069196723893,139.40157092684385,0.9417116187721669,-5.828838122783306,107.95554943244917,0.7292815607137012,-27.071843928629875,131.64386686374274,0.8893053223248177,-11.069467767518228
2025-07-05,16,52,123.52556920801986,1.086321072975287,8.632107297528698,107.63870572686311,0.9466072089250122,-5.339279107498789,88.84661800756966,0.7813439276015274,-21.865607239847265,98.35027763182275,0.864921973721069,-13.50780262789309
2025-07-05,17,52,88.25592963958175,1.3107965192274134,31.079651922741323,69.36363060854053,1.0302039300243653,3.0203930024365357,52.51908888499044,0.7800250836921199,-21.997491630788016,60.705612527511626,0.9016131371975585,-9.838686280244149
2025-07-05,18,52,47.125217938459926,1.8415481804790905,84.15481804790905,38.51898979916798,1.505236021851035,50.52360218510349,23.559689522332896,0.9206600047804961,-7.933999521950387,26.833423730787423,1.0485902200385864,4.859022003858629
2025-07-05,19,40,12.819290998607954,5.3637200830995635,436.37200830995624,8.15150535474953,3.410671696547921,241.06716965479208,6.286874740959367,2.630491523413961,163.04915234139614,4.053847635801569,1.6961705589127907,69.61705589127905
2025-07-06,6,51,7.688893812449693,0.4587645472822012,-54.12354527177988,13.558377458556794,0.8089724020618612,-19.102759793813885,15.483917298529466,0.9238614139934048,-7.613858600659519,9.107802370794913,0.5434249624579303,-45.65750375420697
2025-07-06,7,52,34.26601212349314,0.6010526595946877,-39.89473404053124,47.40857033963378,0.8315834123773687,-16.841658762263137,28.290874164442123,0.49624406532962856,-50.37559346703715,34.178524454284485,0.5995180574335114,-40.048194256648856
2025-07-06,8,52,72.04634782748195,0.7175216395526536,-28.24783604473464,91.37370530034974,0.9100060282875185,-8.999397171248152,76.023237799457,0.7571281525690368,-24.287184743096322,82.5622468249805,0.8222512381732945,-17.774876182670553
2025-07-06,9,52,108.2810400482266,0.793209582068908,-20.679041793109203,131.53160466108102,0.9635309110034507,-3.64690889965493,107.12625731649726,0.7847502550472294,-21.524974495277057,122.87916499111151,0.9001477180507768,-9.98522819492232
2025-07-06,10,52,145.54147244440705,0.927961441242075,-7.203855875792499,159.31300285759022,1.0157676795306696,1.5767679530669578,127.73074629779927,0.8144015958798729,-18.559840412012708,152.67659987692107,0.9734544751142634,-2.6545524885736604
2025-07-06,11,52,159.02840781626722,0.9212629348642521,-7.8737065135747795,157.20274525729633,0.9106867411499034,-8.93132588500966,135.35068003191452,0.784096165171559,-21.590383482844096,150.56700415015533,0.8722454185503147,-12.77545814496853
2025-07-06,12,52,161.59629490054684,1.0138421161964164,1.3842116196416479,157.42993888080758,0.9877027346810187,-1.2297265318981312,128.508068809066,0.8062492553426563,-19.375074465734368,151.19213673522037,0.948567267301715,-5.143273269828496
2025-07-06,13,52,141.7286055429526,0.955688506695567,-4.431149330443293,135.27426053138905,0.9121662881415309,-8.783371185846907,119.42522713836046,0.8052948559565776,-19.47051440434225,128.89007715152061,0.8691171756677046,-13.088282433229532
2025-07-06,14,52,143.83240241260407,0.8944244910926192,-10.557550890738082,134.09829984754325,0.833892791788715,-16.610720821128496,116.33520176725763,0.7234326333390813,-27.65673666609188,126.51663299773828,0.7867460543357895,-21.325394566421053
2025-07-06,15,52,142.67491451768387,1.0660110170179609,6.601101701796078,127.92525091288057,0.9558073140532021,-4.4192685946797905,107.56035253342765,0.8036487786418682,-19.635122135813177,119.16172042865465,0.890329650542847,-10.9670349457153
2025-07-06,16,52,114.49686475099614,1.1979165594370802,19.791655943708015,99.72305357262708,1.0433464487615303,4.334644876153031,80.00135599647048,0.83700937430917,-16.299062569083,90.40211605588003,0.9458267007311155,-5.417329926888453
2025-07-06,17,52,70.55325948629867,1.2712299006540302,27.122990065403012,55.87971857057178,1.0068417760463384,0.6841776046338419,40.18587414409373,0.7240698043980852,-27.59301956019148,47.552139111578015,0.856795299307712,-14.320470069228803
2025-07-06,18,52,39.40113612302569,2.2425233991477334,124.25233991477336,31.817026491581032,1.8108723102778046,81.08723102778045,16.42892757935801,0.9350556391211159,-6.494436087888408,20.08163848552668,1.1429503975826223,14.295039758262233
2025-07-06,19,26,7.074843722319244,8.132004278527866,713.2004278527867,5.74886781490191,6.607894040117138,560.7894040117138,3.614354087951771,4.15442998615146,315.44299861514605,2.390405337643035,2.7475923421184314,174.7592342118431
2025-07-07,6,49,7.3220555871897,0.5141892968532092,-48.58107031467907,13.213836497776626,0.9279379563045383,-7.206204369546168,15.031406280372012,1.0555762837339897,5.557628373398962,8.823771990736685,0.6196469094618459,-38.03530905381542
2025-07-07,7,52,35.26857324860601,0.7830500277221584,-21.694997227784167,43.24167408531446,0.9600726928355786,-3.9927307164421446,30.746396548982368,0.6826464597909052,-31.735354020909483,32.05553452712261,0.7117125783108927,-28.828742168910722
2025-07-07,8,52,70.18745601521218,0.7678312658922676,-23.216873410773243,89.36950905970427,0.9776775961022237,-2.232240389777624,69.12626548561316,0.7562221363703442,-24.37778636296558,80.43605819600592,0.8799481259819049,-12.005187401809518
2025-07-07,9,52,107.080827993095,0.9285538327531652,-7.144616724683485,129.30340475828535,1.1212574120558911,12.12574120558911,97.3628964959853,0.8442845689905073,-15.57154310094927,120.44789339239632,1.0444666440547723,4.446664405477221
2025-07-07,10,52,133.81315613533567,0.900128858706684,-9.987114129331594,145.00961132384253,0.9754447149457992,-2.4555285054200793,118.36932593421204,0.7962419341733622,-20.37580658266378,137.03455796452278,0.9217984526067722,-7.820154739322782
2025-07-07,11,53,168.36249253304706,1.4199417435527288,41.9941743552729,171.7714166275371,1.4486920521846767,44.869205218467656,139.63333511873918,1.1776447256366636,17.76447256366635,163.23521346727378,1.3766991099542363,37.66991099542362
2025-07-07,12,53,171.4180785251525,1.5877925020855173,58.77925020855174,166.0975963911936,1.538510526039214,53.8510526039214,128.12903021028797,1.1868194721219705,18.681947212197038,157.89902002603802,1.462569655669118,46.25696556691178
2025-07-07,13,53,167.04924254669035,1.1816456288228785,18.164562882287857,159.53636806117115,1.12850228521731,12.850228521731019,125.02717749034161,0.8843968132584114,-11.560318674158866,151.37200303951485,1.0707505343390737,7.075053433907367
2025-07-07,14,53,155.66765679896395,0.9032590042878259,-9.67409957121741,143.98845280809667,0.8354906162707244,-16.450938372927563,111.40636777627893,0.6464336066860793,-35.35663933139207,136.0839402003696,0.7896248125819286,-21.037518741807144
2025-07-07,15,53,141.7570308305525,0.9830584662312933,-1.6941533768706711,130.99712780001005,0.9084405533981278,-9.155944660187217,106.74456538404797,0.7402535740918721,-25.974642590812785,121.96078072369959,0.84577517838904,-15.422482161096
2025-07-07,16,53,108.30179471047833,1.3942043603305656,39.420436033056575,93.85730350701468,1.2082557094105908,20.82557094105907,63.70062643478882,0.8200389602830693,-17.99610397169306,83.99778040646773,1.081330849722808,8.13308497228081
2025-07-07,17,53,74.17339551855738,2.0155813999607983,101.55813999607983,58.21814949705238,1.5820149319851189,58.20149319851189,37.363527961250355,1.0153132598165857,1.5313259816585623,46.98001190774452,1.2766307583626226,27.663075836262262
2025-07-07,18,52,41.66473714682239,2.638678730007751,163.86787300077512,33.215124149653654,2.1035544109976985,110.35544109976982,15.077119362682629,0.9548523978899702,-4.51476021100298,20.88340613267706,1.3225716360150133,32.25716360150133
2025-07-07,19,25,6.482789428917999,4.9867610991676905,398.6761099167691,5.423625442770457,4.172019571361889,317.2019571361889,3.6535405562904977,2.8104158125311516,181.04158125311517,2.2631922146232992,1.7409170881717684,74.09170881717682
2025-07-08,6,52,7.25463255495293,0.3832346833044336,-61.67653166955663,13.188996757074776,0.6967246041772199,-30.327539582278007,10.49706645954736,0.5545201510590259,-44.54798489409742,7.691995088790526,0.40633888477498814,-59.366111522501186
2025-07-08,7,53,35.218538310708986,0.6424395897612001,-35.756041023879995,48.40566220572035,0.882992743628609,-11.700725637139097,28.67264376964836,0.5230325386656031,-47.696746133439696,35.417981128790515,0.6460777294562298,-35.392227054377024
2025-07-08,8,53,71.87867877869593,0.7771508139117301,-22.284918608826988,89.88433293434699,0.9718275806503079,-2.8172419349692106,61.06727318424777,0.6602581163828279,-33.974188361717204,79.19260426015833,0.856228827550636,-14.3771172449364
2025-07-08,9,53,111.49995818240461,0.8954381479473548,-10.456185205264523,135.35475780343506,1.0870121892341396,8.701218923413965,100.67251624193192,0.8084847112265654,-19.151528877343463,125.71446768748737,1.009592576995562,0.9592576995561958
2025-07-08,10,53,136.0646574693156,0.9607050587397837,-3.929494126021628,138.67169735480087,0.9791124574934749,-2.0887542506525127,101.38055025462121,0.7158126827269731,-28.418731727302692,128.86876324583716,0.9098973610522992,-9.010263894770079
2025-07-08,11,53,151.97993696674686,0.9808954238204909,-1.910457617950907,149.13023047199823,0.9625031010197381,-3.7496898980261815,119.23466990298846,0.7695538266618591,-23.04461733381408,140.89050019583712,0.9093229649918493,-9.067703500815075
2025-07-08,12,53,152.86586449181266,1.1514451980401677,15.144519804016774,148.19858739990534,1.1162894501348701,11.628945013487003,122.0091115563506,0.9190201232023999,-8.097987679760008,140.05804563616556,1.0549717206701232,5.49717206701233
2025-07-08,13,53,155.82636598949935,1.0703830607878781,7.038306078787819,147.68677538100303,1.0144715989902664,1.4471598990266448,115.39491695817556,0.7926563879528474,-20.73436120471526,139.44913175828327,0.9578866036425555,-4.211339635744448
2025-07-08,14,53,124.9587462738451,0.9423025885969769,-5.769741140302309,113.80023978472742,0.8581573017474357,-14.184269825256438,92.9919403229106,0.7012438000370305,-29.875619996296958,103.42455372579488,0.779915192864753,-22.008480713524705
2025-07-08,15,53,113.24065959088887,0.8622604095856916,-13.773959041430835,104.93336578337137,0.7990052979773957,-20.099470202260424,81.05747186629243,0.6172045371681447,-38.27954628318553,94.29405148301278,0.7179932344705154,-28.200676552948455
2025-07-08,16,53,95.80941574510348,0.9495482234400744,-5.045177655992567,81.37773150265144,0.8065186472016993,-19.348135279830068,52.01228806825953,0.5154835289222948,-48.451647107770526,70.39724661917064,0.6976932271473801,-30.23067728526198
2025-07-08,17,53,59.20141067449711,0.9557864170890719,-4.42135829109281,45.56174687559093,0.7355787354793498,-26.44212645206502,28.693482516364355,0.4632464080782105,-53.67535919217895,32.96898687114472,0.5322729556206768,-46.77270443793232
2025-07-08,18,53,28.18108373952315,1.0927135998264115,9.271359982641156,20.924509038644327,0.8113419557442548,-18.865804425574524,11.797846989899334,0.4574582004613934,-54.25417995386066,12.104970376108549,0.4693668234241392,-53.063317657586076
2025-07-08,19,43,9.800883342428449,3.3336337899416493,233.36337899416498,7.01965651487643,2.3876382703661325,138.76382703661326,3.9074832699009407,1.3290759421431773,32.90759421431771,3.0473638323210204,1.0365183103132722,3.6518310313272253
2025-07-09,6,53,7.461470084885965,0.435324975780978,-56.467502421902196,13.487781355906737,0.7869183988276974,-21.30816011723026,11.022196419224818,0.6430686358940966,-35.69313641059034,7.966734960620815,0.4648036733150999,-53.519632668490004
2025-07-09,7,53,34.77512598666791,0.598848389644703,-40.115161035529695,47.95459439530253,0.825806688398528,-17.4193311601472,26.765254706110152,0.46091363365094107,-53.908636634905896,34.41143254189469,0.5925853718252917,-40.74146281747083
2025-07-09,8,53,71.64500697347707,0.7450603886592874,-25.49396113407127,90.60326527595836,0.9422136571959064,-5.778634280409352,60.32565360812457,0.6273466473390659,-37.265335266093416,80.32233850128297,0.8352988612862207,-16.47011387137794
2025-07-09,9,53,109.38253198565755,0.9127380839924695,-8.72619160075305,133.02023683493348,1.1099819495571885,10.99819495571886,97.98542705745345,0.817635406020139,-18.23645939798611,122.44146311398214,1.021707803020545,2.170780302054518
2025-07-09,10,53,148.30650236770663,1.0086819177562854,0.8681917756285293,161.54756155141513,1.0987387713488073,9.873877134880724,122.31553349342425,0.8319086818569289,-16.80913181430711,152.8968468899497,1.0399023797180826,3.990237971808269
2025-07-09,11,53,178.1270495584305,1.03351928957604,3.351928957603998,181.99990629707227,1.0559901728869872,5.599017288698723,148.43841439410613,0.8612614702298005,-13.87385297701995,173.34697168759126,1.0057845760811792,0.5784576081179233
2025-07-09,12,53,184.84868324738954,1.0885618234932544,8.856182349325447,180.81511464722635,1.064808401432344,6.480840143234409,146.22396911390567,0.8611034044750349,-13.889659552496516,171.87184740326975,1.0121420847021363,1.2142084702136224
2025-07-09,13,53,189.48998448643647,1.1047690326867796,10.476903268677972,180.4925150394161,1.0523117714518195,5.231177145181958,141.03897437212783,0.82228879647929,-17.771120352071,171.72846767793192,1.0012154132342113,0.12154132342112102
2025-07-09,14,53,177.21324046106375,1.0830119199478319,8.301191994783183,165.131686374276,1.009177329183377,0.9177329183376989,130.99517626348327,0.8005572099461178,-19.94427900538822,156.29691841082465,0.9551849808154044,-4.48150191845956
2025-07-09,15,53,141.59852723466994,0.9631897641974693,-3.6810235802530755,130.54169067489545,0.8879783053866774,-11.202169461332252,96.63693230714124,0.6573493796826151,-34.265062031738495,120.84403611798606,0.8220123537037349,-17.798764629626508
2025-07-09,16,53,117.49450129778752,1.1621612393450793,16.21612393450794,100.04083773507874,0.9895236175576533,-1.047638244234674,75.01254016008369,0.7419637998030039,-25.803620019699615,89.53637270850406,0.8856218863353518,-11.437811366464821
2025-07-09,17,53,88.21642292629666,1.4641729946273305,46.417299462733055,69.24178379923951,1.1492412248836434,14.924122488364352,41.36818768806371,0.6866089242832153,-31.339107571678475,58.225851906154254,0.9664041810150085,-3.359581898499152
2025-07-09,18,53,47.82084683488175,1.925154864528251,92.5154864528251,39.09780552965752,1.5739857298573883,57.39857298573884,18.419481222039757,0.7415250089387987,-25.847499106120132,25.825251944604094,1.0396639269164292,3.966392691642907
2025-07-09,19,37,10.35254452042123,5.536120064396379,453.61200643963787,6.768776547528641,3.6196666029564923,261.96666029564926,4.113064713314295,2.1994998466921363,119.94998466921362,2.8245718290456536,1.5104662187409912,51.04662187409912
2025-07-10,6,52,6.743365204666937,0.42706556077688007,-57.293443922311994,12.570968692530942,0.7961348126998696,-20.38651873001304,10.414897774022133,0.6595882060811991,-34.04117939188009,7.390680609503174,0.46806083657398184,-53.193916342601824
2025-07-10,7,53,30.278262922316298,0.6246804811701321,-37.53195188298679,38.23795279139951,0.7888993767567467,-21.110062324325327,21.319937420209655,0.4398584159317033,-56.01415840682967,26.15695422074283,0.5396524493654391,-46.03475506345609
2025-07-10,8,53,62.51953084149502,0.7717507818972351,-22.824921810276493,80.3152909208804,0.9914244034178545,-0.8575596582145472,54.12509220733289,0.6681285299016527,-33.187147009834725,69.76121054869257,0.8611431989716402,-13.885680102835984
2025-07-10,9,52,103.48940783483185,1.050440599216726,5.04405992167261,125.14474115389224,1.2702470681475055,27.024706814750555,84.36914130439096,0.8563656242833025,-14.363437571669744,115.99596182000172,1.1773849149411462,17.738491494114626
2025-07-10,10,52,108.82666332572543,0.9246891267374072,-7.531087326259284,115.43155926546036,0.9808102580122388,-1.918974198776123,87.11043082451782,0.740168500505717,-25.983149949428302,105.81858013494548,0.8991297487887288,-10.08702512112712
2025-07-10,11,52,154.53720255382532,1.2742183587881377,27.421835878813773,157.54573938452685,1.2990248959805974,29.902489598059756,119.01916173650552,0.981358523552981,-1.8641476447018992,150.95581242130183,1.2446884269566445,24.46884269566445
2025-07-10,12,53,159.70523488118278,1.161577095651922,16.157709565192206,157.1415110570234,1.142930475358378,14.293047535837793,124.96726147759958,0.9089189139399197,-9.108108606008022,148.79647215956493,1.0822348691509558,8.223486915095583
2025-07-10,13,53,167.05116107077657,1.1498565602338695,14.985656023386957,159.63203066150345,1.0987887573066042,9.878875730660413,121.8233306460647,0.8385416481694983,-16.145835183050178,151.35143850742287,1.041791289285675,4.179128928567503
2025-07-10,14,53,161.16956334563622,1.0900146310404182,9.001463104041822,150.40815866831147,1.0172335903443221,1.7233590344322245,114.0705893725017,0.7714770010313926,-22.85229989686074,140.69512609338813,0.9515428519774661,-4.845714802253388
2025-07-10,15,53,148.6765095672236,1.207966441072665,20.796644107266484,132.80481774352458,1.0790121688619156,7.901216886191556,97.36508082033423,0.7910715048775936,-20.89284951224064,123.34271912897357,1.0021345395594212,0.21345395594211714
2025-07-10,16,53,117.32936058632252,1.2196399229347457,21.963992293474572,101.81511372312332,1.0583691655210326,5.836916552103253,69.02576179307053,0.7175235113624796,-28.24764886375204,91.69675377977254,0.9531887087294444,-4.6811291270555655
2025-07-10,17,53,76.14545964810495,1.3372929337566726,33.72929337566726,59.618276233780534,1.047036814783641,4.703681478364119,33.2004693299252,0.5830781406730804,-41.69218593269196,47.442529955876196,0.8332021418313346,-16.67978581686654
2025-07-10,18,53,42.39257879266659,1.719780072724811,71.97800727248108,33.73099784865229,1.3683974786471516,36.83974786471514,13.020119534641974,0.528199575441865,-47.1800424558135,20.373822057432207,0.826524221396844,-17.347577860315596
2025-07-10,19,40,11.648048529017135,5.681974892203481,468.197489220348,8.007401435803894,3.9060494808799486,290.60494808799484,4.409989059896863,2.1512141755594456,115.12141755594456,3.3421173063188565,1.6303011250335886,63.03011250335887
2025-07-11,6,52,6.450103794226835,0.3857717580279207,-61.42282419720794,12.18717067467496,0.7288977676241003,-27.110223237589963,9.799514263535954,0.5860953506899493,-41.39046493100507,7.028455023721564,0.42036214256707916,-57.963785743292085
2025-07-11,7,53,31.869264649388555,0.6279658058992819,-37.20341941007182,40.366158465369246,0.7953922850319063,-20.460771496809368,20.020068004837256,0.3944840986174829,-60.55159013825171,27.32060494064177,0.538337043165355,-46.1662956834645
2025-07-11,8,53,68.279261306192,0.9190908777250236,-8.090912227497638,87.00294191717605,1.17112588393022,17.112588393022016,53.18060596872408,0.7158514735324282,-28.41485264675719,76.19156136977094,1.0255964647970244,2.559646479702444
2025-07-11,9,53,100.75894070646576,0.8345808059841444,-16.541919401585552,122.30348260080085,1.0130330704944988,1.303307049449883,86.05564912895426,0.7127942444210573,-28.72057555789426,111.37333321667327,0.9224992397637146,-7.7500760236285355
2025-07-11,10,53,125.58535983278858,1.0911926304004569,9.1192630400457,131.07544848438775,1.1388951992735057,13.88951992735056,106.2045167350729,0.9227953491621592,-7.720465083784073,120.90481044977996,1.050524028584412,5.0524028584411935
2025-07-11,11,53,134.35019566972318,0.9506806939550185,-4.931930604498152,135.74672040122493,0.9605626974329533,-3.9437302567046646,116.98829307527176,0.8278254534055461,-17.217454659445384,126.43705431581635,0.8946862037632068,-10.53137962367932
2025-07-11,12,53,149.021111857491,1.0323596249220024,3.2359624922002372,146.8390785356183,1.0172433566721049,1.724335667210494,118.12120840687645,0.8182972525588948,-18.17027474411051,139.1215045524185,0.963779040889633,-3.6220959110367033
2025-07-11,13,53,162.8683899514025,1.1193703776728696,11.937037767286958,155.6535663692652,1.069783961300792,6.978396130079201,121.84942863693601,0.837453117779629,-16.25468822203709,147.88463424532318,1.0163892387994722,1.6389238799472252
2025-07-11,14,53,142.24115742051094,0.9264110812850783,-7.358891871492168,132.932309371696,0.865782918924684,-13.421708107531604,108.3727262914399,0.7058273172556981,-29.417268274430185,124.15890375606905,0.8086420721380033,-19.135792786199666
2025-07-11,15,53,139.3982785715772,0.9838258068429474,-1.6174193157052648,124.99093500571641,0.8821436587318541,-11.785634126814587,96.50828711150045,0.6811227829169345,-31.88772170830655,115.1557623919651,0.8127303436513875,-18.726965634861248
2025-07-11,16,53,119.51059473217107,1.116712714746506,11.67127147465059,101.90881270788094,0.9522408214154451,-4.775917858455493,76.82774878104271,0.7178821601667231,-28.211783983327688,91.35814646652727,0.8536548912962741,-14.63451087037258
2025-07-11,17,53,82.25306767947333,1.3074720661178403,30.747206611784033,64.67994358754747,1.0281345348521296,2.8134534852129605,38.2599353817152,0.6081693750073948,-39.18306249926052,54.388649037435066,0.8645469565639019,-13.54530434360981
2025-07-11,18,53,46.3539953871972,1.7924978881360092,79.24978881360092,37.22974975671713,1.4396654971661689,43.966549716616896,16.569809176248967,0.6407505481921487,-35.92494518078514,23.903561143166403,0.9243449784673782,-7.565502153262179
2025-07-11,19,40,11.717607269048495,5.399819017994698,439.9819017994698,7.581965459169975,3.4939932991566707,249.39932991566707,4.44914098516905,2.0502953848705303,105.029538487053,3.368046975539208,1.5520953804328148,55.20953804328149
2025-07-12,6,52,6.487220007634524,0.42539147591046056,-57.46085240895395,12.196973469489787,0.7998015389829368,-20.019846101706314,10.30277706204445,0.6755919384947181,-32.440806150528196,7.083479510414139,0.4644904596992878,-53.55095403007122
2025-07-12,7,53,30.328979746443284,0.565311831247778,-43.4688168752222,37.875606800681375,0.7059758956324582,-29.402410436754185,18.582571687960435,0.3463666670635683,-65.36333329364317,25.14666234117304,0.4687169122306253,-53.12830877693747
2025-07-12,8,53,68.32039027614289,0.6759710129231512,-32.40289870768488,87.16571444820033,0.8624291525497214,-13.757084745027862,55.20438931373779,0.5461995578681883,-45.380044213181165,76.47783280821271,0.7566818324746484,-24.331816752535158
2025-07-12,9,53,89.78974992031104,0.7041228820601557,-29.587711793984433,98.0654337973527,0.7690200266417245,-23.097997335827547,71.45759887221155,0.5603638556478322,-43.96361443521678,87.84686401408987,0.688886951176991,-31.111304882300907
2025-07-12,10,53,124.3811087609165,0.841151746540316,-15.884825345968402,135.33986188404796,0.915262473010401,-8.473752698959908,94.08009644804561,0.6362351825796012,-36.376481742039886,125.50959716263709,0.8487833716280322,-15.121662837196787
2025-07-12,11,53,167.30932212416252,1.1410306357782343,14.103063577823427,170.11538372974394,1.1601676582537264,16.016765825372648,125.7235409916812,0.8574203163860137,-14.257968361398632,161.68552770165056,1.1026769944871482,10.267699448714813
2025-07-12,12,53,175.8429808646108,1.0813786413173285,8.137864131732854,171.56313017822478,1.0550589150619567,5.505891506195662,134.38621094348488,0.8264326360216768,-17.356736397832314,163.36874572613465,1.0046660459143635,0.4666045914363412
2025-07-12,13,53,180.95376784760094,1.130961049047506,13.096104904750588,171.48744234659213,1.0717965146662007,7.179651466620082,133.94359327197773,0.8371474579498608,-16.285254205013917,163.24148569319712,1.020259285582482,2.0259285582482
2025-07-12,14,53,166.63528257339718,1.1266753385625232,12.667533856252314,154.80500065908896,1.0466869550986406,4.668695509864067,122.43908305976397,0.8278504601741986,-17.21495398258014,146.8425863751235,0.9928504825904224,-0.7149517409577533
2025-07-12,15,53,153.44944668100888,1.2208564458668858,22.08564458668857,137.08207786133673,1.0906363104569712,9.063631045697123,105.69539632191415,0.8409212850816623,-15.90787149183377,127.9641211631161,1.0180930954182201,1.809309541822016
2025-07-12,16,53,119.22190571120716,1.078833641400843,7.883364140084306,103.21843569284664,0.9340189638299398,-6.59810361700602,73.93098651468095,0.6689981586705362,-33.100184132946374,92.39215617593739,0.8360524493343353,-16.394755066566468
2025-07-12,17,53,86.40044926163799,1.2560030420357315,25.600304203573167,67.65117707164227,0.9834449348981285,-1.6555065101871496,40.63815333422566,0.5907566991455976,-40.92433008544024,56.784697959072844,0.8254789643708801,-17.452103562911994
2025-07-12,18,53,47.5295126222529,1.743562458629967,74.3562458629967,38.19822148771441,1.4012553737239328,40.12553737239329,16.040655270818554,0.5884319615120526,-41.156803848794745,24.795912226190048,0.9096079319952328,-9.039206800476721
2025-07-12,19,41,12.362347490816306,2.7780556159137766,177.80556159137765,7.686063089432596,1.7272051886365385,72.72051886365384,3.9287084858001657,0.8828558395056552,-11.714416049434481,3.3449754195514427,0.751679869562122,-24.832013043787807
2025-07-13,6,51,6.787724974099197,0.45956160962079873,-54.04383903792013,12.44205524471649,0.8423869495407238,-15.761305045927617,13.248198324409234,0.8969667111990003,-10.30332888009997,7.983766787732163,0.5405393898261451,-45.94606101738549
2025-07-13,7,53,31.273858234717018,0.66824483407515,-33.175516592484996,39.06259169728204,0.8346707627624368,-16.532923723756323,18.02628900480594,0.38517711548730643,-61.48228845126936,25.46722039875148,0.5441713760416983,-45.58286239583017
2025-07-13,8,53,60.19138286837066,0.7351170355199151,-26.488296448008487,76.89117290320833,0.9390714814754314,-6.092851852456864,49.55261065478924,0.6051857676452032,-39.48142323547968,65.73619163317098,0.8028357551681847,-19.716424483181523
2025-07-13,9,53,81.89318905273726,0.7084798776082469,-29.152012239175306,90.38752730250312,0.7819666692837021,-21.80333307162979,65.0287043618683,0.5625807108042936,-43.74192891957064,78.77412397526476,0.6814960115517326,-31.850398844826742
2025-07-13,10,53,107.92717514326951,0.7375097385763942,-26.24902614236058,114.05677517045703,0.779395757622366,-22.060424237763392,74.12072978448488,0.5064967184944984,-49.35032815055016,102.7526098612465,0.7021498555504067,-29.78501444495933
2025-07-13,11,53,154.87342319802963,0.923569820490367,-7.643017950963308,156.85682880612148,0.9353976313800554,-6.460236861994462,97.83891227276399,0.583451083980941,-41.6548916019059,148.43252699616698,0.8851602778708747,-11.483972212912526
2025-07-13,12,53,158.7649794173173,0.9028945599255989,-9.710544007440113,149.65578341363724,0.8510906700047614,-14.890932999523866,98.16275414543931,0.5582504216642362,-44.17495783357637,141.08074165429323,0.802324508952987,-19.767549104701303
2025-07-13,13,53,174.61513418499868,1.0015781472123362,0.15781472123362722,161.93673819018267,0.9288559033508242,-7.114409664917582,114.89984114864018,0.659056103869681,-34.09438961303189,153.54226886607677,0.8807059129636159,-11.929408703638414
2025-07-13,14,50,154.82768118694744,1.603434975009812,60.343497500981194,141.6145236196649,1.4665961435342265,46.65961435342265,96.87942641576453,1.003308061472292,0.3308061472292098,133.21843750527523,1.3796441332360732,37.964413323607324
2025-07-13,15,43,89.84582141248332,2.5684911781727653,156.8491178172765,81.78718791497525,2.3381128620633294,133.8112862063329,66.32877057160853,1.8961912684850926,89.61912684850924,73.30979857457565,2.0957632525607677,109.57632525607679
2025-07-13,16,53,102.54774517002868,6.494474044966982,549.4474044966983,86.95309836747766,5.506846001740193,450.68460017401935,58.19043095937303,3.6852711183896782,268.5271118389678,77.0970501229994,4.882650419442647,388.2650419442646
2025-07-13,17,52,75.63369107975421,4.1786569657322765,317.86569657322764,59.1376454395192,3.267273228702718,226.7273228702718,33.76037179001203,1.8652139110503883,86.52139110503883,48.87489770792995,2.7002705915983394,170.02705915983393
2025-07-13,18,47,40.2036201039101,4.403463319157732,340.3463319157732,32.06166016093018,3.51168238345347,251.16823834534694,13.441298785454794,1.4722123532809193,47.22123532809193,19.332429023439346,2.1174621055245724,111.74621055245721
2025-07-13,19,24,5.200612997866987,2.33211345195829,133.211345195829,4.208641844363553,1.8872833382796204,88.72833382796203,1.9037772202692054,0.8537117579682535,-14.628824203174645,1.7875389717861947,0.8015869828637644,-19.841301713623555
2025-07-14,6,51,8.141217305333985,0.8697881736467933,-13.021182635320669,14.706141760801327,1.5711689915386033,57.11689915386033,12.647707945188857,1.3512508488449635,35.125084884496346,9.403558092352077,1.0046536423453074,0.4653642345307381
2025-07-14,7,52,39.51454933716318,0.6874486662693664,-31.255133373063366,50.25002474914701,0.8742175495676237,-12.578245043237638,32.68177003853834,0.5685763750615577,-43.142362493844225,37.86788465842705,0.6588010552962257,-34.11989447037744
2025-07-14,8,52,79.71411406155329,0.72113365353314,-27.886634646685998,103.35316752949976,0.9349843272073436,-6.501567279265637,67.81165880942326,0.6134581039390562,-38.654189606094384,93.26108616750298,0.8436863232088202,-15.631367679117977
2025-07-14,9,52,119.22613284666342,0.8138302583389996,-18.61697416610004,147.489760073095,1.0067560414545735,0.6756041454573567,92.30931974585067,0.6300977457054655,-36.99022542945345,139.74789673804153,0.9539105579388503,-4.608944206114976
2025-07-14,10,52,154.50287007752763,0.8913798539060037,-10.86201460939963,168.6880550568785,0.9732190333864795,-2.678096661352046,104.80554144708312,0.6046589825597595,-39.534101744024056,160.49606955587254,0.9259566696813738,-7.404333031862617
2025-07-14,11,52,184.7349846984877,1.0293936515016588,2.9393651501658784,189.87032940567659,1.058009190937683,5.800919093768292,132.8442778582025,0.7402444993770338,-25.975550062296616,184.09557197563038,1.025830669651345,2.5830669651344977
2025-07-14,12,52,199.3743432602023,1.047134155778373,4.713415577837321,196.09264391055765,1.0298983398663741,2.989833986637405,134.2986356191592,0.7053499769913822,-29.465002300861777,190.18930276428105,0.9988933968712238,-0.11066031287761648
2025-07-14,13,52,201.75281197728037,1.1549190679333696,15.491906793336966,192.4815181591467,1.1018462313764192,10.184623137641923,128.00354555107097,0.7327468404091302,-26.72531595908698,186.61295590124163,1.0682520802635618,6.825208026356178
2025-07-14,14,52,191.25584190537856,1.1522824551474786,15.228245514747865,177.43506378401588,1.069014723364356,6.901472336435613,117.70248518237698,0.709136553695487,-29.086344630451293,168.90851818214352,1.0176438015552685,1.7643801555268568
2025-07-14,15,52,165.1306201110504,1.14769683146407,14.769683146407012,151.5402151099294,1.0532403051843855,5.3240305184385575,102.70721326786197,0.7138394027513343,-28.61605972486657,143.7358624845637,0.9989982102068649,-0.10017897931351438
2025-07-14,16,52,131.47795884164142,1.3327720105589602,33.27720105589601,114.14245224568714,1.1570446248929258,15.704462489292581,78.20086182882048,0.7927102060701517,-20.72897939298482,103.65419891777661,1.0507268009911466,5.072680099114653
2025-07-14,17,52,91.30004629882737,1.607112239021781,60.71122390217809,70.5461910067808,1.2417917797356242,24.179177973562417,42.96415339697287,0.7562780038192726,-24.37219961807275,60.47540972807964,1.0645205021665138,6.452050216651374
2025-07-14,18,51,49.935417364262754,1.668406861485558,66.84068614855582,39.809577857458684,1.33008947068021,33.008947068021,15.735389144102445,0.5257396974307532,-47.426030256924676,26.388237675661173,0.8816651411848037,-11.833485881519634
2025-07-14,19,47,14.897257338370885,2.559666209342076,155.9666209342076,8.452115024517502,1.4522534406387457,45.22534406387457,3.828395694199751,0.6577999474570018,-34.22000525429982,3.668027311557689,0.6302452425356853,-36.97547574643147
2025-07-15,6,50,7.008394587644433,0.593428838919935,-40.657116108006505,12.590794857414181,1.06611302772347,6.611302772347,10.374963853110373,0.8784897420076522,-12.15102579923478,7.389470601881357,0.6256960712854663,-37.43039287145337
2025-07-15,7,52,30.226413721614858,0.5860103474527889,-41.398965254721105,37.53928317939045,0.727787576180505,-27.2212423819495,20.58515696121567,0.3990918371697493,-60.09081628302507,25.554097878270863,0.4954264807729907,-50.45735192270093
2025-07-15,8,52,73.41402865665303,0.7508850225698376,-24.911497743016238,92.26923195006542,0.9437376695311999,-5.626233046880016,66.97005582575561,0.6849755121791511,-31.50244878208489,82.20491687257312,0.8407989861161206,-15.92010138838794
2025-07-15,9,52,104.03674112353183,0.8111394130947438,-18.886058690525626,124.5397261995662,0.9709942788052878,-2.900572119471221,87.68458002294174,0.6836471232102117,-31.63528767897883,114.29260252254903,0.89110090848705,-10.889909151294995
2025-07-15,10,52,137.13810561860424,0.9464980717689575,-5.350192823104248,147.25470790544045,1.0163207116118467,1.6320711611846703,99.11058800962441,0.6840402236843427,-31.59597763156573,139.32883752204216,0.9616180379739263,-3.838196202607373
2025-07-15,11,52,158.40094369008085,1.0026645378534047,0.2664537853404616,154.8662591233964,0.9802902843612887,-1.9709715638711232,117.33605285677177,0.7427272620380541,-25.727273796194595,147.25496860615786,0.9321114609834021,-6.788853901659786
2025-07-15,12,52,167.84472375544706,1.2332455823324546,23.324558233245458,162.69529679202398,1.195409969081734,19.540996908173394,109.91820029417433,0.8076282167095836,-19.237178329041637,154.8735050534714,1.1379390525604072,13.793905256040714
2025-07-15,13,52,168.22288654906697,1.6688778427486803,66.88778427486804,159.2994292598692,1.5803514807526708,58.03514807526709,115.95760005473946,1.1503730164160662,15.037301641606609,151.32329718985608,1.5012231864073025,50.122318640730235
2025-07-15,14,52,164.92031855424037,2.671639697946548,167.16396979465478,152.77979395469697,2.4749683128899562,147.49683128899562,107.58823527057626,1.7428840963968295,74.28840963968294,144.73516266402794,2.3446486742917214,134.46486742917213
2025-07-15,15,52,115.90381787477227,2.3697366157180997,136.97366157181,106.86354990409941,2.1849018585994564,118.49018585994561,84.02576710148301,1.717967023133981,71.79670231339809,96.80443902393489,1.9792361280706376,97.92361280706375
2025-07-15,16,52,75.97126171534849,2.206542599922989,120.65425999229889,65.7700627472687,1.9102545090696692,91.02545090696692,48.460848700495355,1.407518115030362,40.75181150303621,56.60675213534864,1.6441113022175038,64.41113022175038
2025-07-15,17,52,42.0472201937158,1.5619323994693837,56.19323994693838,32.64314663444732,1.2125983148011636,21.259831480116368,22.43822824353334,0.8335151650643888,-16.648483493561123,22.374752515283923,0.8311572256791949,-16.88427743208051
2025-07-15,18,51,24.774950393450172,2.0125873593379504,101.25873593379502,19.73585602505283,1.6032376949677356,60.32376949677356,13.032764019663196,1.0587135678036712,5.871356780367127,12.309400323722922,0.9999512854364679,-0.004871456353208025
2025-07-15,19,12,1.5898412165734959,1.0670075279016749,6.700752790167493,0.7392611348731982,0.49614841266657594,-50.38515873334241,0.1440707276753624,0.09669176354051165,-90.33082364594884,0.21349720100257213,0.14328671208226315,-85.67132879177367
2025-07-16,6,2,0.055272324131971376,0.05165637769343119,-94.83436223065688,0.15533563454957403,0.14517349023324674,-85.48265097667532,0.2185420683934961,0.20424492373223935,-79.57550762677606,0.17477772011412654,0.1633436636580622,-83.66563363419378
2025-07-16,7,29,8.056172406731392,2.219331241523799,121.93312415237992,11.878456417828973,3.2723020434790557,227.23020434790558,6.273845240189859,1.72833202209087,72.833202209087,6.512133993560182,1.7939763067658903,79.39763067658903
2025-07-16,8,50,21.975169457099106,0.9863181982539995,-1.3681801746000508,28.42581420178654,1.2758444435272236,27.584444352722365,23.697182987680588,1.0636078540251612,6.360785402516115,21.064478775012564,0.9454433920562193,-5.45566079437807
2025-07-16,9,52,41.55183230482072,0.8624290640269973,-13.757093597300276,48.51078302563471,1.006865567157217,0.686556715721702,31.728358591162486,0.6585379533242526,-34.146204667574736,35.39038319819716,0.7345451058156324,-26.545489418436762
2025-07-16,10,52,53.884409477477384,0.5159365135721695,-48.40634864278305,57.4625311065023,0.5501965827891833,-44.98034172108167,33.03096168309062,0.3162673466400863,-68.37326533599136,45.85845392950712,0.4390889882181839,-56.09110117818161
2025-07-16,11,52,97.42239054355922,0.6196170612704904,-38.03829387295096,96.52285919355039,0.6138959434812082,-38.61040565187917,60.673497428475876,0.38589008095449895,-61.4109919045501,86.2514642464924,0.5485687479901571,-45.143125200984294
2025-07-16,12,52,103.33032082403803,0.6495902484694664,-35.04097515305335,99.49470096959091,0.62547746884762,-37.452253115238,66.52759399972297,0.41822841516139414,-58.17715848386058,89.31355572848256,0.5614732867824389,-43.85267132175611
2025-07-16,13,52,131.1752293725759,0.9030375146122532,-9.696248538774675,119.45549379846562,0.8223564215783122,-17.764357842168778,83.8502365287572,0.5772424378958915,-42.275756210410854,108.85423463322623,0.7493751523697249,-25.062484763027516
2025-07-16,14,52,106.89391019439705,1.2282421026588193,22.824210265881938,95.18907230342288,1.0937501126441787,9.375011264417871,52.71621034103629,0.6057245816504226,-39.42754183495773,84.82617365342348,0.9746773946159196,-2.532260538408043
2025-07-16,15,52,82.79027422088099,1.449917236793012,44.9917236793012,74.21737533714857,1.2997789025770328,29.977890257703265,44.702393375426894,0.782879043352485,-21.7120956647515,63.84577181202819,1.1181396114190576,11.813961141905759
2025-07-16,16,52,63.691734387223406,1.2138695328230116,21.386953282301153,52.357102394669226,0.9978483399022152,-0.21516600977847405,23.059216734243098,0.4394743040640957,-56.05256959359043,39.85225491930266,0.7595245839394448,-24.047541606055525
2025-07-16,17,52,36.01221339681576,1.0827484484911531,8.274844849115317,27.248874432842463,0.8192686239579813,-18.073137604201868,15.154091568201201,0.45562512231512925,-54.43748776848707,16.828167956314186,0.5059581466119718,-49.40418533880281
2025-07-16,18,49,14.559091566674944,1.0020021725172021,0.2002172517202084,11.636251225385344,0.8008431676108291,-19.915683238917097,8.09451795515832,0.5570900175607929,-44.290998243920704,6.190660718555522,0.42606061380285776,-57.39393861971423
2025-07-16,19,31,3.753047098778912,1.60386628152945,60.38662815294501,3.3436329948268533,1.4289029892422453,42.89029892422454,1.3308702609016274,0.5687479747442854,-43.12520252557147,1.4846035525425787,0.6344459626250338,-36.555403737496626
2025-07-17,6,50,6.098161411926073,0.37712810215993026,-62.28718978400697,11.86963239068965,0.7340527143283642,-26.59472856716358,9.253445266987598,0.5722600659856275,-42.77399340143725,6.667722176090013,0.41235140235559753,-58.764859764440246
2025-07-17,7,51,32.95932500670988,0.5899288528138514,-41.00711471861486,45.71731683741336,0.8182802369324029,-18.171976306759703,25.632427934929044,0.458786968586523,-54.121303141347695,32.968634520059304,0.5900954809389529,-40.99045190610471
2025-07-17,8,51,67.76517260724039,0.6577227274312373,-34.22772725687627,86.11443799808913,0.8358190623904602,-16.41809376095398,54.27643096651839,0.5268022029168047,-47.31977970831954,76.9085237061032,0.7464672785218207,-25.353272147817936
2025-07-17,9,51,105.273435999926,0.7880338049249646,-21.196619507503545,128.39632922867347,0.9611223087706676,-3.8877691229332365,86.51398638684967,0.6476082520162414,-35.23917479837586,119.77024229653874,0.8965509566325232,-10.344904336747689
2025-07-17,10,51,135.74178367740487,0.8331294646621547,-16.687053533784532,148.59184983636607,0.9119980963380965,-8.800190366190353,102.16944863760907,0.6270757296851964,-37.29242703148035,139.90525972322348,0.8586832365017092,-14.131676349829084
2025-07-17,11,51,158.20599780641038,0.8423725989372789,-15.762740106272108,157.26846688970363,0.8373806873420138,-16.261931265798623,120.9313882850873,0.6439028181943841,-35.609718180561586,150.9371714249472,0.8036695140032329,-19.633048599676712
2025-07-17,12,51,180.525744916681,1.0232145605434506,2.3214560543450573,176.1213380443818,0.9982505132028667,-0.17494867971332537,137.53446843778642,0.7795412823090541,-22.045871769094592,169.96953046220165,0.9633822505367661,-3.6617749463233915
2025-07-17,13,51,184.82812038935245,1.0409333205077296,4.093332050772965,175.9299775262729,0.9908198779357564,-0.918012206424353,138.99007124856323,0.7827780538891825,-21.72219461108175,169.79079565733664,0.9562446252384359,-4.375537476156415
2025-07-17,14,51,169.9375633503803,1.0595932370019971,5.959323700199708,158.4712381520948,0.9880985045023993,-1.1901495497600678,125.99642595744677,0.7856118341279884,-21.438816587201163,152.42284535218872,0.9503856176093572,-4.961438239064272
2025-07-17,15,52,135.774719646427,1.0443405864658644,4.434058646586426,125.40692228858786,0.9645944334173362,-3.5405566582663845,97.54447187143217,0.7502843771358524,-24.97156228641476,115.69937444762864,0.8899267321562083,-11.007326784379162
2025-07-17,16,52,102.80873609096696,0.8482568984403215,-15.174310155967857,88.95403387455343,0.733944173882454,-26.605582611754595,61.19449050084313,0.5049050371356694,-49.50949628643306,79.81203925812193,0.6585151753970456,-34.14848246029544
2025-07-17,17,52,84.21097399404732,1.184068813189642,18.406881318964192,66.24645340814354,0.9314743167624233,-6.8525683237576684,39.92712202224036,0.5614049778155282,-43.859502218447176,55.835276146894024,0.7850854351363052,-21.49145648636947
2025-07-17,18,52,47.459777055203475,1.7788522134633984,77.88522134633983,38.04545054655013,1.4259913997957319,42.599139979573174,16.81168081964027,0.630122969251884,-36.98770307481159,25.11476690952803,0.9413330925610205,-5.866690743897953
2025-07-17,19,40,11.090814421539072,2.9814017262201804,198.14017262201804,7.308587300860335,1.9646740056076168,96.46740056076169,3.6215221797878066,0.9735274676848942,-2.6472532315105815,2.8982481409062952,0.7790989626092191,-22.09010373907809
2025-07-18,6,49,6.738097628728705,0.4235133644706917,-57.64866355293082,12.779895638837655,0.8032618251940701,-19.673817480592994,11.50019270259312,0.7228279511372169,-27.717204886278317,7.797435419232729,0.49009650655139714,-50.990349344860284
2025-07-18,7,51,34.46755791103852,0.7355432759504593,-26.445672404954067,42.9273748834627,0.9160771421993749,-8.392285780062519,26.01270240192213,0.5551152881332082,-44.488471186679185,30.966542312715188,0.6608310352692103,-33.91689647307897
2025-07-18,8,51,70.79043687872577,0.9123654707916715,-8.763452920832847,90.76324065554624,1.1697801347537862,16.97801347537862,59.844912546114145,0.7712967205324677,-22.870327946753235,80.55104886489292,1.038162764079043,3.816276407904299
2025-07-18,9,51,110.55135223030766,0.8911119799315466,-10.888802006845342,135.20394912085976,1.0898270927040123,8.982709270401235,88.9853486144795,0.7172767097733316,-28.272329022666842,125.94024560080241,1.0151559374560892,1.5155937456089195
2025-07-18,10,52,148.66300124739757,1.028667321114016,2.8667321114016002,163.37127043112847,1.1304405648431255,13.044056484312541,118.80575862851852,0.8220713993116422,-17.79286006883578,154.99569584469648,1.072486132332525,7.2486132332524935
2025-07-18,11,52,168.82516323224843,0.991456208786989,-0.8543791213011018,167.86098801625596,0.9857939159986846,-1.4206084001315398,139.89273467974363,0.8215453058476843,-17.845469415231577,159.7458532360278,0.9381363239137178,-6.186367608628221
2025-07-18,12,52,171.42760730619085,1.124336638723623,12.433663872362313,169.01387968239212,1.1085058023374572,10.85058023374571,139.46523553186088,0.9147060768141986,-8.529392318580141,161.22196953995982,1.0574012562468669,5.740125624686684
2025-07-18,13,52,166.3565795588106,1.170618391097112,17.061839109711205,160.2079622546321,1.1273517856212236,12.735178562122353,140.33093870340818,0.9874810970614888,-1.2518902938511252,152.67436750179024,1.074339367404055,7.433936740405481
2025-07-18,14,52,144.3033465761294,1.2200147664535796,22.00147664535796,135.81426451858042,1.1482436973163714,14.824369731637145,122.11504839368153,1.0324234730612236,3.242347306122364,126.50437845954735,1.069533128673887,6.953312867388699
2025-07-18,15,52,132.0374850229137,1.4465105721178102,44.65105721178102,123.37180646133521,1.3515754432661615,35.15754432661616,112.74570643734242,1.2351633045282913,23.516330452829138,114.25008645315437,1.2516442424753986,25.164424247539856
2025-07-18,16,53,108.79279768066742,1.4085033361039283,40.85033361039284,92.40435611171377,1.1963277590848496,19.63277590848495,64.52133109480792,0.8353357210617287,-16.46642789382713,82.56414032805027,1.0689298333512465,6.8929833351246454
2025-07-18,17,53,69.68940405386802,1.2308266346497356,23.08266346497356,54.26316742166536,0.958374557076393,-4.162544292360708,32.07721136454564,0.5665349940753381,-43.346500592466185,43.23321660082407,0.7635679371392455,-23.64320628607545
2025-07-18,18,53,41.86818841248177,1.8970633625954585,89.70633625954586,32.80123081750399,1.48623610410077,48.62361041007699,13.484241439664052,0.6109760507323992,-38.902394926760074,19.73894184876296,0.8943788785121413,-10.562112148785868
2025-07-18,19,32,8.079409714473865,3.2710160787343585,227.10160787343585,5.949627232106424,2.4087559644155565,140.87559644155567,2.86748338556961,1.1609244475990326,16.092444759903252,2.2961369180637834,0.9296100882849326,-7.038991171506735
2025-07-19,6,51,6.586575768951369,0.40284867088387577,-59.71513291161242,12.611475662202594,0.7713440771989353,-22.865592280106465,10.919158232590545,0.667838424011654,-33.21615759883459,7.672091508040668,0.4692410708281754,-53.07589291718246
2025-07-19,7,53,34.737663458373,0.6186582984572216,-38.13417015427783,43.00168915026928,0.7658359599335579,-23.41640400664421,33.122880633280296,0.5898999222311717,-41.01000777688283,32.81037849761891,0.5843344345079058,-41.56655654920942
2025-07-19,8,53,73.72013774547555,0.7202749169074308,-27.972508309256916,93.94702294438319,0.9178995890999823,-8.210041090001774,63.92954668980822,0.6246169681466361,-37.53830318533638,83.63673808771301,0.8171640262600196,-18.283597373998038
2025-07-19,9,53,114.36780477146331,0.8351672613660239,-16.48327386339761,138.83912868900651,1.0138683269242479,1.3868326924247971,94.81042662275989,0.6923501286896443,-30.76498713103557,129.49558417431794,0.9456373899103107,-5.436261008968933
2025-07-19,10,53,150.72196517831134,0.8814150010427562,-11.85849989572438,163.3269204862285,0.9551281899779442,-4.4871810022055785,111.84905247559686,0.6540880261730809,-34.5911973826919,154.84879147572536,0.9055484881621365,-9.445151183786352
2025-07-19,11,53,173.31322562544733,1.0103370970353698,1.0337097035369818,169.742168330243,0.989519460943471,-1.048053905652902,122.68426449823349,0.7151933339059898,-28.480666609401016,161.14284068663073,0.9393893009597222,-6.061069904027782
2025-07-19,12,53,185.41224602177454,1.0001199958022253,0.011999580222530485,180.15999739846984,0.9717891871107927,-2.8210812889207326,119.14241663594795,0.6426582697877338,-35.734173021226624,173.63708343971194,0.9366043661454877,-6.3395633854512345
2025-07-19,13,53,180.14173455152218,1.0129996881939056,1.2999688193905539,172.20866582966525,0.968389280940591,-3.161071905940902,127.09553918616854,0.7147024640733767,-28.52975359266234,163.2864080145219,0.9182163190379685,-8.178368096203151
2025-07-19,14,53,164.12776213460597,0.9511344583600252,-4.8865541639974825,153.4945151408408,0.889513880046597,-11.048611995340302,114.79888803523166,0.6652694021513191,-33.473059784868084,143.64635840042018,0.8324429670863477,-16.755703291365233
2025-07-19,15,53,113.13046318089013,0.7979296316891672,-20.207036831083276,105.39712965697129,0.743385030730507,-25.661496926949294,90.58010409864637,0.6388778678138409,-36.1122132186159,97.07538832670808,0.6846902830209344,-31.530971697906562
2025-07-19,16,53,65.43661521296387,0.7190836836589436,-28.091631634105635,56.33226749487953,0.6190359065371377,-38.09640934628623,52.084697314843815,0.5723593111521298,-42.764068884787015,46.57741814464246,0.5118397598312358,-48.81602401687642
2025-07-19,17,53,51.5659628610441,0.8230800137437206,-17.69199862562793,40.750628511154545,0.6504489786297614,-34.95510213702387,34.99160631279533,0.5585252404276988,-44.14747595723013,31.178776720000414,0.49766602905028595,-50.23339709497141
2025-07-19,18,53,24.429703930059137,0.9260691406390877,-7.393085936091224,19.141925383631218,0.7256226453233972,-27.43773546766029,13.77526563188016,0.5221859602683911,-47.781403973160884,12.122220896402212,0.45952315755884043,-54.047684244115956
2025-07-19,19,33,4.9869035430781645,1.1032972440438418,10.329724404384182,4.174033801931903,0.9234588057371467,-7.6541194262853285,1.5245882203621184,0.3372982788411767,-66.27017211588233,1.3671924565906115,0.3024762072103123,-69.75237927896877
2025-07-20,6,51,5.103223271658658,0.34481238322017954,-65.51876167798204,10.48304754395372,0.7083140232401162,-29.16859767598839,10.334208101277529,0.6982573041403735,-30.174269585962655,6.416156971276772,0.4335241196808629,-56.647588031913706
2025-07-20,7,53,28.572241909978597,0.5085838716621324,-49.141612833786766,36.41950340394038,0.6482645675318686,-35.17354324681314,25.13414013381896,0.44738590483835805,-55.26140951616419,26.409853579136655,0.47009351333457905,-52.99064866654209
2025-07-20,8,53,58.52358655132711,0.5881767492595689,-41.18232507404312,75.10669784460207,0.7548411843678599,-24.515881563214016,45.71326507421405,0.45942979974084464,-54.057020025915534,64.39080505477048,0.6471437693946781,-35.28562306053219
2025-07-20,9,53,92.70700312983776,0.7291725902928877,-27.082740970711228,112.2059124230517,0.8825382446362411,-11.746175536375896,74.19856927073047,0.5835973672387169,-41.64026327612831,101.25256883877411,0.7963864152805891,-20.36135847194109
2025-07-20,10,53,130.2325008298473,0.7844858793436981,-21.551412065630192,142.2249508787168,0.8567252025704284,-14.327479742957161,86.8841090621772,0.523366719246896,-47.663328075310396,134.5043953760798,0.8102186336731511,-18.978136632684894
2025-07-20,11,53,159.5262481597639,0.9868620362496993,-1.3137963750300714,162.64028041788526,1.0061260774382015,0.6126077438201417,120.70006342581716,0.7466753073047767,-25.332469269522328,154.56923023451085,0.9561969083483505,-4.380309165164956
2025-07-20,12,53,157.18724181331166,0.9578163537463387,-4.218364625366129,153.78618168289435,0.9370920826451425,-6.290791735485748,115.53421664432972,0.7040047324619445,-29.599526753805556,145.6206850710338,0.8873358422462603,-11.26641577537397
2025-07-20,13,53,144.37704864095795,0.9080317524588553,-9.19682475411448,139.31899050862555,0.8762200660919848,-12.377993390801526,112.19836150112687,0.7056500723341314,-29.434992766586866,131.66843685968934,0.8281033764760337,-17.189662352396628
2025-07-20,14,53,148.8669612433725,0.9972999346377206,-0.2700065362279351,139.1374315453999,0.9321191903624302,-6.788080963756976,100.90609079064401,0.6759971246107327,-32.40028753892673,131.52352900458956,0.8811116031660055,-11.888839683399459
2025-07-20,15,53,126.02428087195679,0.8952495622075498,-10.475043779245024,117.44212618014029,0.8342837691279412,-16.571623087205882,96.06299322889069,0.682410976975852,-31.758902302414803,107.13402923861973,0.7610572511090412,-23.894274889095886
2025-07-20,16,53,96.79600888378575,0.989430735804822,-1.0569264195178032,83.73700698236361,0.8559440558352611,-14.405594416473885,55.77182974881331,0.5700892338629593,-42.991076613704074,74.15383423629858,0.7579866527271651,-24.201334727283484
2025-07-20,17,53,67.98776868174015,1.0838158565557174,8.38158565557174,52.90549132574868,0.8433842073290081,-15.661579267099187,34.96506712514762,0.557389879246734,-44.261012075326605,42.031473634680395,0.670037838907706,-32.9962161092294
2025-07-20,18,53,33.147873496172316,1.504669700234785,50.46697002347851,24.678710024427392,1.1202319575318833,12.023195753188338,13.855344613382258,0.6289307586646508,-37.10692413353492,15.066981901622045,0.6839301816442145,-31.60698183557856
2025-07-20,19,20,4.727585802040013,2.475175812586394,147.5175812586394,4.09668168452807,2.144859520695324,114.48595206953243,1.3587663814494098,0.7113960112300574,-28.86039887699427,0.8985819925822898,0.47046177622109403,-52.9538223778906
2025-07-21,6,52,5.253522488115189,0.3511712893125127,-64.88287106874873,10.789011303402772,0.7211905951472442,-27.880940485275584,10.68634248010119,0.7143277058891171,-28.567229411088295,6.6548003744325195,0.44483959722142513,-55.516040277857485
2025-07-21,7,53,25.927116036522158,0.5302068719125186,-46.97931280874814,36.63274165045091,0.7491358210726158,-25.08641789273842,26.86691411865606,0.5494256465982834,-45.05743534017166,27.423613103871162,0.5608100839237457,-43.918991607625436
2025-07-21,8,53,56.41162406730406,0.6072949086802031,-39.270509131979686,72.84775310195356,0.7842367650118803,-21.576323498811963,47.637557236827625,0.5128383812770765,-48.71616187229235,62.996064306848574,0.6781791829782386,-32.18208170217614
2025-07-21,9,53,75.69624647689373,0.6031092859285614,-39.689071407143864,83.9440196061759,0.6688233575506008,-33.117664244939924,58.17144534578756,0.4634805620730425,-53.65194379269575,73.20357046391878,0.5832489081660329,-41.675109183396714
2025-07-21,10,53,106.38264823780818,0.7787895185783908,-22.12104814216092,116.02479596768785,0.8493762515936153,-15.062374840638466,76.90863208882817,0.5630207327147011,-43.69792672852989,106.40059816294136,0.7789209235940071,-22.107907640599294
2025-07-21,11,53,125.04347651299666,0.7648386844026953,-23.516131559730468,125.44197579702086,0.7672761379718689,-23.272386202813106,96.58158714944253,0.5907492027001194,-40.92507972998806,115.40117947969883,0.7058607834099873,-29.413921659001275
2025-07-21,12,53,122.4682714546296,0.7891505345359211,-21.084946546407885,116.66071037870981,0.7517282710143038,-24.827172898569618,100.77550538616572,0.649368550719542,-35.0631449280458,106.56877516324818,0.6866987251965215,-31.330127480347848
2025-07-21,13,53,113.46888148962434,0.7751136108315074,-22.48863891684926,107.92507773604677,0.7372435120981407,-26.27564879018594,95.3797833606366,0.6515457569549602,-34.84542430450398,98.31902802158834,0.671623936208678,-32.837606379132204
2025-07-21,14,53,116.40606033459775,0.817228730234469,-18.277126976553106,106.82330314474495,0.7499529847286223,-25.004701527137772,82.36743549826814,0.5782605693503801,-42.173943064961996,97.14272860641944,0.6819905125415574,-31.800948745844256
2025-07-21,15,53,97.80123312889347,0.7256360968162447,-27.43639031837552,92.48759242302023,0.6862115478781735,-31.378845212182643,70.70128208793186,0.5245680522921194,-47.543194770788055,83.5951514707491,0.6202340960880628,-37.976590391193724
2025-07-21,16,53,79.06069134746184,0.8330069681536387,-16.699303184636122,67.81844082626326,0.7145552715863794,-28.54447284136206,46.0168014048546,0.4848467116726858,-51.51532883273142,58.354400751831506,0.6148393293839587,-38.51606706160414
2025-07-21,17,53,46.60649769164418,0.8480075999207455,-15.199240007925448,37.30191706626441,0.6787102814094688,-32.128971859053124,25.43112796764143,0.4627206689891089,-53.72793310108911,26.448171697891254,0.48122583147545944,-51.87741685245406
2025-07-21,18,53,24.319624527476677,1.16361839844386,16.361839844386,18.92762828924884,0.9056281478109492,-9.43718521890508,11.223914203597603,0.5370293877319426,-46.29706122680573,11.102179120183457,0.5312047425925098,-46.87952574074901
2025-07-21,19,32,4.580294301081986,0.6034643347934106,-39.65356652065894,3.8520668895281394,0.5075186942724821,-49.24813057275178,1.6047743239373076,0.21143271725129217,-78.85672827487078,0.9890900878559417,0.13031489958576306,-86.96851004142368
2025-07-22,6,50,4.994693198118819,0.2934602349070986,-70.65397650929015,10.260767604576044,0.6028653116672175,-39.71346883327825,10.711907316440527,0.62937175772271,-37.062824227728996,6.583671290880783,0.3868196998167322,-61.31803001832677
2025-07-22,7,52,27.99064160935059,0.5703064712581619,-42.969352874183805,35.70792347982281,0.7275453031748738,-27.245469682512617,24.3873608205342,0.49688999226842295,-50.3110007731577,25.961706406257008,0.5289671231918706,-47.10328768081295
2025-07-22,8,52,58.22207008955216,0.6395218595073833,-36.04781404926167,74.86934125535946,0.8223785287275865,-17.76214712724135,50.0485843511236,0.5497427982329044,-45.02572017670957,65.04703633535884,0.714488536196824,-28.5511463803176
2025-07-22,9,53,96.5834896296105,0.698766384239694,-30.123361576030604,116.98096353971347,0.8463389056555742,-15.366109434442576,80.99700851094185,0.5860006403627684,-41.39993596372315,106.1523281049932,0.7679954283388308,-23.200457166116912
2025-07-22,10,53,123.94731550191044,0.8311360256280454,-16.886397437195455,127.917025496629,0.857755149846637,-14.224485015336302,90.51722872705115,0.6069686094484754,-39.303139055152464,117.86940854188407,0.7903802624682092,-20.961973753179073
2025-07-22,11,53,140.19882278743856,0.9389152343118038,-6.108476568819624,138.3842290015804,0.9267628516044761,-7.323714839552388,103.2654138942671,0.6915712154719199,-30.84287845280801,130.60623510497345,0.874673420204751,-12.532657979524892
2025-07-22,12,53,168.8299669722441,1.09508962166598,9.50896216659799,154.9088278648569,1.0047922933440807,0.4792293344080662,109.66767235580582,0.7113424943621056,-28.865750563789433,147.63704645969798,0.9576250013601738,-4.2374998639826185
2025-07-22,13,53,154.9553607782356,0.9004321040050878,-9.956789599491222,146.906233586535,0.8536593270180427,-14.63406729819573,112.74695479876726,0.6551627334462621,-34.48372665537379,139.6963154600315,0.8117631208090621,-18.823687919093796
2025-07-22,14,53,152.1982160663067,1.056785280282646,5.678528028264597,141.3482277142802,0.9814486023766155,-1.8551397623384522,104.3224021717659,0.7243605205649624,-27.56394794350377,133.7421748410317,0.9286361258230222,-7.136387417697778
2025-07-22,15,53,70.37644841119763,0.6265709438318878,-37.342905616811215,66.38248684473011,0.5910121692016571,-40.898783079834296,63.80027168694319,0.5680223618851781,-43.19776381148219,59.02327231349054,0.5254920968081424,-47.450790319185764
2025-07-22,16,53,54.697588931356115,0.577588056297319,-42.24119437026809,46.96298849246993,0.4959132892552263,-50.408671074477375,42.24980204127351,0.4461436329595936,-55.38563670404064,37.159704939824124,0.3923939275588609,-60.76060724411392
2025-07-22,17,53,35.861950880666306,0.6892552542891851,-31.07447457108149,27.685713203949778,0.5321105747443738,-46.78894252556261,17.600581090353487,0.3382775531492117,-66.17224468507882,17.981347414422896,0.3455957604155851,-65.4404239584415
2025-07-22,18,51,20.95741521927831,0.808230436532137,-19.176956346786298,17.37967861285789,0.670253706627763,-32.9746293372237,11.492645169085318,0.44321809367856996,-55.678190632143,10.52991845162958,0.40609018324834484,-59.39098167516551
2025-07-22,19,32,3.672931773906887,0.42808062632947413,-57.19193736705259,3.1808789974756153,0.3707318178876009,-62.92681821123991,1.5105161306103305,0.17605083107346514,-82.3949168926535,1.182644075773271,0.13783730486867962,-86.21626951313203
2025-07-23,6,51,4.164165616352577,0.19991193549460284,-80.00880645053971,9.287637972881198,0.44587796317240513,-55.41220368275949,9.498538201017253,0.4560027940958835,-54.39972059041165,5.717540657627903,0.27448586930522817,-72.55141306947718
2025-07-23,7,51,27.035483051937568,0.45247670379811833,-54.75232962018816,34.35586631725099,0.5749935785313974,-42.50064214686026,26.382133974265216,0.44154199120109155,-55.84580087989085,25.612847211015332,0.42866689892912696,-57.13331010708731
2025-07-23,8,52,59.602298370517325,0.5648436160966389,-43.515638390336115,77.4158332288556,0.7336602845797537,-26.633971542024625,59.20211156977618,0.561051095240487,-43.8948904759513,68.24790039292294,0.6467769180527194,-35.32230819472806
2025-07-23,9,52,95.35016667206217,0.6650172037387514,-33.49827962612486,116.9147400086294,0.815418747444758,-18.4581252555242,87.75567900272574,0.6120496512953393,-38.79503487046607,106.30652935023531,0.741432064097052,-25.856793590294803
2025-07-23,10,52,125.89587090950685,0.8574844769752544,-14.251552302474554,139.56390837556413,0.9505783161392463,-4.942168386075377,114.07353385877792,0.7769618162292462,-22.30381837707538,131.87947779495073,0.8982391894493307,-10.176081055066929
2025-07-23,11,52,163.08997788070585,0.9696770193275809,-3.032298067241917,167.72865326335412,0.9972569906852613,-0.27430093147387336,132.98270651823998,0.7906695196993874,-20.933048030061265,159.39667648265018,0.9477179171333026,-5.228208286669746
2025-07-23,12,51,163.81992679510515,1.0504644231811808,5.046442318118088,161.51506787300247,1.0356849494902372,3.568494949023711,125.09155670281875,0.8021260449042562,-19.787395509574377,153.1633101571341,0.9821308762881316,-1.786912371186844
2025-07-23,13,52,161.82271389405693,1.046380303227009,4.63803032270089,155.83089468066225,1.0076359177540397,0.7635917754039758,124.64288328313775,0.8059675608350323,-19.40324391649677,147.81022328639042,0.9557725398408692,-4.422746015913082
2025-07-23,14,52,144.80242222220065,1.0574923115621169,5.749231156211692,136.15199426771463,0.9943182229439469,-0.56817770560531,108.56181255638913,0.7928270835929975,-20.717291640700253,126.53425070098783,0.9240798269260779,-7.5920173073922115
2025-07-23,15,52,117.74114657326517,0.9122977419282905,-8.770225807170954,109.15404777565665,0.8457620314245827,-15.423796857541728,83.37017119341446,0.6459799410616338,-35.402005893836616,99.26619909110492,0.7691476762056789,-23.085232379432107
2025-07-23,16,52,102.24930400267955,1.0046109648524224,0.46109648524223823,86.96998379243085,0.8544899173946832,-14.551008260531685,65.13182833865655,0.6399275725943854,-36.007242740561466,77.82977077745414,0.7646862917808425,-23.531370821915758
2025-07-23,17,52,64.21295661699769,1.1819060669427146,18.19060669427147,49.880155066716455,0.9180959887118803,-8.19040112881197,33.497677618208016,0.6165594996909262,-38.34405003090738,39.329119510520364,0.7238932359749746,-27.61067640250255
2025-07-23,18,52,40.476935562123536,1.5075208775465003,50.752087754650034,28.84071602500923,1.0741421238364703,7.41421238364703,12.150138375772636,0.4525191201405078,-54.74808798594921,16.659640411455133,0.6204707788251446,-37.95292211748554
2025-07-23,19,25,4.88320245178874,0.6772818934519751,-32.27181065480249,4.003106200578981,0.5552158391926465,-44.47841608073535,1.8159220780693897,0.2518615919652413,-74.81384080347587,0.8948098520838019,0.12410677560108212,-87.58932243989179
2025-07-24,6,51,4.983425127607092,0.2534804235812356,-74.65195764187644,10.263466623116926,0.5220481497007592,-47.795185029924085,9.786234552707713,0.49777388365756425,-50.22261163424358,6.231180209337604,0.3169471113600002,-68.30528886399996
2025-07-24,7,52,29.42754482349694,0.5248358270643293,-47.51641729356707,37.59757217084734,0.6705470335446289,-32.945296645537105,28.825815014906237,0.5141040666114899,-48.58959333885101,28.12794485393417,0.5016576574627104,-49.834234253728965
2025-07-24,8,52,63.95837742719432,0.7082092506609936,-29.179074933900644,82.75776564488602,0.916374328921338,-8.362567107866203,60.977141457088145,0.6751981115833037,-32.48018884166963,73.47761829101921,0.8136155275276185,-18.638447247238155
2025-07-24,9,52,99.12495924576011,0.7002328288058782,-29.97671711941217,121.48897697566528,0.8582154349792689,-14.17845650207311,93.92306605728912,0.6634859145047268,-33.65140854952731,111.76501882820351,0.7895240098064674,-21.047599019353257
2025-07-24,10,52,140.48084948036455,0.9008647523429817,-9.913524765701837,154.76473643087766,0.9924633604647791,-0.7536639535220829,119.5253798748639,0.7664831337364622,-23.35168662635379,147.0432274201235,0.94294746325589,-5.705253674410999
2025-07-24,11,52,164.17090211042236,0.9835893721791527,-1.6410627820847377,163.96601682450566,0.9823618526421763,-1.7638147357823608,132.87459927857867,0.7960853111172409,-20.391468888275913,156.19811807602508,0.9358224077408489,-6.417759225915113
2025-07-24,12,53,176.66695441628923,1.0690242915181485,6.902429151814843,174.04031910227175,1.053130334637975,5.31303346379749,137.62254561953367,0.8327638001908124,-16.723619980918762,165.84873355195936,1.0035624685462867,0.35624685462866773
2025-07-24,13,53,154.42377149546076,0.9765621418798504,-2.3437858120149673,149.59001038993904,0.9459938682725544,-5.400613172744567,127.07700155880993,0.8036236106925309,-19.637638930746913,141.8407314351574,0.8969881201236791,-10.301187987632083
2025-07-24,14,53,162.05120844114464,1.0750378694516693,7.5037869451669295,151.98446712986046,1.0082557193171053,0.8255719317105302,116.63826264734213,0.7737711466587642,-22.622885334123573,144.06734927469526,0.9557340405645167,-4.426595943548326
2025-07-24,15,53,124.67241619547491,0.993326557210381,-0.6673442789619008,115.3362571060878,0.9189407784725345,-8.105922152746547,88.98947123537496,0.7090229562216156,-29.09770437783844,104.9402236974796,0.8361104589074942,-16.388954109250577
2025-07-24,16,53,93.9641241971105,0.9121844888565235,-8.781551114347646,81.28004327476121,0.789050026936814,-21.094997306318604,57.20574244616126,0.5553416410655398,-44.46583589344601,72.2154296340751,0.7010526126985253,-29.89473873014747
2025-07-24,17,53,72.9477503899339,1.0873118257554615,8.731182575546152,57.13176157324979,0.8515689606983127,-14.84310393016873,32.09362203604296,0.4783667019830521,-52.16332980169479,45.16601877901965,0.6732153641231131,-32.67846358768869
2025-07-24,18,53,42.82795158054497,1.4717509134207891,47.17509134207891,33.78721755208647,1.161072768112937,16.107276811293683,15.280086576320313,0.5250888857842031,-47.49111142157969,21.16725970055586,0.7273972405689297,-27.260275943107022
2025-07-24,19,32,8.305475269521954,1.232266360463198,23.22663604631981,6.2292738290415866,0.924224603715369,-7.577539628463098,2.905744842499059,0.4311194128336883,-56.88805871663117,1.6167749409072507,0.23987758767169895,-76.0122412328301
2025-07-25,6,52,4.493981797171838,0.2782651267598661,-72.1734873240134,9.7450237024198,0.6034070403975108,-39.659295960248926,9.328069005127656,0.5775894120822077,-42.24105879177923,5.921442161430844,0.3666527654136745,-63.33472345863256
2025-07-25,7,53,27.73239559081005,0.64644278766457,-35.355721233543,35.19970883004847,0.8205060333344633,-17.949396666553678,28.55355796923786,0.6655841018470364,-33.44158981529636,26.73582497124887,0.6232127032925144,-37.67872967074855
2025-07-25,8,53,58.766644390545075,0.785335352005146,-21.4664647994854,76.97089106231913,1.0286100636418432,2.861006364184321,59.50152281676677,0.7951559911368004,-20.48440088631996,67.97073793440363,0.90833539936394,-9.166460063605998
2025-07-25,9,53,89.1913410149656,0.7499482133605113,-25.005178663948875,110.23172876816542,0.9268622615670178,-7.313773843298216,86.76796307817786,0.7295717067029165,-27.042829329708347,100.25426519979332,0.84296868073483,-15.703131926517003
2025-07-25,10,53,126.42479199892827,0.9057514830128117,-9.424851698718829,140.70442739652347,1.0080557916357893,0.8055791635789212,101.6749713440192,0.7284351006162716,-27.15648993837284,132.96258613274662,0.9525905296800875,-4.740947031991253
2025-07-25,11,53,149.60609774190493,1.1599170238944403,15.991702389444033,150.04149301072007,1.1632927043783536,16.329270437835362,117.07122720614949,0.9076696170425607,-9.233038295743937,142.2770647010315,1.1030940045048183,10.309400450481835
2025-07-25,12,53,178.30638376033215,1.032044821209308,3.204482120930817,167.32083851541657,0.968460024977812,-3.1539975022187963,134.42743488305499,0.778071626341697,-22.192837365830297,159.41202800207998,0.9226834983045668,-7.731650169543326
2025-07-25,13,53,187.9987885240684,1.1565597571459145,15.655975714591463,179.8196601668394,1.1062421419061177,10.62421419061177,139.40391984989802,0.8576063971079547,-14.239360289204534,171.24786567592673,1.0535088629709428,5.350886297094279
2025-07-25,14,53,174.13498576765463,1.279557541095265,27.955754109526502,163.37176644950324,1.20046856087518,20.04685608751799,133.4816265662105,0.9808334673099457,-1.916653269005434,155.36894064930087,1.141663168853706,14.16631688537061
2025-07-25,15,53,137.94982312175358,1.0084788589937392,0.8478858993739233,128.26955860811748,0.9377115184451896,-6.22884815548104,104.30317073816744,0.7625058172247053,-23.749418277529465,118.4411556990593,0.8658612157252672,-13.41387842747328
2025-07-25,16,53,108.18710145871674,1.0012688705110298,0.12688705110296764,94.00166605972969,0.8699830269294744,-13.001697307052568,68.70997210648741,0.6359090430956726,-36.40909569043274,84.44708627815773,0.7815556342263558,-21.844436577364423
2025-07-25,17,53,83.8039691253527,1.1870250584327575,18.70250584327576,65.65210344120737,0.9299164793372148,-7.00835206627852,37.60851646546826,0.5326985335052161,-46.730146649478385,55.2015848856683,0.781892137190769,-21.810786280923104
2025-07-25,18,52,41.95299852872506,1.453169329017148,45.31693290171479,33.0865623414265,1.1460534236725493,14.605342367254934,16.060366226865533,0.5562994882876873,-44.370051171231275,21.85610285972463,0.7570524024844,-24.29475975156
2025-07-25,19,31,7.178233354073926,0.8596686651585542,-14.033133484144575,5.164463025073255,0.6184985658770367,-38.15014341229633,2.410844017820438,0.2887238344695136,-71.12761655304864,1.1448926050146502,0.13711288682810185,-86.28871131718981
2025-07-26,6,51,4.667415758863367,0.23960039829894084,-76.03996017010591,9.85351286931745,0.5058271493489451,-49.41728506510548,9.31680788988169,0.4782755590288343,-52.17244409711657,5.770114850061604,0.2962071278265711,-70.3792872173429
2025-07-26,7,53,27.326505864396186,0.5329921175033389,-46.70078824966611,34.93781404634036,0.6814475140694433,-31.855248593055673,30.162294554338878,0.5883029950134362,-41.169700498656375,26.895655790465295,0.5245885662271366,-47.541143377286346
2025-07-26,8,53,61.53706341582222,0.8319192025932433,-16.808079740675673,80.26261150932663,1.0850697784145817,8.506977841458182,57.81292065097452,0.7815725382043329,-21.842746179566706,70.50098510513698,0.9531024078023113,-4.689759219768874
2025-07-26,9,53,92.12799347982113,0.8947940314667943,-10.520596853320576,114.081611673541,1.1080187613980286,10.801876139802848,89.75072101361336,0.8717047495494693,-12.829525045053067,104.19112097815552,1.01195727445761,1.195727445761005
2025-07-26,10,53,129.15154668165601,1.042806190404974,4.28061904049738,143.4944319983303,1.1586147113308864,15.861471133088648,108.46294207838103,0.8757605335355755,-12.42394664644245,136.18413855297,1.099589330262172,9.9589330262172
2025-07-26,11,53,136.80853528020444,1.0085406213063357,0.8540621306335662,140.01809438158136,1.0322012118067185,3.220121180671845,124.30885874070532,0.9163940931861799,-8.360590681382003,130.31034031388714,0.9606364932833552,-3.93635067166448
2025-07-26,12,53,143.1623901833359,0.8774893667381912,-12.25106332618088,141.89247169365476,0.8697056187168541,-13.029438128314588,125.1360528047475,0.7670000171912197,-23.299998280878036,132.92253443677518,0.8147259236087967,-18.527407639120334
2025-07-26,13,53,165.46614411819954,1.0233542217712877,2.335422177128771,158.89803935367217,0.9827326325293596,-1.726736747064043,129.92800757317102,0.8035624192786875,-19.64375807213124,151.1765885361177,0.9349779735055826,-6.502202649441729
2025-07-26,14,53,165.4671162447509,1.0788753748761226,7.88753748761227,154.85123909836415,1.0096579454806296,0.9657945480629658,125.8165599596847,0.8203466125036495,-17.965338749635055,146.82310163776486,0.9573130445182557,-4.268695548174423
2025-07-26,15,53,151.3511143892124,1.1435671657666218,14.356716576662187,136.26621421073568,1.0295898315884828,2.9589831588482727,110.84554720313146,0.8375183014970266,-16.248169850297344,127.65539471643243,0.964528860721061,-3.547113927893894
2025-07-26,16,53,121.7697632496879,1.192184876147326,19.218487614732584,105.7703419345399,1.035542803353631,3.5542803353631,81.79036160415247,0.8007671980042338,-19.923280199576617,95.81685393399664,0.938093341824913,-6.190665817508701
2025-07-26,17,53,84.75256124493346,1.293734715996542,29.37347159965421,66.54311827897953,1.0157703904591595,1.5770390459159573,48.24802109055177,0.736498566486823,-26.3501433513177,57.51955480687817,0.87802709215201,-12.197290784798998
2025-07-26,18,53,45.12914422555227,1.7491916366493125,74.91916366493126,35.95188222545104,1.3934838071880247,39.34838071880247,17.79781574287707,0.6898378194913592,-31.01621805086407,23.7253639486585,0.9195877499480039,-8.041225005199612
2025-07-26,19,31,7.6930606437593,1.2134165053248112,21.34165053248111,5.548346518207981,0.8751335202220792,-12.486647977792071,2.591001610739634,0.4086753329242326,-59.13246670757674,1.1896693036415962,0.18764500057438432,-81.23549994256157
2025-07-27,6,50,4.5348919482426036,0.26411717811546903,-73.5882821884531,9.643350700143705,0.5616395282553118,-43.83604717446882,9.398249050478215,0.547364534098906,-45.263546590109414,5.747034640732807,0.33471372397977905,-66.5286276020221
2025-07-27,7,52,28.787328134092807,0.6161671261578083,-38.38328738421917,36.70544463440998,0.7856473594693916,-21.43526405306084,28.321146809076335,0.6061889299887914,-39.38110700112086,27.56687515764292,0.5900444169016035,-40.99555830983965
2025-07-27,8,53,63.77324883351715,0.7457987233483471,-25.420127665165293,82.71226429293662,0.9672817716400027,-3.2718228359997283,63.25852593168012,0.739779276478542,-26.022072352145802,73.59022913780534,0.860603778947554,-13.939622105244599
2025-07-27,9,53,97.43176033884048,0.8506352395568402,-14.936476044315986,119.65143795538651,1.0446257897274882,4.462578972748827,91.67089912822405,0.8003396117358481,-19.966038826415186,109.60803831097382,0.9569411411818912,-4.305885881810879
2025-07-27,10,53,132.03776233402334,0.9967370901639867,-0.3262909836013331,145.69393959236908,1.0998259197733,9.982591977329996,109.92388577500772,0.829802111987678,-17.019788801232206,135.49499932343136,1.022835353841861,2.283535384186103
2025-07-27,11,53,156.4727255344897,1.0292903929383614,2.9290392938361407,156.5989521591987,1.0301207220049906,3.0120722004990648,135.75061187479363,0.892978633566594,-10.702136643340596,148.6688988771755,0.9779561825889719,-2.204381741102817
2025-07-27,12,53,166.63161628745746,0.9798401522254347,-2.0159847774565263,164.05739504404713,0.9647030168413918,-3.529698315860816,131.9225904480212,0.7757414468306549,-22.42585531693451,155.68534997917726,0.9154730682063814,-8.452693179361853
2025-07-27,13,53,161.96592762462902,1.0456835665609725,4.568356656097251,156.42277514649885,1.009895894805984,0.9895894805984012,136.7526144430365,0.8829015071536994,-11.709849284630057,148.4874576256373,0.9586639397355369,-4.133606026446315
2025-07-27,14,53,161.2403622651129,0.9767407454877206,-2.3259254512279366,151.63243900787057,0.9185391265318064,-8.146087346819368,126.73466041801731,0.7677166247759712,-23.22833752240288,141.08856647221322,0.8546678366380739,-14.533216336192616
2025-07-27,15,53,140.8715932689378,1.0260130609536622,2.601306095366219,126.9383153869376,0.9245325228473242,-7.546747715267575,108.85287759806668,0.7928104704884683,-20.71895295115317,117.71095936066831,0.8573267251323258,-14.267327486767426
2025-07-27,16,53,114.10432432886078,1.0518466475743067,5.1846647574306735,99.34543627800417,0.915794950940304,-8.420504905969597,80.56231460595009,0.7426467054383306,-25.735329456166944,89.7125939704317,0.8269966258336257,-17.30033741663744
2025-07-27,17,53,80.9278156296301,1.3227822103568176,32.27822103568177,63.691016257395226,1.0410430901829884,4.104309018298833,44.45242202600856,0.7265842109514312,-27.341578904856878,54.795094249888855,0.8956373692364965,-10.43626307635035
2025-07-27,18,53,43.963766695093554,1.6045170326676481,60.4517032667648,35.18709862144446,1.2842006796147616,28.420067961476146,16.414197816518396,0.5990583144714743,-40.094168552852565,23.082615757341056,0.8424312320197466,-15.756876798025338
2025-07-27,19,31,6.771661735567353,0.9444437567039546,-5.55562432960454,4.850883638839638,0.6765528087642453,-32.344719123575466,2.1629976656873966,0.30167331460075275,-69.83266853992473,1.0821767277679273,0.1509312033149132,-84.90687966850868
2025-07-28,6,50,4.3708971187093715,0.24877046776945771,-75.12295322305422,9.438825528869714,0.5372126083591187,-46.27873916408813,9.013260823704012,0.512991509601822,-48.70084903981779,5.700153364049041,0.32442534798230177,-67.55746520176983
2025-07-28,7,53,27.396880319155073,0.5371937317481387,-46.28062682518613,34.902983916347786,0.6843722336538781,-31.562776634612185,29.554811892098105,0.5795061155313354,-42.04938844686646,26.56590266826206,0.5209000523188639,-47.90999476811361
2025-07-28,8,53,59.3379525161178,0.8355104550284118,-16.448954497158823,78.1708879653494,1.1006883689854885,10.068836898548856,62.89916371109191,0.8856542341747664,-11.434576582523356,68.81531966910171,0.9689569088862534,-3.1043091113746613
2025-07-28,9,53,89.7172747936124,1.0202100840756472,2.021008407564727,110.64469564149896,1.2581839395212528,25.818393952125284,87.94240510812259,1.0000273494214533,0.002734942145328603,100.43490189782828,1.1420843972916568,14.208439729165685
2025-07-28,10,52,110.16609224934248,1.205318295944666,20.531829594466604,116.4473850716891,1.2740414121629002,27.404141216290036,95.22280146236992,1.0418249612950756,4.18249612950756,105.75119422916308,1.1570152541483925,15.701525414839246
2025-07-28,11,53,145.17911959529735,1.1172781252524036,11.727812525240358,147.69080056539778,1.1366076694274108,13.660766942741073,116.04819577242336,0.8930906246915756,-10.690937530842442,140.2018256072853,1.0789735693957616,7.897356939576157
2025-07-28,12,53,167.8180568349414,1.261979672393904,26.197967239390408,163.51264227582897,1.2296032657228828,22.960326572288274,133.56271848222215,1.0043820009191016,0.4382000919101624,155.66707890598917,1.170605195563161,17.060519556316102
2025-07-28,13,53,163.21497739163195,1.2406124763730006,24.061247637300077,155.12371708452753,1.1791100416884126,17.911004168841256,121.01980157123195,0.9198829550868955,-8.011704491310446,146.9564174533247,1.117029624911255,11.702962491125508
2025-07-28,14,53,133.2748124293411,1.0446371878769485,4.463718787694857,122.34220169129469,0.9589449889582591,-4.105501104174094,107.11332468440149,0.8395777134692075,-16.042228653079253,112.73921889394774,0.8836747052355207,-11.632529476447925
2025-07-28,15,53,95.71801603164165,0.9502433836160197,-4.975661638398032,89.83117124532654,0.8918015610575455,-10.819843894245455,75.45087960552115,0.7490407982281462,-25.095920177185388,79.40290989902583,0.7882746937260582,-21.172530627394185
2025-07-28,16,53,66.72808080434561,0.7771730818116191,-22.282691818838085,58.21573654803457,0.6780309404616187,-32.19690595383813,41.75928067905737,0.48636478778310477,-51.363521221689524,45.93794339595137,0.5350331166544535,-46.49668833455465
2025-07-28,17,53,54.035398164554096,1.2101992870000917,21.019928700009178,43.646547968568896,0.9775262702926965,-2.2473729707303525,26.575034389462864,0.5951855406374662,-40.48144593625338,32.25420173967027,0.7223785384024697,-27.762146159753026
2025-07-28,18,52,21.80056467675291,1.0999275820763323,9.992758207633244,16.730387425590543,0.844116419050986,-15.5883580949014,10.449705305976108,0.5272303383439005,-47.27696616560995,9.703859338467405,0.48959936117393565,-51.04006388260643
2025-07-28,19,12,1.9299664634713303,0.30345384645775636,-69.65461535422438,2.2897596555823663,0.36002510307898844,-63.99748969210116,0.9613756896145884,0.1511596996249353,-84.88403003750648,0.46595193111647315,0.07326288225101779,-92.67371177489821
2025-07-29,6,50,3.7833791870667564,0.21894555480710398,-78.1054445192896,8.646031455429242,0.5003490425595627,-49.96509574404374,8.365528673380396,0.4841162426724767,-51.58837573275233,5.19154959274613,0.300436897728364,-69.9563102271636
2025-07-29,7,51,25.992118635186916,0.4567232232505169,-54.327677674948305,33.39884759545443,0.5868713336048924,-41.31286663951075,29.21027899041883,0.5132714635462806,-48.67285364537194,25.861929724456818,0.4544355952285507,-54.55644047714493
2025-07-29,8,53,58.925298246101754,0.5974378814367004,-40.256211856329955,76.68600314419788,0.777511945089708,-22.248805491029202,61.75750398806017,0.6261533406474722,-37.384665935252784,68.0000031192634,0.6894454336334118,-31.055456636658818
2025-07-29,9,53,98.9297125221511,0.7494675191072055,-25.05324808927945,121.12362175545408,0.9176031951170766,-8.239680488292343,99.02978680592621,0.7502256576206533,-24.977434237934677,111.24107386056063,0.8427354080345504,-15.726459196544956
2025-07-29,10,53,134.9657850970081,0.8284175368095267,-17.158246319047326,149.41346652930687,0.9170971429493424,-8.290285705065763,119.66921206945997,0.7345274494810948,-26.547255051890524,141.8185726137143,0.870479822082705,-12.952017791729503
2025-07-29,11,53,163.6978016366998,0.968511428450478,-3.1488571549521964,168.24318648648074,0.995404014237846,-0.45959857621540184,141.32932164911117,0.8361692205011901,-16.383077949880985,160.37199125882356,0.9488344057438383,-5.116559425616172
2025-07-29,12,53,181.55409081223291,0.9728022869433259,-2.7197713056674067,179.0026585460669,0.959131214413904,-4.086878558609601,151.56859442237703,0.812134139325816,-18.7865860674184,170.804541586852,0.9152041021639179,-8.479589783608208
2025-07-29,13,53,187.88629145537894,1.1964231498686893,19.642314986868918,179.6178683339516,1.143771448891694,14.377144889169394,146.65742775711092,0.933885810985169,-6.6114189014831055,171.22692577546022,1.0903395681065984,9.033956810659847
2025-07-29,14,53,179.0777789803256,1.1928975418353693,19.289754183536925,167.806277458342,1.1178142649769653,11.781426497696533,138.05808220210162,0.9196514934858889,-8.034850651411112,159.62120185808848,1.06329071315007,6.329071315007
2025-07-29,15,53,139.77084183632772,1.0691565963155185,6.915659631551847,129.44960729042626,0.9902058233796853,-0.9794176620314634,107.68458312223544,0.823717456760005,-17.628254323999506,119.6921237184919,0.9155673810027684,-8.443261899723163
2025-07-29,16,53,107.61743271886805,1.0082202802966842,0.8220280296684136,93.1351196262945,0.8725418739581648,-12.745812604183518,67.23562953048638,0.629900969931482,-37.00990300685179,83.47872990033564,0.7820754159671693,-21.792458403283067
2025-07-29,17,53,65.991967036069,1.0483235430670215,4.83235430670215,51.06284947808724,0.8111652021936019,-18.88347978063981,34.52782434410896,0.5484960181748841,-45.15039818251158,38.89322606210202,0.6178431463399845,-38.215685366001544
2025-07-29,18,53,38.946651749188334,1.5616139434317697,56.16139434317697,30.071978687429954,1.205773002703687,20.577300270368713,13.120990861847552,0.526102279945772,-47.3897720054228,17.794602817593532,0.7134965043140952,-28.65034956859048
2025-07-29,19,20,4.461093665708014,0.7137749865132823,-28.622501348671765,3.5912380538058373,0.574598088608934,-42.5401911391066,1.3514139954215476,0.21622623926744766,-78.37737607325523,0.7902476107611671,0.12643961772178675,-87.35603822782133
2025-07-30,6,47,4.038595127961196,0.2876492256382618,-71.23507743617382,8.63811611515674,0.6152504355524742,-38.47495644475258,7.5163080424687365,0.5353495756744113,-46.46504243255887,4.793082811780738,0.34138766465674764,-65.86123353432522
2025-07-30,7,53,25.306443561310797,0.6952319659700767,-30.476803402992324,32.04083653564256,0.8802427619682021,-11.975723803179788,24.417877263340632,0.6708208039379293,-32.917919606207064,23.582704172894058,0.6478764882663202,-35.212351173367985
2025-07-30,8,53,46.667354267259256,0.72431094625577,-27.568905374422997,59.267308269933075,0.9198713063779773,-8.012869362202263,39.94660038728696,0.6200000060109726,-37.99999939890274,47.86246996343807,0.7428600025366767,-25.713999746332334
2025-07-30,9,53,58.3380005966382,0.5214336842745638,-47.85663157254361,65.14103401030331,0.5822402038818674,-41.77597961181327,51.674279131169286,0.46187235548059785,-53.81276445194022,54.3720681915232,0.48598559341726133,-51.40144065827387
2025-07-30,10,53,64.95482931618263,0.5717351405350112,-42.82648594649888,72.1555256185,0.6351159723483848,-36.488402765161524,66.4326737470704,0.5847431893941589,-41.525681060584105,61.63388343086744,0.5425040351277831,-45.74959648722169
2025-07-30,11,53,89.70650061498183,0.6337890392467278,-36.621096075327216,93.92098446679327,0.6635649602006026,-33.64350397993974,79.76601172037562,0.5635580876103973,-43.64419123896027,84.69018138999412,0.5983480386462777,-40.165196135372234
2025-07-30,12,53,96.5622963231927,0.828718643350435,-17.1281356649565,93.15909491410609,0.7995116281677488,-20.048837183225128,84.96675444092324,0.7292031792046278,-27.07968207953722,83.87520760699604,0.7198352867061109,-28.016471329388914
2025-07-30,13,53,108.17215323797619,0.8758878804694429,-12.411211953055718,100.5613583257162,0.8142620107345441,-18.57379892654559,92.96042346541182,0.7527159794770188,-24.728402052298122,90.66443452996688,0.7341249759511489,-26.587502404885115
2025-07-30,14,53,74.87627500033048,0.7701735753994083,-22.982642460059164,72.0668018374221,0.7412754766243788,-25.87245233756212,68.6792054631027,0.7064308317537822,-29.35691682462178,62.14493970870741,0.6392197048828164,-36.078029511718356
2025-07-30,15,53,46.49171865560009,0.6934922233830562,-30.650777661694384,41.82544981768531,0.6238879746074777,-37.611202539252226,40.8192048240344,0.6088783535804654,-39.11216464195347,34.91322356120735,0.5207819743616848,-47.92180256383152
2025-07-30,16,53,28.934044822770417,0.6280452533703152,-37.19547466296848,23.91412534103512,0.5190823820498182,-48.09176179501818,22.84479650904747,0.4958714241165069,-50.41285758834931,17.575632356698545,0.3814984231972769,-61.85015768027231
2025-07-30,17,53,20.292166140628613,0.6313679570824084,-36.86320429175915,15.435808182266207,0.48026783392240835,-51.97321660775916,14.091066071679698,0.43842769358057543,-56.157230641942455,10.15731886504618,0.3160335676741188,-68.39664323258813
2025-07-30,18,52,12.964217736665002,0.7408124420951429,-25.918755790485715,10.629932645844026,0.6074247226196585,-39.257527738034156,6.5953463525990825,0.3768769344342332,-62.31230655657667,5.34900144783067,0.30565722559032393,-69.4342774409676
2025-07-30,19,9,0.5256142062322535,0.07939791634928302,-92.06020836507169,1.2405862824612304,0.18739974055305597,-81.26002594469442,0.3900311872926449,0.05891709777834516,-94.10829022216548,0.27211725649224594,0.041105325754115705,-95.88946742458843
2025-07-31,6,18,0.4909110073001616,0.07540875688174525,-92.45912431182546,2.3253942662079563,0.3572034203084418,-64.2796579691558,1.2549206740655576,0.19276815269824235,-80.72318473017577,0.6874949494153678,0.10560598301311334,-89.43940169868867
2025-07-31,7,39,11.415070754047852,1.1816843430691357,18.16843430691358,17.153791879088402,1.775754852907702,77.5754852907702,10.416269089952163,1.0782887256679257,7.828872566792574,10.430487984678974,1.0797606609398525,7.976066093985239
2025-07-31,8,51,37.52249529060547,2.3823806533717757,138.23806533717757,43.168901763117326,2.7408826516264964,174.08826516264966,25.09037697684663,1.5930398080537542,59.303980805375424,31.0760543596,1.9730828164825396,97.30828164825395
2025-07-31,9,53,61.63692188826975,1.4547302782220852,45.47302782220852,67.78647782173663,1.59986966773039,59.98696677303901,40.26095153587253,0.950223071415448,-4.9776928584552005,54.8987903365893,1.2956995595135545,29.569955951355446
2025-07-31,10,53,71.93117772516321,0.9906511186498169,-0.9348881350183034,75.71428362192313,1.0427528387539338,4.275283875393376,45.715799058441846,0.6296074791136461,-37.039252088635386,64.75747029357323,0.8918533300313075,-10.814666996869253
2025-07-31,11,53,51.03313813441168,0.7188778438429594,-28.112215615704066,56.93104388742375,0.8019586404764579,-19.8041359523542,44.93231460602893,0.6329386477817852,-36.70613522182148,47.41961859557041,0.6679760331817216,-33.20239668182784
2025-07-31,12,53,62.12105648148447,0.5348347523158371,-46.51652476841629,63.92114490025543,0.5503327154563533,-44.96672845436468,51.48351276760077,0.4432502175428392,-55.674978245716076,50.86225216806066,0.4379014392428813,-56.20985607571186
2025-07-31,13,53,89.2566705026139,0.7558999873188846,-24.410001268111532,84.02935243814764,0.7116306947675105,-28.83693052324895,58.51807743033124,0.49557992403735807,-50.44200759626419,72.89162826858086,0.6173071499710439,-38.269285002895614
2025-07-31,14,53,71.64343508269954,0.8345187546033727,-16.54812453966273,66.65105088566564,0.7763663469500949,-22.363365304990513,48.42915530805835,0.5641136320099983,-43.58863679900018,55.67750984541751,0.6485440867258884,-35.14559132741116
2025-07-31,15,53,63.833607753525996,0.7322887203570724,-26.771127964292766,59.909650259228236,0.6872737209960793,-31.27262790039207,42.045073305175855,0.4823342125177911,-51.76657874822088,48.83913021127778,0.5602745234745644,-43.97254765254356
2025-07-31,16,53,55.6215492109261,0.7574771784138106,-24.252282158618936,47.178154310021206,0.6424915471880869,-35.75084528119131,26.74113586275478,0.36417180801790533,-63.582819198209464,34.597253492475474,0.47115965535170207,-52.88403446482979
2025-07-31,17,53,38.58708424479792,0.8954997504014369,-10.450024959856306,29.78287502119238,0.6911783481362817,-30.882165186371836,16.27453425974717,0.37768703318048663,-62.231296681951335,19.352281588080448,0.44911305611697483,-55.088694388302514
2025-07-31,18,53,19.594715397216806,0.8471558753660529,-15.284412463394709,15.76377133159038,0.6815292404492166,-31.847075955078346,6.619632072535668,0.2861924804382044,-71.38075195617955,7.540657280467579,0.3260119879147245,-67.39880120852754
2025-07-31,19,24,2.1876097738398457,0.33095458000602807,-66.9045419993972,2.3464408267298102,0.35498348362024357,-64.50165163797564,0.7257411387190689,0.10979442340681828,-89.02055765931817,0.6532881653459618,0.09883330791920752,-90.11666920807924
2025-08-01,6,30,0.7515996816230697,0.075159968162307,-92.4840031837693,3.0234308814967354,0.30234308814967364,-69.76569118503264,2.0948867512314777,0.20948867512314784,-79.05113248768522,1.2780462012073712,0.12780462012073718,-87.21953798792629
2025-08-01,7,31,4.582514859978529,0.3211292824091471,-67.88707175908529,8.300655110932738,0.5816857120485451,-41.831428795145484,5.525488089638885,0.38721009738184203,-61.27899026181579,4.507510058541595,0.31587316457894854,-68.41268354210514
2025-08-01,8,42,14.691845618334794,1.113862442633419,11.386244263341885,20.558613154261018,1.5586514900880226,55.86514900880226,16.986445608558427,1.2878275669869923,28.78275669869922,14.959478900370291,1.134153062954533,13.41530629545331
2025-08-01,9,51,38.31538538826937,1.7158703711719376,71.58703711719376,48.413813736892536,2.16810630259259,116.810630259259,34.31684625014555,1.5368045790481661,53.68045790481661,37.66225223647862,1.6866212376389889,68.66212376389888
2025-08-01,10,53,48.69102888341696,1.9460842879063538,94.60842879063537,51.92155411894008,2.0752020031550793,107.52020031550795,34.48016538792392,1.378104132211188,37.8104132211188,39.364018979901815,1.5733021175020712,57.33021175020711
2025-08-01,11,53,73.58307523493289,2.31175228510628,131.17522851062802,74.82101178449847,2.3506444167294527,135.06444167294526,50.114241543807054,1.574434230091331,57.443423009133085,63.40494771175002,1.991987047180334,99.1987047180334
2025-08-01,12,53,78.6705698309568,1.7229647356757947,72.29647356757948,75.7399762258573,1.658781783308307,65.8781783308307,55.20299143983381,1.2090011265841831,20.900112658418323,66.0280190488877,1.4460801368569358,44.60801368569359
2025-08-01,13,53,65.78823668119882,1.413888602647729,41.38886026477291,62.666883753752465,1.3468060123308074,34.68060123308075,50.29436054047115,1.0809017954109426,8.090179541094262,53.619483010167386,1.1523637010566816,15.236370105668156
2025-08-01,14,53,51.49257951554661,1.1412362481282494,14.12362481282494,50.18190473340165,1.1121876049069515,11.218760490695157,46.64687951483729,1.0338404147791953,3.3840414779195265,43.7717346829241,0.9701182332208356,-2.988176677916444
2025-08-01,15,53,27.911009294377685,0.48314019896793636,-51.68598010320636,25.855332735184966,0.44755639146936066,-55.24436085306393,30.336369105318916,0.5251232318732718,-47.48767681267282,21.847802637179946,0.3781859552913267,-62.18140447086733
2025-08-01,16,53,25.95663177621577,0.480856461211852,-51.9143538788148,22.97876452646831,0.42569033950478535,-57.43096604952147,19.58254772508104,0.36277413347686255,-63.72258665231375,16.634097707462637,0.30815297716677725,-69.18470228332228
2025-08-01,17,53,14.104954496229066,0.4099085875102897,-59.009141248971034,10.61505962574107,0.3084876380628036,-69.15123619371964,10.035669585729098,0.29164979906216504,-70.83502009378351,6.342527208908379,0.18432220891916246,-81.56777910808376
2025-08-01,18,53,6.520021003024859,0.3691971122890634,-63.08028877109366,5.157524768420273,0.29204557012572324,-70.79544298742768,3.2941780465095216,0.1865332982168472,-81.34667017831528,3.2448700508341233,0.18374122598154718,-81.62587740184529
2025-08-01,19,8,0.2380611169233115,0.033482576219875035,-96.6517423780125,1.0239305314082814,0.14401273296881595,-85.5987267031184,0.04999999999999992,0.007032348804500692,-99.29676511954993,0.2447861062816562,0.03442842563736374,-96.55715743626362
2025-08-02,6,47,1.1721589443273286,0.07840528055701194,-92.1594719442988,4.850117550927108,0.3244225786573317,-67.55774213426683,4.027939252367726,0.26942737474031614,-73.05726252596838,2.489297729943747,0.16650820936078575,-83.34917906392143
2025-08-02,7,48,7.880277080006109,0.24083976405886642,-75.91602359411335,13.154093349302,0.40201996788820293,-59.7980032111797,10.55552808381283,0.32260171405295934,-67.73982859470406,8.661201288843095,0.2647066408570628,-73.52933591429371
2025-08-02,8,52,14.629835099170759,0.2969319078378478,-70.30680921621521,21.34894328114148,0.4333051203803832,-56.66948796196167,14.799544488881013,0.30037638499859987,-69.96236150014002,14.192676601486905,0.2880591962956547,-71.19408037043452
2025-08-02,9,53,34.22394444599892,0.5471453948201266,-45.285460517987346,43.302270143912885,0.6922824963055617,-30.771750369443833,31.43974740126599,0.5026338513391845,-49.73661486608155,32.82575211329179,0.5247922000526265,-47.52077999473735
2025-08-02,10,53,59.693456839581245,0.582488845038849,-41.751115496115105,69.9571887811025,0.6826423573487753,-31.735764265122462,47.563441268803224,0.4641241341608433,-53.587586583915666,58.582060045922724,0.5716438333911272,-42.835616660887275
2025-08-02,11,53,79.54668404002659,0.6488310280589443,-35.11689719410557,85.03392604987677,0.6935883038326,-30.641169616740004,65.17736656373432,0.5316261546797252,-46.83738453202748,74.44042618216281,0.6071812902297129,-39.28187097702872
2025-08-02,12,53,112.90328104538831,0.8979106175074623,-10.208938249253775,106.78027215514877,0.8492148254743818,-15.07851745256183,89.46708449592607,0.7115244512162086,-28.847554878379146,97.25804110694061,0.7734852959037745,-22.65147040962255
2025-08-02,13,53,100.71641055685677,0.74993604286565,-25.00639571343501,95.99626239351878,0.714789742319574,-28.521025768042602,86.5839524558997,0.6447055283387917,-35.52944716612084,86.38376446512251,0.6432149252801379,-35.67850747198621
2025-08-02,14,53,110.8226811000539,0.801784699030921,-19.8215300969079,99.81092101185635,0.7221163435961246,-27.788365640387536,80.40660851857477,0.5817291891084848,-41.82708108915152,90.50589359963732,0.6547959311216707,-34.520406887832934
2025-08-02,15,53,75.90426948241964,0.6192222995792106,-38.07777004207894,71.19006976951641,0.5807641521415925,-41.923584785840745,54.33706569960889,0.44327839533046903,-55.6721604669531,60.390576334477586,0.4926625577947266,-50.73374422052734
2025-08-02,16,53,66.48561396665342,0.7516745502165453,-24.832544978345478,56.81225689438283,0.6423092921920049,-35.76907078079951,40.82001972097549,0.4615038973541605,-53.84961026458396,46.51497182965521,0.5258900150328458,-47.410998496715415
2025-08-02,17,53,51.48737055648167,1.0464912714732049,4.64912714732048,41.495420258885474,0.8434028507903553,-15.659714920964477,22.184661781737034,0.4509077597914032,-54.90922402085968,29.2154535947958,0.5938100324145489,-40.618996758545116
2025-08-02,18,53,27.04107693612366,1.2606562674183526,26.065626741835263,19.196854559901006,0.8949582545408395,-10.50417454591604,9.410562618187061,0.4387208679807489,-56.12791320192512,10.559736215949293,0.4922953946829508,-50.77046053170492
2025-08-02,19,14,2.2162228758146396,0.35977644087899996,-64.02235591210001,2.581606290655456,0.41909193030121045,-58.09080696987896,0.865972381788313,0.1405799321084924,-85.94200678915075,0.564321258131091,0.09161059385244985,-90.83894061475502
2025-08-03,6,48,2.472842894314992,0.16787799689850588,-83.21220031014941,6.666437299339199,0.45257551251454164,-54.74244874854583,5.762355243434515,0.3911985908645292,-60.88014091354709,3.358793788023392,0.2280240181957496,-77.19759818042505
2025-08-03,7,52,22.439089039383003,0.5705336648711671,-42.946633512883295,32.36044611377202,0.8227929344971273,-17.72070655028727,25.467769919171793,0.6475405522291328,-35.24594477708673,24.76354712474119,0.6296350654650696,-37.036493453493044
2025-08-03,8,53,54.97872403866516,0.7409531541599079,-25.904684584009203,72.47117076863411,0.9767004146716188,-2.329958532838112,58.32827143319373,0.7860953023341474,-21.390469766585262,64.01224601384696,0.8626987333402557,-13.730126665974431
2025-08-03,9,53,86.74494991027436,0.873740430200185,-12.625956979981497,107.53141821763568,1.0831125928448397,8.311259284483974,87.50497794054336,0.8813958293769477,-11.860417062305231,97.75860976155948,0.9846757631099868,-1.5324236890013128
2025-08-03,10,53,115.88223525887392,0.8231441629412837,-17.68558370587163,129.79200374505052,0.9219491671050613,-7.805083289493877,115.2921240957437,0.8189524371057231,-18.104756289427687,120.58304059939243,0.8565353075677826,-14.34646924322174
2025-08-03,11,53,120.48384360894951,0.8216861734225568,-17.831382657744328,123.5012524744732,0.8422645602842064,-15.77354397157936,122.08915949262926,0.8326342460112477,-16.736575398875235,114.98301973496406,0.7841711773509107,-21.582882264908925
2025-08-03,12,53,156.68969915985068,0.9691946505836004,-3.080534941639953,146.16820891431144,0.9041146094780197,-9.58853905219803,124.11887436444304,0.7677297851453149,-23.227021485468512,139.00927052612678,0.8598334293692509,-14.016657063074907
2025-08-03,13,53,177.31441925658442,1.107799695467852,10.779969546785194,170.01543534217842,1.062198146583646,6.219814658364606,143.10893160834783,0.8940955367259016,-10.590446327409845,162.36514473303927,1.0144017539237737,1.4401753923773846
2025-08-03,14,53,159.67077665675004,0.9453009096959922,-5.469909030400782,149.76523984302116,0.8866570353621525,-11.334296463784757,125.77857256974798,0.7446484670519684,-25.53515329480316,142.56969168875753,0.8440571410144901,-15.594285898550982
2025-08-03,15,53,146.94411178478563,1.0397234259165475,3.972342591654744,131.62382015879112,0.9313225794862459,-6.8677420513754095,106.62160643431503,0.7544159515624074,-24.55840484375926,125.11518386227326,0.8852698214269672,-11.473017857303283
2025-08-03,16,53,110.07693797392956,1.0006084717201122,0.06084717201121789,95.03843659496529,0.8639072502042112,-13.609274979578881,68.45187084005573,0.6222331682579376,-37.776683174206234,85.97767494018478,0.7815441772582926,-21.84558227417074
2025-08-03,17,53,77.6494411471564,1.1860308713480434,18.603087134804333,60.28754495334989,0.9208422934679988,-7.91577065320011,39.5763671075661,0.6044962136484817,-39.55037863515182,51.06547221638195,0.7799827740397426,-22.00172259602574
2025-08-03,18,53,41.51876855116279,1.6727948650750522,67.2794865075052,31.77122388594345,1.2800654265085998,28.006542650859988,13.506261451581711,0.5441684710548634,-45.58315289451366,19.570780569025306,0.7885084838446941,-21.1491516155306
2025-08-03,19,10,1.3667410468619825,0.22368920570572548,-77.63107942942746,1.7639977882934517,0.2887066756617761,-71.12933243382238,0.04999999999999992,0.008183306055646468,-99.18166939443536,0.3927995576586902,0.06428797997687237,-93.57120200231277
2025-08-04,6,49,2.933700863418697,0.20515390653277601,-79.48460934672241,7.541790005884703,0.5273979025094199,-47.26020974905802,7.202801872442338,0.5036924386323314,-49.63075613676686,3.9891350570424446,0.27896049349947166,-72.10395065005282
2025-08-04,7,52,24.15049361094559,0.5714740561037763,-42.85259438962236,34.411269682940585,0.8142751936332367,-18.57248063667632,29.321505081798794,0.6938358987647609,-30.616410123523913,26.907390124247623,0.63671060398125,-36.328939601875
2025-08-04,8,52,59.302833879856735,0.7202190172438272,-27.97809827561728,77.3189351970153,0.9390203448750948,-6.097965512490522,61.323604832637514,0.7447608068088112,-25.523919319118882,69.53842059192824,0.8445278187020675,-15.547218129793247
2025-08-04,9,52,91.26393241155013,0.7976919186395431,-20.230808136045685,112.22073772211537,0.9808647646369668,-1.9135235363033156,90.45553153694304,0.7906260950698631,-20.937390493013684,103.98368943170581,0.9088688876121477,-9.113111238785232
2025-08-04,10,52,128.09443086572497,0.9086000203271738,-9.139997967282623,141.0233259426447,1.0003073197804275,0.03073197804276156,108.54353533944612,0.7699215160976458,-23.007848390235417,134.11554613724127,0.9513090235298712,-4.8690976470128735
2025-08-04,11,52,147.77123267043658,0.9323106162172656,-6.768938378273437,146.3194475197772,0.9231510884528532,-7.684891154714675,122.79774856661972,0.7747492023130583,-22.52507976869417,139.26007274102517,0.8786124463156164,-12.138755368438362
2025-08-04,12,52,157.1521021830062,1.1851591416516307,18.515914165163082,154.10730953724365,1.1621969045041003,16.219690450410024,124.8353434254444,0.9414430122582537,-5.855698774174631,147.03280457095696,1.1088446800223002,10.88446800223001
2025-08-04,13,52,156.9196508834091,1.1429794659728245,14.297946597282454,150.5875234706872,1.0968571889481182,9.685718894811833,123.42909414904673,0.8990392173431911,-10.096078265680884,143.6046336782685,1.0459948552572547,4.599485525725456
2025-08-04,14,52,153.44764199115457,1.3011756295357801,30.11756295357802,142.59314147097228,1.2091337358685006,20.91337358685006,110.74071440337868,0.939037686791984,-6.0962313208016035,135.93511055708336,1.1526762533459116,15.267625334591159
2025-08-04,15,52,97.957660968103,0.9785002593956946,-2.1499740604305404,90.07766340589357,0.8997868685035817,-10.021313149641832,82.43611313365862,0.8234553304730657,-17.654466952693426,83.15944190033873,0.8306806702660945,-16.93193297339055
2025-08-04,16,52,87.8202814018574,1.2008790018030548,20.08790018030549,74.5265193957238,1.0190963954016656,1.909639540166553,66.00599353405575,0.9025843502537365,-9.74156497462635,68.05271020968122,0.9305717244589256,-6.942827554107443
2025-08-04,17,52,67.9636397473414,1.8448327835869,84.48327835869,52.52099882239527,1.425651433832662,42.5651433832662,34.361166070920575,0.9327135198404064,-6.72864801595936,41.50911615168732,1.1267403949969412,12.674039499694134
2025-08-04,18,51,30.82990302222971,1.5883515209804078,58.83515209804079,23.501206629072474,1.2107782910392828,21.077829103928273,10.42572239238079,0.537131498834662,-46.28685011653379,13.706294753450965,0.7061460460304466,-29.385395396955342
2025-08-04,19,14,1.5420868571681554,0.16492907563295783,-83.50709243670421,1.9941668041067304,0.21327987209697657,-78.67201279030235,0.45366853851609856,0.04852069930653462,-95.14793006934654,0.670833360821346,0.07174688351030441,-92.82531164896956
2025-08-05,6,50,2.6753367904506002,0.14430079775893204,-85.5699202241068,6.995240883128453,0.377305333502074,-62.269466649792605,6.4572068483972815,0.34828515902897955,-65.17148409710205,3.7565167862010282,0.20261687088462932,-79.73831291153707
2025-08-05,7,53,22.152778566181382,0.4702351637907319,-52.97648362092681,31.80718811587622,0.6751685017167526,-32.48314982832474,29.559606474664697,0.6274592756243832,-37.25407243756168,25.31021572369177,0.5372578162532746,-46.27421837467254
2025-08-05,8,53,50.32808803308719,0.5782179231742555,-42.17820768257445,66.66865368091064,0.765954201297227,-23.404579870277296,62.43991903711977,0.7173703933492621,-28.262960665073784,58.00937336829942,0.6664679844703518,-33.35320155296481
2025-08-05,9,53,89.85862887418608,0.7290169468942568,-27.09830531057432,110.95569961435201,0.9001760474959599,-9.982395250404007,91.85660632265453,0.7452264020984467,-25.477359790155337,101.64747255564909,0.8246590342012745,-17.53409657987255
2025-08-05,10,53,125.80130056251541,0.8253053897691756,-17.46946102308245,140.23691730358584,0.920008642023131,-7.999135797686899,114.17441670266138,0.7490285160576093,-25.097148394239067,133.46753791327575,0.8755988841650316,-12.44011158349684
2025-08-05,11,53,154.3436258652226,0.9399161187821848,-6.0083881217815165,156.21470319493437,0.9513105364772811,-4.868946352271885,135.44417096742814,0.8248229155802211,-17.51770844197789,149.51486286939195,0.9105100960318612,-8.948990396813889
2025-08-05,12,53,156.6111897539439,0.9115371035093645,-8.846289649063557,152.24805645110834,0.8861419966888326,-11.385800331116734,129.86179809527013,0.755845399541762,-24.4154600458238,145.3752000743714,0.84613934040144,-15.386065959856001
2025-08-05,13,53,165.53650531878478,1.097358338208716,9.735833820871603,157.23154907009416,1.042303938151105,4.230393815110505,123.9071173763009,0.8213928894683522,-17.860711053164778,150.33754454918883,0.9966028806707913,-0.33971193292086954
2025-08-05,14,53,140.5325692374995,1.1233618644084693,12.336186440846928,127.77415065955459,1.0213761043929224,2.1376104392922453,108.17825060696913,0.8647342174817677,-13.526578251823235,118.35253163948771,0.9460634023939866,-5.3936597606013486
2025-08-05,15,53,134.58410365041883,1.1037817079506178,10.378170795061772,124.15153354826839,1.0182197453314885,1.8219745331488415,97.45936575904247,0.799305878446998,-20.0694121553002,114.83715073602446,0.9418285141968707,-5.817148580312927
2025-08-05,16,53,112.66344468613103,1.2193013494170026,21.93013494170026,94.66478466313214,1.0245106565274043,2.4510656527404193,74.21421373736726,0.8031841313567886,-19.68158686432114,85.06441804983136,0.9206105849548849,-7.938941504511507
2025-08-05,17,53,73.9981692105921,1.2259471373524204,22.594713735242042,57.05300779709094,0.9452121901439852,-5.478780985601487,34.35120198094104,0.569105400612012,-43.089459938798804,44.17297840533659,0.7318253546278428,-26.81746453721572
2025-08-05,18,53,37.207687725941945,1.7525995160594416,75.25995160594415,27.749585933417716,1.3070930726998453,30.70930726998453,10.788781511380321,0.5081856576250741,-49.1814342374926,15.892672791746932,0.7485950443592525,-25.140495564074744
2025-08-05,19,7,0.8129703837732644,0.1339325179198129,-86.6067482080187,1.5757816105765694,0.25960158329103283,-74.0398416708967,0.04999999999999992,0.008237232289950562,-99.17627677100495,0.3551563221153137,0.058510102490167006,-94.14898975098329
2025-08-06,6,47,2.663513046838224,0.19512916094052923,-80.48708390594707,6.812991768107449,0.49912027605182774,-50.08797239481723,6.218845194049381,0.45559305450911214,-54.44069454908879,3.2498301969804295,0.2380827983135846,-76.19172016864154
2025-08-06,7,53,25.187366164241453,0.649661237148348,-35.0338762851652,35.94189463145915,0.9270542850518222,-7.294571494817781,38.35387851282266,0.989266920629937,-1.0733079370062997,30.295225652674425,0.7814089670537638,-21.85910329462362
2025-08-06,8,53,62.282549523610854,1.0286135346591387,2.8613534659138717,80.59038354494322,1.3309724780337442,33.09724780337443,63.138334241092906,1.0427470560048373,4.274705600483735,71.82709267202858,1.186244305070662,18.624430507066194
2025-08-06,9,53,101.59580249691092,1.2519507393334677,25.195073933346762,122.9643545597446,1.5152723913708512,51.527239137085125,103.1903432204084,1.2716000396846379,27.16000396846379,113.40327746072438,1.3974525873163814,39.745258731638145
2025-08-06,10,53,135.3177360301335,1.2000508693697542,20.005086936975434,141.4941871014564,1.254826065106921,25.48260651069209,112.24119945355129,0.9953990728410013,-0.4600927158998776,134.36141888816397,1.191569873077013,19.156987307701293
2025-08-06,11,53,158.03325612859854,1.0662073682944173,6.620736829441734,152.92808324284633,1.03176415627342,3.1764156273420108,128.63594392874379,0.8678717037427054,-13.212829625729466,145.98715101323464,0.984935575585175,-1.5064424414825002
2025-08-06,12,53,154.70323990784692,1.0018342177687276,0.18342177687275302,148.69775045744674,0.9629435983515524,-3.705640164844755,111.14007120811586,0.7197258853005818,-28.02741146994182,141.5965907220788,0.9169575878906798,-8.304241210932021
2025-08-06,13,53,154.2601788618603,0.9856250646083975,-1.4374935391602506,146.64606508648717,0.9369756890070101,-6.30243109929899,109.69367505321549,0.7008732672239184,-29.91267327760816,139.68376238569107,0.8924909742872088,-10.75090257127912
2025-08-06,14,53,150.13459238084337,1.1721023684974894,17.210236849748927,137.48534645086482,1.0733495702308131,7.33495702308131,102.29026957913979,0.7985812286606278,-20.141877133937225,130.43776118202248,1.0183289966587752,1.8328996658775156
2025-08-06,15,53,116.57754754022946,1.0847450222408994,8.474502224089942,106.22830721809555,0.9884461451390673,-1.1553854860932795,77.46896298572412,0.720842681545772,-27.915731845422798,95.85825639735381,0.8919536279645838,-10.804637203541628
2025-08-06,16,53,61.17738163613311,0.6573265459990664,-34.26734540009336,52.02710902609155,0.5590105192445637,-44.098948075543625,40.77962484904895,0.43816079132963304,-56.1839208670367,42.398898165543834,0.4555592367631227,-54.44407632368773
2025-08-06,17,53,36.65940335360168,0.7924644045309485,-20.753559546905148,26.788739125345558,0.5790907722729259,-42.09092277270741,21.803515332025896,0.47132545032481393,-52.867454967518604,19.1122943930946,0.4131494680738132,-58.685053192618675
2025-08-06,18,49,19.18995867531287,0.989683273610772,-1.0316726389228008,15.604101442563904,0.8047499454648738,-19.525005453512616,9.19184000350859,0.4740505416971939,-52.594945830280615,8.683946820741616,0.44785697889332726,-55.214302110667276
2025-08-06,19,5,0.35723386351807884,0.04222622500213698,-95.7773774997863,1.0459972640564308,0.12364033854094926,-87.63596614590507,0.03999999999999995,0.00472813238770685,-99.52718676122933,0.24119945281128607,0.028510573618355326,-97.14894263816448
2025-08-07,6,32,0.7678070779791977,0.07771326700194309,-92.22867329980569,3.7277060170430847,0.37729817986266045,-62.27018201373396,2.2835716370468293,0.23113073249461838,-76.88692675053815,1.3078135025753037,0.132369787710051,-86.7630212289949
2025-08-07,7,52,9.953204775463886,0.463802645641374,-53.6197354358626,16.124807294722117,0.7513889699311331,-24.861103006886687,12.795312505109893,0.5962400980945896,-40.375990190541046,10.175876312977842,0.4741787657492004,-52.58212342507995
2025-08-07,8,52,20.437106854695394,0.6327277663992381,-36.72722336007619,28.228166370206,0.8739370393252631,-12.606296067473693,23.819310762715624,0.7374399616939821,-26.25600383060179,20.719927111050236,0.6414838114876233,-35.851618851237674
2025-08-07,9,53,31.561101786796524,0.521584891535226,-47.84151084647739,39.39161038981864,0.6509933959646115,-34.90066040353884,32.41029930595527,0.5356188944960383,-46.438110550396175,31.870290963012774,0.5266946118494923,-47.33053881505077
2025-08-07,10,53,48.81046501300296,0.7268870441251373,-27.311295587486274,55.79853146790904,0.8309535587179306,-16.904644128206932,50.434742118433114,0.7510758319945364,-24.892416800546357,47.33109083032639,0.7048561553287624,-29.51438446712376
2025-08-07,11,53,51.421775342825796,0.646489506447395,-35.35104935526049,58.33977879431915,0.7334646567050435,-26.653534329495653,62.914004282308525,0.7909731491363909,-20.90268508636091,51.579335880802546,0.6484704033291746,-35.152959667082534
2025-08-07,12,53,74.64502391785133,0.7991117002232236,-20.088829977677634,73.77366016326145,0.7897833225913868,-21.021667740861318,80.42245770744861,0.860961970960803,-13.903802903919704,66.43660757515163,0.7112365654121787,-28.876343458782124
2025-08-07,13,53,62.69165494072913,0.4975923084429647,-50.240769155703525,63.04000436620172,0.5003572058592088,-49.96427941407912,66.39793687083761,0.527009579100227,-47.29904208997729,56.00344022542359,0.44450702615623133,-55.54929738437687
2025-08-07,14,53,49.440489346076774,0.4312673529839216,-56.87326470160784,48.66404227664124,0.4244944371653981,-57.55055628346019,50.34665948402344,0.4391718377880621,-56.08281622119379,40.06468272685239,0.34948257786856585,-65.05174221314343
2025-08-07,15,53,62.81379968141325,0.6781882928245871,-32.18117071754129,59.34487532036478,0.6407349959011529,-35.92650040988471,48.499949940236,0.523644460594213,-47.6355539405787,49.42310193254217,0.5336115518521073,-46.63884481478927
2025-08-07,16,53,65.47018226800404,0.8101742639277815,-18.98257360722185,57.671860351517196,0.7136723221323745,-28.632767786762546,41.20270575502479,0.5098713742732927,-49.012862572670734,47.39804495998929,0.5865368761290594,-41.346312387094066
2025-08-07,17,53,46.512225166591705,1.061438273997985,6.1438273997985045,37.03637119880966,0.8451933180924158,-15.480668190758418,23.769265020923108,0.5424295988343931,-45.75704011656069,25.83763699699257,0.5896311500911129,-41.03688499088871
2025-08-07,18,51,24.995972617462183,1.1134063526709213,11.340635267092132,17.551925104193074,0.7818229445074867,-21.817705549251336,9.662698681441302,0.43040974082143885,-56.95902591785611,9.690965464933976,0.4316688403088631,-56.83311596911369
2025-08-07,19,9,0.8564212055951453,0.10004920626111513,-89.99507937388849,1.4163266977310267,0.16545872637044706,-83.4541273629553,0.03999999999999995,0.0046728971962616776,-99.53271028037383,0.3152653395462052,0.036830063031098745,-96.31699369689014
2025-08-08,6,49,2.027709320072553,0.1314134361680203,-86.85865638319797,6.258463087591697,0.4056035701614839,-59.439642983851606,5.962253425047573,0.3864065732370429,-61.35934267629571,3.2121131419877016,0.20817324316187305,-79.18267568381269
2025-08-08,7,53,17.815207752278546,0.4252854560104691,-57.47145439895309,26.19252253048564,0.6252690983644221,-37.473090163557785,22.28621488648018,0.532017543243738,-46.7982456756262,19.816239111740167,0.47305416833946456,-52.69458316605354
2025-08-08,8,53,44.75336561801184,0.5654247077449379,-43.45752922550621,59.053516011723886,0.7460962225107249,-25.390377748927502,45.57239697879846,0.5757725455312502,-42.42274544687498,47.6187210817157,0.6016262928833316,-39.83737071166684
2025-08-08,9,53,77.94332618623463,0.7484475339565454,-25.15524660434546,96.17345840558735,0.9235016171076182,-7.649838289238173,74.0490392879501,0.7110528066828318,-28.894719331716818,86.98021170943711,0.8352238497161237,-16.477615028387625
2025-08-08,10,53,117.31937955075757,0.9848013057228034,-1.5198694277196518,129.33099807878884,1.085629128504901,8.562912850490088,94.75401327523898,0.7953833062640727,-20.46166937359273,120.12453204895968,1.0083482921930638,0.8348292193063744
2025-08-08,11,53,128.61938294411974,1.0577251886851953,5.772518868519524,129.4773869421512,1.0647811426163751,6.478114261637516,113.19144286877722,0.9308506814866547,-6.914931851334521,122.70263830008118,1.0090677491782991,0.9067749178299193
2025-08-08,12,53,150.70762214648784,0.9798935120057728,-2.010648799422723,146.12220273937808,0.9500793416084402,-4.992065839155983,111.11952225338774,0.7224936427398424,-27.750635726015766,139.03378216249726,0.9039907812906195,-9.600921870938052
2025-08-08,13,53,162.6682853945048,1.1038835870962593,10.388358709625944,152.82770653261687,1.0371044145807333,3.71044145807333,114.41654891647141,0.7764423786405497,-22.35576213594503,145.8949800483324,0.9900582250836888,-0.9941774916311168
2025-08-08,14,53,140.72257883924934,0.9255628705554416,-7.443712944455838,130.51918239996797,0.8584529229148118,-14.154707708518824,106.25746383898525,0.6988783467441808,-30.11216532558192,121.13610647905799,0.7967384009409234,-20.326159905907662
2025-08-08,15,53,106.5697121183456,0.8233772086714487,-17.662279132855133,97.21828029269231,0.7511263253704111,-24.88736746295889,74.07393983943345,0.5723088915972606,-42.76911084027393,87.34470444334237,0.6748412612481061,-32.5158738751894
2025-08-08,16,53,88.8763539302402,1.1368170111312383,13.681701113123825,74.41574551738353,0.9518514392093059,-4.81485607906941,51.94235469538952,0.664394406438853,-33.56055935611471,64.03060177556563,0.8190151160855159,-18.09848839144841
2025-08-08,17,53,54.54688972761111,1.311854009803057,31.185400980305705,42.866119382058876,1.0309312020697181,3.093120206971809,23.712637955517597,0.5702895131197113,-42.971048688028866,30.646924513882777,0.7370592716181524,-26.294072838184757
2025-08-08,18,48,26.872770201250937,1.8096141549663929,80.96141549663929,18.30410957684846,1.2325999715049467,23.259997150494673,7.023777965961863,0.47298168120955303,-52.70183187904469,9.072914554330845,0.6109706770593161,-38.902932294068385
2025-08-08,19,7,0.641253005711871,0.07553038936535583,-92.44696106346441,1.2648451658229245,0.1489805849025824,-85.10194150974176,0.03999999999999991,0.004711425206124842,-99.52885747938753,0.2849690331645848,0.03356525714541635,-96.64347428545838
2025-08-09,6,9,0.1039920025687304,0.012205634104311082,-98.77943658956887,1.1517033467247217,0.13517644914609414,-86.4823550853906,0.23692006121207848,0.027807518921605462,-97.21924810783945,0.324627364532496,0.03810180334888452,-96.18981966511154
2025-08-09,7,35,3.1482803839340674,0.2846546459253226,-71.53453540746774,6.6059677847755,0.5972846098350363,-40.27153901649637,3.8125682617159926,0.34471684102314587,-65.52831589768542,2.660244940801091,0.24052847566013483,-75.94715243398652
2025-08-09,8,51,8.781778914479247,0.328168120869927,-67.1831879130073,13.343814617733269,0.4986477809317365,-50.13522190682635,9.009438525675376,0.33667558018218896,-66.33244198178112,7.354194008330673,0.27482040389875456,-72.51795961012454
2025-08-09,9,48,21.378880873710926,0.7698552709294535,-23.014472907054646,25.569463491127028,0.9207584980600297,-7.92415019399703,16.982297947925627,0.6115339556328997,-38.84660443671003,17.637282372912217,0.6351199990245666,-36.488000097543335
2025-08-09,10,50,31.61250797242165,0.892756508681775,-10.7243491318225,33.19647451660497,0.9374886901046308,-6.2511309895369225,25.68833706334287,0.725454308481866,-27.454569151813402,24.685808532439264,0.6971422912295755,-30.285770877042456
2025-08-09,11,53,35.921167900792994,0.7383590524315107,-26.164094756848932,36.937867425641464,0.7592572954910887,-24.07427045089113,30.03789207441233,0.6174284085182391,-38.25715914817609,27.40669357613646,0.5633441639493619,-43.66558360506381
2025-08-09,12,53,42.04874139858303,0.5946647065278325,-40.53352934721675,41.072194180386,0.5808541108808656,-41.91458891191345,30.02500128938576,0.4246217124789388,-57.53782875210612,31.142980069455987,0.4404324716370526,-55.95675283629474
2025-08-09,13,53,37.00411175772073,0.44173465151869085,-55.82653484813092,36.17574582106774,0.4318460764124119,-56.81539235875881,29.305076364858017,0.3498278186087862,-65.01721813912138,27.34766240291819,0.32646129166668486,-67.35387083333151
2025-08-09,14,53,39.82057508185807,0.7348325351883754,-26.51674648116246,37.8629622991565,0.6987075530385034,-30.129244696149666,27.543906951370108,0.5082839444799798,-49.17160555200202,27.972015316670355,0.5161840803962051,-48.381591960379495
2025-08-09,15,53,73.6374896140642,1.905732132869156,90.5732132869156,62.887264440358436,1.6275171956614503,62.75171956614501,31.484354233231027,0.8148124801560824,-18.518751984391756,52.01858905966281,1.3462367769063874,34.623677690638736
2025-08-09,16,52,35.50517985677345,0.9901054059334484,-0.9894594066551594,28.067257680693153,0.7826898405101271,-21.731015948987288,15.027419657113402,0.41905799378453445,-58.094200621546555,17.986119919890044,0.5015649726684341,-49.84350273315658
2025-08-09,17,46,20.85411947800279,1.2833304294155563,28.333042941555632,14.437954425192686,0.8884895030887807,-11.151049691121932,6.657466814018499,0.4096902654780615,-59.030973452193855,7.1395604675081685,0.4393575672312719,-56.0642432768728
2025-08-09,18,23,3.8718712341777404,0.3625347597544701,-63.74652402455298,4.13141515190454,0.38683662471016295,-61.31633752898371,1.9488187077548549,0.18247366177479915,-81.75263382252008,2.3518139335093,0.22020729714506554,-77.97927028549344
2025-08-09,19,6,0.12347332388754378,0.014560533477304695,-98.54394665226954,1.3075978816168856,0.15419786339821767,-84.58021366017825,0.03999999999999995,0.004716981132075467,-99.52830188679246,0.29351957632337705,0.0346131575853039,-96.53868424146962
2025-08-10,6,34,0.8060137177713729,0.07742687010291766,-92.25731298970823,3.549842798668403,0.34100315068860737,-65.89968493113926,2.0462385540392,0.19656470259742556,-80.34352974025745,1.5393714735491986,0.14787430101337162,-85.21256989866284
2025-08-10,7,51,9.690725326712979,0.38825021340997506,-61.1749786590025,15.10514511659179,0.6051740831967863,-39.48259168032136,10.663526398481793,0.4272246153237897,-57.277538467621035,9.122839096463508,0.3654983612365187,-63.45016387634813
2025-08-10,8,53,18.94041953828894,0.3902022978633898,-60.97977021366102,25.87366037031012,0.5330379145098912,-46.696208549010876,17.136625414666465,0.353041314682045,-64.6958685317955,17.205958604499052,0.3544696869488886,-64.55303130511115
2025-08-10,9,53,44.85601237538235,0.6813916508488888,-31.86083491511112,50.97758442383037,0.7743822637677408,-22.561773623225925,23.33656561138983,0.3544974268781685,-64.55025731218316,37.176425742679534,0.5647337952708421,-43.52662047291579
2025-08-10,10,53,65.3539363341458,0.7980698050329196,-20.193019496708036,68.63208448837767,0.838100921826568,-16.189907817343194,33.985688787381726,0.41501634860644426,-58.49836513935558,56.827320403101,0.6939470069984246,-30.605299300157547
2025-08-10,11,53,91.79598242121355,0.949679106364717,-5.032089363528304,91.83203773323854,0.9500521180761279,-4.994788192387207,52.97340534636108,0.5480385407237852,-45.19614592762148,82.24332930497377,0.8508517412060186,-14.914825879398135
2025-08-10,12,53,133.5085043142955,1.26106077561439,26.106077561439,121.61483933299296,1.1487186108717573,14.871861087175722,86.39511825523348,0.816049100361136,-18.3950899638864,112.12191315291253,1.0590527359300321,5.905273593003217
2025-08-10,13,53,120.08402126480341,1.2711339183317814,27.113391833178145,109.61884381857256,1.1603561323020275,16.035613230202756,88.53199164753863,0.9371439784856422,-6.285602151435779,100.76497634389399,1.066634660144956,6.663466014495584
2025-08-10,14,53,117.66568266710445,1.99095909758214,99.09590975821399,105.44945143119978,1.7842546773468664,78.42546773468662,79.02602221493576,1.3371577362933296,33.715773629332965,95.95251439523504,1.6235620033034697,62.35620033034698
2025-08-10,15,53,45.15410022385421,0.877801326280214,-12.219867371978598,38.07115316215013,0.7401079541631053,-25.989204583689475,32.42809248018108,0.6304061524140956,-36.95938475859044,30.34375701904821,0.5898864117233322,-41.011358827666776
2025-08-10,16,53,41.35807538337449,0.712333368642344,-28.766663135765597,32.168401612953645,0.5540544542361978,-44.59455457638021,21.923990791170525,0.3776092110087931,-62.23907889912069,22.241202178953568,0.38307272096027506,-61.6927279039725
2025-08-10,17,53,26.004193532505422,0.8963872296623723,-10.36127703376277,19.43346181575263,0.6698883769649303,-33.01116230350697,11.292014920314797,0.3892456022169871,-61.0754397783013,11.6185730504667,0.40050234575893484,-59.949765424106516
2025-08-10,18,51,14.796008495005394,1.1443162022432631,14.431620224326311,11.7062667541785,0.9053570575544083,-9.464294244559172,5.410352153454611,0.4184340412571238,-58.15659587428762,5.515072202105429,0.4265330396059883,-57.346696039401166
2025-08-10,19,3,0.1159568722484883,0.01926193891170902,-98.0738061088291,0.954081713687251,0.15848533449954338,-84.15146655004565,0.010000000000000009,0.0016611295681063138,-99.83388704318938,0.19881634273745016,0.03302597055439372,-96.69740294456062
2025-08-11,6,12,0.14244719938174238,0.022682675060787007,-97.73173249392131,1.3792099395654918,0.21961941712826305,-78.0380582871737,0.4077986197900189,0.06493608595382468,-93.50639140461753,0.3410974643710883,0.05431488286163827,-94.56851171383617
2025-08-11,7,45,2.486688465707216,0.2348147748543169,-76.5185225145683,6.281312277855804,0.5931361924320873,-40.68638075679127,4.785020399489995,0.4518432860708211,-54.8156713929179,3.1500699694322205,0.29745703205214546,-70.25429679478546
2025-08-11,8,51,10.183443667944724,0.48538816339107366,-51.46118366089263,16.71130825594896,0.7965351885581012,-20.34648114418988,11.415789321267926,0.5441272317096247,-45.58727682903752,10.2834765954639,0.4901561770955149,-50.984382290448515
2025-08-11,9,53,14.254684386686908,0.6014634762315151,-39.853652376848494,19.077383141987067,0.8049528751893278,-19.504712481067227,16.881125321595164,0.7122837688436778,-28.771623115632217,13.442828827121458,0.5672079673890911,-43.27920326109089
2025-08-11,10,53,33.31641758828919,0.5581574399110268,-44.184256008897314,37.64000726614742,0.6305915105737547,-36.94084894262452,27.91482342657169,0.4676633175837107,-53.233668241628926,28.38983776982069,0.4756213397523989,-52.437866024760105
2025-08-11,11,53,51.15946261790714,0.5524779980335545,-44.75220019664455,56.07550527999839,0.6055670116630496,-39.44329883369504,41.547818589532724,0.4486805463232476,-55.131945367675236,46.32132503954043,0.5002302920036764,-49.97697079963236
2025-08-11,12,52,76.57484384193894,0.6453298823692816,-35.467011763071845,74.33413715073324,0.6264464617456029,-37.35535382543971,53.36039439355609,0.4496915084574085,-55.03084915425915,63.3567405698778,0.5339351135165835,-46.606488648341646
2025-08-11,13,53,104.71414541182564,1.1881782073281024,18.81782073281024,96.84787076318564,1.0989205805422178,9.892058054221787,68.37218798980966,0.7758105978646281,-22.41894021353719,87.15618116616697,0.9889502004557698,-1.1049799544230203
2025-08-11,14,53,99.82683058056979,1.1145118966235323,11.45118966235324,91.34881026234706,1.0198594424734517,1.9859442473451658,69.70065327206184,0.7781696245624857,-22.18303754375143,81.05482501398618,0.9049327343305368,-9.50672656694632
2025-08-11,15,53,75.72853972445837,1.0465525113938414,4.655251139384132,70.4876370739582,0.9741243376721694,-2.5875662327830513,46.434036466728244,0.6417086299990082,-35.82913700009917,59.69651163695492,0.8249932509253027,-17.500674907469726
2025-08-11,16,53,74.84211530425047,0.9643359786657708,-3.5664021334229217,63.27905747090986,0.8153467010811734,-18.465329891882668,35.896131895896936,0.4625194162594632,-53.748058374053684,52.56139490949532,0.6772502887449467,-32.27497112550532
2025-08-11,17,53,51.4213056989903,0.9944170508410424,-0.5582949158957619,40.45893917479442,0.7824200188511782,-21.757998114882184,22.309198344423848,0.4314290919439924,-56.85709080560076,28.220413895948813,0.5457438386375713,-45.425616136242866
2025-08-11,18,52,27.90895316324177,1.4363846198271626,43.63846198271626,21.55713132004472,1.1094766505427032,10.947665054270313,9.264801057145643,0.47682969928696056,-52.31703007130395,11.854804779973389,0.6101289130197318,-38.987108698026816
2025-08-11,19,14,1.276726895156674,0.1943267724743796,-80.56732275256203,1.5143097392620297,0.23048854478874123,-76.95114552112588,0.0999999999999999,0.015220700152206987,-98.4779299847793,0.3828619478524058,0.05827426907951382,-94.17257309204862
2025-08-12,6,47,1.8019037159926428,0.1335732925124272,-86.64267074875728,5.440654843550915,0.40331021820243995,-59.668978179756,4.101254298881941,0.30402181607723805,-69.5978183922762,2.5445523605935314,0.1886250823271706,-81.13749176728294
2025-08-12,7,53,17.81060077734145,0.39951998154646584,-60.04800184535342,24.828079233083887,0.556933136677521,-44.3066863322479,16.074979849034044,0.36058725547407006,-63.941274452593,16.684780958744813,0.37426606008848834,-62.573393991151164
2025-08-12,8,52,45.647810540191365,0.8161596735238934,-18.384032647610656,57.8454566371337,1.0342473920460162,3.4247392046016336,36.903157140232125,0.6598097110715558,-34.01902889284441,45.28449118840412,0.8096637079993584,-19.033629200064166
2025-08-12,9,52,71.24002572446628,0.7478482650059445,-25.215173499405548,85.86449854000017,0.9013699195884964,-9.863008041150362,51.1637684347029,0.5370960364759909,-46.290396352400904,74.88056717190572,0.7860651603181369,-21.39348396818631
2025-08-12,10,52,86.81053292803199,0.7043450947507666,-29.565490524923344,89.69443846479204,0.7277439226352295,-27.225607736477052,43.7347432674974,0.35484578716022225,-64.51542128397779,80.27858157642042,0.6513475178614232,-34.86524821385768
2025-08-12,11,52,105.83175301567262,0.7620373921059375,-23.79626078940625,105.35011330800282,0.7585693642569326,-24.14306357430674,65.88452476666909,0.4743989398521679,-52.560106014783216,95.73567073452516,0.689340947109196,-31.065905289080398
2025-08-12,12,52,91.50549288256566,0.8378856595784788,-16.211434042152124,87.45218326279817,0.8007708384103853,-19.92291615896147,59.350507775155904,0.5434530516908334,-45.65469483091667,76.54182804548134,0.7008683091793915,-29.913169082060854
2025-08-12,13,52,70.30395444908432,0.6651272890168809,-33.48727109831191,67.88784320413237,0.6422690937004008,-35.77309062995992,55.68814756351422,0.5268509703265299,-47.314902967347,57.84002101512118,0.5472092811269743,-45.27907188730257
2025-08-12,14,52,42.76003082844434,0.5040079069830781,-49.59920930169219,40.89570728049888,0.48203332485265066,-51.79666751473494,38.9390099141397,0.45896994241088757,-54.10300575891124,32.78777077077359,0.386465944964328,-61.353405503567195
2025-08-12,15,52,65.2041937151153,1.4662512641132293,46.62512641132293,58.85628188305816,1.3235053268058954,32.350532680589545,34.39711756905686,0.7734903883304894,-22.650961166951053,47.57630347979195,1.0698516635887556,6.985166358875561
2025-08-12,16,53,43.13463889804061,1.0015007870452897,0.15007870452896954,35.9088755630375,0.8337328897849433,-16.626711021505667,17.480619592857103,0.40586532604729764,-59.41346739527024,23.22127445736252,0.5391519493234856,-46.08480506765144
2025-08-12,17,53,30.267948995926382,0.9824066535516512,-1.7593346448348712,22.775084918400996,0.7392108055307041,-26.078919446929593,11.345091039233992,0.3682275572617329,-63.177244273826716,13.550457470438522,0.43980712335081207,-56.01928766491881
2025-08-12,18,50,17.79733260515267,1.0487526579347475,4.875265793474754,14.552883916329396,0.8575653456882377,-14.243465431176231,6.341814507408238,0.37370739584020257,-62.62926041597975,6.957165128858171,0.40996848137054626,-59.003151862945366
2025-08-12,19,5,0.32383512874450876,0.03254624409492551,-96.74537559050745,1.0089503408755933,0.10140204430910486,-89.85979556908951,0.010000000000000009,0.0010050251256281417,-99.89949748743719,0.2097900681751186,0.02108442896232348,-97.89155710376764
2025-08-13,6,37,0.8111884180638446,0.06463652733576453,-93.53634726642355,3.8315949363621216,0.30530636943124484,-69.46936305687552,2.061105945818032,0.1642315494675723,-83.57684505324278,1.3440704087400626,0.1070972437243078,-89.29027562756922
2025-08-13,7,52,11.039839544659939,0.32365404704368045,-67.63459529563195,16.876890154591507,0.4947783686482412,-50.52216313517588,12.363782966283953,0.3624679849394299,-63.75320150605701,10.402029102285434,0.30495541196966974,-69.50445880303303
2025-08-13,8,52,31.985444613223265,0.856829483343779,-14.31705166562211,37.44221865540501,1.0030061252452454,0.30061252452453485,25.310576179172465,0.6780223996563747,-32.19776003436253,27.29318175599672,0.731132648164927,-26.88673518350731
2025-08-13,9,52,52.70447190419097,0.9341451950406056,-6.585480495939445,60.52537257608223,1.0727644908912128,7.276449089121289,39.93795728782729,0.7078687927654606,-29.21312072345394,48.980805795126685,0.8681461502149359,-13.18538497850641
2025-08-13,10,52,79.16447545874206,1.144656961520273,14.465696152027299,88.16419471823315,1.274785927099959,27.478592709995908,66.72988764700449,0.9648624587478962,-3.5137541252103737,78.94643274158037,1.1415042328163734,14.150423281637343
2025-08-13,11,52,84.41043674530593,1.2672336998244396,26.723369982443945,87.72492813080457,1.3169933663234432,31.69933663234432,64.94218620710474,0.9749615103904028,-2.5038489609597256,77.92341901993011,1.1698456541049407,16.98456541049406
2025-08-13,12,52,66.84372905307642,0.89771325615198,-10.228674384801996,68.54573818464702,0.9205712890766458,-7.942871092335428,71.24723728697708,0.9568525018396066,-4.314749816039347,60.00319388705492,0.8058446667614146,-19.415533323858533
2025-08-13,13,52,58.223486274653524,0.6640452357966872,-33.59547642033128,58.12733898624203,0.6629486654452786,-33.70513345547213,56.1294076024611,0.6401620392616458,-35.983796073835414,50.63813553061384,0.5775334800480594,-42.24665199519407
2025-08-13,14,52,35.27442289759868,0.4060131548986957,-59.39868451013043,34.90125673608398,0.40171796427352646,-59.828203572647354,35.01104893165695,0.40298168659826145,-59.70183134017386,27.07662366454518,0.311655428919719,-68.8344571080281
2025-08-13,15,52,50.91113181718769,0.9143522237282272,-8.564777627177273,47.033688935059956,0.844714240931393,-15.5285759068607,31.28101607340219,0.5617998576401256,-43.82001423598744,36.148927864545605,0.6492264343488795,-35.07735656511205
2025-08-13,16,52,39.60374489956978,0.7922333446603277,-20.776665533967233,33.403294962905214,0.6681995391659374,-33.18004608340625,20.037109770619608,0.40082235988436904,-59.9177640115631,22.643661618289084,0.4529638251308078,-54.70361748691922
2025-08-13,17,52,27.66848387252326,0.8135396610562561,-18.646033894374394,21.720373277661764,0.6386466709103725,-36.135332908962745,12.338213955394515,0.36278194517478735,-63.72180548252126,13.066362826056048,0.384191791415938,-61.58082085840619
2025-08-13,18,49,16.886945176971672,0.9956925222271035,-0.43074777728965485,13.754959576035715,0.8110235599077663,-18.89764400922337,6.479542645658969,0.38204850505064686,-61.79514949493531,6.639009586270135,0.39145103692630523,-60.854896307369486
2025-08-13,19,6,0.2942596885925658,0.04776942996632562,-95.22305700336744,0.9419213875259866,0.15290931615681602,-84.70906838431841,0.02999999999999991,0.004870129870129856,-99.51298701298701,0.2123842775051972,0.034477967127467084,-96.55220328725328
2025-08-14,6,5,0.12586984635098108,0.020839378534930647,-97.91606214650693,1.746445475084138,0.28914660183512225,-71.08533981648777,0.8308933392767545,0.13756512239681368,-86.24348776031863,0.4585238525914391,0.07591454513103298,-92.40854548689671
2025-08-14,7,31,4.968125072710249,0.45789171177052995,-54.210828822947,8.626334239250095,0.7950538469354929,-20.49461530645072,7.063344647292885,0.6509995066629388,-34.90004933370612,4.7554264975076,0.4382881564523135,-56.171184354768656
2025-08-14,8,52,18.846204078489404,0.6050145771585683,-39.49854228414316,27.73155172436955,0.89025848232326,-10.974151767673996,23.88231256775924,0.7666874018542292,-23.331259814577077,20.184208032106394,0.6479681551238008,-35.20318448761992
2025-08-14,9,37,33.597627926963526,0.6448680984062097,-35.51319015937902,39.86314449681209,0.7651275335280633,-23.487246647193675,25.393066079382685,0.4873909036349844,-51.26090963650156,32.75836780328996,0.6287594587963524,-37.12405412036476
2025-08-14,10,50,73.45017539100897,0.8717087039046875,-12.829129609531256,82.74121986531647,0.9819750755437511,-1.8024924456248974,55.90601141973871,0.6634940828357312,-33.65059171642689,71.11528219167757,0.8439981271264843,-15.600187287351577
2025-08-14,11,51,85.6220458717982,0.5875792332678986,-41.242076673210136,88.812339373805,0.6094725457988264,-39.052745420117354,58.37476955907469,0.40059545401506097,-59.94045459849391,79.52452521624885,0.5457351442235028,-45.426485577649714
2025-08-14,12,51,106.98289601867116,0.7022639885694576,-29.77360114305424,100.61761774413014,0.6604806206126438,-33.95193793873562,67.22172241181737,0.4412611422595338,-55.87388577404661,92.07653340493707,0.6044146869170085,-39.558531308299145
2025-08-14,13,51,105.04552668952374,0.7172791170332793,-28.27208829667207,97.91821485493061,0.6686119143388912,-33.138808566110875,70.98086791479942,0.48467646237486806,-51.532353762513196,89.8994601191981,0.6138576996872523,-38.614230031274765
2025-08-14,14,51,136.17480667922916,1.0221031800587643,2.210318005876435,119.22358800465483,0.8948704346217431,-10.512956537825687,81.09519593009061,0.6086857008938724,-39.131429910612766,112.15996523180613,0.8418521746739183,-15.81478253260817
2025-08-14,15,51,121.61331564852398,1.0785146829418586,7.851468294185858,112.3854321542169,0.99667818512076,-0.3321814879240021,85.1052283199547,0.75474661511134,-24.525338488865998,103.05462199204192,0.9139288931539723,-8.607110684602775
2025-08-14,16,51,78.5325176335335,0.7860326056804474,-21.396739431955254,66.56237915071826,0.666223392560487,-33.377660743951296,44.17317951831479,0.4421297119238794,-55.78702880761206,57.67860980332224,0.5773056731390476,-42.26943268609524
2025-08-14,17,51,52.30141676804217,0.8464382063123834,-15.356179368761655,40.5326655250023,0.65597451893514,-34.402548106485995,25.95931997896888,0.42012170220049977,-57.98782977995002,29.46757066527792,0.47689869987502703,-52.310130012497304
2025-08-14,18,50,21.17972467499728,1.0675264453123632,6.752644531236316,16.187458302244142,0.8159001160405315,-18.40998839594685,7.3094349548824935,0.36841910054851285,-63.15808994514871,8.420332275457186,0.42441190904522114,-57.55880909547788
2025-08-14,19,5,0.2482437176368834,0.040762515211310905,-95.9237484788689,1.0219825129029552,0.16781322050951644,-83.21867794904836,0.019999999999999976,0.003284072249589487,-99.67159277504106,0.22039650258059099,0.036189901901574874,-96.38100980984251
2025-08-15,6,47,1.7621072703605674,0.1275964714236472,-87.24035285763527,5.988137055417569,0.4336087657796937,-56.639123422030636,5.35485196256956,0.38775177136636935,-61.22482286336307,3.1381012690118544,0.22723398037739714,-77.27660196226029
2025-08-15,7,50,19.447336835205185,0.4225844596958971,-57.74155403041029,28.484871285130335,0.618967216104527,-38.1032783895473,28.66614377667102,0.6229062098363977,-37.70937901636024,22.864255619300987,0.49683302084530606,-50.31669791546939
2025-08-15,8,50,44.52567669813149,0.528934149419476,-47.10658505805239,53.11794594092955,0.631004347124371,-36.89956528756289,47.77042300368434,0.5674794844818764,-43.25205155181237,43.597728000274664,0.517910762654724,-48.208923734527595
2025-08-15,9,51,65.53453822775096,0.5315909979538526,-46.84090020461474,74.47161566182845,0.6040851367766745,-39.59148632233254,69.89418683110188,0.5669547925949211,-43.3045207405079,64.64464198966981,0.5243725015385285,-47.56274984614714
2025-08-15,10,51,75.66959766133073,0.54872804685519,-45.12719531448099,83.30112804254217,0.6040690938545479,-39.59309061454521,59.309564837329475,0.4300911155716422,-56.990888442835775,74.24900696996048,0.5384264464826719,-46.15735535173281
2025-08-15,11,52,120.91029594578595,0.8041921911924571,-19.580780880754286,124.55866904781038,0.8284580581829755,-17.15419418170245,89.63756548649268,0.5961926537179425,-40.380734628205744,117.51014768846771,0.781577304213287,-21.842269578671306
2025-08-15,12,52,135.49350479495428,0.8342168747380512,-16.57831252619489,132.66033966445443,0.8167734248519543,-18.322657514804572,103.69546047388809,0.6384402196397493,-36.15597803602507,125.6594740066695,0.7736699544801717,-22.63300455198283
2025-08-15,13,52,148.9911928432703,1.0769150187442742,7.69150187442743,140.9515537559537,1.018804147133746,1.8804147133745903,109.69053707086302,0.7928481176065272,-20.715188239347277,134.3859469292737,0.9713476467602005,-2.865235323979954
2025-08-15,14,52,136.0035430542805,0.9220579190120713,-7.794208098792864,123.27092916833645,0.835735113005671,-16.4264886994329,99.2687575222688,0.6730085255747038,-32.699147442529615,116.33846784518201,0.7887353752215731,-21.12646247784269
2025-08-15,15,52,126.80518886724394,1.081309702969591,8.13097029695911,117.15477692429792,0.9990174547991637,-0.09825452008363265,88.59484586256934,0.7554774952039681,-24.452250479603183,107.50948326355235,0.9167688519105684,-8.323114808943158
2025-08-15,16,52,99.12929362135196,1.0306643129689328,3.0664312968932785,84.76023628120107,0.8812667527677382,-11.873324723226172,58.863248014887375,0.6120113122778891,-38.798868772211094,75.6109948832023,0.7861405165647982,-21.38594834352018
2025-08-15,17,52,66.21596807617792,1.2335314470226884,23.35314470226883,50.50070991491365,0.9407732845550232,-5.9226715444976845,31.37813359578096,0.5845404917246825,-41.545950827531755,38.72951624181781,0.7214887526419115,-27.851124735808853
2025-08-15,18,51,28.228113107762134,1.6430799247824288,64.3079924782429,20.64829584067194,1.2018798510286341,20.18798510286341,8.599007582361915,0.5005243063074455,-49.947569369255454,11.286638606125022,0.6569638303914447,-34.303616960855535
2025-08-15,19,4,0.2878118868257761,0.047105055126968255,-95.28949448730317,1.3158961753176712,0.21536762280158284,-78.46323771984171,0.009999999999999967,0.001636661211129291,-99.83633387888707,0.2711792350635342,0.044382853529219994,-95.561714647078
2025-08-16,6,49,1.795831451724964,0.13740102920619465,-86.25989707938054,6.0509690486954,0.4629662623332364,-53.70337376667636,5.424269204505459,0.41501677157654615,-58.49832284234539,3.2297530113131705,0.247111936596264,-75.2888063403736
2025-08-16,7,52,23.355319109233108,0.4861640114328291,-51.383598856717086,33.87094620397439,0.7050571649453454,-29.49428350546545,32.15726795776769,0.669385261402325,-33.0614738597675,27.134656725097862,0.5648346528954593,-43.51653471045406
2025-08-16,8,52,58.77167555215042,0.6773271355554963,-32.26728644445037,77.06451174879597,0.8881469603410851,-11.185303965891489,65.71780417225078,0.7573793266365192,-24.26206733634808,68.52067430055098,0.7896816215345277,-21.031837846547226
2025-08-16,9,52,92.8749114963766,0.6993592733160889,-30.064072668391105,114.86854313344331,0.8649739693783383,-13.502603062166171,93.63160976420323,0.7050573024412895,-29.49426975587105,105.3574111843403,0.7933539998820807,-20.664600011791936
2025-08-16,10,52,127.89180328232806,0.79658550783138,-20.341449216861992,142.52042726999787,0.887701197570837,-11.229880242916298,118.03369447844327,0.735183397561154,-26.481660243884598,135.66778614761444,0.8450189109163154,-15.498108908368453
2025-08-16,11,52,141.71253085117462,0.8108515812277542,-18.914841877224575,141.6156948350938,0.810297504349109,-18.970249565089098,132.5058913723616,0.7581729780417782,-24.182702195822177,135.04021864610863,0.7726739065406455,-22.732609345935447
2025-08-16,12,52,142.42430234927457,0.9133275769480221,-8.667242305197787,141.1644596366797,0.9052485548074882,-9.47514451925118,125.85169600304636,0.807052045678122,-19.29479543218779,134.35864655897387,0.8616047618248934,-13.83952381751066
2025-08-16,13,52,162.57903240510527,1.0414389366799388,4.143893667993884,155.90312416626665,0.9986748072914396,-0.13251927085603957,126.7544356914935,0.8119559009127761,-18.804409908722384,149.0850820968803,0.9550002056042554,-4.499979439574466
2025-08-16,14,52,151.29321049609234,1.003470255993184,0.34702559931840604,141.59719321302157,0.9391602653911361,-6.0839734608863925,122.3198689540508,0.8113011139752657,-18.869888602473424,134.89471669543855,0.8947052908100985,-10.52947091899014
2025-08-16,15,52,129.08005766794244,1.0635252341430537,6.352523414305377,119.34784572759735,0.9833389282985692,-1.6661071701430823,95.25114730189107,0.7847997635485793,-21.520023645142075,110.55644254303589,0.91090419826181,-8.909580173818998
2025-08-16,16,52,105.45187932701533,1.0879178719386704,8.791787193867044,88.82564487943755,0.9163896098157179,-8.361039018428205,75.63516507305793,0.7803070780259768,-21.969292197402325,80.35382104655957,0.8289881465651456,-17.101185343485433
2025-08-16,17,52,63.97266298325365,1.1468745604742496,14.687456047424968,48.97829220192341,0.8780618896006348,-12.193811039936522,36.50038511692171,0.6543633043549967,-34.56366956450034,38.600596124644326,0.6920149896852694,-30.798501031473062
2025-08-16,18,52,31.752527679886864,1.7640293155492701,76.40293155492702,23.624829597205586,1.312490533178088,31.249053317808812,10.538359089410987,0.5854643938561659,-41.453560614383406,13.473040794545787,0.7485022663636548,-25.14977336363452
2025-08-16,19,3,0.2853862579397437,0.04740635513949231,-95.25936448605079,1.3116064037508846,0.21787481789881805,-78.2125182101182,0.009999999999999967,0.001661129568106307,-99.83388704318938,0.2703212807501768,0.04490386723424864,-95.50961327657514
2025-08-17,6,48,1.776960017714221,0.14411678975784434,-85.58832102421557,5.9822256822828965,0.4851764543619542,-51.48235456380458,5.323770554111228,0.4317737675678205,-56.822623243217954,3.1886053988875855,0.25860546625203445,-74.13945337479656
2025-08-17,7,52,23.291840202649652,0.5011153227764555,-49.88846772235445,33.62631764730241,0.7234577807078831,-27.65422192921168,32.35148353471264,0.6960301965299622,-30.396980347003776,27.116083821874085,0.5833925090764649,-41.66074909235352
2025-08-17,8,52,57.97122675336555,0.6314260620124774,-36.85739379875226,76.00789578217126,0.8278825376557157,-17.21174623442843,64.17854702178863,0.6990365648816973,-30.09634351183027,67.41506582893038,0.7342889209119963,-26.57110790880037
2025-08-17,9,52,93.99624180616604,0.7248322162721008,-27.51677837278992,116.18982974246482,0.8959733940658916,-10.402660593410843,91.99150656869976,0.7093731228308124,-29.062687716918756,106.53301385705142,0.821506892790341,-17.849310720965907
2025-08-17,10,52,129.86720373970587,0.8180095977557688,-18.19904022442312,144.80067703133443,0.9120727956118317,-8.792720438816822,121.86726176137584,0.7676194366425789,-23.238056335742108,138.08628225071007,0.869780059528282,-13.021994047171798
2025-08-17,11,52,153.11983421941906,0.8989070929870793,-10.109290701292073,152.94398855884626,0.8978747713916067,-10.212522860839334,136.73579675295755,0.8027227706525629,-19.727722934743706,146.23134038483596,0.8584674203641891,-14.153257963581083
2025-08-17,12,52,156.0378848180579,0.9322930323119908,-6.77069676880092,154.18539900660213,0.921224825276944,-7.877517472305598,121.48691964863748,0.7258583954629712,-27.414160453702884,147.37617387351617,0.8805411595478052,-11.945884045219476
2025-08-17,13,52,138.17152835369635,0.8547573668648086,-14.524263313519137,130.19728584737172,0.8054270698878545,-19.457293011214542,118.73716986111778,0.7345324457848299,-26.54675542151701,123.78387207025224,0.7657523790303261,-23.424762096967388
2025-08-17,14,52,133.09613007901558,0.905908862503509,-9.409113749649102,121.3141923502924,0.8257159838707621,-17.428401612923793,104.87942358535976,0.7138539585172865,-28.614604148271354,112.95700538995588,0.7688334153958334,-23.116658460416655
2025-08-17,15,52,125.90056530091064,0.981145303155476,-1.8854696844524024,117.01403731204809,0.9118924354118463,-8.810756458815368,99.86337024260808,0.7782369875514972,-22.176301244850286,107.47418945144838,0.8375482345031827,-16.245176549681727
2025-08-17,16,52,102.3153637393419,1.0833901285402572,8.339012854025722,86.22283458212986,0.9129906245460594,-8.700937545394059,68.18302391868393,0.7219718754625574,-27.80281245374426,77.65639241923333,0.8222828506907383,-17.771714930926176
2025-08-17,17,52,72.3147008816761,1.3463917497984752,34.63917497984752,55.65977638086657,1.0363019247973668,3.6301924797366723,38.15560327682307,0.7104003589056613,-28.959964109433866,45.41419170673041,0.8455444369154796,-15.445556308452032
2025-08-17,18,52,33.8462426210765,1.7059598095300652,70.59598095300652,24.87079064333818,1.253568076781158,25.3568076781158,8.255219968253655,0.4160897161418172,-58.39102838581828,13.274071093953848,0.6690560027194479,-33.094399728055215
2025-08-17,19,4,0.3333844493900363,0.054033136043766014,-94.59668639562341,1.3549463770223145,0.21960233014948372,-78.03976698505163,0.03999999999999995,0.00648298217179902,-99.3517017828201,0.3029892754044628,0.04910685176733595,-95.0893148232664
2025-08-18,6,46,1.7021582087437492,0.14560805891734385,-85.43919410826561,5.810052762337904,0.49701050148313985,-50.29894985168602,2.2109374142948077,0.18913065990545835,-81.08693400945417,2.2509834977717302,0.19255633000613606,-80.74436699938639
2025-08-18,7,50,24.28917506168602,0.5421690861983487,-45.78309138016513,35.357038775253635,0.7892196155190544,-21.07803844809456,28.34321398017293,0.6326610263431458,-36.73389736568542,26.80956083666556,0.5984276972469992,-40.15723027530008
2025-08-18,8,50,61.23805432534065,0.6792153319137161,-32.07846680862839,80.51116972784808,0.892981030699291,-10.701896930070902,64.85009438989499,0.719277888086679,-28.072211191332098,71.96985566896697,0.7982459590613017,-20.17540409386983
2025-08-18,9,50,100.3850356972666,0.7906823857692707,-20.93176142307293,123.93240608403342,0.9761531670134957,-2.384683298650423,96.64326213832435,0.7612103192999713,-23.878968070002873,115.69018148309306,0.9112333135089246,-8.876668649107543
2025-08-18,10,50,135.8580916541507,0.8909311538733734,-10.906884612662664,150.69346554571487,0.9882186736554192,-1.178132634458087,120.52468784892422,0.7903776500027819,-20.96223499972181,143.91032345010774,0.9437361364686716,-5.626386353132841
2025-08-18,11,49,158.0339228025745,0.9667457197196704,-3.3254280280329582,161.99451207191845,0.9909739528471186,-0.9026047152881389,139.4396299550186,0.8529982868723229,-14.700171312767708,154.93353663179482,0.9477796331546758,-5.222036684532421
2025-08-18,12,49,169.69390731800814,1.027327202554838,2.7327202554837977,167.28063419283006,1.0127172429642213,1.2717242964221196,137.4210798015776,0.8319474500640368,-16.805254993596318,160.2930614576188,0.9704144657804745,-2.9585534219525464
2025-08-18,13,49,164.78219837369642,0.9957831663868529,-0.4216833613147043,158.25820734186055,0.9563585166899962,-4.364148331000385,138.25214255899246,0.8354613400954343,-16.45386599045657,151.43361149342525,0.915117304166215,-8.488269583378502
2025-08-18,14,49,155.71872470818303,1.0450219764323403,4.502197643234039,146.29980065679985,0.9818119633366879,-1.818803666331216,124.06671396352111,0.8326066301826798,-16.73933698173202,139.68655032488644,0.9374307115286655,-6.256928847133449
2025-08-18,15,49,139.9509322621901,1.0692255501733523,6.922555017335226,125.17271942962753,0.9563199589703378,-4.368004102966216,98.98727082070899,0.7562630515754372,-24.37369484245628,117.52710719524485,0.8979074581346538,-10.209254186534618
2025-08-18,16,49,105.09126043224828,1.1111361855809714,11.113618558097144,90.48478148653173,0.9567010095848143,-4.3298990415185745,68.08950831985457,0.7199144461815878,-28.008555381841223,81.66515274260783,0.8634505470776891,-13.654945292231094
2025-08-18,17,48,68.86806310672635,1.3331022668743004,33.31022668743004,52.94798777915941,1.0249320127595705,2.4932012759570568,34.94305574153789,0.6764044858989139,-32.35955141010861,43.04914670879269,0.8333168158883603,-16.66831841116397
2025-08-18,18,49,33.03345981614701,1.9306522394007608,93.06522394007607,24.752309305344784,1.4466574696285674,44.66574696285675,8.721295929284272,0.509719224388327,-49.02807756116731,13.664420172315364,0.7986218686332769,-20.137813136672317
2025-08-18,19,3,0.2705131577607776,0.0439144736624639,-95.6085526337536,1.3616155352594823,0.2210414829966692,-77.89585170033307,0.019999999999999976,0.0032467532467532426,-99.67532467532469,0.28832310705189634,0.04680569919673642,-95.31943008032636
2025-08-19,6,45,1.581451138033845,0.1305905151142729,-86.94094848857272,5.400920762949406,0.44598850230796083,-55.40114976920392,1.4545543413314328,0.12011183660870625,-87.98881633912939,2.015020715076648,0.16639312263225828,-83.36068773677417
2025-08-19,7,50,23.063709906634493,0.5098079112872347,-49.01920887127654,33.66234601043264,0.7440836872332592,-25.591631276674082,31.819013968280917,0.7033380629593484,-29.666193704065165,26.70004977448647,0.5901867766243695,-40.98132233756306
2025-08-19,8,50,59.00077782266462,0.663899829218686,-33.610017078131406,77.94683572533745,0.8770882831702201,-12.291171682977991,69.60788922870758,0.7832551955520152,-21.674480444798487,69.91217981834492,0.786679192284741,-21.332080771525902
2025-08-19,9,50,97.8194934381601,0.7662501444317726,-23.374985556822732,121.56420055032095,0.9522497301450803,-4.77502698549197,100.59320441562822,0.7879774746641722,-21.20225253358278,112.5725833962219,0.8818156305516364,-11.818436944836359
2025-08-19,10,50,133.5401652893067,0.8725263984926934,-12.747360150730657,148.92658054733658,0.9730583505216374,-2.6941649478362617,122.1868950982411,0.7983462600342445,-20.165373996575557,141.91795258149,0.9272652896536427,-7.27347103463573
2025-08-19,11,50,158.9021952990947,0.9734864626545041,-2.6513537345495863,162.6860353590963,0.9966674959204578,-0.33325040795422484,135.65349090764573,0.8310573479608266,-16.89426520391733,155.50362171869259,0.952665696983965,-4.733430301603507
2025-08-19,12,50,168.435695346346,1.101390801977022,10.139080197702208,166.02516442678862,1.0856284864107018,8.562848641070172,130.0801017665306,0.8505859005200457,-14.941409947995435,158.95285194136943,1.0393830637636137,3.938306376361358
2025-08-19,13,50,167.4113155020681,1.0853245737573296,8.53245737573297,160.37121232557712,1.0396837103765129,3.968371037651293,126.96837626012739,0.8231337196766767,-17.686628032332326,153.19254333046575,0.9931445272639595,-0.6855472736040498
2025-08-19,14,50,150.0180495488602,1.1394352844361249,13.943528443612493,141.29743428421634,1.0731994097236544,7.319940972365442,110.06935365132405,0.8360121042938178,-16.39878957061822,134.58793769233353,1.022238627467215,2.2238627467215015
2025-08-19,15,51,133.29095726788637,1.0093976317143991,0.939763171439921,123.73895029346447,0.9370613426237373,-6.293865737626268,92.08751085365174,0.6973685032461323,-30.263149675386774,114.53591992767666,0.8673678146738106,-13.263218532618934
2025-08-19,16,51,101.08198212848994,1.1131150988711591,11.311509887115905,86.9930550706356,0.9579677906688208,-4.20322093311792,69.25080225862025,0.7625900479971398,-23.740995200286022,78.10723810383469,0.8601171468322288,-13.98828531677712
2025-08-19,17,51,63.14688193406345,1.2410943776348948,24.10943776348948,47.67928146787404,0.937092796145323,-6.290720385467691,33.23538356481014,0.6532111549687528,-34.67888450312472,36.05733778546435,0.708674091695447,-29.132590830455296
2025-08-19,18,50,31.006640949485405,2.0186615201487896,101.86615201487894,22.620927242273737,1.4727166173355297,47.27166173355298,8.336908657480762,0.5427674907214038,-45.72325092785962,11.845782432154627,0.7712097937600668,-22.879020623993313
2025-08-19,19,4,0.28717294743351396,0.04654342746086126,-95.34565725391387,1.268256849268571,0.20555216357675382,-79.44478364232461,0.029999999999999943,0.0048622366288492615,-99.51377633711506,0.2776513698537141,0.04500022201843016,-95.49997779815698
2025-08-20,6,48,1.5641309812494202,0.11116780250528928,-88.88321974947108,5.4578961001737625,0.38791017058804284,-61.20898294119572,1.8846255368846943,0.13394637788803798,-86.60536221119621,2.303120613510552,0.16369016442861065,-83.63098355713893
2025-08-20,7,51,23.695626488534565,0.5483829319262801,-45.161706807371985,34.09982503439204,0.7891651246098598,-21.083487539014026,34.95935397493052,0.8090570232568971,-19.094297674310294,27.817312341476114,0.6437702462734578,-35.62297537265422
2025-08-20,8,51,60.303428066409886,0.7578663826367964,-24.21336173632036,79.164930849312,0.9949092729585524,-0.5090727041447694,69.59470292442617,0.8746349494083974,-12.536505059160262,70.93848780661457,0.8915230338898401,-10.847696611015985
2025-08-20,9,51,99.72031891060423,0.9374853709749387,-6.251462902506129,122.50467163294557,1.1516844188487878,15.168441884878789,106.16506025537566,0.9980733313469555,-0.1926668653044471,113.44419228260982,1.0665055211301102,6.650552113011013
2025-08-20,10,51,135.0987923079365,0.8744258401808189,-12.557415981918114,150.27104076270228,0.9726280955514712,-2.7371904448528723,128.34138975125805,0.8306886068042594,-16.93113931957406,143.15887694609086,0.9265946727902322,-7.340532720976775
2025-08-20,11,51,160.70292608382482,0.9648929815900619,-3.51070184099381,164.29182547332854,0.9864414618632755,-1.3558538136724512,153.31701565084094,0.9205464764385526,-7.945352356144742,157.04672275825172,0.9429403948258883,-5.705960517411164
2025-08-20,12,51,172.1566714427572,1.1076154631844382,10.76154631844381,169.12633734226657,1.088119007542087,8.811900754208706,134.4089142050275,0.8647552866565495,-13.524471334345039,161.7319717394658,1.0405454013991238,4.0545401399123815
2025-08-20,13,51,167.37473734430037,1.0850170967477013,8.501709674770137,160.75914594199065,1.0421311159211117,4.21311159211117,127.40436379762554,0.8259066757268609,-17.409332427313906,153.55180420996464,0.9954090769477809,-0.4590923052219104
2025-08-20,14,51,149.15417906818422,1.105582826092834,10.558282609283392,139.96652045835464,1.037480694228409,3.748069422840887,112.03735157663365,0.8304599479403577,-16.954005205964233,132.98877569106838,0.9857592149660395,-1.4240785033960517
2025-08-20,15,51,121.88251016487857,1.1124727105228054,11.247271052280546,112.11658370683396,1.0233350101025371,2.3335010102537073,84.56415975530118,0.7718524986792732,-22.814750132072678,102.29935147652772,0.9337290204137251,-6.627097958627496
2025-08-20,16,51,99.74868786109911,1.261204802896689,26.120480289668897,84.4554805233484,1.0678401886881832,6.784018868818322,71.11797932567688,0.8992031777174977,-10.079682228250228,76.06450970247253,0.9617462347006265,-3.825376529937356
2025-08-20,17,51,61.680597800412315,1.2120376852114818,21.203768521148188,47.015793204056784,0.923870960975767,-7.612903902423297,31.56422867886508,0.6202442263483019,-37.97557736516982,35.61713322206555,0.6998847164878276,-30.011528351217237
2025-08-20,18,50,23.600652159112485,1.488061296287042,48.8061296287042,17.07604584900877,1.0766737609715493,7.66737609715493,5.649778248357049,0.35622813671860337,-64.37718632813967,8.094750296732727,0.5103877866792388,-48.96122133207612
2025-08-20,19,4,0.19049008799706474,0.030823638834476495,-96.91763611655236,1.1148058420043432,0.18038929482270927,-81.96107051772907,0.019999999999999976,0.003236245954692553,-99.67637540453075,0.2389611684008686,0.03866685572829589,-96.1333144271704
2025-08-21,6,46,1.4516606631430744,0.1273386546616732,-87.26613453383267,5.26354002996681,0.4617140377163869,-53.828596228361306,1.3547308671853588,0.11883604098117184,-88.11639590188283,2.1366772913505585,0.18742783257461043,-81.25721674253896
2025-08-21,7,50,22.07921407447185,0.5155081502328239,-48.4491849767176,31.927110346632173,0.7454380188333452,-25.456198116665483,32.064599629761894,0.7486481351800582,-25.135186481994175,25.932032067527746,0.6054642089079558,-39.45357910920442
2025-08-21,8,51,57.8388133865043,0.6727790320635604,-32.722096793643956,76.13253763711663,0.885570985659144,-11.442901434085593,64.49030676864203,0.7501489678799816,-24.98510321200184,67.36194503953259,0.7835517627024843,-21.644823729751568
2025-08-21,9,51,97.92236757563145,0.8067421945594946,-19.32578054405055,121.90959227375504,1.0043630933741559,0.43630933741557787,107.99838031823165,0.8897543278812955,-11.024567211870453,112.99569834834642,0.9309251799995585,-6.907482000044148
2025-08-21,10,52,136.35781057135566,0.9209009966323741,-7.909900336762588,153.3191530664054,1.035450483328192,3.545048332819186,134.04360755597898,0.9052718819205711,-9.472811807942891,146.14235866008778,0.9869815537251824,-1.3018446274817597
2025-08-21,11,52,162.98065959393085,0.9763413382491516,-2.3658661750848418,166.79631892228363,0.9991991788311487,-0.08008211688512935,154.7188028399981,0.9268483965734027,-7.3151603426597305,159.47772831728852,0.9553569059922635,-4.464309400773652
2025-08-21,12,52,159.94772960858558,0.9889188179089005,-1.1081182091099502,157.5797387481353,0.9742780929153907,-2.5721907084609317,126.20452304005778,0.7802925871154802,-21.97074128845198,150.50218024730947,0.9305192299203009,-6.948077007969915
2025-08-21,13,52,159.91686381068806,1.1872076006732597,18.720760067325962,154.43752110185872,1.1465294810828415,14.65294810828414,117.30906405407266,0.8708913441282307,-12.91086558717693,147.34697250852875,1.0938899221123144,9.38899221123145
2025-08-21,14,52,131.88377937739142,0.9927269806352387,-0.7273019364761356,121.32546503495004,0.9132515245385779,-8.67484754614221,100.66917720856326,0.757765729834876,-24.223427016512396,112.1479462272542,0.8441697119100807,-15.583028808991928
2025-08-21,15,52,123.03500043183712,1.0812461589932079,8.124615899320776,114.00079652212531,1.001852504808202,0.185250480820201,92.87857209084153,0.8162278942863302,-18.37721057136697,104.41129862344816,0.9175788612659123,-8.242113873408774
2025-08-21,16,52,86.38551338149772,1.066487819524663,6.648781952466298,74.25828501900264,0.9167689508518843,-8.32310491481157,55.59930435175078,0.6864111648364293,-31.35888351635707,66.11447023313455,0.8162280275695623,-18.377197243043774
2025-08-21,17,52,47.98243842955099,1.0334361066024333,3.3436106602433373,37.19152796146847,0.8010236476732386,-19.89763523267614,28.03001758103847,0.6037048800568268,-39.629511994317326,27.65329330164283,0.5955910683102051,-40.440893168979485
2025-08-21,18,51,21.51261759042784,1.3772482452258539,37.7248245225854,15.336106538102616,0.9818250024393479,-1.8174997560652058,5.6716683942536585,0.3631029701826926,-63.68970298173075,7.240858764899532,0.46356330120995726,-53.643669879004285
2025-08-21,19,4,0.19248379189448533,0.031095927608155948,-96.89040723918441,0.9660636194912249,0.15606843610520596,-84.3931563894794,0.019999999999999976,0.003231017770597734,-99.67689822294024,0.2092127238982449,0.03379850143751937,-96.62014985624806
2025-08-22,6,46,1.3993190793085084,0.1261784562045544,-87.38215437954456,5.122577814098732,0.46190963156886666,-53.80903684311333,1.0512125660257379,0.09478923048022883,-90.52107695197712,1.8284461366987543,0.1648734117852799,-83.512658821472
2025-08-22,7,52,23.223198749421066,0.5526701273065461,-44.7329872693454,33.31002386505579,0.7927183213959017,-20.728167860409837,33.76757007678376,0.8036070936883332,-19.639290631166684,27.192877348879286,0.6471412981646665,-35.285870183533355
2025-08-22,8,52,60.08028040978411,0.7150711784073329,-28.492882159266706,79.0957160133551,0.9413915259861355,-5.860847401386449,69.5793727041934,0.8281286920280101,-17.187130797198993,70.81527057337665,0.8428382596212408,-15.716174037875918
2025-08-22,9,52,100.17539628880019,0.8297473394251651,-17.025266057483492,124.09230666473013,1.0278498025737606,2.784980257376068,108.90144602689864,0.9020247330978103,-9.797526690218971,115.04362397537318,0.9529000577766352,-4.709994222336473
2025-08-22,10,52,137.49338169355445,0.9447768961283203,-5.522310387167971,153.59728617263013,1.0554338361343374,5.543383613433748,125.7472635353049,0.8640642034996557,-13.59357965003443,146.34287154002044,1.0055855943105918,0.5585594310591895
2025-08-22,11,52,164.28767657257805,1.1338003904249692,13.380039042496925,168.13748747650052,1.160369133723261,16.0369133723261,157.4398970824381,1.0865417327980544,8.654173279805454,160.73663079882243,1.109293518280348,10.9293518280348
2025-08-22,12,52,176.15051668275677,1.17457169222349,17.457169222348988,171.9568410309452,1.1466082618586733,14.660826185867318,137.1155175416605,0.9142863075392444,-8.571369246075552,164.43472461304802,1.0964507875778358,9.64507875778357
2025-08-22,13,52,173.17511169049277,1.1640459211567704,16.404592115677037,165.03283159068883,1.1093152624231282,10.931526242312822,129.24881940293324,0.8687828151034026,-13.121718489659742,157.64201221528438,1.0596357613449239,5.963576134492398
2025-08-22,14,52,151.4548327337411,1.113229200542015,11.322920054201493,140.8793005301353,1.035496512533152,3.549651253315199,106.59836129409501,0.7835234200227492,-21.64765799772508,134.05434461701932,0.9853314562074189,-1.4668543792581097
2025-08-22,15,52,129.2909369928105,1.0930921287860202,9.309212878602034,119.10671084032576,1.006989438961158,0.6989438961157926,89.53190328926885,0.7569487934500241,-24.305120654997587,109.95787246859896,0.9296404503601535,-7.0359549639846435
2025-08-22,16,52,98.90235808614183,1.173636621409064,17.363662140906413,84.21821005799293,0.9993854284798023,-0.06145715201977216,58.157543857262894,0.6901334265724801,-30.986657342751993,74.8750850459337,0.888514121821926,-11.148587817807398
2025-08-22,17,52,57.583484243462436,1.3213282295425066,32.13282295425066,45.69000702078394,1.0484168660115636,4.841686601156355,29.546596486367523,0.6779852337395026,-32.20147662604973,34.5744731931932,0.7933564293986508,-20.664357060134922
2025-08-22,18,50,20.245646466098737,1.3933686487335677,39.33686487335677,13.679455205913076,0.9414628496843136,-5.853715031568641,4.2068636077492805,0.28952949812452033,-71.04705018754797,6.122465721855627,0.4213672210499399,-57.86327789500601
2025-08-22,19,6,0.20842661826152503,0.03324188489019538,-96.67581151098047,0.9489848569270575,0.15135324671882897,-84.8646753281171,0.03999999999999995,0.006379585326953741,-99.36204146730464,0.22179697138541143,0.03537431760532878,-96.46256823946712
2025-08-23,6,46,1.2814636170305642,0.11639088256408396,-88.36091174359161,4.4942409277827515,0.4081962695533835,-59.18037304466165,1.0062286265091112,0.09139224582280757,-90.86077541771924,1.8029917551834642,0.16375946913564618,-83.62405308643538
2025-08-23,7,51,21.00560747603881,0.5485925170028418,-45.14074829971581,29.599367268693122,0.7730312684432784,-22.696873155672165,28.281217212705123,0.7386058295300373,-26.13941704699627,24.145278153504197,0.6305896618831079,-36.94103381168921
2025-08-23,8,51,56.68864374507086,0.7388067736878778,-26.11932263121221,72.03572871671453,0.9388209138109546,-6.117908618904549,55.99869320276543,0.7298148469016739,-27.01851530983261,62.59877623135376,0.8158318288981333,-18.41681711018667
2025-08-23,9,51,94.26725693863165,0.8366668761749504,-16.333312382504964,114.45594154068903,1.0158510831693355,1.5851083169335565,94.99713210011859,0.843144866425123,-15.685513357487707,104.62257163207424,0.9285752341534947,-7.142476584650526
2025-08-23,10,51,126.13602223472554,0.9898455798063684,-1.0154420193631502,136.34273345103762,1.0699421914073421,6.994219140734215,109.59576154347795,0.8600467828884717,-13.995321711152837,129.4796521093379,1.0160845335426343,1.6084533542634376
2025-08-23,11,51,146.00667342183752,1.0847449734163261,8.474497341632611,142.05015277946825,1.0553503178266583,5.535031782665843,116.3525487226811,0.8644320113126381,-13.556798868736191,135.43599897899387,1.0062109879568637,0.6210987956863613
2025-08-23,12,51,160.7361214647179,1.1102094313076247,11.020943130762474,156.14758196497053,1.0785162450958041,7.851624509580415,116.28884371091557,0.8032106900878269,-19.678930991217317,148.7302480521813,1.027284487167988,2.728448716798804
2025-08-23,13,52,135.55213446528214,1.0571840154834047,5.71840154834046,129.01055753621543,1.0061656335689864,0.6165633568986358,105.29757304570157,0.821225807562795,-17.877419243720503,119.49970112052218,0.9319895579513506,-6.801044204864938
2025-08-23,14,52,131.54870825956945,1.0186519146629196,1.8651914662919595,119.49069705187068,0.9252802931072531,-7.471970689274688,96.03163154274294,0.7436242182340324,-25.63757817659677,110.1296613917151,0.8527927938029665,-14.720720619703354
2025-08-23,15,52,109.55180851300373,1.5688358658599988,56.88358658599988,101.1798837894322,1.4489457795994871,44.8945779599487,76.17313958274535,1.0908368836137095,9.083688361370951,91.46233189442931,1.3097856493545652,30.978564935456532
2025-08-23,16,52,60.03768618942953,1.5984474491328418,59.844744913284174,51.20984897252565,1.363414509385667,36.3414509385667,40.7362507605817,1.084564716735402,8.456471673540209,40.74305144574585,1.0847457786407309,8.474577864073094
2025-08-23,17,52,31.635866232490567,1.350229032543345,35.022903254334494,22.510522723685135,0.9607564115956099,-3.9243588404390164,14.741512584175538,0.629172538803907,-37.0827461196093,14.192044138050576,0.6057210472919581,-39.427895270804186
2025-08-23,18,46,11.999150857920478,1.1038777238197313,10.387772381973125,8.935628524523189,0.8220449424584351,-17.79550575415649,4.059794273351856,0.37348613370302264,-62.65138662969774,4.102570056756984,0.37742134836770785,-62.25786516322922
2025-08-23,19,6,0.14108190425473455,0.021506387843709535,-97.84936121562905,0.8690241454297609,0.13247319290087817,-86.75268070991218,0.03999999999999995,0.0060975609756097485,-99.39024390243902,0.2058048290859521,0.031372687360663426,-96.86273126393365
2025-08-24,6,47,1.2272882450795501,0.11016950135364006,-88.98304986463599,4.891268884628715,0.4390726108284305,-56.09273891715695,1.1143550750956461,0.10003187388650325,-89.99681261134967,1.877124500508043,0.16850309699354069,-83.14969030064594
2025-08-24,7,52,21.48184002550819,0.49213837400935145,-50.78616259906485,30.93792558415857,0.7087726365213877,-29.122736347861235,32.33508061587739,0.7407807701231933,-25.921922987680666,25.362418876265433,0.5810405240839733,-41.89594759160267
2025-08-24,8,52,56.3235838997262,0.6526487126271866,-34.73512873728134,73.5630096752426,0.8524103090989873,-14.758969090101276,61.97978730762737,0.7181898876897725,-28.181011231022744,65.15363256010488,0.7549667735817484,-24.503322641825164
2025-08-24,9,52,96.12483134925627,0.7807409953643297,-21.92590046356703,116.85977696016144,0.9491534840818832,-5.084651591811689,94.81345159171342,0.7700897627657036,-22.99102372342964,106.95859117519733,0.8687344962247997,-13.126550377520033
2025-08-24,10,52,129.08126258251195,0.8690585240861238,-13.094147591387614,137.16487411714627,0.9234826238278213,-7.651737617217873,103.72441774337643,0.6983398488074898,-30.16601511925102,130.30404102227428,0.8772910591952757,-12.270894080472429
2025-08-24,11,52,156.8108271574274,1.099963714628419,9.996371462841898,157.0938454555215,1.1019489720505156,10.194897205051548,118.97725200004909,0.8345766835020278,-16.542331649797216,150.13097811816067,1.0531073100319912,5.3107310031991215
2025-08-24,12,52,155.19158899693267,0.986847189348421,-1.3152810651579074,150.17390171591393,0.9549402372880195,-4.505976271198056,107.20906931548984,0.6817313322872304,-31.82686677127696,143.40381831974295,0.9118899804129655,-8.811001958703446
2025-08-24,13,52,162.03164397700968,1.1121672316357312,11.216723163573123,152.70884192994228,1.0481765524740358,4.817655247403585,106.21694233739414,0.7290613105730945,-27.09386894269055,145.48414455550764,0.9985870310625825,-0.14129689374175117
2025-08-24,14,52,148.57159246842207,1.5953139962248692,59.53139962248692,136.08092590803201,1.4611932342750136,46.119323427501364,89.42722168377162,0.9602407568320801,-3.975924316791985,128.91322325981056,1.384228747555144,38.422874755514414
2025-08-24,15,52,127.44078216479812,2.3556521657079137,135.56521657079136,115.29110320839862,2.1310739964583854,113.10739964583851,77.86166074157116,1.439217388938469,43.921738893846886,105.13727351023027,1.943387680410911,94.33876804109109
2025-08-24,16,52,96.79125126785627,1.5846635767494477,58.46635767494476,81.52836935124587,1.334780113805597,33.4780113805597,44.1399924903479,0.7226586851726898,-27.734131482731012,71.20553311562368,1.1657749364051027,16.577493640510273
2025-08-24,17,44,48.75891425899889,2.3680871422534673,136.80871422534673,38.139956931949285,1.852353420687192,85.2353420687192,17.322373935817907,0.8413003368537109,-15.869966314628908,28.205839759568555,1.3698805128493714,36.98805128493713
2025-08-24,18,39,15.732030904681325,1.4380284190750758,43.80284190750757,10.642089093614796,0.9727686557234734,-2.723134427652665,2.9268700557637577,0.2675383963220986,-73.24616036779015,4.613997930929795,0.4217548382934,-57.824516170660004
2025-08-24,19,5,0.1579265093624304,0.018384925420539048,-98.16150745794609,0.8902503024530044,0.10363798631583288,-89.6362013684167,0.04999999999999996,0.005820721769499414,-99.41792782305005,0.21805006049060083,0.025384174678766105,-97.46158253212339
2025-08-25,6,38,0.6683125251469562,0.06153890655128511,-93.8461093448715,3.775779102631989,0.3476776337598517,-65.23223662401483,0.4300103271225725,0.0395957943943437,-96.04042056056564,1.2319292421755128,0.11343731511745056,-88.65626848825494
2025-08-25,7,51,7.328480510771599,0.18586052525416175,-81.41394747458382,13.00035973962101,0.32970732284100956,-67.02926771589904,10.278866934246123,0.26068645534481666,-73.93135446551833,7.76224310353585,0.19686135185229137,-80.31386481477087
2025-08-25,8,52,19.777851060528068,0.36203278529247784,-63.796721470752225,27.786443366620993,0.5086297522720298,-49.13702477279702,15.439389198981226,0.2826174116599162,-71.73825883400838,17.96830185501235,0.32890905830152567,-67.10909416984744
2025-08-25,9,50,40.07468591639246,0.5581432578884744,-44.18567421115256,47.626926327191086,0.6633276647241099,-33.66723352758901,28.99625288669489,0.4038475332408759,-59.6152466759124,34.87148076942713,0.48567521962990434,-51.43247803700957
2025-08-25,10,52,77.69491156642223,1.2156925608890976,21.569256088909764,88.60534220551779,1.3864081083636017,38.64081083636016,66.06655006097809,1.03374354656514,3.374354656513979,79.35055581457415,1.2415984323982812,24.15984323982811
2025-08-25,11,52,81.35221779682698,1.000642285323825,0.06422853238250939,85.80930436025841,1.0554649982811612,5.5464998281161275,56.244716920715845,0.6918169362941679,-30.818306370583215,76.28164519618707,0.9382736186492875,-6.172638135071249
2025-08-25,12,52,91.22289109186667,0.735431240663227,-26.4568759336773,87.85833520119463,0.7083064753401697,-29.16935246598304,61.44383245137034,0.49535498590269544,-50.46450140973045,78.53897061970657,0.6331745454668379,-36.68254545331621
2025-08-25,13,52,90.57561394740705,0.6052901226103119,-39.47098773896881,86.57585982041915,0.5785609450709649,-42.143905492903514,62.852695045199,0.4200260294386462,-57.997397056135384,77.36966719672198,0.5170386741293905,-48.296132587060946
2025-08-25,14,52,100.56098683429289,0.7168079466411924,-28.319205335880763,91.34881856090956,0.6511427654209819,-34.88572345790181,63.391187005357594,0.45185820090781653,-54.81417990921834,81.67037222699996,0.5821539113764341,-41.784608862356585
2025-08-25,15,52,107.92684337377992,0.9159538604241696,-8.404613957583038,98.77499465969254,0.8382839231069552,-16.171607689304484,57.67723839092193,0.4894953610364247,-51.050463896357535,88.0957094881239,0.7476509334475422,-25.234906655245787
2025-08-25,16,52,90.88437468706879,1.1165156595462997,11.65156595462997,76.23996149683553,0.9366088635974882,-6.339113640251178,39.93674013293166,0.49062334315640865,-50.93766568435913,65.47394475236273,0.8043482156309918,-19.56517843690082
2025-08-25,17,52,62.35830647237781,1.3228321271187489,32.28321271187489,46.99881148773024,0.9970049106434078,-0.2995089356592213,22.517942100960248,0.4776822677335649,-52.231773226643504,34.255750261169446,0.7266811680349905,-27.331883196500957
2025-08-25,18,50,27.09337070060089,1.7502177455168533,75.02177455168533,19.800818816930523,1.279122662592411,27.912266259241097,6.260076946278829,0.40439773554772795,-59.5602264452272,9.618821300121306,0.6213708850207562,-37.86291149792438
2025-08-25,19,7,0.3009349806920531,0.032604006575520386,-96.73959934244796,1.0385927709720952,0.11252359382146213,-88.74764061785379,0.05999999999999989,0.006500541711809306,-99.34994582881906,0.2557185541944189,0.027705152133739863,-97.22948478662602
2025-08-26,6,44,0.9798037085033653,0.07110331701766076,-92.88966829823393,4.207525967579398,0.30533570156599404,-69.46642984340059,0.6689792256820204,0.04854711361988537,-95.14528863801146,1.5053565388079995,0.10924212908621185,-89.07578709137881
2025-08-26,7,51,18.414191344672002,0.5226849657868862,-47.73150342131138,26.676451006012183,0.7572083737159291,-24.279162628407096,21.52406054488843,0.6109582896647298,-38.90417103352702,19.69186629864287,0.5589516406086537,-44.10483593913463
2025-08-26,8,52,48.70929051873334,0.8490376593817908,-15.096234061820923,63.482641542439474,1.1065476998856452,10.654769988564526,50.36455489437257,0.8778900975139021,-12.210990248609791,55.12551911190764,0.9608770979938581,-3.9122902006141915
2025-08-26,9,52,94.34077044849377,1.2716103308868278,27.161033088682785,116.07296480401645,1.5645365251922958,56.45365251922959,90.81484650257238,1.2240847351741793,22.408473517417935,106.1849033796075,1.4312562795472097,43.12562795472097
2025-08-26,10,52,125.72659622854853,1.5527552949061199,55.275529490611994,136.8196794029841,1.689757680659307,68.97576806593071,98.5147130994042,1.2166816487514414,21.668164875144136,127.0116959912189,1.5686266023369013,56.862660233690136
2025-08-26,11,52,141.09098238279108,2.0176030656769783,101.76030656769784,139.95276967428597,2.001326607668897,100.13266076688974,116.35714250826122,1.6639088017769375,66.39088017769373,130.46333919172855,1.8656276160693346,86.56276160693346
2025-08-26,12,52,127.09016174610035,1.2737037657456438,27.370376574564393,119.92646834840953,1.2019088830267541,20.190888302675415,108.18774652280938,1.084262843483758,8.426284348375802,111.20709779323711,1.1145229283747957,11.452292837479565
2025-08-26,13,52,140.8791925927724,1.883159906333009,88.31599063330088,134.50740612055912,1.797986981961758,79.7986981961758,107.20608608915265,1.4330448615045133,43.30448615045134,125.44057955008819,1.676788925946908,67.6788925946908
2025-08-26,14,52,106.50549876624949,0.8965864026117474,-10.341359738825263,98.03442166640123,0.8252750371782238,-17.472496282177612,73.95184579840068,0.6225426870814098,-37.745731291859016,88.63014479810992,0.7461077935694075,-25.389220643059257
2025-08-26,15,52,90.62086293871363,1.1456493418295022,14.564934182950212,83.99694316294745,1.061908257432964,6.190825743296379,58.25507204333186,0.7364737300041954,-26.352626999580465,73.10323952643046,0.9241876046324962,-7.581239536750381
2025-08-26,16,52,74.46154019620647,1.709009414647842,70.90094146478421,62.735056970643484,1.439868188447177,43.98681884471768,40.949386982569585,0.9398528111675372,-6.01471888324629,50.0592367433548,1.1489381855257015,14.89381855257014
2025-08-26,17,52,50.1038440834442,1.5900934333051155,59.00934333051156,38.89786290532208,1.2344608982964795,23.44608982964796,21.6324234238146,0.6865256561032878,-31.347434389671225,27.13999908227322,0.8613138394882011,-13.868616051179892
2025-08-26,18,50,17.79651011058763,0.9865027777487598,-1.3497222251240206,12.444735453684359,0.689841211401572,-31.01587885984281,4.63566055282585,0.25696566257349496,-74.3034337426505,5.583653309469259,0.30951515019230924,-69.04848498076908
2025-08-26,19,7,0.17527156877716044,0.019649279010892425,-98.03507209891075,0.8189564572995153,0.09181126202909363,-90.81887379709063,0.05999999999999993,0.006726457399103131,-99.32735426008968,0.21179129145990294,0.023743418325101226,-97.62565816748987
2025-08-27,6,33,0.5005784345035834,0.03732874231943203,-96.2671257680568,3.164059664382124,0.2359477751217095,-76.40522248782905,0.5399999999999996,0.0402684563758389,-95.97315436241611,1.334837120977959,0.09954042662028033,-90.04595733797197
2025-08-27,7,45,7.240794854943749,0.33475704368671977,-66.52429563132802,12.6321703178678,0.5840115727169578,-41.59884272830421,8.907168091351087,0.41179695290573676,-58.82030470942632,6.944018245102681,0.3210364422146408,-67.89635577853592
2025-08-27,8,51,31.19481430780413,0.7732973303868154,-22.67026696131846,36.87523023829518,0.9141108140380562,-8.588918596194386,27.14430523496225,0.6728880821755641,-32.7111917824436,26.80118910248507,0.6643824765117766,-33.56175234882233
2025-08-27,9,52,58.70068505357205,1.4083657642411722,40.83657642411723,73.35683194549509,1.7600007664466195,76.00007664466195,53.574064130693095,1.285366221945612,28.53662219456119,63.36725086671688,1.5203275159960867,52.03275159960866
2025-08-27,10,51,97.5738448391562,1.2295091335579156,22.950913355791556,106.1245357087418,1.3372547342331373,33.72547342331374,85.31580029509313,1.0750478867829274,7.504788678292732,96.39311996503362,1.214631047946492,21.463104794649198
2025-08-27,11,52,118.93286189712082,1.1733707764120047,17.337077641200473,120.02182097736616,1.1841142558935098,18.411425589350973,102.0672113600615,1.0069772233628798,0.6977223362879761,112.68102629019634,1.1116912617422685,11.169126174226843
2025-08-27,12,52,137.10187988521938,1.4978900894266294,49.789008942662946,127.0291294816377,1.387841467077873,38.7841467077873,107.99560658572811,1.179893003230942,17.989300323094206,119.91412179584167,1.3101073068484834,31.010730684848337
2025-08-27,13,52,132.47566390770098,1.3629183529598865,36.291835295988655,122.08174300393178,1.2559850103285162,25.598501032851615,103.63040275220108,1.0661564069156488,6.6156406915648915,112.34218959450689,1.1557838435648857,15.578384356488566
2025-08-27,14,52,123.91153812277041,1.4576113177599153,45.76113177599153,111.89732417478605,1.3162842509679573,31.62842509679572,87.18978244491996,1.025641482706975,2.5641482706975074,102.33051862118505,1.2037468370919309,20.374683709193086
2025-08-27,15,52,90.95464213148064,1.1958275326253045,19.582753262530442,83.6193912056884,1.09938721017208,9.938721017208014,60.41773024541409,0.7943430218960571,-20.565697810394294,73.18571935009227,0.9622103516972428,-3.7789648302757275
2025-08-27,16,52,56.80009327793189,0.7574355684482184,-24.25644315517816,47.78054716415433,0.6371589167109526,-36.28410832890474,33.76862384285512,0.45030835901927085,-54.96916409807291,36.202979191522985,0.4827707586547938,-51.72292413452062
2025-08-27,17,52,37.58600397531862,0.8839605826744737,-11.603941732552629,27.578779485272268,0.6486072315445031,-35.139276845549695,15.452802651803523,0.3634243332973548,-63.65756667026452,17.66268194825911,0.4153970354717571,-58.46029645282429
2025-08-27,18,46,13.119418917829016,0.9066633668161033,-9.333663318389677,9.870210426882501,0.6821154406967864,-31.78845593032136,3.9727690920238548,0.2745521141688911,-72.54478858311089,4.27917460877588,0.2957273399292245,-70.42726600707755
2025-08-27,19,6,0.12960133718718247,0.014561947998559827,-98.54380520014402,0.81961409560199,0.09209147141595392,-90.7908528584046,0.04999999999999996,0.005617977528089883,-99.438202247191,0.20392281912039792,0.022912676305662686,-97.70873236943373
2025-08-28,6,45,1.0021378213760217,0.07780573147329362,-92.21942685267065,4.5214425877599105,0.3510436791739061,-64.8956320826094,0.769107567520305,0.05971332045965101,-94.0286679540349,1.5792947626811986,0.12261605300319867,-87.73839469968013
2025-08-28,7,52,20.593123573375216,0.5465266341129303,-45.347336588706966,29.9712013752414,0.7954140492367675,-20.45859507632325,32.528385061666135,0.8632798583244728,-13.672014167552717,24.623551817148684,0.6534912902640309,-34.65087097359691
2025-08-28,8,52,57.52481941405764,0.6923194056331405,-30.768059436685945,76.08939466459614,0.9157467163870039,-8.425328361299613,64.40648636158787,0.7751412487855082,-22.48587512144918,67.61731701616971,0.8137840536306381,-18.621594636936194
2025-08-28,9,52,96.96691663312502,0.7679939540085936,-23.200604599140636,119.31121682287585,0.9449644924986208,-5.503550750137923,96.50512090022754,0.7643364557280813,-23.566354427191868,109.62222925782953,0.8682261148251983,-13.177388517480168
2025-08-28,10,52,134.16564306209486,0.8971890000140086,-10.281099998599144,148.04614996899562,0.9900103649123686,-0.9989635087631396,106.38156745272893,0.7113920519775907,-28.86079480224093,140.8961435800061,0.9421970280861716,-5.780297191382846
2025-08-28,11,51,157.28702376251792,0.9610009394667188,-3.8999060533281136,158.9588649853984,0.9712156472499441,-2.8784352750055824,143.42386218910758,0.8762990296884434,-12.370097031155654,151.70378884091045,0.9268881825680357,-7.311181743196428
2025-08-28,12,51,171.67181318044888,1.006990926680249,0.6990926680249067,167.32795240843936,0.9815107485243978,-1.8489251475602178,137.19305795079174,0.804745764610463,-19.525423538953703,159.66596988656477,0.9365671626382259,-6.34328373617741
2025-08-28,13,51,160.89872133891487,0.9730208111932441,-2.6979188806755836,153.30314962589253,0.9270872618885614,-7.291273811143857,123.28198081054992,0.7455368941131466,-25.446310588685346,146.20732768194657,0.884175905188356,-11.582409481164396
2025-08-28,14,52,154.34046016720092,1.0036445582468518,0.36445582468519105,142.6903182970662,0.9278860599367029,-7.21139400632971,103.02922624428905,0.669978061154175,-33.0021938845825,135.47758911379614,0.8809831519950326,-11.901684800496739
2025-08-28,15,52,126.39410268892324,0.9852217841524924,-1.4778215847507614,115.16519537752647,0.8976942503509742,-10.23057496490258,83.27338424306326,0.6491026911143758,-35.08973088856243,105.10411038294005,0.8192697044425914,-18.073029555740856
2025-08-28,16,52,102.75595948165531,1.1690097779482969,16.90097779482968,85.6530148721087,0.9744370292617597,-2.556297073824028,63.90840940724178,0.7270581274999063,-27.294187250009372,76.50010489099331,0.8703083605346222,-12.969163946537776
2025-08-28,17,51,52.56951929956895,1.163042462379844,16.3042462379844,40.817829825039894,0.9030493324123869,-9.695066758761302,27.663034246039917,0.6120140319920335,-38.798596800796645,30.180684216814885,0.6677142525844001,-33.22857474155999
2025-08-28,18,50,20.7327379699771,1.53348653624091,53.34865362409099,14.329301086530034,1.0598595478202688,5.985954782026881,4.288646948883206,0.3172076145623673,-68.27923854376327,6.344956856334242,0.46930154262827234,-53.06984573717277
2025-08-28,19,7,0.1746468977475686,0.02026066099159729,-97.97393390084028,0.8287892737868123,0.09614724753907336,-90.38527524609266,0.05999999999999989,0.006960556844547551,-99.30394431554524,0.21375785475736234,0.02479789498345271,-97.52021050165473
2025-08-29,6,45,0.7205931322661805,0.05438438734084381,-94.56156126591561,4.225661480833185,0.3189178476100517,-68.10821523899483,0.49000000000000005,0.0369811320754717,-96.30188679245283,1.431549253882443,0.10804145312320325,-89.19585468767967
2025-08-29,7,51,16.1712390374287,0.3875207054260412,-61.24792945739588,23.687004900313543,0.5676253271103174,-43.23746728896826,25.54855527419512,0.6122347297914,-38.77652702086,18.536296572636022,0.4441959399145944,-55.580406008540564
2025-08-29,8,51,52.13856404759186,0.6382490396326582,-36.17509603673418,68.57976892504813,0.8395124118625059,-16.048758813749412,54.5081852566789,0.6672565216878306,-33.274347831216936,60.17186179547068,0.7365878540270616,-26.34121459729384
2025-08-29,9,51,92.38473228957616,0.7839179659700989,-21.60820340299011,113.35302015901384,0.9618414947731339,-3.8158505226866106,90.88779776992013,0.7712159335589318,-22.878406644106814,103.43749034881886,0.8777046274825528,-12.22953725174472
2025-08-29,10,51,122.81350819747466,0.8661648085018313,-13.383519149816864,136.67235317562245,0.9639068564470163,-3.6093143552983604,121.03603548512282,0.8536288559498049,-14.637114405019513,129.75597455658212,0.9151278267619869,-8.487217323801309
2025-08-29,11,51,153.86175043126704,1.029795531967519,2.9795531967519007,157.53292131681704,1.0543666509391407,5.43666509391407,125.91387064927278,0.8427405839587228,-15.72594160412773,150.0753692518923,1.0044533113706733,0.4453311370673225
2025-08-29,12,51,163.6171733885996,1.0736034999251942,7.360349992519426,160.32517421605692,1.0520024554859377,5.200245548593777,125.10130219156821,0.8208746862963793,-17.91253137036207,152.8048650110567,1.0026565945607395,0.26565945607394986
2025-08-29,13,51,160.99261765094545,1.3204775069795394,32.047750697953944,153.74842450561448,1.2610599122835833,26.105991228358334,119.8757496422155,0.9832328546769643,-1.6767145323035644,146.67648235219195,1.2030551374031493,20.30551374031492
2025-08-29,14,51,150.92370004995612,1.2256269291047273,22.562692910472734,139.77940730374084,1.1351259323025893,13.512593230258924,101.62063195235169,0.8252446967057957,-17.475530329420426,132.8436127693271,1.0788014679984335,7.880146799843356
2025-08-29,15,51,132.19982823201173,1.263256839292993,26.3256839292993,120.71100688533934,1.153473548832674,15.347354883267403,86.9717076753822,0.8310722185894143,-16.892778141058574,111.67945616117565,1.0671711052190698,6.71711052190697
2025-08-29,16,51,90.10154506172661,1.314967090801614,31.496709080161413,76.45117139661745,1.115749728497044,11.574972849704382,57.67495019977737,0.8417243169844916,-15.827568301550842,68.36834935232213,0.9977867681307956,-0.22132318692043626
2025-08-29,17,51,50.71475550688692,1.5280131216296147,52.801312162961466,38.993917459378814,1.1748694624699851,17.48694624699852,27.834420147790333,0.838638751063282,-16.136124893671802,28.89006325980557,0.8704448104792276,-12.955518952077238
2025-08-29,18,39,15.767946649949167,1.4347540172838191,43.475401728381904,11.716345245478069,1.066091469106285,6.6091469106285,2.793054546989776,0.2541450907179051,-74.5854909282095,4.720394714654722,0.42951726247995664,-57.04827375200434
2025-08-29,19,5,0.13966828704016962,0.016259404777668175,-98.37405952223318,0.9119531813259967,0.10616451470616958,-89.38354852938305,0.04999999999999992,0.005820721769499409,-99.41792782305005,0.22239063626519925,0.02588948035683344,-97.41105196431666
2025-08-30,6,44,0.7046081333280707,0.05000767447324846,-94.99923255267515,3.8033260164367997,0.2699308741261036,-73.00691258738962,0.49000000000000005,0.03477643718949611,-96.52235628105039,1.3355912411098176,0.09479001001489126,-90.52099899851088
2025-08-30,7,50,11.68577368560648,0.34706782553033794,-65.29321744696621,17.48363578881284,0.5192645021922435,-48.07354978077565,12.59558337066017,0.3740892001978072,-62.59107998021926,11.089051287985251,0.32934515259831454,-67.06548474016854
2025-08-30,8,50,29.912442616563425,0.4761611368443716,-52.38388631556285,34.968858447282365,0.5566516785622789,-44.334832143772104,24.42835115563274,0.38886264176429064,-61.113735823570934,24.926511993019265,0.39679261370613284,-60.32073862938672
2025-08-30,9,51,51.23014722014263,0.8666917140947831,-13.330828590521692,57.02135370066213,0.9646650939039441,-3.533490609605595,36.940597218371224,0.6249466624661009,-37.505333753389905,45.711302597729436,0.7733260463158422,-22.667395368415775
2025-08-30,10,52,43.6292078272214,0.5487950670090743,-45.120493299092566,48.172808400785435,0.6059472754815779,-39.40527245184221,35.35538300927615,0.44472179885881963,-55.52782011411804,39.15529090073167,0.4925193823991406,-50.74806176008594
2025-08-30,11,50,33.97191689767328,0.5313924119767446,-46.86075880232554,37.62244042283247,0.5884942972443683,-41.15057027556316,26.614281627218034,0.4163034823591121,-58.36965176408879,27.445376096951794,0.42930355227517275,-57.06964477248272
2025-08-30,12,49,47.4538490019931,1.2004515305335972,20.04515305335972,46.718387620867986,1.1818463855519348,18.184638555193487,30.5774432130106,0.7735249990642702,-22.647500093572983,37.82913817818056,0.9569728858634089,-4.302711413659105
2025-08-30,13,44,45.9194930201321,1.8207570586888222,82.07570586888222,43.205948798334155,1.7131621252313303,71.31621252313303,23.677475546618837,0.9388372540292955,-6.116274597070443,35.122778649199084,1.3926557751466726,39.26557751466725
2025-08-30,14,14,17.600076328889585,1.8604731848720493,86.04731848720493,15.68029106764715,1.6575360536624897,65.75360536624896,7.32060622757195,0.773848438432553,-22.615156156744703,13.84334929637955,1.4633561624079865,46.33561624079864
2025-08-30,15,23,29.652440240388607,3.1378243640622867,213.78243640622867,28.607210505972276,3.0272180429600293,202.72180429600292,9.763116983969331,1.0331340723777072,3.313407237770707,22.117844270981006,2.3405126212678313,134.05126212678314
2025-08-30,16,42,52.701204844028695,4.17931838572789,317.93183857278905,42.86986184911777,3.399671835774605,239.96718357746053,15.196179995503964,1.2050896110629632,20.508961106296315,30.303899748356223,2.4031641354763065,140.31641354763065
2025-08-30,17,49,30.543294456149845,1.6828261408347023,68.28261408347022,22.24388957598878,1.2255586543244508,22.555865432445085,5.313657885191898,0.29276351984528365,-70.72364801547164,10.756714077810878,0.5926564230198832,-40.734357698011685
2025-08-30,18,40,11.325037056086174,0.9995619643500596,-0.043803564994036606,8.262295662579815,0.7292405703953941,-27.07594296046058,1.4748887569961247,0.1301755301850066,-86.98244698149934,3.20518401070052,0.28289355787294973,-71.71064421270502
2025-08-30,19,5,0.089960328827351,0.010472680887933761,-98.95273191120663,0.7083040204246271,0.08245681262219175,-91.75431873778082,0.04999999999999996,0.005820721769499414,-99.41792782305005,0.18166080408492538,0.02114793994003788,-97.88520600599621
2025-08-31,6,35,0.4982294781076754,0.04889396252283371,-95.11060374771664,3.1309081875291978,0.30725301153377804,-69.2746988466222,0.2899999999999998,0.02845927379784101,-97.1540726202159,0.9976755715975592,0.09790731811556029,-90.20926818844397
2025-08-31,7,49,13.306664834044406,0.3392826321785927,-66.07173678214073,19.34037479480523,0.4931253134830502,-50.68746865169498,15.108506690683038,0.3852245459123671,-61.47754540876329,12.81261877771412,0.32668584338893725,-67.33141566110626
2025-08-31,8,51,36.21252668766495,0.6149180962415511,-38.50819037584488,40.53731565362202,0.6883565232403127,-31.164347675968727,20.50159822376885,0.34813377863421374,-65.18662213657862,28.57842249654764,0.48528481060532586,-51.47151893946742
2025-08-31,9,51,66.71346393274314,1.0014029410498817,0.14029410498817158,76.03729463951295,1.1413583704520103,14.135837045201033,33.43096103897375,0.5018156865652017,-49.81843134347983,65.78266606631583,0.9874311928297179,-1.2568807170282077
2025-08-31,10,51,66.36538128579107,0.7629958759001043,-23.70041240998957,67.77035208938788,0.7791486788846618,-22.085132111533824,37.92813471422656,0.4360558141437866,-56.394418585621345,54.367705172516175,0.6250598433262379,-37.49401566737621
2025-08-31,11,51,49.28232621196036,0.6205279049604678,-37.94720950395321,51.280034287547466,0.6456816203418215,-35.43183796581785,30.74223776054876,0.38708433342418486,-61.29156665758152,38.45800450455539,0.48423576560759746,-51.57642343924026
2025-08-31,12,50,57.0400228595805,0.5584494111962063,-44.15505888037937,55.870330693975134,0.5469975591734398,-45.30024408265602,28.446922119935255,0.2785091259049859,-72.1490874095014,43.29835944627899,0.4239118802259545,-57.60881197740455
2025-08-31,13,50,101.44103888486003,0.9891861422219409,-1.0813857778059117,92.39676994520045,0.9009923934197996,-9.90076065802004,44.59632254205146,0.4348739399517451,-56.512606004825486,80.98331032305394,0.7896958588303651,-21.030414116963485
2025-08-31,14,50,112.69449790926971,0.9965027669048521,-0.3497233095147894,101.14636907035707,0.894388266604979,-10.561173339502098,51.86879143419862,0.4586505564965835,-54.134944350341655,90.3799213397332,0.7991857930827944,-20.081420691720567
2025-08-31,15,50,82.83737567337985,1.2513198742202396,25.131987422023965,74.55442654410494,1.1261997967387456,12.619979673874553,28.43682124734093,0.42955923334351864,-57.044076665648134,62.706106303385155,0.9472221495979632,-5.277785040203677
2025-08-31,16,41,55.30505527705656,1.6063042485348984,60.63042485348983,47.29716268835965,1.3737195088109102,37.371950881091024,19.68108094686388,0.5716259351398163,-42.83740648601837,35.19378544449684,1.0221837189804481,2.218371898044823
2025-08-31,17,41,27.302864825056258,1.4538266680008656,45.382666800086554,20.589948194846002,1.0963763682026624,9.637636820266247,8.320737533307957,0.4430637664168241,-55.69362335831759,12.001174416390793,0.6390401712668153,-36.09598287331847
2025-08-31,18,39,6.166743591906065,0.4612373666347094,-53.876263336529064,3.6523765559508052,0.2731770049327453,-72.68229950672547,1.5758834630582654,0.11786712513524797,-88.21328748647521,2.1424666326175665,0.16024432555105209,-83.97556744489479
2025-08-31,19,4,0.03732754727885866,0.0043505299858809625,-99.56494700141191,0.5408772162050598,0.0630393025880023,-93.69606974119978,0.03999999999999995,0.004662004662004657,-99.53379953379954,0.1401754432410119,0.016337464247204184,-98.3662535752796
2025-09-01,6,39,0.5547280730604772,0.05015624530384062,-94.98437546961594,3.7001068684219702,0.3345485414486411,-66.54514585513589,0.46000000000000013,0.041591320072332745,-95.84086799276672,1.276386316486527,0.11540563440203681,-88.45943655979632
2025-09-01,7,51,18.3023387449569,0.46725398889346187,-53.27460111065382,27.30828083458895,0.6971733682560366,-30.28266317439634,23.80221110853009,0.6076643121912202,-39.23356878087798,20.783335715471818,0.5305932018246572,-46.94067981753429
2025-09-01,8,51,51.37482501447673,0.600173189421457,-39.98268105785429,68.60030691864033,0.8014054546570131,-19.85945453429869,58.464025821239595,0.6829909558556027,-31.700904414439734,61.196788722650496,0.71491575610573,-28.508424389427
2025-09-01,9,52,88.52245182006297,0.7750170882512953,-22.49829117487046,109.11092685303595,0.9552698901509012,-4.4730109849098785,88.28903560223377,0.7729735212942895,-22.70264787057104,99.94793844418268,0.875047613764513,-12.495238623548703
2025-09-01,10,52,117.71529451761101,0.8986586343813345,-10.134136561866551,130.03444792313675,0.9927051524783322,-0.7294847521667731,94.52540763161265,0.7216230829194034,-27.837691708059666,121.28916856347017,0.9259421983622427,-7.405780163775737
2025-09-01,11,51,129.76732720184154,0.8965546994738257,-10.344530052617431,128.47230636151784,0.8876074779709675,-11.239252202903256,110.5691020071104,0.7639153102605388,-23.608468973946113,121.2738350747682,0.8378736705455865,-16.21263294544135
2025-09-01,12,51,128.0838710461473,0.8344769759993961,-16.552302400060388,126.98164734141233,0.8272958977224076,-17.27041022775924,109.1535266993203,0.7111442224204855,-28.88557775795146,120.22395446863939,0.7832689717156779,-21.673102828432206
2025-09-01,13,51,127.45181854171437,0.806963521221441,-19.303647877855894,122.7649639917792,0.77728861587805,-22.271138412194997,111.94584375588097,0.7087871581352475,-29.12128418647525,116.30868508762184,0.736410567858819,-26.358943214118106
2025-09-01,14,50,124.919803665368,0.8585553516520137,-14.144464834798631,113.47788536032421,0.7799167378716441,-22.0083262128356,97.66051463032152,0.6712062861190482,-32.87937138809518,106.32287898585989,0.730741436328934,-26.925856367106604
2025-09-01,15,50,107.82062427236436,0.9165302981329851,-8.34697018670149,99.93754289886408,0.8495200858454955,-15.047991415450449,85.92604741826881,0.7304152279689631,-26.95847720310369,93.30588917302491,0.7931476468295215,-20.68523531704784
2025-09-01,16,50,86.26519008121947,1.0111966953606786,1.1196695360678521,73.69783805900893,0.8638827576955684,-13.611724230443158,57.32405140449424,0.6719499637146202,-32.80500362853798,66.76252211956135,0.7825872948020322,-21.741270519796785
2025-09-01,17,50,51.752323478851764,1.1314456379285476,13.144563792854767,39.34974055100836,0.86029166049428,-13.970833950572006,24.809389952913474,0.5424003050483925,-45.75996949516074,28.761200747331085,0.6287975677160272,-37.12024322839727
2025-09-01,18,48,18.659841702902774,1.2994318734611958,29.943187346119586,12.675519334162619,0.8826963324625778,-11.730366753742217,4.158731708046333,0.2896052721480733,-71.03947278519266,5.83704639271677,0.40647955381036,-59.352044618963994
2025-09-01,19,6,0.15739422434867192,0.017967377208752505,-98.20326227912476,0.8446201514653163,0.0964178255097393,-90.35821744902607,0.04999999999999992,0.005707762557077617,-99.42922374429223,0.20892403029306317,0.023849775147609952,-97.615022485239
2025-09-02,6,38,0.5111478234102391,0.048040208967127726,-95.19597910328723,3.1200030623973607,0.2932333705260677,-70.67666294739323,0.35000000000000014,0.03289473684210527,-96.71052631578948,1.0208217522312009,0.09594189400669179,-90.40581059933082
2025-09-02,7,51,14.48021055887761,0.41693667028153214,-58.306332971846786,21.910040254867734,0.6308678449429236,-36.91321550570764,19.190481776292888,0.552562101246556,-44.743789875344405,15.625193953640226,0.44990480718802844,-55.00951928119715
2025-09-02,8,51,45.99487182859813,0.6153983386218641,-38.46016613781359,60.789920603219024,0.8133518946109047,-18.66481053890953,46.902517852931815,0.6275423849736662,-37.245761502633385,52.520044345667976,0.7027032960351615,-29.729670396483847
2025-09-02,9,51,73.27570501401449,0.7392625606740768,-26.073743932592325,90.30738563768028,0.9110914612356767,-8.890853876432326,73.2341648749665,0.7388434712970792,-26.115652870292077,81.88158401757575,0.8260853916220313,-17.391460837796867
2025-09-02,10,51,102.63461379319199,0.9036328032505018,-9.636719674949825,112.18542281940688,0.9877216307396274,-1.2278369260372577,80.4680575320687,0.7084703075547517,-29.15296924452483,102.43650470150642,0.901888578107998,-9.81114218920019
2025-09-02,11,51,135.84448030773197,0.9901201188610202,-0.9879881138979726,137.48808455927434,1.0020997416856732,0.2099741685673124,95.02519105695592,0.6926034333597371,-30.739656664026292,130.81146236693587,0.9534363146278125,-4.6563685372187456
2025-09-02,12,51,139.97765981353893,1.0142573713030862,1.4257371303086328,136.4197382274608,0.9884771989526905,-1.1522801047309466,111.74883308507842,0.8097154777558033,-19.028452224419663,127.49394832450352,0.9238022485653469,-7.619775143465307
2025-09-02,13,51,135.67732022769565,1.1656127167327803,16.561271673278043,128.58474210020387,1.104679914950205,10.467991495020499,100.52101772851155,0.8635826265336044,-13.641737346639566,120.31923154879377,1.0336703741305306,3.367037413053059
2025-09-02,14,51,117.94533505905973,1.0396239317678249,3.9623931767824825,105.45381053911127,0.9295179421693369,-7.048205783066311,75.72962335002327,0.6675154107538411,-33.24845892461589,96.60957847997365,0.8515608504184543,-14.843914958154564
2025-09-02,15,51,108.21142816356951,1.3194906494765215,31.94906494765214,98.67283384342655,1.2031805126621944,20.31805126621943,67.72944799112588,0.8258681623110095,-17.413183768899053,90.24017163190544,1.1003557082295508,10.035570822955068
2025-09-02,16,51,78.23643552925105,1.6081487261922107,60.814872619221084,65.96742597169045,1.3559594238785293,35.59594238785292,37.008561332691656,0.7607104076606712,-23.928959233932872,56.53865720922108,1.1621512273221188,16.21512273221188
2025-09-02,17,50,48.83611392682247,1.6927595815189767,69.27595815189765,37.79784733851512,1.3101506876435052,31.015068764350506,17.054287745991065,0.5911364903289797,-40.886350967102025,25.45082975836208,0.8821778079154967,-11.782219208450325
2025-09-02,18,43,16.8002935919412,1.3647679603526568,36.476796035265686,12.28395572992369,0.997884299750097,-0.2115700249903074,2.737901817366305,0.2224128202572141,-77.7587179742786,5.379108400850729,0.4369706255768262,-56.30293744231738
2025-09-02,19,5,0.12322399262355149,0.014345051527770837,-98.56549484722292,0.8521638008718675,0.09920416773828493,-90.07958322617151,0.04999999999999992,0.005820721769499409,-99.41792782305005,0.2104327601743734,0.024497410963256507,-97.55025890367433
2025-09-03,6,40,0.5093561292655333,0.04417659403864123,-95.58234059613588,3.0997047879335597,0.2688382296559896,-73.11617703440105,0.3199999999999998,0.027753686036426695,-97.22463139635732,1.032520097539611,0.08955074566692203,-91.04492543330778
2025-09-03,7,51,10.708631004275796,0.2826242017491632,-71.73757982508369,16.94302334913685,0.44716345603422664,-55.28365439657733,12.993628984604284,0.3429302978253967,-65.70697021746032,10.587863206778552,0.2794368753438519,-72.05631246561481
2025-09-03,8,51,30.96684203925941,0.43874811616972814,-56.125188383027194,36.97087964067535,0.5238152400209032,-47.61847599790968,33.77713932277607,0.47856530635840283,-52.143469364159714,29.179526139555094,0.413424853209905,-58.6575146790095
2025-09-03,9,51,59.872069289946026,0.5726096909903025,-42.73903090096975,74.97289855335454,0.7170323121017075,-28.296768789829247,62.01816381821858,0.5931346960426414,-40.686530395735865,67.13656584408065,0.6420865134284683,-35.791348657153165
2025-09-03,10,51,78.69340217201429,0.6610668865256578,-33.89331134743422,82.92837929558927,0.6966429712331089,-30.335702876689112,49.29531882349254,0.41410718097691995,-58.58928190230801,72.82642525154263,0.6117811261050289,-38.82188738949711
2025-09-03,11,51,100.52465535422184,1.1107696724223408,11.076967242234073,99.91511686861492,1.1040344405371814,10.40344405371814,68.60070597395095,0.7580188505408945,-24.19811494591055,90.28465511991438,0.9976204985625898,-0.23795014374102091
2025-09-03,12,51,101.56927645322835,0.8635374634690388,-13.646253653096114,94.76382289838358,0.8056778005303824,-19.432219946961762,65.53879976220867,0.5572079558086096,-44.279204419139035,85.28157510153339,0.7250601521980393,-27.49398478019606
2025-09-03,13,51,122.53580035361034,1.2853855066989444,28.53855066989443,111.08186331440153,1.1652351129172511,16.523511291725114,90.00279751173734,0.9441182997140182,-5.588170028598179,101.96800095184847,1.0696318152926516,6.963181529265166
2025-09-03,14,51,115.85560093600728,1.5194177171935381,51.9417717193538,103.22494300151033,1.3537697442821026,35.37697442821026,73.84941095439275,0.9685168649756426,-3.148313502435735,94.23537585330459,1.235873781682683,23.587378168268312
2025-09-03,15,51,86.01222305337608,1.431151797893113,43.115179789311284,78.0173413033547,1.29812547925715,29.812547925714984,41.837729701485216,0.6961352695754612,-30.386473042453876,68.56823830143794,1.1409024675780024,14.090246757800251
2025-09-03,16,51,67.57682883545718,1.2593520096059854,25.935200960598536,55.71857897487379,1.0383633800759184,3.836338007591855,34.42142272677947,0.6414726561084507,-35.852734389154925,45.420721645618436,0.8464540001047043,-15.354599989529572
2025-09-03,17,51,28.050320565709107,0.936884454432502,-6.311554556749802,19.123240934744032,0.6387188020956591,-36.128119790434084,11.43222376409066,0.38183780107183235,-61.81621989281677,11.035123802487236,0.3685746093015109,-63.142539069848915
2025-09-03,18,42,7.9000749904205065,0.6851756279636173,-31.482437203638273,5.091697174912112,0.44160426495334887,-55.83957350466511,1.8071141444377523,0.15673149561472266,-84.32685043852773,2.5725078625645335,0.2231142985745476,-77.68857014254525
2025-09-03,19,5,0.05833424992308709,0.006272499991729795,-99.37275000082703,0.662056260703849,0.07118884523697301,-92.8811154763027,0.03999999999999995,0.004301075268817199,-99.56989247311829,0.16441125214076974,0.017678629262448356,-98.23213707375517
2025-09-04,6,38,0.5172655315825863,0.04912303243899205,-95.0876967561008,3.1089226996721084,0.29524432095651554,-70.47556790434845,0.35000000000000014,0.03323836657169992,-96.67616334283001,1.0180813249719625,0.09668388651205723,-90.33161134879427
2025-09-04,7,51,17.043742153182716,0.4404067739840495,-55.959322601595055,25.787142927241984,0.6663344425643923,-33.366555743560774,21.82282625594926,0.5638973192751746,-43.61026807248254,19.080027450257003,0.4930239651229199,-50.69760348770801
2025-09-04,8,51,51.87282875354821,0.6717538041122536,-32.82461958877464,68.89652202423001,0.8922108524246313,-10.778914757536878,56.630268515665016,0.7333627106405728,-26.663728935942725,61.08889712324017,0.7911020088479692,-20.889799115203076
2025-09-04,9,51,87.00020194199045,0.8139227424641262,-18.607725753587374,106.13076076110505,0.9928970040331654,-0.7102995966834588,79.66404813471843,0.7452900003248052,-25.470999967519482,96.8345613573265,0.9059272275921649,-9.40727724078351
2025-09-04,10,51,118.69974587660644,0.9811518091966147,-1.8848190803385247,129.64563683395875,1.0716286727885498,7.162867278854983,94.44304501665489,0.7806500662642991,-21.934993373570094,120.83035799632454,0.9987630847770255,-0.12369152229744826
2025-09-04,11,51,133.84679345064492,0.8832439847607556,-11.675601523924438,131.12039764047336,0.8652527229805552,-13.474727701944477,103.19944924894413,0.681004680275466,-31.8995319724534,123.1319598617835,0.81253767890843,-18.746232109157
2025-09-04,12,51,142.5804097382671,1.0413410001334145,4.1341000133414445,138.77898426136798,1.0135771564517089,1.357715645170898,108.6345966206912,0.7934165689504178,-20.658343104958217,132.1338530987839,0.9650442090182875,-3.495579098171257
2025-09-04,13,51,133.6957585311705,0.9447128217295825,-5.528717827041751,127.69074641924013,0.9022805710799897,-9.771942892001029,102.50126084913654,0.7242881631510497,-27.57118368489503,119.82256111481571,0.8466828795563576,-15.33171204436424
2025-09-04,14,51,121.13042943092971,1.015428195413947,1.542819541394695,109.3835325450466,0.9169547535002651,-8.304524649973487,85.8507674002295,0.7196811752890394,-28.031882471096054,100.96723402972012,0.8464014924111002,-15.359850758889987
2025-09-04,15,51,81.86692634678981,1.0386567666428546,3.865676664285464,75.12135585607132,0.953074801523361,-4.692519847663903,55.89638254055913,0.7091649649906004,-29.083503500939955,66.42693563216937,0.8427675162670561,-15.723248373294382
2025-09-04,16,51,46.07962886177629,0.8060106500223245,-19.39893499776755,35.825318083146556,0.6266454098853692,-37.33545901146309,27.60328447947874,0.48282813502674027,-51.717186497325976,28.284383771847676,0.49474171369333,-50.525828630667
2025-09-04,17,50,26.153239834442434,0.7908448695023416,-20.915513049765845,17.841981925068296,0.5395216790162775,-46.047832098372254,8.907673639808575,0.2693581384883149,-73.06418615116851,9.477209362842082,0.28658026497859335,-71.34197350214066
2025-09-04,18,45,8.343750346711667,0.6659018632650971,-33.40981367349029,5.885714249851945,0.4697297884957657,-53.02702115042344,2.4565882985941148,0.19605652821980163,-80.39434717801983,2.7628122656138454,0.22049579134986794,-77.9504208650132
2025-09-04,19,5,0.059074386414944315,0.0063181161941116915,-99.36818838058883,0.674914778216143,0.07218339873969444,-92.78166012603054,0.03999999999999995,0.004278074866310155,-99.57219251336899,0.16698295564322854,0.01785913964098701,-98.21408603590129
2025-09-05,6,39,0.519517663961076,0.04748790346993383,-95.25120965300661,3.282126756792606,0.3000115865441139,-69.99884134558862,0.46000000000000013,0.042047531992687404,-95.79524680073125,1.1869607019401944,0.10849732193237611,-89.1502678067624
2025-09-05,7,51,15.470375560986541,0.39205209227031274,-60.79479077296873,23.388615225681882,0.5927170609650756,-40.72829390349245,22.363855104973524,0.5667474684483914,-43.325253155160866,17.317645312727667,0.4388658214071887,-56.113417859281135
2025-09-05,8,51,44.430084118331074,0.5411703303085392,-45.882966969146075,60.23028528213521,0.7336210143987236,-26.637898560127642,49.39721730380259,0.6016713435298732,-39.83286564701268,50.688361662438446,0.6173978278007118,-38.26021721992882
2025-09-05,9,51,79.1313496022436,0.6851199099761349,-31.48800900238651,98.71427549211245,0.8546690518797613,-14.533094812023876,82.23965428252696,0.7120316388097571,-28.7968361190243,89.97403885489207,0.7789960074016627,-22.100399259833722
2025-09-05,10,51,114.16517110054897,0.8722888989956371,-12.771110100436294,127.08577861348579,0.971009922169054,-2.8990077830945977,96.77353316385032,0.7394065797971449,-26.059342020285513,118.77699230251754,0.9075259191818272,-9.247408081817278
2025-09-05,11,51,140.4279574132609,0.9568544386294692,-4.314556137053084,143.03062775038583,0.9745886328044823,-2.541136719551776,111.47313409410535,0.7595607392620969,-24.043926073790313,136.38635315633854,0.92931557070277,-7.068442929723
2025-09-05,12,51,145.82817226386175,0.97251198575433,-2.7488014245669996,142.8197833991266,0.9524493724516615,-4.755062754833848,112.69252202455115,0.7515339914941727,-24.84660085058274,136.03367364845388,0.9071935555081956,-9.280644449180446
2025-09-05,13,51,140.04252800833785,1.0063418224226635,0.6341822422663533,134.3214783472161,0.9652305141363617,-3.4769485863638234,109.1130789016714,0.7840836368329362,-21.591636316706378,127.56467207968751,0.9166762868617959,-8.332371313820412
2025-09-05,14,51,134.99441795709504,1.1761144620761024,17.61144620761023,125.82651725327882,1.0962407845729116,9.624078457291171,98.5285544765993,0.8584122188238307,-14.158778117616933,117.71528472896823,1.0255731375585313,2.557313755853121
2025-09-05,15,51,117.3827900736141,1.0634425627252593,6.344256272525918,107.53706605989804,0.9742441208543037,-2.5755879145696303,80.46089840750737,0.7289445407456729,-27.10554592543271,98.6539149328573,0.8937662160976383,-10.623378390236176
2025-09-05,16,51,83.72190570040928,1.131682964320212,13.16829643202119,70.53881983117982,0.9534849936628794,-4.65150063371206,51.00184897751651,0.6894004998312585,-31.059950016874144,62.37164618925753,0.8430879452454384,-15.691205475456165
2025-09-05,17,51,42.26890233044089,1.051203738633198,5.120373863319807,30.774678110993566,0.7653488712010339,-23.465112879896616,19.9213810717596,0.4954335009141906,-50.45664990858094,20.89506102679553,0.519648371718367,-48.03516282816331
2025-09-05,18,38,10.909763817273966,1.005508185923868,0.5508185923868005,6.7865004426089115,0.6254839117611901,-37.45160882388099,2.2340192446316833,0.20590039121029344,-79.40996087897065,2.978651240465241,0.2745300682456444,-72.54699317543556
2025-09-05,19,5,0.07549699260600384,0.00875835181044128,-99.12416481895588,0.7067674444580688,0.08199158288376668,-91.80084171162333,0.03999999999999995,0.00464037122969837,-99.53596287703017,0.17335348889161367,0.020110613560512025,-97.9889386439488
2025-09-06,6,39,0.48093584658373245,0.03945330980998626,-96.05466901900138,2.6880126882090427,0.22050965448802648,-77.94903455119736,0.4800000000000001,0.039376538146021337,-96.06234618539786,1.0855453676409976,0.08905212203781769,-91.09478779621823
2025-09-06,7,51,12.956368596248824,0.4311603526205931,-56.883964737940694,18.904104567573384,0.6290883383551874,-37.09116616448126,14.58000284747672,0.48519144251170443,-51.480855748829555,12.253960673403313,0.40778571292523497,-59.2214287074765
2025-09-06,8,51,38.42108178201895,0.8568483894295039,-14.315161057049611,48.49742696312947,1.0815661677771962,8.156616777719613,25.25432963199864,0.5632098490633061,-43.6790150936694,37.33314150805259,0.8325856714552318,-16.741432854476816
2025-09-06,9,51,71.62119179094356,1.2224132410128614,22.241324101286146,83.8389225805402,1.4309425256961972,43.09425256961973,52.985290555407836,0.9043401699165017,-9.565983008349832,74.80901056402695,1.2768221635778623,27.682216357786217
2025-09-06,10,51,91.79374245280988,1.2494044161264446,24.940441612644456,92.13698384182653,1.2540762738781344,25.40762738781344,51.11872265169814,0.6957768157302048,-30.422318426979523,82.17499450952322,1.1184836601268984,11.848366012689828
2025-09-06,11,51,98.16519726827784,1.324945299882276,32.494529988227605,95.99666484010908,1.2956764049144158,29.567640491441587,57.202164783159006,0.7720632309779862,-22.793676902201373,85.80142036226387,1.1580701897997552,15.807018979975524
2025-09-06,12,51,110.70270494483779,1.2335937702790036,23.359377027900354,99.99137122422084,1.1142341344352666,11.423413443526668,77.39270263666506,0.8624103257930138,-13.758967420698623,91.7047807555591,1.0218941470421115,2.1894147042111545
2025-09-06,13,51,120.98845320272041,1.6778318291876357,67.78318291876356,106.92325532356999,1.4827798547159894,48.27798547159893,69.70558918471643,0.9666563470353131,-3.334365296468685,97.61130181111794,1.3536444572336421,35.36444572336423
2025-09-06,14,51,88.44448661401773,1.0326268139406622,3.2626813940662323,79.56398337831303,0.9289431801320843,-7.105681986791571,38.2001612923769,0.4460030506990881,-55.399694930091194,68.13935904776201,0.7955558557823935,-20.444414421760644
2025-09-06,15,51,86.56444862716981,1.4018534190634786,40.18534190634787,78.21270368064526,1.2666024887553888,26.66024887553889,36.59487564922335,0.5926295651696089,-40.737043483039116,68.0221550344691,1.1015733608820906,10.15733608820906
2025-09-06,16,51,60.852142618154076,1.2492741247824692,24.92741247824692,48.962168974530485,1.0051769446629129,0.5176944662912831,19.03614500429927,0.3908056868055691,-60.919431319443085,38.432022883159334,0.788996569147184,-21.100343085281597
2025-09-06,17,51,29.900483998835462,1.0378508850689159,3.7850885068915763,20.951384393153052,0.7272261156943094,-27.27738843056906,6.928901382034863,0.24050334543682275,-75.94966545631773,10.524619898520571,0.3653113467032479,-63.468865329675204
2025-09-06,18,43,7.6536407075150015,0.693264556840127,-30.6735443159873,5.1030541338723285,0.4622331643000298,-53.77668356999702,1.462626007631995,0.13248423982173868,-86.75157601782614,2.211774629362345,0.20034190483354575,-79.96580951664542
2025-09-06,19,6,0.07352527383615631,0.008345661048371885,-99.16543389516282,0.9474224432147975,0.10753943736830845,-89.24605626316915,0.04999999999999992,0.005675368898978424,-99.43246311010215,0.2294844886429594,0.026048182592844426,-97.39518174071556
2025-09-07,6,12,0.07913626578598187,0.009054492652858338,-99.09455073471418,1.4739390857916703,0.1686429159944703,-83.13570840055297,0.05999999999999993,0.0068649885583523945,-99.31350114416475,0.3697993859307287,0.04231114255500328,-95.76888574449967
2025-09-07,7,50,2.115198493049414,0.1058128310680047,-89.41871689319953,6.024060613489154,0.30135370752822177,-69.86462924717782,5.296395626713746,0.26495225746441947,-73.50477425355805,3.1167074250665356,0.1559133279172854,-84.40866720827145
2025-09-07,8,51,8.962941287798893,0.24342589048883467,-75.65741095111653,14.697760729242358,0.3991787270299391,-60.082127297006096,10.127575037391354,0.27505635625723396,-72.49436437427661,8.696407877937002,0.23618706892821842,-76.38129310717817
2025-09-07,9,51,14.114828415165588,0.2606135231751401,-73.93864768248599,18.657961368716776,0.34449707106197885,-65.55029289380211,14.797535659901232,0.2732189006628735,-72.67810993371265,12.470437070846634,0.2302517922977591,-76.97482077022408
2025-09-07,10,51,34.49208925775646,0.49901749504855997,-50.098250495144,35.9099559974456,0.51953061338897,-48.046938661103,22.778959843165985,0.32955671069395237,-67.04432893060476,26.018411188338945,0.3764237729794408,-62.35762270205591
2025-09-07,11,51,62.76982400109602,0.6691165547499843,-33.08834452500157,65.95940526327709,0.7031169945984127,-29.688300540158725,40.61804322374892,0.4329820192276828,-56.701798077231715,54.55215395700578,0.5815174710266047,-41.848252897339535
2025-09-07,12,51,107.14315259918367,1.3115822328214426,31.158223282144267,98.38390405149966,1.2043567640041577,20.435676400415765,61.1801160709361,0.7489302983343872,-25.106970166561275,89.6818428306605,1.0978313481535131,9.783134815351312
2025-09-07,13,51,97.39764585156784,1.2793595934791522,27.93595934791521,90.0427456620378,1.1827498445033207,18.274984450332074,63.33161358046415,0.8318877391365317,-16.811226086346835,81.2392022362515,1.0671115491429333,6.711154914293322
2025-09-07,14,51,104.92358193443131,1.3860446754878641,38.6044675487864,93.00829753486778,1.2286432963654925,22.86432963654924,60.21734289494098,0.7954734860626285,-20.452651393737153,84.21836521571768,1.1125279420834568,11.252794208345678
2025-09-07,15,50,82.07368843729304,1.5326552462613081,53.26552462613081,74.3116621995527,1.3877061101690513,38.77061101690514,34.227897472317416,0.6391764233859462,-36.08235766140538,65.03138223588127,1.2144048970285952,21.440489702859516
2025-09-07,16,50,58.37494940023565,1.4513910840436512,45.13910840436512,46.500133176559785,1.1561445344743855,15.614453447438557,19.671287584448102,0.4890921826068648,-51.09078173931352,34.83509878918342,0.8661138435898413,-13.38861564101586
2025-09-07,17,50,34.4073525801989,1.6291360123200238,62.91360123200238,24.395129950061854,1.1550724408173225,15.507244081732258,6.161342974830333,0.29173025449007256,-70.82697455099274,12.641587105302536,0.5985599955162185,-40.14400044837815
2025-09-07,18,28,4.265754749943098,0.4626632049829826,-53.73367950170174,3.808202353735265,0.413037131641569,-58.696286835843104,0.8701021925976087,0.094371170563732,-90.5628829436268,1.5272327933990462,0.1656434699998966,-83.43565300001035
2025-09-07,19,6,0.03727329291043339,0.0043341038267945805,-99.56658961732056,0.5072594905843458,0.058983661695854166,-94.10163383041457,0.05999999999999989,0.0069767441860464985,-99.30232558139535,0.14945189811686904,0.01737812768800803,-98.26218723119919
2025-09-08,6,10,0.0414974640401412,0.00479185496999321,-99.52081450300068,0.8636754466228563,0.09973157582250072,-90.02684241774992,0.0699999999999999,0.00808314087759814,-99.19168591224017,0.26588895724231437,0.030703112845532836,-96.92968871544672
2025-09-08,7,36,1.7571987952308712,0.15773777336004233,-84.22622266399577,4.407660713377111,0.3956607462636546,-60.433925373634544,3.2163968345204497,0.28872503002876576,-71.12749699712343,1.9930024965768416,0.17890507150600019,-82.10949284939997
2025-09-08,8,44,7.903799652340005,0.31716692023836296,-68.28330797616371,12.611006556451954,0.5060596531481523,-49.39403468518478,7.573951647614547,0.3039306439652707,-69.60693560347293,6.832560438038642,0.2741797928586935,-72.58202071413066
2025-09-08,9,49,15.238859919146346,0.6199698909335373,-38.00301090664628,18.903443460187905,0.7690579113176527,-23.09420886823473,15.05744867485536,0.6125894497500146,-38.74105502499854,12.570807574450452,0.511424230042736,-48.8575769957264
2025-09-08,10,50,18.794251092988574,0.588607926495101,-41.139207350489905,22.303169213541327,0.6985020110723873,-30.149798892761265,18.01154019358192,0.5640945879605987,-43.59054120394013,15.699200913789484,0.4916755688628088,-50.83244311371913
2025-09-08,11,50,36.35748959778207,1.025599142391596,2.55991423915959,37.24811369626495,1.0507225302190397,5.0722530219039665,26.553537559413552,0.7490419621837392,-25.095803781626074,27.562693503598297,0.7775089845866939,-22.249101541330607
2025-09-08,12,50,64.2459750142027,1.579301254036448,57.93012540364478,61.2058234978859,1.5045679325930654,50.456793259306544,40.835403936507916,1.003820155764698,0.38201557646980405,52.34209107692169,1.2866787383707396,28.66787383707397
2025-09-08,13,50,67.45211107729341,1.5036137110408696,50.36137110408696,64.18932315623087,1.4308810333533408,43.08810333533409,38.40122024599111,0.8560236345517412,-14.397636544825874,55.20865511122918,1.230687808988613,23.068780898861295
2025-09-08,14,50,78.89834388391363,2.5150890622860573,151.50890622860572,70.65286798620896,2.252243161817308,125.2243161817308,42.18531812446138,1.3447662774772513,34.47662774772514,61.55193690328555,1.9621274116444227,96.21274116444228
2025-09-08,15,49,23.73620835819984,0.7136562945941021,-28.634370540589792,19.286932416424968,0.5798837166694216,-42.011628333057836,18.064479034197667,0.543129255387783,-45.68707446122169,13.719456842145657,0.4124911858732909,-58.75088141267091
2025-09-08,16,48,14.306972025012902,0.7082659418323218,-29.173405816767822,9.962829761634083,0.49320939414030107,-50.67906058596989,6.361046324697094,0.3149032834008462,-68.50967165991538,4.918103760847217,0.24347048321025822,-75.65295167897418
2025-09-08,17,44,6.221408536978037,0.4856681137375517,-51.43318862624483,4.102815271339417,0.32028222258699585,-67.97177774130041,1.2170393345363146,0.09500697381235867,-90.49930261876413,1.7832107355206,0.13920458513041373,-86.07954148695863
2025-09-08,18,10,0.4306011544502736,0.04949438556899697,-95.0505614431003,1.4292026208104494,0.1642761633115459,-83.5723836688454,0.10575150865303183,0.012155345822187568,-98.78446541778125,0.4463303405776779,0.05130233799743424,-94.86976620025658
2025-09-08,19,4,0.013964476130040933,0.0016275613205175912,-99.83724386794823,0.44466522648522383,0.05182578397263681,-94.81742160273632,0.03999999999999995,0.004662004662004657,-99.53379953379954,0.1209330452970447,0.014094760524131084,-98.59052394758689
2025-09-09,6,26,0.2997322456553582,0.031319983872033254,-96.86800161279668,2.4696281891839336,0.25805937191054684,-74.19406280894532,0.06999999999999995,0.007314524555903861,-99.26854754440961,0.5862000397269121,0.061253922646490294,-93.87460773535098
2025-09-09,7,50,14.194501093718593,0.4131112076169556,-58.688879238304445,21.134384345622568,0.6150868552276649,-38.4913144772335,18.502165493541987,0.5384797873557039,-46.15202126442961,14.920141445528392,0.43422996057998814,-56.577003942001184
2025-09-09,8,50,43.656301829653174,0.7044747753695849,-29.552522463041512,58.59203244799139,0.9454902767144004,-5.450972328559958,47.9500862986304,0.7737628900860158,-22.62371099139841,51.21244536727081,0.8264070577258482,-17.359294227415184
2025-09-09,9,50,77.9539507022764,0.7326499126153798,-26.735008738462025,96.9920563614719,0.9115794770815029,-8.842052291849715,80.92668571493333,0.7605891514561404,-23.941084854385963,89.20967183339444,0.8384367653514515,-16.156323464854843
2025-09-09,10,50,105.00525988154696,0.7816962694971116,-21.83037305028884,117.23108576239323,0.8727096386688995,-12.729036133110046,101.98204338651352,0.7591903773283225,-24.080962267167752,108.96296594221421,0.8111588322952002,-18.884116770479977
2025-09-09,11,50,113.6519771325714,0.6782763018176856,-32.17236981823144,115.43051969771876,0.6888906642260609,-31.11093357739391,99.33225915057915,0.5928160608174932,-40.71839391825069,107.9207125435242,0.6440720490780867,-35.59279509219133
2025-09-09,12,50,130.31432502659527,0.9338181657226461,-6.618183427735393,128.20803715542257,0.9187247377672703,-8.127526223272975,113.12711147804852,0.8106564778075852,-18.934352219241482,121.27694731736534,0.8690573078994291,-13.09426921005709
2025-09-09,13,50,143.11293331818777,0.9686154539302049,-3.138454606979512,137.2168996640077,0.9287099808054667,-7.129001919453325,118.5073714333181,0.8020803481104439,-19.7919651889556,130.5486651171191,0.8835781056996217,-11.642189430037835
2025-09-09,14,50,123.19727339835765,0.9217213332212902,-7.827866677870975,111.25668771244813,0.8323858126024849,-16.761418739751512,95.34405744224514,0.7133327655412625,-28.66672344587375,103.541905353149,0.7746663575725647,-22.533364242743524
2025-09-09,15,50,94.6213559291624,0.9035652781623607,-9.643472183763937,86.28163974423032,0.8239270411022758,-17.607295889772423,73.47498991496734,0.701632829592889,-29.836717040711097,79.56557901220313,0.7597935352578603,-24.02064647421397
2025-09-09,16,50,78.29517300658198,0.9920827801138111,-0.7917219886188872,64.64330648038946,0.8190991697971294,-18.090083020287057,54.791161260830236,0.6942620534823902,-30.573794651760977,55.887551952909135,0.7081544849583012,-29.184551504169875
2025-09-09,17,50,47.33840591422077,1.153188938227059,15.31889382270591,35.194142677014746,0.8573481772719792,-14.265182272802074,23.39898043422949,0.5700117036353104,-42.99882963646896,25.008025221444996,0.6092088969901339,-39.079110300986606
2025-09-09,18,42,14.737566781614806,1.2715760812437278,27.15760812437279,9.850139612228588,0.8498826240059179,-15.011737599408212,3.380786418437348,0.2916985693216003,-70.83014306783997,4.216306382735774,0.3637882987692644,-63.62117012307357
2025-09-09,19,5,0.0667501357554186,0.007770679366172131,-99.22293206338279,0.7106339559239557,0.08272805074784118,-91.72719492521588,0.04999999999999996,0.005820721769499414,-99.41792782305005,0.18212679118479108,0.021202187565167764,-97.87978124348322
2025-09-10,6,36,0.30737603625461885,0.028434415934747354,-97.15655840652528,2.54936316602225,0.23583378039058747,-76.41662196094126,0.2999999999999998,0.027752081406105446,-97.22479185938944,0.8908558850451364,0.08241035014293584,-91.75896498570641
2025-09-10,7,49,12.5342568985474,0.3117198930253022,-68.8280106974698,19.819481281160826,0.4928993106481181,-50.71006893518819,18.04618000589118,0.44879830902489887,-55.12016909751012,13.909632576014959,0.34592470967458244,-65.40752903254176
2025-09-10,8,50,35.89579388780507,0.4132603486968117,-58.67396513031883,43.36827536864001,0.49928937794888334,-50.07106220511167,42.917868092829636,0.49410393843920825,-50.58960615607917,37.656892180514554,0.43353548446367196,-56.6464515536328
2025-09-10,9,50,68.00423295189728,0.5310756185232118,-46.89243814767882,85.82548921476798,0.6702498181551579,-32.975018184484206,72.89804366148952,0.5692935857984344,-43.07064142015656,78.67444686841213,0.6144041145522228,-38.559588544777725
2025-09-10,10,50,115.15135505266818,0.7376768421054977,-26.232315789450233,127.55791528536352,0.8171551267480046,-18.284487325199535,93.47079125883114,0.5987879004409427,-40.121209955905734,120.42304127098335,0.7714480542663892,-22.855194573361082
2025-09-10,11,50,146.02163409417315,0.8484696925867121,-15.153030741328788,149.41581661202343,0.8681918455085615,-13.180815449143848,114.31588338179357,0.6642410423114095,-33.57589576885905,143.92118851034303,0.8362648954697446,-16.373510453025546
2025-09-10,12,50,161.86571884736986,0.9583523910442266,-4.164760895577333,157.2081812033141,0.9307766797117473,-6.92233202882527,125.98906822433906,0.7459388290369395,-25.40611709630605,151.78991293628508,0.8986969386399355,-10.130306136006455
2025-09-10,13,50,166.35933132558304,1.1468311824457678,14.683118244576775,158.3726035477612,1.0917730838808855,9.177308388088536,128.92140431794235,0.8887453765196633,-11.125462348033661,152.93063059687174,1.0542577595262081,5.425775952620822
2025-09-10,14,50,153.62536568365357,1.1044239085812622,10.442390858126222,142.29804089199249,1.0229909481811106,2.299094818111065,109.7025321250432,0.7886594689075717,-21.13405310924284,137.1301880522805,0.9858388788805211,-1.416112111947884
2025-09-10,15,50,130.1814457949188,1.039870962496356,3.987096249635597,119.09078136204715,0.951280304833031,-4.871969516696897,88.75953408197654,0.7089985947917289,-29.10014052082711,111.43532779536369,0.8901296253324043,-10.98703746675957
2025-09-10,16,50,95.29442457592403,1.2048858841310406,20.488588413104065,79.9812089848559,1.011268289099202,1.126828909920191,61.80913169713117,0.781503751386157,-21.8496248613843,73.07079630984663,0.9238942509779569,-7.610574902204309
2025-09-10,17,50,55.98458370465026,1.5954569308820252,59.54569308820253,42.17086601617725,1.201791565009326,20.179156500932617,24.877996688704876,0.7089768221346503,-29.10231778653497,30.81859100806917,0.8782727560008314,-12.172724399916863
2025-09-10,18,42,15.557788530605997,1.3458294576648788,34.582945766487875,9.590368975600088,0.8296166933910112,-17.038330660898886,2.7301545148874955,0.2361725358899218,-76.38274641100783,4.119391353058677,0.3563487329635534,-64.36512670364466
2025-09-10,19,5,0.13987368863798166,0.016283316488705665,-98.37166835112943,1.215171665931033,0.14146352339127277,-85.85364766087272,0.03999999999999995,0.004656577415599529,-99.53434225844006,0.2750343331862065,0.032017966610734166,-96.79820333892657
2025-09-11,6,17,0.1307818020130095,0.014744284330666237,-98.52557156693338,1.7148051160728106,0.19332639414575092,-80.6673605854249,0.03999999999999995,0.004509582863585113,-99.5490417136415,0.392641023214562,0.04426618074572289,-95.57338192542771
2025-09-11,7,50,15.28375944961289,0.47230406210175807,-52.7695937898242,22.7460580238819,0.7029066138406026,-29.70933861593974,19.69224868774856,0.6085367332431569,-39.1463266756843,16.110897823806035,0.49786458046372173,-50.213541953627825
2025-09-11,8,50,48.02831654632613,1.4121821977749522,41.21821977749522,62.55113359148025,1.8391982826074755,83.91982826074755,42.69386507515128,1.2553326984754858,25.533269847548585,53.68669629337935,1.5785561979823388,57.85561979823387
2025-09-11,9,49,71.15678586991159,1.2665857221415378,26.658572214153768,85.49420421879542,1.5217907479315667,52.179074793156666,57.51391526839846,1.0237435968031054,2.374359680310544,77.53136997610551,1.3800528653632167,38.00528653632166
2025-09-11,10,49,90.23149889772644,1.1671387776190203,16.713877761902022,93.60894177859966,1.210825789401108,21.082578940110817,62.55148145373632,0.8090994884715603,-19.090051152843966,84.96082971064942,1.0989630023366892,9.896300233668908
2025-09-11,11,49,112.78821535383707,1.7330703035316084,73.30703035316084,112.14901449349142,1.723248532475283,72.32485324752831,76.11608438715028,1.1695772032444727,16.95772032444727,104.39597323374747,1.6041175973224873,60.411759732248726
2025-09-11,12,49,121.11268624552045,2.1081407527505736,110.81407527505738,111.1796613865562,1.9352421477207349,93.52421477207348,77.85386216578006,1.35515861037041,35.51586103704101,104.1354827666605,1.8126280725267279,81.26280725267277
2025-09-11,13,49,118.66322675952077,2.27935510486978,127.93551048697802,107.61998131175173,2.067229760118166,106.7229760118166,69.89323494567188,1.34255157406208,34.25515740620798,100.02479798277373,1.9213368801915813,92.13368801915814
2025-09-11,14,49,74.87818498313922,2.2662888917415014,126.62888917415015,67.75678678413705,2.050750205331024,105.0750205331024,36.95900770953571,1.1186140347922429,11.861403479224288,56.9235546762835,1.7228678776114859,72.28678776114857
2025-09-11,15,49,16.447907403605488,0.6827690910587583,-31.723090894124166,11.95766159071478,0.4963744952559062,-50.36255047440938,11.371766420056886,0.4720534005835154,-52.79465994164846,7.609939210022393,0.3158961897062015,-68.41038102937985
2025-09-11,16,47,12.687137977457438,0.6194891590555389,-38.05108409444611,8.72520259019763,0.4260352827244937,-57.39647172755063,4.429164785510674,0.2162678117925134,-78.37321882074866,3.915484554692137,0.19118576927207698,-80.88142307279229
2025-09-11,17,40,5.2044022526125495,0.4286987028511161,-57.13012971488839,3.6726154470767702,0.3025218654923204,-69.74781345076795,1.1332360522937936,0.09334728602090557,-90.66527139790944,1.5591157800232929,0.12842798846979347,-87.15720115302065
2025-09-11,18,8,0.28110662025015176,0.031061505000016768,-96.89384949999832,1.347834172686527,0.14893195278304167,-85.10680472169584,0.059999999999999894,0.006629834254143634,-99.33701657458563,0.3430988345373053,0.03791147342953649,-96.20885265704636
2025-09-11,19,5,0.016764211806655896,0.001864762158693648,-99.81352378413064,0.42439278727965285,0.047207206593954706,-95.27927934060455,0.03999999999999995,0.004449388209121241,-99.55506117908789,0.11687855745593051,0.013000951886087932,-98.69990481139122
2025-09-12,6,5,0.006086662787647927,0.0006770481410064435,-99.93229518589935,0.5323739988932576,0.05921846483795969,-94.07815351620403,0.03999999999999995,0.004449388209121241,-99.55506117908789,0.15615479977865146,0.017369833123320518,-98.26301668766794
2025-09-12,7,29,0.8442239010735465,0.08383554131812777,-91.61644586818723,2.7816175107173735,0.2762281539937809,-72.37718460062192,1.2970150625890966,0.12879990691053592,-87.12000930894641,0.9587872082873898,0.09521223518246176,-90.47877648175383
2025-09-12,8,43,3.8238568482566246,0.27709107596062493,-72.2908924039375,6.450680571273767,0.4674406211067947,-53.25593788932053,3.1642293921981373,0.22929198494189398,-77.07080150581059,2.89310091140303,0.2096449935799297,-79.03550064200702
2025-09-12,9,43,5.55132402673045,0.39851572338337765,-60.14842766166223,7.832612958750987,0.5622837730618082,-43.77162269381918,4.673934555412905,0.33553011883796885,-66.44698811620312,3.1519918908759785,0.2262736461504651,-77.3726353849535
2025-09-12,10,50,11.39255059944035,0.6072788166012979,-39.27211833987021,14.755792890817014,0.7865561242439773,-21.344387575602276,9.695225086947504,0.5168030430142593,-48.31969569857408,8.638118956842467,0.46045410217710375,-53.95458978228963
2025-09-12,11,50,11.87476916091954,0.4291568182479053,-57.08431817520947,14.917730729562056,0.539130131173186,-46.086986882681394,11.015816182611228,0.3981140651467737,-60.18859348532263,9.154465499781146,0.33084443439758393,-66.91555656024161
2025-09-12,12,50,14.300140962225047,0.42433652706899255,-57.56634729310075,16.181674532178217,0.4801683837441608,-51.98316162558392,16.7296679262835,0.49642931531998524,-50.35706846800147,11.868658240719945,0.352185704472402,-64.7814295527598
2025-09-12,13,48,12.23816340731753,0.34203922323414,-65.79607767658601,15.006266714902305,0.41940376508949984,-58.05962349105002,13.492218618500472,0.377088278884865,-62.29117211151349,10.08628986590124,0.2818974249832655,-71.81025750167345
2025-09-12,14,50,7.75328874730146,0.2550423930033375,-74.49576069966625,9.111211822368311,0.2997109152094839,-70.02890847905161,7.423088748715368,0.24418055094458446,-75.58194490554155,4.711171542128615,0.15497274809633602,-84.5027251903664
2025-09-12,15,50,10.24838109674885,0.2670935912626753,-73.29064087373247,9.063110710358417,0.2362030417085853,-76.37969582914147,9.07778554775794,0.23658549772629506,-76.34145022737049,5.144599240435362,0.1340786875276352,-86.59213124723648
2025-09-12,16,48,13.294172094465424,0.5334740005804745,-46.65259994195255,10.77005952424945,0.4321853741673134,-56.78146258326866,9.478671888861694,0.38036404048401656,-61.963595951598336,6.2954131423007,0.25262492545347914,-74.7375074546521
2025-09-12,17,44,6.67045655908586,0.4754423776967825,-52.455762230321746,4.455103381912044,0.31754122465517054,-68.24587753448293,2.1722476885781408,0.15482877324149255,-84.51712267585074,2.127086407549394,0.15160986511399813,-84.83901348860019
2025-09-12,18,10,0.5838993519541482,0.06388395535603374,-93.61160446439662,1.6765960142104406,0.18343501249567187,-81.65649875043282,0.24597124309156743,0.02691151456144064,-97.30884854385594,0.5951799267271581,0.06511815390887946,-93.48818460911204
2025-09-12,19,5,0.01928894742935431,0.0021456003814632157,-99.78543996185368,0.4229723924249088,0.04704920939097984,-95.29507906090203,0.03999999999999995,0.004449388209121241,-99.55506117908789,0.11659447848498171,0.01296935244549296,-98.7030647554507
2025-09-13,6,38,0.2436592924845213,0.02133619023507192,-97.8663809764928,2.375997467838337,0.20805582030108033,-79.19441796989197,0.46000000000000013,0.040280210157618235,-95.97197898423818,0.9912123624983527,0.08679617885274543,-91.32038211472546
2025-09-13,7,50,11.84174699372403,0.33198057173322204,-66.8019428266778,16.948205512608933,0.4751389266220615,-52.486107337793854,14.271824182519047,0.40010721005099653,-59.98927899490034,11.28222275268966,0.3162944421836182,-68.37055578163817
2025-09-13,8,50,33.5929256358812,0.6219760347321089,-37.8023965267891,38.93398727089759,0.720866270522081,-27.91337294779191,25.75932874250413,0.4769362848084453,-52.30637151915547,29.345122543193657,0.5433275790259888,-45.667242097401115
2025-09-13,9,50,47.298720689432905,0.7339962863040488,-26.600371369595116,53.3362139964857,0.8276879887722797,-17.23120112277204,43.96495457607984,0.6822618649298547,-31.77381350701452,45.170975884247596,0.7009772793955245,-29.902272060447547
2025-09-13,10,50,41.29867086057089,0.6187993835866181,-38.1200616413382,47.15421114979741,0.7065359776715225,-29.346402232847744,48.05636157864441,0.7200533649781903,-27.994663502180977,41.6689060535042,0.6243468093123196,-37.56531906876805
2025-09-13,11,50,38.294631355843016,0.5678326120380043,-43.21673879619957,44.350406329928525,0.6576276146193434,-34.23723853806566,47.555603472466316,0.7051542626403664,-29.484573735963366,36.566291303651184,0.5422047939450056,-45.77952060549944
2025-09-13,12,50,54.829273053820934,0.8816413097575324,-11.835869024246756,55.85814271161524,0.8981852823864809,-10.181471761351911,56.504116194853765,0.9085723781131013,-9.142762188689863,50.52219196657858,0.8123844985782054,-18.761550142179466
2025-09-13,13,50,74.4827895823302,1.2600708777250922,26.00708777250922,72.01083831065326,1.2182513671232154,21.82513671232153,63.56294011788604,1.0753331097595338,7.533310975953382,64.58824158281945,1.0926787613402038,9.267876134020387
2025-09-13,14,49,79.00313401410737,1.526040834732613,52.60408347326131,72.72300346320716,1.4047325374388095,40.47325374388095,60.2690663735349,1.1641697194038034,16.41697194038034,65.85030525738212,1.271978081077499,27.1978081077499
2025-09-13,15,49,39.00377355761248,0.6932771695274171,-30.672283047258286,32.60187739574929,0.5794859117623409,-42.05140882376591,28.740715185153817,0.5108552290286851,-48.914477097131495,26.213060193752614,0.4659271275107113,-53.40728724892887
2025-09-13,16,50,44.35766873386104,0.9672409231107945,-3.275907688920555,34.87585326808248,0.7604852435255663,-23.95147564744336,24.694390620390962,0.5384734108240505,-46.15265891759495,24.742729427785388,0.5395274624462578,-46.047253755374214
2025-09-13,17,49,32.77006226658363,1.3625805516250988,36.25805516250989,25.076571342626455,1.042684879111287,4.268487911128706,10.90884290594711,0.4535901416194224,-54.64098583805775,14.379621362218598,0.5979052541463035,-40.209474585369655
2025-09-13,18,41,10.378439814521103,0.8939224646443674,-10.607753535563262,7.888575929952803,0.6794639043886997,-32.05360956113002,2.9352563921961528,0.25282139467667125,-74.71786053233286,3.2996455268654556,0.28420719438978953,-71.57928056102104
2025-09-13,19,5,0.03274225460357589,0.00364207503932991,-99.635792496067,0.5222746366615045,0.05809506525711952,-94.19049347428803,0.03999999999999995,0.004449388209121241,-99.55506117908789,0.13645492733230083,0.015178523618720893,-98.48214763812791
2025-09-14,6,25,0.1705345514218076,0.017295593450487586,-98.27044065495124,2.0394541803357153,0.20684119476021456,-79.31588052397855,0.05999999999999997,0.00608519269776876,-99.39148073022311,0.4854335041425498,0.049232606911009114,-95.07673930889908
2025-09-14,7,50,13.23498005209348,0.5065051684689429,-49.34948315310571,19.986420668912558,0.7648840669312115,-23.51159330687885,19.836897066387206,0.7591617706233144,-24.083822937668568,14.776104674550998,0.5654842967681208,-43.45157032318792
2025-09-14,8,50,44.318402417751805,0.693450202124109,-30.6549797875891,58.59998594331483,0.9169141909453111,-8.308580905468894,41.857968029128465,0.6549517763906817,-34.50482236093183,50.230735761856906,0.7859605032366908,-21.40394967633092
2025-09-14,9,50,85.52357639826772,0.8446772977606688,-15.532270223933114,104.16273883695912,1.0287677909823123,2.876779098231231,80.557047615191,0.795625161631516,-20.4374838368484,95.87202357085816,0.9468841834158831,-5.311581658411693
2025-09-14,10,50,119.93558798381041,0.9753239650631083,-2.4676034936891744,131.27790231156874,1.0675603993784561,6.756039937845617,92.76147165413502,0.7543422920560708,-24.565770794392915,123.39450125598412,1.0034520716921538,0.34520716921536954
2025-09-14,11,50,135.16785346183056,1.0065369980030572,0.6536998003057114,132.52015811022537,0.9868207469672005,-1.3179253032799563,103.94704493919743,0.7740490352163036,-22.59509647836964,124.97982738945154,0.9306711399914478,-6.932886000855221
2025-09-14,12,50,136.01019251114786,0.9899570020463487,-1.0042997953651294,131.9706370025449,0.9605548948434739,-3.944510515652612,105.55619829289256,0.7682960789933223,-23.170392100667772,125.23744894439614,0.9115470481432136,-8.845295185678637
2025-09-14,13,50,132.38421089040773,1.2756235391251467,27.562353912514677,125.57086769948205,1.2099717450325886,20.997174503258865,96.1661421679529,0.9266346325684419,-7.336536743155812,118.49934558780548,1.1418321987647473,14.183219876474732
2025-09-14,14,50,106.40002879707379,1.2419753565667537,24.197535656675363,95.87560997135057,1.1191269986150412,11.912699861504107,65.84258407924524,0.7685605705526467,-23.143942944735333,87.70425257297599,1.0237452150458268,2.374521504582686
2025-09-14,15,50,104.54227201320134,1.5506121627588447,55.06121627588448,95.0206248115564,1.409383340426526,40.9383340426526,65.00438780148345,0.964170688245082,-3.5829311754917965,86.94123707810608,1.2895466787022554,28.95466787022555
2025-09-14,16,49,66.33578793735784,1.2257167024641136,22.57167024641136,54.53560198142829,1.007679267949525,0.7679267949524917,30.723210209010695,0.5676868109573299,-43.23131890426701,44.34651506236018,0.8194108474198112,-18.058915258018885
2025-09-14,17,50,33.279232822644325,1.040301119807575,4.0301119807574945,23.360808644755124,0.7302534743593349,-26.97465256406651,9.446606931126441,0.2952987474562814,-70.47012525437188,12.99500675049094,0.4062209049856499,-59.37790950143501
2025-09-14,18,35,7.377600522900466,0.7232941689118106,-27.670583108818942,5.168392279466202,0.5067051254378631,-49.32948745621369,1.7879541303674629,0.17528962062426112,-82.47103793757388,1.3933886757095415,0.13660673291270017,-86.33932670872998
2025-09-14,19,6,0.038323443906231984,0.004258160434025776,-99.57418395659742,0.5390833494239239,0.059898149935991546,-94.01018500640083,0.04999999999999992,0.005555555555555546,-99.44444444444443,0.1478166698847847,0.016424074431642746,-98.35759255683573
2025-09-15,6,12,0.08039691386961421,0.008700964704503702,-99.12990352954962,1.4036802267845616,0.15191344445720364,-84.80865555427964,0.05462118226747567,0.005911383362280916,-99.40886166377192,0.3444190109302222,0.03727478473270803,-96.2725215267292
2025-09-15,7,45,9.095290848730649,0.5983743979428058,-40.16256020571942,14.506646918792615,0.9543846657100404,-4.5615334289959595,13.380199478587524,0.8802762814860213,-11.972371851397872,9.508150870605593,0.6255362414872101,-37.446375851278994
2025-09-15,8,50,30.854790611893765,0.7584756787584505,-24.152432124154952,37.15413229710498,0.9133267526328658,-8.667324736713422,30.44069206434847,0.7482962651019782,-25.170373489802184,29.098845891398117,0.715310862620406,-28.468913737959394
2025-09-15,9,50,59.896748887627936,1.2208876658709324,22.088766587093236,74.86519679706011,1.5259925967602959,52.59925967602959,62.97426133528823,1.2836172306418312,28.36172306418312,66.85668917683512,1.362753550282004,36.275355028200416
2025-09-15,10,50,72.49137407223269,1.0733102468497586,7.33102468497586,76.57844728400218,1.1338236198401273,13.382361984012716,65.84554042920352,0.9749117623512515,-2.5088237648748417,69.84780152348958,1.034169403664341,3.4169403664340945
2025-09-15,11,50,72.51185799704814,0.8783992489042779,-12.160075109572208,75.10902192946145,0.9098609561412653,-9.01390438587347,67.98891059288538,0.8236088503075152,-17.63911496924848,68.19472189200714,0.8261020217081422,-17.389797829185778
2025-09-15,12,50,92.53658369127265,0.9596244290290642,-4.037557097093581,87.53172783064349,0.9077229890142434,-9.227701098575654,76.40217576999352,0.7923071219536817,-20.76928780463183,80.24361774300681,0.8321437077984737,-16.785629220152636
2025-09-15,13,50,75.61215817729399,0.8032737509539358,-19.672624904606412,71.78947270984963,0.7626630480171,-23.733695198289997,59.13504891714649,0.6282274398931954,-37.17725601068046,64.00142758358177,0.6799259277975328,-32.00740722024671
2025-09-15,14,50,60.2579431295323,0.7213928304744679,-27.860716952553215,55.06045049143276,0.6591697652512003,-34.08302347487997,44.721888631087914,0.5353991216459705,-46.46008783540295,46.167896826842565,0.552710365459626,-44.7289634540374
2025-09-15,15,50,48.74118633012047,0.7594450970726155,-24.055490292738448,41.48357694332712,0.6463629938193692,-35.36370061806308,27.57961108557427,0.4297228277590257,-57.02771722409743,33.491877859914375,0.5218429083813395,-47.815709161866046
2025-09-15,16,50,46.547866264948155,1.2239775510109951,22.397755101099513,37.7033228536975,0.9914100145594923,-0.8589985440507703,20.260638618835884,0.5327541051495104,-46.72458948504896,25.74380064423349,0.6769340164142384,-32.30659835857616
2025-09-15,17,49,25.49178697074875,1.3523494414190316,35.23494414190316,18.772688017766786,0.9958985685817923,-0.4101431418207722,8.43179641984979,0.4473101548991931,-55.268984510080685,9.935595270082699,0.5270872822325039,-47.29127177674962
2025-09-15,18,16,1.9995505748790654,0.2007580898472957,-79.92419101527042,2.694363758746789,0.27051844967337235,-72.94815503266277,1.0237227827935784,0.1027834119270661,-89.7216588072934,0.6038741140135335,0.060629931125856774,-93.93700688741433
2025-09-15,19,7,0.042256744735281765,0.004290024846221499,-99.57099751537785,0.5430332905422944,0.05513028330378624,-94.48697166962138,0.04999999999999992,0.005076142131979687,-99.49238578680202,0.14860665810845883,0.015086970366340999,-98.4913029633659
2025-09-16,6,22,0.1414556525601161,0.014005510154466942,-98.59944898455329,1.784244535721619,0.17665787482392267,-82.33421251760772,0.2995001635745483,0.029653481542034486,-97.03465184579656,0.7044609593876778,0.06974860984036414,-93.02513901596359
2025-09-16,7,42,8.434399896550639,0.49996442777419314,-50.00355722258069,14.205895465714482,0.8420803477009177,-15.791965229908234,13.958089126906462,0.8273911752760202,-17.26088247239798,9.335407264733382,0.553373281845488,-44.662671815451205
2025-09-16,8,50,27.87915672865285,0.6706556826714661,-32.93443173285338,33.76050004565282,0.812136156979861,-18.786384302013907,30.912434181990662,0.74362362718284,-25.637637281715993,27.738930689804533,0.667282431797078,-33.2717568202922
2025-09-16,9,51,61.6630042647838,0.585426794500938,-41.45732054990619,77.09424378989213,0.7319305401110048,-26.80694598889952,58.97915915203224,0.5599464459511273,-44.00535540488727,68.27017860395524,0.648155118237494,-35.1844881762506
2025-09-16,10,51,96.76272808755611,0.7394370173281073,-26.05629826718927,104.67626435974721,0.7999103191177382,-20.00896808822618,63.47622841977738,0.48506975714333933,-51.49302428566605,94.87063015597053,0.7249780693563391,-27.502193064366086
2025-09-16,11,52,119.27478890588921,0.7430525100042937,-25.69474899957063,117.4375693301414,0.7316070852862037,-26.839291471379635,85.09628226388374,0.5301288454017178,-46.98711545982822,108.2784663244865,0.6745481330954805,-32.54518669045196
2025-09-16,12,52,130.40281271135697,0.8450703953817443,-15.492960461825565,119.15034627633617,0.7721492208951861,-22.78507791048139,76.67318952538447,0.49687764581287325,-50.31223541871267,109.80517395839843,0.7115881923297157,-28.841180767028433
2025-09-16,13,52,107.97381860340799,0.7756739842198849,-22.43260157801151,98.98120491315335,0.7110718743761015,-28.892812562389846,52.65414417726585,0.3782625300090937,-62.17374699909063,88.44072125121892,0.6353500089886416,-36.464999101135845
2025-09-16,14,52,108.77919807575924,0.7969172020202142,-20.308279797978578,94.93164932997763,0.6954699584613746,-30.45300415386254,52.5379498312889,0.38489340535742783,-61.51065946425722,85.09364031530889,0.6233966323465853,-37.66033676534148
2025-09-16,15,52,96.0375583977911,1.087628067925154,8.762806792515407,85.2072370161214,0.964974371643504,-3.5025628356496044,44.03790956657008,0.4987305726678378,-50.12694273321622,75.36846102719521,0.8535499550078733,-14.645004499212671
2025-09-16,16,46,62.60284615068607,1.6919688148834073,69.19688148834074,50.814029363863625,1.3733521449692871,37.335214496928714,22.489703179354798,0.6078298156582378,-39.21701843417622,40.71948719213353,1.1005266808684737,10.052668086847373
2025-09-16,17,27,19.19471403830937,1.10823984054904,10.823984054903988,14.05501272822481,0.8114903422762593,-18.850965772374078,4.5980433609090365,0.26547594462523305,-73.4524055374767,7.41608510854548,0.42818043351879215,-57.18195664812078
2025-09-16,18,8,2.1491890057367566,0.16557696500283178,-83.44230349971681,3.1428474745220183,0.2421300057412957,-75.78699942587043,0.9821383097012517,0.07566550922197625,-92.43344907780238,0.6605694949044035,0.05089133242714973,-94.91086675728502
2025-09-16,19,5,0.04371490876988131,0.0033756686308788657,-99.66243313691211,0.51390272529192,0.0396836081306502,-96.03163918693498,0.03999999999999995,0.0030888030888030853,-99.6911196911197,0.13478054505838397,0.010407764097172508,-98.95922359028275
2025-09-17,6,6,0.027833665887824724,0.0021377623569757854,-99.78622376430243,1.078759819272241,0.08285405677974202,-91.7145943220258,0.03999999999999995,0.003072196620583714,-99.69278033794163,0.26543196385444806,0.02038647955871337,-97.96135204412866
2025-09-17,7,44,0.9597895837817106,0.057679662486881646,-94.23203375131183,4.138300709941656,0.2486959561263014,-75.13040438736985,3.4940428699439012,0.2099785378572056,-79.00214621427945,1.697436858007479,0.10200942656294945,-89.79905734370506
2025-09-17,8,48,3.883333027622373,0.1765151376191988,-82.34848623808013,8.181847573356729,0.3719021624253058,-62.80978375746942,6.910566837245179,0.31411667442023544,-68.58833255797646,4.132841114920479,0.18785641431456723,-81.21435856854326
2025-09-17,9,50,9.674828821831127,0.26867061432466344,-73.13293856753366,13.896990621301807,0.38592031717028075,-61.40796828297192,15.561419183340933,0.43214160464706847,-56.78583953529316,10.066758948672161,0.27955453898006566,-72.04454610199345
2025-09-17,10,50,21.575090385220665,0.48516056634181837,-51.48394336581816,25.296261332480853,0.5688387976721576,-43.11612023278424,27.376571772851342,0.6156188840308374,-38.438111596916265,20.582514131266223,0.4628404347035354,-53.715956529646455
2025-09-17,11,51,44.673448486865745,0.9611327127122579,-3.8867287287742087,48.095596194067504,1.0347589542613491,3.4758954261349118,40.723792733121655,0.8761573307470236,-12.384266925297638,39.78996269678409,0.8560663230805527,-14.393367691944729
2025-09-17,12,51,87.71919988789182,1.99724954207404,99.72495420740398,81.42457572789489,1.8539293198518876,85.39293198518875,56.85858434181938,1.2945943611525361,29.459436115253613,72.9176658900642,1.660238294400369,66.0238294400369
2025-09-17,13,51,105.92363115893077,2.1407362804957715,114.07362804957712,97.70431833132791,1.974622440002585,97.4622440002585,71.41280238973447,1.4432660143438654,44.32660143438654,89.83160245687203,1.8155133883765566,81.55133883765568
2025-09-17,14,51,106.60386158582844,2.362674237274567,136.26742372745667,95.8715277101099,2.124812227617684,112.48122276176842,72.9059854080216,1.61582414468133,61.58241446813301,87.77548997697555,1.945378767220203,94.53787672202029
2025-09-17,15,51,79.39129785112863,1.6553648426006802,65.53648426006802,71.75803464028478,1.4962058932503082,49.62058932503081,46.61353222829834,0.9719251924165625,-2.8074807583437478,61.47016840083613,1.281696588841454,28.169658884145388
2025-09-17,16,50,53.3991706163995,1.2698970420071225,26.98970420071226,42.13865554898401,1.0021083364800003,0.2108336480000353,25.607070652068245,0.608967197433252,-39.1032802566748,30.88486437440924,0.734479533279649,-26.552046672035097
2025-09-17,17,50,23.44934308652692,1.1783589490717044,17.835894907170438,16.074491032299097,0.807763368457241,-19.223663154275904,7.662130885954533,0.38503170281178556,-61.49682971882145,8.045665674489518,0.4043048077632923,-59.56951922367077
2025-09-17,18,8,0.8266491601407083,0.06368637597386043,-93.63136240261396,1.3827576052679524,0.10652986173096705,-89.3470138269033,0.36967868709676227,0.02848063845121435,-97.15193615487857,0.33255152105359037,0.025620302084251954,-97.4379697915748
2025-09-17,19,6,0.035396412498415526,0.0027312046680876174,-99.72687953319124,0.4898291373741738,0.03779545813072328,-96.22045418692767,0.04999999999999996,0.0038580246913580214,-99.61419753086419,0.1379658274748347,0.010645511379231073,-98.9354488620769
2025-09-18,6,23,0.15949279248292011,0.011831809531373897,-98.81681904686262,2.8478596593513994,0.21126555336434716,-78.87344466356528,0.17144577474965275,0.01271852928409887,-98.72814707159012,0.933269856173676,0.06923366885561395,-93.07663311443861
2025-09-18,7,50,5.736195715540205,0.2300920864637066,-76.99079135362933,11.913578849610833,0.4778812214043655,-52.21187785956345,11.293777166684999,0.4530195413832731,-54.69804586167268,7.654060110874446,0.30702206622039496,-69.2977933779605
2025-09-18,8,51,31.31187094759086,0.536621610070109,-46.337838992989106,45.28349288401819,0.7760667160928566,-22.39332839071434,33.31131738081908,0.5708880442299755,-42.911195577002445,34.98326165030698,0.5995417592169147,-40.04582407830853
2025-09-18,9,52,70.53974235168069,0.6952468199456012,-30.475318005439878,90.40408889297682,0.8910318242950604,-10.896817570493953,65.75741346604406,0.6481117037851771,-35.188829621482284,82.0927936891896,0.8091148599368186,-19.088514006318132
2025-09-18,10,52,115.59615099680153,0.9666038213630028,-3.3396178636997162,131.07214294511454,1.0960125674815162,9.601256748151615,91.37876089280854,0.7641003503036085,-23.58996496963916,123.06364077868062,1.0290462478357774,2.904624783577727
2025-09-18,11,52,131.71596048215397,1.004698401847094,0.46984018470938876,136.13083394319887,1.0383740193989237,3.837401939892373,99.21736652688077,0.7568067622187703,-24.319323778122964,129.02133705134975,0.9841444473787169,-1.5855552621283142
2025-09-18,12,52,150.6250088005192,1.0767389291623362,7.67389291623362,149.8216972844039,1.0709964778354701,7.099647783547019,114.7666903788956,0.8204066793830553,-17.959332061694464,143.12098659688058,1.0230966230386775,2.309662303867752
2025-09-18,13,52,141.01426975738673,1.0816466192942142,8.164661929421433,136.77176042257327,1.0491045518338058,4.910455183380579,96.92884265884052,0.7434903939467709,-25.650960605322915,128.79360830740777,0.9879083248247892,-1.209167517521085
2025-09-18,14,52,109.07901957374794,1.0146885541743995,1.4688554174399464,100.59173081257333,0.9357370308146357,-6.426296918536437,59.87098796882681,0.5569394229658308,-44.306057703416926,91.25200828180179,0.848855890993505,-15.114410900649494
2025-09-18,15,52,66.37764575185183,0.9612982730174052,-3.870172698259475,62.027513278835364,0.8982985268477244,-10.170147315227563,36.84294253009832,0.5335690446067823,-46.64309553932176,49.79141573296671,0.7210921901950285,-27.890780980497155
2025-09-18,16,52,57.44079452380785,1.2975106059138888,29.751060591388885,47.88929087493505,1.081754932797268,8.1754932797268,24.694682007953112,0.5578197878462415,-44.21802121537584,36.058902451107954,0.8145223051978305,-18.547769480216946
2025-09-18,17,52,27.025279324112685,0.9777597439982882,-2.2240256001711742,19.942458845629574,0.7215071941255273,-27.849280587447268,7.845813710436496,0.2838572254137662,-71.61427745862339,10.65081838778003,0.3853407520904497,-61.465924790955015
2025-09-18,18,12,1.2485218839800767,0.09241464722280361,-90.75853527771964,2.2149661218964902,0.16395012005155368,-83.60498799484463,1.2739644411647548,0.09429788609657697,-90.5702113903423,0.49899322437929783,0.03693510173051798,-96.30648982694821
2025-09-18,19,6,0.03066970291065297,0.0022853727951306236,-99.77146272048694,1.3010505015736458,0.09694862157776794,-90.3051378422232,0.03999999999999995,0.0029806259314456,-99.70193740685545,0.292210100314729,0.02177422506071006,-97.82257749392899
2025-09-19,6,7,0.018056051989737608,0.001344456588960358,-99.86555434110396,1.777841262150111,0.13237835161207082,-86.76216483879291,0.03999999999999995,0.002978406552494412,-99.70215934475057,0.39536825243002205,0.029439184842146096,-97.0560815157854
2025-09-19,7,22,0.935243198144885,0.06718701136098312,-93.28129886390168,3.877360798940487,0.2785460344066442,-72.14539655933558,2.644552947901386,0.18998225200440993,-81.00177479955902,2.0447429026438027,0.14689244990257205,-85.3107550097428
2025-09-19,8,41,8.2728712895597,0.4936080721694331,-50.6391927830567,13.620538855612848,0.8126813159673536,-18.731868403264638,8.096241945375327,0.4830693284830147,-51.69306715169852,7.909742874850458,0.47194169897675764,-52.80583010232424
2025-09-19,9,51,22.62568184114634,0.9061146111792686,-9.388538882073142,27.2746288605167,1.0922959095120823,9.229590951208237,22.140344971271386,0.886677812225526,-11.332218777447402,19.977064729675288,0.8000426403554379,-19.995735964456205
2025-09-19,10,52,30.56119049420215,0.9482218583370198,-5.177814166298022,33.76286258866235,1.047560117550802,4.756011755080195,25.804781012198852,0.8006447723300915,-19.93552276699085,25.162893881060235,0.7807289444945774,-21.927105550542255
2025-09-19,11,51,24.699262907675692,0.7557913986436868,-24.420860135631315,28.546062903045822,0.8735025368129075,-12.649746318709255,20.55918886885543,0.6291061465378037,-37.08938534621963,19.958816102023068,0.610734886842811,-38.9265113157189
2025-09-19,12,51,21.34371869918878,0.6799528097861989,-32.00471902138011,25.436799432024976,0.8103472262511939,-18.9652773748806,17.33234307788303,0.5521612958866847,-44.78387041133153,17.13653384989471,0.5459233466038456,-45.40766533961544
2025-09-19,13,49,16.18200983786315,0.6796308205738408,-32.03691794261592,19.664613061559933,0.8258972306409045,-17.410276935909557,13.269167782836119,0.557293901001097,-44.2706098998903,12.946510438631616,0.5437425635712565,-45.62574364287435
2025-09-19,14,47,15.411540244191784,0.8491206746111176,-15.087932538888237,16.58460802181062,0.9137525080887394,-8.624749191126051,12.576605075957449,0.6929258995017878,-30.70741004982121,10.892151133668891,0.6001185197613714,-39.98814802386285
2025-09-19,15,42,8.720259602279627,0.5336756182545672,-46.63243817454328,8.845408872464702,0.5413346923173012,-45.866530768269875,6.129591065431594,0.3751279721806361,-62.48720278193639,4.713708518241477,0.2884766535031504,-71.15233464968497
2025-09-19,16,34,4.911783852680775,0.3214518228194225,-67.85481771805776,4.9849996677119,0.32624343375077886,-67.37565662492212,2.2360226564217043,0.14633656128414296,-85.3663438715857,2.399246381812933,0.15701874226524434,-84.29812577347556
2025-09-19,17,27,1.329828578487804,0.09587805180157204,-90.4121948198428,1.7429291257906032,0.1256617971009808,-87.43382028990192,1.0828180550855688,0.07806907390667404,-92.1930926093326,1.0616617265619352,0.07654374380403284,-92.34562561959672
2025-09-19,18,7,0.10326962683359411,0.007689473330870745,-99.23105266691292,1.598448706177142,0.1190207525076055,-88.09792474923945,0.04999999999999992,0.0037230081906180134,-99.6276991809382,0.3596897412354282,0.026782557054015502,-97.32174429459846
2025-09-19,19,7,0.016880124076213046,0.001256896803887792,-99.87431031961123,1.3811081209957017,0.1028375369319212,-89.71624630680788,0.04999999999999992,0.0037230081906180134,-99.6276991809382,0.3162216241991402,0.023545913938878643,-97.64540860611213
2025-09-20,6,17,0.12796988791849867,0.009375083363992577,-99.06249166360075,2.5723036183395043,0.18844715152670363,-81.15528484732964,0.09308055988445664,0.00681908863622393,-99.31809113637759,0.5624607236679008,0.04120591382182424,-95.87940861781757
2025-09-20,7,51,8.68475784434792,0.2474289984144706,-75.25710015855293,16.096586555680435,0.4585922095635451,-54.140779043645495,16.602888881840677,0.473016777260418,-52.6983222739582,11.252094475358842,0.3205724921754655,-67.94275078245346
2025-09-20,8,52,33.69867639568547,0.4068905626139274,-59.31094373860726,48.4460855826526,0.584956358158085,-41.504364184191495,41.092516950262976,0.4961665895950613,-50.38334104049387,40.49898105301139,0.4890000127144578,-51.09999872855422
2025-09-20,9,52,81.45833701936124,0.691555624580705,-30.84443754192951,105.78447060508127,0.8980768367864951,-10.192316321350486,83.63496080718787,0.7100344749740034,-28.99655250259966,96.83200423860673,0.8220732170694178,-17.79267829305822
2025-09-20,10,52,114.94288874895972,0.7767985993712221,-22.320140062877787,133.65827637596922,0.9032795592077397,-9.672044079226026,107.4098917444134,0.7258896515808165,-27.411034841918347,124.53538865973509,0.8416259286323925,-15.837407136760751
2025-09-20,11,52,132.53913189785365,0.8179408287944558,-18.20591712055441,140.3277816687777,0.86600704559848,-13.39929544015201,112.0162435063948,0.6912876049518316,-30.871239504816845,131.829351698887,0.8135605510916254,-18.64394489083746
2025-09-20,12,52,133.73864018211998,0.8427135487216129,-15.72864512783871,138.1271055480866,0.870366134518504,-12.963386548149597,112.67027455619616,0.7099576216521497,-29.004237834785034,129.47004058477108,0.8158162607736047,-18.418373922639528
2025-09-20,13,52,137.77182536569504,0.8333141315290331,-16.668586847096687,136.31287295229407,0.8244896446639696,-17.551035533603045,109.94783951643572,0.6650205015208113,-33.497949847918875,127.6662471165971,0.7721904501094606,-22.780954989053942
2025-09-20,14,52,126.59318780149563,0.9023035481218504,-9.769645187814954,116.92940743506348,0.8334241442271095,-16.657585577289044,95.05517967673417,0.6775137539325314,-32.24862460674686,109.3846681099578,0.7796483828222224,-22.03516171777777
2025-09-20,15,52,114.09785986098254,1.0013854648146616,0.13854648146615814,107.46036168351232,0.9431311364183984,-5.686886358160154,87.15071926034406,0.7648825632819384,-23.51174367180616,99.221271183592,0.8708203544285764,-12.917964557142358
2025-09-20,16,52,90.12608840916673,1.1503010645713687,15.030106457136863,76.97946033171347,0.9825074707302294,-1.7492529269770591,58.74088101766591,0.7497240716996288,-25.027592830037122,69.36570948111385,0.8853313271361054,-11.466867286389459
2025-09-20,17,52,49.63105610280583,1.3855682887438814,38.55682887438813,36.46814060831508,1.0180943776749045,1.8094377674904567,18.718363246591075,0.5225673714849546,-47.74326285150454,25.146227818019607,0.7020164103299723,-29.79835896700277
2025-09-20,18,21,5.851781819639483,0.4262040655236332,-57.37959344763668,5.026455021288872,0.3660928638957664,-63.390713610423354,0.2350357866800215,0.017118411265842792,-98.28815887341571,1.0852910042577741,0.079045229734725,-92.09547702652749
2025-09-20,19,7,0.00748091151497325,0.0005570298968706812,-99.94429701031294,1.5209397002731404,0.11324941923106034,-88.67505807689396,0.04999999999999992,0.0037230081906180134,-99.6276991809382,0.34418794005462794,0.025628290398706476,-97.43717096012935
2025-09-21,6,29,0.19818800850552318,0.013907930421440224,-98.60920695785597,2.8341437210127935,0.19888727866756445,-80.11127213324355,0.23303009065301805,0.016352988817755654,-98.36470111822443,0.7028287442025585,0.049321315382635685,-95.06786846173642
2025-09-21,7,52,12.980426898785254,0.34231083593842965,-65.76891640615703,20.524640250701502,0.5412616099868539,-45.87383900131461,21.20288866865966,0.5591479079287885,-44.08520920712115,15.449357046416424,0.40741975333376645,-59.258024666623356
2025-09-21,8,52,46.12894846062588,0.5910179174968082,-40.89820825031918,64.44360087825626,0.8256707351474217,-17.43292648525783,49.621186297107066,0.6357615156580021,-36.42384843419978,56.08746150634734,0.7186093722786334,-28.139062772136654
2025-09-21,9,52,80.47170383649114,0.8926423054519262,-10.735769454807373,100.92937182023029,1.1195715121489773,11.957151214897722,78.02455448204972,0.8654969992462532,-13.450300075374674,91.72084149806396,1.0174247531676537,1.7424753167653584
2025-09-21,10,52,87.0455506125052,0.7149531877823835,-28.504681221761658,95.6283456077946,0.7854484238833231,-21.455157611667687,86.27336250958028,0.7086107803661624,-29.138921963383762,86.4112111563681,0.7097430074445017,-29.025699255549824
2025-09-21,11,52,98.0628934130063,0.6122425760941894,-38.77574239058106,102.5189541386885,0.6400633960085442,-35.993660399145575,96.17388686406618,0.6004488160333783,-39.95511839666217,94.07586191484855,0.5873500775104487,-41.26499224895513
2025-09-21,12,52,105.94310995670381,0.7938191964386618,-20.618080356133824,102.72054267027771,0.7696728807903319,-23.032711920966804,93.31276447933543,0.6991815111594142,-30.081848884058576,94.00638752463706,0.7043787466254837,-29.56212533745163
2025-09-21,13,52,74.9370830943625,0.5846694475646602,-41.53305524353398,74.86012322815513,0.5840689960845371,-41.59310039154629,57.57093211686715,0.44917634483004715,-55.08236551699529,66.14058181741761,0.5160379325693814,-48.39620674306187
2025-09-21,14,52,62.42369393062976,0.5540892413512317,-44.59107586487682,58.950709100361166,0.523262108116112,-47.6737891883888,50.98451393802821,0.45255204986710645,-54.74479501328935,51.68309425714894,0.45875283381101495,-54.1247166188985
2025-09-21,15,52,80.08884005635188,1.0079139196621179,0.7913919662117929,74.57250399937031,0.9384911150185039,-6.150888498149612,53.96538201148707,0.6791515480932176,-32.08484519067823,65.5516057338166,0.8249635758094211,-17.503642419057883
2025-09-21,16,52,62.37364665571955,0.8765267939252326,-12.347320607476743,53.344892120773416,0.7496471630237973,-25.035283697620265,35.51030176643494,0.4990205419678885,-50.097945803211154,43.14485606119014,0.6063077018154882,-39.36922981845118
2025-09-21,17,52,27.55309118578394,0.8438925324895541,-15.610746751044585,19.120296323685398,0.5856139762231363,-41.43860237768637,10.292208111499857,0.3152284260796281,-68.47715739203718,10.53447503964521,0.32264854639035867,-67.73514536096414
2025-09-21,18,11,1.4048283673177453,0.10231816222270541,-89.76818377772948,2.9311959942706203,0.21348841910201166,-78.65115808979883,0.0699999999999999,0.005098324836125265,-99.49016751638747,0.6422391988541238,0.04677634368930254,-95.32236563106974
2025-09-21,19,8,0.011547432681046679,0.0008453464627413382,-99.91546535372586,1.4556552520805888,0.10656334202639742,-89.34366579736025,0.05999999999999993,0.004392386530014636,-99.56076134699853,0.33913105041611763,0.024826577629291188,-97.51734223707088
2025-09-22,6,12,0.06539770139729813,0.004829963175575933,-99.51700368244241,2.049198939708981,0.15134408712769432,-84.86559128723057,0.0555767347984706,0.004104633293830916,-99.58953667061691,0.44983978794179613,0.033223027174431034,-96.67769728255689
2025-09-22,7,50,4.862370473423096,0.18314013082572864,-81.68598691742713,10.030500500204512,0.37779662900958616,-62.22033709904138,9.940815108238036,0.3744186481445588,-62.55813518554412,6.061549737369535,0.2283069580930145,-77.16930419069855
2025-09-22,8,52,18.90668600650287,0.41958912575461316,-58.04108742453869,26.446864104575734,0.5869255238476638,-41.30744761523361,22.569183991318912,0.5008695959014405,-49.913040409855945,20.130585590617148,0.4467506788863104,-55.324932111368966
2025-09-22,9,52,33.142595023878116,0.5389039841280995,-46.10960158719005,39.67399634465569,0.6451056316204178,-35.489436837958216,26.057591821313387,0.42370068002135597,-57.629931997864404,31.403151950586203,0.5106203569201009,-48.93796430798991
2025-09-22,10,52,55.09247609740026,0.6531413882323682,-34.685861176763176,59.831920988914156,0.7093292351975597,-29.06707648024403,39.093350580461326,0.46346592270849235,-53.65340772915077,48.8072222081412,0.5786274120704351,-42.13725879295649
2025-09-22,11,52,65.81823063097681,0.727836233893363,-27.216376610663694,68.2672843801962,0.754918548935046,-24.5081451064954,49.9652124343122,0.5525291654795113,-44.74708345204888,59.11534866213724,0.6537139075764374,-34.62860924235625
2025-09-22,12,52,77.55408551356594,1.0095559166046075,0.9555916604607445,74.76993767487761,0.9733134297692999,-2.6686570230700117,56.864959176662495,0.7402363860539247,-25.976361394607522,65.80125633286976,0.8565641282591742,-14.34358717408258
2025-09-22,13,52,58.24442131264058,0.7604703135218774,-23.95296864781226,57.35275524226373,0.748828244447888,-25.1171755552112,44.01735412952155,0.5747141158052168,-42.52858841947832,48.17789869265558,0.6290364106626921,-37.09635893373079
2025-09-22,14,52,41.95121810921261,0.877456977812437,-12.254302218756296,39.49589991732179,0.8261012323221459,-17.389876767785406,28.385608639445376,0.5937169763531768,-40.62830236468233,31.495078576738397,0.6587550423915164,-34.124495760848355
2025-09-22,15,50,18.5632761633972,0.6552515412424003,-34.47484587575997,16.29245122876998,0.5750953487034938,-42.490465129650616,11.986960458628475,0.4231189713599885,-57.688102864001145,9.77242492107011,0.3449496971786131,-65.5050302821387
2025-09-22,16,49,12.782496416158875,0.5028519439873672,-49.714805601263286,11.456101047983946,0.4506727398892189,-54.9327260110781,5.8511301312462916,0.23017821130001145,-76.98217886999885,6.06629006206527,0.23864240999469982,-76.13575900053002
2025-09-22,17,40,4.855490590031769,0.31124939679690833,-68.87506032030916,3.9103429975557926,0.2506630126638329,-74.93369873361672,2.0642742617733383,0.1323252731905986,-86.76747268094014,2.1009126694220037,0.13467388906551309,-86.5326110934487
2025-09-22,18,7,0.14324401140215448,0.010665972554144042,-98.93340274458559,1.5038061112510015,0.11197364938577822,-88.80263506142218,0.04999999999999992,0.0037230081906180134,-99.6276991809382,0.3407612222502001,0.025373136429650046,-97.46268635703498
2025-09-22,19,6,0.002240898857798462,0.00016698203113252324,-99.98330179688674,1.4100506719208281,0.10507083993448793,-89.4929160065512,0.03999999999999995,0.0029806259314456,-99.70193740685545,0.3140101343841655,0.02339866873205406,-97.66013312679459
2025-09-23,6,6,0.008255162533674077,0.0006151387879041786,-99.93848612120958,1.3333757329975946,0.099357357153323,-90.0642642846677,0.03999999999999995,0.0029806259314456,-99.70193740685545,0.2986751465995188,0.022255972175821075,-97.7744027824179
2025-09-23,7,47,3.9100571422182324,0.18944075301444924,-81.05592469855509,8.443751072524261,0.4090964666920669,-59.09035333079331,7.290601276635268,0.3532268060385304,-64.67731939614696,4.5699853990637855,0.22141402127247023,-77.85859787275298
2025-09-23,8,51,18.07051452144156,0.5119125926753983,-48.808740732460166,24.670980399420387,0.6988946288787645,-30.11053711212354,16.47270575230715,0.4666488881673414,-53.33511118326586,16.982892631021254,0.4811017742498939,-51.889822575010605
2025-09-23,9,52,39.75588791932077,0.8968167813968142,-10.318321860318584,43.77308721475391,0.9874371128976744,-1.2562887102325533,26.50464574788109,0.5978941066519533,-40.210589334804666,34.22843808725854,0.7721280867867931,-22.787191321320684
2025-09-23,10,52,49.90285125892104,1.1084596014864738,10.845960148647382,55.12465083803761,1.2244480417156292,22.44480417156291,36.550286536019534,0.811867759573957,-18.8132240426043,44.6895473519251,0.9926598701005134,-0.7340129899486654
2025-09-23,11,52,52.20856787452898,1.1811893184282576,18.118931842825763,55.90040076377747,1.2647149494067302,26.47149494067302,42.39521309449513,0.9591677170700257,-4.083228292997426,46.04138966534227,1.0416603996683773,4.16603996683773
2025-09-23,12,52,61.857027642623336,0.8658598494208194,-13.41401505791806,60.340782125120136,0.8446358080223983,-15.536419197760164,46.97482844303218,0.6575423914198234,-34.24576085801767,50.43378487858304,0.7059600346946114,-29.403996530538855
2025-09-23,13,52,41.663275194001436,0.6729651945404851,-32.7034805459515,42.22644923563537,0.6820618516497393,-31.793814835026062,31.20763866911579,0.504080740899948,-49.591925910005195,33.341747500564,0.5385518898492003,-46.144811015079966
2025-09-23,14,52,40.002075052194776,0.49593447870313384,-50.40655212968661,37.78134023864026,0.46840243291148353,-53.159756708851646,22.332324388461476,0.2768698783593042,-72.31301216406958,26.340452333804432,0.32656152161919705,-67.3438478380803
2025-09-23,15,51,36.978611287440266,0.5953729075421069,-40.462709245789306,32.4265302269999,0.5220822770407325,-47.79177229592675,14.979499830725228,0.24117694140597692,-75.88230585940231,21.348814347681795,0.34372587904816926,-65.62741209518308
2025-09-23,16,51,24.77987838548168,0.5216816502206669,-47.83183497793331,20.73046974542974,0.4364309420090471,-56.356905799095294,11.715058880011583,0.2466328185265596,-75.33671814734404,12.222288170675322,0.2573113299089541,-74.26886700910458
2025-09-23,17,50,13.839918398847356,0.622858613809512,-37.714138619048796,10.437155197231894,0.46971895577101236,-53.02810442289877,4.615702890533204,0.20772740281427562,-79.22725971857244,4.86401127561441,0.2189023976424127,-78.10976023575873
2025-09-23,18,7,0.4168776845932624,0.031040780684531824,-96.89592193154682,1.6557161171149934,0.12328489330714769,-87.67151066928524,0.04999999999999992,0.0037230081906180134,-99.6276991809382,0.3711432234229985,0.02763538521392394,-97.23646147860761
2025-09-23,19,6,0.0023989567398495937,0.0001787598166802976,-99.98212401833197,1.3896864865628087,0.103553389460716,-89.6446610539284,0.03999999999999995,0.0029806259314456,-99.70193740685545,0.3099372973125616,0.023095178637299672,-97.69048213627003
2025-09-24,6,6,0.005147732438162131,0.00038358661983324376,-99.96164133801668,1.337627809084315,0.09967420335948696,-90.0325796640513,0.03999999999999995,0.0029806259314456,-99.70193740685545,0.29952556181686285,0.022319341417053863,-97.76806585829462
2025-09-24,7,39,1.290978458909457,0.07479597096810296,-92.5204029031897,4.574142539887453,0.26501405213716417,-73.49859478628358,3.5175565010015233,0.203798175029057,-79.62018249709429,2.6502716890614293,0.15354992404759152,-84.64500759524084
2025-09-24,8,49,9.527506454911691,0.37465617203742396,-62.5343827962576,16.081617562764432,0.6323876351853887,-36.76123648146114,8.20900777241391,0.3228080130717228,-67.7191986928277,9.322562862049589,0.3665970453027758,-63.34029546972243
2025-09-24,9,50,13.221066247730898,0.4898505464146313,-51.01494535853687,18.181027764554734,0.6736208879049551,-32.63791120950449,14.76395863694428,0.5470158813243527,-45.29841186756472,12.316831977023888,0.45634797988232273,-54.365202011767735
2025-09-24,10,52,26.80663218306596,0.741128896407685,-25.887110359231503,30.810811989121103,0.8518333422483026,-14.816665775169735,24.186296221097663,0.6686838877826283,-33.13161122173717,22.489373231199615,0.6217686820901194,-37.823131790988064
2025-09-24,11,52,66.84416736688497,1.455031940942207,45.503194094220696,71.26920911947397,1.5513541384299954,55.13541384299954,45.15768975875237,0.9829710439432385,-1.7028956056761468,60.04060728960766,1.306935291458591,30.693529145859095
2025-09-24,12,52,48.434755942878006,1.0508734203271426,5.08734203271426,50.517036546071935,1.0960519970942055,9.60519970942055,41.35804390131059,0.8973322608225338,-10.266773917746617,41.8479391301559,0.9079613610361444,-9.203863896385556
2025-09-24,13,52,41.90663980508085,0.9306382368439006,-6.936176315609943,43.06509671727508,0.9563645728908522,-4.36354271091478,34.73723305245263,0.7714242294570869,-22.85757705429131,35.02366886125986,0.7777852289864502,-22.221477101354985
2025-09-24,14,51,52.20339191757876,1.3073727001647575,30.737270016475744,49.77532810364918,1.2465646908001298,24.656469080012975,34.13858273072757,0.8549607495799542,-14.503925042004582,39.898101005108806,0.9992011271001454,-0.07988728998545808
2025-09-24,15,52,27.64673805932271,0.7696753357272469,-23.032466427275306,25.025090878123372,0.6966896124199157,-30.331038758008432,21.37931896214835,0.5951926214406555,-40.48073785593444,17.988851009732233,0.500803201829962,-49.91967981700381
2025-09-24,16,52,28.36200718336644,1.0220543129141058,2.205431291410583,23.724171193533305,0.8549250880552541,-14.507491194474586,15.946541855688073,0.5746501569617323,-42.534984303826775,15.945828404179803,0.5746244469974703,-42.53755530025297
2025-09-24,17,50,15.144372772210634,0.6680358523251273,-33.196414767487276,10.745421578349537,0.47399301183720943,-52.600698816279056,5.265649059223173,0.23227388880560976,-76.77261111943903,5.324634604670779,0.23487580964582175,-76.5124190354178
2025-09-24,18,19,0.947992159416006,0.06924705328093543,-93.07529467190645,1.6759601732826612,0.12242221864738212,-87.75777813526179,0.11999999999999987,0.008765522279035784,-99.12344777209643,0.43119203465653194,0.031496861552705036,-96.8503138447295
2025-09-24,19,8,0.0012686612784344607,9.439444035970689e-05,-99.99056055596402,1.437426311118521,0.10695136243441376,-89.30486375655862,0.05999999999999993,0.004464285714285709,-99.55357142857143,0.33548526222370406,0.024961701058311313,-97.50382989416887
2025-09-25,6,12,0.017076111345006806,0.0012648971366671707,-99.87351028633327,2.0654755515022787,0.1529981890001688,-84.70018109998313,0.05999999999999993,0.004444444444444439,-99.55555555555556,0.4610951103004556,0.0341551933555893,-96.58448066444107
2025-09-25,7,51,9.905786982557283,0.34599325821017396,-65.4006741789826,16.912154055222857,0.5907144273567185,-40.92855726432814,11.24448181976876,0.3927517226604526,-60.72482773395473,10.307714468149767,0.3600319409063837,-63.99680590936164
2025-09-25,8,52,36.21661863231949,0.7362597811002132,-26.37402188997869,49.47279096665027,1.0057489523612577,0.5748952361257729,32.38520965843971,0.6583697836641534,-34.16302163358465,37.63257388963016,0.7650452101978076,-23.495478980219243
2025-09-25,9,52,66.13758989874925,0.916413882482323,-8.358611751767697,84.3513530195221,1.1687869338994332,16.878693389943315,63.71461509602228,0.882840724622728,-11.715927537727204,75.87375127165076,1.0513198180913228,5.131981809132269
2025-09-25,10,52,89.44121459909191,1.3141524331338807,31.415243313388075,97.98768448681903,1.4397250144992515,43.97250144992515,75.18452666881184,1.1046800862299715,10.468008622997143,89.51452640900031,1.3152295975462875,31.522959754628747
2025-09-25,11,52,111.06230061512589,1.523488348629985,52.348834862998494,114.70885662777505,1.573509693110769,57.3509693110769,96.88240817482202,1.328976792521564,32.89767925215642,106.67483828340595,1.4633036801564603,46.33036801564604
2025-09-25,12,52,114.85271910953864,1.3975750682591708,39.75750682591707,110.21596580528414,1.3411531492490163,34.11531492490162,95.45956073411598,1.1615911503299585,16.159115032995853,102.31996041483647,1.2450713119352212,24.507131193522124
2025-09-25,13,52,112.29950605105503,1.2999132544398082,29.99132544398082,106.03549445552969,1.2274047280417837,22.74047280417836,85.72886545445685,0.9923470940439502,-0.7652905956049878,98.47296736588511,1.1398653474462914,13.986534744629136
2025-09-25,14,52,107.31516297533753,1.419888369612828,41.988836961282786,98.21416448719708,1.2994729357924992,29.947293579249912,70.05357738102369,0.9268798277457487,-7.312017225425128,89.70812925586236,1.186929468852373,18.692946885237312
2025-09-25,15,52,76.33589626003517,1.510704457946471,51.0704457946471,70.19801473495555,1.389234409953603,38.923440995360295,48.210530990835736,0.9540971896068818,-4.5902810393118125,61.86888494573016,1.2243990687854773,22.439906878547724
2025-09-25,16,51,55.420728331868105,1.6979389807557634,69.79389807557634,45.19188102285573,1.3845551783963157,38.45551783963156,26.573408402424562,0.814136286838988,-18.586371316101204,34.22864413439623,1.0486716952940023,4.8671695294002255
2025-09-25,17,50,26.012999420064858,1.1728133192094168,17.28133192094167,18.35597408674335,0.8275912572923062,-17.24087427076938,7.2085609200675265,0.3250027466216198,-67.49972533783802,9.810179165890064,0.442298429481067,-55.7701570518933
2025-09-25,18,8,0.7046745228752729,0.05235323349741997,-94.76467665025801,1.8733305739880635,0.13917760579406116,-86.0822394205939,0.04999999999999996,0.003714710252600294,-99.62852897473996,0.4146661147976126,0.030807289360892467,-96.91927106391076
2025-09-25,19,7,0.0021889352839598118,0.00016298847981830318,-99.98370115201818,1.4229930640077135,0.10595629664986699,-89.40437033501331,0.04999999999999996,0.0037230081906180165,-99.6276991809382,0.3245986128015425,0.024169665882467797,-97.58303341175322
2025-09-26,6,7,0.0062955420298988875,0.000468767090833871,-99.95312329091662,1.3967811368800738,0.10400455226210527,-89.59954477378948,0.04999999999999996,0.0037230081906180165,-99.6276991809382,0.31935622737601466,0.02377931700491546,-97.62206829950846
2025-09-26,7,47,6.678348994759792,0.35466537412425875,-64.53346258757414,12.867876949647496,0.6833710541501592,-31.662894584984087,11.112641794784047,0.5901562291441342,-40.98437708558657,7.6777440747196835,0.40773999334677025,-59.22600066532298
2025-09-26,8,51,21.995617981611314,0.6271918443573229,-37.28081556426771,30.68877871179131,0.8750721046989253,-12.492789530107467,21.033839317208106,0.5997673030284604,-40.023269697153964,22.177267709829323,0.6323714773261854,-36.762852267381454
2025-09-26,9,51,50.521513635322826,1.219148495060879,21.914849506087908,65.25550946074232,1.5746985873731254,57.46985873731255,45.45674415775102,1.0969291543858837,9.69291543858837,56.554913761441796,1.36474212744792,36.474212744791984
2025-09-26,10,52,83.37620394185691,1.6236845947781289,62.36845947781288,95.15821081721188,1.8531297140644962,85.3129714064496,65.38676353388591,1.273354693941303,27.335469394130303,85.92610667704551,1.6733419021819962,67.33419021819962
2025-09-26,11,52,89.62038073546404,1.4986685741716392,49.866857417163935,94.41868057408017,1.5789077019076951,57.8907701907695,78.34074609389965,1.3100459213026696,31.00459213026697,86.35274144802212,1.4440257767227778,44.40257767227778
2025-09-26,12,52,94.47608208558938,1.4568401246814093,45.68401246814093,91.59844153465853,1.4124663305267315,41.246633052673154,80.37168303151402,1.2393474638629767,23.934746386297657,83.88991982055565,1.2935993804249137,29.359938042491372
2025-09-26,13,52,69.11925236968044,1.0341001252196356,3.410012521963547,67.25254010134958,1.0061720541793773,0.6172054179377282,47.5800436762212,0.7118498455449013,-28.81501544550988,58.09102090579827,0.869105638925767,-13.089436107423303
2025-09-26,14,52,52.184714852804554,0.894492884004192,-10.550711599580795,48.421000619746096,0.8299794415451852,-17.002055845481483,34.511321801388526,0.5915550531605851,-40.8444946839415,38.65373373569429,0.6625597143588327,-33.74402856411673
2025-09-26,15,52,40.05249440498615,0.7447470138524759,-25.525298614752412,33.796325188340454,0.6284180957296478,-37.15819042703522,21.321506389362973,0.3964579098059311,-60.35420901940689,23.747878112374938,0.4415745279355697,-55.84254720644303
2025-09-26,16,51,14.628893423769211,0.4572958244379247,-54.270417556207526,12.328366377703153,0.38538188114108013,-61.46181188589199,6.698818711604116,0.209403523338672,-79.0596476661328,6.336149043452792,0.1980665534058391,-80.19334465941608
2025-09-26,17,50,9.196819715468195,0.37893777154792724,-62.10622284520727,6.673734751760758,0.27497877015907535,-72.50212298409247,3.3247029972963693,0.13698817458987925,-86.30118254101207,3.4697867064549284,0.14296607772785036,-85.70339222721496
2025-09-26,18,8,0.40590959065733534,0.0302016064477184,-96.97983935522817,1.6972739434227997,0.12628526364752973,-87.37147363524701,0.05999999999999993,0.004464285714285709,-99.55357142857143,0.3874547886845598,0.028828481300934506,-97.11715186990655
2025-09-26,19,7,0.0008365083656958972,6.228654994012638e-05,-99.99377134500598,1.5047823211819193,0.11204633813714962,-88.79536618628504,0.04999999999999996,0.0037230081906180165,-99.6276991809382,0.34095646423638376,0.02538767417992433,-97.46123258200757
2025-09-27,6,7,0.0051188611370367515,0.00038115123879648187,-99.96188487612035,1.3727760638469193,0.10221713059172892,-89.77828694082712,0.04999999999999996,0.0037230081906180165,-99.6276991809382,0.3145552127693837,0.023421832670840186,-97.65781673291599
2025-09-27,7,49,3.2102199153260447,0.14086090018982206,-85.9139099810178,7.450196197244556,0.3269063710945395,-67.30936289054605,5.477465569558341,0.24034513249488115,-75.96548675051189,3.974960212269275,0.17441685880953378,-82.55831411904663
2025-09-27,8,52,15.495917542277407,0.47489787135388933,-52.51021286461106,21.876753397958584,0.6704490774734474,-32.95509225265526,13.33726566520773,0.40874243534194704,-59.12575646580529,14.149812520085542,0.4336442696930905,-56.635573030690956
2025-09-27,9,52,26.234271892908584,0.6241796786321339,-37.58203213678661,30.847267233323674,0.7339345047186219,-26.606549528137812,19.87600906310285,0.4729005249370177,-52.709947506298235,21.728837024704113,0.5169839882156583,-48.301601178434176
2025-09-27,10,52,25.277061445334425,0.5608400586939079,-43.91599413060922,29.14786593738376,0.6467243385263759,-35.32756614736242,20.008760339554403,0.4439485320513513,-55.605146794864865,19.984144380042565,0.4434023603293225,-55.659763967067754
2025-09-27,11,52,23.814348933992115,0.6110944042594846,-38.89055957405154,27.70399899944065,0.7109057993184668,-28.909420068153324,16.490762325463965,0.4231655716054392,-57.68344283945608,18.3558092817558,0.47102410268811395,-52.89758973118861
2025-09-27,12,52,38.7443876660865,1.20398967265651,20.39896726565101,38.600372717779564,1.1995143790484635,19.95143790484635,25.621277595260118,0.7961863764841551,-20.381362351584485,29.61354718652559,0.9202469604265253,-7.975303957347471
2025-09-27,13,52,43.16404900036054,1.5707441412067156,57.07441412067155,42.097578329540895,1.5319351648304547,53.193516483045464,24.565686518493973,0.8939478354619349,-10.605216453806506,30.337794238619583,1.1039954235305525,10.399542353055251
2025-09-27,14,51,37.921266650074,1.0341223520609215,3.412235206092156,36.257407920441004,0.9887485116018815,-1.125148839811848,20.782690068858777,0.5667491155947306,-43.32508844052694,25.37404942844953,0.6919566247191035,-30.804337528089647
2025-09-27,15,52,23.20154852254015,0.7080118560433368,-29.198814395666318,20.464171649904777,0.6244788419256874,-37.552115807431264,11.898695617708507,0.3630972114039825,-63.690278859601754,12.504783845550449,0.3815924273893942,-61.84075726106059
2025-09-27,16,51,12.359529536077474,0.4979665405349506,-50.20334594650494,10.856818914010894,0.43742219637433094,-56.2577803625669,4.933269483950257,0.19876186478445837,-80.12381352155417,5.465850087972,0.22021958452747784,-77.9780415472522
2025-09-27,17,40,3.466045078982795,0.22893296426570642,-77.10670357342936,3.122951925957948,0.20627159352430308,-79.3728406475697,0.6943546025456179,0.04586225908491532,-95.41377409150847,1.63454119341286,0.10796176971022854,-89.20382302897714
2025-09-27,18,7,0.10271686888498677,0.007648314883468859,-99.23516851165311,1.5540813013135564,0.11571714827353362,-88.42828517264665,0.04999999999999992,0.0037230081906180134,-99.6276991809382,0.3508162602627111,0.026121836207201127,-97.38781637927988
2025-09-27,19,6,0.009177201410523627,0.0006838451125576473,-99.93161548874424,1.4152058955287679,0.10545498476369358,-89.45450152363065,0.03999999999999995,0.0029806259314456,-99.70193740685545,0.3150411791057534,0.023475497697895188,-97.65245023021049
2025-09-28,6,6,0.0037475160236341565,0.0002792485859637971,-99.97207514140362,1.3979626715860798,0.10417009475306109,-89.58299052469388,0.03999999999999995,0.0029806259314456,-99.70193740685545,0.31159253431721595,0.0232185196957687,-97.67814803042313
2025-09-28,7,47,1.471954197840484,0.07404196166199618,-92.59580383380037,5.997464320904595,0.30168331594087505,-69.83166840591251,5.251861230419084,0.2641781303027708,-73.58218696972291,3.4014763530895418,0.1711004201755303,-82.88995798244697
2025-09-28,8,52,16.887122969133138,0.4793392838243865,-52.06607161756135,24.413788442749606,0.6929829248580642,-30.701707514193576,17.8163368418358,0.5057149259675219,-49.42850740324781,17.411397979276504,0.4942207771580046,-50.57792228419954
2025-09-28,9,52,19.267488517858034,0.31273313614442516,-68.72668638555749,23.97736188185617,0.3891797091682547,-61.08202908317454,23.889930608725408,0.3877606006934817,-61.223939930651824,18.49033423386802,0.300119042912969,-69.9880957087031
2025-09-28,10,52,23.424288895188223,0.34569493646971994,-65.43050635302801,28.435059066677336,0.4196437288470681,-58.03562711529319,24.87461833751157,0.3670988538593797,-63.290114614062034,21.913804816628424,0.32340325880502396,-67.65967411949761
2025-09-28,11,52,49.28733341673518,0.6794504193098316,-32.054958069016834,54.242240252538416,0.7477562758828015,-25.22437241171985,36.79982462934604,0.5073038961861875,-49.26961038138125,44.292320786919205,0.6105916844074885,-38.94083155925116
2025-09-28,12,52,54.96067913514424,0.7981510185179239,-20.18489814820761,55.75838447031259,0.8097354700887684,-19.02645299112316,36.5126838963353,0.5302451916400711,-46.97548083599289,44.99451506683278,0.6534202013771825,-34.657979862281756
2025-09-28,13,52,73.79369365600098,0.892305848319238,-10.769415168076204,69.72256064442374,0.8430781214561516,-15.692187854384843,41.451779068250104,0.5012307021553821,-49.87692978446179,59.69693232548882,0.7218492421461767,-27.815075785382327
2025-09-28,14,52,47.15824623701009,0.7285377141512451,-27.146228584875487,44.70612500434944,0.6906554148671319,-30.934458513286817,29.590108686644907,0.4571312944020533,-54.286870559794664,34.939455892451925,0.5397722214190009,-46.02277785809991
2025-09-28,15,52,76.14852751048065,1.4835092053473729,48.35092053473729,66.76759240926599,1.3007518490018701,30.075184900187,38.42501564133246,0.7485878753425377,-25.141212465746232,57.015702225290504,1.1107676256631698,11.07676256631698
2025-09-28,16,51,47.24006525714096,1.5632053361065836,56.320533610658366,39.59562778253753,1.3102457902891305,31.024579028913053,22.78887516546896,0.7540991120274307,-24.590088797256925,29.16941127613895,0.9652353168808387,-3.476468311916128
2025-09-28,17,42,14.73391583480643,0.9301714542175776,-6.982854578242235,9.699033571478596,0.6123127254721336,-38.76872745278664,4.1384676968455185,0.2612669000533787,-73.87330999466212,4.882255742123531,0.3082232160431522,-69.17767839568477
2025-09-28,18,7,0.36950733423727383,0.02751357663717601,-97.24864233628242,1.8063293324290086,0.13449957799173556,-86.55004220082644,0.04999999999999992,0.0037230081906180134,-99.6276991809382,0.4012658664858016,0.02987832215084152,-97.01216778491585
2025-09-28,19,7,0.002058772552806688,0.00015329654153437738,-99.98467034584657,1.4653713722514414,0.10911179242378566,-89.08882075762143,0.04999999999999992,0.0037230081906180134,-99.6276991809382,0.3330742744502882,0.02480076503725154,-97.51992349627484
2025-09-29,6,7,0.0034562180736076222,0.0002573505639320642,-99.9742649436068,1.4718035037503552,0.10959072998885742,-89.04092700111426,0.04999999999999992,0.0037230081906180134,-99.6276991809382,0.3343607007500709,0.02489655255026589,-97.51034474497341
2025-09-29,7,47,2.18497563796456,0.10504690567137309,-89.4953094328627,7.227582991971253,0.3474799515370795,-65.25200484629204,6.600502401047556,0.31733184620420946,-68.26681537957904,3.9404453906463845,0.18944448993492236,-81.05555100650777
2025-09-29,8,51,11.307506814044782,0.30785480027347617,-69.21451997265238,18.641945798081668,0.5075400435088937,-49.24599564911063,13.338519325960561,0.36315053977567546,-63.684946022432456,12.19314683857146,0.3319669708296068,-66.80330291703932
2025-09-29,9,51,22.483356914568184,0.5067242937698486,-49.32757062301514,28.467151654563636,0.6415855680541724,-35.84144319458275,28.295737644239235,0.637722281817427,-36.22777181825731,23.415474238132923,0.5277321216617742,-47.226787833822584
2025-09-29,10,51,42.636935283720945,0.7361349323846847,-26.38650676153152,49.88846087413759,0.8613339239319335,-13.866607606806644,37.96562652027133,0.6554838832919774,-34.451611670802265,39.2296241669535,0.6773070470813795,-32.26929529186206
2025-09-29,11,51,43.724040944148754,0.5541001260188664,-44.58998739811336,50.05356986384773,0.6343121260150516,-36.56878739849484,44.482838832805406,0.563716117511157,-43.6283882488843,40.656879073276876,0.5152310109400187,-48.476898905998134
2025-09-29,12,51,67.4504681617437,0.644533857255076,-35.546614274492406,67.22921933184719,0.6424196782785206,-35.758032172147935,58.57920866294095,0.5597631023692398,-44.02368976307602,59.02623243674982,0.5640347103368354,-43.59652896631647
2025-09-29,13,51,81.68406875622189,0.8861365671102398,-11.386343288976015,79.16773293562747,0.8588385000610489,-14.116149993895108,67.20306737819361,0.7290417376675377,-27.09582623324623,70.02087369219348,0.7596102591906432,-24.038974080935677
2025-09-29,14,51,47.596127386990375,0.5097036558898091,-49.02963441101909,45.406827538005366,0.48625859432432395,-51.37414056756761,36.267040120245014,0.38838123924014795,-61.1618760759852,38.32203091361862,0.410387994363018,-58.9612005636982
2025-09-29,15,51,81.52352352837826,1.175367986279963,17.53679862799632,71.98633765269449,1.0378653064113967,3.7865306411396675,53.87916700846898,0.7768045993147199,-22.31954006852801,63.80585116689762,0.9199228830290889,-8.00771169709111
2025-09-29,16,51,56.566498386276294,1.0899132637047455,8.991326370474557,48.73526133673418,0.9390223764303312,-6.097762356966889,33.212119514880705,0.6399252315005917,-36.007476849940836,39.3464886439153,0.75812116847621,-24.187883152378994
2025-09-29,17,50,26.17713349420758,1.0445783517241654,4.45783517241653,17.909063859595744,0.7146474006223362,-28.535259937766384,10.201423167996078,0.4070799348761404,-59.29200651238597,9.960834009399596,0.3974794097924819,-60.252059020751815
2025-09-29,18,6,0.6125403288457782,0.04722747331116255,-95.27725266888375,2.4358100221347665,0.18780339415071448,-81.21966058492856,0.04999999999999992,0.0038550501156514975,-99.61449498843484,0.5271620044269532,0.04064471892266409,-95.93552810773359
2025-09-29,19,5,0.0025165737033616,0.0001943300157035985,-99.98056699842964,1.4976176967588555,0.11564615418987302,-88.4353845810127,0.03999999999999995,0.0030888030888030853,-99.6911196911197,0.33152353935177103,0.02560027330901707,-97.4399726690983
2025-09-30,6,5,0.0032285054794168712,0.0002493054424260132,-99.9750694557574,1.4945416932837212,0.11540862496399393,-88.4591375036006,0.03999999999999995,0.0030888030888030853,-99.6911196911197,0.3309083386567441,0.025552767463841247,-97.44472325361588
2025-09-30,7,50,9.125027599656862,0.37536106950460146,-62.463893049539855,16.837671798423465,0.6926232743078348,-30.737672569216524,16.758415912461704,0.6893630568680256,-31.063694313197445,11.840289565696894,0.48705428077733004,-51.294571922267
2025-09-30,8,50,42.22339289329842,0.6080557732329841,-39.194422676701585,60.61497965112252,0.8729115733168565,-12.708842668314343,47.826382885698486,0.6887439931696211,-31.12560068303789,52.700869933376765,0.7589410992709787,-24.105890072902124
2025-09-30,9,51,80.71527065432203,0.7423459087126094,-25.76540912873906,105.65856822005654,0.971751754070234,-2.8248245929766087,86.76586680940626,0.797993808603019,-20.200619139698098,96.68869699315061,0.8892550077545351,-11.074499224546482
2025-09-30,10,51,117.4161584048269,0.8383874216695958,-16.16125783304042,135.72451087791063,0.9691146795995046,-3.0885320400495386,105.77170396218375,0.7552424417149857,-24.475755828501434,127.6556057155327,0.9115002193183341,-8.84997806816659
2025-09-30,11,51,137.61925303267384,0.8706222118850753,-12.937778811492477,140.61706302649918,0.889587290608586,-11.041270939141402,127.01634591018616,0.8035449225671295,-19.645507743287048,132.78616849827534,0.8400466154126358,-15.995338458736413
2025-09-30,12,51,145.52197153051685,0.9249473814944184,-7.505261850558165,146.26374176909374,0.9296621227298909,-7.033787727010914,131.56629999561858,0.8362442000611363,-16.375579993886376,139.8550510687504,0.8889280561161279,-11.10719438838721
2025-09-30,13,51,143.6307263869552,0.9833006530222167,-1.6699346977783285,139.2065267386026,0.9530124374519245,-4.69875625480755,121.91271212604966,0.8346184166909678,-16.538158330903226,131.2151257009522,0.8983030444372712,-10.16969555627288
2025-09-30,14,51,129.8355072327386,0.9589033030482909,-4.10966969517091,118.9943872251736,0.8788359470101447,-12.11640529898553,102.04743435554724,0.7536738135564789,-24.632618644352117,109.99535135356967,0.812373348253838,-18.762665174616195
2025-09-30,15,51,102.4128033996886,0.9920837295329711,-0.7916270467028876,94.87196881947818,0.9190348621474203,-8.096513785257974,83.60009046589957,0.8098429765174812,-19.015702348251885,87.13452902620409,0.844081459132075,-15.5918540867925
2025-09-30,16,51,73.18706165495617,1.1687489884215296,16.87489884215295,62.191189511138894,0.9931521799926366,-0.6847820007363399,47.007808222464845,0.7506836190109366,-24.931638098906337,54.40194395724295,0.8687630782057323,-13.123692179426769
2025-09-30,17,51,36.93114850948709,1.5241910239160996,52.419102391609954,25.857970263519604,1.0671882073264387,6.718820732643861,13.533628999183097,0.5585484522981056,-44.145154770189436,15.812199957175439,0.6525876994294445,-34.741230057055546
2025-09-30,18,3,0.6493865237550165,0.06256132213439466,-93.74386778656054,2.6774739043734286,0.25794546284907793,-74.2054537150922,0.0,0.0,-100.0,0.5354947808746856,0.05158909256981557,-94.84109074301844
2025-09-30,19,3,0.009652869499494881,0.0009299488920515301,-99.90700511079484,1.5978894205242549,0.15393925053220184,-84.60607494677983,0.0,0.0,-100.0,0.3195778841048509,0.03078785010644036,-96.92121498935596
2025-10-01,6,10,0.005509418901897521,0.0005252067589988104,-99.94747932410012,1.7835654389645748,0.1700253040004361,-82.9974695999564,0.029999999999999943,0.002859866539561482,-99.71401334604386,0.3807130877929148,0.036292954031736394,-96.37070459682636
2025-10-01,7,50,10.524786509562638,0.28623297551163007,-71.376702448837,17.703967607005566,0.4814785859941682,-51.852141400583186,17.211336691088036,0.46808095434016955,-53.19190456598305,12.872589901522517,0.35008403322062864,-64.99159667793714
2025-10-01,8,50,42.483157639079025,0.8135418927437575,-18.645810725624244,59.0723064681246,1.131219963005067,13.12199630050669,46.97307644375819,0.8995227201026079,-10.047727989739213,50.6724588374219,0.9703649719919933,-2.963502800800663
2025-10-01,9,50,77.50410759404468,1.3432254349054538,34.32254349054537,97.81561808750472,1.6952446808926294,69.52446808926294,79.80464171367336,1.3830960435645296,38.30960435645296,89.53033364425016,1.551652229536398,55.16522295363979
2025-10-01,10,50,107.14877524982596,2.1956716239718435,119.56716239718432,120.51560287935807,2.4695820262163535,146.9582026216354,94.51879985716394,1.9368606528107364,93.68606528107364,111.60866511833316,2.287062809801909,128.70628098019088
2025-10-01,11,50,106.66479233922252,1.3004729619510182,30.04729619510183,108.4219173109127,1.3218960901111034,32.18960901111035,89.37617557204896,1.0896875831754325,8.968758317543244,100.60663277135303,1.2266109823378815,22.66109823378815
2025-10-01,12,50,106.67741679852809,0.9256174993364695,-7.438250066353048,102.44108499019869,0.8888597396112686,-11.114026038873133,82.56269915909401,0.716379168408625,-28.3620831591375,94.96003056646639,0.8239482044812704,-17.60517955187296
2025-10-01,13,50,102.58260624472581,0.8880842026207757,-11.191579737922426,95.98049461972326,0.8309280115983314,-16.907198840166863,73.76610752425798,0.6386123065038349,-36.13876934961651,88.3903869446167,0.7652184827687359,-23.478151723126405
2025-10-01,14,50,80.28932870173173,0.8698735503979604,-13.012644960203957,73.86552557313509,0.8002765500881376,-19.97234499118624,52.91874131869221,0.57333414213101,-42.666585786899006,65.65750611267097,0.7113489286313216,-28.86510713686784
2025-10-01,15,50,75.41617784470432,1.5907230087471909,59.072300874719076,69.56599138854388,1.4673273863856544,46.732738638565436,57.046666207062195,1.2032623118975363,20.326231189753617,62.484770238480884,1.3179660459498181,31.796604594981815
2025-10-01,16,49,43.48086089442176,2.1025561360938956,110.25561360938956,34.836947466205245,1.684571927766211,68.45719277662111,26.93152348978503,1.3022980410921194,30.229804109211937,27.06419518048257,1.3087135000233352,30.871350002333514
2025-10-01,17,48,13.190717826992007,0.8008936142678814,-19.910638573211855,7.92213740748527,0.4810040927434894,-51.89959072565106,4.663673895177833,0.2831617422694495,-71.68382577305505,4.155350618538078,0.25229815534535993,-74.77018446546401
2025-10-01,18,4,0.12477141322862476,0.012008798193322883,-98.79912018066771,1.8692480073856885,0.179908374146842,-82.00916258531579,0.009999999999999967,0.0009624639076034617,-99.90375360923966,0.38184960147713753,0.036751645955451155,-96.32483540445489
2025-10-01,19,4,0.003479699384000022,0.00033490850664100305,-99.9665091493359,1.5017213255235051,0.14453525750948076,-85.54647424905193,0.009999999999999967,0.0009624639076034617,-99.90375360923966,0.30834426510470087,0.029677022627978906,-97.03229773720211
2025-10-02,6,4,0.002482331935206646,0.00023891548943278594,-99.97610845105672,1.2139567614200009,0.11683895682579411,-88.3161043174206,0.009999999999999967,0.0009624639076034617,-99.90375360923966,0.25079135228400007,0.024137762491241582,-97.58622375087583
2025-10-02,7,12,0.27559535836826793,0.025589169764927384,-97.44108302350728,2.8406733321583513,0.2637579695597355,-73.62420304402644,1.9847698522475163,0.18428689435910087,-81.5713105640899,1.6228615499662533,0.15068352367374682,-84.93164763262533
2025-10-02,8,39,3.104528714860441,0.23716796904968993,-76.283203095031,7.566449324274624,0.5780327978819423,-42.19672021180577,5.117139265904414,0.3909197300156161,-60.908026998438395,3.978735552491901,0.3039522958358978,-69.60477041641022
2025-10-02,9,41,7.198275763252998,0.499533363168147,-50.0466636831853,11.188154315336137,0.7764159830212447,-22.358401697875525,9.259341217098381,0.6425635820331979,-35.743641796680215,6.569106901572666,0.45587140191343967,-54.41285980865603
2025-10-02,10,37,6.266960266998791,0.4277788578156172,-57.22211421843829,11.051267837950295,0.7543527534437062,-24.564724655629377,9.642386887928906,0.6581834053193792,-34.18165946806207,6.846209944198476,0.46731808492822363,-53.26819150717763
2025-10-02,11,41,8.918777441602776,0.6197899542461972,-38.02100457538028,13.28851128049742,0.9234545712645882,-7.654542873541185,10.908156905508108,0.758037311015157,-24.1962688984843,8.50876878704161,0.5912973444782218,-40.87026555217781
2025-10-02,12,46,11.783338161666164,0.7224609541180972,-27.753904588190288,15.079224075345456,0.9245385699169502,-7.546143008304982,14.223476286809184,0.8720708943475896,-12.792910565241048,10.563049531752776,0.6476425218732543,-35.235747812674575
2025-10-02,13,45,14.190115165938584,0.7456707916940927,-25.43292083059073,16.30202663816783,0.8566487986425555,-14.335120135744456,13.156017760933967,0.6913304130811333,-30.866958691886676,11.10699702354292,0.5836572266706737,-41.63427733293263
2025-10-02,14,49,15.152829724714698,0.6139720309851985,-38.602796901480154,15.425442318732111,0.6250179221528408,-37.49820778471592,12.161412178863785,0.4927638646217093,-50.723613537829074,10.193064591980749,0.4130091001612945,-58.69908998387054
2025-10-02,15,49,7.079234152899024,0.3185973966201181,-68.1402603379882,6.978972131622363,0.3140851544384502,-68.59148455615498,4.870110266241297,0.21917687966882526,-78.08231203311747,3.7297766787175783,0.16785673621591263,-83.21432637840874
2025-10-02,16,47,5.690309283746995,0.30675521745266826,-69.32447825473318,5.418267056877025,0.29208986829525746,-70.79101317047426,3.037432102299271,0.16374297047435427,-83.62570295256458,2.9537803724116682,0.15923344325669372,-84.07665567433062
2025-10-02,17,25,4.492609023550488,0.4036486094834222,-59.63513905165778,4.620843904871111,0.41517016216272346,-58.48298378372765,2.565264152654569,0.23048195441640337,-76.95180455835965,2.824708690429552,0.2537923351688727,-74.62076648311275
2025-10-02,18,3,0.1650526735111153,0.015901028276600705,-98.40989717233994,1.8802955401531076,0.1811460057950971,-81.88539942049027,0.0,0.0,-100.0,0.3760591080306214,0.03622920115901941,-96.37707988409807
2025-10-02,19,3,0.008243755069950632,0.0007941960568353211,-99.92058039431647,1.4704755509508307,0.1416643112669394,-85.83356887330606,0.0,0.0,-100.0,0.29409511019016604,0.028332862253387867,-97.1667137746612
2025-10-03,6,3,0.002295796288378396,0.00022117497961256225,-99.97788250203875,1.206356199514823,0.11621928704381726,-88.37807129561827,0.0,0.0,-100.0,0.24127123990296453,0.023243857408763446,-97.67561425912365
2025-10-03,7,44,4.2095478081731,0.26130029845891367,-73.86997015410864,9.083948162409625,0.5638701528497594,-43.61298471502407,6.952003186212445,0.43153340696539066,-56.84665930346093,5.02501527495617,0.31191901148082984,-68.80809885191702
2025-10-03,8,50,14.856977390617509,0.5486328430804102,-45.13671569195898,21.075441679326524,0.778265940890935,-22.173405910906492,11.834823407090228,0.4370318835705402,-56.29681164294599,13.914639625231992,0.5138345504147707,-48.61654495852293
2025-10-03,9,51,35.79767088942327,0.7102712478060172,-28.972875219398276,42.24226812492551,0.8381402405739188,-16.185975942608128,22.11466612705118,0.43878305807641227,-56.121694192358774,32.51250520635897,0.645089389015059,-35.49106109849411
2025-10-03,10,51,60.2652911109766,1.0738647738948075,7.386477389480757,66.52243094770404,1.185360494435211,18.5360494435211,41.9119200750565,0.7468268010523255,-25.317319894767458,56.26519135495599,1.0025871588552386,0.2587158855238604
2025-10-03,11,51,68.38933796904507,0.9624168022663252,-3.7583197733674774,70.1839397074401,0.9876715410560104,-1.2328458943989569,44.6535287003934,0.628391904030304,-37.1608095969696,59.78363437259836,0.8413120514016093,-15.868794859839072
2025-10-03,12,51,83.93380905559091,1.177357400134534,17.73574001345339,79.87619146527975,1.1204403347633576,12.044033476335748,57.28062138636896,0.803487465091443,-19.6512534908557,71.29429014550153,1.0000601787838623,0.006017878386228781
2025-10-03,13,51,93.80939834665153,1.5031148589433028,50.311485894330275,87.12142608963325,1.3959529897393566,39.595298973935655,62.97267552186602,1.0090157910890245,0.9015791089024503,78.58158792135075,1.259118537435519,25.911853743551898
2025-10-03,14,51,81.01428596031352,1.2922999834154336,29.22999834154335,74.3039413570971,1.185259871703575,18.525987170357496,55.4127874438793,0.8839174899326736,-11.608251006732635,65.83443867473176,1.0501585368437034,5.015853684370342
2025-10-03,15,51,48.648093330786715,0.9661984772748105,-3.380152272518954,41.66635954870944,0.8275344498254107,-17.246555017458927,31.9309375116929,0.634179493777416,-36.58205062225841,33.547710609791714,0.6662901809293289,-33.37098190706712
2025-10-03,16,51,28.365493061547806,0.9147208339744538,-8.527916602554614,21.581404020527906,0.6959498232998359,-30.40501767001641,17.060586308822618,0.550164021567966,-44.98359784320341,15.142511441012322,0.4883105914547671,-51.16894085452329
2025-10-03,17,44,9.045655159987117,0.5535896670738749,-44.641033292612505,6.224695488145813,0.38094831628799347,-61.90516837120066,3.356573520256308,0.20542065607443744,-79.45793439255625,3.413065128452627,0.20887791483798207,-79.11220851620179
2025-10-03,18,4,0.12249078915241693,0.01178929635730673,-98.82107036426933,1.9398536550554355,0.18670391290235183,-81.32960870976483,0.010000000000000009,0.0009624639076034657,-99.90375360923966,0.395970731011087,0.038110753706553126,-96.1889246293447
2025-10-03,19,4,0.0007768061448913112,7.476478776624746e-05,-99.99252352122338,1.5261665134266893,0.1468880186166207,-85.31119813833793,0.010000000000000009,0.0009624639076034657,-99.90375360923966,0.31323330268533783,0.030147574849406913,-96.9852425150593
2025-10-04,6,6,0.004460786037106392,0.000426054062760878,-99.95739459372392,1.2347845059360245,0.11793548289742356,-88.20645171025764,0.010000000000000009,0.0009551098376313285,-99.90448901623687,0.2549569011872049,0.02435118444958977,-97.56488155504103
2025-10-04,7,47,3.0520946011103516,0.1625183493668984,-83.74816506331017,7.353712317813396,0.3915714759219061,-60.84285240780939,5.395593494531082,0.2873052978983537,-71.26947021016463,4.10753797413148,0.21871874196653251,-78.12812580334675
2025-10-04,8,51,14.426154476183026,0.36735814810753825,-63.26418518924617,20.622655683595777,0.5251503866461874,-47.48496133538126,11.680885092910957,0.29745060078713925,-70.25493992128608,13.54379652042757,0.3448891398122631,-65.5110860187737
2025-10-04,9,51,33.22940087771802,0.6401348656851863,-35.98651343148138,38.150794592619945,0.7349411402931987,-26.505885970680133,23.52125206029305,0.4531160096377008,-54.68839903622992,30.26715930219291,0.5830699152801562,-41.693008471984385
2025-10-04,10,50,45.94092632001968,0.6962856368599526,-30.371436314004736,50.05863708570232,0.758694105572936,-24.130589442706395,30.824770631026954,0.4671835500307207,-53.28164499692794,41.2890985019017,0.6257820324628932,-37.42179675371068
2025-10-04,11,50,39.44684941583594,0.6893891893714776,-31.061081062852242,42.91421663492213,0.7499863095931866,-25.001369040681347,29.77519344499664,0.52036339470459,-47.963660529540995,34.343248624299456,0.6001965855347686,-39.98034144652314
2025-10-04,12,50,38.80481243005954,0.9804146647311658,-1.9585335268834172,39.909977227809286,1.00833696886835,0.8336968868349859,27.474190479930446,0.6941432662943519,-30.585673370564813,31.5232019509423,0.7964426970930344,-20.35573029069656
2025-10-04,13,50,30.857496329196284,1.0407250026710382,4.072500267103829,31.639634534661138,1.0671040315231413,6.710403152314129,17.525511202832934,0.5910796358459675,-40.892036415403254,21.01548304864587,0.7087852630234694,-29.121473697653048
2025-10-04,14,48,18.767711855034225,0.5610676189845807,-43.89323810154193,18.477238943246505,0.5523838249102093,-44.761617508979064,11.435978234766779,0.34188275739213086,-65.8117242607869,11.639196219230236,0.34795803345979776,-65.20419665402024
2025-10-04,15,49,18.036725674609986,0.8350335960467585,-16.496640395324143,16.422044033232435,0.7602798163533534,-23.972018364664656,9.28421188590187,0.4298246243473088,-57.01753756526913,9.725358501069985,0.45024807875324,-54.975192124676
2025-10-04,16,46,9.149498266279604,0.5686450134418648,-43.13549865581353,7.976052760821792,0.4957149012319324,-50.42850987680676,3.3066462694289473,0.20550940145611854,-79.44905985438815,3.908544052234778,0.24291759181073821,-75.70824081892617
2025-10-04,17,32,2.5984390870994574,0.21890809495361904,-78.1091905046381,2.8951872558116465,0.2439079406749492,-75.60920593250509,0.9867659667657066,0.08313108397352206,-91.6868916026478,1.5141660987479548,0.12756243460387154,-87.24375653961285
2025-10-04,18,5,0.08276187581965899,0.007800365298742601,-99.21996347012575,1.7644147134171158,0.16629733396956795,-83.3702666030432,0.17000000000000026,0.016022620169651298,-98.39773798303487,0.4888829426834232,0.04607756292963461,-95.39224370703654
2025-10-04,19,5,0.0028862244718762774,0.00027202869668956433,-99.97279713033105,1.446317976462873,0.1363164916553132,-86.36835083446867,0.17000000000000026,0.016022620169651298,-98.39773798303487,0.42526359529257474,0.040081394466783674,-95.99186055332163
2025-10-05,6,6,0.007029220581662516,0.000661885177181028,-99.9338114822819,1.6506171021271576,0.1554253391833482,-84.45746608166519,0.17000000000000026,0.016007532956685524,-98.39924670433146,0.46612342042543164,0.04389109420201805,-95.61089057979821
2025-10-05,7,44,3.4182022911453505,0.16946962276377542,-83.05303772362247,7.927883031776402,0.3930531993939713,-60.69468006060287,6.5588423035550045,0.32517810131655944,-67.48218986834405,4.237145547513379,0.2100716681960029,-78.99283318039971
2025-10-05,8,49,15.431518028060214,0.5180100042987652,-48.198999570123476,22.793476323196305,0.7651385137024608,-23.486148629753924,14.823742874756633,0.49760801862224346,-50.23919813777565,15.5507817075172,0.5220134846430748,-47.798651535692514
2025-10-05,9,49,32.612075250433314,0.8308808981002118,-16.91191018997882,39.58353934901346,1.0084978178092603,0.8497817809260215,27.069988822161577,0.689681243876728,-31.03187561232719,31.715358690190854,0.808034616310595,-19.196538368940498
2025-10-05,10,49,47.50880843175834,0.9526530666083486,-4.734693339165146,54.006555111641894,1.0829467638187666,8.294676381876673,36.91942266472018,0.7403132677906593,-25.968673220934065,45.73525997875039,0.9170896326198195,-8.291036738018057
2025-10-05,11,49,48.272509343963684,0.7670826210704543,-23.29173789295457,53.261672010324126,0.8463637694314974,-15.363623056850258,41.65719772339421,0.6619608727696523,-33.80391272303477,45.90777073646382,0.7295053350780839,-27.049466492191605
2025-10-05,12,50,32.462754613773065,0.445427478235086,-55.4572521764914,35.282336060142576,0.48411547832248325,-51.588452167751676,36.176289322531126,0.4963815768733689,-50.36184231266311,29.303677456885133,0.4020811945236709,-59.791880547632914
2025-10-05,13,50,50.60386550359586,0.8236306234309223,-17.636937656907772,50.48996767280348,0.8217768175912025,-17.82231824087975,39.86717362020356,0.6488797789746673,-35.11202210253327,42.18012021605819,0.6865253941415722,-31.347460585842786
2025-10-05,14,50,64.37364927116448,1.0374480140397175,3.74480140397176,60.27973698943588,0.9714703785565815,-2.8529621443418565,37.75751139334729,0.6085013923182481,-39.1498607681752,49.81826842503532,0.8028729802584257,-19.712701974157426
2025-10-05,15,50,47.61329686606608,0.8846766418815697,-11.532335811843033,45.15488309870663,0.8389981995300376,-16.100180046996236,29.345973339323287,0.5452614890249589,-45.47385109750412,36.066954857336874,0.6701403726744124,-32.98596273255876
2025-10-05,16,50,33.035399176579666,0.9297888876042687,-7.021111239573134,26.46120559563479,0.7447567012562564,-25.524329874374356,15.088447112499308,0.42466780502390394,-57.5332194976096,17.76003889651825,0.4998603686045102,-50.01396313954898
2025-10-05,17,48,14.567635451069822,0.8640353173825518,-13.596468261744823,10.373576879434864,0.6152773949842743,-38.47226050157257,5.179809123009127,0.30722474039200043,-69.27752596079996,5.498427972383995,0.3261226555387898,-67.38773444612103
2025-10-05,18,6,0.38086073977750434,0.03500558270013827,-96.49944172998617,2.3834219479346013,0.21906451727340084,-78.0935482726599,0.4400000000000003,0.04044117647058826,-95.95588235294117,0.8286843895869205,0.07616584463115077,-92.38341553688493
2025-10-05,19,6,0.0013903213406636513,0.00012778688792864441,-99.98722131120714,1.8633423362173105,0.17126308237291454,-82.87369176270853,0.4400000000000003,0.04044117647058826,-95.95588235294117,0.7246684672434622,0.06660555765105351,-93.33944423489464
2025-10-06,6,6,0.0033947290641763205,0.0003120155389867941,-99.96879844610133,1.7044666804099189,0.15666054047885283,-84.33394595211472,0.4400000000000003,0.04044117647058826,-95.95588235294117,0.6928933360819839,0.06368504927224117,-93.63149507277589
2025-10-06,7,47,6.229222716242999,0.33762724749284545,-66.23727525071546,12.448513969821564,0.6747162043263719,-32.528379567362805,10.82011810444803,0.5864562658237413,-41.354373417625865,7.75475314251495,0.42031182344254464,-57.96881765574553
2025-10-06,8,50,25.705107098954453,0.9464325146890445,-5.356748531095546,30.639133555450353,1.128097700863415,12.809770086341493,19.06879884082249,0.7020912680715202,-29.79087319284798,22.42923651834892,0.8258187230614475,-17.418127693855244
2025-10-06,9,50,40.97474002367688,0.8692138316435486,-13.078616835645143,45.31088372664382,0.9611982122750068,-3.880178772499316,26.776007638524277,0.5680103444744224,-43.19896555255775,36.76866440907926,0.7799886382918807,-22.00113617081193
2025-10-06,10,50,51.97943645060976,0.7920072596466519,-20.79927403533481,56.8211647428564,0.8657803556735701,-13.421964432642989,36.426735908703044,0.5550317828539242,-44.49682171460758,46.92367083398032,0.7149728909641981,-28.50271090358019
2025-10-06,11,50,57.235390630751034,0.6165613554966178,-38.343864450338216,61.77083302117289,0.6654188626647947,-33.45811373352053,42.190748915514384,0.4544947637133942,-54.55052362866057,51.5003681146535,0.5547815158316654,-44.52184841683346
2025-10-06,12,50,102.01530756079923,1.074071463053266,7.407146305326605,94.47524533984718,0.9946856742456007,-0.5314325754399252,68.47045949535648,0.7208934459397396,-27.91065540602604,85.93274988055478,0.9047457346868263,-9.525426531317366
2025-10-06,13,51,112.7735950642694,1.193245107017981,19.32451070179811,106.01441027869312,1.121726910154408,12.172691015440815,73.44304768497453,0.7770928757271667,-22.290712427283328,96.9075319332803,1.0253680238417129,2.536802384171295
2025-10-06,14,51,91.37817360190147,1.0750373364929584,7.503733649295842,83.0552238789489,0.9771202809288105,-2.2879719071189486,57.43785800674843,0.6757395059617463,-32.42604940382538,74.65223963736956,0.8782616427925831,-12.173835720741693
2025-10-06,15,51,66.2901475151308,1.015629653977797,1.5629653977796871,60.462884680852795,0.9263503091903293,-7.364969080967061,40.04220229348279,0.61348555681757,-38.65144431824301,51.84823095712257,0.7943654199038237,-20.563458009617634
2025-10-06,16,51,32.85952107327712,0.8252014332816957,-17.479856671830433,24.68479016034371,0.6199093460658892,-38.00906539341108,19.121615461373555,0.4802012923499135,-51.97987076500865,17.625117773831967,0.44261973314495145,-55.73802668550486
2025-10-06,17,43,9.705888110707813,0.5893071105469225,-41.069288945307754,6.15442727889823,0.37367500175459806,-62.6324998245402,3.203777078233458,0.19452198410646376,-80.54780158935363,3.4857382960026557,0.21164166945978483,-78.83583305402152
2025-10-06,18,8,0.22658167066245435,0.01894495574100789,-98.1055044258992,1.887684515400643,0.15783315346159224,-84.21668465384077,0.4600000000000003,0.03846153846153849,-96.15384615384615,0.7455369030801288,0.062335861461549236,-93.76641385384508
2025-10-06,19,8,0.0,0.0,-100.0,1.5891767741949478,0.13287431222365786,-86.71256877763422,0.4600000000000003,0.03846153846153849,-96.15384615384615,0.6858353548389897,0.057344093213962354,-94.26559067860377
2025-10-07,6,8,0.0005538227088485621,4.630624655924433e-05,-99.99536937534408,1.318982378310841,0.11028280755107367,-88.97171924489264,0.4600000000000003,0.03846153846153849,-96.15384615384615,0.6317964756621685,0.052825792279445526,-94.71742077205545
2025-10-07,7,48,6.113091529693724,0.312051635002232,-68.7948364997768,11.919519704890732,0.6084491937157086,-39.15508062842914,9.38361820586131,0.47900041888010775,-52.09995811198923,7.252281564305739,0.3702032447322991,-62.97967552677009
2025-10-07,8,51,26.708318200024596,0.7230189009210772,-27.698109907892277,33.44167636483107,0.9052971403581771,-9.470285964182287,22.312272484537054,0.6040138734308893,-39.59861265691107,25.074753947218834,0.6787968042019175,-32.12031957980825
2025-10-07,9,51,52.88070170513324,1.01129664764072,1.1296647640719863,67.29629710472605,1.2869821592030226,28.69821592030226,46.967015784817065,0.898202635012757,-10.179736498724298,57.86653649465193,1.1066463280675451,10.66463280675451
2025-10-07,10,51,69.83940581525464,1.0754451157261262,7.544511572612625,75.65604152080986,1.1650144983185997,16.501449831859976,50.85217821882187,0.7830640317034474,-21.693596829655267,66.48091003985037,1.0237282112696393,2.3728211269639266
2025-10-07,11,51,98.65362386226558,1.1989988315783369,19.899883157833685,100.10816890561337,1.2166768218961272,21.667682189612727,67.52245868548796,0.820642424471171,-17.9357575528829,90.56329081797622,1.1006719836895504,10.06719836895504
2025-10-07,12,51,108.96597771965247,1.0320702568635391,3.2070256863539246,101.94779462106725,0.9655976001237663,-3.440239987623369,65.00525218904416,0.6156966488827823,-38.43033511172177,93.1688604583251,0.8824480058564605,-11.75519941435395
2025-10-07,13,51,97.56470300738096,0.8948427314260383,-10.51572685739617,91.06848544558613,0.8352608038666984,-16.473919613330153,67.1463384621529,0.6158519532436293,-38.41480467563708,82.51159724040907,0.7567788428910307,-24.322115710896934
2025-10-07,14,51,75.56993407964468,0.8748545274327933,-12.51454725672067,69.28959216735751,0.802148554843222,-19.785144515677803,47.51689497596678,0.5500913981936418,-44.99086018063581,60.6861356236852,0.7025484559352304,-29.745154406476953
2025-10-07,15,50,57.06154518064639,1.0056669929616917,0.5666992961691732,51.99526216774606,0.9163775496606638,-8.362245033933625,36.33080307298936,0.6403031912758083,-35.969680872419175,43.65045432473448,0.7693065619445626,-23.069343805543742
2025-10-07,16,50,39.8305902045297,1.0517715924090227,5.177159240902282,31.35979228516947,0.8280906333554123,-17.190936664458768,19.09843186253293,0.5043156023906239,-49.56843976093761,22.659299354067983,0.5983443188293631,-40.16556811706369
2025-10-07,17,47,14.246611631973403,0.8692258469782428,-13.077415302175721,9.512387264575377,0.580377502414605,-41.96224975853951,3.625296278800444,0.22118952280661644,-77.88104771933835,4.6689622249544005,0.28486651769093346,-71.51334823090666
2025-10-07,18,6,0.1430373401656484,0.013122691758316367,-98.68773082416837,1.8202682281447722,0.16699708515089653,-83.30029148491033,0.4500000000000003,0.041284403669724794,-95.87155963302752,0.7240536456289547,0.06642693996595915,-93.35730600340409
2025-10-07,19,5,0.004118549479310115,0.00037889139644067295,-99.96211086035593,1.5021568803155037,0.13819290527281541,-86.18070947271846,0.4400000000000003,0.040478380864765434,-95.95216191352345,0.652431376063101,0.06002128574637543,-93.99787142536246
2025-10-08,6,6,0.000869141977765521,7.981101724201295e-05,-99.99201889827579,1.6362264146435848,0.15025035947140356,-84.97496405285965,0.4400000000000003,0.04040404040404043,-95.95959595959597,0.679245282928717,0.06237330421751303,-93.7626695782487
2025-10-08,7,47,5.08051349757269,0.2799180990398177,-72.00819009601823,10.338524916764456,0.5696156978933585,-43.03843021066415,9.090584917810729,0.5008586731576159,-49.9141326842384,5.756582194870286,0.3171670630782527,-68.28329369217472
2025-10-08,8,50,24.206916049753676,0.5921456959333091,-40.78543040666908,30.22993104442187,0.7394797222216701,-26.052027777832986,19.4516770279095,0.4758238020525808,-52.417619794741924,22.35836736582847,0.5469267946631231,-45.30732053368769
2025-10-08,9,51,49.11844587171727,0.9397062535243405,-6.029374647565958,63.35638892944301,1.212098506398374,21.209850639837406,44.09967165094607,0.8436899110569366,-15.631008894306342,53.85430535743468,1.0303100317091005,3.031003170910057
2025-10-08,10,51,71.51892414529675,0.9944233056910005,-0.5576694308999595,78.67807456819126,1.0939665540627261,9.396655406272611,58.16828668122027,0.8087915278256433,-19.120847217435664,68.98587779480178,0.9592029726752194,-4.0797027324780615
2025-10-08,11,52,62.57449018692925,0.9179182952461383,-8.208170475386165,67.99913792504594,0.9974935884560062,-0.2506411543993818,55.654084011021816,0.8164014084057769,-18.359859159422307,58.69675338046911,0.8610349623070135,-13.89650376929865
2025-10-08,12,52,73.61119430109066,1.3425350045794393,34.25350045794392,73.47820071539209,1.340109442192086,34.01094421920862,61.81602806069381,1.1274125125058143,12.74125125058144,64.27507357422103,1.1722610536972646,17.22610536972646
2025-10-08,13,52,56.86096140597499,1.3410604105182782,34.10604105182781,56.819335929894926,1.3400786775918616,34.00786775918615,46.810123200869,1.104012339643137,10.401233964313684,48.42106150975555,1.142006167682914,14.200616768291402
2025-10-08,14,52,43.99617803423187,0.8870197184320942,-11.29802815679058,41.986384061560344,0.8464996786604909,-15.350032133950911,35.61079637860089,0.717959604407276,-28.204039559272392,33.861688037104635,0.6826953233287225,-31.730467667127744
2025-10-08,15,52,53.04800014074127,1.6237526826060995,62.37526826060995,50.87788007393077,1.5573272137719856,55.732721377198544,33.69720533043818,1.0314418527835378,3.1441852783537754,41.862806079685555,1.2813837183864571,28.13837183864571
2025-10-08,16,51,37.18836063551155,1.5953822666457123,59.538226664571226,31.519952118857343,1.3522072981062783,35.22072981062782,23.018011919385664,0.9874736988153439,-1.2526301184656143,23.517356128816626,1.0088955868218201,0.8895586821820141
2025-10-08,17,40,14.630659938767316,1.1142924553516615,11.429245535166162,10.460138877543569,0.7966594727755956,-20.334052722440443,4.584437528743362,0.34915746601244196,-65.0842533987558,5.111150007983135,0.38927265864304156,-61.07273413569585
2025-10-08,18,7,0.229932750540989,0.021114118506977867,-97.88858814930221,1.9935282981574078,0.18306044978488592,-81.69395502151141,0.46000000000000024,0.04224058769513317,-95.77594123048667,0.7667056596314817,0.07040456011308371,-92.95954398869164
2025-10-08,19,7,0.000810343198306324,7.441168028524554e-05,-99.99255883197146,1.6169244681755752,0.14847791259647156,-85.15220874035285,0.46000000000000024,0.04224058769513317,-95.77594123048667,0.6913848936351151,0.06348805267540084,-93.65119473245991
2025-10-09,6,7,0.0004966793028885216,4.5608751413087386e-05,-99.99543912485869,1.4546850609693929,0.1335798954058212,-86.64201045941789,0.46000000000000024,0.04224058769513317,-95.77594123048667,0.6589370121938788,0.06050844923727078,-93.94915507627292
2025-10-09,7,52,6.989866119313806,0.25298103942503825,-74.70189605749617,14.07074716117866,0.5092561404697308,-49.07438595302692,14.384620075228856,0.5206159998273202,-47.93840001726797,9.519328512761533,0.3445287192458029,-65.54712807541972
2025-10-09,8,52,36.48516185438447,0.6674928989093392,-33.250710109066084,51.720765896708265,0.9462269648135433,-5.377303518645673,40.48781087995905,0.7407210186600632,-25.927898133993676,43.46550373392475,0.7951976533831825,-20.48023466168175
2025-10-09,9,52,69.54857167874007,0.8341157553219005,-16.588424467809944,89.88267541914742,1.0779884315081243,7.798843150812434,73.95818413622783,0.8870014888010053,-11.299851119899474,81.33545311659947,0.9754791690645174,-2.452083093548264
2025-10-09,10,52,101.82167482663628,0.79405501697447,-20.594498302552996,117.60331718711824,0.9171279512369823,-8.287204876301765,96.30093040646244,0.7510015628672109,-24.899843713278912,108.32406370968043,0.8447638127558328,-15.523618724416721
2025-10-09,11,52,124.17458752052634,0.8500450952938551,-14.995490470614486,128.91863044941144,0.8825207451356205,-11.747925486437943,113.85380559535061,0.7793935213263323,-22.06064786736677,120.51897811621322,0.825020386885359,-17.49796131146411
2025-10-09,12,52,134.90032288919903,0.9116734668459756,-8.832653315402442,134.41942174927976,0.9084234760375735,-9.157652396242657,116.36786910672598,0.7864287970989117,-21.357120290108835,125.7793197368427,0.8500325723919894,-14.99674276080106
2025-10-09,13,52,132.9334401322775,0.9443978412352764,-5.560215876472361,128.7879455337792,0.9149470413027793,-8.505295869722069,112.48344704372515,0.7991151395547397,-20.088486044526032,120.38410021433262,0.8552436787036987,-14.475632129630132
2025-10-09,14,52,118.94445102990827,0.9720860659521761,-2.791393404782392,108.57331719231726,0.8873268812709812,-11.267311872901878,89.37560062155057,0.7304315186462126,-26.956848135378735,99.5971255299703,0.8139680085809929,-18.603199141900703
2025-10-09,15,52,90.869164860234,0.9881379388890169,-1.1862061110983035,83.03728902234933,0.9029718249494273,-9.702817505057272,64.90158685902975,0.7057588827645689,-29.424111723543113,74.63186620563984,0.8115687930147873,-18.84312069852127
2025-10-09,16,52,59.15987452831287,1.131163948916116,13.116394891611597,48.655055032915236,0.9303069795968496,-6.969302040315044,32.29902848635472,0.6175722463930157,-38.24277536069843,40.05621877915259,0.7658932844962253,-23.41067155037747
2025-10-09,17,51,26.082686561261557,1.4260626878765208,42.60626878765207,17.394422960691,0.9510346069267908,-4.896539307320922,6.728011070357176,0.36785189012341046,-63.21481098765895,8.416123935316554,0.4601489303070834,-53.985106969291664
2025-10-09,18,5,0.2999113602074699,0.02759074150942685,-97.2409258490573,2.3106014882557964,0.2125668342461634,-78.74331657538366,0.4400000000000003,0.040478380864765434,-95.95216191352345,0.8141202976511593,0.07489607154104501,-92.5103928458955
2025-10-09,19,5,5.947095582214415e-05,5.47110909127361e-06,-99.99945288909086,1.5899449360605886,0.14626908335423996,-85.37309166457601,0.4400000000000003,0.040478380864765434,-95.95216191352345,0.6699889872121179,0.06163652136266033,-93.83634786373396
2025-10-10,6,6,0.0008485997390758489,7.799629954741258e-05,-99.99220037004525,1.5998987909566025,0.1470495212276289,-85.29504787723711,0.4400000000000003,0.04044117647058826,-95.95588235294117,0.6719797581913206,0.06176284542199637,-93.82371545780038
2025-10-10,7,51,6.660347585613728,0.25104966398845563,-74.89503360115444,13.019561149824327,0.4907486298463749,-50.92513701536251,12.528568609264477,0.4722415608467575,-52.77584391532425,8.389717080782546,0.3162350953932358,-68.37649046067642
2025-10-10,8,52,34.60147831295943,0.5949360095075554,-40.50639904924446,47.37545258939607,0.814571055526067,-18.542894447393294,31.86848589447474,0.5479450807165532,-45.20549192834468,38.21766258403163,0.6571124928478614,-34.28875071521386
2025-10-10,9,52,62.285251489751566,0.8134419679998898,-18.65580320001102,78.50760986621142,1.025305078571391,2.530507857139111,59.26394314796097,0.7739838467802137,-22.601615321978624,69.6620251767378,0.9097822277228391,-9.021777227716086
2025-10-10,10,52,88.3282419098183,0.9937921006955254,-0.620789930447465,100.5623031836429,1.1314390547214546,13.143905472145462,81.78176712728167,0.9201368938713058,-7.98631061286942,91.75746728255768,1.032374744403214,3.2374744403214155
2025-10-10,11,52,97.73588898654904,1.063386889201926,6.338688920192613,100.95019223993668,1.0983591800667682,9.835918006676826,91.79320881682891,0.9987292875294189,-0.12707124705810288,92.62609857588848,1.0077913020986669,0.7791302098666807
2025-10-10,12,52,70.24954364515801,0.7649955749227705,-23.50044250772295,70.77907896119584,0.7707620490166159,-22.923795098338413,64.97792881159796,0.7075893369443316,-29.24106630556685,63.202273645578664,0.6882530071390468,-31.17469928609532
2025-10-10,13,51,76.62273399802406,0.9259544894021032,-7.4045510597896715,73.9826676467335,0.8940503643109787,-10.594963568902125,64.07208523732177,0.7742850179736769,-22.571498202632313,65.46889842745476,0.7911649356792114,-20.883506432078853
2025-10-10,14,52,76.061587734754,0.9474537585295717,-5.254624147042835,70.60442797360375,0.8794771795416512,-12.052282045834877,55.535678761803894,0.6917747728176868,-30.82252271823131,61.47650193435081,0.7657760579764675,-23.422394202353242
2025-10-10,15,52,71.42740715492413,1.149459400626394,14.945940062639416,66.52124712181156,1.070506068905883,7.050606890588289,48.03653357842329,0.773037231709419,-22.696276829058103,57.5931786557071,0.9268293958111861,-7.317060418881388
2025-10-10,16,51,46.74946412290473,1.239052852449105,23.90528524491049,37.664101580742056,0.9982534211699458,-0.17465788300542842,25.173736233067743,0.6672074273275309,-33.27925726724691,29.88523289137228,0.7920814442452233,-20.791855575477665
2025-10-10,17,48,19.85428550378743,1.2121053421115648,21.21053421115648,13.09091163955104,0.7992009547955459,-20.079904520445417,6.802466633113151,0.41529100324256113,-58.47089967574388,6.62325896527731,0.404350364180544,-59.5649635819456
2025-10-10,18,5,0.2488330413673568,0.02289172413683135,-97.71082758631687,1.860422254357863,0.17115200132087055,-82.88479986791295,0.4400000000000003,0.040478380864765434,-95.95216191352345,0.7240844508715728,0.06661310495598645,-93.33868950440136
2025-10-10,19,5,0.0020420988132950437,0.000187865576200096,-99.98121344238,1.497789557741784,0.13779112766713741,-86.22088723328626,0.4400000000000003,0.040478380864765434,-95.95216191352345,0.651557911548357,0.05994093022523982,-94.00590697747602
2025-10-11,6,5,0.0003854346701435286,3.5458571310352215e-05,-99.99645414286897,1.2358372997373277,0.11369248387647908,-88.63075161235209,0.4400000000000003,0.040478380864765434,-95.95216191352345,0.5991674599474657,0.05512120146710815,-94.48787985328919
2025-10-11,7,36,3.639360872467588,0.2876965116575169,-71.23034883424832,7.736878407188893,0.6116109412797546,-38.83890587202454,5.402968551648262,0.42711213847021845,-57.288786152978155,3.994563774935263,0.3157757924850011,-68.42242075149989
2025-10-11,8,50,17.458272663636198,0.8235034275300094,-17.649657246999066,24.176880731351243,1.1404189024222284,14.041890242222848,14.9761457536519,0.7064219695118822,-29.357803048811785,16.397373005056977,0.7734609908045744,-22.653900919542558
2025-10-11,9,52,34.342786889819465,1.0606172603403172,6.061726034031715,40.30931976561352,1.2448832540337718,24.48832540337717,28.37185912159757,0.8762155380357497,-12.378446196425035,32.85262690671277,1.0145962602443723,1.459626024437233
2025-10-11,10,52,44.296510393457254,0.9669615890298462,-3.3038410970153858,48.68220148231095,1.0626981332091454,6.269813320914536,34.08972949621573,0.7441547587036833,-25.584524129631674,39.75613804963691,0.8678484621182473,-13.215153788175272
2025-10-11,11,52,69.81437754327105,1.2114242155695134,21.142421556951337,71.39602443119647,1.2388690687349726,23.88690687349726,50.696467738546225,0.8796888380799276,-12.031116192007236,61.33234612789868,1.0642433824032393,6.424338240323939
2025-10-11,12,52,52.41276595700708,0.9116849183685353,-8.831508163146474,52.231240754871315,0.908527409199362,-9.14725908006379,38.760986994213866,0.6742213775302466,-32.57786224697535,43.135368446065726,0.750310809637602,-24.968919036239807
2025-10-11,13,52,49.6865156231693,1.1135480865793213,11.354808657932116,47.60769299717201,1.066958605942896,6.6958605942896,28.782079806725907,0.6450488526832343,-35.49511473167657,37.52539442057648,0.8409994267273978,-15.90005732726022
2025-10-11,14,52,49.35605342342652,1.5491542191910397,54.91542191910397,45.099204271305595,1.41554313469258,41.55431346925799,25.43610264757131,0.7983710812169276,-20.16289187830725,34.04202382660262,1.0684878790521852,6.84878790521853
2025-10-11,15,49,28.513811937039865,1.3324211185532648,33.24211185532648,24.188738927689332,1.130314903163053,13.0314903163053,14.970888631080848,0.6995742350972359,-30.042576490276407,15.386808894395699,0.7190097614203598,-28.099023857964017
2025-10-11,16,45,13.702134797109654,0.9391456337977832,-6.085436620221688,11.29574352846695,0.7742113453370083,-22.578865466299167,4.788052723367242,0.3281735931026212,-67.18264068973788,5.346655056147551,0.366460250592704,-63.35397494072959
2025-10-11,17,21,2.801511151523172,0.24968905093789412,-75.03109490621058,3.050270140618716,0.2718600838341102,-72.81399161658898,1.3665805687403945,0.12179862466491931,-87.82013753350807,1.8622586541171082,0.16597670714056226,-83.40232928594378
2025-10-11,18,7,0.08885622409306979,0.008159432882742863,-99.18405671172572,1.6837420938463887,0.15461359906762062,-84.53864009323794,0.46000000000000024,0.04224058769513317,-95.77594123048667,0.704748418769278,0.06471518996963066,-93.52848100303693
2025-10-11,19,7,0.0024548377911368774,0.00022542128476922657,-99.97745787152309,1.4439052227006377,0.13259001126727618,-86.74099887327237,0.46000000000000024,0.04224058769513317,-95.77594123048667,0.6567810445401276,0.06031047240956176,-93.96895275904382
2025-10-12,6,7,0.00046938410091131857,4.31023049505343e-05,-99.99568976950495,1.2546316261091937,0.1152095157125063,-88.47904842874937,0.46000000000000024,0.04224058769513317,-95.77594123048667,0.618926325221839,0.0568343732986078,-94.31656267013922
2025-10-12,7,32,0.6990228555850331,0.05830048837239643,-94.16995116276036,4.054358566270505,0.33814500135700626,-66.18549986429937,2.653632735559936,0.22132049504253015,-77.86795049574698,2.462564839580935,0.20538489070733404,-79.4615109292666
2025-10-12,8,45,5.750744200177273,0.37053764176399956,-62.94623582360004,10.805899993264413,0.6962564428649751,-30.374355713502492,6.971239801009273,0.44917782222997893,-55.08221777700211,5.763555980266619,0.3713631430584162,-62.86368569415838
2025-10-12,9,50,14.33067579214246,0.748729142745165,-25.127085725483493,18.864699101271555,0.9856164629713455,-1.438353702865444,12.726474920079468,0.6649150950929712,-33.50849049070288,12.283614678681374,0.6417771514462578,-35.82228485537422
2025-10-12,10,51,18.618788435447062,0.7385477364318549,-26.14522635681451,22.92863740331749,0.909505648683756,-9.049435131624392,19.087285477608123,0.7571315143835035,-24.286848561649652,16.810359318591303,0.6668131423479294,-33.31868576520705
2025-10-12,11,52,20.03941025147012,0.7273833122130715,-27.261668778692854,23.647221279768967,0.8583383404634833,-14.166165953651664,20.09817405534183,0.7295162996494312,-27.048370035056884,17.44399395685692,0.6331758242053329,-36.68241757946671
2025-10-12,12,52,28.83342788344103,1.1496582090686216,14.965820906862149,29.14349865382562,1.162021477425264,16.20214774252639,20.251738983902637,0.8074856054187654,-19.25143945812346,20.560684005830925,0.8198039874733223,-18.01960125266777
2025-10-12,13,52,29.601455616394887,1.1372053636724888,13.720536367248886,29.34564034927307,1.1273776546013472,12.737765460134721,15.962300428373636,0.6132270621734013,-38.67729378265987,19.342320836696427,0.7430780190816914,-25.692198091830864
2025-10-12,14,51,24.095652714180957,1.156776414507007,15.677641450700698,22.97560987469099,1.1030057549059522,10.30057549059523,12.842533673804404,0.6165402627846569,-38.34597372153431,14.14679218748583,0.6791546897496797,-32.08453102503203
2025-10-12,15,51,13.682906316116831,0.7216722740567949,-27.832772594320517,12.23036199761951,0.645061286794278,-35.493871320572204,6.459796731191159,0.34070657864932274,-65.92934213506774,6.62726565534388,0.3495393278134958,-65.04606721865042
2025-10-12,16,47,8.122635037195597,0.562899170976826,-43.7100829023174,6.854267248883036,0.4750011953487899,-52.49988046512101,2.430876733273436,0.16845992607577523,-83.15400739242249,3.2379664392385625,0.22439129863053106,-77.56087013694689
2025-10-12,17,10,0.8178544245460537,0.07468990178502774,-92.53100982149722,2.2519687020894494,0.20565924219994974,-79.43407578000503,0.7790424757318932,0.07114543157368888,-92.88545684263111,1.4824818026582447,0.13538646599618673,-86.46135340038131
2025-10-12,18,6,0.0458268591325512,0.004212027493800662,-99.57879725061993,1.552563333733729,0.1426988358211148,-85.73011641788851,0.45000000000000023,0.041360294117647085,-95.86397058823528,0.670512666746746,0.06162800245834063,-93.83719975416595
2025-10-12,19,6,0.015931917458622543,0.0014643306487704545,-99.85356693512296,1.479306574556083,0.13596567780846353,-86.40343221915364,0.45000000000000023,0.041360294117647085,-95.86397058823528,0.6558613149112167,0.06028137085581036,-93.97186291441896
2025-10-13,6,6,0.000434008735274087,3.989050875680947e-05,-99.99601094912431,1.17519890237892,0.10801460499806251,-89.19853950019375,0.45000000000000023,0.041360294117647085,-95.86397058823528,0.5950397804757841,0.05469115629373016,-94.53088437062699
2025-10-13,7,24,0.4387904860140809,0.03740754356471278,-96.25924564352871,3.4431736510062194,0.2935356906228661,-70.64643093771339,2.3233522392036816,0.1980692446038944,-80.19307553961055,2.059501538419412,0.17557557872288254,-82.44244212771176
2025-10-13,8,45,4.095948066894097,0.2677090239800064,-73.22909760199936,8.495851956763312,0.5552844416185172,-44.47155583814828,6.239628766444883,0.4078188736238486,-59.21811263761515,4.6276808215441765,0.30246279879373705,-69.7537201206263
2025-10-13,9,51,12.324594622715825,0.5925285876305685,-40.74714123694315,16.98731544951578,0.8166978581497971,-18.330214185020292,12.26831758954214,0.5898229610356798,-41.017703896432025,10.912191024278389,0.5246245684749226,-47.537543152507745
2025-10-13,10,52,17.118564056679464,0.6162190085197791,-38.378099148022095,21.684816105110894,0.7805909325093914,-21.940906749060858,21.045004184772473,0.757559545888138,-24.244045411186203,16.65298953914965,0.5994596666360565,-40.05403333639435
2025-10-13,11,52,21.95572286881586,0.6714288339087419,-32.85711660912581,25.0513700304934,0.7660969428285442,-23.390305717145576,25.63170605075087,0.7838442217355006,-21.615577826449943,20.153911184934394,0.6163275591723055,-38.36724408276944
2025-10-13,12,52,39.599747645030796,1.4052429966299076,40.52429966299076,39.77016677860353,1.4112905173386634,41.129051733866326,22.832291764665673,0.8102303678021885,-18.976963219781144,29.280195864702527,1.0390417269234395,3.9041726923439586
2025-10-13,13,51,21.231568392793534,0.9739251556327311,-2.607484436726896,22.949427540064644,1.0527260339479196,5.2726033947919575,18.458917951059572,0.8467393555531915,-15.326064444680851,16.30615405631972,0.7479887181798037,-25.201128182019623
2025-10-13,14,48,15.807144441460451,0.8417009819733999,-15.82990180266001,16.085720280860816,0.8565346262439198,-14.346537375608015,10.859344605520025,0.5782398618487766,-42.17601381512234,10.16603702124686,0.541322525093017,-45.8677474906983
2025-10-13,15,50,8.58039107850042,0.4068464238264779,-59.315357617352205,8.044439926365328,0.38143385141608954,-61.85661485839105,5.168684099071468,0.24507748217503406,-75.4922517824966,4.208484686408414,0.1995488234427887,-80.04511765572111
2025-10-13,16,47,6.721766659195276,0.41672452939834315,-58.3275470601657,5.716721225722114,0.35441545106770694,-64.5584548932293,3.4805426003196986,0.21578069437815858,-78.42193056218414,2.8330548325275253,0.17563886128502945,-82.43611387149706
2025-10-13,17,25,1.3606675562871853,0.11750151608697627,-88.24984839130238,2.151032243608499,0.18575407975893773,-81.42459202410622,1.2134003205377402,0.10478413821569431,-89.52158617843057,1.4368890947146467,0.12408368693563443,-87.59163130643657
2025-10-13,18,6,0.033354910311258625,0.0030212781079038613,-99.69787218920962,1.5035300357482704,0.13618931483227087,-86.38106851677291,0.45000000000000023,0.04076086956521741,-95.92391304347825,0.6607060071496543,0.059846558618628115,-94.0153441381372
2025-10-13,19,6,0.0011171001246493588,0.00010118660549360135,-99.98988133945065,1.4724052025418377,0.133370036462123,-86.6629963537877,0.45000000000000023,0.04076086956521741,-95.92391304347825,0.6544810405083676,0.059282702944598524,-94.07172970554015
2025-10-14,6,6,0.00042993373579345824,3.894327316969731e-05,-99.99610567268303,0.7929811623583528,0.07182800383680732,-92.81719961631926,0.45000000000000023,0.04076086956521741,-95.92391304347825,0.5185962324716707,0.0469742964195354,-95.30257035804645
2025-10-14,7,51,5.005688139286683,0.20822330030310657,-79.17766996968935,9.622627340653201,0.40027567972767053,-59.97243202723295,7.3793150220356285,0.306959859485675,-69.30401405143249,5.326975516720628,0.22158799986358682,-77.84120001364133
2025-10-14,8,53,29.004739695525245,0.45185760547632414,-54.81423945236759,40.053415624558895,0.6239821720604284,-37.60178279395717,29.674350727103466,0.4622893087257122,-53.77106912742878,30.96197768809974,0.48234892799656864,-51.76510720034314
2025-10-14,9,53,59.225035364037176,0.5733304488290143,-42.66695511709857,73.45726002738216,0.7111060990066037,-28.88939009933963,52.514932801990106,0.5083730184122953,-49.16269815877047,64.03205944592557,0.6198650478792408,-38.013495212075924
2025-10-14,10,53,92.16698771665135,0.6999847172222325,-30.001528277776746,102.60583754807782,0.7792651139065682,-22.073488609343187,73.42959711763933,0.5576790242093062,-44.23209757906938,93.50513057310106,0.7101475702369641,-28.98524297630359
2025-10-14,11,53,116.40844562503905,0.9998148726706093,-0.018512732939067748,119.28425664250648,1.0245147869321178,2.451478693211776,98.00795548390208,0.8417757921833039,-15.822420781669608,110.09346202264348,0.9455764152077941,-5.4423584792205855
2025-10-14,12,53,101.01165521997041,0.9408686216465202,-5.913137835347981,95.00246306538233,0.8848962655121305,-11.51037344878695,75.0540135633538,0.6990873096437575,-30.09126903562425,85.8745612810143,0.7998748256428306,-20.01251743571694
2025-10-14,13,53,75.66157475184822,0.7572215247382729,-24.277847526172717,73.10387752507377,0.731624074510346,-26.837592548965404,53.14600330520191,0.5318855414852073,-46.81144585147928,63.35687617395217,0.6340760225575678,-36.59239774424322
2025-10-14,14,53,83.52767667816998,0.9183911674345242,-8.160883256547576,75.15894680022713,0.8263765453570877,-17.36234546429123,55.94287670690938,0.6150948510930113,-38.49051489069887,66.1593522097931,0.727425532817956,-27.257446718204402
2025-10-14,15,53,47.17422178081682,0.6968127294064524,-30.318727059354757,38.343236239708965,0.5663698115171192,-43.36301884828808,29.246568555997566,0.4320024897488563,-56.79975102511436,29.819608983670864,0.4404668978385653,-55.95331021614348
2025-10-14,16,53,29.55454969828969,0.793410730155428,-20.658926984457207,21.26335000979704,0.5708281881824708,-42.91718118175291,11.1916820671231,0.3004478407281369,-69.95521592718632,12.933221277617923,0.3472005712112194,-65.27994287887805
2025-10-14,17,47,12.011720113854658,0.8353073792666661,-16.46926207333339,7.86781337703427,0.547135839849393,-45.2864160150607,1.973766795238943,0.13725777435597658,-86.27422256440235,3.2517899431659836,0.22613281941348984,-77.38671805865101
2025-10-14,18,5,0.11111484694418235,0.010222157032583471,-98.97778429674165,1.1723652132180438,0.10785328548464063,-89.21467145153595,0.4400000000000003,0.040478380864765434,-95.95216191352345,0.586473042643609,0.053953361788740474,-94.60466382112594
2025-10-14,19,5,0.0024832745318108577,0.00022845211884184522,-99.97715478811583,0.8344369011599218,0.07676512430174072,-92.32348756982593,0.4400000000000003,0.040478380864765434,-95.95216191352345,0.5188873802319847,0.047735729552160495,-95.22642704478396
2025-10-15,6,5,0.00042779978431472913,3.935600591671841e-05,-99.99606439940833,0.5532032339076127,0.050892661813027845,-94.91073381869721,0.4400000000000003,0.040478380864765434,-95.95216191352345,0.4626406467815228,0.042561237054417916,-95.7438762945582
2025-10-15,7,30,0.5127441564132503,0.0424808745992751,-95.7519125400725,2.8163015130814375,0.23333069702414563,-76.66693029758544,1.093988177969704,0.09063696586327293,-90.9363034136727,1.118939079401657,0.09270414908050183,-90.7295850919498
2025-10-15,8,49,4.367021196445516,0.2729388247778448,-72.70611752221554,7.9001893417163265,0.49376183385727046,-50.62381661427297,4.959539928639918,0.30997124553999494,-69.00287544600052,3.5872379314134317,0.2242023707133395,-77.57976292866606
2025-10-15,9,50,9.69049187275992,0.544103979380119,-45.5896020619881,12.37730762569796,0.6949639318190881,-30.503606818091182,8.835654743992377,0.49610638652399647,-50.38936134760035,7.3312410448530185,0.411636218127626,-58.83637818723739
2025-10-15,10,52,17.731301961484423,0.8174874117789037,-18.251258822109627,20.01512772278101,0.9227813611240668,-7.7218638875933205,18.271179398888666,0.8423780266891961,-15.762197331080383,15.023620355540887,0.692651929716039,-30.734807028396098
2025-10-15,11,52,11.929015305678254,0.43520668754754677,-56.479331245245326,14.696704053030395,0.5361803740616709,-46.38196259383292,13.10837070002105,0.47823315213502565,-52.17668478649743,10.045132059436948,0.36647690840703945,-63.35230915929606
2025-10-15,12,53,9.582350461631956,0.3226380626812106,-67.73619373187894,12.081103056183396,0.4067711466728416,-59.32288533271585,10.025429678551848,0.33755655483339553,-66.24434451666045,7.520278810146016,0.2532080407456571,-74.67919592543429
2025-10-15,13,53,14.427835006519434,0.618424132298304,-38.15758677016961,14.820356858623366,0.6352489009268479,-36.4751099073152,13.826998312670806,0.5926703091586285,-40.73296908413715,10.33873646647013,0.44315201313631064,-55.68479868636894
2025-10-15,14,52,9.27012262057733,0.5175947861852224,-48.24052138147776,8.701044234906641,0.48582044862683654,-51.41795513731634,5.867420238480084,0.32760582012730793,-67.2394179872692,4.2483064815779,0.23720304196414854,-76.27969580358514
2025-10-15,15,50,5.5809414240363076,0.33458881439066585,-66.54111856093341,4.044948951485808,0.24250293474135537,-75.74970652586447,1.7835380955179803,0.10692674433561031,-89.30732556643898,1.7199919122574987,0.10311702111855506,-89.68829788814449
2025-10-15,16,42,4.1152804500963835,0.30733983943961046,-69.26601605603896,2.865925594244986,0.2140347717882738,-78.59652282117263,1.093895718933058,0.08169497527506035,-91.83050247249396,1.3906207919890257,0.10385517490582717,-89.61448250941729
2025-10-15,17,16,0.6047957686388221,0.0549314957891755,-94.50685042108245,1.3249513139733569,0.12034071879867003,-87.96592812013301,0.4900000000000002,0.04450499545867396,-95.54950045413261,0.6864222627946716,0.06234534630287663,-93.76546536971233
2025-10-15,18,6,0.015497522391890749,0.0014244046316076056,-99.85755953683923,0.5308605340661945,0.048792328498731115,-95.12076715012688,0.45000000000000023,0.041360294117647085,-95.86397058823528,0.46617210681323906,0.04284670099386389,-95.71532990061361
2025-10-15,19,6,0.005595204458091715,0.0005142651156334298,-99.94857348843667,0.4328126842099447,0.0397805775928258,-96.02194224071742,0.45000000000000023,0.041360294117647085,-95.86397058823528,0.4465625368419891,0.041044350812682824,-95.89556491873171
2025-10-16,6,6,0.0004527827506186882,4.161606163774708e-05,-99.99583839383622,0.5971742777219048,0.05488734170238096,-94.5112658297619,0.45000000000000023,0.041360294117647085,-95.86397058823528,0.47943485554438114,0.04406570363459386,-95.5934296365406
2025-10-16,7,41,4.0904816488317,0.2747133410901075,-72.52866589098926,7.66753412977816,0.5149452068353365,-48.50547931646635,5.716285010581047,0.3839009409389555,-61.609905906104444,3.8060165208658483,0.2556088999909905,-74.43911000090095
2025-10-16,8,52,27.188980072573756,0.7869458776432345,-21.30541223567655,32.55756399588594,0.942331808853428,-5.7668191146571965,24.31481505472192,0.7037573098327616,-29.62426901672383,24.1086713320446,0.6977907766148943,-30.22092233851057
2025-10-16,9,51,53.48771001330127,0.8700017894160911,-12.999821058390898,66.94768574391998,1.0889343810006504,8.893438100065042,53.214756147632286,0.8655620713668233,-13.443792863317672,58.28069629334384,0.9479618785514614,-5.203812144853861
2025-10-16,10,53,76.14206767562439,0.7366686114127747,-26.33313885872252,81.79560131738153,0.7913661118167719,-20.863388818322818,65.42171604480107,0.6329500391331374,-36.70499608668626,72.902754910467,0.7053285111306793,-29.467148886932076
2025-10-16,11,53,87.80452516515462,0.8864666851605715,-11.353331483942853,90.90854985358455,0.9178046426409342,-8.219535735906577,76.04747919044188,0.7677685935430779,-23.223140645692208,82.1683714196212,0.8295645776842119,-17.04354223157881
2025-10-16,12,53,67.96932949945386,0.9450685414273338,-5.493145857266618,66.78086331748169,0.928543705749189,-7.145629425081099,54.597790658433496,0.7591461437490752,-24.08538562509249,57.697947632555795,0.802251774646215,-19.7748225353785
2025-10-16,13,53,67.62252399727583,0.8925887539239156,-10.741124607608445,64.5435960609434,0.8519482056618718,-14.805179433812818,50.4666793602014,0.6661388511114229,-33.386114888857705,55.04740059619513,0.7266024365918049,-27.33975634081951
2025-10-16,14,53,56.266277781289006,0.5728013619188538,-42.719863808114624,50.98780093622127,0.51906546814844,-48.093453185155994,39.92306966950454,0.4064244087295586,-59.35755912704415,42.83875098882132,0.43610659664889867,-56.38934033511014
2025-10-16,15,52,37.37419219991961,0.46899475718307954,-53.10052428169205,29.452533013189864,0.369588819339815,-63.0411180660185,23.482937083894658,0.2946785930969338,-70.53214069030662,21.657871694829325,0.2717765302400467,-72.82234697599533
2025-10-16,16,53,36.45380760748252,0.9439100882310335,-5.6089911768966525,28.15471411669458,0.7290190087181403,-27.09809912818597,13.433773128362988,0.3478449800197563,-65.21550199802438,17.619006706760604,0.45621457034595037,-54.37854296540496
2025-10-16,17,46,13.867432263136633,0.8810312746592526,-11.896872534074747,9.120936171620757,0.5794749791372782,-42.052502086272185,3.004285237145394,0.190869455981283,-80.9130544018717,3.9859733625150935,0.253238460134377,-74.6761539865623
2025-10-16,18,6,0.1181613985335496,0.010860422659333603,-98.91395773406664,0.830321080430544,0.07631627577486619,-92.36837242251339,0.4500000000000003,0.04136029411764709,-95.86397058823528,0.5260642160861091,0.048351490449090914,-95.16485095509091
2025-10-16,19,6,0.008718674213057526,0.0008013487328177874,-99.91986512671822,0.4064001845077072,0.03735295813489956,-96.26470418651006,0.4500000000000003,0.04136029411764709,-95.86397058823528,0.44128003690154166,0.040558826921097586,-95.94411730789024
2025-10-17,6,6,0.0009165947605849125,8.424584196552505e-05,-99.99157541580345,0.5124125355080715,0.04709674039596246,-95.29032596040375,0.4500000000000003,0.04136029411764709,-95.86397058823528,0.4624825071016145,0.042507583373310155,-95.749241662669
2025-10-17,7,45,0.9052086840249278,0.06141171533411993,-93.85882846658801,3.4283963361476095,0.23259133895166956,-76.74086610483305,1.7846929228740147,0.12107821729131714,-87.89217827086829,1.565691715372449,0.10622060484209288,-89.37793951579071
2025-10-17,8,53,5.186219403435659,0.16987289234967767,-83.01271076503224,8.85088509620802,0.28990779876213624,-71.00922012378636,6.842045715522092,0.22410893270625917,-77.58910672937408,4.710430061270405,0.15428857062792026,-84.57114293720798
2025-10-17,9,53,10.834592106234343,0.23739246507963066,-76.26075349203695,13.923362121696588,0.3050692839986106,-69.49307160013895,10.945293723407879,0.23981800445678964,-76.01819955432104,8.61875889169576,0.18884221936230852,-81.11577806376916
2025-10-17,10,53,19.097451841843725,0.38990305924548235,-61.00969407545176,21.407281197914727,0.4370616822767401,-56.293831772325994,23.57403202287919,0.48129914297425874,-51.87008570257413,17.438070474117545,0.35602430531068896,-64.39756946893111
2025-10-17,11,53,24.5757155265743,0.744042250274729,-25.595774972527103,25.596339468530154,0.7749421576908917,-22.50578423091083,29.725978373598146,0.899969069742602,-10.003093025739798,21.833383481457897,0.6610167569318164,-33.89832430681835
2025-10-17,12,53,25.214546335069958,0.6550934355694973,-34.49065644305026,24.96218629644979,0.6485369263821715,-35.14630736178284,22.657698029452902,0.5886645370083892,-41.13354629916109,18.70586673338318,0.48599290032172443,-51.40070996782755
2025-10-17,13,51,23.843469291505787,1.0407450585554687,4.074505855546883,23.160987538929035,1.0109553705337861,1.095537053378606,21.671019110400497,0.9459196468965736,-5.408035310342644,17.30845759841606,0.7554979309653453,-24.450206903465467
2025-10-17,14,49,13.886771186146735,0.7655331414634363,-23.446685853656373,12.557936478096313,0.6922787474143501,-30.77212525856498,9.164637256194723,0.5052170483018039,-49.47829516981961,7.650004205635572,0.4217201877417625,-57.827981225823756
2025-10-17,15,50,7.120020433943757,0.36123898700881574,-63.876101299118424,5.414600816030199,0.2747133848823034,-72.52866151176967,3.0632002320645255,0.15541350746141683,-84.45864925385833,2.5514016363588303,0.12944706424956015,-87.05529357504399
2025-10-17,16,44,4.852119979777135,0.35915025757047636,-64.08497424295236,3.3540327263957646,0.24826297012551926,-75.17370298744808,1.5687162055338346,0.11611518915868503,-88.38848108413148,1.6572778738214209,0.12267045698160038,-87.73295430183995
2025-10-17,17,12,0.43806133998954594,0.03989629690250874,-96.01037030974913,0.9448776611752181,0.08605443180102168,-91.39455681989783,0.48000000000000026,0.04371584699453554,-95.62841530054644,0.601627532235044,0.0547930357226816,-94.52069642773185
2025-10-17,18,6,0.02442142929780039,0.0022446166634007714,-99.77553833365992,0.5245358958308503,0.04821101983739433,-95.17889801626058,0.4500000000000003,0.04136029411764709,-95.86397058823528,0.4649071791661703,0.04273043926159654,-95.72695607384036
2025-10-17,19,6,0.0020347617107746244,0.00018701853959325593,-99.98129814604067,0.41196236462807206,0.03786418792537427,-96.21358120746257,0.4500000000000003,0.04136029411764709,-95.86397058823528,0.4423924729256147,0.04066107287919253,-95.93389271208075
2025-10-18,6,6,0.0008230417163332504,7.564721657474729e-05,-99.99243527834251,0.5602619666956492,0.05149466605658541,-94.85053339434147,0.4500000000000003,0.04136029411764709,-95.86397058823528,0.47205239333913007,0.04338716850543475,-95.66128314945652
2025-10-18,7,39,0.918838709093284,0.07024760772884435,-92.97523922711555,4.057361349723406,0.3101958218442971,-68.98041781557028,2.66286492493699,0.2035829453315742,-79.64170546684258,1.7803361035835137,0.13611132290393838,-86.38886770960616
2025-10-18,8,51,8.207416619663674,0.3422609099109121,-65.77390900890879,13.294152525878236,0.5543850094194427,-44.56149905805573,9.18734847195205,0.38312545754595706,-61.6874542454043,7.997560453096034,0.3335096102208521,-66.64903897791478
2025-10-18,9,51,20.305574183958928,0.5337953255509708,-46.62046744490292,24.687875314826048,0.6489977737861737,-35.10022262138263,22.58525090860788,0.5937237357678202,-40.62762642321798,19.455361506773727,0.5114448345629266,-48.85551654370734
2025-10-18,10,53,36.857499473946056,0.6200790624822687,-37.992093751773126,39.746452242946425,0.6686819017992333,-33.13180982007668,31.38386978853625,0.5279924257829113,-47.20075742170887,30.992853241667923,0.5214140854923943,-47.858591450760564
2025-10-18,11,53,47.223450070031014,0.6338718130205503,-36.612818697944974,50.72290060960288,0.6808443034846021,-31.915569651539784,35.66344867561885,0.47870400906870925,-52.12959909312907,41.425908789334734,0.5560524669709358,-44.39475330290642
2025-10-18,12,53,59.81493311744143,0.7161749654866069,-28.382503451339307,58.678072378916525,0.7025631271421996,-29.74368728578004,39.14257553921459,0.4686611055940443,-53.133889440595574,48.620449244467245,0.5821413942105751,-41.78586057894249
2025-10-18,13,53,65.65627166281115,0.8062909451407486,-19.370905485925142,62.50291370492915,0.7675661759170963,-23.243382408290366,37.787418064815775,0.464047870131595,-53.5952129868405,51.551552116368235,0.6330781298829453,-36.692187011705464
2025-10-18,14,53,54.52083879927982,0.7463496071085535,-25.365039289144647,49.59965492200706,0.6789822713484883,-32.10177286515117,33.48348085602531,0.4583638720879578,-54.163612791204216,38.686053869618995,0.5295832151898563,-47.04167848101437
2025-10-18,15,53,49.97042307820027,0.9807737601216932,-1.9226239878306832,41.33299041478931,0.811246131791743,-18.875386820825703,29.138210062839473,0.5718981366602448,-42.81018633397552,31.63873927538972,0.620976237004705,-37.9023762995295
2025-10-18,16,53,32.273201928845054,1.0294482273953764,2.944822739537649,24.722883622508977,0.7886087279907169,-21.139127200928307,14.59724202372715,0.4656217551428118,-53.437824485718835,15.756037891753286,0.5025849407257826,-49.741505927421734
2025-10-18,17,45,10.783385406221836,0.8005482855398541,-19.945171446014587,6.625584113903281,0.49187706858970165,-50.81229314102984,2.004962617049856,0.14884651945433228,-85.11534805456678,2.7489417625007335,0.20407882423910417,-79.59211757608958
2025-10-18,18,5,0.07475302211325319,0.006877002954301121,-99.3122997045699,0.7872720327416886,0.07242612996703666,-92.75738700329633,0.4400000000000003,0.040478380864765434,-95.95216191352345,0.509454406548338,0.04686793068521968,-95.31320693147804
2025-10-18,19,5,0.0012753741353851039,0.0001173297272663389,-99.98826702727335,0.42765285584604074,0.03934248903827421,-96.06575109617256,0.4400000000000003,0.040478380864765434,-95.95216191352345,0.43753057116920835,0.04025120249946718,-95.97487975005328
2025-10-19,6,5,0.0004657494186120267,4.2847232623001535e-05,-99.9957152767377,0.48114697863536143,0.04426375148439387,-95.57362485156061,0.4400000000000003,0.040478380864765434,-95.95216191352345,0.4482293957270725,0.04123545498869112,-95.8764545011309
2025-10-19,7,50,4.486330712569039,0.24910220502881947,-75.08977949711804,8.457708737578464,0.4696118121920302,-53.03881878079698,5.9987059617089855,0.3330763998727921,-66.6923600127208,4.245560251002145,0.23573349533604354,-76.42665046639564
2025-10-19,8,53,26.727166327380846,0.5788859936621367,-42.11140063378633,31.228562148347123,0.6763821128080383,-32.36178871919617,17.32309907025304,0.37520249231650515,-62.47975076834948,20.98146623583301,0.4544393813262511,-54.55606186737489
2025-10-19,9,53,53.59861767639701,0.6467014681032457,-35.329853189675426,65.81946422567539,0.7941537672016817,-20.584623279831828,42.62671054806767,0.5143184187749477,-48.56815812250523,55.06409570399198,0.6643833941118723,-33.56166058881277
2025-10-19,10,53,85.88985554086064,0.9433262552538237,-5.667374474617624,92.26590991475028,1.0133543098819362,1.3354309881936284,71.16264850675653,0.7815776881576775,-21.842231184232247,82.47649165609936,0.9058373603086147,-9.416263969138527
2025-10-19,11,52,106.04857710722867,1.1331186783548315,13.311867835483149,108.35454767118394,1.157757748383203,15.775774838320281,79.46919343324971,0.8491205623811275,-15.08794376188725,99.35834512868725,1.061634203747059,6.1634203747059075
2025-10-19,12,52,118.17810515686165,1.5519120834781575,55.19120834781573,110.17914236909057,1.44686989322509,44.686989322509,87.23197444001651,1.1455282263954898,14.552822639548971,101.31716680112602,1.330494639542036,33.04946395420361
2025-10-19,13,52,111.20893640198535,2.301033238195435,130.10332381954345,101.20149838567987,2.093968516153111,109.39685161531114,75.79099185035736,1.5681976381203675,56.81976381203675,92.42284158156016,1.9123286071086316,91.23286071086316
2025-10-19,14,52,82.97634586008304,2.0362293462597063,103.62293462597063,73.78209495467276,1.8106035571698833,81.06035571698833,52.278600115638255,1.282910432285601,28.291043228560113,64.40748854771796,1.5805518662016675,58.055186620166744
2025-10-19,15,51,30.114776225668802,0.78752029878841,-21.247970121158996,22.07389911190796,0.5772463156879696,-42.275368431203034,22.336707148269113,0.584118910781096,-41.588108921890395,17.33063978011684,0.4532071072206286,-54.67928927793714
2025-10-19,16,47,20.340507613823046,1.3005439650781998,30.054396507819988,14.279809776688785,0.9130313156450629,-8.696868435493709,7.7737672687105155,0.4970439430121813,-50.29560569878188,8.162429880290794,0.5218944936247311,-47.810550637526894
2025-10-19,17,20,2.2100729217237856,0.1976809411201955,-80.23190588798045,2.112590765086571,0.18896160689504213,-81.10383931049579,0.8247052863326982,0.07376612579004457,-92.62338742099556,1.165479032267035,0.10424678285036092,-89.5753217149639
2025-10-19,18,6,0.046386927186294835,0.004263504336975628,-99.57364956630245,0.6425850714335657,0.0590611278891145,-94.09388721108856,0.45000000000000023,0.041360294117647085,-95.86397058823528,0.4885170142867133,0.044900460871940565,-95.50995391280594
2025-10-19,19,6,0.0009250049068509996,8.50188333502757e-05,-99.99149811666499,0.39734594632377784,0.03652076712534723,-96.34792328746528,0.45000000000000023,0.041360294117647085,-95.86397058823528,0.4394691892647557,0.04039238871918711,-95.96076112808129
2025-10-20,6,6,0.00046141684973477357,4.240963692415198e-05,-99.99575903630759,0.48752169350298385,0.044808979182259547,-95.51910208177404,0.45000000000000023,0.041360294117647085,-95.86397058823528,0.457504338700597,0.04205003113056958,-95.79499688694304
2025-10-20,7,50,2.8718668458891607,0.14942075160713633,-85.05792483928636,6.615055589296904,0.3441756289956765,-65.58243710043234,4.81024722318832,0.2502730084905473,-74.97269915094526,3.214494408606905,0.1672473677735122,-83.27526322264876
2025-10-20,8,53,18.651306242533664,0.3791686570956223,-62.08313429043777,25.029998460756513,0.5088432295335741,-49.11567704664259,15.624167859790592,0.31762894612300446,-68.23710538769954,17.365779523245415,0.3530347534711407,-64.69652465288593
2025-10-20,9,53,42.987450279599756,0.8200581892331125,-17.994181076688758,53.14194981788808,1.0137724116346447,1.3772411634644814,37.71843230833406,0.719542775817132,-28.045722418286807,42.45221347021856,0.8098476434608652,-19.01523565391347
2025-10-20,10,52,55.71854861922994,0.9443821799869482,-5.561782001305183,59.26246468264814,1.0044485539431887,0.44485539431887583,32.23096370137203,0.5462875203622378,-45.37124796377621,46.54994902610777,0.7889821868831826,-21.10178131168175
2025-10-20,11,53,39.00574207904634,0.7991342364074238,-20.086576359257627,41.13753765673099,0.8428096221415898,-15.719037785841014,32.28382331965661,0.6614182200298426,-33.85817799701573,32.28257333444198,0.6613926108265107,-33.86073891734893
2025-10-20,12,53,38.66468371160552,0.6451640866278244,-35.483591337217554,39.07205682231023,0.6519615688688508,-34.803843113114915,28.319394839604488,0.47254121207416133,-52.745878792583866,29.742064761218554,0.4962800727718764,-50.37199272281235
2025-10-20,13,52,23.340272814125886,0.4329488557619345,-56.705114423806556,23.752830990562995,0.4406015765268595,-55.93984234731405,18.395079506168614,0.34121831768073857,-65.87816823192615,17.025358160287627,0.31581076164510535,-68.41892383548948
2025-10-20,14,52,19.25028320625162,0.41265344493572614,-58.734655506427394,17.632208609850483,0.37796803022187536,-62.20319697781246,13.090893664749286,0.2806193711629001,-71.93806288370999,11.651425775245558,0.2497626104018341,-75.0237389598166
2025-10-20,15,51,16.620924004559136,0.5007810787755088,-49.921892122449115,13.18243184303664,0.39718083287245076,-60.28191671275492,10.062458087145215,0.3031774054578251,-69.68225945421749,8.007659720137234,0.241267240739296,-75.8732759260704
2025-10-20,16,51,6.147860475018198,0.2795752830840472,-72.04247169159528,4.120487218806756,0.1873800463304573,-81.26199536695428,2.1130286049035685,0.0960904322375429,-90.39095677624572,2.0143939837536355,0.09160500153495388,-90.83949984650461
2025-10-20,17,35,2.1851670899880244,0.18316572422363997,-81.683427577636,1.7808645622852657,0.1492761577774741,-85.0723842222526,0.6261213959836232,0.05248293344372366,-94.75170665562764,0.8640769124570531,0.07242891135432131,-92.75710886456787
2025-10-20,18,6,0.03504087028399948,0.0032206682246323053,-99.67793317753677,0.5824406525899917,0.05353314821599189,-94.64668517840082,0.45000000000000023,0.041360294117647085,-95.86397058823528,0.47648813051799854,0.04379486493731605,-95.6205135062684
2025-10-20,19,6,0.00016819991186609758,1.545955072298691e-05,-99.99845404492771,0.4340247616880034,0.03989198177279443,-96.01080182272055,0.45000000000000023,0.041360294117647085,-95.86397058823528,0.44680495233760087,0.041066631648676556,-95.89333683513235
2025-10-21,6,6,0.0004664024567286623,4.286787286109029e-05,-99.9957132127139,0.4989259556766234,0.0458571650438073,-95.41428349561927,0.45000000000000023,0.041360294117647085,-95.86397058823528,0.45978519113532484,0.042259668302879125,-95.7740331697121
2025-10-21,7,43,1.4978931968051152,0.11030141360862411,-88.96985863913758,5.053259044652313,0.37211038620414677,-62.78896137958532,3.234091268510237,0.23815105070031203,-76.18489492996879,2.3198980748854567,0.1708319642772796,-82.91680357227204
2025-10-21,8,52,11.13078786271465,0.4879784244942854,-51.20215755057146,17.40256667737188,0.7629358473201175,-23.70641526798825,13.646382952454736,0.5982631719620665,-40.17368280379335,11.573737189993782,0.507397509425418,-49.26024905745821
2025-10-21,9,53,26.653668867581956,0.6004430923086721,-39.95569076913279,33.53602291564453,0.755485985934772,-24.4514014065228,34.97484068009493,0.7878990916894555,-21.210090831054455,27.93082136945579,0.6292142682914122,-37.07857317085878
2025-10-21,10,53,57.614997796570165,1.276645198239977,27.6645198239977,68.66072802644346,1.5213988040426205,52.13988040426204,58.366684321456184,1.2933012258244223,29.330122582442236,59.665023659097294,1.3220701010214335,32.20701010214334
2025-10-21,11,52,79.78402980885743,1.0694910162045232,6.949101620452322,86.96458968287664,1.1657451700117512,16.574517001175124,87.81888165391771,1.1771968050123018,17.71968050123019,78.63884175268213,1.0541399698750955,5.4139969875095595
2025-10-21,12,52,91.3262618225197,0.8840877233544983,-11.59122766455017,89.79684142392293,0.8692821047814415,-13.07178952185585,85.6606680064218,0.8292417038375778,-17.075829616242228,81.54784738713914,0.7894273706402626,-21.057262935973746
2025-10-21,13,52,82.24657922381655,0.718373475620723,-28.16265243792771,77.51285576781812,0.6770273016666795,-32.297269833332045,74.34462319490368,0.6493547313730779,-35.064526862692205,69.64722736291662,0.6083258569562113,-39.167414304378866
2025-10-21,14,52,88.10150589900438,1.0374647420984973,3.7464742098497323,79.50687029343867,0.9362561268657404,-6.374387313425956,72.27760395177917,0.8511258119616013,-14.887418803839871,71.27338323657278,0.8393003207321337,-16.069967926786628
2025-10-21,15,53,58.95165484595393,0.8725822209288621,-12.7417779071138,50.94366861983576,0.7540507492574859,-24.594925074251407,44.2496753780013,0.6549685520722511,-34.50314479277488,42.16396841840549,0.6240966314151196,-37.590336858488044
2025-10-21,16,53,42.12189928905951,1.0533108099289703,5.331080992897021,31.133246003654886,0.7785257815367564,-22.147421846324356,20.323209906480496,0.5082072994868841,-49.17927005131158,21.692097553255394,0.5424380483434708,-45.756195165652926
2025-10-21,17,49,17.481442184895972,1.0659415966399983,6.594159663999838,10.534831535970469,0.6423677765835653,-35.76322234164348,4.7738046662460745,0.2910856503808582,-70.89143496191417,4.9365094156110665,0.3010066716836016,-69.89933283163984
2025-10-21,18,5,0.10218307583341182,0.009400466957995568,-99.05995330420043,0.776533132961742,0.07143819070485206,-92.85618092951479,0.4400000000000003,0.040478380864765434,-95.95216191352345,0.5073066265923487,0.04667034283278276,-95.33296571672172
2025-10-21,19,5,0.006399637131679655,0.0005887430663918725,-99.94112569336082,0.40345164687664836,0.037116066869976844,-96.2883933130023,0.4400000000000003,0.040478380864765434,-95.95216191352345,0.43269032937532986,0.03980591806580771,-96.01940819341922
2025-10-22,6,5,0.0003997321268906015,3.6773884718546594e-05,-99.99632261152814,0.47311921332214857,0.043525226616573,-95.6474773383427,0.4400000000000003,0.040478380864765434,-95.95216191352345,0.44662384266442995,0.04108775001512695,-95.89122499848732
2025-10-22,7,51,5.038102962253005,0.2106230335390052,-78.93769664609948,10.361576640143655,0.43317628094246047,-56.68237190575396,8.3427758444168,0.3487782543652508,-65.12217456347493,5.622525560797788,0.2350554164213122,-76.49445835786878
2025-10-22,8,53,35.59570482889869,0.5164785958923199,-48.35214041076801,51.69662659703961,0.7500961491154906,-24.990385088450946,44.40079162532036,0.644236674772495,-35.5763325227505,44.33131378945084,0.643228580810372,-35.6771419189628
2025-10-22,9,53,70.0913997402049,0.6554886349967727,-34.45113650032273,90.35311626864646,0.8449744343836758,-15.502556561632419,78.02196972379211,0.7296546312895549,-27.034536871044512,81.39487281879009,0.7611977257906115,-23.88022742093885
2025-10-22,10,53,105.98420570034915,0.7680014905822402,-23.199850941775978,123.46194467487494,0.8946517730063401,-10.534822699365984,109.52083783497154,0.7936292596737069,-20.637074032629315,114.19321104284053,0.8274870365423227,-17.25129634576773
2025-10-22,11,53,129.39788215808395,0.8705454935285519,-12.945450647144806,135.75667084223744,0.9133252882281853,-8.667471177181477,123.99214441408999,0.8341775054769242,-16.582249452307586,126.8108419669218,0.8531407559669121,-14.685924403308793
2025-10-22,12,53,138.31995290189127,0.865473363170387,-13.4526636829613,138.66193333803068,0.8676131481543653,-13.238685184563472,128.90288692102098,0.8065504124704103,-19.344958752958977,129.6196315821783,0.81103511188949,-18.896488811051004
2025-10-22,13,52,132.21407238964468,0.9058860732418269,-9.411392675817305,122.67866769292766,0.8405527077281782,-15.944729227182169,112.45315888179651,0.7704909824035387,-22.95090175964613,113.53733797615195,0.7779194105937096,-22.208058940629044
2025-10-22,14,53,112.41999746467314,0.9267166553843306,-7.328334461566942,100.74003532438385,0.8304347153934866,-16.956528460651345,93.7011440380103,0.7724107166598821,-22.75892833401179,92.20160148609358,0.7600494723113805,-23.995052768861942
2025-10-22,15,53,89.9615971248482,1.0353504099994038,3.5350409999403802,79.51383647365067,0.9151091779681283,-8.489082203187168,67.07350795175823,0.7719358723875962,-22.806412761240384,71.54692069271151,0.8234195038866556,-17.658049611334437
2025-10-22,16,53,57.77893663922616,1.4995830947112938,49.958309471129375,44.83781888702969,1.163711883909413,16.371188390941295,32.12289987885087,0.8337113905748992,-16.62886094251008,37.09334431067604,0.9627133223637693,-3.7286677636230734
2025-10-22,17,47,18.682534115399157,1.2683322549490263,26.833225494902642,10.283437774626982,0.6981288373813295,-30.187116261867054,5.205331587579199,0.3533829998356551,-64.6617000164345,4.942642486400041,0.3355493880787537,-66.44506119212463
2025-10-22,18,7,0.12432817394393375,0.01141672855316196,-98.85832714468381,0.7785469689361308,0.07149191633940595,-92.85080836605941,0.46000000000000024,0.04224058769513317,-95.77594123048667,0.5237093937872265,0.04809085342398774,-95.19091465760123
2025-10-22,19,7,0.0016576897545313909,0.00015222128140784122,-99.98477787185922,0.3992952444363445,0.03666622997578921,-96.33337700242107,0.46000000000000024,0.04224058769513317,-95.77594123048667,0.4478590488872691,0.041125716151264376,-95.88742838487356
2025-10-23,6,7,0.000538861122863443,4.948219677350257e-05,-99.99505178032264,0.4873925553736783,0.04475597386351499,-95.5244026136485,0.46000000000000024,0.04224058769513317,-95.77594123048667,0.46547851107473587,0.04274366492880954,-95.72563350711904
2025-10-23,7,52,4.986096505422946,0.2052736313471777,-79.47263686528223,10.195062954383896,0.4197226411850102,-58.027735881498984,7.77075389144665,0.3199157633366262,-68.00842366633738,5.496119450482158,0.22627087074854502,-77.3729129251455
2025-10-23,8,53,34.627828935519695,0.5026539256135825,-49.73460743864175,50.27170309781975,0.7297387588593374,-27.026124114066263,40.54839776866894,0.588596280572927,-41.1403719427073,42.27607073444461,0.6136749997741996,-38.63250002258004
2025-10-23,9,53,69.53115045933852,0.6336567070020825,-36.634329299791744,90.59012194331488,0.825572969500728,-17.442703049927204,75.30326074243821,0.6862595529247991,-31.37404470752009,81.46439577618688,0.7424076895669997,-25.759231043300034
2025-10-23,10,53,105.13586001381063,0.7586107223739853,-24.138927762601465,122.78291647213628,0.8859435491170812,-11.405645088291886,103.37232664366702,0.7458858982875173,-25.41141017124827,113.43751880421198,0.8185115722939027,-18.148842770609733
2025-10-23,11,53,129.2071954781389,0.8332185173027595,-16.678148269724048,135.69521630029817,0.8750578209859946,-12.494217901400544,121.9951112797236,0.7867099457001587,-21.329005429984132,126.8762105860577,0.8181866936612994,-18.181330633870058
2025-10-23,12,53,138.27950670678476,0.8777422032930353,-12.225779670696465,139.31536317995437,0.8843173998981491,-11.56826001018509,121.71839730310167,0.7726190002735921,-22.738099972640793,130.32944944839397,0.827278465458893,-17.2721534541107
2025-10-23,13,53,132.2459032469168,0.8984096687969891,-10.15903312030109,122.80867770092809,0.8342980822073918,-16.57019177926082,109.79607180672632,0.7458972269478689,-25.410277305213107,113.74041384316749,0.772693028825866,-22.7306971174134
2025-10-23,14,53,115.45319517161879,0.9349951018109717,-6.500489818902831,103.35929860593046,0.8370529527529191,-16.294704724708083,90.63534602516867,0.7340083092417288,-26.599169075827124,95.0270279721951,0.7695742466164164,-23.042575338358358
2025-10-23,15,53,91.2998393661313,1.035380351169554,3.5380351169554016,80.19357940819513,0.9094304763914166,-9.056952360858341,63.918359339100526,0.7248623195633989,-27.513768043660114,72.17373207955399,0.8184818788790426,-18.15181211209575
2025-10-23,16,53,49.98613602846547,1.133472472300804,13.3472472300804,37.086035098625246,0.8409531768395746,-15.904682316042543,25.78597722503357,0.5847160368488337,-41.52839631511663,27.176273770010074,0.6162420356011353,-38.375796439886464
2025-10-23,17,48,16.365562492463965,1.1302184041756882,13.021840417568816,8.374130871377538,0.5783239552056311,-42.167604479436896,3.886323397364004,0.26839249981795604,-73.1607500182044,4.033231932793289,0.27853811690561386,-72.14618830943861
2025-10-23,18,6,0.06804031311718603,0.006253705249741364,-99.37462947502587,0.6759693358116283,0.06212953454150996,-93.78704654584901,0.45000000000000023,0.041360294117647085,-95.86397058823528,0.4951938671623259,0.045514142202419665,-95.44858577975803
2025-10-23,19,6,0.002911721374896491,0.00026762144989857456,-99.97323785501014,0.4011594900381312,0.03687127665791647,-96.31287233420835,0.45000000000000023,0.041360294117647085,-95.86397058823528,0.4402318980076264,0.04046249062570096,-95.9537509374299
2025-10-24,6,6,0.0005868781869207804,5.3941009827277613e-05,-99.99460589901727,0.44069960818335563,0.04050547869332313,-95.9494521306677,0.45000000000000023,0.041360294117647085,-95.86397058823528,0.4481399216366713,0.04118933103278229,-95.88106689672176
2025-10-24,7,52,4.306932457342599,0.18453009671562123,-81.54699032843789,9.255570390986787,0.39655400132762586,-60.34459986723741,7.148210595180122,0.3062643785424217,-69.37356214575783,4.950530966676016,0.21210501142570767,-78.78949885742924
2025-10-24,8,53,31.487872406816003,0.5475199514313337,-45.24800485686663,45.792314421254346,0.7962495987003015,-20.375040129969847,33.83563078290481,0.588343432149275,-41.1656567850725,37.65431765521611,0.654743829859435,-34.5256170140565
2025-10-24,9,53,67.53553655153665,1.1892152940929153,18.92152940929152,86.31230711641984,1.5198504510727213,51.98504510727213,68.6155199647714,1.2082324346675717,20.82324346675717,77.39882452159875,1.362895307652734,36.28953076527338
2025-10-24,10,53,97.06496841538494,1.2834188604440688,28.341886044406884,108.85840946044743,1.4393548784932886,43.935487849328865,84.63653916812028,1.1190868592902323,11.90868592902323,99.31019108314855,1.31310579245205,31.310579245205002
2025-10-24,11,53,109.39627366912474,1.094291023998447,9.429102399844695,112.17362734624528,1.1220728953310521,12.207289533105216,101.81324494392291,1.0184379808334791,1.843798083347916,103.24737651034675,1.0327836001835227,3.278360018352261
2025-10-24,12,53,116.81949341625779,0.9288343278703809,-7.116567212961914,110.5827320332041,0.8792457027367744,-12.075429726322563,109.78997610074853,0.8729424831100306,-12.70575168899694,102.33892007858265,0.8136989749430124,-18.63010250569877
2025-10-24,13,53,124.46283808491557,1.0760165823888264,7.6016582388826475,114.75672433893268,0.992104472541996,-0.7895527458004071,108.0265103604585,0.9339198613336084,-6.608013866639157,106.08152136412502,0.9171048790881388,-8.289512091186126
2025-10-24,14,53,104.44741480139518,0.9651396673571908,-3.4860332642809237,92.56333812967284,0.8553256156872375,-14.467438431276246,75.91457658988459,0.7014837977257863,-29.85162022742137,83.75798253717862,0.7739602895691982,-22.603971043080186
2025-10-24,15,53,81.91444395003892,1.1089000128609572,10.890001286095723,72.74676808217035,0.9847944778959028,-1.5205522104097149,56.58454749999865,0.7660017260051258,-23.399827399487418,64.81441558079153,0.8774118800702793,-12.258811992972074
2025-10-24,16,53,52.54296244798754,1.4075264518614397,40.75264518614397,39.29895941402161,1.052744693651798,5.27446936517978,24.071847991925186,0.6448392175709935,-35.51607824290065,29.17642750536961,0.781581235075532,-21.841876492446797
2025-10-24,17,45,15.316971170201457,1.1019403719569394,10.194037195693932,8.67499442648377,0.6241003184520698,-37.58996815479302,2.844082916734317,0.20461028177944726,-79.53897182205527,3.8635789835769208,0.2779553225594907,-72.20446774405093
2025-10-24,18,5,0.06943052169632233,0.006387352501961575,-99.36126474980385,0.7344047065885643,0.0675625305049277,-93.24374694950723,0.4400000000000003,0.040478380864765434,-95.95216191352345,0.4988809413177131,0.04589521079279789,-95.41047892072021
2025-10-24,19,5,0.006368386340852064,0.0005858681086340445,-99.94141318913658,0.3998955560997931,0.036788919604396786,-96.32110803956031,0.4400000000000003,0.040478380864765434,-95.95216191352345,0.4319791112199588,0.0397404886126917,-96.02595113873082
2025-10-25,6,5,0.0005015852524024297,4.6143997461125085e-05,-99.99538560025388,0.4270179880909592,0.0392840835410266,-96.07159164589734,0.4400000000000003,0.040478380864765434,-95.95216191352345,0.43740359761819203,0.040239521400017665,-95.97604785999823
2025-10-25,7,44,2.429513476177931,0.15415694645799052,-84.58430535420095,6.1087455182736665,0.3876107562356387,-61.23892437643613,3.9452428722734476,0.25033266956049793,-74.96673304395021,2.8867695123818935,0.1831706543389526,-81.68293456610475
2025-10-25,8,51,17.97750128628349,0.7361794138527228,-26.382058614727722,24.39738881065859,0.9990740708705401,-0.09259291294599252,15.396120529977592,0.6304717661743485,-36.95282338256515,16.33167639348549,0.6687828170960479,-33.12171829039521
2025-10-25,9,52,27.121149364257683,0.781364141868559,-21.863585813144102,31.523633196756734,0.9082003225801422,-9.179967741985788,23.36951946344062,0.6732791548095829,-32.67208451904172,23.06954467538833,0.6646368388184479,-33.536316118155206
2025-10-25,10,52,32.32661843209774,0.7556479296890541,-24.43520703109458,34.35988931610865,0.8031764683522358,-19.682353164776416,19.304873474169085,0.45125931449670603,-54.87406855032939,24.3887761808674,0.5700976199361243,-42.990238006387564
2025-10-25,11,52,37.79941202054227,0.6993415729980068,-30.06584270019932,39.002455364424584,0.7215995442076704,-27.84004557923297,19.550442377572722,0.3617103122585147,-63.82896877414853,27.025953021224275,0.5000176322150652,-49.998236778493485
2025-10-25,12,53,53.89745079897697,0.9424278859761666,-5.757211402383346,52.197778673623716,0.912708142570794,-8.729185742920595,24.91237770542853,0.43560723387705064,-56.43927661229493,40.850448465863224,0.714293555968932,-28.570644403106805
2025-10-25,13,53,63.591191927784514,1.1773966289165807,17.739662891658075,59.406329957243265,1.0999135337389978,9.991353373899788,29.496891630946813,0.5461375973143273,-45.38624026856727,47.91196521716959,0.8870943384034363,-11.290566159656368
2025-10-25,14,53,50.33680485294274,1.0260253740917802,2.6025374091780247,45.25928263693629,0.9225292017312737,-7.747079826872627,26.904263433863314,0.5483950964913027,-45.16049035086972,35.35103185714826,0.7205673024286232,-27.943269757137678
2025-10-25,15,53,59.2194118548537,1.5165022241959973,51.650222419599736,51.86769755363698,1.3282380935630467,32.82380935630467,28.568053569174488,0.7315762757791161,-26.84237242208839,41.84054709226442,1.0714608730413424,7.146087304134234
2025-10-25,16,52,17.78638318886562,0.9516523910575505,-4.834760894244947,12.820094121726527,0.685933339846256,-31.406666015374395,6.987395536355125,0.3738574390773207,-62.61425609226793,6.5699095278121025,0.35152003894125744,-64.84799610587424
2025-10-25,17,14,1.3816158071618698,0.1258302192315,-87.41697807685,1.9656224016128487,0.1790184336623724,-82.09815663376276,0.5378039656414431,0.04898032473965784,-95.10196752603422,1.0669776951739403,0.09717465347667945,-90.28253465233205
2025-10-25,18,5,0.016575460832312976,0.001524881401316741,-99.84751185986833,0.5449625972805935,0.05013455356767189,-94.98654464323282,0.4400000000000003,0.040478380864765434,-95.95216191352345,0.4609925194561189,0.04240961540534672,-95.75903845946534
2025-10-25,19,5,0.0005161560135160248,4.7484453865319664e-05,-99.99525155461346,0.4441162298340824,0.04085705886238108,-95.9142941137619,0.4400000000000003,0.040478380864765434,-95.95216191352345,0.4408232459668167,0.04055411646428856,-95.94458835357115
2025-10-26,6,5,0.0004347049172030304,3.999125273256949e-05,-99.99600087472675,0.40982627888134904,0.03770250955670184,-96.22974904432982,0.4400000000000003,0.040478380864765434,-95.95216191352345,0.43396525577627004,0.03992320660315271,-96.00767933968473
2025-10-26,7,47,3.040327472221801,0.2000215442251185,-79.99784557748815,6.871343632979604,0.45206208111707924,-54.79379188829208,4.243843256051003,0.27920021421388175,-72.07997857861183,3.1204013969520092,0.20528956558894798,-79.47104344110521
2025-10-26,8,53,29.15537972117301,0.9682955736025576,-3.1704426397442385,39.96086298986116,1.3271625038147181,32.71625038147181,25.71766418524176,0.8541236859927519,-14.58763140072481,30.022529401014488,0.9970949651615573,-0.2905034838442762
2025-10-26,9,53,65.09672123709623,1.3794600813116389,37.946008131163886,81.77222297865976,1.7328294761318024,73.28294761318026,63.817894732571574,1.3523605580116884,35.236055801168845,73.07320286673158,1.5484891474196139,54.848914741961394
2025-10-26,10,53,94.90394600721179,1.130885915243229,13.08859152432289,104.15229564591979,1.2410902722345063,24.109027223450635,79.62691408770053,0.9488431135331329,-5.115688646686712,94.87163677908737,1.1305009149080951,13.050091490809521
2025-10-26,11,53,117.05865891432877,1.0618528566248981,6.185285662489808,118.36281960349167,1.073683051555621,7.368305155562103,99.83217160302999,0.905589365049256,-9.441063495074399,109.20159862393159,0.9905805390414694,-0.9419460958530671
2025-10-26,12,53,123.83448140962395,1.02895289912442,2.895289912441993,115.43263379872143,0.959141120055849,-4.085887994415108,101.42729795593867,0.8427694055333499,-15.723059446665008,106.33908535120005,0.8835819306289991,-11.641806937100085
2025-10-26,13,53,114.64464197426196,0.9907928612415691,-0.9207138758430988,106.17787720608446,0.9176205790863751,-8.237942091362498,96.03630334520841,0.8299741020240982,-17.00258979759018,97.55754316247835,0.8431211058895371,-15.687889411046282
2025-10-26,14,53,66.5066506468377,0.8095757838933378,-19.042421610666214,59.460625794546694,0.7238055483207145,-27.619445167928546,48.72463721910586,0.5931179211090184,-40.68820788909816,51.95768540223599,0.6324733463449299,-36.752665365507006
2025-10-26,15,52,49.08533274915277,0.9483255940717303,-5.167440592826962,38.97927494434474,0.7530771820777576,-24.69228179222424,29.300042517587638,0.5660750099997611,-43.39249900002389,29.893695518187542,0.5775443492694656,-42.24556507305344
2025-10-26,16,52,32.74093517142523,1.0637080952379867,6.370809523798671,23.814751299791897,0.7737086192265075,-22.629138077349257,11.421675421813694,0.3710745751076574,-62.89254248923427,13.844620393158937,0.4497927353203034,-55.02072646796966
2025-10-26,17,39,8.137516385428661,0.6764352772592405,-32.356472274075955,4.739537291399929,0.39397649970074233,-60.602350029925766,2.137045760939058,0.1776430391470539,-82.2356960852946,2.1226479673642165,0.17644621507599476,-82.35537849240053
2025-10-26,18,5,0.02803774559774725,0.002579369420215938,-99.74206305797841,0.5428839143686931,0.0499433223890242,-95.00566776109758,0.4400000000000003,0.040478380864765434,-95.95216191352345,0.4605767828737389,0.04237136916961719,-95.76286308303828
2025-10-26,19,5,0.000841095322706272,7.737767458199374e-05,-99.9922622325418,0.39827441136092867,0.03663978025399527,-96.33602197460047,0.4400000000000003,0.040478380864765434,-95.95216191352345,0.4316548822721859,0.0397106607426114,-96.02893392573885
2025-10-27,6,5,0.0004140654173929725,3.809249470036545e-05,-99.99619075052996,0.3870008406105242,0.03560265323003902,-96.4397346769961,0.4400000000000003,0.040478380864765434,-95.95216191352345,0.429400168122105,0.039503235337820145,-96.04967646621799
2025-10-27,7,52,4.104807354897124,0.18114772086924644,-81.88522791307537,8.893494665345333,0.39247549273368637,-60.752450726631366,6.802101551765575,0.30018100404967235,-69.98189959503277,4.721617589356883,0.20836794304311043,-79.16320569568896
2025-10-27,8,53,33.562381462822565,0.5292081593002612,-47.079184069973884,48.795488370144916,0.7694022133419255,-23.05977866580745,41.57522325144951,0.655553819795798,-34.4446180204202,41.663350430260635,0.6569434000356454,-34.30565999643546
2025-10-27,9,53,72.62545862684424,0.6987248280435273,-30.12751719564727,94.11870386815917,0.905509946778518,-9.4490053221482,82.17544172936499,0.7906045962032421,-20.93954037967579,85.66064369053467,0.8241354982733756,-17.586450172662442
2025-10-27,10,53,107.10339742842729,0.8236822074015787,-17.631779259842126,125.17929018152459,0.962695456291045,-3.7304543708954925,107.50306865958711,0.8267558921755527,-17.324410782444733,115.77068799462334,0.8903382911222283,-10.966170887777173
2025-10-27,11,53,130.83190959152589,0.9066660401353146,-9.333395986468537,137.30492763986027,0.9515241000683319,-4.8475899931668165,123.42891943945779,0.8553632670787097,-14.463673292129037,128.44707934337998,0.8901391499887734,-10.986085001122662
2025-10-27,12,53,141.54973066219696,0.9749947008003648,-2.5005299199635225,142.86910810259255,0.9840825740638692,-1.5917425936130725,128.33819860459175,0.8839936534274125,-11.60063465725875,134.18602166566538,0.9242734651168575,-7.5726534883142484
2025-10-27,13,53,138.2200361214711,1.0151295249814274,1.5129524981427314,132.27876608549747,0.971495050569165,-2.850494943083507,120.34404553021734,0.8838428725779772,-11.615712742202284,123.72342629042414,0.9086620614749131,-9.133793852508687
2025-10-27,14,53,120.47638866688268,1.0693803361164804,6.938033611648045,107.65964706553947,0.9556155429215292,-4.438445707847082,95.9934262404362,0.8520630768723255,-14.793692312767446,99.08494985288907,0.8795042593013409,-12.049574069865905
2025-10-27,15,53,90.75971945272717,1.1783915794952893,17.839157949528918,79.98526161717704,1.0384998911604395,3.849989116043948,65.24019420029857,0.8470552350077717,-15.294476499222828,72.12212243051012,0.9364077178721127,-6.359228212788729
2025-10-27,16,53,53.202856765755996,1.3673311941854533,36.73311941854534,40.075464420697614,1.0299528249986536,2.9952824998653558,26.41148644280605,0.6787840257724505,-32.12159742275495,30.116207516301717,0.7739965951246907,-22.600340487530932
2025-10-27,17,44,14.998596864431674,1.1501991460453738,15.019914604537385,8.070038948122239,0.6188680174940367,-38.11319825059633,3.119627472322796,0.2392352356075764,-76.07647643924237,3.5471347221993828,0.27201953391099565,-72.79804660890044
2025-10-27,18,6,0.06971590509114625,0.006407711864995061,-99.3592288135005,0.744714668031702,0.0684480393411491,-93.15519606588511,0.4500000000000003,0.04136029411764709,-95.86397058823528,0.5089429336063407,0.046777843162347496,-95.32221568376525
2025-10-27,19,6,0.006069486795443063,0.0005578572422282228,-99.94421427577717,0.44364277739528596,0.04077599056941967,-95.92240094305802,0.4500000000000003,0.04136029411764709,-95.86397058823528,0.44872855547905743,0.04124343340800161,-95.87565665919983
2025-10-28,6,6,0.0005487590018552271,5.04374082587525e-05,-99.99495625917413,0.39005553867027537,0.03585069289248855,-96.41493071075115,0.4500000000000003,0.04136029411764709,-95.86397058823528,0.4380111077340553,0.04025837387261538,-95.97416261273845
2025-10-28,7,52,2.990643004679424,0.1396191878935305,-86.03808121064695,7.60413951224966,0.35500184464284124,-64.49981553571588,6.018066885451852,0.28095550352249543,-71.90444964775045,3.8636426588002557,0.18037547426705208,-81.9624525732948
2025-10-28,8,53,26.401913940394614,0.47239065915896605,-52.7609340841034,34.469374517417556,0.6167359906498042,-38.326400935019585,33.751131911360176,0.6038849867840432,-39.611501321595675,27.671536206915043,0.4951071069406878,-50.489289305931216
2025-10-28,9,53,62.50553401859845,0.6765400370018233,-32.34599629981767,81.93600416790483,0.8868492712187989,-11.315072878120116,70.65162537347841,0.7647107411351706,-23.528925886482945,73.51509955619473,0.7957040757245885,-20.429592427541156
2025-10-28,10,52,94.14791695846395,0.776413631522876,-22.358636847712397,110.19656902602128,0.9087627331850674,-9.123726681493258,97.21770958808962,0.8017294209804521,-19.827057901954795,101.07818023026401,0.8335657284369454,-16.643427156305453
2025-10-28,11,53,114.08292799768553,0.8309631291258325,-16.903687087416756,119.91406903811122,0.8734362957106215,-12.656370428937846,108.11321194791098,0.7874806027235122,-21.25193972764878,111.75027928428707,0.8139724618274243,-18.602753817257568
2025-10-28,12,53,134.57048367088578,0.9650088466897511,-3.4991153310248913,131.26458129192403,0.9413021247179925,-5.869787528200758,120.3400437767052,0.8629619489186462,-13.70380510813538,122.79027768400452,0.8805326474292186,-11.94673525707814
2025-10-28,13,53,133.00770027103152,1.0289935035666988,2.8993503566698933,123.50055339002398,0.9554429319977098,-4.4557068002290245,113.23942325825419,0.876059285612364,-12.394071438763596,114.46439427948685,0.8855360844769212,-11.44639155230788
2025-10-28,14,53,116.62919621543422,1.1026680175421597,10.266801754215964,104.50450948783921,0.988035449445393,-1.1964550554606987,94.39339733085411,0.8924401751995283,-10.755982480047162,96.3012566454158,0.9104779866258468,-8.952201337415328
2025-10-28,15,53,88.73378240005637,1.2128729141615142,21.28729141615141,77.78401009655367,1.0632040745838391,6.32040745838392,64.93855571876509,0.8876237796441374,-11.237622035586261,69.95736542566566,0.9562242403726854,-4.377575962731465
2025-10-28,16,53,52.770934707380924,1.4541453487842633,45.41453487842632,38.85865797922246,1.0707814268179237,7.078142681792368,25.422463179634565,0.7005363234950278,-29.946367650497212,29.09368391220327,0.8016997495784862,-19.830025042151373
2025-10-28,17,45,15.58669142791259,1.2196159176770418,21.961591767704174,8.057959232491756,0.6305132419790107,-36.948675802098926,3.8526630662493755,0.3014603338223299,-69.853966617767,3.479167213887375,0.27223530625096837,-72.77646937490316
2025-10-28,18,6,0.07716891449578814,0.00704738945167015,-99.29526105483298,0.7254892299523011,0.06625472419655719,-93.37452758034429,0.4500000000000003,0.041095890410958937,-95.8904109589041,0.5050978459904605,0.04612765716807859,-95.38723428319213
2025-10-28,19,6,0.01673430750259831,0.0015282472605112614,-99.84717527394886,0.411329945266341,0.037564378563136165,-96.24356214368639,0.4500000000000003,0.041095890410958937,-95.8904109589041,0.4422659890532684,0.04038958804139438,-95.96104119586056
2025-10-29,6,6,0.0005743350867830215,5.245069285689694e-05,-99.99475493071431,0.3209351208247284,0.0293091434543131,-97.06908565456868,0.4500000000000003,0.041095890410958937,-95.8904109589041,0.4241870241649459,0.038738541019629764,-96.12614589803702
2025-10-29,7,52,3.2373571937393857,0.14884400890755797,-85.11559910924422,7.818663128759545,0.35947876454066874,-64.05212354593313,5.37205754184969,0.24699115134941105,-75.30088486505889,3.8140501125459374,0.17535862586418102,-82.4641374135819
2025-10-29,8,53,30.58718346893683,0.5218765307786526,-47.81234692213474,44.7058625768529,0.7627685135105426,-23.72314864894574,33.732798131805104,0.5755468031360708,-42.44531968639293,36.86124198516831,0.6289241082608482,-37.10758917391518
2025-10-29,9,53,67.36312059538895,0.6881511961935739,-31.18488038064261,88.19505318185955,0.9009608047998728,-9.90391952001272,69.0146152031571,0.7050221187369201,-29.497788126307995,79.09007812894038,0.8079484945238572,-19.205150547614284
2025-10-29,10,53,100.20731869796964,0.7971942617181355,-20.280573828186455,114.9103405026047,0.9141634089308248,-8.583659106917517,89.58915148060792,0.7127219688194742,-28.727803118052574,105.38187509412637,0.8383601837241555,-16.16398162758444
2025-10-29,11,53,122.38053755610592,0.8757104655177523,-12.42895344822476,127.18230801088139,0.9100701825465571,-8.992981745344286,109.80765530214587,0.7857435084232262,-21.425649157677388,117.90488129434094,0.8436843026428688,-15.63156973571312
2025-10-29,12,52,132.6570622513247,1.0808853764468727,8.088537644687268,126.55904740297119,1.0311989521956422,3.119895219564222,109.95451157313785,0.8959057408387341,-10.40942591612659,117.3347594305092,0.9560397574391687,-4.396024256083128
2025-10-29,13,52,129.72198238891391,1.1924072285036669,19.240722850366677,120.29097482371478,1.1057172058435036,10.571720584350372,101.18277275518892,0.930074204937852,-6.9925795062148035,111.15215889190155,1.0217130149085536,2.1713014908553574
2025-10-29,14,52,108.1768988868752,1.2885872410586683,28.858724105866834,95.63103670840911,1.1391427839000492,13.914278390004913,76.24897003877608,0.9082664685976901,-9.173353140230983,87.25399264618669,1.0393566723786385,3.9356672378638478
2025-10-29,15,52,72.46884095844865,1.1358752501324243,13.587525013242418,63.368956893992504,0.9932438384638325,-0.6756161536167495,43.912765219825225,0.6882878561101133,-31.171214388988666,54.39462098435428,0.8525802662124498,-14.74197337875503
2025-10-29,16,52,40.40442245758095,1.3186821950907621,31.8682195090762,28.652906043006126,0.9351470640667796,-6.4852935933220435,14.38225151872703,0.46939463181223984,-53.06053681877601,17.874679253662997,0.583377260237043,-41.66227397629571
2025-10-29,17,36,7.925529057925254,0.6566304107643127,-34.33695892356872,4.844139040164901,0.4013371201462222,-59.86628798537779,1.6120616204261027,0.13355937203198864,-86.64406279680114,2.227759584810259,0.18456997388651694,-81.5430026113483
2025-10-29,18,7,0.024704824602063392,0.002254089835954689,-99.77459101640453,0.5594765170580324,0.05104712746879857,-94.89528725312015,0.46000000000000024,0.04197080291970805,-95.8029197080292,0.4798953034116067,0.043786067829526154,-95.62139321704738
2025-10-29,19,7,0.0019774699526653146,0.00018042609057165277,-99.98195739094284,0.4459475037585916,0.04068864085388609,-95.93113591461139,0.46000000000000024,0.04197080291970805,-95.8029197080292,0.4571895007517185,0.041714370506543655,-95.82856294934562
2025-10-30,6,7,0.0011933155631048608,0.00010887915721759678,-99.98911208427825,0.35124937324392747,0.03204830047846053,-96.79516995215394,0.46000000000000024,0.04197080291970805,-95.8029197080292,0.4382498746487857,0.039986302431458544,-96.00136975685413
2025-10-30,7,33,0.8552795979665431,0.07193268275580683,-92.80673172441931,3.7383492973238273,0.3144112108766886,-68.55887891233114,2.0089907503280444,0.16896473930429307,-83.1035260695707,1.6817537522768031,0.14144270414439053,-85.85572958556095
2025-10-30,8,51,9.540410489892775,0.48208238958528415,-51.79176104147159,15.064945303055868,0.7612402881786693,-23.875971182133064,11.132731693695284,0.5625432892215908,-43.74567107784092,9.243928114101786,0.46710096584647726,-53.28990341535227
2025-10-30,9,53,23.764450881266757,0.8469155695390863,-15.30844304609137,28.321571206326208,1.009321853397228,0.9321853397227835,12.844387032819608,0.45774722141196045,-54.225277858803956,18.41477383424625,0.6562642136224609,-34.3735786377539
2025-10-30,10,53,33.34777067369345,0.7979844621606473,-20.201553783935264,35.93214601309031,0.8598264181165427,-14.017358188345735,22.787920257458666,0.5452960099894394,-45.470399001056066,26.082502694207754,0.6241326320700589,-37.58673679299412
2025-10-30,11,53,50.079284412965286,1.0102740450467074,1.027404504670726,53.70501906001931,1.0834177740572786,8.341777405727864,30.454248303192117,0.6143685354688746,-38.563146453112545,42.123449986139946,0.8497770826334464,-15.022291736655358
2025-10-30,12,53,52.28065338357702,0.8402547956216171,-15.974520437838294,51.604525806068864,0.8293880714572301,-17.061192854276985,30.009536812347186,0.4823133528181804,-51.76866471818197,38.81021105281537,0.6237578118420984,-37.62421881579016
2025-10-30,13,53,72.25206471136624,1.4301675516897514,43.01675516897514,68.42404680711599,1.3543952257940615,35.43952257940614,41.619263023334135,0.8238175578648879,-17.61824421351122,58.306382395531315,1.1541247505053704,15.412475050537038
2025-10-30,14,53,70.1549636646281,1.679956026451822,67.9956026451822,63.643281128149475,1.5240249312296328,52.40249312296328,44.684338794110324,1.0700272699739062,7.002726997390611,52.66831445975423,1.2612144267182523,26.121442671825246
2025-10-30,15,53,47.30409115231752,1.7494116550413283,74.94116550413284,38.600930594803096,1.4275492083876884,42.754920838768854,28.708494469601124,1.0617046771302192,6.170467713021912,29.96498713391258,1.1081726011062345,10.81726011062345
2025-10-30,16,52,32.893167400118706,1.5844492967301884,58.444929673018834,24.346985592507934,1.1727835063828487,17.27835063828486,10.21722833675013,0.4921593611151316,-50.78406388848684,14.18041367530268,0.6830642425482987,-31.693575745170133
2025-10-30,17,39,6.293221004673305,0.49748782645638784,-50.25121735436122,3.953310248558409,0.312514644154815,-68.74853558451849,1.3006117433811122,0.10281515757953458,-89.71848424204654,1.3394307481112626,0.10588385360563342,-89.41161463943666
2025-10-30,18,6,0.032268759553379114,0.002946918680673892,-99.70530813193261,0.5957729929361971,0.05440849250558878,-94.55915074944113,0.4500000000000003,0.041095890410958937,-95.8904109589041,0.4791545985872397,0.04375841082988491,-95.62415891701151
2025-10-30,19,6,0.000805500277360611,7.356166916535261e-05,-99.99264383308346,0.4395330150229268,0.040140001371956786,-95.98599986280433,0.4500000000000003,0.041095890410958937,-95.8904109589041,0.44790660300458557,0.040904712603158505,-95.90952873968415
2025-10-31,6,6,0.000594974419563561,5.43355634304622e-05,-99.99456644365695,0.3359587082675342,0.030681160572377554,-96.93188394276223,0.4500000000000003,0.041095890410958937,-95.8904109589041,0.4271917416535071,0.03901294444324266,-96.09870555567574
2025-10-31,7,47,1.7279750736133341,0.10291691921461192,-89.7083080785388,5.480660488393881,0.3264240910300108,-67.35759089699891,3.1347660401933304,0.18670435021997203,-81.3295649780028,2.4773557591866218,0.1475494794036106,-85.24505205963894
2025-10-31,8,52,16.29576107071312,0.49187325900130147,-50.812674099869845,23.634811268191026,0.7133960539749781,-28.660394602502194,17.345342102968402,0.5235539421360821,-47.644605786391786,17.050384860872484,0.514650916416314,-48.5349083583686
2025-10-31,9,48,36.85429754386685,1.020894668805176,2.089466880517604,43.29142546060916,1.1992084615127194,19.920846151271935,32.044076069704644,0.8876475365569155,-11.23524634430845,35.653693055338294,0.9876369267406732,-1.2363073259326867
2025-10-31,10,50,51.337760536058305,1.2217458480737342,22.174584807373414,57.021404512205535,1.3570062949120785,35.700629491207856,40.57724137549224,0.9656649542001963,-3.4335045799803754,48.17165188911503,1.1463981886985968,14.639818869859681
2025-10-31,11,51,71.25330964783761,1.139688254124082,13.9688254124082,75.06745702844421,1.200695090026299,20.069509002629886,55.53532044069822,0.888280877170477,-11.171912282952306,66.46986348621407,1.0631775989477616,6.317759894776173
2025-10-31,12,53,86.82962524922436,0.9145736807375644,-8.542631926243558,85.10282387358406,0.8963853367767438,-10.361466322325617,63.053565262296175,0.6641411972013501,-33.585880279864995,76.10621885320195,0.8016243822751417,-19.837561772485827
2025-10-31,13,53,96.77461382921061,0.9662966932522277,-3.370330674777231,91.11017891301002,0.9097371833550675,-9.026281664493247,69.82768650996626,0.6972310185718048,-30.27689814281952,82.69584222831934,0.8257198425194142,-17.42801574805858
2025-10-31,14,53,79.69954366596275,0.9039304033794117,-9.606959662058838,71.17685255563596,0.8072683742274689,-19.273162577253107,56.64237299295766,0.6424222864121316,-35.75777135878685,62.409369170169704,0.7078299781123929,-29.21700218876071
2025-10-31,15,53,54.504461760175886,0.9029897574581823,-9.701024254181766,43.27598073637153,0.7169645582566523,-28.303544174334778,33.97755610065314,0.5629151110114834,-43.708488898851655,34.076441872924384,0.5645533776163748,-43.54466223836252
2025-10-31,16,53,37.04308682657392,1.1321236805187629,13.212368051876286,26.725001838485742,0.8167787847947966,-18.322121520520344,13.56095827166108,0.41445471490406727,-58.554528509593275,16.458402144606083,0.5030074005075209,-49.69925994924791
2025-10-31,17,34,7.86347094081247,0.6692315694308485,-33.07684305691515,5.213484960609101,0.4437008477114128,-55.62991522885872,1.9235519702450945,0.16370655065915699,-83.6293449340843,1.5342971366124614,0.13057847971169884,-86.94215202883011
2025-10-31,18,9,0.045136335708656675,0.004107036916165303,-99.58929630838347,0.8941127699301332,0.08135693993904762,-91.86430600609523,0.4600000000000003,0.04185623293903552,-95.81437670609644,0.546822553986027,0.04975637433903795,-95.0243625660962
2025-10-31,19,7,0.0010388385178477417,9.478453629997643e-05,-99.99052154636999,0.3917377792584584,0.03574249810752357,-96.42575018924765,0.4600000000000003,0.041970802919708054,-95.8029197080292,0.44634755585169195,0.04072514195727116,-95.92748580427289
2025-11-01,6,7,0.000510222101203643,4.655311142369005e-05,-99.99534468885763,0.32321849573186867,0.02949073866166685,-97.05092613383331,0.4600000000000003,0.041970802919708054,-95.8029197080292,0.43264369914637396,0.03947479006809981,-96.05252099319003
2025-11-01,7,41,2.2097435765821722,0.16466047515515442,-83.53395248448456,6.090695848998464,0.4538521497018229,-54.6147850298177,4.622376428173508,0.34443937616792164,-65.55606238320783,2.694666970384973,0.20079485621348533,-79.92051437865146
2025-11-01,8,52,27.757721932814636,1.1380779800252003,13.80779800252003,40.1560709252281,1.646415372088073,64.64153720880729,34.991571036983935,1.4346687592039333,43.466875920393335,31.88592729344622,1.3073360923922188,30.733609239221888
2025-11-01,9,53,61.48232151499609,1.5192073514948379,51.92073514948379,81.23436506136646,2.0072736610172095,100.72736610172093,69.0520838698045,1.70625361674832,70.62536167483199,73.73824515992891,1.822047075856904,82.20470758569041
2025-11-01,10,53,92.81516754815611,1.5168355539819598,51.68355539819597,108.23813222813529,1.7688859654867672,76.88859654867673,94.54805326984915,1.5451553075641307,54.515530756413064,99.9522340944593,1.6334733468615672,63.34733468615673
2025-11-01,11,53,118.48747496090766,1.21301673792903,21.301673792903003,125.51479977050077,1.2849590476095492,28.495904760954915,108.98081496723316,1.1156922089192582,11.56922089192583,116.70687927735322,1.1947878713897748,19.478787138977495
2025-11-01,12,53,130.1426414041393,1.0283078492741726,2.830784927417268,126.19965340405122,0.9971527607779014,-0.2847239222098591,109.77490046845901,0.8673743715902259,-13.262562840977408,117.45210363725779,0.9280349528860444,-7.196504711395561
2025-11-01,13,53,126.91010617691258,1.0972687720639165,9.726877206391649,118.21299541393188,1.0220732786955895,2.20732786955895,105.56916911790911,0.9127543586193075,-8.724564138069242,109.92890917546762,0.9504488083647555,-4.9551191635244445
2025-11-01,14,53,111.38732679478277,1.190162696813578,19.016269681357798,99.68253904539074,1.065098184051616,6.509818405161595,88.58232410410122,0.9464934726370469,-5.350652736295315,91.78607076310448,0.9807251924682602,-1.9274807531739793
2025-11-01,15,53,83.20675793184225,1.2908277681018032,29.08277681018032,73.04757186596049,1.1332232681656917,13.322326816569163,61.95633695844125,0.9611594315612976,-3.884056843870244,65.7562735515173,1.020109735518419,2.0109735518418987
2025-11-01,16,53,48.17419011146858,1.4886956153111428,48.86956153111429,35.08746011993642,1.084284923360211,8.428492336021089,22.732340433174485,0.702482708070905,-29.751729192909497,24.76993603721398,0.7654491976889364,-23.45508023110636
2025-11-01,17,17,4.26897306088053,0.38528637733578797,-61.4713622664212,3.246197227854702,0.2929780891565616,-70.70219108434384,1.6467135173227696,0.14862035354898645,-85.13796464510136,1.0492394455709404,0.0946967008638033,-90.53032991361967
2025-11-01,18,7,0.03423315748940967,0.003123463274581174,-99.68765367254187,0.5626367263005155,0.051335467728149224,-94.86645322718508,0.46000000000000024,0.04197080291970805,-95.8029197080292,0.4805273452601033,0.043843735881396284,-95.61562641186036
2025-11-01,19,7,0.0008798345608246446,8.027687598765004e-05,-99.99197231240123,0.3973792148498998,0.036257227632290126,-96.37427723677098,0.46000000000000024,0.04197080291970805,-95.8029197080292,0.4474758429699801,0.04082808786222446,-95.91719121377756
2025-11-02,6,7,0.0006507964997714812,5.9379242679879666e-05,-99.99406207573202,0.3174477651491004,0.028964212148640544,-97.10357878513594,0.46000000000000024,0.04197080291970805,-95.8029197080292,0.4314895530298203,0.039369484765494546,-96.06305152345055
2025-11-02,7,52,2.4175812994239836,0.1279820698477493,-87.20179301522506,6.621292188137139,0.3505183794672917,-64.94816205327083,4.680788744303872,0.24779188694038498,-75.2208113059615,3.2103404035178227,0.1699492008214835,-83.00507991785166
2025-11-02,8,53,28.561805106703257,0.5123193741112692,-48.76806258887309,42.12736077222376,0.7556477268560314,-24.435227314396855,35.930450279454206,0.6444923816942457,-35.550761830575425,33.47961351769276,0.6005311841738611,-39.946881582613884
2025-11-02,9,53,64.71268121466863,0.6726190750926996,-32.73809249073004,87.16414433104639,0.9059780098851095,-9.402199011489056,75.58207671416972,0.7855948104580575,-21.44051895419425,79.3569595730033,0.8248306784430235,-17.516932155697653
2025-11-02,10,53,98.00583011009124,0.7646549903260611,-23.534500967393893,115.81660070484124,0.9036170765767437,-9.638292342325624,102.27297045041058,0.7979478072123788,-20.20521927876212,107.11332571863285,0.8357129259470458,-16.42870740529542
2025-11-02,11,53,120.55718256378586,0.8372607998040548,-16.27392001959452,127.91057094857788,0.8883295433611909,-11.167045663880911,116.78997396905373,0.8110978121331601,-18.890218786683988,119.13546565480267,0.8273870800389101,-17.26129199610899
2025-11-02,12,53,131.02394118556677,0.8929594574086199,-10.704054259138006,127.78175600959611,0.8708631909602409,-12.913680903975914,121.03955227802287,0.8249134619915689,-17.508653800843113,119.14044655519285,0.8119706028432692,-18.802939715673084
2025-11-02,13,53,127.04253617213807,0.9303737544645777,-6.962624553542228,119.00775773082117,0.8715324623275078,-12.846753767249226,114.5016813851138,0.8385330017218148,-16.14669982781852,110.81011154269154,0.8114984367828016,-18.85015632171984
2025-11-02,14,53,112.62026346933398,1.0029411654584914,0.2941165458491404,101.00341876358836,0.8994872095786658,-10.051279042133425,93.2359367128545,0.8303138009872163,-16.968619901278373,93.10072649087638,0.8291096846636068,-17.089031533639325
2025-11-02,15,53,85.00916498789837,1.1063139639237167,10.631396392371661,74.62194494121027,0.9711341090735331,-2.8865890926466893,64.77499625776035,0.8429853755564857,-15.701462444351433,67.53458871970703,0.8788988641294513,-12.110113587054865
2025-11-02,16,53,49.4477767109489,1.348820968656544,34.882096865654404,35.595359725254646,0.9709590759753042,-2.9040924024695878,21.83705756082333,0.5956644179166212,-40.433558208337885,25.53614928886917,0.6965670837116522,-30.343291628834777
2025-11-02,17,33,9.45282765810479,0.8004087771468915,-19.959122285310844,5.17902067577843,0.43852842301256817,-56.147157698743186,2.5138024030639183,0.21285371744825726,-78.71462825517428,1.4838041351556857,0.12563963887855084,-87.43603611214492
2025-11-02,18,8,0.04440849834992118,0.004048176695526088,-99.59518233044739,0.5802755371315723,0.05289658497097287,-94.71034150290272,0.4700000000000003,0.04284412032816776,-95.71558796718323,0.4920551074263147,0.044854613256728786,-95.51453867432711
2025-11-02,19,8,0.0006867089942966971,6.259881442996329e-05,-99.993740118557,0.3983004798548214,0.036308156778014716,-96.36918432219854,0.4700000000000003,0.04284412032816776,-95.71558796718323,0.4556600959709645,0.041536927618137154,-95.84630723818628
2025-11-03,6,8,0.0005646461766746517,5.1471848375082203e-05,-99.99485281516249,0.29775660869421394,0.02714280844979161,-97.28571915502083,0.4700000000000003,0.04284412032816776,-95.71558796718323,0.43555132173884303,0.03970385795249253,-96.02961420475073
2025-11-03,7,52,2.2228169712098675,0.11209364453907553,-88.79063554609246,6.411528235099101,0.32332467146238536,-67.66753285376146,3.410557044072639,0.1719897652078991,-82.80102347921009,2.9170257592255266,0.14710165200330444,-85.28983479966955
2025-11-03,8,53,27.82989636305424,0.472173334968684,-52.782666503131594,40.86273144986187,0.6932937130957222,-30.670628690427783,37.06485195243722,0.6288573456470515,-37.11426543529484,33.446050262364764,0.5674592850757509,-43.254071492424906
2025-11-03,9,53,64.31070591278507,0.6798171872387426,-32.018281276125734,85.79008132811286,0.9068718956460131,-9.312810435398687,72.693562388083,0.7684308920516171,-23.15691079483829,78.06981062311428,0.8252622687432797,-17.47377312567203
2025-11-03,10,53,97.17510161431434,0.8167347589032976,-18.326524109670235,114.3614012768331,0.9611817219434621,-3.881827805653794,99.34354796176241,0.834960060192994,-16.503993980700603,105.72554390825499,0.8885992932278954,-11.140070677210455
2025-11-03,11,53,120.00401712013657,0.9231788377578013,-7.682116224219874,126.84862517508819,0.975833719325242,-2.4166280674758007,117.47429091489106,0.9037179084151941,-9.628209158480596,118.12367106060138,0.9087135245834402,-9.128647541655974
2025-11-03,12,53,129.9169212884472,0.9642045516435149,-3.579544835648505,126.07712659492138,0.9357067433198855,-6.42932566801145,117.0091647654737,0.8684070414537159,-13.159295854628402,117.43571806256172,0.8715727925082508,-12.842720749174921
2025-11-03,13,53,127.26577297760629,1.0023294713523374,0.23294713523374852,118.72973364381221,0.9351006823959377,-6.489931760406228,109.33315269992775,0.8610943742610676,-13.89056257389324,110.43473641301496,0.8697703111996138,-13.022968880038622
2025-11-03,14,53,111.5242316785885,1.0514210585329358,5.142105853293579,99.78276933741984,0.9407256466241145,-5.9274353375885465,90.19539496864142,0.8503384083024551,-14.966159169754487,91.84362105261482,0.8658774493505687,-13.412255064943137
2025-11-03,15,53,84.00323472526779,1.142901152724732,14.29011527247318,73.78680512173713,1.003902110499825,0.39021104998249206,60.854908693589515,0.8279579414093812,-17.204205859061886,66.45939217309183,0.9042094173209773,-9.579058267902274
2025-11-03,16,53,48.67299586365762,1.393443912500934,39.34439125009339,35.024770725691006,1.0027131613424278,0.2713161342427896,21.269349023496364,0.6089135134124353,-39.10864865875647,24.395451462993652,0.6984097183794347,-30.159028162056533
2025-11-03,17,33,9.222868432209815,0.7789584824501533,-22.10415175498467,5.065983014232708,0.4278701870128976,-57.21298129871024,2.217050424342251,0.18725088043431176,-81.27491195656883,1.5411966028465416,0.13016863199717413,-86.9831368002826
2025-11-03,18,6,0.02147575445895794,0.001961256114973328,-99.80387438850266,0.5575873055140957,0.050921215115442536,-94.90787848845574,0.4500000000000003,0.041095890410958937,-95.8904109589041,0.4715174611028194,0.043060955351855654,-95.69390446481444
2025-11-03,19,6,0.0010546513902625202,9.631519545776441e-05,-99.99036848045422,0.39559279183899143,0.03612719560173438,-96.38728043982655,0.4500000000000003,0.041095890410958937,-95.8904109589041,0.4391185583677985,0.04010215144911402,-95.9897848550886
2025-11-04,6,6,0.00042085251667230763,3.843401978742536e-05,-99.99615659802126,0.29353019669478025,0.02680641065705756,-97.31935893429424,0.4500000000000003,0.041095890410958937,-95.8904109589041,0.41870603933895634,0.03823799446017866,-96.17620055398213
2025-11-04,7,48,1.9606827093225,0.11904570184107467,-88.09542981589253,5.982971178772009,0.36326479531099015,-63.67352046890099,2.2011806151911215,0.13364788191810087,-86.63521180818992,2.371708602066501,0.14400173661605956,-85.59982633839405
2025-11-04,8,53,25.946938823795943,0.5145139564504448,-48.54860435495551,33.954710912842394,0.6733038055292957,-32.669619447070424,28.353607005136165,0.5622369027391664,-43.77630972608337,26.26604969285583,0.5208417547661277,-47.91582452338722
2025-11-04,9,53,60.85470563448663,0.7117509430934109,-28.824905690658902,80.87674275467506,0.945926815844153,-5.4073184155847045,65.18512207324561,0.7623990885759722,-23.760091142402786,72.95532447918478,0.8532786488793543,-14.672135112064568
2025-11-04,10,53,92.52693225341423,0.824513743124347,-17.5486256875653,108.85787917389541,0.9700399142211317,-2.9960085778868297,90.83357838923685,0.8094241524615651,-19.057584753843486,99.95243689351823,0.8906829165346482,-10.931708346535187
2025-11-04,11,53,114.73218287101095,0.9149296879665946,-8.507031203340546,121.38467609564518,0.9679798731710142,-3.202012682898577,109.72529282901161,0.8750023351595823,-12.499766484041775,112.83904277193982,0.8998328769692171,-10.01671230307829
2025-11-04,12,53,125.78503593096326,0.9919173245876768,-0.8082675412323265,122.14465671423845,0.9632099733005164,-3.6790026699483667,113.57121337608862,0.8956013987547405,-10.439860124525948,113.74088438919041,0.8969393927071243,-10.306060729287566
2025-11-04,13,53,116.64904120437156,1.015310655447572,1.5310655447571826,107.94951525761114,0.939590175451398,-6.040982454860203,103.76806778566021,0.9031949498273146,-9.680505017268533,99.48141144628445,0.8658839885654489,-13.411601143455107
2025-11-04,14,53,105.79850475340851,1.1028719353008287,10.287193530082874,94.48930292862002,0.9849817880602524,-1.501821193974759,84.04706446215701,0.8761290989487857,-12.38709010512144,86.96538387932405,0.9065504417734186,-9.344955822658141
2025-11-04,15,53,77.29955011161923,1.2104533371691082,21.04533371691081,67.36921104730388,1.0549516293032242,5.495162930322414,52.94978409751569,0.8291541512294973,-17.08458487705026,59.39409033007807,0.9300671833710944,-6.993281662890564
2025-11-04,16,53,43.35515890383164,1.37635425091529,37.63542509152901,30.817405566403185,0.9783303354413709,-2.1669664558629056,17.91626448148686,0.5687703009995828,-43.12296990004172,20.85136491021611,0.6619480923878129,-33.805190761218704
2025-11-04,17,27,6.4577932979659085,0.5714861325633548,-42.85138674366452,3.860643341094474,0.34164985319420127,-65.83501468057987,1.4869999262786116,0.13159291382996563,-86.84070861700344,1.204128668218895,0.10656005913441549,-89.34399408655845
2025-11-04,18,7,0.022054236708032568,0.0020122478748204895,-99.79877521251794,0.5202782532416671,0.04747064354394773,-95.25293564560523,0.4600000000000003,0.041970802919708054,-95.8029197080292,0.4720556506483337,0.04307077104455599,-95.6929228955444
2025-11-04,19,7,0.0007409974482422957,6.760925622648683e-05,-99.99323907437736,0.42406923102838323,0.038692448086531314,-96.13075519134688,0.4600000000000003,0.041970802919708054,-95.8029197080292,0.4528138462056769,0.0413151319530727,-95.86848680469274
2025-11-05,6,7,0.000470411214714304,4.292073126955328e-05,-99.99570792687305,0.28802686299413294,0.026279823265888038,-97.3720176734112,0.4600000000000003,0.041970802919708054,-95.8029197080292,0.42560537259882686,0.03883260698894405,-96.1167393011056
2025-11-05,7,52,1.9240611062803123,0.10383492208744265,-89.61650779125574,6.070177342644011,0.32758647288958503,-67.24135271104149,2.5096638913713294,0.13543787864928922,-86.45621213507108,2.6237268086444665,0.14159345972177367,-85.84065402782262
2025-11-05,8,53,25.97930802861419,0.49931401169737066,-50.068598830262935,34.382817951706826,0.6608267913070696,-33.91732086929304,34.158785256559526,0.6565209543832314,-34.34790456167686,28.042143348765972,0.5389610484098785,-46.103895159012154
2025-11-05,9,53,61.435311356764615,0.7090053243712016,-29.09946756287985,82.05565986999909,0.9469781866127996,-5.302181338720041,70.21125973221007,0.8102857441686101,-18.97142558313899,74.33260877230575,0.8578489183185891,-14.215108168141095
2025-11-05,10,53,93.67674559512764,0.865134333165198,-13.4865666834802,110.99322581054855,1.0250574973268245,2.5057497326824443,97.77300506345335,0.9029645831497355,-9.703541685026456,102.56815711201415,0.9472493268564292,-5.275067314357086
2025-11-05,11,53,115.79935961633076,0.8842345725132159,-11.57654274867841,122.63842007419989,0.9364570866997547,-6.354291330024528,106.63345457035534,0.8142444606777286,-18.575553932227145,113.97042842617688,0.8702690014216315,-12.97309985783684
2025-11-05,12,53,126.6741545820317,0.94413173274228,-5.586826725771994,123.04657354835336,0.9170945334154682,-8.290546658453174,111.4040308472639,0.8303199735206374,-16.96800264793627,114.54394997732511,0.8537225160417763,-14.62774839582237
2025-11-05,13,53,121.43797016330541,0.9654791712776705,-3.452082872232952,112.36869494097236,0.8933749001508375,-10.662509984916245,102.94830936060931,0.8184791648959239,-18.152083510407614,103.97422026609992,0.8266355562577509,-17.33644437422491
2025-11-05,14,53,108.29549766456915,1.0343409519061046,3.4340951906104604,96.87537336823614,0.9252662212821026,-7.473377871789745,86.8134168199358,0.8291634844310964,-17.08365155689036,89.26000129678744,0.8525310534554674,-14.746894654453262
2025-11-05,15,53,80.7352324154905,1.1200781411694019,12.007814116940187,71.03384381275082,0.985486179422181,-1.4513820577819025,61.54027303296808,0.8537773728214216,-14.62226271785784,64.04844709459847,0.8885744602469265,-11.14255397530735
2025-11-05,16,53,46.15032109347055,1.3763889380695065,37.63889380695064,32.92121668769599,0.9818436232536829,-1.815637674631711,18.688859194233324,0.5573772500516947,-44.262274994830534,22.271104813226803,0.6642142801439547,-33.578571985604526
2025-11-05,17,30,7.557732117222544,0.6577660676433895,-34.22339323566105,4.340685977707856,0.37777945846021377,-62.222054153978625,1.8787318153595791,0.16351016669796165,-83.64898333020383,1.3161371955415706,0.1145463181498321,-88.5453681850168
2025-11-05,18,7,0.006345057545406322,0.0005747334733157901,-99.94252665266842,0.5267879978799737,0.04771630415579472,-95.22836958442053,0.4700000000000003,0.04257246376811597,-95.7427536231884,0.481357599575995,0.043601231845651726,-95.63987681543482
2025-11-05,19,7,0.0005648528932766857,5.1164211347525886e-05,-99.99488357886524,0.3906717640855244,0.03538693515267431,-96.46130648473257,0.4700000000000003,0.04257246376811597,-95.7427536231884,0.45413435281710507,0.04113535804502764,-95.88646419549724
2025-11-06,6,6,0.00046070146802962476,4.2073193427362996e-05,-99.99579268065727,0.29764503918502366,0.027182195359362893,-97.2817804640637,0.4500000000000003,0.041095890410958937,-95.8904109589041,0.4195290078370049,0.03831315140063972,-96.16868485993602
2025-11-06,7,46,1.2540230572668167,0.08054097991437488,-91.94590200856251,4.6493096136352206,0.2986069116014914,-70.13930883985087,1.2846156936043531,0.08250582489430656,-91.74941751056934,1.942833828441741,0.12478059270659866,-87.52194072934014
2025-11-06,8,52,13.561743667292461,0.3315829747504269,-66.8417025249573,19.804891113266205,0.4842271665835258,-51.577283341647416,14.895498256265872,0.3641931114001436,-63.580688859985635,13.501626069524171,0.3301131068343318,-66.98868931656682
2025-11-06,9,52,26.890173091752775,0.3815832707783848,-61.84167292216153,31.856912863718993,0.45206347188475937,-54.79365281152406,22.138676227295516,0.31415746029935454,-68.58425397006454,23.309065085042292,0.33076578806644374,-66.92342119335562
2025-11-06,10,53,58.90475568868254,0.5778941988490389,-42.21058011509611,67.66588636919623,0.6638466238516258,-33.615337614837415,51.31117005447868,0.5033961547579582,-49.66038452420418,59.24990791898537,0.5812803680857977,-41.87196319142022
2025-11-06,11,53,57.882938779184315,0.48263936278816244,-51.736063721183754,60.65357962461174,0.5057415127542044,-49.42584872457955,40.35357591863181,0.33647607703353466,-66.35239229664653,51.08254977400902,0.4259363776703829,-57.406362232961705
2025-11-06,12,53,64.7448475690964,0.5094810164392225,-49.05189835607775,63.08940305194246,0.49645422609334644,-50.354577390665355,38.1796631026251,0.3004380162309183,-69.95619837690816,53.399967167145526,0.4202074847902544,-57.979251520974564
2025-11-06,13,53,78.76684377061183,0.8140434453349714,-18.595655466502855,74.45002183872246,0.7694297420289631,-23.057025797103687,51.58816706754283,0.5331559225665857,-46.68440774334143,66.4631739622501,0.6868868743514893,-31.311312564851075
2025-11-06,14,53,67.94457710731136,0.883889386071437,-11.611061392856307,61.47439137312377,0.7997188938873913,-20.02811061126087,40.138908078085365,0.5221660996238502,-47.78339003761498,52.209093564493145,0.6791868552685462,-32.08131447314538
2025-11-06,15,53,37.78170394728321,0.8086837317483566,-19.131626825164343,29.155736084935263,0.6240525703111145,-37.59474296888855,24.037792935483502,0.5145075542697668,-48.54924457302332,21.95589942365588,0.46994647738989476,-53.00535226101053
2025-11-06,16,53,23.7350205691607,1.0667424974903685,6.674249749036852,17.052292843704514,0.7663951839867197,-23.36048160132803,6.951342231856158,0.3124198755890408,-68.75801244109591,8.935111767295483,0.40157805695710036,-59.84219430428996
2025-11-06,17,12,1.1852582080611795,0.09763247183370506,-90.23675281662949,1.441499588475023,0.11873966956136928,-88.12603304386307,0.5378030302648793,0.044300084865311305,-95.56999151346888,0.6642999176950048,0.05471992732248804,-94.5280072677512
2025-11-06,18,7,0.015579140970615149,0.0012896639876337043,-99.87103360123662,0.5586675193599564,0.046247311205294406,-95.37526887947057,0.4500000000000003,0.0372516556291391,-96.27483443708608,0.47173350387199153,0.03905078674437016,-96.09492132556299
2025-11-06,19,7,0.001860175859303898,0.00015398806782317037,-99.98460119321769,0.4423664420124866,0.0366197385771926,-96.33802614228074,0.4500000000000003,0.0372516556291391,-96.27483443708608,0.44847328840249756,0.0371252722187498,-96.28747277812502
2025-11-07,6,7,0.0010524951603561924,8.712708281094307e-05,-99.9912872917189,0.3218021559557667,0.026639251320841616,-97.33607486791584,0.4500000000000003,0.0372516556291391,-96.27483443708608,0.42436043119115363,0.03512917476747961,-96.48708252325203
2025-11-07,7,47,0.7236328949316619,0.04453125507271768,-95.54687449272824,3.6487076229016564,0.2245358537170251,-77.54641462829748,1.0870820154912857,0.06689735479946377,-93.31026452005364,1.6463144198060327,0.10131165660344821,-89.86883433965518
2025-11-07,8,53,8.548677672127162,0.2481473925145766,-75.18526074854233,13.177580542027437,0.3825132232809126,-61.748677671908744,10.988520751214313,0.31897012340244746,-68.10298765975526,8.287518646041102,0.24056657898522796,-75.94334210147721
2025-11-07,9,53,18.930971241519543,0.39332996554164856,-60.66700344583514,22.359391014789807,0.46456245615603176,-53.54375438439683,16.95587325757885,0.3522932320294796,-64.77067679705203,15.796573472597204,0.3282063883772534,-67.17936116227466
2025-11-07,10,53,31.314586302551067,0.5906183761326117,-40.93816238673883,33.06885084965984,0.6237052216080695,-37.62947783919305,21.101742647250873,0.39799590055169515,-60.20040994483048,24.27606974759854,0.45786627211615516,-54.21337278838448
2025-11-07,11,53,52.94214719117833,0.7071209722342504,-29.287902776574963,55.104748553205,0.7360057239642713,-26.399427603572867,33.085629283758685,0.44190769712513267,-55.809230287486734,45.322121466900725,0.6053442162000898,-39.46557837999102
2025-11-07,12,53,49.09468498231303,0.6380905248546012,-36.19094751453989,46.81561374795529,0.6084691155180046,-39.15308844819954,23.536009840069795,0.3059008297383648,-69.40991702616353,34.757576662255246,0.451749111804721,-54.8250888195279
2025-11-07,13,53,43.96327417588291,0.6386297817530928,-36.13702182469073,41.20145471860169,0.5985103823155388,-40.14896176844613,22.906314403294175,0.33274715867655685,-66.72528413234431,30.51599578183387,0.4432887243148441,-55.6711275685156
2025-11-07,14,53,29.45825361256307,0.6514430254879049,-34.85569745120951,25.736714263396596,0.5691444994116893,-43.085550058831075,13.015057907570476,0.287816406624734,-71.21835933752659,16.63287164062209,0.3678211331406918,-63.21788668593082
2025-11-07,15,53,12.668851292362566,0.5083808704800388,-49.16191295199613,9.267595970227875,0.37189389928683286,-62.81061007131672,5.935690139648982,0.23818981298751934,-76.18101870124806,4.571247369572847,0.18343689284000186,-81.65631071599982
2025-11-07,16,50,5.095200867097285,0.2778190221972347,-72.21809778027652,3.3509538409098276,0.18271285937349116,-81.72871406265088,1.2803269242297701,0.06981062836585443,-93.01893716341456,1.6045591244991566,0.08748959239362904,-91.2510407606371
2025-11-07,17,8,0.34886287823400935,0.029193546295733,-97.08064537042671,1.3016215335079635,0.10892230405924382,-89.10776959407562,0.4500000000000003,0.037656903765690405,-96.23430962343096,0.6203243067015929,0.05190998382440108,-94.8090016175599
2025-11-07,18,7,0.0009492299215116771,7.949999342643861e-05,-99.99205000065736,0.5102547683498168,0.042734905221927695,-95.72650947780723,0.4500000000000003,0.037688442211055294,-96.23115577889446,0.46205095366996357,0.03869773481322977,-96.13022651867702
2025-11-07,19,7,0.0012877506085039723,0.00010785180975745161,-99.98921481902426,0.39752629990902155,0.03329365995887952,-96.67063400411206,0.4500000000000003,0.037688442211055294,-96.23115577889446,0.4395052599818045,0.03680948576062014,-96.31905142393799
2025-11-08,6,7,0.0010382249277796846,8.695351153933706e-05,-99.99130464884607,0.2902429864229214,0.024308457824365273,-97.56915421756347,0.4500000000000003,0.037688442211055294,-96.23115577889446,0.41804859728458454,0.03501244533371729,-96.49875546662827
2025-11-08,7,16,0.09330141256891253,0.00771723842588193,-99.22827615741181,1.3697614622915943,0.11329706057002435,-88.67029394299757,0.5100000000000002,0.042183622828784136,-95.7816377171216,0.7261119264480533,0.06005888556228729,-93.99411144377126
2025-11-08,8,49,1.8822582366991194,0.1133207848705069,-88.6679215129493,4.691613729600589,0.2824571781818537,-71.75428218181463,3.512331658267396,0.2114588596187475,-78.85411403812526,2.269134243423502,0.13661253723199893,-86.33874627680012
2025-11-08,9,50,4.085510623576891,0.1955725525886496,-80.44274474113504,6.730490630589015,0.32218720108133153,-67.78127989186686,4.031012841971371,0.19296375500102303,-80.7036244998977,3.245275712511071,0.15535068034997945,-84.46493196500205
2025-11-08,10,53,7.147123292783575,0.24186542445968107,-75.8134575540319,10.582378853966063,0.3581177277145876,-64.18822722854124,8.264029994987556,0.2796626055833353,-72.03373944166648,5.949263234973268,0.2013287050752375,-79.86712949247625
2025-11-08,11,53,11.186682652959412,0.3643870570996551,-63.56129429003449,13.668072730695837,0.4452140954624051,-55.478590453759494,12.157451382875859,0.3960081883672918,-60.39918116327082,8.868155736245315,0.2888650076952871,-71.1134992304713
2025-11-08,12,53,22.969677343882868,0.6141624958257451,-38.583750417425485,23.34810045370569,0.6242807607942699,-37.57192392057302,17.501998650804193,0.4679678783637485,-53.203212163625146,16.81324418033913,0.4495519834315275,-55.04480165684724
2025-11-08,13,53,21.623035974661327,0.6289422912932323,-37.10577087067677,21.38392389641256,0.6219873151952461,-37.80126848047539,17.207714461785528,0.5005152548512369,-49.9484745148763,15.068732544204801,0.4382993759221873,-56.17006240778127
2025-11-08,14,51,19.575326648197418,0.9143076435402813,-8.569235645971878,17.70778279004486,0.827079999535024,-17.29200004649761,15.903947971308028,0.742828022947596,-25.717197705240398,12.62454715726002,0.589656569699207,-41.0343430300793
2025-11-08,15,52,8.296171469774555,0.45860538804723905,-54.1394611952761,6.442808101480463,0.35615301832396146,-64.38469816760386,5.481172203844966,0.30299459391072225,-69.70054060892777,3.419083524757504,0.18900406438681616,-81.09959356131839
2025-11-08,16,47,5.156253436322878,0.3249056985710699,-67.50943014289301,3.646934827884495,0.22980055626241308,-77.01994437375869,2.4751493427293694,0.15596404175988468,-84.40359582401152,1.7581780843549193,0.11078626870541396,-88.9213731294586
2025-11-08,17,9,0.3738550798158348,0.03125878593777883,-96.87412140622212,0.8494767883427479,0.07102648731962774,-92.89735126803723,0.5501896675486093,0.04600248056426499,-95.39975194357349,0.5378953576685498,0.044974528233156334,-95.50254717668437
2025-11-08,18,8,0.002399252078110847,0.00020077423247789514,-99.97992257675222,0.4955325418405438,0.04146715831301622,-95.85328416869838,0.4600000000000003,0.03849372384937241,-96.15062761506276,0.467106508368109,0.039088410742101176,-96.09115892578987
2025-11-08,19,8,0.027382938646108593,0.0022914593009295894,-99.77085406990705,0.4208365217548111,0.03521644533513064,-96.47835546648693,0.4600000000000003,0.03849372384937241,-96.15062761506276,0.4521673043509625,0.03783826814652406,-96.21617318534759
2025-11-09,6,9,0.0005531627358029909,4.497258014658462e-05,-99.99550274198535,0.3146979478568192,0.025585199012749527,-97.44148009872504,0.4800000000000003,0.03902439024390246,-96.09756097560975,0.4469395895713641,0.03633655199767188,-96.36634480023281
2025-11-09,7,47,1.2103763544401815,0.07375846157466066,-92.62415384253393,4.690264383975078,0.28581745179616563,-71.41825482038342,1.3581225716014091,0.08276188736145089,-91.7238112638549,1.7482585119451612,0.10653616769927857,-89.34638323007215
2025-11-09,8,53,21.989854716223967,0.6056142857676665,-39.438571423233356,32.634215839857355,0.8987666163552013,-10.12333836447987,30.901645209241124,0.8510505428047681,-14.894945719523195,26.160749731153643,0.7204833305192412,-27.951666948075882
2025-11-09,9,52,54.728272393452215,0.8269609004752525,-17.303909952474754,73.33317915482469,1.1080867203811526,10.808672038115267,61.9762643014713,0.9364802704966954,-6.351972950330468,65.33244158115433,0.9871931335925404,-1.2806866407459643
2025-11-09,10,53,81.11785989160063,0.8575733152722342,-14.242668472776574,90.85645597249456,0.9605291888412577,-3.947081115874227,77.95818933415195,0.8241694611920072,-17.58305388079928,82.91830914293766,0.8766075604497058,-12.339243955029424
2025-11-09,11,53,105.61000305853602,0.8810378164556271,-11.896218354437291,113.5888778719033,0.9476005495278493,-5.2399450472150635,100.57581297590588,0.8390407355961114,-16.095926440388862,104.99554354388115,0.8759117672802298,-12.408823271977017
2025-11-09,12,53,109.24412671024112,0.8460666566778278,-15.39333433221723,104.2727253079825,0.8075644772923055,-19.24355227076944,93.99807971465205,0.7279900845310723,-27.200991546892777,95.80645386984119,0.7419954605780761,-25.800453942192387
2025-11-09,13,53,117.57602959930867,1.0832506872978502,8.32506872978502,111.37486977418673,1.0261182031894853,2.6118203189485243,106.110140978107,0.9776132391570572,-2.2386760842942772,102.6913023986396,0.9461148184875585,-5.388518151244149
2025-11-09,14,53,103.68406605946075,1.048584810471893,4.8584810471892865,92.55170673305989,0.9360002703586155,-6.3999729641384455,82.78075153592789,0.8371839758892385,-16.281602411076147,85.0369719387538,0.8600017388628015,-13.999826113719852
2025-11-09,15,53,76.98925847195046,1.1414271085537504,14.142710855375034,67.27444413227799,0.9973972443629057,-0.2602755637094304,58.75083745308391,0.871027982996055,-12.897201700394504,60.27735116076676,0.8936597651707452,-10.634023482925485
2025-11-09,16,53,43.22304712232549,1.3524107359926623,35.24107359926623,30.573178910282348,0.956607600446882,-4.339239955311806,18.614019537025147,0.5824161306954051,-41.75838693045949,20.909451072236116,0.6542381436869874,-34.576185631301264
2025-11-09,17,23,5.432959880525272,0.44678946385898627,-55.321053614101366,3.460462672294823,0.2845775223926664,-71.54224776073335,0.6164982914495429,0.05069887265210059,-94.93011273478994,1.1080925344589647,0.09112603079432278,-90.88739692056772
2025-11-09,18,8,0.0059796297173589155,0.0005003874240467713,-99.94996125759532,0.49869826246338056,0.04173207217266783,-95.82679278273322,0.4600000000000003,0.03849372384937241,-96.15062761506276,0.4677396524926763,0.039141393514031494,-96.08586064859685
2025-11-09,19,8,0.002095832281327259,0.00017538345450437314,-99.98246165454955,0.3984026506338643,0.03333913394425643,-96.66608660557436,0.4600000000000003,0.03849372384937241,-96.15062761506276,0.4476805301267731,0.037462805868349214,-96.25371941316509
2025-11-10,6,8,0.00053164239393115,4.4488903257836824e-05,-99.99555110967422,0.309006576982513,0.02585829096087975,-97.41417090391202,0.4600000000000003,0.03849372384937241,-96.15062761506276,0.4298013153965028,0.035966637271673874,-96.4033362728326
2025-11-10,7,49,1.2772116418615969,0.07248647229634489,-92.7513527703655,4.784016940101706,0.27151060954039197,-72.8489390459608,1.4965626715287903,0.08493545241366575,-91.50645475863344,1.8926131243684974,0.10741277663839374,-89.25872233616063
2025-11-10,8,53,24.190073264475306,0.437354425320472,-56.264557467952805,36.15838159809703,0.6537404013396678,-34.62595986603322,33.460210765811524,0.6049577068488795,-39.504229315112056,29.129371503103968,0.5266565088248774,-47.33434911751226
2025-11-10,9,53,59.92569875017312,0.624551315791278,-37.5448684208722,80.5926627274614,0.8399443744394103,-16.005562556058976,68.60239803005588,0.7149806985935997,-28.50193014064003,72.93554330600622,0.7601411496196585,-23.985885038034148
2025-11-10,10,53,92.72803852168542,0.749499179774373,-25.0500820225627,109.61691777710493,0.8860080648003955,-11.39919351996045,94.57132017603423,0.764397996896494,-23.560200310350602,101.33941917855968,0.8191029678189434,-18.089703218105658
2025-11-10,11,53,114.82612974359051,0.8240715497602307,-17.59284502397694,121.57836817000096,0.8725302724989306,-12.746972750106947,109.62919336314974,0.7867747478337144,-21.322525216628566,113.1842511592038,0.8122882959609862,-18.77117040390138
2025-11-10,12,53,125.02879875376597,0.8857867428534608,-11.421325714653923,120.49603471089387,0.8536736430102294,-14.632635698977056,112.72839568031273,0.7986425482133386,-20.135745178666138,112.2693071579461,0.7953900613386193,-20.460993866138068
2025-11-10,13,53,121.83796655278184,0.9349138010495842,-6.508619895041577,113.23817829386141,0.8689240200572543,-13.107597994274562,105.62507895641619,0.8105055168540222,-18.94944831459778,104.96838342758154,0.8054664167248429,-19.45335832751571
2025-11-10,14,53,105.21438581535497,0.9887640805878675,-1.123591941213254,93.65981231435396,0.8801786703726525,-11.982132962734743,78.77275496730468,0.7402758666225419,-25.972413337745813,86.0535053820411,0.8086975414156667,-19.130245858433327
2025-11-10,15,53,77.60028290944423,1.0712352693186669,7.123526931866696,68.14473932930667,0.9407059542974416,-5.929404570255831,53.11150324474752,0.7331792275641568,-26.682077243584317,60.55644823504829,0.8359531782861443,-16.404682171385566
2025-11-10,16,53,43.03789858640802,1.5633090659792233,56.33090659792232,30.735133406762976,1.1164232984657818,11.642329846578187,16.470147042728232,0.5982617886933611,-40.17382113066389,20.276693031355013,0.7365308038995645,-26.346919610043546
2025-11-10,17,13,2.6853819646313886,0.20577639575719453,-79.42236042428054,2.8530099411376684,0.21862145142817385,-78.1378548571826,0.4600000000000003,0.03524904214559389,-96.4750957854406,0.9386019882275339,0.07192352400210988,-92.80764759978901
2025-11-10,18,8,0.023340287935487147,0.0017967889095833061,-99.82032110904167,0.5465470317809756,0.04207444432494039,-95.79255556750596,0.4600000000000003,0.03541185527328717,-96.45881447267128,0.4773094063561954,0.03674437308361781,-96.32556269163823
2025-11-10,19,7,0.002131874181119708,0.0001945140676204113,-99.98054859323796,0.4391083432372839,0.04006462985741641,-95.99353701425837,0.4600000000000003,0.041970802919708054,-95.8029197080292,0.455821668647457,0.04158956830724972,-95.84104316927503
2025-11-11,6,7,0.00046643583665272466,4.255801429313181e-05,-99.99574419857068,0.3047023201368147,0.027801306581826158,-97.21986934181737,0.4600000000000003,0.041970802919708054,-95.8029197080292,0.42894046402736324,0.03913690365213168,-96.08630963478684
2025-11-11,7,44,0.8159122983462908,0.056739380969839416,-94.32606190301605,3.956708892455325,0.2751536086547514,-72.48463913452487,1.1673111180979938,0.08117601655757954,-91.88239834424205,1.5920070361333707,0.11070980779787001,-88.92901922021301
2025-11-11,8,52,9.245471801620353,0.2559654430127451,-74.40345569872548,15.69657431626304,0.4345673952453777,-56.54326047546223,14.325663731293018,0.39661306011331726,-60.33869398866827,10.666878660479421,0.295317792372077,-70.4682207627923
2025-11-11,9,52,19.733103632077583,0.3807274480431716,-61.92725519568283,25.085703615686253,0.48399968388358583,-51.60003161164142,21.431390593393477,0.413493933887584,-58.65060661124161,18.827512071604957,0.36325510460360716,-63.67448953963929
2025-11-11,10,52,44.98749280253025,0.5431960009965013,-45.68039990034986,55.96727032536116,0.6757699870244043,-32.42300129755958,46.21464099009078,0.5580130522831536,-44.19869477168465,48.478218283104205,0.5853443405349457,-41.465565946505436
2025-11-11,11,52,66.6718598369769,0.6140909996958359,-38.59090003041641,73.02973341131643,0.6726511320928104,-32.73488679071897,55.745371410349016,0.5134509662922447,-48.65490337077553,64.47358656702247,0.5938434794788843,-40.61565205211158
2025-11-11,12,52,83.58790901045674,0.692698342673877,-30.730165732612296,82.85119052091848,0.6865931094797255,-31.34068905202745,65.45559376153524,0.5424346876732845,-45.75653123267155,74.47005908299471,0.6171381377558193,-38.28618622441808
2025-11-11,13,53,88.80849920421578,0.7470432301835109,-25.295676981648906,83.16770788242431,0.6995937742465033,-30.04062257534967,67.56686301473418,0.5683619028830265,-43.163809711697354,74.57000856334052,0.6272712698800516,-37.272873011994854
2025-11-11,14,53,93.66837378166494,0.9523983099305028,-4.760169006949725,84.50535519382383,0.8592308611471666,-14.076913885283338,66.82156286473656,0.6794261602921867,-32.05738397078132,76.70613437939978,0.7799301919613604,-22.006980803863964
2025-11-11,15,53,66.99047065233894,0.9895195074200732,-1.0480492579926832,57.742165678977436,0.8529123438549105,-14.708765614508943,44.99364483222223,0.664603321007714,-33.5396678992286,50.19292324300817,0.741402115849456,-25.859788415054396
2025-11-11,16,53,41.206814476783215,1.3301102155191482,33.01102155191483,28.705438616107624,0.9265796841868181,-7.342031581318192,18.58672782505344,0.5999589356053402,-40.00410643946598,19.819136959233976,0.6397397339972233,-36.026026600277675
2025-11-11,17,22,5.053431240980789,0.45322253282338926,-54.677746717661066,3.2871542221001366,0.2948120378565146,-70.51879621434854,0.5300000000000002,0.04753363228699555,-95.24663677130046,1.0814308444200276,0.09698931340089936,-90.30106865991006
2025-11-11,18,7,0.02044412749664846,0.001865340100059166,-99.81346598999407,0.5077566691567177,0.04632816324422606,-95.3671836755774,0.4600000000000003,0.041970802919708054,-95.8029197080292,0.4695513338313438,0.042842274984611656,-95.71577250153884
2025-11-11,19,7,0.0013269960908111902,0.0001210762856579553,-99.9878923714342,0.39811800233974937,0.03632463524997713,-96.36753647500228,0.4600000000000003,0.041970802919708054,-95.8029197080292,0.4476236004679501,0.04084156938576187,-95.91584306142383
2025-11-12,6,7,0.0004426717513202513,4.0389758332139714e-05,-99.99596102416677,0.2999320810504071,0.027366065789270717,-97.26339342107293,0.4600000000000003,0.041970802919708054,-95.8029197080292,0.4279864162100817,0.03904985549362059,-96.09501445063793
2025-11-12,7,45,0.9887894547609837,0.06391657755403904,-93.6083422445961,4.2938258884718925,0.27755823454892653,-72.24417654510735,1.2967798773108306,0.08382546071821789,-91.61745392817821,1.6611398787741067,0.10737814342431203,-89.2621856575688
2025-11-12,8,51,21.61862401326699,0.45426820788541705,-54.5731792114583,32.51920317563259,0.6833200919443706,-31.66799080556294,32.354018169144666,0.6798490894966311,-32.01509105033689,26.678498426934688,0.5605904271261756,-43.940957287382446
2025-11-12,9,51,54.423278325937716,0.6453608244508207,-35.463917554917934,74.19051583764914,0.8797642100990055,-12.023578990099452,65.2217835411611,0.7734114021245238,-22.65885978754762,66.91000967983648,0.7934306851634824,-20.656931483651764
2025-11-12,10,51,85.30575021329554,0.7847093203320351,-21.529067966796493,101.54815688583635,0.9341197395440746,-6.588026045592548,90.8201053079029,0.8354346914534349,-16.456530854656517,93.46584122012007,0.8597722492881985,-14.022775071180146
2025-11-12,11,51,106.65270844711429,0.87241479302343,-12.75852069765701,114.66042328612656,0.9379175728926509,-6.20824271073491,103.44777367605653,0.8461985576773541,-15.38014423226459,106.89232635334004,0.8743748576960332,-12.562514230396687
2025-11-12,12,53,119.78272367701305,0.9427256703684326,-5.727432963156747,116.89164666322887,0.9199720341825032,-8.002796581749683,108.43304839562254,0.8534003494067568,-14.659965059324318,108.43312724990591,0.8534009700134259,-14.65990299865741
2025-11-12,13,53,115.7441730257816,0.9499685901656402,-5.00314098343598,107.28402150255185,0.8805320215245556,-11.946797847544445,101.88356574720554,0.8362078606960401,-16.379213930395984,98.75879885785902,0.8105613826153891,-18.94386173846108
2025-11-12,14,53,101.97218121016648,1.0360920667564164,3.6092066756416483,90.6650908912595,0.92120596313005,-7.879403686995001,79.0959274405,0.8036570558880312,-19.634294411196883,83.25844751665726,0.845950492955266,-15.404950704473402
2025-11-12,15,53,75.40641017325851,1.1325684916380068,13.25684916380068,65.88455297001849,0.989554715680662,-1.044528431933798,54.42572444401802,0.8174485497749777,-18.255145022502234,58.6232775616663,0.8804938053719779,-11.95061946280221
2025-11-12,16,53,41.391363102109594,1.3936485892966193,39.364858929661935,28.810748839695954,0.9700588834914463,-2.9941116508553716,16.122859568082486,0.5428572245145619,-45.71427754854382,19.035013051876415,0.6409095303662092,-35.90904696337907
2025-11-12,17,13,2.523675620067333,0.2281804358107896,-77.18195641892103,2.4793786307791166,0.22417528307225285,-77.58247169277472,0.48000000000000026,0.04339963833634722,-95.66003616636529,0.8798757261558234,0.07955476728352834,-92.04452327164717
2025-11-12,18,6,0.02259213076686513,0.0020632082892114273,-99.79367917107885,0.5208153477377414,0.0475630454555015,-95.24369545444985,0.4500000000000003,0.041095890410958937,-95.8904109589041,0.46416306954754855,0.04238932141986745,-95.76106785801325
2025-11-12,19,6,0.0010231307283264568,9.343659619419698e-05,-99.9906563403806,0.4162288011598889,0.03801176266300356,-96.19882373369964,0.4500000000000003,0.041095890410958937,-95.8904109589041,0.44324576023197804,0.04047906486136786,-95.95209351386322
2025-11-13,6,6,0.0004146500141350728,3.786758119955003e-05,-99.99621324188006,0.2937720025311709,0.026828493381842095,-97.3171506618158,0.4500000000000003,0.041095890410958937,-95.8904109589041,0.4187544005062344,0.03824241100513556,-96.17575889948644
2025-11-13,7,40,0.780535638007481,0.058863924434953314,-94.11360755650466,3.905963737773706,0.294567401038741,-70.5432598961259,1.2141715066325465,0.09156647862990545,-90.84335213700946,1.535196439877367,0.1157765037614907,-88.42234962385092
2025-11-13,8,53,21.010673805223675,0.6439066443525491,-35.60933556474509,31.67754100583149,0.9708103280978085,-2.9189671902191416,30.035821611863987,0.9204971379670239,-7.950286203297605,25.27844221656966,0.7746994243508937,-22.53005756491063
2025-11-13,9,53,54.68556732401716,0.793925193438112,-20.60748065618881,74.99848431057121,1.08882816943338,8.882816943337984,65.5574273284585,0.9517628822366215,-4.823711776337845,67.19864703265922,0.9755901137145647,-2.4409886285435327
2025-11-13,10,53,86.2321405959246,0.9048493241964806,-9.515067580351946,102.69709455060172,1.0776190404050547,7.761904040505463,89.86654300240018,0.9429857607806943,-5.701423921930569,94.10679274651788,0.9874794621880154,-1.2520537811984562
2025-11-13,11,53,108.02915242281156,0.979678538340542,-2.032146165945799,115.9133053680846,1.0511771594094912,5.117715940949123,106.66295525789106,0.9672889748607152,-3.2711025139284846,107.39801307874444,0.9739549567311548,-2.6045043268845154
2025-11-13,12,53,114.20134372942573,1.0029098421834175,0.2909842183417404,110.5840161335524,0.9711426726403127,-2.8857327359687317,105.1714329156554,0.9236096681799896,-7.639033182001044,102.67718161049028,0.9017052920917739,-9.829470790822615
2025-11-13,13,53,113.59939033327808,1.130792258941649,13.079225894164912,105.96727274100647,1.054820552866877,5.482055286687696,101.55173904364945,1.010867400394679,1.0867400394678877,97.64736371659357,0.9720024260063067,-2.7997573993693345
2025-11-13,14,53,99.45584839690112,1.2109563910495693,21.095639104956927,88.57844011130015,1.078515038491418,7.851503849141797,78.37959753025481,0.954335779011991,-4.5664220988009045,81.38266837609568,0.990900625546033,-0.9099374453967074
2025-11-13,15,53,74.33808091840179,1.3587658731201204,35.876587312012035,64.46259444119356,1.178259814315364,17.825981431536388,55.42757291888852,1.0131159371026963,1.3115937102696424,57.18910392553111,1.045313542780682,4.531354278068189
2025-11-13,16,52,39.640378827630336,1.5129915583065014,51.29915583065014,27.468265086608795,1.0484070643743815,4.840706437438153,15.703916224526356,0.5993861154399373,-40.06138845600628,18.116049194910406,0.6914522593477255,-30.854774065227453
2025-11-13,17,10,1.6057198303808695,0.14610735490271787,-85.38926450972822,1.6999216116412197,0.1546789455542511,-84.5321054445749,0.47000000000000025,0.04276615104640585,-95.7233848953594,0.715984322328244,0.06514870994797489,-93.48512900520251
2025-11-13,18,7,0.012037140423971138,0.0010982792357637897,-99.89017207642362,0.515648820043875,0.04704825000400319,-95.29517499959968,0.4600000000000003,0.041970802919708054,-95.8029197080292,0.47112976400877526,0.04298629233656708,-95.70137076634329
2025-11-13,19,7,0.0017084659643610005,0.0001558819310548358,-99.98441180689451,0.3972165208594424,0.03624238329009511,-96.37576167099049,0.4600000000000003,0.041970802919708054,-95.8029197080292,0.44744330417188866,0.04082511899378546,-95.91748810062145
2025-11-14,6,7,0.0004376832715966124,3.993460507268361e-05,-99.99600653949273,0.2876842166254186,0.02624855991107834,-97.37514400889216,0.4600000000000003,0.041970802919708054,-95.8029197080292,0.425536843325084,0.03882635431798211,-96.1173645682018
2025-11-14,7,43,0.6855889206781859,0.04975246158767678,-95.02475384123233,3.8451887510470115,0.2790412736608862,-72.09587263391137,1.174805545393116,0.08525439371503021,-91.47456062849697,1.5332007205020257,0.11126275185065501,-88.8737248149345
2025-11-14,8,53,17.4729863015052,0.4836143454609798,-51.63856545390202,27.125714106998128,0.750780905258736,-24.921909474126398,25.435562288356838,0.7040011704499541,-29.599882955004592,21.439203368513887,0.5933906274152752,-40.660937258472494
2025-11-14,9,53,44.20177392718278,0.6500260871644526,-34.99739128355474,60.382627379736306,0.8879798144078869,-11.202018559211314,51.22283367984643,0.7532769658800946,-24.672303411990544,52.729503971889116,0.7754338819395459,-22.45661180604542
2025-11-14,10,53,81.54447276461906,0.8408380363437722,-15.916196365622776,95.42400615405789,0.983955518189914,-1.6044481810085993,80.04015102636869,0.8253263665329827,-17.467363346701728,87.07262182906632,0.8978410170041894,-10.215898299581056
2025-11-14,11,53,108.95163162223234,0.9304152999336665,-6.958470006633351,116.69827125028105,0.9965693531193942,-0.34306468806058193,99.85659986633614,0.8527463694819483,-14.725363051805171,107.9698515295922,0.9220311830024954,-7.79688169975046
2025-11-14,12,53,119.45169296036717,0.9591431906244352,-4.085680937556478,114.49237843744389,0.9193221329488027,-8.067786705119733,101.96864235694754,0.8187621836915653,-18.123781630843474,106.0466083258129,0.8515064101960245,-14.849358980397549
2025-11-14,13,53,116.74682559539382,1.006264657777916,0.6264657777915921,107.94338247326029,0.9303859892540965,-6.961401074590349,98.90607337411963,0.85249158226271,-14.750841773728995,99.33352299346802,0.8561758575544562,-14.382414244554376
2025-11-14,14,53,101.01433146696101,1.099894724161161,9.989472416116097,89.76734377298877,0.9774318790612889,-2.256812093871105,76.78381312464774,0.8360606829774363,-16.393931702256374,82.27105442531662,0.8958085194394232,-10.419148056057677
2025-11-14,15,53,74.41138786845737,1.2550411177004108,25.50411177004109,64.48230501183713,1.0875747176899497,8.757471768994975,52.33869715439673,0.8827575839837533,-11.724241601624678,56.742735988786336,0.9570372067597627,-4.296279324023731
2025-11-14,16,53,39.10902609122916,1.6952330338634227,69.52330338634226,27.50520064681521,1.192249702939541,19.2249702939541,14.544150190409429,0.6304356389427581,-36.956436105724194,17.708085736655306,0.7675806561185655,-23.241934388143452
2025-11-14,17,13,2.447503045783065,0.22189510841188262,-77.81048915881173,2.422390005192717,0.21961831416071778,-78.03816858392821,0.5100000000000003,0.046237533998186794,-95.37624660018132,0.8924780010385436,0.08091369003069299,-91.9086309969307
2025-11-14,18,6,0.018423323009906394,0.001682495252046246,-99.83175047479537,0.5151339711187874,0.047044198275688356,-95.29558017243116,0.4500000000000003,0.041095890410958937,-95.8904109589041,0.46302679422375775,0.04228555198390482,-95.77144480160952
2025-11-14,19,6,0.0014438066519163926,0.00013185448875948792,-99.98681455112404,0.3983221550572213,0.03637645251664122,-96.36235474833589,0.4500000000000003,0.041095890410958937,-95.8904109589041,0.4396644310114445,0.04015200283209539,-95.98479971679048
2025-11-15,6,6,0.00039731443246362905,3.628442305603918e-05,-99.9963715576944,0.294553097720796,0.026899826275871785,-97.31001737241283,0.4500000000000003,0.041095890410958937,-95.8904109589041,0.4189106195441595,0.03825667758394151,-96.17433224160584
2025-11-15,7,44,0.639734228222551,0.043079746008252595,-95.69202539917474,3.70076632970155,0.24920985385195624,-75.07901461480438,0.8822463016015095,0.05941052536037101,-94.0589474639629,1.5121829866710892,0.1018305041529353,-89.81694958470648
2025-11-15,8,53,20.143349550922967,0.47085903578595056,-52.91409642140494,29.520550454142647,0.6900549428270838,-30.994505717291617,23.936822634327108,0.5595330209052619,-44.04669790947381,22.447624176176,0.5247223977600748,-47.52776022399252
2025-11-15,9,53,53.195592170040634,0.7009565446045675,-29.904345539543254,70.98298961369296,0.9353404877281981,-6.465951227180194,54.56569363087792,0.7190103258779537,-28.09896741220463,62.444973922648956,0.822835339605336,-17.716466039466408
2025-11-15,10,53,84.47678452470747,0.8260980297741782,-17.39019702258218,98.06176861617736,0.958945517467019,-4.105448253298107,80.51569059089871,0.7873625131126414,-21.26374868873586,89.58203498538931,0.8760222470701087,-12.397775292989136
2025-11-15,11,53,105.84403644301894,0.8991168573141262,-10.08831426858738,110.67816312794697,0.9401814740736236,-5.981852592637636,90.29373099239254,0.7670211603159407,-23.297883968405927,102.11690683265894,0.8674558854286353,-13.254411457136476
2025-11-15,12,53,115.46147221372009,1.3068644279990953,30.686442799909535,109.0173962743144,1.2339263868060484,23.392638680604847,97.44177992880172,1.1029063942139412,10.290639421394129,100.2327296410572,1.1344960910136639,13.449609101366377
2025-11-15,13,53,112.20807138881398,1.3959700346953712,39.59700346953713,102.92108416487737,1.2804315024244506,28.043150242445066,92.78305008950187,1.1543051765302543,15.430517653025433,94.68997862128813,1.1780290945669085,17.802909456690852
2025-11-15,14,53,94.37085847549322,1.4251111216474361,42.51111216474362,83.22425272274577,1.2567842452845934,25.67842452845934,61.30709942634564,0.9258094144721479,-7.419058552785204,75.67134061235588,1.1427263759038944,14.272637590389426
2025-11-15,15,53,52.7791936493041,1.3966444469252213,39.664444692522125,42.17903494988901,1.1161427613095798,11.61427613095797,31.919887563853774,0.8446649262729236,-15.533507372707648,35.591770186216095,0.9418303833346415,-5.816961666535849
2025-11-15,16,51,29.116238032856664,1.5356665629143809,53.5666562914381,19.649926922358798,1.0363885507573205,3.6388550757320526,7.279517894018204,0.3839408171950529,-61.605918280494706,10.31514706709395,0.544047841091453,-45.5952158908547
2025-11-15,17,8,0.9143900477672928,0.08320200616626867,-91.67979938337312,1.4659183451697766,0.1333865646196339,-86.6613435380366,0.4600000000000003,0.041856232939035516,-95.81437670609645,0.6611836690339555,0.060162299275155186,-93.98377007248449
2025-11-15,18,6,0.010058732922539991,0.0009186057463506842,-99.90813942536494,0.5599730775514978,0.05113909384031944,-94.88609061596807,0.4500000000000003,0.041095890410958937,-95.8904109589041,0.4719946155102998,0.04310453109683104,-95.6895468903169
2025-11-15,19,6,0.0021836947747552633,0.00019942418034294643,-99.9800575819657,0.43964101224792046,0.04014986413223018,-95.98501358677699,0.4500000000000003,0.041095890410958937,-95.8904109589041,0.4479282024495843,0.04090668515521318,-95.90933148447867
2025-11-16,6,6,0.0004208782050803124,3.8436365760759126e-05,-99.99615636342392,0.3017018490776796,0.02755268028106663,-97.24473197189334,0.4500000000000003,0.041095890410958937,-95.8904109589041,0.42034036981553613,0.03838724838498047,-96.16127516150196
2025-11-16,7,42,0.5423639115718958,0.03832960505808451,-96.16703949419156,3.159007522894278,0.22325141504553203,-77.6748584954468,0.8630190406680448,0.06099074492353674,-93.90092550764632,1.4233885919708835,0.10059283335483277,-89.94071666451671
2025-11-16,8,52,19.265142006684783,0.4725323033280545,-52.74676966719455,29.30688376005139,0.7188345293120282,-28.116547068797182,28.051343872789595,0.6880388489769338,-31.196115102306614,23.464779639674184,0.5755403394573015,-42.44596605426985
2025-11-16,9,52,51.41852075683453,0.6896260831120511,-31.03739168879489,69.88986381926264,0.9373640533699389,-6.263594663006114,57.02109037870637,0.7647678430620489,-23.52321569379511,62.171593622600255,0.8338464809898103,-16.615351901018975
2025-11-16,10,53,83.47447111665072,0.8273810200877263,-17.26189799122737,99.34746379678727,0.9847107126255055,-1.5289287374494478,84.44109047768744,0.8369619434799032,-16.303805652009686,91.04696381563006,0.9024379404859754,-9.756205951402466
2025-11-16,11,53,105.4308009770197,0.9304633393082666,-6.953666069173331,113.58789899816507,1.0024525549215875,0.2452554921587424,101.35859354988455,0.8945246981721343,-10.547530182786565,105.06177072435231,0.9272065194982995,-7.279348050170054
2025-11-16,12,53,115.0414529538097,0.9985370449944422,-0.14629550055577836,111.00712809613687,0.9635199036206654,-3.648009637933461,104.83799554458705,0.9099730539413856,-9.002694605861437,102.82534158915085,0.8925036159113866,-10.749638408861344
2025-11-16,13,53,111.85396403353867,1.0788383876691616,7.883838766916167,103.25461196508417,0.9958971061447162,-0.4102893855283821,96.64903423274563,0.9321859011645992,-6.781409883540084,95.09635931414087,0.9172102557305254,-8.278974426947459
2025-11-16,14,53,94.15024634604313,1.2024297106774342,20.242971067743426,83.03560235416704,1.0604802344082633,6.048023440826325,68.63556507973524,0.8765717123848688,-12.342828761513127,75.6066018378754,0.9656015560392769,-3.439844396072315
2025-11-16,15,53,68.94771049551564,1.4128629199900746,41.28629199900746,58.97451140291736,1.2084940861253557,20.849408612535576,47.57343685938762,0.9748655094136808,-2.513449058631921,51.61933502477636,1.0577732587044337,5.777325870443371
2025-11-16,16,53,36.89766028470581,1.6000719984694625,60.00719984694625,25.360613249734296,1.0997664028505765,9.976640285057648,13.538277708440852,0.5870892328031592,-41.291076719684085,16.160376112104444,0.7007968825717451,-29.92031174282549
2025-11-16,17,9,1.1994973238819104,0.10924383641911752,-89.07561635808825,1.5960811384825329,0.14536258091826346,-85.46374190817366,0.4600000000000003,0.04189435336976323,-95.81056466302367,0.6872162276965067,0.06258799887946327,-93.74120011205368
2025-11-16,18,6,0.010408783425538946,0.0009505738288163422,-99.90494261711837,0.5586771998631744,0.05102074884595201,-94.8979251154048,0.4500000000000003,0.041095890410958937,-95.8904109589041,0.4717354399726351,0.04308086209795755,-95.69191379020424
2025-11-16,19,6,0.0009430187922706056,8.612043765028362e-05,-99.99138795623497,0.43890217846425117,0.04008239072732887,-95.9917609272671,0.4500000000000003,0.041095890410958937,-95.8904109589041,0.4477804356928505,0.04089319047423292,-95.91068095257671
2025-11-17,6,6,0.00041353644476697417,3.776588536684696e-05,-99.9962234114633,0.30212955019414883,0.027591739743757886,-97.24082602562422,0.4500000000000003,0.041095890410958937,-95.8904109589041,0.42042591003883,0.038395060277518725,-96.16049397224813
2025-11-17,7,31,0.21822630868711543,0.01887770836393732,-98.11222916360627,2.0179467328044494,0.17456286615955446,-82.54371338404455,0.6000000000000002,0.051903114186851236,-94.80968858131487,0.9735751160456986,0.08421930069599469,-91.57806993040055
2025-11-17,8,50,5.890671201017398,0.2516305510900213,-74.83694489099787,10.495799124662856,0.44834682292451333,-55.16531770754867,9.343165847092878,0.39911003191340794,-60.0889968086592,5.985608962297079,0.25568598728308756,-74.43140127169124
2025-11-17,9,53,23.855499975680313,0.6191409285149316,-38.085907148506834,28.301856125144276,0.7345407766712764,-26.545922332872358,21.24903987241587,0.5514933784691377,-44.85066215308623,21.395807003866107,0.555302543572959,-44.4697456427041
2025-11-17,10,53,47.865171166626354,0.8808459912886704,-11.91540087113297,52.735398542428605,0.9704710810163525,-2.95289189836475,43.02244852873314,0.7917270616255637,-20.827293837443623,43.4304282895418,0.7992349703633013,-20.07650296366987
2025-11-17,11,53,60.341298423787954,1.030770386467167,3.077038646716698,63.31600233680724,1.0815852807790782,8.15852807790782,51.88184220702397,0.8862631056888277,-11.373689431117231,55.638152203253426,0.9504296584088389,-4.957034159116114
2025-11-17,12,53,33.36361127770385,0.5059692338141317,-49.40307661858683,33.02374904596921,0.500815120503021,-49.9184879496979,26.755982305886835,0.405762546343446,-59.4237453656554,25.504853180909116,0.3867887955855188,-61.321120441448116
2025-11-17,13,53,54.27343367646579,1.046537479299379,4.6537479299378965,52.67873053918414,1.015787322390747,1.578732239074697,47.98954521191341,0.9253672428058891,-7.463275719411088,44.18872244614595,0.8520771779048584,-14.792282209514168
2025-11-17,14,53,55.43842420954335,1.2276001817879394,22.760018178793942,48.64147998069267,1.0770921164900946,7.709211649009452,41.98134509912345,0.9296134875802358,-7.038651241976421,40.10382043658472,0.8880385393397856,-11.196146066021443
2025-11-17,15,53,44.1994700704528,1.416649681745282,41.66496817452822,35.24050742839713,1.1295034432178568,12.950344321785689,26.067812591313622,0.8355068138241547,-16.44931861758453,26.269516792694535,0.8419716920735429,-15.80283079264571
2025-11-17,16,52,22.747208855685297,1.2177306667925747,21.77306667925746,15.981047874834173,0.8555164815221719,-14.448351847782813,10.671446137847465,0.5712765598419413,-42.87234401580587,9.392308736583786,0.5028002535644424,-49.71997464355576
2025-11-17,17,8,0.7488420546246769,0.06826272147900428,-93.17372785209957,1.052445783258206,0.0959385399506113,-90.40614600493888,0.4700000000000003,0.04284412032816776,-95.71558796718323,0.5864891566516415,0.053463004252656474,-94.65369957473435
2025-11-17,18,8,0.0029929505778122723,0.0002728304993447833,-99.97271695006552,0.43722978454619577,0.0398568627662895,-96.01431372337105,0.4700000000000003,0.04284412032816776,-95.71558796718323,0.46344595690923934,0.0422466688157921,-95.77533311842078
2025-11-17,19,8,0.0006734615698222809,6.139120964651604e-05,-99.99386087903535,0.3296438404225926,0.030049575243627405,-96.99504247563726,0.4700000000000003,0.04284412032816776,-95.71558796718323,0.44192876808451875,0.04028521131125969,-95.97147886887403
2025-11-18,6,8,0.0005217061236640096,4.755753178341018e-05,-99.99524424682167,0.27915419432396393,0.025447055088784316,-97.45529449112156,0.4700000000000003,0.04284412032816776,-95.71558796718323,0.431830838864793,0.039364707280291074,-96.06352927197089
2025-11-18,7,45,0.5694220107392935,0.039959439350125865,-96.00405606498742,2.9890954717908786,0.20976108573971078,-79.02389142602891,0.8323562710057684,0.05841096638636971,-94.15890336136303,1.3799898116179794,0.096841390288981,-90.3158609711019
2025-11-18,8,53,20.680696060669398,0.47960797914353887,-52.03920208564612,31.342995568390116,0.7268783758903087,-27.312162410969126,30.992568722697033,0.7187515937545693,-28.12484062454307,25.13629916970078,0.5829382924327638,-41.706170756723616
2025-11-18,9,53,56.41024323997937,0.6654505513740635,-33.45494486259364,77.26592632437652,0.9114772481346763,-8.852275186532365,68.8285262577976,0.8119443937454005,-18.805560625459954,69.63210566677236,0.8214239196269004,-17.85760803730995
2025-11-18,10,53,90.3633123995938,0.7998876905337151,-20.011230946628487,110.15458870966685,0.9750782394411512,-2.492176055884877,98.71878854718021,0.8738495932298859,-12.615040677011407,101.906264694877,0.9020648375221474,-9.793516247785256
2025-11-18,11,53,113.71575625585758,0.8752752174865884,-12.472478251341155,124.03960854513961,0.9547383662649291,-4.526163373507082,117.1693148400415,0.9018574110224867,-9.814258897751325,115.53210720828552,0.889255751295301,-11.074424870469898
2025-11-18,12,53,124.45357129702518,0.9277195027732031,-7.228049722679687,122.95018958892297,0.9165127811324859,-8.348721886751406,117.3211485671185,0.8745519833553375,-12.544801664466254,114.66391720173092,0.8547440715745878,-14.525592842541228
2025-11-18,13,53,123.25224647314022,1.0001805280624865,0.018052806248640665,116.06204047050733,0.9418326744340445,-5.816732556595545,110.120685277689,0.8936191290894181,-10.638087091058193,107.75059224817366,0.874386044373721,-12.561395562627894
2025-11-18,14,53,107.13288891726754,1.0854396040250003,8.543960402500034,95.54556536253381,0.9680401759121966,-3.19598240878034,86.97712232653537,0.881227176560642,-11.877282343935802,88.17801409070482,0.8933942663698563,-10.660573363014368
2025-11-18,15,53,78.86672071482245,1.2261617026558218,22.616170265582177,68.28655320089594,1.0616690485213922,6.166904852139218,58.44596247868441,0.9086747897805413,-9.132521021945875,61.20950318889918,0.9516402858970644,-4.835971410293558
2025-11-18,16,53,42.50695505708497,1.4935683435377716,49.35683435377715,29.407639435145917,1.033297239464017,3.329723946401687,16.137298448816992,0.5670168112725578,-43.298318872744225,19.410421021276747,0.6820246318087403,-31.79753681912597
2025-11-18,17,12,1.919006715084609,0.174138540388803,-82.5861459611197,1.6222418228012945,0.14720887684222272,-85.27911231577772,0.49000000000000027,0.044464609800363,-95.5535390199637,0.7164483645602591,0.06501346320873494,-93.4986536791265
2025-11-18,18,8,0.016748098023216723,0.0015267181424992457,-99.84732818575009,0.4937257296637929,0.04500690334218714,-95.49930966578127,0.4700000000000003,0.04284412032816776,-95.71558796718323,0.4747451459327588,0.04327667693097163,-95.67233230690283
2025-11-18,19,8,0.007000876322515436,0.0006381838033286633,-99.93618161966714,0.36250059878988594,0.03304472185869517,-96.69552781413049,0.4700000000000003,0.04284412032816776,-95.71558796718323,0.4485001197579774,0.04088424063427324,-95.91157593657267
2025-11-19,6,8,0.0005153086900682258,4.697435643283736e-05,-99.9953025643567,0.28322555114815307,0.025818190624261904,-97.41818093757382,0.4700000000000003,0.04284412032816776,-95.71558796718323,0.43264511022963087,0.03943893438738659,-96.05610656126134
2025-11-19,7,44,0.5464610187150934,0.03945566922130639,-96.05443307786936,2.949439196897665,0.2129558986929722,-78.70441013070277,0.8185613922336437,0.05910190557643637,-94.08980944235637,1.3555839524293138,0.09787609764832592,-90.21239023516742
2025-11-19,8,52,19.32555506655553,0.46601290249711913,-53.398709750288084,29.332591643354903,0.7073207533965494,-29.267924660345063,29.39059128006082,0.7087193460347437,-29.128065396525628,23.577735571138742,0.5685492059594585,-43.14507940405415
2025-11-19,9,53,54.119242578631855,0.6798045795582446,-32.01954204417554,74.54220566950282,0.9363422392853011,-6.365776071469889,64.36246316035418,0.8084720909477978,-19.152790905220222,66.85360610058562,0.8397639253936141,-16.023607460638583
2025-11-19,10,53,87.62195082394554,0.8182849348519382,-18.171506514806183,105.00045032490178,0.980579476325194,-1.942052367480595,92.6060130456181,0.8648301554502997,-13.516984454970022,96.42993704423304,0.9005410631699015,-9.945893683009857
2025-11-19,11,53,110.58351186088665,0.9020598079850448,-9.79401920149552,119.48641625127117,0.974683222540755,-2.5316777459244943,109.5426980165105,0.893569606138433,-10.643039386156703,111.07158509752303,0.906041154233812,-9.395884576618792
2025-11-19,12,53,121.57950198176029,0.9722471170072793,-2.7752882992720695,119.30767712647128,0.9540797850977311,-4.592021490226897,111.76533446953049,0.8937651696883685,-10.623483031163152,111.11441367714895,0.8885598854630062,-11.144011453699372
2025-11-19,13,53,118.91870519037855,1.02286861509013,2.2868615090130104,110.85955976395361,0.9535485959397351,-4.645140406026497,103.71621961515528,0.8921057940405579,-10.789420595944208,102.16692680738427,0.8787796904127323,-12.122030958726771
2025-11-19,14,53,102.30560125820568,1.0863927074249302,8.639270742493025,91.05206870070744,0.9668903971615954,-3.3109602838404633,81.15609441670813,0.8618041246331967,-13.819587536680336,83.83775317266816,0.8902809087041325,-10.971909129586752
2025-11-19,15,53,75.37895743632522,1.2109069467682767,21.090694676827667,65.11316862445662,1.0459946766980983,4.5994676698098305,55.66732636499775,0.8942542387951445,-10.574576120485544,58.27919040962152,0.9362118941304662,-6.378810586953381
2025-11-19,16,53,40.52563661287738,1.4577567126934308,45.775671269343086,28.434405872694487,1.0228203551328952,2.28203551328952,15.011445610871407,0.5399800579450146,-46.001994205498534,18.461060277484,0.6640669164562589,-33.59330835437411
2025-11-19,17,14,2.0047616832167945,0.17632028876137157,-82.36797112386284,1.7471116323300475,0.15365977417150814,-84.63402258284918,0.47000000000000025,0.041336851363236615,-95.86631486367634,0.7254223264660097,0.06380143592489092,-93.61985640751091
2025-11-19,18,7,0.02131783578148929,0.0019450580092599716,-99.80549419907399,0.5203047264975167,0.047473058986999696,-95.25269410130002,0.46000000000000024,0.04197080291970805,-95.8029197080292,0.47206094529950354,0.04307125413316638,-95.69287458668336
2025-11-19,19,7,0.011613418964670611,0.0010596185186743257,-99.89403814813255,0.4077606115126403,0.03720443535699273,-96.27955646430073,0.46000000000000024,0.04197080291970805,-95.8029197080292,0.4495521223025283,0.041017529407164986,-95.8982470592835
2025-11-20,6,7,0.0004657909907497312,4.249917798811416e-05,-99.99575008220118,0.29541339918533405,0.026953777297931938,-97.3046222702068,0.46000000000000024,0.04197080291970805,-95.8029197080292,0.427082679837067,0.038967397795352826,-96.10326022046472
2025-11-20,7,42,0.5059851085997316,0.03588546869501642,-96.41145313049836,2.920657956687789,0.20713886217643893,-79.28611378235611,0.8165869749329677,0.05791396985340197,-94.20860301465981,1.3522002639937718,0.0959007279428207,-90.40992720571792
2025-11-20,8,52,16.849689538971123,0.4030062075812277,-59.69937924187724,26.4554699897616,0.6327546039168047,-36.724539608319525,25.18119567767597,0.6022768638525706,-39.77231361474294,20.82224299278077,0.49802064082230985,-50.19793591776901
2025-11-20,9,52,44.64732208138937,0.6191557631589151,-38.084423684108486,62.103933143509245,0.8612388454237865,-13.87611545762135,49.51129660517289,0.6866079129825667,-31.339208701743328,54.168917898828866,0.751198417678947,-24.880158232105302
2025-11-20,10,52,72.16894010633119,0.7927168289359754,-20.728317106402464,84.87952121708102,0.9323321750558109,-6.766782494418906,72.72624111778165,0.7988383251074436,-20.116167489255645,77.37730746617342,0.849926487985209,-15.0073512014791
2025-11-20,11,52,95.53989593295591,0.8263267249001548,-17.367327509984516,102.22590289727073,0.884154150642369,-11.584584935763093,89.00933883637418,0.7698437885865262,-23.01562114134737,93.82964442056493,0.8115347208144345,-18.84652791855655
2025-11-20,12,52,109.41667796367909,0.9717289339580737,-2.827106604192631,106.36011281573965,0.9445835951664269,-5.541640483357318,96.38182545686142,0.8559664783024994,-14.403352169750066,97.73270675550812,0.8679636479174789,-13.20363520825211
2025-11-20,13,52,110.44000995528904,1.079358971416038,7.935897141603811,102.88755811086297,1.005546893186698,0.5546893186698076,94.71391835887974,0.9256637838045321,-7.433621619546796,94.64765393452899,0.9250161643327695,-7.4983835667230565
2025-11-20,14,52,95.00744504767313,1.0720767890732692,7.20767890732693,83.81208261967569,0.9457468135824384,-5.425318641756164,72.26748953132429,0.8154760723462455,-18.452392765375443,76.85499208577025,0.8672420682212847,-13.275793177871536
2025-11-20,15,52,70.87647553708825,1.220955650940366,22.095565094036605,60.8465361671352,1.0481746109756278,4.817461097562781,51.474634634793354,0.8867292788078096,-11.327072119219036,53.79578738301862,0.9267146836006652,-7.328531639933478
2025-11-20,16,52,37.3996639115398,1.4296507611444877,42.96507611444876,25.910607532369415,0.9904666487908798,-0.9533351209120229,13.274306693530548,0.5074276258994858,-49.257237410051424,16.433412235943585,0.628188541129342,-37.18114588706581
2025-11-20,17,10,1.2517931406088416,0.1000634005282847,-89.99365994717154,1.484907942262811,0.1186976772392335,-88.13023227607665,0.4600000000000003,0.03677058353317349,-96.32294164668265,0.6649815884525624,0.05315600227438548,-94.68439977256146
2025-11-20,18,7,0.021183542636623927,0.001932804985093424,-99.80671950149066,0.5196182438513303,0.047410423709062975,-95.25895762909371,0.4600000000000003,0.041970802919708054,-95.8029197080292,0.4719236487702663,0.04305872707757904,-95.69412729224209
2025-11-20,19,7,0.001099546919118919,0.00010032362400720064,-99.98996763759928,0.395348916665042,0.03607198144754033,-96.39280185524596,0.4600000000000003,0.041970802919708054,-95.8029197080292,0.4470697833330087,0.04079103862527451,-95.92089613747255
2025-11-21,6,7,0.0004286333265120502,3.9108880156208955e-05,-99.99608911198438,0.29031993238861464,0.026489044925968486,-97.35109550740316,0.4600000000000003,0.041970802919708054,-95.8029197080292,0.4260639864777232,0.038874451320960145,-96.11255486790398
2025-11-21,7,42,0.4672944972803252,0.03569858649964287,-96.43014135003571,2.838243176962279,0.21682529999711833,-78.31747000028815,0.7900077826169873,0.060352007839342046,-93.9647992160658,1.3328562218373932,0.10182247684013698,-89.81775231598631
2025-11-21,8,53,17.509877086730448,0.47196434196038944,-52.803565803961064,27.259775293367305,0.7347648327053181,-26.523516729468184,25.735100718649967,0.6936684829824789,-30.633151701752116,21.41143436240011,0.5771276108463642,-42.28723891536358
2025-11-21,9,53,50.50733545536403,0.7004206830587164,-29.95793169412836,70.66369304918955,0.9799430460295321,-2.0056953970467877,61.11822530491841,0.8475693427391267,-15.243065726087334,63.26667045132969,0.8773633400544959,-12.263665994550408
2025-11-21,10,53,83.49913996169084,0.8522059600090921,-14.779403999090793,100.99848787496185,1.0308071838636645,3.0807183863664513,89.16997087340566,0.9100833932782778,-8.991660672172221,92.80825748435336,0.947216345012792,-5.2783654987208015
2025-11-21,11,53,105.94234008726693,0.9388722092100934,-6.112779078990662,115.42054098980907,1.022869026850488,2.2869026850488128,106.84593663604655,0.9468799772779737,-5.312002272202627,106.91069949011253,0.9474539125320147,-5.2546087467985245
2025-11-21,12,53,117.16663665605749,0.9958915142886313,-0.41084857113687073,116.05726117689632,0.9864620584521573,-1.3537941547842764,109.03510291237073,0.9267752053750167,-7.322479462498331,107.73407927955131,0.9157167809566621,-8.428321904333794
2025-11-21,13,53,115.54981126704645,1.0684217407956216,6.8421740795621595,107.94555725837105,0.9981096371555347,-0.18903628444653156,100.98077636986928,0.9337103686534378,-6.628963134656221,99.44926709825394,0.9195493952681827,-8.045060473181726
2025-11-21,14,53,100.51960988367,1.137356979901222,13.735697990122187,88.96214507016339,1.006586841708117,0.6586841708116971,79.07792981914048,0.8947491493453323,-10.525085065466767,81.85785631517403,0.9262033979992534,-7.3796602000746505
2025-11-21,15,53,74.10506019276123,1.28387145171104,28.387145171103988,63.523514581671606,1.1005459906734512,10.054599067345112,54.34525760470937,0.9415325295341193,-5.846747046588078,56.389506569356215,0.9769491782632745,-2.3050821736725418
2025-11-21,16,53,39.55194046328168,1.5738933729917104,57.38933729917104,27.65170369446467,1.100346346775355,10.034634677535493,14.040570288854083,0.5587174806547586,-44.128251934524144,17.631514390819074,0.7016121922331506,-29.838780776684935
2025-11-21,17,11,1.4793609397291783,0.13424327946725756,-86.57567205327425,1.5461361877610291,0.14030273936125492,-85.9697260638745,0.47000000000000025,0.04264972776769512,-95.73502722323049,0.685227237552206,0.06218033008640708,-93.78196699135928
2025-11-21,18,9,0.033757791991030024,0.0030744801449025527,-99.69255198550974,0.904201605302037,0.0823498729783276,-91.76501270216725,0.4700000000000003,0.0428051001821494,-95.71948998178506,0.5568403210604076,0.05071405474138503,-94.9285945258615
2025-11-21,19,9,0.0017958063317287725,0.00016355248922848568,-99.98364475107716,0.7808741171088508,0.07111786130317403,-92.88821386968259,0.4700000000000003,0.0428051001821494,-95.71948998178506,0.5321748234217704,0.04846765240635432,-95.15323475936455
2025-11-22,6,8,0.0005043005138323075,4.597087637486851e-05,-99.99540291236252,0.2974887485743249,0.027118390936583858,-97.2881609063416,0.4700000000000003,0.04284412032816776,-95.71558796718323,0.4354977497148652,0.03969897444985098,-96.03010255501489
2025-11-22,7,42,0.4055785237110419,0.03141584227041378,-96.85841577295862,2.7015181634631777,0.20925779732480077,-79.07422026751992,0.7848225490488571,0.06079183183957065,-93.92081681604294,1.3208782344820889,0.1023143481395886,-89.76856518604114
2025-11-22,8,53,17.448164607204482,0.47030093280874613,-52.96990671912538,27.172403041665298,0.7324097854896306,-26.759021451036936,25.999815464096148,0.7008036513233463,-29.919634867665373,21.437439624831878,0.5778285613162231,-42.21714386837769
2025-11-22,9,53,50.86015191936309,0.7238848835662268,-27.61151164337732,70.81793166263016,1.0079409573388864,0.7940957338886531,59.735431241842726,0.8502053976920401,-14.979460230795997,63.22543867661392,0.8998781479734405,-10.012185202655953
2025-11-22,10,53,83.35562825357871,0.8700096884832347,-12.999031151676535,100.79297499360639,1.0520089238451769,5.200892384517681,87.28731431458324,0.9110459692577313,-8.895403074226866,92.50856249115225,0.9655418274830628,-3.4458172516937218
2025-11-22,11,53,105.88469814631563,0.8912103202282268,-10.87896797717732,115.37848980881495,0.9711176652538923,-2.888233474610769,102.18523971981116,0.8600727187931249,-13.992728120687516,106.81456352801976,0.8990368111103422,-10.09631888896578
2025-11-22,12,53,116.99170855587725,0.9948274537064391,-0.5172546293560848,115.36288597514068,0.9809769215573186,-1.902307844268132,102.42049345222328,0.8709225633692456,-12.907743663075447,106.9747832974236,0.9096495178352346,-9.035048216476538
2025-11-22,13,53,114.60943319545113,1.0715167651033204,7.151676510332043,105.9688447722871,0.9907334028822655,-0.9266597117734486,93.37813210943378,0.8730191857650879,-12.698081423491214,97.4755616793318,0.9113272408314493,-8.867275916855064
2025-11-22,14,53,98.99574505183203,1.15825137535781,15.825137535781014,87.45690243318712,1.023246781715071,2.3246781715071085,72.42687520792218,0.8473952873279769,-15.260471267202316,80.20682427029664,0.938420782383253,-6.157921761674697
2025-11-22,15,53,72.61346230740133,1.281112602459445,28.111260245944504,61.96776853688242,1.0932916114481726,9.329161144817263,46.92410396259132,0.8278776281332273,-17.21223718667727,54.08997406904849,0.954304411945104,-4.5695588054896
2025-11-22,16,53,38.72321457837536,1.5850681366506496,58.506813665064946,27.314135889115725,1.118057138318286,11.80571383182861,12.57612972232693,0.5147822235909509,-48.5217776409049,16.947968799267507,0.6937359312021084,-30.626406879789155
2025-11-22,17,8,1.161237144064025,0.10097714296208914,-89.9022857037911,1.621927751010648,0.14103719574005635,-85.89628042599436,0.4600000000000003,0.04000000000000003,-96.0,0.6923855502021297,0.06020743914801128,-93.97925608519888
2025-11-22,18,7,0.01797825905546332,0.0016403521036006678,-99.83596478963995,0.5178065393039298,0.04724512219926367,-95.27548778007363,0.46000000000000024,0.04197080291970805,-95.8029197080292,0.4715613078607862,0.04302566677561918,-95.69743332243807
2025-11-22,19,7,0.00092472901148696,8.437308498968613e-05,-99.99156269150103,0.42658406311828256,0.038921903569186365,-96.10780964308137,0.46000000000000024,0.04197080291970805,-95.8029197080292,0.4533168126236567,0.04136102304960371,-95.86389769503964
2025-11-23,6,7,0.0004847306750396069,4.42272513722269e-05,-99.99557727486278,0.3259718194833447,0.02974195433242196,-97.02580456675781,0.46000000000000024,0.04197080291970805,-95.8029197080292,0.43319436389666915,0.039525033202250835,-96.04749667977491
2025-11-23,7,27,0.18547258594224225,0.016100050863041865,-98.38999491369582,2.029285042299815,0.17615321547741453,-82.38467845225854,0.5200000000000002,0.045138888888888916,-95.48611111111111,0.8779577675989985,0.07621161177074641,-92.37883882292536
2025-11-23,8,51,14.649380138016202,0.5731369381070501,-42.68630618929498,21.166597621215278,0.82811414793487,-17.188585206512993,17.80648373564439,0.6966542932568228,-30.334570674317714,14.9989205055164,0.586812226350407,-41.31877736495931
2025-11-23,9,52,37.160710711081954,0.736584949674568,-26.341505032543193,43.249378235207615,0.8572721156631837,-14.272788433681626,35.15305697691728,0.6967900292748718,-30.320997072512824,36.804141199040004,0.7295171694556989,-27.048283054430115
2025-11-23,10,52,64.22565916481905,0.8995190359218356,-10.048096407816447,75.55869287724099,1.0582449982806863,5.824499828068621,65.03816153392131,0.9108986209232678,-8.910137907673223,67.99492191720897,0.9523098307732349,-4.769016922676501
2025-11-23,11,53,83.06962258188318,1.0671842572184371,6.7184257218437144,88.3902901461705,1.135538157067966,13.553815706796588,77.3007123496275,0.9930718441627373,-0.6928155837262703,80.45929179810575,1.0336496890815225,3.3649689081522602
2025-11-23,12,53,95.64590095911225,1.0720230997434685,7.202309974346845,92.75053323013952,1.0395710965045901,3.9571096504590066,79.03298859682167,0.885821436861933,-11.417856313806693,84.92988461791752,0.9519153173942785,-4.8084682605721545
2025-11-23,13,53,64.96753071014518,0.9530223076154496,-4.697769238455045,61.62129527879006,0.9039356796067195,-9.606432039328048,50.93715802688336,0.7472078337521398,-25.27921662478602,54.787708385623354,0.8036923629987291,-19.630763700127087
2025-11-23,14,53,34.71827957637953,0.567756002884375,-43.2243997115625,28.485802509525527,0.4658348734182425,-53.416512658175755,26.271557582305284,0.4296248173721224,-57.037518262787756,22.024591876148676,0.36017321138427927,-63.982678861572076
2025-11-23,15,53,24.760362108199637,0.7860432415301472,-21.39567584698528,18.885457868214775,0.5995383450226913,-40.046165497730875,14.362874709146448,0.4559642764808396,-54.40357235191604,12.473555946182149,0.39598590305340153,-60.40140969465985
2025-11-23,16,53,12.867002980384541,0.5310360289056765,-46.89639710943235,9.277868947866576,0.3829083346209895,-61.70916653790105,5.440529869006408,0.2245369322743049,-77.54630677256951,4.327046306432901,0.17858218350940572,-82.14178164905942
2025-11-23,17,7,0.5684254733759908,0.051863638081750985,-94.8136361918249,0.991738972585799,0.09048713253520063,-90.95128674647994,0.46000000000000024,0.04197080291970805,-95.8029197080292,0.5663477945171601,0.05167406884280658,-94.83259311571935
2025-11-23,18,7,0.006343147164629889,0.0005787543033421431,-99.94212456966578,0.5123406417233701,0.04674640891636588,-95.32535910836341,0.46000000000000024,0.04197080291970805,-95.8029197080292,0.4704681283446742,0.042925924119039616,-95.70740758809603
2025-11-23,19,7,0.0019416312399132957,0.00017715613502858535,-99.98228438649713,0.3983143765102846,0.03634255260130334,-96.36574473986967,0.46000000000000024,0.04197080291970805,-95.8029197080292,0.4476628753020571,0.040845152856027106,-95.91548471439728
2025-11-24,6,7,0.0004666145152976804,4.257431708920441e-05,-99.99574256829106,0.2973867125625004,0.027133824138914266,-97.28661758610858,0.46000000000000024,0.04197080291970805,-95.8029197080292,0.4274773425125003,0.039003407163549296,-96.09965928364508
2025-11-24,7,40,0.2551864597695053,0.01964483908926138,-98.03551609107386,2.227824344677919,0.17150302884356575,-82.84969711564342,0.7500000000000001,0.05773672055427252,-94.22632794457274,1.1711711643415978,0.09015944298241707,-90.9840557017583
2025-11-24,8,52,16.027096275256294,0.4480597225400137,-55.19402774599863,25.276867256594016,0.7066499093260835,-29.335009067391642,24.189402415708425,0.6762483202602297,-32.37516797397703,19.891122376997426,0.5560839356163663,-44.391606438363375
2025-11-24,9,52,47.85473066799114,0.717569810586162,-28.243018941383802,66.50447328152588,0.9972180728973741,-0.2781927102625915,52.9823153568803,0.7944566705185231,-20.554332948147696,58.749305087105675,0.880931250368956,-11.906874963104398
2025-11-24,10,52,78.890388067839,0.8538844903976512,-14.611550960234876,93.87622695499793,1.0160864482627767,1.6086448262776616,81.89246677768126,0.886378036342475,-11.362196365752501,86.09191034597775,0.9318314790126394,-6.816852098736064
2025-11-24,11,53,102.0989504886985,0.9494044122066068,-5.059558779339328,110.01733631434317,1.0230364172804831,2.3036417280483055,102.23246534873881,0.9506459489375004,-4.935405106249959,101.88131563350078,0.9473806549516529,-5.261934504834707
2025-11-24,12,53,112.64181477359347,1.0407633260056683,4.076332600566841,109.84138087592989,1.0148884863340102,1.4888486334010078,97.50313091872896,0.9008882095419845,-9.911179045801553,100.99296304891466,0.9331328009693679,-6.686719903063214
2025-11-24,13,53,110.14245993933932,1.0923580277629605,9.235802776296062,101.81325461811554,1.0097516078361157,0.975160783611562,92.17715833867355,0.9141838573705598,-8.581614262944013,93.74162619372028,0.9296997539791757,-7.0300246020824355
2025-11-24,14,53,95.88692510336048,1.1924751287571254,19.247512875712538,84.87955271132132,1.0555845381335816,5.558453813358161,68.31947108907309,0.8496389887958347,-15.036101120416529,77.7574323167599,0.9670119676254182,-3.2988032374581784
2025-11-24,15,53,70.25027239632334,1.4287222370616908,42.87222370616908,59.63341651054944,1.2128008238875216,21.28008238875216,47.00809144811237,0.9560319594897776,-4.396804051022238,52.19679584967039,1.0615577760762738,6.155777607627385
2025-11-24,16,53,37.0338556464141,1.6164930443655217,61.64930443655218,25.042455257844257,1.0930796707919799,9.307967079197976,11.598760984255868,0.5062750320495796,-49.37249679504204,15.400488257865653,0.6722168597933502,-32.77831402066498
2025-11-24,17,9,1.1214516751277341,0.09676028258220312,-90.3239717417797,1.3356231670085632,0.11523927239073022,-88.47607276092697,0.4700000000000003,0.04055220017256258,-95.94477998274374,0.6431246334017129,0.05548961461619611,-94.45103853838039
2025-11-24,18,9,0.006134220559091823,0.0005292683830105111,-99.94707316169894,0.4912948594831483,0.042389547841514094,-95.7610452158486,0.4700000000000003,0.04055220017256258,-95.94477998274374,0.47425897189662986,0.04091966970635288,-95.90803302936472
2025-11-24,19,9,0.0018151115699309456,0.00015661014408377443,-99.98433898559162,0.3801972499668013,0.03280390422491815,-96.71960957750818,0.4700000000000003,0.04055220017256258,-95.94477998274374,0.4520394499933605,0.03900254098303369,-96.09974590169664
2025-11-25,6,8,0.0005177884697700896,4.720040745397354e-05,-99.9952799592546,0.28324940455968195,0.025820365046461437,-97.41796349535386,0.4700000000000003,0.04284412032816776,-95.71558796718323,0.4326498809119367,0.0394393692718265,-96.05606307281734
2025-11-25,7,38,0.24311793264857026,0.019558964814848773,-98.04410351851513,2.107844370501364,0.1695771818585168,-83.04228181414831,0.7300000000000002,0.05872888173773131,-94.12711182622687,1.1129050903484106,0.08953379648820681,-91.04662035117931
2025-11-25,8,53,16.794791814065928,0.4443066617477759,-55.56933382522241,26.3692423123195,0.6975990029714154,-30.24009970285846,24.92621440235469,0.6594236614379548,-34.05763385620452,20.671592159589153,0.5468675174494485,-45.31324825505514
2025-11-25,9,53,48.60012345405114,0.6363771566590434,-36.36228433409566,66.38723144770643,0.8692841619445649,-13.071583805543508,55.40037865710033,0.7254206973562961,-27.457930264370393,58.524273643365945,0.7663254372576397,-23.367456274236034
2025-11-25,10,53,79.75262227554306,0.7669996371950669,-23.30003628049331,95.46494511805562,0.9181087239666823,-8.189127603331775,81.58688737129798,0.7846401939920944,-21.535980600790563,87.19777976789842,0.8386014595874055,-16.13985404125945
2025-11-25,11,53,103.55421613525519,0.863887679446527,-13.611232055347294,111.95820351667356,0.9339968592364526,-6.60031407635474,107.53280618045204,0.8970785532698093,-10.292144673019061,103.04704847517583,0.8596566987167418,-14.034330128325823
2025-11-25,12,53,114.98466718209353,0.9305978243937645,-6.940217560623549,113.15062643872365,0.9157545033888286,-8.424549661117142,106.30236359017346,0.8603299092762501,-13.967009072374987,104.24308320434764,0.8436636711261545,-15.633632887384548
2025-11-25,13,53,116.7541021562776,1.0220071967461273,2.200719674612721,109.27124576558774,0.9565060028500325,-4.34939971499675,102.4548704206401,0.8968388517212893,-10.316114827871074,100.64262117189018,0.8809753253841927,-11.90246746158074
2025-11-25,14,53,101.77169282632352,1.094672397830736,9.467239783073591,90.59010953991475,0.9744015224256722,-2.559847757432774,80.42186081688197,0.8650302335902116,-13.496976640978836,83.38632013056386,0.8969164260574795,-10.30835739425206
2025-11-25,15,53,74.1570963577952,1.221296053323373,22.1296053323373,63.22115551651853,1.0411916257661156,4.119162576611557,53.40267753254033,0.879490736701916,-12.050926329808402,55.98854486199625,0.9220774845519806,-7.7922515448019425
2025-11-25,16,53,39.522551499663,1.5224403505263098,52.24403505263098,27.226623040001925,1.0487913343606288,4.879133436062883,13.17169311220489,0.5073841722729157,-49.26158277270844,17.121737633799714,0.6595430521494496,-34.04569478505503
2025-11-25,17,10,1.2936870791321557,0.11571440779357386,-88.42855922064263,1.4484193576014555,0.12955450425773304,-87.04454957422669,0.47000000000000025,0.04203935599284439,-95.79606440071555,0.6656838715202913,0.05954238564582212,-94.04576143541779
2025-11-25,18,8,0.008871399126944358,0.0007949282371813941,-99.92050717628186,0.4703686184665508,0.042147725669045774,-95.78522743309541,0.4600000000000003,0.04121863799283157,-95.87813620071684,0.46207372369331035,0.0414044555280744,-95.85955444719256
2025-11-25,19,7,0.0014728195223498394,0.00013438134328009482,-99.98656186567199,0.36502442658049555,0.033305148410629155,-96.66948515893708,0.46000000000000024,0.04197080291970805,-95.8029197080292,0.4410048853160993,0.04023767201789227,-95.97623279821077
2025-11-26,6,7,0.0004628522445897882,4.223104421439673e-05,-99.99577689557856,0.29541864196249906,0.026954255653512685,-97.30457443464874,0.46000000000000024,0.04197080291970805,-95.8029197080292,0.42708372839250003,0.03896749346646898,-96.1032506533531
2025-11-26,7,40,0.24626088225849324,0.019513540591005806,-98.04864594089942,2.204784093629819,0.17470555417035016,-82.52944458296498,0.75,0.05942947702060222,-94.05705229793978,1.1427747242702218,0.09055267228765625,-90.94473277123437
2025-11-26,8,52,15.991508101968765,0.43290492966888916,-56.70950703311108,25.12074260087005,0.6800417596337317,-31.995824036626825,24.215849623918785,0.6555454689745205,-34.44545310254795,19.73134533229254,0.534145785931038,-46.5854214068962
2025-11-26,9,53,48.803222428125714,0.6668929000837073,-33.310709991629274,68.02527500444005,0.9295610139989072,-7.043898600109282,55.15319965953083,0.7536649311223123,-24.633506887768775,60.09547798139709,0.8212008469718102,-17.879915302818976
2025-11-26,10,53,81.05697795044453,0.7966287759257449,-20.337122407425507,98.64917665711309,0.9695250777111852,-3.0474922288814725,85.21224954680163,0.8374668260127925,-16.253317398720746,90.4957150663685,0.8893927770650468,-11.060722293495315
2025-11-26,11,53,104.2580813885804,0.8888156981123648,-11.118430188763515,112.11848838533379,0.9558268404546786,-4.417315954532145,102.90897509438246,0.8773143656810098,-12.268563431899013,103.85582429621914,0.885386396387205,-11.461360361279503
2025-11-26,12,53,115.32895306702719,0.9646115177904583,-3.5388482209541676,112.31865230401664,0.9394333581801325,-6.056664181986744,98.6487724583674,0.8250984648575395,-17.490153514246057,103.95959422074188,0.8695181851851947,-13.048181481480523
2025-11-26,13,53,112.78885702549064,1.0301292997122171,3.012929971221721,103.95265918035189,0.949426058821371,-5.057394117862906,92.93099865504541,0.8487624317750062,-15.123756822499379,95.73604216431723,0.8743816071268358,-12.56183928731643
2025-11-26,14,53,97.19816973503993,1.1055296830646033,10.552968306460333,85.9580918219165,0.9776853027970484,-2.2314697202951597,68.95226300469982,0.7842614081517267,-21.573859184827327,78.71786294528032,0.8953351108425878,-10.466488915741225
2025-11-26,15,53,71.26938305136534,1.2640898022590517,26.40898022590517,60.54754612630095,1.0739188741805772,7.391887418057729,47.63259600182498,0.8448491664034228,-15.515083359657723,53.05517968932334,0.9410283733473455,-5.897162665265456
2025-11-26,16,53,37.41514496118225,1.5080671084716748,50.80671084716748,25.141381871761922,1.0133567864474777,1.335678644747777,10.187406625632706,0.4106169538747564,-58.93830461252436,14.979960099197577,0.6037871865859563,-39.62128134140436
2025-11-26,17,8,1.0561709356891085,0.09515053474676655,-90.48494652532335,1.3340989445574276,0.12018909410427278,-87.98109058957273,0.4600000000000003,0.041441441441441476,-95.85585585585584,0.6348197889114857,0.057190971974007736,-94.28090280259923
2025-11-26,18,7,0.007514499730642936,0.0006856295374674211,-99.93143704625325,0.49808038806847393,0.045445290882160025,-95.455470911784,0.46000000000000024,0.04197080291970805,-95.8029197080292,0.46761607761369495,0.04266570051219844,-95.73342994878016
2025-11-26,19,7,0.0025892687081135756,0.00023624714490087367,-99.97637528550992,0.380641045091591,0.03473002236237144,-96.52699776376285,0.46000000000000024,0.04197080291970805,-95.8029197080292,0.4441282090183184,0.04052264680824073,-95.94773531917593
2025-11-27,6,7,0.000506405088226443,4.6204843816281294e-05,-99.99537951561838,0.2851772658552394,0.026019823526937897,-97.39801764730622,0.46000000000000024,0.04197080291970805,-95.8029197080292,0.42503545317104807,0.03878060704115402,-96.1219392958846
2025-11-27,7,33,0.21669080767438634,0.018178759033086106,-98.1821240966914,2.0187924021197876,0.1693617787013245,-83.06382212986755,0.6300000000000001,0.05285234899328861,-94.71476510067114,0.9077584804239576,0.07615423493489579,-92.38457650651041
2025-11-27,8,52,15.979786104678427,0.4855601976505145,-51.44398023494856,24.532629602498673,0.7454460529473923,-25.45539470526077,22.467339257670034,0.6826903451130368,-31.730965488696324,18.981065803639186,0.5767567852822605,-42.32432147177395
2025-11-27,9,52,49.20300220397093,0.6970251055952817,-30.297489440471825,68.36513002400494,0.9684817966284878,-3.1518203371512232,56.41939805891174,0.7992548244639714,-20.074517553602853,61.10354706626046,0.8656119431401115,-13.43880568598885
2025-11-27,10,52,82.26928242183531,0.808940830106542,-19.105916989345797,100.12486928120646,0.9845119889990803,-1.5488011000919677,87.81592955400559,0.8634801332743913,-13.651986672560865,92.13348858681401,0.9059340077366177,-9.406599226338228
2025-11-27,11,52,106.19968611127025,0.8963511656926929,-10.364883430730714,115.59650023887671,0.9756625610978791,-2.4337438902120945,106.19415841337052,0.8963045105787518,-10.36954894212482,107.30833400222683,0.9057084233813878,-9.42915766186122
2025-11-27,12,52,117.99001866080881,0.9577111904286429,-4.228880957135704,117.087872615691,0.9503885764260632,-4.961142357393673,109.15114812050825,0.8859671113677617,-11.403288863223821,109.22523283478361,0.8865684483342825,-11.343155166571746
2025-11-27,13,52,115.7647685326223,1.0234706792734711,2.3470679273471076,108.26527767726589,0.9571680459487747,-4.2831954051225365,100.91893878628396,0.8922194216805232,-10.778057831947686,99.95271899950417,0.8836771196136874,-11.632288038631259
2025-11-27,14,52,100.45530391309799,1.087531708488665,8.753170848866517,89.36260177490702,0.9674418293266973,-3.25581706733027,77.96116698512476,0.8440096025238147,-15.599039747618523,82.37683411010497,0.8918137285926705,-10.81862714073295
2025-11-27,15,52,73.67781623260628,1.2102138014554253,21.021380145542526,62.72801346651068,1.0303550175182439,3.035501751824398,51.77944997791046,0.8505165896503034,-14.948341034969662,55.67640414738798,0.9145270063631404,-8.547299363685958
2025-11-27,16,52,38.85816060795562,1.480310880303071,48.031088030307096,26.868113146576924,1.0235471674886445,2.3547167488644587,12.703987639167835,0.4839614338730603,-51.60385661269397,16.86978414864933,0.6426584437580697,-35.734155624193036
2025-11-27,17,8,1.0689674798805258,0.08776416090973119,-91.22358390902689,1.4065122283161149,0.11547719444303078,-88.45228055569692,0.4500000000000003,0.0369458128078818,-96.30541871921181,0.6413024456632233,0.052652089134911595,-94.73479108650884
2025-11-27,18,7,0.006819650495798771,0.0005617504527017109,-99.94382495472982,0.48094461633952373,0.039616525233898164,-96.03834747661017,0.4500000000000003,0.03706754530477762,-96.29324546952223,0.456188923267905,0.03757734129060173,-96.24226587093983
2025-11-27,19,7,0.0018136738085837525,0.00014939652459503727,-99.98506034754048,0.3880662040420581,0.0319659146657379,-96.80340853342621,0.4500000000000003,0.03706754530477762,-96.29324546952223,0.43761324080841185,0.03604721917696967,-96.39527808230302
2025-11-28,6,7,0.0004395746629666119,3.6208786076327175e-05,-99.99637912139238,0.30159229588246494,0.024842857980433685,-97.51571420195664,0.4500000000000003,0.03706754530477762,-96.29324546952223,0.42031845917649324,0.03462260783990883,-96.53773921600913
2025-11-28,7,34,0.21522236431043396,0.016466898570040855,-98.35331014299592,2.1292457118400256,0.16291091903902263,-83.70890809609773,0.6200000000000002,0.04743687834736039,-95.25631216526395,0.9218491423680053,0.07053168648569284,-92.94683135143072
2025-11-28,8,53,14.778415533047035,0.42761619019233316,-57.23838098076669,22.8294533077151,0.6605744591352748,-33.94255408647252,21.567194863939953,0.6240507773130773,-37.59492226869227,17.50690344906068,0.5065654933177279,-49.3434506682272
2025-11-28,9,53,46.65950454569592,0.6824558219349994,-31.75441780650005,65.33870620742498,0.9556633934097554,-4.433660659024466,53.37073741743935,0.780616314427956,-21.938368557204406,57.28297896651149,0.8378379255011188,-16.216207449888127
2025-11-28,10,53,78.71793315706242,0.8228928826788879,-17.710711732111207,96.6985155983043,1.01085632028334,1.0856320283339962,85.21372721592712,0.8907979010655146,-10.920209893448542,88.68217612969742,0.9270559913202742,-7.294400867972582
2025-11-28,11,53,101.31406946487674,0.909298774590529,-9.070122540947104,110.58178917114135,0.992477016434584,-0.7522983565415988,101.53448400424499,0.9112770059616315,-8.872299403836847,102.43058486626813,0.9193195554323114,-8.068044456768863
2025-11-28,12,53,112.19113598079761,0.9808632276691521,-1.9136772330847915,111.17391134012666,0.9719698491006004,-2.8030150899399637,102.38284575714162,0.8951114334423993,-10.488856655760074,103.07057473854654,0.90112410157848,-9.887589842151998
2025-11-28,13,53,110.29993815850635,1.040761824481094,4.07618244810939,103.10175630057671,0.9728416333324844,-2.715836666751564,96.62029678414615,0.9116842497088709,-8.831575029112916,95.01014218599657,0.8964912453858893,-10.350875461411063
2025-11-28,14,53,95.92209085657638,1.1340989696923196,13.40989696923196,84.93136597142427,1.004154244164392,0.41542441643921296,72.97049811844431,0.8627393960563292,-13.726060394367078,77.98526651219493,0.9220296348095879,-7.797036519041215
2025-11-28,15,53,70.40075824563809,1.2800137862843286,28.00137862843287,59.56799152922252,1.0830543914404092,8.305439144040927,49.36578814447747,0.8975597844450448,-10.244021555495522,52.51306831338997,0.9547830602434539,-4.521693975654608
2025-11-28,16,53,37.13075819341094,1.4769593553464975,47.69593553464974,25.55090249073595,1.0163445700372296,1.6344570037229649,12.01322831166134,0.477853154799576,-52.2146845200424,15.77187620496476,0.6273618219954161,-37.26381780045838
2025-11-28,17,8,1.0480767708792944,0.0948485765501624,-90.51514234498376,1.4040593228008702,0.12706419210867606,-87.29358078913239,0.4600000000000003,0.04162895927601813,-95.83710407239818,0.6488118645601743,0.05871600584254971,-94.12839941574502
2025-11-28,18,7,0.005355739259331143,0.0004886623411798488,-99.95113376588202,0.5124451609250527,0.046755945339877064,-95.3244054660123,0.46000000000000024,0.04197080291970805,-95.8029197080292,0.4704890321850107,0.04292783140374185,-95.70721685962582
2025-11-28,19,7,0.00264165975177816,0.00024102734961479558,-99.97589726503853,0.3977103438892029,0.036287440135876176,-96.37125598641238,0.46000000000000024,0.04197080291970805,-95.8029197080292,0.44754206877784075,0.04083413036294167,-95.91658696370583
2025-11-29,6,7,0.0005066914045829236,4.623096757143463e-05,-99.99537690324286,0.2959500097542517,0.027002738116263837,-97.29972618837361,0.46000000000000024,0.04197080291970805,-95.8029197080292,0.4271900019508506,0.038977189959019214,-96.10228100409806
2025-11-29,7,33,0.20377660845667903,0.017342690081419494,-98.26573099185806,2.062813044197337,0.17555855695296488,-82.4441443047035,0.6300000000000001,0.05361702127659576,-94.63829787234042,0.9165626088394675,0.07800532841186959,-92.19946715881305
2025-11-29,8,53,14.005689513276227,0.4217310904328885,-57.82689095671115,21.579310556592514,0.6497835157058872,-35.021648429411286,21.004800002296815,0.632484191577742,-36.75158084222579,16.136314470621723,0.485887216820889,-51.411278317911105
2025-11-29,9,53,45.26857688000686,0.6760540155317633,-32.39459844682367,62.96925011485384,0.940400987378343,-5.959901262165698,51.861599141031796,0.7745161162041786,-22.54838837958214,55.17706806782033,0.8240302877511997,-17.596971224880026
2025-11-29,10,53,77.61954394205229,0.8335432124361285,-16.64567875638715,92.96121708591592,0.9982948570222929,-0.17051429777071014,79.93874066816974,0.8584486755602421,-14.155132443975797,85.06707503727371,0.9135209948160836,-8.647900518391637
2025-11-29,11,53,100.12679202575599,0.9215535391233869,-7.844646087661313,107.93735883858034,0.9934409465124743,-0.655905348752571,99.22356013229187,0.9132403141490277,-8.67596858509723,99.39993302990156,0.9148636265982656,-8.51363734017344
2025-11-29,12,53,111.05781198122132,0.9960341881723886,-0.3965811827611351,108.90250360720754,0.9767040682260767,-2.329593177392333,97.7485520146254,0.8766686279338602,-12.333137206613976,100.28749085989443,0.8994393799093672,-10.056062009063277
2025-11-29,13,53,109.4277070067143,1.0700929689684557,7.009296896845585,101.57277273543743,0.9932796082088541,-0.6720391791145901,92.3215036081815,0.9028114962661988,-9.718850373380112,93.60839740594598,0.9153960239188927,-8.460397608110723
2025-11-29,14,52,93.81953303221614,1.147078286247905,14.707828624790503,82.7425636371495,1.01164645601112,1.164645601112006,70.75161697641691,0.8650399434700687,-13.496005652993128,75.7413280487142,0.9260463143258858,-7.395368567411417
2025-11-29,15,52,68.64468232161255,1.304288092753421,30.4288092753421,57.78917034834704,1.0980271774339168,9.802717743391677,47.610843743215725,0.9046331701162023,-9.536682988379779,50.82061272876578,0.9656206104648637,-3.4379389535136267
2025-11-29,16,52,36.0613418889192,1.8066804553566733,80.66804553566733,24.829138919863293,1.2439448356644935,24.39448356644936,11.315068195681864,0.5668871841523979,-43.3112815847602,15.295600716899463,0.7663126611673077,-23.368733883269226
2025-11-29,17,7,0.6806917931903609,0.09560277994246641,-90.43972200575335,1.2258567909769529,0.1721708976091226,-82.78291023908776,0.46000000000000024,0.06460674157303374,-93.53932584269663,0.6131713581953908,0.08611957278025152,-91.38804272197486
2025-11-29,18,7,0.0057320927685967134,0.0008050692090725721,-99.91949307909275,0.4990270206468757,0.0700880646975949,-92.99119353024051,0.46000000000000024,0.06460674157303374,-93.53932584269663,0.4678054041293754,0.06570300619794597,-93.4296993802054
2025-11-29,19,7,0.002497676876853888,0.00035079731416487193,-99.96492026858351,0.3840383354022871,0.0539379684553774,-94.60620315446226,0.46000000000000024,0.06460674157303374,-93.53932584269663,0.4448076670804576,0.06247298694950247,-93.75270130504975
2025-11-30,6,6,0.00045870038666949214,7.024508218522084e-05,-99.99297549178148,0.27305935000261594,0.04181613323164103,-95.8183866768359,0.46000000000000024,0.07044410413476267,-92.95558958652373,0.4226118700005234,0.06471850995413835,-93.52814900458617
2025-11-30,7,33,0.17800002964561523,0.023607430987482126,-97.63925690125178,2.0176913664762024,0.26759832446633985,-73.24016755336602,0.6300000000000001,0.08355437665782495,-91.64456233421751,0.9075382732952405,0.12036316621952792,-87.96368337804721
2025-11-30,8,51,13.276049771259178,0.4545035868284553,-54.549641317154475,20.606540396443304,0.7054618417132251,-29.453815828677488,20.150464935933055,0.6898481662421451,-31.015183375785494,15.492585002398018,0.5303863403765156,-46.961365962348445
2025-11-30,9,51,43.42495496594383,0.7317990388598555,-26.82009611401445,60.8824831519746,1.0259939863831242,2.5993986383124135,50.29483366534681,0.8475705032919919,-15.242949670800812,53.42159190448086,0.9002627553839039,-9.973724461609617
2025-11-30,10,51,74.758962242539,0.929028982758034,-7.097101724196595,89.86323214518718,1.1167296153248065,11.672961532480656,77.92641229527247,0.9683908574036594,-3.16091425963406,82.43784695540944,1.0244544172413252,2.445441724132524
2025-11-30,11,51,96.68153947851332,1.0327017675551518,3.2701767555151786,104.34076274404246,1.1145135947878921,11.451359478789211,97.08621015421221,1.037024248602993,3.7024248602993013,96.34057062272277,1.0290597161153894,2.9059716115389453
2025-11-30,12,51,107.35693011678663,1.0182768672748423,1.8276867274842419,104.53381977856777,0.9914997607755647,-0.8500239224435338,93.47170410651744,0.8865759661056383,-11.342403389436173,96.44207061627021,0.9147497924335599,-8.525020756644007
2025-11-30,13,51,105.85276911051285,1.079139250795319,7.913925079531908,98.38601719797767,1.0030178121926563,0.30178121926563545,87.2497393982183,0.8894865878093413,-11.051341219065867,90.69684600545585,0.9246288715002126,-7.537112849978744
2025-11-30,14,52,92.93931359890179,1.2470054152542838,24.70054152542838,82.38693918431649,1.1054198199961958,10.54198199961958,66.79904666271327,0.8962705844990373,-10.372941550096266,75.24809342947057,1.0096349581305588,0.963495813055892
2025-11-30,15,53,69.24795659279633,1.4474907314547725,44.74907314547724,58.218887736833274,1.216949994499023,21.6949994499023,44.293178491993,0.9258607544312916,-7.413924556870846,50.64132831097229,1.0585561937912267,5.855619379122659
2025-11-30,16,53,36.189491491130006,1.9158015612032824,91.58015612032825,24.750222785153227,1.3102288398704725,31.02288398704725,10.412874734116341,0.5512374131347983,-44.87625868652017,14.869102086258879,0.7871414550692895,-21.285854493071053
2025-11-30,17,7,0.6506119662424581,0.09456569276779914,-90.54343072322008,1.2174945344164922,0.17696141488611805,-82.30385851138819,0.4600000000000003,0.06686046511627912,-93.31395348837209,0.6114989068832987,0.0888806550702469,-91.11193449297531
2025-11-30,18,7,0.005655510080187494,0.0008220218139807404,-99.91779781860191,0.49843786503044696,0.07244736410326263,-92.75526358967373,0.4600000000000003,0.06686046511627912,-93.31395348837209,0.46768757300608965,0.06797784491367583,-93.20221550863242
2025-11-30,19,7,0.002281623548637927,0.0003316313297438848,-99.96683686702562,0.37922425741172044,0.05511980485635472,-94.48801951436452,0.4600000000000003,0.06686046511627912,-93.31395348837209,0.44384485148234437,0.06451233306429424,-93.54876669357057
2025-12-01,6,6,0.0004503272714284067,6.896282870266565e-05,-99.99310371712973,0.2646866699842244,0.04053394639880925,-95.94660536011908,0.4600000000000003,0.07044410413476268,-92.95558958652373,0.4209373339968452,0.064462072587572,-93.55379274124279
2025-12-01,7,25,0.11157178725382015,0.015758727013251435,-98.42412729867486,1.680548168840821,0.23736556057073743,-76.26344394292626,0.5200000000000002,0.07344632768361585,-92.65536723163841,0.7521096337681644,0.10623017426104017,-89.37698257389599
2025-12-01,8,53,12.66392225533027,0.45619316481737276,-54.38068351826273,19.922718090717293,0.7176771646511991,-28.232283534880082,19.12206802054532,0.688835303333765,-31.116469666623498,14.519982977133642,0.5230541418275807,-47.69458581724193
2025-12-01,9,53,41.7139906538696,0.6719392824399096,-32.80607175600903,59.00033998978195,0.9503920745776729,-4.960792542232704,47.6839263370871,0.7681044835226658,-23.189551647733424,51.32799594829279,0.8268040584454378,-17.319594155456222
2025-12-01,10,53,71.40431308529502,0.7948827016063121,-20.51172983936879,87.4110625261156,0.9730720530570589,-2.692794694294109,75.61855926309818,0.8417962736624532,-15.82037263375467,79.48062785302062,0.8847893560394147,-11.521064396058529
2025-12-01,11,53,92.58179827455174,0.9036778748126085,-9.63221251873915,100.89315487414635,0.9848038543108477,-1.5196145689152323,92.25840946271133,0.900521322232419,-9.947867776758102,92.5369953483249,0.9032405597689106,-9.67594402310894
2025-12-01,12,53,102.85205776687346,0.9680193672176325,-3.198063278236746,100.51477813443215,0.9460214412652438,-5.397855873475624,88.13817829589178,0.8295357957260403,-17.046420427395976,92.11997563544291,0.8670115353924038,-13.298846460759611
2025-12-01,13,53,101.10359087152008,1.074541299516634,7.454129951663385,93.59198072185006,0.9947069903480716,-0.5293009651928363,82.20326001631997,0.8736662771423103,-12.633372285768976,85.60291956993801,0.9097982736734829,-9.02017263265171
2025-12-01,14,53,87.12871881692044,1.167163011613134,16.716301161313396,76.98752781865848,1.0313131656886603,3.1313165688660236,59.746926313506094,0.8003607007837388,-19.963929921626118,68.61851793033588,0.9192031872784446,-8.079681272155536
2025-12-01,15,53,63.31460729856802,1.3152182654459494,31.521826544594955,53.539253702969276,1.1121573266092495,11.215732660924942,38.8623790182434,0.8072783344047236,-19.272166559527637,45.66495741588822,0.9485865686723766,-5.141343132762339
2025-12-01,16,53,33.09312909961952,1.7227032326715004,72.27032326715003,22.696220891024737,1.1814794841761969,18.147948417619677,8.779901769145868,0.4570485043803159,-54.2951495619684,12.914860789076773,0.6722988437832782,-32.77011562167218
2025-12-01,17,7,0.639231323721734,0.09442117041679969,-90.55788295832004,1.3352853489356913,0.19723564976893518,-80.27643502310649,0.4600000000000003,0.06794682422451997,-93.205317577548,0.6350570697871385,0.09380458933340302,-90.6195410666597
2025-12-01,18,7,0.006293413775964288,0.0009296032165382995,-99.90703967834618,0.5291458435472991,0.07816039047966013,-92.18396095203398,0.4600000000000003,0.06794682422451997,-93.205317577548,0.4738291687094601,0.06998953747554802,-93.00104625244519
2025-12-01,19,7,0.0016279991626151449,0.0002404725498692976,-99.97595274501307,0.38349259228307236,0.056645877737529146,-94.33541222624709,0.4600000000000003,0.06794682422451997,-93.205317577548,0.44469851845661473,0.06568663492712182,-93.43133650728782
2025-12-02,6,7,0.0005112691349733692,6.622657188774213e-05,-99.99337734281123,0.2797309714912184,0.03623458179938062,-96.37654182006193,0.4600000000000003,0.059585492227979306,-94.04145077720207,0.42394619429824393,0.054915310142259574,-94.50846898577404
2025-12-02,7,16,0.05977001170743392,0.00765301046189935,-99.23469895381007,1.217199020315701,0.1558513470314598,-84.41486529685402,0.4900000000000003,0.0627400768245839,-93.72599231754161,0.6354398040631404,0.08136233086595908,-91.86376691340409
2025-12-02,8,52,9.283620019446335,0.5335413804279504,-46.64586195720496,14.041696586687605,0.8069940567061844,-19.300594329381557,11.105654284648482,0.6382559933706026,-36.17440066293974,8.643176163009693,0.49673426224193656,-50.32657377580635
2025-12-02,9,53,31.602361736658505,0.8869593526988072,-11.304064730119274,36.51579593276418,1.0248609579782255,2.4860957978225513,21.136473857417453,0.5932212702053733,-40.67787297946266,26.62268221562232,0.7471984904749458,-25.280150952505426
2025-12-02,10,53,46.37659603784714,1.0571369053532513,5.713690535325139,50.60756522334611,1.1535802421551424,15.358024215514252,36.34348189427121,0.8284358763225713,-17.156412367742867,42.51840929409299,0.9691910028286526,-3.080899717134749
2025-12-02,11,53,58.13298674899624,0.9891609111620935,-1.0839088837906499,61.26104997048631,1.042386421141506,4.238642114150601,47.697698232321905,0.8115994254266106,-18.840057457338943,53.253745164032544,0.9061382535993286,-9.386174640067141
2025-12-02,12,53,48.45310156945772,1.0915319119048823,9.153191190488222,46.87133003610602,1.0558984013540442,5.589840135404422,35.347331936352965,0.7962904243377554,-20.370957566224455,39.64226203811167,0.8930448758304047,-10.695512416959525
2025-12-02,13,53,38.574188063190405,0.7694831051903135,-23.051689480968655,35.572216090644716,0.709599363467878,-29.0400636532122,27.201539577500803,0.5426199796030483,-45.738002039695175,27.275883610084186,0.5441030043902692,-45.58969956097309
2025-12-02,14,53,25.57550036330904,0.8426853496971676,-15.731465030283243,22.00699069111026,0.7251067773018206,-27.489322269817933,18.29123613637102,0.6026766437025046,-39.732335629749535,16.149971633952074,0.5321242712999035,-46.787572870009654
2025-12-02,15,50,18.08780282480614,0.9867868425971709,-1.321315740282916,14.005185277296933,0.764058116601033,-23.594188339896704,12.999722428361737,0.7092047151315733,-29.07952848684267,9.267617305182942,0.5055983254327846,-49.44016745672153
2025-12-02,16,43,9.425871000286016,0.8446120967998222,-15.538790320017783,7.402783371983194,0.6633318433676697,-33.66681566323303,3.017399766126225,0.27037632312959003,-72.962367687041,2.8985189319244076,0.2597239186312193,-74.02760813687807
2025-12-02,17,6,0.2536752821456828,0.03290211182174874,-96.70978881782513,0.8271206472857031,0.10727894257920922,-89.27210574207908,0.4500000000000003,0.05836575875486385,-94.16342412451361,0.5254241294571409,0.06814839551973294,-93.1851604480267
2025-12-02,18,6,0.000276552108559785,3.586927478077627e-05,-99.99641307252192,0.4561125526722205,0.05915856714295986,-94.08414328570402,0.4500000000000003,0.05836575875486385,-94.16342412451361,0.4512225105344444,0.05852432043248306,-94.14756795675169
2025-12-02,19,6,0.0013906660616982167,0.00018037173303478817,-99.98196282669653,0.33010498979840713,0.04281517377411247,-95.71848262258875,0.4500000000000003,0.05836575875486385,-94.16342412451361,0.4260209979596817,0.05525564175871358,-94.47443582412865
2025-12-03,6,6,0.00045685716128845603,5.925514413598651e-05,-99.99407448558641,0.2588582952146982,0.033574357355991985,-96.6425642644008,0.4500000000000003,0.05836575875486385,-94.16342412451361,0.41177165904293994,0.05340747847508949,-94.65925215249105
2025-12-03,7,22,0.04005791209969827,0.004921119422567357,-99.50788805774326,1.4377128976824545,0.1766232061034957,-82.33767938965043,0.5100000000000002,0.0626535626535627,-93.73464373464373,0.6955425795364909,0.08544749134354929,-91.45525086564507
2025-12-03,8,53,12.918004817138005,0.40031003461846937,-59.968996538153064,20.244844947121248,0.6273580708745352,-37.264192912546484,19.358740913425827,0.5998990056840976,-40.01009943159024,14.782336677088926,0.4580829462996259,-54.191705370037404
2025-12-03,9,53,44.81060129893696,0.6079310988866772,-39.206890111332285,63.82754376187819,0.8659278762973573,-13.407212370264268,53.755486119565184,0.7292834909722589,-27.071650902774113,56.40702268560434,0.7652560396907387,-23.474396030926123
2025-12-03,10,53,76.48174147025162,0.7512203267876596,-24.877967321234035,95.1359794452964,0.9344463161309932,-6.555368386900687,85.24905015820366,0.8373347427384704,-16.266525726152963,87.00188117376061,0.8545514308394128,-14.544856916058718
2025-12-03,11,53,99.4724254150896,0.8424868757100841,-15.751312428991598,108.98702779603789,0.9230712949609376,-7.692870503906232,93.93232399208307,0.7955646988403751,-20.443530115962492,100.50750868573441,0.8512535672544628,-14.874643274553717
2025-12-03,12,53,110.91559993108697,0.9085484922271212,-9.145150777287887,110.24700990890852,0.903071837392763,-9.692816260723706,102.91204908793789,0.842988606552571,-15.7011393447429,102.08210239152709,0.8361902227353134,-16.380977726468657
2025-12-03,13,53,109.7215945636351,0.9769530279016571,-2.304697209834293,103.44423431925726,0.9210598728453145,-7.894012715468548,98.2554346916157,0.8748591816544895,-12.51408183455105,95.0799720125637,0.846585094938685,-15.3414905061315
2025-12-03,14,53,95.40145518559008,1.0710840371122718,7.108403711227189,85.88957252662419,0.964292944051018,-3.570705594898202,74.3167384196203,0.8343632920132511,-16.56367079867489,78.57499033509234,0.8821712174143069,-11.782878258569307
2025-12-03,15,53,69.58341696968559,1.22484451627681,22.484451627680997,59.70272750496523,1.0509193364718399,5.091933647183985,48.02248142957789,0.8453173988660074,-15.468260113399262,52.43967592704019,0.9230712185713815,-7.692878142861851
2025-12-03,16,53,36.665916586511734,1.7030151689044,70.30151689044001,24.840144578628582,1.1537456840979368,15.374568409793687,11.610318554529925,0.539262357386434,-46.0737642613566,15.086628828849975,0.7007259093752891,-29.927409062471096
2025-12-03,17,6,0.6315734094025239,0.08191613610927677,-91.80838638907233,1.1001113326486136,0.14268629476635714,-85.73137052336428,0.4500000000000003,0.05836575875486385,-94.16342412451361,0.580022266529723,0.07522986595716252,-92.47701340428375
2025-12-03,18,6,0.002395928599262423,0.0003107559791520652,-99.9689244020848,0.43286163460016264,0.05614288386513134,-94.38571161348686,0.4500000000000003,0.05836575875486385,-94.16342412451361,0.4465723269200328,0.05792118377691735,-94.20788162230826
2025-12-03,19,6,0.0013720963427630644,0.00017796320917808878,-99.98220367908219,0.33621301245011714,0.043607394610910136,-95.63926053890899,0.4500000000000003,0.05836575875486385,-94.16342412451361,0.4272426024900237,0.055414085926073116,-94.45859140739269
2025-12-04,6,6,0.00045056431219695745,5.843895099830836e-05,-99.99415610490017,0.26613424803950736,0.034518060705513276,-96.54819392944867,0.4500000000000003,0.05836575875486385,-94.16342412451361,0.41322684960790174,0.05359621914499374,-94.64037808550061
2025-12-04,7,22,0.020409267282913975,0.00251655576854673,-99.74834442314531,1.4212945806103825,0.17525210611718656,-82.47478938828135,0.5100000000000002,0.06288532675709006,-93.711467324291,0.6922589161220767,0.08535868262910935,-91.46413173708906
2025-12-04,8,52,11.993803186756727,0.39157045990064404,-60.8429540099356,18.95931671103023,0.618978671597461,-38.1021328402539,17.468929126985277,0.5703208986936101,-42.96791013063899,13.526427745061639,0.44160717417765716,-55.83928258223428
2025-12-04,9,52,42.58450915553731,0.6331327558063828,-36.68672441936172,60.306433375940436,0.8966166127853171,-10.338338721468284,49.431323787881226,0.7349289888177405,-26.507101118225957,53.05796934584198,0.7888487859922982,-21.115121400770178
2025-12-04,10,52,73.30016429851769,0.7710936702978929,-22.890632970210714,89.76844708713793,0.9443346001171675,-5.566539988283252,76.44411598482748,0.8041670101496685,-19.583298985033153,82.01286850914256,0.8627484589642602,-13.725154103573981
2025-12-04,11,53,96.29891278736014,0.856294796259649,-14.370520374035095,104.85393916957862,0.9323665229377434,-6.763347706225666,92.0362920569383,0.8183913574332055,-18.160864256679453,96.01881006312661,0.8538041086886591,-14.619589131134092
2025-12-04,12,53,106.8580367356495,0.9314682421168891,-6.853175788311098,105.92700203380461,0.9233525281886734,-7.66474718113266,97.61645235059727,0.8509104981746625,-14.90895018253376,97.34860399622708,0.8485756973171817,-15.142430268281831
2025-12-04,13,53,104.9425638710341,1.0019339685987596,0.1933968598759663,98.19704834324887,0.937531490769991,-6.2468509230009,91.23854730685228,0.8710955442701191,-12.89044557298809,90.15472878339118,0.8607478402080502,-13.925215979194988
2025-12-04,14,53,91.27557717303272,1.1023620431525691,10.236204315256908,81.41558326987928,0.983279991182117,-1.6720008817883085,65.72860815517915,0.7938237699900863,-20.617623000991365,73.17349412507805,0.8837378517521504,-11.62621482478496
2025-12-04,15,53,66.6257058875132,1.3066425943815103,30.66425943815104,56.06572586557826,1.0995435549240686,9.954355492406872,41.6376675055564,0.8165849677496844,-18.341503225031566,48.36762104908348,0.9485707207115804,-5.1429279288419565
2025-12-04,16,53,34.849571160012225,1.7450962023040675,74.50962023040675,23.45185136208388,1.1743540992530737,17.43540992530736,9.116849315467839,0.4565272566583795,-54.347274334162044,13.532727887530708,0.6776528736870661,-32.23471263129339
2025-12-04,17,7,0.6559813701838518,0.08497168007562848,-91.50283199243715,1.1947266246693866,0.154757334801734,-84.5242665198266,0.46000000000000024,0.059585492227979306,-94.04145077720207,0.6069453249338775,0.07861986074273025,-92.13801392572697
2025-12-04,18,7,0.006477445016299963,0.0008390472819041403,-99.9160952718096,0.4878196259869517,0.0631890707236984,-93.68109292763015,0.46000000000000024,0.059585492227979306,-94.04145077720207,0.4655639251973906,0.060306207927123136,-93.9693792072877
2025-12-04,19,7,0.004858568372760595,0.0006293482348135485,-99.93706517651864,0.38712590509731865,0.05014584262918635,-94.98541573708135,0.46000000000000024,0.059585492227979306,-94.04145077720207,0.445425181019464,0.05769756230822073,-94.23024376917793
2025-12-05,6,7,0.0005380710257716749,6.969831940047603e-05,-99.99303016805995,0.27386439659043715,0.03547466277078202,-96.4525337229218,0.46000000000000024,0.059585492227979306,-94.04145077720207,0.42277287931808766,0.05476332633653985,-94.523667366346
2025-12-05,7,23,0.012900494825435148,0.0015965958942370235,-99.84034041057629,1.4311832009141858,0.1771266337765082,-82.28733662234919,0.5200000000000002,0.0643564356435644,-93.56435643564356,0.7022366401828372,0.08691047527015314,-91.30895247298469
2025-12-05,8,53,11.29908922071147,0.35101240201029726,-64.89875979897026,18.262546333288,0.5673360153242621,-43.266398467573794,16.99684019683867,0.5280161602000207,-47.198383979997935,12.89333727469474,0.4005385919445399,-59.94614080554601
2025-12-05,9,53,41.656907437506,0.6005032065374946,-39.94967934625054,59.12435462685671,0.8523043769187935,-14.769562308120651,48.574485400468944,0.700223229068314,-29.9776770931686,51.68081470703385,0.7450023743265656,-25.49976256734345
2025-12-05,10,53,71.9509121844989,0.7462239388560351,-25.37760611439649,89.07561464179585,0.9238292329578495,-7.617076704215048,76.81446476470448,0.7966652641018925,-20.333473589810744,81.01118612683554,0.8401906878949963,-15.980931210500376
2025-12-05,11,53,94.17144267994567,0.836336080638949,-16.366391936105096,103.36972519081647,0.9180259786040538,-8.197402139594619,90.54832436812427,0.8041591862177998,-19.584081378220013,94.58560347810236,0.8400142404804827,-15.998575951951732
2025-12-05,12,53,105.17398579880235,0.9014655506882863,-9.853444931171373,104.56271029501579,0.8962261960659621,-10.377380393403786,95.38132649756979,0.8175308690971955,-18.24691309028045,96.04401708078888,0.8232109118092816,-17.678908819071836
2025-12-05,13,53,103.84317118873399,0.9676933295008293,-3.2306670499170744,97.27288161711276,0.9064661412460419,-9.353385875395809,89.3105231269814,0.8322665467056322,-16.77334532943678,89.2613024995746,0.8318078697192675,-16.81921302807325
2025-12-05,14,53,90.49087961495219,1.0545493487350215,5.454934873502144,80.54288660034696,0.9386188859147764,-6.138111408522365,65.82757908068459,0.7671317921068009,-23.28682078931991,72.37219279487692,0.8434004521020502,-15.659954789794986
2025-12-05,15,53,66.1612072082762,1.222490894461866,22.249089446186606,56.062002657742255,1.0358832715769077,3.58832715769078,42.52979735722302,0.7858425232302848,-21.41574767697152,48.43585462111941,0.8949714453274096,-10.50285546725904
2025-12-05,16,53,34.80749504868979,1.6766616112085642,67.66616112085642,23.401655023616595,1.1272473518119748,12.724735181197481,10.114810289263351,0.48722592915526747,-51.27740708447326,13.779337944597847,0.6637446023409368,-33.62553976590632
2025-12-05,17,7,0.6482570799890632,0.08397112435091492,-91.60288756490851,1.200670932541803,0.1555273228681092,-84.44726771318909,0.4600000000000003,0.059585492227979306,-94.04145077720207,0.6081341865083608,0.07877385835600528,-92.12261416439948
2025-12-05,18,6,0.0022704905662577005,0.00029448645476753575,-99.97055135452324,0.48541183133611804,0.06295873298782335,-93.70412670121766,0.4500000000000003,0.05836575875486385,-94.16342412451361,0.45708236626722387,0.05928435360145576,-94.07156463985443
2025-12-05,19,6,0.0013059725158143078,0.000169386837330001,-99.98306131626701,0.38198936773937636,0.04954466507644311,-95.04553349235569,0.4500000000000003,0.05836575875486385,-94.16342412451361,0.4363978735478755,0.056601540019179705,-94.33984599808203
2025-12-06,6,6,0.00044310458481066066,5.747141177829581e-05,-99.99425285882216,0.2769846467477911,0.03592537571307278,-96.40746242869272,0.4500000000000003,0.05836575875486385,-94.16342412451361,0.41539692934955846,0.05387768214650564,-94.61223178534944
2025-12-06,7,17,0.005590417748758117,0.0007067531920048188,-99.92932468079951,1.187199534321111,0.15008843670304817,-84.99115632969517,0.49000000000000027,0.06194690265486729,-93.80530973451327,0.6294399068642224,0.07957520946450346,-92.04247905354966
2025-12-06,8,53,10.557672322819824,0.4008227912991581,-59.91772087008419,17.514550507424364,0.6649411734025954,-33.50588265974046,16.216495626423097,0.6156604262119627,-38.43395737880373,12.175746371558056,0.4622530892770712,-53.77469107229288
2025-12-06,9,53,39.65304338317084,0.6550973630129,-34.49026369871,56.61163462422945,0.9352657297906732,-6.473427020932676,46.164067914298506,0.7626642642375434,-23.733573576245654,49.262704032412266,0.8138560058221092,-18.614399417789087
2025-12-06,10,53,69.81186384399594,0.8035435525321813,-19.645644746781862,84.94357551412872,0.9777115045364722,-2.2288495463527838,72.21753101287315,0.8312330917687976,-16.876690823120242,77.05739040043935,0.8869404972426257,-11.305950275737425
2025-12-06,11,53,91.68769058893757,0.8916433977335173,-10.835660226648269,99.61171118919049,0.9687028220284986,-3.1297177971501484,88.49365734625248,0.8605821000316298,-13.941789996837024,91.15894857173625,0.8865014934526525,-11.349850654734746
2025-12-06,12,53,102.50599945115314,0.96804230287235,-3.195769712764998,100.11748416036262,0.9454857319894477,-5.451426801055225,89.5338530163815,0.8455364341900227,-15.446356580997733,91.81404477704142,0.8670700233925905,-13.292997660740943
2025-12-06,13,53,101.14203194482575,1.0394864536981063,3.9486453698106363,93.7665061467987,0.9636845441603156,-3.6315455839684407,81.7091673504649,0.8397653376203997,-16.023466237960022,85.56002044323044,0.8793424505984629,-12.065754940153706
2025-12-06,14,53,87.94282676582976,1.1375349471715142,13.753494717151419,77.8373914309435,1.006821775073645,0.682177507364501,64.1228422819038,0.8294249422054559,-17.057505779454406,69.88919595292809,0.9040123651911537,-9.598763480884633
2025-12-06,15,53,64.21830120053126,1.3370456214976318,33.704562149763184,54.00035110295554,1.1243046242547479,12.430462425474786,41.4925061421308,0.8638872817433021,-13.61127182566979,46.51780026804827,0.9685155167197225,-3.148448328027757
2025-12-06,16,53,33.5947708281333,1.7219257215855102,72.19257215855102,22.599969968745047,1.1583787785107662,15.83787785107662,9.908222515461226,0.5078535374403499,-49.21464625596501,13.30596629118978,0.6820074982670313,-31.799250173296866
2025-12-06,17,7,0.6313864993882264,0.08178581598293087,-91.82141840170691,1.1887508929120916,0.15398327628394967,-84.60167237160503,0.4600000000000003,0.059585492227979306,-94.04145077720207,0.6057501785824185,0.07846504903917338,-92.15349509608266
2025-12-06,18,7,0.007572698588883533,0.0009809195063320638,-99.9019080493668,0.49994792600931504,0.06476009404265738,-93.52399059573426,0.4600000000000003,0.059585492227979306,-94.04145077720207,0.4679895852018633,0.06062041259091493,-93.93795874090851
2025-12-06,19,7,0.0018639368245421176,0.0002414425938526059,-99.97585574061473,0.3867853622459514,0.05010173086087453,-94.98982691391255,0.4600000000000003,0.059585492227979306,-94.04145077720207,0.44535707244919054,0.05768873995455835,-94.23112600454417
2025-12-07,6,7,0.00048008204964709975,6.21867939957383e-05,-99.99378132060043,0.29811912050307854,0.038616466386409136,-96.13835336135908,0.4600000000000003,0.059585492227979306,-94.04145077720207,0.42762382410061595,0.055391687059665275,-94.46083129403348
2025-12-07,7,29,0.005372865349593686,0.0006175707298383547,-99.93824292701616,1.3868145501002338,0.15940397127588896,-84.0596028724111,0.5000000000000003,0.05747126436781613,-94.25287356321839,0.6773629100200469,0.07785780574943069,-92.21421942505692
2025-12-07,8,53,6.958712041773151,0.2901881585393308,-70.98118414606692,13.032711663246474,0.54348255476424,-45.651744523576,9.956513778166682,0.41520074137475743,-58.479925862524254,7.6269378641885925,0.31805412277683875,-68.19458772231613
2025-12-07,9,53,26.352828628597678,0.47134374223927167,-52.86562577607283,33.052591175495536,0.5911749450097574,-40.882505499024255,24.235358439281388,0.4334709075171059,-56.65290924828942,24.604031994815042,0.44006496145260315,-55.99350385473968
2025-12-07,10,53,41.82055815797352,0.6522233025260998,-34.77766974739002,46.34549095931003,0.7227930592531195,-27.720694074688048,35.85298756808477,0.5591545160337612,-44.08454839662388,39.34373869436045,0.613595425676239,-38.6404574323761
2025-12-07,11,53,62.22220988629501,0.771796203005396,-22.820379699460407,66.36209088371004,0.8231467487436126,-17.68532512563874,54.41444239766147,0.6749496700280511,-32.5050329971949,58.340435193622106,0.7236471743193018,-27.63528256806982
2025-12-07,12,53,67.3884963525947,0.8322649913868682,-16.773500861313188,66.19872851817284,0.8175710574061116,-18.24289425938884,53.84351151428681,0.6649809993119281,-33.50190006880719,58.43960548029907,0.721743923432124,-27.8256076567876
2025-12-07,13,53,72.93220733476959,1.025913733784915,2.591373378491486,69.50359976773052,0.977684621855824,-2.231537814417596,54.854138180840145,0.7716153914874125,-22.838460851258752,61.20548267839422,0.8609576969812102,-13.904230301878986
2025-12-07,14,53,65.38576635773411,1.0633560962389674,6.335609623896748,58.100122804531956,0.9448710815503651,-5.512891844963483,42.482130687625656,0.690878690642798,-30.91213093572019,49.789050516837,0.8097097173009757,-19.029028269902422
2025-12-07,15,53,40.01899229210094,1.1569526537178647,15.695265371786482,30.045810191802328,0.8686270653889081,-13.13729346110919,22.503580865592657,0.6505805396239566,-34.94194603760434,21.712254322349853,0.6277032183391111,-37.22967816608888
2025-12-07,16,52,21.973021350224595,1.372456049358188,37.24560493581882,14.676291473266573,0.916695282527581,-8.3304717472419,6.276631932744811,0.39204446800404813,-60.79555319959519,7.826550045956677,0.48885384421965494,-51.1146155780345
2025-12-07,17,7,0.48444858087530424,0.06275240684913266,-93.72475931508674,0.9434546322626784,0.12220914925682362,-87.77908507431763,0.4600000000000003,0.059585492227979306,-94.04145077720207,0.5566909264525359,0.07211022363374817,-92.78897763662518
2025-12-07,18,7,0.00718592222849638,0.000930818941515075,-99.90691810584849,0.48369989513789374,0.06265542683133338,-93.73445731686665,0.4600000000000003,0.059585492227979306,-94.04145077720207,0.464739979027579,0.06019947914865013,-93.98005208513499
2025-12-07,19,7,0.0016503452905889781,0.00021377529670841685,-99.97862247032916,0.36531852128586,0.047321051980033675,-95.26789480199663,0.4600000000000003,0.059585492227979306,-94.04145077720207,0.4410637042571723,0.05713260417839019,-94.28673958216098
2025-12-08,6,7,0.0004870683061750167,6.309174950453584e-05,-99.99369082504955,0.27297487330663706,0.03535943954749184,-96.46405604525081,0.4600000000000003,0.059585492227979306,-94.04145077720207,0.42259497466132767,0.05474028169188182,-94.52597183081181
2025-12-08,7,16,0.003808425543757224,0.00048391684164640717,-99.95160831583536,1.1397137936983044,0.14481750872913654,-85.51824912708635,0.4900000000000003,0.06226175349428213,-93.7738246505718,0.6199427587396611,0.078772904541253,-92.1227095458747
2025-12-08,8,52,9.88380218671936,0.38989357738537905,-61.0106422614621,16.492649818740286,0.6505976259858101,-34.940237401419,14.174859845496401,0.5591660688558738,-44.08339311441262,10.942178920318852,0.43164413886859376,-56.83558611314062
2025-12-08,9,53,39.11434776427934,0.6610503255751112,-33.89496744248888,55.93747195061906,0.945368800923087,-5.463119907691305,44.30183134938441,0.7487211652760588,-25.127883472394117,48.500400463769374,0.8196788991679799,-18.032110083202017
2025-12-08,10,53,69.49499809535807,0.791965790260491,-20.803420973950903,85.51218217276453,0.9744978025386273,-2.550219746137277,70.71209518517846,0.8058358425661364,-19.416415743386363,77.56549353443282,0.8839372482556448,-11.60627517443552
2025-12-08,11,53,91.47007578670224,0.8738066085852334,-12.61933914147666,100.1347943837326,0.9565799998445987,-4.342000015540131,88.06656637143034,0.8412931445493919,-15.87068554506082,91.58850374771428,0.8749379418008624,-12.506205819913758
2025-12-08,12,53,102.4998460322297,0.9370129448050983,-6.298705519490164,101.39456551521499,0.9269089086316391,-7.309109136836087,89.30601430169546,0.8164001673068422,-18.359983269315784,92.98930825265016,0.8500713799492657,-14.992862005073432
2025-12-08,13,53,101.16524369372837,1.0102381035922547,1.0238103592254693,93.71494392087972,0.9358392642388629,-6.4160735761137095,78.45336802229374,0.7834368686068879,-21.65631313931121,85.43494574829995,0.8531550404264027,-14.684495957359733
2025-12-08,14,53,88.30657370265598,1.110076350756203,11.007635075620307,78.19921697514445,0.9830196979905019,-1.698030200949809,60.786470113096605,0.7641291026159219,-23.587089738407812,70.05154481442531,0.8805976720857988,-11.940232791420126
2025-12-08,15,53,64.60227198502528,1.295413514839087,29.541351483908716,54.18161417774412,1.0864570719419313,8.64570719419314,37.588761224072705,0.7537349353132685,-24.626506468673146,45.94323565460934,0.9212599890637524,-7.874001093624755
2025-12-08,16,53,33.992316690917484,1.7440901329357357,74.40901329357355,22.781366968527653,1.1688746520537534,16.887465205375346,8.276974243971235,0.4246780012299249,-57.532199877007514,12.940891009597005,0.6639759368700362,-33.60240631299638
2025-12-08,17,7,0.6480947684727271,0.08395009954309936,-91.60499004569007,1.2088035094132785,0.15658076546804126,-84.34192345319588,0.4600000000000003,0.059585492227979306,-94.04145077720207,0.6097607018826559,0.07898454687599168,-92.10154531240083
2025-12-08,18,7,0.004923398767072501,0.0006377459542840026,-99.9362254045716,0.5186870765340491,0.06718744514689755,-93.28125548531024,0.4600000000000003,0.059585492227979306,-94.04145077720207,0.4717374153068101,0.06110588281176296,-93.8894117188237
2025-12-08,19,7,0.0017429681401646543,0.00022577307515086193,-99.97742269248492,0.3821362670994763,0.04949951646366273,-95.05004835363373,0.4600000000000003,0.059585492227979306,-94.04145077720207,0.44442725341989553,0.057568297075115994,-94.2431702924884
2025-12-09,6,7,0.0004826739963415396,6.252253838620978e-05,-99.99374774616139,0.2784636228979999,0.03607041747383418,-96.39295825261658,0.4600000000000003,0.059585492227979306,-94.04145077720207,0.4236927245796003,0.05488247727715029,-94.51175227228497
2025-12-09,7,15,0.001809219902560019,0.0002295964343350278,-99.97704035656649,1.0646465428028205,0.13510742928969802,-86.4892570710302,0.4900000000000003,0.06218274111675131,-93.78172588832487,0.6049293085605644,0.07676767875134066,-92.32323212486594
2025-12-09,8,52,9.223080699627591,0.36354279462465866,-63.64572053753413,15.746420998958023,0.6206709104831699,-37.932908951683004,11.020004549618452,0.43437148402122394,-56.562851597877604,9.542925457120889,0.37614999830984974,-62.38500016901503
2025-12-09,9,53,37.96664060647417,0.6262022201298725,-37.379777987012744,53.85286089835397,0.8882213573866726,-11.177864261332731,41.451615069582594,0.6836815944183176,-31.631840558168246,46.355509033539185,0.7645638963143524,-23.543610368564767
2025-12-09,10,53,67.57600613478756,0.8472418020911179,-15.275819790888217,81.85374486553066,1.0262505625066531,2.6250562506653115,65.842691162089,0.8255101700362211,-17.448982996377893,73.2319219823643,0.9181534852352594,-8.184651476474055
2025-12-09,11,53,86.71869799668009,0.9127323228784348,-8.726767712156523,92.68551286885682,0.9755342897469405,-2.4465710253059534,79.78405081255555,0.839743719740612,-16.0256280259388,84.71468788794223,0.8916396999046651,-10.836030009533493
2025-12-09,12,53,98.9938694131631,0.9971179433235606,-0.28820566764394073,97.1429751240051,0.9784747695810345,-2.1525230418965515,82.91162585242147,0.8351291886827303,-16.48708113172697,88.72640326955874,0.8936986630696891,-10.63013369303108
2025-12-09,13,53,92.7091317756487,1.061717038200283,6.171703820028295,85.42822979809706,0.9783352015356971,-2.16647984643029,70.00778899152829,0.8017383072781527,-19.826169272184732,77.910996501365,0.892246867858051,-10.775313214194902
2025-12-09,14,53,84.30203872677082,1.3712107795505988,37.121077955059874,74.37884331833234,1.2098055191661083,20.980551916610832,54.51258043059608,0.8866717701788561,-11.332822982114383,65.98221351863006,1.0732305386894934,7.323053868949344
2025-12-09,15,53,56.438114266819404,1.3658788544728804,36.58788544728803,46.52557021736048,1.1259818542439615,12.59818542439615,29.206311512308833,0.7068323212078615,-29.316767879213852,36.500740938633655,0.8833673992892948,-11.663260071070521
2025-12-09,16,53,29.146216962280363,1.4946777929374544,49.46777929374545,19.370615899609934,0.9933649179287146,-0.6635082071285434,7.755726205984751,0.397729549024859,-60.2270450975141,10.955475669322341,0.5618192650934534,-43.818073490654655
2025-12-09,17,6,0.49725153675330375,0.06449436274361917,-93.55056372563809,1.1359061145726386,0.1473289383362696,-85.26710616637304,0.4500000000000003,0.05836575875486385,-94.16342412451361,0.5871812229145279,0.07615839467114499,-92.38416053288549
2025-12-09,18,4,0.00131286534878155,0.0013396585191648468,-99.86603414808351,0.0002962063855032113,0.0003022514137787871,-99.96977485862212,0.4500000000000003,0.45918367346938804,-54.0816326530612,0.3600592412771009,0.36740738905826625,-63.25926109417338
2025-12-09,19,4,0.00039594660163217604,0.0004040271445226286,-99.95959728554773,0.004054446242570466,0.004137190043439251,-99.58628099565607,0.4500000000000003,0.45918367346938804,-54.0816326530612,0.3608108892485144,0.3681743767841984,-63.18256232158016
2025-12-10,6,6,0.00044257768756318915,5.7403072316885755e-05,-99.99425969276831,0.2952724348926038,0.03829733267089543,-96.17026673291046,0.4500000000000003,0.05836575875486385,-94.16342412451361,0.419054486978521,0.054352073538070166,-94.56479264619298
2025-12-10,7,13,0.0022268182738540373,0.00028475937005806106,-99.97152406299419,1.0862662895013007,0.1389087326728006,-86.10912673271994,0.4800000000000003,0.061381074168798,-93.8618925831202,0.6012532579002604,0.07688660586959853,-92.31133941304014
2025-12-10,8,53,8.67015361978143,0.3480591577591904,-65.19408422408097,14.708527113256142,0.5904667648838275,-40.95332351161724,9.7277822664618,0.39051715240713775,-60.94828475928623,8.556469127293548,0.3434953483457868,-65.65046516542132
2025-12-10,9,53,35.21502996644731,0.6615635913290873,-33.84364086709127,49.369358447786055,0.9274724487654719,-7.252755123452818,34.7592261361967,0.6530006788689969,-34.6999321131003,39.35297589112897,0.7393006930514555,-26.06993069485445
2025-12-10,10,53,63.46930288486348,1.1078600608284774,10.786006082847747,76.57109268808223,1.3365524993555982,33.65524993555982,59.801093796645496,1.0438312759058386,4.383127590583853,67.87407769243586,1.1847456395956686,18.474563959566858
2025-12-10,11,53,82.15533823947871,1.0462982455358982,4.629824553589822,88.74954287327178,1.130279455849106,13.027945584910594,73.34171422521011,0.9340513783139344,-6.594862168606561,80.66763478861185,1.0273514364316336,2.735143643163357
2025-12-10,12,53,88.87300004876553,1.2490934651969856,24.90934651969856,86.30405453035726,1.2129874143409312,21.29874143409312,72.48488828591772,1.0187616062672904,1.8761606267290425,78.41959354069101,1.1021727834250317,10.21727834250317
2025-12-10,13,53,84.60721044899414,1.3485369851608882,34.85369851608882,78.3784642464222,1.2492582761622917,24.925827616229178,61.55498562177627,0.9811122987213302,-1.8887701278669762,69.9682571988853,1.1152097098961633,11.520970989616332
2025-12-10,14,53,69.83039022464172,0.9881192900048356,-1.188070999516442,61.24470840164912,0.8666295231590369,-13.337047684096321,46.541528359290695,0.6585754685055993,-34.14245314944007,53.282788961425325,0.7539661661444083,-24.60338338555917
2025-12-10,15,53,46.31893023509335,1.13945707835408,13.945707835408014,34.06023190009026,0.837890083643057,-16.210991635694306,23.249464704531984,0.5719425511569985,-42.805744884300154,25.076332945622124,0.6168839593018974,-38.311604069810265
2025-12-10,16,52,22.21199571583071,1.2809686110629017,28.096861106290167,15.040740832033144,0.8674014320665021,-13.259856793349783,7.421365471034145,0.4279910882949335,-57.20089117050665,7.989548989410249,0.46075830388755773,-53.92416961124423
2025-12-10,17,7,0.5146209916153357,0.06718289707772007,-93.281710292228,0.9961201697134584,0.13004179761272305,-86.99582023872769,0.45000000000000023,0.058746736292428235,-94.12532637075718,0.5592240339426919,0.0730057485564872,-92.69942514435128
2025-12-10,18,4,0.0012492234245278075,0.0013727729939866018,-99.86272270060134,0.0002962063855032113,0.00032550152253100145,-99.9674498477469,0.45000000000000023,0.4945054945054948,-50.54945054945051,0.36005924127710087,0.3956694959089021,-60.43305040910979
2025-12-10,19,4,0.0005573970358313294,0.0006125242151992631,-99.93874757848008,0.0037711276451875635,0.004144096313392927,-99.5855903686607,0.45000000000000023,0.4945054945054948,-50.54945054945051,0.3607542255290377,0.3964332148670744,-60.356678513292565
2025-12-11,6,6,0.0004830982726367846,6.323275819853203e-05,-99.99367672418015,0.2857684497198289,0.037404247345527344,-96.25957526544727,0.45000000000000023,0.05890052356020946,-94.10994764397905,0.417153689943966,0.05460126831727304,-94.5398731682727
2025-12-11,7,8,0.001145514989802354,0.0001495450378332055,-99.98504549621669,0.9758998400613417,0.12740206789312555,-87.25979321068745,0.4500000000000003,0.058746736292428235,-94.12532637075718,0.5551799680122684,0.07247780261256768,-92.75221973874324
2025-12-11,8,51,8.65226751110413,0.42790640509911615,-57.20935949008839,14.170711220910102,0.7008264698768596,-29.917353012314045,9.198974476982626,0.4549443361514651,-54.50556638485349,8.136384928453191,0.4023929242558452,-59.760707574415484
2025-12-11,9,53,33.35904387401404,1.1235784396771316,12.357843967713155,43.22948958616103,1.4560286152294046,45.602861522940465,26.628615699300436,0.8968883697979263,-10.31116302020737,33.15979325315939,1.1168674049565304,11.686740495653039
2025-12-11,10,53,50.01221696238802,1.2306155748619099,23.061557486190985,54.290651582251435,1.335892017279809,33.58920172798089,35.606471930461204,0.8761435022259154,-12.385649777408455,45.52951535263756,1.1203128777715934,12.031287777159347
2025-12-11,11,53,59.38784293563139,1.449190896428292,44.9190896428292,62.741374767429306,1.531024274461428,53.102427446142805,44.576000049931395,1.0877501232291704,8.775012322917048,53.58387338657787,1.307561576051193,30.756157605119288
2025-12-11,12,52,60.16956940473114,1.4384310161303167,43.84310161303166,58.36294533001122,1.3952413418601775,39.524134186017754,42.179944527657575,1.0083658744359927,0.8365874435992756,49.8080700254851,1.1907260345561823,19.07260345561822
2025-12-11,13,53,50.99471661037852,1.2926417391730927,29.264173917309265,47.67392991538781,1.208464636638474,20.846463663847395,31.89580349070829,0.808512129042035,-19.1487870957965,36.886399967835914,0.9350164757372853,-6.498352426271473
2025-12-11,14,53,44.2348978583553,1.1582848352541324,15.828483525413233,38.250646731242945,1.0015880264792605,0.1588026479260393,23.607922329541033,0.6181702626221796,-38.18297373778204,28.011637441896394,0.7334809489891699,-26.651905101083006
2025-12-11,15,53,47.875544028975845,1.8273108408006047,82.73108408006046,39.1384893745686,1.4938354723117784,49.38354723117785,19.123252089243916,0.7298951179100731,-27.010488208992694,27.635224723058705,1.0547795695823932,5.4779569582393215
2025-12-11,16,44,19.294937498895777,1.6547973841248522,65.47973841248522,14.658146294649569,1.2571309000557092,25.713090005570916,4.192134456207184,0.35953125696459554,-64.04687430354045,7.361388987395011,0.6313369628983714,-36.86630371016285
2025-12-11,17,6,0.5479802000911745,0.0693645822900221,-93.06354177099779,1.2108432300758143,0.15327129494630562,-84.67287050536945,0.4400000000000003,0.05569620253164561,-94.43037974683544,0.5941686460151631,0.07521122101457761,-92.47887789854225
2025-12-11,18,4,0.003913404788984055,0.00334479041793509,-99.66552095820647,0.0002962063855032113,0.0002531678508574456,-99.97468321491425,0.4400000000000003,0.37606837606837634,-62.39316239316237,0.3520592412771009,0.3009053344248726,-69.90946655751274
2025-12-11,19,4,0.0010793699925423785,0.0009225384551644261,-99.90774615448356,0.0010497342095964583,0.0008972087261508191,-99.91027912738491,0.4400000000000003,0.37606837606837634,-62.39316239316237,0.35220994684191953,0.3010341425999312,-69.89658574000688
2025-12-12,6,6,0.0005015224743333169,6.348385751054645e-05,-99.99365161424895,0.2866827826014009,0.03628895982296214,-96.37110401770379,0.4400000000000003,0.05569620253164561,-94.43037974683544,0.4093365565202804,0.05181475398990892,-94.81852460100912
2025-12-12,7,6,0.00059750808952306,7.563393538266583e-05,-99.99243660646174,0.621615102447664,0.07868545600603342,-92.13145439939666,0.4400000000000003,0.05569620253164561,-94.43037974683544,0.47632302048953307,0.060294053226523175,-93.97059467734768
2025-12-12,8,37,2.5861671561378636,0.26308923256743266,-73.69107674325673,5.755234405511163,0.5854765417610541,-41.45234582389459,3.340034098036966,0.3397796640932823,-66.02203359067175,2.588149628711665,0.2632909083124786,-73.67090916875215
2025-12-12,9,49,13.488747665439542,0.7502084352302303,-24.979156476976964,16.64283224574694,0.9256302695076163,-7.436973049238372,7.695253800332257,0.4279896440674225,-57.20103559325776,9.28812653403447,0.5165810085669894,-48.341899143301056
2025-12-12,10,53,26.417028992312453,0.7615171228686206,-23.84828771313794,27.506615036170057,0.7929263486932849,-20.70736513067151,13.138623101640036,0.3787438195918142,-62.12561804081859,17.160140880598927,0.4946711121533273,-50.532888784667264
2025-12-12,11,53,36.80761526921035,0.7386637621756041,-26.133623782439585,36.028027005076616,0.7230188040352522,-27.69811959647478,17.703431541995037,0.3552765711819193,-64.47234288180807,24.321329062752582,0.4880860739063332,-51.19139260936668
2025-12-12,12,53,41.12154459382153,0.8988315758212356,-10.116842417876432,38.466496292132426,0.8407977331613645,-15.92022668386355,19.925734440113555,0.4355351790188755,-56.44648209811245,27.06582725985727,0.5916027816362245,-40.83972183637756
2025-12-12,13,53,40.98558736490118,1.487680122137974,48.7680122137974,37.42090303079111,1.3582904911357936,35.82904911357936,18.570346495583237,0.6740597639050178,-32.59402360949822,26.11998873469021,0.9480939649615322,-5.190603503846777
2025-12-12,14,53,35.74806079740415,1.477192594934056,47.71925949340561,30.89968861752903,1.2768466370879767,27.684663708797668,13.478914356339354,0.5569799320801387,-44.30200679198613,18.987425692767193,0.7846043674697188,-21.539563253028117
2025-12-12,15,50,28.810318556278077,1.8085573481656045,80.85573481656046,22.740312689632763,1.4275149208809017,42.75149208809018,8.585317846861543,0.538940228930417,-46.10597710695829,13.039120782654951,0.8185261006060862,-18.14738993939138
2025-12-12,16,38,9.261406068165748,0.9769415683719145,-2.305843162808554,6.8031474926297095,0.7176315920495475,-28.236840795045246,1.2728637651923693,0.13426832966164234,-86.57316703383576,2.7055944354019723,0.2854002568989423,-71.45997431010578
2025-12-12,17,8,0.5850992454319108,0.07387616735251398,-92.6123832647486,1.4984627195941567,0.18919983833259552,-81.08001616674045,0.4500000000000003,0.05681818181818185,-94.31818181818181,0.6596925439188315,0.08329451312106458,-91.67054868789354
2025-12-12,18,5,0.004044587248438273,0.003427616312235825,-99.65723836877642,0.0002962063855032113,0.0002510223605959418,-99.9748977639404,0.45000000000000023,0.38135593220339004,-61.864406779660996,0.36005924127710087,0.3051349502348313,-69.48650497651687
2025-12-12,19,5,0.0020846698393594473,0.0017666693553893623,-99.82333306446107,0.007950708266534736,0.006737888361470116,-99.32621116385299,0.45000000000000023,0.38135593220339004,-61.864406779660996,0.3615901416533071,0.30643232343500604,-69.3567676564994
2025-12-13,6,7,0.0006005099396520708,7.591781790797357e-05,-99.9924082182092,0.3067847574319496,0.03878441939721234,-96.12155806027877,0.45000000000000023,0.05689001264222507,-94.3109987357775,0.42135695148639013,0.05326889399322252,-94.67311060067775
2025-12-13,7,7,0.0007100381326656179,8.976461854179747e-05,-99.99102353814581,0.6474491443865558,0.0818519777985532,-91.81480222014467,0.45000000000000023,0.05689001264222507,-94.3109987357775,0.4894898288773113,0.06188240567349069,-93.81175943265093
2025-12-13,8,23,1.53845856192723,0.1885365884714743,-81.14634115285256,4.237722963963339,0.5193287946033505,-48.067120539664955,2.4714949174365093,0.3028792790976115,-69.71207209023885,1.7937477773863957,0.2198220315424505,-78.01779684575494
2025-12-13,9,41,6.8954070652610415,0.634352075920979,-36.56479240790211,10.3585712588256,0.9529504377944433,-4.704956220555663,6.844757467001164,0.6296924992641365,-37.03075007358635,5.815368634458178,0.5349925146695655,-46.50074853304345
2025-12-13,10,49,18.054123772515194,1.3866454510380333,38.66454510380331,20.716544593815144,1.591132457282269,59.11324572822689,14.557219129352612,1.1180659853573434,11.806598535734336,13.924189549534164,1.0694462019611493,6.94462019611492
2025-12-13,11,50,19.489937614604113,1.3312798917079314,33.12798917079313,21.18116093102922,1.4468006100429796,44.68006100429795,16.75374674700672,1.1443816084020983,14.438160840209841,14.714325999742726,1.0050769125507328,0.5076912550732766
2025-12-13,12,51,25.614456049341175,1.439014384794448,43.9014384794448,25.541078509817293,1.434892051113331,43.4892051113331,18.700406476082833,1.0505846334877995,5.058463348779956,18.494106140741334,1.03899472700794,3.8994727007940053
2025-12-13,13,52,49.505859172097864,1.8120739082027035,81.20739082027036,49.08956443795336,1.7968361800129342,79.68361800129342,33.80623859746186,1.2374172253829379,23.74172253829379,38.04345797499519,1.3925131030378914,39.25131030378913
2025-12-13,14,51,53.146654720830654,2.743761214291722,174.37612142917217,47.82372747941893,2.468958568891013,146.8958568891013,29.081574160117203,1.501371923599236,50.1371923599236,36.872694453864504,1.9035980616347188,90.35980616347187
2025-12-13,15,48,28.322571915636292,2.3504209058619328,135.04209058619327,21.792265700754314,1.8084867801455862,80.8486780145586,12.631199647762367,1.0482323359138892,4.823233591388931,14.052569222979576,1.1661883172597158,16.61883172597158
2025-12-13,16,36,13.56243842393434,1.4366989855862649,43.66989855862649,9.88542531354759,1.0471848849097023,4.718488490970231,4.752304605532238,0.5034220980436693,-49.65779019563307,4.526256478192709,0.479476321842448,-52.052367815755204
2025-12-13,17,4,0.30081962028450854,0.0405417278011467,-95.94582721988533,0.8368137506407861,0.1127781335095399,-88.72218664904601,0.28,0.03773584905660377,-96.22641509433963,0.39136275012815724,0.052744305947191,-94.72556940528091
2025-12-13,18,2,0.0010984981714269601,0.0015920263354013916,-99.84079736645987,0.0002962063855032113,0.00042928461667132077,-99.95707153833287,0.28,0.40579710144927544,-59.42028985507246,0.22405924127710067,0.3247235380827546,-67.52764619172454
2025-12-13,19,2,0.0008565928246128989,0.0012414388762505783,-99.87585611237493,0.006088897213223254,0.008824488714816312,-99.11755112851837,0.28,0.40579710144927544,-59.42028985507246,0.22521777944264468,0.3264025789023836,-67.35974210976164
2025-12-14,6,4,0.00028004730885541575,3.77422249131288e-05,-99.99622577750868,0.2341367307549032,0.031554815465620376,-96.84451845343797,0.28,0.03773584905660377,-96.22641509433963,0.2708273461509807,0.0364996423384071,-96.3500357661593
2025-12-14,7,7,0.0012131260905074073,0.00016283571684663184,-99.98371642831533,0.9836721264731629,0.13203652704337757,-86.79634729566224,0.3,0.040268456375838924,-95.97315436241611,0.4367344252946325,0.05862207050934665,-94.13779294906533
2025-12-14,8,52,8.66353845895901,0.3691324439266728,-63.08675560733272,15.116595400533779,0.6440816105894239,-35.59183894105761,11.364630804253947,0.48421946332569016,-51.57805366743099,9.284800639731445,0.3956029245731336,-60.43970754268664
2025-12-14,9,53,37.99436247189748,0.5898829758096177,-41.01170241903823,54.9500659389887,0.8531294199501427,-14.687058004985731,42.75120274367829,0.6637354874037926,-33.62645125962074,47.547032941378156,0.7381933386334133,-26.180666136658676
2025-12-14,10,53,69.48700543873701,0.7016763146393722,-29.832368536062788,85.77716562066281,0.8661735395401678,-13.382646045983213,69.63438429470598,0.7031645389751185,-29.683546102488144,77.73948810380526,0.7850094729254293,-21.499052707457068
2025-12-14,11,53,92.6402784160153,0.7906484459845976,-20.935155401540236,101.70133996357845,0.8679810528597631,-13.201894714023688,85.78797879983496,0.7321667559941535,-26.783324400584657,92.95608052878427,0.7933436931704726,-20.665630682952745
2025-12-14,12,53,104.48840454876276,0.8515068417306069,-14.849315826939316,103.7450655272753,0.8454491526955856,-15.455084730441444,94.47225117066522,0.769882252226104,-23.011774777389597,95.33448595982384,0.7769088579563511,-22.309114204364892
2025-12-14,13,53,103.9440597199243,0.9091582237376393,-9.084177626236071,97.39398501684887,0.8518672703301747,-14.81327296698253,85.94224895235062,0.7517033932681766,-24.829660673182342,89.17463245323114,0.779975793345851,-22.002420665414903
2025-12-14,14,53,91.42282814161003,0.9798802587525192,-2.0119741247480785,81.71712737734349,0.8758534552769935,-12.41465447230064,66.18602045775309,0.7093892867926377,-29.061071320736225,73.41829131652997,0.7869055875297962,-21.309441247020377
2025-12-14,15,53,67.15938111988366,1.0941573984992452,9.415739849924528,57.01484608057316,0.9288831228506544,-7.1116877149345585,43.38279823203241,0.7067904566965203,-29.32095433034797,49.4181644931901,0.805118352772729,-19.4881647227271
2025-12-14,16,53,35.770618710424614,1.51698976719358,51.698976719358,24.267935071212698,1.0291745153186047,2.917451531860472,9.774761590719184,0.41453611495840476,-58.546388504159516,14.324855597189234,0.6075002373701965,-39.24997626298034
2025-12-14,17,6,0.9717619032798622,0.13061315904299223,-86.93868409570078,1.7096557506739756,0.22979243960671714,-77.02075603932829,0.29000000000000004,0.038978494623655914,-96.10215053763442,0.5739311501347951,0.07714128362026816,-92.28587163797319
2025-12-14,18,3,0.0008272000926353753,0.0011817144180505362,-99.88182855819495,0.0002962063855032113,0.0004231519792903019,-99.95768480207097,0.29000000000000004,0.41428571428571437,-58.57142857142856,0.23205924127710068,0.33151320182442956,-66.84867981755704
2025-12-14,19,3,0.0002894003970103651,0.0004134291385862359,-99.95865708614137,0.006964852650476446,0.009949789500680638,-99.00502104993194,0.29000000000000004,0.41428571428571437,-58.57142857142856,0.2333929705300953,0.3334185293287076,-66.65814706712924
2025-12-15,6,5,0.00031447466657524923,4.2324988771904336e-05,-99.99576750112281,0.23348907876955555,0.03142517883843278,-96.85748211615672,0.29000000000000004,0.039030955585464336,-96.09690444145357,0.2786978157539111,0.03750980023605802,-96.2490199763942
2025-12-15,7,9,0.001342198869442666,0.0001791987809669781,-99.9820801219033,1.0172481091123924,0.1358141667706799,-86.41858332293201,0.31,0.04138851802403204,-95.8611481975968,0.45144962182247844,0.060273647773361604,-93.97263522266385
2025-12-15,8,52,8.300105975322849,0.3125039900347457,-68.74960099652543,14.716494702625772,0.5540848909121148,-44.59151090878852,10.92454490445284,0.41131569670379664,-58.86843032962034,8.884409696818453,0.33450337713924894,-66.5496622860751
2025-12-15,9,53,37.071848895169246,0.5294465709107291,-47.055342908927095,53.72215680055866,0.7672401713875844,-23.27598286124156,41.38631311501002,0.5910641690232794,-40.893583097672064,46.346695114713164,0.6619065283449467,-33.80934716550533
2025-12-15,10,53,67.3046508993981,0.661210835046646,-33.878916495335396,81.91814566678352,0.8047759668610229,-19.52240331389771,65.70599943693978,0.6455054468704173,-35.449455312958264,73.2484480195606,0.7196035761819491,-28.039642381805084
2025-12-15,11,53,87.84550637498607,0.7546216508460277,-24.537834915397227,94.29626686262982,0.8100357947137689,-18.996420528623112,80.58780011580738,0.6922755786943338,-30.772442130566624,85.97721973607123,0.7385724571434692,-26.14275428565308
2025-12-15,12,53,93.64020034224032,0.7467916129056569,-25.320838709434305,90.4989659310044,0.7217398989632698,-27.826010103673017,78.07763046632172,0.622678287473656,-37.73217125263441,82.47135853835923,0.6577187856955038,-34.22812143044961
2025-12-15,13,53,91.93107431870929,0.7909410162497574,-20.90589837502426,85.8704754252535,0.7387978613546718,-26.120213864532815,72.51579389833425,0.62389911295134,-37.61008870486599,78.20292479438275,0.6728290871064506,-32.71709128935493
2025-12-15,14,53,85.00290134673354,0.9204428949294374,-7.955710507056262,75.12229215974267,0.8134519995640788,-18.654800043592125,59.03788861290575,0.639284121417496,-36.071587858250396,66.86222644203862,0.7240089490204507,-27.59910509795493
2025-12-15,15,53,64.70597656332563,1.0769969467930365,7.699694679303644,54.96124721279705,0.9148010521437591,-8.519894785624096,39.62436488761334,0.6595267125102087,-34.04732874897913,47.010881433704185,0.7824713953679124,-21.752860463208755
2025-12-15,16,53,34.91701807912785,1.5240950711099015,52.40950711099015,23.61627042875081,1.0308280414120823,3.0828041412082294,8.81773102645225,0.38488568426242903,-61.5114315737571,13.584766619759115,0.5929623142627286,-40.70376857372713
2025-12-15,17,6,0.6791667869458275,0.09128585846046068,-90.87141415395394,1.2403074259896576,0.16670798736420128,-83.32920126357988,0.29000000000000004,0.038978494623655914,-96.10215053763442,0.4800614851979315,0.06452439317176499,-93.54756068282349
2025-12-15,18,3,0.0009020924419461415,0.001288703488494488,-99.87112965115055,0.0002962063855032113,0.0004231519792903019,-99.95768480207097,0.29000000000000004,0.41428571428571437,-58.57142857142856,0.23205924127710068,0.33151320182442956,-66.84867981755704
2025-12-15,19,3,0.00029719632016024386,0.00042456617165749125,-99.95754338283426,0.004225794204491149,0.006036848863558784,-99.39631511364414,0.29000000000000004,0.41428571428571437,-58.57142857142856,0.23284515884089826,0.33263594120128326,-66.73640587987167
2025-12-16,6,5,0.0003128158502118247,4.210172950361032e-05,-99.99578982704963,0.2529159439857989,0.03403983095367415,-96.59601690463259,0.29000000000000004,0.039030955585464336,-96.09690444145357,0.2825831887971598,0.0380327306591063,-96.19672693408937
2025-12-16,7,7,0.0009529152946171112,0.00012756563515623978,-99.98724343648438,0.9082301725784421,0.12158369110822517,-87.8416308891775,0.29000000000000004,0.03882195448460509,-96.11780455153949,0.41364603451568843,0.055374301809329105,-94.4625698190671
2025-12-16,8,51,6.954132395434649,0.29884539731133,-70.11546026886701,13.07905128621603,0.5620563509332199,-43.794364906678,9.861214056785428,0.4237737024832586,-57.62262975167415,7.86579105660334,0.33802282151282076,-66.19771784871791
2025-12-16,9,52,32.167919202970005,0.5866846471451761,-41.33153528548239,46.06616171611242,0.8401634454880981,-15.983655451190188,32.62918283426129,0.5950972612486102,-40.49027387513899,36.5126058021059,0.6659238701824896,-33.40761298175104
2025-12-16,10,52,60.05180375782364,0.7334123565928633,-26.65876434071367,73.42051549670748,0.8966843612201696,-10.331563877983042,57.552715069713265,0.7028909998743682,-29.71090001256318,64.9453765589333,0.7931775349161372,-20.68224650838629
2025-12-16,11,52,80.18943879506038,0.8099125219175879,-19.008747808241207,86.81002758796392,0.8767804018580336,-12.321959814196635,73.30572518916631,0.7403870840234956,-25.961291597650433,78.62014163628498,0.7940626364638418,-20.593736353615817
2025-12-16,12,52,91.01687635497564,0.8730635621580397,-12.693643784196032,88.71707561424418,0.8510031233980258,-14.899687660197428,75.88952963836469,0.7279571188332344,-27.204288116676555,80.34103549989013,0.7706574148670515,-22.934258513294843
2025-12-16,13,52,90.45167356108034,0.9308600757546601,-6.913992424533985,83.67334777113497,0.8611026836588963,-13.889731634110367,68.18757235921926,0.7017348189690157,-29.826518103098437,75.73087090986412,0.7793647309855316,-22.063526901446835
2025-12-16,14,52,79.57260152064728,1.0191163104591097,1.9116310459109682,70.0745870412768,0.8974716578032377,-10.252834219676227,53.35863252520936,0.6833841255790133,-31.66158744209867,61.78046840834336,0.7912457531806271,-20.875424681937293
2025-12-16,15,52,58.480883740145515,1.1710229022856529,17.1022902285653,48.66071329598368,0.9743835261510548,-2.5616473848945165,36.05573705755534,0.7219811184932987,-27.80188815067013,41.19604664592838,0.824910825909659,-17.508917409034098
2025-12-16,16,52,31.29111097290118,1.5212013112737568,52.12013112737569,20.771119046150357,1.0097772992780922,0.9777299278092207,7.928887595720221,0.38545880387555764,-61.45411961244424,11.536309841692901,0.5608317861785562,-43.91682138214438
2025-12-16,17,6,0.7020991668470298,0.09424149890564158,-90.57585010943583,1.212512977700596,0.16275341982558336,-83.72465801744166,0.28,0.03758389261744967,-96.24161073825503,0.4665025955401192,0.0626177980590764,-93.73822019409236
2025-12-16,18,2,0.0004111516462898683,0.0005958719511447367,-99.94041280488553,0.0002962063855032113,0.00042928461667132077,-99.95707153833287,0.28,0.40579710144927544,-59.42028985507246,0.22405924127710067,0.3247235380827546,-67.52764619172454
2025-12-16,19,2,0.00017630027973741254,0.00025550765179335153,-99.97444923482067,0.00428008168372858,0.006203016932939971,-99.379698306706,0.28,0.40579710144927544,-59.42028985507246,0.22485601633674576,0.32587828454600837,-67.41217154539916
2025-12-17,6,4,0.00027927748788311556,3.763847545594549e-05,-99.9962361524544,0.23310673072229393,0.031416001445053084,-96.8583998554947,0.28,0.03773584905660377,-96.22641509433963,0.2706213461444588,0.036471879534293636,-96.35281204657063
2025-12-17,7,5,0.0008323072057457361,0.00011201981234801293,-99.9887980187652,0.962153621181582,0.12949577674045518,-87.05042232595449,0.28,0.03768506056527591,-96.2314939434724,0.41643072423631644,0.056047203800311765,-94.39527961996883
2025-12-17,8,51,6.869081410153533,0.29329980402021916,-70.67001959797808,12.978719909724962,0.5541724982803143,-44.58275017196857,9.55751694477037,0.4080920984103488,-59.19079015896512,7.647338186618699,0.32653023854050806,-67.3469761459492
2025-12-17,9,52,32.74654242334347,0.5481510281778285,-45.184897182217156,47.754237512756106,0.7993678860521611,-20.063211394783888,34.89662278059484,0.5841416602041318,-41.58583397958681,40.14496257787589,0.6719946866065598,-32.80053133934401
2025-12-17,10,52,62.17171079018071,0.6881969314830718,-31.18030685169282,77.05914561551599,0.8529903211812706,-14.700967881872943,61.35448528235609,0.6791508222532221,-32.08491777467779,68.42615069821592,0.7574291642485712,-24.257083575142886
2025-12-17,11,52,83.87320288257202,0.7625529855675245,-23.74470144324755,92.08072279690722,0.8371735866615804,-16.28264133384196,74.41396461772761,0.6765520921695393,-32.34479078304608,83.26787610679818,0.7570495145631256,-24.295048543687436
2025-12-17,12,52,94.65715661951734,0.8106290709901288,-18.937092900987118,94.23937708323045,0.8070512724435254,-19.294872755647464,78.29500898461527,0.6705062000909074,-32.94937999090925,85.54292531163632,0.7325762208755359,-26.742377912446408
2025-12-17,13,52,95.31828652154027,0.878185798060994,-12.181420193900609,89.24420847061008,0.8222241429022488,-17.777585709775124,73.68735474720782,0.6788958425208018,-32.110415747919824,80.78237678933255,0.74426365201154,-25.573634798846
2025-12-17,14,52,84.22061382969149,0.9548822429670238,-4.511775703297621,74.69013424919228,0.8468269189250827,-15.317308107491732,58.712631417640374,0.6656760931705259,-33.432390682947414,66.43922413042546,0.7532791851522161,-24.67208148477838
2025-12-17,15,52,62.47484432870722,1.089170926232692,8.9170926232692,52.793465667075566,0.920388174112196,-7.961182588780405,39.388993421370266,0.6866979327296071,-31.330206727039293,45.18425237743663,0.7877310386582396,-21.22689613417604
2025-12-17,16,52,33.57645298558364,1.4876585283820845,48.76585283820845,22.69862031102598,1.0056987288890555,0.5698728889055533,9.217232409950594,0.4083842450133183,-59.161575498668164,13.045357976594701,0.5779954796896191,-42.20045203103809
2025-12-17,17,6,1.0599458562785102,0.14246584089764922,-85.75341591023508,1.7587529774513968,0.23639152922733828,-76.36084707726619,0.28,0.03763440860215054,-96.23655913978494,0.5757505954902793,0.07738583272718808,-92.26141672728119
2025-12-17,18,2,0.0006102467220548721,0.0008844155392099596,-99.911558446079,0.0002962063855032113,0.00042928461667132077,-99.95707153833287,0.28,0.40579710144927544,-59.42028985507246,0.22405924127710067,0.3247235380827546,-67.52764619172454
2025-12-17,19,2,0.000162966438168855,0.00023618324372297827,-99.9763816756277,0.00555364749369216,0.008048764483611828,-99.19512355163882,0.28,0.40579710144927544,-59.42028985507246,0.22511072949873845,0.3262474340561427,-67.37525659438572
2025-12-18,6,4,0.0002720601035368219,3.666578214781966e-05,-99.99633342178521,0.2349033360818835,0.03165813154742365,-96.83418684525765,0.28,0.03773584905660377,-96.22641509433963,0.2709806672163767,0.03652030555476775,-96.34796944452322
2025-12-18,7,6,0.0008084484944500512,0.00010866243204973807,-99.98913375679504,0.9205665657494783,0.12373206528890836,-87.62679347110917,0.28,0.03763440860215054,-96.23655913978494,0.40811331314989563,0.0548539399395021,-94.51460600604979
2025-12-18,8,52,7.394610713249981,0.3104370576511327,-68.95629423488671,13.695444483686856,0.5749556878122106,-42.50443121877893,9.846854314155895,0.41338599135834997,-58.661400864165,8.04310315247105,0.33766176122884345,-66.23382387711565
2025-12-18,9,53,35.21413317277675,0.5322571519464441,-46.774284805355585,50.46861368354787,0.7628266880826461,-23.717331191735394,36.12552156038545,0.5460326717107836,-45.396732828921635,42.34179348489109,0.6399908326011349,-36.00091673988651
2025-12-18,10,53,65.20163992644238,0.6803886040534527,-31.961139594654732,80.64315394509147,0.8415230506635861,-15.847694933641387,63.46602377203022,0.662277196828031,-33.7722803171969,71.99855215575651,0.7513153725947668,-24.868462740523317
2025-12-18,11,53,87.73874708662352,0.7831718922308624,-21.682810776913765,95.97617513589373,0.8567006617503679,-14.329933824963211,73.18839991283548,0.6532928672037442,-34.67071327962557,87.10158724483301,0.7774844884837365,-22.25155115162635
2025-12-18,12,53,98.8749257938698,0.8622562640086318,-13.774373599136824,96.85322781679531,0.8446256895159615,-15.537431048403846,82.83822881054698,0.7224054138880873,-27.759458611191263,88.37053940382646,0.770650906111681,-22.934909388831905
2025-12-18,13,53,96.88863044077208,0.948400846131285,-5.15991538687151,89.8078699885508,0.8790903483609123,-12.090965163908775,75.64595110388275,0.7404654571640832,-25.953454283591675,81.94974037879498,0.8021705205441951,-19.782947945580485
2025-12-18,14,53,79.03345604652988,0.8946508495192425,-10.534915048075758,69.41088363317044,0.7857242883537519,-21.427571164624815,54.4328343617336,0.616174262641313,-38.3825737358687,61.48059344966006,0.6959541934532495,-30.40458065467505
2025-12-18,15,53,59.90574518703998,1.049321162848835,4.932116284883494,50.01865649609438,0.8761369153283304,-12.386308467166959,37.00314324008323,0.648154549659892,-35.1845450340108,40.61628895760155,0.7114431416640664,-28.855685833593363
2025-12-18,16,53,33.40749362045636,1.4821425741107523,48.21425741107524,22.79232591539595,1.0111945836466705,1.1194583646670369,9.861746555284082,0.4375220299593648,-56.24779700406353,13.516176359294858,0.5996528997025226,-40.03471002974774
2025-12-18,17,6,1.0024557437117356,0.13455781794788396,-86.54421820521159,1.7562884105810577,0.23574341081624933,-76.42565891837506,0.29,0.03892617449664429,-96.10738255033557,0.5832576821162114,0.0782896217605653,-92.17103782394346
2025-12-18,18,3,0.0020754420181570655,0.002964917168795808,-99.70350828312043,0.0002962063855032113,0.0004231519792903019,-99.95768480207097,0.29,0.41428571428571426,-58.57142857142858,0.23205924127710065,0.3315132018244295,-66.84867981755704
2025-12-18,19,3,0.0003194467380444824,0.00045635248292068915,-99.95436475170793,0.0038190752834959983,0.005455821833565713,-99.45441781664343,0.29,0.41428571428571426,-58.57142857142858,0.2327638150566992,0.3325197357952846,-66.74802642047155
2025-12-19,6,5,0.0003501449546730516,4.71258350838562e-05,-99.9952874164916,0.27157990446363045,0.03655180410008485,-96.34481958999152,0.29,0.03903095558546433,-96.09690444145357,0.28631598089272614,0.03853512528838844,-96.14648747116115
2025-12-19,7,5,0.0003745348316813016,5.040845648469739e-05,-99.99495915435153,0.5377825026716195,0.07237987922902012,-92.76201207709799,0.29,0.03903095558546433,-96.09690444145357,0.3395565005343239,0.04570074031417549,-95.42992596858245
2025-12-19,8,51,6.439975029423277,0.3032003309521316,-69.67996690478684,11.655595109939727,0.5487568319180661,-45.12431680819339,7.66364809745897,0.36081205731916044,-63.91879426808396,6.211601289409755,0.2924482716294611,-70.75517283705389
2025-12-19,9,52,32.1339389639819,0.6097521625044003,-39.02478374955996,45.34521892761016,0.860440586861673,-13.955941313832703,30.060932123054638,0.5704161693179248,-42.95838306820751,35.38339890121111,0.6714117438559983,-32.85882561440017
2025-12-19,10,52,60.449730339133986,0.7778886930785484,-22.21113069214517,72.88290978560961,0.9378832812457807,-6.21167187542193,55.5378388789252,0.7146807216436135,-28.531927835638648,64.623980575406,0.8316044341192382,-16.83955658807618
2025-12-19,11,52,80.63190868256166,0.8900751593173823,-10.992484068261763,86.39722944696683,0.953717070835267,-4.628292916473294,72.20513346162907,0.7970541280674366,-20.294587193256337,78.96450814068126,0.8716691482578791,-12.833085174212085
2025-12-19,12,52,89.41168098765496,1.1118090150168487,11.180901501684874,86.32623855926444,1.0734424093417614,7.344240934176141,76.17643305170245,0.947232442821468,-5.276755717853198,79.22388111869462,0.9851265993371628,-1.487340066283719
2025-12-19,13,52,85.28581445120832,1.2994943539723958,29.949435397239572,79.1863061378042,1.2065565463630077,20.655654636300778,66.1099742295934,1.0073133358158375,0.7313335815837415,71.32807654369894,1.0868212180968908,8.682121809689084
2025-12-19,14,52,73.01508047984797,1.3508803049000548,35.08803049000548,64.43845195295403,1.1922007761878635,19.22007761878635,50.95113980060976,0.9426667863202545,-5.733321367974551,56.86208772043417,1.052027524892399,5.202752489239896
2025-12-19,15,52,48.0297263842653,1.2629431076588302,26.29431076588301,36.62684356657258,0.9631039591525792,-3.6896040847420783,25.303727148516323,0.6653622705368479,-33.46377294631521,27.298454298494367,0.717813681264643,-28.218631873535706
2025-12-19,16,51,26.818043608130797,1.4923786092448967,49.23786092448967,18.889992042170334,1.051195995668911,5.119599566891106,7.6279000597124185,0.4244796916923994,-57.55203083076006,10.662978109467252,0.5933766338045214,-40.66233661954786
2025-12-19,17,4,0.47162140145319786,0.06356083577536359,-93.64391642246365,1.1800715838698808,0.15903929701750413,-84.09607029824959,0.28,0.03773584905660377,-96.22641509433963,0.46001431677397614,0.061996538648783836,-93.80034613512161
2025-12-19,18,2,0.0007959807190610299,0.0011535952450159855,-99.8846404754984,0.0002962063855032113,0.00042928461667132077,-99.95707153833287,0.28,0.40579710144927544,-59.42028985507246,0.22405924127710067,0.3247235380827546,-67.52764619172454
2025-12-19,19,2,0.00015356862198332132,0.00022256322026568308,-99.97774367797344,0.00344024933529071,0.004985868601870594,-99.50141313981294,0.28,0.40579710144927544,-59.42028985507246,0.22468804986705818,0.3256348548797945,-67.43651451202055
2025-12-20,6,4,0.00027229740929708967,3.669776405621154e-05,-99.99633022359437,0.24426064859542512,0.03291922487808963,-96.70807751219104,0.28,0.03773584905660377,-96.22641509433963,0.27285212971908507,0.03677252422090095,-96.32274757790991
2025-12-20,7,4,0.0002932835337172683,3.9526082711222136e-05,-99.99604739172887,0.5465546015571956,0.07365964980555195,-92.63403501944481,0.28,0.03773584905660377,-96.22641509433963,0.33331092031143916,0.044920609206393416,-95.50793907936065
2025-12-20,8,48,3.521676713431942,0.26399375662908114,-73.60062433709189,7.568146424130377,0.5673273181507029,-43.267268184929705,4.96964065550112,0.37253678077219793,-62.74632192278021,3.2549316429697237,0.24399787428558647,-75.60021257144136
2025-12-20,9,50,19.71422767631016,0.9437160208860775,-5.628397911392251,25.04194451293525,1.1987527291974749,19.875272919747477,17.29929909036074,0.8281138865658564,-17.188611343414358,18.011789719727066,0.8622206663344694,-13.777933366553064
2025-12-20,10,52,36.059905621855115,1.0172046719846297,1.7204671984629616,38.27994287516625,1.079829136111883,7.982913611188304,29.442289959273964,0.8305300411642869,-16.94699588357132,30.42744336143524,0.8583199819868899,-14.168001801311018
2025-12-20,11,52,60.75294599995013,0.9394301221578805,-6.056987784211958,65.11900832555291,1.0069430698245385,0.6943069824538581,50.764903682231534,0.7849838206623091,-21.501617933769086,55.96145959916778,0.8653387907711115,-13.46612092288885
2025-12-20,12,52,78.41208462178442,0.9548475964659573,-4.515240353404272,76.96543785131446,0.937231342563498,-6.276865743650198,69.9038743844035,0.8512405550950255,-14.875944490497456,70.57679812428032,0.8594349503687325,-14.05650496312675
2025-12-20,13,52,73.82393134855285,0.8025212669698103,-19.747873303018967,69.02667336762832,0.7503714900274847,-24.962850997251522,55.82666771993104,0.606877570604751,-39.31224293952491,61.30143371054387,0.6663923655891278,-33.360763441087215
2025-12-20,14,52,62.83952467163694,1.1803066241855171,18.030662418551717,55.176960571653986,1.0363816786561604,3.6381678656160474,40.85685446219687,0.7674089868932545,-23.25910131067455,47.747928249392544,0.8968431301538795,-10.315686984612055
2025-12-20,15,52,57.319654067998506,1.473891850552803,47.389185055280294,49.57144937332116,1.274657993657011,27.4657993657011,32.62313967668201,0.8388567672070457,-16.114323279295427,41.52209982912244,1.0676806333021969,6.768063330219692
2025-12-20,16,51,27.36726771653587,1.6779440660046518,67.7944066004652,19.01425822520719,1.1658036925326298,16.580369253262976,7.435958469725479,0.4559140692658173,-54.408593073418274,10.528480864279807,0.6455230450202212,-35.44769549797788
2025-12-20,17,5,0.46598596161881206,0.06271681852204739,-93.72831814779526,1.2591420839815455,0.16946730605404378,-83.05326939459563,0.29000000000000004,0.039030955585464336,-96.09690444145357,0.48382841679630906,0.06511822567918021,-93.48817743208198
2025-12-20,18,3,0.0017846069545387761,0.002549438506483966,-99.74505614935161,0.0002962063855032113,0.0004231519792903019,-99.95768480207097,0.29000000000000004,0.41428571428571437,-58.57142857142856,0.23205924127710068,0.33151320182442956,-66.84867981755704
2025-12-20,19,3,0.0002799126632922754,0.00039987523327467914,-99.96001247667253,0.003139124535078871,0.004484463621541245,-99.55155363784587,0.29000000000000004,0.41428571428571437,-58.57142857142856,0.2326278249070158,0.3323254641528797,-66.76745358471202
2025-12-21,6,5,0.00030573524366352643,4.11487541942835e-05,-99.99588512458058,0.2326739859311649,0.031315475899214656,-96.86845241007853,0.29000000000000004,0.039030955585464336,-96.09690444145357,0.27853479718623303,0.037487859648214404,-96.25121403517855
2025-12-21,7,5,0.0003291674802049315,4.430248724157893e-05,-99.99556975127585,0.5523501717797663,0.07434053455986087,-92.56594654401391,0.29000000000000004,0.039030955585464336,-96.09690444145357,0.34247003435595325,0.04609287138034364,-95.39071286196562
2025-12-21,8,50,6.752155164471081,0.29614715633645095,-70.38528436635491,12.787733792133084,0.5608655171988195,-43.91344828011805,9.825880316169185,0.4309596629898766,-56.904033701012345,7.498563974919218,0.32888438486487803,-67.1115615135122
2025-12-21,9,52,36.04015612715951,0.5871644856168052,-41.28355143831947,52.52413127497382,0.8557206137988564,-14.427938620114352,39.211518472552356,0.6388321680116056,-36.11678319883944,45.17420761726449,0.7359760120114774,-26.402398798852257
2025-12-21,10,52,67.15091841063403,0.7245459474604449,-27.54540525395551,83.84922571639815,0.9047175843374854,-9.528241566251461,65.27845786674354,0.7043424456920968,-29.56575543079032,76.18854727258946,0.8220602856343273,-17.79397143656727
2025-12-21,11,52,90.69431749708052,0.8208373381942304,-17.916266180576955,100.0835814975353,0.9058157434838927,-9.418425651610725,78.68332856740551,0.7121307681003305,-28.786923189966952,91.65366890020618,0.8295200371092967,-17.047996289070333
2025-12-21,12,52,103.33521137219319,0.8915124784073263,-10.848752159267372,103.30628634193374,0.8912629310838904,-10.873706891610952,94.8570046639117,0.8183677393142239,-18.163226068577604,95.41434597517944,0.8231761364436153,-17.68238635563847
2025-12-21,13,52,103.49215089961184,0.9653218067308259,-3.4678193269174056,97.109528981662,0.905787976696782,-9.421202330321798,88.32510204080904,0.8238513388751894,-17.614866112481067,89.56655428288501,0.8354309698991234,-16.456903010087668
2025-12-21,14,52,91.59299409063466,1.1344190499211626,13.441904992116257,82.17430877441375,1.0177645377063878,1.7764537706387795,65.7645927791283,0.8145230713293076,-18.547692867069237,74.1176209345815,0.9179789563361592,-8.202104366384072
2025-12-21,15,52,66.94107833624834,1.194523168027272,19.452316802727214,56.927648904227915,1.015839559318842,1.5839559318842056,43.5159628052667,0.7765161100154657,-22.348388998453427,49.69122149340577,0.8867098767559916,-11.329012324400848
2025-12-21,16,52,36.267792932603626,1.5734400404600273,57.34400404600274,24.711330940878288,1.0720750950489497,7.207509504894969,9.782546516020497,0.4244054887644468,-57.55945112355532,14.64194641920482,0.6352254411802526,-36.47745588197475
2025-12-21,17,9,1.3449986392409512,0.18005336536023445,-81.99466346397656,1.801335068799393,0.24114257949121728,-75.88574205087828,0.29,0.038821954484605084,-96.11780455153949,0.5922670137598784,0.0792860794859275,-92.07139205140726
2025-12-21,18,2,0.001117061148546285,0.0016189292007917175,-99.83810707992083,0.0002962063855032113,0.00042928461667132077,-99.95707153833287,0.28,0.40579710144927544,-59.42028985507246,0.22405924127710067,0.3247235380827546,-67.52764619172454
2025-12-21,19,2,0.00022229820195325634,0.0003221713071786324,-99.96778286928213,0.00452982808120709,0.006564968233633464,-99.34350317663666,0.28,0.40579710144927544,-59.42028985507246,0.22490596561624146,0.3259506748061471,-67.4049325193853
2025-12-22,6,4,0.00026663789010418547,3.593502562051017e-05,-99.99640649743795,0.25734038688181776,0.03468199284121533,-96.53180071587848,0.28,0.03773584905660377,-96.22641509433963,0.27546807737636353,0.03712507781352608,-96.2874922186474
2025-12-22,7,4,0.0002867382806842067,3.8643973138033245e-05,-99.99613560268618,0.5103804167872367,0.06878442274760602,-93.1215577252394,0.28,0.03773584905660377,-96.22641509433963,0.3260760833574473,0.043945563794804215,-95.60544362051957
2025-12-22,8,51,6.336550082204711,0.2943125909059318,-70.56874090940681,12.027968721518864,0.5586608788443505,-44.133912115564954,8.226908594295159,0.38211372941454524,-61.78862705854547,6.698285395995745,0.3111140453318971,-68.88859546681029
2025-12-22,9,51,25.390868473158154,0.6059873143951827,-39.40126856048173,30.522230003882896,0.7284541767036491,-27.15458232963509,19.794835951795985,0.4724304523101667,-52.756954768983334,21.648793203166914,0.5166776420803559,-48.33223579196441
2025-12-22,10,52,36.08669238480768,0.9546744017144889,-4.532559828551113,37.723073444654226,0.9979649059432336,-0.203509405676644,25.635891563632224,0.6781981895140801,-32.18018104859199,30.03986651563117,0.7947054633764861,-20.529453662351393
2025-12-22,11,52,40.690841393940204,0.7671727261300945,-23.282727386990555,40.00297883546059,0.7542039750275376,-24.57960249724624,26.62335699952326,0.5019486613786437,-49.80513386213563,31.617214622757444,0.5961013314999519,-40.38986685000481
2025-12-22,12,52,43.8139482370974,0.5646127350141418,-43.538726498585824,41.094193416681826,0.5295643481531164,-47.04356518468836,26.281346134709835,0.33867714091120926,-66.13228590887907,32.802338456086744,0.42271054711451994,-57.728945288548005
2025-12-22,13,52,58.141329883244886,0.684015645685234,-31.598435431476606,52.7323794692073,0.6203809349318506,-37.96190650681494,35.52666248745621,0.41796073514654364,-58.20392648534563,42.23708850438985,0.4969069235810571,-50.30930764189429
2025-12-22,14,52,67.71329036442583,1.4252429039028798,42.52429039028799,59.126094366206274,1.2444978818397447,24.449788183974462,39.72859203926853,0.8362153660128083,-16.37846339871917,48.95021218929529,1.0303138747483749,3.031387474837482
2025-12-22,15,52,42.90948384495297,1.456533735402341,45.65337354023412,33.37019359317609,1.1327289067608992,13.272890676089915,20.442118710965318,0.6938940499309341,-30.610595006906593,24.35755323403953,0.8268008565525977,-17.31991434474023
2025-12-22,16,48,23.248270270642216,1.833459800523834,83.34598005238341,16.19951517342691,1.2775642881251508,27.756428812515065,4.666656172293266,0.3680328211587749,-63.19671788412251,7.853718182339506,0.6193784055472796,-38.06215944527203
2025-12-22,17,4,0.33829106048364255,0.04559178712717554,-95.44082128728245,1.0945451214344297,0.14751281960032744,-85.24871803996726,0.28,0.03773584905660377,-96.22641509433963,0.44290902428688594,0.059691243165348504,-94.03087568346515
2025-12-22,18,2,0.0005649508330198691,0.0008187693232172016,-99.91812306767828,0.0002962063855032113,0.00042928461667132077,-99.95707153833287,0.28,0.40579710144927544,-59.42028985507246,0.22405924127710067,0.3247235380827546,-67.52764619172454
2025-12-22,19,2,0.00022615891672148343,0.0003277665459731644,-99.96722334540267,0.0006046907824659784,0.0008763634528492441,-99.91236365471508,0.28,0.40579710144927544,-59.42028985507246,0.22412093815649323,0.3248129538499902,-67.51870461500098
2025-12-23,6,4,0.0002703897097101122,3.6440661685998945e-05,-99.9963559338314,0.2480462393950072,0.03342941231738641,-96.65705876826136,0.28,0.03773584905660377,-96.22641509433963,0.2736092478790014,0.036874561708760294,-96.31254382912398
2025-12-23,7,4,0.0002907899729115345,3.9190023303441305e-05,-99.99608099766965,0.5316202417039929,0.07164693284420388,-92.83530671557962,0.28,0.03773584905660377,-96.22641509433963,0.3303240483407986,0.04451806581412379,-95.54819341858762
2025-12-23,8,31,0.8024544646964694,0.09633306899117285,-90.36669310088271,3.1201498477773986,0.3745678088568307,-62.54321911431694,0.928096130303599,0.11141610207726284,-88.85838979227371,1.2633822517470326,0.15166653682437373,-84.83334631756263
2025-12-23,9,47,2.7611563901886247,0.2519303275719548,-74.80696724280452,5.275248711763009,0.4813183131170629,-51.868168688293714,2.878984535993464,0.2626810708023234,-73.73189291976766,2.216282535259117,0.2022155597864158,-79.77844402135842
2025-12-23,10,48,3.777790190385792,0.26869062520524833,-73.13093747947516,6.947083095159172,0.49410263834702495,-50.5897361652975,3.6687335274834614,0.2609341057954097,-73.90658942045903,3.1534085780581567,0.2242822601748333,-77.57177398251667
2025-12-23,11,50,6.734367412820425,0.39313294879278604,-60.686705120721385,9.503181672791847,0.5547683405015673,-44.523165949843275,6.2906416300267844,0.3672295172228129,-63.27704827771872,4.84362998155632,0.28275715012004204,-71.7242849879958
2025-12-23,12,52,9.851251726968949,0.4768272859133083,-52.317271408669164,11.3443189524306,0.5490957866616941,-45.090421333830584,8.313773041830716,0.4024091501370144,-59.75908498629856,6.533030601890073,0.31621638924927753,-68.37836107507225
2025-12-23,13,52,19.53989677967475,0.6519818745303554,-34.80181254696446,19.957133298792478,0.6659036803067228,-33.40963196932773,15.878168127613547,0.5298020729934451,-47.019792700655486,14.488439257570258,0.48343140665900103,-51.656859334099906
2025-12-23,14,51,38.971889343939615,1.888172933330408,88.81729333304081,33.19245949927061,1.6081617974452818,60.816179744528185,23.97701520100436,1.161677093071917,16.167709307191682,25.965518185638693,1.2580192919398594,25.801929193985934
2025-12-23,15,50,13.356271730345108,0.8684181879288106,-13.158181207118936,9.493844759290788,0.6172850948823659,-38.27149051176341,8.664751337208328,0.5633778502736234,-43.66221497263766,5.52600067311917,0.3592978331026768,-64.07021668973232
2025-12-23,16,34,6.117108641459094,0.635874079153752,-36.4125920846248,4.8875128203406994,0.5080574657318815,-49.194253426811855,1.9791780879488008,0.20573576797804582,-79.42642320219541,1.776028029519004,0.18461829828679877,-81.53817017132012
2025-12-23,17,5,0.1689242151780464,0.022735425999737064,-97.72645740002629,0.8232091826190635,0.11079531394603814,-88.92046860539618,0.29000000000000004,0.039030955585464336,-96.09690444145357,0.3966418365238127,0.05338382725757909,-94.66161727424209
2025-12-23,18,3,0.00276072950955999,0.003943899299371415,-99.60561007006287,0.0002962063855032113,0.0004231519792903019,-99.95768480207097,0.29000000000000004,0.41428571428571437,-58.57142857142856,0.23205924127710068,0.33151320182442956,-66.84867981755704
2025-12-23,19,3,0.001458689013619572,0.00208384144802796,-99.79161585519721,0.0036515721803899474,0.005216531686271354,-99.47834683137286,0.29000000000000004,0.41428571428571437,-58.57142857142856,0.23273031443607803,0.33247187776582576,-66.75281222341742
2025-12-24,6,5,0.00031967646035597325,4.302509560645669e-05,-99.99569749043935,0.23930832267122315,0.032208387977284404,-96.77916120227155,0.29000000000000004,0.039030955585464336,-96.09690444145357,0.27986166453424466,0.03766644206382835,-96.23335579361716
2025-12-24,7,5,0.00035214769461162763,4.73953828548624e-05,-99.99526046171452,0.5118928986051952,0.06889541031025506,-93.1104589689745,0.29000000000000004,0.039030955585464336,-96.09690444145357,0.334378579721039,0.04500384653042248,-95.49961534695774
2025-12-24,8,51,4.440447698346895,0.30330926901276606,-69.66907309872339,9.316518907469753,0.6363742423135078,-36.36257576864922,6.805792612239319,0.4648765445518661,-53.512345544813385,4.959540155620047,0.3387664040724076,-66.12335959275923
2025-12-24,9,52,21.500161057730427,0.6948985474379582,-30.51014525620418,27.88690109396921,0.9013219487385007,-9.867805126149936,20.435059216053553,0.660473794959714,-33.952620504028594,21.156336293012153,0.6837859176797721,-31.62140823202278
2025-12-24,10,52,49.58852205200544,1.1706449965062664,17.064499650626644,61.019457057747275,1.440497097680531,44.04970976805308,42.17758056138432,0.9956935921006687,-0.4306407899331322,52.281391236869055,1.2342160348647089,23.42160348647088
2025-12-24,11,52,72.05472258310294,1.1760196276008315,17.60196276008314,78.61690088842472,1.2831222602974492,28.31222602974493,64.19482451768906,1.047736649546092,4.7736649546091945,71.21182437092381,1.162262516254673,16.22625162546728
2025-12-24,12,52,78.57809551286657,1.0608626368687266,6.0862636868726545,77.80986075081972,1.0504908971354088,5.049089713540881,63.80785336400202,0.8614534003510467,-13.854659964895333,70.72226034170104,0.954803028779547,-4.519697122045294
2025-12-24,13,52,83.58876897566815,1.1801322741164502,18.013227411645012,79.58789578322475,1.1236467003137762,12.364670031377623,65.12360815716235,0.9194353827073608,-8.05646172926392,72.49291226333328,1.0234775132476817,2.3477513247681734
2025-12-24,14,52,75.03684868436875,1.3710368844211354,37.103688442113544,66.92822138212027,1.2228799814017954,22.287998140179546,50.67849621054269,0.9259728889191062,-7.402711108089373,59.20807473520301,1.0818212083903345,8.182120839033452
2025-12-24,15,52,51.183212023974946,1.1004775752305942,10.047757523059412,39.93630791515932,0.8586606732994906,-14.133932670050939,29.171436678832308,0.6272078408693249,-37.27921591306752,31.25634442512142,0.672034926362533,-32.7965073637467
2025-12-24,16,51,29.5089508247192,1.3358511011642913,33.585110116429135,20.322138301481434,0.9199700453364161,-8.002995466358392,8.104596144251877,0.36688982092584316,-63.31101790741568,11.549028830400223,0.5228170588682762,-47.71829411317238
2025-12-24,17,7,0.7608373228052556,0.10212581514164505,-89.78741848583549,1.0911818069467303,0.146467356637145,-85.35326433628549,0.3,0.040268456375838924,-95.97315436241611,0.45823636138934604,0.06150823642810014,-93.84917635718998
2025-12-24,18,3,0.0033230542151617827,0.004747220307373975,-99.5252779692626,0.0002962063855032113,0.0004231519792903019,-99.95768480207097,0.29000000000000004,0.41428571428571437,-58.57142857142856,0.23205924127710068,0.33151320182442956,-66.84867981755704
2025-12-24,19,3,0.0005433245122595531,0.0007761778746565045,-99.92238221253434,0.0025238838258313185,0.0036055483226161695,-99.63944516773839,0.29000000000000004,0.41428571428571437,-58.57142857142856,0.23250477676516632,0.3321496810930948,-66.78503189069052
2025-12-25,6,5,0.0003221169738192485,4.335356309814919e-05,-99.99566464369018,0.2264863405803205,0.0304826837927753,-96.95173162072247,0.29000000000000004,0.039030955585464336,-96.09690444145357,0.27729726811606414,0.03732130122692653,-96.26786987730735
2025-12-25,7,5,0.0003545594943549561,4.771998578128615e-05,-99.99522800142188,0.5348455658777456,0.0719845983684718,-92.80154016315282,0.29000000000000004,0.039030955585464336,-96.09690444145357,0.3389691131755492,0.045621684142065834,-95.4378315857934
2025-12-25,8,51,6.719287153899705,0.28137718399915007,-71.86228160008498,12.886631233135306,0.5396411739168888,-46.03588260831112,9.44397002221086,0.39547613158336925,-60.45238684166308,7.417097884577658,0.31059873888516154,-68.94012611148385
2025-12-25,9,52,36.15935957188641,0.5435045779631207,-45.64954220368793,52.88792726847201,0.7949485535618822,-20.505144643811782,44.01374323147451,0.6615623512922669,-33.84376487077331,46.578688985054065,0.7001155716977916,-29.98844283022084
2025-12-25,10,52,68.11379382824418,0.6827081670666951,-31.729183293330482,86.09174682938504,0.8629021432232639,-13.709785677673613,76.74010803758965,0.7691701717709697,-23.082982822903034,78.92837222226326,0.7911032597199885,-20.88967402800115
2025-12-25,11,52,92.73627995617717,0.7737049887883962,-22.629501121160377,104.39013937803236,0.8709339177209441,-12.906608227905592,91.07735420284358,0.759864460227295,-24.0135539772705,96.03304015752232,0.8012100797390482,-19.878992026095176
2025-12-25,12,52,106.56769054817191,0.842698802373651,-15.730119762634901,107.47882136283879,0.8499036957365078,-15.009630426349219,100.08046317331744,0.7914001516156685,-20.859984838433153,99.37991608769485,0.7858604783148414,-21.41395216851586
2025-12-25,13,52,106.10597020219369,0.8904495653087754,-10.955043469122458,100.4055281883466,0.8426110119867958,-15.738898801320422,91.06627948386961,0.7642353095323061,-23.576469046769386,92.60382742129406,0.7771385315650726,-22.286146843492745
2025-12-25,14,52,93.23512773810457,0.9402493721067423,-5.975062789325767,84.57757526639672,0.8529404524646704,-14.705954753532952,73.21097821491699,0.7383115995856897,-26.168840041431025,77.4386996274223,0.780946950659765,-21.9053049340235
2025-12-25,15,52,71.0620180027864,1.0546455625228022,5.464556252280213,61.871437050622355,0.9182463201339026,-8.17536798660974,50.92414652845997,0.7557754011347577,-24.42245988652423,54.86740192901616,0.8142980399082245,-18.570196009177554
2025-12-25,16,52,40.087315710834055,1.5318041922366852,53.180419223668515,28.17015702521928,1.0764293857554175,7.642938575541754,14.411437614335457,0.5506854266081564,-44.93145733918435,18.218580921723163,0.6961628170318365,-30.383718296816348
2025-12-25,17,11,1.994561890771349,0.3155952358815426,-68.44047641184574,1.9782975341459053,0.31302176173194707,-68.6978238268053,0.3399999999999999,0.05379746835443037,-94.62025316455697,0.6676595068291808,0.10564232702993369,-89.43576729700663
2025-12-25,18,3,0.0023277838528282077,0.003325405504040297,-99.66745944959598,0.0002962063855032113,0.0004231519792903019,-99.95768480207097,0.29000000000000004,0.41428571428571437,-58.57142857142856,0.23205924127710068,0.33151320182442956,-66.84867981755704
2025-12-25,19,3,0.0004828350768528766,0.0006897643955041094,-99.93102356044959,0.005155364104165019,0.007364805863092884,-99.2635194136907,0.29000000000000004,0.41428571428571437,-58.57142857142856,0.23303107282083305,0.3329015326011901,-66.709846739881
2025-12-26,6,4,0.00019237291021243709,3.082899202122389e-05,-99.99691710079787,0.2093724691309734,0.033553280309450866,-96.64467196905491,0.29000000000000004,0.046474358974358976,-95.3525641025641,0.27387449382619466,0.04389014324137735,-95.61098567586227
2025-12-26,7,4,0.00022387049138381069,3.587668131150812e-05,-99.99641233186884,0.4938766826052457,0.07914690426366117,-92.0853095736339,0.29000000000000004,0.046474358974358976,-95.3525641025641,0.3307753365210491,0.05300886803221941,-94.69911319677806
2025-12-26,8,51,6.572174151943588,0.27429775258529165,-72.57022474147082,12.518674539248734,0.5224822428734864,-47.75177571265136,8.777368365277805,0.3663342389514944,-63.36657610485056,7.030203065369896,0.29341415130926113,-70.65858486907388
2025-12-26,9,52,35.39479923458552,0.5493527740894851,-45.06472259105149,50.23201440799084,0.7796370387706169,-22.036296122938314,37.17848055891172,0.5770367927814951,-42.29632072185049,42.630316318493186,0.661653209971957,-33.83467900280429
2025-12-26,10,52,66.58665746887729,0.6907329612954075,-30.926703870459242,81.30708035752487,0.8434344435427891,-15.656555645721095,64.81304114391324,0.6723344517003448,-32.76655482996552,73.0173962680057,0.757441870000059,-24.255812999994095
2025-12-26,11,52,90.46666980668499,0.7890682059021805,-21.093179409781946,98.78268470704853,0.8616021343833279,-13.839786561667214,82.92716771619381,0.7233071758935352,-27.669282410646478,90.73241138829559,0.7913860565921988,-20.86139434078012
2025-12-26,12,52,102.50590401614626,0.8531494300137017,-14.685056998629834,99.71214273399417,0.8298971513441046,-17.010284865589544,85.62803241143769,0.7126760916474214,-28.73239083525786,91.82328743838666,0.7642387635321403,-23.576123646785973
2025-12-26,13,52,101.48165515615878,0.9152385926781998,-8.476140732180017,93.81043920861877,0.8460537446664754,-15.394625533352462,79.24034910177224,0.7146496131112217,-28.53503868887784,86.00175902704179,0.7756291398542731,-22.437086014572692
2025-12-26,14,52,89.42992801902284,0.9824225861696454,-1.757741383035457,79.47813775661449,0.8730982945909532,-12.690170540904678,65.03239136674351,0.7144061448615127,-28.559385513848735,71.72226453959154,0.787897006916308,-21.210299308369194
2025-12-26,15,52,67.74541268664578,1.269829666103951,26.9829666103951,58.08509600752276,1.0887553141053938,8.87553141053939,45.66186530354062,0.8558925080326266,-14.410749196737344,50.96346916961979,0.9552665261409522,-4.473347385904785
2025-12-26,16,52,36.0614238976204,1.5063251419223225,50.63251419223225,24.823067273419593,1.036886686441921,3.688668644192111,10.311334993315329,0.43071574742336377,-56.928425257663626,14.820210601591551,0.619056416106581,-38.09435838934189
2025-12-26,17,13,1.8494891212175184,0.2917175270059178,-70.82824729940822,1.9683803115258545,0.31047008068231147,-68.95299193176885,0.34999999999999987,0.05520504731861198,-94.4794952681388,0.6736760623051709,0.10625805399135188,-89.37419460086481
2025-12-26,18,3,0.003590299854475565,0.00512899979210795,-99.48710002078921,0.0002962063855032113,0.0004231519792903019,-99.95768480207097,0.29,0.41428571428571426,-58.57142857142858,0.23205924127710065,0.3315132018244295,-66.84867981755704
2025-12-26,19,3,0.0004050922246191991,0.0005787031780274274,-99.94212968219726,0.0076048164971756725,0.010864023567393818,-98.91359764326062,0.29,0.41428571428571426,-58.57142857142858,0.23352096329943514,0.3336013761420502,-66.63986238579498
2025-12-27,6,4,0.00020825437294150868,3.3374098227805876e-05,-99.99666259017722,0.1730710617501316,0.0277357470753416,-97.22642529246585,0.29,0.04647435897435897,-95.3525641025641,0.2666142123500263,0.042726636594555494,-95.72733634054445
2025-12-27,7,4,0.00023389396607867495,3.748300738440303e-05,-99.99625169926156,0.4921431031618169,0.07886908704516296,-92.1130912954837,0.29,0.04647435897435897,-95.3525641025641,0.33042862063236333,0.05295330458851976,-94.70466954114802
2025-12-27,8,51,6.1956834143835495,0.29489211872363397,-70.5107881276366,12.143857711188176,0.5780036987714506,-42.19963012285494,8.595559480930486,0.40911753835937587,-59.08824616406241,6.768024926261112,0.3221335043436988,-67.78664956563011
2025-12-27,9,52,32.42718303523245,0.5848004154234889,-41.519958457651114,47.69269783558154,0.860102756277395,-13.989724372260504,27.3977108067554,0.4940975799234518,-50.590242007654815,36.570133549691704,0.659515483312745,-34.0484516687255
2025-12-27,10,52,62.85078550898206,0.7096972166777558,-29.03027833222442,77.63393069744937,0.8766252337110363,-12.337476628896376,60.25208531590151,0.6803532668913901,-31.964673310860984,69.57130308214143,0.7855838198073783,-21.44161801926217
2025-12-27,11,52,85.8018668027521,0.8029371776413261,-19.706282235867395,92.83197567345734,0.8687252075000687,-13.127479249993135,70.7952106371316,0.6625043106600375,-33.74956893399626,84.7632750490858,0.7932179959674883,-20.678200403251164
2025-12-27,12,52,99.41181355494967,0.881232280426821,-11.876771957317905,96.90501712178984,0.8590108777749299,-14.098912222507016,77.60203202800349,0.6879002927754941,-31.209970722450585,88.75310305939477,0.7867485423224428,-21.325145767755718
2025-12-27,13,52,99.71868814109158,0.9403874777545416,-5.961252224545848,92.59481632344517,0.87320649116791,-12.679350883208999,74.24323518792085,0.7001436739713396,-29.98563260286604,84.70874911778391,0.7988376944340241,-20.11623055659759
2025-12-27,14,52,89.35269217317104,1.0601885639911135,6.018856399111354,79.3746691890716,0.9417972139187424,-5.8202786081257605,62.23867236467061,0.7384749924616828,-26.152500753831724,71.39244467092377,0.8470864341590386,-15.291356584096135
2025-12-27,15,52,68.57074562900505,1.2046863251757738,20.46863251757738,58.88627261351857,1.0345444942642055,3.454449426420536,44.86787171771963,0.7882619767694945,-21.17380232305055,51.410940649354856,0.9032139959479067,-9.678600405209322
2025-12-27,16,52,38.55003261225632,1.6481416251499066,64.81416251499066,26.925340460817075,1.1511475186326239,15.114751863262397,11.528167914215574,0.49286737555432125,-50.713262444567874,16.60753413384887,0.7100271113231666,-28.99728886768333
2025-12-27,17,12,1.9773589682821164,0.3118862725997029,-68.81137274002971,2.0969646193962364,0.33075151725492685,-66.92484827450731,0.3299999999999999,0.05205047318611986,-94.79495268138801,0.6833929238792473,0.10779068199988129,-89.22093180001187
2025-12-27,18,3,0.0023674139288297445,0.0033820198983282065,-99.66179801016717,0.0002962063855032113,0.0004231519792903019,-99.95768480207097,0.29000000000000004,0.41428571428571437,-58.57142857142856,0.23205924127710068,0.33151320182442956,-66.84867981755704
2025-12-27,19,3,0.00045913203829134466,0.0006559029118447782,-99.93440970881552,0.0065636013809509675,0.009376573401358525,-99.06234265986416,0.29000000000000004,0.41428571428571437,-58.57142857142856,0.23331272027619024,0.3333038861088432,-66.66961138911567
2025-12-28,6,4,0.00017124749727328114,2.7443509178410438e-05,-99.99725564908216,0.1734839148956915,0.0278019094384121,-97.2198090561588,0.29000000000000004,0.046474358974358976,-95.3525641025641,0.26669678297913835,0.0427398690671696,-95.72601309328304
2025-12-28,7,4,0.00019209952755518646,3.0785180697946546e-05,-99.9969214819302,0.4900855520557086,0.07853935129097894,-92.14606487090211,0.29000000000000004,0.046474358974358976,-95.3525641025641,0.33001711041114173,0.05288735743768297,-94.71126425623171
2025-12-28,8,51,6.121086712227005,0.31406294059656265,-68.59370594034374,11.98513150217118,0.6149374808707635,-38.506251912923645,8.738236776793785,0.44834462682369347,-55.16553731763065,6.727457437274236,0.34517483002946314,-65.48251699705368
2025-12-28,9,52,32.86525188085339,0.6131576843442798,-38.68423156557203,48.27064100735836,0.9005716605850439,-9.942833941495605,26.408339138135144,0.49269289436819297,-50.7307105631807,36.81439957165095,0.6868358129039357,-31.316418709606435
2025-12-28,10,52,63.625077170011764,0.757892521381915,-24.210747861808503,77.59254184789845,0.9242708975330368,-7.572910246696315,59.928120251006426,0.7138549166290223,-28.614508337097767,69.55288516004835,0.8285036945806831,-17.14963054193169
2025-12-28,11,52,86.68641186124039,0.8431710131430833,-15.682898685691669,94.29423657270496,0.9171698917683588,-8.283010823164116,64.05851558493065,0.623076700563473,-37.69232994365271,85.67112371005503,0.8332956299003506,-16.670437009964946
2025-12-28,12,52,99.64372348753089,0.9118203100981963,-8.81796899018037,97.31867916491201,0.8905442822557834,-10.945571774421659,73.1338968893798,0.669234049134149,-33.0765950865851,88.98947511775688,0.8143253579589759,-18.567464204102414
2025-12-28,13,52,100.20237502939408,0.9777749319808167,-2.222506801918339,92.84749661681398,0.9060060169478337,-9.399398305216634,71.18323604108554,0.6946061284258933,-30.539387157410676,84.70690386869852,0.8265701002019763,-17.342989979802375
2025-12-28,14,52,89.55296103740217,1.0620607333657752,6.206073336577517,79.55326335744596,0.9434684933283438,-5.653150667165619,56.689111745738884,0.6723092000206223,-32.76907999793776,71.21950475886764,0.8446335953376143,-15.536640466238572
2025-12-28,15,52,67.57969263968607,1.2074270616345555,20.74270616345554,58.08984836889443,1.037874725190181,3.787472519018087,40.072909618432604,0.7159712277726031,-28.40287722273968,50.06894627418348,0.8945675589455686,-10.543244105443137
2025-12-28,16,52,37.99063421521864,1.6403555360629811,64.0355536062981,26.21963311589456,1.132108511048988,13.210851104898788,10.805696690178983,0.4665672146018559,-53.343278539814406,15.702436031911244,0.6779981015505718,-32.20018984494282
2025-12-28,17,13,2.314450653346198,0.3644804178497949,-63.5519582150205,2.3047094227386298,0.36294636578561096,-63.70536342143891,0.32999999999999996,0.051968503937007866,-94.80314960629921,0.7249418845477258,0.11416407630672847,-88.58359236932715
2025-12-28,18,3,0.0024975779521124097,0.0035679685030177285,-99.64320314969824,0.0002962063855032113,0.0004231519792903019,-99.95768480207097,0.29000000000000004,0.41428571428571437,-58.57142857142856,0.23205924127710068,0.33151320182442956,-66.84867981755704
2025-12-28,19,3,0.0005703843375260294,0.0008148347678943278,-99.91851652321057,0.004327688846121844,0.006182412637316921,-99.3817587362683,0.29000000000000004,0.41428571428571437,-58.57142857142856,0.2328655377692244,0.33266505395603485,-66.73349460439651
2025-12-29,6,3,0.00013048824596239425,2.2382203424081345e-05,-99.9977617796576,0.1543625809099406,0.02647728660547866,-97.35227133945213,0.29000000000000004,0.04974271012006862,-95.02572898799315,0.26287251618198815,0.04508962541715063,-95.49103745828494
2025-12-29,7,3,0.0001470937596664878,2.5230490508831527e-05,-99.99747695094912,0.4643549399218207,0.07964921782535518,-92.03507821746449,0.29000000000000004,0.04974271012006862,-95.02572898799315,0.32487098798436415,0.05572401166112592,-94.4275988338874
2025-12-29,8,51,6.006449957507257,0.32894030435417626,-67.10596956458238,11.895800828707653,0.6514677343213392,-34.85322656786607,8.136113831335388,0.44557030839733786,-55.44296916026622,6.523289262834885,0.3572447570008152,-64.27552429991849
2025-12-29,9,52,32.8065465237485,0.6999476535896842,-30.00523464103157,48.20754520463986,1.0285373416820964,2.853734168209642,26.26989538006575,0.560484219758177,-43.95157802418231,36.60503434783189,0.7809907050956238,-21.900929490437612
2025-12-29,10,52,63.431859444345065,0.8539561045280701,-14.604389547192984,77.73795274954314,1.0465529449319215,4.655294493192144,60.489832376233366,0.8143488472837016,-18.565115271629843,69.60031476942348,0.9369993910800143,-6.3000608919985694
2025-12-29,11,52,86.8850024090481,0.9240136382967999,-7.598636170320007,95.62403667008391,1.016952426566882,1.6952426566881944,76.3936480343211,0.8124390942712018,-18.756090572879824,87.45209835578697,0.93004464910972,-6.995535089028
2025-12-29,12,52,99.16905259561663,0.9746344235441439,-2.5365576455856176,96.9613007292729,0.9529366165039106,-4.706338349608937,78.41905314671627,0.7707032250291524,-22.929677497084754,88.88784182919888,0.8735905830879497,-12.640941691205034
2025-12-29,13,52,98.84312841215443,1.135475340748471,13.547534074847098,91.48420627964458,1.050938613206715,5.0938613206715155,71.82716004334024,0.8251253307678371,-17.48746692321629,83.59463032273531,0.9603059198476196,-3.969408015238038
2025-12-29,14,52,88.6429361720726,1.1712861544935598,17.128615449355976,78.57565657082657,1.0382618468661016,3.826184686610167,59.1353258103809,0.7813864404120099,-21.861355958799017,70.43853488540199,0.9307417400290962,-6.9258259970903815
2025-12-29,15,52,66.88491718979817,1.314562051686285,31.456205168628497,57.63565914536292,1.132776319680875,13.277631968087514,41.543019567813424,0.8164901644617419,-18.350983553825813,49.795336345377265,0.978681925027069,-2.131807497293102
2025-12-29,16,52,38.05383712504941,1.7699459127929962,76.99459127929961,26.664018929609203,1.2401869269585677,24.018692695856778,11.583799040348236,0.5387813507138716,-46.12186492861285,16.579088630219562,0.7711204014055612,-22.887959859443882
2025-12-29,17,7,1.3646908881543636,0.23169624586661522,-76.83037541333847,2.1381446453659905,0.3630126732370103,-63.698732676298974,0.29000000000000004,0.04923599320882853,-95.07640067911714,0.659628929073198,0.11199132921446486,-88.80086707855352
2025-12-29,18,2,0.0011020437464727773,0.003800150849906128,-99.61998491500938,0.0,0.0,-100.0,0.29000000000000004,1.0,0.0,0.23200000000000004,0.8,-19.999999999999996
2025-12-29,19,2,0.0002279664291099563,0.0007860911348619182,-99.92139088651382,0.0008926912536539426,0.003078245702254974,-99.69217542977451,0.29000000000000004,1.0,0.0,0.23217853825073081,0.800615649140451,-19.9384350859549
2025-12-30,6,3,0.00011922974080787341,2.0451070464472285e-05,-99.99795489295356,0.15314067693931366,0.026267697588218467,-97.37323024117815,0.29000000000000004,0.04974271012006862,-95.02572898799315,0.2626281353878628,0.04504770761369859,-95.49522923863015
2025-12-30,7,3,0.00013577630292054119,2.328924578396933e-05,-99.99767107542161,0.42352373457884207,0.07264558054525593,-92.73544194547442,0.29000000000000004,0.04974271012006862,-95.02572898799315,0.31670474691576844,0.05432328420510608,-94.5676715794894
2025-12-30,8,51,6.065427084070837,0.33678107074241187,-66.32189292575882,11.89484579995235,0.6604578456386647,-33.95421543613353,8.319263089665437,0.4619246579492192,-53.80753420507808,6.583010725949441,0.36551975157964695,-63.4480248420353
2025-12-30,9,52,33.10012280108155,0.7017197965037428,-29.828020349625717,47.577074144714835,1.0086299373482053,0.8629937348205231,28.357397269930782,0.601174417424863,-39.88255825751371,36.91006742951677,0.7824902995445575,-21.750970045544253
2025-12-30,10,52,64.05352137849546,0.7827633065928811,-21.723669340711886,77.94118658498907,0.9524769227054756,-4.752307729452437,60.79007521764135,0.7428825029651882,-25.71174970348118,69.82164002611476,0.8532523527571155,-14.674764724288444
2025-12-30,11,52,87.51595702608871,0.8441782292475037,-15.582177075249625,95.88796849714797,0.924934585677129,-7.506541432287099,68.85998457067343,0.6642228665059654,-33.57771334940346,87.48087710071195,0.8438398485647917,-15.616015143520837
2025-12-30,12,52,100.6868893598798,0.9333230381894678,-6.667696181053216,98.17089874447771,0.9100009153177392,-8.999908468226083,71.6820333436677,0.6644608207607313,-33.553917923926875,89.74886143588601,0.831932345531016,-16.8067654468984
2025-12-30,13,52,102.03265262818607,1.042425956560953,4.242595656095296,94.62213573838253,0.9667157308784484,-3.32842691215516,73.47965450461706,0.7507116316368723,-24.92883683631277,86.66367764280292,0.8854074135962702,-11.45925864037298
2025-12-30,14,52,91.31808445784581,1.1268273008125103,12.682730081251034,80.74304645551882,0.9963357163810321,-0.36642836189678624,59.72496707758168,0.736981331164631,-26.3018668835369,72.50153949211352,0.8946389374643823,-10.536106253561769
2025-12-30,15,52,68.90341514707318,1.2016640241903238,20.16640241903239,59.3477666573614,1.035015114359285,3.501511435928486,42.88898311554943,0.7479766849590064,-25.202331504099362,51.46288100835587,0.8975040287470504,-10.249597125294962
2025-12-30,16,52,39.28118643549141,1.7327387046974598,73.273870469746,27.617103621277163,1.2182224799857595,21.82224799857594,11.895967008509041,0.5247449055363494,-47.52550944636506,17.242329127943012,0.7605791410649764,-23.942085893502366
2025-12-30,17,7,1.50609310679764,0.25657463488886545,-74.34253651111345,2.1135342294970454,0.3600569385855274,-63.99430614144727,0.29,0.04940374787052811,-95.05962521294718,0.654706845899409,0.11153438601352796,-88.84656139864721
2025-12-30,18,1,0.0003042768673393586,0.0010867030976405665,-99.89132969023593,0.0,0.0,-100.0,0.28,1.0,0.0,0.22400000000000003,0.8,-19.999999999999996
2025-12-30,19,1,5.258723700611442e-05,0.0001878115607361229,-99.98121884392638,0.0,0.0,-100.0,0.28,1.0,0.0,0.22400000000000003,0.8,-19.999999999999996
2025-12-31,6,2,6.382363169008836e-05,1.0966259740565009e-05,-99.99890337402594,0.17137029090503209,0.02944506716581307,-97.0554932834187,0.28,0.048109965635738834,-95.1890034364261,0.25827405818100646,0.04437698594175368,-95.56230140582463
2025-12-31,7,2,9.677804940613486e-05,1.6628530825796368e-05,-99.99833714691742,0.4378347162793648,0.07522933269404894,-92.4770667305951,0.28,0.048109965635738834,-95.1890034364261,0.311566943255873,0.053533839047400854,-94.64661609525993
2025-12-31,8,50,4.67965578362436,0.3616426417020371,-63.83573582979629,9.011075414277991,0.6963736796196284,-30.36263203803717,5.864422257844616,0.453201101842706,-54.679889815729396,4.38975508816908,0.339239187648306,-66.0760812351694
2025-12-31,9,51,26.658817702126115,0.7172132822740412,-28.278671772595875,31.8131037153506,0.8558811868536615,-14.411881314633849,23.587292236726285,0.634578752669526,-36.542124733047395,24.20152432686519,0.651103694561883,-34.889630543811705
2025-12-31,10,51,50.535054507622924,0.8480458886998309,-15.195411130016915,58.982048268290455,0.9897977558028268,-1.020224419717315,49.887534213700405,0.8371796310404498,-16.28203689595502,52.29062009481988,0.8775066302201691,-12.249336977983091
2025-12-31,11,51,70.34426251627605,0.8796331438824065,-12.03668561175935,72.40995471621879,0.9054639829463398,-9.453601705366022,55.76580302500936,0.6973340380768959,-30.266596192310413,64.29525186464832,0.803992145362615,-19.6007854637385
2025-12-31,12,51,82.76263139754364,0.9077836064225472,-9.221639357745278,78.36173770554338,0.8595123144185957,-14.048768558140438,63.423711834596396,0.6956642737149982,-30.433572628500183,71.31782540767755,0.7822510190597514,-21.77489809402486
2025-12-31,13,51,85.74570120580184,1.2452178507958445,24.521785079584454,77.91499146211503,1.1314985690112553,13.149856901125535,60.78564914948869,0.8827425087059062,-11.725749129409376,70.75389798289095,1.0275036012618497,2.750360126184959
2025-12-31,14,51,79.89756378172774,1.2012864799538077,20.12864799538077,69.94593871969225,1.05166048293027,5.1660482930270035,53.03232565858592,0.797358677771552,-20.264132222844797,62.071543777511536,0.9332663325441519,-6.673366745584808
2025-12-31,15,51,47.786517597451976,1.198558254262653,19.855825426265287,36.776514690973265,0.9224107020560136,-7.758929794398643,24.560472386893508,0.616013854700113,-38.3986145299887,27.36270635940672,0.6862981279008457,-31.370187209915436
2025-12-31,16,51,29.779569325448975,1.5840196449706905,58.40196449706904,20.78395489856433,1.1055295158810814,10.552951588108145,9.276764283448916,0.49344490869409136,-50.65550913059087,12.258087280298268,0.6520259191648016,-34.79740808351984
2025-12-31,17,6,0.6517063909263684,0.11121269469733248,-88.87873053026675,1.2571877709231942,0.21453716227358263,-78.54628377264173,0.3,0.051194539249146756,-94.88054607508532,0.4914375541846388,0.08386306385403391,-91.6136936145966
2025-12-31,18,3,0.0020472875258244765,0.006824291752748254,-99.31757082472517,0.0,0.0,-100.0,0.3,0.9999999999999998,-1.850371707708594e-14,0.24000000000000002,0.7999999999999999,-20.000000000000007
2025-12-31,19,3,0.0003711543444401476,0.001237181148133825,-99.87628188518663,0.0016124845073332177,0.005374948357777392,-99.46250516422226,0.3,0.9999999999999998,-1.850371707708594e-14,0.24032249690146668,0.8010749896715554,-19.892501032844454
