date,hour,n_sites,city_actual_mw,city_pred_mw,city_rel_err_pct,city_wape_pct,city_mape_pct,capacity_weighted_mape_pct,site_mape_raw_mean
2025-09-01,6,39,11.059999999999999,1.285374535964954,88.37816875257728,90.86328018432027,67.13775533873167,69.01149946269932,67.13775533873165
2025-09-01,7,51,39.169999999999995,20.783335715471818,46.94067981753429,52.27971153979849,43.53124889269571,45.792138684190135,43.5312488926957
2025-09-01,8,51,85.60000000000001,66.37925145984337,22.45414549083719,26.090270821530076,29.59484528325224,25.825509482102362,29.594845283252237
2025-09-01,9,52,114.22000000000001,101.45312536900455,11.177442331461616,23.82074416275187,28.76764492613857,27.99200510734236,28.76764492613857
2025-09-01,10,52,130.99,121.71680807837653,7.079312864816763,29.727174235259383,34.11258283405016,39.20294505887878,34.11258283405016
2025-09-01,11,51,144.74,124.58958123456934,13.92180376221547,31.967287648634997,36.50453197987065,34.38807803473393,36.504531979870634
2025-09-01,12,51,153.48999999999998,123.31628662693146,19.658422941604357,30.607598554361797,31.19823061471394,31.2503716016232,31.198230614713935
2025-09-01,13,51,157.93999999999997,117.8590905310076,25.377301170692913,31.798673658239178,36.95682693321938,33.10011953532429,36.956826933219375
2025-09-01,14,50,145.5,108.89356172575332,25.15906410601147,31.644955289143468,39.92719621437402,34.1640304183186,39.92719621437403
2025-09-01,15,50,117.63999999999999,93.5914814921673,20.442467279694565,29.669752040016473,37.558142039711335,33.62145170320242,37.55814203971133
2025-09-01,16,50,85.30999999999999,66.76252211956135,21.741270519796785,26.71808850855951,34.80825848598957,28.47638260516571,34.80825848598957
2025-09-01,17,50,45.739999999999995,28.761200747331085,37.12024322839727,46.08669468664148,50.3053306506012,45.61452491783029,50.3053306506012
2025-09-01,18,48,14.360000000000001,5.83704639271677,59.352044618963994,67.82894112194722,56.00477056535674,51.56904037084155,56.00477056535673
2025-09-01,19,6,8.76,0.20892403029306317,97.615022485239,97.61502248523902,84.15157228502416,92.36858438760439,84.15157228502416
2025-09-02,6,38,10.640000000000002,1.0309735252313341,90.31039919895363,92.62355816096517,70.76077083824742,71.80242440827062,70.76077083824741
2025-09-02,7,51,34.73,15.625193953640226,55.00951928119715,57.18157747183557,49.20683988711713,46.39159790790503,49.20683988711713
2025-09-02,8,51,74.74000000000001,58.308957725953704,21.984268496181837,37.57158146517708,32.72821266077487,36.48151177903725,32.728212660774865
2025-09-02,9,51,99.12,83.36776197394825,15.892088404007017,36.724812851853414,37.892213453464194,42.2610300403098,37.89221345346418
2025-09-02,10,51,113.58,102.80043246178033,9.490726834143041,36.6764226072988,44.00892349064892,47.04058450187677,44.00892349064892
2025-09-02,11,51,137.2,133.7119459617006,2.5423134389937285,33.40489032749165,50.405075131065935,41.421818655066346,50.405075131065935
2025-09-02,12,51,138.01,132.18995050550794,4.217121581401387,36.949362959441466,53.41528885553335,47.891828651938496,53.41528885553336
2025-09-02,13,51,116.4,123.0107437353937,5.679333106008331,45.14336764553262,158.70801483227797,129.03496562955098,158.708014832278
2025-09-02,14,51,113.45,100.53483976087729,11.384010788120506,47.996655795018015,158.58498300119015,381.89276109270565,158.58498300119015
2025-09-02,15,51,82.00999999999999,90.78935737868366,10.70522787304435,43.93361400927207,266.8228456205187,324.4338688795356,266.82284562051876
2025-09-02,16,51,48.65,56.53865720922108,16.21512273221188,52.55605881722395,134.18036944843988,134.07755135177908,134.18036944843988
2025-09-02,17,50,28.849999999999998,25.45082975836208,11.782219208450325,49.942251335815456,65.52975840406805,79.8280954122173,65.52975840406805
2025-09-02,18,43,12.309999999999997,5.379108400850729,56.30293744231738,71.64125890528801,63.164748066233166,72.77844854308152,63.164748066233166
2025-09-02,19,5,8.59,0.2104327601743734,97.55025890367433,97.55025890367436,81.11915453905688,90.79967783582299,81.1191545390569
2025-09-03,6,40,11.53,1.0431631144595312,90.95261826140909,92.64540785578703,78.93995108227313,80.96156904905997,78.93995108227313
2025-09-03,7,51,37.89000000000001,10.587863206778552,72.05631246561481,72.47415173077655,64.02179045699913,66.97959396244453,64.02179045699913
2025-09-03,8,51,70.58,34.633473590339264,50.93018760223964,53.34073728341696,48.809815201448735,49.81579801061385,48.80981520144874
2025-09-03,9,51,104.56,68.10942790277451,34.860914400559956,41.84898364761755,39.84016767546889,40.82047001533985,39.840167675468884
2025-09-03,10,51,119.03999999999998,73.13347133750393,38.56395216943553,43.5597486154988,41.533028118237446,37.953847861146556,41.53302811823744
2025-09-03,11,51,90.5,95.71947042501063,5.767370635370859,45.23605654754742,54.68258060949833,63.304574504857705,54.68258060949833
2025-09-03,12,51,117.62,90.4326131255488,23.114595200179565,50.184136436948634,66.24713154658322,67.11739805269373,66.24713154658322
2025-09-03,13,51,95.32999999999998,105.62814099603892,10.802623514149733,59.01891490653571,104.19072644206912,121.07877815146053,104.19072644206913
2025-09-03,14,51,76.25,98.26198900955319,28.86818230761074,72.41440340546444,245.57576357377337,196.701232244221,245.57576357377343
2025-09-03,15,51,60.099999999999994,68.93006844949348,14.692293593167191,49.25514970054842,83.85277296782226,120.84108405247281,83.85277296782225
2025-09-03,16,51,53.660000000000004,45.420721645618436,15.354599989529572,42.09032247350312,50.51123343228545,53.235347062416885,50.511233432285465
2025-09-03,17,51,29.939999999999998,11.035123802487236,63.142539069848915,63.655249178422004,57.20794244205762,56.94985245919,57.20794244205763
2025-09-03,18,42,11.53,2.5725078625645335,77.68857014254525,85.83622410626339,78.9860883088585,72.60296888297688,78.9860883088585
2025-09-03,19,5,9.3,0.16441125214076974,98.23213707375517,98.23213707375517,97.23892250700438,98.26980307593712,97.23892250700438
2025-09-04,6,38,10.53,1.02879579587355,90.22985948838034,92.22672501888938,70.39311580908252,71.5317497285784,70.3931158090825
2025-09-04,7,51,38.7,19.080027450257003,50.69760348770801,51.94081443787457,53.83595923507676,47.54904694905722,53.83595923507677
2025-09-04,8,51,77.21999999999998,66.55423455393303,13.812180064836777,29.377792625744725,26.908773311709833,30.321856237771637,26.90877331170983
2025-09-04,9,51,106.89,98.46706551536491,7.880002324478523,32.75461050969836,38.06759854128738,38.56087556587477,38.06759854128738
2025-09-04,10,51,120.97999999999999,121.25344189170661,0.2260223935415978,37.10009632327372,42.31761903298334,44.022584991251286,42.31761903298334
2025-09-04,11,51,151.54000000000002,127.16822344431363,16.08273495821987,30.189357241962668,35.763908635437794,32.54378318568434,35.763908635437794
2025-09-04,12,51,136.92,135.07317926709868,1.3488319696912847,31.149083271420487,42.02393698507818,43.55523787204365,42.02393698507818
2025-09-04,13,51,141.51999999999998,122.4360563728428,13.484979951354708,31.542853137860043,36.895728202734276,34.54395928179548,36.89572820273427
2025-09-04,14,51,119.28999999999998,104.49158244176516,12.405413327382696,20.330420511256968,24.05796287958872,20.423210098219624,24.05796287958873
2025-09-04,15,51,78.82000000000001,66.76379055658224,15.295875974902017,35.66081872566871,38.23405284956421,36.23983647475261,38.23405284956421
2025-09-04,16,51,57.17,28.284383771847676,50.525828630667,50.84746100990187,50.91619694498066,48.79092124617329,50.91619694498066
2025-09-04,17,50,33.07,9.477209362842082,71.34197350214066,71.34197350214066,69.06570071104257,68.81094062139806,69.06570071104257
2025-09-04,18,45,12.530000000000001,2.7628122656138454,77.9504208650132,85.37191226242923,72.42617623847745,73.64483518997285,72.42617623847744
2025-09-04,19,5,9.35,0.16698295564322854,98.21408603590129,98.2140860359013,97.21219580386744,98.23180081781504,97.21219580386744
2025-09-05,6,39,10.939999999999998,1.1966192481048041,89.0619812787495,93.29397386300728,77.6691073574739,90.94161440838792,77.6691073574739
2025-09-05,7,51,39.46,17.317645312727667,56.113417859281135,60.80073715578678,57.92103995905432,69.0968635549758,57.92103995905433
2025-09-05,8,51,82.10000000000001,57.367708196226175,30.124594158068003,35.586427044730186,48.41621724042808,46.08162125432245,48.41621724042809
2025-09-05,9,51,115.50000000000003,91.33765804974009,20.919776580311634,28.090113454754118,33.85159970119382,28.27115371576971,33.85159970119381
2025-09-05,10,51,130.88,119.15698545170135,8.957071017954348,27.331607011345266,37.72527137411866,31.97913689638334,37.72527137411866
2025-09-05,11,51,146.76000000000002,139.2406307455984,5.123582212047985,31.128424992162536,32.4031275165146,38.44871371004908,32.40312751651461
2025-09-05,12,51,149.94999999999996,138.50783443191938,7.630653930030401,32.01946056727865,41.20415123484058,38.149901965404325,41.204151234840594
2025-09-05,13,51,139.16,128.89262808928797,7.378105713360182,34.132684334229864,38.94402901280927,40.08167602326156,38.94402901280927
2025-09-05,14,51,114.78000000000002,120.40446941054584,4.900217294429193,38.8283985305571,46.93643250155822,49.59868768318611,46.93643250155823
2025-09-05,15,51,110.38,99.29774112198281,10.04009682733936,25.280609146492637,31.369869831297017,27.86443626002203,31.369869831297017
2025-09-05,16,51,73.98,62.37164618925753,15.691205475456165,27.60637988164833,29.830882495236843,30.49911300161478,29.830882495236846
2025-09-05,17,51,40.209999999999994,20.89506102679553,48.03516282816331,48.07093426117966,42.82008197667608,42.97994699480028,42.820081976676086
2025-09-05,18,38,10.849999999999998,2.978651240465241,72.54699317543556,80.2299919965592,73.06827264152615,73.04890575602678,73.06827264152612
2025-09-05,19,5,8.620000000000001,0.17335348889161367,97.9889386439488,97.9889386439488,97.0893354815702,98.06641572340293,97.0893354815702
2025-09-06,6,39,12.19,1.0954350815034861,91.01365806805998,92.19030985052733,80.12260368216869,78.51957299127425,80.12260368216867
2025-09-06,7,51,30.050000000000004,12.253960673403313,59.2214287074765,61.034951273491956,53.62738145856591,50.6161276935834,53.62738145856591
2025-09-06,8,51,44.839999999999996,45.14814132660641,0.6872018880606833,39.638182878896686,59.114001022425846,48.8053226583589,59.114001022425846
2025-09-06,9,51,58.59,76.21010608005123,30.073572418588885,52.193199603065125,59.18655155323993,75.75131307604927,59.18655155323992
2025-09-06,10,51,73.47,82.50287832640747,12.294648599982946,38.31093520844534,72.18392871255091,70.3169592056874,72.1839287125509
2025-09-06,11,51,74.09,91.54536406857255,23.559676162198066,48.30066649742587,97.16959508659895,99.42008050313217,97.16959508659896
2025-09-06,12,51,89.74000000000001,95.93003261988645,6.897740828935188,41.33650315380161,77.66975057396539,73.21971388725548,77.66975057396539
2025-09-06,13,51,72.11,102.6679461713335,42.37684949567813,58.124238572006725,122.91640536898927,111.31696355382938,122.91640536898929
2025-09-06,14,51,85.65,74.6197540942737,12.878278932546763,37.16939356958714,60.108215767498386,56.65008456829843,60.10821576749837
2025-09-06,15,51,61.75,68.4705120160113,10.883420268844207,57.025151249048776,110.45204129540689,116.66841904762089,110.45204129540689
2025-09-06,16,51,48.71,38.432022883159334,21.100343085281597,45.053411221443746,63.588503316859324,94.62382725565912,63.588503316859324
2025-09-06,17,51,28.81,10.524619898520571,63.468865329675204,64.34856690266957,56.677382376132556,55.71221833031574,56.67738237613257
2025-09-06,18,43,11.04,2.211774629362345,79.96580951664542,85.18071441228375,82.11742704947619,88.09023023349803,82.11742704947619
2025-09-06,19,6,8.81,0.2294844886429594,97.39518174071556,97.39518174071556,78.12567792275759,80.28384010132307,78.1256779227576
2025-09-07,6,12,8.74,0.3697993859307287,95.76888574449967,97.18335962039764,69.37720368331276,73.95648475170911,69.37720368331276
2025-09-07,7,50,19.990000000000002,3.1167074250665356,84.40866720827145,86.08468271665234,73.81691756878399,77.1548634224251,73.81691756878399
2025-09-07,8,51,36.82,12.897354873850748,64.97187704005772,65.41464487732685,51.409793682064056,56.326615382086096,51.409793682064056
2025-09-07,9,51,54.160000000000004,14.619555562446156,73.00672902059424,73.28226167086098,64.74010595020891,67.88309930322835,64.74010595020891
2025-09-07,10,51,69.11999999999999,26.77357952740481,61.265075915212954,65.37205494059172,54.15625663211523,55.553209658411305,54.15625663211523
2025-09-07,11,51,93.80999999999999,61.675577494942885,34.25479427039453,36.797296987751835,35.57496576514083,35.11387674882967,35.574965765140824
2025-09-07,12,51,81.69000000000001,94.27136453360286,15.401352103810565,35.992431102945154,34.420167204895684,35.94975526286854,34.42016720489568
2025-09-07,13,51,76.13,84.24225130553249,10.65578787013332,36.98830476417711,36.72097834763814,40.344680905734805,36.72097834763814
2025-09-07,14,51,75.7,88.31952855328788,16.670447230234977,39.773977545879916,53.88592677962096,62.20007661682757,53.88592677962096
2025-09-07,15,50,53.55,65.31188663836326,21.964307447923932,47.082802344843536,52.788734994444,59.686671092068245,52.78873499444399
2025-09-07,16,50,40.22,34.83509878918342,13.38861564101586,43.40225743699068,38.01860244781982,41.07723634935242,38.01860244781982
2025-09-07,17,50,21.12,12.641587105302536,40.14400044837815,53.10965438272495,45.45406628811524,39.98327876167451,45.454066288115236
2025-09-07,18,28,9.219999999999997,1.5272327933990462,83.43565300001035,88.9539065836592,126.72727130502717,230.41357732199995,126.72727130502714
2025-09-07,19,6,8.6,0.14945189811686904,98.26218723119919,98.26218723119919,70.90860811817448,84.73806830689851,70.90860811817448
2025-09-08,6,10,8.66,0.2664235588115571,96.92351548716447,97.53432994831645,84.53714888237776,87.30131194365396,84.53714888237776
2025-09-08,7,36,11.139999999999997,1.9930024965768416,82.10949284939997,87.02695236200965,79.77696518411496,66.97622588637353,79.77696518411497
2025-09-08,8,44,24.92,10.877472720927962,56.35043049386853,64.7343321512392,65.74883745427658,55.81102271013728,65.74883745427658
2025-09-08,9,49,24.580000000000002,14.773949458839454,39.89442856452623,51.48616203457566,43.76230850751008,41.82827558680872,43.76230850751008
2025-09-08,10,50,31.93,16.15579903580805,49.40244586342608,55.79337544521511,69.29937843706007,57.36513536330763,69.29937843706006
2025-09-08,11,50,35.449999999999996,34.49055533854829,2.7064729519089012,64.79773580082907,106.94949749374378,104.23062595046608,106.94949749374378
2025-09-08,12,50,40.68,57.287039724334576,40.82359814241538,100.70982323635027,299.7554471324038,297.15715303876976,299.75544713240384
2025-09-08,13,50,44.86,58.260236637246884,29.87123637371129,56.87015620104293,86.29638629021238,107.87796894293093,86.29638629021238
2025-09-08,14,50,31.370000000000005,66.14458436137032,110.85299445766753,132.27786598376014,177.1870687401958,174.8877172695088,177.1870687401958
2025-09-08,15,49,33.260000000000005,14.498080782237356,56.409859343844396,58.56086399338292,47.485032177869606,43.32732823531947,47.48503217786961
2025-09-08,16,48,20.200000000000003,4.918103760847217,75.65295167897418,76.11116950075635,66.5445451373077,62.704433851490904,66.5445451373077
2025-09-08,17,44,12.81,1.7832107355206,86.07954148695863,89.27164112071672,84.4145852448965,81.55241141108557,84.4145852448965
2025-09-08,18,10,8.7,0.4463303405776779,94.86976620025658,96.3191400664931,101.68879363431465,150.94395569621386,101.68879363431464
2025-09-08,19,4,8.58,0.1209330452970447,98.59052394758689,98.59052394758689,96.7619237358208,98.36749562768927,96.7619237358208
2025-09-09,6,26,9.57,0.591908530704221,93.81495788187858,95.84578335658215,97.71476608055872,159.63948384178147,97.7147660805587
2025-09-09,7,50,34.36,14.920141445528392,56.577003942001184,58.8456051569868,49.8071325164793,51.888859889158056,49.807132516479314
2025-09-09,8,50,61.97,56.378156323775215,9.02346889821653,29.340089191902013,37.55367011365453,31.65467323339115,37.55367011365453
2025-09-09,9,50,106.39999999999999,90.21793189912623,15.20871062112196,32.83229330891725,38.65722350424262,37.51180641396597,38.65722350424262
2025-09-09,10,50,134.32999999999996,109.06764837708536,18.80618746587851,29.22856794043323,33.19303546065037,29.150675776710933,33.193035460650364
2025-09-09,11,50,167.56,111.38552993787174,33.5249881010553,38.19638140062574,40.499402212289965,37.90466873711167,40.49940221228997
2025-09-09,12,50,139.55,124.16827355729266,11.022376526483228,37.776781861747445,42.77417326116171,43.646663122025295,42.77417326116171
2025-09-09,13,50,147.75,132.3211335526263,10.442549202960208,27.4480429573753,38.489211479735935,31.278776915304924,38.48921147973593
2025-09-09,14,50,133.66,106.47303672943525,20.340388501095873,33.612626256795885,38.84519276768613,36.32854483034514,38.84519276768614
2025-09-09,15,50,104.72,79.79777434619461,23.79891678170873,42.61902913250245,46.930832001328746,49.16038288286222,46.93083200132875
2025-09-09,16,50,78.92,55.887551952909135,29.184551504169875,34.55743749561785,36.35016116424801,34.69260882356846,36.350161164248014
2025-09-09,17,50,41.05,25.008025221444996,39.079110300986606,41.38975702526852,36.076085147969565,34.71465379387863,36.076085147969565
2025-09-09,18,42,11.59,4.216306382735774,63.62117012307357,77.50958323476048,58.30357884473942,62.85159669998841,58.30357884473942
2025-09-09,19,5,8.59,0.18212679118479108,97.87978124348322,97.87978124348322,81.22134215273762,90.86268478625333,81.2213421527376
2025-09-10,6,36,10.809999999999999,0.8917616897427189,91.75058566380464,93.5105046068921,79.09144113109868,78.70902461439844,79.09144113109866
2025-09-10,7,49,40.209999999999994,13.909632576014959,65.40752903254176,65.44691304041493,59.47463633573173,59.96522539768394,59.47463633573173
2025-09-10,8,50,86.86000000000001,41.654860412202375,52.04367900966801,52.28085284721558,49.3004296889414,50.47209378566028,49.300429688941406
2025-09-10,9,50,128.05,79.53761112530276,37.885504783051346,38.407302947190985,38.66409947415817,36.76033690531444,38.664099474158164
2025-09-10,10,50,156.1,120.53930851220454,22.780712035743402,25.170327687109168,26.198859965801415,24.06537656657866,26.198859965801418
2025-09-10,11,50,172.1,145.76370309742248,15.302903487842833,18.737050623805775,19.812318820725736,18.924901443070212,19.812318820725736
2025-09-10,12,50,168.89999999999998,153.43542611483295,9.156053217979295,19.954087945883252,22.65096875109126,25.70112045585187,22.650968751091256
2025-09-10,13,50,145.05999999999997,153.66203684232556,5.929985414535772,23.927719953383725,36.165872400069446,32.32979109056737,36.165872400069446
2025-09-10,14,50,139.1,138.07021091746185,0.7403228486974439,19.740913532757666,27.296577956378243,23.787864191017853,27.296577956378243
2025-09-10,15,50,125.19,111.67660377124724,10.794309632361013,16.428415818012187,19.000517648112233,17.725005842540227,19.000517648112233
2025-09-10,16,50,79.09000000000002,73.07079630984663,7.610574902204309,21.51344978189741,30.162878897274283,26.974032766852822,30.162878897274283
2025-09-10,17,50,35.089999999999996,30.81859100806917,12.172724399916863,37.75673002681004,36.27767457150607,33.100678347587085,36.27767457150607
2025-09-10,18,42,11.559999999999999,4.119391353058677,64.36512670364466,77.18189438943186,56.925953328575886,60.48596391621497,56.9259533285759
2025-09-10,19,5,8.59,0.2750343331862065,96.79820333892657,98.50343438884087,223.63690642193555,365.15689019704223,223.63690642193552
2025-09-11,6,17,8.87,0.39322193491209373,95.5668327518366,97.65784356784117,107.24011009390935,211.4003579801186,107.24011009390934
2025-09-11,7,50,32.36,16.110897823806035,50.213541953627825,52.036993728746516,43.663075676205594,42.4906514135599,43.66307567620559
2025-09-11,8,50,34.010000000000005,59.89180240204998,76.10056572199345,97.184219049319,135.07939917977222,137.3465958640134,135.07939917977222
2025-09-11,9,49,56.18,78.64581728199377,39.98899480596969,48.494167663376025,44.10073013226985,59.35094208686631,44.10073013226986
2025-09-11,10,49,77.30999999999999,85.16286277486225,10.157628734784971,26.9402462525336,25.93712635470218,30.562570394147958,25.937126354702176
2025-09-11,11,49,65.08,108.20536701797437,66.26516136750826,70.0384669650678,72.10608474068,77.41788329131143,72.10608474067999
2025-09-11,12,49,57.449999999999996,107.52481013696054,87.16241973361278,92.90250283910305,115.07522064212723,124.83006006669532,115.07522064212725
2025-09-11,13,49,52.06,102.81494464234913,97.49317065376322,103.34617952783456,132.7617712842391,146.31961838794288,132.7617712842391
2025-09-11,14,49,33.040000000000006,62.56689544163508,89.3671169541013,112.46781786366478,130.08074757503206,133.6889518942769,130.08074757503206
2025-09-11,15,49,24.09,9.543978039822344,60.38199236271339,60.613689505358415,48.63013670222524,44.59642964972503,48.63013670222524
2025-09-11,16,47,20.48,3.915484554692137,80.88142307279229,80.88142307279229,74.47279868091744,74.51568265446943,74.47279868091748
2025-09-11,17,40,12.14,1.5591157800232929,87.15720115302065,89.59865964154459,75.25500215060174,73.7188878962781,75.25500215060174
2025-09-11,18,8,9.05,0.3430988345373053,96.20885265704636,97.51945830198461,107.11026962193702,162.36678868846124,107.11026962193701
2025-09-11,19,5,8.99,0.11687855745593051,98.69990481139122,98.69990481139122,97.39721335482805,98.54702915797397,97.39721335482804
2025-09-12,6,5,8.99,0.15615479977865146,98.26301668766794,98.26301668766794,96.00914939117082,97.97053948048557,96.00914939117082
2025-09-12,7,29,10.069999999999999,0.9587872082873898,90.47877648175383,91.76600509282567,74.35007210712632,67.23511605175909,74.35007210712634
2025-09-12,8,43,13.8,5.383406673312547,60.989806715126484,76.69603054884601,80.1002249630221,67.53943465657757,80.10022496302209
2025-09-12,9,43,13.929999999999998,5.864049452601099,57.90344973007107,83.13670321783665,105.33103236537691,119.35032395198884,105.33103236537694
2025-09-12,10,50,18.76,9.547565106530756,49.106795807405355,64.53647057594864,45.388303585481914,50.457054388581014,45.388303585481914
2025-09-12,11,50,27.669999999999998,14.141611771198834,48.89189818865618,61.77436412918698,52.4403697839964,71.52841351502937,52.4403697839964
2025-09-12,12,50,33.699999999999996,15.445027584124933,54.169057613872596,67.04782211384176,53.718161820546804,57.92144128220242,53.71816182054681
2025-09-12,13,48,35.78,11.609931177784498,67.55189721133455,71.3231922801493,66.6960098318826,56.93410110798324,66.69600983188262
2025-09-12,14,50,30.400000000000002,7.1290067415910645,76.54931992897676,77.68716693820372,59.03582879528613,59.486395469755095,59.03582879528612
2025-09-12,15,50,38.37,6.418374733451211,83.27241403843834,83.27241403843833,77.7006482718309,77.38037803387584,77.7006482718309
2025-09-12,16,48,24.92,6.2954131423007,74.7375074546521,75.91800081186561,70.75494604336858,67.26465034454104,70.75494604336856
2025-09-12,17,44,14.030000000000003,2.127086407549394,84.83901348860019,86.13106172384369,74.52290896540394,70.4357189687714,74.52290896540397
2025-09-12,18,10,9.139999999999999,0.5951799267271581,93.48818460911204,95.28855002405024,111.18329965644693,175.9463831987376,111.18329965644693
2025-09-12,19,5,8.99,0.11659447848498171,98.7030647554507,98.70306475545073,97.39033484125625,98.54861891454067,97.39033484125625
2025-09-13,6,38,11.419999999999998,0.9918080785467751,91.31516568698095,93.57049897892578,80.7354052070215,74.21870314199215,80.73540520702149
2025-09-13,7,50,35.67,11.28222275268966,68.37055578163817,69.87480703702337,53.668591910591445,56.17239303343891,53.66859191059143
2025-09-13,8,50,54.01,36.05732785258641,33.23953369267467,36.8754220693468,26.161370579006928,26.861401329789174,26.16137057900693
2025-09-13,9,50,64.44,46.31340791054373,28.12941044297993,37.58563874731917,29.896928620480683,34.88031718981683,29.896928620480686
2025-09-13,10,50,66.74,41.82261800203342,37.33500449200865,44.485492004636534,43.77735674816409,43.88089176196161,43.77735674816408
2025-09-13,11,50,67.44000000000001,41.61163794593624,38.298282998315194,39.5941613302955,33.56038140865967,34.73907417892011,33.56038140865967
2025-09-13,12,50,62.18999999999999,53.146361816372305,14.541949161646063,39.769800874925345,55.702548482097605,59.77519611317433,55.7025484820976
2025-09-13,13,50,59.11,65.93803843165679,11.551409967275914,36.41813318601999,40.14617820899415,41.60541453430927,40.146178208994144
2025-09-13,14,49,51.769999999999996,67.98511450869069,31.321449698069713,54.036432426736795,83.04356264733158,71.187450123,83.04356264733156
2025-09-13,15,49,56.25999999999999,26.610108900416964,52.7015483462194,53.822324665332566,49.15610133916684,46.008095684076295,49.15610133916684
2025-09-13,16,50,45.86000000000001,24.742729427785388,46.047253755374214,56.763571457194715,53.78693074487073,52.0296179928072,53.78693074487072
2025-09-13,17,49,24.05,14.379621362218598,40.209474585369655,57.939891644519605,60.82918157874315,65.10634040228636,60.82918157874314
2025-09-13,18,41,11.609999999999998,3.2996455268654556,71.57928056102104,81.42085502048005,80.92863057523641,99.38673685039575,80.9286305752364
2025-09-13,19,5,8.99,0.13645492733230083,98.48214763812791,98.48214763812791,97.330048461516,98.34209531878686,97.33004846151599
2025-09-14,6,25,9.86,0.4854747516353197,95.07632097732942,95.75599037353336,72.77860246531687,75.25710624206435,72.77860246531687
2025-09-14,7,50,26.130000000000003,14.776104674550998,43.45157032318792,59.644077739604185,51.18138611149541,50.58124681070236,51.181386111495414
2025-09-14,8,50,63.91,56.08921088887744,12.23719153672752,34.6086341419368,38.996626393146926,36.06696192903582,38.996626393146926
2025-09-14,9,50,101.25,97.00751872859654,4.190104959410828,20.126989335130613,27.46866484059341,21.85822684658523,27.468664840593416
2025-09-14,10,50,122.96999999999998,123.50953970442359,0.4387571801444283,22.956947955027736,27.893535908259086,25.08294803636526,27.893535908259086
2025-09-14,11,50,134.29000000000002,128.5350991067706,4.285427725988109,21.43056324831089,26.34427822802906,23.26200188323402,26.34427822802906
2025-09-14,12,50,137.39000000000001,128.15013170525876,6.725284441910806,27.66755631981977,34.908243486548564,32.93736271470738,34.90824348654857
2025-09-14,13,50,103.78,120.30962357198149,15.927561738274704,34.529241231973316,36.45890938718638,43.618290378306114,36.45890938718638
2025-09-14,14,50,85.67,90.69303430895427,5.863236032396714,39.603277649933936,45.49859703916877,48.51676365565505,45.49859703916877
2025-09-14,15,50,67.42000000000002,87.27730548931906,29.45313777709736,43.22610732452236,57.74520899397076,57.00896213201392,57.74520899397076
2025-09-14,16,49,54.120000000000005,44.34651506236018,18.058915258018885,42.30372769072544,42.50033598662203,40.06868402969525,42.50033598662203
2025-09-14,17,50,31.990000000000002,12.99500675049094,59.37790950143501,60.80070467084335,54.551003764693576,55.53359695531541,54.551003764693576
2025-09-14,18,35,10.199999999999998,1.3933886757095415,86.33932670872998,90.12332939929027,54.679552819832764,50.38023142326077,54.67955281983276
2025-09-14,19,6,9.0,0.1478166698847847,98.35759255683573,98.35759255683575,84.42566767871077,92.15429951907834,84.42566767871077
2025-09-15,6,12,9.24,0.3444190109302222,96.2725215267292,96.94718951924946,77.10399103018575,72.8550113101534,77.10399103018575
2025-09-15,7,45,15.200000000000001,9.508150870605593,37.446375851278994,91.23441523452298,195.2262688898311,176.46324150849193,195.22626888983103
2025-09-15,8,50,40.68,34.73754637539292,14.607801437087225,31.01471112522203,29.426664168959448,28.71089467965203,29.426664168959448
2025-09-15,9,50,49.059999999999995,68.23234368643368,39.07937971144249,63.24118421290286,72.04538813228636,77.1525633589682,72.04538813228638
2025-09-15,10,50,67.53999999999999,69.95709859252236,3.5787660534829215,37.90111592916613,42.57653668261291,41.32052079617786,42.576536682612925
2025-09-15,11,50,82.55,71.42854695100799,13.47238406903938,23.50908622377304,26.529522288918734,23.17019672146664,26.529522288918734
2025-09-15,12,50,96.42999999999999,83.78495125810183,13.11318961101127,24.96845540920813,28.095706915920747,23.288772491061245,28.09570691592075
2025-09-15,13,50,94.13000000000001,66.12629507451116,29.750031791659243,33.533631136711314,27.917033490188043,25.60577938197577,27.917033490188043
2025-09-15,14,50,83.53,50.73186313104934,39.26509861002115,40.370389481977476,41.02153624094759,38.908998430319656,41.02153624094759
2025-09-15,15,50,64.18,33.8011042612595,47.33389800364677,51.4885973021732,46.87271590248679,45.34292908094118,46.87271590248678
2025-09-15,16,50,38.03000000000001,25.74380064423349,32.30659835857616,49.682190834000245,45.321621641525404,44.46422849200439,45.32162164152541
2025-09-15,17,49,18.85,9.935595270082699,47.29127177674962,60.40422249160873,49.30202782636383,45.86675253729741,49.302027826363826
2025-09-15,18,16,9.96,0.6038741140135335,93.93700688741433,97.59706856267148,165.210822437875,374.8037402558611,165.210822437875
2025-09-15,19,7,9.85,0.14860665810845883,98.4913029633659,98.4913029633659,86.58723837456473,93.452656073214,86.58723837456475
2025-09-16,6,22,10.1,0.7044609593876778,93.02513901596359,94.81247743561494,76.06074587544789,75.71891145316754,76.06074587544788
2025-09-16,7,42,16.87,9.335407264733382,44.662671815451205,75.99864901026949,150.52055038106806,130.60218429465186,150.52055038106806
2025-09-16,8,50,41.57,31.95402923889833,23.131996057497407,34.93878438423573,31.7340606129211,33.406876988483404,31.7340606129211
2025-09-16,9,51,105.33,69.52169133830539,33.99630557457003,44.96061219947279,43.23001522448898,44.59120019709877,43.23001522448898
2025-09-16,10,51,130.85999999999999,95.32415000913312,27.15562432436716,34.021117844682976,36.62359491662793,34.951605731829034,36.623594916627916
2025-09-16,11,52,160.51999999999998,113.04615291468934,29.575035562740247,31.556612998084994,34.54086102493132,31.47675959400964,34.54086102493132
2025-09-16,12,52,154.31,114.72341626359004,25.653932821210525,27.83320720064551,29.86444086238768,26.627732539280164,29.864440862387678
2025-09-16,13,52,139.20000000000002,93.24635352462678,33.01267706564169,37.05535305701001,39.53635160525725,32.63275232370213,39.53635160525726
2025-09-16,14,52,136.5,90.66818793337593,33.57641909642789,36.641863949777516,36.66777636295706,35.544884633830634,36.667776362957056
2025-09-16,15,52,88.3,75.98193123510332,13.95024775186487,32.82742590627668,38.42750136651133,37.338965401160415,38.42750136651133
2025-09-16,16,46,37.0,40.71948719213353,10.052668086847373,71.93401226568467,228.86310134557516,210.98744149454808,228.86310134557513
2025-09-16,17,27,17.32,7.41608510854548,57.18195664812078,76.92215022805411,122.10364375583991,117.80495860839713,122.10364375583988
2025-09-16,18,8,12.98,0.6605694949044035,94.91086675728502,97.77987334562906,297.7064638210858,470.2339894553701,297.7064638210858
2025-09-16,19,5,12.95,0.13478054505838397,98.95922359028275,98.95922359028275,97.32873111537374,99.0412117638181,97.32873111537376
2025-09-17,6,6,13.02,0.26543196385444806,97.96135204412866,98.32907285481089,85.64667776015925,80.88806129809102,85.64667776015925
2025-09-17,7,44,16.64,1.697436858007479,89.79905734370506,92.48704794003656,77.4076326054713,73.04061354130492,77.40763260547133
2025-09-17,8,48,22.0,6.967145635825853,68.33115620079158,74.70855148351798,65.99365260785432,60.72014683651762,65.99365260785432
2025-09-17,9,50,36.00999999999999,11.3600324061949,68.45311745016689,72.66380103131644,58.75374942033796,58.02638482412288,58.75374942033796
2025-09-17,10,50,44.470000000000006,21.007817331095954,52.759574249840455,53.63563867851444,40.594602990000524,40.58294075544946,40.59460299000052
2025-09-17,11,51,46.48,44.814003176994156,3.584330514212223,47.65439695614741,52.1142018499496,62.8667035213558,52.1142018499496
2025-09-17,12,51,43.919999999999995,77.38873863651736,76.20386756948399,103.83034261680004,170.8492500151735,171.81044409835454,170.84925001517357
2025-09-17,13,51,49.480000000000004,92.72509428247913,87.3991396169748,103.88131011674501,140.7918488095004,163.19419587682322,140.79184880950046
2025-09-17,14,51,45.12,91.18697750565765,102.09879766324835,117.81220145834264,191.61471663128847,192.1350155943299,191.61471663128847
2025-09-17,15,51,47.96,61.90400711762255,29.074243364517404,63.124637680445794,75.8536849594447,83.57295438162879,75.85368495944468
2025-09-17,16,50,42.05,30.88486437440924,26.552046672035097,47.970473089774096,69.16327588630668,67.68661672606086,69.16327588630668
2025-09-17,17,50,19.900000000000002,8.045665674489518,59.56951922367077,77.9180064644544,73.30160589078712,71.94726098910039,73.30160589078712
2025-09-17,18,8,12.98,0.33255152105359037,97.4379697915748,97.4379697915748,67.94384326804214,87.17594341458387,67.94384326804214
2025-09-17,19,6,12.96,0.1379658274748347,98.9354488620769,98.93544886207688,84.4600396853502,95.24091483464966,84.4600396853502
2025-09-18,6,23,13.479999999999999,0.933269856173676,93.07663311443861,94.15572429732954,65.17593602801732,74.98017626719295,65.17593602801732
2025-09-18,7,50,24.93,7.654060110874446,69.2977933779605,72.775051733803,69.78475472878903,65.7138268576003,69.78475472878903
2025-09-18,8,51,58.35000000000001,42.19342351390482,27.68907709699261,40.64989367725754,40.389512745722335,37.07768399948888,40.38951274572233
2025-09-18,9,52,101.45999999999998,83.34669062714627,17.852660529128432,28.035707631077216,28.944265547594416,26.82007342593708,28.94426554759442
2025-09-18,10,52,119.59000000000002,123.44662177649265,3.224869785511021,22.7228066979477,28.547356037379085,23.95285289223783,28.54735603737909
2025-09-18,11,52,131.09999999999997,132.032647049018,0.711401257832223,30.817645616661732,38.76218516281543,36.12793950578096,38.762185162815435
2025-09-18,12,52,139.89,145.9916428636888,4.3617434153183385,30.16440451942556,36.005598520042994,36.62389846846283,36.005598520043
2025-09-18,13,52,130.37,131.21061356193002,0.6447906434992813,27.55396389669425,36.282468472383066,32.90368705831763,36.28246847238308
2025-09-18,14,52,107.5,94.78854302366481,11.824611140776916,28.175499609424374,30.38512327556421,32.031583506340134,30.385123275564215
2025-09-18,15,52,69.05,50.541693511612834,26.8042092518279,32.210071570776904,32.24286655066107,32.1693972260427,32.24286655066108
2025-09-18,16,52,44.269999999999996,36.058902451107954,18.547769480216946,40.60150591640092,36.30258043566899,38.08801283803372,36.302580435669
2025-09-18,17,52,27.639999999999997,10.65081838778003,61.465924790955015,63.90551534641086,51.42323138056306,49.21859372270184,51.42323138056307
2025-09-18,18,12,13.51,0.49899322437929783,96.30648982694821,96.39531292095263,70.92110125979289,77.33939982556191,70.92110125979289
2025-09-18,19,6,13.42,0.292210100314729,97.82257749392899,97.822577493929,97.22508619583854,98.21202654661435,97.22508619583853
2025-09-19,6,7,13.43,0.39536825243002205,97.0560815157854,98.29623815757715,201.32183747539932,289.3950377740066,201.32183747539935
2025-09-19,7,22,13.919999999999998,2.0447429026438027,85.3107550097428,90.25834257483655,133.6111326269995,103.8559293198045,133.61113262699953
2025-09-19,8,41,16.76,11.90730006138413,28.954056912982516,92.92290618312119,304.6480272496781,284.39321614006434,304.6480272496781
2025-09-19,9,51,24.970000000000002,21.706756767246755,13.06865531739386,80.26233234336806,146.01104186574332,133.62860433163493,146.01104186574338
2025-09-19,10,52,32.230000000000004,25.530465124189586,20.786642493982058,62.109194866724806,80.6623977466902,83.73358065970137,80.6623977466902
2025-09-19,11,51,32.68000000000001,26.1129813335086,20.09491636013282,54.234127669603815,69.24324076117446,67.226760379505,69.24324076117446
2025-09-19,12,51,31.389999999999997,23.33819584723996,25.650857447467466,52.547310850939155,51.50251915342695,53.88908916620599,51.502519153426945
2025-09-19,13,49,23.81,15.267582853423585,35.877434466931604,68.6250332933027,80.6285874258289,96.86002623934482,80.62858742582888
2025-09-19,14,47,18.15,13.95688174300641,23.10257992833934,95.35733277411008,219.76831550938928,213.9109847815787,219.76831550938937
2025-09-19,15,42,16.34,6.218817562184939,61.941140990300255,82.05008910949529,72.21904919092283,102.28972013528563,72.21904919092283
2025-09-19,16,34,15.279999999999998,2.399246381812933,84.29812577347556,89.01355372685883,89.98476138537539,78.70438564458581,89.98476138537539
2025-09-19,17,27,13.869999999999997,1.0616617265619352,92.34562561959672,92.70969668641207,76.78078626289377,82.08725250267989,76.78078626289374
2025-09-19,18,7,13.43,0.3596897412354282,97.32174429459846,97.32174429459846,86.12516172936806,93.86493223049031,86.12516172936807
2025-09-19,19,7,13.43,0.3162216241991402,97.64540860611213,97.64540860611214,86.18437479548,94.08860311685035,86.18437479547997
2025-09-20,6,17,13.649999999999999,0.5624607236679008,95.87940861781757,96.49172977749699,53.25337182299064,56.45108187324212,53.25337182299064
2025-09-20,7,51,35.10000000000001,11.252094475358842,67.94275078245346,69.49545467457264,59.02461824162998,63.24770623817864,59.02461824162999
2025-09-20,8,52,82.82,46.06195422376023,44.383054547500315,44.74534942840391,41.498033789572204,43.20690782456551,41.498033789572204
2025-09-20,9,52,117.79,98.22965340771147,16.606118169868868,25.086174603732065,31.132697041289138,29.158902032408772,31.132697041289138
2025-09-20,10,52,147.96999999999997,125.00969499600644,15.5168649077472,25.09089225493953,28.978469811075175,26.41938688980119,28.978469811075172
2025-09-20,11,52,162.04000000000002,136.26941595094266,15.903841057181781,25.844842172751004,29.688716298793693,28.512926601512163,29.688716298793693
2025-09-20,12,52,158.70000000000002,134.06572456736004,15.522542805696268,27.166015127764194,34.06267886993125,31.62779250469898,34.06267886993125
2025-09-20,13,52,165.32999999999998,130.25691838236605,21.213985131333658,28.304078018127775,35.588182357047216,30.05105613166877,35.588182357047216
2025-09-20,14,52,140.3,112.15584326835855,20.059983415282577,31.624401157218852,41.89222092391244,37.47122919024953,41.892220923912454
2025-09-20,15,52,113.94,99.6263998282414,12.562401414567837,20.545065260813054,28.518751190895642,23.115544277563956,28.51875119089565
2025-09-20,16,52,78.35,69.36570948111385,11.466867286389459,18.46701408015773,24.254349584879094,20.24359779075382,24.25434958487909
2025-09-20,17,52,35.82,25.146227818019607,29.79835896700277,40.1138447350343,33.997520606956186,33.44872773580964,33.99752060695619
2025-09-20,18,21,13.729999999999999,1.0852910042577741,92.09547702652749,95.6901925518026,117.68815773417553,151.88737504668305,117.68815773417555
2025-09-20,19,7,13.43,0.34418794005462794,97.43717096012935,97.43717096012934,86.16581711020659,93.95185033626984,86.16581711020659
2025-09-21,6,29,14.25,0.7032215410647252,95.06511199252824,95.78887728935979,68.57175309335348,76.53395812214654,68.57175309335346
2025-09-21,7,52,37.92,15.449357046416424,59.258024666623356,60.26485665273877,48.35944874400484,51.27731418997564,48.35944874400484
2025-09-21,8,52,78.05,61.93675906668358,20.644767371321485,31.64747976026034,29.13832410427794,29.579774577680794,29.13832410427794
2025-09-21,9,52,90.14999999999999,93.22114440822969,3.4067048344200774,27.482372337793986,28.249597250463005,28.583101465490817,28.249597250462998
2025-09-21,10,52,121.75000000000001,86.7461224150118,28.75061813962071,31.85539194992432,31.270687267019476,29.460923243570797,31.270687267019472
2025-09-21,11,52,160.16999999999996,98.34511137603313,38.599543375143185,40.939702187320684,39.224871473632014,36.33997014968963,39.22487147363201
2025-09-21,12,52,133.46,98.4562817207601,26.227872230810657,40.55378780613192,45.035292924023956,38.06736263184823,45.03529292402395
2025-09-21,13,52,128.17000000000002,67.59657515750085,47.26022067761501,49.87429326772878,43.015840825086244,42.6145355296117,43.015840825086244
2025-09-21,14,52,112.65999999999998,54.18173810274902,51.90685416052811,53.598632630301935,48.63014166180789,46.31384292910318,48.63014166180789
2025-09-21,15,52,79.46,65.94844816006388,17.004218273264684,36.9963079573437,39.984613243458234,40.40997741016371,39.984613243458234
2025-09-21,16,52,71.16,43.14485606119014,39.36922981845118,47.453728028293796,49.32820993570883,49.31460163616389,49.32820993570883
2025-09-21,17,52,32.65,10.53447503964521,67.73514536096414,68.75103003480243,59.2370134213795,61.82516232929246,59.23701342137951
2025-09-21,18,11,13.73,0.6422391988541238,95.32236563106974,97.00102189926163,179.01437538690706,335.7462311938663,179.01437538690703
2025-09-21,19,8,13.66,0.33913105041611763,97.51734223707088,97.51734223707088,87.4663286126489,94.6499021971302,87.46632861264888
2025-09-22,6,12,13.54,0.44983978794179613,96.67769728255689,97.1022379101393,63.039544677889936,68.76970954408512,63.03954467788993
2025-09-22,7,50,26.55,6.061549737369535,77.16930419069855,78.8557564536842,64.93588177465506,70.49894551376754,64.93588177465504
2025-09-22,8,52,45.06,24.55198055038816,45.51269296407422,45.628415625011804,37.95298858124974,39.66635068534885,37.952988581249755
2025-09-22,9,52,61.49999999999999,33.197288528487874,46.020669059369304,46.57425547207848,42.89127948670644,43.17588908617537,42.89127948670644
2025-09-22,10,52,84.35,49.377877477209516,41.460726168097786,42.63469721372154,40.51568578491172,37.53435516812356,40.51568578491171
2025-09-22,11,52,90.42999999999999,64.32053975995271,28.87256467991517,29.867552438256872,27.43509097444304,27.797224413563036,27.435090974443035
2025-09-22,12,52,76.82,70.99439520027153,7.583448060047471,23.331479738624896,24.718266723990972,22.346865100984942,24.718266723990975
2025-09-22,13,52,76.58999999999999,50.868050076008394,33.583953419495494,44.9983453519422,33.68560701852115,39.58033563986207,33.685607018521154
2025-09-22,14,52,47.809999999999995,36.20728986370842,24.26837510205308,50.92821145834675,106.17760986844561,97.9180574985401,106.17760986844561
2025-09-22,15,50,28.330000000000002,11.63043895628621,58.946562102766656,62.56061926740472,49.86845068266417,46.91931010899707,49.86845068266417
2025-09-22,16,49,25.42,6.06629006206527,76.13575900053002,79.53842383923502,72.8292101885525,71.92941507861367,72.8292101885525
2025-09-22,17,40,15.599999999999998,2.1009126694220037,86.5326110934487,90.31418151162072,80.37439671060255,82.12276619069348,80.37439671060254
2025-09-22,18,7,13.43,0.3407612222502001,97.46268635703498,97.46268635703498,86.17474137063104,93.97070874839122,86.17474137063104
2025-09-22,19,6,13.42,0.3140101343841655,97.66013312679459,97.66013312679459,97.23006922152976,98.10497852702808,97.23006922152975
2025-09-23,6,6,13.42,0.2986751465995188,97.7744027824179,97.77440278241791,96.99580061429262,98.103642487835,96.9958006142926
2025-09-23,7,47,20.64,4.5699853990637855,77.85859787275298,79.1299292592207,63.6154473014083,66.95717034721716,63.6154473014083
2025-09-23,8,51,35.3,22.36455406890065,36.64432275098966,54.72775166430861,56.81294745071636,60.277901388087784,56.812947450716365
2025-09-23,9,52,44.33,36.302111823563564,18.1093800506123,39.836077347978346,45.132196911346675,41.21749247341524,45.13219691134668
2025-09-23,10,52,45.01999999999999,45.080822127709816,0.13510023924883754,45.33839464124606,48.5971590726895,52.58456257993582,48.59715907268949
2025-09-23,11,52,44.199999999999996,52.219610953647795,18.14391618472353,69.86318546397203,97.59613675412224,99.84675166616802,97.59613675412221
2025-09-23,12,52,71.44,56.501690611098915,20.910287498461763,49.61957803553991,59.47085109873991,61.506588932067196,59.470851098739914
2025-09-23,13,52,61.91000000000001,36.740866500235505,40.65439105114602,44.5651372944785,40.31539296662857,38.57848008063039,40.31539296662857
2025-09-23,14,52,80.66,33.627798887067705,58.309200487146406,64.27288727123417,58.939346900145885,59.882276409283676,58.939346900145864
2025-09-23,15,51,62.11000000000001,22.63820350231969,63.551435352890536,64.41159760139955,58.91657781193259,54.4313630028365,58.916577811932584
2025-09-23,16,51,47.50000000000001,12.222288170675322,74.26886700910458,76.09234720793155,69.3600408433727,67.48598266329658,69.3600408433727
2025-09-23,17,50,22.22,4.86401127561441,78.10976023575873,79.85545939812587,64.3478909369301,64.52787648264582,64.3478909369301
2025-09-23,18,7,13.43,0.3711432234229985,97.23646147860761,97.23646147860761,86.09160657650706,93.77310961215053,86.09160657650708
2025-09-23,19,6,13.42,0.3099372973125616,97.69048213627003,97.69048213627003,97.2412099031206,98.1278264718173,97.24120990312063
2025-09-24,6,6,13.42,0.29952556181686285,97.76806585829462,97.76806585829462,96.93056996603441,98.0854571661154,96.93056996603441
2025-09-24,7,39,17.259999999999998,2.6502716890614293,84.64500759524084,86.83953103779551,74.94236836531849,72.43538074430916,74.9423683653185
2025-09-24,8,49,25.43,14.053901152549976,44.734954177939535,60.699808641757436,150.12806448871987,113.33438825492817,150.1280644887199
2025-09-24,9,50,26.989999999999995,14.392196688703589,46.675818122624705,67.55068711712445,89.37838536695872,110.11665092600076,89.37838536695874
2025-09-24,10,52,36.169999999999995,23.006595097840687,36.39315704218775,49.0801858198194,35.59847621210855,50.99818521603889,35.59847621210855
2025-09-24,11,52,45.93999999999999,67.02704819064009,45.9012803453202,76.61827398905699,94.71496488988129,95.93608384216617,94.7149648898813
2025-09-24,12,52,46.09,47.37280251298735,2.783255615073433,63.08376492097906,71.29551121043687,71.82307511579863,71.29551121043689
2025-09-24,13,52,45.03000000000001,37.56045392218336,16.587932662262144,60.23727534072608,59.866039987359464,66.97393383779584,59.866039987359464
2025-09-24,14,51,39.93,44.409193098031864,11.217613568825104,65.51795891453696,93.06941455153446,119.46783136119325,93.06941455153445
2025-09-24,15,52,35.92,19.14318232053305,46.70606258203494,49.855259628363676,38.235673849271556,38.88977627864501,38.23567384927155
2025-09-24,16,52,27.750000000000004,15.945828404179803,42.53755530025297,66.0746933840698,55.23639319529094,61.652904478895785,55.23639319529094
2025-09-24,17,50,22.669999999999998,5.324634604670779,76.5124190354178,80.1561188485183,60.66575600147686,67.53553355675277,60.66575600147686
2025-09-24,18,19,13.69,0.43119203465653194,96.8503138447295,96.93796906751984,77.79782168148304,84.41660320234992,77.79782168148303
2025-09-24,19,8,13.440000000000001,0.33548526222370406,97.50382989416887,97.50382989416886,77.91244981464996,91.48677179844024,77.91244981464996
2025-09-25,6,12,13.5,0.4610951103004556,96.58448066444107,97.79824161668193,95.5620680203491,145.6902969233563,95.5620680203491
2025-09-25,7,51,28.630000000000006,10.307714468149767,63.99680590936164,65.78649054530644,52.59084177624304,55.24009199297591,52.59084177624303
2025-09-25,8,52,49.190000000000005,45.92072584354425,6.646217028777714,46.35874414236427,136.86911945969865,154.4192056156678,136.86911945969862
2025-09-25,9,52,72.17,77.17379095797835,6.933339279449013,46.91038795950057,56.01330582203533,67.6840058915109,56.013305822035335
2025-09-25,10,52,68.05999999999999,89.82231004048518,31.975183720959734,63.17666746425717,81.98327342077137,90.87350860251587,81.98327342077138
2025-09-25,11,52,72.89999999999999,110.88026294040772,52.09912611852913,64.75170870864162,168.00014824323594,189.0054421971738,168.00014824323594
2025-09-25,12,52,82.17999999999999,106.40381830275928,29.47653723869468,38.139644233028775,64.31401804789671,58.7860794713207,64.31401804789671
2025-09-25,13,52,86.39,100.74109104510698,16.611981763059365,33.18056743481368,45.50857086852203,45.36179477662308,45.508570868522014
2025-09-25,14,52,75.58,93.07900709167097,23.152959899008966,37.48218749188526,51.07140299913766,63.748528787795536,51.07140299913765
2025-09-25,15,52,50.529999999999994,62.24134439358198,23.1770124551395,54.401535506507706,103.33633113505336,126.01805218228033,103.33633113505336
2025-09-25,16,51,32.63999999999999,34.22864413439623,4.8671695294002255,73.2853068636539,223.36517293882417,215.5153540307296,223.36517293882417
2025-09-25,17,50,22.179999999999996,9.810179165890064,55.7701570518933,63.9943751635331,60.35355277638019,57.25528956576503,60.353552776380205
2025-09-25,18,8,13.46,0.4146661147976126,96.91927106391076,96.91927106391076,81.8528507192984,89.34270233965472,81.85285071929839
2025-09-25,19,7,13.43,0.3245986128015425,97.58303341175322,97.58303341175322,86.19841670133752,94.58971556396278,86.19841670133751
2025-09-26,6,7,13.43,0.31935622737601466,97.62206829950846,97.64100264539344,84.85817482430924,94.19576225399489,84.85817482430924
2025-09-26,7,47,18.83,7.6777440747196835,59.22600066532298,73.39656647142021,81.28380679362428,68.6206603606194,81.28380679362427
2025-09-26,8,51,35.07,28.135325411202718,19.773808351289656,45.26582260557291,50.57106710396385,44.81902928741118,50.571067103963856
2025-09-26,9,51,41.44,57.55454816533984,38.88645792794364,67.65211842613925,79.65020891746568,86.10491486528747,79.65020891746566
2025-09-26,10,52,51.35,86.24283785918315,67.95099875206067,76.28437861167285,90.10234846768486,103.04443555345013,90.10234846768488
2025-09-26,11,52,59.800000000000004,90.50409804694438,51.34464556345213,61.8194001576688,79.49363124862505,72.87660981478776,79.49363124862505
2025-09-26,12,52,64.85,87.75021035410172,35.312583429609454,47.71909304610765,61.308231123339986,59.118935260642125,61.30823112333999
2025-09-26,13,52,66.84,60.52774704642433,9.443825484104835,29.703830068994268,37.77836959459796,32.49410676729934,37.778369594597955
2025-09-26,14,52,58.33999999999999,44.27187035955032,24.114037779310372,27.80820559398463,25.15478397512389,24.888815674297547,25.154783975123888
2025-09-26,15,52,53.779999999999994,24.83370001988327,53.82354031260083,53.82354031260084,47.21013034390611,46.99785916770347,47.2101303439061
2025-09-26,16,51,31.99,6.336149043452792,80.19334465941608,80.19334465941608,76.51475910271557,78.57414491232313,76.51475910271556
2025-09-26,17,50,24.27,3.4697867064549284,85.70339222721496,86.93517838594407,82.78786212680937,83.40410675571836,82.78786212680936
2025-09-26,18,8,13.440000000000001,0.3874547886845598,97.11715186990655,97.11715186990654,77.81296281195745,90.59737764018287,77.81296281195745
2025-09-26,19,7,13.43,0.34095646423638376,97.46123258200757,97.46123258200757,86.1412233719733,94.49521552114739,86.14122337197328
2025-09-27,6,7,13.43,0.3145552127693837,97.65781673291599,97.65781673291599,83.33951032189636,93.74109766024164,83.33951032189636
2025-09-27,7,49,22.79,3.974960212269275,82.55831411904663,83.90865844105141,75.89833729057601,73.4270783494268,75.89833729057601
2025-09-27,8,52,32.629999999999995,19.55867113459667,40.05923648606598,48.11533336716395,41.49998087549682,39.90357533866978,41.49998087549681
2025-09-27,9,52,42.029999999999994,24.440123958444598,41.850763839056384,46.70607533485318,62.09267550173748,56.14105152231746,62.09267550173749
2025-09-27,10,52,45.07,20.40581564522932,54.72417207626066,55.92523816685859,58.75003293673306,59.38341468155455,58.750032936733064
2025-09-27,11,52,38.97,25.600653585187363,34.30676524201344,63.203383632464075,103.46209280164163,91.75824876973469,103.46209280164166
2025-09-27,12,52,32.18000000000001,35.895514926251806,11.5460376825724,61.033435194103994,125.28462574828139,110.68847771148104,125.2846257482814
2025-09-27,13,52,27.48,36.68670613488102,33.50329743406485,99.4873930534901,238.4730871287885,209.14412810770528,238.4730871287885
2025-09-27,14,51,36.67000000000001,31.70632336800534,13.53606935368058,53.49997413917153,75.00541786055128,80.94211811111323,75.00541786055128
2025-09-27,15,52,32.77,14.095818977108582,56.98559970366621,63.7897148525419,53.47434936902917,54.79218687885145,53.474349369029156
2025-09-27,16,51,24.82,5.465850087972,77.9780415472522,78.84291046349244,72.18202920067654,69.71900996141717,72.18202920067655
2025-09-27,17,40,15.139999999999999,1.63454119341286,89.20382302897714,90.47195874253691,79.23542746447731,82.30373438477756,79.23542746447731
2025-09-27,18,7,13.43,0.3508162602627111,97.38781637927988,97.38781637927988,86.14881295904642,93.91683340412507,86.14881295904642
2025-09-27,19,6,13.42,0.3150411791057534,97.65245023021049,97.65245023021049,97.19183130101582,98.09122446465217,97.1918313010158
2025-09-28,6,6,13.42,0.31159253431721595,97.67814803042313,97.67814803042313,96.98265398919078,98.04185905123296,96.98265398919078
2025-09-28,7,47,19.88,3.4014763530895418,82.88995798244697,85.0721892062338,75.52894551865438,76.34883817362,75.52894551865437
2025-09-28,8,52,35.230000000000004,22.31307130370767,36.664571945195384,51.62600189689308,45.47005373181031,48.359638380827796,45.470053731810324
2025-09-28,9,52,61.61,19.677808368268078,68.06069084845305,68.22442848994679,62.275846419928115,63.0615410922917,62.275846419928136
2025-09-28,10,52,67.76,22.359844777127304,67.00140971498331,67.00140971498331,62.74522742180248,65.38943144165724,62.74522742180248
2025-09-28,11,52,72.53999999999999,50.41439391246855,30.501249086754136,44.97121702781122,42.680951676708645,45.332663804586915,42.680951676708645
2025-09-28,12,52,68.86,51.73311982783123,24.872030456242765,39.34092726853689,38.185937904710215,40.589890825833905,38.18593790471021
2025-09-28,13,52,82.7,63.71158981518318,22.9605927265016,45.63837367147671,44.7557438430089,47.97232561820207,44.75574384300889
2025-09-28,14,52,64.72999999999999,40.321228146680376,37.70859238887628,50.823880113069194,56.32765085016228,54.39727897838931,56.32765085016229
2025-09-28,15,52,51.33,57.4749171291214,11.971395147323987,50.35028680366926,86.30174132794475,109.18071236475708,86.30174132794474
2025-09-28,16,51,30.220000000000002,29.16941127613895,3.476468311916128,65.93345971212618,91.82481837591641,93.80238839684178,91.8248183759164
2025-09-28,17,42,15.84,4.882255742123531,69.17767839568477,82.84161783088895,73.29391012544019,79.03730099293588,73.2939101254402
2025-09-28,18,7,13.43,0.4012658664858016,97.01216778491585,97.01216778491585,86.01472603715182,94.27761386128812,86.01472603715182
2025-09-28,19,7,13.43,0.3330742744502882,97.51992349627484,97.51992349627483,86.10188134934224,94.6503363527853,86.10188134934222
2025-09-29,6,7,13.43,0.3343607007500709,97.51034474497341,97.5596651194255,87.70771729612886,95.13572274123871,87.70771729612886
2025-09-29,7,47,20.799999999999997,3.9404453906463845,81.05555100650777,83.35697799743257,80.0660483600432,79.26883662324073,80.06604836004318
2025-09-29,8,51,36.730000000000004,16.707306110228604,54.51318782948924,55.84944547539281,40.704955233948375,45.93461979557213,40.70495523394838
2025-09-29,9,51,44.370000000000005,24.77125434954325,44.17116441392102,46.76846603341382,42.92760676763107,40.79663398388559,42.927606767631076
2025-09-29,10,51,57.92,39.816535989090056,31.255980681819658,39.18179043851856,33.558916003536,36.27743264164043,33.558916003536005
2025-09-29,11,51,78.91000000000001,46.623977846131005,40.91499449229376,43.55093574380176,31.46476935517984,37.95404860387846,31.464769355179843
2025-09-29,12,51,104.65,63.555319215808645,39.268686845858916,43.21936613327378,38.677886590136865,38.765231763589384,38.67788659013687
2025-09-29,13,51,92.17999999999998,72.29428844346275,21.57269641629121,41.62292458637195,43.08772657789332,44.329389029600904,43.08772657789332
2025-09-29,14,51,93.38,41.63994485463979,55.40806933536111,55.4080693353611,54.28471805476905,50.91567526509152,54.28471805476906
2025-09-29,15,51,69.36000000000001,64.24218488669382,7.378626172586782,23.24388527614199,27.72725088571101,22.954816318681797,27.72725088571101
2025-09-29,16,51,51.9,39.3464886439153,24.187883152378994,38.3449013879722,35.497190423077,36.133560699238515,35.497190423077
2025-09-29,17,50,25.06,9.960834009399596,60.252059020751815,61.54726564209706,46.87435466160283,47.85294833135373,46.87435466160283
2025-09-29,18,6,12.969999999999999,0.5271620044269532,95.93552810773359,95.9355281077336,89.96828694792596,94.59310811652841,89.96828694792595
2025-09-29,19,5,12.95,0.33152353935177103,97.4399726690983,97.4399726690983,96.62366689259147,97.84185729160019,96.62366689259147
2025-09-30,6,5,12.95,0.3309083386567441,97.44472325361588,97.44472325361588,96.37421164526756,97.77413310584049,96.37421164526756
2025-09-30,7,50,24.310000000000002,11.840289565696894,51.294571922267,63.65832603437012,61.58709046412979,54.34851573254292,61.58709046412979
2025-09-30,8,50,69.44,58.24074673579879,16.127956889690683,20.968120855270243,33.257529993721526,22.18417135574524,33.257529993721526
2025-09-30,9,51,108.73,98.23627690917334,9.651175472111342,12.31831549628172,16.771588163858365,12.470442228113301,16.771588163858368
2025-09-30,10,51,140.05,128.10544842931506,8.528776558861086,14.600472308658679,19.67511785528844,15.730915280027938,19.675117855288438
2025-09-30,11,51,158.07,136.72881547195783,13.501097316405493,18.801362114744915,23.53466078023442,20.261540823542354,23.534660780234425
2025-09-30,12,51,157.33,142.6530703525364,9.328754622426507,22.90860704426249,31.67921962349204,27.677464289425778,31.67921962349204
2025-09-30,13,51,146.07,133.88570580752148,8.341407676099486,19.587285490175873,26.807896237266448,22.822675994068963,26.807896237266455
2025-09-30,14,51,135.4,113.4892471872354,16.182239891258934,20.687804834263414,25.085758704145167,20.81558060842275,25.085758704145167
2025-09-30,15,51,103.22999999999999,87.58151484822051,15.15885416233603,17.782533965473466,23.492727224175653,18.731697367644887,23.49272722417565
2025-09-30,16,51,62.61999999999999,54.40194395724295,13.123692179426769,21.493137196683914,24.777814422761217,22.33134033308429,24.777814422761214
2025-09-30,17,51,24.229999999999997,15.812199957175439,34.741230057055546,45.057897880423724,37.12851454678556,35.30221249756086,37.12851454678556
2025-09-30,18,3,10.379999999999999,0.5354947808746856,94.84109074301844,94.84109074301844,96.74201271480777,96.22597634390992,96.74201271480779
2025-09-30,19,3,10.379999999999999,0.3195778841048509,96.92121498935596,96.92121498935596,98.03314501331522,97.80838816191549,98.03314501331522
2025-10-01,6,10,10.49,0.3807130877929148,96.37070459682636,97.12470475079171,58.98548509790287,73.57804942987994,58.98548509790287
2025-10-01,7,50,36.77,12.872589901522517,64.99159667793714,65.55234617080204,58.70599657019751,62.52240214895861,58.70599657019752
2025-10-01,8,50,52.220000000000006,56.552352178913786,8.296346570114476,45.78116144788327,47.792964162421534,52.017483202939005,47.79296416242154
2025-10-01,9,50,57.7,90.80587894561107,57.37587338927395,67.95540678739067,123.78540889296093,107.07171232683868,123.78540889296093
2025-10-01,10,50,48.800000000000004,111.82972526808781,129.15927309034385,135.04773162681897,162.70246150045682,156.94683296564523,162.70246150045685
2025-10-01,11,50,82.02,104.50650430855583,27.41587943008515,53.763387016167755,72.89771516390127,77.82929885154107,72.89771516390125
2025-10-01,12,50,115.24999999999997,98.73294848429633,14.331498061348066,29.10717007951085,32.356709388223166,31.533241038996717,32.35670938822316
2025-10-01,13,50,115.51,90.83282223345688,21.363672207205546,36.961377070212095,31.575766072735345,36.2687313874135,31.575766072735345
2025-10-01,14,50,92.29999999999998,68.47249172805931,25.815285235038655,32.63040275791902,28.334937171973422,31.77028513333542,28.33493717197342
2025-10-01,15,50,47.410000000000004,62.59186053879947,32.02248584433552,54.57854087085079,74.24272651949993,69.48000252806473,74.24272651949993
2025-10-01,16,49,20.68,27.06419518048257,30.871350002333514,102.63870357319603,168.1306330509685,168.70811870826543,168.13063305096847
2025-10-01,17,48,16.47,4.155350618538078,74.77018446546401,78.0543745263944,71.85711826885668,73.1144836385828,71.85711826885667
2025-10-01,18,4,10.39,0.38184960147713753,96.32483540445489,96.32483540445487,78.30793211557159,93.44347899521706,78.30793211557159
2025-10-01,19,4,10.39,0.30834426510470087,97.03229773720211,97.03229773720211,77.46668257079016,93.68274857696457,77.46668257079017
2025-10-02,6,4,10.39,0.25079135228400007,97.58622375087583,97.60148851123027,75.7002093448576,93.65291037280701,75.7002093448576
2025-10-02,7,12,10.77,1.6228615499662533,84.93164763262533,86.74370312191772,87.38086105987189,65.99970084726478,87.3808610598719
2025-10-02,8,39,13.089999999999998,6.490135192739806,50.41913527318711,84.09112029983791,260.9415767344346,207.3894770589479,260.94157673443453
2025-10-02,9,41,14.41,8.630533891703273,40.10732899581351,75.8169731760984,141.11635379252448,117.9576925549419,141.1163537925245
2025-10-02,10,37,14.649999999999999,7.566214347826356,48.35348568036616,76.08367906259666,143.49522665352032,176.42173595555585,143.49522665352032
2025-10-02,11,41,14.389999999999997,12.473301192897164,13.319658145259439,93.3793207796295,347.6079530468757,537.4770080338596,347.6079530468756
2025-10-02,12,46,16.31,14.3178320068824,12.214396033829548,91.79683193174317,235.33056541064673,289.58137536269214,235.3305654106467
2025-10-02,13,45,19.03,13.260886465167061,30.31588825450835,64.20905895294693,92.74763820805838,81.45008676067663,92.74763820805836
2025-10-02,14,49,24.68,13.895006484184727,43.69932542874908,65.6530662917799,69.21468450951502,78.92433512077449,69.21468450951501
2025-10-02,15,49,22.22,5.349980057407226,75.92268200986847,77.2429249504926,62.174074250304045,65.58666066795755,62.17407425030405
2025-10-02,16,47,18.549999999999997,2.9537803724116682,84.07665567433062,86.19521048354292,78.07509355776487,78.47922161970561,78.0750935577649
2025-10-02,17,25,11.129999999999997,2.824708690429552,74.62076648311275,80.7837742656268,82.17308081771424,80.76515594182052,82.17308081771425
2025-10-02,18,3,10.379999999999999,0.3760591080306214,96.37707988409807,96.37707988409807,97.73061522417068,97.42780595958756,97.73061522417068
2025-10-02,19,3,10.379999999999999,0.29409511019016604,97.1667137746612,97.16671377466123,98.1674709920355,97.98017190110471,98.16747099203549
2025-10-03,6,3,10.379999999999999,0.24127123990296453,97.67561425912365,97.67561425912365,98.18720033697365,98.30342112314864,98.18720033697365
2025-10-03,7,44,16.110000000000003,5.02501527495617,68.80809885191702,78.98616513901246,73.74852068178241,85.21428502433157,73.7485206817824
2025-10-03,8,50,27.080000000000002,18.92720106309816,30.106347625191436,57.493093686001195,67.48325351867032,67.8562194161651,67.48325351867032
2025-10-03,9,51,50.400000000000006,34.96466573582677,30.62566322256594,50.60035320656486,41.47154881001593,48.297817565512815,41.47154881001594
2025-10-03,10,51,56.12,56.4643614378228,0.6136162470114128,46.5204939262863,43.71203924236044,54.76002389771708,43.71203924236044
2025-10-03,11,51,71.06,65.90761737993395,7.250749535696664,34.839905784710794,36.63909773263968,41.60595828615363,36.63909773263968
2025-10-03,12,51,71.28999999999999,75.93230257619929,6.511856608499508,48.283362358318485,50.22436641395647,61.21299291025991,50.224366413956474
2025-10-03,13,51,62.410000000000004,81.67196748405033,30.8635915463072,66.01223749026931,74.89314708322061,78.14770123805431,74.89314708322061
2025-10-03,14,51,62.68999999999999,68.96984771867947,10.017303746497824,56.06993240631465,68.03487542055584,76.5974896843278,68.03487542055582
2025-10-03,15,51,50.35000000000001,34.12295678137962,32.22848702804446,51.17113079899842,48.224779652616064,48.568222656559705,48.22477965261605
2025-10-03,16,51,31.00999999999999,15.142511441012322,51.16894085452329,59.0192164519629,46.87301283218071,53.75419135165544,46.873012832180706
2025-10-03,17,44,16.34,3.413065128452627,79.11220851620179,82.9701776278153,72.39195604810948,79.00191379763868,72.39195604810949
2025-10-03,18,4,10.39,0.395970731011087,96.1889246293447,96.18892462934467,78.24420860684431,93.2027400121774,78.24420860684431
2025-10-03,19,4,10.39,0.31323330268533783,96.9852425150593,96.9852425150593,78.6024224359918,93.7336735507724,78.60242243599178
2025-10-04,6,6,10.469999999999999,0.2549569011872049,97.56488155504103,97.56488155504104,81.34101628665987,93.53004383082528,81.34101628665987
2025-10-04,7,47,18.779999999999998,4.10753797413148,78.12812580334675,79.90980432601988,72.31494156618263,73.95881760658392,72.31494156618261
2025-10-04,8,51,39.269999999999996,18.498997934645317,52.89279874039898,54.49701567382855,47.37064342121883,51.14770022434678,47.37064342121882
2025-10-04,9,51,51.910000000000004,31.85374134555024,38.63659921874352,47.39214774879423,43.855634120333946,46.250171606696085,43.85563412033395
2025-10-04,10,50,65.98,41.40714010055568,37.24289163298624,44.68636252203167,46.32038208457693,44.01602356001852,46.320382084576934
2025-10-04,11,50,57.21999999999999,40.19786422773532,29.748577022482824,40.135122617409834,39.04657601483643,40.17197431871605,39.04657601483643
2025-10-04,12,50,39.58,37.42120472818988,5.454257887342397,54.438256001955246,75.9467272648426,75.97801359868839,75.94672726484261
2025-10-04,13,50,29.65,26.034558688896986,12.193731234748778,68.71380698716449,87.01701057782944,90.03635014037125,87.01701057782941
2025-10-04,14,48,33.45,16.64110202763298,50.250816060887956,54.71416236488336,39.345062897491474,46.57521475812935,39.34506289749148
2025-10-04,15,49,21.6,11.413977317945788,47.157512416917655,53.98853620769116,34.94172965869692,43.869458086536135,34.94172965869692
2025-10-04,16,46,16.09,3.908544052234778,75.70824081892617,78.9487409994011,64.84204699437394,65.53798155516556,64.84204699437394
2025-10-04,17,32,11.869999999999997,1.5141660987479548,87.24375653961285,87.39798437402312,70.0660285306136,68.32900258347762,70.06602853061361
2025-10-04,18,5,10.61,0.4888829426834232,95.39224370703654,95.39224370703654,78.53156141098361,77.52040643386056,78.53156141098361
2025-10-04,19,5,10.61,0.42526359529257474,95.99186055332163,95.99186055332164,78.30687932325672,77.66436000115785,78.30687932325671
2025-10-05,6,6,10.62,0.46612342042543164,95.61089057979821,96.99832383616898,184.14789927631722,217.74195815396826,184.1478992763172
2025-10-05,7,44,20.17,4.237145547513379,78.99283318039971,79.61849814602667,68.07317466364536,72.3456849579526,68.07317466364537
2025-10-05,8,49,29.79,20.620667938492574,30.779899501535503,37.06980521263351,30.29453843886369,28.204867457305262,30.29453843886369
2025-10-05,9,49,39.25,33.16147256162412,15.512171817518158,33.06771824817808,27.47093464569997,32.83696479459903,27.470934645699966
2025-10-05,10,49,49.87,45.82303715407475,8.115024756216664,36.79281123635087,42.85648531622333,46.651869231813535,42.85648531622332
2025-10-05,11,49,62.92999999999999,50.234411407112006,20.174143640375,39.22947001382554,36.29174276106221,39.10172001816263,36.2917427610622
2025-10-05,12,50,72.88,33.42621538660233,54.135269776890325,58.747094701973836,47.69078542775253,52.42474282554554,47.690785427752544
2025-10-05,13,50,61.44,44.71059967708616,27.228841671409242,55.2181128471038,65.00189544457255,73.19774766618437,65.00189544457254
2025-10-05,14,50,62.050000000000004,54.696645175702116,11.85069270636243,47.96249461242969,78.84662363021167,82.29709183810242,78.84662363021167
2025-10-05,15,50,53.82,36.14886982156953,32.833761015292595,48.93410101756668,47.6628723468952,49.27207169189795,47.6628723468952
2025-10-05,16,50,35.53,17.76003889651825,50.01396313954898,51.76575889566146,51.82020444181551,47.45060517735556,51.82020444181551
2025-10-05,17,48,16.86,5.498427972383995,67.38773444612103,69.6604649947221,58.6524626236051,57.31955181050397,58.65246262360511
2025-10-05,18,6,10.88,0.8286843895869205,92.38341553688493,93.64855529343242,173.34699336227882,202.0827035233993,173.34699336227882
2025-10-05,19,6,10.88,0.7246684672434622,93.33944423489464,94.4366669927524,158.37251407058318,183.32997857085033,158.37251407058318
2025-10-06,6,6,10.88,0.6928933360819839,93.63149507277589,94.97048870549604,179.13115329251247,209.59845731549268,179.13115329251244
2025-10-06,7,47,18.450000000000003,7.75475314251495,57.96881765574553,68.04306957835124,73.6078953656164,62.647197464595195,73.6078953656164
2025-10-06,8,50,27.160000000000004,28.176164444319923,3.7414007522824715,60.63003476205843,68.30632824568573,92.00321211288184,68.30632824568573
2025-10-06,9,50,47.14,38.32864254371601,18.691891082486194,40.676800021607995,36.00720852772596,38.72814194504039,36.00720852772596
2025-10-06,10,50,65.63,47.105653192936984,28.22542557833767,46.77588972695227,44.830784381218606,46.079445340540744,44.8307843812186
2025-10-06,11,50,92.83,57.52199188922127,38.03512669479557,52.057664517967424,48.945323634260276,59.56011186322432,48.945323634260276
2025-10-06,12,50,94.98000000000002,90.4456454866662,4.774009805573619,27.16971987258151,33.79345982417945,45.16869463446576,33.79345982417946
2025-10-06,13,51,94.51,100.16653565027516,5.985118664982711,25.241888222788234,36.8770321865476,47.79406599621807,36.8770321865476
2025-10-06,14,51,85.0,78.01503330774356,8.217607873242864,27.862740389472158,29.11789939179441,37.82323810269061,29.1178993917944
2025-10-06,15,51,65.27,51.97555227335915,20.368389346776233,41.7752149032933,41.35045250866222,40.61788514672171,41.35045250866222
2025-10-06,16,51,39.82,17.625117773831967,55.73802668550486,57.920927072907325,44.84491918113566,48.4658711505168,44.84491918113565
2025-10-06,17,43,16.47,3.4857382960026557,78.83583305402152,80.16456989406561,70.43443349573676,66.27612764597072,70.43443349573676
2025-10-06,18,8,11.959999999999999,0.7455369030801288,93.76641385384508,93.7664138538451,61.51445678576361,71.99944446876638,61.51445678576361
2025-10-06,19,8,11.959999999999999,0.6858353548389897,94.26559067860377,94.26559067860377,61.627822119533974,72.21538355628027,61.627822119533974
2025-10-07,6,8,11.959999999999999,0.6317964756621685,94.71742077205545,94.76240418539629,59.35125397703278,70.98876504755316,59.35125397703278
2025-10-07,7,48,19.59,7.252281564305739,62.97967552677009,72.92098803271743,67.21926157293719,72.2502297715135,67.21926157293719
2025-10-07,8,51,36.940000000000005,30.9315996395474,16.26529604887007,49.65588219344664,47.11455174276166,61.231089715689855,47.11455174276165
2025-10-07,9,51,52.29,59.112964699769705,13.048316503671268,40.43985182291788,39.29286761844893,49.24301997411128,39.292867618448916
2025-10-07,10,51,64.94,66.67986509449932,2.679188627193289,32.37510120395515,31.051300820953365,36.29657311419482,31.051300820953372
2025-10-07,11,51,82.28000000000002,95.55241763850334,16.13079440751498,29.24501256755233,38.32888846221408,47.168943990515544,38.328888462214074
2025-10-07,12,51,105.58,97.93781611851703,7.2382874422077705,23.687029352642597,31.164682548495428,40.51560385391394,31.164682548495424
2025-10-07,13,51,109.03,85.34561750085894,21.722812527874037,27.38687696388759,30.613224756126534,38.3810527799248,30.613224756126527
2025-10-07,14,51,86.38,64.20229420549397,25.674584156640456,35.58976739628711,41.67359116433335,46.55149369552804,41.67359116433335
2025-10-07,15,50,56.74,43.74033526155095,22.91093538676251,41.49118411502542,39.73997466474088,41.669365600792425,39.73997466474087
2025-10-07,16,50,37.870000000000005,22.659299354067983,40.16556811706369,49.56983763474078,44.35477296762373,43.76301167246899,44.35477296762373
2025-10-07,17,47,16.390000000000004,4.6689622249544005,71.51334823090666,74.60220584893554,61.88930393214712,60.6342213311021,61.88930393214712
2025-10-07,18,6,10.9,0.7240536456289547,93.35730600340409,93.35730600340409,70.96491719182788,73.99737507565085,70.9649171918279
2025-10-07,19,5,10.870000000000001,0.652431376063101,93.99787142536246,93.99787142536245,70.65501711320437,74.27582311520841,70.65501711320437
2025-10-08,6,6,10.89,0.679245282928717,93.7626695782487,94.85222826410794,107.78470262294707,120.18192166507255,107.78470262294707
2025-10-08,7,47,18.15,5.756582194870286,68.28329369217472,70.25429629303625,61.86552684563279,57.74515065209251,61.86552684563278
2025-10-08,8,50,40.879999999999995,27.868461940843847,31.828615604589405,37.31318933780696,39.018002970356,35.042674221086486,39.01800297035601
2025-10-08,9,51,52.269999999999996,55.09436868953211,5.403422019384188,31.72415908119198,33.11460463865657,37.59209183913431,33.11460463865658
2025-10-08,10,51,71.92,69.18516887208288,3.8026016795288076,33.039215727102096,46.933800585759954,45.33879589064125,46.93380058575995
2025-10-08,11,52,68.17,63.57496265429363,6.740556470157507,29.73236889680491,44.950804619652615,51.3173936235675,44.95080461965261
2025-10-08,12,52,54.830000000000005,69.0552816616761,25.944340072362028,63.95534812529712,160.36106319700124,146.3207096355438,160.36106319700124
2025-10-08,13,52,42.4,50.08571098940444,18.126676861802927,69.91643588825018,118.39193624891035,158.99259935593045,118.3919362489104
2025-10-08,14,52,49.599999999999994,37.5764681954176,24.24099154149677,52.768435789388526,59.864999175654965,65.69966293746059,59.864999175654965
2025-10-08,15,52,32.67,41.91772537780612,28.306474985632445,65.15007252243088,101.12861785445504,89.09387359697844,101.12861785445509
2025-10-08,16,51,23.31,23.517356128816626,0.8895586821820141,75.47469813907679,100.68744383634822,114.80291946441919,100.68744383634821
2025-10-08,17,40,13.129999999999999,5.111150007983135,61.07273413569585,77.23367606392108,102.36936122958666,143.7636927084298,102.36936122958669
2025-10-08,18,7,10.89,0.7667056596314817,92.95954398869164,92.9595439886916,55.97581174289429,70.39744206947348,55.975811742894294
2025-10-08,19,7,10.89,0.6913848936351151,93.65119473245991,93.6511947324599,56.13373803616742,70.68422601184852,56.13373803616743
2025-10-09,6,7,10.89,0.6589370121938788,93.94915507627292,94.0714742005973,58.78487753319911,69.82994439003643,58.78487753319912
2025-10-09,7,52,27.629999999999995,9.519328512761533,65.54712807541972,66.25381079631228,55.683757259050026,57.78392080750317,55.68375725905002
2025-10-09,8,52,54.65999999999999,49.24418724787322,9.908182861556476,36.92330505595615,40.19968411081841,44.968120151960335,40.1996841108184
2025-10-09,9,52,83.38000000000001,82.47988962581441,1.0795279133912226,35.79317874050006,40.59564335121164,50.07656296659606,40.59564335121165
2025-10-09,10,52,128.23,108.54839995961535,15.348670389444466,20.61024986492284,26.949369657665166,28.579734634470256,26.949369657665162
2025-10-09,11,52,146.07999999999998,124.43055066549108,14.820269259658339,18.582000942584976,28.60562652147511,40.62847310824554,28.605626521475113
2025-10-09,12,52,147.97000000000003,129.8575125658691,12.240648397736662,17.18109572176266,27.793746191117247,40.596030576580695,27.793746191117254
2025-10-09,13,52,140.76,122.58961786696351,12.908768210455019,16.91841033349291,26.372473093427367,35.95423400413888,26.37247309342737
2025-10-09,14,52,122.36,102.95920166861616,15.855506972363386,18.05634529065309,26.260312767066363,34.859222890107866,26.260312767066356
2025-10-09,15,52,91.96,74.91220267157175,18.538274606816273,19.69302028188844,24.9267727098231,24.55712263261001,24.9267727098231
2025-10-09,16,52,52.300000000000004,40.05621877915259,23.41067155037747,27.522331182923942,27.347152329539625,25.064375792112376,27.347152329539632
2025-10-09,17,51,18.289999999999996,8.416123935316554,53.985106969291664,59.815005263191544,43.63836734841267,45.51018420792267,43.638367348412665
2025-10-09,18,5,10.870000000000001,0.8141202976511593,92.5103928458955,92.51039284589548,70.13720272878959,73.60588248931825,70.1372027287896
2025-10-09,19,5,10.870000000000001,0.6699889872121179,93.83634786373396,93.83634786373396,70.56717893563453,74.18324003114304,70.56717893563453
2025-10-10,6,6,10.88,0.6719797581913206,93.82371545780038,95.1706237943649,180.09553353515145,210.78340015907978,180.09553353515142
2025-10-10,7,51,26.53,8.389717080782546,68.37649046067642,68.53222329079544,54.23573358180357,59.93308245398661,54.23573358180358
2025-10-10,8,52,58.16000000000001,44.62811558778674,23.26665132773946,34.121247545232784,44.60960378377228,42.980984688146265,44.60960378377229
2025-10-10,9,52,76.57000000000001,70.92912442476008,7.366952560062598,27.965519921819304,38.045858908693084,40.674528871455266,38.04585890869308
2025-10-10,10,52,88.88000000000001,91.99311321823419,3.5026026307765252,26.770462438507174,36.66036162859016,36.411417530597326,36.66036162859017
2025-10-10,11,52,91.91000000000001,96.68167859147364,5.191685987894277,31.942871421822765,38.5125863636414,49.252265279649116,38.51258636364141
2025-10-10,12,52,91.83,67.29473552207443,26.718136205951833,32.30032500865369,35.93592600604802,37.721622005681596,35.935926006048014
2025-10-10,13,51,82.75000000000001,67.53779134070089,18.383333727249692,38.204703109298364,37.62757769986332,52.82063795434892,37.62757769986332
2025-10-10,14,52,80.27999999999999,64.6142478978792,19.513891507375178,35.06129544787897,38.860924749191184,45.00593855918697,38.86092474919118
2025-10-10,15,52,62.13999999999999,57.71219525108554,7.125530654834977,34.12225673156801,32.928254304612956,43.26287758053193,32.928254304612956
2025-10-10,16,51,37.730000000000004,29.88523289137228,20.791855575477665,38.59850145705241,35.695814566216185,33.561678220758104,35.695814566216185
2025-10-10,17,48,16.38,6.62325896527731,59.5649635819456,65.3339082769216,48.07289704034639,47.81080469496561,48.07289704034639
2025-10-10,18,5,10.870000000000001,0.7240844508715728,93.33868950440136,93.33868950440134,70.46224188683865,73.98675203720799,70.46224188683865
2025-10-10,19,5,10.870000000000001,0.651557911548357,94.00590697747602,94.005906977476,70.66832530093072,74.28355207617014,70.66832530093072
2025-10-11,6,5,10.870000000000001,0.5991674599474657,94.48787985328919,94.48787985328919,70.02327866458745,73.6641373857192,70.02327866458745
2025-10-11,7,36,12.649999999999997,3.994563774935263,68.42242075149989,77.90768437503641,89.57741161092856,142.37451932671033,89.57741161092855
2025-10-11,8,50,21.2,21.843028413462964,3.033152893693229,64.1951339105637,93.42038897578323,84.99714511177908,93.42038897578321
2025-10-11,9,52,32.379999999999995,34.076213989615894,5.238461981519144,58.27783556581399,69.77099526711889,78.41810169056022,69.77099526711886
2025-10-11,10,52,45.81,39.86247826562498,12.98302059457547,34.89660455918747,35.77245696499923,36.15310763914618,35.772456964999236
2025-10-11,11,52,57.629999999999995,66.98395892417652,16.231058344918488,44.54631020375105,62.99050448848873,69.98437723886116,62.990504488488725
2025-10-11,12,52,57.48999999999999,48.7592309116567,15.18658738622941,45.325551114119804,55.86675992523722,52.46489851893982,55.86675992523722
2025-10-11,13,52,44.61999999999999,42.49826607244858,4.755118618447806,49.26720195249044,63.13722238479683,70.30267737850193,63.13722238479683
2025-10-11,14,52,31.86,41.33900235933044,29.75204758107484,81.60530948460564,126.81835920178062,131.10586915892026,126.81835920178061
2025-10-11,15,49,21.4,16.661620345529137,22.14196100220029,61.91209372696738,60.921032025968756,64.22709828112387,60.921032025968756
2025-10-11,16,45,14.589999999999998,5.346655056147551,63.35397494072959,73.35676319849401,61.565946897256666,66.14673007195724,61.56594689725668
2025-10-11,17,21,11.219999999999999,1.8622586541171082,83.40232928594378,85.13393330100992,67.65769631196186,66.71357847699568,67.65769631196187
2025-10-11,18,7,10.89,0.704748418769278,93.52848100303693,93.52848100303692,56.13557770695362,70.64261979830955,56.13557770695361
2025-10-11,19,7,10.89,0.6567810445401276,93.96895275904382,93.96895275904382,56.20138979057505,70.80813745258027,56.20138979057505
2025-10-12,6,7,10.89,0.618926325221839,94.31656267013922,94.32622900932736,51.51585593549838,69.26880988566452,51.51585593549838
2025-10-12,7,32,11.989999999999998,2.462564839580935,79.4615109292666,84.02511670472428,79.58971230693817,64.03773261293776,79.58971230693817
2025-10-12,8,45,15.52,9.293196789365075,40.12115470769926,72.82655594797332,111.6337883584284,98.61582673333798,111.63378835842842
2025-10-12,9,50,19.14,14.776724994101649,22.796630124860773,63.39002436645933,102.24528559140013,87.8093863709693,102.24528559140015
2025-10-12,10,51,25.21,17.119748691533744,32.09143716170669,53.537662801806505,40.740164979316404,44.08633508958694,40.740164979316404
2025-10-12,11,52,27.55,22.202388291252802,19.410568815779303,46.914259161203844,60.51007900299135,46.66210951527423,60.51007900299133
2025-10-12,12,52,25.080000000000002,26.79607307789868,6.842396642339224,69.19990492480413,110.55186606895214,107.54162376402046,110.55186606895214
2025-10-12,13,52,26.03,25.043712002883634,3.7890434003702156,54.6258815829189,47.74872373944961,52.36656925295715,47.748723739449616
2025-10-12,14,51,20.830000000000002,20.706655945391486,0.5921462055137603,77.65680018497974,114.78785605466419,135.51469669849416,114.78785605466419
2025-10-12,15,51,18.96,8.938557801506969,52.85570779795903,62.09400311978116,43.54617417455154,48.07231883551009,43.546174174551545
2025-10-12,16,47,14.429999999999996,3.2379664392385625,77.56087013694689,80.98395800357011,61.34859702465757,63.861875516978216,61.348597024657565
2025-10-12,17,10,10.95,1.4824818026582447,86.46135340038131,87.62148064097023,69.70050608258511,82.71495326395747,69.70050608258512
2025-10-12,18,6,10.879999999999999,0.670512666746746,93.83719975416595,93.83719975416595,62.23327293501356,72.47196742214749,62.23327293501358
2025-10-12,19,6,10.879999999999999,0.6558613149112167,93.97186291441896,93.97186291441896,61.80138559035887,72.40223118493313,61.80138559035887
2025-10-13,6,6,10.879999999999999,0.5950397804757841,94.53088437062699,94.5390611860194,59.176728711066815,71.4975116707164,59.17672871106682
2025-10-13,7,24,11.73,2.059501538419412,82.44244212771176,85.61502476812365,72.72102127847427,63.522307951389244,72.72102127847427
2025-10-13,8,45,15.299999999999999,7.335400616197571,52.05620512289168,70.86397825118611,89.91573799355021,83.68134393778969,89.9157379935502
2025-10-13,9,51,20.8,13.41109878399305,35.523563538494955,56.57315777560492,49.64272058162896,45.51973751809489,49.642720581628936
2025-10-13,10,52,27.78,16.920099234876957,39.092515353214694,49.233987394066126,44.35021826256636,40.50113798285185,44.35021826256637
2025-10-13,11,52,32.7,23.81973945722127,27.15676006965973,44.13889630072506,34.00441773995094,38.736323034080314,34.00441773995094
2025-10-13,12,52,28.18,36.67369050369309,30.14084635803083,78.70696338145578,101.68616590140604,99.77981511344652,101.68616590140604
2025-10-13,13,51,21.799999999999997,19.384865382499253,11.078599162847452,71.0008623824817,78.20720330277123,90.49966939508997,78.20720330277123
2025-10-13,14,48,18.78,14.245920813596138,24.143126658167535,67.89638692741075,74.61326123002138,76.59402282019859,74.61326123002138
2025-10-13,15,50,21.09,6.0977678099812085,71.08692361317587,72.99176343379949,55.35125689747116,56.30406636699671,55.35125689747116
2025-10-13,16,47,16.130000000000003,2.8330548325275253,82.43611387149706,83.78341156840283,73.8142117341203,80.7286099345655,73.8142117341203
2025-10-13,17,25,11.58,1.4368890947146467,87.59163130643657,88.40692855287575,79.48143270305732,75.56209552473419,79.48143270305731
2025-10-13,18,6,11.04,0.6607060071496543,94.0153441381372,94.01534413813721,74.81562444050326,74.97593597662616,74.81562444050327
2025-10-13,19,6,11.04,0.6544810405083676,94.07172970554015,94.07172970554015,74.81000657703292,74.99509605983002,74.81000657703292
2025-10-14,6,6,11.04,0.5185962324716707,95.30257035804645,95.30257035804645,73.9739044024665,74.37593041623697,73.9739044024665
2025-10-14,7,51,24.040000000000003,5.326975516720628,77.84120001364133,78.5263680229841,67.14571061449915,70.03560831910072,67.14571061449917
2025-10-14,8,53,64.19,37.325984243621136,41.85078011587298,43.56084744665524,42.26997292422357,43.679169254069336,42.26997292422357
2025-10-14,9,53,103.3,65.26075081349352,36.824055359638415,37.90780423479044,44.49758347168389,42.78016625134613,44.49758347168389
2025-10-14,10,53,131.67,93.7857518149707,28.772118314748457,31.588634088310506,38.48803187882925,37.842906616469776,38.48803187882925
2025-10-14,11,53,116.43,114.63602898206591,1.540815097426864,31.620270082788167,59.18810008746635,62.73014867826667,59.18810008746635
2025-10-14,12,53,107.36,90.51215336752418,15.692852675554974,43.81047385732903,69.85249992953162,77.45726850850998,69.85249992953163
2025-10-14,13,53,99.92,65.77714815700872,34.17018799338599,51.128445649785505,63.39334410954199,79.10283106123899,63.39334410954201
2025-10-14,14,53,90.95,70.14125084517316,22.87932837254188,41.68844863713767,53.85811796545007,68.27745973452262,53.85811796545007
2025-10-14,15,53,67.69999999999999,30.39488618188231,55.10356546250765,56.41151123558472,48.43454560595074,48.926393588502386,48.43454560595075
2025-10-14,16,53,37.25,12.933221277617923,65.27994287887805,66.52049671505212,55.10737658541211,57.64682038444686,55.107376585412105
2025-10-14,17,47,14.379999999999999,3.2517899431659836,77.38671805865101,81.09031176387316,54.57638440537976,57.891755571206296,54.57638440537976
2025-10-14,18,5,10.870000000000001,0.586473042643609,94.60466382112594,94.60466382112594,70.95780255234835,74.5649446994255,70.95780255234835
2025-10-14,19,5,10.870000000000001,0.5188873802319847,95.22642704478396,95.22642704478393,71.15694544796656,74.84190179374272,71.15694544796656
2025-10-15,6,5,10.870000000000001,0.4626406467815228,95.7438762945582,95.74387629455819,70.6319697052847,74.33957354339846,70.63196970528472
2025-10-15,7,30,12.069999999999999,1.118939079401657,90.7295850919498,92.25282072717498,72.68013295153808,72.56178297924309,72.68013295153808
2025-10-15,8,49,15.999999999999998,6.606303918625459,58.71060050859088,73.63534959722554,107.79838837469052,77.63079746975396,107.7983883746905
2025-10-15,9,50,17.81,9.852970522851278,44.67731317882494,77.64602029143248,101.13428484798735,98.94973190432704,101.13428484798735
2025-10-15,10,52,21.69,15.376715448669506,29.10689050866987,63.529980844622024,71.47235067405033,60.5241126968048,71.47235067405033
2025-10-15,11,52,27.409999999999993,14.150779488604693,48.373661114174766,62.69493253121682,58.32559257702494,65.26402773821788,58.32559257702492
2025-10-15,12,53,29.700000000000003,11.818191398035202,60.20810977092525,63.4851869980264,48.171570945491496,52.376835953187886,48.171570945491496
2025-10-15,13,53,23.330000000000005,12.86371289764602,44.861924999374125,65.35931724689218,43.801396629840276,51.51160595475963,43.80139662984028
2025-10-15,14,52,17.909999999999997,8.41611203780514,53.00886634391322,65.64954154010621,42.33189634444589,42.34613008178224,42.3318963444459
2025-10-15,15,50,16.680000000000003,3.3784756024719473,79.74535010508424,84.31521733803126,73.23489571708443,71.75971799571094,73.23489571708441
2025-10-15,16,42,13.389999999999999,1.3906207919890257,89.61448250941729,92.32184987323903,75.06054398648138,82.9051915885506,75.06054398648138
2025-10-15,17,16,11.009999999999998,0.6864222627946716,93.76546536971233,95.1655055015529,90.93457217820969,108.24715281442386,90.93457217820969
2025-10-15,18,6,10.879999999999999,0.46617210681323906,95.71532990061361,95.71532990061361,62.850819021753544,73.3047131185032,62.85081902175355
2025-10-15,19,6,10.879999999999999,0.4465625368419891,95.89556491873171,95.89556491873172,62.88990593408171,73.38122616885057,62.88990593408172
2025-10-16,6,6,10.879999999999999,0.47943485554438114,95.5934296365406,95.6072409431971,59.929793260055305,71.93586282519735,59.92979326005531
2025-10-16,7,41,14.889999999999999,3.8060165208658483,74.43911000090095,84.27702944003835,80.25983530678258,93.10115122029981,80.25983530678258
2025-10-16,8,52,34.550000000000004,30.022896196733534,13.103050081813228,65.0439325263247,116.33584974242078,119.86520874881002,116.33584974242078
2025-10-16,9,51,61.47999999999999,59.42027718884569,3.350232288800101,44.81545790163089,103.57702776725384,143.53773496271913,103.57702776725382
2025-10-16,10,53,103.35999999999999,73.12499817251157,29.25213025105304,36.002187386249574,37.12183619057864,37.2871762581798,37.12183619057864
2025-10-16,11,53,99.05000000000001,86.3911519118072,12.780260563546502,47.168241729025034,49.116637417089024,64.86138189261968,49.116637417089045
2025-10-16,12,53,71.92000000000002,62.443630202329445,13.176265013446287,59.35194795207448,98.83005637586686,104.69226391486808,98.83005637586686
2025-10-16,13,53,75.75999999999999,57.72396666194054,23.806802188568447,50.36330639263309,75.21593470778527,77.7909527180603,75.21593470778525
2025-10-16,14,53,98.23,46.70412368698664,52.45431773695751,53.641236051096165,46.965921456357435,46.66022816533876,46.96592145635743
2025-10-16,15,52,79.69000000000001,22.437982300755955,71.84341535856952,71.8434153585695,63.017624925819284,63.93334148233518,63.017624925819284
2025-10-16,16,53,38.620000000000005,17.619006706760604,54.37854296540496,57.488981297302864,44.32405138553347,44.46405606796489,44.324051385533465
2025-10-16,17,46,15.739999999999998,3.9859733625150935,74.6761539865623,78.4275786021401,63.77521286925529,59.01600533727432,63.7752128692553
2025-10-16,18,6,10.879999999999999,0.5260642160861091,95.16485095509091,95.16485095509091,62.670638187599245,72.99106923630254,62.670638187599245
2025-10-16,19,6,10.879999999999999,0.44128003690154166,95.94411730789024,95.94411730789024,62.872724133128465,73.31325400539961,62.87272413312846
2025-10-17,6,6,10.879999999999999,0.4624825071016145,95.749241662669,95.749241662669,60.87554540592005,72.28291640343384,60.87554540592006
2025-10-17,7,45,14.74,1.565691715372449,89.37793951579071,90.66376726455258,77.97412510062115,76.3529833985943,77.97412510062115
2025-10-17,8,53,30.529999999999998,7.608748585726734,75.07779696781286,75.17100655510481,65.21520629302901,66.81673807424224,65.21520629302901
2025-10-17,9,53,45.64,11.087532702870417,75.70654534866253,75.7923296537543,63.84473247684647,65.81443942513629,63.84473247684647
2025-10-17,10,53,48.98,17.66337951400328,63.93756734584875,65.23495841052315,50.38586741734281,54.504114251579395,50.38586741734281
2025-10-17,11,53,33.03,25.007366225300522,24.288930592490097,49.2124599548647,43.09006790164212,45.18493300416948,43.09006790164212
2025-10-17,12,53,38.49000000000001,23.705121145205535,38.41225995010255,46.604312147057435,40.07003796076259,42.71057308030021,40.07003796076258
2025-10-17,13,51,22.909999999999997,20.406391693920988,10.928015303705847,62.63122205343083,64.42522732371295,70.67600358246102,64.42522732371295
2025-10-17,14,49,18.14,11.888029648234024,34.46510668007704,81.06961865152346,126.23721882546286,150.64810343328537,126.23721882546286
2025-10-17,15,50,19.709999999999997,4.455476485347124,77.3948427937741,80.32488937508944,63.2278592297733,65.30370687293649,63.2278592297733
2025-10-17,16,44,13.509999999999998,1.6572778738214209,87.73295430183995,89.35905712281328,66.42402341269906,64.9618113635912,66.42402341269907
2025-10-17,17,12,10.98,0.601627532235044,94.52069642773185,94.86685307618356,76.11522194149107,77.72640945746609,76.11522194149107
2025-10-17,18,6,10.879999999999999,0.4649071791661703,95.72695607384036,95.72695607384036,62.854624459921574,73.24098808922949,62.85462445992156
2025-10-17,19,6,10.879999999999999,0.4423924729256147,95.93389271208075,95.93389271208075,62.88369065676863,73.32341399734781,62.88369065676863
2025-10-18,6,6,10.879999999999999,0.47205239333913007,95.66128314945652,95.66251079863642,58.698641234124146,71.51492169215985,58.69864123412415
2025-10-18,7,39,13.079999999999998,1.7803361035835137,86.38886770960616,89.20056999562668,70.1741434216431,63.32654725374381,70.17414342164311
2025-10-18,8,51,23.98,11.705174904043574,51.187761034013455,61.23255035586216,52.537860526069444,49.54375187344884,52.53786052606945
2025-10-18,9,51,38.04,20.706125000931902,45.56749473992665,53.08776261119203,42.67777895316009,46.16906091003222,42.6777789531601
2025-10-18,10,53,59.440000000000005,31.29650050055643,47.34774478372068,48.06075689178501,44.79173492635595,44.186789871101446,44.79173492635594
2025-10-18,11,53,74.50000000000003,47.29279038551134,36.519744448978095,38.21475178990569,38.4372983469743,43.248958497477055,38.4372983469743
2025-10-18,12,53,83.52000000000002,54.70236074383783,34.50387841973442,36.770273650147836,33.47356675948326,38.52741707935704,33.47356675948325
2025-10-18,13,53,81.42999999999999,56.10731125117633,31.09749324428794,33.292142407015625,33.28375255840549,37.70103996706909,33.28375255840548
2025-10-18,14,53,73.04999999999998,45.13544620563171,38.21294153917629,38.76944695955552,36.88543897750844,40.08148330816669,36.885438977508464
2025-10-18,15,53,50.95,32.169990132479064,36.85968570661617,39.34377966769875,32.48487262828521,34.341850102419706,32.48487262828521
2025-10-18,16,53,31.35,15.756037891753286,49.741505927421734,50.38888773054114,37.298074331096075,38.249362840839666,37.298074331096075
2025-10-18,17,45,13.47,2.7489417625007335,79.59211757608958,83.14205415125937,56.287367241305276,57.61465832078153,56.28736724130529
2025-10-18,18,5,10.870000000000001,0.509454406548338,95.31320693147804,95.313206931478,71.23584817002082,74.89074885585781,71.23584817002082
2025-10-18,19,5,10.870000000000001,0.43753057116920835,95.97487975005328,95.97487975005326,71.44352485914408,75.18481134618973,71.44352485914406
2025-10-19,6,5,10.870000000000001,0.4482293957270725,95.8764545011309,95.8764545011309,70.37882959573956,74.07792628687795,70.37882959573956
2025-10-19,7,50,18.01,4.245560251002145,76.42665046639564,80.6934042224335,66.65199829516327,68.220881591794,66.65199829516325
2025-10-19,8,53,46.169999999999995,28.154433374592887,39.02007066364979,49.06913135294689,50.129396293570295,50.68389124682381,50.1293962935703
2025-10-19,9,53,82.88000000000001,56.61037405561757,31.69597724949618,39.93028713095461,38.78490473315711,44.633858354060635,38.78490473315711
2025-10-19,10,53,91.04999999999998,82.68977613044738,9.182014134599232,29.390660892595534,33.674319450881754,36.66334939485767,33.674319450881754
2025-10-19,11,52,93.58999999999999,103.98545269735868,11.107439574055661,25.38507040703097,39.93949549941677,51.45511176312297,39.93949549941677
2025-10-19,12,52,76.14999999999998,105.75825664816827,38.88149264368786,46.273410732497695,71.54347612792509,74.16724530727723,71.5434761279251
2025-10-19,13,52,48.33,95.84145099428287,98.3063335284148,106.44020749738914,172.12374699828013,180.10765732881742,172.1237469982801
2025-10-19,14,52,40.75000000000001,69.08694181401148,69.53850751904656,94.83826515667793,167.1961123782799,191.6466055602154,167.1961123782799
2025-10-19,15,51,38.24,18.353647297206862,52.00406041525403,67.98788792658655,54.73089316865316,73.58280145832022,54.73089316865316
2025-10-19,16,47,15.64,8.162429880290794,47.810550637526894,82.88507005496011,80.6332562605547,86.80570673374908,80.63325626055466
2025-10-19,17,20,11.18,1.165479032267035,89.5753217149639,92.9330769261701,63.44294687061096,70.89945745178504,63.44294687061095
2025-10-19,18,6,10.879999999999999,0.4885170142867133,95.50995391280594,95.50995391280594,62.78359607508245,73.21328225635368,62.78359607508244
2025-10-19,19,6,10.879999999999999,0.4394691892647557,95.96076112808129,95.96076112808129,62.90987380230663,73.40887057650718,62.90987380230663
2025-10-20,6,6,10.879999999999999,0.457504338700597,95.79499688694304,95.8127891243085,60.317013349237655,72.03094095525562,60.31701334923766
2025-10-20,7,50,19.220000000000002,3.214494408606905,83.27526322264876,83.97318681789723,65.67537537687365,70.58501240141806,65.67537537687366
2025-10-20,8,53,49.190000000000005,22.73073277950317,53.789931328515614,56.7765244136403,44.61597793067076,46.62282741192738,44.615977930670766
2025-10-20,9,53,52.42,44.512395303365956,15.085090989382003,49.009080680320324,42.470640866902066,55.77081696298299,42.470640866902066
2025-10-20,10,52,59.0,46.93327261207603,20.4520803185152,41.462652832859334,40.1504724295667,42.707595684892546,40.1504724295667
2025-10-20,11,53,48.80999999999999,38.323332911204886,21.484669307099168,36.85542394354612,33.73006426247017,37.44513788368449,33.73006426247017
2025-10-20,12,53,59.93,36.31968902557802,39.39648085169694,44.05421897932655,44.126850337523535,46.54176582281457,44.12685033752355
2025-10-20,13,52,53.91,20.28713792871835,62.36850690276692,62.520182426928216,53.92454085296309,54.80725270290607,53.92454085296308
2025-10-20,14,52,46.64999999999999,16.278995728048724,65.10397485948826,65.53267975246845,55.438281844148015,56.09558817442035,55.43828184414802
2025-10-20,15,51,33.19,9.596718589321751,71.08551193334813,71.89659587076228,61.29471914057317,60.55197225912748,61.29471914057316
2025-10-20,16,51,21.99,2.0143939837536355,90.83949984650461,91.20402917801894,84.94687275137005,82.65618538317955,84.94687275137005
2025-10-20,17,35,11.929999999999998,0.8640769124570531,92.75710886456787,93.1215011529166,76.15768841506069,73.8888426464998,76.15768841506069
2025-10-20,18,6,10.879999999999999,0.47648813051799854,95.6205135062684,95.6205135062684,62.81978405272599,73.26250202667384,62.81978405272599
2025-10-20,19,6,10.879999999999999,0.44680495233760087,95.89333683513235,95.89333683513235,62.90908362607255,73.38395961496744,62.90908362607255
2025-10-21,6,6,10.879999999999999,0.45978519113532484,95.7740331697121,95.79350848060315,60.37782056402025,71.92711175285466,60.377820564020254
2025-10-21,7,43,13.579999999999998,2.3198980748854567,82.91680357227204,87.51986213178995,82.98409835943771,73.15070608720828,82.98409835943772
2025-10-21,8,52,22.81,15.653917831158447,31.37256540482925,53.60042964930377,44.207191085653164,41.502374297423536,44.20719108565316
2025-10-21,9,53,44.39,29.008812158692354,34.65011903876469,38.18923936935034,31.309529200179682,35.32451184708039,31.309529200179682
2025-10-21,10,53,45.13,59.82562832511452,32.56288128764574,58.26609091028676,55.65816192276408,64.0456267470938,55.65816192276408
2025-10-21,11,52,74.6,82.64730652174025,10.78727415782876,34.93638962672771,36.705533783176875,54.01600214588296,36.705533783176875
2025-10-21,12,52,103.30000000000003,85.37630455889543,17.351108849084795,29.538501871861538,33.70640830912311,48.30681166550268,33.706408309123105
2025-10-21,13,52,114.48999999999998,71.97824787184831,37.1314107154788,39.98087723318765,37.74781695446631,51.43108378242361,37.74781695446632
2025-10-21,14,52,84.91999999999999,74.43253813409078,12.349813784631667,29.521524602967038,32.45420713428208,45.20612515327795,32.45420713428207
2025-10-21,15,53,67.56000000000002,42.63124141096298,36.89869536565576,42.38366499294763,38.98991088353728,42.105575891510476,38.98991088353727
2025-10-21,16,53,39.989999999999995,21.692097553255394,45.756195165652926,50.680438326694855,42.76643417109714,43.537720501956386,42.766434171097124
2025-10-21,17,49,16.4,4.9365094156110665,69.89933283163984,75.42780225343488,53.69856450656847,53.69120940671085,53.69856450656846
2025-10-21,18,5,10.870000000000001,0.5073066265923487,95.33296571672172,95.33296571672172,71.24360188827349,74.8998343924531,71.24360188827349
2025-10-21,19,5,10.870000000000001,0.43269032937532986,96.01940819341922,96.01940819341921,71.45483046073345,75.20395103663742,71.45483046073345
2025-10-22,6,5,10.870000000000001,0.44662384266442995,95.89122499848732,95.89122499848729,70.36341922223066,74.00423700694155,70.36341922223066
2025-10-22,7,51,23.92,5.622525560797788,76.49445835786878,77.05707443816456,63.559342687553475,67.24463802548662,63.55934268755348
2025-10-22,8,53,68.92,49.48703275476298,28.196412137604504,29.718090993758334,28.399559804034087,35.06166330426369,28.399559804034087
2025-10-22,9,53,106.93,82.53695241281427,22.812164581675614,24.467664424002983,29.442641900036172,34.99417755368049,29.442641900036172
2025-10-22,10,53,138.0,114.38833361640467,17.10990317651836,20.540780524717857,25.892565979191616,28.52012054895739,25.89256597919162
2025-10-22,11,53,148.64,130.89893174920715,11.935594894236301,21.920774117104163,35.67944793038065,49.203299699772494,35.67944793038065
2025-10-22,12,53,159.82000000000002,133.79154979605156,16.28610324361686,20.307151618699166,29.887760443837337,43.932552885546556,29.887760443837333
2025-10-22,13,52,145.95000000000005,116.70084616564489,20.040530205108016,22.83000594315632,30.92365663778142,41.32636398996543,30.923656637781423
2025-10-22,14,53,121.31,95.5800241847341,21.21010288951109,25.567140074088147,35.711533480304006,44.569775324430644,35.71153348030401
2025-10-22,15,53,86.89,71.86982956669864,17.28642010968047,24.959173012426277,27.636893082232696,33.18045105271052,27.636893082232685
2025-10-22,16,53,38.53000000000001,37.09334431067604,3.7286677636230734,43.936230993580864,45.81837090957004,49.830922062262054,45.81837090957005
2025-10-22,17,47,14.729999999999999,4.942642486400041,66.44506119212463,74.56413545449915,47.06374680582002,47.270130899056625,47.063746805820024
2025-10-22,18,7,10.89,0.5237093937872265,95.19091465760123,95.1909146576012,56.601534182199295,71.35535169504455,56.6015341821993
2025-10-22,19,7,10.89,0.4478590488872691,95.88742838487356,95.88742838487356,56.768629292629925,71.64953666142006,56.76862929262992
2025-10-23,6,7,10.89,0.46547851107473587,95.72563350711904,95.73790377735797,52.409775566024145,69.83822860533334,52.409775566024145
2025-10-23,7,52,24.29,5.496119450482158,77.3729129251455,79.56690360610904,66.0222242440918,71.21909198155836,66.02222424409177
2025-10-23,8,53,68.89,47.873013388807216,30.50803688662039,31.730820112041492,29.41797673999552,36.480802984242075,29.417976739995524
2025-10-23,9,53,109.73,82.60255928304129,24.721990993309685,25.624885213566067,30.107230761042814,35.632814628902324,30.10723076104281
2025-10-23,10,53,138.59,113.6591669028675,17.988911968491596,19.903267520392635,25.870061074432492,27.569509334008636,25.870061074432492
2025-10-23,11,53,155.07,130.86932872778863,15.60628830348318,18.926096421481926,29.113669293428963,41.759553739967856,29.113669293428963
2025-10-23,12,53,157.53999999999996,134.4503193656786,14.65639243006307,18.610088552888875,28.81888990836098,41.564335658060486,28.81888990836098
2025-10-23,13,53,147.20000000000002,116.88493394531787,20.594474221930806,22.639546837019676,31.16867278332392,41.089536214609275,31.168672783323913
2025-10-23,14,53,123.48,98.45911900870146,20.263104139373613,21.584737362786687,28.675632067233792,37.449230418618875,28.675632067233785
2025-10-23,15,53,88.18000000000002,72.52925571276796,17.748632668668694,20.252226836206397,26.023657021226455,24.785774660380717,26.02365702122645
2025-10-23,16,53,44.10000000000001,27.176273770010074,38.375796439886464,39.57185532742254,32.972695820339794,33.24575841935752,32.97269582033979
2025-10-23,17,48,14.48,4.033231932793289,72.14618830943861,78.72423116207482,56.23684301547733,56.7215727919687,56.236843015477326
2025-10-23,18,6,10.879999999999999,0.4951938671623259,95.44858577975803,95.44858577975805,62.763509273410925,73.18596191879632,62.76350927341093
2025-10-23,19,6,10.879999999999999,0.4402318980076264,95.9537509374299,95.95375093742992,62.8830091789638,73.4000445721562,62.88300917896381
2025-10-24,6,6,10.879999999999999,0.4481399216366713,95.88106689672176,95.89367397985241,59.82615602648648,71.85601950137954,59.82615602648647
2025-10-24,7,52,23.339999999999996,4.950530966676016,78.78949885742924,80.45470842564896,66.6118175187894,71.37778355638032,66.61181751878941
2025-10-24,8,53,57.510000000000005,43.35091539144288,24.62021319519583,34.34325630523007,38.3616995562934,39.52974270705069,38.3616995562934
2025-10-24,9,53,56.79,78.49222335884481,38.2148676859391,53.04749853962356,53.76392252464123,62.73532552934149,53.76392252464124
2025-10-24,10,53,75.63000000000001,99.58319678637973,31.671554656062035,35.946278034709614,38.56677588896197,42.378577436405784,38.566775888961985
2025-10-24,11,53,99.97,107.49526350823466,7.527521764764088,17.18908324290595,26.531955711381688,35.204005585816425,26.53195571138169
2025-10-24,12,53,125.76999999999998,106.22156816058092,15.543000587913708,22.06567167492828,27.602997434118155,37.06191996605474,27.60299743411815
2025-10-24,13,53,115.67000000000002,109.22664553845956,5.570462921708698,29.025637090977547,37.1421427324429,46.89297529933852,37.142142732442906
2025-10-24,14,53,108.22,87.69120302078221,18.96950376937515,26.79785302472802,32.801885658322085,40.83419225532401,32.80188565832208
2025-10-24,15,53,73.87,65.10337249315111,11.867642489304036,25.982839540364782,29.64211802475961,31.66066313066364,29.642118024759608
2025-10-24,16,53,37.33,29.17642750536961,21.841876492446797,36.41369500451937,30.7150467911735,29.204822797199558,30.715046791173496
2025-10-24,17,45,13.9,3.8635789835769208,72.20446774405093,80.13275335195824,62.379836012574955,67.11281435634604,62.379836012574955
2025-10-24,18,5,10.870000000000001,0.4988809413177131,95.41047892072021,95.41047892072018,71.27401952464402,74.93547671777124,71.274019524644
2025-10-24,19,5,10.870000000000001,0.4319791112199588,96.02595113873082,96.02595113873082,71.46004764257339,75.20765163620715,71.46004764257337
2025-10-25,6,5,10.870000000000001,0.43740359761819203,95.97604785999823,95.97604785999823,70.47951753550365,74.16165830548887,70.47951753550365
2025-10-25,7,44,15.760000000000002,2.8867695123818935,81.68293456610475,83.11118424323148,65.12943088952868,65.04164022187035,65.12943088952869
2025-10-25,8,51,24.42,21.97767508550666,10.001330526180755,55.04218947139683,46.34653093342314,48.202899890770276,46.34653093342313
2025-10-25,9,52,34.71,24.681906709112155,28.891078337331734,36.41858762212961,26.59193407098209,27.264392407575333,26.591934070982088
2025-10-25,10,52,42.78,24.758170602239975,42.126763435624184,48.754132344645704,40.49339123312011,42.225729783855805,40.4933912331201
2025-10-25,11,52,54.050000000000004,35.87439986043273,33.62738231187284,37.34393638123019,29.621897812846353,36.93267791169114,29.62189781284636
2025-10-25,12,53,57.190000000000005,48.5599408730092,15.09015409510545,27.343427568834432,25.95224422829035,30.455218196304262,25.952244228290347
2025-10-25,13,53,54.00999999999999,53.663757465812616,0.6410711612430576,34.33784579950331,33.9568304868422,40.33879752247455,33.95683048684221
2025-10-25,14,53,49.06,42.23895093149941,13.90348362923072,30.527001224284106,26.220502628055186,35.73256077487133,26.220502628055183
2025-10-25,15,53,39.050000000000004,42.110721339263094,7.837954774041202,40.74454013279819,37.478737044974515,38.95161537400728,37.47873704497452
2025-10-25,16,52,18.69,6.5699095278121025,64.84799610587424,68.88687705312644,48.96122164465572,48.5937821510031,48.961221644655716
2025-10-25,17,14,10.979999999999999,1.0669776951739403,90.28253465233205,92.46629287731325,143.82543642546645,221.0848073844867,143.82543642546645
2025-10-25,18,5,10.870000000000001,0.4609925194561189,95.75903845946534,95.75903845946532,71.41080083100356,75.09575228156982,71.41080083100356
2025-10-25,19,5,10.870000000000001,0.4408232459668167,95.94458835357115,95.94458835357112,71.47743865178913,75.18047818352409,71.47743865178913
2025-10-26,6,5,10.870000000000001,0.43396525577627004,96.00767933968473,96.00767933968471,70.640958487721,74.39862784215231,70.640958487721
2025-10-26,7,47,15.2,3.1204013969520092,79.47104344110521,83.80680608698896,67.1508641324296,66.78866731262575,67.1508641324296
2025-10-26,8,53,30.11,36.97936291320716,22.81422422187699,70.17266102465896,97.09399789153488,90.15341769555543,97.09399789153487
2025-10-26,9,53,47.19,74.124371432612,57.07643872136469,71.5583533191289,81.6826013073195,84.7722396443477,81.68260130731952
2025-10-26,10,53,83.92000000000002,95.07171208869053,13.288503442195559,33.10812546507279,46.3391535337609,45.03430249557856,46.33915353376091
2025-10-26,11,53,110.24000000000001,113.69773527190807,3.136552314865805,19.565782117493605,30.86801126694113,43.5396072116676,30.868011266941135
2025-10-26,12,53,120.35000000000001,110.75424117614672,7.973210489283994,18.296380971339982,30.034814979252154,35.7790487019246,30.034814979252157
2025-10-26,13,53,115.71000000000001,100.26988524488014,13.3438032625701,27.318887656019168,41.91849697811223,44.98396857889107,41.91849697811223
2025-10-26,14,53,82.14999999999999,55.666627600420426,32.23782398001165,49.675050433718305,59.95316703005662,58.732142803343955,59.95316703005662
2025-10-26,15,52,51.760000000000005,30.52020711820594,41.035148535150825,50.785272302340054,51.53996346034222,51.75632874196501,51.539963460342214
2025-10-26,16,52,30.779999999999998,13.844620393158937,55.02072646796966,56.78633516738285,41.58774637290465,43.389654705985784,41.58774637290466
2025-10-26,17,39,12.029999999999998,2.1226479673642165,82.35537849240053,89.71326235472668,79.26540958671745,86.27824600319556,79.26540958671744
2025-10-26,18,5,10.870000000000001,0.4605767828737389,95.76286308303828,95.76286308303827,71.41230168509158,75.09751093003969,71.41230168509156
2025-10-26,19,5,10.870000000000001,0.4316548822721859,96.02893392573885,96.02893392573884,71.4857424253694,75.21600340070592,71.4857424253694
2025-10-27,6,5,10.870000000000001,0.429400168122105,96.04967646621799,96.04967646621799,70.73912368932828,74.4823066095142,70.73912368932828
2025-10-27,7,52,22.66,4.721617589356883,79.16320569568896,81.50574905637897,67.93256385418724,73.66479516424539,67.93256385418724
2025-10-27,8,53,63.42,46.655846988179626,26.433543064995863,30.423647606643144,41.11478473906224,40.08472362414627,41.11478473906222
2025-10-27,9,53,103.94000000000001,86.79759378341545,16.49259786086642,17.76833795356519,22.717649919607673,28.270876785157405,22.717649919607677
2025-10-27,10,53,130.03,115.99431822035255,10.79418732573056,14.144794498197994,20.665766398486323,22.71745112616798,20.665766398486326
2025-10-27,11,53,144.29999999999998,132.4268294979277,8.228115386051469,13.051554067469981,22.953694564090355,36.62977142409966,22.953694564090352
2025-10-27,12,53,145.18,138.22575291912142,4.790086155722956,11.685126253522714,22.279394785940063,35.42922363466294,22.279394785940067
2025-10-27,13,53,136.15999999999997,126.0474714722518,7.426945158451946,13.200387248059261,21.9677154630371,32.9451958062861,21.9677154630371
2025-10-27,14,53,112.66,102.60929761222502,8.921269650075427,13.077133141322298,19.769844598665564,29.329556090776208,19.769844598665564
2025-10-27,15,53,77.02,72.43798656289401,5.949121575053214,17.0912838703758,19.037037161853583,21.40212116423467,19.037037161853583
2025-10-27,16,53,38.910000000000004,30.116207516301717,22.600340487530932,36.675775494268976,28.15803090057661,29.349740395874413,28.158030900576602
2025-10-27,17,44,13.04,3.5471347221993828,72.79804660890044,81.70805463455652,58.220343527626305,72.14573228309898,58.220343527626326
2025-10-27,18,6,10.879999999999999,0.5089429336063407,95.32221568376525,95.32221568376525,62.72214625763466,73.06103553116381,62.72214625763465
2025-10-27,19,6,10.879999999999999,0.44872855547905743,95.87565665919983,95.87565665919983,62.869247737007626,73.30034488695662,62.86924773700761
2025-10-28,6,6,10.879999999999999,0.4380111077340553,95.97416261273845,95.97416261273845,61.38155381710176,72.44447069961109,61.38155381710177
2025-10-28,7,52,21.42,3.8636426588002557,81.9624525732948,83.65436565682982,68.04924990578769,74.024369403363,68.04924990578768
2025-10-28,8,53,55.89,32.4300230242668,41.975267446293074,43.49736078071359,42.45521858711082,45.756079984219596,42.45521858711082
2025-10-28,9,53,92.39,74.55226791928133,19.306994350815746,21.218705627589525,34.46489356302869,34.70672315692102,34.46489356302869
2025-10-28,10,52,121.26,101.27158309866893,16.48393279014603,17.992671646023105,31.511386751358465,29.12425203162779,31.51138675135847
2025-10-28,11,53,137.29,115.41175218175333,15.935791258100856,19.605145653351304,46.98520606419754,47.81318056417397,46.98520606419753
2025-10-28,12,53,139.45,126.5643969890669,9.24030334236865,14.145944341742755,43.57096447964633,43.71769917072384,43.570964479646335
2025-10-28,13,53,129.26000000000002,117.57208125534618,9.042177583671545,13.93492038762752,39.325608045460406,40.05956522593732,39.3256080454604
2025-10-28,14,53,105.77,99.68545643840703,5.752617530105858,11.652585952016123,33.042280874809414,33.9974259758267,33.04228087480941
2025-10-28,15,53,73.16,70.27970380807488,3.936982219689874,17.39194802196204,24.863729292296057,24.072033628582016,24.863729292296057
2025-10-28,16,53,36.290000000000006,29.09368391220327,19.830025042151373,36.885750151059895,27.09378048135813,28.166763898478543,27.09378048135813
2025-10-28,17,45,12.779999999999998,3.479167213887375,72.77646937490316,84.58835575094902,59.74292555599972,73.35597372663425,59.74292555599974
2025-10-28,18,6,10.95,0.5050978459904605,95.38723428319213,95.38723428319216,74.40038057657534,75.58907879696787,74.40038057657533
2025-10-28,19,6,10.95,0.4422659890532684,95.96104119586056,95.96104119586056,74.50402969681197,75.82492729432946,74.50402969681197
2025-10-29,6,6,10.95,0.4241870241649459,96.12614589803702,96.12614589803701,73.31680828526373,74.96448333423935,73.31680828526375
2025-10-29,7,52,21.75,3.8140501125459374,82.4641374135819,84.0760956293078,68.64503012241828,74.30333117683891,68.64503012241828
2025-10-29,8,53,58.61,42.35247639934753,27.73848080643656,30.914576679653187,34.46175445336973,35.70230637520901,34.46175445336972
2025-10-29,9,53,97.89,80.1974785188865,18.073880356638576,20.337026622099224,33.57012747931967,33.10298064574723,33.57012747931968
2025-10-29,10,53,125.70000000000002,105.59054093496675,15.997978572023278,17.91250387467127,32.0448993828496,28.4257821431864,32.04489938284959
2025-10-29,11,53,139.75000000000003,122.28591281311223,12.496663461100388,16.979799311066333,44.58103502119573,44.997775785713145,44.581035021195724
2025-10-29,12,52,122.73000000000002,121.69742894676264,0.8413354951824135,15.928509090525978,43.902267953935805,43.395376501905986,43.90226795393581
2025-10-29,13,52,108.79,114.43879720483822,5.192386437023823,20.693829919717917,45.466174587033244,46.86460343453843,45.46617458703325
2025-10-29,14,52,83.94999999999999,91.02094394611684,8.422803985844975,31.692279326245227,54.93987778806334,52.80260594940628,54.93987778806333
2025-10-29,15,52,63.79999999999999,54.64173434112361,14.354648368144801,24.8356143160777,27.889398419079907,27.325316659645594,27.889398419079914
2025-10-29,16,52,30.64,17.874679253662997,41.66227397629571,44.11819913841871,29.743336490599365,31.494283816081126,29.74333649059937
2025-10-29,17,36,12.069999999999999,2.227759584810259,81.5430026113483,84.84074867337947,48.778585588339396,50.31131662596676,48.77858558833939
2025-10-29,18,7,10.96,0.4798953034116067,95.62139321704738,95.62139321704738,66.71451533324525,73.97616027888067,66.71451533324526
2025-10-29,19,7,10.96,0.4571895007517185,95.82856294934562,95.82856294934562,66.77096904487951,74.06494460899866,66.77096904487952
2025-10-30,6,7,10.96,0.4382498746487857,96.00136975685413,96.00694767761296,63.19734264522161,72.58389409937782,63.19734264522161
2025-10-30,7,33,11.889999999999999,1.6817537522768031,85.85572958556095,90.62019756102133,72.49982266006437,68.19128983777512,72.49982266006437
2025-10-30,8,51,19.790000000000003,13.318640146369644,32.70015085209883,59.959126946119135,55.12294510207243,46.877765891020715,55.12294510207243
2025-10-30,9,53,28.059999999999995,21.99922047354174,21.59935682985836,42.91995940261633,26.456445567083176,31.26792887580514,26.45644556708318
2025-10-30,10,53,41.78999999999999,26.410099838739303,36.80282402790307,43.18104419446482,33.41671884411723,34.342480885637165,33.41671884411722
2025-10-30,11,53,49.57000000000001,49.68392465669581,0.22982581540407654,34.0155836431891,39.90747322177655,44.75114291410679,39.90747322177655
2025-10-30,12,53,62.220000000000006,47.494615554564625,23.66664166736641,37.43422042563903,48.54955692748148,54.50087500233679,48.549556927481476
2025-10-30,13,53,50.52,62.29666384901958,23.31089439631745,48.67799589668449,61.73778395876468,68.8964839684385,61.73778395876467
2025-10-30,14,53,41.760000000000005,58.19581938697939,39.35780504544871,70.61872509695368,89.75067571872842,89.91468288369443,89.7506757187284
2025-10-30,15,53,27.04,30.517513729725266,12.860627698688118,69.6615466338695,70.78993109125193,72.45868363535001,70.78993109125194
2025-10-30,16,52,20.759999999999998,14.18041367530268,31.693575745170133,68.40845383238168,55.44672359100829,60.64657708481974,55.44672359100829
2025-10-30,17,39,12.649999999999999,1.3394307481112626,89.41161463943666,90.99753017581895,70.25852598882884,73.7691187538062,70.25852598882885
2025-10-30,18,6,10.95,0.4791545985872397,95.62415891701151,95.62415891701151,74.47842885396167,75.69411499460138,74.47842885396167
2025-10-30,19,6,10.95,0.44790660300458557,95.90952873968415,95.90952873968415,74.55936827065547,75.81846330823407,74.55936827065547
2025-10-31,6,6,10.95,0.4271917416535071,96.09870555567574,96.09870555567575,73.24468743264708,74.85806597488764,73.24468743264708
2025-10-31,7,47,16.79,2.4773557591866218,85.24505205963894,86.8622031686987,72.14909176295872,74.36628592596793,72.14909176295873
2025-10-31,8,52,33.13,21.659483345995465,34.622748729262106,52.668554102893616,47.51328104889431,50.012533132350576,47.513281048894314
2025-10-31,9,48,36.099999999999994,36.61129746352228,1.4163364640506448,67.6712613465018,187.98895742290142,169.41717715583397,187.98895742290142
2025-10-31,10,50,42.019999999999996,48.28029111364281,14.898360575066198,78.12062471263893,269.5841135835045,282.04646567667857,269.5841135835045
2025-10-31,11,51,62.52,70.84512584673368,13.315940253892636,55.205101850179325,134.5121690921762,182.1209073546535,134.51216909217618
2025-10-31,12,53,94.94,80.6652379083928,15.035561503694122,41.46618592646271,75.10581481083132,82.12804149231725,75.10581481083133
2025-10-31,13,53,100.15,85.31817886428733,14.809606725624235,32.59747706244443,48.69789105405557,49.72055144741682,48.69789105405556
2025-10-31,14,53,88.17000000000003,66.3675604767468,24.727729979872088,34.39445892847622,43.476167445661304,45.72978481353943,43.476167445661304
2025-10-31,15,53,60.36,34.7356480798442,42.452537972425105,47.54010352771103,44.588735991042455,50.62145084430346,44.588735991042455
2025-10-31,16,53,32.72,16.458402144606083,49.69925994924791,50.999381772768174,39.34472075728208,39.777843896301405,39.34472075728209
2025-10-31,17,34,11.75,1.5342971366124614,86.94215202883011,90.1567036416464,50.03850891746263,54.37380592967058,50.03850891746263
2025-10-31,18,9,10.989999999999998,0.546822553986027,95.0243625660962,96.24179871612527,137.35141681133493,189.29937715042007,137.35141681133493
2025-10-31,19,7,10.96,0.44634755585169195,95.92748580427289,95.92748580427286,66.76978108096382,74.03293021689176,66.76978108096382
2025-11-01,6,7,10.96,0.43264369914637396,96.05252099319003,96.05252099319,64.68060058507366,72.89603011782955,64.68060058507366
2025-11-01,7,41,13.42,2.694666970384973,79.92051437865146,85.22742494652518,69.04616808048402,61.541997341518275,69.04616808048402
2025-11-01,8,52,24.39,37.67502783569353,54.46915881793164,101.59360853527402,147.55611741534528,130.88658931666822,147.55611741534528
2025-11-01,9,53,40.47,74.66119792676338,84.4852926285233,91.96606641951887,135.0185615768666,120.36303944843006,135.0185615768666
2025-11-01,10,53,61.19,100.14155914901005,63.656739906863955,63.92145915830052,101.26615270675867,84.5597095271673,101.26615270675866
2025-11-01,11,53,97.68,120.77916018237765,23.647788884498,30.561517456941367,70.08774207221194,66.43170746550581,70.08774207221192
2025-11-01,12,53,126.56000000000002,121.4339446403947,4.050296586287386,12.128358069388403,22.24111482076395,35.98982349680561,22.24111482076395
2025-11-01,13,53,115.66,112.60529077984431,2.641111205391394,10.347975766317449,17.391401513425127,30.128933832745748,17.39140151342512
2025-11-01,14,53,93.59,94.92125338436374,1.4224312259469323,8.074498128645805,14.794773380362901,23.841389012862578,14.794773380362905
2025-11-01,15,53,64.46000000000001,66.03889798512927,2.4494228748514724,15.820587367210706,16.923634721363165,18.94680798030279,16.92363472136317
2025-11-01,16,53,32.36,24.76993603721398,23.45508023110636,37.422867290806124,27.311344169070917,27.306460281253038,27.31134416907091
2025-11-01,17,17,11.079999999999998,1.0492394455709404,90.53032991361967,94.42237905610003,158.91957374056898,286.41423914651466,158.91957374056892
2025-11-01,18,7,10.96,0.4805273452601033,95.61562641186036,95.61562641186036,66.71288551929864,73.97368157843363,66.71288551929864
2025-11-01,19,7,10.96,0.4474758429699801,95.91719121377756,95.91719121377753,66.7438333629607,74.09061533685242,66.74383336296071
2025-11-02,6,7,10.96,0.4314895530298203,96.06305152345055,96.06305152345055,63.1091991085823,72.77747704310164,63.109199108582324
2025-11-02,7,52,18.889999999999997,3.2103404035178227,83.00507991785166,86.33432069585872,75.93490333652674,82.21491471361595,75.93490333652673
2025-11-02,8,53,55.75000000000001,39.53303659586446,29.088723594861964,30.834154267437874,30.077458422325385,33.904975920522254,30.0774584223254
2025-11-02,9,53,96.21000000000001,80.34429346928017,16.490704220683746,19.549942867492376,25.472356072905033,29.125878392289128,25.47235607290503
2025-11-02,10,53,128.17,107.27449311297475,16.302962383572783,19.350935151759625,24.599993964539905,27.58034973496157,24.599993964539905
2025-11-02,11,53,143.99,123.13091196276397,14.486483809456235,19.875688742329068,30.376507090461143,43.97653717675245,30.37650709046114
2025-11-02,12,53,146.72999999999996,123.02172178841633,16.15775793060972,21.3345213258581,30.714440764903006,43.20820035201541,30.714440764902992
2025-11-02,13,53,136.54999999999998,113.3755275368434,16.971418867196324,21.014582681753076,28.96443239307126,40.233380327433146,28.964432393071263
2025-11-02,14,53,112.28999999999998,96.25241044143563,14.28229544800459,16.573263931962234,22.780195968407735,31.968521111971672,22.78019596840774
2025-11-02,15,53,76.83999999999999,67.82114620963625,11.737186088448382,14.22307688736697,17.32141691226575,18.15734402710265,17.32141691226575
2025-11-02,16,53,36.66,25.53614928886917,30.343291628834777,33.145133541340094,26.23120874185326,24.985211929686958,26.23120874185326
2025-11-02,17,33,11.81,1.4838041351556857,87.43603611214492,89.70155053696611,46.34367841165377,53.2433716826653,46.34367841165377
2025-11-02,18,8,10.969999999999999,0.4920551074263147,95.51453867432711,95.51453867432713,60.86581507720623,72.25640464474286,60.86581507720622
2025-11-02,19,8,10.969999999999999,0.4556600959709645,95.84630723818628,95.84630723818628,60.894027531222484,72.37775124155262,60.894027531222484
2025-11-03,6,8,10.969999999999999,0.43555132173884303,96.02961420475073,96.02961420475076,57.18554718519728,70.97940636486885,57.18554718519729
2025-11-03,7,52,19.83,2.9170257592255266,85.28983479966955,87.00792975614019,71.7843890943607,77.4234305652986,71.7843890943607
2025-11-03,8,53,58.940000000000005,38.637727093612746,34.44566153102691,38.40603280494895,41.055056258272735,43.259335976287346,41.05505625827274
2025-11-03,9,53,94.60000000000002,79.0405385750337,16.44763364161345,21.56098314944554,42.1659684671802,39.08162497481319,42.16596846718019
2025-11-03,10,53,118.97999999999999,105.88511462896889,11.005955094159606,19.876377170239177,47.96519810688875,41.5250757318193,47.96519810688874
2025-11-03,11,53,129.98999999999998,122.10325731552967,6.067191848965541,18.294268781757854,60.194734462301355,59.88183206776867,60.194734462301355
2025-11-03,12,53,134.74,121.34002300899031,9.945062335616516,22.344511384142898,61.12521568517239,61.13088153483278,61.12521568517239
2025-11-03,13,53,126.97,113.10076862961701,10.923234914060794,20.43061240963998,53.53241511287805,53.96555131204464,53.53241511287805
2025-11-03,14,53,106.07000000000001,95.0259519773457,10.41203735519403,17.859873314967416,45.20939568718041,44.75984403895117,45.20939568718043
2025-11-03,15,53,73.5,66.74509026169537,9.19035338544848,15.552083344775369,29.335844434787273,25.201917949019997,29.33584443478727
2025-11-03,16,53,34.93,24.395451462993652,30.159028162056533,35.02774106977416,27.504105533083166,26.407116053679058,27.50410553308317
2025-11-03,17,33,11.84,1.5411966028465416,86.9831368002826,89.99829043607825,54.61334120409863,58.17545376816993,54.61334120409863
2025-11-03,18,6,10.95,0.4715174611028194,95.69390446481444,95.69390446481442,74.50140459849965,75.72503540597857,74.50140459849965
2025-11-03,19,6,10.95,0.4391185583677985,95.9897848550886,95.9897848550886,74.57962241352978,75.85255225542087,74.57962241352978
2025-11-04,6,6,10.95,0.41870603933895634,96.17620055398213,96.17620055398213,73.44988245783183,75.10714390342198,73.44988245783183
2025-11-04,7,48,16.470000000000002,2.371708602066501,85.59982633839405,86.10424991708169,67.25776285963683,69.35230026122468,67.25776285963684
2025-11-04,8,53,50.430000000000014,31.648112546846427,37.24348096996546,42.53184990748008,40.88128521841723,42.40192589268944,40.88128521841724
2025-11-04,9,53,85.49999999999999,73.93506263113734,13.526242536681456,22.339972075420462,39.895982565325546,38.09408503327318,39.89598256532554
2025-11-04,10,53,112.22000000000001,100.09754830796867,10.802398584950407,20.560678832317144,40.78934275087088,37.46291415516906,40.78934275087088
2025-11-04,11,53,125.39999999999999,116.77108906279763,6.881109200320864,20.328231056060595,55.53696640311018,56.3150890583489,55.53696640311019
2025-11-04,12,53,126.80999999999997,117.52095928246145,7.3251641964659955,21.519753562438247,54.83432650524976,55.62904047259786,54.83432650524976
2025-11-04,13,53,114.89000000000003,101.94529013275744,11.267046624808591,21.67860500263149,46.04106074033306,49.14543317104101,46.04106074033306
2025-11-04,14,53,95.93,90.0032731272243,6.178178747811636,16.803571464413164,38.983846781164054,40.35365171146146,38.983846781164054
2025-11-04,15,53,63.859999999999985,59.62858798036511,6.626075821539108,20.831868411043725,29.929107301807385,28.68060682864435,29.92910730180739
2025-11-04,16,53,31.5,20.85136491021611,33.805190761218704,41.678190445172326,31.051466680708607,34.24771594647621,31.05146668070861
2025-11-04,17,27,11.299999999999999,1.204128668218895,89.34399408655845,92.88370366735876,65.78019564666077,79.81286226917513,65.78019564666076
2025-11-04,18,7,10.96,0.4720556506483337,95.6929228955444,95.69292289554437,66.73473104434183,73.94000110917862,66.73473104434183
2025-11-04,19,7,10.96,0.4528138462056769,95.86848680469274,95.86848680469271,66.77293518315649,74.01394539125168,66.77293518315648
2025-11-05,6,7,10.96,0.42560537259882686,96.1167393011056,96.1167393011056,65.21477823478702,73.18394570786752,65.21477823478702
2025-11-05,7,52,18.53,2.6237268086444665,85.84065402782262,87.38647104054967,73.8456069352327,75.56366664784028,73.84560693523267
2025-11-05,8,53,52.029999999999994,32.480615570824575,37.57329315620876,42.91533849068434,39.407300875604854,42.63332629222676,39.40730087560487
2025-11-05,9,53,86.65,75.27333651921822,13.129444294035528,22.74517025254553,28.01466221824474,35.71288895439784,28.01466221824474
2025-11-05,10,53,108.28,102.71952419343681,5.135275033767261,20.93759104368375,29.374938174264987,33.28364684648765,29.374938174264987
2025-11-05,11,53,130.96,117.96265976456144,9.924664199326948,21.48753781065725,34.92191776667643,47.641128327500766,34.92191776667643
2025-11-05,12,53,134.17,118.39502231168913,11.757455234635803,21.660517732201505,32.55002073880583,45.52965908599394,32.550020738805834
2025-11-05,13,53,125.78000000000002,106.61039605245884,15.240581926809647,23.252137358302004,31.199717877467393,42.823537475579734,31.199717877467393
2025-11-05,14,53,104.7,92.34267544233602,11.802602251828066,18.763832472685507,25.306767672905906,35.80324466472827,25.306767672905913
2025-11-05,15,53,72.08000000000001,64.298467850648,10.795688331509457,17.67148932278592,20.019631345142457,23.40053149539778,20.019631345142464
2025-11-05,16,53,33.53,22.271104813226803,33.578571985604526,39.46614124755951,30.062745398523706,33.749280417620945,30.062745398523703
2025-11-05,17,30,11.489999999999998,1.3161371955415706,88.5453681850168,92.0699752792197,62.3976863246575,67.43470030968956,62.3976863246575
2025-11-05,18,7,11.04,0.481357599575995,95.63987681543482,95.63987681543482,75.62026266420634,75.85222908989428,75.62026266420635
2025-11-05,19,7,11.04,0.45413435281710507,95.88646419549724,95.88646419549725,75.66785849940692,75.95484708726103,75.6678584994069
2025-11-06,6,6,10.95,0.4195290078370049,96.16868485993602,96.16868485993602,73.37064848678801,74.99884772387725,73.37064848678801
2025-11-06,7,46,15.569999999999999,1.942833828441741,87.52194072934014,88.30781625933503,70.62115824819226,73.00254100287819,70.62115824819226
2025-11-06,8,52,40.9,17.913911600143596,56.20070513412324,56.65973751086344,49.22067778826596,50.81368550026206,49.22067778826595
2025-11-06,9,52,70.47,25.202799356505206,64.23612976230281,64.34428258277774,61.63522821248797,59.75328077268247,61.63522821248799
2025-11-06,10,53,101.93,59.31692192644634,41.806218064901074,41.95948308793312,43.03928960075787,39.888069468359525,43.03928960075787
2025-11-06,11,53,119.92999999999999,56.36713900910398,52.999967473439526,53.55503532022924,51.088346049352204,56.71385027104515,51.08834604935221
2025-11-06,12,53,127.08,59.06377704403764,53.52236619134588,54.073475995011776,54.00458501880748,56.4021274281106,54.00458501880748
2025-11-06,13,53,96.75999999999999,68.85248660725408,28.841993998290526,29.339395146205494,31.570435710882037,32.79676483224896,31.57043571088203
2025-11-06,14,53,76.87,56.65360003751947,26.29946658316708,26.761380037264104,26.916723970296815,27.299610534542534,26.91672397029681
2025-11-06,15,53,46.71999999999999,22.60248379190884,51.6213959933458,51.7629775121085,42.24325289884646,45.46984473966455,42.24325289884646
2025-11-06,16,53,22.25,8.935111767295483,59.84219430428996,62.06090145179951,39.471021319285846,39.46812885417245,39.47102131928584
2025-11-06,17,12,12.14,0.6642999176950048,94.5280072677512,94.54660138793852,56.59238914718693,66.12304348608909,56.592389147186914
2025-11-06,18,7,12.08,0.47173350387199153,96.09492132556299,96.09492132556296,78.14350398600338,77.61673836511179,78.14350398600338
2025-11-06,19,7,12.08,0.44847328840249756,96.28747277812502,96.28747277812502,78.18200817254251,77.70101721151389,78.18200817254251
2025-11-07,6,7,12.08,0.42436043119115363,96.48708252325203,96.48708252325203,77.2597551090762,76.9887341817413,77.25975510907621
2025-11-07,7,47,16.249999999999993,1.6463144198060327,89.86883433965518,91.06552439393622,75.99647219866237,76.87563534710033,75.99647219866236
2025-11-07,8,53,34.449999999999996,11.710561973231535,66.00707700077929,66.27745870092747,58.137289563680106,58.13964262232506,58.1372895636801
2025-11-07,9,53,48.129999999999995,17.579373622230904,63.475226216017234,63.60732261433284,57.70788955279528,55.87818990645622,57.70788955279528
2025-11-07,10,53,53.01999999999999,24.54744388460394,53.701539259517276,53.701539259517276,51.2010492256257,46.98162818867225,51.201049225625695
2025-11-07,11,53,74.87,51.272951482594536,31.517361449720138,33.07246793939104,33.28980361694388,31.3502103209926,33.28980361694387
2025-11-07,12,53,76.94000000000003,43.026589703335944,44.077736283680885,44.544010986613166,40.630167871366716,39.68596508979927,40.630167871366716
2025-11-07,13,53,68.84,36.34628620552967,47.201792263902284,47.75673939804743,38.654644869313714,42.21001937374721,38.654644869313714
2025-11-07,14,53,45.22000000000001,24.272210479818405,46.32416965984432,49.105690658426155,43.660603809239326,42.422166919640254,43.66060380923931
2025-11-07,15,53,24.92,7.430131877734658,70.18406148581597,70.5774013728386,53.703708314663736,53.10309237675388,53.70370831466374
2025-11-07,16,50,18.34,1.6045591244991566,91.2510407606371,91.57906693293809,82.60526310151177,82.40558484624727,82.60526310151174
2025-11-07,17,8,11.95,0.6203243067015929,94.8090016175599,95.95448472103627,153.7714630080297,191.96480137151596,153.77146300802974
2025-11-07,18,7,11.940000000000001,0.46205095366996357,96.13022651867702,96.130226518677,78.16847188234694,77.65288380623842,78.16847188234694
2025-11-07,19,7,11.940000000000001,0.4395052599818045,96.31905142393799,96.31905142393796,78.20755384434773,77.73478299121162,78.20755384434771
2025-11-08,6,7,11.940000000000001,0.41804859728458454,96.49875546662827,96.49875546662827,77.56570132919661,77.26457022255454,77.5657013291966
2025-11-08,7,16,12.09,0.7261119264480533,93.99411144377126,95.77510365658617,118.92654198734228,176.21949557749588,118.92654198734229
2025-11-08,8,49,16.61,3.964869883747463,76.12962141031028,78.27650875864127,56.50965257622881,59.18120014434738,56.50965257622881
2025-11-08,9,50,20.89,5.698741276920434,72.7202428103378,75.13845511301317,52.99700647564991,53.98621649670521,52.997006475649926
2025-11-08,10,53,29.549999999999997,7.1625324919865765,75.76131136383562,77.4296203471889,61.2159075846328,64.38619789156999,61.21590758463279
2025-11-08,11,53,30.700000000000003,13.286068749008768,56.7229030976913,59.346748269781024,45.52317630372669,44.9568822750357,45.523176303726686
2025-11-08,12,53,37.4,22.347475368661417,40.247392062402625,51.25877083761979,39.825931516882584,47.430019133585645,39.82593151688257
2025-11-08,13,53,34.38,18.26574466626997,46.87101609578252,48.86046700200936,33.84867498493722,36.419454826913686,33.848674984937226
2025-11-08,14,51,21.409999999999997,16.518950435115876,22.844696706604957,74.76573188341409,99.56269597163787,95.14514575458658,99.56269597163787
2025-11-08,15,52,18.09,5.32062937424214,70.58800788146965,77.5190937890907,57.07413295999657,61.853808688935885,57.07413295999657
2025-11-08,16,47,15.869999999999997,1.7581780843549193,88.9213731294586,90.14863275509059,72.32101426874323,74.13107811408257,72.32101426874323
2025-11-08,17,9,11.96,0.5378953576685498,95.50254717668437,95.50254717668437,73.99467564041207,77.68095572173841,73.99467564041205
2025-11-08,18,8,11.95,0.467106508368109,96.09115892578987,96.09115892578988,70.90405650107398,75.92844932155347,70.904056501074
2025-11-08,19,8,11.95,0.4521673043509625,96.21617318534759,96.2161731853476,70.89577089708332,75.97197291532379,70.89577089708332
2025-11-09,6,9,12.3,0.4469395895713641,96.36634480023281,96.36634480023281,72.15674953408931,75.91648468248732,72.15674953408931
2025-11-09,7,47,16.41,1.7482585119451612,89.34638323007215,89.63115308039782,73.15690951084284,75.71141725343674,73.15690951084282
2025-11-09,8,53,36.309999999999995,30.692176007246246,15.471836939558662,43.88314387467485,37.706119337038075,48.27305155884939,37.70611933703807
2025-11-09,9,52,66.18,66.19986513935092,0.030016831899232974,18.718476264773795,28.280401631104834,28.080423902151875,28.280401631104837
2025-11-09,10,53,94.58999999999999,83.06823225408607,12.180746110491512,19.29133576462242,24.44868680220796,24.172274629994426,24.448686802207966
2025-11-09,11,53,119.87,108.90315978226361,9.148944871724693,17.401523484085462,27.365089894981697,37.59127910508692,27.36508989498169
2025-11-09,12,53,129.12,99.71670589360492,22.772067926266327,26.467671824710877,33.59976088659094,42.75421023372294,33.59976088659095
2025-11-09,13,53,108.54,105.1568471113985,3.1169641501764334,21.024879970659523,30.45147739622309,38.804414104830244,30.45147739622309
2025-11-09,14,53,98.87999999999998,88.06886426901048,10.933591960952171,13.008167476921454,18.746962494668843,26.69702681015354,18.74696249466884
2025-11-09,15,53,67.45,60.5119780091994,10.286170483025352,14.971382011806913,17.115065361832038,17.89075562023818,17.11506536183204
2025-11-09,16,53,31.96,20.909451072236116,34.576185631301264,37.935265687733285,25.7199912268425,26.529001758624588,25.71999122684249
2025-11-09,17,23,12.159999999999997,1.1080925344589647,90.88739692056772,94.63052667100305,95.15099206568188,149.35333374629687,95.15099206568186
2025-11-09,18,8,11.95,0.4677396524926763,96.08586064859685,96.08586064859686,70.90262792678574,75.9902733624952,70.90262792678574
2025-11-09,19,8,11.95,0.4476805301267731,96.25371941316509,96.25371941316509,70.90866312907156,76.05310961098886,70.90866312907156
2025-11-10,6,8,11.95,0.4298013153965028,96.4033362728326,96.4033362728326,67.69621122729728,74.81955116606525,67.69621122729728
2025-11-10,7,49,17.619999999999997,1.8926131243684974,89.25872233616063,89.82716728508231,75.49129629942432,77.49649130685383,75.49129629942432
2025-11-10,8,53,55.31,34.049678569599116,38.43847664147692,39.89594060063116,37.03752193164798,41.01437465502652,37.03752193164798
2025-11-10,9,53,95.94999999999999,73.87449364675996,23.00730208779576,24.046608902614548,28.64446189114992,31.21763755706523,28.64446189114992
2025-11-10,10,53,123.72,101.4860646483618,17.971173093790977,20.511402080334186,25.209322377570537,27.14574932082357,25.209322377570537
2025-11-10,11,53,139.33999999999997,116.9995376950179,16.033057488863264,21.125227453599262,30.538475805951528,42.98057280955015,30.538475805951524
2025-11-10,12,53,141.14999999999998,115.96328448312126,17.84393589576955,22.178792059340378,30.282199752933543,41.13657107077527,30.28219975293355
2025-11-10,13,53,130.32000000000002,107.47655467033829,17.52873337144086,21.028476868335385,27.58626359859772,38.02690810299509,27.586263598597718
2025-11-10,14,53,106.41,89.30382116060713,16.075724874911067,18.024226357756707,22.92223462232821,31.089591707697554,22.922234622328215
2025-11-10,15,53,72.44,60.789180610214466,16.083406115109792,18.109894586743604,19.866495945525756,19.837491228394757,19.866495945525752
2025-11-10,16,53,27.53,20.276693031355013,26.346919610043546,60.31775602681254,54.70781991361835,62.22484033358222,54.70781991361833
2025-11-10,17,13,13.049999999999999,0.9386019882275339,92.80764759978901,95.03305996047497,106.65321749628858,160.1114880634756,106.65321749628856
2025-11-10,18,8,12.99,0.4773094063561954,96.32556269163823,96.32556269163821,70.88103552185899,75.8915076734685,70.88103552185899
2025-11-10,19,7,10.96,0.455821668647457,95.84104316927503,95.84104316927501,66.76485686546368,74.00212393854197,66.76485686546368
2025-11-11,6,7,10.96,0.42894046402736324,96.08630963478684,96.08630963478684,64.83995250776282,72.93000220673957,64.83995250776282
2025-11-11,7,44,14.379999999999999,1.5920070361333707,88.92901922021301,89.843731861787,74.92410895215481,74.62092168701356,74.92410895215482
2025-11-11,8,52,36.12,14.187665619527953,60.72074856166125,62.549822965005006,47.80646379901326,49.95864463284689,47.806463799013244
2025-11-11,9,52,51.83,20.173758351827765,61.077062797939874,61.15926398746245,50.01723713093891,52.682955543596655,50.01723713093891
2025-11-11,10,52,82.82000000000001,48.54397693263895,41.386166466265465,50.22262632205634,36.09725820592381,43.06395040982542,36.097258205923815
2025-11-11,11,52,108.57000000000001,68.90097381582014,36.537741718872496,44.3804380625307,46.02703989653797,50.289300270846624,46.02703989653796
2025-11-11,12,52,120.67,78.62653127474272,34.84169116205957,38.45860867522326,37.473498301017194,43.455052975034455,37.47349830101719
2025-11-11,13,53,118.88,77.08425836658132,35.157925330937644,38.530309875208125,38.19097949383519,45.23069650516469,38.190979493835194
2025-11-11,14,53,98.35,79.79997967982676,18.86123062549388,23.688419343457724,27.109559587442366,34.366949475925466,27.109559587442366
2025-11-11,15,53,67.69999999999999,50.385475384246234,25.57536870864661,26.25660550056596,26.952401022016332,26.982281556338116,26.95240102201633
2025-11-11,16,53,30.98,19.819136959233976,36.026026600277675,40.08347515831956,27.072430798033725,28.505984046404254,27.072430798033725
2025-11-11,17,22,11.149999999999997,1.0814308444200276,90.30106865991006,94.23018797636954,91.95216889193453,154.85373908581832,91.95216889193453
2025-11-11,18,7,10.96,0.4695513338313438,95.71577250153884,95.71577250153884,66.74118879786683,73.94981020866447,66.74118879786683
2025-11-11,19,7,10.96,0.4476236004679501,95.91584306142383,95.9158430614238,66.73846191006193,74.02141986518622,66.73846191006194
2025-11-12,6,7,10.96,0.4279864162100817,96.09501445063793,96.09501445063793,65.19221434800289,73.12456424958779,65.19221434800288
2025-11-12,7,45,15.469999999999997,1.6611398787741067,89.2621856575688,89.50046968938436,73.93667608294001,75.00626610636193,73.93667608294002
2025-11-12,8,51,47.58999999999999,30.76699175102322,35.349880750108795,38.94918355931275,34.89814004733979,39.353294328718746,34.89814004733979
2025-11-12,9,51,84.33000000000001,67.77152294878005,19.635333868397918,24.797365901002845,28.063304527165634,33.132636537643805,28.063304527165627
2025-11-12,10,51,108.71000000000001,93.65416916177428,13.849536232384995,19.93747042954614,24.393766107209423,27.06570835199625,24.393766107209423
2025-11-12,11,51,122.24999999999999,110.45929625564035,9.644747439148984,18.080698944927263,27.89430745896462,40.91344373501802,27.89430745896461
2025-11-12,12,53,127.06000000000002,112.13707971508218,11.744782216998138,19.633779999475077,27.31219354278967,38.936687577635176,27.312193542789675
2025-11-12,13,53,121.84,101.37269150133186,16.798513212958095,19.71617279285284,26.69439353534352,35.515547835763215,26.694393535343522
2025-11-12,14,53,98.41999999999997,86.34246043571662,12.271428128717089,13.797600576063902,18.817255134536563,26.56787001448853,18.81725513453656
2025-11-12,15,53,66.58000000000001,58.852166044461335,11.60683982508062,16.447232439365525,17.08426930406554,18.083829921261188,17.084269304065543
2025-11-12,16,53,29.7,19.035013051876415,35.90904696337907,40.232096245445824,27.813188210000696,28.83796532265955,27.8131882100007
2025-11-12,17,13,11.06,0.8798757261558234,92.04452327164717,94.61269333077561,158.17071021931957,274.3358494530283,158.17071021931957
2025-11-12,18,6,10.95,0.46416306954754855,95.76106785801325,95.76106785801325,74.52352972351551,75.7548110663987,74.5235297235155
2025-11-12,19,6,10.95,0.44324576023197804,95.95209351386322,95.95209351386322,74.5635450836428,75.83696697609699,74.56354508364278
2025-11-13,6,6,10.95,0.4187544005062344,96.17575889948644,96.17575889948644,73.45970894627477,75.1033167205573,73.45970894627477
2025-11-13,7,40,13.260000000000002,1.535196439877367,88.42234962385092,90.18453112783163,70.11830121887084,70.54115692147285,70.11830121887085
2025-11-13,8,53,32.629999999999995,29.757811369052945,8.802294302626573,40.96033331707877,35.843766665658514,40.17728271305956,35.84376666565851
2025-11-13,9,53,68.88000000000001,68.05596801087442,1.1963298332252996,20.979524044909375,38.90060503324255,40.13529952195516,38.900605033242556
2025-11-13,10,53,95.30000000000001,94.29432324641643,1.0552746627319893,20.09394761351043,20.761358928690214,26.710369759800678,20.761358928690218
2025-11-13,11,53,110.27,111.20022184839874,0.8435856066008385,15.504809910239198,24.423301489330903,36.7617710669006,24.423301489330903
2025-11-13,12,53,113.86999999999999,106.08368454157385,6.83789888331092,18.454036313884973,25.6605122958388,35.26842175483221,25.6605122958388
2025-11-13,13,53,100.46000000000001,100.0965356678251,0.36180005193600817,13.085665641646985,21.468981783789015,29.035714627549563,21.468981783789015
2025-11-13,14,53,82.13,84.32598403851668,2.673790379297071,15.900919774297018,21.56098309210922,30.15796168343644,21.56098309210922
2025-11-13,15,53,54.71,57.40613794435663,4.928053270620779,27.01167674549557,31.294649904860833,33.87971658186087,31.294649904860847
2025-11-13,16,52,26.2,18.116049194910406,30.854774065227453,42.542094831007674,30.288958557124936,30.735067679373273,30.28895855712494
2025-11-13,17,10,10.99,0.715984322328244,93.48512900520251,93.51570522152024,55.156550343703344,67.79050578678999,55.15655034370335
2025-11-13,18,7,10.96,0.47112976400877526,95.70137076634329,95.70137076634329,66.7371185808028,73.94362769272367,66.73711858080279
2025-11-13,19,7,10.96,0.44744330417188866,95.91748810062145,95.91748810062143,66.76096221322719,74.02867782972969,66.76096221322719
2025-11-14,6,7,10.96,0.425536843325084,96.1173645682018,96.11736456820178,65.23249782597553,73.1795609119729,65.23249782597553
2025-11-14,7,43,13.779999999999998,1.5332007205020257,88.8737248149345,90.39782436953789,66.22783235717144,70.16824260258271,66.22783235717144
2025-11-14,8,53,36.129999999999995,25.419760885452856,29.64361780943023,38.099924246779345,34.674307813532636,34.62262399696691,34.67430781353263
2025-11-14,9,53,68.0,53.4599930828274,21.382363113489113,30.73165229751406,35.98806333910241,34.825893848701476,35.98806333910241
2025-11-14,10,53,96.98000000000003,87.25108845660834,10.031874142495036,19.862402994909168,28.278176415004037,28.717559523564297,28.278176415004037
2025-11-14,11,53,117.1,111.90311919742551,4.437985313897936,14.781571412429392,27.451450138127733,41.00991062916136,27.451450138127733
2025-11-14,12,53,124.54,109.77736623237436,11.853728735848437,15.997287125957143,24.537036578303876,34.44624859717366,24.53703657830388
2025-11-14,13,53,116.02000000000001,101.9739808817215,12.106549834751341,15.18159700493677,21.172895123579494,31.17919656941448,21.172895123579497
2025-11-14,14,53,91.83999999999999,85.34490718098812,7.072182947530351,10.589432320841121,16.387212198622244,23.9337993130761,16.387212198622247
2025-11-14,15,53,59.290000000000006,56.95667292600681,3.9354479237530713,16.96237475129693,18.535138193203167,19.208583306216138,18.53513819320317
2025-11-14,16,53,23.07,17.708085736655306,23.241934388143452,59.080067229238445,49.92693567654905,57.854534543105885,49.92693567654904
2025-11-14,17,13,11.03,0.8924780010385436,91.9086309969307,94.4460952424365,103.62190997489375,152.0734868716358,103.62190997489377
2025-11-14,18,6,10.95,0.46302679422375775,95.77144480160952,95.77144480160952,74.52694812099983,75.75941149431048,74.52694812099983
2025-11-14,19,6,10.95,0.4396644310114445,95.98479971679048,95.98479971679048,74.52563478770752,75.83866900618595,74.52563478770752
2025-11-15,6,6,10.95,0.4189106195441595,96.17433224160584,96.17433224160585,73.32735371807615,74.89385015892617,73.32735371807615
2025-11-15,7,44,14.85,1.5121829866710892,89.81694958470648,90.10200474727921,74.41020969037345,76.19375454938663,74.41020969037346
2025-11-15,8,53,42.78,27.39867257075265,35.95448206930189,37.99925894636149,35.69837693743481,36.03417289851325,35.69837693743481
2025-11-15,9,53,75.89000000000001,63.40896566150313,16.446217338907474,21.22443370112719,25.48945636097408,28.575656428324166,25.48945636097409
2025-11-15,10,53,102.26,89.76874007062328,12.215196488731394,14.788766928416383,19.48810304226311,21.192692321115306,19.48810304226311
2025-11-15,11,53,117.72,106.04360031182038,9.91879008509991,16.16234109357004,25.07180430302544,35.910232563250574,25.071804303025438
2025-11-15,12,53,88.35000000000001,104.15468432130147,17.888720227845457,32.04598606169821,45.14690827008029,53.930172454138514,45.146908270080296
2025-11-15,13,53,80.38000000000002,97.39993712936692,21.174343281123274,30.11122247837006,40.531788438419774,48.48825517269578,40.53178843841977
2025-11-15,14,53,66.22,79.03939529265662,19.35879687806799,27.954512422363603,40.33079940400107,41.037701495311396,40.33079940400107
2025-11-15,15,53,37.78999999999999,35.796406976451316,5.275451239874773,31.08406934141734,24.61868348727049,27.12068413711438,24.618683487270495
2025-11-15,16,51,18.96,10.31514706709395,45.5952158908547,61.059307781054294,44.607461325897766,42.14061917425607,44.60746132589775
2025-11-15,17,8,10.99,0.6611836690339555,93.98377007248449,93.98377007248448,69.92998731790507,74.82283129939226,69.92998731790507
2025-11-15,18,6,10.95,0.4719946155102998,95.6895468903169,95.6895468903169,74.499969115926,75.7231035551248,74.49996911592599
2025-11-15,19,6,10.95,0.4479282024495843,95.90933148447867,95.90933148447867,74.54964610002641,75.8175965257372,74.5496461000264
2025-11-16,6,6,10.95,0.42034036981553613,96.16127516150196,96.16127516150196,73.33304071911274,74.92899100860156,73.33304071911276
2025-11-16,7,42,14.149999999999999,1.4233885919708835,89.94071666451671,90.74196698361668,74.50397950166749,75.68639017452674,74.5039795016675
2025-11-16,8,52,40.77,27.554252523938228,32.415372764438985,35.46120796683396,32.00346938946986,34.982141878245024,32.00346938946985
2025-11-16,9,52,74.56,63.02978402132281,15.464345464964044,17.423354092990543,21.202687408285197,24.290280025565377,21.2026874082852
2025-11-16,10,53,100.89000000000001,91.22932287623327,9.575455569200857,12.450629715404999,18.020003434946634,19.327513128470326,18.020003434946634
2025-11-16,11,53,113.31,108.91677640608111,3.8771720006344457,10.649949074211573,21.33100502749868,32.665159423285814,21.331005027498684
2025-11-16,12,53,115.21000000000001,106.40971895898412,7.638469786490662,12.38599142902209,20.971814144517843,31.19102368923542,20.971814144517843
2025-11-16,13,53,103.67999999999999,97.70605196222493,5.7619097586565005,11.367544631516928,18.124823660283152,26.77076209645332,18.12482366028315
2025-11-16,14,53,78.30000000000003,79.05251160806874,0.9610620792703899,13.698751809886794,18.947228039600923,26.695612755218928,18.947228039600923
2025-11-16,15,53,48.8,51.823925129911665,6.196567889163253,28.168817625957505,27.41845311168227,28.670549414002373,27.418453111682272
2025-11-16,16,53,23.060000000000002,16.160376112104444,29.92031174282549,49.58553822451813,34.82949173772975,36.12591432795678,34.829491737729754
2025-11-16,17,9,10.98,0.6872162276965067,93.74120011205368,93.74120011205368,64.6040767455919,71.06952362799646,64.60407674559191
2025-11-16,18,6,10.95,0.4717354399726351,95.69191379020424,95.69191379020424,74.50074882572643,75.72415287684511,74.50074882572643
2025-11-16,19,6,10.95,0.4477804356928505,95.91068095257671,95.91068095257673,74.55092153395259,75.81872003705115,74.5509215339526
2025-11-17,6,6,10.95,0.42042591003883,96.16049397224813,96.16049397224813,73.46407941531615,74.96450435846836,73.46407941531615
2025-11-17,7,31,11.559999999999999,0.9735751160456986,91.57806993040055,93.6664606319795,68.77126188687771,76.70813312338352,68.77126188687771
2025-11-17,8,50,23.409999999999997,9.14274207595312,60.94514277679145,61.49875785050243,43.5929414817901,48.301876208708144,43.592941481790106
2025-11-17,9,53,38.529999999999994,22.788800761659072,40.85439719268343,43.09249423272456,34.612085678752344,34.05165317784583,34.61208567875234
2025-11-17,10,53,54.34000000000001,43.70718774705622,19.567192221096413,29.33751558786571,25.10528165793105,28.696092594307,25.105281657931048
2025-11-17,11,53,58.54,59.46578263547713,1.5814530841768604,29.538354202372695,35.69049083646343,41.00343783736341,35.69049083646343
2025-11-17,12,53,65.94000000000001,30.703123529421852,53.4377865795847,54.09954224243223,44.882007718315016,48.2011950111364,44.88200771831502
2025-11-17,13,53,51.86,46.811694617073236,9.734487818987203,27.345194506696824,21.64712529601786,29.45420910449589,21.647125296017865
2025-11-17,14,53,45.160000000000004,45.199266379168385,0.08694946671475111,36.73401746054861,30.96603421358801,38.5048111592286,30.966034213588017
2025-11-17,15,53,31.199999999999996,26.722050054192646,14.352403672459454,35.91255412669687,28.47125264378962,27.732643741833975,28.471252643789615
2025-11-17,16,52,18.680000000000003,9.392308736583786,49.71997464355576,63.16503656978827,45.11383255423439,42.13316313247078,45.1138325542344
2025-11-17,17,8,10.969999999999999,0.5864891566516415,94.65369957473435,94.65369957473435,60.64090019350221,71.82683791639784,60.640900193502205
2025-11-17,18,8,10.969999999999999,0.46344595690923934,95.77533311842078,95.77533311842078,60.930366409600346,72.36506021427384,60.930366409600346
2025-11-17,19,8,10.969999999999999,0.44192876808451875,95.97147886887403,95.97147886887403,60.97891602337454,72.4467810051467,60.97891602337454
2025-11-18,6,8,10.969999999999999,0.431830838864793,96.06352927197089,96.06352927197089,58.090760694692165,71.24740621939554,58.090760694692165
2025-11-18,7,45,14.25,1.3799898116179794,90.3158609711019,90.78129166122409,73.66638216080774,74.6230953479902,73.66638216080777
2025-11-18,8,53,43.120000000000005,29.48098664878331,31.63036491469548,35.544662074142295,33.331901766716605,35.29651361879425,33.33190176671661
2025-11-18,9,53,84.77000000000001,70.49319685672333,16.841810951134455,20.56957692542758,25.780966123465266,29.136364954482367,25.780966123465266
2025-11-18,10,53,112.97,102.0616517711369,9.655969043872803,14.714119293696173,21.439080760291482,23.645451756790674,21.439080760291482
2025-11-18,11,53,129.92000000000002,119.4270132630859,8.07649841203365,16.70762430233795,28.862497395110854,41.61375420531555,28.862497395110854
2025-11-18,12,53,134.14999999999998,118.3805108653338,11.75511676083949,19.782710797792113,29.87457344630129,42.170015068629866,29.874573446301284
2025-11-18,13,53,123.23000000000002,110.17075790826442,10.597453616599527,17.775480527204664,26.44378126417361,36.911046079707624,26.443781264173616
2025-11-18,14,53,98.7,91.39756587751354,7.398616132205127,13.673571075485969,20.784801712915993,29.639222910806147,20.784801712916003
2025-11-18,15,53,64.32,61.46865383302041,4.433063070552833,14.769565236040577,18.267616559017476,18.74724026028335,18.267616559017483
2025-11-18,16,53,28.459999999999997,19.410421021276747,31.79753681912597,42.76535689617197,29.3413944494465,31.335140461809353,29.341394449446504
2025-11-18,17,12,11.02,0.7164483645602591,93.4986536791265,93.60754660108658,56.21768634552381,65.33221490021087,56.217686345523795
2025-11-18,18,8,10.969999999999999,0.4747451459327588,95.67233230690283,95.67233230690285,60.90487184952923,72.32214667799614,60.90487184952923
2025-11-18,19,8,10.969999999999999,0.4485001197579774,95.91157593657267,95.91157593657267,60.93543272498647,72.41316768454176,60.93543272498647
2025-11-19,6,8,10.969999999999999,0.43264511022963087,96.05610656126134,96.05610656126136,58.159188748018266,71.26488408995326,58.159188748018266
2025-11-19,7,44,13.85,1.3555839524293138,90.21239023516742,90.82908951435766,71.16105170249138,72.74682666404667,71.16105170249138
2025-11-19,8,52,41.47,27.606134821690052,33.431071083457795,37.18683555609817,34.13735309382915,35.7499842349548,34.13735309382915
2025-11-19,9,53,79.61,67.70444467958905,14.954849039581653,19.192016634945922,24.80082703816608,27.63888681889109,24.800827038166084
2025-11-19,10,53,107.08,96.61337114573024,9.774588022291518,14.434871492987442,21.476972192229468,22.471837383483244,21.47697219222947
2025-11-19,11,53,122.59,114.97687361171833,6.210234430444303,15.273648894065698,28.232146742213892,39.086511368164295,28.232146742213892
2025-11-19,12,53,125.05000000000001,114.82715222964934,8.175008212995335,16.797287561567796,28.11556669051134,38.14123725688583,28.115566690511336
2025-11-19,13,53,116.26000000000002,104.80559946768871,9.852400251428959,17.006944605729657,25.806836487661716,35.14451497052968,25.806836487661712
2025-11-19,14,53,94.17,86.91231120939666,7.707007317195858,13.682905607239407,21.370115336327054,28.48315287150219,21.37011533632705
2025-11-19,15,53,62.25,58.51504807533799,5.999922770541387,18.161619870908595,21.562271053203588,21.278207074448996,21.56227105320359
2025-11-19,16,53,27.8,18.461060277484,33.59330835437411,46.421479153061505,31.999509756010426,32.7901032109661,31.99950975601042
2025-11-19,17,14,11.37,0.7254223264660097,93.61985640751091,93.61985640751091,56.5155651646425,64.9713444020401,56.515565164642496
2025-11-19,18,7,10.96,0.47206094529950354,95.69287458668336,95.69287458668335,66.73471739129606,74.00688455291575,66.73471739129606
2025-11-19,19,7,10.96,0.4495521223025283,95.8982470592835,95.89824705928348,66.74563359155378,74.08294111515292,66.7456335915538
2025-11-20,6,7,10.96,0.427082679837067,96.10326022046472,96.10326022046472,63.120441363213054,72.76906236100248,63.12044136321304
2025-11-20,7,42,14.1,1.3522002639937718,90.40992720571792,91.61637097468012,78.82150444287794,78.32986164008837,78.82150444287794
2025-11-20,8,52,41.80999999999999,24.76550189066735,40.76655850115438,43.55934216337787,41.68384943157703,40.806459211985526,41.68384943157704
2025-11-20,9,52,72.11,54.952920143316284,23.79292727317115,28.921683919902495,31.97704868571405,34.77888849221742,31.977048685714053
2025-11-20,10,52,91.03999999999999,77.53054795912307,14.83902904314249,23.78028457042957,28.5275550447765,27.78561855162956,28.5275550447765
2025-11-20,11,52,115.62000000000002,97.78715378942701,15.42366909753763,23.827757229023117,33.07694441134252,43.81252553175499,33.07694441134252
2025-11-20,12,52,112.6,101.65255481414785,9.722420236103149,17.143805553989964,26.472493887760418,35.75034585885131,26.472493887760415
2025-11-20,13,52,102.32000000000002,97.21955409340664,4.984798579547867,13.446271770911093,22.06174262137963,30.705721027459106,22.061742621379633
2025-11-20,14,52,88.62,79.97765213743538,9.752141573645474,15.842347057381836,21.35833994919768,29.19153996632212,21.358339949197674
2025-11-20,15,52,58.050000000000004,54.008844908498006,6.961507478900944,19.095924240376995,20.246947546025538,21.601455153476067,20.246947546025538
2025-11-20,16,52,26.16,16.433412235943585,37.18114588706581,48.303813300199266,31.609673931921556,33.480532194321846,31.609673931921563
2025-11-20,17,10,12.51,0.6649815884525624,94.68439977256146,94.68439977256146,74.06726881218415,75.52013759889564,74.06726881218415
2025-11-20,18,7,10.96,0.4719236487702663,95.69412729224209,95.69412729224209,66.73507143082473,73.94051814422207,66.73507143082473
2025-11-20,19,7,10.96,0.4470697833330087,95.92089613747255,95.92089613747254,66.773149082749,74.03169883995002,66.77314908274899
2025-11-21,6,7,10.96,0.4260639864777232,96.11255486790398,96.11255486790397,65.22389833757742,73.1565438391116,65.22389833757742
2025-11-21,7,42,13.09,1.3328562218373932,89.81775231598631,91.21790940065374,72.80704158835431,72.99314576237681,72.80704158835432
2025-11-21,8,53,37.1,25.505273014077147,31.2526333852368,35.82869693017272,30.56903242502271,32.57033061280009,30.569032425022705
2025-11-21,9,53,72.10999999999999,64.08981692157586,11.122150989355328,13.954071828121336,18.49322391335973,21.950842742446177,18.493223913359735
2025-11-21,10,53,97.98,92.98196331470689,5.101078470395096,9.512398827747887,16.46860660090516,17.33283339473344,16.46860660090516
2025-11-21,11,53,112.83999999999999,110.73274253044315,1.8674738298093247,12.245545219517954,25.433323277061092,37.35099710357411,25.433323277061096
2025-11-21,12,53,117.65000000000002,111.37494132677674,5.333666530576527,13.578069408305925,24.546871584977637,35.28400443805037,24.54687158497764
2025-11-21,13,53,108.14999999999998,101.96477294688596,5.719118865570061,12.078419150175025,20.311403455837546,30.12086151821649,20.311403455837553
2025-11-21,14,53,88.38000000000001,84.94500173292816,3.886623972699533,9.320136702321559,14.912977004027253,23.23586208678942,14.912977004027253
2025-11-21,15,53,57.720000000000006,56.61772932750421,1.9096858497848206,18.50117760064381,18.865236554134185,20.333475826739193,18.86523655413418
2025-11-21,16,53,25.13,17.631514390819074,29.838780776684935,44.61340705064599,30.254068839268083,31.76287340140156,30.25406883926808
2025-11-21,17,11,11.02,0.685227237552206,93.78196699135928,93.78196699135928,62.17632223559983,71.39693080661253,62.17632223559983
2025-11-21,18,9,10.979999999999999,0.5568403210604076,94.9285945258615,96.14713945198349,128.45848105707427,186.53005187263065,128.45848105707427
2025-11-21,19,9,10.979999999999999,0.5321748234217704,95.15323475936455,96.37177968548654,128.48823976064153,186.60055365119948,128.4882397606415
2025-11-22,6,8,10.969999999999999,0.4354977497148652,96.03010255501489,96.0301025550149,57.212426948752146,70.97227962732352,57.212426948752146
2025-11-22,7,42,12.91,1.3208782344820889,89.76856518604114,91.17297990243436,72.1449015271027,70.68488306625137,72.1449015271027
2025-11-22,8,53,37.1,25.45191401661527,31.396458176239168,35.29269434546302,35.62044119941608,33.07761099746679,35.62044119941608
2025-11-22,9,53,70.25999999999999,64.06767274497516,8.813446135816733,14.692851171061145,33.816233144900195,26.4694003863701,33.81623314490019
2025-11-22,10,53,95.81,92.68614712008633,3.260466423039005,11.038814183430961,22.654433080917325,23.678239816634274,22.65443308091732
2025-11-22,11,53,118.81,110.66822635345598,6.852767988001031,15.523240486155176,34.28693187284037,44.549527888768644,34.28693187284037
2025-11-22,12,53,117.60000000000001,110.68164582459684,5.882954230785005,13.735897371356632,31.203967608319594,40.88518209399166,31.203967608319587
2025-11-22,13,53,106.95999999999998,100.22936381552425,6.2926665898239795,12.588355761086609,26.172280174617697,35.06026063566492,26.172280174617697
2025-11-22,14,53,85.47,83.35799558745302,2.4710476337276006,9.982216797390013,15.507336999950688,23.74023346814862,15.507336999950692
2025-11-22,15,53,56.67999999999999,54.31345365230811,4.175275842787369,17.220101952067026,17.494241658029132,18.92047747808062,17.494241658029125
2025-11-22,16,53,24.429999999999996,16.947968799267507,30.626406879789155,48.70190124667108,34.82214521414626,36.78505784997101,34.82214521414626
2025-11-22,17,8,11.5,0.6923855502021297,93.97925608519888,93.97925608519888,70.31616989463686,75.02696533773346,70.31616989463686
2025-11-22,18,7,10.96,0.4715613078607862,95.69743332243807,95.69743332243806,66.73600578077186,74.00884399839497,66.73600578077188
2025-11-22,19,7,10.96,0.4533168126236567,95.86389769503964,95.86389769503961,66.7830519263034,74.0803940683913,66.7830519263034
2025-11-23,6,7,10.96,0.43319436389666915,96.04749667977491,96.05051744823696,63.04465594412181,72.56119710270197,63.044655944121814
2025-11-23,7,27,11.519999999999998,0.8779577675989985,92.37883882292536,93.48755704918146,66.12273953218767,64.27339455961896,66.12273953218767
2025-11-23,8,51,25.56,19.31629448650562,24.427642854046873,45.0069814846444,31.232145653260428,32.45069917670175,31.23214565326043
2025-11-23,9,52,50.449999999999996,37.44015224146372,25.78760705359024,36.54631370719806,29.61528049558218,34.71858877207983,29.615280495582184
2025-11-23,10,52,71.39999999999999,68.11856392409304,4.5958488458080575,24.671370296113842,21.063714389901225,27.529222438658348,21.06371438990122
2025-11-23,11,53,77.84000000000003,84.11095951843323,8.056217264174203,20.577242846887234,31.922105616033875,40.01322575121798,31.922105616033875
2025-11-23,12,53,89.22,88.57685834134259,0.7208492027094968,19.12493099880723,25.565236803636903,31.356156735264566,25.565236803636907
2025-11-23,13,53,68.16999999999999,56.604932995541084,16.965038879945585,50.358126501930236,62.118300739827426,57.94875764217041,62.11830073982744
2025-11-23,14,53,61.15,28.039594789022576,54.14620639571124,54.324551043642565,48.02103234235294,47.90231831388789,48.02103234235294
2025-11-23,15,53,31.5,14.076712646854267,55.31202334331978,56.94994470694282,42.674909026932205,43.100479677044405,42.6749090269322
2025-11-23,16,53,24.23,4.327046306432901,82.14178164905942,82.19361821529961,69.18852832187093,70.77191121076582,69.18852832187096
2025-11-23,17,7,10.96,0.5663477945171601,94.83259311571935,94.83259311571935,65.5420590024174,73.37985223988095,65.5420590024174
2025-11-23,18,7,10.96,0.4704681283446742,95.70740758809603,95.70740758809603,66.73882470680618,74.0131311584331,66.7388247068062
2025-11-23,19,7,10.96,0.4476628753020571,95.91548471439728,95.91548471439728,66.73758335359399,74.08766971265891,66.73758335359399
2025-11-24,6,7,10.96,0.4274773425125003,96.09965928364508,96.09965928364508,63.11885354888383,72.76598010737652,63.11885354888384
2025-11-24,7,40,12.99,1.1711711643415978,90.9840557017583,92.07604923964982,75.2339016883919,74.53079219380857,75.23390168839191
2025-11-24,8,52,35.77000000000001,23.661143792715038,33.85198827868317,37.597979871210484,31.453018375126206,32.79094536920839,31.45301837512621
2025-11-24,9,52,66.69,59.570006775873985,10.676253147587364,15.538586462545581,19.420865325311492,22.3979252708723,19.420865325311496
2025-11-24,10,52,92.39,86.25480193224173,6.640543422186673,10.011702851879603,15.323977741391207,15.99079902735428,15.323977741391207
2025-11-24,11,53,107.54000000000002,105.5125439220604,1.8853041453781083,11.663625146338772,22.07542958961785,32.40468714109084,22.075429589617848
2025-11-24,12,53,108.22999999999998,104.97922018610441,3.0035847860071727,12.07433880430039,25.19252090574228,32.88772074844711,25.19252090574229
2025-11-24,13,53,100.83,96.34735520401894,4.445745111555151,9.75020878868269,16.433275229370764,25.61556620227585,16.433275229370764
2025-11-24,14,53,80.41000000000003,80.83772242175738,0.5319269018248374,10.240579098019063,15.611469910649504,23.453744455799765,15.611469910649504
2025-11-24,15,53,49.17,52.4114390512996,6.59231045617165,26.950697625418574,25.33900258725115,27.62990637889093,25.339002587251162
2025-11-24,16,53,22.91,15.400488257865653,32.77831402066498,52.9861969957754,37.384153858607675,40.381988824962534,37.384153858607675
2025-11-24,17,9,11.59,0.6431246334017129,94.45103853838039,94.45103853838039,64.89534796722167,73.66603844028823,64.89534796722165
2025-11-24,18,9,11.59,0.47425897189662986,95.90803302936472,95.9080330293647,65.2497500556508,74.35783594889254,65.2497500556508
2025-11-24,19,9,11.59,0.4520394499933605,96.09974590169664,96.09974590169664,65.29431387816035,74.43602266711223,65.29431387816037
2025-11-25,6,8,10.969999999999999,0.4326498809119367,96.05606307281734,96.05606307281737,58.1579022515443,71.26440442324747,58.1579022515443
2025-11-25,7,38,12.43,1.1129050903484106,91.04662035117931,93.20996584616883,73.15993035820763,79.90839231333767,73.1599303582076
2025-11-25,8,53,37.8,24.65994726650039,34.762044268517485,38.9179750117968,35.832657663720866,35.68962919445699,35.83265766372087
2025-11-25,9,53,76.37,59.39272406628555,22.230294531510346,25.307585370705887,30.588205237684758,33.92600638171616,30.588205237684754
2025-11-25,10,53,103.98,87.38432222284233,15.960451795689243,19.716905626697898,30.117099836439458,31.36162960505473,30.117099836439454
2025-11-25,11,53,119.86999999999999,107.08630016457982,10.664636552448625,18.617631237070878,37.57096483326466,48.409561557929386,37.57096483326467
2025-11-25,12,53,123.55999999999999,108.23495095599992,12.402920883781213,20.043365512964044,37.61139146717695,48.412710291464414,37.61139146717695
2025-11-25,13,53,114.24000000000002,103.18925197932575,9.673273827621038,16.011034137818424,30.161589192323635,39.34344595879431,30.16158919232364
2025-11-25,14,53,92.97,86.45390440925276,7.0088153068164365,12.61338390474843,23.968896317162407,31.44321785733828,23.96889631716241
2025-11-25,15,53,60.71999999999999,56.23075570342372,7.393353584611782,18.08678018734368,21.2275700018295,22.19800916826224,21.2275700018295
2025-11-25,16,53,25.96,17.121737633799714,34.04569478505503,44.949820742849056,29.417170994418623,32.2269724232932,29.417170994418626
2025-11-25,17,10,11.18,0.6656838715202913,94.04576143541779,94.04576143541779,66.02255375028541,73.70236910849253,66.0225537502854
2025-11-25,18,8,11.16,0.46207372369331035,95.85955444719256,95.85955444719255,70.91541206216337,76.01081151839522,70.91541206216337
2025-11-25,19,7,10.96,0.4410048853160993,95.97623279821077,95.97623279821076,66.79112582676957,74.12572193177553,66.79112582676959
2025-11-26,6,7,10.96,0.42708372839250003,96.1032506533531,96.10325065335309,63.11994210729759,72.76881340257007,63.1199421072976
2025-11-26,7,40,12.62,1.1427747242702218,90.94473277123437,92.57049791832257,71.24406098898503,73.42894525300207,71.24406098898503
2025-11-26,8,52,36.94,23.503923420296793,36.37270324770765,39.06347035757729,34.00617505408847,34.16052512007932,34.006175054088466
2025-11-26,9,53,73.18000000000002,60.95648066623747,16.703360663791404,19.358609285498176,25.740155015001378,27.25255236568312,25.740155015001378
2025-11-26,10,53,101.74999999999999,90.6630365759211,10.896278549463283,13.088580072235612,17.518055323142796,18.855938592543552,17.5180553231428
2025-11-26,11,53,117.3,107.53601391885674,8.323943803191183,12.861619719789044,21.509283608035346,32.413812242121196,21.50928360803534
2025-11-26,12,53,119.55999999999999,107.70411415272591,9.916264509262364,13.707680856550503,21.100154337535894,31.77004933636586,21.10015433753589
2025-11-26,13,53,109.48999999999998,98.33675893684237,10.186538554349815,13.522414819295198,18.670085955741577,28.385680893785835,18.670085955741577
2025-11-26,14,53,87.92,81.87483879214508,6.875752056249906,10.123531669781949,13.686767589265884,21.80297222204407,13.686767589265886
2025-11-26,15,53,56.38,53.277972782351455,5.501999321831407,18.898348560657045,18.478697352717777,19.62019481524812,18.47869735271777
2025-11-26,16,53,24.81,14.979960099197577,39.62128134140436,49.08683067174438,34.08145511715328,35.77344061506881,34.08145511715329
2025-11-26,17,8,11.099999999999998,0.6348197889114857,94.28090280259923,94.28090280259923,70.50840024883868,75.28660990885169,70.50840024883868
2025-11-26,18,7,10.96,0.46761607761369495,95.73342994878016,95.73342994878014,66.74617914396704,74.0243161447417,66.74617914396705
2025-11-26,19,7,10.96,0.4441282090183184,95.94773531917593,95.9477353191759,66.80674610785404,74.11642933396512,66.80674610785404
2025-11-27,6,7,10.96,0.42503545317104807,96.1219392958846,96.1219392958846,63.71667029381294,72.95005988141516,63.71667029381292
2025-11-27,7,33,11.919999999999998,0.9077584804239576,92.38457650651041,93.17567437864781,69.90253455288841,71.84758434145613,69.9025345528884
2025-11-27,8,52,32.90999999999999,22.86716046284083,30.516072735214717,34.71600908680965,30.27443602727611,27.468977328230103,30.27443602727611
2025-11-27,9,52,70.58999999999999,61.89728744546303,12.31436825972087,15.704973071177411,18.831046246426837,21.82483701810288,18.831046246426837
2025-11-27,10,52,101.69999999999999,92.3123060382246,9.230770857202934,12.673565128754236,16.953976514078757,19.067367542242135,16.953976514078754
2025-11-27,11,52,118.48,111.02233481805914,6.294450693738073,11.792895048711413,21.746371680888142,33.65864880966239,21.746371680888146
2025-11-27,12,52,123.2,112.790132011848,8.4495681722013,13.582358114133006,21.6324716549837,33.9154968709022,21.632471654983696
2025-11-27,13,52,113.10999999999999,102.49192439544238,9.387388917476443,13.036305142512427,18.735201874582177,29.440180098215023,18.735201874582177
2025-11-27,14,52,92.36999999999999,85.41530076132072,7.529175315231426,10.224435534747075,14.220098700753303,22.8211233889918,14.220098700753303
2025-11-27,15,52,60.87999999999999,55.91969024197082,8.147683571007178,18.662303819582437,17.9001275207277,19.256491295846583,17.900127520727697
2025-11-27,16,52,26.250000000000004,16.86978414864933,35.734155624193036,47.79167205966331,31.238852122373718,33.53524091425954,31.238852122373714
2025-11-27,17,8,12.18,0.6413024456632233,94.73479108650884,94.73479108650884,80.4701295639049,76.69619054939646,80.4701295639049
2025-11-27,18,7,12.14,0.456188923267905,96.24226587093983,96.24226587093983,78.18358799993862,77.06084984319428,78.18358799993862
2025-11-27,19,7,12.14,0.43761324080841185,96.39527808230302,96.39527808230301,78.20907992441833,77.12936388628448,78.20907992441833
2025-11-28,6,7,12.14,0.42031845917649324,96.53773921600913,96.53773921600911,77.20841195155418,76.37670066926106,77.2084119515542
2025-11-28,7,34,13.069999999999999,0.9218491423680053,92.94683135143072,93.68196108619162,68.32367254120103,70.51362645707036,68.32367254120106
2025-11-28,8,53,34.56,21.232688350118767,38.56282306099894,41.64355591195436,34.95188151186023,34.14199097340843,34.951881511860236
2025-11-28,9,53,68.37,58.112783856305484,15.002510082923095,18.667190489383582,22.414711860488463,24.900418250081415,22.414711860488463
2025-11-28,10,53,95.66,88.84194362198095,7.127384881893217,11.092099439276867,16.65312481517901,17.49691890071027,16.65312481517901
2025-11-28,11,53,111.42,106.06497366140924,4.806162572779359,10.816346526413403,21.257563938941505,30.946062485832744,21.25756393894151
2025-11-28,12,53,114.38,106.64536072362478,6.762230526643837,11.958649096317407,21.08309095361824,30.572626020589638,21.08309095361824
2025-11-28,13,53,105.98000000000002,97.490595866595,8.010383217026812,11.339870594760072,16.279673284558545,25.865926478922674,16.279673284558548
2025-11-28,14,53,84.57999999999998,80.99855269603465,4.234390286078664,9.452005980549705,13.000314618434466,21.19637018978429,13.000314618434466
2025-11-28,15,53,55.00000000000001,52.7279885669966,4.130929878188011,20.802669765706717,20.542276321805794,21.203454256504354,20.542276321805794
2025-11-28,16,53,25.139999999999997,15.77187620496476,37.26381780045838,48.496678894143926,31.985521121756356,32.50260789725005,31.985521121756356
2025-11-28,17,8,11.049999999999999,0.6488118645601743,94.12839941574502,94.12839941574502,70.46689893252098,75.22756712565266,70.46689893252099
2025-11-28,18,7,10.96,0.4704890321850107,95.70721685962582,95.7072168596258,66.73877080314364,74.01304917911715,66.73877080314365
2025-11-28,19,7,10.96,0.44754206877784075,95.91658696370583,95.91658696370583,66.75730194235527,74.09430576208088,66.75730194235527
2025-11-29,6,7,10.96,0.4271900019508506,96.10228100409806,96.10228100409806,63.13609195434914,72.80499468265302,63.13609195434914
2025-11-29,7,33,11.749999999999998,0.9165626088394675,92.19946715881305,93.31248753390787,68.98437271338632,70.72446786042464,68.98437271338634
2025-11-29,8,53,33.21,19.946411730801277,39.93853739596123,42.84760516660879,34.412059193848265,35.61782065306275,34.412059193848265
2025-11-29,9,53,66.96,55.97228734366894,16.409367766324756,19.542083210848745,25.82799368918627,29.042088662438104,25.827993689186272
2025-11-29,10,53,93.12,85.22185815803026,8.481681531324899,12.62347635522304,29.506567280590772,29.149539490556304,29.50656728059078
2025-11-29,11,53,108.65,103.20658448433717,5.010046493937262,11.3135498982116,38.286506525420606,46.49087642849412,38.2865065254206
2025-11-29,12,53,111.49999999999999,104.1288708357487,6.610878174216402,12.41044940040036,38.521414243675785,46.437304199057614,38.52141424367578
2025-11-29,13,53,102.26,96.14871374783957,5.976223598826951,11.313978239463054,31.454373784636413,38.92654381581341,31.454373784636402
2025-11-29,14,52,81.78999999999999,78.9952022518877,3.4170408951122235,9.631101366985964,13.198838315471844,21.40014745105863,13.198838315471846
2025-11-29,15,52,52.63,51.03831624486645,3.024289863449652,20.542048280209663,19.882743626896634,21.025659678624127,19.88274362689663
2025-11-29,16,52,19.96,15.295600716899463,23.368733883269226,42.28059167883484,33.19585157004275,33.60634262188092,33.19585157004274
2025-11-29,17,7,7.12,0.6131713581953908,91.38804272197486,91.38804272197486,66.3729194260615,64.89501279056473,66.3729194260615
2025-11-29,18,7,7.12,0.4678054041293754,93.4296993802054,93.4296993802054,66.74752824314176,65.64913184574432,66.74752824314176
2025-11-29,19,7,7.12,0.4448076670804576,93.75270130504975,93.75270130504975,66.76392522148896,65.75563899656828,66.76392522148896
2025-11-30,6,6,6.53,0.4226118700005234,93.52814900458617,93.52814900458615,57.022490684157,59.68908847958444,57.022490684157
2025-11-30,7,33,7.54,0.9075382732952405,87.96368337804721,89.26471132193706,68.9239521514609,70.29708910095778,68.9239521514609
2025-11-30,8,51,29.209999999999997,19.072353778229715,34.70608086877879,36.906058213824146,32.58937447542337,31.704632292646227,32.589374475423384
2025-11-30,9,51,59.34000000000001,54.18026433192938,8.69520672071222,21.604972468158582,19.279383883794065,26.120284321589843,19.27938388379407
2025-11-30,10,51,80.47,82.5904250168973,2.6350503503135334,17.150723232088314,15.988953491696847,23.422403375164624,15.988953491696853
2025-11-30,11,51,93.62,99.93831192330441,6.7488911806285055,15.355609057344811,20.059613423652113,37.26760205442717,20.059613423652113
2025-11-30,12,51,105.42999999999999,100.09443058404531,5.0607696253008445,8.145187851543833,16.56004053685564,25.986495582103803,16.560040536855645
2025-11-30,13,51,98.09,93.26034787289817,4.923694695791454,8.830996615545498,14.356157790277631,23.869160826491587,14.356157790277631
2025-11-30,14,52,74.53000000000002,78.54562336365565,5.387928838931483,14.56925690382897,18.643108549096123,30.15666883781249,18.643108549096123
2025-11-30,15,53,47.84000000000001,50.870178512244856,6.333985184458286,23.229678187972315,23.34598958450673,24.145662126111127,23.345989584506736
2025-11-30,16,53,18.89,14.869102086258879,21.285854493071053,44.668481303193566,34.962530010275216,36.18416277362509,34.962530010275216
2025-11-30,17,7,6.88,0.6114989068832987,91.11193449297531,91.1119344929753,66.37723209061043,64.83013073816353,66.37723209061043
2025-11-30,18,7,6.88,0.46768757300608965,93.20221550863242,93.20221550863242,66.74783208822495,65.57496228060077,66.74783208822495
2025-11-30,19,7,6.88,0.44384485148234437,93.54876669357057,93.54876669357057,66.80631147715069,65.69643554582794,66.80631147715069
2025-12-01,6,6,6.53,0.4209373339968452,93.55379274124279,93.55379274124279,59.600200782415925,60.342340677457585,59.600200782415925
2025-12-01,7,25,7.08,0.7521096337681644,89.37698257389599,89.56282764863961,60.671434937939054,59.151168384447125,60.67143493793907
2025-12-01,8,53,27.760000000000005,18.3018975566422,34.07097421958863,37.97267785492116,49.0359165885982,34.678849022129796,49.035916588598205
2025-12-01,9,53,62.08000000000001,52.24414315941915,15.843841560214011,20.438939523131904,27.66092657284669,28.50416663480033,27.660926572846694
2025-12-01,10,53,89.83,79.64904880320847,11.333575861952049,15.376448327223668,27.770417061685148,26.120425879790645,27.770417061685148
2025-12-01,11,53,102.45,96.43981175376575,5.866459976802587,16.572335637123704,42.31657970206003,48.0142265858135,42.31657970206003
2025-12-01,12,53,106.25,96.05035662484198,9.5996643530899,17.02045540440837,41.18884304756222,43.94761092671881,41.18884304756222
2025-12-01,13,53,94.09,88.27519761586002,6.180042920756701,19.737320277284667,45.605288301250035,47.854139576313266,45.60528830125002
2025-12-01,14,53,74.64999999999999,72.96235672293062,2.2607411615128865,13.113754160208524,28.955591505325764,32.01248702392004,28.955591505325767
2025-12-01,15,53,48.14000000000001,45.903026593954856,4.6468080723829495,24.634474746022534,27.239370472441088,28.080077252005577,27.239370472441095
2025-12-01,16,53,19.209999999999997,12.914860789076773,32.77011562167218,47.622386865460335,40.13245257138136,43.71363854424997,40.13245257138136
2025-12-01,17,7,6.7700000000000005,0.6350570697871385,90.6195410666597,90.61954106665968,66.24239013381654,64.65620736629072,66.24239013381654
2025-12-01,18,7,6.7700000000000005,0.4738291687094601,93.00104625244519,93.00104625244519,66.73199506990785,65.54315187958542,66.73199506990785
2025-12-01,19,7,6.7700000000000005,0.44469851845661473,93.43133650728782,93.43133650728782,66.74652677911406,65.67396545679284,66.74652677911406
2025-12-02,6,7,7.720000000000001,0.42394619429824393,94.50846898577404,94.50846898577404,66.01384117832801,63.36340698166465,66.01384117832801
2025-12-02,7,16,7.81,0.6354398040631404,91.86376691340409,94.11568947244824,103.51545890799147,155.25774798015428,103.51545890799147
2025-12-02,8,52,17.399999999999995,12.422140459584234,28.60838816330898,60.253753949335994,66.93487318969922,73.54037259815834,66.93487318969922
2025-12-02,9,53,35.63,29.088327940763957,18.36001139274781,42.09114111037625,35.58352646420487,40.9271686280553,35.58352646420487
2025-12-02,10,53,43.870000000000005,42.569425647416296,2.9646098759601296,37.77177233982438,62.65187165495306,59.23235107754957,62.65187165495307
2025-12-02,11,53,58.77,57.626184359907896,1.946257682647792,38.74818511341726,48.315793812224136,54.01561240804467,48.315793812224136
2025-12-02,12,53,44.39,44.22687899104225,0.36747242387418827,46.15676468457689,68.31238619369104,70.58368883608942,68.31238619369104
2025-12-02,13,53,50.12999999999999,31.647619768282468,36.86890132000305,43.622238491345996,39.70468024386975,38.10012411502063,39.704680243869745
2025-12-02,14,53,30.350000000000005,21.048280688433056,30.64816906611844,49.362164112247,39.9694042865894,43.11332629365287,39.96940428658938
2025-12-02,15,50,18.33,10.504694191493208,42.69124827335947,63.187289115092916,67.82442083467457,75.69065053808185,67.82442083467457
2025-12-02,16,43,11.16,2.8985189319244076,74.02760813687807,77.41481822235139,55.36115776734758,53.635515349886695,55.361157767347564
2025-12-02,17,6,7.71,0.5254241294571409,93.1851604480267,93.18516044802672,74.34165277426258,65.94827020716238,74.34165277426258
2025-12-02,18,6,7.71,0.4512225105344444,94.14756795675169,94.1475679567517,74.56460392985947,66.36605857484666,74.56460392985947
2025-12-02,19,6,7.71,0.4260209979596817,94.47443582412865,94.47443582412865,74.50097181189831,66.46308075893673,74.50097181189831
2025-12-03,6,6,7.71,0.41177165904293994,94.65925215249105,94.65925215249105,73.58919430017565,65.54392635881973,73.58919430017565
2025-12-03,7,22,8.139999999999997,0.6955425795364909,91.45525086564507,91.60267101306526,61.97587190900493,58.560208803787525,61.97587190900493
2025-12-03,8,53,32.269999999999996,18.606092466111548,42.34244664979377,44.522988606871685,39.402590820900066,37.97223214531597,39.402590820900066
2025-12-03,9,53,73.70999999999998,57.301469819301,22.260928206076496,24.36854157699104,29.869345590658263,31.130513692729693,29.869345590658263
2025-12-03,10,53,101.80999999999999,87.19593990433356,14.35424820318872,16.2069965215688,24.44480274123792,24.093913333865252,24.444802741237915
2025-12-03,11,53,118.06999999999998,104.52936382900327,11.468312163120782,15.24619792238109,34.32699385000075,39.560618840787356,34.326993850000754
2025-12-03,12,53,122.08000000000003,105.87193208537934,13.276595605030048,16.55796789516907,35.37694157793448,40.05038119957594,35.376941577934474
2025-12-03,13,53,112.30999999999999,97.64094369720061,13.06122010755888,16.030041931584407,30.743920740519954,35.526234209538366,30.743920740519957
2025-12-03,14,53,89.07000000000002,81.54458845528534,8.448873408234741,12.177595111703097,24.774453570043907,28.420740718430693,24.774453570043903
2025-12-03,15,53,56.81000000000001,52.704620320911864,7.22650885246989,16.26820294397228,20.635734400178748,18.36391970640734,20.635734400178748
2025-12-03,16,53,21.53,15.086628828849975,29.927409062471096,45.156505237751645,33.03972920298158,32.965012164180216,33.03972920298159
2025-12-03,17,6,7.71,0.580022266529723,92.47701340428375,92.47701340428375,74.17739845093955,65.6408267065919,74.17739845093955
2025-12-03,18,6,7.71,0.4465723269200328,94.20788162230826,94.20788162230826,74.57859365192448,66.39224387722813,74.57859365192448
2025-12-03,19,6,7.71,0.4272426024900237,94.45859140739269,94.45859140739269,74.46380424394174,66.44522866123963,74.46380424394174
2025-12-04,6,6,7.71,0.41322684960790174,94.64037808550061,94.64037808550061,73.60125252002244,65.54268040962901,73.60125252002244
2025-12-04,7,22,8.109999999999998,0.6922589161220767,91.46413173708906,91.61209721181166,61.7496953380308,57.33587151901121,61.749695338030804
2025-12-04,8,52,30.63,17.32945002123965,43.423277762848016,45.265734824870194,39.99802725799169,38.4492965032356,39.99802725799168
2025-12-04,9,52,67.26,53.83401993811303,19.961314394717476,21.91222179390535,27.18116007436463,28.2468967773791,27.181160074364634
2025-12-04,10,52,95.05999999999999,82.19160578861546,13.537128351971942,15.196316567171525,23.639913901253113,22.639708712926694,23.639913901253117
2025-12-04,11,53,112.46000000000001,100.1841523021995,10.915745774320214,13.986106014565472,31.89623234431693,37.44796207827403,31.89623234431693
2025-12-04,12,53,114.72,101.33722965522725,11.665594791468576,14.619919137450427,31.901532862310845,36.63118943620682,31.901532862310848
2025-12-04,13,53,104.74000000000001,92.70426434886247,11.491059433967484,13.77825855305,27.643577675211656,32.18129120334294,27.64357767521166
2025-12-04,14,53,82.8,77.0691048614196,6.9213709403144845,10.867936262730732,21.31585113827194,25.830679130378236,21.315851138271935
2025-12-04,15,53,50.989999999999995,48.66210486490142,4.565395440475725,19.436211056200214,21.66641597984945,21.00069296483516,21.666415979849454
2025-12-04,16,53,19.97,13.532727887530708,32.23471263129339,48.484937740995456,36.331479125467176,38.37493593078059,36.3314791254672
2025-12-04,17,7,7.72,0.6069453249338775,92.13801392572697,92.13801392572698,66.38897417918558,63.57243998231574,66.38897417918557
2025-12-04,18,7,7.72,0.4655639251973906,93.9693792072877,93.9693792072877,66.75330823007313,64.33422056172377,66.75330823007312
2025-12-04,19,7,7.72,0.445425181019464,94.23024376917793,94.23024376917793,66.35665505194376,64.29132097438341,66.35665505194376
2025-12-05,6,7,7.72,0.42277287931808766,94.523667366346,94.523667366346,63.73539406702731,62.91440119882669,63.73539406702731
2025-12-05,7,23,8.079999999999998,0.7022366401828372,91.30895247298469,91.87889122400914,59.447490551600524,56.17710178463926,59.447490551600524
2025-12-05,8,53,32.190000000000005,16.651783615710016,48.270321168965474,49.992433405409265,43.42716052571929,43.437404145827685,43.42716052571929
2025-12-05,9,53,69.37,52.56112408882624,24.23075668325467,25.761681417891356,30.131905000570768,31.35777400760832,30.131905000570775
2025-12-05,10,53,96.42,81.18873157369576,15.796793638564862,16.915013119246648,24.615239684898537,23.802077818172645,24.61523968489854
2025-12-05,11,53,112.60000000000001,98.7296849819263,12.318219376619636,14.775432547522293,32.6266778915652,37.93737204751667,32.62667789156519
2025-12-05,12,53,116.66999999999999,100.01740979287479,14.2732409420804,16.43020814665349,33.26296912639815,37.85650305059738,33.26296912639815
2025-12-05,13,53,107.31,91.76314565701213,14.487796424366667,16.302334383940632,29.27025055472004,34.201741103027075,29.270250554720047
2025-12-05,14,53,85.81,76.28082782076174,11.104966995965807,13.996320645860802,23.76196129937816,28.479949830388374,23.761961299378168
2025-12-05,15,53,54.120000000000005,48.701810497945814,10.011436626116389,18.907042026229536,20.85358629348855,20.135733987563782,20.85358629348855
2025-12-05,16,53,20.759999999999998,13.779337944597847,33.62553976590632,47.14829785417214,34.26905176623966,36.1535541637238,34.26905176623967
2025-12-05,17,7,7.720000000000001,0.6081341865083608,92.12261416439948,92.12261416439947,66.38590852272735,63.491914181136046,66.38590852272735
2025-12-05,18,6,7.71,0.45708236626722387,94.07156463985443,94.07156463985443,74.54697500166218,66.33306157795408,74.54697500166218
2025-12-05,19,6,7.71,0.4363978735478755,94.33984599808203,94.33984599808203,74.58518631931973,66.4459026629492,74.58518631931973
2025-12-06,6,6,7.71,0.41539692934955846,94.61223178534944,94.61223178534944,73.4483384924719,65.41745425419343,73.4483384924719
2025-12-06,7,17,7.91,0.6294399068642224,92.04247905354966,92.3597336089997,53.09314223488012,45.34965346262648,53.093142234880126
2025-12-06,8,53,26.34,15.912909266664473,39.586525183506176,42.33542399689864,35.9482278201752,33.049698487296276,35.9482278201752
2025-12-06,9,53,60.53,50.1233213040768,17.19259655695225,20.407374951840893,26.48298832707296,26.496536860644127,26.482988327072963
2025-12-06,10,53,86.88000000000002,77.21905275334025,11.11987482350342,13.644323225577962,21.365660648096753,20.71301518271752,21.365660648096757
2025-12-06,11,53,102.82999999999998,95.12781917955125,7.490207935863788,11.316065518942322,27.792187538333796,34.07306322782221,27.792187538333796
2025-12-06,12,53,105.89,95.68774253373759,9.634769540336585,12.950952267362576,28.164398099316017,33.694541106101966,28.164398099316017
2025-12-06,13,53,97.3,88.26716956388013,9.283484518108805,12.304305843849717,25.11385159462418,30.099092738945405,25.113851594624194
2025-12-06,14,53,77.31,73.81161687369948,4.525136626957087,10.517817446689953,20.65414216535013,24.803583398989698,20.654142165350134
2025-12-06,15,53,48.03,46.76918698992964,2.6250531127844217,21.10849596904705,20.589836292806908,21.280423132230208,20.589836292806904
2025-12-06,16,53,19.509999999999998,13.30596629118978,31.799250173296866,50.12001158250313,39.9530564871989,40.61459009459064,39.95305648719891
2025-12-06,17,7,7.720000000000001,0.6057501785824185,92.15349509608266,92.15349509608266,66.39205604187623,63.504738348625054,66.39205604187624
2025-12-06,18,7,7.720000000000001,0.4679895852018633,93.93795874090851,93.93795874090851,66.74705330484237,64.24574568450431,66.74705330484235
2025-12-06,19,7,7.720000000000001,0.44535707244919054,94.23112600454417,94.23112600454417,66.69978507197595,64.33152186836246,66.69978507197595
2025-12-07,6,7,7.720000000000001,0.42762382410061595,94.46083129403348,94.46083129403348,64.82441584527653,62.832845759957124,64.82441584527652
2025-12-07,7,29,8.7,0.6773629100200469,92.21421942505692,92.89621783787133,70.50394155310258,72.91876627167744,70.50394155310258
2025-12-07,8,53,23.979999999999997,11.410979523529111,52.41459748319804,55.97993167907524,46.20138584129117,41.94063426474476,46.20138584129117
2025-12-07,9,53,55.91,26.521952482545505,52.563132744508124,53.598710895557964,45.24780357862605,46.138880852999016,45.247803578626055
2025-12-07,10,53,64.12,39.404132436428355,38.54626881405434,44.3543558786122,42.1220404902907,40.18813433865786,42.1220404902907
2025-12-07,11,53,80.61999999999999,62.616054629879216,22.331859799207116,25.78837584307635,34.17235999762278,34.759540269402116,34.17235999762278
2025-12-07,12,53,80.96999999999998,62.45575215211166,22.865564836221232,28.408265310514253,32.5333330556331,34.73471415766198,32.53333305563309
2025-12-07,13,53,71.08999999999999,63.76041829536963,10.310285138036795,29.63234760710321,33.62509934235346,37.68497956790852,33.625099342353465
2025-12-07,14,53,61.49,54.823423528305504,10.841724624645467,31.526174852806033,34.48052524138597,36.40414550275306,34.48052524138596
2025-12-07,15,53,34.589999999999996,22.95494287553241,33.637054421704505,39.372161942002954,28.842393294268113,31.38517936108608,28.842393294268113
2025-12-07,16,52,16.01,7.826550045956677,51.1146155780345,63.28576629971343,52.42974350351394,56.99788639704617,52.429743503513954
2025-12-07,17,7,7.720000000000001,0.5566909264525359,92.78897763662518,92.78897763662516,66.51841206368347,63.76862707948368,66.51841206368347
2025-12-07,18,7,7.720000000000001,0.464739979027579,93.98005208513499,93.98005208513499,66.75543289786526,64.2632261187759,66.75543289786526
2025-12-07,19,7,7.720000000000001,0.4410637042571723,94.28673958216098,94.28673958216098,66.81648569510716,64.39058664885954,66.81648569510716
2025-12-08,6,7,7.720000000000001,0.42259497466132767,94.52597183081181,94.52597183081181,65.74805875663911,63.381318882952456,65.74805875663911
2025-12-08,7,16,7.869999999999999,0.6199427587396611,92.1227095458747,92.94855411404507,54.82818876442161,46.484373275710794,54.82818876442162
2025-12-08,8,52,25.35,14.82750854921386,41.50884201493547,44.17021296119546,37.92749685189474,33.82637324948814,37.92749685189474
2025-12-08,9,53,59.17000000000001,49.38158470233696,16.542868510500337,19.338484438958535,24.21441029481222,24.63119843754509,24.214410294812215
2025-12-08,10,53,87.74999999999999,77.72898887101425,11.419955702547846,13.74108559763525,21.59511015177351,20.360784406625328,21.59511015177351
2025-12-08,11,53,104.68,95.66009851098586,8.61664261464859,11.971968554467296,28.628252091024514,34.308162502385834,28.628252091024514
2025-12-08,12,53,109.38999999999999,96.90362995025168,11.41454433654658,13.982203066169468,30.02814779452579,34.67739989166606,30.028147794525783
2025-12-08,13,53,100.13999999999999,88.21425133268724,11.909075960967392,14.404584499920714,26.726581109359614,31.76026811855098,26.72658110935962
2025-12-08,14,53,79.55000000000003,74.09017142991387,6.863392294262926,11.473456735190815,20.95564915230725,25.535809444558627,20.955649152307245
2025-12-08,15,53,49.870000000000005,46.245578523674,7.267739074245048,19.67375994930487,21.098679043257945,20.30427001161921,21.098679043257942
2025-12-08,16,53,19.49,12.940891009597005,33.60240631299638,49.40925979352308,37.58949938706518,38.91612654998282,37.58949938706518
2025-12-08,17,7,7.720000000000001,0.6097607018826559,92.10154531240083,92.10154531240082,66.38171431082868,63.48316475318472,66.3817143108287
2025-12-08,18,7,7.720000000000001,0.4717374153068101,93.8894117188237,93.8894117188237,66.73738896728446,64.22558518064727,66.73738896728447
2025-12-08,19,7,7.720000000000001,0.44442725341989553,94.2431702924884,94.24317029248839,66.73886102551315,64.35086192248117,66.73886102551312
2025-12-09,6,7,7.720000000000001,0.4236927245796003,94.51175227228497,94.51175227228497,65.24361427687705,63.22119931940657,65.24361427687707
2025-12-09,7,15,7.88,0.6049293085605644,92.32323212486594,92.47551638882531,53.78993186815195,47.83352329541673,53.789931868151946
2025-12-09,8,52,25.37,13.885372336406887,45.268536316882596,48.03220540095674,43.98464399406606,37.842604432739684,43.984643994066055
2025-12-09,9,53,60.63,47.24141355867474,22.082445062387034,26.053764602401998,30.31015765125511,30.98451344618262,30.310157651255107
2025-12-09,10,53,79.76,73.39150542700344,7.984571932041834,18.899536915775037,24.174904788692707,25.57729543628694,24.174904788692714
2025-12-09,11,53,95.01,88.56475782412409,6.783751369198946,16.7487599893095,29.676575288656675,35.77178351398994,29.676575288656675
2025-12-09,12,53,99.28,92.68383531979414,6.6440014909406315,16.083892254297776,32.680765860526044,39.533437661577025,32.680765860526044
2025-12-09,13,53,87.32,80.35849872418424,7.972401827548957,24.492419217820583,33.95681257940882,41.50059747934816,33.95681257940881
2025-12-09,14,53,61.480000000000004,70.35100480537696,14.429090444659979,28.07590275365938,39.575564368940036,52.587645019927386,39.575564368940036
2025-12-09,15,53,41.31999999999999,37.07261231805743,10.279253828515401,31.6948248033758,30.177388235290852,33.29051084980892,30.177388235290856
2025-12-09,16,53,19.5,10.955475669322341,43.818073490654655,52.499788922531664,40.45639110047287,40.456947671503976,40.45639110047288
2025-12-09,17,6,7.71,0.5871812229145279,92.38416053288549,92.38416053288549,74.15206580999732,65.60021803679221,74.15206580999734
2025-12-09,18,4,0.98,0.3600592412771009,63.25926109417338,63.25926109417338,62.25829248891078,45.776123222289684,62.25829248891078
2025-12-09,19,4,0.98,0.3608108892485144,63.18256232158016,63.18256232158017,62.188270300615144,45.75023825064921,62.188270300615144
2025-12-10,6,6,7.71,0.419054486978521,94.56479264619298,94.56479264619298,73.30301669063685,65.12023772804098,73.30301669063684
2025-12-10,7,13,7.819999999999999,0.6012532579002604,92.31133941304014,93.22162999936367,57.44570505292892,46.86318143122522,57.44570505292892
2025-12-10,8,53,24.909999999999997,12.862909717467362,48.36246600775848,49.73492542548152,44.77605971577929,39.295082219926215,44.77605971577928
2025-12-10,9,53,53.22999999999999,41.15843845747221,22.678116743429992,27.585016679118933,31.803993004690405,30.256949350164103,31.8039930046904
2025-12-10,10,53,57.290000000000006,68.0247589721994,18.73757893558978,39.768369425619305,46.383153668470705,53.32208613352141,46.3831536684707
2025-12-10,11,53,78.51999999999998,84.64207436475428,7.796834392198547,20.792859550534505,38.14555205874613,43.603869335273934,38.14555205874612
2025-12-10,12,53,71.15,82.33291269164505,15.717375532881297,32.4451157385585,51.08774241302467,60.077089535706016,51.08774241302469
2025-12-10,13,53,62.74000000000001,72.81307290542539,16.055264433256895,39.20266269983664,58.33473542979104,69.11519145945503,58.334735429791024
2025-12-10,14,53,70.66999999999999,58.14584173232897,17.7220295283303,25.04652146334565,29.457563524579367,34.54816392496911,29.45756352457936
2025-12-10,15,53,40.64999999999999,26.509007203519268,34.787190151244104,39.63381447296076,33.762154118691065,33.79115871184275,33.76215411869106
2025-12-10,16,52,17.339999999999996,7.989548989410249,53.92416961124423,59.1352792759157,46.48187247258838,46.911238999852145,46.48187247258838
2025-12-10,17,7,7.659999999999999,0.5592240339426919,92.69942514435128,92.69942514435128,67.90511934580856,63.26455478276161,67.90511934580856
2025-12-10,18,4,0.9099999999999999,0.36005924127710087,60.43305040910979,60.43305040910979,44.75829248891085,39.40247924745568,44.758292488910854
2025-12-10,19,4,0.9099999999999999,0.3607542255290377,60.356678513292565,60.356678513292565,44.713713613102016,39.38629861578447,44.713713613102016
2025-12-11,6,6,7.64,0.417153689943966,94.5398731682727,94.5398731682727,59.40419476737036,61.03549916677821,59.40419476737036
2025-12-11,7,8,7.66,0.5551799680122684,92.75221973874324,94.5551299097266,137.73990801237497,214.94374349407585,137.73990801237494
2025-12-11,8,51,20.220000000000002,12.36041333317303,38.87035938094447,46.31566011656055,41.247045324115476,34.89651800418467,41.247045324115476
2025-12-11,9,53,29.690000000000005,35.36312238812763,19.107855803730626,60.313315944090675,98.4446166894036,127.52632819899775,98.44461668940362
2025-12-11,10,53,40.64,45.627603168751655,12.272645592400725,54.982842213350814,73.70505078890966,87.55525937488919,73.70505078890967
2025-12-11,11,53,40.97999999999999,58.95770795212635,43.86946791636497,71.32792800112776,101.11431550683292,117.10347202593425,101.11431550683295
2025-12-11,12,52,41.83,54.88147992649899,31.201242951228764,68.4283389941556,111.7862794325497,140.9213444682657,111.78627943254972
2025-12-11,13,53,39.45000000000001,41.88959832596139,6.184026174807038,61.65441686548757,216.04238865734237,250.44088085669722,216.04238865734243
2025-12-11,14,53,38.18999999999999,35.857622896898924,6.107297991885486,51.39121131760436,71.49175320947258,93.52677355323165,71.49175320947258
2025-12-11,15,53,26.200000000000003,29.268643309937246,11.712379045561997,61.56666168501756,128.95796115642688,175.12343449337635,128.95796115642685
2025-12-11,16,44,11.66,7.361388987395011,36.86630371016285,81.63732760964002,129.1975348114659,169.9405326633521,129.1975348114659
2025-12-11,17,6,7.8999999999999995,0.5941686460151631,92.47887789854225,92.47887789854225,74.18252311030594,69.81290713751437,74.18252311030595
2025-12-11,18,4,1.17,0.3520592412771009,69.90946655751274,69.90946655751274,64.75829248891078,60.090081445688384,64.75829248891078
2025-12-11,19,4,1.17,0.35220994684191953,69.89658574000688,69.89658574000688,64.7443382699461,60.072013332866604,64.7443382699461
2025-12-12,6,6,7.8999999999999995,0.4093365565202804,94.81852460100912,94.81852460100912,75.55742281068713,71.6536546428108,75.55742281068713
2025-12-12,7,6,7.8999999999999995,0.47632302048953307,93.97059467734768,93.97059467734769,74.99957934617548,70.9920808781504,74.9995793461755
2025-12-12,8,37,9.830000000000002,4.805108972471314,51.11791482735185,78.74714594410939,116.53086645625382,104.76607371924331,116.5308664562538
2025-12-12,9,49,17.98,12.806316341129763,28.774658836875624,65.66113574633457,92.3734955553042,115.46124062572218,92.3734955553042
2025-12-12,10,53,34.690000000000005,18.078760986371627,47.884805458715405,64.50612110325302,65.29212433724871,74.36680908009016,65.2921243372487
2025-12-12,11,53,49.83,33.08267316880721,33.60892400399918,45.50436699729262,42.50443876409575,52.40381386910976,42.504438764095745
2025-12-12,12,53,45.75,35.367430164426274,22.69414171710104,50.19371203519898,59.92975032169583,64.30144440739653,59.929750321695835
2025-12-12,13,53,27.549999999999997,33.367063414943786,21.114567749342246,70.59020697029518,101.88926658247064,123.88777931852664,101.88926658247065
2025-12-12,14,53,24.199999999999996,29.063505172424026,20.097128811669553,66.45791062382771,81.49281364318794,100.13358277590096,81.49281364318794
2025-12-12,15,50,15.929999999999998,15.93006634852906,0.00041650049630856736,68.49999440833132,97.13593338743368,87.70957730972455,97.13593338743368
2025-12-12,16,38,9.479999999999999,2.7055944354019723,71.45997431010578,83.05195512395697,84.11015506602754,103.04138959812705,84.11015506602754
2025-12-12,17,8,7.920000000000001,0.6596925439188315,91.67054868789354,93.67344850329629,157.92232052975262,227.93325116665798,157.9223205297526
2025-12-12,18,5,1.18,0.36005924127710087,69.48650497651687,69.48650497651687,55.80663399112867,57.99109060063194,55.806633991128685
2025-12-12,19,5,1.18,0.3615901416533071,69.3567676564994,69.3567676564994,55.708022866108166,57.89237258729916,55.70802286610817
2025-12-13,6,7,7.909999999999999,0.42135695148639013,94.67311060067775,94.67311060067777,64.95135188203447,69.01369309673622,64.95135188203447
2025-12-13,7,7,7.909999999999999,0.4894898288773113,93.81175943265093,93.84119110974468,65.88908020683186,68.77597386651836,65.88908020683186
2025-12-13,8,23,8.159999999999998,3.5045304079902557,57.052323431491956,97.70751961110857,290.9091628199427,307.5946403804727,290.9091628199427
2025-12-13,9,41,10.870000000000001,8.109037684652701,25.399837307702843,84.64548311102077,190.38807701524462,165.07011631391808,190.38807701524456
2025-12-13,10,49,13.020000000000001,14.439422939210168,10.9018658925512,98.46098350836472,180.98140100318165,169.17078468483913,180.98140100318162
2025-12-13,11,50,14.639999999999999,19.85307712210072,35.60845028757325,101.53071674870138,258.3564093156416,197.2711841799099,258.35640931564154
2025-12-13,12,51,17.8,24.06126282397067,35.17563384253184,89.55707504664116,146.604263387175,126.89623793582791,146.604263387175
2025-12-13,13,52,27.32,42.730983931360335,56.409165195316014,90.59081867922146,116.2813631983453,138.2405093563208,116.2813631983453
2025-12-13,14,51,19.37,43.7351467867101,125.7880577527625,168.55011810161935,404.24876594997585,433.3865667123782,404.2487659499759
2025-12-13,15,48,12.05,15.741254682164879,30.63281893912762,129.47771379502612,257.75500627681424,308.9980630516165,257.75500627681424
2025-12-13,16,36,9.44,4.526256478192709,52.052367815755204,95.54014161837449,211.09890304178083,186.4076428408165,211.09890304178083
2025-12-13,17,4,7.420000000000001,0.39136275012815724,94.72556940528091,94.72556940528088,79.24182611126254,84.07942611303994,79.24182611126255
2025-12-13,18,2,0.69,0.22405924127710067,67.52764619172454,67.52764619172454,59.99277545401212,46.661850302674736,59.99277545401211
2025-12-13,19,2,0.69,0.22521777944264468,67.35974210976164,67.35974210976164,59.82201161652513,46.48602689772205,59.822011616525124
2025-12-14,6,4,7.420000000000001,0.2708273461509807,96.3500357661593,96.35003576615927,79.37914967623057,85.1844431610501,79.37914967623057
2025-12-14,7,7,7.45,0.4367344252946325,94.13779294906533,96.26728078011271,166.49898373003208,302.93811096966317,166.49898373003205
2025-12-14,8,52,23.47,13.36705697229308,43.04619952154631,45.94802070500362,38.14085786112257,36.53797581511961,38.14085786112257
2025-12-14,9,53,64.41000000000001,48.4327002933853,24.805619789807025,25.798456300317806,24.037087972036844,24.969608754436422,24.03708797203684
2025-12-14,10,53,99.02999999999999,77.90433017876484,21.332596002459002,21.571678810299787,20.895878388665725,20.90831577047483,20.895878388665732
2025-12-14,11,53,117.17,97.08850134519568,17.138771575321602,18.037250153409563,15.638608554821962,17.302359182731667,15.638608554821964
2025-12-14,12,53,122.71,99.24587826812942,19.12160519262536,19.45794640686207,16.600035936161913,18.15369922585168,16.600035936161916
2025-12-14,13,53,114.33,91.67796146046432,19.812856240300604,19.919212368849102,15.758011169861156,18.09430055993763,15.75801116986115
2025-12-14,14,53,93.29999999999998,77.24262796825691,17.21047377464424,18.215435181726264,14.337780779683968,16.73072466272608,14.337780779683971
2025-12-14,15,53,61.37999999999999,49.67663710446629,19.06706239089883,23.092636265730402,20.51727309007966,21.06166948772658,20.517273090079655
2025-12-14,16,53,23.58,14.324855597189234,39.24997626298034,47.11316529627704,34.80596281311259,37.612765386446085,34.80596281311259
2025-12-14,17,6,7.44,0.5739311501347951,92.28587163797319,94.93337259822579,220.10747620825674,421.39471835400667,220.10747620825677
2025-12-14,18,3,0.7,0.23205924127710068,66.84867981755704,66.84867981755704,46.661850302674715,39.99638772700603,46.661850302674715
2025-12-14,19,3,0.7,0.2333929705300953,66.65814706712924,66.65814706712925,46.536588217781166,39.86263454964432,46.53658821778117
2025-12-15,6,5,7.430000000000001,0.2786978157539111,96.2490199763942,96.2490199763942,67.36953558133307,79.83906964715909,67.36953558133305
2025-12-15,7,9,7.49,0.45144962182247844,93.97263522266385,95.55666328658714,73.65413749541212,104.2080331245725,73.65413749541213
2025-12-15,8,52,26.560000000000006,12.966869200883574,51.17895632197451,52.679164376706886,45.26152671711024,46.37150382526168,45.261526717110236
2025-12-15,9,53,70.02,47.23314137946324,32.54335707017532,32.82654378518611,29.867808054826956,32.00447499062808,29.867808054826956
2025-12-15,10,53,101.78999999999999,73.40707100055019,27.883808821544164,28.017003291502146,26.090928028050115,27.466003533907934,26.090928028050115
2025-12-15,11,53,116.40999999999998,90.06193634205867,22.6338490318197,25.80248339542458,21.71566212209677,24.747834441960617,21.71566212209677
2025-12-15,12,53,125.39,86.3899657285195,31.102986100550684,31.847767256985748,26.88564118966986,29.010264364847533,26.88564118966985
2025-12-15,13,53,116.22999999999999,80.67369497128874,30.59133186673944,30.591331866739445,26.443710737549576,28.811279034593397,26.443710737549573
2025-12-15,14,53,92.35,71.11826880007315,22.990504818545578,25.17676905790449,19.23768015324082,22.954552104151805,19.237680153240817
2025-12-15,15,53,60.080000000000005,47.2747577413523,21.31365222810869,24.832302533026972,22.30389665510913,22.53209145102824,22.30389665510913
2025-12-15,16,53,22.910000000000004,13.584766619759115,40.70376857372713,49.39717442451656,36.10163166491617,40.03942928034752,36.10163166491618
2025-12-15,17,6,7.44,0.4800614851979315,93.54756068282349,93.54756068282349,64.23368765959255,74.90383406801388,64.23368765959256
2025-12-15,18,3,0.7,0.23205924127710068,66.84867981755704,66.84867981755704,46.661850302674715,39.99638772700603,46.661850302674715
2025-12-15,19,3,0.7,0.23284515884089826,66.73640587987167,66.73640587987167,46.5914429949459,39.92817987673502,46.5914429949459
2025-12-16,6,5,7.430000000000001,0.2825831887971598,96.19672693408937,96.19672693408936,66.2306924263554,79.34597048621008,66.23069242635539
2025-12-16,7,7,7.470000000000001,0.41364603451568843,94.4625698190671,95.70917248578633,75.51228982729965,103.36504076032762,75.51228982729965
2025-12-16,8,51,23.270000000000003,11.515073217332224,50.51537078928997,52.35390127565077,42.79942090438272,44.925555953704176,42.79942090438272
2025-12-16,9,52,54.83,38.271214999166546,30.20022797890471,30.877136577953056,27.53732705361216,29.23257973660247,27.537327053612163
2025-12-16,10,52,81.88,65.09145531495405,20.503840602156753,21.53298824000772,19.436483181045304,20.469356146468993,19.436483181045304
2025-12-16,11,52,99.01,82.65300157573004,16.52055188796077,17.525706325528116,14.154760260332566,16.209034761274378,14.154760260332568
2025-12-16,12,52,104.25,84.34701970268465,19.0915878151706,19.516151927877885,15.482671694872518,17.95710208957477,15.482671694872515
2025-12-16,13,52,97.17000000000002,78.35891379347642,19.358944331093543,19.790698758974425,14.994703863017133,18.19021251356707,14.994703863017135
2025-12-16,14,52,78.08,66.0927432339015,15.35253171887615,17.62646529971757,12.983684727859545,15.960011421181196,12.983684727859545
2025-12-16,15,52,49.940000000000005,41.44524897821958,17.00991394028919,23.592194435834067,20.200519637541248,21.509377858730723,20.200519637541245
2025-12-16,16,52,20.57,11.536309841692901,43.91682138214438,49.57115814661863,36.10671189881032,37.81436852292352,36.106711898810325
2025-12-16,17,6,7.45,0.4665025955401192,93.73822019409236,93.73822019409236,82.62260972868339,85.42057002828993,82.62260972868339
2025-12-16,18,2,0.69,0.22405924127710067,67.52764619172454,67.52764619172454,59.99277545401212,46.661850302674736,59.99277545401211
2025-12-16,19,2,0.69,0.22485601633674576,67.41217154539916,67.41217154539918,59.88554139613635,46.56919574744059,59.88554139613635
2025-12-17,6,4,7.420000000000001,0.2706213461444588,96.35281204657063,96.35281204657062,79.38765412872627,85.1898890713236,79.38765412872627
2025-12-17,7,5,7.430000000000001,0.41643072423631644,94.39527961996883,96.36898619188842,209.73171550061815,343.05039296961314,209.73171550061815
2025-12-17,8,51,23.42,11.379305392793086,51.41201796416275,53.101480715583435,43.9951369479213,46.33011447621673,43.99513694792131
2025-12-17,9,52,59.74,41.20572867503957,31.0248934130573,31.472088308840153,28.678953416460956,30.11947971743116,28.67895341646096
2025-12-17,10,52,90.34,68.58729058695783,24.078713098342007,24.319995340686233,21.46983639921322,22.93804184341282,21.469836399213218
2025-12-17,11,52,109.99,87.54589241981047,20.405589217373873,20.911513842851775,17.10804625077669,19.481881460193048,17.108046250776695
2025-12-17,12,52,116.77,89.64545993921756,23.2290314813586,23.4273560486554,19.05222059061488,21.825530999742917,19.05222059061488
2025-12-17,13,52,108.53999999999999,83.4577781777133,23.10873578614953,23.23717207778492,18.224957259650868,21.37646981416792,18.224957259650868
2025-12-17,14,52,88.19999999999999,70.33465237576064,20.255496172606975,20.90469532942687,15.379901534303553,19.068244602284373,15.379901534303558
2025-12-17,15,52,57.36000000000001,45.447400996969435,20.768129363721357,24.616665731783407,21.160622495410824,22.919733158855454,21.160622495410827
2025-12-17,16,52,22.569999999999997,13.045357976594701,42.20045203103809,48.215418477399105,35.70196797992272,38.51365316706685,35.70196797992272
2025-12-17,17,6,7.44,0.5757505954902793,92.26141672728119,94.92847979075889,225.0948390596166,414.2857998103352,225.09483905961656
2025-12-17,18,2,0.69,0.22405924127710067,67.52764619172454,67.52764619172454,59.99277545401212,46.661850302674736,59.99277545401211
2025-12-17,19,2,0.69,0.22511072949873845,67.37525659438572,67.37525659438572,59.85010704230005,46.536380911686926,59.85010704230005
2025-12-18,6,4,7.420000000000001,0.2709806672163767,96.34796944452322,96.34796944452322,79.38225172123356,85.18455381632057,79.38225172123356
2025-12-18,7,6,7.44,0.40811331314989563,94.51460600604979,96.38282418871282,178.18648755923056,306.9160750096274,178.18648755923059
2025-12-18,8,52,23.819999999999997,11.999742084322111,49.62324901627996,51.55177110329186,42.574547320100514,42.923319087350045,42.574547320100514
2025-12-18,9,53,66.16000000000001,43.318905681629055,34.524024060415584,34.70078965660339,31.463276461563556,33.88571237949163,31.46327646156356
2025-12-18,10,53,95.83000000000001,72.15206751632277,24.708267227045013,25.022457649567208,22.3603739033895,23.923909245721937,22.3603739033895
2025-12-18,11,53,112.03000000000002,91.50501096883552,18.320975659345258,20.710663773001336,19.73068544359904,19.32145263880335,19.730685443599043
2025-12-18,12,53,114.67,92.42422668142174,19.399819759813603,23.662962749424405,20.801957428000804,22.36500161621279,20.801957428000804
2025-12-18,13,53,102.16000000000001,84.53985509436917,17.247596814438953,25.773248733085836,23.27213357524829,24.142311972089054,23.272133575248287
2025-12-18,14,53,88.34,65.86245211257915,25.444360298189782,26.661618785018522,21.60832761368535,23.941260090320046,21.60832761368535
2025-12-18,15,53,57.089999999999996,41.06864678632405,28.06332670113145,29.847579356707442,25.17711828524322,27.666445323657936,25.17711828524323
2025-12-18,16,53,22.54,13.516176359294858,40.03471002974774,49.51628383054093,36.36271816735853,40.60879751949448,36.36271816735853
2025-12-18,17,6,7.45,0.5832576821162114,92.17103782394346,94.63408374315054,132.40025533062527,222.6068048319443,132.4002553306253
2025-12-18,18,3,0.7,0.23205924127710065,66.84867981755704,66.84867981755704,46.66185030267483,40.18843016898862,46.66185030267483
2025-12-18,19,3,0.7,0.2327638150566992,66.74802642047155,66.74802642047155,46.6013352447936,40.13488812761286,46.6013352447936
2025-12-19,6,5,7.430000000000001,0.28631598089272614,96.14648747116115,96.14864884800289,63.59468076483299,78.49817372204502,63.594680764832994
2025-12-19,7,5,7.430000000000001,0.3395565005343239,95.42992596858245,95.46518842185475,65.72433900068518,78.88566596125216,65.72433900068516
2025-12-19,8,51,21.240000000000006,10.022396963780736,52.81357361685154,54.12458069441753,42.14780972139077,44.61270949944124,42.147809721390765
2025-12-19,9,52,52.699999999999996,37.37045100063671,29.08832827203659,29.651531992858644,28.420591989601046,27.796269300721292,28.420591989601043
2025-12-19,10,52,77.71,64.70193969898288,16.73923600697093,17.804124337347595,18.627170545997274,16.594609624231705,18.627170545997277
2025-12-19,11,52,90.58999999999999,82.50505902176033,8.924760987128446,12.677389231382346,13.153998185688248,12.173946661149111,13.153998185688245
2025-12-19,12,52,80.41999999999999,82.5320468300652,2.626270616843087,21.35177446733194,25.792637758148494,26.58725279729336,25.7926377581485
2025-12-19,13,52,65.63,73.63848622139768,12.202477862864072,31.317919574467552,32.09412231522669,32.96209961682967,32.0941223152267
2025-12-19,14,52,54.050000000000004,60.85836204537986,12.596414515041365,32.90891796556629,31.528158381140386,35.48972803977785,31.528158381140372
2025-12-19,15,52,38.029999999999994,28.364220791035706,25.416195658596607,40.536220236156154,36.1163080415311,36.2340671995314,36.1163080415311
2025-12-19,16,51,17.970000000000002,10.662978109467252,40.66233661954786,58.549385195579696,53.55095963680638,59.44474719120979,53.55095963680638
2025-12-19,17,4,7.420000000000001,0.46001431677397614,93.80034613512161,93.80034613512161,78.85825041829477,83.34223501748737,78.85825041829477
2025-12-19,18,2,0.69,0.22405924127710067,67.52764619172454,67.52764619172454,59.99277545401212,46.661850302674736,59.99277545401211
2025-12-19,19,2,0.69,0.22468804986705818,67.43651451202055,67.43651451202057,59.91609147962706,46.6107276530847,59.91609147962706
2025-12-20,6,4,7.420000000000001,0.27285212971908507,96.32274757790991,96.3227475779099,79.35944406199478,85.16108697428527,79.35944406199478
2025-12-20,7,4,7.420000000000001,0.33331092031143916,95.50793907936065,95.50793907936064,78.84627313756864,84.42240990108412,78.84627313756866
2025-12-20,8,48,13.34,6.27418198978218,52.967151500883205,66.17141993578743,100.52696162101029,75.6846887644279,100.52696162101029
2025-12-20,9,50,20.89,20.064188271152684,3.95314374747399,73.7454583746052,118.38219654660531,112.802215696085,118.3821965466053
2025-12-20,10,52,35.449999999999996,30.68840680112463,13.431856696404424,51.28678344005541,46.08018498120131,48.11683661949559,46.08018498120131
2025-12-20,11,52,64.67,60.76519751192673,6.038043123663635,25.79534349131653,26.552311545153874,29.54505986118662,26.552311545153877
2025-12-20,12,52,82.12,73.4544149189673,10.552344229216637,22.811626453505752,20.98137503042216,20.729989279101922,20.981375030422164
2025-12-20,13,52,91.99,63.833037649728986,30.608720893869997,31.48502897332356,29.368933203595336,29.623687274941013,29.368933203595336
2025-12-20,14,52,53.24,52.53461921025387,1.3249075690197778,22.769637695124004,25.520440723064965,22.41863062354777,25.52044072306497
2025-12-20,15,52,38.89,41.68325109085645,7.182440449618027,46.40637519777477,49.68586529288652,63.001527908199826,49.68586529288652
2025-12-20,16,51,16.31,10.528480864279807,35.44769549797788,54.28082131318001,42.92223762650475,44.163013263888665,42.922237626504746
2025-12-20,17,5,7.430000000000001,0.48382841679630906,93.48817743208198,93.48817743208197,67.07924163813743,78.04985723834004,67.07924163813745
2025-12-20,18,3,0.7,0.23205924127710068,66.84867981755704,66.84867981755704,46.661850302674715,39.99638772700603,46.661850302674715
2025-12-20,19,3,0.7,0.2326278249070158,66.76745358471202,66.76745358471203,46.6156239912995,39.96171799347463,46.61562399129951
2025-12-21,6,5,7.430000000000001,0.27853479718623303,96.25121403517855,96.25121403517855,67.2823794683425,79.80503940990971,67.2823794683425
2025-12-21,7,5,7.430000000000001,0.34247003435595325,95.39071286196562,95.39071286196562,63.651324924058116,77.8035896602318,63.65132492405811
2025-12-21,8,50,22.799999999999997,11.200982846968923,50.8728822501363,54.51522313466618,50.97219180654656,47.5004091269537,50.972191806546554
2025-12-21,9,52,61.38000000000001,45.96786060513333,25.109383178342583,26.074601101529453,25.895156241366447,23.20837262084305,25.895156241366443
2025-12-21,10,52,92.68,76.28340381017996,17.69162299290035,18.74399148666493,18.94488934324045,16.26863179924373,18.94488934324045
2025-12-21,11,52,110.49,95.52716417934154,13.542253435295915,14.273670290471102,14.046758401274573,12.266634774555593,14.046758401274575
2025-12-21,12,52,115.91,98.87858991608671,14.693650318275633,15.084406355488483,14.338782186983911,12.993153025761403,14.338782186983913
2025-12-21,13,52,107.21,91.64532571329282,14.517931430563543,15.705453131935146,14.323721167808156,13.533557425141849,14.323721167808161
2025-12-21,14,52,80.74,77.58592920279331,3.9064537988688204,18.771818887248333,22.935950568759054,21.665679054389532,22.93595056875906
2025-12-21,15,52,56.040000000000006,49.87740547291511,10.996778242478404,24.60581131674787,28.692968751308452,24.511326567642463,28.69296875130845
2025-12-21,16,52,23.049999999999997,14.64194641920482,36.47745588197475,53.149919256039915,49.336365312181954,57.10932148082539,49.33636531218196
2025-12-21,17,9,7.47,0.5922670137598784,92.07139205140726,94.83402909110247,175.21634740220395,354.6170335029332,175.21634740220395
2025-12-21,18,2,0.69,0.22405924127710067,67.52764619172454,67.52764619172454,59.99277545401212,46.661850302674736,59.99277545401211
2025-12-21,19,2,0.69,0.22490596561624146,67.4049325193853,67.4049325193853,59.87708883707717,46.558596168378145,59.87708883707716
2025-12-22,6,4,7.420000000000001,0.27546807737636353,96.2874922186474,96.28749221864737,79.34673539223999,85.13198166850427,79.34673539223998
2025-12-22,7,4,7.420000000000001,0.3260760833574473,95.60544362051957,95.60544362051957,78.93649220374445,84.52317142451975,78.93649220374446
2025-12-22,8,51,21.529999999999998,10.42906372386193,51.56031712093855,54.377230905819,43.98679054064934,44.08621496526408,43.98679054064933
2025-12-22,9,51,41.9,24.161922998524158,42.334312652686975,46.39984267846944,38.90507327598342,40.83250415554401,38.90507327598342
2025-12-22,10,52,37.8,30.1275184668273,20.297570193578565,38.37321058619978,33.82894816617746,37.8958767521593,33.828948166177454
2025-12-22,11,52,53.03999999999999,37.22466613406831,29.817748616009972,30.825854478861363,27.662532894414753,26.792091607283275,27.662532894414753
2025-12-22,12,52,77.6,38.50930769737924,50.37460348275871,51.682420777365266,43.97834539307202,45.80026175355581,43.97834539307202
2025-12-22,13,52,85.0,48.17717225390002,43.320973818941155,44.81186674863725,36.36429424169572,39.161880279024324,36.364294241695724
2025-12-22,14,52,47.510000000000005,55.921741869606514,17.705202840678822,41.91278787900406,54.784301122879874,58.15333635323956,54.784301122879896
2025-12-22,15,52,29.46,25.277015762517305,14.198860276587563,60.283312923413014,56.001051187719874,59.843502508603805,56.00105118771988
2025-12-22,16,48,12.68,7.853718182339506,38.06215944527203,72.10170686979265,65.09484315424908,65.78957937851955,65.09484315424908
2025-12-22,17,4,7.420000000000001,0.44290902428688594,94.03087568346515,94.03087568346514,78.95657444455108,83.52618481082892,78.9565744445511
2025-12-22,18,2,0.69,0.22405924127710067,67.52764619172454,67.52764619172454,59.99277545401212,46.661850302674736,59.99277545401211
2025-12-22,19,2,0.69,0.22412093815649323,67.51870461500098,67.51870461500098,59.98525144433009,46.656834296220055,59.98525144433009
2025-12-23,6,4,7.420000000000001,0.2736092478790014,96.31254382912398,96.31254382912397,79.40590212164442,85.17371224216377,79.40590212164442
2025-12-23,7,4,7.420000000000001,0.3303240483407986,95.54819341858762,95.54819341858763,79.15394154203243,84.57361746811543,79.15394154203241
2025-12-23,8,31,8.329999999999997,2.563119568968289,69.23025727529064,87.60931038124976,114.29953255265566,111.83399511580706,114.29953255265566
2025-12-23,9,47,10.959999999999999,4.304657537306462,60.7239275793206,71.1299404074808,57.372131294782456,50.150760788040536,57.372131294782434
2025-12-23,10,48,14.060000000000002,4.375099382244894,68.88265019740474,70.31971276178835,53.52356588944854,55.78526836662409,53.52356588944855
2025-12-23,11,50,17.13,9.201089308964114,46.28669405158135,53.09738564397005,41.24559981058823,38.16326557408006,41.24559981058823
2025-12-23,12,52,20.659999999999997,11.012924148495253,46.69446201115559,55.35519819816043,45.54035597974575,44.43983436545584,45.54035597974574
2025-12-23,13,52,29.969999999999995,17.7803923457128,40.67269821250316,45.84045581275688,39.59407711117598,34.264277444832445,39.59407711117597
2025-12-23,14,51,20.639999999999997,32.07200486391561,55.38762046470743,103.83361014679771,138.63200312273892,147.09699917278968,138.6320031227389
2025-12-23,15,50,15.38,7.605794967538648,50.54749696008681,58.774505573336754,46.675192866118756,50.55399994615792,46.675192866118756
2025-12-23,16,34,9.62,1.776028029519004,81.53817017132012,86.48042208528142,69.77842985136918,62.14166649094056,69.7784298513692
2025-12-23,17,5,7.430000000000001,0.3966418365238127,94.66161727424209,94.66161727424209,67.40328368180549,78.90264320251367,67.4032836818055
2025-12-23,18,3,0.7,0.23205924127710068,66.84867981755704,66.84867981755704,46.661850302674715,39.99638772700603,46.661850302674715
2025-12-23,19,3,0.7,0.23273031443607803,66.75281222341742,66.75281222341744,46.600760964982896,39.93512347476946,46.600760964982896
2025-12-24,6,5,7.430000000000001,0.27986166453424466,96.23335579361716,96.23335579361716,67.32797837125138,79.8136346008636,67.32797837125136
2025-12-24,7,5,7.430000000000001,0.334378579721039,95.49961534695774,95.49961534695774,63.98947792268809,78.01490497724896,63.98947792268807
2025-12-24,8,51,14.639999999999999,8.00942528191484,45.29081091588223,67.37728515732267,91.78297906364983,78.64888957131747,91.78297906364982
2025-12-24,9,52,30.94,22.748589046042042,26.475148526043824,47.50674004092652,57.856413303007706,53.49941640963134,57.8564133030077
2025-12-24,10,52,42.35999999999999,52.363406692471564,23.61521882075442,57.73619312347576,80.77532108727799,103.0104449313004,80.77532108727799
2025-12-24,11,52,61.27,74.73880309461781,21.982704577473157,41.12448907859503,46.01404430309384,52.13201061822771,46.014044303093854
2025-12-24,12,52,74.07,73.95241785385028,0.1587446282566695,17.603117440028964,22.770214388634063,22.58640252781924,22.770214388634074
2025-12-24,13,52,70.82999999999998,74.14298591133654,4.677376692554786,28.296556046117967,24.71809999426455,27.987307712643535,24.71809999426455
2025-12-24,14,52,54.730000000000004,63.18709215822676,15.452388376076662,31.15922707633418,38.47804711400583,41.93620141110135,38.47804711400583
2025-12-24,15,52,46.51000000000001,32.12948407614365,30.919191407990454,37.62729640562863,34.831583994331986,35.49981705452016,34.83158399433199
2025-12-24,16,51,22.090000000000003,11.549028830400223,47.71829411317238,57.912331966286516,54.849544216873284,57.456927405027514,54.849544216873284
2025-12-24,17,7,7.45,0.45823636138934604,93.84917635718998,93.84917635718999,61.297522221669745,74.23556569302275,61.29752222166975
2025-12-24,18,3,0.7,0.23205924127710068,66.84867981755704,66.84867981755704,46.661850302674715,39.99638772700603,46.661850302674715
2025-12-24,19,3,0.7,0.23250477676516632,66.78503189069052,66.78503189069053,46.613659392195814,39.931934407449745,46.613659392195814
2025-12-25,6,5,7.430000000000001,0.27729726811606414,96.26786987730735,96.26786987730733,67.26740594951612,79.80934241908595,67.26740594951612
2025-12-25,7,5,7.430000000000001,0.3389691131755492,95.4378315857934,95.4378315857934,63.92565507344391,77.94640220412835,63.92565507344392
2025-12-25,8,51,23.880000000000003,11.245771228568012,52.90715565926294,56.045273553738326,49.29250931002398,49.01344513437204,49.292509310023966
2025-12-25,9,52,66.52999999999999,47.21787696698516,29.027691316721526,30.121950025574083,30.072620952376734,28.280816495289983,30.07262095237673
2025-12-25,10,52,99.77000000000001,79.00773813700282,20.810125150844133,21.943450397966103,23.103442789255148,20.118609543076403,23.10344278925514
2025-12-25,11,52,119.86,99.79254829398229,16.74240923245262,17.34410676775575,17.026790118393215,15.786308439207478,17.026790118393215
2025-12-25,12,52,126.46000000000001,102.95807628807376,18.584472332695125,18.92120375878827,18.50799740689462,17.37024885559018,18.507997406894624
2025-12-25,13,52,119.16000000000001,94.63193983572208,20.584139110672986,20.640393839058284,19.04974694048147,18.85360158185169,19.049746940481466
2025-12-25,14,52,99.16,80.02636605923917,19.29571797172331,19.53006959361835,17.507570141478134,17.939666411016393,17.507570141478134
2025-12-25,15,52,67.38,55.066306953442584,18.27499710085695,20.12787481993451,19.654191871427358,18.269321831684117,19.654191871427365
2025-12-25,16,52,26.17,18.218580921723163,30.383718296816348,38.62567701375376,29.14781992659074,30.40503539451566,29.147819926590735
2025-12-25,17,11,6.319999999999999,0.6676595068291808,89.43576729700663,93.33104590617853,92.58546782535836,189.1077392675647,92.58546782535835
2025-12-25,18,3,0.7,0.23205924127710068,66.84867981755704,66.84867981755704,46.661850302674715,39.99638772700603,46.661850302674715
2025-12-25,19,3,0.7,0.23303107282083305,66.709846739881,66.709846739881,46.566458905382795,39.886097516929745,46.566458905382795
2025-12-26,6,4,6.24,0.27387449382619466,95.61098567586227,95.61098567586225,59.17952714253849,76.75376772339858,59.17952714253849
2025-12-26,7,4,6.24,0.3307753365210491,94.69911319677806,94.69911319677806,55.10240989426374,74.66857555976497,55.102409894263744
2025-12-26,8,51,23.959999999999997,10.872133097085081,54.623818459578125,57.29175688606817,50.45594354461893,50.98297327333129,50.455943544618926
2025-12-26,9,52,64.42999999999999,43.398576024034746,32.642284612704096,33.275857494309804,30.001655083428652,30.593109099278493,30.00165508342864
2025-12-26,10,52,96.4,73.10495817168554,24.164981149703802,25.672440475616938,26.054789949065892,24.07134500578888,26.0547899490659
2025-12-26,11,52,114.64999999999999,94.34954559242279,17.706458270891588,19.44753327772718,19.47987278945566,18.04869220321212,19.479872789455666
2025-12-26,12,52,120.15,95.28543624185008,20.694601546525114,22.663839179707466,22.337938627766913,21.032352165105163,22.337938627766906
2025-12-26,13,52,110.87999999999998,88.39075310246189,20.282509828227003,27.00228042262691,34.8762660170929,34.056442607247675,34.87626601709292
2025-12-26,14,52,91.03000000000002,75.22526994917766,17.362111447679176,25.236201093462967,23.562044666996957,26.37898331048175,23.562044666996947
2025-12-26,15,52,53.349999999999994,51.14620275792641,4.130828944842707,20.871746177992883,23.11431432683502,21.992584563683884,23.11431432683502
2025-12-26,16,52,23.94,14.820210601591551,38.09435838934189,46.02311410029051,40.54616891206234,38.61255525362468,40.54616891206235
2025-12-26,17,13,6.339999999999999,0.6736760623051709,89.37419460086481,93.07189202004845,84.1710969461446,163.9459563926086,84.17109694614462
2025-12-26,18,3,0.7,0.23205924127710065,66.84867981755704,66.84867981755704,46.66185030267483,40.18843016898862,46.66185030267483
2025-12-26,19,3,0.7,0.23352096329943514,66.63986238579498,66.63986238579498,46.52068162161414,40.028211742970974,46.52068162161413
2025-12-27,6,4,6.24,0.2666142123500263,95.72733634054445,95.72733634054444,56.582312275632106,76.1016683989754,56.5823122756321
2025-12-27,7,4,6.24,0.33042862063236333,94.70466954114802,94.72868984283996,55.92105901385972,75.23935270069606,55.92105901385972
2025-12-27,8,51,21.009999999999998,10.531107875710058,49.87573595568749,52.73551878369687,45.25226700247965,43.18779565272357,45.252267002479655
2025-12-27,9,52,55.44999999999999,39.05797263820162,29.56181670297272,30.499425314208437,29.317356743919394,29.215698798557536,29.31735674391939
2025-12-27,10,52,88.56,69.65835382736879,21.34332223648511,22.774064150866284,23.90624233233007,21.607228587706537,23.90624233233008
2025-12-27,11,52,106.86,88.59122317961418,17.095991784003203,18.280396861342478,17.774000975779995,16.586651775726516,17.774000975779995
2025-12-27,12,52,112.81,92.43387216129474,18.062341847979134,18.320193623961288,17.906452191868613,16.485715526116216,17.906452191868617
2025-12-27,13,52,106.03999999999999,87.05569072130818,17.902969896917966,18.15286018228839,17.379358124556152,16.643076036665068,17.379358124556152
2025-12-27,14,52,84.27999999999999,75.05714596055371,10.943111105180678,14.228520335888048,12.730341441182372,12.603619067286234,12.730341441182373
2025-12-27,15,52,56.92,51.597419119187066,9.350985384421882,16.860008943980315,17.991981769451783,15.529263652225358,17.99198176945178
2025-12-27,16,52,23.39,16.60753413384887,28.99728886768333,39.095676471647714,30.294203122749014,32.064974147750355,30.294203122749007
2025-12-27,17,12,6.34,0.6833929238792473,89.22093180001187,92.7359807534257,68.5471248233417,127.84686491583321,68.54712482334172
2025-12-27,18,3,0.7,0.23205924127710068,66.84867981755704,66.84867981755704,46.661850302674715,39.99638772700603,46.661850302674715
2025-12-27,19,3,0.7,0.23331272027619024,66.66961138911567,66.66961138911567,46.54190912620175,39.86377848474209,46.54190912620175
2025-12-28,6,4,6.24,0.26669678297913835,95.72601309328304,95.72601309328303,58.46734389017952,76.55223779970835,58.46734389017952
2025-12-28,7,4,6.24,0.33001711041114173,94.71126425623171,94.71126425623169,54.9096983058337,74.60554540128416,54.9096983058337
2025-12-28,8,51,19.49,10.407829282702098,46.59913143816266,49.37855268750419,42.822390718020934,40.499206026702836,42.822390718020934
2025-12-28,9,52,53.6,39.727286626332116,25.881927935947544,26.485549500449174,25.974935872016687,25.609423099147133,25.974935872016683
2025-12-28,10,52,83.95,69.64410010647208,17.04097664506006,17.989133929145602,19.440038610134508,16.999538940447017,19.44003861013451
2025-12-28,11,52,102.80999999999999,89.88456566474537,12.57215673111042,13.745482348592732,14.025130987937128,12.403743797979304,14.025130987937128
2025-12-28,12,52,109.28,92.81361158652687,15.068071388610107,15.41498591827911,15.175217394572392,13.739028495656786,15.17521739457239
2025-12-28,13,52,102.47999999999999,87.2630999836529,14.848653411736032,15.581386346418146,14.951695568761144,13.868549620589885,14.95169556876115
2025-12-28,14,52,84.32000000000001,75.17046027006218,10.850972165486038,12.445896357771176,11.683455623378263,10.719463017315832,11.683455623378258
2025-12-28,15,52,55.970000000000006,50.25768362333347,10.206032475730812,17.25470578240168,17.449158171862237,15.304047334598772,17.449158171862234
2025-12-28,16,52,23.16,15.702436031911244,32.20018984494282,39.87226450622158,31.088287538094782,32.420771550226654,31.088287538094786
2025-12-28,17,13,6.3500000000000005,0.7249418845477258,88.58359236932715,92.69786308697303,75.7651553889314,124.83673325314935,75.7651553889314
2025-12-28,18,3,0.7,0.23205924127710068,66.84867981755704,66.84867981755704,46.661850302674715,39.99638772700603,46.661850302674715
2025-12-28,19,3,0.7,0.2328655377692244,66.73349460439651,66.73349460439651,46.58942997682558,39.92582757573055,46.58942997682556
2025-12-29,6,3,5.83,0.26287251618198815,95.49103745828494,95.49103745828494,45.999601208932916,74.5729559113388,45.999601208932916
2025-12-29,7,3,5.83,0.32487098798436415,94.4275988338874,94.42759883388742,41.34402019189054,72.45086708355205,41.34402019189054
2025-12-29,8,51,18.259999999999998,10.284047358945822,43.679915887481805,47.075618079654795,41.8265868485031,38.55676318303658,41.8265868485031
2025-12-29,9,52,46.87,39.46787471499643,15.792885182427078,23.691870712355392,20.401820771917524,20.062098609866315,20.401820771917528
2025-12-29,10,52,74.28000000000002,69.68813931205736,6.1818264511882814,13.621123773240623,15.255424145322305,12.395871184391705,15.255424145322307
2025-12-29,11,52,94.03,91.21560481104311,2.993082196061782,10.372355523892898,11.43870507405795,9.738989906569882,11.438705074057951
2025-12-29,12,52,101.75,92.50861306096708,9.08244416612572,11.408752917096587,12.26214151410173,10.440343803678413,12.26214151410173
2025-12-29,13,52,87.05000000000003,86.0166844098886,1.1870368639993427,16.999283976719994,17.55208549142528,17.10209311842338,17.55208549142528
2025-12-29,14,52,75.67999999999999,74.26882080030171,1.8646659615463554,14.9704958435285,15.176052081009269,15.198914880091857,15.17605208100927
2025-12-29,15,52,50.879999999999995,49.981393515475474,1.7661290969428478,23.46447907195736,21.425165231287735,24.426230462757122,21.42516523128774
2025-12-29,16,52,21.499999999999996,16.579088630219562,22.887959859443882,36.5567689779227,28.469440460548327,29.398072919121894,28.46944046054833
2025-12-29,17,7,5.89,0.659628929073198,88.80086707855352,93.00202417372134,221.3388669902968,481.5622084456992,221.33886699029674
2025-12-29,18,2,0.29000000000000004,0.23200000000000004,19.999999999999996,19.999999999999993,19.99999999999996,19.99999999999997,19.999999999999964
2025-12-29,19,2,0.29000000000000004,0.23217853825073081,19.9384350859549,19.938435085954897,19.968118169512326,19.957490892683126,19.968118169512323
2025-12-30,6,3,5.83,0.2626281353878628,95.49522923863015,95.49522923863015,46.02857615952583,74.58465833184317,46.028576159525834
2025-12-30,7,3,5.83,0.31670474691576844,94.5676715794894,94.56767157948939,41.41996624053429,72.56098218607877,41.419966240534286
2025-12-30,8,51,18.009999999999998,10.301295277751477,42.80235825790407,46.34176219425613,39.20441598004034,37.40466464722327,39.20441598004033
2025-12-30,9,52,47.169999999999995,39.31798483134847,16.646205572718948,32.998779674680506,25.785802271590963,30.001729390249153,25.785802271590963
2025-12-30,10,52,81.83,69.90620938768923,14.57141709924327,17.509656104530848,21.521850243753956,17.062029121578924,21.52185024375395
2025-12-30,11,52,103.67,91.40957250855054,11.82639866060525,13.618949554818622,14.58518611026669,12.56997711569362,14.585186110266687
2025-12-30,12,52,107.88000000000001,93.58405732251776,13.251708080721396,22.233415369039545,24.43787994509261,24.997776020008697,24.437879945092604
2025-12-30,13,52,97.88,89.06363301558974,9.007322215376227,18.516624153627934,23.858717422054397,18.633743175766284,23.8587174220544
2025-12-30,14,52,81.03999999999998,76.44936705598354,5.664650720652068,18.932282852734765,24.230087672958405,23.102464783896185,24.230087672958405
2025-12-30,15,52,57.34,51.64660707450872,9.929181941910151,18.139641278284994,19.488719106222,17.053710508907592,19.488719106221996
2025-12-30,16,52,22.669999999999998,17.242329127943012,23.942085893502366,41.43194340839857,36.40227669417712,37.32632809065446,36.40227669417712
2025-12-30,17,7,5.869999999999999,0.654706845899409,88.84656139864721,93.2189479738741,225.22633670513454,484.3089905086457,225.22633670513454
2025-12-30,18,1,0.28,0.22400000000000003,19.999999999999996,19.999999999999996,19.999999999999996,19.999999999999996,19.999999999999996
2025-12-30,19,1,0.28,0.22400000000000003,19.999999999999996,19.999999999999996,19.999999999999996,19.999999999999996,19.999999999999996
2025-12-31,6,2,5.82,0.25827405818100646,95.56230140582463,95.56230140582463,59.286747724028366,80.8957328928684,59.28674772402837
2025-12-31,7,2,5.82,0.311566943255873,94.64661609525993,94.6466160952599,58.54916346050808,80.0520556137074,58.54916346050807
2025-12-31,8,50,12.940000000000001,7.624679316445318,41.076666797176834,57.0273066725218,52.28745171503903,48.62915875574233,52.28745171503903
2025-12-31,9,51,37.17,25.65029679539276,30.991937596468233,36.30964277432025,31.14557696106346,35.17606628973365,31.145576961063462
2025-12-31,10,51,59.59,52.33959654305772,12.16714793915469,31.556433667173795,29.19271767073157,32.81173863472665,29.192717670731568
2025-12-31,11,51,79.97,67.96942004549183,15.006352325257183,30.171723783731842,31.606924589410713,37.36911556760673,31.60692458941071
2025-12-31,12,51,91.17000000000002,74.52485446582024,18.257261746385623,26.997037843648908,24.571917442392127,26.78256330195272,24.571917442392127
2025-12-31,13,51,68.85999999999999,73.2008898731579,6.303935337144817,32.91477433079189,32.47951711010802,37.63330046888021,32.47951711010803
2025-12-31,14,51,66.50999999999999,66.44925292078686,0.09133525667287551,24.698420562078887,28.686739160984192,32.304392318468864,28.68673916098419
2025-12-31,15,51,39.870000000000005,28.320186161691975,28.968682814918555,34.70090904855611,26.595019714050526,29.35896012079942,26.595019714050526
2025-12-31,16,51,18.799999999999997,12.258087280298268,34.79740808351984,48.308668181348104,40.58037519808723,44.80619627631918,40.58037519808724
2025-12-31,17,6,5.86,0.4914375541846388,91.6136936145966,91.64842973290686,34.951273697297,58.640420604496335,34.951273697297005
2025-12-31,18,3,0.30000000000000004,0.24000000000000002,20.000000000000007,20.0,20.000000000000064,20.000000000000043,20.00000000000006
2025-12-31,19,3,0.30000000000000004,0.24032249690146668,19.892501032844454,19.892501032844446,19.96160751173022,19.941858193662497,19.96160751173022
2026-01-01,6,4,5.84,0.0,100.0,100.0,100.0,100.0,100.0
2026-01-01,7,4,5.84,0.0,100.0,100.0,100.0,100.0,100.0
