time,date,hour,site_rows,site_count,actual_city_mw,pred_city_mw,pred_nan_sites,pred_zero_sites,actual_positive_sites,capacity_sum_mw,pred_city_is_zero,actual_city_positive,suspicious_city_zero,zero_site_ratio_pct,actual_mw,pred_mw,actual_diff,pred_diff
2023-01-01 06:00:00,2023-01-01,6,22,22,0.0,0.0,0,22,0,152.01878,True,False,False,100.0,0.0,0.0,0.0,0.0
2023-01-01 07:00:00,2023-01-01,7,22,22,0.0,3.47927927664571,0,2,0,152.01878,False,False,False,9.090909090909092,0.0,3.1323,0.0,0.34697927664571004
2023-01-01 18:00:00,2023-01-01,18,22,22,0.0,0.0,0,22,0,152.01878,True,False,False,100.0,0.0,0.0,0.0,0.0
2023-01-01 19:00:00,2023-01-01,19,22,22,0.0,0.0,0,22,0,152.01878,True,False,False,100.0,0.0,0.0,0.0,0.0
2023-01-02 06:00:00,2023-01-02,6,22,22,0.0,0.0,0,22,0,152.01878,True,False,False,100.0,0.0,0.0,0.0,0.0
2023-01-02 07:00:00,2023-01-02,7,22,22,0.01,1.4751334088519408,0,11,1,152.01878,False,True,False,50.0,0.01,1.1861,0.0,0.28903340885194084
2023-01-02 18:00:00,2023-01-02,18,22,22,0.0,0.0,0,22,0,152.01878,True,False,False,100.0,0.0,0.0,0.0,0.0
2023-01-02 19:00:00,2023-01-02,19,22,22,0.0,0.0,0,22,0,152.01878,True,False,False,100.0,0.0,0.0,0.0,0.0
2023-01-03 06:00:00,2023-01-03,6,22,22,0.0,0.0,0,22,0,152.01878,True,False,False,100.0,0.0,0.0,0.0,0.0
2023-01-03 07:00:00,2023-01-03,7,22,22,0.01,1.5593480565242812,0,7,1,152.01878,False,True,False,31.818181818181817,0.01,1.263,0.0,0.2963480565242813
2023-01-03 18:00:00,2023-01-03,18,22,22,0.0,0.0,0,22,0,152.01878,True,False,False,100.0,0.0,0.0,0.0,0.0
2023-01-03 19:00:00,2023-01-03,19,22,22,0.0,0.0,0,22,0,152.01878,True,False,False,100.0,0.0,0.0,0.0,0.0
2023-01-04 06:00:00,2023-01-04,6,22,22,0.0,0.0,0,22,0,152.01878,True,False,False,100.0,0.0,0.0,0.0,0.0
2023-01-04 07:00:00,2023-01-04,7,22,22,0.01,1.6036768691719114,0,5,1,152.01878,False,True,False,22.727272727272727,0.01,1.305,0.0,0.2986768691719115
2023-01-04 18:00:00,2023-01-04,18,22,22,0.0,0.0,0,22,0,152.01878,True,False,False,100.0,0.0,0.0,0.0,0.0
2023-01-04 19:00:00,2023-01-04,19,22,22,0.0,0.0,0,22,0,152.01878,True,False,False,100.0,0.0,0.0,0.0,0.0
2023-01-05 06:00:00,2023-01-05,6,22,22,0.0,0.0,0,22,0,152.01878,True,False,False,100.0,0.0,0.0,0.0,0.0
2023-01-05 07:00:00,2023-01-05,7,22,22,0.01,1.607466255581715,0,3,1,152.01878,False,True,False,13.636363636363635,0.01,1.3075,0.0,0.29996625558171486
2023-01-05 18:00:00,2023-01-05,18,22,22,0.0,0.0,0,22,0,152.01878,True,False,False,100.0,0.0,0.0,0.0,0.0
2023-01-05 19:00:00,2023-01-05,19,22,22,0.0,0.0,0,22,0,152.01878,True,False,False,100.0,0.0,0.0,0.0,0.0
2023-01-06 06:00:00,2023-01-06,6,22,22,0.0,0.0,0,22,0,152.01878,True,False,False,100.0,0.0,0.0,0.0,0.0
2023-01-06 07:00:00,2023-01-06,7,22,22,0.0,1.6048107405729197,0,5,0,152.01878,False,False,False,22.727272727272727,0.0,1.3064,0.0,0.2984107405729197
2023-01-06 18:00:00,2023-01-06,18,22,22,0.0,0.0,0,22,0,152.01878,True,False,False,100.0,0.0,0.0,0.0,0.0
2023-01-06 19:00:00,2023-01-06,19,22,22,0.0,0.0,0,22,0,152.01878,True,False,False,100.0,0.0,0.0,0.0,0.0
2023-01-07 06:00:00,2023-01-07,6,22,22,0.0,0.0,0,22,0,152.01878,True,False,False,100.0,0.0,0.0,0.0,0.0
2023-01-07 07:00:00,2023-01-07,7,22,22,1.55,1.5968281741195414,0,4,1,152.01878,False,True,False,18.181818181818183,1.55,1.2996,0.0,0.2972281741195413
2023-01-07 18:00:00,2023-01-07,18,22,22,0.0,0.0,0,22,0,152.01878,True,False,False,100.0,0.0,0.0,0.0,0.0
2023-01-07 19:00:00,2023-01-07,19,22,22,0.0,0.0,0,22,0,152.01878,True,False,False,100.0,0.0,0.0,0.0,0.0
2023-01-08 06:00:00,2023-01-08,6,22,22,0.0,0.0,0,22,0,152.01878,True,False,False,100.0,0.0,0.0,0.0,0.0
2023-01-08 07:00:00,2023-01-08,7,22,22,1.55,1.5589510054502846,0,7,1,152.01878,False,True,False,31.818181818181817,1.55,1.2647,0.0,0.2942510054502847
2023-01-08 18:00:00,2023-01-08,18,22,22,0.0,0.0,0,22,0,152.01878,True,False,False,100.0,0.0,0.0,0.0,0.0
2023-01-08 19:00:00,2023-01-08,19,22,22,0.0,0.0,0,22,0,152.01878,True,False,False,100.0,0.0,0.0,0.0,0.0
2023-01-09 06:00:00,2023-01-09,6,22,22,0.0,0.0,0,22,0,152.01878,True,False,False,100.0,0.0,0.0,0.0,0.0
2023-01-09 07:00:00,2023-01-09,7,22,22,1.55,1.473370632858357,0,13,1,152.01878,False,True,False,59.09090909090909,1.55,1.1843,0.0,0.289070632858357
2023-01-09 18:00:00,2023-01-09,18,22,22,0.0,0.0,0,22,0,152.01878,True,False,False,100.0,0.0,0.0,0.0,0.0
2023-01-09 19:00:00,2023-01-09,19,22,22,0.0,0.0,0,22,0,152.01878,True,False,False,100.0,0.0,0.0,0.0,0.0
2023-01-10 06:00:00,2023-01-10,6,22,22,0.0,0.0,0,22,0,152.01878,True,False,False,100.0,0.0,0.0,0.0,0.0
2023-01-10 07:00:00,2023-01-10,7,22,22,1.56,1.5111698644797118,0,9,2,152.01878,False,True,False,40.909090909090914,1.56,1.2161,0.0,0.29506986447971184
2023-01-10 18:00:00,2023-01-10,18,22,22,0.0,0.0,0,22,0,152.01878,True,False,False,100.0,0.0,0.0,0.0,0.0
2023-01-10 19:00:00,2023-01-10,19,22,22,0.0,0.0,0,22,0,152.01878,True,False,False,100.0,0.0,0.0,0.0,0.0
2023-01-11 06:00:00,2023-01-11,6,22,22,0.0,0.0,0,22,0,152.01878,True,False,False,100.0,0.0,0.0,0.0,0.0
2023-01-11 07:00:00,2023-01-11,7,22,22,1.56,1.61656721419347,0,3,2,152.01878,False,True,False,13.636363636363635,1.56,1.3175,0.0,0.29906721419347004
2023-01-11 18:00:00,2023-01-11,18,22,22,0.0,0.0,0,22,0,152.01878,True,False,False,100.0,0.0,0.0,0.0,0.0
2023-01-11 19:00:00,2023-01-11,19,22,22,0.0,0.0,0,22,0,152.01878,True,False,False,100.0,0.0,0.0,0.0,0.0
2023-01-12 06:00:00,2023-01-12,6,22,22,0.0,0.0,0,22,0,152.01878,True,False,False,100.0,0.0,0.0,0.0,0.0
2023-01-12 07:00:00,2023-01-12,7,22,22,1.55,1.4307297384770852,0,17,1,152.01878,False,True,False,77.27272727272727,1.55,1.1502,0.0,0.2805297384770853
2023-01-12 18:00:00,2023-01-12,18,22,22,0.0,0.0,0,22,0,152.01878,True,False,False,100.0,0.0,0.0,0.0,0.0
2023-01-12 19:00:00,2023-01-12,19,22,22,0.0,0.0,0,22,0,152.01878,True,False,False,100.0,0.0,0.0,0.0,0.0
2023-01-13 06:00:00,2023-01-13,6,22,22,0.0,0.0,0,22,0,152.01878,True,False,False,100.0,0.0,0.0,0.0,0.0
2023-01-13 07:00:00,2023-01-13,7,22,22,1.55,1.3794019794812231,0,18,1,152.01878,False,True,False,81.81818181818183,1.55,1.1081,0.0,0.27130197948122303
2023-01-13 18:00:00,2023-01-13,18,22,22,0.0,0.0,0,22,0,152.01878,True,False,False,100.0,0.0,0.0,0.0,0.0
2023-01-13 19:00:00,2023-01-13,19,22,22,0.0,0.0,0,22,0,152.01878,True,False,False,100.0,0.0,0.0,0.0,0.0
2023-01-14 06:00:00,2023-01-14,6,22,22,0.0,0.0,0,22,0,152.01878,True,False,False,100.0,0.0,0.0,0.0,0.0
2023-01-14 07:00:00,2023-01-14,7,22,22,1.55,1.3726007692299853,0,19,1,152.01878,False,True,False,86.36363636363636,1.55,1.1023,0.0,0.27030076922998525
2023-01-14 18:00:00,2023-01-14,18,22,22,0.0,0.0,0,22,0,152.01878,True,False,False,100.0,0.0,0.0,0.0,0.0
2023-01-14 19:00:00,2023-01-14,19,22,22,0.0,0.0,0,22,0,152.01878,True,False,False,100.0,0.0,0.0,0.0,0.0
2023-01-15 06:00:00,2023-01-15,6,22,22,0.0,0.0,0,22,0,152.01878,True,False,False,100.0,0.0,0.0,0.0,0.0
2023-01-15 07:00:00,2023-01-15,7,22,22,1.55,1.4386546816736703,0,11,1,152.01878,False,True,False,50.0,1.55,1.1607,0.0,0.2779546816736702
2023-01-15 18:00:00,2023-01-15,18,22,22,0.0,0.0,0,22,0,152.01878,True,False,False,100.0,0.0,0.0,0.0,0.0
2023-01-15 19:00:00,2023-01-15,19,22,22,0.0,0.0,0,22,0,152.01878,True,False,False,100.0,0.0,0.0,0.0,0.0
2023-01-16 06:00:00,2023-01-16,6,22,22,0.0,0.0,0,22,0,152.01878,True,False,False,100.0,0.0,0.0,0.0,0.0
2023-01-16 07:00:00,2023-01-16,7,22,22,1.55,1.6001500692349393,0,1,1,152.01878,False,True,False,4.545454545454546,1.55,1.3187,0.0,0.2814500692349393
2023-01-16 18:00:00,2023-01-16,18,22,22,0.0,0.0,0,22,0,152.01878,True,False,False,100.0,0.0,0.0,0.0,0.0
2023-01-16 19:00:00,2023-01-16,19,22,22,0.0,0.0,0,22,0,152.01878,True,False,False,100.0,0.0,0.0,0.0,0.0
2023-01-17 06:00:00,2023-01-17,6,22,22,0.0,0.0,0,22,0,152.01878,True,False,False,100.0,0.0,0.0,0.0,0.0
2023-01-17 07:00:00,2023-01-17,7,22,22,1.55,1.5304695829958268,0,6,1,152.01878,False,True,False,27.27272727272727,1.55,1.2409,0.0,0.2895695829958269
2023-01-17 18:00:00,2023-01-17,18,22,22,0.0,0.0,0,22,0,152.01878,True,False,False,100.0,0.0,0.0,0.0,0.0
2023-01-17 19:00:00,2023-01-17,19,22,22,0.0,0.0,0,22,0,152.01878,True,False,False,100.0,0.0,0.0,0.0,0.0
2023-01-18 06:00:00,2023-01-18,6,22,22,0.0,0.0,0,22,0,152.01878,True,False,False,100.0,0.0,0.0,0.0,0.0
2023-01-18 07:00:00,2023-01-18,7,22,22,1.56,1.567387080260456,0,2,2,152.01878,False,True,False,9.090909090909092,1.56,1.2847,0.0,0.28268708026045597
2023-01-18 18:00:00,2023-01-18,18,22,22,0.0,0.0,0,22,0,152.01878,True,False,False,100.0,0.0,0.0,0.0,0.0
2023-01-18 19:00:00,2023-01-18,19,22,22,0.0,0.0,0,22,0,152.01878,True,False,False,100.0,0.0,0.0,0.0,0.0
2023-01-19 06:00:00,2023-01-19,6,22,22,0.0,0.0,0,22,0,152.01878,True,False,False,100.0,0.0,0.0,0.0,0.0
2023-01-19 07:00:00,2023-01-19,7,22,22,1.57,1.5477870719823776,0,9,3,152.01878,False,True,False,40.909090909090914,1.57,1.2463,0.0,0.3014870719823777
2023-01-19 18:00:00,2023-01-19,18,22,22,0.0,0.0,0,22,0,152.01878,True,False,False,100.0,0.0,0.0,0.0,0.0
2023-01-19 19:00:00,2023-01-19,19,22,22,0.0,0.0,0,22,0,152.01878,True,False,False,100.0,0.0,0.0,0.0,0.0
2023-01-20 06:00:00,2023-01-20,6,22,22,0.0,0.0,0,22,0,152.01878,True,False,False,100.0,0.0,0.0,0.0,0.0
2023-01-20 07:00:00,2023-01-20,7,22,22,1.55,1.5962897128542544,0,2,1,152.01878,False,True,False,9.090909090909092,1.55,1.3084,0.0,0.28788971285425435
2023-01-20 18:00:00,2023-01-20,18,22,22,0.0,0.0,0,22,0,152.01878,True,False,False,100.0,0.0,0.0,0.0,0.0
2023-01-20 19:00:00,2023-01-20,19,22,22,0.0,0.0,0,22,0,152.01878,True,False,False,100.0,0.0,0.0,0.0,0.0
2023-01-21 06:00:00,2023-01-21,6,22,22,0.0,0.0,0,22,0,152.01878,True,False,False,100.0,0.0,0.0,0.0,0.0
2023-01-21 07:00:00,2023-01-21,7,22,22,1.55,1.536303350408548,0,10,1,152.01878,False,True,False,45.45454545454545,1.55,1.2373,0.0,0.29900335040854786
2023-01-21 18:00:00,2023-01-21,18,22,22,0.0,0.0,0,22,0,152.01878,True,False,False,100.0,0.0,0.0,0.0,0.0
2023-01-21 19:00:00,2023-01-21,19,22,22,0.0,0.0,0,22,0,152.01878,True,False,False,100.0,0.0,0.0,0.0,0.0
2023-01-22 06:00:00,2023-01-22,6,22,22,0.0,0.0,0,22,0,152.01878,True,False,False,100.0,0.0,0.0,0.0,0.0
2023-01-22 07:00:00,2023-01-22,7,22,22,1.56,1.4293054105509508,0,15,2,152.01878,False,True,False,68.18181818181817,1.56,1.1491,0.0,0.28020541055095083
2023-01-22 18:00:00,2023-01-22,18,22,22,0.0,0.0,0,22,0,152.01878,True,False,False,100.0,0.0,0.0,0.0,0.0
2023-01-22 19:00:00,2023-01-22,19,22,22,0.0,0.0,0,22,0,152.01878,True,False,False,100.0,0.0,0.0,0.0,0.0
2023-01-23 06:00:00,2023-01-23,6,22,22,0.0,0.0,0,22,0,152.01878,True,False,False,100.0,0.0,0.0,0.0,0.0
2023-01-23 07:00:00,2023-01-23,7,22,22,1.55,1.4077501234248624,0,18,1,152.01878,False,True,False,81.81818181818183,1.55,1.1302,0.0,0.2775501234248623
2023-01-23 18:00:00,2023-01-23,18,22,22,0.0,0.0,0,22,0,152.01878,True,False,False,100.0,0.0,0.0,0.0,0.0
2023-01-23 19:00:00,2023-01-23,19,22,22,0.0,0.0,0,22,0,152.01878,True,False,False,100.0,0.0,0.0,0.0,0.0
2023-01-24 06:00:00,2023-01-24,6,22,22,0.0,0.0,0,22,0,152.01878,True,False,False,100.0,0.0,0.0,0.0,0.0
2023-01-24 07:00:00,2023-01-24,7,22,22,1.55,1.287641751470387,0,6,1,152.01878,False,True,False,27.27272727272727,1.55,1.0492,0.0,0.23844175147038715
2023-01-24 18:00:00,2023-01-24,18,22,22,0.0,0.0,0,22,0,152.01878,True,False,False,100.0,0.0,0.0,0.0,0.0
2023-01-24 19:00:00,2023-01-24,19,22,22,0.0,0.0,0,22,0,152.01878,True,False,False,100.0,0.0,0.0,0.0,0.0
2023-01-25 06:00:00,2023-01-25,6,22,22,0.0,0.0,0,22,0,152.01878,True,False,False,100.0,0.0,0.0,0.0,0.0
2023-01-25 07:00:00,2023-01-25,7,22,22,1.56,1.3850675542256972,0,5,2,152.01878,False,True,False,22.727272727272727,1.56,1.1249,0.0,0.26016755422569715
2023-01-25 18:00:00,2023-01-25,18,22,22,0.0,0.0,0,22,0,152.01878,True,False,False,100.0,0.0,0.0,0.0,0.0
2023-01-25 19:00:00,2023-01-25,19,22,22,0.0,0.0,0,22,0,152.01878,True,False,False,100.0,0.0,0.0,0.0,0.0
2023-01-26 06:00:00,2023-01-26,6,22,22,0.0,0.0,0,22,0,152.01878,True,False,False,100.0,0.0,0.0,0.0,0.0
2023-01-26 07:00:00,2023-01-26,7,22,22,1.55,1.4042546832411928,0,18,1,152.01878,False,True,False,81.81818181818183,1.55,1.1280000000000001,0.0,0.27625468324119273
2023-01-26 18:00:00,2023-01-26,18,22,22,0.0,0.0,0,22,0,152.01878,True,False,False,100.0,0.0,0.0,0.0,0.0
2023-01-26 19:00:00,2023-01-26,19,22,22,0.0,0.0,0,22,0,152.01878,True,False,False,100.0,0.0,0.0,0.0,0.0
2023-01-27 06:00:00,2023-01-27,6,22,22,0.0,0.0,0,22,0,152.01878,True,False,False,100.0,0.0,0.0,0.0,0.0
2023-01-27 07:00:00,2023-01-27,7,22,22,1.55,1.4059690678349641,0,7,1,152.01878,False,True,False,31.818181818181817,1.55,1.1467,0.0,0.25926906783496406
2023-01-27 18:00:00,2023-01-27,18,22,22,0.0,0.0,0,22,0,152.01878,True,False,False,100.0,0.0,0.0,0.0,0.0
2023-01-27 19:00:00,2023-01-27,19,22,22,0.0,0.0,0,22,0,152.01878,True,False,False,100.0,0.0,0.0,0.0,0.0
2023-01-28 06:00:00,2023-01-28,6,22,22,0.0,0.0,0,22,0,152.01878,True,False,False,100.0,0.0,0.0,0.0,0.0
2023-01-28 07:00:00,2023-01-28,7,22,22,1.56,1.4840253681020155,0,4,1,152.01878,False,True,False,18.181818181818183,1.56,1.219,0.0,0.2650253681020154
2023-01-28 18:00:00,2023-01-28,18,22,22,0.0,0.0,0,22,0,152.01878,True,False,False,100.0,0.0,0.0,0.0,0.0
2023-01-28 19:00:00,2023-01-28,19,22,22,0.0,0.0,0,22,0,152.01878,True,False,False,100.0,0.0,0.0,0.0,0.0
2023-01-29 06:00:00,2023-01-29,6,22,22,0.0,0.0,0,22,0,152.01878,True,False,False,100.0,0.0,0.0,0.0,0.0
2023-01-29 07:00:00,2023-01-29,7,22,22,1.57,1.888977878068359,0,0,2,152.01878,False,True,False,0.0,1.57,1.5912000000000002,0.0,0.29777787806835887
2023-01-29 18:00:00,2023-01-29,18,22,22,0.0,0.0,0,22,0,152.01878,True,False,False,100.0,0.0,0.0,0.0,0.0
2023-01-29 19:00:00,2023-01-29,19,22,22,0.0,0.0,0,22,0,152.01878,True,False,False,100.0,0.0,0.0,0.0,0.0
2023-01-30 06:00:00,2023-01-30,6,22,22,0.0,0.0,0,22,0,152.01878,True,False,False,100.0,0.0,0.0,0.0,0.0
2023-01-30 07:00:00,2023-01-30,7,22,22,1.55,1.9556305487609054,0,1,1,152.01878,False,True,False,4.545454545454546,1.55,1.6594,0.0,0.2962305487609054
2023-01-30 18:00:00,2023-01-30,18,22,22,0.0,0.0,0,22,0,152.01878,True,False,False,100.0,0.0,0.0,0.0,0.0
2023-01-30 19:00:00,2023-01-30,19,22,22,0.0,0.0,0,22,0,152.01878,True,False,False,100.0,0.0,0.0,0.0,0.0
2023-01-31 06:00:00,2023-01-31,6,22,22,0.0,0.0,0,22,0,152.01878,True,False,False,100.0,0.0,0.0,0.0,0.0
2023-01-31 07:00:00,2023-01-31,7,22,22,1.57,1.7906515494177202,0,1,2,152.01878,False,True,False,4.545454545454546,1.57,1.499,0.0,0.2916515494177201
2023-01-31 18:00:00,2023-01-31,18,22,22,0.0,0.0,0,22,0,152.01878,True,False,False,100.0,0.0,0.0,0.0,0.0
2023-01-31 19:00:00,2023-01-31,19,22,22,0.0,0.0,0,22,0,152.01878,True,False,False,100.0,0.0,0.0,0.0,0.0
2023-02-01 06:00:00,2023-02-01,6,22,22,0.0,0.0,0,22,0,152.01878,True,False,False,100.0,0.0,0.0,0.0,0.0
2023-02-01 07:00:00,2023-02-01,7,22,22,1.55,2.109324368705913,0,11,1,152.01878,False,True,False,50.0,1.55,1.7076,0.0,0.4017243687059129
2023-02-01 18:00:00,2023-02-01,18,22,22,0.0,0.0,0,22,0,152.01878,True,False,False,100.0,0.0,0.0,0.0,0.0
2023-02-01 19:00:00,2023-02-01,19,22,22,0.0,0.0,0,22,0,152.01878,True,False,False,100.0,0.0,0.0,0.0,0.0
2023-02-02 06:00:00,2023-02-02,6,22,22,0.0,0.0,0,22,0,152.01878,True,False,False,100.0,0.0,0.0,0.0,0.0
2023-02-02 07:00:00,2023-02-02,7,22,22,1.56,2.0970096030201626,0,10,2,152.01878,False,True,False,45.45454545454545,1.56,1.6998000000000002,0.0,0.3972096030201624
2023-02-02 18:00:00,2023-02-02,18,22,22,0.0,0.0,0,22,0,152.01878,True,False,False,100.0,0.0,0.0,0.0,0.0
2023-02-02 19:00:00,2023-02-02,19,22,22,0.0,0.0,0,22,0,152.01878,True,False,False,100.0,0.0,0.0,0.0,0.0
2023-02-03 06:00:00,2023-02-03,6,22,22,0.0,0.0,0,22,0,152.01878,True,False,False,100.0,0.0,0.0,0.0,0.0
2023-02-03 07:00:00,2023-02-03,7,22,22,1.55,2.2098451653169695,0,4,1,152.01878,False,True,False,18.181818181818183,1.55,1.8128000000000002,0.0,0.3970451653169693
2023-02-03 18:00:00,2023-02-03,18,22,22,0.0,0.0,0,22,0,152.01878,True,False,False,100.0,0.0,0.0,0.0,0.0
2023-02-03 19:00:00,2023-02-03,19,22,22,0.0,0.0,0,22,0,152.01878,True,False,False,100.0,0.0,0.0,0.0,0.0
2023-02-04 06:00:00,2023-02-04,6,22,22,0.0,0.0,0,22,0,152.01878,True,False,False,100.0,0.0,0.0,0.0,0.0
2023-02-04 07:00:00,2023-02-04,7,22,22,1.55,2.3323152811380683,0,3,1,152.01878,False,True,False,13.636363636363635,1.55,1.9257,0.0,0.40661528113806833
2023-02-04 18:00:00,2023-02-04,18,22,22,0.0,0.0,0,22,0,152.01878,True,False,False,100.0,0.0,0.0,0.0,0.0
2023-02-04 19:00:00,2023-02-04,19,22,22,0.0,0.0,0,22,0,152.01878,True,False,False,100.0,0.0,0.0,0.0,0.0
2023-02-05 06:00:00,2023-02-05,6,22,22,0.0,0.0,0,22,0,152.01878,True,False,False,100.0,0.0,0.0,0.0,0.0
2023-02-05 07:00:00,2023-02-05,7,22,22,1.55,2.358248271106204,0,2,1,152.01878,False,True,False,9.090909090909092,1.55,1.9514,0.0,0.4068482711062038
2023-02-05 18:00:00,2023-02-05,18,22,22,0.0,0.0,0,22,0,152.01878,True,False,False,100.0,0.0,0.0,0.0,0.0
2023-02-05 19:00:00,2023-02-05,19,22,22,0.0,0.0,0,22,0,152.01878,True,False,False,100.0,0.0,0.0,0.0,0.0
2023-02-06 06:00:00,2023-02-06,6,22,22,0.0,0.0,0,22,0,152.01878,True,False,False,100.0,0.0,0.0,0.0,0.0
2023-02-06 07:00:00,2023-02-06,7,22,22,1.56,1.9909236431752715,0,19,2,152.01878,False,True,False,86.36363636363636,1.56,1.6009,0.0,0.3900236431752715
2023-02-06 18:00:00,2023-02-06,18,22,22,0.0,0.0,0,22,0,152.01878,True,False,False,100.0,0.0,0.0,0.0,0.0
2023-02-06 19:00:00,2023-02-06,19,22,22,0.0,0.0,0,22,0,152.01878,True,False,False,100.0,0.0,0.0,0.0,0.0
2023-02-07 06:00:00,2023-02-07,6,22,22,0.0,0.0,0,22,0,152.01878,True,False,False,100.0,0.0,0.0,0.0,0.0
2023-02-07 07:00:00,2023-02-07,7,22,22,1.55,2.1633789925369427,0,14,1,152.01878,False,True,False,63.63636363636363,1.55,1.7484000000000002,0.0,0.4149789925369425
2023-02-07 18:00:00,2023-02-07,18,22,22,0.0,0.0,0,22,0,152.01878,True,False,False,100.0,0.0,0.0,0.0,0.0
2023-02-07 19:00:00,2023-02-07,19,22,22,0.0,0.0,0,22,0,152.01878,True,False,False,100.0,0.0,0.0,0.0,0.0
2023-02-08 06:00:00,2023-02-08,6,22,22,0.0,0.0,0,22,0,152.01878,True,False,False,100.0,0.0,0.0,0.0,0.0
2023-02-08 07:00:00,2023-02-08,7,22,22,1.55,2.310370589385811,0,7,1,152.01878,False,True,False,31.818181818181817,1.55,1.8954,0.0,0.4149705893858111
2023-02-08 18:00:00,2023-02-08,18,22,22,0.0,0.0,0,22,0,152.01878,True,False,False,100.0,0.0,0.0,0.0,0.0
2023-02-08 19:00:00,2023-02-08,19,22,22,0.0,0.0,0,22,0,152.01878,True,False,False,100.0,0.0,0.0,0.0,0.0
2023-02-09 06:00:00,2023-02-09,6,22,22,0.0,0.0,0,22,0,152.01878,True,False,False,100.0,0.0,0.0,0.0,0.0
2023-02-09 07:00:00,2023-02-09,7,22,22,1.55,2.2580551220466263,0,14,1,152.01878,False,True,False,63.63636363636363,1.55,1.8193000000000001,0.0,0.43875512204662614
2023-02-09 18:00:00,2023-02-09,18,22,22,0.0,0.0,0,22,0,152.01878,True,False,False,100.0,0.0,0.0,0.0,0.0
2023-02-09 19:00:00,2023-02-09,19,22,22,0.0,0.0,0,22,0,152.01878,True,False,False,100.0,0.0,0.0,0.0,0.0
2023-02-10 06:00:00,2023-02-10,6,22,22,0.0,0.0,0,22,0,152.01878,True,False,False,100.0,0.0,0.0,0.0,0.0
2023-02-10 07:00:00,2023-02-10,7,22,22,1.55,2.6935750775243488,0,4,1,152.01878,False,True,False,18.181818181818183,1.55,2.2339,0.0,0.45967507752434855
2023-02-10 18:00:00,2023-02-10,18,22,22,0.0,0.0,0,22,0,152.01878,True,False,False,100.0,0.0,0.0,0.0,0.0
2023-02-10 19:00:00,2023-02-10,19,22,22,0.0,0.0,0,22,0,152.01878,True,False,False,100.0,0.0,0.0,0.0,0.0
2023-02-11 06:00:00,2023-02-11,6,22,22,0.0,0.0,0,22,0,152.01878,True,False,False,100.0,0.0,0.0,0.0,0.0
2023-02-11 07:00:00,2023-02-11,7,22,22,1.55,2.269196927402077,0,11,1,152.01878,False,True,False,50.0,1.55,1.8268,0.0,0.4423969274020769
2023-02-11 18:00:00,2023-02-11,18,22,22,0.0,0.0,0,22,0,152.01878,True,False,False,100.0,0.0,0.0,0.0,0.0
2023-02-11 19:00:00,2023-02-11,19,22,22,0.0,0.0,0,22,0,152.01878,True,False,False,100.0,0.0,0.0,0.0,0.0
2023-02-12 06:00:00,2023-02-12,6,22,22,0.0,0.0,0,22,0,152.01878,True,False,False,100.0,0.0,0.0,0.0,0.0
2023-02-12 07:00:00,2023-02-12,7,22,22,1.55,2.202249410609672,0,18,1,152.01878,False,True,False,81.81818181818183,1.55,1.7683,0.0,0.4339494106096722
2023-02-12 18:00:00,2023-02-12,18,22,22,0.0,0.0,0,22,0,152.01878,True,False,False,100.0,0.0,0.0,0.0,0.0
2023-02-12 19:00:00,2023-02-12,19,22,22,0.0,0.0,0,22,0,152.01878,True,False,False,100.0,0.0,0.0,0.0,0.0
2023-02-13 06:00:00,2023-02-13,6,22,22,0.0,0.0,0,22,0,152.01878,True,False,False,100.0,0.0,0.0,0.0,0.0
2023-02-13 07:00:00,2023-02-13,7,22,22,1.56,3.1727395770695237,0,1,2,152.01878,False,True,False,4.545454545454546,1.56,2.6942,0.0,0.47853957706952377
2023-02-13 18:00:00,2023-02-13,18,22,22,0.0,0.0,0,22,0,152.01878,True,False,False,100.0,0.0,0.0,0.0,0.0
2023-02-13 19:00:00,2023-02-13,19,22,22,0.0,0.0,0,22,0,152.01878,True,False,False,100.0,0.0,0.0,0.0,0.0
2023-02-14 06:00:00,2023-02-14,6,22,22,0.0,0.0,0,22,0,152.01878,True,False,False,100.0,0.0,0.0,0.0,0.0
2023-02-14 07:00:00,2023-02-14,7,22,22,2.05,3.284581192570993,0,2,8,152.01878,False,True,False,9.090909090909092,2.05,2.8006,0.0,0.4839811925709929
2023-02-14 18:00:00,2023-02-14,18,22,22,0.0,0.0,0,22,0,152.01878,True,False,False,100.0,0.0,0.0,0.0,0.0
2023-02-14 19:00:00,2023-02-14,19,22,22,0.0,0.0,0,22,0,152.01878,True,False,False,100.0,0.0,0.0,0.0,0.0
2023-02-15 06:00:00,2023-02-15,6,22,22,0.0,0.0,0,22,0,152.01878,True,False,False,100.0,0.0,0.0,0.0,0.0
2023-02-15 07:00:00,2023-02-15,7,22,22,2.45,3.308826237477586,0,1,13,152.01878,False,True,False,4.545454545454546,2.45,2.824,0.0,0.484826237477586
2023-02-15 18:00:00,2023-02-15,18,22,22,1.62,0.0,0,22,4,152.01878,True,True,True,100.0,1.62,0.0,0.0,0.0
2023-02-15 19:00:00,2023-02-15,19,22,22,0.0,0.0,0,22,0,152.01878,True,False,False,100.0,0.0,0.0,0.0,0.0
2023-02-16 06:00:00,2023-02-16,6,22,22,0.0,0.0,0,22,0,152.01878,True,False,False,100.0,0.0,0.0,0.0,0.0
2023-02-16 07:00:00,2023-02-16,7,22,22,2.39,3.231805420527972,0,1,13,152.01878,False,True,False,4.545454545454546,2.39,2.7297000000000002,0.0,0.5021054205279718
2023-02-16 18:00:00,2023-02-16,18,22,22,1.56,0.0,0,22,3,152.01878,True,True,True,100.0,1.56,0.0,0.0,0.0
2023-02-16 19:00:00,2023-02-16,19,22,22,0.0,0.0,0,22,0,152.01878,True,False,False,100.0,0.0,0.0,0.0,0.0
2023-02-17 06:00:00,2023-02-17,6,22,22,0.0,0.0,0,22,0,152.01878,True,False,False,100.0,0.0,0.0,0.0,0.0
2023-02-17 07:00:00,2023-02-17,7,22,22,1.59,3.1853606149481912,0,1,3,152.01878,False,True,False,4.545454545454546,1.5899999999999999,2.6961,2.220446049250313e-16,0.4892606149481913
2023-02-17 18:00:00,2023-02-17,18,22,22,1.84,0.0,0,22,2,152.01878,True,True,True,100.0,1.8399999999999999,0.0,2.220446049250313e-16,0.0
2023-02-17 19:00:00,2023-02-17,19,22,22,0.0,0.0,0,22,0,152.01878,True,False,False,100.0,0.0,0.0,0.0,0.0
2023-02-18 06:00:00,2023-02-18,6,22,22,0.0,0.0,0,22,0,152.01878,True,False,False,100.0,0.0,0.0,0.0,0.0
2023-02-18 07:00:00,2023-02-18,7,22,22,1.55,2.520633040862797,0,5,1,152.01878,False,True,False,22.727272727272727,1.55,2.0481,0.0,0.472533040862797
2023-02-18 18:00:00,2023-02-18,18,22,22,1.8399999999999999,0.0,0,22,2,152.01878,True,True,True,100.0,1.8399999999999999,0.0,0.0,0.0
2023-02-18 19:00:00,2023-02-18,19,22,22,0.0,0.0,0,22,0,152.01878,True,False,False,100.0,0.0,0.0,0.0,0.0
2023-02-19 06:00:00,2023-02-19,6,22,22,0.0,0.0,0,22,0,152.01878,True,False,False,100.0,0.0,0.0,0.0,0.0
2023-02-19 07:00:00,2023-02-19,7,22,22,2.41,4.040360028038668,0,0,13,152.01878,False,True,False,0.0,2.41,3.5178000000000003,0.0,0.5225600280386677
2023-02-19 18:00:00,2023-02-19,18,22,22,1.58,0.0,0,22,3,152.01878,True,True,True,100.0,1.58,0.0,0.0,0.0
2023-02-19 19:00:00,2023-02-19,19,22,22,0.0,0.0,0,22,0,152.01878,True,False,False,100.0,0.0,0.0,0.0,0.0
2023-02-20 06:00:00,2023-02-20,6,22,22,0.0,0.0,0,22,0,152.01878,True,False,False,100.0,0.0,0.0,0.0,0.0
2023-02-20 07:00:00,2023-02-20,7,22,22,2.7600000000000002,3.8931474986172905,0,1,14,152.01878,False,True,False,4.545454545454546,2.76,3.3402,4.440892098500626e-16,0.5529474986172906
2023-02-20 18:00:00,2023-02-20,18,22,22,3.93,0.0,0,22,4,152.01878,True,True,True,100.0,3.93,0.0,0.0,0.0
2023-02-20 19:00:00,2023-02-20,19,22,22,0.0,0.0,0,22,0,152.01878,True,False,False,100.0,0.0,0.0,0.0,0.0
2023-02-21 06:00:00,2023-02-21,6,22,22,0.0,0.0,0,22,0,152.01878,True,False,False,100.0,0.0,0.0,0.0,0.0
2023-02-21 07:00:00,2023-02-21,7,22,22,1.7400000000000002,3.7719591507968664,0,1,7,152.01878,False,True,False,4.545454545454546,1.74,3.2654,2.220446049250313e-16,0.5065591507968663
2023-02-21 18:00:00,2023-02-21,18,22,22,1.59,0.0,0,22,4,152.01878,True,True,True,100.0,1.5899999999999999,0.0,2.220446049250313e-16,0.0
2023-02-21 19:00:00,2023-02-21,19,22,22,0.0,0.0,0,22,0,152.01878,True,False,False,100.0,0.0,0.0,0.0,0.0
2023-02-22 06:00:00,2023-02-22,6,22,22,0.0,0.0,0,22,0,152.01878,True,False,False,100.0,0.0,0.0,0.0,0.0
2023-02-22 07:00:00,2023-02-22,7,22,22,2.59,2.979835846601133,0,1,13,152.01878,False,True,False,4.545454545454546,2.59,2.4782,0.0,0.501635846601133
2023-02-22 18:00:00,2023-02-22,18,22,22,1.84,0.0,0,22,4,152.01878,True,True,True,100.0,1.8399999999999999,0.0,2.220446049250313e-16,0.0
2023-02-22 19:00:00,2023-02-22,19,22,22,0.0,0.0,0,22,0,152.01878,True,False,False,100.0,0.0,0.0,0.0,0.0
2023-02-23 06:00:00,2023-02-23,6,22,22,0.0,0.0,0,22,0,152.01878,True,False,False,100.0,0.0,0.0,0.0,0.0
2023-02-23 07:00:00,2023-02-23,7,22,22,4.07,3.317411968618403,0,1,17,152.01878,False,True,False,4.545454545454546,4.07,2.7896,0.0,0.5278119686184031
2023-02-23 18:00:00,2023-02-23,18,22,22,1.56,0.0,0,22,2,152.01878,True,True,True,100.0,1.56,0.0,0.0,0.0
2023-02-23 19:00:00,2023-02-23,19,22,22,0.0,0.0,0,22,0,152.01878,True,False,False,100.0,0.0,0.0,0.0,0.0
2023-02-24 06:00:00,2023-02-24,6,22,22,0.0,0.0,0,22,0,152.01878,True,False,False,100.0,0.0,0.0,0.0,0.0
2023-02-24 07:00:00,2023-02-24,7,22,22,3.45,3.726166622272132,0,1,19,152.01878,False,True,False,4.545454545454546,3.45,3.1819,0.0,0.544266622272132
2023-02-24 18:00:00,2023-02-24,18,22,22,1.6,0.0,0,22,4,152.01878,True,True,True,100.0,1.6,0.0,0.0,0.0
2023-02-24 19:00:00,2023-02-24,19,22,22,0.0,0.0,0,22,0,152.01878,True,False,False,100.0,0.0,0.0,0.0,0.0
2023-02-25 06:00:00,2023-02-25,6,22,22,0.0,0.0,0,22,0,152.01878,True,False,False,100.0,0.0,0.0,0.0,0.0
2023-02-25 07:00:00,2023-02-25,7,22,22,3.9299999999999997,4.125951550328023,0,0,18,152.01878,False,True,False,0.0,3.93,3.5953,-4.440892098500626e-16,0.5306515503280229
2023-02-25 18:00:00,2023-02-25,18,22,22,1.76,0.0,0,22,7,152.01878,True,True,True,100.0,1.76,0.0,0.0,0.0
2023-02-25 19:00:00,2023-02-25,19,22,22,0.0,0.0,0,22,0,152.01878,True,False,False,100.0,0.0,0.0,0.0,0.0
2023-02-26 06:00:00,2023-02-26,6,22,22,0.0,0.0,0,22,0,152.01878,True,False,False,100.0,0.0,0.0,0.0,0.0
2023-02-26 07:00:00,2023-02-26,7,22,22,3.71,4.388329464474625,0,0,17,152.01878,False,True,False,0.0,3.71,3.8216,0.0,0.5667294644746246
2023-02-26 18:00:00,2023-02-26,18,22,22,1.7400000000000002,0.0,0,22,6,152.01878,True,True,True,100.0,1.74,0.0,2.220446049250313e-16,0.0
2023-02-26 19:00:00,2023-02-26,19,22,22,0.0,0.0,0,22,0,152.01878,True,False,False,100.0,0.0,0.0,0.0,0.0
2023-02-27 06:00:00,2023-02-27,6,22,22,0.0,0.0,0,22,0,152.01878,True,False,False,100.0,0.0,0.0,0.0,0.0
2023-02-27 07:00:00,2023-02-27,7,22,22,4.16,4.448467108528832,0,0,20,152.01878,False,True,False,0.0,4.16,3.8698,0.0,0.578667108528832
2023-02-27 18:00:00,2023-02-27,18,22,22,1.84,0.0,0,22,10,152.01878,True,True,True,100.0,1.8399999999999999,0.0,2.220446049250313e-16,0.0
2023-02-27 19:00:00,2023-02-27,19,22,22,0.0,0.0,0,22,0,152.01878,True,False,False,100.0,0.0,0.0,0.0,0.0
2023-02-28 06:00:00,2023-02-28,6,22,22,0.0,0.0,0,22,0,152.01878,True,False,False,100.0,0.0,0.0,0.0,0.0
2023-02-28 07:00:00,2023-02-28,7,22,22,4.45,4.252761553845977,0,0,19,152.01878,False,True,False,0.0,4.45,3.6891,0.0,0.5636615538459768
2023-02-28 18:00:00,2023-02-28,18,22,22,1.7100000000000002,0.0,0,22,5,152.01878,True,True,True,100.0,1.71,0.0,2.220446049250313e-16,0.0
2023-02-28 19:00:00,2023-02-28,19,22,22,0.0,0.0,0,22,0,152.01878,True,False,False,100.0,0.0,0.0,0.0,0.0
2023-03-01 06:00:00,2023-03-01,6,22,22,0.0,0.0,0,22,0,152.01878,True,False,False,100.0,0.0,0.0,0.0,0.0
2023-03-01 07:00:00,2023-03-01,7,22,22,3.5300000000000002,7.914514946790278,0,0,19,152.01878,False,True,False,0.0,3.5300000000000002,6.8604,0.0,1.0541149467902775
2023-03-01 18:00:00,2023-03-01,18,22,22,1.9600000000000002,0.0,0,22,8,152.01878,True,True,True,100.0,1.96,0.0,2.220446049250313e-16,0.0
2023-03-01 19:00:00,2023-03-01,19,22,22,0.0,0.0,0,22,0,152.01878,True,False,False,100.0,0.0,0.0,0.0,0.0
2023-03-02 06:00:00,2023-03-02,6,22,22,0.0,0.0,0,22,0,152.01878,True,False,False,100.0,0.0,0.0,0.0,0.0
2023-03-02 07:00:00,2023-03-02,7,22,22,4.71,8.170590971574342,0,0,20,152.01878,False,True,False,0.0,4.71,7.1112,0.0,1.0593909715743415
2023-03-02 18:00:00,2023-03-02,18,22,22,1.83,0.0,0,22,7,152.01878,True,True,True,100.0,1.83,0.0,0.0,0.0
2023-03-02 19:00:00,2023-03-02,19,22,22,0.0,0.0,0,22,0,152.01878,True,False,False,100.0,0.0,0.0,0.0,0.0
2023-03-03 06:00:00,2023-03-03,6,22,22,0.0,0.0,0,22,0,152.01878,True,False,False,100.0,0.0,0.0,0.0,0.0
2023-03-03 07:00:00,2023-03-03,7,22,22,3.8200000000000003,7.804122637442759,0,0,17,152.01878,False,True,False,0.0,3.8200000000000003,6.7502,0.0,1.0539226374427582
2023-03-03 18:00:00,2023-03-03,18,22,22,1.8699999999999999,0.0,0,22,9,152.01878,True,True,True,100.0,1.87,0.0,-2.220446049250313e-16,0.0
2023-03-03 19:00:00,2023-03-03,19,22,22,0.0,0.0,0,22,0,152.01878,True,False,False,100.0,0.0,0.0,0.0,0.0
2023-03-04 06:00:00,2023-03-04,6,22,22,0.0,0.0,0,22,0,152.01878,True,False,False,100.0,0.0,0.0,0.0,0.0
2023-03-04 07:00:00,2023-03-04,7,22,22,4.32,8.033097068602679,0,0,21,152.01878,False,True,False,0.0,4.32,6.9836,0.0,1.0494970686026788
2023-03-04 18:00:00,2023-03-04,18,22,22,2.22,0.0,0,22,10,152.01878,True,True,True,100.0,2.22,0.0,0.0,0.0
2023-03-04 19:00:00,2023-03-04,19,22,22,0.0,0.0,0,22,0,152.01878,True,False,False,100.0,0.0,0.0,0.0,0.0
2023-03-05 06:00:00,2023-03-05,6,22,22,0.0,0.0,0,22,0,152.01878,True,False,False,100.0,0.0,0.0,0.0,0.0
2023-03-05 07:00:00,2023-03-05,7,22,22,4.45,8.312727494025193,0,0,19,152.01878,False,True,False,0.0,4.45,7.2534,0.0,1.0593274940251929
2023-03-05 18:00:00,2023-03-05,18,22,22,1.9,0.0,0,22,11,152.01878,True,True,True,100.0,1.9,0.0,0.0,0.0
2023-03-05 19:00:00,2023-03-05,19,22,22,0.0,0.0,0,22,0,152.01878,True,False,False,100.0,0.0,0.0,0.0,0.0
2023-03-06 06:00:00,2023-03-06,6,22,22,0.0,0.0,0,22,0,152.01878,True,False,False,100.0,0.0,0.0,0.0,0.0
2023-03-06 07:00:00,2023-03-06,7,22,22,4.82,8.508490658007165,0,0,19,152.01878,False,True,False,0.0,4.82,7.4346,0.0,1.0738906580071657
2023-03-06 18:00:00,2023-03-06,18,22,22,1.77,0.0,0,22,11,152.01878,True,True,True,100.0,1.77,0.0,0.0,0.0
2023-03-06 19:00:00,2023-03-06,19,22,22,0.0,0.0,0,22,0,152.01878,True,False,False,100.0,0.0,0.0,0.0,0.0
2023-03-07 06:00:00,2023-03-07,6,22,22,0.0,0.0,0,22,0,152.01878,True,False,False,100.0,0.0,0.0,0.0,0.0
2023-03-07 07:00:00,2023-03-07,7,22,22,5.05,8.628770571949016,0,0,21,152.01878,False,True,False,0.0,5.05,7.5474,0.0,1.0813705719490159
2023-03-07 18:00:00,2023-03-07,18,22,22,1.8400000000000003,0.0,0,22,10,152.01878,True,True,True,100.0,1.8399999999999999,0.0,4.440892098500626e-16,0.0
2023-03-07 19:00:00,2023-03-07,19,22,22,0.0,0.0,0,22,0,152.01878,True,False,False,100.0,0.0,0.0,0.0,0.0
2023-03-08 06:00:00,2023-03-08,6,22,22,0.0,0.0,0,22,0,152.01878,True,False,False,100.0,0.0,0.0,0.0,0.0
2023-03-08 07:00:00,2023-03-08,7,22,22,5.08,8.677385064366884,0,0,21,152.01878,False,True,False,0.0,5.08,7.5918,0.0,1.0855850643668843
2023-03-08 18:00:00,2023-03-08,18,22,22,1.88,0.0,0,22,9,152.01878,True,True,True,100.0,1.88,0.0,0.0,0.0
2023-03-08 19:00:00,2023-03-08,19,22,22,0.0,0.0,0,22,0,152.01878,True,False,False,100.0,0.0,0.0,0.0,0.0
2023-03-09 06:00:00,2023-03-09,6,22,22,0.0,0.0,0,22,0,152.01878,True,False,False,100.0,0.0,0.0,0.0,0.0
2023-03-09 07:00:00,2023-03-09,7,22,22,6.35,9.196737597743532,0,0,21,152.01878,False,True,False,0.0,6.35,8.0972,0.0,1.0995375977435309
2023-03-09 18:00:00,2023-03-09,18,22,22,4.12,0.0,0,22,14,152.01878,True,True,True,100.0,4.12,0.0,0.0,0.0
2023-03-09 19:00:00,2023-03-09,19,22,22,0.0,0.0,0,22,0,152.01878,True,False,False,100.0,0.0,0.0,0.0,0.0
2023-03-10 06:00:00,2023-03-10,6,22,22,0.0,0.0,0,22,0,152.01878,True,False,False,100.0,0.0,0.0,0.0,0.0
2023-03-10 07:00:00,2023-03-10,7,22,22,6.43,9.90164626625137,0,0,20,152.01878,False,True,False,0.0,6.43,8.7373,0.0,1.1643462662513713
2023-03-10 18:00:00,2023-03-10,18,22,22,1.8400000000000003,0.0,0,22,10,152.01878,True,True,True,100.0,1.8399999999999999,0.0,4.440892098500626e-16,0.0
2023-03-10 19:00:00,2023-03-10,19,22,22,0.0,0.0,0,22,0,152.01878,True,False,False,100.0,0.0,0.0,0.0,0.0
2023-03-11 06:00:00,2023-03-11,6,22,22,0.0,0.0,0,22,0,152.01878,True,False,False,100.0,0.0,0.0,0.0,0.0
2023-03-11 07:00:00,2023-03-11,7,22,22,5.39,7.848835971725886,0,0,21,152.01878,False,True,False,0.0,5.39,6.8041,0.0,1.0447359717258857
2023-03-11 18:00:00,2023-03-11,18,22,22,1.87,0.0,0,22,12,152.01878,True,True,True,100.0,1.87,0.0,0.0,0.0
2023-03-11 19:00:00,2023-03-11,19,22,22,0.0,0.0,0,22,0,152.01878,True,False,False,100.0,0.0,0.0,0.0,0.0
2023-03-12 06:00:00,2023-03-12,6,22,22,0.0,0.0,0,22,0,152.01878,True,False,False,100.0,0.0,0.0,0.0,0.0
2023-03-12 07:00:00,2023-03-12,7,22,22,3.92,9.86434210177011,0,0,18,152.01878,False,True,False,0.0,3.92,8.731300000000001,0.0,1.1330421017701084
2023-03-12 18:00:00,2023-03-12,18,22,22,2.1799999999999997,0.0,0,22,14,152.01878,True,True,True,100.0,2.18,0.0,-4.440892098500626e-16,0.0
2023-03-12 19:00:00,2023-03-12,19,22,22,0.0,0.0,0,22,0,152.01878,True,False,False,100.0,0.0,0.0,0.0,0.0
2023-03-13 06:00:00,2023-03-13,6,22,22,0.0,0.0,0,22,0,152.01878,True,False,False,100.0,0.0,0.0,0.0,0.0
2023-03-13 07:00:00,2023-03-13,7,22,22,8.92,10.061531939867226,0,0,21,152.01878,False,True,False,0.0,8.92,8.9151,0.0,1.1464319398672256
2023-03-13 18:00:00,2023-03-13,18,22,22,1.9200000000000002,0.0,0,22,12,152.01878,True,True,True,100.0,1.92,0.0,2.220446049250313e-16,0.0
2023-03-13 19:00:00,2023-03-13,19,22,22,0.0,0.0,0,22,0,152.01878,True,False,False,100.0,0.0,0.0,0.0,0.0
2023-03-14 06:00:00,2023-03-14,6,22,22,0.0,0.0,0,22,0,152.01878,True,False,False,100.0,0.0,0.0,0.0,0.0
2023-03-14 07:00:00,2023-03-14,7,22,22,8.59,10.104741125922146,0,0,20,152.01878,False,True,False,0.0,8.59,8.9589,0.0,1.1458411259221464
2023-03-14 18:00:00,2023-03-14,18,22,22,2.1100000000000003,0.0,0,22,14,152.01878,True,True,True,100.0,2.11,0.0,4.440892098500626e-16,0.0
2023-03-14 19:00:00,2023-03-14,19,22,22,0.0,0.0,0,22,0,152.01878,True,False,False,100.0,0.0,0.0,0.0,0.0
2023-03-15 06:00:00,2023-03-15,6,22,22,0.0,0.0,0,22,0,152.01878,True,False,False,100.0,0.0,0.0,0.0,0.0
2023-03-15 07:00:00,2023-03-15,7,22,22,6.99,9.684122895638993,0,0,21,152.01878,False,True,False,0.0,6.99,8.5602,0.0,1.1239228956389926
2023-03-15 18:00:00,2023-03-15,18,22,22,3.04,0.0,0,22,15,152.01878,True,True,True,100.0,3.04,0.0,0.0,0.0
2023-03-15 19:00:00,2023-03-15,19,22,22,0.0,0.0,0,22,0,152.01878,True,False,False,100.0,0.0,0.0,0.0,0.0
2023-03-16 06:00:00,2023-03-16,6,22,22,0.0,0.0,0,22,0,152.01878,True,False,False,100.0,0.0,0.0,0.0,0.0
2023-03-16 07:00:00,2023-03-16,7,22,22,7.4,9.110241774271872,0,0,20,152.01878,False,True,False,0.0,7.4,7.9945,0.0,1.1157417742718714
2023-03-16 18:00:00,2023-03-16,18,22,22,1.6,0.04994387783377631,0,21,4,152.01878,False,True,False,95.45454545454545,1.6,0.0534,0.0,-0.0034561221662236935
2023-03-16 19:00:00,2023-03-16,19,22,22,0.0,0.0,0,22,0,152.01878,True,False,False,100.0,0.0,0.0,0.0,0.0
2023-03-17 06:00:00,2023-03-17,6,22,22,0.0,0.0,0,22,0,152.01878,True,False,False,100.0,0.0,0.0,0.0,0.0
2023-03-17 07:00:00,2023-03-17,7,22,22,1.8100000000000003,8.457164840500662,0,0,8,152.01878,False,True,False,0.0,1.81,7.3888,2.220446049250313e-16,1.0683648405006618
2023-03-17 18:00:00,2023-03-17,18,22,22,2.76,0.05480173133622625,0,21,16,152.01878,False,True,False,95.45454545454545,2.76,0.058600000000000006,0.0,-0.0037982686637737587
2023-03-17 19:00:00,2023-03-17,19,22,22,0.0,0.0,0,22,0,152.01878,True,False,False,100.0,0.0,0.0,0.0,0.0
2023-03-18 06:00:00,2023-03-18,6,22,22,0.0,0.0,0,22,0,152.01878,True,False,False,100.0,0.0,0.0,0.0,0.0
2023-03-18 07:00:00,2023-03-18,7,22,22,10.620000000000001,10.259517293249885,0,0,22,152.01878,False,True,False,0.0,10.62,9.0993,1.7763568394002505e-15,1.160217293249886
2023-03-18 18:00:00,2023-03-18,18,22,22,2.84,0.8601954273635801,0,12,18,152.01878,False,True,False,54.54545454545454,2.84,0.8569,0.0,0.003295427363580128
2023-03-18 19:00:00,2023-03-18,19,22,22,0.0,0.0,0,22,0,152.01878,True,False,False,100.0,0.0,0.0,0.0,0.0
2023-03-19 06:00:00,2023-03-19,6,22,22,0.0,0.0,0,22,0,152.01878,True,False,False,100.0,0.0,0.0,0.0,0.0
2023-03-19 07:00:00,2023-03-19,7,22,22,9.98,10.900327131313146,0,0,22,152.01878,False,True,False,0.0,9.98,9.667,0.0,1.2333271313131462
2023-03-19 18:00:00,2023-03-19,18,22,22,2.99,3.719248860736037,0,7,18,152.01878,False,True,False,31.818181818181817,2.99,3.1489,0.0,0.5703488607360372
2023-03-19 19:00:00,2023-03-19,19,22,22,0.0,0.0,0,22,0,152.01878,True,False,False,100.0,0.0,0.0,0.0,0.0
2023-03-20 06:00:00,2023-03-20,6,22,22,0.0,0.0,0,22,0,152.01878,True,False,False,100.0,0.0,0.0,0.0,0.0
2023-03-20 07:00:00,2023-03-20,7,22,22,10.04,9.940033440803418,0,0,21,152.01878,False,True,False,0.0,10.04,8.7941,0.0,1.145933440803418
2023-03-20 18:00:00,2023-03-20,18,22,22,2.47,3.9510120326728466,0,3,16,152.01878,False,True,False,13.636363636363635,2.47,3.384,0.0,0.5670120326728467
2023-03-20 19:00:00,2023-03-20,19,22,22,0.0,0.0,0,22,0,152.01878,True,False,False,100.0,0.0,0.0,0.0,0.0
2023-03-21 06:00:00,2023-03-21,6,22,22,0.0,0.0,0,22,0,152.01878,True,False,False,100.0,0.0,0.0,0.0,0.0
2023-03-21 07:00:00,2023-03-21,7,22,22,3.43,8.656514751180868,0,0,20,152.01878,False,True,False,0.0,3.43,7.5403,0.0,1.116214751180868
2023-03-21 18:00:00,2023-03-21,18,22,22,1.83,1.8775442021076758,0,2,8,152.01878,False,True,False,9.090909090909092,1.83,1.7533,0.0,0.12424420210767573
2023-03-21 19:00:00,2023-03-21,19,22,22,0.0,0.0,0,22,0,152.01878,True,False,False,100.0,0.0,0.0,0.0,0.0
2023-03-22 06:00:00,2023-03-22,6,22,22,0.0,0.0,0,22,0,152.01878,True,False,False,100.0,0.0,0.0,0.0,0.0
2023-03-22 07:00:00,2023-03-22,7,22,22,2.17,7.365237276899429,0,0,9,152.01878,False,True,False,0.0,2.17,6.3299,0.0,1.035337276899429
2023-03-22 18:00:00,2023-03-22,18,22,22,1.56,1.8817981437108195,0,2,2,152.01878,False,True,False,9.090909090909092,1.56,1.7603,0.0,0.12149814371081957
2023-03-22 19:00:00,2023-03-22,19,22,22,0.0,0.0,0,22,0,152.01878,True,False,False,100.0,0.0,0.0,0.0,0.0
2023-03-23 06:00:00,2023-03-23,6,22,22,0.0,0.0,0,22,0,152.01878,True,False,False,100.0,0.0,0.0,0.0,0.0
2023-03-23 07:00:00,2023-03-23,7,22,22,9.370000000000001,9.558027264729333,0,0,22,152.01878,False,True,False,0.0,9.37,8.4168,1.7763568394002505e-15,1.1412272647293324
2023-03-23 18:00:00,2023-03-23,18,22,22,2.18,4.047529683481154,0,2,12,152.01878,False,True,False,9.090909090909092,2.18,3.5075000000000003,0.0,0.540029683481154
2023-03-23 19:00:00,2023-03-23,19,22,22,0.0,0.0,0,22,0,152.01878,True,False,False,100.0,0.0,0.0,0.0,0.0
2023-03-24 06:00:00,2023-03-24,6,22,22,0.0,0.0,0,22,0,152.01878,True,False,False,100.0,0.0,0.0,0.0,0.0
2023-03-24 07:00:00,2023-03-24,7,22,22,6.12,9.311900200686079,0,0,20,152.01878,False,True,False,0.0,6.12,8.1771,0.0,1.1348002006860796
2023-03-24 18:00:00,2023-03-24,18,22,22,2.5999999999999996,4.223366035928584,0,2,16,152.01878,False,True,False,9.090909090909092,2.6,3.6643,-4.440892098500626e-16,0.5590660359285842
2023-03-24 19:00:00,2023-03-24,19,22,22,0.0,0.0,0,22,0,152.01878,True,False,False,100.0,0.0,0.0,0.0,0.0
2023-03-25 06:00:00,2023-03-25,6,22,22,0.0,0.0,0,22,0,152.01878,True,False,False,100.0,0.0,0.0,0.0,0.0
2023-03-25 07:00:00,2023-03-25,7,22,22,12.3,11.377992091048906,0,0,22,152.01878,False,True,False,0.0,12.3,10.1233,0.0,1.2546920910489057
2023-03-25 18:00:00,2023-03-25,18,22,22,2.31,4.051417050838412,0,2,14,152.01878,False,True,False,9.090909090909092,2.31,3.5175,0.0,0.5339170508384123
2023-03-25 19:00:00,2023-03-25,19,22,22,0.0,0.0,0,22,0,152.01878,True,False,False,100.0,0.0,0.0,0.0,0.0
2023-03-26 06:00:00,2023-03-26,6,22,22,0.0,0.0,0,22,0,152.01878,True,False,False,100.0,0.0,0.0,0.0,0.0
2023-03-26 07:00:00,2023-03-26,7,22,22,12.43,12.78874403094745,0,0,21,152.01878,False,True,False,0.0,12.43,11.4488,0.0,1.33994403094745
2023-03-26 18:00:00,2023-03-26,18,22,22,2.9,4.103353290706122,0,2,18,152.01878,False,True,False,9.090909090909092,2.9,3.5524,0.0,0.5509532907061216
2023-03-26 19:00:00,2023-03-26,19,22,22,0.0,0.0,0,22,0,152.01878,True,False,False,100.0,0.0,0.0,0.0,0.0
2023-03-27 06:00:00,2023-03-27,6,22,22,0.0,0.0,0,22,0,152.01878,True,False,False,100.0,0.0,0.0,0.0,0.0
2023-03-27 07:00:00,2023-03-27,7,22,22,12.86,13.325297627054383,0,0,22,152.01878,False,True,False,0.0,12.86,11.9714,0.0,1.3538976270543834
2023-03-27 18:00:00,2023-03-27,18,22,22,3.49,4.347370015244668,0,2,20,152.01878,False,True,False,9.090909090909092,3.49,3.783,0.0,0.5643700152446685
2023-03-27 19:00:00,2023-03-27,19,22,22,1.56,0.0,0,22,2,152.01878,True,True,True,100.0,1.56,0.0,0.0,0.0
2023-03-28 06:00:00,2023-03-28,6,22,22,0.0,0.0,0,22,0,152.01878,True,False,False,100.0,0.0,0.0,0.0,0.0
2023-03-28 07:00:00,2023-03-28,7,22,22,12.83,13.483429624798696,0,0,22,152.01878,False,True,False,0.0,12.83,12.1153,0.0,1.368129624798696
2023-03-28 18:00:00,2023-03-28,18,22,22,3.28,4.299372201676094,0,2,20,152.01878,False,True,False,9.090909090909092,3.2800000000000002,3.7311,-4.440892098500626e-16,0.5682722016760935
2023-03-28 19:00:00,2023-03-28,19,22,22,1.55,0.0,0,22,1,152.01878,True,True,True,100.0,1.55,0.0,0.0,0.0
2023-03-29 06:00:00,2023-03-29,6,22,22,0.0,0.0,0,22,0,152.01878,True,False,False,100.0,0.0,0.0,0.0,0.0
2023-03-29 07:00:00,2023-03-29,7,22,22,14.32,13.80842878146088,0,0,22,152.01878,False,True,False,0.0,14.32,12.4232,0.0,1.3852287814608797
2023-03-29 18:00:00,2023-03-29,18,22,22,3.82,4.319387974180584,0,2,19,152.01878,False,True,False,9.090909090909092,3.8200000000000003,3.7527,-4.440892098500626e-16,0.5666879741805841
2023-03-29 19:00:00,2023-03-29,19,22,22,1.56,0.0,0,22,2,152.01878,True,True,True,100.0,1.56,0.0,0.0,0.0
2023-03-30 06:00:00,2023-03-30,6,22,22,0.0,0.0,0,22,0,152.01878,True,False,False,100.0,0.0,0.0,0.0,0.0
2023-03-30 07:00:00,2023-03-30,7,22,22,12.15,13.814774412527537,0,0,22,152.01878,False,True,False,0.0,12.15,12.4357,0.0,1.3790744125275367
2023-03-30 18:00:00,2023-03-30,18,22,22,4.2299999999999995,4.3407260620133306,0,2,20,152.01878,False,True,False,9.090909090909092,4.23,3.7838000000000003,-8.881784197001252e-16,0.5569260620133303
2023-03-30 19:00:00,2023-03-30,19,22,22,1.56,0.0,0,22,2,152.01878,True,True,True,100.0,1.56,0.0,0.0,0.0
2023-03-31 06:00:00,2023-03-31,6,22,22,0.0,0.0,0,22,0,152.01878,True,False,False,100.0,0.0,0.0,0.0,0.0
2023-03-31 07:00:00,2023-03-31,7,22,22,16.87,14.17081232733664,0,0,22,152.01878,False,True,False,0.0,16.87,12.785,0.0,1.3858123273366392
2023-03-31 18:00:00,2023-03-31,18,22,22,3.94,4.423108788788374,0,2,20,152.01878,False,True,False,9.090909090909092,3.94,3.8542,0.0,0.5689087887883741
2023-03-31 19:00:00,2023-03-31,19,22,22,1.56,0.0,0,22,2,152.01878,True,True,True,100.0,1.56,0.0,0.0,0.0
2023-04-01 06:00:00,2023-04-01,6,22,22,0.0,0.0,0,22,0,152.01878,True,False,False,100.0,0.0,0.0,0.0,0.0
2023-04-01 07:00:00,2023-04-01,7,22,22,12.64,15.177742518389618,0,0,22,152.01878,False,True,False,0.0,12.64,13.6659,0.0,1.5118425183896171
2023-04-01 18:00:00,2023-04-01,18,22,22,4.14,5.062340636478668,0,2,20,152.01878,False,True,False,9.090909090909092,4.14,4.4615,0.0,0.6008406364786678
2023-04-01 19:00:00,2023-04-01,19,22,22,1.56,0.0,0,22,2,152.01878,True,True,True,100.0,1.56,0.0,0.0,0.0
2023-04-02 06:00:00,2023-04-02,6,22,22,0.0,0.0,0,22,0,152.01878,True,False,False,100.0,0.0,0.0,0.0,0.0
2023-04-02 07:00:00,2023-04-02,7,22,22,17.509999999999998,15.56746221236087,0,0,22,152.01878,False,True,False,0.0,17.51,14.0434,-3.552713678800501e-15,1.5240622123608691
2023-04-02 18:00:00,2023-04-02,18,22,22,3.98,5.973358519909491,0,2,20,152.01878,False,True,False,9.090909090909092,3.98,5.3061,0.0,0.6672585199094909
2023-04-02 19:00:00,2023-04-02,19,22,22,1.56,0.0,0,22,2,152.01878,True,True,True,100.0,1.56,0.0,0.0,0.0
2023-04-03 06:00:00,2023-04-03,6,22,22,0.0,0.0,0,22,0,152.01878,True,False,False,100.0,0.0,0.0,0.0,0.0
2023-04-03 07:00:00,2023-04-03,7,22,22,14.969999999999999,11.152955343026619,0,0,22,152.01878,False,True,False,0.0,14.97,9.888,-1.7763568394002505e-15,1.2649553430266192
2023-04-03 18:00:00,2023-04-03,18,22,22,1.6500000000000001,3.8810924372591997,0,2,7,152.01878,False,True,False,9.090909090909092,1.65,3.356,2.220446049250313e-16,0.5250924372591999
2023-04-03 19:00:00,2023-04-03,19,22,22,1.57,0.0,0,22,3,152.01878,True,True,True,100.0,1.57,0.0,0.0,0.0
2023-04-04 06:00:00,2023-04-04,6,22,22,0.0,0.4535478538781256,0,17,0,152.01878,False,False,False,77.27272727272727,0.0,0.3904,0.0,0.06314785387812555
2023-04-04 07:00:00,2023-04-04,7,22,22,2.1500000000000004,8.51361932751052,0,0,8,152.01878,False,True,False,0.0,2.15,7.3389,4.440892098500626e-16,1.1747193275105206
2023-04-04 18:00:00,2023-04-04,18,22,22,1.9200000000000002,4.022001025537818,0,2,9,152.01878,False,True,False,9.090909090909092,1.92,3.4774000000000003,2.220446049250313e-16,0.5446010255378173
2023-04-04 19:00:00,2023-04-04,19,22,22,1.56,0.0,0,22,2,152.01878,True,True,True,100.0,1.56,0.0,0.0,0.0
2023-04-05 06:00:00,2023-04-05,6,22,22,0.0,1.8823491887272914,0,3,0,152.01878,False,False,False,13.636363636363635,0.0,1.6166,0.0,0.26574918872729136
2023-04-05 07:00:00,2023-04-05,7,22,22,5.55,10.355769020799112,0,0,20,152.01878,False,True,False,0.0,5.55,9.1072,0.0,1.2485690207991116
2023-04-05 18:00:00,2023-04-05,18,22,22,2.0,4.2710697605806445,0,2,12,152.01878,False,True,False,9.090909090909092,2.0,3.6927,0.0,0.5783697605806446
2023-04-05 19:00:00,2023-04-05,19,22,22,1.55,0.0,0,22,1,152.01878,True,True,True,100.0,1.55,0.0,0.0,0.0
2023-04-06 06:00:00,2023-04-06,6,22,22,0.0,1.9658938065579,0,2,0,152.01878,False,False,False,9.090909090909092,0.0,1.6957,0.0,0.27019380655789993
2023-04-06 07:00:00,2023-04-06,7,22,22,13.25,14.055212398590903,0,0,20,152.01878,False,True,False,0.0,13.25,12.583,0.0,1.4722123985909032
2023-04-06 18:00:00,2023-04-06,18,22,22,1.57,4.169138046795787,0,2,3,152.01878,False,True,False,9.090909090909092,1.57,3.6125,0.0,0.5566380467957872
2023-04-06 19:00:00,2023-04-06,19,22,22,1.58,0.0,0,22,4,152.01878,True,True,True,100.0,1.58,0.0,0.0,0.0
2023-04-07 06:00:00,2023-04-07,6,22,22,0.0,2.18363880164966,0,2,0,152.01878,False,False,False,9.090909090909092,0.0,1.8773,0.0,0.3063388016496602
2023-04-07 07:00:00,2023-04-07,7,22,22,20.79,17.17259333487823,0,0,20,152.01878,False,True,False,0.0,20.79,15.5874,0.0,1.5851933348782286
2023-04-07 18:00:00,2023-04-07,18,22,22,5.67,6.2101216385084,0,2,22,152.01878,False,True,False,9.090909090909092,5.67,5.5958,0.0,0.6143216385084003
2023-04-07 19:00:00,2023-04-07,19,22,22,1.59,0.0,0,22,2,152.01878,True,True,True,100.0,1.5899999999999999,0.0,2.220446049250313e-16,0.0
2023-04-08 06:00:00,2023-04-08,6,22,22,0.0,2.1850280313318087,0,2,0,152.01878,False,False,False,9.090909090909092,0.0,1.8788,0.0,0.30622803133180865
2023-04-08 07:00:00,2023-04-08,7,22,22,22.3,18.382327894376573,0,0,22,152.01878,False,True,False,0.0,22.3,16.7358,0.0,1.6465278943765718
2023-04-08 18:00:00,2023-04-08,18,22,22,8.62,5.956549992279259,0,2,22,152.01878,False,True,False,9.090909090909092,8.62,5.2972,0.0,0.6593499922792585
2023-04-08 19:00:00,2023-04-08,19,22,22,4.72,0.0,0,22,1,152.01878,True,True,True,100.0,4.72,0.0,0.0,0.0
2023-04-09 06:00:00,2023-04-09,6,22,22,0.0,2.1768739133414745,0,2,0,152.01878,False,False,False,9.090909090909092,0.0,1.8724,0.0,0.30447391334147444
2023-04-09 07:00:00,2023-04-09,7,22,22,22.58,18.436362599701717,0,0,21,152.01878,False,True,False,0.0,22.58,16.8072,0.0,1.629162599701715
2023-04-09 18:00:00,2023-04-09,18,22,22,5.04,6.805361201292728,0,2,21,152.01878,False,True,False,9.090909090909092,5.04,6.1815,0.0,0.623861201292728
2023-04-09 19:00:00,2023-04-09,19,22,22,1.55,0.0,0,22,1,152.01878,True,True,True,100.0,1.55,0.0,0.0,0.0
2023-04-10 06:00:00,2023-04-10,6,22,22,0.0,2.190066971495071,0,2,0,152.01878,False,False,False,9.090909090909092,0.0,1.8826,0.0,0.30746697149507085
2023-04-10 07:00:00,2023-04-10,7,22,22,17.18,18.528182068245606,0,0,21,152.01878,False,True,False,0.0,17.18,16.8733,0.0,1.6548820682456054
2023-04-10 18:00:00,2023-04-10,18,22,22,5.640000000000001,6.982943319464683,0,2,21,152.01878,False,True,False,9.090909090909092,5.64,6.3496,8.881784197001252e-16,0.6333433194646831
2023-04-10 19:00:00,2023-04-10,19,22,22,1.56,0.0,0,22,1,152.01878,True,True,True,100.0,1.56,0.0,0.0,0.0
2023-04-11 06:00:00,2023-04-11,6,22,22,0.0,2.1638644078109137,0,2,0,152.01878,False,False,False,9.090909090909092,0.0,1.8607,0.0,0.3031644078109137
2023-04-11 07:00:00,2023-04-11,7,22,22,17.4,16.634032018168828,0,0,21,152.01878,False,True,False,0.0,17.4,15.0578,0.0,1.5762320181688274
2023-04-11 18:00:00,2023-04-11,18,22,22,3.96,4.5616263469354,0,2,18,152.01878,False,True,False,9.090909090909092,3.96,3.9678,0.0,0.5938263469353999
2023-04-11 19:00:00,2023-04-11,19,22,22,1.67,0.0,0,22,2,152.01878,True,True,True,100.0,1.67,0.0,0.0,0.0
2023-04-12 06:00:00,2023-04-12,6,22,22,0.0,2.1979339531492066,0,2,0,152.01878,False,False,False,9.090909090909092,0.0,1.8893,0.0,0.3086339531492066
2023-04-12 07:00:00,2023-04-12,7,22,22,14.21,20.06509622576919,0,0,20,152.01878,False,True,False,0.0,14.21,18.3488,0.0,1.716296225769188
2023-04-12 18:00:00,2023-04-12,18,22,22,5.33,7.508448299847646,0,2,21,152.01878,False,True,False,9.090909090909092,5.33,6.8643,0.0,0.6441482998476458
2023-04-12 19:00:00,2023-04-12,19,22,22,1.99,0.0,0,22,2,152.01878,True,True,True,100.0,1.99,0.0,0.0,0.0
2023-04-13 06:00:00,2023-04-13,6,22,22,3.3200000000000003,2.2161302643777208,0,2,15,152.01878,False,True,False,9.090909090909092,3.32,1.9046,4.440892098500626e-16,0.3115302643777207
2023-04-13 07:00:00,2023-04-13,7,22,22,15.719999999999999,19.44882212139227,0,0,21,152.01878,False,True,False,0.0,15.72,17.7504,-1.7763568394002505e-15,1.6984221213922694
2023-04-13 18:00:00,2023-04-13,18,22,22,5.11,7.592275859640917,0,2,22,152.01878,False,True,False,9.090909090909092,5.11,6.9235,0.0,0.6687758596409168
2023-04-13 19:00:00,2023-04-13,19,22,22,1.59,0.0,0,22,3,152.01878,True,True,True,100.0,1.5899999999999999,0.0,2.220446049250313e-16,0.0
2023-04-14 06:00:00,2023-04-14,6,22,22,2.28,2.130120229639964,0,2,12,152.01878,False,True,False,9.090909090909092,2.2800000000000002,1.8331,-4.440892098500626e-16,0.2970202296399642
2023-04-14 07:00:00,2023-04-14,7,22,22,12.05,15.510305032195955,0,0,21,152.01878,False,True,False,0.0,12.05,13.9842,0.0,1.5261050321959555
2023-04-14 18:00:00,2023-04-14,18,22,22,2.22,4.586133918364271,0,2,13,152.01878,False,True,False,9.090909090909092,2.22,3.9728,0.0,0.6133339183642712
2023-04-14 19:00:00,2023-04-14,19,22,22,1.56,0.0,0,22,2,152.01878,True,True,True,100.0,1.56,0.0,0.0,0.0
2023-04-15 06:00:00,2023-04-15,6,22,22,3.48,2.2804686849441613,0,2,15,152.01878,False,True,False,9.090909090909092,3.48,1.9582000000000002,0.0,0.32226868494416117
2023-04-15 07:00:00,2023-04-15,7,22,22,19.09,21.334132332957964,0,0,21,152.01878,False,True,False,0.0,19.09,19.5445,0.0,1.7896323329579644
2023-04-15 18:00:00,2023-04-15,18,22,22,2.0,4.337462746400196,0,2,6,152.01878,False,True,False,9.090909090909092,2.0,3.7537000000000003,0.0,0.583762746400196
2023-04-15 19:00:00,2023-04-15,19,22,22,1.74,0.0,0,22,1,152.01878,True,True,True,100.0,1.74,0.0,0.0,0.0
2023-04-16 06:00:00,2023-04-16,6,22,22,3.5,2.2944462698586308,0,2,17,152.01878,False,True,False,9.090909090909092,3.5,1.9691,0.0,0.3253462698586307
2023-04-16 07:00:00,2023-04-16,7,22,22,22.9,21.584106649855595,0,0,21,152.01878,False,True,False,0.0,22.9,19.7961,0.0,1.7880066498555962
2023-04-16 18:00:00,2023-04-16,18,22,22,9.57,7.390062620830421,0,2,21,152.01878,False,True,False,9.090909090909092,9.57,6.7467,0.0,0.6433626208304215
2023-04-16 19:00:00,2023-04-16,19,22,22,5.47,0.0,0,22,2,152.01878,True,True,True,100.0,5.47,0.0,0.0,0.0
2023-04-17 06:00:00,2023-04-17,6,22,22,7.18,2.3537452675776276,0,2,16,152.01878,False,True,False,9.090909090909092,7.18,2.0203,0.0,0.3334452675776274
2023-04-17 07:00:00,2023-04-17,7,22,22,24.92,21.633562578556273,0,0,21,152.01878,False,True,False,0.0,24.92,19.7689,0.0,1.864662578556274
2023-04-17 18:00:00,2023-04-17,18,22,22,5.140000000000001,7.195696873836234,0,2,21,152.01878,False,True,False,9.090909090909092,5.14,6.5315,8.881784197001252e-16,0.664196873836234
2023-04-17 19:00:00,2023-04-17,19,22,22,1.55,0.0,0,22,1,152.01878,True,True,True,100.0,1.55,0.0,0.0,0.0
2023-04-18 06:00:00,2023-04-18,6,22,22,3.54,2.2225409699461998,0,2,17,152.01878,False,True,False,9.090909090909092,3.54,1.9096000000000002,0.0,0.3129409699461996
2023-04-18 07:00:00,2023-04-18,7,22,22,16.71,19.384270433910807,0,0,21,152.01878,False,True,False,0.0,16.71,17.6706,0.0,1.7136704339108064
2023-04-18 18:00:00,2023-04-18,18,22,22,5.02,7.14816549300459,0,2,21,152.01878,False,True,False,9.090909090909092,5.02,6.4972,0.0,0.6509654930045894
2023-04-18 19:00:00,2023-04-18,19,22,22,1.56,0.0,0,22,2,152.01878,True,True,True,100.0,1.56,0.0,0.0,0.0
2023-04-19 06:00:00,2023-04-19,6,22,22,2.13,2.2015595855762227,0,2,10,152.01878,False,True,False,9.090909090909092,2.13,1.8921000000000001,0.0,0.30945958557622255
2023-04-19 07:00:00,2023-04-19,7,22,22,7.68,16.369337882193296,0,0,21,152.01878,False,True,False,0.0,7.68,14.7856,0.0,1.5837378821932955
2023-04-19 18:00:00,2023-04-19,18,22,22,6.28,7.340094822988191,0,2,19,152.01878,False,True,False,9.090909090909092,6.28,6.6705,0.0,0.6695948229881914
2023-04-19 19:00:00,2023-04-19,19,22,22,2.82,0.0,0,22,2,152.01878,True,True,True,100.0,2.8200000000000003,0.0,-4.440892098500626e-16,0.0
2023-04-20 06:00:00,2023-04-20,6,22,22,1.87,2.1469754553038336,0,2,8,152.01878,False,True,False,9.090909090909092,1.87,1.8439999999999999,0.0,0.30297545530383374
2023-04-20 07:00:00,2023-04-20,7,22,22,6.22,14.951943441959514,0,0,21,152.01878,False,True,False,0.0,6.22,13.4322,0.0,1.5197434419595144
2023-04-20 18:00:00,2023-04-20,18,22,22,5.01,6.183168337913489,0,2,20,152.01878,False,True,False,9.090909090909092,5.01,5.543,0.0,0.6401683379134893
2023-04-20 19:00:00,2023-04-20,19,22,22,1.57,0.0,0,22,3,152.01878,True,True,True,100.0,1.57,0.0,0.0,0.0
2023-04-21 06:00:00,2023-04-21,6,22,22,4.12,2.221442655845589,0,2,18,152.01878,False,True,False,9.090909090909092,4.12,1.9085,0.0,0.312942655845589
2023-04-21 07:00:00,2023-04-21,7,22,22,21.07,18.058152720879136,0,0,21,152.01878,False,True,False,0.0,21.07,16.4328,0.0,1.6253527208791354
2023-04-21 18:00:00,2023-04-21,18,22,22,8.129999999999999,5.133475137283631,0,2,21,152.01878,False,True,False,9.090909090909092,8.13,4.5429,-1.7763568394002505e-15,0.590575137283631
2023-04-21 19:00:00,2023-04-21,19,22,22,5.1,0.0,0,22,1,152.01878,True,True,True,100.0,5.1,0.0,0.0,0.0
2023-04-22 06:00:00,2023-04-22,6,22,22,2.95,2.1953216450550834,0,2,16,152.01878,False,True,False,9.090909090909092,2.95,1.8860999999999999,0.0,0.30922164505508354
2023-04-22 07:00:00,2023-04-22,7,22,22,19.46,17.311587827760405,0,0,21,152.01878,False,True,False,0.0,19.46,15.6979,0.0,1.6136878277604048
2023-04-22 18:00:00,2023-04-22,18,22,22,2.86,4.226237172259399,0,2,18,152.01878,False,True,False,9.090909090909092,2.86,3.6571,0.0,0.5691371722593992
2023-04-22 19:00:00,2023-04-22,19,22,22,1.56,0.0,0,22,2,152.01878,True,True,True,100.0,1.56,0.0,0.0,0.0
2023-04-23 06:00:00,2023-04-23,6,22,22,1.58,2.0577744576024406,0,2,2,152.01878,False,True,False,9.090909090909092,1.58,1.7739,0.0,0.28387445760244057
2023-04-23 07:00:00,2023-04-23,7,22,22,4.32,10.185676826786823,0,0,20,152.01878,False,True,False,0.0,4.32,8.9328,0.0,1.2528768267868227
2023-04-23 18:00:00,2023-04-23,18,22,22,1.95,4.137585471446464,0,2,9,152.01878,False,True,False,9.090909090909092,1.9500000000000002,3.5827999999999998,-2.220446049250313e-16,0.554785471446464
2023-04-23 19:00:00,2023-04-23,19,22,22,1.56,0.0,0,22,2,152.01878,True,True,True,100.0,1.56,0.0,0.0,0.0
2023-04-24 06:00:00,2023-04-24,6,22,22,1.7200000000000002,2.2188066060248492,0,2,6,152.01878,False,True,False,9.090909090909092,1.72,1.9074,2.220446049250313e-16,0.31140660602484926
2023-04-24 07:00:00,2023-04-24,7,22,22,6.65,14.881854135375384,0,0,20,152.01878,False,True,False,0.0,6.65,13.3725,0.0,1.5093541353753839
2023-04-24 18:00:00,2023-04-24,18,22,22,5.63,7.644873254705721,0,2,21,152.01878,False,True,False,9.090909090909092,5.63,6.9653,0.0,0.6795732547057209
2023-04-24 19:00:00,2023-04-24,19,22,22,1.74,0.0,0,22,2,152.01878,True,True,True,100.0,1.74,0.0,0.0,0.0
2023-04-25 06:00:00,2023-04-25,6,22,22,2.2600000000000002,2.2400805500000747,0,2,14,152.01878,False,True,False,9.090909090909092,2.26,1.9242,4.440892098500626e-16,0.31588055000007476
2023-04-25 07:00:00,2023-04-25,7,22,22,11.43,15.826060202472048,0,0,21,152.01878,False,True,False,0.0,11.43,14.2947,0.0,1.5313602024720474
2023-04-25 18:00:00,2023-04-25,18,22,22,7.0200000000000005,7.140766399274886,0,2,20,152.01878,False,True,False,9.090909090909092,7.02,6.4875,8.881784197001252e-16,0.6532663992748864
2023-04-25 19:00:00,2023-04-25,19,22,22,1.64,0.0,0,22,1,152.01878,True,True,True,100.0,1.6400000000000001,0.0,-2.220446049250313e-16,0.0
2023-04-26 06:00:00,2023-04-26,6,22,22,5.7,2.5272046393347805,0,2,17,152.01878,False,True,False,9.090909090909092,5.7,2.1618,0.0,0.3654046393347805
2023-04-26 07:00:00,2023-04-26,7,22,22,23.89,23.28845467011533,0,0,20,152.01878,False,True,False,0.0,23.89,21.415,0.0,1.8734546701153292
2023-04-26 18:00:00,2023-04-26,18,22,22,6.54,8.024439402891556,0,2,19,152.01878,False,True,False,9.090909090909092,6.54,7.3602,0.0,0.6642394028915559
2023-04-26 19:00:00,2023-04-26,19,22,22,2.76,0.0,0,22,4,152.01878,True,True,True,100.0,2.76,0.0,0.0,0.0
2023-04-27 06:00:00,2023-04-27,6,22,22,5.38,2.6016133662744596,0,2,16,152.01878,False,True,False,9.090909090909092,5.38,2.2247,0.0,0.3769133662744597
2023-04-27 07:00:00,2023-04-27,7,22,22,19.03,22.947599872570507,0,0,19,152.01878,False,True,False,0.0,19.03,21.0722,0.0,1.875399872570508
2023-04-27 18:00:00,2023-04-27,18,22,22,7.6899999999999995,8.472286840138969,0,2,19,152.01878,False,True,False,9.090909090909092,7.69,7.786,-8.881784197001252e-16,0.686286840138969
2023-04-27 19:00:00,2023-04-27,19,22,22,2.9699999999999998,0.0,0,22,3,152.01878,True,True,True,100.0,2.9699999999999998,0.0,0.0,0.0
2023-04-28 06:00:00,2023-04-28,6,22,22,4.51,2.5052160547904583,0,2,16,152.01878,False,True,False,9.090909090909092,4.51,2.143,0.0,0.3622160547904585
2023-04-28 07:00:00,2023-04-28,7,22,22,13.8,21.180324523896925,0,0,19,152.01878,False,True,False,0.0,13.8,19.3759,0.0,1.8044245238969232
2023-04-28 18:00:00,2023-04-28,18,22,22,6.779999999999999,4.540212967533353,0,2,20,152.01878,False,True,False,9.090909090909092,6.78,3.9255,-8.881784197001252e-16,0.6147129675333534
2023-04-28 19:00:00,2023-04-28,19,22,22,4.36,0.0,0,22,6,152.01878,True,True,True,100.0,4.36,0.0,0.0,0.0
2023-04-29 06:00:00,2023-04-29,6,22,22,5.16,2.4618834539268386,0,2,17,152.01878,False,True,False,9.090909090909092,5.16,2.11,0.0,0.35188345392683873
2023-04-29 07:00:00,2023-04-29,7,22,22,23.839999999999996,20.05857805050213,0,0,19,152.01878,False,True,False,0.0,23.84,18.3211,-3.552713678800501e-15,1.73747805050213
2023-04-29 18:00:00,2023-04-29,18,22,22,14.66,8.959390448521942,0,2,20,152.01878,False,True,False,9.090909090909092,14.66,8.2619,0.0,0.6974904485219415
2023-04-29 19:00:00,2023-04-29,19,22,22,5.9,0.0,0,22,4,152.01878,True,True,True,100.0,5.9,0.0,0.0,0.0
2023-04-30 06:00:00,2023-04-30,6,22,22,6.57,2.7311870478267504,0,2,16,152.01878,False,True,False,9.090909090909092,6.57,2.3346,0.0,0.39658704782675036
2023-04-30 07:00:00,2023-04-30,7,22,22,26.310000000000002,26.226723893361687,0,0,20,152.01878,False,True,False,0.0,26.31,24.1899,3.552713678800501e-15,2.036823893361685
2023-04-30 18:00:00,2023-04-30,18,22,22,11.96,8.622038136059786,0,2,20,152.01878,False,True,False,9.090909090909092,11.96,7.9215,0.0,0.7005381360597855
2023-04-30 19:00:00,2023-04-30,19,22,22,7.51,0.0,0,22,7,152.01878,True,True,True,100.0,7.51,0.0,0.0,0.0
2023-05-01 06:00:00,2023-05-01,6,22,22,9.32,4.813552352732507,0,2,18,152.01878,False,True,False,9.090909090909092,9.32,3.9413,0.0,0.8722523527325068
2023-05-01 07:00:00,2023-05-01,7,22,22,28.21,26.854996283165573,0,0,20,152.01878,False,True,False,0.0,28.21,24.7265,0.0,2.128496283165571
2023-05-01 18:00:00,2023-05-01,18,22,22,7.8,9.12109892296517,0,2,20,152.01878,False,True,False,9.090909090909092,7.8,8.424,0.0,0.6970989229651714
2023-05-01 19:00:00,2023-05-01,19,22,22,1.59,0.0,0,22,3,152.01878,True,True,True,100.0,1.5899999999999999,0.0,2.220446049250313e-16,0.0
2023-05-02 06:00:00,2023-05-02,6,22,22,7.77,4.948501486322453,0,2,14,152.01878,False,True,False,9.090909090909092,7.77,4.0462,0.0,0.902301486322453
2023-05-02 07:00:00,2023-05-02,7,22,22,22.66,25.71911853889528,0,0,16,152.01878,False,True,False,0.0,22.66,23.621,0.0,2.0981185388952817
2023-05-02 18:00:00,2023-05-02,18,22,22,6.34,7.743562313749103,0,2,16,152.01878,False,True,False,9.090909090909092,6.34,7.0505,0.0,0.6930623137491025
2023-05-02 19:00:00,2023-05-02,19,22,22,3.2199999999999998,0.0,0,22,4,152.01878,True,True,True,100.0,3.22,0.0,-4.440892098500626e-16,0.0
2023-05-03 06:00:00,2023-05-03,6,22,22,1.76,2.281770706873256,0,2,6,152.01878,False,True,False,9.090909090909092,1.76,1.9561000000000002,0.0,0.3256707068732556
2023-05-03 07:00:00,2023-05-03,7,22,22,5.47,15.386986726426354,0,0,15,152.01878,False,True,False,0.0,5.47,13.834,0.0,1.5529867264263544
2023-05-03 18:00:00,2023-05-03,18,22,22,3.0300000000000002,4.212304034534396,0,2,13,152.01878,False,True,False,9.090909090909092,3.03,3.641,4.440892098500626e-16,0.5713040345343963
2023-05-03 19:00:00,2023-05-03,19,22,22,1.56,0.0,0,22,2,152.01878,True,True,True,100.0,1.56,0.0,0.0,0.0
2023-05-04 06:00:00,2023-05-04,6,22,22,1.56,2.1724962865494777,0,2,2,152.01878,False,True,False,9.090909090909092,1.56,1.8654000000000002,0.0,0.3070962865494775
2023-05-04 07:00:00,2023-05-04,7,22,22,2.29,11.810578198069209,0,0,9,152.01878,False,True,False,0.0,2.29,10.3784,0.0,1.4321781980692094
2023-05-04 18:00:00,2023-05-04,18,22,22,5.51,4.5091611586191735,0,2,16,152.01878,False,True,False,9.090909090909092,5.51,3.8875,0.0,0.6216611586191734
2023-05-04 19:00:00,2023-05-04,19,22,22,3.53,0.0,0,22,3,152.01878,True,True,True,100.0,3.5300000000000002,0.0,-4.440892098500626e-16,0.0
2023-05-05 06:00:00,2023-05-05,6,22,22,2.95,2.287600619971077,0,2,14,152.01878,False,True,False,9.090909090909092,2.95,1.9611,0.0,0.32650061997107693
2023-05-05 07:00:00,2023-05-05,7,22,22,8.24,14.14181595065768,0,0,19,152.01878,False,True,False,0.0,8.24,12.6262,0.0,1.5156159506576792
2023-05-05 18:00:00,2023-05-05,18,22,22,2.69,4.486557000204464,0,2,16,152.01878,False,True,False,9.090909090909092,2.69,3.8737,0.0,0.6128570002044644
2023-05-05 19:00:00,2023-05-05,19,22,22,2.0900000000000003,0.0,0,22,5,152.01878,True,True,True,100.0,2.09,0.0,4.440892098500626e-16,0.0
2023-05-06 06:00:00,2023-05-06,6,22,22,4.45,2.5560148454752984,0,2,16,152.01878,False,True,False,9.090909090909092,4.45,2.1845,0.0,0.37151484547529856
2023-05-06 07:00:00,2023-05-06,7,22,22,22.16,18.80671754554007,0,0,19,152.01878,False,True,False,0.0,22.16,17.1059,0.0,1.7008175455400725
2023-05-06 18:00:00,2023-05-06,18,22,22,5.1000000000000005,6.542491515474741,0,2,21,152.01878,False,True,False,9.090909090909092,5.1,5.8592,8.881784197001252e-16,0.6832915154747408
2023-05-06 19:00:00,2023-05-06,19,22,22,1.68,0.0,0,22,3,152.01878,True,True,True,100.0,1.6800000000000002,0.0,-2.220446049250313e-16,0.0
2023-05-07 06:00:00,2023-05-07,6,22,22,4.0600000000000005,2.5057595123645053,0,2,18,152.01878,False,True,False,9.090909090909092,4.06,2.1465,8.881784197001252e-16,0.35925951236450526
2023-05-07 07:00:00,2023-05-07,7,22,22,15.33,19.902960896031363,0,0,21,152.01878,False,True,False,0.0,15.33,18.1132,0.0,1.789760896031364
2023-05-07 18:00:00,2023-05-07,18,22,22,12.69,9.619705967767722,0,2,21,152.01878,False,True,False,9.090909090909092,12.69,8.9057,0.0,0.7140059677677222
2023-05-07 19:00:00,2023-05-07,19,22,22,5.01,0.0,0,22,4,152.01878,True,True,True,100.0,5.01,0.0,0.0,0.0
2023-05-08 06:00:00,2023-05-08,6,22,22,8.31,2.6491126056425642,0,2,19,152.01878,False,True,False,9.090909090909092,8.31,2.2648,0.0,0.3843126056425641
2023-05-08 07:00:00,2023-05-08,7,22,22,22.619999999999997,19.401644452165293,0,0,21,152.01878,False,True,False,0.0,22.62,17.6617,-3.552713678800501e-15,1.7399444521652931
2023-05-08 18:00:00,2023-05-08,18,22,22,11.61,9.42417296646705,0,2,20,152.01878,False,True,False,9.090909090909092,11.61,8.6921,0.0,0.7320729664670509
2023-05-08 19:00:00,2023-05-08,19,22,22,4.779999999999999,0.0,0,22,7,152.01878,True,True,True,100.0,4.78,0.0,-8.881784197001252e-16,0.0
2023-05-09 06:00:00,2023-05-09,6,22,22,12.28,4.805911165435391,0,2,17,152.01878,False,True,False,9.090909090909092,12.28,3.9373,0.0,0.8686111654353907
2023-05-09 07:00:00,2023-05-09,7,22,22,33.04,25.078821363650952,0,0,20,152.01878,False,True,False,0.0,33.04,23.0616,0.0,2.017221363650954
2023-05-09 18:00:00,2023-05-09,18,22,22,10.65,9.265315916015778,0,2,20,152.01878,False,True,False,9.090909090909092,10.65,8.5373,0.0,0.728015916015778
2023-05-09 19:00:00,2023-05-09,19,22,22,4.72,0.0,0,22,5,152.01878,True,True,True,100.0,4.72,0.0,0.0,0.0
2023-05-10 06:00:00,2023-05-10,6,22,22,7.0200000000000005,2.5911785326225676,0,2,18,152.01878,False,True,False,9.090909090909092,7.02,2.2165,8.881784197001252e-16,0.3746785326225677
2023-05-10 07:00:00,2023-05-10,7,22,22,27.44,19.97089763197271,0,0,20,152.01878,False,True,False,0.0,27.44,18.2169,0.0,1.7539976319727124
2023-05-10 18:00:00,2023-05-10,18,22,22,7.98,4.7112781184449135,0,2,20,152.01878,False,True,False,9.090909090909092,7.98,4.0753,0.0,0.6359781184449131
2023-05-10 19:00:00,2023-05-10,19,22,22,2.85,0.0,0,22,5,152.01878,True,True,True,100.0,2.85,0.0,0.0,0.0
2023-05-11 06:00:00,2023-05-11,6,22,22,5.0200000000000005,2.5771793672854346,0,2,16,152.01878,False,True,False,9.090909090909092,5.02,2.2051,8.881784197001252e-16,0.3720793672854348
2023-05-11 07:00:00,2023-05-11,7,22,22,12.73,18.74746326488337,0,0,19,152.01878,False,True,False,0.0,12.73,17.0449,0.0,1.70256326488337
2023-05-11 18:00:00,2023-05-11,18,22,22,11.87,9.23645616351377,0,2,20,152.01878,False,True,False,9.090909090909092,11.87,8.538,0.0,0.6984561635137698
2023-05-11 19:00:00,2023-05-11,19,22,22,5.63,0.0,0,22,3,152.01878,True,True,True,100.0,5.63,0.0,0.0,0.0
2023-05-12 06:00:00,2023-05-12,6,22,22,6.46,2.6737913100424118,0,2,18,152.01878,False,True,False,9.090909090909092,6.46,2.2846,0.0,0.3891913100424116
2023-05-12 07:00:00,2023-05-12,7,22,22,21.71,19.762116117683526,0,0,20,152.01878,False,True,False,0.0,21.71,17.9969,0.0,1.7652161176835257
2023-05-12 18:00:00,2023-05-12,18,22,22,9.899999999999999,8.717036492682233,0,2,21,152.01878,False,True,False,9.090909090909092,9.9,8.0105,-1.7763568394002505e-15,0.7065364926822326
2023-05-12 19:00:00,2023-05-12,19,22,22,2.4399999999999995,0.0,0,22,4,152.01878,True,True,True,100.0,2.44,0.0,-4.440892098500626e-16,0.0
2023-05-13 06:00:00,2023-05-13,6,22,22,8.83,5.038212393454392,0,2,19,152.01878,False,True,False,9.090909090909092,8.83,4.1213,0.0,0.9169123934543926
2023-05-13 07:00:00,2023-05-13,7,22,22,26.62,25.772892408657313,0,0,21,152.01878,False,True,False,0.0,26.62,23.6908,0.0,2.0820924086573136
2023-05-13 18:00:00,2023-05-13,18,22,22,9.85,9.83279310203679,0,2,21,152.01878,False,True,False,9.090909090909092,9.85,9.1034,0.0,0.7293931020367896
2023-05-13 19:00:00,2023-05-13,19,22,22,2.8899999999999997,0.0,0,22,4,152.01878,True,True,True,100.0,2.89,0.0,-4.440892098500626e-16,0.0
2023-05-14 06:00:00,2023-05-14,6,22,22,9.39,5.250132341479704,0,2,18,152.01878,False,True,False,9.090909090909092,9.39,4.2945,0.0,0.9556323414797037
2023-05-14 07:00:00,2023-05-14,7,22,22,28.24,27.109686823742614,0,0,21,152.01878,False,True,False,0.0,28.24,25.0041,0.0,2.1055868237426125
2023-05-14 18:00:00,2023-05-14,18,22,22,9.23,9.852642774612093,0,2,21,152.01878,False,True,False,9.090909090909092,9.23,9.1227,0.0,0.729942774612093
2023-05-14 19:00:00,2023-05-14,19,22,22,3.27,0.0,0,22,4,152.01878,True,True,True,100.0,3.27,0.0,0.0,0.0
2023-05-15 06:00:00,2023-05-15,6,22,22,9.5,5.307881144540002,0,2,19,152.01878,False,True,False,9.090909090909092,9.5,4.3398,0.0,0.9680811445400019
2023-05-15 07:00:00,2023-05-15,7,22,22,27.740000000000002,27.213707279016703,0,0,21,152.01878,False,True,False,0.0,27.74,25.0887,3.552713678800501e-15,2.125007279016703
2023-05-15 18:00:00,2023-05-15,18,22,22,9.68,10.106024885631548,0,2,21,152.01878,False,True,False,9.090909090909092,9.68,9.364,0.0,0.7420248856315474
2023-05-15 19:00:00,2023-05-15,19,22,22,2.6799999999999997,0.0,0,22,6,152.01878,True,True,True,100.0,2.68,0.0,-4.440892098500626e-16,0.0
2023-05-16 06:00:00,2023-05-16,6,22,22,9.76,5.527514318791949,0,2,19,152.01878,False,True,False,9.090909090909092,9.76,4.5178,0.0,1.009714318791949
2023-05-16 07:00:00,2023-05-16,7,22,22,29.73,27.733165373079718,0,0,21,152.01878,False,True,False,0.0,29.73,25.588,0.0,2.145165373079717
2023-05-16 18:00:00,2023-05-16,18,22,22,9.83,8.988576703585933,0,2,21,152.01878,False,True,False,9.090909090909092,9.83,8.2674,0.0,0.7211767035859324
2023-05-16 19:00:00,2023-05-16,19,22,22,3.0599999999999996,0.0,0,22,4,152.01878,True,True,True,100.0,3.06,0.0,-4.440892098500626e-16,0.0
2023-05-17 06:00:00,2023-05-17,6,22,22,9.04,4.819258599206174,0,2,18,152.01878,False,True,False,9.090909090909092,9.04,3.9447,0.0,0.874558599206174
2023-05-17 07:00:00,2023-05-17,7,22,22,22.92,22.017722105350735,0,0,20,152.01878,False,True,False,0.0,22.92,20.1331,0.0,1.8846221053507364
2023-05-17 18:00:00,2023-05-17,18,22,22,9.379999999999999,8.923710433500998,0,2,20,152.01878,False,True,False,9.090909090909092,9.38,8.2159,-1.7763568394002505e-15,0.7078104335009989
2023-05-17 19:00:00,2023-05-17,19,22,22,2.01,0.0,0,22,4,152.01878,True,True,True,100.0,2.01,0.0,0.0,0.0
2023-05-18 06:00:00,2023-05-18,6,22,22,2.49,2.608065194528703,0,2,13,152.01878,False,True,False,9.090909090909092,2.49,2.2319,0.0,0.3761651945287028
2023-05-18 07:00:00,2023-05-18,7,22,22,7.5200000000000005,20.19672750543367,0,0,20,152.01878,False,True,False,0.0,7.52,18.4167,8.881784197001252e-16,1.7800275054336723
2023-05-18 18:00:00,2023-05-18,18,22,22,10.35,10.00661923180495,0,2,21,152.01878,False,True,False,9.090909090909092,10.35,9.2646,0.0,0.7420192318049494
2023-05-18 19:00:00,2023-05-18,19,22,22,3.0300000000000002,0.0,0,22,7,152.01878,True,True,True,100.0,3.03,0.0,4.440892098500626e-16,0.0
2023-05-19 06:00:00,2023-05-19,6,22,22,8.26,5.1966498521071,0,2,19,152.01878,False,True,False,9.090909090909092,8.26,4.2494,0.0,0.9472498521071007
2023-05-19 07:00:00,2023-05-19,7,22,22,22.59,24.559407716643435,0,0,21,152.01878,False,True,False,0.0,22.59,22.599,0.0,1.9604077166434344
2023-05-19 18:00:00,2023-05-19,18,22,22,10.07,10.10448213478228,0,2,21,152.01878,False,True,False,9.090909090909092,10.07,9.3756,0.0,0.72888213478228
2023-05-19 19:00:00,2023-05-19,19,22,22,2.7,0.0,0,22,10,152.01878,True,True,True,100.0,2.7,0.0,0.0,0.0
2023-05-20 06:00:00,2023-05-20,6,23,23,9.600000000000001,5.662016985268304,0,2,20,156.81878,False,True,False,8.695652173913043,9.6,4.6526,1.7763568394002505e-15,1.0094169852683041
2023-05-20 07:00:00,2023-05-20,7,23,23,32.48,28.369157441960837,0,0,22,156.81878,False,True,False,0.0,32.48,26.2351,0.0,2.134057441960838
2023-05-20 18:00:00,2023-05-20,18,23,23,9.77,10.686513473368393,0,2,22,156.81878,False,True,False,8.695652173913043,9.77,9.9392,0.0,0.7473134733683935
2023-05-20 19:00:00,2023-05-20,19,23,23,2.37,0.0,0,23,5,156.81878,True,True,True,100.0,2.37,0.0,0.0,0.0
2023-05-21 06:00:00,2023-05-21,6,23,23,9.379999999999999,5.233623157619615,0,2,20,156.81878,False,True,False,8.695652173913043,9.38,4.3071,-1.7763568394002505e-15,0.9265231576196147
2023-05-21 07:00:00,2023-05-21,7,23,23,30.82,26.083363993558223,0,0,22,156.81878,False,True,False,0.0,30.82,24.057,0.0,2.026363993558224
2023-05-21 18:00:00,2023-05-21,18,23,23,5.68,9.182267859707538,0,2,21,156.81878,False,True,False,8.695652173913043,5.68,8.4921,0.0,0.6901678597075378
2023-05-21 19:00:00,2023-05-21,19,23,23,1.61,0.0,0,23,3,156.81878,True,True,True,100.0,1.6099999999999999,0.0,2.220446049250313e-16,0.0
2023-05-22 06:00:00,2023-05-22,6,23,23,4.93,2.6744729192289722,0,2,16,156.81878,False,True,False,8.695652173913043,4.93,2.305,0.0,0.3694729192289721
2023-05-22 07:00:00,2023-05-22,7,23,23,14.05,18.268490694125482,0,0,22,156.81878,False,True,False,0.0,14.05,16.6139,0.0,1.6545906941254813
2023-05-22 18:00:00,2023-05-22,18,23,23,14.21,10.44197722970312,0,2,22,156.81878,False,True,False,8.695652173913043,14.21,9.7212,0.0,0.7207772297031205
2023-05-22 19:00:00,2023-05-22,19,23,23,6.22,0.0,0,23,11,156.81878,True,True,True,100.0,6.22,0.0,0.0,0.0
2023-05-23 06:00:00,2023-05-23,6,23,23,10.35,6.022960428687974,0,2,20,156.81878,False,True,False,8.695652173913043,10.35,4.9453,0.0,1.0776604286879747
2023-05-23 07:00:00,2023-05-23,7,23,23,33.4,32.34776918092735,0,0,22,156.81878,False,True,False,0.0,33.4,30.0217,0.0,2.3260691809273517
2023-05-23 18:00:00,2023-05-23,18,23,23,10.56,10.282187989575489,0,2,22,156.81878,False,True,False,8.695652173913043,10.56,9.5349,0.0,0.7472879895754883
2023-05-23 19:00:00,2023-05-23,19,23,23,1.6600000000000001,0.0,0,23,8,156.81878,True,True,True,100.0,1.6600000000000001,0.0,0.0,0.0
2023-05-24 06:00:00,2023-05-24,6,23,23,4.25,2.6518504231297886,0,2,16,156.81878,False,True,False,8.695652173913043,4.25,2.2856,0.0,0.3662504231297885
2023-05-24 07:00:00,2023-05-24,7,23,23,8.93,15.928529379484694,0,0,22,156.81878,False,True,False,0.0,8.93,14.3637,0.0,1.564829379484694
2023-05-24 18:00:00,2023-05-24,18,23,23,9.2,10.334268547406491,0,2,22,156.81878,False,True,False,8.695652173913043,9.2,9.6337,0.0,0.7005685474064922
2023-05-24 19:00:00,2023-05-24,19,23,23,1.7800000000000002,0.0,0,23,10,156.81878,True,True,True,100.0,1.78,0.0,2.220446049250313e-16,0.0
2023-05-25 06:00:00,2023-05-25,6,23,23,10.65,5.273781785592842,0,2,16,156.81878,False,True,False,8.695652173913043,10.65,4.3347,0.0,0.9390817855928422
2023-05-25 07:00:00,2023-05-25,7,23,23,27.439999999999998,25.91247941580947,0,0,19,156.81878,False,True,False,0.0,27.44,23.9187,-3.552713678800501e-15,1.9937794158094704
2023-05-25 18:00:00,2023-05-25,18,23,23,8.48,9.114035434086095,0,2,22,156.81878,False,True,False,8.695652173913043,8.48,8.4194,0.0,0.694635434086095
2023-05-25 19:00:00,2023-05-25,19,23,23,2.4,0.0,0,23,13,156.81878,True,True,True,100.0,2.4,0.0,0.0,0.0
2023-05-26 06:00:00,2023-05-26,6,23,23,9.219999999999999,4.683726981879014,0,2,16,156.81878,False,True,False,8.695652173913043,9.22,3.8482000000000003,-1.7763568394002505e-15,0.8355269818790134
2023-05-26 07:00:00,2023-05-26,7,23,23,18.5,20.740125312257852,0,0,19,156.81878,False,True,False,0.0,18.5,18.9894,0.0,1.7507253122578526
2023-05-26 18:00:00,2023-05-26,18,23,23,2.85,4.878896909436569,0,2,19,156.81878,False,True,False,8.695652173913043,2.85,4.2308,0.0,0.6480969094365685
2023-05-26 19:00:00,2023-05-26,19,23,23,1.58,0.0,0,23,1,156.81878,True,True,True,100.0,1.58,0.0,0.0,0.0
2023-05-27 06:00:00,2023-05-27,6,23,23,2.52,4.59649995589081,0,2,13,156.81878,False,True,False,8.695652173913043,2.52,3.7718,0.0,0.8246999558908099
2023-05-27 07:00:00,2023-05-27,7,23,23,4.41,13.532265213329945,0,0,21,156.81878,False,True,False,0.0,4.41,12.0205,0.0,1.5117652133299444
2023-05-27 18:00:00,2023-05-27,18,23,23,4.12,7.5911509121333625,0,2,21,156.81878,False,True,False,8.695652173913043,4.12,6.9179,0.0,0.6732509121333621
2023-05-27 19:00:00,2023-05-27,19,23,23,1.58,0.0,0,23,3,156.81878,True,True,True,100.0,1.58,0.0,0.0,0.0
2023-05-28 06:00:00,2023-05-28,6,23,23,1.71,2.3164774063985165,0,2,3,156.81878,False,True,False,8.695652173913043,1.71,1.9996,0.0,0.31687740639851647
2023-05-28 07:00:00,2023-05-28,7,23,23,3.36,11.965736699592204,0,0,19,156.81878,False,True,False,0.0,3.36,10.5462,0.0,1.4195366995922036
2023-05-28 18:00:00,2023-05-28,18,23,23,5.78,6.741473721987367,0,2,21,156.81878,False,True,False,8.695652173913043,5.78,6.1045,0.0,0.636973721987367
2023-05-28 19:00:00,2023-05-28,19,23,23,1.61,0.0,0,23,4,156.81878,True,True,True,100.0,1.6099999999999999,0.0,2.220446049250313e-16,0.0
2023-05-29 06:00:00,2023-05-29,6,23,23,2.45,2.419865998714785,0,2,9,156.81878,False,True,False,8.695652173913043,2.45,2.0889,0.0,0.3309659987147846
2023-05-29 07:00:00,2023-05-29,7,23,23,2.75,12.05849053830273,0,0,13,156.81878,False,True,False,0.0,2.75,10.6778,0.0,1.38069053830273
2023-05-29 18:00:00,2023-05-29,18,23,23,5.83,8.182923314718096,0,2,21,156.81878,False,True,False,8.695652173913043,5.83,7.5218,0.0,0.6611233147180959
2023-05-29 19:00:00,2023-05-29,19,23,23,2.65,0.0,0,23,6,156.81878,True,True,True,100.0,2.65,0.0,0.0,0.0
2023-05-30 06:00:00,2023-05-30,6,23,23,3.67,2.462001063033043,0,2,17,156.81878,False,True,False,8.695652173913043,3.67,2.1191,0.0,0.34290106303304313
2023-05-30 07:00:00,2023-05-30,7,23,23,10.47,12.025406810672003,0,0,22,156.81878,False,True,False,0.0,10.47,10.6613,0.0,1.364106810672002
2023-05-30 18:00:00,2023-05-30,18,23,23,6.4,4.852352309602545,0,2,22,156.81878,False,True,False,8.695652173913043,6.4,4.22,0.0,0.6323523096025454
2023-05-30 19:00:00,2023-05-30,19,23,23,1.84,0.0,0,23,6,156.81878,True,True,True,100.0,1.8399999999999999,0.0,2.220446049250313e-16,0.0
2023-05-31 06:00:00,2023-05-31,6,23,23,11.32,5.206277146805229,0,2,20,156.81878,False,True,False,8.695652173913043,11.32,4.2783,0.0,0.9279771468052296
2023-05-31 07:00:00,2023-05-31,7,23,23,30.169999999999998,26.199715879779347,0,0,22,156.81878,False,True,False,0.0,30.17,24.1796,-3.552713678800501e-15,2.020115879779347
2023-05-31 18:00:00,2023-05-31,18,23,23,9.06,9.308112301646064,0,2,21,156.81878,False,True,False,8.695652173913043,9.06,8.6036,0.0,0.7045123016460639
2023-05-31 19:00:00,2023-05-31,19,23,23,2.21,0.0,0,23,6,156.81878,True,True,True,100.0,2.21,0.0,0.0,0.0
2023-06-01 06:00:00,2023-06-01,6,23,23,4.85,5.008665567211013,0,2,18,156.81878,False,True,False,8.695652173913043,4.85,4.1112,0.0,0.8974655672110128
2023-06-01 07:00:00,2023-06-01,7,23,23,13.55,17.261291298270308,0,0,22,156.81878,False,True,False,0.0,13.55,15.6319,0.0,1.629391298270308
2023-06-01 18:00:00,2023-06-01,18,23,23,11.55,11.04486604689147,0,2,22,156.81878,False,True,False,8.695652173913043,11.55,10.3007,0.0,0.7441660468914684
2023-06-01 19:00:00,2023-06-01,19,23,23,2.33,0.0,0,23,12,156.81878,True,True,True,100.0,2.33,0.0,0.0,0.0
2023-06-02 06:00:00,2023-06-02,6,23,23,10.27,5.550466818368307,0,2,20,156.81878,False,True,False,8.695652173913043,10.27,4.5502,0.0,1.0002668183683063
2023-06-02 07:00:00,2023-06-02,7,23,23,32.97,29.133694082460778,0,0,22,156.81878,False,True,False,0.0,32.97,26.9911,0.0,2.1425940824607785
2023-06-02 18:00:00,2023-06-02,18,23,23,7.2299999999999995,8.53902670480263,0,2,22,156.81878,False,True,False,8.695652173913043,7.23,7.8692,-8.881784197001252e-16,0.6698267048026301
2023-06-02 19:00:00,2023-06-02,19,23,23,2.0500000000000003,0.0,0,23,8,156.81878,True,True,True,100.0,2.05,0.0,4.440892098500626e-16,0.0
2023-06-03 06:00:00,2023-06-03,6,23,23,13.1,5.911144202905033,0,2,20,156.81878,False,True,False,8.695652173913043,13.1,4.8499,0.0,1.0612442029050335
2023-06-03 07:00:00,2023-06-03,7,23,23,33.09,30.55333605351521,0,0,22,156.81878,False,True,False,0.0,33.09,28.3464,0.0,2.2069360535152107
2023-06-03 18:00:00,2023-06-03,18,23,23,10.52,9.988296872675596,0,2,22,156.81878,False,True,False,8.695652173913043,10.52,9.2628,0.0,0.7254968726755955
2023-06-03 19:00:00,2023-06-03,19,23,23,2.54,0.0,0,23,13,156.81878,True,True,True,100.0,2.54,0.0,0.0,0.0
2023-06-04 06:00:00,2023-06-04,6,23,23,4.5200000000000005,2.5384862494822653,0,2,16,156.81878,False,True,False,8.695652173913043,4.52,2.1857,8.881784197001252e-16,0.3527862494822651
2023-06-04 07:00:00,2023-06-04,7,23,23,13.45,14.121711968018573,0,0,21,156.81878,False,True,False,0.0,13.45,12.6667,0.0,1.4550119680185727
2023-06-04 18:00:00,2023-06-04,18,23,23,4.74,4.657240354191497,0,2,21,156.81878,False,True,False,8.695652173913043,4.74,4.0362,0.0,0.6210403541914973
2023-06-04 19:00:00,2023-06-04,19,23,23,1.6500000000000001,0.0,0,23,5,156.81878,True,True,True,100.0,1.65,0.0,2.220446049250313e-16,0.0
2023-06-05 06:00:00,2023-06-05,6,23,23,7.029999999999999,2.6686693512482145,0,2,18,156.81878,False,True,False,8.695652173913043,7.03,2.2916,-8.881784197001252e-16,0.3770693512482146
2023-06-05 07:00:00,2023-06-05,7,23,23,13.370000000000001,18.05851904866718,0,0,22,156.81878,False,True,False,0.0,13.37,16.4114,1.7763568394002505e-15,1.6471190486671787
2023-06-05 18:00:00,2023-06-05,18,23,23,6.76,10.419395919402723,0,2,21,156.81878,False,True,False,8.695652173913043,6.76,9.6819,0.0,0.737495919402722
2023-06-05 19:00:00,2023-06-05,19,23,23,1.9500000000000002,0.0,0,23,12,156.81878,True,True,True,100.0,1.9500000000000002,0.0,0.0,0.0
2023-06-06 06:00:00,2023-06-06,6,23,23,11.02,5.976941637575948,0,2,20,156.81878,False,True,False,8.695652173913043,11.02,4.9041,0.0,1.072841637575948
2023-06-06 07:00:00,2023-06-06,7,23,23,31.560000000000002,31.095335718720868,0,0,22,156.81878,False,True,False,0.0,31.56,28.8858,3.552713678800501e-15,2.2095357187208684
2023-06-06 18:00:00,2023-06-06,18,23,23,10.66,11.575988231410259,0,2,22,156.81878,False,True,False,8.695652173913043,10.66,10.7681,0.0,0.8078882314102582
2023-06-06 19:00:00,2023-06-06,19,23,23,2.61,0.05329893883076281,0,22,14,156.81878,False,True,False,95.65217391304348,2.61,0.0568,0.0,-0.0035010611692371935
2023-06-07 06:00:00,2023-06-07,6,23,23,10.01,5.549976955558029,0,2,20,156.81878,False,True,False,8.695652173913043,10.01,4.5521,0.0,0.9978769555580289
2023-06-07 07:00:00,2023-06-07,7,23,23,31.52,26.36375289921473,0,0,22,156.81878,False,True,False,0.0,31.52,24.3328,0.0,2.030952899214732
2023-06-07 18:00:00,2023-06-07,18,23,23,10.51,9.532585693438717,0,2,22,156.81878,False,True,False,8.695652173913043,10.51,8.8143,0.0,0.7182856934387178
2023-06-07 19:00:00,2023-06-07,19,23,23,1.8900000000000001,0.052450106968229396,0,22,12,156.81878,False,True,False,95.65217391304348,1.8900000000000001,0.055900000000000005,0.0,-0.0034498930317706095
2023-06-08 06:00:00,2023-06-08,6,23,23,9.61,5.725607538121857,0,2,19,156.81878,False,True,False,8.695652173913043,9.61,4.6983,0.0,1.0273075381218577
2023-06-08 07:00:00,2023-06-08,7,23,23,31.439999999999998,29.83699585077892,0,0,22,156.81878,False,True,False,0.0,31.44,27.7011,-3.552713678800501e-15,2.135895850778919
2023-06-08 18:00:00,2023-06-08,18,23,23,11.23,12.609389321603432,0,2,22,156.81878,False,True,False,8.695652173913043,11.23,11.8157,0.0,0.7936893216034324
2023-06-08 19:00:00,2023-06-08,19,23,23,2.7399999999999998,0.2781980246553434,0,19,17,156.81878,False,True,False,82.6086956521739,2.74,0.2712,-4.440892098500626e-16,0.006998024655343382
2023-06-09 06:00:00,2023-06-09,6,23,23,10.13,5.791395500305303,0,2,20,156.81878,False,True,False,8.695652173913043,10.13,4.7522,0.0,1.0391955003053024
2023-06-09 07:00:00,2023-06-09,7,23,23,30.6,30.270140521083253,0,0,22,156.81878,False,True,False,0.0,30.6,28.1114,0.0,2.158740521083253
2023-06-09 18:00:00,2023-06-09,18,23,23,14.26,9.795404952393843,0,2,22,156.81878,False,True,False,8.695652173913043,14.26,9.0504,0.0,0.7450049523938436
2023-06-09 19:00:00,2023-06-09,19,23,23,3.1199999999999997,0.6332828830856525,0,15,11,156.81878,False,True,False,65.21739130434783,3.12,0.6359,-4.440892098500626e-16,-0.002617116914347517
2023-06-10 06:00:00,2023-06-10,6,23,23,6.8100000000000005,5.723293688822401,0,2,19,156.81878,False,True,False,8.695652173913043,6.8100000000000005,4.6941,0.0,1.0291936888224011
2023-06-10 07:00:00,2023-06-10,7,23,23,15.84,26.049637974913313,0,0,22,156.81878,False,True,False,0.0,15.84,24.0235,0.0,2.026137974913315
2023-06-10 18:00:00,2023-06-10,18,23,23,12.040000000000001,11.816530070471673,0,2,22,156.81878,False,True,False,8.695652173913043,12.04,11.0625,1.7763568394002505e-15,0.7540300704716731
2023-06-10 19:00:00,2023-06-10,19,23,23,2.37,0.820353439019334,0,13,16,156.81878,False,True,False,56.52173913043478,2.37,0.801,0.0,0.01935343901933395
2023-06-11 06:00:00,2023-06-11,6,23,23,10.98,5.861439210153407,0,2,20,156.81878,False,True,False,8.695652173913043,10.98,4.8078,0.0,1.0536392101534071
2023-06-11 07:00:00,2023-06-11,7,23,23,28.33,27.95797541940901,0,0,22,156.81878,False,True,False,0.0,28.33,25.8827,0.0,2.07527541940901
2023-06-11 18:00:00,2023-06-11,18,23,23,14.469999999999999,12.133390914716948,0,2,22,156.81878,False,True,False,8.695652173913043,14.47,11.3462,-1.7763568394002505e-15,0.7871909147169482
2023-06-11 19:00:00,2023-06-11,19,23,23,2.6599999999999997,3.9246926372828512,0,7,14,156.81878,False,True,False,30.434782608695656,2.66,3.6416,-4.440892098500626e-16,0.2830926372828513
2023-06-12 06:00:00,2023-06-12,6,23,23,4.22,5.2228180768722,0,2,16,156.81878,False,True,False,8.695652173913043,4.22,4.282,0.0,0.9408180768722003
2023-06-12 07:00:00,2023-06-12,7,23,23,13.51,19.663356154517782,0,0,21,156.81878,False,True,False,0.0,13.51,17.8901,0.0,1.7732561545177816
2023-06-12 18:00:00,2023-06-12,18,23,23,12.46,10.413242697271082,0,2,22,156.81878,False,True,False,8.695652173913043,12.46,9.6414,0.0,0.7718426972710812
2023-06-12 19:00:00,2023-06-12,19,23,23,3.71,4.201414830626442,0,6,17,156.81878,False,True,False,26.08695652173913,3.71,3.9247,0.0,0.276714830626442
2023-06-13 06:00:00,2023-06-13,6,23,23,7.93,5.402260728977333,0,2,20,156.81878,False,True,False,8.695652173913043,7.93,4.4352,0.0,0.9670607289773328
2023-06-13 07:00:00,2023-06-13,7,23,23,22.4,22.840632006161925,0,0,22,156.81878,False,True,False,0.0,22.4,21.0051,0.0,1.8355320061619267
2023-06-13 18:00:00,2023-06-13,18,23,23,7.640000000000001,11.898025926188684,0,2,22,156.81878,False,True,False,8.695652173913043,7.64,11.1135,8.881784197001252e-16,0.7845259261886834
2023-06-13 19:00:00,2023-06-13,19,23,23,2.7800000000000002,4.175435266122612,0,4,12,156.81878,False,True,False,17.391304347826086,2.7800000000000002,3.9023,0.0,0.2731352661226123
2023-06-14 06:00:00,2023-06-14,6,23,23,8.91,5.795828178544637,0,2,20,156.81878,False,True,False,8.695652173913043,8.91,4.7548,0.0,1.0410281785446367
2023-06-14 07:00:00,2023-06-14,7,23,23,29.09,28.954208055014593,0,0,22,156.81878,False,True,False,0.0,29.09,26.8364,0.0,2.117808055014592
2023-06-14 18:00:00,2023-06-14,18,23,23,12.39,12.630287354757684,0,2,22,156.81878,False,True,False,8.695652173913043,12.39,11.8615,0.0,0.7687873547576842
2023-06-14 19:00:00,2023-06-14,19,23,23,2.4699999999999998,4.142164374216863,0,3,19,156.81878,False,True,False,13.043478260869565,2.47,3.8813,-4.440892098500626e-16,0.26086437421686304
2023-06-15 06:00:00,2023-06-15,6,23,23,9.629999999999999,5.773776665544168,0,2,20,156.81878,False,True,False,8.695652173913043,9.63,4.7389,-1.7763568394002505e-15,1.034876665544168
2023-06-15 07:00:00,2023-06-15,7,23,23,29.62,30.437208117759752,0,0,22,156.81878,False,True,False,0.0,29.62,28.2701,0.0,2.167108117759753
2023-06-15 18:00:00,2023-06-15,18,23,23,11.68,12.251270546082832,0,2,22,156.81878,False,True,False,8.695652173913043,11.68,11.4488,0.0,0.8024705460828319
2023-06-15 19:00:00,2023-06-15,19,23,23,3.4699999999999998,4.482374943325931,0,2,19,156.81878,False,True,False,8.695652173913043,3.47,4.2243,-4.440892098500626e-16,0.25807494332593084
2023-06-16 06:00:00,2023-06-16,6,23,23,9.06,5.4975503695413055,0,2,20,156.81878,False,True,False,8.695652173913043,9.06,4.5033,0.0,0.9942503695413052
2023-06-16 07:00:00,2023-06-16,7,23,23,27.32,24.795225439963346,0,0,22,156.81878,False,True,False,0.0,27.32,22.8339,0.0,1.9613254399633462
2023-06-16 18:00:00,2023-06-16,18,23,23,10.79,10.473866785539602,0,2,22,156.81878,False,True,False,8.695652173913043,10.79,9.7006,0.0,0.7732667855396027
2023-06-16 19:00:00,2023-06-16,19,23,23,4.3,4.4625970749863475,0,2,14,156.81878,False,True,False,8.695652173913043,4.3,4.2027,0.0,0.2598970749863474
2023-06-17 06:00:00,2023-06-17,6,23,23,9.55,2.5780505407100702,0,2,19,156.81878,False,True,False,8.695652173913043,9.55,2.2163,0.0,0.3617505407100703
2023-06-17 07:00:00,2023-06-17,7,23,23,19.94,17.95939199889947,0,0,22,156.81878,False,True,False,0.0,19.94,16.341,0.0,1.6183919988994688
2023-06-17 18:00:00,2023-06-17,18,23,23,4.42,4.7615340030900715,0,2,20,156.81878,False,True,False,8.695652173913043,4.42,4.1236,0.0,0.6379340030900718
2023-06-17 19:00:00,2023-06-17,19,23,23,1.6,3.876022857536498,0,2,5,156.81878,False,True,False,8.695652173913043,1.6,3.6592000000000002,0.0,0.21682285753649788
2023-06-18 06:00:00,2023-06-18,6,23,23,2.8600000000000003,2.2888063686788516,0,2,12,156.81878,False,True,False,8.695652173913043,2.86,1.9787,4.440892098500626e-16,0.31010636867885166
2023-06-18 07:00:00,2023-06-18,7,23,23,7.21,9.869332873734528,0,0,21,156.81878,False,True,False,0.0,7.21,8.6571,0.0,1.2122328737345285
2023-06-18 18:00:00,2023-06-18,18,23,23,14.1,10.940294031156888,0,2,22,156.81878,False,True,False,8.695652173913043,14.1,10.1567,0.0,0.7835940311568876
2023-06-18 19:00:00,2023-06-18,19,23,23,2.57,4.366696337141091,0,2,18,156.81878,False,True,False,8.695652173913043,2.5700000000000003,4.1156,-4.440892098500626e-16,0.2510963371410915
2023-06-19 06:00:00,2023-06-19,6,23,23,2.28,2.2691992941865746,0,2,14,156.81878,False,True,False,8.695652173913043,2.2800000000000002,1.9581,-4.440892098500626e-16,0.31109929418657467
2023-06-19 07:00:00,2023-06-19,7,23,23,4.76,9.773435960513403,0,0,20,156.81878,False,True,False,0.0,4.76,8.5123,0.0,1.2611359605134034
2023-06-19 18:00:00,2023-06-19,18,23,23,3.6,4.953914705064061,0,2,19,156.81878,False,True,False,8.695652173913043,3.6,4.2681000000000004,0.0,0.6858147050640602
2023-06-19 19:00:00,2023-06-19,19,23,23,1.8,3.9066506981165965,0,2,6,156.81878,False,True,False,8.695652173913043,1.8,3.6878,0.0,0.2188506981165963
2023-06-20 06:00:00,2023-06-20,6,23,23,7.36,4.984414084584927,0,2,19,156.81878,False,True,False,8.695652173913043,7.36,4.0923,0.0,0.8921140845849269
2023-06-20 07:00:00,2023-06-20,7,23,23,11.64,21.963566598900364,0,0,22,156.81878,False,True,False,0.0,11.64,20.1181,0.0,1.8454665989003658
2023-06-20 18:00:00,2023-06-20,18,23,23,15.79,12.673827041103152,0,2,22,156.81878,False,True,False,8.695652173913043,15.79,11.8526,0.0,0.8212270411031515
2023-06-20 19:00:00,2023-06-20,19,23,23,2.23,4.3836324744617885,0,2,14,156.81878,False,True,False,8.695652173913043,2.23,4.1321,0.0,0.25153247446178817
2023-06-21 06:00:00,2023-06-21,6,23,23,12.57,5.455782226263919,0,2,20,156.81878,False,True,False,8.695652173913043,12.57,4.4766,0.0,0.9791822262639185
2023-06-21 07:00:00,2023-06-21,7,23,23,22.97,24.141297713858645,0,0,22,156.81878,False,True,False,0.0,22.97,22.243,0.0,1.8982977138586463
2023-06-21 18:00:00,2023-06-21,18,23,23,14.61,10.38172405941235,0,2,22,156.81878,False,True,False,8.695652173913043,14.61,9.6202,0.0,0.7615240594123502
2023-06-21 19:00:00,2023-06-21,19,23,23,7.2299999999999995,4.484844254152086,0,2,19,156.81878,False,True,False,8.695652173913043,7.23,4.2269,-8.881784197001252e-16,0.2579442541520862
2023-06-22 06:00:00,2023-06-22,6,23,23,11.17,5.843642316891065,0,2,20,156.81878,False,True,False,8.695652173913043,11.17,4.796,0.0,1.0476423168910651
2023-06-22 07:00:00,2023-06-22,7,23,23,28.69,29.14413361514297,0,0,22,156.81878,False,True,False,0.0,28.69,27.0282,0.0,2.1159336151429713
2023-06-22 18:00:00,2023-06-22,18,23,23,15.200000000000001,13.428440327248136,0,2,22,156.81878,False,True,False,8.695652173913043,15.2,12.6017,1.7763568394002505e-15,0.8267403272481371
2023-06-22 19:00:00,2023-06-22,19,23,23,3.34,4.588516038681288,0,2,19,156.81878,False,True,False,8.695652173913043,3.34,4.3246,0.0,0.26391603868128755
2023-06-23 06:00:00,2023-06-23,6,23,23,10.47,5.591183895075044,0,2,20,156.81878,False,True,False,8.695652173913043,10.47,4.5847,0.0,1.0064838950750445
2023-06-23 07:00:00,2023-06-23,7,23,23,25.36,25.555294369863557,0,0,22,156.81878,False,True,False,0.0,25.36,23.5829,0.0,1.972394369863558
2023-06-23 18:00:00,2023-06-23,18,23,23,12.030000000000001,10.751311596144001,0,2,22,156.81878,False,True,False,8.695652173913043,12.03,9.9879,1.7763568394002505e-15,0.7634115961440013
2023-06-23 19:00:00,2023-06-23,19,23,23,4.29,4.524995254374347,0,2,19,156.81878,False,True,False,8.695652173913043,4.29,4.2632,0.0,0.2617952543743467
2023-06-24 06:00:00,2023-06-24,6,23,23,9.71,5.858388629159062,0,2,20,156.81878,False,True,False,8.695652173913043,9.71,4.8075,0.0,1.0508886291590622
2023-06-24 07:00:00,2023-06-24,7,23,23,30.14,30.085238617311788,0,0,22,156.81878,False,True,False,0.0,30.14,27.907,0.0,2.178238617311788
2023-06-24 18:00:00,2023-06-24,18,23,23,14.43,12.282550417779376,0,2,22,156.81878,False,True,False,8.695652173913043,14.43,11.4708,0.0,0.8117504177793755
2023-06-24 19:00:00,2023-06-24,19,23,23,5.41,4.50657241259012,0,2,20,156.81878,False,True,False,8.695652173913043,5.41,4.2417,0.0,0.26487241259011984
2023-06-25 06:00:00,2023-06-25,6,23,23,1.82,2.2160056586315333,0,2,7,156.81878,False,True,False,8.695652173913043,1.82,1.9151,0.0,0.3009056586315333
2023-06-25 07:00:00,2023-06-25,7,23,23,3.27,9.346217482777403,0,0,18,156.81878,False,True,False,0.0,3.27,8.1509,0.0,1.1953174827774031
2023-06-25 18:00:00,2023-06-25,18,23,23,4.57,4.924317615546035,0,2,21,156.81878,False,True,False,8.695652173913043,4.57,4.2697,0.0,0.6546176155460346
2023-06-25 19:00:00,2023-06-25,19,23,23,2.77,3.9949444371605116,0,2,10,156.81878,False,True,False,8.695652173913043,2.77,3.7701000000000002,0.0,0.2248444371605114
2023-06-26 06:00:00,2023-06-26,6,23,23,4.14,4.663955080622697,0,2,14,156.81878,False,True,False,8.695652173913043,4.14,3.8294,0.0,0.8345550806226965
2023-06-26 07:00:00,2023-06-26,7,23,23,11.44,15.638497340456027,0,0,22,156.81878,False,True,False,0.0,11.44,14.0881,0.0,1.5503973404560263
2023-06-26 18:00:00,2023-06-26,18,23,23,14.51,12.564340608287495,0,2,22,156.81878,False,True,False,8.695652173913043,14.51,11.7404,0.0,0.8239406082874954
2023-06-26 19:00:00,2023-06-26,19,23,23,4.75,4.4721266043332975,0,2,19,156.81878,False,True,False,8.695652173913043,4.75,4.2139,0.0,0.2582266043332977
2023-06-27 06:00:00,2023-06-27,6,23,23,9.39,5.456589905727904,0,2,19,156.81878,False,True,False,8.695652173913043,9.39,4.4767,0.0,0.9798899057279042
2023-06-27 07:00:00,2023-06-27,7,23,23,31.45,26.239291116082587,0,0,21,156.81878,False,True,False,0.0,31.45,24.2168,0.0,2.0224911160825876
2023-06-27 18:00:00,2023-06-27,18,23,23,12.879999999999999,12.466157218595768,0,2,21,156.81878,False,True,False,8.695652173913043,12.88,11.641,-1.7763568394002505e-15,0.8251572185957681
2023-06-27 19:00:00,2023-06-27,19,23,23,3.21,4.485491783935045,0,2,19,156.81878,False,True,False,8.695652173913043,3.21,4.2253,0.0,0.2601917839350456
2023-06-28 06:00:00,2023-06-28,6,23,23,10.25,5.441480371430847,0,2,19,156.81878,False,True,False,8.695652173913043,10.25,4.4515,0.0,0.989980371430847
2023-06-28 07:00:00,2023-06-28,7,23,23,19.78,21.33078922395957,0,0,22,156.81878,False,True,False,0.0,19.78,19.5033,0.0,1.8274892239595708
2023-06-28 18:00:00,2023-06-28,18,23,23,8.15,8.05634464147864,0,2,21,156.81878,False,True,False,8.695652173913043,8.15,7.2417,0.0,0.8146446414786404
2023-06-28 19:00:00,2023-06-28,19,23,23,4.6000000000000005,4.44694419420256,0,2,13,156.81878,False,True,False,8.695652173913043,4.6,4.1905,8.881784197001252e-16,0.2564441942025599
2023-06-29 06:00:00,2023-06-29,6,23,23,6.640000000000001,4.810890047110888,0,2,19,156.81878,False,True,False,8.695652173913043,6.64,3.9389000000000003,8.881784197001252e-16,0.8719900471108879
2023-06-29 07:00:00,2023-06-29,7,23,23,17.64,20.665077330595118,0,0,22,156.81878,False,True,False,0.0,17.64,18.916,0.0,1.7490773305951173
2023-06-29 18:00:00,2023-06-29,18,23,23,9.370000000000001,9.107137356203545,0,2,22,156.81878,False,True,False,8.695652173913043,9.37,8.367,1.7763568394002505e-15,0.7401373562035438
2023-06-29 19:00:00,2023-06-29,19,23,23,2.8600000000000003,4.252150569958385,0,2,15,156.81878,False,True,False,8.695652173913043,2.86,4.0123,4.440892098500626e-16,0.23985056995838505
2023-06-30 06:00:00,2023-06-30,6,23,23,8.24,5.007428035847329,0,2,20,156.81878,False,True,False,8.695652173913043,8.24,4.1122,0.0,0.895228035847329
2023-06-30 07:00:00,2023-06-30,7,23,23,24.94,17.64878918843081,0,0,22,156.81878,False,True,False,0.0,24.94,16.0252,0.0,1.6235891884308096
2023-06-30 18:00:00,2023-06-30,18,23,23,11.91,13.168333152995263,0,2,22,156.81878,False,True,False,8.695652173913043,11.91,12.336500000000001,0.0,0.8318331529952623
2023-06-30 19:00:00,2023-06-30,19,23,23,2.67,4.554160439412133,0,2,19,156.81878,False,True,False,8.695652173913043,2.67,4.2919,0.0,0.26226043941213284
2023-07-01 06:00:00,2023-07-01,6,23,23,9.620000000000001,5.279713291991228,0,2,20,156.81878,False,True,False,8.695652173913043,9.62,4.3143,1.7763568394002505e-15,0.9654132919912275
2023-07-01 07:00:00,2023-07-01,7,23,23,21.4,20.113857135184183,0,0,22,156.81878,False,True,False,0.0,21.4,18.5373,0.0,1.576557135184185
2023-07-01 18:00:00,2023-07-01,18,23,23,15.690000000000001,12.726924357408658,0,2,22,156.81878,False,True,False,8.695652173913043,15.69,11.8965,1.7763568394002505e-15,0.830424357408658
2023-07-01 19:00:00,2023-07-01,19,23,23,5.61,4.625899115165891,0,2,19,156.81878,False,True,False,8.695652173913043,5.61,4.3529,0.0,0.2729991151658906
2023-07-02 06:00:00,2023-07-02,6,23,23,5.21,5.305627639082863,0,2,18,156.81878,False,True,False,8.695652173913043,5.21,4.3259,0.0,0.9797276390828635
2023-07-02 07:00:00,2023-07-02,7,23,23,23.44,20.011148209709823,0,0,22,156.81878,False,True,False,0.0,23.44,18.3494,0.0,1.661748209709824
2023-07-02 18:00:00,2023-07-02,18,23,23,7.07,9.233245606171065,0,2,21,156.81878,False,True,False,8.695652173913043,7.07,8.4398,0.0,0.7934456061710655
2023-07-02 19:00:00,2023-07-02,19,23,23,2.68,4.680632154147617,0,2,6,156.81878,False,True,False,8.695652173913043,2.68,4.3973,0.0,0.28333215414761614
2023-07-03 06:00:00,2023-07-03,6,23,23,4.18,2.250756053825729,0,2,14,156.81878,False,True,False,8.695652173913043,4.18,1.9419,0.0,0.3088560538257292
2023-07-03 07:00:00,2023-07-03,7,23,23,3.27,9.667615859756557,0,0,14,156.81878,False,True,False,0.0,3.27,8.4466,0.0,1.221015859756557
2023-07-03 18:00:00,2023-07-03,18,23,23,5.91,7.889924330107042,0,2,21,156.81878,False,True,False,8.695652173913043,5.91,7.055,0.0,0.8349243301070421
2023-07-03 19:00:00,2023-07-03,19,23,23,2.98,4.5840135033133595,0,2,7,156.81878,False,True,False,8.695652173913043,2.98,4.3068,0.0,0.2772135033133596
2023-07-04 06:00:00,2023-07-04,6,23,23,5.23,4.451347627062008,0,2,19,156.81878,False,True,False,8.695652173913043,5.23,3.6488,0.0,0.8025476270620078
2023-07-04 07:00:00,2023-07-04,7,23,23,18.740000000000002,11.35537786836381,0,0,21,156.81878,False,True,False,0.0,18.74,10.1045,3.552713678800501e-15,1.2508778683638102
2023-07-04 18:00:00,2023-07-04,18,23,23,14.73,10.192851884777125,0,2,22,156.81878,False,True,False,8.695652173913043,14.73,9.3975,0.0,0.7953518847771246
2023-07-04 19:00:00,2023-07-04,19,23,23,4.9799999999999995,4.6676953879093785,0,2,8,156.81878,False,True,False,8.695652173913043,4.98,4.3892,-8.881784197001252e-16,0.2784953879093788
2023-07-05 06:00:00,2023-07-05,6,23,23,7.66,5.587450085693015,0,2,19,156.81878,False,True,False,8.695652173913043,7.66,4.5729,0.0,1.0145500856930152
2023-07-05 07:00:00,2023-07-05,7,23,23,25.72,27.295844102294016,0,0,21,156.81878,False,True,False,0.0,25.72,25.3904,0.0,1.905444102294016
2023-07-05 18:00:00,2023-07-05,18,23,23,13.45,13.403643788796089,0,2,21,156.81878,False,True,False,8.695652173913043,13.45,12.5531,0.0,0.850543788796088
2023-07-05 19:00:00,2023-07-05,19,23,23,4.8,4.7138109781643625,0,2,18,156.81878,False,True,False,8.695652173913043,4.8,4.4348,0.0,0.2790109781643624
2023-07-06 06:00:00,2023-07-06,6,23,23,9.85,5.559330027702275,0,2,19,156.81878,False,True,False,8.695652173913043,9.85,4.5334,0.0,1.025930027702275
2023-07-06 07:00:00,2023-07-06,7,23,23,15.37,23.914037081303405,0,0,21,156.81878,False,True,False,0.0,15.37,22.0919,0.0,1.8221370813034063
2023-07-06 18:00:00,2023-07-06,18,23,23,7.83,5.438952857517389,0,2,22,156.81878,False,True,False,8.695652173913043,7.83,4.6833,0.0,0.7556528575173891
2023-07-06 19:00:00,2023-07-06,19,23,23,3.83,4.285444935506803,0,2,5,156.81878,False,True,False,8.695652173913043,3.83,4.0312,0.0,0.2542449355068026
2023-07-07 06:00:00,2023-07-07,6,23,23,8.45,5.392661452267048,0,2,18,156.81878,False,True,False,8.695652173913043,8.45,4.3991,0.0,0.9935614522670484
2023-07-07 07:00:00,2023-07-07,7,23,23,22.38,21.72347517881147,0,0,21,156.81878,False,True,False,0.0,22.38,20.0134,0.0,1.7100751788114685
2023-07-07 18:00:00,2023-07-07,18,23,23,10.51,11.530564953850437,0,2,21,156.81878,False,True,False,8.695652173913043,10.51,10.6889,0.0,0.8416649538504366
2023-07-07 19:00:00,2023-07-07,19,23,23,3.2199999999999998,4.852053074497022,0,2,11,156.81878,False,True,False,8.695652173913043,3.22,4.562,-4.440892098500626e-16,0.29005307449702133
2023-07-08 06:00:00,2023-07-08,6,23,23,6.54,5.345118444628699,0,2,17,156.81878,False,True,False,8.695652173913043,6.54,4.3624,0.0,0.9827184446286985
2023-07-08 07:00:00,2023-07-08,7,23,23,27.32,18.973246551774004,0,0,22,156.81878,False,True,False,0.0,27.32,17.4086,0.0,1.564646551774004
2023-07-08 18:00:00,2023-07-08,18,23,23,12.6,13.554170846114976,0,2,22,156.81878,False,True,False,8.695652173913043,12.6,12.6659,0.0,0.8882708461149758
2023-07-08 19:00:00,2023-07-08,19,23,23,2.27,4.876995874580769,0,2,14,156.81878,False,True,False,8.695652173913043,2.27,4.5854,0.0,0.29159587458076874
2023-07-09 06:00:00,2023-07-09,6,23,23,2.62,5.538548459700203,0,2,11,156.81878,False,True,False,8.695652173913043,2.62,4.5195,0.0,1.019048459700203
2023-07-09 07:00:00,2023-07-09,7,23,23,18.11,21.97280221076982,0,0,22,156.81878,False,True,False,0.0,18.11,20.2583,0.0,1.7145022107698225
2023-07-09 18:00:00,2023-07-09,18,23,23,11.17,12.748719942288238,0,2,22,156.81878,False,True,False,8.695652173913043,11.17,11.8697,0.0,0.8790199422882381
2023-07-09 19:00:00,2023-07-09,19,23,23,2.1999999999999997,4.863629453568177,0,2,10,156.81878,False,True,False,8.695652173913043,2.2,4.572,-4.440892098500626e-16,0.29162945356817715
2023-07-10 06:00:00,2023-07-10,6,23,23,8.43,5.418861572078064,0,2,20,156.81878,False,True,False,8.695652173913043,8.43,4.4211,0.0,0.9977615720780637
2023-07-10 07:00:00,2023-07-10,7,23,23,25.05,22.245805478090727,0,0,22,156.81878,False,True,False,0.0,25.05,20.515,0.0,1.7308054780907263
2023-07-10 18:00:00,2023-07-10,18,23,23,9.34,9.430379198798478,0,2,22,156.81878,False,True,False,8.695652173913043,9.34,8.6177,0.0,0.8126791987984792
2023-07-10 19:00:00,2023-07-10,19,23,23,2.4,4.649208376271384,0,2,11,156.81878,False,True,False,8.695652173913043,2.4,4.3737,0.0,0.27550837627138325
2023-07-11 06:00:00,2023-07-11,6,23,23,3.0300000000000002,2.406720760579109,0,2,10,156.81878,False,True,False,8.695652173913043,3.03,2.0678,4.440892098500626e-16,0.3389207605791089
2023-07-11 07:00:00,2023-07-11,7,23,23,2.5700000000000003,14.134321878194292,0,0,11,156.81878,False,True,False,0.0,2.5700000000000003,12.7879,0.0,1.3464218781942918
2023-07-11 18:00:00,2023-07-11,18,23,23,15.84,10.238947335764726,0,2,20,156.81878,False,True,False,8.695652173913043,15.84,9.459,0.0,0.7799473357647262
2023-07-11 19:00:00,2023-07-11,19,23,23,4.4,4.613398400110098,0,2,15,156.81878,False,True,False,8.695652173913043,4.4,4.3389,0.0,0.2744984001100983
2023-07-12 06:00:00,2023-07-12,6,23,23,8.629999999999999,5.2992178481706285,0,2,17,156.81878,False,True,False,8.695652173913043,8.63,4.3239,-1.7763568394002505e-15,0.9753178481706284
2023-07-12 07:00:00,2023-07-12,7,23,23,11.6,18.367327548444408,0,0,19,156.81878,False,True,False,0.0,11.6,16.8142,0.0,1.553127548444408
2023-07-12 18:00:00,2023-07-12,18,23,23,8.64,5.814887720955737,0,2,21,156.81878,False,True,False,8.695652173913043,8.64,4.983,0.0,0.8318877209557369
2023-07-12 19:00:00,2023-07-12,19,23,23,1.94,4.642158864089324,0,2,7,156.81878,False,True,False,8.695652173913043,1.94,4.3574,0.0,0.2847588640893237
2023-07-13 06:00:00,2023-07-13,6,23,23,1.98,4.545850201930768,0,2,10,156.81878,False,True,False,8.695652173913043,1.98,3.7287,0.0,0.8171502019307679
2023-07-13 07:00:00,2023-07-13,7,23,23,9.379999999999999,11.3958452836962,0,0,21,156.81878,False,True,False,0.0,9.38,10.1659,-1.7763568394002505e-15,1.2299452836961997
2023-07-13 18:00:00,2023-07-13,18,23,23,9.08,10.146656974404475,0,2,21,156.81878,False,True,False,8.695652173913043,9.08,9.2905,0.0,0.8561569744044757
2023-07-13 19:00:00,2023-07-13,19,23,23,4.68,4.647279069547708,0,2,12,156.81878,False,True,False,8.695652173913043,4.68,4.371,0.0,0.27627906954770776
2023-07-14 06:00:00,2023-07-14,6,23,23,6.21,4.919721538272019,0,2,16,156.81878,False,True,False,8.695652173913043,6.21,4.0273,0.0,0.8924215382720186
2023-07-14 07:00:00,2023-07-14,7,23,23,18.38,15.050884646267537,0,0,21,156.81878,False,True,False,0.0,18.38,13.615,0.0,1.435884646267537
2023-07-14 18:00:00,2023-07-14,18,23,23,12.030000000000001,11.69759208156558,0,2,22,156.81878,False,True,False,8.695652173913043,12.03,10.8158,1.7763568394002505e-15,0.88179208156558
2023-07-14 19:00:00,2023-07-14,19,23,23,3.3200000000000003,4.935682440880907,0,2,14,156.81878,False,True,False,8.695652173913043,3.32,4.6393,4.440892098500626e-16,0.2963824408809064
2023-07-15 06:00:00,2023-07-15,6,23,23,5.0,5.213084784191757,0,2,18,156.81878,False,True,False,8.695652173913043,5.0,4.2597,0.0,0.9533847841917575
2023-07-15 07:00:00,2023-07-15,7,23,23,10.15,20.359925035355037,0,0,21,156.81878,False,True,False,0.0,10.15,18.7392,0.0,1.6207250353550364
2023-07-15 18:00:00,2023-07-15,18,23,23,9.07,9.816854035484848,0,2,22,156.81878,False,True,False,8.695652173913043,9.07,9.0276,0.0,0.7892540354848485
2023-07-15 19:00:00,2023-07-15,19,23,23,4.2700000000000005,4.6400221088095055,0,2,8,156.81878,False,True,False,8.695652173913043,4.27,4.3593,8.881784197001252e-16,0.2807221088095053
2023-07-16 06:00:00,2023-07-16,6,23,23,6.62,4.892846278905828,0,2,19,156.81878,False,True,False,8.695652173913043,6.62,4.0024,0.0,0.8904462789058281
2023-07-16 07:00:00,2023-07-16,7,23,23,11.379999999999999,16.23362587330312,0,0,22,156.81878,False,True,False,0.0,11.38,14.7611,-1.7763568394002505e-15,1.472525873303118
2023-07-16 18:00:00,2023-07-16,18,23,23,9.63,9.575302949636118,0,2,22,156.81878,False,True,False,8.695652173913043,9.63,8.8053,0.0,0.7700029496361172
2023-07-16 19:00:00,2023-07-16,19,23,23,4.24,4.484023694792931,0,2,15,156.81878,False,True,False,8.695652173913043,4.24,4.2195,0.0,0.26452369479293125
2023-07-17 06:00:00,2023-07-17,6,23,23,4.8,4.916513997074889,0,2,18,156.81878,False,True,False,8.695652173913043,4.8,4.0219,0.0,0.894613997074889
2023-07-17 07:00:00,2023-07-17,7,23,23,18.61,19.548562032631953,0,0,22,156.81878,False,True,False,0.0,18.61,17.9371,0.0,1.6114620326319518
2023-07-17 18:00:00,2023-07-17,18,23,23,16.27,10.467639958604414,0,2,22,156.81878,False,True,False,8.695652173913043,16.27,9.6654,0.0,0.8022399586044138
2023-07-17 19:00:00,2023-07-17,19,23,23,4.8100000000000005,4.426978610707448,0,3,19,156.81878,False,True,False,13.043478260869565,4.8100000000000005,4.1370000000000005,0.0,0.2899786107074478
2023-07-18 06:00:00,2023-07-18,6,23,23,3.86,4.908696282168186,0,2,17,156.81878,False,True,False,8.695652173913043,3.86,4.0151,0.0,0.8935962821681853
2023-07-18 07:00:00,2023-07-18,7,23,23,12.86,17.750302107235463,0,0,22,156.81878,False,True,False,0.0,12.86,16.2338,0.0,1.516502107235464
2023-07-18 18:00:00,2023-07-18,18,23,23,12.18,10.93047349792175,0,2,22,156.81878,False,True,False,8.695652173913043,12.18,10.1209,0.0,0.8095734979217486
2023-07-18 19:00:00,2023-07-18,19,23,23,2.09,4.493584024288739,0,5,13,156.81878,False,True,False,21.73913043478261,2.09,4.1908,0.0,0.30278402428873896
2023-07-19 06:00:00,2023-07-19,6,23,23,7.24,4.948845924444354,0,2,20,156.81878,False,True,False,8.695652173913043,7.24,4.0452,0.0,0.903645924444354
2023-07-19 07:00:00,2023-07-19,7,23,23,16.36,16.196757563414756,0,0,22,156.81878,False,True,False,0.0,16.36,14.7408,0.0,1.4559575634147564
2023-07-19 18:00:00,2023-07-19,18,23,23,10.51,9.606195500199375,0,2,22,156.81878,False,True,False,8.695652173913043,10.51,8.8075,0.0,0.7986955001993756
2023-07-19 19:00:00,2023-07-19,19,23,23,6.550000000000001,4.0865452566671205,0,7,12,156.81878,False,True,False,30.434782608695656,6.55,3.7861000000000002,8.881784197001252e-16,0.3004452566671203
2023-07-20 06:00:00,2023-07-20,6,23,23,9.89,4.707085655515362,0,2,18,156.81878,False,True,False,8.695652173913043,9.89,3.8569,0.0,0.8501856555153622
2023-07-20 07:00:00,2023-07-20,7,23,23,23.41,14.838533476101755,0,0,22,156.81878,False,True,False,0.0,23.41,13.3943,0.0,1.444233476101756
2023-07-20 18:00:00,2023-07-20,18,23,23,13.64,10.051046816610986,0,2,22,156.81878,False,True,False,8.695652173913043,13.64,9.2766,0.0,0.7744468166109861
2023-07-20 19:00:00,2023-07-20,19,23,23,5.2,0.9175136867346633,0,12,16,156.81878,False,True,False,52.17391304347826,5.2,0.9014000000000001,0.0,0.01611368673466318
2023-07-21 06:00:00,2023-07-21,6,23,23,5.83,4.69184795263172,0,2,13,156.81878,False,True,False,8.695652173913043,5.83,3.8369,0.0,0.8549479526317203
2023-07-21 07:00:00,2023-07-21,7,23,23,9.190000000000001,15.08437778904174,0,0,21,156.81878,False,True,False,0.0,9.19,13.6433,1.7763568394002505e-15,1.4410777890417403
2023-07-21 18:00:00,2023-07-21,18,23,23,9.84,9.466004986119547,0,2,22,156.81878,False,True,False,8.695652173913043,9.84,8.6227,0.0,0.8433049861195467
2023-07-21 19:00:00,2023-07-21,19,23,23,4.01,0.6239640459762862,0,14,12,156.81878,False,True,False,60.86956521739131,4.01,0.6311,0.0,-0.007135954023713809
2023-07-22 06:00:00,2023-07-22,6,23,23,5.34,2.4926749077132713,0,2,18,156.81878,False,True,False,8.695652173913043,5.34,2.1467,0.0,0.3459749077132712
2023-07-22 07:00:00,2023-07-22,7,23,23,23.35,12.020390527605262,0,0,22,156.81878,False,True,False,0.0,23.35,10.7172,0.0,1.3031905276052616
2023-07-22 18:00:00,2023-07-22,18,23,23,12.42,10.152525386400978,0,2,22,156.81878,False,True,False,8.695652173913043,12.42,9.3545,0.0,0.7980253864009779
2023-07-22 19:00:00,2023-07-22,19,23,23,4.1000000000000005,0.2237438820939894,0,20,19,156.81878,False,True,False,86.95652173913044,4.1,0.2147,8.881784197001252e-16,0.009043882093989403
2023-07-23 06:00:00,2023-07-23,6,23,23,6.5,5.223497842606473,0,2,20,156.81878,False,True,False,8.695652173913043,6.5,4.2667,0.0,0.9567978426064725
2023-07-23 07:00:00,2023-07-23,7,23,23,20.39,21.48763871623219,0,0,22,156.81878,False,True,False,0.0,20.39,19.7808,0.0,1.7068387162321912
2023-07-23 18:00:00,2023-07-23,18,23,23,1.84,9.43611306321062,0,2,11,156.81878,False,True,False,8.695652173913043,1.8399999999999999,8.6869,2.220446049250313e-16,0.74921306321062
2023-07-23 19:00:00,2023-07-23,19,23,23,1.6,0.05167011788334069,0,22,4,156.81878,False,True,False,95.65217391304348,1.6,0.0551,0.0,-0.0034298821166593163
2023-07-24 06:00:00,2023-07-24,6,23,23,7.0,5.068382973625691,0,2,20,156.81878,False,True,False,8.695652173913043,7.0,4.1423,0.0,0.9260829736256913
2023-07-24 07:00:00,2023-07-24,7,23,23,23.87,17.527812132569974,0,0,22,156.81878,False,True,False,0.0,23.87,16.0026,0.0,1.5252121325699726
2023-07-24 18:00:00,2023-07-24,18,23,23,11.63,11.049828469471024,0,2,22,156.81878,False,True,False,8.695652173913043,11.63,10.2342,0.0,0.8156284694710241
2023-07-24 19:00:00,2023-07-24,19,23,23,1.8900000000000001,0.0,0,23,12,156.81878,True,True,True,100.0,1.8900000000000001,0.0,0.0,0.0
2023-07-25 06:00:00,2023-07-25,6,23,23,7.0,5.153626127597289,0,2,20,156.81878,False,True,False,8.695652173913043,7.0,4.2076,0.0,0.946026127597289
2023-07-25 07:00:00,2023-07-25,7,23,23,22.86,19.193724624605842,0,0,22,156.81878,False,True,False,0.0,22.86,17.6174,0.0,1.5763246246058422
2023-07-25 18:00:00,2023-07-25,18,23,23,8.19,9.377753685950422,0,2,19,156.81878,False,True,False,8.695652173913043,8.19,8.5898,0.0,0.7879536859504217
2023-07-25 19:00:00,2023-07-25,19,23,23,1.9799999999999998,0.0,0,23,7,156.81878,True,True,True,100.0,1.98,0.0,-2.220446049250313e-16,0.0
2023-07-26 06:00:00,2023-07-26,6,23,23,3.7,2.37308655176026,0,2,17,156.81878,False,True,False,8.695652173913043,3.7,2.0405,0.0,0.33258655176025975
2023-07-26 07:00:00,2023-07-26,7,23,23,10.6,14.594436972159347,0,0,21,156.81878,False,True,False,0.0,10.6,13.22,0.0,1.3744369721593461
2023-07-26 18:00:00,2023-07-26,18,23,23,9.48,7.367965475134388,0,2,22,156.81878,False,True,False,8.695652173913043,9.48,6.5962,0.0,0.7717654751343881
2023-07-26 19:00:00,2023-07-26,19,23,23,1.6700000000000002,0.0,0,23,5,156.81878,True,True,True,100.0,1.67,0.0,2.220446049250313e-16,0.0
2023-07-27 06:00:00,2023-07-27,6,23,23,6.07,5.021443149758283,0,2,16,156.81878,False,True,False,8.695652173913043,6.07,4.1035,0.0,0.9179431497582824
2023-07-27 07:00:00,2023-07-27,7,23,23,14.42,19.95271973427712,0,0,18,156.81878,False,True,False,0.0,14.42,18.3357,0.0,1.6170197342771218
2023-07-27 18:00:00,2023-07-27,18,24,24,5.2299999999999995,10.127338985268702,0,2,22,162.80878,False,True,False,8.333333333333332,5.23,9.348,-8.881784197001252e-16,0.7793389852687014
2023-07-27 19:00:00,2023-07-27,19,24,24,2.0300000000000002,0.0,0,24,15,162.80878,True,True,True,100.0,2.03,0.0,4.440892098500626e-16,0.0
2023-07-28 06:00:00,2023-07-28,6,24,24,4.15,4.7025838421493695,0,2,17,162.80878,False,True,False,8.333333333333332,4.15,3.8626,0.0,0.8399838421493695
2023-07-28 07:00:00,2023-07-28,7,24,24,16.32,15.839679136273709,0,0,22,162.80878,False,True,False,0.0,16.32,14.4058,0.0,1.4338791362737098
2023-07-28 18:00:00,2023-07-28,18,24,24,5.93,5.480533197575525,0,2,22,162.80878,False,True,False,8.333333333333332,5.93,4.7314,0.0,0.7491331975755253
2023-07-28 19:00:00,2023-07-28,19,24,24,1.8,0.0,0,24,9,162.80878,True,True,True,100.0,1.8,0.0,0.0,0.0
2023-07-29 06:00:00,2023-07-29,6,24,24,4.58,2.6136064153132263,0,2,16,162.80878,False,True,False,8.333333333333332,4.58,2.2572,0.0,0.35640641531322625
2023-07-29 07:00:00,2023-07-29,7,24,24,10.7,13.403376519744423,0,0,21,162.80878,False,True,False,0.0,10.7,12.0291,0.0,1.3742765197444236
2023-07-29 18:00:00,2023-07-29,18,24,24,10.24,7.704290323684817,0,2,22,162.80878,False,True,False,8.333333333333332,10.24,6.9161,0.0,0.7881903236848169
2023-07-29 19:00:00,2023-07-29,19,24,24,6.5600000000000005,0.0,0,24,7,162.80878,True,True,True,100.0,6.5600000000000005,0.0,0.0,0.0
2023-07-30 06:00:00,2023-07-30,6,24,24,7.76,4.7962550327665445,0,2,18,162.80878,False,True,False,8.333333333333332,7.76,3.9398,0.0,0.8564550327665446
2023-07-30 07:00:00,2023-07-30,7,24,24,22.86,15.2756625470966,0,0,22,162.80878,False,True,False,0.0,22.86,13.8488,0.0,1.426862547096599
2023-07-30 18:00:00,2023-07-30,18,24,24,3.5,9.662003705899478,0,2,14,162.80878,False,True,False,8.333333333333332,3.5,8.8804,0.0,0.781603705899478
2023-07-30 19:00:00,2023-07-30,19,24,24,1.57,0.0,0,24,3,162.80878,True,True,True,100.0,1.57,0.0,0.0,0.0
2023-07-31 06:00:00,2023-07-31,6,24,24,5.71,4.950261953767233,0,2,18,162.80878,False,True,False,8.333333333333332,5.71,4.0673,0.0,0.8829619537672331
2023-07-31 07:00:00,2023-07-31,7,24,24,20.8,18.367122116520694,0,0,22,162.80878,False,True,False,0.0,20.8,16.8308,0.0,1.5363221165206937
2023-07-31 18:00:00,2023-07-31,18,24,24,9.27,10.807116150769499,0,2,22,162.80878,False,True,False,8.333333333333332,9.27,10.0218,0.0,0.7853161507694981
2023-07-31 19:00:00,2023-07-31,19,24,24,1.9000000000000001,0.0,0,24,5,162.80878,True,True,True,100.0,1.9,0.0,2.220446049250313e-16,0.0
2023-08-01 06:00:00,2023-08-01,6,24,24,5.87,4.936230677644196,0,2,17,162.80878,False,True,False,8.333333333333332,5.87,4.0541,0.0,0.882130677644196
2023-08-01 07:00:00,2023-08-01,7,24,24,24.95,23.246274801148136,0,0,22,162.80878,False,True,False,0.0,24.95,21.4281,0.0,1.8181748011481353
2023-08-01 18:00:00,2023-08-01,18,24,24,10.0,9.585586205050777,0,2,22,162.80878,False,True,False,8.333333333333332,10.0,8.8797,0.0,0.7058862050507777
2023-08-01 19:00:00,2023-08-01,19,24,24,0.53,0.0,0,24,13,162.80878,True,True,True,100.0,0.53,0.0,0.0,0.0
2023-08-02 06:00:00,2023-08-02,6,24,24,3.55,4.870520601341216,0,2,18,162.80878,False,True,False,8.333333333333332,3.55,4.0021,0.0,0.8684206013412155
2023-08-02 07:00:00,2023-08-02,7,24,24,22.31,20.589658485989602,0,0,22,162.80878,False,True,False,0.0,22.31,18.8914,0.0,1.6982584859896015
2023-08-02 18:00:00,2023-08-02,18,24,24,11.56,10.221516284180497,0,2,23,162.80878,False,True,False,8.333333333333332,11.56,9.508,0.0,0.7135162841804981
2023-08-02 19:00:00,2023-08-02,19,24,24,0.56,0.0,0,24,13,162.80878,True,True,True,100.0,0.56,0.0,0.0,0.0
2023-08-03 06:00:00,2023-08-03,6,24,24,4.87,5.115671805586216,0,2,21,162.80878,False,True,False,8.333333333333332,4.87,4.1946,0.0,0.9210718055862159
2023-08-03 07:00:00,2023-08-03,7,24,24,24.14,24.359082789929634,0,0,23,162.80878,False,True,False,0.0,24.14,22.4912,0.0,1.8678827899296344
2023-08-03 18:00:00,2023-08-03,18,24,24,10.47,9.693354950084926,0,2,23,162.80878,False,True,False,8.333333333333332,10.47,8.9714,0.0,0.7219549500849265
2023-08-03 19:00:00,2023-08-03,19,24,24,0.41000000000000003,0.0,0,24,11,162.80878,True,True,True,100.0,0.41000000000000003,0.0,0.0,0.0
2023-08-04 06:00:00,2023-08-04,6,24,24,5.36,5.119167379086204,0,2,21,162.80878,False,True,False,8.333333333333332,5.36,4.1972,0.0,0.9219673790862046
2023-08-04 07:00:00,2023-08-04,7,24,24,22.88,23.490469505852076,0,0,23,162.80878,False,True,False,0.0,22.88,21.6609,0.0,1.8295695058520742
2023-08-04 18:00:00,2023-08-04,18,24,24,8.22,10.180804915583897,0,2,23,162.80878,False,True,False,8.333333333333332,8.22,9.4671,0.0,0.7137049155838966
2023-08-04 19:00:00,2023-08-04,19,24,24,0.28,0.0,0,24,9,162.80878,True,True,True,100.0,0.28,0.0,0.0,0.0
2023-08-05 06:00:00,2023-08-05,6,24,24,4.7,5.001588065811162,0,2,19,162.80878,False,True,False,8.333333333333332,4.7,4.1043,0.0,0.8972880658111615
2023-08-05 07:00:00,2023-08-05,7,24,24,25.01,23.10507883069597,0,0,23,162.80878,False,True,False,0.0,25.01,21.313,0.0,1.7920788306959707
2023-08-05 18:00:00,2023-08-05,18,24,24,8.91,10.23332714310178,0,2,23,162.80878,False,True,False,8.333333333333332,8.91,9.4837,0.0,0.7496271431017796
2023-08-05 19:00:00,2023-08-05,19,24,24,0.01,0.0,0,24,1,162.80878,True,True,True,100.0,0.01,0.0,0.0,0.0
2023-08-06 06:00:00,2023-08-06,6,24,24,2.09,4.625000134852256,0,2,11,162.80878,False,True,False,8.333333333333332,2.09,3.7977,0.0,0.8273001348522557
2023-08-06 07:00:00,2023-08-06,7,24,24,8.31,17.472668007216598,0,0,23,162.80878,False,True,False,0.0,8.31,15.901299999999999,0.0,1.5713680072165985
2023-08-06 18:00:00,2023-08-06,18,24,24,4.33,5.579921271458215,0,2,19,162.80878,False,True,False,8.333333333333332,4.33,4.9117,0.0,0.668221271458215
2023-08-06 19:00:00,2023-08-06,19,24,24,0.32,0.0,0,24,8,162.80878,True,True,True,100.0,0.32,0.0,0.0,0.0
2023-08-07 06:00:00,2023-08-07,6,24,24,3.19,2.786611101128264,0,2,16,162.80878,False,True,False,8.333333333333332,3.19,2.4002,0.0,0.38641110112826427
2023-08-07 07:00:00,2023-08-07,7,24,24,21.16,23.447457467207546,0,0,23,162.80878,False,True,False,0.0,21.16,21.6497,0.0,1.7977574672075463
2023-08-07 18:00:00,2023-08-07,18,24,24,9.41,11.158627648529668,0,2,23,162.80878,False,True,False,8.333333333333332,9.41,10.3976,0.0,0.7610276485296676
2023-08-07 19:00:00,2023-08-07,19,24,24,0.1,0.0,0,24,5,162.80878,True,True,True,100.0,0.1,0.0,0.0,0.0
2023-08-08 06:00:00,2023-08-08,6,24,24,4.51,2.845174470640444,0,2,20,162.80878,False,True,False,8.333333333333332,4.51,2.4484,0.0,0.39677447064044413
2023-08-08 07:00:00,2023-08-08,7,24,24,25.13,23.933604568673843,0,0,23,162.80878,False,True,False,0.0,25.13,22.1091,0.0,1.8245045686738415
2023-08-08 18:00:00,2023-08-08,18,24,24,11.18,9.404998309295573,0,2,22,162.80878,False,True,False,8.333333333333332,11.18,8.6955,0.0,0.709498309295574
2023-08-08 19:00:00,2023-08-08,19,24,24,1.69,0.0,0,24,10,162.80878,True,True,True,100.0,1.69,0.0,0.0,0.0
2023-08-09 06:00:00,2023-08-09,6,24,24,2.7199999999999998,2.7275924464601773,0,2,19,162.80878,False,True,False,8.333333333333332,2.7199999999999998,2.3487999999999998,0.0,0.3787924464601775
2023-08-09 07:00:00,2023-08-09,7,24,24,19.490000000000002,22.395453885007733,0,0,23,162.80878,False,True,False,0.0,19.49,20.6388,3.552713678800501e-15,1.756653885007733
2023-08-09 18:00:00,2023-08-09,18,24,24,7.65,10.951862028158775,0,2,23,162.80878,False,True,False,8.333333333333332,7.65,10.1928,0.0,0.759062028158775
2023-08-09 19:00:00,2023-08-09,19,24,24,0.03,0.0,0,24,3,162.80878,True,True,True,100.0,0.03,0.0,0.0,0.0
2023-08-10 06:00:00,2023-08-10,6,24,24,3.74,2.7095839519235407,0,2,20,162.80878,False,True,False,8.333333333333332,3.74,2.3346,0.0,0.3749839519235407
2023-08-10 07:00:00,2023-08-10,7,24,24,25.09,23.76891100510635,0,0,23,162.80878,False,True,False,0.0,25.09,21.961,0.0,1.8079110051063516
2023-08-10 18:00:00,2023-08-10,18,24,24,8.38,10.611320055588449,0,2,23,162.80878,False,True,False,8.333333333333332,8.38,9.8606,0.0,0.7507200555884488
2023-08-10 19:00:00,2023-08-10,19,24,24,0.4,0.0,0,24,6,162.80878,True,True,True,100.0,0.4,0.0,0.0,0.0
2023-08-11 06:00:00,2023-08-11,6,24,24,4.2,2.653481588691983,0,2,18,162.80878,False,True,False,8.333333333333332,4.2,2.2894,0.0,0.3640815886919828
2023-08-11 07:00:00,2023-08-11,7,24,24,17.72,18.93914572941761,0,0,23,162.80878,False,True,False,0.0,17.72,17.3533,0.0,1.5858457294176098
2023-08-11 18:00:00,2023-08-11,18,24,24,10.96,9.749215669426166,0,2,24,162.80878,False,True,False,8.333333333333332,10.96,9.0319,0.0,0.7173156694261653
2023-08-11 19:00:00,2023-08-11,19,24,24,0.31,0.0,0,24,10,162.80878,True,True,True,100.0,0.31,0.0,0.0,0.0
2023-08-12 06:00:00,2023-08-12,6,24,24,3.47,4.768313171369353,0,2,20,162.80878,False,True,False,8.333333333333332,3.47,3.9141,0.0,0.8542131713693535
2023-08-12 07:00:00,2023-08-12,7,24,24,21.71,22.31595487942343,0,0,24,162.80878,False,True,False,0.0,21.71,20.5222,0.0,1.7937548794234282
2023-08-12 18:00:00,2023-08-12,18,24,24,8.45,9.200165826269233,0,2,24,162.80878,False,True,False,8.333333333333332,8.45,8.4936,0.0,0.706565826269232
2023-08-12 19:00:00,2023-08-12,19,24,24,0.04,0.0,0,24,4,162.80878,True,True,True,100.0,0.04,0.0,0.0,0.0
2023-08-13 06:00:00,2023-08-13,6,24,24,2.11,2.4796333515022524,0,2,20,162.80878,False,True,False,8.333333333333332,2.11,2.1431,0.0,0.3365333515022524
2023-08-13 07:00:00,2023-08-13,7,24,24,15.71,16.98441938435215,0,0,24,162.80878,False,True,False,0.0,15.71,15.4746,0.0,1.5098193843521504
2023-08-13 18:00:00,2023-08-13,18,24,24,4.47,5.17081410815456,0,2,22,162.80878,False,True,False,8.333333333333332,4.47,4.4961,0.0,0.6747141081545598
2023-08-13 19:00:00,2023-08-13,19,24,24,0.05,0.0,0,24,5,162.80878,True,True,True,100.0,0.05,0.0,0.0,0.0
2023-08-14 06:00:00,2023-08-14,6,24,24,2.7,2.5153283590985365,0,2,19,162.80878,False,True,False,8.333333333333332,2.7,2.1745,0.0,0.34082835909853637
2023-08-14 07:00:00,2023-08-14,7,24,24,12.95,16.63678005723374,0,0,24,162.80878,False,True,False,0.0,12.95,15.1261,0.0,1.5106800572337402
2023-08-14 18:00:00,2023-08-14,18,24,24,8.84,9.137885321501935,0,2,24,162.80878,False,True,False,8.333333333333332,8.84,8.4443,0.0,0.693585321501935
2023-08-14 19:00:00,2023-08-14,19,24,24,0.22,0.0,0,24,7,162.80878,True,True,True,100.0,0.22,0.0,0.0,0.0
2023-08-15 06:00:00,2023-08-15,6,24,24,2.88,2.59876720146545,0,2,19,162.80878,False,True,False,8.333333333333332,2.88,2.2436,0.0,0.35516720146545033
2023-08-15 07:00:00,2023-08-15,7,24,24,15.71,16.904019248817605,0,0,24,162.80878,False,True,False,0.0,15.71,15.3618,0.0,1.542219248817604
2023-08-15 18:00:00,2023-08-15,18,24,24,7.220000000000001,9.0735148570564,0,2,24,162.80878,False,True,False,8.333333333333332,7.22,8.3733,8.881784197001252e-16,0.7002148570564
2023-08-15 19:00:00,2023-08-15,19,24,24,0.01,0.0,0,24,1,162.80878,True,True,True,100.0,0.01,0.0,0.0,0.0
2023-08-16 06:00:00,2023-08-16,6,24,24,3.33,2.604036170426109,0,2,19,162.80878,False,True,False,8.333333333333332,3.33,2.248,0.0,0.3560361704261088
2023-08-16 07:00:00,2023-08-16,7,24,24,22.990000000000002,20.19856865610447,0,0,24,162.80878,False,True,False,0.0,22.99,18.5794,3.552713678800501e-15,1.6191686561044705
2023-08-16 18:00:00,2023-08-16,18,24,24,6.95,9.739829959383416,0,2,24,162.80878,False,True,False,8.333333333333332,6.95,9.0216,0.0,0.7182299593834163
2023-08-16 19:00:00,2023-08-16,19,24,24,0.01,0.0,0,24,1,162.80878,True,True,True,100.0,0.01,0.0,0.0,0.0
2023-08-17 06:00:00,2023-08-17,6,24,24,3.31,2.604570037126778,0,2,18,162.80878,False,True,False,8.333333333333332,3.31,2.248,0.0,0.3565700371267777
2023-08-17 07:00:00,2023-08-17,7,24,24,20.43,22.235879374757417,0,0,23,162.80878,False,True,False,0.0,20.43,20.5064,0.0,1.7294793747574175
2023-08-17 18:00:00,2023-08-17,18,24,24,4.48,9.003756725578045,0,2,24,162.80878,False,True,False,8.333333333333332,4.48,8.304,0.0,0.6997567255780446
2023-08-17 19:00:00,2023-08-17,19,24,24,0.01,0.0,0,24,1,162.80878,True,True,True,100.0,0.01,0.0,0.0,0.0
2023-08-18 06:00:00,2023-08-18,6,24,24,3.1,2.567631784277319,0,2,19,162.80878,False,True,False,8.333333333333332,3.1,2.2183,0.0,0.3493317842773189
2023-08-18 07:00:00,2023-08-18,7,24,24,20.98,21.137958009276044,0,0,23,162.80878,False,True,False,0.0,20.98,19.4698,0.0,1.6681580092760449
2023-08-18 18:00:00,2023-08-18,18,24,24,5.96,8.789183366019348,0,2,23,162.80878,False,True,False,8.333333333333332,5.96,8.0941,0.0,0.6950833660193485
2023-08-18 19:00:00,2023-08-18,19,24,24,0.0,0.0,0,24,0,162.80878,True,False,False,100.0,0.0,0.0,0.0,0.0
2023-08-19 06:00:00,2023-08-19,6,24,24,2.92,2.594780768212993,0,2,20,162.80878,False,True,False,8.333333333333332,2.92,2.2389,0.0,0.35588076821299275
2023-08-19 07:00:00,2023-08-19,7,24,24,21.0,21.783201815842055,0,0,23,162.80878,False,True,False,0.0,21.0,20.0488,0.0,1.7344018158420553
2023-08-19 18:00:00,2023-08-19,18,24,24,8.09,8.817306179004623,0,2,24,162.80878,False,True,False,8.333333333333332,8.09,8.1096,0.0,0.7077061790046226
2023-08-19 19:00:00,2023-08-19,19,24,24,2.3,0.0,0,24,2,162.80878,True,True,True,100.0,2.3,0.0,0.0,0.0
2023-08-20 06:00:00,2023-08-20,6,24,24,2.37,2.5528359315377234,0,2,17,162.80878,False,True,False,8.333333333333332,2.37,2.2057,0.0,0.34713593153772315
2023-08-20 07:00:00,2023-08-20,7,24,24,20.39,19.113776639796654,0,0,23,162.80878,False,True,False,0.0,20.39,17.4999,0.0,1.6138766397966542
2023-08-20 18:00:00,2023-08-20,18,24,24,6.28,8.171153642310284,0,2,24,162.80878,False,True,False,8.333333333333332,6.28,7.4964,0.0,0.6747536423102831
2023-08-20 19:00:00,2023-08-20,19,24,24,0.27,0.0,0,24,3,162.80878,True,True,True,100.0,0.27,0.0,0.0,0.0
2023-08-21 06:00:00,2023-08-21,6,24,24,3.86,2.594425626753807,0,2,21,162.80878,False,True,False,8.333333333333332,3.86,2.2386,0.0,0.3558256267538069
2023-08-21 07:00:00,2023-08-21,7,24,24,13.1,17.88607984845455,0,0,24,162.80878,False,True,False,0.0,13.1,16.2817,0.0,1.604379848454549
2023-08-21 18:00:00,2023-08-21,18,24,24,4.66,4.719345538961088,0,2,18,162.80878,False,True,False,8.333333333333332,4.66,4.0982,0.0,0.6211455389610876
2023-08-21 19:00:00,2023-08-21,19,24,24,0.0,0.0,0,24,0,162.80878,True,False,False,100.0,0.0,0.0,0.0,0.0
2023-08-22 06:00:00,2023-08-22,6,24,24,0.99,2.436113400241422,0,2,13,162.80878,False,True,False,8.333333333333332,0.99,2.1089,0.0,0.32721340024142176
2023-08-22 07:00:00,2023-08-22,7,24,24,10.39,16.280011954645644,0,0,24,162.80878,False,True,False,0.0,10.39,14.7768,0.0,1.5032119546456446
2023-08-22 18:00:00,2023-08-22,18,24,24,9.77,8.769094527064958,0,2,22,162.80878,False,True,False,8.333333333333332,9.77,8.0607,0.0,0.7083945270649572
2023-08-22 19:00:00,2023-08-22,19,24,24,0.18,0.0,0,24,1,162.80878,True,True,True,100.0,0.18,0.0,0.0,0.0
2023-08-23 06:00:00,2023-08-23,6,24,24,2.68,2.600513826442279,0,2,17,162.80878,False,True,False,8.333333333333332,2.68,2.2475,0.0,0.35301382644227886
2023-08-23 07:00:00,2023-08-23,7,24,24,17.88,21.118911961677743,0,0,21,162.80878,False,True,False,0.0,17.88,19.4477,0.0,1.6712119616777414
2023-08-23 18:00:00,2023-08-23,18,24,24,5.43,8.799357345086957,0,2,24,162.80878,False,True,False,8.333333333333332,5.43,8.1109,0.0,0.688457345086956
2023-08-23 19:00:00,2023-08-23,19,24,24,0.01,0.0,0,24,1,162.80878,True,True,True,100.0,0.01,0.0,0.0,0.0
2023-08-24 06:00:00,2023-08-24,6,24,24,2.47,2.5524888698715595,0,2,18,162.80878,False,True,False,8.333333333333332,2.47,2.2057,0.0,0.3467888698715593
2023-08-24 07:00:00,2023-08-24,7,24,24,21.48,20.810812462447558,0,0,23,162.80878,False,True,False,0.0,21.48,19.1625,0.0,1.6483124624475565
2023-08-24 18:00:00,2023-08-24,18,24,24,5.4,8.320885571119556,0,2,23,162.80878,False,True,False,8.333333333333332,5.4,7.628,0.0,0.6928855711195556
2023-08-24 19:00:00,2023-08-24,19,24,24,0.0,0.0,0,24,0,162.80878,True,False,False,100.0,0.0,0.0,0.0,0.0
2023-08-25 06:00:00,2023-08-25,6,24,24,2.37,2.438053566180419,0,2,18,162.80878,False,True,False,8.333333333333332,2.37,2.1108000000000002,0.0,0.3272535661804188
2023-08-25 07:00:00,2023-08-25,7,24,24,19.32,18.426560292166656,0,0,23,162.80878,False,True,False,0.0,19.32,16.8604,0.0,1.566160292166657
2023-08-25 18:00:00,2023-08-25,18,24,24,4.8,7.271309953793836,0,2,24,162.80878,False,True,False,8.333333333333332,4.8,6.6023,0.0,0.6690099537938368
2023-08-25 19:00:00,2023-08-25,19,24,24,0.0,0.0,0,24,0,162.80878,True,False,False,100.0,0.0,0.0,0.0,0.0
2023-08-26 06:00:00,2023-08-26,6,24,24,1.53,2.408840254532715,0,2,16,162.80878,False,True,False,8.333333333333332,1.53,2.0863,0.0,0.32254025453271495
2023-08-26 07:00:00,2023-08-26,7,24,24,16.080000000000002,16.628186782383196,0,0,22,162.80878,False,True,False,0.0,16.08,15.1503,3.552713678800501e-15,1.4778867823831963
2023-08-26 18:00:00,2023-08-26,18,24,24,0.8300000000000001,4.821495936463648,0,2,16,162.80878,False,True,False,8.333333333333332,0.8300000000000001,4.1791,0.0,0.6423959364636476
2023-08-26 19:00:00,2023-08-26,19,24,24,0.01,0.0,0,24,1,162.80878,True,True,True,100.0,0.01,0.0,0.0,0.0
2023-08-27 06:00:00,2023-08-27,6,24,24,0.33,2.219712811588027,0,2,8,162.80878,False,True,False,8.333333333333332,0.33,1.9302000000000001,0.0,0.2895128115880268
2023-08-27 07:00:00,2023-08-27,7,24,24,2.38,9.385791812000228,0,0,18,162.80878,False,True,False,0.0,2.38,8.2578,0.0,1.1279918120002286
2023-08-27 18:00:00,2023-08-27,18,24,24,0.07,4.280527279414855,0,2,2,162.80878,False,True,False,8.333333333333332,0.07,3.7215,0.0,0.5590272794148552
2023-08-27 19:00:00,2023-08-27,19,24,24,0.0,0.0,0,24,0,162.80878,True,False,False,100.0,0.0,0.0,0.0,0.0
2023-08-28 06:00:00,2023-08-28,6,24,24,1.46,2.197902183110786,0,2,14,162.80878,False,True,False,8.333333333333332,1.46,1.9123999999999999,0.0,0.28550218311078623
2023-08-28 07:00:00,2023-08-28,7,24,24,8.13,8.90467364224857,0,0,21,162.80878,False,True,False,0.0,8.13,7.7792,0.0,1.1254736422485694
2023-08-28 18:00:00,2023-08-28,18,24,24,2.45,4.766621081214334,0,2,20,162.80878,False,True,False,8.333333333333332,2.45,4.1479,0.0,0.6187210812143338
2023-08-28 19:00:00,2023-08-28,19,24,24,0.02,0.0,0,24,2,162.80878,True,True,True,100.0,0.02,0.0,0.0,0.0
2023-08-29 06:00:00,2023-08-29,6,24,24,0.9500000000000001,2.441480343925964,0,2,16,162.80878,False,True,False,8.333333333333332,0.9500000000000001,2.1132,0.0,0.32828034392596406
2023-08-29 07:00:00,2023-08-29,7,24,24,20.85,18.151959280204178,0,0,24,162.80878,False,True,False,0.0,20.85,16.5752,0.0,1.576759280204179
2023-08-29 18:00:00,2023-08-29,18,24,24,5.18,6.762269317468492,0,2,24,162.80878,False,True,False,8.333333333333332,5.18,6.1004,0.0,0.6618693174684926
2023-08-29 19:00:00,2023-08-29,19,24,24,1.13,0.0,0,24,1,162.80878,True,True,True,100.0,1.13,0.0,0.0,0.0
2023-08-30 06:00:00,2023-08-30,6,24,24,1.28,2.4816466446110086,0,2,14,162.80878,False,True,False,8.333333333333332,1.28,2.1471,0.0,0.3345466446110086
2023-08-30 07:00:00,2023-08-30,7,24,24,13.05,17.31578837705019,0,0,24,162.80878,False,True,False,0.0,13.05,15.7626,0.0,1.5531883770501889
2023-08-30 18:00:00,2023-08-30,18,24,24,6.8100000000000005,8.188183138963252,0,2,24,162.80878,False,True,False,8.333333333333332,6.8100000000000005,7.5154,0.0,0.6727831389632524
2023-08-30 19:00:00,2023-08-30,19,24,24,0.0,0.0,0,24,0,162.80878,True,False,False,100.0,0.0,0.0,0.0,0.0
2023-08-31 06:00:00,2023-08-31,6,24,24,1.3900000000000001,2.4971551106320202,0,2,14,162.80878,False,True,False,8.333333333333332,1.3900000000000001,2.1607,0.0,0.3364551106320204
2023-08-31 07:00:00,2023-08-31,7,24,24,23.34,20.66230289464079,0,0,24,162.80878,False,True,False,0.0,23.34,18.9954,0.0,1.6669028946407884
2023-08-31 18:00:00,2023-08-31,18,24,24,6.4399999999999995,8.090859838595676,0,2,24,162.80878,False,True,False,8.333333333333332,6.44,7.4209,-8.881784197001252e-16,0.6699598385956769
2023-08-31 19:00:00,2023-08-31,19,24,24,2.5199999999999996,0.0,0,24,2,162.80878,True,True,True,100.0,2.52,0.0,-4.440892098500626e-16,0.0
2023-09-01 06:00:00,2023-09-01,6,24,24,1.86,4.669894335357706,0,2,15,162.80878,False,True,False,8.333333333333332,1.8599999999999999,3.8312,2.220446049250313e-16,0.8386943353577063
2023-09-01 07:00:00,2023-09-01,7,24,24,21.18,18.962900176890706,0,0,24,162.80878,False,True,False,0.0,21.18,17.3585,0.0,1.6044001768907066
2023-09-01 18:00:00,2023-09-01,18,25,25,6.8100000000000005,7.05139143335963,0,2,24,166.97548,False,True,False,8.0,6.8100000000000005,6.3269,0.0,0.7244914333596295
2023-09-01 19:00:00,2023-09-01,19,25,25,3.86,0.0,0,25,2,166.97548,True,True,True,100.0,3.86,0.0,0.0,0.0
2023-09-02 06:00:00,2023-09-02,6,25,25,5.12,4.732257353349017,0,2,14,166.97548,False,True,False,8.0,5.12,3.9239,0.0,0.8083573533490171
2023-09-02 07:00:00,2023-09-02,7,25,25,17.62,17.532455578646314,0,0,23,166.97548,False,True,False,0.0,17.62,16.0306,0.0,1.501855578646314
2023-09-02 18:00:00,2023-09-02,18,25,25,8.91,7.854494392366386,0,2,24,166.97548,False,True,False,8.0,8.91,7.0815,0.0,0.7729943923663862
2023-09-02 19:00:00,2023-09-02,19,25,25,6.0200000000000005,0.0,0,25,3,166.97548,True,True,True,100.0,6.02,0.0,8.881784197001252e-16,0.0
2023-09-03 06:00:00,2023-09-03,6,25,25,4.5200000000000005,4.7661091960162825,0,2,11,166.97548,False,True,False,8.0,4.52,3.9522,8.881784197001252e-16,0.8139091960162825
2023-09-03 07:00:00,2023-09-03,7,25,25,12.5,17.091349700838567,0,0,21,166.97548,False,True,False,0.0,12.5,15.5972,0.0,1.494149700838566
2023-09-03 18:00:00,2023-09-03,18,25,25,6.35,5.50155379523176,0,2,20,166.97548,False,True,False,8.0,6.35,4.7855,0.0,0.71605379523176
2023-09-03 19:00:00,2023-09-03,19,25,25,3.79,0.0,0,25,2,166.97548,True,True,True,100.0,3.79,0.0,0.0,0.0
2023-09-04 06:00:00,2023-09-04,6,25,25,4.05,4.7453880856173525,0,2,9,166.97548,False,True,False,8.0,4.05,3.935,0.0,0.8103880856173524
2023-09-04 07:00:00,2023-09-04,7,25,25,13.01,16.350727174123282,0,0,22,166.97548,False,True,False,0.0,13.01,14.8654,0.0,1.4853271741232827
2023-09-04 18:00:00,2023-09-04,18,25,25,7.3,5.791998479701095,0,2,22,166.97548,False,True,False,8.0,7.3,5.107,0.0,0.6849984797010951
2023-09-04 19:00:00,2023-09-04,19,25,25,3.54,0.0,0,25,1,166.97548,True,True,True,100.0,3.54,0.0,0.0,0.0
2023-09-05 06:00:00,2023-09-05,6,25,25,4.25,4.712482499268498,0,2,9,166.97548,False,True,False,8.0,4.25,3.9097,0.0,0.8027824992684982
2023-09-05 07:00:00,2023-09-05,7,25,25,17.42,17.509577171440014,0,0,24,166.97548,False,True,False,0.0,17.42,16.0352,0.0,1.4743771714400147
2023-09-05 18:00:00,2023-09-05,18,25,25,5.86,6.456987245545782,0,2,21,166.97548,False,True,False,8.0,5.86,5.7927,0.0,0.6642872455457818
2023-09-05 19:00:00,2023-09-05,19,25,25,3.54,0.0,0,25,1,166.97548,True,True,True,100.0,3.54,0.0,0.0,0.0
2023-09-06 06:00:00,2023-09-06,6,25,25,4.65,4.719670800466796,0,2,12,166.97548,False,True,False,8.0,4.65,3.9165,0.0,0.8031708004667957
2023-09-06 07:00:00,2023-09-06,7,25,25,19.35,18.12219567417727,0,0,23,166.97548,False,True,False,0.0,19.35,16.5872,0.0,1.5349956741772708
2023-09-06 18:00:00,2023-09-06,18,25,25,8.18,6.316408846747912,0,2,22,166.97548,False,True,False,8.0,8.18,5.627,0.0,0.689408846747912
2023-09-06 19:00:00,2023-09-06,19,25,25,5.75,0.0,0,25,3,166.97548,True,True,True,100.0,5.75,0.0,0.0,0.0
2023-09-07 06:00:00,2023-09-07,6,25,25,4.96,4.721702873772886,0,2,12,166.97548,False,True,False,8.0,4.96,3.9188,0.0,0.8029028737728856
2023-09-07 07:00:00,2023-09-07,7,25,25,23.830000000000002,17.356706554529563,0,0,24,166.97548,False,True,False,0.0,23.83,15.8412,3.552713678800501e-15,1.515506554529562
2023-09-07 18:00:00,2023-09-07,18,25,25,5.99,6.630642703277667,0,2,22,166.97548,False,True,False,8.0,5.99,5.9202,0.0,0.7104427032776668
2023-09-07 19:00:00,2023-09-07,19,25,25,3.54,0.0,0,25,1,166.97548,True,True,True,100.0,3.54,0.0,0.0,0.0
2023-09-08 06:00:00,2023-09-08,6,25,25,4.67,4.792731211779922,0,2,13,166.97548,False,True,False,8.0,4.67,3.974,0.0,0.8187312117799221
2023-09-08 07:00:00,2023-09-08,7,25,25,22.2,15.9420091872675,0,0,23,166.97548,False,True,False,0.0,22.2,14.4735,0.0,1.4685091872675002
2023-09-08 18:00:00,2023-09-08,18,25,25,5.87,5.571338606992302,0,2,22,166.97548,False,True,False,8.0,5.87,4.9041,0.0,0.667238606992302
2023-09-08 19:00:00,2023-09-08,19,25,25,3.55,0.0,0,25,2,166.97548,True,True,True,100.0,3.55,0.0,0.0,0.0
2023-09-09 06:00:00,2023-09-09,6,25,25,4.279999999999999,4.562394617515915,0,2,11,166.97548,False,True,False,8.0,4.28,3.7926,-8.881784197001252e-16,0.7697946175159149
2023-09-09 07:00:00,2023-09-09,7,25,25,20.23,17.023353782537534,0,0,22,166.97548,False,True,False,0.0,20.23,15.5268,0.0,1.496553782537534
2023-09-09 18:00:00,2023-09-09,18,25,25,5.96,5.480261198750425,0,2,22,166.97548,False,True,False,8.0,5.96,4.7663,0.0,0.7139611987504244
2023-09-09 19:00:00,2023-09-09,19,25,25,3.55,0.0,0,25,2,166.97548,True,True,True,100.0,3.55,0.0,0.0,0.0
2023-09-10 06:00:00,2023-09-10,6,25,25,4.26,2.482772886009217,0,2,12,166.97548,False,True,False,8.0,4.26,2.1897,0.0,0.29307288600921666
2023-09-10 07:00:00,2023-09-10,7,25,25,19.650000000000002,15.222923212515335,0,0,23,166.97548,False,True,False,0.0,19.65,13.8331,3.552713678800501e-15,1.389823212515335
2023-09-10 18:00:00,2023-09-10,18,25,25,5.760000000000001,5.448689535861244,0,2,22,166.97548,False,True,False,8.0,5.76,4.7361,8.881784197001252e-16,0.7125895358612437
2023-09-10 19:00:00,2023-09-10,19,25,25,3.54,0.0,0,25,1,166.97548,True,True,True,100.0,3.54,0.0,0.0,0.0
2023-09-11 06:00:00,2023-09-11,6,25,25,4.57,2.479584629359121,0,2,14,166.97548,False,True,False,8.0,4.57,2.1846,0.0,0.29498462935912073
2023-09-11 07:00:00,2023-09-11,7,25,25,15.14,14.62404866383708,0,0,22,166.97548,False,True,False,0.0,15.14,13.2223,0.0,1.401748663837079
2023-09-11 18:00:00,2023-09-11,18,25,25,4.09,4.877241448692748,0,2,14,166.97548,False,True,False,8.0,4.09,4.2486,0.0,0.6286414486927479
2023-09-11 19:00:00,2023-09-11,19,25,25,3.57,0.0,0,25,2,166.97548,True,True,True,100.0,3.5700000000000003,0.0,-4.440892098500626e-16,0.0
2023-09-12 06:00:00,2023-09-12,6,25,25,3.77,2.383800781449202,0,2,7,166.97548,False,True,False,8.0,3.77,2.1002,0.0,0.2836007814492021
2023-09-12 07:00:00,2023-09-12,7,25,25,10.01,9.289229896291795,0,0,23,166.97548,False,True,False,0.0,10.01,8.0921,0.0,1.197129896291795
2023-09-12 18:00:00,2023-09-12,18,25,25,3.8,5.165590024569807,0,2,5,166.97548,False,True,False,8.0,3.8,4.4687,0.0,0.6968900245698073
2023-09-12 19:00:00,2023-09-12,19,25,25,3.62,0.0,0,25,2,166.97548,True,True,True,100.0,3.62,0.0,0.0,0.0
2023-09-13 06:00:00,2023-09-13,6,25,25,3.55,2.3648737559535706,0,3,1,166.97548,False,True,False,12.0,3.55,2.0845,0.0,0.28037375595357084
2023-09-13 07:00:00,2023-09-13,7,25,25,4.47,9.994518966895694,0,0,14,166.97548,False,True,False,0.0,4.47,8.8063,0.0,1.1882189668956933
2023-09-13 18:00:00,2023-09-13,18,25,25,5.09,5.129947858908457,0,3,22,166.97548,False,True,False,12.0,5.09,4.4272,0.0,0.7027478589084568
2023-09-13 19:00:00,2023-09-13,19,25,25,3.54,0.0,0,25,1,166.97548,True,True,True,100.0,3.54,0.0,0.0,0.0
2023-09-14 06:00:00,2023-09-14,6,25,25,3.59,4.575713146952843,0,2,3,166.97548,False,True,False,8.0,3.59,3.7996,0.0,0.7761131469528433
2023-09-14 07:00:00,2023-09-14,7,25,25,20.28,15.858174490702684,0,0,23,166.97548,False,True,False,0.0,20.28,14.4303,0.0,1.427874490702683
2023-09-14 18:00:00,2023-09-14,18,25,25,7.16,1.387575938831329,0,10,23,166.97548,False,True,False,40.0,7.16,1.3900000000000001,0.0,-0.002424061168671221
2023-09-14 19:00:00,2023-09-14,19,25,25,4.27,0.0,0,25,2,166.97548,True,True,True,100.0,4.27,0.0,0.0,0.0
2023-09-15 06:00:00,2023-09-15,6,25,25,5.22,2.457634083776755,0,2,11,166.97548,False,True,False,8.0,5.22,2.1635,0.0,0.294134083776755
2023-09-15 07:00:00,2023-09-15,7,25,25,18.53,14.775211979125887,0,0,22,166.97548,False,True,False,0.0,18.53,13.3834,0.0,1.3918119791258867
2023-09-15 18:00:00,2023-09-15,18,25,25,6.71,0.1330008710486339,0,23,22,166.97548,False,True,False,92.0,6.71,0.1708,0.0,-0.03779912895136611
2023-09-15 19:00:00,2023-09-15,19,25,25,4.27,0.0,0,25,2,166.97548,True,True,True,100.0,4.27,0.0,0.0,0.0
2023-09-16 06:00:00,2023-09-16,6,25,25,4.279999999999999,2.424268355101501,0,3,2,166.97548,False,True,False,12.0,4.28,2.0963,-8.881784197001252e-16,0.32796835510150135
2023-09-16 07:00:00,2023-09-16,7,25,25,10.309999999999999,15.457820711283425,0,0,23,166.97548,False,True,False,0.0,10.31,14.0196,-1.7763568394002505e-15,1.4382207112834244
2023-09-16 18:00:00,2023-09-16,18,25,25,4.2299999999999995,0.0,0,25,14,166.97548,True,True,True,100.0,4.23,0.0,-8.881784197001252e-16,0.0
2023-09-16 19:00:00,2023-09-16,19,25,25,3.54,0.0,0,25,1,166.97548,True,True,True,100.0,3.54,0.0,0.0,0.0
2023-09-17 06:00:00,2023-09-17,6,25,25,4.140000000000001,2.3971304875472077,0,4,12,166.97548,False,True,False,16.0,4.14,2.0637,8.881784197001252e-16,0.33343048754720783
2023-09-17 07:00:00,2023-09-17,7,25,25,18.240000000000002,16.678870254501135,0,0,23,166.97548,False,True,False,0.0,18.24,15.1855,3.552713678800501e-15,1.4933702545011354
2023-09-17 18:00:00,2023-09-17,18,25,25,6.3,0.0,0,25,16,166.97548,True,True,True,100.0,6.3,0.0,0.0,0.0
2023-09-17 19:00:00,2023-09-17,19,25,25,5.35,0.0,0,25,3,166.97548,True,True,True,100.0,5.35,0.0,0.0,0.0
2023-09-18 06:00:00,2023-09-18,6,25,25,5.9,1.9732390934841078,0,7,11,166.97548,False,True,False,28.000000000000004,5.9,1.6863000000000001,0.0,0.2869390934841076
2023-09-18 07:00:00,2023-09-18,7,25,25,18.349999999999998,15.952994978666148,0,0,23,166.97548,False,True,False,0.0,18.35,14.5064,-3.552713678800501e-15,1.4465949786661483
2023-09-18 18:00:00,2023-09-18,18,25,25,5.35,0.0,0,25,8,166.97548,True,True,True,100.0,5.35,0.0,0.0,0.0
2023-09-18 19:00:00,2023-09-18,19,25,25,5.21,0.0,0,25,3,166.97548,True,True,True,100.0,5.21,0.0,0.0,0.0
2023-09-19 06:00:00,2023-09-19,6,25,25,5.05,0.44593619849516913,0,20,2,166.97548,False,True,False,80.0,5.05,0.3839,0.0,0.062036198495169115
2023-09-19 07:00:00,2023-09-19,7,25,25,9.92,10.397816403329065,0,0,22,166.97548,False,True,False,0.0,9.92,9.1761,0.0,1.221716403329065
2023-09-19 18:00:00,2023-09-19,18,25,25,5.17,0.0,0,25,4,166.97548,True,True,True,100.0,5.17,0.0,0.0,0.0
2023-09-19 19:00:00,2023-09-19,19,25,25,5.06,0.0,0,25,3,166.97548,True,True,True,100.0,5.06,0.0,0.0,0.0
2023-09-20 06:00:00,2023-09-20,6,25,25,5.069999999999999,0.45547458515964856,0,22,3,166.97548,False,True,False,88.0,5.07,0.3917,-8.881784197001252e-16,0.06377458515964857
2023-09-20 07:00:00,2023-09-20,7,25,25,7.05,11.209653070460684,0,0,15,166.97548,False,True,False,0.0,7.05,9.9919,0.0,1.2177530704606845
2023-09-20 18:00:00,2023-09-20,18,25,25,3.85,0.0,0,25,9,166.97548,True,True,True,100.0,3.85,0.0,0.0,0.0
2023-09-20 19:00:00,2023-09-20,19,25,25,3.54,0.0,0,25,1,166.97548,True,True,True,100.0,3.54,0.0,0.0,0.0
2023-09-21 06:00:00,2023-09-21,6,25,25,3.6,0.21747143951524023,0,24,3,166.97548,False,True,False,96.0,3.6,0.177,0.0,0.04047143951524024
2023-09-21 07:00:00,2023-09-21,7,25,25,7.45,10.148404208465124,0,0,19,166.97548,False,True,False,0.0,7.45,8.967,0.0,1.181404208465123
2023-09-21 18:00:00,2023-09-21,18,25,25,3.93,0.0,0,25,13,166.97548,True,True,True,100.0,3.93,0.0,0.0,0.0
2023-09-21 19:00:00,2023-09-21,19,25,25,3.55,0.0,0,25,2,166.97548,True,True,True,100.0,3.55,0.0,0.0,0.0
2023-09-22 06:00:00,2023-09-22,6,25,25,3.66,0.0,0,25,3,166.97548,True,True,True,100.0,3.66,0.0,0.0,0.0
2023-09-22 07:00:00,2023-09-22,7,25,25,19.68,15.483171469222894,0,0,22,166.97548,False,True,False,0.0,19.68,14.0477,0.0,1.4354714692228931
2023-09-22 18:00:00,2023-09-22,18,25,25,3.71,0.0,0,25,9,166.97548,True,True,True,100.0,3.71,0.0,0.0,0.0
2023-09-22 19:00:00,2023-09-22,19,25,25,3.55,0.0,0,25,2,166.97548,True,True,True,100.0,3.55,0.0,0.0,0.0
2023-09-23 06:00:00,2023-09-23,6,25,25,3.55,0.0,0,25,2,166.97548,True,True,True,100.0,3.55,0.0,0.0,0.0
2023-09-23 07:00:00,2023-09-23,7,25,25,5.36,9.607754578503595,0,0,17,166.97548,False,True,False,0.0,5.36,8.4395,0.0,1.1682545785035945
2023-09-23 18:00:00,2023-09-23,18,25,25,3.92,0.0,0,25,4,166.97548,True,True,True,100.0,3.92,0.0,0.0,0.0
2023-09-23 19:00:00,2023-09-23,19,25,25,3.9200000000000004,0.0,0,25,3,166.97548,True,True,True,100.0,3.92,0.0,4.440892098500626e-16,0.0
2023-09-24 06:00:00,2023-09-24,6,25,25,3.54,0.0,0,25,1,166.97548,True,True,True,100.0,3.54,0.0,0.0,0.0
2023-09-24 07:00:00,2023-09-24,7,25,25,4.39,8.012870731036552,0,0,10,166.97548,False,True,False,0.0,4.39,6.884,0.0,1.1288707310365513
2023-09-24 18:00:00,2023-09-24,18,25,25,3.55,0.0,0,25,2,166.97548,True,True,True,100.0,3.55,0.0,0.0,0.0
2023-09-24 19:00:00,2023-09-24,19,25,25,3.55,0.0,0,25,2,166.97548,True,True,True,100.0,3.55,0.0,0.0,0.0
2023-09-25 06:00:00,2023-09-25,6,25,25,3.55,0.0,0,25,2,166.97548,True,True,True,100.0,3.55,0.0,0.0,0.0
2023-09-25 07:00:00,2023-09-25,7,25,25,4.35,7.3786182497839725,0,0,13,166.97548,False,True,False,0.0,4.35,6.279,0.0,1.0996182497839726
2023-09-25 18:00:00,2023-09-25,18,25,25,3.69,0.0,0,25,4,166.97548,True,True,True,100.0,3.69,0.0,0.0,0.0
2023-09-25 19:00:00,2023-09-25,19,25,25,3.6599999999999997,0.0,0,25,3,166.97548,True,True,True,100.0,3.66,0.0,-4.440892098500626e-16,0.0
2023-09-26 06:00:00,2023-09-26,6,25,25,3.6599999999999997,0.0,0,25,3,166.97548,True,True,True,100.0,3.66,0.0,-4.440892098500626e-16,0.0
2023-09-26 07:00:00,2023-09-26,7,25,25,7.05,8.916506612684874,0,0,18,166.97548,False,True,False,0.0,7.05,7.7342,0.0,1.1823066126848731
2023-09-26 18:00:00,2023-09-26,18,25,25,5.140000000000001,0.0,0,25,4,166.97548,True,True,True,100.0,5.14,0.0,8.881784197001252e-16,0.0
2023-09-26 19:00:00,2023-09-26,19,25,25,5.13,0.0,0,25,3,166.97548,True,True,True,100.0,5.13,0.0,0.0,0.0
2023-09-27 06:00:00,2023-09-27,6,27,27,3.54,0.0,0,27,1,175.39648,True,True,True,100.0,3.54,0.0,0.0,0.0
2023-09-27 07:00:00,2023-09-27,7,27,27,6.41,8.573205945343364,0,0,14,175.39648,False,True,False,0.0,6.41,7.445,0.0,1.128205945343364
2023-09-27 18:00:00,2023-09-27,18,27,27,3.74,0.0,0,27,2,175.39648,True,True,True,100.0,3.74,0.0,0.0,0.0
2023-09-27 19:00:00,2023-09-27,19,27,27,3.74,0.0,0,27,2,175.39648,True,True,True,100.0,3.74,0.0,0.0,0.0
2023-09-28 06:00:00,2023-09-28,6,27,27,3.54,0.0,0,27,1,175.39648,True,True,True,100.0,3.54,0.0,0.0,0.0
2023-09-28 07:00:00,2023-09-28,7,27,27,7.99,12.677165314897739,0,0,20,175.39648,False,True,False,0.0,7.99,11.4001,0.0,1.2770653148977384
2023-09-28 18:00:00,2023-09-28,18,27,27,3.87,0.0,0,27,4,175.39648,True,True,True,100.0,3.87,0.0,0.0,0.0
2023-09-28 19:00:00,2023-09-28,19,27,27,3.87,0.0,0,27,4,175.39648,True,True,True,100.0,3.87,0.0,0.0,0.0
2023-09-29 06:00:00,2023-09-29,6,27,27,3.58,0.0,0,27,3,175.39648,True,True,True,100.0,3.58,0.0,0.0,0.0
2023-09-29 07:00:00,2023-09-29,7,27,27,5.46,7.301477339603621,0,0,19,175.39648,False,True,False,0.0,5.46,6.2278,0.0,1.0736773396036208
2023-09-29 18:00:00,2023-09-29,18,27,27,3.58,0.0,0,27,3,175.39648,True,True,True,100.0,3.58,0.0,0.0,0.0
2023-09-29 19:00:00,2023-09-29,19,27,27,3.57,0.0,0,27,2,175.39648,True,True,True,100.0,3.5700000000000003,0.0,-4.440892098500626e-16,0.0
2023-09-30 06:00:00,2023-09-30,6,27,27,3.59,0.0,0,27,3,175.39648,True,True,True,100.0,3.59,0.0,0.0,0.0
2023-09-30 07:00:00,2023-09-30,7,27,27,10.64,13.54056216163967,0,0,19,175.39648,False,True,False,0.0,10.64,12.2341,0.0,1.3064621616396703
2023-09-30 18:00:00,2023-09-30,18,27,27,3.59,0.0,0,27,4,175.39648,True,True,True,100.0,3.59,0.0,0.0,0.0
2023-09-30 19:00:00,2023-09-30,19,27,27,3.57,0.0,0,27,2,175.39648,True,True,True,100.0,3.5700000000000003,0.0,-4.440892098500626e-16,0.0
2023-10-01 06:00:00,2023-10-01,6,27,27,3.5799999999999996,0.0,0,27,3,175.39648,True,True,True,100.0,3.58,0.0,-4.440892098500626e-16,0.0
2023-10-01 07:00:00,2023-10-01,7,27,27,19.060000000000002,13.54992207476037,0,0,23,175.39648,False,True,False,0.0,19.06,12.1718,3.552713678800501e-15,1.3781220747603715
2023-10-01 18:00:00,2023-10-01,18,27,27,3.59,0.0,0,27,4,175.39648,True,True,True,100.0,3.59,0.0,0.0,0.0
2023-10-01 19:00:00,2023-10-01,19,27,27,3.59,0.0,0,27,4,175.39648,True,True,True,100.0,3.59,0.0,0.0,0.0
2023-10-02 06:00:00,2023-10-02,6,27,27,3.5999999999999996,0.0,0,27,4,175.39648,True,True,True,100.0,3.6,0.0,-4.440892098500626e-16,0.0
2023-10-02 07:00:00,2023-10-02,7,27,27,11.36,9.968413228013533,0,0,23,175.39648,False,True,False,0.0,11.36,8.7591,0.0,1.2093132280135332
2023-10-02 18:00:00,2023-10-02,18,27,27,4.49,0.0,0,27,5,175.39648,True,True,True,100.0,4.49,0.0,0.0,0.0
2023-10-02 19:00:00,2023-10-02,19,27,27,4.49,0.0,0,27,5,175.39648,True,True,True,100.0,4.49,0.0,0.0,0.0
2023-10-03 06:00:00,2023-10-03,6,27,27,4.49,0.0,0,27,5,175.39648,True,True,True,100.0,4.49,0.0,0.0,0.0
2023-10-03 07:00:00,2023-10-03,7,27,27,6.42,9.92081645213095,0,0,18,175.39648,False,True,False,0.0,6.42,8.7273,0.0,1.1935164521309503
2023-10-03 18:00:00,2023-10-03,18,27,27,3.57,0.0,0,27,4,175.39648,True,True,True,100.0,3.5700000000000003,0.0,-4.440892098500626e-16,0.0
2023-10-03 19:00:00,2023-10-03,19,27,27,3.56,0.0,0,27,3,175.39648,True,True,True,100.0,3.56,0.0,0.0,0.0
2023-10-04 06:00:00,2023-10-04,6,27,27,3.55,0.0,0,27,2,175.39648,True,True,True,100.0,3.55,0.0,0.0,0.0
2023-10-04 07:00:00,2023-10-04,7,27,27,11.47,10.966167522645728,0,0,23,175.39648,False,True,False,0.0,11.47,9.7053,0.0,1.2608675226457287
2023-10-04 18:00:00,2023-10-04,18,27,27,4.06,0.0,0,27,4,175.39648,True,True,True,100.0,4.06,0.0,0.0,0.0
2023-10-04 19:00:00,2023-10-04,19,27,27,4.06,0.0,0,27,4,175.39648,True,True,True,100.0,4.06,0.0,0.0,0.0
2023-10-05 06:00:00,2023-10-05,6,27,27,4.05,0.0,0,27,3,175.39648,True,True,True,100.0,4.05,0.0,0.0,0.0
2023-10-05 07:00:00,2023-10-05,7,27,27,17.18,13.956571872204256,0,0,23,175.39648,False,True,False,0.0,17.18,12.5871,0.0,1.3694718722042563
2023-10-05 18:00:00,2023-10-05,18,27,27,3.8599999999999994,0.0,0,27,3,175.39648,True,True,True,100.0,3.86,0.0,-4.440892098500626e-16,0.0
2023-10-05 19:00:00,2023-10-05,19,27,27,3.8599999999999994,0.0,0,27,3,175.39648,True,True,True,100.0,3.86,0.0,-4.440892098500626e-16,0.0
2023-10-06 06:00:00,2023-10-06,6,27,27,3.8599999999999994,0.0,0,27,3,175.39648,True,True,True,100.0,3.86,0.0,-4.440892098500626e-16,0.0
2023-10-06 07:00:00,2023-10-06,7,27,27,7.22,8.592249641694274,0,0,20,175.39648,False,True,False,0.0,7.22,7.4383,0.0,1.1539496416942736
2023-10-06 18:00:00,2023-10-06,18,27,27,3.8699999999999997,0.0,0,27,4,175.39648,True,True,True,100.0,3.87,0.0,-4.440892098500626e-16,0.0
2023-10-06 19:00:00,2023-10-06,19,27,27,3.8699999999999997,0.0,0,27,4,175.39648,True,True,True,100.0,3.87,0.0,-4.440892098500626e-16,0.0
2023-10-07 06:00:00,2023-10-07,6,27,27,3.8699999999999997,0.0,0,27,4,175.39648,True,True,True,100.0,3.87,0.0,-4.440892098500626e-16,0.0
2023-10-07 07:00:00,2023-10-07,7,27,27,6.4,9.456201829043778,0,0,20,175.39648,False,True,False,0.0,6.4,8.2727,0.0,1.1835018290437773
2023-10-07 18:00:00,2023-10-07,18,27,27,3.8599999999999994,0.0,0,27,3,175.39648,True,True,True,100.0,3.86,0.0,-4.440892098500626e-16,0.0
2023-10-07 19:00:00,2023-10-07,19,27,27,3.86,0.0,0,27,3,175.39648,True,True,True,100.0,3.86,0.0,0.0,0.0
2023-10-08 06:00:00,2023-10-08,6,27,27,3.84,0.0,0,27,2,175.39648,True,True,True,100.0,3.84,0.0,0.0,0.0
2023-10-08 07:00:00,2023-10-08,7,27,27,12.68,10.84555353702389,0,0,21,175.39648,False,True,False,0.0,12.68,9.568,0.0,1.2775535370238895
2023-10-08 18:00:00,2023-10-08,18,27,27,3.9,0.0,0,27,4,175.39648,True,True,True,100.0,3.9,0.0,0.0,0.0
2023-10-08 19:00:00,2023-10-08,19,27,27,3.8499999999999996,0.0,0,27,3,175.39648,True,True,True,100.0,3.85,0.0,-4.440892098500626e-16,0.0
2023-10-09 06:00:00,2023-10-09,6,27,27,3.8499999999999996,0.0,0,27,3,175.39648,True,True,True,100.0,3.85,0.0,-4.440892098500626e-16,0.0
2023-10-09 07:00:00,2023-10-09,7,27,27,10.77,11.225468333968955,0,0,24,175.39648,False,True,False,0.0,10.77,9.9486,0.0,1.2768683339689542
2023-10-09 18:00:00,2023-10-09,18,27,27,3.85,0.0,0,27,3,175.39648,True,True,True,100.0,3.85,0.0,0.0,0.0
2023-10-09 19:00:00,2023-10-09,19,27,27,3.85,0.0,0,27,3,175.39648,True,True,True,100.0,3.85,0.0,0.0,0.0
2023-10-10 06:00:00,2023-10-10,6,27,27,3.85,0.0,0,27,3,175.39648,True,True,True,100.0,3.85,0.0,0.0,0.0
2023-10-10 07:00:00,2023-10-10,7,27,27,11.030000000000001,10.33321417190751,0,0,24,175.39648,False,True,False,0.0,11.03,9.0774,1.7763568394002505e-15,1.2558141719075095
2023-10-10 18:00:00,2023-10-10,18,27,27,3.8499999999999996,0.0,0,27,3,175.39648,True,True,True,100.0,3.85,0.0,-4.440892098500626e-16,0.0
2023-10-10 19:00:00,2023-10-10,19,27,27,3.84,0.0,0,27,2,175.39648,True,True,True,100.0,3.84,0.0,0.0,0.0
2023-10-11 06:00:00,2023-10-11,6,27,27,3.84,0.0,0,27,2,175.39648,True,True,True,100.0,3.84,0.0,0.0,0.0
2023-10-11 07:00:00,2023-10-11,7,27,27,14.64,10.87145763008657,0,0,24,175.39648,False,True,False,0.0,14.64,9.6049,0.0,1.2665576300865702
2023-10-11 18:00:00,2023-10-11,18,27,27,3.8499999999999996,0.0,0,27,3,175.39648,True,True,True,100.0,3.85,0.0,-4.440892098500626e-16,0.0
2023-10-11 19:00:00,2023-10-11,19,27,27,3.8499999999999996,0.0,0,27,3,175.39648,True,True,True,100.0,3.85,0.0,-4.440892098500626e-16,0.0
2023-10-12 06:00:00,2023-10-12,6,27,27,3.8499999999999996,0.0,0,27,3,175.39648,True,True,True,100.0,3.85,0.0,-4.440892098500626e-16,0.0
2023-10-12 07:00:00,2023-10-12,7,27,27,13.25,10.50231473396381,0,0,24,175.39648,False,True,False,0.0,13.25,9.2379,0.0,1.264414733963811
2023-10-12 18:00:00,2023-10-12,18,27,27,3.8499999999999996,0.0,0,27,3,175.39648,True,True,True,100.0,3.85,0.0,-4.440892098500626e-16,0.0
2023-10-12 19:00:00,2023-10-12,19,27,27,3.84,0.0,0,27,2,175.39648,True,True,True,100.0,3.84,0.0,0.0,0.0
2023-10-13 06:00:00,2023-10-13,6,27,27,3.84,0.0,0,27,2,175.39648,True,True,True,100.0,3.84,0.0,0.0,0.0
2023-10-13 07:00:00,2023-10-13,7,27,27,7.32,10.195458409221118,0,0,22,175.39648,False,True,False,0.0,7.32,8.9942,0.0,1.2012584092211185
2023-10-13 18:00:00,2023-10-13,18,27,27,3.84,0.0,0,27,2,175.39648,True,True,True,100.0,3.84,0.0,0.0,0.0
2023-10-13 19:00:00,2023-10-13,19,27,27,3.84,0.0,0,27,2,175.39648,True,True,True,100.0,3.84,0.0,0.0,0.0
2023-10-14 06:00:00,2023-10-14,6,27,27,3.84,0.0,0,27,2,175.39648,True,True,True,100.0,3.84,0.0,0.0,0.0
2023-10-14 07:00:00,2023-10-14,7,27,27,11.02,11.469394247976311,0,0,23,175.39648,False,True,False,0.0,11.02,10.1629,0.0,1.3064942479763104
2023-10-14 18:00:00,2023-10-14,18,27,27,3.86,0.0,0,27,4,175.39648,True,True,True,100.0,3.86,0.0,0.0,0.0
2023-10-14 19:00:00,2023-10-14,19,27,27,3.86,0.0,0,27,4,175.39648,True,True,True,100.0,3.86,0.0,0.0,0.0
2023-10-15 06:00:00,2023-10-15,6,27,27,3.86,0.0,0,27,4,175.39648,True,True,True,100.0,3.86,0.0,0.0,0.0
2023-10-15 07:00:00,2023-10-15,7,27,27,12.09,12.16933670137903,0,0,23,175.39648,False,True,False,0.0,12.09,10.8311,0.0,1.3382367013790315
2023-10-15 18:00:00,2023-10-15,18,27,27,3.85,0.0,0,27,3,175.39648,True,True,True,100.0,3.85,0.0,0.0,0.0
2023-10-15 19:00:00,2023-10-15,19,27,27,3.85,0.0,0,27,3,175.39648,True,True,True,100.0,3.85,0.0,0.0,0.0
2023-10-16 06:00:00,2023-10-16,6,27,27,3.85,0.0,0,27,3,175.39648,True,True,True,100.0,3.85,0.0,0.0,0.0
2023-10-16 07:00:00,2023-10-16,7,27,27,11.71,11.665814808706614,0,0,23,175.39648,False,True,False,0.0,11.71,10.3522,0.0,1.313614808706614
2023-10-16 18:00:00,2023-10-16,18,27,27,3.85,0.0,0,27,3,175.39648,True,True,True,100.0,3.85,0.0,0.0,0.0
2023-10-16 19:00:00,2023-10-16,19,27,27,3.85,0.0,0,27,3,175.39648,True,True,True,100.0,3.85,0.0,0.0,0.0
2023-10-17 06:00:00,2023-10-17,6,27,27,3.85,0.0,0,27,3,175.39648,True,True,True,100.0,3.85,0.0,0.0,0.0
2023-10-17 07:00:00,2023-10-17,7,27,27,11.82,11.470921333623105,0,0,23,175.39648,False,True,False,0.0,11.82,10.1626,0.0,1.3083213336231054
2023-10-17 18:00:00,2023-10-17,18,27,27,3.84,0.0,0,27,2,175.39648,True,True,True,100.0,3.84,0.0,0.0,0.0
2023-10-17 19:00:00,2023-10-17,19,27,27,3.84,0.0,0,27,2,175.39648,True,True,True,100.0,3.84,0.0,0.0,0.0
2023-10-18 06:00:00,2023-10-18,6,27,27,3.84,0.0,0,27,2,175.39648,True,True,True,100.0,3.84,0.0,0.0,0.0
2023-10-18 07:00:00,2023-10-18,7,27,27,8.67,9.719801373850004,0,0,22,175.39648,False,True,False,0.0,8.67,8.5352,0.0,1.184601373850004
2023-10-18 18:00:00,2023-10-18,18,27,27,3.86,0.0,0,27,4,175.39648,True,True,True,100.0,3.86,0.0,0.0,0.0
2023-10-18 19:00:00,2023-10-18,19,27,27,3.86,0.0,0,27,4,175.39648,True,True,True,100.0,3.86,0.0,0.0,0.0
2023-10-19 06:00:00,2023-10-19,6,27,27,3.85,0.0,0,27,3,175.39648,True,True,True,100.0,3.85,0.0,0.0,0.0
2023-10-19 07:00:00,2023-10-19,7,27,27,4.65,8.19781450643403,0,0,11,175.39648,False,True,False,0.0,4.65,7.0856,0.0,1.1122145064340296
2023-10-19 18:00:00,2023-10-19,18,27,27,3.86,0.0,0,27,4,175.39648,True,True,True,100.0,3.86,0.0,0.0,0.0
2023-10-19 19:00:00,2023-10-19,19,27,27,3.86,0.0,0,27,4,175.39648,True,True,True,100.0,3.86,0.0,0.0,0.0
2023-10-20 06:00:00,2023-10-20,6,27,27,3.86,0.0,0,27,4,175.39648,True,True,True,100.0,3.86,0.0,0.0,0.0
2023-10-20 07:00:00,2023-10-20,7,27,27,14.469999999999999,11.768468025819214,0,0,23,175.39648,False,True,False,0.0,14.47,10.4711,-1.7763568394002505e-15,1.297368025819214
2023-10-20 18:00:00,2023-10-20,18,27,27,3.85,0.0,0,27,3,175.39648,True,True,True,100.0,3.85,0.0,0.0,0.0
2023-10-20 19:00:00,2023-10-20,19,27,27,3.85,0.0,0,27,3,175.39648,True,True,True,100.0,3.85,0.0,0.0,0.0
2023-10-21 06:00:00,2023-10-21,6,27,27,3.85,0.0,0,27,3,175.39648,True,True,True,100.0,3.85,0.0,0.0,0.0
2023-10-21 07:00:00,2023-10-21,7,27,27,14.91,11.878478833328797,0,0,22,175.39648,False,True,False,0.0,14.91,10.5812,0.0,1.2972788333287966
2023-10-21 18:00:00,2023-10-21,18,27,27,3.85,0.0,0,27,3,175.39648,True,True,True,100.0,3.85,0.0,0.0,0.0
2023-10-21 19:00:00,2023-10-21,19,27,27,3.85,0.0,0,27,3,175.39648,True,True,True,100.0,3.85,0.0,0.0,0.0
2023-10-22 06:00:00,2023-10-22,6,27,27,3.85,0.0,0,27,3,175.39648,True,True,True,100.0,3.85,0.0,0.0,0.0
2023-10-22 07:00:00,2023-10-22,7,27,27,9.67,11.056797233372682,0,0,21,175.39648,False,True,False,0.0,9.67,9.8191,0.0,1.237697233372682
2023-10-22 18:00:00,2023-10-22,18,27,27,3.87,0.0,0,27,5,175.39648,True,True,True,100.0,3.87,0.0,0.0,0.0
2023-10-22 19:00:00,2023-10-22,19,27,27,3.87,0.0,0,27,5,175.39648,True,True,True,100.0,3.87,0.0,0.0,0.0
2023-10-23 06:00:00,2023-10-23,6,27,27,3.86,0.0,0,27,4,175.39648,True,True,True,100.0,3.86,0.0,0.0,0.0
2023-10-23 07:00:00,2023-10-23,7,27,27,11.64,11.14525440550042,0,0,22,175.39648,False,True,False,0.0,11.64,9.8916,0.0,1.25365440550042
2023-10-23 18:00:00,2023-10-23,18,27,27,3.8499999999999996,0.0,0,27,3,175.39648,True,True,True,100.0,3.85,0.0,-4.440892098500626e-16,0.0
2023-10-23 19:00:00,2023-10-23,19,27,27,3.8499999999999996,0.0,0,27,3,175.39648,True,True,True,100.0,3.85,0.0,-4.440892098500626e-16,0.0
2023-10-24 06:00:00,2023-10-24,6,27,27,3.84,0.0,0,27,2,175.39648,True,True,True,100.0,3.84,0.0,0.0,0.0
2023-10-24 07:00:00,2023-10-24,7,27,27,11.09,10.643031495737434,0,0,22,175.39648,False,True,False,0.0,11.09,9.4037,0.0,1.2393314957374333
2023-10-24 18:00:00,2023-10-24,18,27,27,3.84,0.0,0,27,2,175.39648,True,True,True,100.0,3.84,0.0,0.0,0.0
2023-10-24 19:00:00,2023-10-24,19,27,27,3.84,0.0,0,27,2,175.39648,True,True,True,100.0,3.84,0.0,0.0,0.0
2023-10-25 06:00:00,2023-10-25,6,27,27,3.84,0.0,0,27,2,175.39648,True,True,True,100.0,3.84,0.0,0.0,0.0
2023-10-25 07:00:00,2023-10-25,7,27,27,9.870000000000001,10.788822760484754,0,0,22,175.39648,False,True,False,0.0,9.87,9.5228,1.7763568394002505e-15,1.2660227604847538
2023-10-25 18:00:00,2023-10-25,18,27,27,3.55,0.0,0,27,2,175.39648,True,True,True,100.0,3.55,0.0,0.0,0.0
2023-10-25 19:00:00,2023-10-25,19,27,27,3.55,0.0,0,27,2,175.39648,True,True,True,100.0,3.55,0.0,0.0,0.0
2023-10-26 06:00:00,2023-10-26,6,27,27,3.55,0.0,0,27,2,175.39648,True,True,True,100.0,3.55,0.0,0.0,0.0
2023-10-26 07:00:00,2023-10-26,7,27,27,8.14,10.248507599778282,0,0,22,175.39648,False,True,False,0.0,8.14,9.0206,0.0,1.2279075997782822
2023-10-26 18:00:00,2023-10-26,18,27,27,3.54,0.0,0,27,1,175.39648,True,True,True,100.0,3.54,0.0,0.0,0.0
2023-10-26 19:00:00,2023-10-26,19,27,27,3.54,0.0,0,27,1,175.39648,True,True,True,100.0,3.54,0.0,0.0,0.0
2023-10-27 06:00:00,2023-10-27,6,27,27,3.54,0.0,0,27,1,175.39648,True,True,True,100.0,3.54,0.0,0.0,0.0
2023-10-27 07:00:00,2023-10-27,7,27,27,11.47,10.680505491198957,0,0,22,175.39648,False,True,False,0.0,11.47,9.4269,0.0,1.2536054911989574
2023-10-27 18:00:00,2023-10-27,18,27,27,3.55,0.0,0,27,2,175.39648,True,True,True,100.0,3.55,0.0,0.0,0.0
2023-10-27 19:00:00,2023-10-27,19,27,27,0.0,0.0,0,27,0,175.39648,True,False,False,100.0,0.0,0.0,0.0,0.0
2023-10-28 06:00:00,2023-10-28,6,27,27,0.0,0.0,0,27,0,175.39648,True,False,False,100.0,0.0,0.0,0.0,0.0
2023-10-28 07:00:00,2023-10-28,7,27,27,12.03,10.156858226060729,0,0,22,175.39648,False,True,False,0.0,12.03,8.9392,0.0,1.2176582260607294
2023-10-28 18:00:00,2023-10-28,18,27,27,3.5599999999999996,0.0,0,27,3,175.39648,True,True,True,100.0,3.56,0.0,-4.440892098500626e-16,0.0
2023-10-28 19:00:00,2023-10-28,19,27,27,0.0,0.0,0,27,0,175.39648,True,False,False,100.0,0.0,0.0,0.0,0.0
2023-10-29 06:00:00,2023-10-29,6,27,27,0.0,0.0,0,27,0,175.39648,True,False,False,100.0,0.0,0.0,0.0,0.0
2023-10-29 07:00:00,2023-10-29,7,27,27,9.59,9.94858992098878,0,0,21,175.39648,False,True,False,0.0,9.59,8.7486,0.0,1.1999899209887808
2023-10-29 18:00:00,2023-10-29,18,27,27,4.17,0.0,0,27,4,175.39648,True,True,True,100.0,4.17,0.0,0.0,0.0
2023-10-29 19:00:00,2023-10-29,19,27,27,0.0,0.0,0,27,0,175.39648,True,False,False,100.0,0.0,0.0,0.0,0.0
2023-10-30 06:00:00,2023-10-30,6,27,27,0.0,0.0,0,27,0,175.39648,True,False,False,100.0,0.0,0.0,0.0,0.0
2023-10-30 07:00:00,2023-10-30,7,27,27,9.17,9.340433983512614,0,0,21,175.39648,False,True,False,0.0,9.17,8.1576,0.0,1.182833983512614
2023-10-30 18:00:00,2023-10-30,18,27,27,4.16,0.0,0,27,3,175.39648,True,True,True,100.0,4.16,0.0,0.0,0.0
2023-10-30 19:00:00,2023-10-30,19,27,27,0.0,0.0,0,27,0,175.39648,True,False,False,100.0,0.0,0.0,0.0,0.0
2023-10-31 06:00:00,2023-10-31,6,27,27,0.0,0.0,0,27,0,175.39648,True,False,False,100.0,0.0,0.0,0.0,0.0
2023-10-31 07:00:00,2023-10-31,7,27,27,8.16,9.583650643558542,0,0,20,175.39648,False,True,False,0.0,8.16,8.3753,0.0,1.2083506435585427
2023-10-31 18:00:00,2023-10-31,18,27,27,4.1899999999999995,0.0,0,27,4,175.39648,True,True,True,100.0,4.19,0.0,-8.881784197001252e-16,0.0
2023-10-31 19:00:00,2023-10-31,19,27,27,0.0,0.0,0,27,0,175.39648,True,False,False,100.0,0.0,0.0,0.0,0.0
2023-11-01 06:00:00,2023-11-01,6,27,27,0.0,0.0,0,27,0,175.39648,True,False,False,100.0,0.0,0.0,0.0,0.0
2023-11-01 07:00:00,2023-11-01,7,27,27,8.93,7.5886804867274185,0,0,20,175.39648,False,True,False,0.0,8.93,6.6754,0.0,0.9132804867274187
2023-11-01 18:00:00,2023-11-01,18,27,27,4.15,0.0,0,27,2,175.39648,True,True,True,100.0,4.15,0.0,0.0,0.0
2023-11-01 19:00:00,2023-11-01,19,27,27,0.0,0.0,0,27,0,175.39648,True,False,False,100.0,0.0,0.0,0.0,0.0
2023-11-02 06:00:00,2023-11-02,6,27,27,0.0,0.0,0,27,0,175.39648,True,False,False,100.0,0.0,0.0,0.0,0.0
2023-11-02 07:00:00,2023-11-02,7,27,27,8.149999999999999,7.199983889654905,0,0,20,175.39648,False,True,False,0.0,8.15,6.2917,-1.7763568394002505e-15,0.9082838896549053
2023-11-02 18:00:00,2023-11-02,18,27,27,4.15,0.0,0,27,2,175.39648,True,True,True,100.0,4.15,0.0,0.0,0.0
2023-11-02 19:00:00,2023-11-02,19,27,27,0.0,0.0,0,27,0,175.39648,True,False,False,100.0,0.0,0.0,0.0,0.0
2023-11-03 06:00:00,2023-11-03,6,27,27,0.0,0.0,0,27,0,175.39648,True,False,False,100.0,0.0,0.0,0.0,0.0
2023-11-03 07:00:00,2023-11-03,7,27,27,6.65,5.7669558182439,0,1,21,175.39648,False,True,False,3.7037037037037033,6.65,4.9459,0.0,0.8210558182438996
2023-11-03 18:00:00,2023-11-03,18,27,27,4.16,0.0,0,27,3,175.39648,True,True,True,100.0,4.16,0.0,0.0,0.0
2023-11-03 19:00:00,2023-11-03,19,27,27,0.0,0.0,0,27,0,175.39648,True,False,False,100.0,0.0,0.0,0.0,0.0
2023-11-04 06:00:00,2023-11-04,6,27,27,0.0,0.0,0,27,0,175.39648,True,False,False,100.0,0.0,0.0,0.0,0.0
2023-11-04 07:00:00,2023-11-04,7,27,27,4.36,4.77020254676179,0,1,5,175.39648,False,True,False,3.7037037037037033,4.36,4.0386,0.0,0.7316025467617902
2023-11-04 18:00:00,2023-11-04,18,27,27,3.54,0.0,0,27,1,175.39648,True,True,True,100.0,3.54,0.0,0.0,0.0
2023-11-04 19:00:00,2023-11-04,19,27,27,0.0,0.0,0,27,0,175.39648,True,False,False,100.0,0.0,0.0,0.0,0.0
2023-11-05 06:00:00,2023-11-05,6,27,27,0.0,0.0,0,27,0,175.39648,True,False,False,100.0,0.0,0.0,0.0,0.0
2023-11-05 07:00:00,2023-11-05,7,27,27,4.51,4.09560358037555,0,1,12,175.39648,False,True,False,3.7037037037037033,4.51,3.3861,0.0,0.7095035803755501
2023-11-05 18:00:00,2023-11-05,18,27,27,3.69,0.0,0,27,3,175.39648,True,True,True,100.0,3.69,0.0,0.0,0.0
2023-11-05 19:00:00,2023-11-05,19,27,27,0.0,0.0,0,27,0,175.39648,True,False,False,100.0,0.0,0.0,0.0,0.0
2023-11-06 06:00:00,2023-11-06,6,27,27,0.0,0.0,0,27,0,175.39648,True,False,False,100.0,0.0,0.0,0.0,0.0
2023-11-06 07:00:00,2023-11-06,7,27,27,8.61,7.1533055586046395,0,1,22,175.39648,False,True,False,3.7037037037037033,8.61,6.277,0.0,0.8763055586046393
2023-11-06 18:00:00,2023-11-06,18,27,27,3.54,0.0,0,27,1,175.39648,True,True,True,100.0,3.54,0.0,0.0,0.0
2023-11-06 19:00:00,2023-11-06,19,27,27,0.0,0.0,0,27,0,175.39648,True,False,False,100.0,0.0,0.0,0.0,0.0
2023-11-07 06:00:00,2023-11-07,6,27,27,0.0,0.0,0,27,0,175.39648,True,False,False,100.0,0.0,0.0,0.0,0.0
2023-11-07 07:00:00,2023-11-07,7,27,27,8.82,7.110502205145118,0,0,22,175.39648,False,True,False,0.0,8.82,6.2504,0.0,0.8601022051451181
2023-11-07 18:00:00,2023-11-07,18,27,27,3.54,0.0,0,27,1,175.39648,True,True,True,100.0,3.54,0.0,0.0,0.0
2023-11-07 19:00:00,2023-11-07,19,27,27,0.0,0.0,0,27,0,175.39648,True,False,False,100.0,0.0,0.0,0.0,0.0
2023-11-08 06:00:00,2023-11-08,6,27,27,0.0,0.0,0,27,0,175.39648,True,False,False,100.0,0.0,0.0,0.0,0.0
2023-11-08 07:00:00,2023-11-08,7,27,27,4.49,6.200417482808911,0,1,15,175.39648,False,True,False,3.7037037037037033,4.49,5.3644,0.0,0.8360174828089111
2023-11-08 18:00:00,2023-11-08,18,27,27,3.57,0.0,0,27,4,175.39648,True,True,True,100.0,3.5700000000000003,0.0,-4.440892098500626e-16,0.0
2023-11-08 19:00:00,2023-11-08,19,27,27,0.0,0.0,0,27,0,175.39648,True,False,False,100.0,0.0,0.0,0.0,0.0
2023-11-09 06:00:00,2023-11-09,6,27,27,0.0,0.0,0,27,0,175.39648,True,False,False,100.0,0.0,0.0,0.0,0.0
2023-11-09 07:00:00,2023-11-09,7,27,27,5.78,4.791276462361271,0,1,16,175.39648,False,True,False,3.7037037037037033,5.78,4.0453,0.0,0.7459764623612708
2023-11-09 18:00:00,2023-11-09,18,27,27,3.55,0.0,0,27,2,175.39648,True,True,True,100.0,3.55,0.0,0.0,0.0
2023-11-09 19:00:00,2023-11-09,19,27,27,0.0,0.0,0,27,0,175.39648,True,False,False,100.0,0.0,0.0,0.0,0.0
2023-11-10 06:00:00,2023-11-10,6,27,27,0.0,0.0,0,27,0,175.39648,True,False,False,100.0,0.0,0.0,0.0,0.0
2023-11-10 07:00:00,2023-11-10,7,27,27,6.16,6.215471443225342,0,1,17,175.39648,False,True,False,3.7037037037037033,6.16,5.3856,0.0,0.8298714432253416
2023-11-10 18:00:00,2023-11-10,18,27,27,3.5599999999999996,0.0,0,27,3,175.39648,True,True,True,100.0,3.56,0.0,-4.440892098500626e-16,0.0
2023-11-10 19:00:00,2023-11-10,19,27,27,0.0,0.0,0,27,0,175.39648,True,False,False,100.0,0.0,0.0,0.0,0.0
2023-11-11 06:00:00,2023-11-11,6,27,27,0.0,0.0,0,27,0,175.39648,True,False,False,100.0,0.0,0.0,0.0,0.0
2023-11-11 07:00:00,2023-11-11,7,27,27,3.5899999999999994,4.114892203583278,0,1,3,175.39648,False,True,False,3.7037037037037033,3.59,3.4072,-4.440892098500626e-16,0.7076922035832776
2023-11-11 18:00:00,2023-11-11,18,27,27,3.54,0.0,0,27,1,175.39648,True,True,True,100.0,3.54,0.0,0.0,0.0
2023-11-11 19:00:00,2023-11-11,19,27,27,0.0,0.0,0,27,0,175.39648,True,False,False,100.0,0.0,0.0,0.0,0.0
2023-11-12 06:00:00,2023-11-12,6,27,27,0.0,0.0,0,27,0,175.39648,True,False,False,100.0,0.0,0.0,0.0,0.0
2023-11-12 07:00:00,2023-11-12,7,27,27,6.57,6.467043956839309,0,1,20,175.39648,False,True,False,3.7037037037037033,6.57,5.6429,0.0,0.8241439568393094
2023-11-12 18:00:00,2023-11-12,18,27,27,3.54,0.0,0,27,1,175.39648,True,True,True,100.0,3.54,0.0,0.0,0.0
2023-11-12 19:00:00,2023-11-12,19,27,27,0.0,0.0,0,27,0,175.39648,True,False,False,100.0,0.0,0.0,0.0,0.0
2023-11-13 06:00:00,2023-11-13,6,27,27,0.0,0.0,0,27,0,175.39648,True,False,False,100.0,0.0,0.0,0.0,0.0
2023-11-13 07:00:00,2023-11-13,7,27,27,5.45,5.459436959402883,0,1,21,175.39648,False,True,False,3.7037037037037033,5.45,4.7115,0.0,0.7479369594028826
2023-11-13 18:00:00,2023-11-13,18,27,27,3.55,0.0,0,27,2,175.39648,True,True,True,100.0,3.55,0.0,0.0,0.0
2023-11-13 19:00:00,2023-11-13,19,27,27,0.0,0.0,0,27,0,175.39648,True,False,False,100.0,0.0,0.0,0.0,0.0
2023-11-14 06:00:00,2023-11-14,6,27,27,0.0,0.0,0,27,0,175.39648,True,False,False,100.0,0.0,0.0,0.0,0.0
2023-11-14 07:00:00,2023-11-14,7,27,27,6.35,6.251660340061758,0,1,21,175.39648,False,True,False,3.7037037037037033,6.35,5.4392,0.0,0.812460340061758
2023-11-14 18:00:00,2023-11-14,18,27,27,3.55,0.0,0,27,2,175.39648,True,True,True,100.0,3.55,0.0,0.0,0.0
2023-11-14 19:00:00,2023-11-14,19,27,27,0.0,0.0,0,27,0,175.39648,True,False,False,100.0,0.0,0.0,0.0,0.0
2023-11-15 06:00:00,2023-11-15,6,27,27,0.0,0.0,0,27,0,175.39648,True,False,False,100.0,0.0,0.0,0.0,0.0
2023-11-15 07:00:00,2023-11-15,7,27,27,6.08,5.619375186855589,0,1,19,175.39648,False,True,False,3.7037037037037033,6.08,4.8064,0.0,0.8129751868555886
2023-11-15 18:00:00,2023-11-15,18,27,27,3.55,0.0,0,27,2,175.39648,True,True,True,100.0,3.55,0.0,0.0,0.0
2023-11-15 19:00:00,2023-11-15,19,27,27,0.0,0.0,0,27,0,175.39648,True,False,False,100.0,0.0,0.0,0.0,0.0
2023-11-16 06:00:00,2023-11-16,6,27,27,0.0,0.0,0,27,0,175.39648,True,False,False,100.0,0.0,0.0,0.0,0.0
2023-11-16 07:00:00,2023-11-16,7,27,27,4.55,6.19967357621017,0,1,16,175.39648,False,True,False,3.7037037037037033,4.55,5.3779,0.0,0.8217735762101697
2023-11-16 18:00:00,2023-11-16,18,27,27,3.55,0.0,0,27,2,175.39648,True,True,True,100.0,3.55,0.0,0.0,0.0
2023-11-16 19:00:00,2023-11-16,19,27,27,0.0,0.0,0,27,0,175.39648,True,False,False,100.0,0.0,0.0,0.0,0.0
2023-11-17 06:00:00,2023-11-17,6,27,27,0.0,0.0,0,27,0,175.39648,True,False,False,100.0,0.0,0.0,0.0,0.0
2023-11-17 07:00:00,2023-11-17,7,27,27,5.63,6.250727825453081,0,1,17,175.39648,False,True,False,3.7037037037037033,5.63,5.4424,0.0,0.8083278254530812
2023-11-17 18:00:00,2023-11-17,18,27,27,3.5599999999999996,0.0,0,27,3,175.39648,True,True,True,100.0,3.56,0.0,-4.440892098500626e-16,0.0
2023-11-17 19:00:00,2023-11-17,19,27,27,0.0,0.0,0,27,0,175.39648,True,False,False,100.0,0.0,0.0,0.0,0.0
2023-11-18 06:00:00,2023-11-18,6,27,27,0.0,0.0,0,27,0,175.39648,True,False,False,100.0,0.0,0.0,0.0,0.0
2023-11-18 07:00:00,2023-11-18,7,27,27,5.0,6.308024728946655,0,1,18,175.39648,False,True,False,3.7037037037037033,5.0,5.4833,0.0,0.8247247289466548
2023-11-18 18:00:00,2023-11-18,18,27,27,3.55,0.0,0,27,2,175.39648,True,True,True,100.0,3.55,0.0,0.0,0.0
2023-11-18 19:00:00,2023-11-18,19,27,27,0.0,0.0,0,27,0,175.39648,True,False,False,100.0,0.0,0.0,0.0,0.0
2023-11-19 06:00:00,2023-11-19,6,27,27,0.0,0.0,0,27,0,175.39648,True,False,False,100.0,0.0,0.0,0.0,0.0
2023-11-19 07:00:00,2023-11-19,7,27,27,5.07,6.281674160927879,0,0,17,175.39648,False,True,False,0.0,5.07,5.4646,0.0,0.8170741609278789
2023-11-19 18:00:00,2023-11-19,18,27,27,3.55,0.0,0,27,2,175.39648,True,True,True,100.0,3.55,0.0,0.0,0.0
2023-11-19 19:00:00,2023-11-19,19,27,27,0.0,0.0,0,27,0,175.39648,True,False,False,100.0,0.0,0.0,0.0,0.0
2023-11-20 06:00:00,2023-11-20,6,27,27,0.0,0.0,0,27,0,175.39648,True,False,False,100.0,0.0,0.0,0.0,0.0
2023-11-20 07:00:00,2023-11-20,7,27,27,4.91,6.1707445376058665,0,0,17,175.39648,False,True,False,0.0,4.91,5.3566,0.0,0.8141445376058662
2023-11-20 18:00:00,2023-11-20,18,27,27,3.55,0.0,0,27,2,175.39648,True,True,True,100.0,3.55,0.0,0.0,0.0
2023-11-20 19:00:00,2023-11-20,19,27,27,0.0,0.0,0,27,0,175.39648,True,False,False,100.0,0.0,0.0,0.0,0.0
2023-11-21 06:00:00,2023-11-21,6,27,27,0.0,0.0,0,27,0,175.39648,True,False,False,100.0,0.0,0.0,0.0,0.0
2023-11-21 07:00:00,2023-11-21,7,27,27,4.78,6.261986233844575,0,0,16,175.39648,False,True,False,0.0,4.78,5.439,0.0,0.822986233844575
2023-11-21 18:00:00,2023-11-21,18,27,27,3.54,0.0,0,27,1,175.39648,True,True,True,100.0,3.54,0.0,0.0,0.0
2023-11-21 19:00:00,2023-11-21,19,27,27,0.0,0.0,0,27,0,175.39648,True,False,False,100.0,0.0,0.0,0.0,0.0
2023-11-22 06:00:00,2023-11-22,6,27,27,0.0,0.0,0,27,0,175.39648,True,False,False,100.0,0.0,0.0,0.0,0.0
2023-11-22 07:00:00,2023-11-22,7,27,27,5.61,4.945044955403635,0,1,16,175.39648,False,True,False,3.7037037037037033,5.61,4.1524,0.0,0.7926449554036346
2023-11-22 18:00:00,2023-11-22,18,27,27,3.74,0.0,0,27,2,175.39648,True,True,True,100.0,3.74,0.0,0.0,0.0
2023-11-22 19:00:00,2023-11-22,19,27,27,0.0,0.0,0,27,0,175.39648,True,False,False,100.0,0.0,0.0,0.0,0.0
2023-11-23 06:00:00,2023-11-23,6,27,27,0.0,0.0,0,27,0,175.39648,True,False,False,100.0,0.0,0.0,0.0,0.0
2023-11-23 07:00:00,2023-11-23,7,27,27,4.0200000000000005,6.303706945725771,0,1,10,175.39648,False,True,False,3.7037037037037033,4.02,5.4747,8.881784197001252e-16,0.8290069457257703
2023-11-23 18:00:00,2023-11-23,18,27,27,3.54,0.0,0,27,1,175.39648,True,True,True,100.0,3.54,0.0,0.0,0.0
2023-11-23 19:00:00,2023-11-23,19,27,27,0.0,0.0,0,27,0,175.39648,True,False,False,100.0,0.0,0.0,0.0,0.0
2023-11-24 06:00:00,2023-11-24,6,27,27,0.0,0.0,0,27,0,175.39648,True,False,False,100.0,0.0,0.0,0.0,0.0
2023-11-24 07:00:00,2023-11-24,7,27,27,4.47,5.835933713430254,0,1,15,175.39648,False,True,False,3.7037037037037033,4.47,5.0384,0.0,0.797533713430254
2023-11-24 18:00:00,2023-11-24,18,27,27,3.54,0.0,0,27,1,175.39648,True,True,True,100.0,3.54,0.0,0.0,0.0
2023-11-24 19:00:00,2023-11-24,19,27,27,0.0,0.0,0,27,0,175.39648,True,False,False,100.0,0.0,0.0,0.0,0.0
2023-11-25 06:00:00,2023-11-25,6,27,27,0.0,0.0,0,27,0,175.39648,True,False,False,100.0,0.0,0.0,0.0,0.0
2023-11-25 07:00:00,2023-11-25,7,27,27,4.07,5.416888772041236,0,1,11,175.39648,False,True,False,3.7037037037037033,4.07,4.6299,0.0,0.7869887720412363
2023-11-25 18:00:00,2023-11-25,18,27,27,3.98,0.0,0,27,2,175.39648,True,True,True,100.0,3.98,0.0,0.0,0.0
2023-11-25 19:00:00,2023-11-25,19,27,27,0.0,0.0,0,27,0,175.39648,True,False,False,100.0,0.0,0.0,0.0,0.0
2023-11-26 06:00:00,2023-11-26,6,27,27,0.0,0.0,0,27,0,175.39648,True,False,False,100.0,0.0,0.0,0.0,0.0
2023-11-26 07:00:00,2023-11-26,7,27,27,3.9899999999999998,3.9013212596540745,0,4,2,175.39648,False,True,False,14.814814814814813,3.99,3.2021,-4.440892098500626e-16,0.6992212596540743
2023-11-26 18:00:00,2023-11-26,18,27,27,3.54,0.0,0,27,1,175.39648,True,True,True,100.0,3.54,0.0,0.0,0.0
2023-11-26 19:00:00,2023-11-26,19,27,27,0.0,0.0,0,27,0,175.39648,True,False,False,100.0,0.0,0.0,0.0,0.0
2023-11-27 06:00:00,2023-11-27,6,27,27,0.0,0.0,0,27,0,175.39648,True,False,False,100.0,0.0,0.0,0.0,0.0
2023-11-27 07:00:00,2023-11-27,7,27,27,4.02,5.460311392614695,0,1,10,175.39648,False,True,False,3.7037037037037033,4.02,4.7133,0.0,0.7470113926146951
2023-11-27 18:00:00,2023-11-27,18,27,27,3.54,0.0,0,27,1,175.39648,True,True,True,100.0,3.54,0.0,0.0,0.0
2023-11-27 19:00:00,2023-11-27,19,27,27,0.0,0.0,0,27,0,175.39648,True,False,False,100.0,0.0,0.0,0.0,0.0
2023-11-28 06:00:00,2023-11-28,6,27,27,0.0,0.0,0,27,0,175.39648,True,False,False,100.0,0.0,0.0,0.0,0.0
2023-11-28 07:00:00,2023-11-28,7,27,27,4.21,5.190948743240756,0,2,13,175.39648,False,True,False,7.4074074074074066,4.21,4.4502,0.0,0.740748743240756
2023-11-28 18:00:00,2023-11-28,18,27,27,3.5599999999999996,0.0,0,27,3,175.39648,True,True,True,100.0,3.56,0.0,-4.440892098500626e-16,0.0
2023-11-28 19:00:00,2023-11-28,19,27,27,0.0,0.0,0,27,0,175.39648,True,False,False,100.0,0.0,0.0,0.0,0.0
2023-11-29 06:00:00,2023-11-29,6,27,27,0.0,0.0,0,27,0,175.39648,True,False,False,100.0,0.0,0.0,0.0,0.0
2023-11-29 07:00:00,2023-11-29,7,27,27,3.5699999999999994,4.071816598164878,0,5,3,175.39648,False,True,False,18.51851851851852,3.5700000000000003,3.3587,-8.881784197001252e-16,0.7131165981648779
2023-11-29 18:00:00,2023-11-29,18,27,27,3.5599999999999996,0.0,0,27,3,175.39648,True,True,True,100.0,3.56,0.0,-4.440892098500626e-16,0.0
2023-11-29 19:00:00,2023-11-29,19,27,27,0.0,0.0,0,27,0,175.39648,True,False,False,100.0,0.0,0.0,0.0,0.0
2023-11-30 06:00:00,2023-11-30,6,27,27,0.0,0.0,0,27,0,175.39648,True,False,False,100.0,0.0,0.0,0.0,0.0
2023-11-30 07:00:00,2023-11-30,7,27,27,3.71,5.161230317445102,0,2,8,175.39648,False,True,False,7.4074074074074066,3.71,4.4041,0.0,0.7571303174451023
2023-11-30 18:00:00,2023-11-30,18,27,27,3.54,0.0,0,27,1,175.39648,True,True,True,100.0,3.54,0.0,0.0,0.0
2023-11-30 19:00:00,2023-11-30,19,27,27,0.0,0.0,0,27,0,175.39648,True,False,False,100.0,0.0,0.0,0.0,0.0
2023-12-01 06:00:00,2023-12-01,6,27,27,0.0,0.0,0,27,0,175.39648,True,False,False,100.0,0.0,0.0,0.0,0.0
2023-12-01 07:00:00,2023-12-01,7,27,27,3.91,4.314380162631137,0,3,9,175.39648,False,True,False,11.11111111111111,3.91,3.7235,0.0,0.5908801626311369
2023-12-01 18:00:00,2023-12-01,18,27,27,3.54,0.0,0,27,1,175.39648,True,True,True,100.0,3.54,0.0,0.0,0.0
2023-12-01 19:00:00,2023-12-01,19,27,27,0.0,0.0,0,27,0,175.39648,True,False,False,100.0,0.0,0.0,0.0,0.0
2023-12-02 06:00:00,2023-12-02,6,27,27,0.0,0.0,0,27,0,175.39648,True,False,False,100.0,0.0,0.0,0.0,0.0
2023-12-02 07:00:00,2023-12-02,7,27,27,3.8,4.515576630125213,0,3,9,175.39648,False,True,False,11.11111111111111,3.8,3.917,0.0,0.5985766301252129
2023-12-02 18:00:00,2023-12-02,18,27,27,4.09,0.0,0,27,5,175.39648,True,True,True,100.0,4.09,0.0,0.0,0.0
2023-12-02 19:00:00,2023-12-02,19,27,27,0.0,0.0,0,27,0,175.39648,True,False,False,100.0,0.0,0.0,0.0,0.0
2023-12-03 06:00:00,2023-12-03,6,27,27,0.0,0.0,0,27,0,175.39648,True,False,False,100.0,0.0,0.0,0.0,0.0
2023-12-03 07:00:00,2023-12-03,7,27,27,4.27,4.548078492733554,0,3,9,175.39648,False,True,False,11.11111111111111,4.27,3.9423,0.0,0.6057784927335539
2023-12-03 18:00:00,2023-12-03,18,27,27,4.07,0.0,0,27,3,175.39648,True,True,True,100.0,4.07,0.0,0.0,0.0
2023-12-03 19:00:00,2023-12-03,19,27,27,0.0,0.0,0,27,0,175.39648,True,False,False,100.0,0.0,0.0,0.0,0.0
2023-12-04 06:00:00,2023-12-04,6,27,27,0.0,0.0,0,27,0,175.39648,True,False,False,100.0,0.0,0.0,0.0,0.0
2023-12-04 07:00:00,2023-12-04,7,27,27,4.08,4.497685034816935,0,3,3,175.39648,False,True,False,11.11111111111111,4.08,3.8848000000000003,0.0,0.6128850348169346
2023-12-04 18:00:00,2023-12-04,18,27,27,4.08,0.0,0,27,4,175.39648,True,True,True,100.0,4.08,0.0,0.0,0.0
2023-12-04 19:00:00,2023-12-04,19,27,27,0.0,0.0,0,27,0,175.39648,True,False,False,100.0,0.0,0.0,0.0,0.0
2023-12-05 06:00:00,2023-12-05,6,27,27,0.0,0.0,0,27,0,175.39648,True,False,False,100.0,0.0,0.0,0.0,0.0
2023-12-05 07:00:00,2023-12-05,7,27,27,4.22,4.7355431839873035,0,2,7,175.39648,False,True,False,7.4074074074074066,4.22,4.088,0.0,0.6475431839873034
2023-12-05 18:00:00,2023-12-05,18,27,27,4.07,0.0,0,27,3,175.39648,True,True,True,100.0,4.07,0.0,0.0,0.0
2023-12-05 19:00:00,2023-12-05,19,27,27,0.0,0.0,0,27,0,175.39648,True,False,False,100.0,0.0,0.0,0.0,0.0
2023-12-06 06:00:00,2023-12-06,6,27,27,0.0,0.0,0,27,0,175.39648,True,False,False,100.0,0.0,0.0,0.0,0.0
2023-12-06 07:00:00,2023-12-06,7,27,27,4.08,4.139109938409459,0,2,3,175.39648,False,True,False,7.4074074074074066,4.08,3.5382,0.0,0.6009099384094592
2023-12-06 18:00:00,2023-12-06,18,27,27,4.0600000000000005,0.0,0,27,2,175.39648,True,True,True,100.0,4.06,0.0,8.881784197001252e-16,0.0
2023-12-06 19:00:00,2023-12-06,19,27,27,0.0,0.0,0,27,0,175.39648,True,False,False,100.0,0.0,0.0,0.0,0.0
2023-12-07 06:00:00,2023-12-07,6,27,27,0.0,0.0,0,27,0,175.39648,True,False,False,100.0,0.0,0.0,0.0,0.0
2023-12-07 07:00:00,2023-12-07,7,27,27,4.1,3.8422278084036616,0,3,4,175.39648,False,True,False,11.11111111111111,4.1,3.3003,0.0,0.5419278084036616
2023-12-07 18:00:00,2023-12-07,18,27,27,4.07,0.0,0,27,3,175.39648,True,True,True,100.0,4.07,0.0,0.0,0.0
2023-12-07 19:00:00,2023-12-07,19,27,27,0.0,0.0,0,27,0,175.39648,True,False,False,100.0,0.0,0.0,0.0,0.0
2023-12-08 06:00:00,2023-12-08,6,27,27,0.0,0.0,0,27,0,175.39648,True,False,False,100.0,0.0,0.0,0.0,0.0
2023-12-08 07:00:00,2023-12-08,7,27,27,4.109999999999999,3.791620294970847,0,1,5,175.39648,False,True,False,3.7037037037037033,4.11,3.2449,-8.881784197001252e-16,0.546720294970847
2023-12-08 18:00:00,2023-12-08,18,27,27,4.07,0.0,0,27,3,175.39648,True,True,True,100.0,4.07,0.0,0.0,0.0
2023-12-08 19:00:00,2023-12-08,19,27,27,0.0,0.0,0,27,0,175.39648,True,False,False,100.0,0.0,0.0,0.0,0.0
2023-12-09 06:00:00,2023-12-09,6,27,27,0.0,0.0,0,27,0,175.39648,True,False,False,100.0,0.0,0.0,0.0,0.0
2023-12-09 07:00:00,2023-12-09,7,27,27,4.07,3.20303293058241,0,2,3,175.39648,False,True,False,7.4074074074074066,4.07,2.7069,0.0,0.49613293058241004
2023-12-09 18:00:00,2023-12-09,18,27,27,4.0600000000000005,0.0,0,27,2,175.39648,True,True,True,100.0,4.06,0.0,8.881784197001252e-16,0.0
2023-12-09 19:00:00,2023-12-09,19,27,27,0.0,0.0,0,27,0,175.39648,True,False,False,100.0,0.0,0.0,0.0,0.0
2023-12-10 06:00:00,2023-12-10,6,27,27,0.0,0.0,0,27,0,175.39648,True,False,False,100.0,0.0,0.0,0.0,0.0
2023-12-10 07:00:00,2023-12-10,7,27,27,4.0600000000000005,2.5830942759786093,0,9,2,175.39648,False,True,False,33.33333333333333,4.06,2.1048,8.881784197001252e-16,0.4782942759786093
2023-12-10 18:00:00,2023-12-10,18,27,27,4.07,0.0,0,27,3,175.39648,True,True,True,100.0,4.07,0.0,0.0,0.0
2023-12-10 19:00:00,2023-12-10,19,27,27,0.0,0.0,0,27,0,175.39648,True,False,False,100.0,0.0,0.0,0.0,0.0
2023-12-11 06:00:00,2023-12-11,6,27,27,0.0,0.0,0,27,0,175.39648,True,False,False,100.0,0.0,0.0,0.0,0.0
2023-12-11 07:00:00,2023-12-11,7,27,27,4.07,2.8783242305432175,0,4,3,175.39648,False,True,False,14.814814814814813,4.07,2.3908,0.0,0.4875242305432175
2023-12-11 18:00:00,2023-12-11,18,27,27,4.0600000000000005,0.0,0,27,2,175.39648,True,True,True,100.0,4.06,0.0,8.881784197001252e-16,0.0
2023-12-11 19:00:00,2023-12-11,19,27,27,0.0,0.0,0,27,0,175.39648,True,False,False,100.0,0.0,0.0,0.0,0.0
2023-12-12 06:00:00,2023-12-12,6,27,27,0.0,0.0,0,27,0,175.39648,True,False,False,100.0,0.0,0.0,0.0,0.0
2023-12-12 07:00:00,2023-12-12,7,27,27,4.0600000000000005,2.8648632472036883,0,5,2,175.39648,False,True,False,18.51851851851852,4.06,2.3756,8.881784197001252e-16,0.4892632472036884
2023-12-12 18:00:00,2023-12-12,18,27,27,4.0600000000000005,0.0,0,27,2,175.39648,True,True,True,100.0,4.06,0.0,8.881784197001252e-16,0.0
2023-12-12 19:00:00,2023-12-12,19,27,27,0.0,0.0,0,27,0,175.39648,True,False,False,100.0,0.0,0.0,0.0,0.0
2023-12-13 06:00:00,2023-12-13,6,28,28,0.0,0.0,0,28,0,184.73148,True,False,False,100.0,0.0,0.0,0.0,0.0
2023-12-13 07:00:00,2023-12-13,7,28,28,4.0600000000000005,2.7039933469465423,0,9,2,184.73148,False,True,False,32.142857142857146,4.06,2.2055,8.881784197001252e-16,0.49849334694654246
2023-12-13 18:00:00,2023-12-13,18,28,28,4.0600000000000005,0.0,0,28,2,184.73148,True,True,True,100.0,4.06,0.0,8.881784197001252e-16,0.0
2023-12-13 19:00:00,2023-12-13,19,28,28,0.0,0.0,0,28,0,184.73148,True,False,False,100.0,0.0,0.0,0.0,0.0
2023-12-14 06:00:00,2023-12-14,6,28,28,0.0,0.0,0,28,0,184.73148,True,False,False,100.0,0.0,0.0,0.0,0.0
2023-12-14 07:00:00,2023-12-14,7,28,28,4.0600000000000005,2.6230550374672337,0,9,2,184.73148,False,True,False,32.142857142857146,4.06,2.1345,8.881784197001252e-16,0.4885550374672336
2023-12-14 18:00:00,2023-12-14,18,28,28,4.0600000000000005,0.0,0,28,2,184.73148,True,True,True,100.0,4.06,0.0,8.881784197001252e-16,0.0
2023-12-14 19:00:00,2023-12-14,19,28,28,0.0,0.0,0,28,0,184.73148,True,False,False,100.0,0.0,0.0,0.0,0.0
2023-12-15 06:00:00,2023-12-15,6,28,28,0.0,0.0,0,28,0,184.73148,True,False,False,100.0,0.0,0.0,0.0,0.0
2023-12-15 07:00:00,2023-12-15,7,28,28,4.0600000000000005,2.5925695445492636,0,12,2,184.73148,False,True,False,42.857142857142854,4.06,2.1254,8.881784197001252e-16,0.4671695445492636
2023-12-15 18:00:00,2023-12-15,18,29,29,4.07,0.0,0,29,3,199.73148,True,True,True,100.0,4.07,0.0,0.0,0.0
2023-12-15 19:00:00,2023-12-15,19,29,29,0.0,0.0,0,29,0,199.73148,True,False,False,100.0,0.0,0.0,0.0,0.0
2023-12-16 06:00:00,2023-12-16,6,29,29,0.0,0.0,0,29,0,199.73148,True,False,False,100.0,0.0,0.0,0.0,0.0
2023-12-16 07:00:00,2023-12-16,7,29,29,4.07,3.0685004602764687,0,3,3,199.73148,False,True,False,10.344827586206897,4.07,2.6067,0.0,0.4618004602764687
2023-12-16 18:00:00,2023-12-16,18,29,29,4.0600000000000005,0.0,0,29,2,199.73148,True,True,True,100.0,4.06,0.0,8.881784197001252e-16,0.0
2023-12-16 19:00:00,2023-12-16,19,29,29,0.0,0.0,0,29,0,199.73148,True,False,False,100.0,0.0,0.0,0.0,0.0
2023-12-17 06:00:00,2023-12-17,6,29,29,0.0,0.0,0,29,0,199.73148,True,False,False,100.0,0.0,0.0,0.0,0.0
2023-12-17 07:00:00,2023-12-17,7,29,29,0.52,2.941866629574031,0,3,1,199.73148,False,True,False,10.344827586206897,0.52,2.5167,0.0,0.4251666295740306
2023-12-17 18:00:00,2023-12-17,18,29,29,0.52,0.0,0,29,1,199.73148,True,True,True,100.0,0.52,0.0,0.0,0.0
2023-12-17 19:00:00,2023-12-17,19,29,29,0.0,0.0,0,29,0,199.73148,True,False,False,100.0,0.0,0.0,0.0,0.0
2023-12-18 06:00:00,2023-12-18,6,29,29,0.0,0.0,0,29,0,199.73148,True,False,False,100.0,0.0,0.0,0.0,0.0
2023-12-18 07:00:00,2023-12-18,7,29,29,0.52,2.345710105541451,0,16,1,199.73148,False,True,False,55.172413793103445,0.52,1.9029,0.0,0.44281010554145106
2023-12-18 18:00:00,2023-12-18,18,29,29,0.53,0.0,0,29,2,199.73148,True,True,True,100.0,0.53,0.0,0.0,0.0
2023-12-18 19:00:00,2023-12-18,19,29,29,0.0,0.0,0,29,0,199.73148,True,False,False,100.0,0.0,0.0,0.0,0.0
2023-12-19 06:00:00,2023-12-19,6,29,29,0.0,0.0,0,29,0,199.73148,True,False,False,100.0,0.0,0.0,0.0,0.0
2023-12-19 07:00:00,2023-12-19,7,29,29,0.53,2.7574117491488455,0,7,2,199.73148,False,True,False,24.137931034482758,0.53,2.284,0.0,0.47341174914884565
2023-12-19 18:00:00,2023-12-19,18,29,29,2.1599999999999997,0.0,0,29,3,199.73148,True,True,True,100.0,2.16,0.0,-4.440892098500626e-16,0.0
2023-12-19 19:00:00,2023-12-19,19,29,29,0.0,0.0,0,29,0,199.73148,True,False,False,100.0,0.0,0.0,0.0,0.0
2023-12-20 06:00:00,2023-12-20,6,29,29,0.0,0.0,0,29,0,199.73148,True,False,False,100.0,0.0,0.0,0.0,0.0
2023-12-20 07:00:00,2023-12-20,7,29,29,2.15,2.8002264809522845,0,4,3,199.73148,False,True,False,13.793103448275861,2.15,2.3747,0.0,0.42552648095228474
2023-12-20 18:00:00,2023-12-20,18,29,29,2.14,0.0,0,29,2,199.73148,True,True,True,100.0,2.14,0.0,0.0,0.0
2023-12-20 19:00:00,2023-12-20,19,29,29,0.0,0.0,0,29,0,199.73148,True,False,False,100.0,0.0,0.0,0.0,0.0
2023-12-21 06:00:00,2023-12-21,6,29,29,0.0,0.0,0,29,0,199.73148,True,False,False,100.0,0.0,0.0,0.0,0.0
2023-12-21 07:00:00,2023-12-21,7,29,29,2.15,3.0817221458320514,0,3,2,199.73148,False,True,False,10.344827586206897,2.15,2.6527000000000003,0.0,0.4290221458320511
2023-12-21 18:00:00,2023-12-21,18,29,29,2.14,0.0,0,29,2,199.73148,True,True,True,100.0,2.14,0.0,0.0,0.0
2023-12-21 19:00:00,2023-12-21,19,29,29,0.0,0.0,0,29,0,199.73148,True,False,False,100.0,0.0,0.0,0.0,0.0
2023-12-22 06:00:00,2023-12-22,6,29,29,0.0,0.0,0,29,0,199.73148,True,False,False,100.0,0.0,0.0,0.0,0.0
2023-12-22 07:00:00,2023-12-22,7,29,29,2.15,2.732724266920328,0,4,2,199.73148,False,True,False,13.793103448275861,2.15,2.3109,0.0,0.42182426692032804
2023-12-22 18:00:00,2023-12-22,18,29,29,2.15,0.0,0,29,3,199.73148,True,True,True,100.0,2.15,0.0,0.0,0.0
2023-12-22 19:00:00,2023-12-22,19,29,29,0.0,0.0,0,29,0,199.73148,True,False,False,100.0,0.0,0.0,0.0,0.0
2023-12-23 06:00:00,2023-12-23,6,29,29,0.0,0.0,0,29,0,199.73148,True,False,False,100.0,0.0,0.0,0.0,0.0
2023-12-23 07:00:00,2023-12-23,7,29,29,2.15,2.8343692607677746,0,4,3,199.73148,False,True,False,13.793103448275861,2.15,2.3883,0.0,0.44606926076777453
2023-12-23 18:00:00,2023-12-23,18,29,29,2.15,0.0,0,29,3,199.73148,True,True,True,100.0,2.15,0.0,0.0,0.0
2023-12-23 19:00:00,2023-12-23,19,29,29,0.0,0.0,0,29,0,199.73148,True,False,False,100.0,0.0,0.0,0.0,0.0
2023-12-24 06:00:00,2023-12-24,6,29,29,0.0,0.0,0,29,0,199.73148,True,False,False,100.0,0.0,0.0,0.0,0.0
2023-12-24 07:00:00,2023-12-24,7,29,29,2.15,2.7072964252501093,0,4,3,199.73148,False,True,False,13.793103448275861,2.15,2.2720000000000002,0.0,0.43529642525010903
2023-12-24 18:00:00,2023-12-24,18,29,29,2.14,0.0,0,29,2,199.73148,True,True,True,100.0,2.14,0.0,0.0,0.0
2023-12-24 19:00:00,2023-12-24,19,29,29,0.0,0.0,0,29,0,199.73148,True,False,False,100.0,0.0,0.0,0.0,0.0
2023-12-25 06:00:00,2023-12-25,6,29,29,0.0,0.0,0,29,0,199.73148,True,False,False,100.0,0.0,0.0,0.0,0.0
2023-12-25 07:00:00,2023-12-25,7,29,29,2.15,2.7786155014475478,0,4,2,199.73148,False,True,False,13.793103448275861,2.15,2.3338,0.0,0.44481550144754767
2023-12-25 18:00:00,2023-12-25,18,29,29,2.15,0.0,0,29,2,199.73148,True,True,True,100.0,2.15,0.0,0.0,0.0
2023-12-25 19:00:00,2023-12-25,19,29,29,0.0,0.0,0,29,0,199.73148,True,False,False,100.0,0.0,0.0,0.0,0.0
2023-12-26 06:00:00,2023-12-26,6,29,29,0.0,0.0,0,29,0,199.73148,True,False,False,100.0,0.0,0.0,0.0,0.0
2023-12-26 07:00:00,2023-12-26,7,29,29,2.14,2.695430877354779,0,5,2,199.73148,False,True,False,17.24137931034483,2.14,2.2226,0.0,0.47283087735477913
2023-12-26 18:00:00,2023-12-26,18,29,29,2.14,0.0,0,29,2,199.73148,True,True,True,100.0,2.14,0.0,0.0,0.0
2023-12-26 19:00:00,2023-12-26,19,29,29,0.0,0.0,0,29,0,199.73148,True,False,False,100.0,0.0,0.0,0.0,0.0
2023-12-27 06:00:00,2023-12-27,6,29,29,0.0,0.0,0,29,0,199.73148,True,False,False,100.0,0.0,0.0,0.0,0.0
2023-12-27 07:00:00,2023-12-27,7,29,29,2.15,2.819192976409025,0,4,2,199.73148,False,True,False,13.793103448275861,2.15,2.3497,0.0,0.469492976409025
2023-12-27 18:00:00,2023-12-27,18,29,29,2.14,0.0,0,29,2,199.73148,True,True,True,100.0,2.14,0.0,0.0,0.0
2023-12-27 19:00:00,2023-12-27,19,29,29,0.0,0.0,0,29,0,199.73148,True,False,False,100.0,0.0,0.0,0.0,0.0
2023-12-28 06:00:00,2023-12-28,6,29,29,0.0,0.0,0,29,0,199.73148,True,False,False,100.0,0.0,0.0,0.0,0.0
2023-12-28 07:00:00,2023-12-28,7,29,29,2.14,2.57398247269947,0,9,2,199.73148,False,True,False,31.03448275862069,2.14,2.1033,0.0,0.47068247269946983
2023-12-28 18:00:00,2023-12-28,18,29,29,2.15,0.0,0,29,2,199.73148,True,True,True,100.0,2.15,0.0,0.0,0.0
2023-12-28 19:00:00,2023-12-28,19,29,29,0.0,0.0,0,29,0,199.73148,True,False,False,100.0,0.0,0.0,0.0,0.0
2023-12-29 06:00:00,2023-12-29,6,29,29,0.0,0.0,0,29,0,199.73148,True,False,False,100.0,0.0,0.0,0.0,0.0
2023-12-29 07:00:00,2023-12-29,7,29,29,2.14,2.7077814862950165,0,8,2,199.73148,False,True,False,27.586206896551722,2.14,2.232,0.0,0.47578148629501626
2023-12-29 18:00:00,2023-12-29,18,29,29,2.15,0.0,0,29,3,199.73148,True,True,True,100.0,2.15,0.0,0.0,0.0
2023-12-29 19:00:00,2023-12-29,19,29,29,0.0,0.0,0,29,0,199.73148,True,False,False,100.0,0.0,0.0,0.0,0.0
2023-12-30 06:00:00,2023-12-30,6,30,30,0.0,0.0,0,30,0,201.93148,True,False,False,100.0,0.0,0.0,0.0,0.0
2023-12-30 07:00:00,2023-12-30,7,30,30,2.15,2.8303796993636747,0,4,3,201.93148,False,True,False,13.333333333333334,2.15,2.3637,0.0,0.4666796993636746
2023-12-30 18:00:00,2023-12-30,18,30,30,2.15,0.0,0,30,3,201.93148,True,True,True,100.0,2.15,0.0,0.0,0.0
2023-12-30 19:00:00,2023-12-30,19,30,30,0.0,0.0,0,30,0,201.93148,True,False,False,100.0,0.0,0.0,0.0,0.0
2023-12-31 06:00:00,2023-12-31,6,30,30,0.0,0.0,0,30,0,201.93148,True,False,False,100.0,0.0,0.0,0.0,0.0
2023-12-31 07:00:00,2023-12-31,7,30,30,2.15,2.7536477827602988,0,4,3,201.93148,False,True,False,13.333333333333334,2.15,2.2854,0.0,0.46824778276029866
2023-12-31 18:00:00,2023-12-31,18,30,30,2.15,0.0,0,30,3,201.93148,True,True,True,100.0,2.15,0.0,0.0,0.0
2023-12-31 19:00:00,2023-12-31,19,30,30,0.0,0.0,0,30,0,201.93148,True,False,False,100.0,0.0,0.0,0.0,0.0
2024-01-01 06:00:00,2024-01-01,6,30,30,0.0,0.0,0,30,0,201.93148,True,False,False,100.0,0.0,0.0,0.0,0.0
2024-01-01 07:00:00,2024-01-01,7,30,30,2.1599999999999997,1.6884480435589981,0,8,3,201.93148,False,True,False,26.666666666666668,2.16,1.4368,-4.440892098500626e-16,0.25164804355899806
2024-01-01 18:00:00,2024-01-01,18,30,30,2.15,0.0,0,30,3,201.93148,True,True,True,100.0,2.15,0.0,0.0,0.0
2024-01-01 19:00:00,2024-01-01,19,30,30,0.0,0.0,0,30,0,201.93148,True,False,False,100.0,0.0,0.0,0.0,0.0
2024-01-02 06:00:00,2024-01-02,6,30,30,0.0,0.0,0,30,0,201.93148,True,False,False,100.0,0.0,0.0,0.0,0.0
2024-01-02 07:00:00,2024-01-02,7,30,30,2.15,1.5477353749054539,0,24,3,201.93148,False,True,False,80.0,2.15,1.2792,0.0,0.268535374905454
2024-01-02 18:00:00,2024-01-02,18,30,30,2.1500000000000004,0.0,0,30,3,201.93148,True,True,True,100.0,2.15,0.0,4.440892098500626e-16,0.0
2024-01-02 19:00:00,2024-01-02,19,30,30,0.0,0.0,0,30,0,201.93148,True,False,False,100.0,0.0,0.0,0.0,0.0
2024-01-03 06:00:00,2024-01-03,6,30,30,0.0,0.0,0,30,0,201.93148,True,False,False,100.0,0.0,0.0,0.0,0.0
2024-01-03 07:00:00,2024-01-03,7,30,30,2.1500000000000004,1.7100166963710337,0,10,3,201.93148,False,True,False,33.33333333333333,2.15,1.4437,4.440892098500626e-16,0.2663166963710337
2024-01-03 18:00:00,2024-01-03,18,30,30,2.14,0.0,0,30,2,201.93148,True,True,True,100.0,2.14,0.0,0.0,0.0
2024-01-03 19:00:00,2024-01-03,19,30,30,0.0,0.0,0,30,0,201.93148,True,False,False,100.0,0.0,0.0,0.0,0.0
2024-01-04 06:00:00,2024-01-04,6,30,30,0.0,0.0,0,30,0,201.93148,True,False,False,100.0,0.0,0.0,0.0,0.0
2024-01-04 07:00:00,2024-01-04,7,30,30,2.14,1.7536796193259006,0,7,2,201.93148,False,True,False,23.333333333333332,2.14,1.4828000000000001,0.0,0.27087961932590043
2024-01-04 18:00:00,2024-01-04,18,30,30,2.48,0.0,0,30,2,201.93148,True,True,True,100.0,2.48,0.0,0.0,0.0
2024-01-04 19:00:00,2024-01-04,19,30,30,0.0,0.0,0,30,0,201.93148,True,False,False,100.0,0.0,0.0,0.0,0.0
2024-01-05 06:00:00,2024-01-05,6,30,30,0.0,0.0,0,30,0,201.93148,True,False,False,100.0,0.0,0.0,0.0,0.0
2024-01-05 07:00:00,2024-01-05,7,30,30,1.62,1.675418941105776,0,10,1,201.93148,False,True,False,33.33333333333333,1.62,1.4039000000000001,0.0,0.2715189411057759
2024-01-05 18:00:00,2024-01-05,18,30,30,1.6400000000000001,0.0,0,30,3,201.93148,True,True,True,100.0,1.6400000000000001,0.0,0.0,0.0
2024-01-05 19:00:00,2024-01-05,19,30,30,0.0,0.0,0,30,0,201.93148,True,False,False,100.0,0.0,0.0,0.0,0.0
2024-01-06 06:00:00,2024-01-06,6,30,30,0.0,0.0,0,30,0,201.93148,True,False,False,100.0,0.0,0.0,0.0,0.0
2024-01-06 07:00:00,2024-01-06,7,30,30,1.6400000000000001,1.6576654901421453,0,11,3,201.93148,False,True,False,36.666666666666664,1.6400000000000001,1.3895,0.0,0.2681654901421453
2024-01-06 18:00:00,2024-01-06,18,30,30,1.63,0.0,0,30,1,201.93148,True,True,True,100.0,1.63,0.0,0.0,0.0
2024-01-06 19:00:00,2024-01-06,19,30,30,0.0,0.0,0,30,0,201.93148,True,False,False,100.0,0.0,0.0,0.0,0.0
2024-01-07 06:00:00,2024-01-07,6,30,30,0.0,0.0,0,30,0,201.93148,True,False,False,100.0,0.0,0.0,0.0,0.0
2024-01-07 07:00:00,2024-01-07,7,30,30,1.62,1.596396355738281,0,11,1,201.93148,False,True,False,36.666666666666664,1.62,1.3488,0.0,0.24759635573828098
2024-01-07 18:00:00,2024-01-07,18,30,30,1.6400000000000001,0.0,0,30,3,201.93148,True,True,True,100.0,1.6400000000000001,0.0,0.0,0.0
2024-01-07 19:00:00,2024-01-07,19,30,30,0.0,0.0,0,30,0,201.93148,True,False,False,100.0,0.0,0.0,0.0,0.0
2024-01-08 06:00:00,2024-01-08,6,30,30,0.0,0.0,0,30,0,201.93148,True,False,False,100.0,0.0,0.0,0.0,0.0
2024-01-08 07:00:00,2024-01-08,7,30,30,1.6400000000000001,1.648602293072709,0,11,3,201.93148,False,True,False,36.666666666666664,1.6400000000000001,1.3820999999999999,0.0,0.266502293072709
2024-01-08 18:00:00,2024-01-08,18,30,30,1.65,0.0,0,30,3,201.93148,True,True,True,100.0,1.65,0.0,0.0,0.0
2024-01-08 19:00:00,2024-01-08,19,30,30,0.0,0.0,0,30,0,201.93148,True,False,False,100.0,0.0,0.0,0.0,0.0
2024-01-09 06:00:00,2024-01-09,6,30,30,0.0,0.0,0,30,0,201.93148,True,False,False,100.0,0.0,0.0,0.0,0.0
2024-01-09 07:00:00,2024-01-09,7,30,30,1.6400000000000001,1.5327182449746846,0,24,3,201.93148,False,True,False,80.0,1.6400000000000001,1.2598,0.0,0.27291824497468453
2024-01-09 18:00:00,2024-01-09,18,30,30,1.6300000000000001,0.0,0,30,2,201.93148,True,True,True,100.0,1.63,0.0,2.220446049250313e-16,0.0
2024-01-09 19:00:00,2024-01-09,19,30,30,0.0,0.0,0,30,0,201.93148,True,False,False,100.0,0.0,0.0,0.0,0.0
2024-01-10 06:00:00,2024-01-10,6,30,30,0.0,0.0,0,30,0,201.93148,True,False,False,100.0,0.0,0.0,0.0,0.0
2024-01-10 07:00:00,2024-01-10,7,30,30,1.6300000000000001,1.7111784308449762,0,10,2,201.93148,False,True,False,33.33333333333333,1.63,1.4604,2.220446049250313e-16,0.2507784308449763
2024-01-10 18:00:00,2024-01-10,18,30,30,2.01,0.0,0,30,3,201.93148,True,True,True,100.0,2.01,0.0,0.0,0.0
2024-01-10 19:00:00,2024-01-10,19,30,30,0.0,0.0,0,30,0,201.93148,True,False,False,100.0,0.0,0.0,0.0,0.0
2024-01-11 06:00:00,2024-01-11,6,30,30,0.0,0.0,0,30,0,201.93148,True,False,False,100.0,0.0,0.0,0.0,0.0
2024-01-11 07:00:00,2024-01-11,7,30,30,1.6300000000000001,1.745198925636206,0,8,2,201.93148,False,True,False,26.666666666666668,1.63,1.4725000000000001,2.220446049250313e-16,0.2726989256362058
2024-01-11 18:00:00,2024-01-11,18,30,30,1.6400000000000001,0.0,0,30,3,201.93148,True,True,True,100.0,1.6400000000000001,0.0,0.0,0.0
2024-01-11 19:00:00,2024-01-11,19,30,30,0.0,0.0,0,30,0,201.93148,True,False,False,100.0,0.0,0.0,0.0,0.0
2024-01-12 06:00:00,2024-01-12,6,30,30,0.0,0.0,0,30,0,201.93148,True,False,False,100.0,0.0,0.0,0.0,0.0
2024-01-12 07:00:00,2024-01-12,7,30,30,1.6400000000000001,1.7409668856490372,0,8,3,201.93148,False,True,False,26.666666666666668,1.6400000000000001,1.4677,0.0,0.27326688564903723
2024-01-12 18:00:00,2024-01-12,18,30,30,1.62,0.0,0,30,1,201.93148,True,True,True,100.0,1.62,0.0,0.0,0.0
2024-01-12 19:00:00,2024-01-12,19,30,30,0.0,0.0,0,30,0,201.93148,True,False,False,100.0,0.0,0.0,0.0,0.0
2024-01-13 06:00:00,2024-01-13,6,30,30,0.0,0.0,0,30,0,201.93148,True,False,False,100.0,0.0,0.0,0.0,0.0
2024-01-13 07:00:00,2024-01-13,7,30,30,1.62,1.7516917503160787,0,7,1,201.93148,False,True,False,23.333333333333332,1.62,1.4784000000000002,0.0,0.27329175031607855
2024-01-13 18:00:00,2024-01-13,18,30,30,1.62,0.0,0,30,1,201.93148,True,True,True,100.0,1.62,0.0,0.0,0.0
2024-01-13 19:00:00,2024-01-13,19,30,30,0.0,0.0,0,30,0,201.93148,True,False,False,100.0,0.0,0.0,0.0,0.0
2024-01-14 06:00:00,2024-01-14,6,30,30,0.0,0.0,0,30,0,201.93148,True,False,False,100.0,0.0,0.0,0.0,0.0
2024-01-14 07:00:00,2024-01-14,7,30,30,1.62,1.5402075873813756,0,22,1,201.93148,False,True,False,73.33333333333333,1.62,1.2776,0.0,0.2626075873813756
2024-01-14 18:00:00,2024-01-14,18,30,30,1.62,0.0,0,30,1,201.93148,True,True,True,100.0,1.62,0.0,0.0,0.0
2024-01-14 19:00:00,2024-01-14,19,30,30,0.0,0.0,0,30,0,201.93148,True,False,False,100.0,0.0,0.0,0.0,0.0
2024-01-15 06:00:00,2024-01-15,6,30,30,0.0,0.0,0,30,0,201.93148,True,False,False,100.0,0.0,0.0,0.0,0.0
2024-01-15 07:00:00,2024-01-15,7,30,30,1.62,1.7821920293353382,0,4,1,201.93148,False,True,False,13.333333333333334,1.62,1.5249000000000001,0.0,0.257292029335338
2024-01-15 18:00:00,2024-01-15,18,30,30,1.64,0.0,0,30,2,201.93148,True,True,True,100.0,1.6400000000000001,0.0,-2.220446049250313e-16,0.0
2024-01-15 19:00:00,2024-01-15,19,30,30,0.0,0.0,0,30,0,201.93148,True,False,False,100.0,0.0,0.0,0.0,0.0
2024-01-16 06:00:00,2024-01-16,6,30,30,0.0,0.0,0,30,0,201.93148,True,False,False,100.0,0.0,0.0,0.0,0.0
2024-01-16 07:00:00,2024-01-16,7,30,30,1.63,1.545720319204373,0,24,1,201.93148,False,True,False,80.0,1.63,1.2693,0.0,0.2764203192043728
2024-01-16 18:00:00,2024-01-16,18,30,30,1.62,0.0,0,30,1,201.93148,True,True,True,100.0,1.62,0.0,0.0,0.0
2024-01-16 19:00:00,2024-01-16,19,30,30,0.0,0.0,0,30,0,201.93148,True,False,False,100.0,0.0,0.0,0.0,0.0
2024-01-17 06:00:00,2024-01-17,6,30,30,0.0,0.0,0,30,0,201.93148,True,False,False,100.0,0.0,0.0,0.0,0.0
2024-01-17 07:00:00,2024-01-17,7,30,30,1.62,1.5647973631967789,0,24,1,201.93148,False,True,False,80.0,1.62,1.2884,0.0,0.2763973631967789
2024-01-17 18:00:00,2024-01-17,18,30,30,1.6300000000000001,0.0,0,30,2,201.93148,True,True,True,100.0,1.63,0.0,2.220446049250313e-16,0.0
2024-01-17 19:00:00,2024-01-17,19,30,30,0.0,0.0,0,30,0,201.93148,True,False,False,100.0,0.0,0.0,0.0,0.0
2024-01-18 06:00:00,2024-01-18,6,30,30,0.0,0.0,0,30,0,201.93148,True,False,False,100.0,0.0,0.0,0.0,0.0
2024-01-18 07:00:00,2024-01-18,7,30,30,1.62,1.5443361211201743,0,25,1,201.93148,False,True,False,83.33333333333334,1.62,1.2683,0.0,0.2760361211201743
2024-01-18 18:00:00,2024-01-18,18,30,30,1.62,0.0,0,30,1,201.93148,True,True,True,100.0,1.62,0.0,0.0,0.0
2024-01-18 19:00:00,2024-01-18,19,30,30,0.0,0.0,0,30,0,201.93148,True,False,False,100.0,0.0,0.0,0.0,0.0
2024-01-19 06:00:00,2024-01-19,6,30,30,0.0,0.0,0,30,0,201.93148,True,False,False,100.0,0.0,0.0,0.0,0.0
2024-01-19 07:00:00,2024-01-19,7,30,30,1.63,1.5328919849076779,0,25,1,201.93148,False,True,False,83.33333333333334,1.63,1.2543,0.0,0.2785919849076779
2024-01-19 18:00:00,2024-01-19,18,30,30,0.0,0.0,0,30,0,201.93148,True,False,False,100.0,0.0,0.0,0.0,0.0
2024-01-19 19:00:00,2024-01-19,19,30,30,0.0,0.0,0,30,0,201.93148,True,False,False,100.0,0.0,0.0,0.0,0.0
2024-01-20 06:00:00,2024-01-20,6,30,30,0.0,0.0,0,30,0,201.93148,True,False,False,100.0,0.0,0.0,0.0,0.0
2024-01-20 07:00:00,2024-01-20,7,30,30,0.0,1.5434792139380524,0,24,0,201.93148,False,False,False,80.0,0.0,1.2687,0.0,0.2747792139380525
2024-01-20 18:00:00,2024-01-20,18,30,30,0.0,0.0,0,30,0,201.93148,True,False,False,100.0,0.0,0.0,0.0,0.0
2024-01-20 19:00:00,2024-01-20,19,30,30,0.0,0.0,0,30,0,201.93148,True,False,False,100.0,0.0,0.0,0.0,0.0
2024-01-21 06:00:00,2024-01-21,6,30,30,0.0,0.0,0,30,0,201.93148,True,False,False,100.0,0.0,0.0,0.0,0.0
2024-01-21 07:00:00,2024-01-21,7,30,30,0.0,1.5599657983881796,0,19,0,201.93148,False,False,False,63.33333333333333,0.0,1.2866,0.0,0.27336579838817965
2024-01-21 18:00:00,2024-01-21,18,30,30,0.0,0.0,0,30,0,201.93148,True,False,False,100.0,0.0,0.0,0.0,0.0
2024-01-21 19:00:00,2024-01-21,19,30,30,0.0,0.0,0,30,0,201.93148,True,False,False,100.0,0.0,0.0,0.0,0.0
2024-01-22 06:00:00,2024-01-22,6,30,30,0.0,0.0,0,30,0,201.93148,True,False,False,100.0,0.0,0.0,0.0,0.0
2024-01-22 07:00:00,2024-01-22,7,30,30,0.0,1.5233307300541727,0,7,0,201.93148,False,False,False,23.333333333333332,0.0,1.2899,0.0,0.2334307300541727
2024-01-22 18:00:00,2024-01-22,18,30,30,0.0,0.0,0,30,0,201.93148,True,False,False,100.0,0.0,0.0,0.0,0.0
2024-01-22 19:00:00,2024-01-22,19,30,30,0.0,0.0,0,30,0,201.93148,True,False,False,100.0,0.0,0.0,0.0,0.0
2024-01-23 06:00:00,2024-01-23,6,30,30,0.0,0.0,0,30,0,201.93148,True,False,False,100.0,0.0,0.0,0.0,0.0
2024-01-23 07:00:00,2024-01-23,7,30,30,0.0,1.3487242047911936,0,11,0,201.93148,False,False,False,36.666666666666664,0.0,1.1295,0.0,0.21922420479119364
2024-01-23 18:00:00,2024-01-23,18,30,30,0.0,0.0,0,30,0,201.93148,True,False,False,100.0,0.0,0.0,0.0,0.0
2024-01-23 19:00:00,2024-01-23,19,30,30,0.0,0.0,0,30,0,201.93148,True,False,False,100.0,0.0,0.0,0.0,0.0
2024-01-24 06:00:00,2024-01-24,6,30,30,0.0,0.0,0,30,0,201.93148,True,False,False,100.0,0.0,0.0,0.0,0.0
2024-01-24 07:00:00,2024-01-24,7,30,30,0.0,1.6105556390549143,0,9,0,201.93148,False,False,False,30.0,0.0,1.3706,0.0,0.23995563905491424
2024-01-24 18:00:00,2024-01-24,18,30,30,0.0,0.0,0,30,0,201.93148,True,False,False,100.0,0.0,0.0,0.0,0.0
2024-01-24 19:00:00,2024-01-24,19,30,30,0.0,0.0,0,30,0,201.93148,True,False,False,100.0,0.0,0.0,0.0,0.0
2024-01-25 06:00:00,2024-01-25,6,30,30,0.0,0.0,0,30,0,201.93148,True,False,False,100.0,0.0,0.0,0.0,0.0
2024-01-25 07:00:00,2024-01-25,7,30,30,0.0,1.784015076745288,0,5,0,201.93148,False,False,False,16.666666666666664,0.0,1.5383,0.0,0.24571507674528803
2024-01-25 18:00:00,2024-01-25,18,30,30,4.13,0.0,0,30,2,201.93148,True,True,True,100.0,4.13,0.0,0.0,0.0
2024-01-25 19:00:00,2024-01-25,19,30,30,0.0,0.0,0,30,0,201.93148,True,False,False,100.0,0.0,0.0,0.0,0.0
2024-01-26 06:00:00,2024-01-26,6,30,30,0.0,0.0,0,30,0,201.93148,True,False,False,100.0,0.0,0.0,0.0,0.0
2024-01-26 07:00:00,2024-01-26,7,30,30,4.13,1.788140481539079,0,5,2,201.93148,False,True,False,16.666666666666664,4.13,1.5319,0.0,0.25624048153907886
2024-01-26 18:00:00,2024-01-26,18,30,30,1.62,0.0,0,30,1,201.93148,True,True,True,100.0,1.62,0.0,0.0,0.0
2024-01-26 19:00:00,2024-01-26,19,30,30,0.0,0.0,0,30,0,201.93148,True,False,False,100.0,0.0,0.0,0.0,0.0
2024-01-27 06:00:00,2024-01-27,6,30,30,0.0,0.0,0,30,0,201.93148,True,False,False,100.0,0.0,0.0,0.0,0.0
2024-01-27 07:00:00,2024-01-27,7,30,30,1.62,1.7405413565798236,0,7,1,201.93148,False,True,False,23.333333333333332,1.62,1.4833,0.0,0.2572413565798235
2024-01-27 18:00:00,2024-01-27,18,30,30,1.62,0.0,0,30,1,201.93148,True,True,True,100.0,1.62,0.0,0.0,0.0
2024-01-27 19:00:00,2024-01-27,19,30,30,0.0,0.0,0,30,0,201.93148,True,False,False,100.0,0.0,0.0,0.0,0.0
2024-01-28 06:00:00,2024-01-28,6,30,30,0.0,0.0,0,30,0,201.93148,True,False,False,100.0,0.0,0.0,0.0,0.0
2024-01-28 07:00:00,2024-01-28,7,30,30,1.62,1.7462031989133182,0,6,1,201.93148,False,True,False,20.0,1.62,1.4897,0.0,0.2565031989133182
2024-01-28 18:00:00,2024-01-28,18,30,30,2.87,0.0,0,30,4,201.93148,True,True,True,100.0,2.87,0.0,0.0,0.0
2024-01-28 19:00:00,2024-01-28,19,30,30,0.0,0.0,0,30,0,201.93148,True,False,False,100.0,0.0,0.0,0.0,0.0
2024-01-29 06:00:00,2024-01-29,6,30,30,0.0,0.0,0,30,0,201.93148,True,False,False,100.0,0.0,0.0,0.0,0.0
2024-01-29 07:00:00,2024-01-29,7,30,30,2.87,1.9100170721170011,0,2,3,201.93148,False,True,False,6.666666666666667,2.87,1.6398000000000001,0.0,0.27021707211700097
2024-01-29 18:00:00,2024-01-29,18,30,30,1.6500000000000001,0.0,0,30,4,201.93148,True,True,True,100.0,1.65,0.0,2.220446049250313e-16,0.0
2024-01-29 19:00:00,2024-01-29,19,30,30,0.0,0.0,0,30,0,201.93148,True,False,False,100.0,0.0,0.0,0.0,0.0
2024-01-30 06:00:00,2024-01-30,6,30,30,0.0,0.0,0,30,0,201.93148,True,False,False,100.0,0.0,0.0,0.0,0.0
2024-01-30 07:00:00,2024-01-30,7,30,30,1.6500000000000001,1.5102950813223437,0,24,4,201.93148,False,True,False,80.0,1.65,1.2463,2.220446049250313e-16,0.2639950813223437
2024-01-30 18:00:00,2024-01-30,18,30,30,1.6400000000000001,0.0,0,30,3,201.93148,True,True,True,100.0,1.6400000000000001,0.0,0.0,0.0
2024-01-30 19:00:00,2024-01-30,19,30,30,0.0,0.0,0,30,0,201.93148,True,False,False,100.0,0.0,0.0,0.0,0.0
2024-01-31 06:00:00,2024-01-31,6,30,30,0.0,0.0,0,30,0,201.93148,True,False,False,100.0,0.0,0.0,0.0,0.0
2024-01-31 07:00:00,2024-01-31,7,30,30,1.6300000000000001,1.46040193509846,0,25,2,201.93148,False,True,False,83.33333333333334,1.63,1.1998,2.220446049250313e-16,0.2606019350984601
2024-01-31 18:00:00,2024-01-31,18,30,30,1.62,0.0,0,30,1,201.93148,True,True,True,100.0,1.62,0.0,0.0,0.0
2024-01-31 19:00:00,2024-01-31,19,30,30,0.0,0.0,0,30,0,201.93148,True,False,False,100.0,0.0,0.0,0.0,0.0
2024-02-01 06:00:00,2024-02-01,6,30,30,0.0,0.0,0,30,0,201.93148,True,False,False,100.0,0.0,0.0,0.0,0.0
2024-02-01 07:00:00,2024-02-01,7,30,30,1.62,1.8747108695586334,0,25,1,201.93148,False,True,False,83.33333333333334,1.62,1.5303,0.0,0.3444108695586334
2024-02-01 18:00:00,2024-02-01,18,30,30,1.62,0.0,0,30,1,201.93148,True,True,True,100.0,1.62,0.0,0.0,0.0
2024-02-01 19:00:00,2024-02-01,19,30,30,0.0,0.0,0,30,0,201.93148,True,False,False,100.0,0.0,0.0,0.0,0.0
2024-02-02 06:00:00,2024-02-02,6,30,30,0.0,0.0,0,30,0,201.93148,True,False,False,100.0,0.0,0.0,0.0,0.0
2024-02-02 07:00:00,2024-02-02,7,30,30,1.63,1.930585867134192,0,25,1,201.93148,False,True,False,83.33333333333334,1.63,1.5761,0.0,0.35448586713419195
2024-02-02 18:00:00,2024-02-02,18,30,30,1.62,0.0,0,30,1,201.93148,True,True,True,100.0,1.62,0.0,0.0,0.0
2024-02-02 19:00:00,2024-02-02,19,30,30,0.0,0.0,0,30,0,201.93148,True,False,False,100.0,0.0,0.0,0.0,0.0
2024-02-03 06:00:00,2024-02-03,6,30,30,0.0,0.0,0,30,0,201.93148,True,False,False,100.0,0.0,0.0,0.0,0.0
2024-02-03 07:00:00,2024-02-03,7,30,30,1.62,1.9742850213181036,0,25,1,201.93148,False,True,False,83.33333333333334,1.62,1.6154000000000002,0.0,0.3588850213181034
2024-02-03 18:00:00,2024-02-03,18,30,30,1.6400000000000001,0.0,0,30,3,201.93148,True,True,True,100.0,1.6400000000000001,0.0,0.0,0.0
2024-02-03 19:00:00,2024-02-03,19,30,30,0.0,0.0,0,30,0,201.93148,True,False,False,100.0,0.0,0.0,0.0,0.0
2024-02-04 06:00:00,2024-02-04,6,30,30,0.0,0.0,0,30,0,201.93148,True,False,False,100.0,0.0,0.0,0.0,0.0
2024-02-04 07:00:00,2024-02-04,7,30,30,1.6300000000000001,2.0021549849377345,0,25,2,201.93148,False,True,False,83.33333333333334,1.63,1.6386,2.220446049250313e-16,0.3635549849377344
2024-02-04 18:00:00,2024-02-04,18,30,30,1.6400000000000001,0.0,0,30,3,201.93148,True,True,True,100.0,1.6400000000000001,0.0,0.0,0.0
2024-02-04 19:00:00,2024-02-04,19,30,30,0.0,0.0,0,30,0,201.93148,True,False,False,100.0,0.0,0.0,0.0,0.0
2024-02-05 06:00:00,2024-02-05,6,30,30,0.0,0.0,0,30,0,201.93148,True,False,False,100.0,0.0,0.0,0.0,0.0
2024-02-05 07:00:00,2024-02-05,7,30,30,1.6300000000000001,1.9028716695819643,0,24,2,201.93148,False,True,False,80.0,1.63,1.5605,2.220446049250313e-16,0.3423716695819643
2024-02-05 18:00:00,2024-02-05,18,30,30,1.83,0.0,0,30,3,201.93148,True,True,True,100.0,1.83,0.0,0.0,0.0
2024-02-05 19:00:00,2024-02-05,19,30,30,0.0,0.0,0,30,0,201.93148,True,False,False,100.0,0.0,0.0,0.0,0.0
2024-02-06 06:00:00,2024-02-06,6,30,30,0.0,0.0,0,30,0,201.93148,True,False,False,100.0,0.0,0.0,0.0,0.0
2024-02-06 07:00:00,2024-02-06,7,30,30,1.6300000000000001,2.4171581528763086,0,11,2,201.93148,False,True,False,36.666666666666664,1.63,2.0445,2.220446049250313e-16,0.37265815287630843
2024-02-06 18:00:00,2024-02-06,18,30,30,1.6400000000000001,0.0,0,30,3,201.93148,True,True,True,100.0,1.6400000000000001,0.0,0.0,0.0
2024-02-06 19:00:00,2024-02-06,19,30,30,0.0,0.0,0,30,0,201.93148,True,False,False,100.0,0.0,0.0,0.0,0.0
2024-02-07 06:00:00,2024-02-07,6,30,30,0.0,0.0,0,30,0,201.93148,True,False,False,100.0,0.0,0.0,0.0,0.0
2024-02-07 07:00:00,2024-02-07,7,30,30,1.6300000000000001,2.956894936159765,0,2,2,201.93148,False,True,False,6.666666666666667,1.63,2.5548,2.220446049250313e-16,0.40209493615976477
2024-02-07 18:00:00,2024-02-07,18,30,30,1.6300000000000001,0.0,0,30,2,201.93148,True,True,True,100.0,1.63,0.0,2.220446049250313e-16,0.0
2024-02-07 19:00:00,2024-02-07,19,30,30,0.0,0.0,0,30,0,201.93148,True,False,False,100.0,0.0,0.0,0.0,0.0
2024-02-08 06:00:00,2024-02-08,6,30,30,0.0,0.0,0,30,0,201.93148,True,False,False,100.0,0.0,0.0,0.0,0.0
2024-02-08 07:00:00,2024-02-08,7,30,30,1.62,3.0688855782130586,0,1,1,201.93148,False,True,False,3.3333333333333335,1.62,2.6676,0.0,0.40128557821305844
2024-02-08 18:00:00,2024-02-08,18,30,30,1.6300000000000001,0.0,0,30,2,201.93148,True,True,True,100.0,1.63,0.0,2.220446049250313e-16,0.0
2024-02-08 19:00:00,2024-02-08,19,30,30,0.0,0.0,0,30,0,201.93148,True,False,False,100.0,0.0,0.0,0.0,0.0
2024-02-09 06:00:00,2024-02-09,6,30,30,0.0,0.0,0,30,0,201.93148,True,False,False,100.0,0.0,0.0,0.0,0.0
2024-02-09 07:00:00,2024-02-09,7,30,30,1.7000000000000002,3.9688515745757944,0,1,4,201.93148,False,True,False,3.3333333333333335,1.7000000000000002,3.4836,0.0,0.4852515745757944
2024-02-09 18:00:00,2024-02-09,18,30,30,1.6400000000000001,0.0,0,30,3,201.93148,True,True,True,100.0,1.6400000000000001,0.0,0.0,0.0
2024-02-09 19:00:00,2024-02-09,19,30,30,0.0,0.0,0,30,0,201.93148,True,False,False,100.0,0.0,0.0,0.0,0.0
2024-02-10 06:00:00,2024-02-10,6,30,30,0.0,0.0,0,30,0,201.93148,True,False,False,100.0,0.0,0.0,0.0,0.0
2024-02-10 07:00:00,2024-02-10,7,30,30,1.7000000000000002,3.920772695223831,0,1,7,201.93148,False,True,False,3.3333333333333335,1.7000000000000002,3.4465,0.0,0.474272695223831
2024-02-10 18:00:00,2024-02-10,18,30,30,1.6300000000000001,0.0,0,30,2,201.93148,True,True,True,100.0,1.63,0.0,2.220446049250313e-16,0.0
2024-02-10 19:00:00,2024-02-10,19,30,30,0.0,0.0,0,30,0,201.93148,True,False,False,100.0,0.0,0.0,0.0,0.0
2024-02-11 06:00:00,2024-02-11,6,30,30,0.0,0.0,0,30,0,201.93148,True,False,False,100.0,0.0,0.0,0.0,0.0
2024-02-11 07:00:00,2024-02-11,7,30,30,1.6700000000000002,4.277557531918116,0,0,5,201.93148,False,True,False,0.0,1.67,3.8035,2.220446049250313e-16,0.4740575319181155
2024-02-11 18:00:00,2024-02-11,18,30,30,1.6600000000000001,0.0,0,30,3,201.93148,True,True,True,100.0,1.6600000000000001,0.0,0.0,0.0
2024-02-11 19:00:00,2024-02-11,19,30,30,0.0,0.0,0,30,0,201.93148,True,False,False,100.0,0.0,0.0,0.0,0.0
2024-02-12 06:00:00,2024-02-12,6,30,30,0.0,0.0,0,30,0,201.93148,True,False,False,100.0,0.0,0.0,0.0,0.0
2024-02-12 07:00:00,2024-02-12,7,30,30,1.86,4.370157093147432,0,1,9,201.93148,False,True,False,3.3333333333333335,1.8599999999999999,3.8882,2.220446049250313e-16,0.48195709314743196
2024-02-12 18:00:00,2024-02-12,18,30,30,1.81,0.0,0,30,4,201.93148,True,True,True,100.0,1.81,0.0,0.0,0.0
2024-02-12 19:00:00,2024-02-12,19,30,30,0.0,0.0,0,30,0,201.93148,True,False,False,100.0,0.0,0.0,0.0,0.0
2024-02-13 06:00:00,2024-02-13,6,30,30,0.0,0.0,0,30,0,201.93148,True,False,False,100.0,0.0,0.0,0.0,0.0
2024-02-13 07:00:00,2024-02-13,7,30,30,1.8500000000000003,3.9827776116728533,0,1,10,201.93148,False,True,False,3.3333333333333335,1.85,3.5157,2.220446049250313e-16,0.46707761167285344
2024-02-13 18:00:00,2024-02-13,18,30,30,1.6500000000000001,0.0,0,30,4,201.93148,True,True,True,100.0,1.65,0.0,2.220446049250313e-16,0.0
2024-02-13 19:00:00,2024-02-13,19,30,30,0.0,0.0,0,30,0,201.93148,True,False,False,100.0,0.0,0.0,0.0,0.0
2024-02-14 06:00:00,2024-02-14,6,30,30,0.0,0.0,0,30,0,201.93148,True,False,False,100.0,0.0,0.0,0.0,0.0
2024-02-14 07:00:00,2024-02-14,7,30,30,1.8900000000000001,3.5009202182333254,0,1,9,201.93148,False,True,False,3.3333333333333335,1.8900000000000001,3.0429,0.0,0.4580202182333255
2024-02-14 18:00:00,2024-02-14,18,30,30,1.6400000000000001,0.0,0,30,3,201.93148,True,True,True,100.0,1.6400000000000001,0.0,0.0,0.0
2024-02-14 19:00:00,2024-02-14,19,30,30,0.0,0.0,0,30,0,201.93148,True,False,False,100.0,0.0,0.0,0.0,0.0
2024-02-15 06:00:00,2024-02-15,6,30,30,0.0,0.0,0,30,0,201.93148,True,False,False,100.0,0.0,0.0,0.0,0.0
2024-02-15 07:00:00,2024-02-15,7,30,30,1.6300000000000001,3.5562723538931875,0,1,2,201.93148,False,True,False,3.3333333333333335,1.63,3.1044,2.220446049250313e-16,0.4518723538931875
2024-02-15 18:00:00,2024-02-15,18,30,30,0.01,0.0,0,30,1,201.93148,True,True,True,100.0,0.01,0.0,0.0,0.0
2024-02-15 19:00:00,2024-02-15,19,30,30,0.0,0.0,0,30,0,201.93148,True,False,False,100.0,0.0,0.0,0.0,0.0
2024-02-16 06:00:00,2024-02-16,6,30,30,0.0,0.0,0,30,0,201.93148,True,False,False,100.0,0.0,0.0,0.0,0.0
2024-02-16 07:00:00,2024-02-16,7,30,30,1.02,4.335444320570846,0,1,17,201.93148,False,True,False,3.3333333333333335,1.02,3.8487,0.0,0.48674432057084616
2024-02-16 18:00:00,2024-02-16,18,30,30,0.08,0.0,0,30,5,201.93148,True,True,True,100.0,0.08,0.0,0.0,0.0
2024-02-16 19:00:00,2024-02-16,19,30,30,0.0,0.0,0,30,0,201.93148,True,False,False,100.0,0.0,0.0,0.0,0.0
2024-02-17 06:00:00,2024-02-17,6,30,30,0.0,0.0,0,30,0,201.93148,True,False,False,100.0,0.0,0.0,0.0,0.0
2024-02-17 07:00:00,2024-02-17,7,30,30,1.03,4.06359167114915,0,1,20,201.93148,False,True,False,3.3333333333333335,1.03,3.5918,0.0,0.4717916711491501
2024-02-17 18:00:00,2024-02-17,18,30,30,0.04,0.0,0,30,3,201.93148,True,True,True,100.0,0.04,0.0,0.0,0.0
2024-02-17 19:00:00,2024-02-17,19,30,30,0.0,0.0,0,30,0,201.93148,True,False,False,100.0,0.0,0.0,0.0,0.0
2024-02-18 06:00:00,2024-02-18,6,30,30,0.0,0.0,0,30,0,201.93148,True,False,False,100.0,0.0,0.0,0.0,0.0
2024-02-18 07:00:00,2024-02-18,7,30,30,0.14,3.0285380724188973,0,6,6,201.93148,False,True,False,20.0,0.14,2.5759,0.0,0.4526380724188974
2024-02-18 18:00:00,2024-02-18,18,30,30,0.01,0.0,0,30,1,201.93148,True,True,True,100.0,0.01,0.0,0.0,0.0
2024-02-18 19:00:00,2024-02-18,19,30,30,0.0,0.0,0,30,0,201.93148,True,False,False,100.0,0.0,0.0,0.0,0.0
2024-02-19 06:00:00,2024-02-19,6,30,30,0.0,0.0,0,30,0,201.93148,True,False,False,100.0,0.0,0.0,0.0,0.0
2024-02-19 07:00:00,2024-02-19,7,30,30,0.01,2.650447669569388,0,4,1,201.93148,False,True,False,13.333333333333334,0.01,2.2075,0.0,0.44294766956938814
2024-02-19 18:00:00,2024-02-19,18,30,30,0.01,0.0,0,30,1,201.93148,True,True,True,100.0,0.01,0.0,0.0,0.0
2024-02-19 19:00:00,2024-02-19,19,30,30,0.0,0.0,0,30,0,201.93148,True,False,False,100.0,0.0,0.0,0.0,0.0
2024-02-20 06:00:00,2024-02-20,6,30,30,0.0,0.0,0,30,0,201.93148,True,False,False,100.0,0.0,0.0,0.0,0.0
2024-02-20 07:00:00,2024-02-20,7,30,30,0.01,2.5997017665044004,0,3,1,201.93148,False,True,False,10.0,0.01,2.1792,0.0,0.42050176650440063
2024-02-20 18:00:00,2024-02-20,18,30,30,0.0,0.0,0,30,0,201.93148,True,False,False,100.0,0.0,0.0,0.0,0.0
2024-02-20 19:00:00,2024-02-20,19,30,30,0.0,0.0,0,30,0,201.93148,True,False,False,100.0,0.0,0.0,0.0,0.0
2024-02-21 06:00:00,2024-02-21,6,30,30,0.0,0.0,0,30,0,201.93148,True,False,False,100.0,0.0,0.0,0.0,0.0
2024-02-21 07:00:00,2024-02-21,7,30,30,0.0,2.4185052057602805,0,3,0,201.93148,False,False,False,10.0,0.0,2.0149,0.0,0.4036052057602806
2024-02-21 18:00:00,2024-02-21,18,30,30,0.02,0.0,0,30,2,201.93148,True,True,True,100.0,0.02,0.0,0.0,0.0
2024-02-21 19:00:00,2024-02-21,19,30,30,0.0,0.0,0,30,0,201.93148,True,False,False,100.0,0.0,0.0,0.0,0.0
2024-02-22 06:00:00,2024-02-22,6,30,30,0.0,0.0,0,30,0,201.93148,True,False,False,100.0,0.0,0.0,0.0,0.0
2024-02-22 07:00:00,2024-02-22,7,30,30,0.01,2.537181220258279,0,3,1,201.93148,False,True,False,10.0,0.01,2.1223,0.0,0.414881220258279
2024-02-22 18:00:00,2024-02-22,18,30,30,0.03,0.0,0,30,3,201.93148,True,True,True,100.0,0.03,0.0,0.0,0.0
2024-02-22 19:00:00,2024-02-22,19,30,30,0.0,0.0,0,30,0,201.93148,True,False,False,100.0,0.0,0.0,0.0,0.0
2024-02-23 06:00:00,2024-02-23,6,30,30,0.0,0.0,0,30,0,201.93148,True,False,False,100.0,0.0,0.0,0.0,0.0
2024-02-23 07:00:00,2024-02-23,7,30,30,0.22,2.8489851953493406,0,2,6,201.93148,False,True,False,6.666666666666667,0.22,2.4153000000000002,0.0,0.43368519534934036
2024-02-23 18:00:00,2024-02-23,18,30,30,0.03,0.0,0,30,3,201.93148,True,True,True,100.0,0.03,0.0,0.0,0.0
2024-02-23 19:00:00,2024-02-23,19,30,30,0.0,0.0,0,30,0,201.93148,True,False,False,100.0,0.0,0.0,0.0,0.0
2024-02-24 06:00:00,2024-02-24,6,30,30,0.0,0.0,0,30,0,201.93148,True,False,False,100.0,0.0,0.0,0.0,0.0
2024-02-24 07:00:00,2024-02-24,7,30,30,0.01,2.5957016890372104,0,3,1,201.93148,False,True,False,10.0,0.01,2.1575,0.0,0.43820168903721024
2024-02-24 18:00:00,2024-02-24,18,30,30,0.02,0.0,0,30,2,201.93148,True,True,True,100.0,0.02,0.0,0.0,0.0
2024-02-24 19:00:00,2024-02-24,19,30,30,0.0,0.0,0,30,0,201.93148,True,False,False,100.0,0.0,0.0,0.0,0.0
2024-02-25 06:00:00,2024-02-25,6,30,30,0.0,0.0,0,30,0,201.93148,True,False,False,100.0,0.0,0.0,0.0,0.0
2024-02-25 07:00:00,2024-02-25,7,30,30,0.06,4.783613475176784,0,1,3,201.93148,False,True,False,3.3333333333333335,0.06,4.2744,0.0,0.5092134751767841
2024-02-25 18:00:00,2024-02-25,18,30,30,0.09,0.0,0,30,4,201.93148,True,True,True,100.0,0.09,0.0,0.0,0.0
2024-02-25 19:00:00,2024-02-25,19,30,30,0.0,0.0,0,30,0,201.93148,True,False,False,100.0,0.0,0.0,0.0,0.0
2024-02-26 06:00:00,2024-02-26,6,30,30,0.0,0.0,0,30,0,201.93148,True,False,False,100.0,0.0,0.0,0.0,0.0
2024-02-26 07:00:00,2024-02-26,7,30,30,2.81,4.786061108694742,0,1,20,201.93148,False,True,False,3.3333333333333335,2.81,4.286,0.0,0.5000611086947426
2024-02-26 18:00:00,2024-02-26,18,30,30,0.22,0.0,0,30,8,201.93148,True,True,True,100.0,0.22,0.0,0.0,0.0
2024-02-26 19:00:00,2024-02-26,19,30,30,0.0,0.0,0,30,0,201.93148,True,False,False,100.0,0.0,0.0,0.0,0.0
2024-02-27 06:00:00,2024-02-27,6,30,30,0.0,0.0,0,30,0,201.93148,True,False,False,100.0,0.0,0.0,0.0,0.0
2024-02-27 07:00:00,2024-02-27,7,30,30,4.55,4.8517025559135885,0,0,22,201.93148,False,True,False,0.0,4.55,4.3452,0.0,0.5065025559135883
2024-02-27 18:00:00,2024-02-27,18,30,30,0.11,0.0,0,30,3,201.93148,True,True,True,100.0,0.11,0.0,0.0,0.0
2024-02-27 19:00:00,2024-02-27,19,30,30,0.0,0.0,0,30,0,201.93148,True,False,False,100.0,0.0,0.0,0.0,0.0
2024-02-28 06:00:00,2024-02-28,6,30,30,0.0,0.0,0,30,0,201.93148,True,False,False,100.0,0.0,0.0,0.0,0.0
2024-02-28 07:00:00,2024-02-28,7,30,30,3.35,3.1697209653054745,0,3,23,201.93148,False,True,False,10.0,3.35,2.6971,0.0,0.4726209653054747
2024-02-28 18:00:00,2024-02-28,18,30,30,0.01,0.0,0,30,1,201.93148,True,True,True,100.0,0.01,0.0,0.0,0.0
2024-02-28 19:00:00,2024-02-28,19,30,30,0.0,0.0,0,30,0,201.93148,True,False,False,100.0,0.0,0.0,0.0,0.0
2024-02-29 06:00:00,2024-02-29,6,30,30,0.0,0.0,0,30,0,201.93148,True,False,False,100.0,0.0,0.0,0.0,0.0
2024-02-29 07:00:00,2024-02-29,7,30,30,0.06,2.9617954329123104,0,2,3,201.93148,False,True,False,6.666666666666667,0.06,2.5195,0.0,0.44229543291231055
2024-02-29 18:00:00,2024-02-29,18,30,30,0.11,0.0,0,30,6,201.93148,True,True,True,100.0,0.11,0.0,0.0,0.0
2024-02-29 19:00:00,2024-02-29,19,30,30,0.0,0.0,0,30,0,201.93148,True,False,False,100.0,0.0,0.0,0.0,0.0
2024-03-01 06:00:00,2024-03-01,6,30,30,0.0,0.0,0,30,0,201.93148,True,False,False,100.0,0.0,0.0,0.0,0.0
2024-03-01 07:00:00,2024-03-01,7,30,30,6.0,9.206630820826593,0,0,23,201.93148,False,True,False,0.0,6.0,8.1646,0.0,1.042030820826593
2024-03-01 18:00:00,2024-03-01,18,31,31,0.31,0.0,0,31,10,207.03148,True,True,True,100.0,0.31,0.0,0.0,0.0
2024-03-01 19:00:00,2024-03-01,19,31,31,0.0,0.0,0,31,0,207.03148,True,False,False,100.0,0.0,0.0,0.0,0.0
2024-03-02 06:00:00,2024-03-02,6,31,31,0.0,0.0,0,31,0,207.03148,True,False,False,100.0,0.0,0.0,0.0,0.0
2024-03-02 07:00:00,2024-03-02,7,31,31,5.82,9.787987639202342,0,0,26,207.03148,False,True,False,0.0,5.82,8.7329,0.0,1.0550876392023412
2024-03-02 18:00:00,2024-03-02,18,31,31,0.32,0.0,0,31,11,207.03148,True,True,True,100.0,0.32,0.0,0.0,0.0
2024-03-02 19:00:00,2024-03-02,19,31,31,0.0,0.0,0,31,0,207.03148,True,False,False,100.0,0.0,0.0,0.0,0.0
2024-03-03 06:00:00,2024-03-03,6,31,31,0.0,0.0,0,31,0,207.03148,True,False,False,100.0,0.0,0.0,0.0,0.0
2024-03-03 07:00:00,2024-03-03,7,31,31,4.97,9.934303645596763,0,0,26,207.03148,False,True,False,0.0,4.97,8.8732,0.0,1.0611036455967628
2024-03-03 18:00:00,2024-03-03,18,31,31,0.33,0.0,0,31,9,207.03148,True,True,True,100.0,0.33,0.0,0.0,0.0
2024-03-03 19:00:00,2024-03-03,19,31,31,0.0,0.0,0,31,0,207.03148,True,False,False,100.0,0.0,0.0,0.0,0.0
2024-03-04 06:00:00,2024-03-04,6,31,31,0.0,0.0,0,31,0,207.03148,True,False,False,100.0,0.0,0.0,0.0,0.0
2024-03-04 07:00:00,2024-03-04,7,31,31,1.63,8.037005577113254,0,0,15,207.03148,False,True,False,0.0,1.63,7.0465,0.0,0.9905055771132538
2024-03-04 18:00:00,2024-03-04,18,31,31,0.01,0.0,0,31,1,207.03148,True,True,True,100.0,0.01,0.0,0.0,0.0
2024-03-04 19:00:00,2024-03-04,19,31,31,0.0,0.0,0,31,0,207.03148,True,False,False,100.0,0.0,0.0,0.0,0.0
2024-03-05 06:00:00,2024-03-05,6,31,31,0.0,0.0,0,31,0,207.03148,True,False,False,100.0,0.0,0.0,0.0,0.0
2024-03-05 07:00:00,2024-03-05,7,31,31,0.0,7.314172926646544,0,0,0,207.03148,False,False,False,0.0,0.0,6.3807,0.0,0.9334729266465436
2024-03-05 18:00:00,2024-03-05,18,31,31,0.17,0.0,0,31,5,207.03148,True,True,True,100.0,0.17,0.0,0.0,0.0
2024-03-05 19:00:00,2024-03-05,19,31,31,0.0,0.0,0,31,0,207.03148,True,False,False,100.0,0.0,0.0,0.0,0.0
2024-03-06 06:00:00,2024-03-06,6,31,31,0.0,0.0,0,31,0,207.03148,True,False,False,100.0,0.0,0.0,0.0,0.0
2024-03-06 07:00:00,2024-03-06,7,31,31,2.19,9.597273190159964,0,0,20,207.03148,False,True,False,0.0,2.19,8.5549,0.0,1.0423731901599638
2024-03-06 18:00:00,2024-03-06,18,31,31,0.54,0.0,0,31,15,207.03148,True,True,True,100.0,0.54,0.0,0.0,0.0
2024-03-06 19:00:00,2024-03-06,19,31,31,0.0,0.0,0,31,0,207.03148,True,False,False,100.0,0.0,0.0,0.0,0.0
2024-03-07 06:00:00,2024-03-07,6,31,31,0.0,0.0,0,31,0,207.03148,True,False,False,100.0,0.0,0.0,0.0,0.0
2024-03-07 07:00:00,2024-03-07,7,31,31,4.87,9.839570001894135,0,0,27,207.03148,False,True,False,0.0,4.87,8.7906,0.0,1.0489700018941353
2024-03-07 18:00:00,2024-03-07,18,31,31,0.61,0.0,0,31,12,207.03148,True,True,True,100.0,0.61,0.0,0.0,0.0
2024-03-07 19:00:00,2024-03-07,19,31,31,0.0,0.0,0,31,0,207.03148,True,False,False,100.0,0.0,0.0,0.0,0.0
2024-03-08 06:00:00,2024-03-08,6,31,31,0.0,0.0,0,31,0,207.03148,True,False,False,100.0,0.0,0.0,0.0,0.0
2024-03-08 07:00:00,2024-03-08,7,31,31,5.08,11.357817184171573,0,0,29,207.03148,False,True,False,0.0,5.08,10.2624,0.0,1.0954171841715734
2024-03-08 18:00:00,2024-03-08,18,31,31,0.91,0.0,0,31,20,207.03148,True,True,True,100.0,0.91,0.0,0.0,0.0
2024-03-08 19:00:00,2024-03-08,19,31,31,0.0,0.0,0,31,0,207.03148,True,False,False,100.0,0.0,0.0,0.0,0.0
2024-03-09 06:00:00,2024-03-09,6,31,31,0.0,0.0,0,31,0,207.03148,True,False,False,100.0,0.0,0.0,0.0,0.0
2024-03-09 07:00:00,2024-03-09,7,31,31,10.0,11.628945993620299,0,0,29,207.03148,False,True,False,0.0,10.0,10.5172,0.0,1.111745993620298
2024-03-09 18:00:00,2024-03-09,18,31,31,0.78,0.0,0,31,18,207.03148,True,True,True,100.0,0.78,0.0,0.0,0.0
2024-03-09 19:00:00,2024-03-09,19,31,31,0.0,0.0,0,31,0,207.03148,True,False,False,100.0,0.0,0.0,0.0,0.0
2024-03-10 06:00:00,2024-03-10,6,31,31,0.0,0.0,0,31,0,207.03148,True,False,False,100.0,0.0,0.0,0.0,0.0
2024-03-10 07:00:00,2024-03-10,7,31,31,8.84,11.39805229389248,0,0,29,207.03148,False,True,False,0.0,8.84,10.2657,0.0,1.1323522938924793
2024-03-10 18:00:00,2024-03-10,18,31,31,0.44,0.0,0,31,11,207.03148,True,True,True,100.0,0.44,0.0,0.0,0.0
2024-03-10 19:00:00,2024-03-10,19,31,31,0.0,0.0,0,31,0,207.03148,True,False,False,100.0,0.0,0.0,0.0,0.0
2024-03-11 06:00:00,2024-03-11,6,31,31,0.0,0.0,0,31,0,207.03148,True,False,False,100.0,0.0,0.0,0.0,0.0
2024-03-11 07:00:00,2024-03-11,7,31,31,5.3100000000000005,10.818706306280834,0,0,28,207.03148,False,True,False,0.0,5.31,9.725,8.881784197001252e-16,1.0937063062808345
2024-03-11 18:00:00,2024-03-11,18,31,31,0.8300000000000001,0.0,0,31,19,207.03148,True,True,True,100.0,0.8300000000000001,0.0,0.0,0.0
2024-03-11 19:00:00,2024-03-11,19,31,31,0.0,0.0,0,31,0,207.03148,True,False,False,100.0,0.0,0.0,0.0,0.0
2024-03-12 06:00:00,2024-03-12,6,31,31,0.0,0.0,0,31,0,207.03148,True,False,False,100.0,0.0,0.0,0.0,0.0
2024-03-12 07:00:00,2024-03-12,7,31,31,8.19,12.404561766517695,0,0,29,207.03148,False,True,False,0.0,8.19,11.2577,0.0,1.146861766517695
2024-03-12 18:00:00,2024-03-12,18,31,31,1.03,0.0,0,31,21,207.03148,True,True,True,100.0,1.03,0.0,0.0,0.0
2024-03-12 19:00:00,2024-03-12,19,31,31,0.0,0.0,0,31,0,207.03148,True,False,False,100.0,0.0,0.0,0.0,0.0
2024-03-13 06:00:00,2024-03-13,6,31,31,0.0,0.0,0,31,0,207.03148,True,False,False,100.0,0.0,0.0,0.0,0.0
2024-03-13 07:00:00,2024-03-13,7,31,31,9.86,11.888691537936989,0,0,29,207.03148,False,True,False,0.0,9.86,10.7543,0.0,1.1343915379369882
2024-03-13 18:00:00,2024-03-13,18,31,31,0.51,0.0,0,31,15,207.03148,True,True,True,100.0,0.51,0.0,0.0,0.0
2024-03-13 19:00:00,2024-03-13,19,31,31,0.0,0.0,0,31,0,207.03148,True,False,False,100.0,0.0,0.0,0.0,0.0
2024-03-14 06:00:00,2024-03-14,6,31,31,0.0,0.0,0,31,0,207.03148,True,False,False,100.0,0.0,0.0,0.0,0.0
2024-03-14 07:00:00,2024-03-14,7,31,31,2.4699999999999998,10.949051611854237,0,0,23,207.03148,False,True,False,0.0,2.47,9.8684,-4.440892098500626e-16,1.080651611854238
2024-03-14 18:00:00,2024-03-14,18,31,31,1.73,0.0,0,31,23,207.03148,True,True,True,100.0,1.73,0.0,0.0,0.0
2024-03-14 19:00:00,2024-03-14,19,31,31,0.0,0.0,0,31,0,207.03148,True,False,False,100.0,0.0,0.0,0.0,0.0
2024-03-15 06:00:00,2024-03-15,6,31,31,0.0,0.0,0,31,0,207.03148,True,False,False,100.0,0.0,0.0,0.0,0.0
2024-03-15 07:00:00,2024-03-15,7,31,31,11.5,12.827009536046535,0,0,28,207.03148,False,True,False,0.0,11.5,11.6686,0.0,1.1584095360465358
2024-03-15 18:00:00,2024-03-15,18,31,31,2.07,0.15344442452547966,0,29,22,207.03148,False,True,False,93.54838709677419,2.07,0.19970000000000002,0.0,-0.04625557547452036
2024-03-15 19:00:00,2024-03-15,19,31,31,0.0,0.0,0,31,0,207.03148,True,False,False,100.0,0.0,0.0,0.0,0.0
2024-03-16 06:00:00,2024-03-16,6,31,31,0.0,0.0,0,31,0,207.03148,True,False,False,100.0,0.0,0.0,0.0,0.0
2024-03-16 07:00:00,2024-03-16,7,31,31,2.5700000000000003,12.507784077204356,0,0,26,207.03148,False,True,False,0.0,2.5700000000000003,11.3398,0.0,1.1679840772043555
2024-03-16 18:00:00,2024-03-16,18,31,31,0.67,0.14866243562892228,0,29,16,207.03148,False,True,False,93.54838709677419,0.67,0.1935,0.0,-0.04483756437107772
2024-03-16 19:00:00,2024-03-16,19,31,31,0.0,0.0,0,31,0,207.03148,True,False,False,100.0,0.0,0.0,0.0,0.0
2024-03-17 06:00:00,2024-03-17,6,31,31,0.0,0.0,0,31,0,207.03148,True,False,False,100.0,0.0,0.0,0.0,0.0
2024-03-17 07:00:00,2024-03-17,7,31,31,4.140000000000001,11.583478054070607,0,0,27,207.03148,False,True,False,0.0,4.14,10.4916,8.881784197001252e-16,1.091878054070607
2024-03-17 18:00:00,2024-03-17,18,31,31,1.81,1.5273978300750508,0,15,25,207.03148,False,True,False,48.38709677419355,1.81,1.5852,0.0,-0.05780216992494913
2024-03-17 19:00:00,2024-03-17,19,31,31,0.0,0.0,0,31,0,207.03148,True,False,False,100.0,0.0,0.0,0.0,0.0
2024-03-18 06:00:00,2024-03-18,6,31,31,0.0,0.0,0,31,0,207.03148,True,False,False,100.0,0.0,0.0,0.0,0.0
2024-03-18 07:00:00,2024-03-18,7,31,31,11.6,12.587703755291344,0,0,29,207.03148,False,True,False,0.0,11.6,11.4448,0.0,1.1429037552913428
2024-03-18 18:00:00,2024-03-18,18,31,31,1.12,4.534308430395178,0,8,19,207.03148,False,True,False,25.806451612903224,1.12,4.0623,0.0,0.4720084303951788
2024-03-18 19:00:00,2024-03-18,19,31,31,0.0,0.0,0,31,0,207.03148,True,False,False,100.0,0.0,0.0,0.0,0.0
2024-03-19 06:00:00,2024-03-19,6,31,31,0.0,0.0,0,31,0,207.03148,True,False,False,100.0,0.0,0.0,0.0,0.0
2024-03-19 07:00:00,2024-03-19,7,31,31,10.34,14.02817844622415,0,0,28,207.03148,False,True,False,0.0,10.34,12.8259,0.0,1.202278446224149
2024-03-19 18:00:00,2024-03-19,18,31,31,5.49,5.626636738010228,0,4,26,207.03148,False,True,False,12.903225806451612,5.49,5.0765,0.0,0.5501367380102273
2024-03-19 19:00:00,2024-03-19,19,31,31,0.0,0.0,0,31,0,207.03148,True,False,False,100.0,0.0,0.0,0.0,0.0
2024-03-20 06:00:00,2024-03-20,6,31,31,0.0,0.0,0,31,0,207.03148,True,False,False,100.0,0.0,0.0,0.0,0.0
2024-03-20 07:00:00,2024-03-20,7,31,31,19.18,15.173041712559044,0,0,30,207.03148,False,True,False,0.0,19.18,13.9092,0.0,1.263841712559044
2024-03-20 18:00:00,2024-03-20,18,31,31,2.0,5.608160052597746,0,2,26,207.03148,False,True,False,6.451612903225806,2.0,5.098,0.0,0.5101600525977465
2024-03-20 19:00:00,2024-03-20,19,31,31,0.0,0.0,0,31,0,207.03148,True,False,False,100.0,0.0,0.0,0.0,0.0
2024-03-21 06:00:00,2024-03-21,6,31,31,0.0,0.0,0,31,0,207.03148,True,False,False,100.0,0.0,0.0,0.0,0.0
2024-03-21 07:00:00,2024-03-21,7,31,31,17.73,15.205946570693424,0,0,30,207.03148,False,True,False,0.0,17.73,13.9329,0.0,1.273046570693424
2024-03-21 18:00:00,2024-03-21,18,31,31,1.4,5.717150088492917,0,2,23,207.03148,False,True,False,6.451612903225806,1.4,5.186,0.0,0.5311500884929172
2024-03-21 19:00:00,2024-03-21,19,31,31,0.0,0.0,0,31,0,207.03148,True,False,False,100.0,0.0,0.0,0.0,0.0
2024-03-22 06:00:00,2024-03-22,6,31,31,0.0,0.0,0,31,0,207.03148,True,False,False,100.0,0.0,0.0,0.0,0.0
2024-03-22 07:00:00,2024-03-22,7,31,31,10.27,14.036200806625786,0,0,29,207.03148,False,True,False,0.0,10.27,12.7974,0.0,1.238800806625786
2024-03-22 18:00:00,2024-03-22,18,31,31,2.37,5.505567280728742,0,2,27,207.03148,False,True,False,6.451612903225806,2.37,4.9529,0.0,0.552667280728742
2024-03-22 19:00:00,2024-03-22,19,31,31,0.0,0.0,0,31,0,207.03148,True,False,False,100.0,0.0,0.0,0.0,0.0
2024-03-23 06:00:00,2024-03-23,6,31,31,0.0,0.0,0,31,0,207.03148,True,False,False,100.0,0.0,0.0,0.0,0.0
2024-03-23 07:00:00,2024-03-23,7,31,31,10.879999999999999,11.493585441144987,0,0,29,207.03148,False,True,False,0.0,10.88,10.3966,-1.7763568394002505e-15,1.0969854411449873
2024-03-23 18:00:00,2024-03-23,18,31,31,0.3,2.9821921241978613,0,2,14,207.03148,False,True,False,6.451612903225806,0.30000000000000004,2.8782,-5.551115123125783e-17,0.10399212419786119
2024-03-23 19:00:00,2024-03-23,19,31,31,0.0,0.0,0,31,0,207.03148,True,False,False,100.0,0.0,0.0,0.0,0.0
2024-03-24 06:00:00,2024-03-24,6,31,31,0.0,0.0,0,31,0,207.03148,True,False,False,100.0,0.0,0.0,0.0,0.0
2024-03-24 07:00:00,2024-03-24,7,31,31,3.42,9.625676638790154,0,0,26,207.03148,False,True,False,0.0,3.42,8.6019,0.0,1.023776638790153
2024-03-24 18:00:00,2024-03-24,18,31,31,1.18,5.1305573415913965,0,2,21,207.03148,False,True,False,6.451612903225806,1.18,4.6043,0.0,0.5262573415913963
2024-03-24 19:00:00,2024-03-24,19,31,31,0.0,0.0,0,31,0,207.03148,True,False,False,100.0,0.0,0.0,0.0,0.0
2024-03-25 06:00:00,2024-03-25,6,31,31,0.0,0.0,0,31,0,207.03148,True,False,False,100.0,0.0,0.0,0.0,0.0
2024-03-25 07:00:00,2024-03-25,7,31,31,2.02,8.28651134220537,0,0,24,207.03148,False,True,False,0.0,2.02,7.2849,0.0,1.0016113422053703
2024-03-25 18:00:00,2024-03-25,18,31,31,0.13999999999999999,3.120504633143714,0,2,7,207.03148,False,True,False,6.451612903225806,0.14,3.0154,-2.7755575615628914e-17,0.10510463314371377
2024-03-25 19:00:00,2024-03-25,19,31,31,0.0,0.0,0,31,0,207.03148,True,False,False,100.0,0.0,0.0,0.0,0.0
2024-03-26 06:00:00,2024-03-26,6,31,31,0.0,0.0,0,31,0,207.03148,True,False,False,100.0,0.0,0.0,0.0,0.0
2024-03-26 07:00:00,2024-03-26,7,31,31,19.33,16.450060015351706,0,0,29,207.03148,False,True,False,0.0,19.33,15.1731,0.0,1.2769600153517064
2024-03-26 18:00:00,2024-03-26,18,31,31,2.9699999999999998,5.486721800188929,0,2,27,207.03148,False,True,False,6.451612903225806,2.9699999999999998,4.9432,0.0,0.5435218001889286
2024-03-26 19:00:00,2024-03-26,19,31,31,0.0,0.0,0,31,0,207.03148,True,False,False,100.0,0.0,0.0,0.0,0.0
2024-03-27 06:00:00,2024-03-27,6,31,31,0.0,0.0,0,31,0,207.03148,True,False,False,100.0,0.0,0.0,0.0,0.0
2024-03-27 07:00:00,2024-03-27,7,31,31,4.99,12.710799308636233,0,0,29,207.03148,False,True,False,0.0,4.99,11.580400000000001,0.0,1.1303993086362318
2024-03-27 18:00:00,2024-03-27,18,31,31,0.11,5.14535933674852,0,2,8,207.03148,False,True,False,6.451612903225806,0.11,4.6388,0.0,0.5065593367485199
2024-03-27 19:00:00,2024-03-27,19,31,31,0.0,0.0,0,31,0,207.03148,True,False,False,100.0,0.0,0.0,0.0,0.0
2024-03-28 06:00:00,2024-03-28,6,31,31,0.0,0.0,0,31,0,207.03148,True,False,False,100.0,0.0,0.0,0.0,0.0
2024-03-28 07:00:00,2024-03-28,7,31,31,1.12,11.691700034708711,0,0,19,207.03148,False,True,False,0.0,1.12,10.5874,0.0,1.1043000347087109
2024-03-28 18:00:00,2024-03-28,18,31,31,3.64,6.105752614502505,0,2,26,207.03148,False,True,False,6.451612903225806,3.64,5.6581,0.0,0.4476526145025046
2024-03-28 19:00:00,2024-03-28,19,31,31,0.0,0.0,0,31,0,207.03148,True,False,False,100.0,0.0,0.0,0.0,0.0
2024-03-29 06:00:00,2024-03-29,6,31,31,0.0,0.0,0,31,0,207.03148,True,False,False,100.0,0.0,0.0,0.0,0.0
2024-03-29 07:00:00,2024-03-29,7,31,31,17.36,17.019631747671156,0,0,27,207.03148,False,True,False,0.0,17.36,15.6969,0.0,1.3227317476711562
2024-03-29 18:00:00,2024-03-29,18,31,31,3.44,6.098200162354271,0,2,27,207.03148,False,True,False,6.451612903225806,3.44,5.6395,0.0,0.4587001623542708
2024-03-29 19:00:00,2024-03-29,19,31,31,0.0,0.0,0,31,0,207.03148,True,False,False,100.0,0.0,0.0,0.0,0.0
2024-03-30 06:00:00,2024-03-30,6,31,31,0.0,0.0,0,31,0,207.03148,True,False,False,100.0,0.0,0.0,0.0,0.0
2024-03-30 07:00:00,2024-03-30,7,31,31,13.43,17.025563005650508,0,0,29,207.03148,False,True,False,0.0,13.43,15.6982,0.0,1.3273630056505077
2024-03-30 18:00:00,2024-03-30,18,31,31,2.93,6.286644197972615,0,2,27,207.03148,False,True,False,6.451612903225806,2.93,5.8149,0.0,0.47174419797261535
2024-03-30 19:00:00,2024-03-30,19,31,31,0.0,0.0,0,31,0,207.03148,True,False,False,100.0,0.0,0.0,0.0,0.0
2024-03-31 06:00:00,2024-03-31,6,31,31,0.0,0.0,0,31,0,207.03148,True,False,False,100.0,0.0,0.0,0.0,0.0
2024-03-31 07:00:00,2024-03-31,7,31,31,15.79,17.807744328355803,0,0,30,207.03148,False,True,False,0.0,15.79,16.429,0.0,1.378744328355804
2024-03-31 18:00:00,2024-03-31,18,31,31,3.89,6.875486130779205,0,2,29,207.03148,False,True,False,6.451612903225806,3.89,6.4478,0.0,0.4276861307792048
2024-03-31 19:00:00,2024-03-31,19,31,31,0.0,0.0,0,31,0,207.03148,True,False,False,100.0,0.0,0.0,0.0,0.0
2024-04-01 06:00:00,2024-04-01,6,31,31,0.0,0.0,0,31,0,207.03148,True,False,False,100.0,0.0,0.0,0.0,0.0
2024-04-01 07:00:00,2024-04-01,7,31,31,22.810000000000002,19.575583902809583,0,0,30,207.03148,False,True,False,0.0,22.81,18.0973,3.552713678800501e-15,1.4782839028095829
2024-04-01 18:00:00,2024-04-01,18,31,31,4.0200000000000005,6.194883856258459,0,2,29,207.03148,False,True,False,6.451612903225806,4.02,5.6411,8.881784197001252e-16,0.5537838562584589
2024-04-01 19:00:00,2024-04-01,19,31,31,0.0,0.0,0,31,0,207.03148,True,False,False,100.0,0.0,0.0,0.0,0.0
2024-04-02 06:00:00,2024-04-02,6,31,31,0.0,0.0,0,31,0,207.03148,True,False,False,100.0,0.0,0.0,0.0,0.0
2024-04-02 07:00:00,2024-04-02,7,31,31,7.53,15.09890347137825,0,0,29,207.03148,False,True,False,0.0,7.53,13.7247,0.0,1.3742034713782498
2024-04-02 18:00:00,2024-04-02,18,31,31,0.33,5.022245837039923,0,2,14,207.03148,False,True,False,6.451612903225806,0.33,4.5004,0.0,0.5218458370399235
2024-04-02 19:00:00,2024-04-02,19,31,31,0.0,0.0,0,31,0,207.03148,True,False,False,100.0,0.0,0.0,0.0,0.0
2024-04-03 06:00:00,2024-04-03,6,31,31,0.0,0.6269584899543212,0,25,0,207.03148,False,False,False,80.64516129032258,0.0,0.5655,0.0,0.06145848995432124
2024-04-03 07:00:00,2024-04-03,7,31,31,1.4000000000000001,10.84800750391827,0,0,17,207.03148,False,True,False,0.0,1.4,9.659,2.220446049250313e-16,1.189007503918269
2024-04-03 18:00:00,2024-04-03,18,31,31,5.53,5.768762438597522,0,2,30,207.03148,False,True,False,6.451612903225806,5.53,5.1836,0.0,0.5851624385975214
2024-04-03 19:00:00,2024-04-03,19,31,31,0.0,0.0,0,31,0,207.03148,True,False,False,100.0,0.0,0.0,0.0,0.0
2024-04-04 06:00:00,2024-04-04,6,31,31,0.0,3.0362285886454967,0,4,0,207.03148,False,False,False,12.903225806451612,0.0,2.6846,0.0,0.3516285886454966
2024-04-04 07:00:00,2024-04-04,7,31,31,13.19,15.547042511759866,0,0,28,207.03148,False,True,False,0.0,13.19,14.1242,0.0,1.4228425117598658
2024-04-04 18:00:00,2024-04-04,18,31,31,6.35,5.617547031106907,0,2,29,207.03148,False,True,False,6.451612903225806,6.35,5.0502,0.0,0.5673470311069071
2024-04-04 19:00:00,2024-04-04,19,31,31,0.0,0.0,0,31,0,207.03148,True,False,False,100.0,0.0,0.0,0.0,0.0
2024-04-05 06:00:00,2024-04-05,6,31,31,0.0,3.330423708923866,0,2,0,207.03148,False,False,False,6.451612903225806,0.0,2.9928,0.0,0.33762370892386606
2024-04-05 07:00:00,2024-04-05,7,31,31,22.53,20.2594047906005,0,0,30,207.03148,False,True,False,0.0,22.53,18.7612,0.0,1.4982047906005
2024-04-05 18:00:00,2024-04-05,18,31,31,4.41,5.690177903620327,0,2,28,207.03148,False,True,False,6.451612903225806,4.41,5.1086,0.0,0.5815779036203272
2024-04-05 19:00:00,2024-04-05,19,31,31,0.0,0.0,0,31,0,207.03148,True,False,False,100.0,0.0,0.0,0.0,0.0
2024-04-06 06:00:00,2024-04-06,6,31,31,0.0,3.280843436543972,0,2,0,207.03148,False,False,False,6.451612903225806,0.0,2.9499,0.0,0.33094343654397207
2024-04-06 07:00:00,2024-04-06,7,31,31,13.190000000000001,17.064721764978472,0,0,29,207.03148,False,True,False,0.0,13.19,15.6576,1.7763568394002505e-15,1.4071217649784717
2024-04-06 18:00:00,2024-04-06,18,31,31,5.38,5.974566951763479,0,2,28,207.03148,False,True,False,6.451612903225806,5.38,5.4005,0.0,0.5740669517634789
2024-04-06 19:00:00,2024-04-06,19,31,31,0.0,0.0,0,31,0,207.03148,True,False,False,100.0,0.0,0.0,0.0,0.0
2024-04-07 06:00:00,2024-04-07,6,31,31,0.0,3.28536948108761,0,2,0,207.03148,False,False,False,6.451612903225806,0.0,2.952,0.0,0.33336948108761
2024-04-07 07:00:00,2024-04-07,7,31,31,24.53,18.703173753361337,0,0,29,207.03148,False,True,False,0.0,24.53,17.2034,0.0,1.499773753361339
2024-04-07 18:00:00,2024-04-07,18,31,31,6.0,5.933597792504105,0,2,29,207.03148,False,True,False,6.451612903225806,6.0,5.3547,0.0,0.5788977925041046
2024-04-07 19:00:00,2024-04-07,19,31,31,0.0,0.0,0,31,0,207.03148,True,False,False,100.0,0.0,0.0,0.0,0.0
2024-04-08 06:00:00,2024-04-08,6,31,31,0.0,3.3333266650935585,0,2,0,207.03148,False,False,False,6.451612903225806,0.0,2.995,0.0,0.33832666509355835
2024-04-08 07:00:00,2024-04-08,7,31,31,6.029999999999999,18.930932979341446,0,0,25,207.03148,False,True,False,0.0,6.03,17.4348,-8.881784197001252e-16,1.4961329793414464
2024-04-08 18:00:00,2024-04-08,18,31,31,5.78,9.373967987286928,0,2,29,207.03148,False,True,False,6.451612903225806,5.78,8.9027,0.0,0.47126798728692876
2024-04-08 19:00:00,2024-04-08,19,31,31,0.0,0.0,0,31,0,207.03148,True,False,False,100.0,0.0,0.0,0.0,0.0
2024-04-09 06:00:00,2024-04-09,6,31,31,0.0,3.3888228406647407,0,2,0,207.03148,False,False,False,6.451612903225806,0.0,3.0401,0.0,0.3487228406647409
2024-04-09 07:00:00,2024-04-09,7,31,31,23.23,23.606792605349714,0,0,29,207.03148,False,True,False,0.0,23.23,22.0115,0.0,1.5952926053497123
2024-04-09 18:00:00,2024-04-09,18,31,31,6.0,9.290917157449408,0,2,29,207.03148,False,True,False,6.451612903225806,6.0,8.8188,0.0,0.47211715744940896
2024-04-09 19:00:00,2024-04-09,19,31,31,0.0,0.0,0,31,0,207.03148,True,False,False,100.0,0.0,0.0,0.0,0.0
2024-04-10 06:00:00,2024-04-10,6,31,31,0.0,3.3547409687666696,0,2,0,207.03148,False,False,False,6.451612903225806,0.0,3.0107,0.0,0.3440409687666697
2024-04-10 07:00:00,2024-04-10,7,31,31,23.41,20.81105594660238,0,0,30,207.03148,False,True,False,0.0,23.41,19.2561,0.0,1.5549559466023801
2024-04-10 18:00:00,2024-04-10,18,31,31,3.84,5.664243152482586,0,2,26,207.03148,False,True,False,6.451612903225806,3.84,5.0702,0.0,0.5940431524825858
2024-04-10 19:00:00,2024-04-10,19,31,31,0.0,0.0,0,31,0,207.03148,True,False,False,100.0,0.0,0.0,0.0,0.0
2024-04-11 06:00:00,2024-04-11,6,31,31,0.0,3.3486965897849155,0,2,0,207.03148,False,False,False,6.451612903225806,0.0,3.0045,0.0,0.3441965897849153
2024-04-11 07:00:00,2024-04-11,7,31,31,26.869999999999997,21.51052794776564,0,0,29,207.03148,False,True,False,0.0,26.87,19.9512,-3.552713678800501e-15,1.5593279477656417
2024-04-11 18:00:00,2024-04-11,18,31,31,8.57,7.822887738139077,0,2,29,207.03148,False,True,False,6.451612903225806,8.57,7.2581,0.0,0.5647877381390769
2024-04-11 19:00:00,2024-04-11,19,31,31,0.0,0.0,0,31,0,207.03148,True,False,False,100.0,0.0,0.0,0.0,0.0
2024-04-12 06:00:00,2024-04-12,6,31,31,0.0,3.279519885084029,0,2,0,207.03148,False,False,False,6.451612903225806,0.0,2.9443,0.0,0.33521988508402867
2024-04-12 07:00:00,2024-04-12,7,31,31,28.69,20.32816318038898,0,0,30,207.03148,False,True,False,0.0,28.69,18.8068,0.0,1.521363180388981
2024-04-12 18:00:00,2024-04-12,18,31,31,6.68,8.100101568803089,0,2,29,207.03148,False,True,False,6.451612903225806,6.68,7.554,0.0,0.5461015688030884
2024-04-12 19:00:00,2024-04-12,19,31,31,0.0,0.0,0,31,0,207.03148,True,False,False,100.0,0.0,0.0,0.0,0.0
2024-04-13 06:00:00,2024-04-13,6,31,31,0.0,3.164582459697012,0,2,0,207.03148,False,False,False,6.451612903225806,0.0,2.8429,0.0,0.3216824596970116
2024-04-13 07:00:00,2024-04-13,7,31,31,7.43,15.300524584426805,0,0,28,207.03148,False,True,False,0.0,7.43,13.8828,0.0,1.4177245844268054
2024-04-13 18:00:00,2024-04-13,18,31,31,4.24,5.993592377058046,0,2,21,207.03148,False,True,False,6.451612903225806,4.24,5.3929,0.0,0.6006923770580457
2024-04-13 19:00:00,2024-04-13,19,31,31,0.0,0.0,0,31,0,207.03148,True,False,False,100.0,0.0,0.0,0.0,0.0
2024-04-14 06:00:00,2024-04-14,6,31,31,0.0,3.1251137719718507,0,2,0,207.03148,False,False,False,6.451612903225806,0.0,2.8089,0.0,0.31621377197185074
2024-04-14 07:00:00,2024-04-14,7,31,31,7.25,14.05098118391617,0,0,28,207.03148,False,True,False,0.0,7.25,12.6849,0.0,1.3660811839161688
2024-04-14 18:00:00,2024-04-14,18,31,31,3.8899999999999997,5.184048367051925,0,2,26,207.03148,False,True,False,6.451612903225806,3.89,4.6589,-4.440892098500626e-16,0.5251483670519246
2024-04-14 19:00:00,2024-04-14,19,31,31,0.0,0.0,0,31,0,207.03148,True,False,False,100.0,0.0,0.0,0.0,0.0
2024-04-15 06:00:00,2024-04-15,6,31,31,0.0,3.42857474249535,0,2,0,207.03148,False,False,False,6.451612903225806,0.0,3.0729,0.0,0.3556747424953497
2024-04-15 07:00:00,2024-04-15,7,31,31,16.09,23.482970870519928,0,0,29,207.03148,False,True,False,0.0,16.09,21.8537,0.0,1.6292708705199281
2024-04-15 18:00:00,2024-04-15,18,31,31,7.07,10.14754400844585,0,2,29,207.03148,False,True,False,6.451612903225806,7.07,9.6031,0.0,0.5444440084458506
2024-04-15 19:00:00,2024-04-15,19,31,31,0.0,0.0,0,31,0,207.03148,True,False,False,100.0,0.0,0.0,0.0,0.0
2024-04-16 06:00:00,2024-04-16,6,31,31,0.0,3.5000999774558235,0,2,0,207.03148,False,False,False,6.451612903225806,0.0,3.1314,0.0,0.3686999774558233
2024-04-16 07:00:00,2024-04-16,7,31,31,25.86,28.866491857969116,0,0,28,207.03148,False,True,False,0.0,25.86,27.1288,0.0,1.7376918579691178
2024-04-16 18:00:00,2024-04-16,18,31,31,10.97,10.028280624906449,0,2,29,207.03148,False,True,False,6.451612903225806,10.97,9.5125,0.0,0.5157806249064496
2024-04-16 19:00:00,2024-04-16,19,31,31,0.0,0.0,0,31,0,207.03148,True,False,False,100.0,0.0,0.0,0.0,0.0
2024-04-17 06:00:00,2024-04-17,6,31,31,0.0,3.450916258699404,0,2,0,207.03148,False,False,False,6.451612903225806,0.0,3.0905,0.0,0.36041625869940397
2024-04-17 07:00:00,2024-04-17,7,31,31,27.17,21.498832678969617,0,0,30,207.03148,False,True,False,0.0,27.17,19.9126,0.0,1.5862326789696155
2024-04-17 18:00:00,2024-04-17,18,31,31,11.58,10.069137112049077,0,2,29,207.03148,False,True,False,6.451612903225806,11.58,9.5619,0.0,0.5072371120490775
2024-04-17 19:00:00,2024-04-17,19,31,31,0.0,0.0,0,31,0,207.03148,True,False,False,100.0,0.0,0.0,0.0,0.0
2024-04-18 06:00:00,2024-04-18,6,31,31,0.0,3.612870887777692,0,2,0,207.03148,False,False,False,6.451612903225806,0.0,3.2337,0.0,0.37917088777769203
2024-04-18 07:00:00,2024-04-18,7,31,31,32.15,30.754974630871697,0,0,30,207.03148,False,True,False,0.0,32.15,28.9121,0.0,1.8428746308716981
2024-04-18 18:00:00,2024-04-18,18,31,31,7.39,10.575078497624942,0,2,29,207.03148,False,True,False,6.451612903225806,7.39,10.048,0.0,0.5270784976249416
2024-04-18 19:00:00,2024-04-18,19,31,31,0.0,0.0,0,31,0,207.03148,True,False,False,100.0,0.0,0.0,0.0,0.0
2024-04-19 06:00:00,2024-04-19,6,31,31,0.0,3.5420052679236793,0,2,0,207.03148,False,False,False,6.451612903225806,0.0,3.1704,0.0,0.3716052679236794
2024-04-19 07:00:00,2024-04-19,7,31,31,26.88,27.044649779776215,0,0,29,207.03148,False,True,False,0.0,26.88,25.3368,0.0,1.7078497797762147
2024-04-19 18:00:00,2024-04-19,18,31,31,1.7300000000000002,5.166643276639577,0,2,12,207.03148,False,True,False,6.451612903225806,1.73,4.6298,2.220446049250313e-16,0.5368432766395763
2024-04-19 19:00:00,2024-04-19,19,31,31,0.0,0.0,0,31,0,207.03148,True,False,False,100.0,0.0,0.0,0.0,0.0
2024-04-20 06:00:00,2024-04-20,6,31,31,0.0,3.401183529286561,0,2,0,207.03148,False,False,False,6.451612903225806,0.0,3.0489,0.0,0.3522835292865607
2024-04-20 07:00:00,2024-04-20,7,31,31,8.85,20.72131781329155,0,0,29,207.03148,False,True,False,0.0,8.85,19.1368,0.0,1.5845178132915478
2024-04-20 18:00:00,2024-04-20,18,31,31,8.17,9.946566611870429,0,2,30,207.03148,False,True,False,6.451612903225806,8.17,9.4209,0.0,0.5256666118704292
2024-04-20 19:00:00,2024-04-20,19,31,31,0.0,0.0,0,31,0,207.03148,True,False,False,100.0,0.0,0.0,0.0,0.0
2024-04-21 06:00:00,2024-04-21,6,31,31,0.0,3.48704481848344,0,2,0,207.03148,False,False,False,6.451612903225806,0.0,3.1228,0.0,0.36424481848344037
2024-04-21 07:00:00,2024-04-21,7,31,31,17.57,22.124793361744594,0,0,29,207.03148,False,True,False,0.0,17.57,20.5591,0.0,1.565693361744593
2024-04-21 18:00:00,2024-04-21,18,31,31,9.9,9.835298594484998,0,2,29,207.03148,False,True,False,6.451612903225806,9.9,9.244,0.0,0.5912985944849982
2024-04-21 19:00:00,2024-04-21,19,31,31,0.0,0.0,0,31,0,207.03148,True,False,False,100.0,0.0,0.0,0.0,0.0
2024-04-22 06:00:00,2024-04-22,6,31,31,0.0,3.5670861418990745,0,2,0,207.03148,False,False,False,6.451612903225806,0.0,3.192,0.0,0.3750861418990743
2024-04-22 07:00:00,2024-04-22,7,31,31,24.79,28.916166574965143,0,0,30,207.03148,False,True,False,0.0,24.79,27.1402,0.0,1.7759665749651425
2024-04-22 18:00:00,2024-04-22,18,31,31,8.82,10.093227461630658,0,2,29,207.03148,False,True,False,6.451612903225806,8.82,9.578,0.0,0.5152274616306585
2024-04-22 19:00:00,2024-04-22,19,31,31,0.0,0.0,0,31,0,207.03148,True,False,False,100.0,0.0,0.0,0.0,0.0
2024-04-23 06:00:00,2024-04-23,6,31,31,0.0,3.3690941879495355,0,2,0,207.03148,False,False,False,6.451612903225806,0.0,3.0211,0.0,0.3479941879495354
2024-04-23 07:00:00,2024-04-23,7,31,31,16.48,18.59471403732546,0,0,29,207.03148,False,True,False,0.0,16.48,17.0663,0.0,1.5284140373254615
2024-04-23 18:00:00,2024-04-23,18,31,31,8.32,11.013121114338405,0,2,29,207.03148,False,True,False,6.451612903225806,8.32,10.4902,0.0,0.5229211143384056
2024-04-23 19:00:00,2024-04-23,19,31,31,0.0,0.0,0,31,0,207.03148,True,False,False,100.0,0.0,0.0,0.0,0.0
2024-04-24 06:00:00,2024-04-24,6,31,31,0.0,3.8374236755619675,0,2,0,207.03148,False,False,False,6.451612903225806,0.0,3.4239,0.0,0.41352367556196734
2024-04-24 07:00:00,2024-04-24,7,31,31,36.56,32.16906294657252,0,0,28,207.03148,False,True,False,0.0,36.56,30.2952,0.0,1.8738629465725154
2024-04-24 18:00:00,2024-04-24,18,31,31,8.31,11.55970704967655,0,2,28,207.03148,False,True,False,6.451612903225806,8.31,11.0395,0.0,0.5202070496765501
2024-04-24 19:00:00,2024-04-24,19,31,31,1.52,0.0,0,31,4,207.03148,True,True,True,100.0,1.52,0.0,0.0,0.0
2024-04-25 06:00:00,2024-04-25,6,31,31,8.21,3.9258975496433286,0,2,24,207.03148,False,True,False,6.451612903225806,8.21,3.5022,0.0,0.4236975496433284
2024-04-25 07:00:00,2024-04-25,7,31,31,35.0,31.568234875074424,0,0,27,207.03148,False,True,False,0.0,35.0,29.7119,0.0,1.856334875074424
2024-04-25 18:00:00,2024-04-25,18,31,31,8.55,11.084751273647294,0,2,26,207.03148,False,True,False,6.451612903225806,8.55,10.5622,0.0,0.5225512736472933
2024-04-25 19:00:00,2024-04-25,19,31,31,1.65,0.0,0,31,4,207.03148,True,True,True,100.0,1.65,0.0,0.0,0.0
2024-04-26 06:00:00,2024-04-26,6,31,31,8.32,3.911607635924398,0,2,24,207.03148,False,True,False,6.451612903225806,8.32,3.4838,0.0,0.4278076359243981
2024-04-26 07:00:00,2024-04-26,7,31,31,36.75,30.87343073739046,0,0,28,207.03148,False,True,False,0.0,36.75,29.106,0.0,1.767430737390459
2024-04-26 18:00:00,2024-04-26,18,31,31,8.44,11.350487342552766,0,2,27,207.03148,False,True,False,6.451612903225806,8.44,10.842600000000001,0.0,0.507887342552765
2024-04-26 19:00:00,2024-04-26,19,31,31,1.55,0.0,0,31,4,207.03148,True,True,True,100.0,1.55,0.0,0.0,0.0
2024-04-27 06:00:00,2024-04-27,6,31,31,5.16,3.882630229494805,0,2,20,207.03148,False,True,False,6.451612903225806,5.16,3.459,0.0,0.4236302294948051
2024-04-27 07:00:00,2024-04-27,7,31,31,19.98,30.428741013322455,0,0,28,207.03148,False,True,False,0.0,19.98,28.647100000000002,0.0,1.781641013322453
2024-04-27 18:00:00,2024-04-27,18,31,31,8.82,11.664754759557256,0,2,27,207.03148,False,True,False,6.451612903225806,8.82,11.1275,0.0,0.537254759557257
2024-04-27 19:00:00,2024-04-27,19,31,31,1.57,0.0,0,31,4,207.03148,True,True,True,100.0,1.57,0.0,0.0,0.0
2024-04-28 06:00:00,2024-04-28,6,31,31,4.89,3.4288225687321376,0,2,23,207.03148,False,True,False,6.451612903225806,4.89,3.0726,0.0,0.35622256873213765
2024-04-28 07:00:00,2024-04-28,7,31,31,17.58,17.573158573148497,0,0,28,207.03148,False,True,False,0.0,17.58,16.0785,0.0,1.4946585731484987
2024-04-28 18:00:00,2024-04-28,18,31,31,3.83,5.771322119009555,0,2,22,207.03148,False,True,False,6.451612903225806,3.83,5.1837,0.0,0.5876221190095547
2024-04-28 19:00:00,2024-04-28,19,31,31,1.5,0.0,0,31,2,207.03148,True,True,True,100.0,1.5,0.0,0.0,0.0
2024-04-29 06:00:00,2024-04-29,6,31,31,9.26,3.955444890397754,0,2,25,207.03148,False,True,False,6.451612903225806,9.26,3.5242,0.0,0.43124489039775415
2024-04-29 07:00:00,2024-04-29,7,31,31,36.480000000000004,31.327603374143944,0,0,27,207.03148,False,True,False,0.0,36.48,29.5159,7.105427357601002e-15,1.8117033741439457
2024-04-29 18:00:00,2024-04-29,18,31,31,6.890000000000001,11.72207265641888,0,2,27,207.03148,False,True,False,6.451612903225806,6.89,11.1708,8.881784197001252e-16,0.551272656418881
2024-04-29 19:00:00,2024-04-29,19,31,31,0.06,0.0,0,31,4,207.03148,True,True,True,100.0,0.06,0.0,0.0,0.0
2024-04-30 06:00:00,2024-04-30,6,31,31,1.07,3.530099279784962,0,2,16,207.03148,False,True,False,6.451612903225806,1.07,3.1595,0.0,0.3705992797849622
2024-04-30 07:00:00,2024-04-30,7,31,31,10.67,20.782811804170365,0,0,27,207.03148,False,True,False,0.0,10.67,19.1732,0.0,1.6096118041703633
2024-04-30 18:00:00,2024-04-30,18,31,31,2.89,8.760320809812344,0,2,26,207.03148,False,True,False,6.451612903225806,2.89,8.2135,0.0,0.5468208098123437
2024-04-30 19:00:00,2024-04-30,19,31,31,0.09,0.0,0,31,3,207.03148,True,True,True,100.0,0.09,0.0,0.0,0.0
2024-05-01 06:00:00,2024-05-01,6,31,31,8.58,4.0080546345640835,0,2,24,207.03148,False,True,False,6.451612903225806,8.58,3.5683,0.0,0.4397546345640837
2024-05-01 07:00:00,2024-05-01,7,31,31,34.58,31.07090166821326,0,0,28,207.03148,False,True,False,0.0,34.58,29.0679,0.0,2.0030016682132583
2024-05-01 18:00:00,2024-05-01,18,31,31,7.57,12.643353293012595,0,2,29,207.03148,False,True,False,6.451612903225806,7.57,12.067,0.0,0.5763532930125947
2024-05-01 19:00:00,2024-05-01,19,31,31,0.12,0.0,0,31,4,207.03148,True,True,True,100.0,0.12,0.0,0.0,0.0
2024-05-02 06:00:00,2024-05-02,6,31,31,8.81,4.046687978222393,0,2,26,207.03148,False,True,False,6.451612903225806,8.81,3.6007,0.0,0.44598797822239344
2024-05-02 07:00:00,2024-05-02,7,31,31,40.06,34.15362028959323,0,0,29,207.03148,False,True,False,0.0,40.06,32.0616,0.0,2.092020289593229
2024-05-02 18:00:00,2024-05-02,18,31,31,8.07,12.516588992558003,0,2,29,207.03148,False,True,False,6.451612903225806,8.07,11.9648,0.0,0.5517889925580022
2024-05-02 19:00:00,2024-05-02,19,31,31,0.04,0.0,0,31,3,207.03148,True,True,True,100.0,0.04,0.0,0.0,0.0
2024-05-03 06:00:00,2024-05-03,6,31,31,7.6,3.973247617652645,0,2,26,207.03148,False,True,False,6.451612903225806,7.6,3.5371,0.0,0.43614761765264465
2024-05-03 07:00:00,2024-05-03,7,31,31,34.65,31.197211868258776,0,0,28,207.03148,False,True,False,0.0,34.65,29.2391,0.0,1.9581118682587757
2024-05-03 18:00:00,2024-05-03,18,31,31,7.8100000000000005,11.409389571725175,0,2,29,207.03148,False,True,False,6.451612903225806,7.8100000000000005,10.815,0.0,0.5943895717251753
2024-05-03 19:00:00,2024-05-03,19,31,31,0.09,0.0,0,31,5,207.03148,True,True,True,100.0,0.09,0.0,0.0,0.0
2024-05-04 06:00:00,2024-05-04,6,31,31,8.21,3.735523770512874,0,2,26,207.03148,False,True,False,6.451612903225806,8.21,3.3301,0.0,0.40542377051287426
2024-05-04 07:00:00,2024-05-04,7,31,31,31.29,25.60343548173021,0,0,29,207.03148,False,True,False,0.0,31.29,23.7945,0.0,1.8089354817302095
2024-05-04 18:00:00,2024-05-04,18,31,31,1.42,5.482067780979596,0,2,24,207.03148,False,True,False,6.451612903225806,1.42,4.9069,0.0,0.5751677809795961
2024-05-04 19:00:00,2024-05-04,19,31,31,0.0,0.0,0,31,0,207.03148,True,False,False,100.0,0.0,0.0,0.0,0.0
2024-05-05 06:00:00,2024-05-05,6,31,31,0.33999999999999997,3.3227243511246045,0,2,8,207.03148,False,True,False,6.451612903225806,0.34,2.9818,-5.551115123125783e-17,0.34092435112460473
2024-05-05 07:00:00,2024-05-05,7,31,31,4.6,11.84699643094335,0,0,28,207.03148,False,True,False,0.0,4.6,10.5265,0.0,1.320496430943349
2024-05-05 18:00:00,2024-05-05,18,31,31,7.23,5.631925851365125,0,2,28,207.03148,False,True,False,6.451612903225806,7.23,5.0447,0.0,0.5872258513651252
2024-05-05 19:00:00,2024-05-05,19,31,31,1.53,0.0,0,31,4,207.03148,True,True,True,100.0,1.53,0.0,0.0,0.0
2024-05-06 06:00:00,2024-05-06,6,31,31,5.5,3.8318120940841967,0,2,25,207.03148,False,True,False,6.451612903225806,5.5,3.4162,0.0,0.41561209408419675
2024-05-06 07:00:00,2024-05-06,7,31,31,15.040000000000001,26.993521371279225,0,0,29,207.03148,False,True,False,0.0,15.04,25.0956,1.7763568394002505e-15,1.8979213712792244
2024-05-06 18:00:00,2024-05-06,18,31,31,8.91,11.452130633879237,0,2,29,207.03148,False,True,False,6.451612903225806,8.91,10.8918,0.0,0.5603306338792375
2024-05-06 19:00:00,2024-05-06,19,31,31,0.08,0.0,0,31,4,207.03148,True,True,True,100.0,0.08,0.0,0.0,0.0
2024-05-07 06:00:00,2024-05-07,6,31,31,8.43,6.1711648905846355,0,2,26,207.03148,False,True,False,6.451612903225806,8.43,5.2488,0.0,0.9223648905846353
2024-05-07 07:00:00,2024-05-07,7,31,31,34.74,32.65092988296073,0,0,29,207.03148,False,True,False,0.0,34.74,30.5901,0.0,2.060829882960732
2024-05-07 18:00:00,2024-05-07,18,31,31,6.51,11.238867802671837,0,2,29,207.03148,False,True,False,6.451612903225806,6.51,10.6755,0.0,0.5633678026718378
2024-05-07 19:00:00,2024-05-07,19,31,31,1.22,0.0,0,31,2,207.03148,True,True,True,100.0,1.22,0.0,0.0,0.0
2024-05-08 06:00:00,2024-05-08,6,31,31,11.33,4.223312352983263,0,2,26,207.03148,False,True,False,6.451612903225806,11.33,3.755,0.0,0.4683123529832631
2024-05-08 07:00:00,2024-05-08,7,31,31,43.92,36.214268494558986,0,0,29,207.03148,False,True,False,0.0,43.92,34.169,0.0,2.0452684945589894
2024-05-08 18:00:00,2024-05-08,18,31,31,10.36,13.23320472404929,0,2,29,207.03148,False,True,False,6.451612903225806,10.36,12.6636,0.0,0.5696047240492899
2024-05-08 19:00:00,2024-05-08,19,31,31,1.4200000000000002,0.0,0,31,5,207.03148,True,True,True,100.0,1.42,0.0,2.220446049250313e-16,0.0
2024-05-09 06:00:00,2024-05-09,6,31,31,12.21,6.318346280402463,0,2,26,207.03148,False,True,False,6.451612903225806,12.21,5.3647,0.0,0.953646280402463
2024-05-09 07:00:00,2024-05-09,7,31,31,42.02,32.22012031338555,0,0,28,207.03148,False,True,False,0.0,42.02,30.2466,0.0,1.9735203133855492
2024-05-09 18:00:00,2024-05-09,18,31,31,10.33,13.535217706464021,0,2,28,207.03148,False,True,False,6.451612903225806,10.33,12.9695,0.0,0.5657177064640209
2024-05-09 19:00:00,2024-05-09,19,31,31,1.39,0.0,0,31,5,207.03148,True,True,True,100.0,1.3900000000000001,0.0,-2.220446049250313e-16,0.0
2024-05-10 06:00:00,2024-05-10,6,31,31,11.49,6.523415664441287,0,2,25,207.03148,False,True,False,6.451612903225806,11.49,5.5368,0.0,0.9866156644412865
2024-05-10 07:00:00,2024-05-10,7,31,31,42.18,35.73878261611852,0,0,28,207.03148,False,True,False,0.0,42.18,33.6209,0.0,2.1178826161185214
2024-05-10 18:00:00,2024-05-10,18,31,31,10.08,12.544069844252256,0,2,28,207.03148,False,True,False,6.451612903225806,10.08,11.9629,0.0,0.5811698442522566
2024-05-10 19:00:00,2024-05-10,19,31,31,1.31,0.0,0,31,7,207.03148,True,True,True,100.0,1.31,0.0,0.0,0.0
2024-05-11 06:00:00,2024-05-11,6,31,31,5.38,3.5751327793818266,0,2,22,207.03148,False,True,False,6.451612903225806,5.38,3.1981,0.0,0.37703277938182644
2024-05-11 07:00:00,2024-05-11,7,31,31,6.8100000000000005,14.570996068237214,0,0,20,207.03148,False,True,False,0.0,6.8100000000000005,13.0833,0.0,1.4876960682372147
2024-05-11 18:00:00,2024-05-11,18,31,31,13.260000000000002,13.355638604367236,0,2,27,207.03148,False,True,False,6.451612903225806,13.26,12.7918,1.7763568394002505e-15,0.5638386043672359
2024-05-11 19:00:00,2024-05-11,19,31,31,1.34,0.0,0,31,6,207.03148,True,True,True,100.0,1.34,0.0,0.0,0.0
2024-05-12 06:00:00,2024-05-12,6,31,31,11.86,6.450803602770398,0,2,25,207.03148,False,True,False,6.451612903225806,11.86,5.4809,0.0,0.9699036027703976
2024-05-12 07:00:00,2024-05-12,7,31,31,40.16,36.83912132328707,0,0,28,207.03148,False,True,False,0.0,40.16,34.7,0.0,2.139121323287064
2024-05-12 18:00:00,2024-05-12,18,31,31,10.879999999999999,13.676968598932058,0,2,28,207.03148,False,True,False,6.451612903225806,10.88,13.1314,-1.7763568394002505e-15,0.5455685989320589
2024-05-12 19:00:00,2024-05-12,19,31,31,1.3800000000000001,0.0,0,31,5,207.03148,True,True,True,100.0,1.38,0.0,2.220446049250313e-16,0.0
2024-05-13 06:00:00,2024-05-13,6,31,31,11.51,6.765751034714105,0,2,25,207.03148,False,True,False,6.451612903225806,11.51,5.7403,0.0,1.0254510347141048
2024-05-13 07:00:00,2024-05-13,7,31,31,38.99,37.778931671206514,0,0,27,207.03148,False,True,False,0.0,38.99,35.6128,0.0,2.1661316712065144
2024-05-13 18:00:00,2024-05-13,18,32,32,11.65,13.813195040505429,0,2,29,212.68148,False,True,False,6.25,11.65,13.3069,0.0,0.5062950405054281
2024-05-13 19:00:00,2024-05-13,19,32,32,1.9000000000000001,0.0,0,32,9,212.68148,True,True,True,100.0,1.9,0.0,2.220446049250313e-16,0.0
2024-05-14 06:00:00,2024-05-14,6,32,32,12.01,6.979146326028775,0,2,27,212.68148,False,True,False,6.25,12.01,5.9673,0.0,1.011846326028775
2024-05-14 07:00:00,2024-05-14,7,32,32,39.76,37.96972445471287,0,0,29,212.68148,False,True,False,0.0,39.76,35.9642,0.0,2.0055244547128694
2024-05-14 18:00:00,2024-05-14,18,32,32,10.71,14.055645909267595,0,2,28,212.68148,False,True,False,6.25,10.71,13.5432,0.0,0.5124459092675941
2024-05-14 19:00:00,2024-05-14,19,32,32,1.4100000000000001,0.0,0,32,10,212.68148,True,True,True,100.0,1.4100000000000001,0.0,0.0,0.0
2024-05-15 06:00:00,2024-05-15,6,32,32,4.88,6.44261122038566,0,2,24,212.68148,False,True,False,6.25,4.88,5.5241,0.0,0.9185112203856605
2024-05-15 07:00:00,2024-05-15,7,32,32,15.16,33.39158383114959,0,0,27,212.68148,False,True,False,0.0,15.16,31.4563,0.0,1.9352838311495901
2024-05-15 18:00:00,2024-05-15,18,32,32,12.19,14.519181657608687,0,2,29,212.68148,False,True,False,6.25,12.19,14.038,0.0,0.4811816576086869
2024-05-15 19:00:00,2024-05-15,19,32,32,1.5,0.0,0,32,12,212.68148,True,True,True,100.0,1.5,0.0,0.0,0.0
2024-05-16 06:00:00,2024-05-16,6,32,32,13.35,7.289416712716628,0,2,27,212.68148,False,True,False,6.25,13.35,6.2209,0.0,1.0685167127166277
2024-05-16 07:00:00,2024-05-16,7,32,32,43.01,40.890175489778485,0,0,29,212.68148,False,True,False,0.0,43.01,38.8019,0.0,2.088275489778482
2024-05-16 18:00:00,2024-05-16,18,32,32,12.8,13.261563494087541,0,2,28,212.68148,False,True,False,6.25,12.8,12.7241,0.0,0.5374634940875413
2024-05-16 19:00:00,2024-05-16,19,32,32,1.5099999999999998,0.0,0,32,7,212.68148,True,True,True,100.0,1.51,0.0,-2.220446049250313e-16,0.0
2024-05-17 06:00:00,2024-05-17,6,32,32,7.6899999999999995,6.6723189074557245,0,2,27,212.68148,False,True,False,6.25,7.69,5.7069,-8.881784197001252e-16,0.9654189074557245
2024-05-17 07:00:00,2024-05-17,7,32,32,30.48,34.686298236071096,0,0,29,212.68148,False,True,False,0.0,30.48,32.7293,0.0,1.9569982360710938
2024-05-17 18:00:00,2024-05-17,18,32,32,11.24,12.985005405497107,0,2,28,212.68148,False,True,False,6.25,11.24,12.4435,0.0,0.5415054054971069
2024-05-17 19:00:00,2024-05-17,19,32,32,1.4400000000000002,0.0,0,32,9,212.68148,True,True,True,100.0,1.44,0.0,2.220446049250313e-16,0.0
2024-05-18 06:00:00,2024-05-18,6,32,32,4.5600000000000005,6.564636756952257,0,2,24,212.68148,False,True,False,6.25,4.5600000000000005,5.6119,0.0,0.9527367569522562
2024-05-18 07:00:00,2024-05-18,7,32,32,19.45,30.288994631178966,0,0,29,212.68148,False,True,False,0.0,19.45,28.4353,0.0,1.8536946311789642
2024-05-18 18:00:00,2024-05-18,18,32,32,6.75,12.096376107973214,0,2,28,212.68148,False,True,False,6.25,6.75,11.5591,0.0,0.5372761079732129
2024-05-18 19:00:00,2024-05-18,19,32,32,1.25,0.0,0,32,4,212.68148,True,True,True,100.0,1.25,0.0,0.0,0.0
2024-05-19 06:00:00,2024-05-19,6,32,32,13.06,7.20270111424207,0,2,27,212.68148,False,True,False,6.25,13.06,6.143,0.0,1.0597011142420705
2024-05-19 07:00:00,2024-05-19,7,32,32,45.43,36.96037773140242,0,0,29,212.68148,False,True,False,0.0,45.43,34.9431,0.0,2.017277731402416
2024-05-19 18:00:00,2024-05-19,18,32,32,11.04,13.566838292525008,0,2,29,212.68148,False,True,False,6.25,11.04,13.0559,0.0,0.5109382925250081
2024-05-19 19:00:00,2024-05-19,19,32,32,2.2,0.0,0,32,7,212.68148,True,True,True,100.0,2.2,0.0,0.0,0.0
2024-05-20 06:00:00,2024-05-20,6,32,32,4.47,6.728630546365348,0,2,22,212.68148,False,True,False,6.25,4.47,5.7614,0.0,0.9672305463653483
2024-05-20 07:00:00,2024-05-20,7,32,32,12.83,32.30008401647854,0,0,29,212.68148,False,True,False,0.0,12.83,30.485500000000002,0.0,1.8145840164785412
2024-05-20 18:00:00,2024-05-20,18,32,32,10.26,13.960970076162905,0,2,28,212.68148,False,True,False,6.25,10.26,13.4284,0.0,0.5325700761629051
2024-05-20 19:00:00,2024-05-20,19,32,32,1.8199999999999998,0.0,0,32,16,212.68148,True,True,True,100.0,1.82,0.0,-2.220446049250313e-16,0.0
2024-05-21 06:00:00,2024-05-21,6,32,32,6.11,4.0007765839097,0,2,27,212.68148,False,True,False,6.25,6.11,3.6023,0.0,0.3984765839097002
2024-05-21 07:00:00,2024-05-21,7,32,32,14.92,20.88653001286806,0,0,29,212.68148,False,True,False,0.0,14.92,19.2589,0.0,1.6276300128680603
2024-05-21 18:00:00,2024-05-21,18,32,32,12.129999999999999,12.716795240953962,0,2,28,212.68148,False,True,False,6.25,12.13,12.1824,-1.7763568394002505e-15,0.5343952409539625
2024-05-21 19:00:00,2024-05-21,19,32,32,1.54,0.0,0,32,15,212.68148,True,True,True,100.0,1.54,0.0,0.0,0.0
2024-05-22 06:00:00,2024-05-22,6,32,32,8.64,6.988602978600798,0,2,27,212.68148,False,True,False,6.25,8.64,5.9658,0.0,1.0228029786007982
2024-05-22 07:00:00,2024-05-22,7,32,32,30.55,32.32032760195317,0,0,29,212.68148,False,True,False,0.0,30.55,30.4011,0.0,1.9192276019531676
2024-05-22 18:00:00,2024-05-22,18,32,32,11.959999999999999,14.19555822026862,0,2,29,212.68148,False,True,False,6.25,11.96,13.6859,-1.7763568394002505e-15,0.5096582202686193
2024-05-22 19:00:00,2024-05-22,19,32,32,1.98,0.0,0,32,15,212.68148,True,True,True,100.0,1.98,0.0,0.0,0.0
2024-05-23 06:00:00,2024-05-23,6,32,32,11.64,7.146021047879667,0,2,26,212.68148,False,True,False,6.25,11.64,6.1013,0.0,1.0447210478796665
2024-05-23 07:00:00,2024-05-23,7,32,32,31.42,37.04510345070089,0,0,29,212.68148,False,True,False,0.0,31.42,35.0984,0.0,1.9467034507008947
2024-05-23 18:00:00,2024-05-23,18,32,32,11.93,14.483056137513358,0,2,29,212.68148,False,True,False,6.25,11.93,13.9861,0.0,0.496956137513358
2024-05-23 19:00:00,2024-05-23,19,32,32,1.4500000000000002,0.0,0,32,9,212.68148,True,True,True,100.0,1.45,0.0,2.220446049250313e-16,0.0
2024-05-24 06:00:00,2024-05-24,6,32,32,12.64,7.107157185136543,0,2,26,212.68148,False,True,False,6.25,12.64,6.0696,0.0,1.037557185136543
2024-05-24 07:00:00,2024-05-24,7,32,32,37.480000000000004,36.63277456994551,0,0,29,212.68148,False,True,False,0.0,37.48,34.6652,7.105427357601002e-15,1.967574569945512
2024-05-24 18:00:00,2024-05-24,18,32,32,12.01,14.635248121744917,0,2,29,212.68148,False,True,False,6.25,12.01,14.1147,0.0,0.5205481217449179
2024-05-24 19:00:00,2024-05-24,19,32,32,1.69,0.0,0,32,15,212.68148,True,True,True,100.0,1.69,0.0,0.0,0.0
2024-05-25 06:00:00,2024-05-25,6,32,32,6.35,6.457736285288786,0,2,26,212.68148,False,True,False,6.25,6.35,5.518,0.0,0.9397362852887863
2024-05-25 07:00:00,2024-05-25,7,32,32,17.509999999999998,24.94280819516968,0,0,29,212.68148,False,True,False,0.0,17.51,23.3097,-3.552713678800501e-15,1.6331081951696795
2024-05-25 18:00:00,2024-05-25,18,32,32,11.02,13.84693043891866,0,2,29,212.68148,False,True,False,6.25,11.02,13.3368,0.0,0.5101304389186598
2024-05-25 19:00:00,2024-05-25,19,32,32,1.67,0.0,0,32,10,212.68148,True,True,True,100.0,1.67,0.0,0.0,0.0
2024-05-26 06:00:00,2024-05-26,6,32,32,8.09,6.086122983556852,0,2,26,212.68148,False,True,False,6.25,8.09,5.2015,0.0,0.8846229835568522
2024-05-26 07:00:00,2024-05-26,7,32,32,10.66,22.756627297850084,0,0,25,212.68148,False,True,False,0.0,10.66,21.0917,0.0,1.6649272978500846
2024-05-26 18:00:00,2024-05-26,18,32,32,9.72,11.995754623982268,0,2,29,212.68148,False,True,False,6.25,9.72,11.4734,0.0,0.5223546239822685
2024-05-26 19:00:00,2024-05-26,19,32,32,1.5799999999999998,0.0,0,32,11,212.68148,True,True,True,100.0,1.58,0.0,-2.220446049250313e-16,0.0
2024-05-27 06:00:00,2024-05-27,6,32,32,12.17,7.0537234253177585,0,2,27,212.68148,False,True,False,6.25,12.17,6.0239,0.0,1.0298234253177583
2024-05-27 07:00:00,2024-05-27,7,32,32,33.65,31.57036785114324,0,0,29,212.68148,False,True,False,0.0,33.65,29.6453,0.0,1.9250678511432397
2024-05-27 18:00:00,2024-05-27,18,32,32,14.690000000000001,15.594945203300552,0,2,29,212.68148,False,True,False,6.25,14.69,15.1302,1.7763568394002505e-15,0.46474520330055213
2024-05-27 19:00:00,2024-05-27,19,32,32,2.11,0.0,0,32,20,212.68148,True,True,True,100.0,2.11,0.0,0.0,0.0
2024-05-28 06:00:00,2024-05-28,6,32,32,14.790000000000001,7.534493607759578,0,2,26,212.68148,False,True,False,6.25,14.79,6.4347,1.7763568394002505e-15,1.0997936077595778
2024-05-28 07:00:00,2024-05-28,7,32,32,45.68,42.28374082075807,0,0,28,212.68148,False,True,False,0.0,45.68,40.1742,0.0,2.1095408207580704
2024-05-28 18:00:00,2024-05-28,18,32,32,14.3,16.11045725892858,0,2,29,212.68148,False,True,False,6.25,14.3,15.6355,0.0,0.47495725892857976
2024-05-28 19:00:00,2024-05-28,19,32,32,2.02,0.0,0,32,19,212.68148,True,True,True,100.0,2.02,0.0,0.0,0.0
2024-05-29 06:00:00,2024-05-29,6,32,32,8.21,7.566190693536619,0,2,26,212.68148,False,True,False,6.25,8.21,6.4486,0.0,1.117590693536619
2024-05-29 07:00:00,2024-05-29,7,32,32,39.97,40.71874078645345,0,0,29,212.68148,False,True,False,0.0,39.97,38.6148,0.0,2.1039407864534496
2024-05-29 18:00:00,2024-05-29,18,32,32,10.36,11.916534889932581,0,2,29,212.68148,False,True,False,6.25,10.36,11.3884,0.0,0.5281348899325806
2024-05-29 19:00:00,2024-05-29,19,32,32,1.34,0.0,0,32,6,212.68148,True,True,True,100.0,1.34,0.0,0.0,0.0
2024-05-30 06:00:00,2024-05-30,6,32,32,5.7,3.6546742442921305,0,2,26,212.68148,False,True,False,6.25,5.7,3.2965,0.0,0.3581742442921305
2024-05-30 07:00:00,2024-05-30,7,32,32,14.66,15.393278217605321,0,0,29,212.68148,False,True,False,0.0,14.66,13.9226,0.0,1.4706782176053217
2024-05-30 18:00:00,2024-05-30,18,32,32,11.92,6.9206542142264045,0,2,28,212.68148,False,True,False,6.25,11.92,6.3675,0.0,0.5531542142264048
2024-05-30 19:00:00,2024-05-30,19,32,32,4.4799999999999995,0.0,0,32,13,212.68148,True,True,True,100.0,4.48,0.0,-8.881784197001252e-16,0.0
2024-05-31 06:00:00,2024-05-31,6,32,32,14.44,7.326677782877844,0,2,26,212.68148,False,True,False,6.25,14.44,6.2504,0.0,1.0762777828778445
2024-05-31 07:00:00,2024-05-31,7,32,32,42.44,34.89724388378368,0,0,29,212.68148,False,True,False,0.0,42.44,32.8791,0.0,2.0181438837836794
2024-05-31 18:00:00,2024-05-31,18,32,32,12.549999999999999,11.702276680042342,0,2,28,212.68148,False,True,False,6.25,12.55,11.1711,-1.7763568394002505e-15,0.5311766800423428
2024-05-31 19:00:00,2024-05-31,19,32,32,4.4399999999999995,0.0,0,32,11,212.68148,True,True,True,100.0,4.44,0.0,-8.881784197001252e-16,0.0
2024-06-01 06:00:00,2024-06-01,6,32,32,17.59,7.169988504129714,0,2,27,212.68148,False,True,False,6.25,17.59,6.1257,0.0,1.0442885041297139
2024-06-01 07:00:00,2024-06-01,7,32,32,45.38,38.78133708351514,0,0,29,212.68148,False,True,False,0.0,45.38,36.8765,0.0,1.9048370835151403
2024-06-01 18:00:00,2024-06-01,18,32,32,14.75,14.315217806841925,0,2,29,212.68148,False,True,False,6.25,14.75,13.7844,0.0,0.5308178068419256
2024-06-01 19:00:00,2024-06-01,19,32,32,4.6899999999999995,0.0,0,32,16,212.68148,True,True,True,100.0,4.69,0.0,-8.881784197001252e-16,0.0
2024-06-02 06:00:00,2024-06-02,6,32,32,12.19,7.316227914788193,0,2,27,212.68148,False,True,False,6.25,12.19,6.2393,0.0,1.0769279147881932
2024-06-02 07:00:00,2024-06-02,7,32,32,40.87,36.71661354027919,0,0,29,212.68148,False,True,False,0.0,40.87,34.9224,0.0,1.7942135402791877
2024-06-02 18:00:00,2024-06-02,18,32,32,17.22,14.695764197622973,0,2,29,212.68148,False,True,False,6.25,17.22,14.1885,0.0,0.5072641976229733
2024-06-02 19:00:00,2024-06-02,19,32,32,5.199999999999999,0.0,0,32,17,212.68148,True,True,True,100.0,5.2,0.0,-8.881784197001252e-16,0.0
2024-06-03 06:00:00,2024-06-03,6,32,32,14.06,7.58542752966419,0,2,27,212.68148,False,True,False,6.25,14.06,6.4689,0.0,1.1165275296641903
2024-06-03 07:00:00,2024-06-03,7,32,32,36.379999999999995,41.684291423802975,0,0,29,212.68148,False,True,False,0.0,36.38,39.8038,-7.105427357601002e-15,1.8804914238029724
2024-06-03 18:00:00,2024-06-03,18,32,32,14.64,17.403700035365837,0,2,29,212.68148,False,True,False,6.25,14.64,16.9617,0.0,0.44200003536583665
2024-06-03 19:00:00,2024-06-03,19,32,32,4.919999999999999,0.0,0,32,18,212.68148,True,True,True,100.0,4.92,0.0,-8.881784197001252e-16,0.0
2024-06-04 06:00:00,2024-06-04,6,32,32,16.27,7.244534885059455,0,2,27,212.68148,False,True,False,6.25,16.27,6.1801,0.0,1.0644348850594545
2024-06-04 07:00:00,2024-06-04,7,32,32,27.78,32.390471245704916,0,0,29,212.68148,False,True,False,0.0,27.78,30.6116,0.0,1.7788712457049165
2024-06-04 18:00:00,2024-06-04,18,32,32,12.64,12.010960477623929,0,2,30,212.68148,False,True,False,6.25,12.64,11.4909,0.0,0.5200604776239288
2024-06-04 19:00:00,2024-06-04,19,32,32,4.79,0.0,0,32,16,212.68148,True,True,True,100.0,4.79,0.0,0.0,0.0
2024-06-05 06:00:00,2024-06-05,6,32,32,12.4,6.205649882240616,0,2,28,212.68148,False,True,False,6.25,12.4,5.3071,0.0,0.8985498822406157
2024-06-05 07:00:00,2024-06-05,7,32,32,18.53,21.714594466109993,0,0,30,212.68148,False,True,False,0.0,18.53,20.1599,0.0,1.5546944661099928
2024-06-05 18:00:00,2024-06-05,18,32,32,15.459999999999999,7.47176754246041,0,2,30,212.68148,False,True,False,6.25,15.46,6.9155,-1.7763568394002505e-15,0.55626754246041
2024-06-05 19:00:00,2024-06-05,19,32,32,5.45,0.13398829789301864,0,30,16,212.68148,False,True,False,93.75,5.45,0.17250000000000001,0.0,-0.03851170210698138
2024-06-06 06:00:00,2024-06-06,6,32,32,15.17,7.312350578360704,0,2,27,212.68148,False,True,False,6.25,15.17,6.2317,0.0,1.0806505783607037
2024-06-06 07:00:00,2024-06-06,7,32,32,37.96,36.71329122726575,0,0,30,212.68148,False,True,False,0.0,37.96,34.8294,0.0,1.8838912272657495
2024-06-06 18:00:00,2024-06-06,18,32,32,16.38,13.837023996486609,0,2,30,212.68148,False,True,False,6.25,16.38,13.3157,0.0,0.5213239964866094
2024-06-06 19:00:00,2024-06-06,19,32,32,5.23,0.27966546821301547,0,29,20,212.68148,False,True,False,90.625,5.23,0.32730000000000004,0.0,-0.04763453178698457
2024-06-07 06:00:00,2024-06-07,6,32,32,10.35,6.745933547778436,0,2,28,212.68148,False,True,False,6.25,10.35,5.7619,0.0,0.9840335477784361
2024-06-07 07:00:00,2024-06-07,7,32,32,22.24,24.776694856180935,0,0,30,212.68148,False,True,False,0.0,22.24,23.172,0.0,1.6046948561809344
2024-06-07 18:00:00,2024-06-07,18,32,32,16.44,14.811870607333912,0,2,30,212.68148,False,True,False,6.25,16.44,14.2915,0.0,0.5203706073339127
2024-06-07 19:00:00,2024-06-07,19,32,32,5.83,0.5143014714302484,0,25,27,212.68148,False,True,False,78.125,5.83,0.5516,0.0,-0.03729852856975158
2024-06-08 06:00:00,2024-06-08,6,32,32,17.02,7.306153873720083,0,2,28,212.68148,False,True,False,6.25,17.02,6.2225,0.0,1.083653873720083
2024-06-08 07:00:00,2024-06-08,7,32,32,38.12,37.67684913611783,0,0,30,212.68148,False,True,False,0.0,38.12,35.9865,0.0,1.690349136117831
2024-06-08 18:00:00,2024-06-08,18,32,32,11.94,12.523054104433754,0,2,30,212.68148,False,True,False,6.25,11.94,12.0011,0.0,0.521954104433755
2024-06-08 19:00:00,2024-06-08,19,32,32,4.63,0.9340288249586601,0,20,16,212.68148,False,True,False,62.5,4.63,0.9879,0.0,-0.05387117504133987
2024-06-09 06:00:00,2024-06-09,6,32,32,13.99,6.898279588521843,0,2,28,212.68148,False,True,False,6.25,13.99,5.8893,0.0,1.0089795885218429
2024-06-09 07:00:00,2024-06-09,7,32,32,32.06,32.700401455203114,0,0,30,212.68148,False,True,False,0.0,32.06,30.8838,0.0,1.816601455203113
2024-06-09 18:00:00,2024-06-09,18,32,32,16.66,14.215723488415799,0,2,30,212.68148,False,True,False,6.25,16.66,13.6739,0.0,0.5418234884157993
2024-06-09 19:00:00,2024-06-09,19,32,32,5.49,1.1073089795032887,0,18,18,212.68148,False,True,False,56.25,5.49,1.1402,0.0,-0.03289102049671144
2024-06-10 06:00:00,2024-06-10,6,32,32,14.27,7.388208163610201,0,2,28,212.68148,False,True,False,6.25,14.27,6.3036,0.0,1.0846081636102003
2024-06-10 07:00:00,2024-06-10,7,32,32,37.2,39.66611206518486,0,0,30,212.68148,False,True,False,0.0,37.2,37.9042,0.0,1.761912065184859
2024-06-10 18:00:00,2024-06-10,18,32,32,13.83,14.18387682054756,0,2,30,212.68148,False,True,False,6.25,13.83,13.645,0.0,0.5388768205475607
2024-06-10 19:00:00,2024-06-10,19,32,32,5.08,4.702789170908475,0,10,21,212.68148,False,True,False,31.25,5.08,4.4871,0.0,0.21568917090847517
2024-06-11 06:00:00,2024-06-11,6,32,32,13.52,6.915369441676244,0,2,28,212.68148,False,True,False,6.25,13.52,5.9047,0.0,1.010669441676244
2024-06-11 07:00:00,2024-06-11,7,32,32,37.35,32.61057370589341,0,0,30,212.68148,False,True,False,0.0,37.35,30.8848,0.0,1.7257737058934097
2024-06-11 18:00:00,2024-06-11,18,32,32,16.87,17.583029858657024,0,2,30,212.68148,False,True,False,6.25,16.87,17.1104,0.0,0.4726298586570259
2024-06-11 19:00:00,2024-06-11,19,32,32,5.52,4.984852767873721,0,8,23,212.68148,False,True,False,25.0,5.52,4.8205,0.0,0.1643527678737211
2024-06-12 06:00:00,2024-06-12,6,32,32,11.94,7.272574473154462,0,2,28,212.68148,False,True,False,6.25,11.94,6.207,0.0,1.065574473154462
2024-06-12 07:00:00,2024-06-12,7,32,32,33.24,36.03409917191766,0,0,30,212.68148,False,True,False,0.0,33.24,34.3092,0.0,1.724899171917663
2024-06-12 18:00:00,2024-06-12,18,32,32,16.12,15.6332748914101,0,2,30,212.68148,False,True,False,6.25,16.12,15.1279,0.0,0.5053748914100993
2024-06-12 19:00:00,2024-06-12,19,32,32,5.56,5.2198510785291585,0,5,19,212.68148,False,True,False,15.625,5.5600000000000005,5.0683,-8.881784197001252e-16,0.15155107852915872
2024-06-13 06:00:00,2024-06-13,6,32,32,15.649999999999999,7.476172733413586,0,2,27,212.68148,False,True,False,6.25,15.65,6.3663,-1.7763568394002505e-15,1.109872733413586
2024-06-13 07:00:00,2024-06-13,7,32,32,37.61,38.67579600222762,0,0,29,212.68148,False,True,False,0.0,37.61,36.9563,0.0,1.719496002227622
2024-06-13 18:00:00,2024-06-13,18,32,32,15.4,15.466268765294402,0,2,29,212.68148,False,True,False,6.25,15.4,14.9325,0.0,0.5337687652944023
2024-06-13 19:00:00,2024-06-13,19,32,32,5.199999999999999,5.339572813352184,0,4,20,212.68148,False,True,False,12.5,5.2,5.19,-8.881784197001252e-16,0.14957281335218386
2024-06-14 06:00:00,2024-06-14,6,32,32,14.38,7.223136661492665,0,2,27,212.68148,False,True,False,6.25,14.38,6.1492,0.0,1.0739366614926649
2024-06-14 07:00:00,2024-06-14,7,32,32,36.86,31.144640219899475,0,0,30,212.68148,False,True,False,0.0,36.86,29.3802,0.0,1.7644402198994769
2024-06-14 18:00:00,2024-06-14,18,32,32,11.2,13.921047541091392,0,2,30,212.68148,False,True,False,6.25,11.2,13.3664,0.0,0.5546475410913914
2024-06-14 19:00:00,2024-06-14,19,32,32,4.27,5.365515183301789,0,3,4,212.68148,False,True,False,9.375,4.27,5.2374,0.0,0.12811518330178906
2024-06-15 06:00:00,2024-06-15,6,32,32,5.01,7.1550498898032036,0,2,12,212.68148,False,True,False,6.25,5.01,6.108,0.0,1.047049889803204
2024-06-15 07:00:00,2024-06-15,7,32,32,16.24,30.68511189026287,0,0,30,212.68148,False,True,False,0.0,16.24,28.9688,0.0,1.716311890262869
2024-06-15 18:00:00,2024-06-15,18,32,32,21.76,16.902699348638443,0,2,30,212.68148,False,True,False,6.25,21.76,16.3728,0.0,0.5298993486384411
2024-06-15 19:00:00,2024-06-15,19,32,32,9.780000000000001,5.393635430730113,0,3,24,212.68148,False,True,False,9.375,9.78,5.2654,1.7763568394002505e-15,0.128235430730113
2024-06-16 06:00:00,2024-06-16,6,32,32,16.4,7.068295481034382,0,2,27,212.68148,False,True,False,6.25,16.4,6.0273,0.0,1.0409954810343818
2024-06-16 07:00:00,2024-06-16,7,32,32,33.74,33.594624156576586,0,0,30,212.68148,False,True,False,0.0,33.74,31.8173,0.0,1.7773241565765865
2024-06-16 18:00:00,2024-06-16,18,32,32,17.59,11.24995665168337,0,2,30,212.68148,False,True,False,6.25,17.59,10.6431,0.0,0.6068566516833691
2024-06-16 19:00:00,2024-06-16,19,32,32,7.93,5.275396633199636,0,3,21,212.68148,False,True,False,9.375,7.93,5.1514,0.0,0.12399663319963583
2024-06-17 06:00:00,2024-06-17,6,32,32,10.549999999999999,7.083175723342482,0,2,25,212.68148,False,True,False,6.25,10.55,6.0528,-1.7763568394002505e-15,1.0303757233424813
2024-06-17 07:00:00,2024-06-17,7,32,32,31.83,30.248861947393856,0,0,29,212.68148,False,True,False,0.0,31.83,28.4781,0.0,1.7707619473938543
2024-06-17 18:00:00,2024-06-17,18,32,32,30.5,18.414996937359405,0,2,30,212.68148,False,True,False,6.25,30.5,17.9742,0.0,0.44079693735940495
2024-06-17 19:00:00,2024-06-17,19,32,32,17.88,5.456003997339257,0,3,25,212.68148,False,True,False,9.375,17.88,5.3363,0.0,0.11970399733925774
2024-06-18 06:00:00,2024-06-18,6,32,32,29.69,7.903216078229437,0,2,28,212.68148,False,True,False,6.25,29.69,6.7366,0.0,1.1666160782294366
2024-06-18 07:00:00,2024-06-18,7,32,32,50.64,43.464507328506926,0,0,30,212.68148,False,True,False,0.0,50.64,41.6027,0.0,1.8618073285069272
2024-06-18 18:00:00,2024-06-18,18,32,32,25.669999999999998,14.08296437886774,0,2,30,212.68148,False,True,False,6.25,25.67,13.5347,-3.552713678800501e-15,0.5482643788677386
2024-06-18 19:00:00,2024-06-18,19,32,32,16.55,5.529697735985357,0,3,17,212.68148,False,True,False,9.375,16.55,5.3946,0.0,0.13509773598535713
2024-06-19 06:00:00,2024-06-19,6,32,32,23.93,7.078688671853937,0,2,27,212.68148,False,True,False,6.25,23.93,6.0267,0.0,1.0519886718539366
2024-06-19 07:00:00,2024-06-19,7,32,32,45.9,31.322072238396235,0,0,29,212.68148,False,True,False,0.0,45.9,29.5704,0.0,1.7516722383962353
2024-06-19 18:00:00,2024-06-19,18,32,32,22.0,9.22291373107323,0,2,30,212.68148,False,True,False,6.25,22.0,8.6111,0.0,0.6118137310732301
2024-06-19 19:00:00,2024-06-19,19,32,32,16.189999999999998,5.170706121453626,0,3,11,212.68148,False,True,False,9.375,16.19,5.0498,-3.552713678800501e-15,0.12090612145362556
2024-06-20 06:00:00,2024-06-20,6,32,32,18.21,6.41047336825397,0,2,24,212.68148,False,True,False,6.25,18.21,5.478,0.0,0.9324733682539703
2024-06-20 07:00:00,2024-06-20,7,32,32,31.619999999999997,24.386885177782478,0,0,29,212.68148,False,True,False,0.0,31.62,22.8205,-3.552713678800501e-15,1.5663851777824789
2024-06-20 18:00:00,2024-06-20,18,32,32,30.13,17.833597018559225,0,2,30,212.68148,False,True,False,6.25,30.13,17.3122,0.0,0.5213970185592238
2024-06-20 19:00:00,2024-06-20,19,32,32,17.55,5.437316173446328,0,3,25,212.68148,False,True,False,9.375,17.55,5.3068,0.0,0.1305161734463276
2024-06-21 06:00:00,2024-06-21,6,32,32,22.15,7.1067633408348385,0,2,27,212.68148,False,True,False,6.25,22.15,6.0482,0.0,1.058563340834839
2024-06-21 07:00:00,2024-06-21,7,32,32,32.76,31.088672108768108,0,0,30,212.68148,False,True,False,0.0,32.76,29.3813,0.0,1.7073721087681086
2024-06-21 18:00:00,2024-06-21,18,32,32,18.72,6.566040456752126,0,2,27,212.68148,False,True,False,6.25,18.72,5.9009,0.0,0.665140456752126
2024-06-21 19:00:00,2024-06-21,19,32,32,15.379999999999999,5.187904560297828,0,3,7,212.68148,False,True,False,9.375,15.38,5.0658,-1.7763568394002505e-15,0.1221045602978279
2024-06-22 06:00:00,2024-06-22,6,32,32,18.7,4.010776781967569,0,2,25,212.68148,False,True,False,6.25,18.7,3.6027,0.0,0.4080767819675688
2024-06-22 07:00:00,2024-06-22,7,32,32,25.85,22.506411633335354,0,0,29,212.68148,False,True,False,0.0,25.85,20.9307,0.0,1.5757116333353522
2024-06-22 18:00:00,2024-06-22,18,32,32,29.97,14.613880052186474,0,2,30,212.68148,False,True,False,6.25,29.97,14.0502,0.0,0.5636800521864735
2024-06-22 19:00:00,2024-06-22,19,32,32,17.71,5.510460807710741,0,3,17,212.68148,False,True,False,9.375,17.71,5.3779,0.0,0.13256080771074075
2024-06-23 06:00:00,2024-06-23,6,32,32,24.41,6.918710558580559,0,2,28,212.68148,False,True,False,6.25,24.41,5.9052,0.0,1.0135105585805588
2024-06-23 07:00:00,2024-06-23,7,32,32,46.85,37.81627816677927,0,0,30,212.68148,False,True,False,0.0,46.85,35.9805,0.0,1.8357781667792707
2024-06-23 18:00:00,2024-06-23,18,32,32,28.53,16.850637598307827,0,2,30,212.68148,False,True,False,6.25,28.53,16.3055,0.0,0.5451375983078286
2024-06-23 19:00:00,2024-06-23,19,32,32,18.78,5.5843513455927205,0,3,24,212.68148,False,True,False,9.375,18.78,5.4504,0.0,0.13395134559272037
2024-06-24 06:00:00,2024-06-24,6,32,32,25.75,7.422302662636719,0,2,28,212.68148,False,True,False,6.25,25.75,6.3257,0.0,1.0966026626367187
2024-06-24 07:00:00,2024-06-24,7,32,32,45.99,39.01599847637989,0,0,30,212.68148,False,True,False,0.0,45.99,37.221,0.0,1.7949984763798952
2024-06-24 18:00:00,2024-06-24,18,32,32,24.3,16.924400976002406,0,2,30,212.68148,False,True,False,6.25,24.3,16.4052,0.0,0.5192009760024057
2024-06-24 19:00:00,2024-06-24,19,32,32,16.990000000000002,5.5747882001059725,0,3,22,212.68148,False,True,False,9.375,16.99,5.4406,3.552713678800501e-15,0.13418820010597265
2024-06-25 06:00:00,2024-06-25,6,32,32,22.57,7.388956758221522,0,2,27,212.68148,False,True,False,6.25,22.57,6.2987,0.0,1.0902567582215221
2024-06-25 07:00:00,2024-06-25,7,32,32,43.33,36.20020943332301,0,0,30,212.68148,False,True,False,0.0,43.33,34.377,0.0,1.823209433323008
2024-06-25 18:00:00,2024-06-25,18,32,32,32.36,18.689820845211457,0,2,30,212.68148,False,True,False,6.25,32.36,18.2046,0.0,0.48522084521145814
2024-06-25 19:00:00,2024-06-25,19,32,32,20.4,5.533850179306489,0,3,26,212.68148,False,True,False,9.375,20.4,5.412,0.0,0.121850179306489
2024-06-26 06:00:00,2024-06-26,6,32,32,26.47,7.558182919197078,0,2,28,212.68148,False,True,False,6.25,26.47,6.4433,0.0,1.1148829191970782
2024-06-26 07:00:00,2024-06-26,7,32,32,52.29,42.14683438721279,0,0,30,212.68148,False,True,False,0.0,52.29,40.2772,0.0,1.8696343872127912
2024-06-26 18:00:00,2024-06-26,18,32,32,32.81,19.12653500204095,0,2,30,212.68148,False,True,False,6.25,32.81,18.6683,0.0,0.4582350020409507
2024-06-26 19:00:00,2024-06-26,19,32,32,20.35,5.478259171468162,0,3,27,212.68148,False,True,False,9.375,20.35,5.3558,0.0,0.12245917146816154
2024-06-27 06:00:00,2024-06-27,6,32,32,25.57,6.776582920693396,0,2,28,212.68148,False,True,False,6.25,25.57,5.7906,0.0,0.9859829206933952
2024-06-27 07:00:00,2024-06-27,7,32,32,50.41,35.33083138359494,0,0,30,212.68148,False,True,False,0.0,50.41,33.5356,0.0,1.7952313835949383
2024-06-27 18:00:00,2024-06-27,18,32,32,20.64,17.954480872828203,0,2,30,212.68148,False,True,False,6.25,20.64,17.4303,0.0,0.5241808728282038
2024-06-27 19:00:00,2024-06-27,19,32,32,6.55,5.476972638227457,0,3,28,212.68148,False,True,False,9.375,6.55,5.3484,0.0,0.1285726382274568
2024-06-28 06:00:00,2024-06-28,6,32,32,11.5,6.933970889030142,0,2,28,212.68148,False,True,False,6.25,11.5,5.9107,0.0,1.023270889030142
2024-06-28 07:00:00,2024-06-28,7,32,32,27.71,29.88063051679404,0,0,30,212.68148,False,True,False,0.0,27.71,28.1816,0.0,1.6990305167940392
2024-06-28 18:00:00,2024-06-28,18,32,32,18.65,13.059782288308377,0,2,30,212.68148,False,True,False,6.25,18.65,12.528,0.0,0.531782288308376
2024-06-28 19:00:00,2024-06-28,19,32,32,7.959999999999999,5.30189142274332,0,3,25,212.68148,False,True,False,9.375,7.96,5.1719,-8.881784197001252e-16,0.12999142274331987
2024-06-29 06:00:00,2024-06-29,6,32,32,6.429999999999999,3.5819150525969796,0,2,23,212.68148,False,True,False,6.25,6.43,3.2337,-8.881784197001252e-16,0.3482150525969798
2024-06-29 07:00:00,2024-06-29,7,32,32,9.71,14.142944161258136,0,0,30,212.68148,False,True,False,0.0,9.71,12.7933,0.0,1.3496441612581354
2024-06-29 18:00:00,2024-06-29,18,32,32,10.98,6.99886377194456,0,2,29,212.68148,False,True,False,6.25,10.98,6.3764,0.0,0.6224637719445596
2024-06-29 19:00:00,2024-06-29,19,32,32,5.06,5.150390576220262,0,3,16,212.68148,False,True,False,9.375,5.06,5.0311,0.0,0.11929057622026207
2024-06-30 06:00:00,2024-06-30,6,32,32,14.049999999999999,6.985992258770211,0,2,28,212.68148,False,True,False,6.25,14.05,5.9601,-1.7763568394002505e-15,1.0258922587702113
2024-06-30 07:00:00,2024-06-30,7,32,32,43.44,33.9119439268834,0,0,30,212.68148,False,True,False,0.0,43.44,32.1356,0.0,1.7763439268834063
2024-06-30 18:00:00,2024-06-30,18,32,32,20.99,17.694775868515478,0,2,29,212.68148,False,True,False,6.25,20.99,17.151,0.0,0.5437758685154783
2024-06-30 19:00:00,2024-06-30,19,32,32,8.23,5.544239053083931,0,3,26,212.68148,False,True,False,9.375,8.23,5.4119,0.0,0.132339053083931
2024-07-01 06:00:00,2024-07-01,6,32,32,14.01,6.888256266783518,0,2,28,212.68148,False,True,False,6.25,14.01,5.8527000000000005,0.0,1.0355562667835176
2024-07-01 07:00:00,2024-07-01,7,32,32,37.98,30.30540295570281,0,0,30,212.68148,False,True,False,0.0,37.98,28.7832,0.0,1.5222029557028094
2024-07-01 18:00:00,2024-07-01,18,32,32,13.78,12.594424955145794,0,2,29,212.68148,False,True,False,6.25,13.78,11.9777,0.0,0.6167249551457932
2024-07-01 19:00:00,2024-07-01,19,32,32,6.289999999999999,5.595815752792504,0,3,13,212.68148,False,True,False,9.375,6.29,5.4288,-8.881784197001252e-16,0.16701575279250402
2024-07-02 06:00:00,2024-07-02,6,32,32,7.09,3.3245900991177537,0,2,23,212.68148,False,True,False,6.25,7.09,3.0091,0.0,0.3154900991177536
2024-07-02 07:00:00,2024-07-02,7,32,32,13.55,11.171637140664336,0,0,29,212.68148,False,True,False,0.0,13.55,10.0707,0.0,1.1009371406643353
2024-07-02 18:00:00,2024-07-02,18,32,32,19.8,13.961435349393083,0,2,30,212.68148,False,True,False,6.25,19.8,13.4138,0.0,0.547635349393083
2024-07-02 19:00:00,2024-07-02,19,32,32,6.07,5.5397468180598874,0,3,26,212.68148,False,True,False,9.375,6.07,5.3911999999999995,0.0,0.1485468180598879
2024-07-03 06:00:00,2024-07-03,6,32,32,13.48,7.099244112116328,0,2,26,212.68148,False,True,False,6.25,13.48,6.0374,0.0,1.0618441121163285
2024-07-03 07:00:00,2024-07-03,7,32,32,35.74,33.4105100772022,0,0,28,212.68148,False,True,False,0.0,35.74,32.0069,0.0,1.4036100772021953
2024-07-03 18:00:00,2024-07-03,18,32,32,21.18,16.908948647696473,0,2,27,212.68148,False,True,False,6.25,21.18,16.3563,0.0,0.552648647696472
2024-07-03 19:00:00,2024-07-03,19,32,32,8.91,5.587793514294312,0,3,25,212.68148,False,True,False,9.375,8.91,5.4331,0.0,0.154693514294312
2024-07-04 06:00:00,2024-07-04,6,32,32,9.51,6.214887082824979,0,2,25,212.68148,False,True,False,6.25,9.51,5.2724,0.0,0.9424870828249787
2024-07-04 07:00:00,2024-07-04,7,32,32,25.009999999999998,23.546233056181034,0,0,28,212.68148,False,True,False,0.0,25.01,22.1389,-3.552713678800501e-15,1.4073330561810344
2024-07-04 18:00:00,2024-07-04,18,32,32,19.96,14.474732126431565,0,2,28,212.68148,False,True,False,6.25,19.96,13.9177,0.0,0.5570321264315652
2024-07-04 19:00:00,2024-07-04,19,32,32,5.92,5.7130853567074915,0,3,23,212.68148,False,True,False,9.375,5.92,5.5544,0.0,0.1586853567074913
2024-07-05 06:00:00,2024-07-05,6,32,32,10.5,7.068194073645561,0,2,27,212.68148,False,True,False,6.25,10.5,5.9917,0.0,1.076494073645561
2024-07-05 07:00:00,2024-07-05,7,32,32,31.78,29.500033913892103,0,0,29,212.68148,False,True,False,0.0,31.78,27.9754,0.0,1.524633913892103
2024-07-05 18:00:00,2024-07-05,18,32,32,11.18,13.185856644752985,0,2,28,212.68148,False,True,False,6.25,11.18,12.5481,0.0,0.6377566447529848
2024-07-05 19:00:00,2024-07-05,19,32,32,6.75,5.902712462780053,0,3,18,212.68148,False,True,False,9.375,6.75,5.7265,0.0,0.17621246278005298
2024-07-06 06:00:00,2024-07-06,6,32,32,4.27,6.53360659148425,0,2,3,212.68148,False,True,False,6.25,4.27,5.5463000000000005,0.0,0.9873065914842494
2024-07-06 07:00:00,2024-07-06,7,32,32,5.2299999999999995,15.881907144208961,0,0,16,212.68148,False,True,False,0.0,5.23,14.6861,-8.881784197001252e-16,1.1958071442089615
2024-07-06 18:00:00,2024-07-06,18,32,32,16.21,15.136560781746583,0,2,29,212.68148,False,True,False,6.25,16.21,14.4736,0.0,0.6629607817465839
2024-07-06 19:00:00,2024-07-06,19,32,32,5.46,5.870374519741526,0,3,14,212.68148,False,True,False,9.375,5.46,5.6951,0.0,0.1752745197415262
2024-07-07 06:00:00,2024-07-07,6,32,32,4.48,5.889195414475924,0,2,6,212.68148,False,True,False,6.25,4.48,5.0226,0.0,0.866595414475924
2024-07-07 07:00:00,2024-07-07,7,32,32,5.0,15.30427037193086,0,0,11,212.68148,False,True,False,0.0,5.0,14.0287,0.0,1.2755703719308595
2024-07-07 18:00:00,2024-07-07,18,32,32,5.8999999999999995,11.159398954978087,0,2,22,212.68148,False,True,False,6.25,5.9,10.5493,-8.881784197001252e-16,0.6100989549780866
2024-07-07 19:00:00,2024-07-07,19,32,32,4.239999999999999,5.502175985372996,0,3,3,212.68148,False,True,False,9.375,4.24,5.3436,-8.881784197001252e-16,0.15857598537299555
2024-07-08 06:00:00,2024-07-08,6,32,32,4.249999999999999,3.4951240168074342,0,2,3,212.68148,False,True,False,6.25,4.25,3.1531000000000002,-8.881784197001252e-16,0.342024016807434
2024-07-08 07:00:00,2024-07-08,7,32,32,5.029999999999999,13.87475768021504,0,0,9,212.68148,False,True,False,0.0,5.03,12.6338,-8.881784197001252e-16,1.2409576802150397
2024-07-08 18:00:00,2024-07-08,18,32,32,10.36,6.753572692859675,0,2,29,212.68148,False,True,False,6.25,10.36,6.0432,0.0,0.710372692859675
2024-07-08 19:00:00,2024-07-08,19,32,32,5.49,5.40739049311041,0,3,20,212.68148,False,True,False,9.375,5.49,5.2539,0.0,0.15349049311040996
2024-07-09 06:00:00,2024-07-09,6,32,32,4.319999999999999,3.6575311099246046,0,2,2,212.68148,False,True,False,6.25,4.32,3.2977,-8.881784197001252e-16,0.35983110992460476
2024-07-09 07:00:00,2024-07-09,7,32,32,5.319999999999999,15.697247374002867,0,0,15,212.68148,False,True,False,0.0,5.32,14.4193,-8.881784197001252e-16,1.277947374002867
2024-07-09 18:00:00,2024-07-09,18,32,32,11.86,13.348487247871018,0,2,29,212.68148,False,True,False,6.25,11.86,12.7357,0.0,0.6127872478710188
2024-07-09 19:00:00,2024-07-09,19,32,32,5.03,5.442408753092206,0,3,14,212.68148,False,True,False,9.375,5.03,5.2918,0.0,0.15060875309220556
2024-07-10 06:00:00,2024-07-10,6,32,32,7.3999999999999995,6.261731162557034,0,2,25,212.68148,False,True,False,6.25,7.4,5.3265,-8.881784197001252e-16,0.9352311625570335
2024-07-10 07:00:00,2024-07-10,7,32,32,24.11,26.00213855238433,0,0,29,212.68148,False,True,False,0.0,24.11,24.6152,0.0,1.3869385523843292
2024-07-10 18:00:00,2024-07-10,18,32,32,16.54,14.659868158864292,0,2,28,212.68148,False,True,False,6.25,16.54,14.089,0.0,0.5708681588642914
2024-07-10 19:00:00,2024-07-10,19,32,32,5.12,5.690612840294052,0,3,16,212.68148,False,True,False,9.375,5.12,5.526,0.0,0.1646128402940521
2024-07-11 06:00:00,2024-07-11,6,32,32,6.71,6.132526485200648,0,2,24,212.68148,False,True,False,6.25,6.71,5.2286,0.0,0.9039264852006479
2024-07-11 07:00:00,2024-07-11,7,32,32,17.08,23.7251006761286,0,0,29,212.68148,False,True,False,0.0,17.08,22.2798,0.0,1.4453006761285998
2024-07-11 18:00:00,2024-07-11,18,32,32,19.23,16.640924806651388,0,2,29,212.68148,False,True,False,6.25,19.23,16.0975,0.0,0.5434248066513874
2024-07-11 19:00:00,2024-07-11,19,32,32,8.05,5.726754763303456,0,3,22,212.68148,False,True,False,9.375,8.05,5.5652,0.0,0.16155476330345575
2024-07-12 06:00:00,2024-07-12,6,32,32,10.879999999999999,6.642219385546772,0,2,26,212.68148,False,True,False,6.25,10.88,5.6547,-1.7763568394002505e-15,0.9875193855467721
2024-07-12 07:00:00,2024-07-12,7,32,32,22.07,29.12998113586436,0,0,29,212.68148,False,True,False,0.0,22.07,27.7316,0.0,1.3983811358643585
2024-07-12 18:00:00,2024-07-12,18,32,32,18.74,16.068728822891213,0,2,29,212.68148,False,True,False,6.25,18.74,15.4987,0.0,0.5700288228912136
2024-07-12 19:00:00,2024-07-12,19,32,32,5.94,5.6018613214942805,0,3,23,212.68148,False,True,False,9.375,5.94,5.4431,0.0,0.15876132149428024
2024-07-13 06:00:00,2024-07-13,6,32,32,11.34,6.267176781704525,0,2,27,212.68148,False,True,False,6.25,11.34,5.3319,0.0,0.9352767817045251
2024-07-13 07:00:00,2024-07-13,7,32,32,28.45,21.95539559296707,0,0,30,212.68148,False,True,False,0.0,28.45,20.523600000000002,0.0,1.4317955929670667
2024-07-13 18:00:00,2024-07-13,18,32,32,8.52,14.616895967151487,0,2,29,212.68148,False,True,False,6.25,8.52,14.0724,0.0,0.5444959671514873
2024-07-13 19:00:00,2024-07-13,19,32,32,4.319999999999999,5.6523212982889905,0,3,6,212.68148,False,True,False,9.375,4.32,5.4946,-8.881784197001252e-16,0.1577212982889904
2024-07-14 06:00:00,2024-07-14,6,32,32,9.76,6.213240600265447,0,2,27,212.68148,False,True,False,6.25,9.76,5.2908,0.0,0.922440600265447
2024-07-14 07:00:00,2024-07-14,7,32,32,29.57,22.806616276103888,0,0,30,212.68148,False,True,False,0.0,29.57,21.5016,0.0,1.3050162761038884
2024-07-14 18:00:00,2024-07-14,18,32,32,19.01,14.576380746642792,0,2,30,212.68148,False,True,False,6.25,19.01,13.987400000000001,0.0,0.5889807466427914
2024-07-14 19:00:00,2024-07-14,19,32,32,7.05,5.498694192178153,0,3,20,212.68148,False,True,False,9.375,7.05,5.3449,0.0,0.15379419217815293
2024-07-15 06:00:00,2024-07-15,6,32,32,8.17,6.461079458969286,0,2,24,212.68148,False,True,False,6.25,8.17,5.4843,0.0,0.9767794589692862
2024-07-15 07:00:00,2024-07-15,7,32,32,22.169999999999998,26.696405961044597,0,0,30,212.68148,False,True,False,0.0,22.17,25.2559,-3.552713678800501e-15,1.4405059610445967
2024-07-15 18:00:00,2024-07-15,18,32,32,11.25,7.768283248512844,0,2,28,212.68148,False,True,False,6.25,11.25,7.0752,0.0,0.6930832485128446
2024-07-15 19:00:00,2024-07-15,19,32,32,5.92,5.28232676505946,0,3,12,212.68148,False,True,False,9.375,5.92,5.1348,0.0,0.14752676505945939
2024-07-16 06:00:00,2024-07-16,6,32,32,6.19,5.703851515520376,0,2,26,212.68148,False,True,False,6.25,6.19,4.8723,0.0,0.8315515155203759
2024-07-16 07:00:00,2024-07-16,7,32,32,13.989999999999998,16.44557499934581,0,0,28,212.68148,False,True,False,0.0,13.99,15.1974,-1.7763568394002505e-15,1.2481749993458084
2024-07-16 18:00:00,2024-07-16,18,32,32,9.77,7.190980342491926,0,2,26,212.68148,False,True,False,6.25,9.77,6.4412,0.0,0.7497803424919258
2024-07-16 19:00:00,2024-07-16,19,32,32,5.02,5.3101292814439,0,4,18,212.68148,False,True,False,12.5,5.02,5.1399,0.0,0.17022928144390015
2024-07-17 06:00:00,2024-07-17,6,32,32,4.27,5.778826101696454,0,2,3,212.68148,False,True,False,6.25,4.27,4.9163,0.0,0.8625261016964547
2024-07-17 07:00:00,2024-07-17,7,32,32,5.159999999999999,16.149370447420573,0,0,19,212.68148,False,True,False,0.0,5.16,14.815,-8.881784197001252e-16,1.3343704474205733
2024-07-17 18:00:00,2024-07-17,18,32,32,6.419999999999999,6.670001291103489,0,2,25,212.68148,False,True,False,6.25,6.42,5.9647,-8.881784197001252e-16,0.7053012911034893
2024-07-17 19:00:00,2024-07-17,19,32,32,4.26,5.033841308956497,0,6,4,212.68148,False,True,False,18.75,4.26,4.8701,0.0,0.16374130895649674
2024-07-18 06:00:00,2024-07-18,6,32,32,6.9399999999999995,3.7406245348870453,0,2,20,212.68148,False,True,False,6.25,6.94,3.3676,-8.881784197001252e-16,0.37302453488704534
2024-07-18 07:00:00,2024-07-18,7,32,32,12.83,14.006291106419638,0,0,29,212.68148,False,True,False,0.0,12.83,12.8254,0.0,1.1808911064196383
2024-07-18 18:00:00,2024-07-18,18,32,32,21.06,13.4941315902651,0,2,28,212.68148,False,True,False,6.25,21.06,12.900500000000001,0.0,0.5936315902650993
2024-07-18 19:00:00,2024-07-18,19,32,32,7.77,4.778089217705536,0,10,23,212.68148,False,True,False,31.25,7.77,4.549,0.0,0.22908921770553548
2024-07-19 06:00:00,2024-07-19,6,33,33,4.25,6.387992981209284,0,2,3,218.13148,False,True,False,6.0606060606060606,4.25,5.467,0.0,0.9209929812092845
2024-07-19 07:00:00,2024-07-19,7,33,33,5.64,23.924344722325287,0,0,15,218.13148,False,True,False,0.0,5.64,22.5482,0.0,1.3761447223252858
2024-07-19 18:00:00,2024-07-19,18,33,33,4.67,11.86847480601961,0,2,9,218.13148,False,True,False,6.0606060606060606,4.67,11.2564,0.0,0.61207480601961
2024-07-19 19:00:00,2024-07-19,19,33,33,4.3,1.3656250363064157,0,17,2,218.13148,False,True,False,51.515151515151516,4.3,1.3992,0.0,-0.03357496369358426
2024-07-20 06:00:00,2024-07-20,6,33,33,8.56,3.8836729797431273,0,2,25,218.13148,False,True,False,6.0606060606060606,8.56,3.5145,0.0,0.36917297974312735
2024-07-20 07:00:00,2024-07-20,7,33,33,20.27,17.634884279513948,0,0,29,218.13148,False,True,False,0.0,20.27,16.384900000000002,0.0,1.2499842795139458
2024-07-20 18:00:00,2024-07-20,18,33,33,13.149999999999999,13.617140891605915,0,2,29,218.13148,False,True,False,6.0606060606060606,13.15,13.0148,-1.7763568394002505e-15,0.6023408916059161
2024-07-20 19:00:00,2024-07-20,19,33,33,5.57,1.1685648144959546,0,19,20,218.13148,False,True,False,57.57575757575758,5.57,1.2259,0.0,-0.05733518550404537
2024-07-21 06:00:00,2024-07-21,6,33,33,10.87,6.8802315615165535,0,2,26,218.13148,False,True,False,6.0606060606060606,10.87,5.8751,0.0,1.0051315615165537
2024-07-21 07:00:00,2024-07-21,7,33,33,37.1,28.007285470474052,0,0,30,218.13148,False,True,False,0.0,37.1,26.5915,0.0,1.4157854704740522
2024-07-21 18:00:00,2024-07-21,18,33,33,14.870000000000001,15.143176337396483,0,2,28,218.13148,False,True,False,6.0606060606060606,14.87,14.5134,1.7763568394002505e-15,0.629776337396482
2024-07-21 19:00:00,2024-07-21,19,33,33,5.9799999999999995,0.6797035042255566,0,26,21,218.13148,False,True,False,78.78787878787878,5.98,0.7188,-8.881784197001252e-16,-0.03909649577444341
2024-07-22 06:00:00,2024-07-22,6,33,33,9.33,6.643924547060771,0,2,26,218.13148,False,True,False,6.0606060606060606,9.33,5.6678,0.0,0.9761245470607713
2024-07-22 07:00:00,2024-07-22,7,33,33,32.32,21.723675785553716,0,0,29,218.13148,False,True,False,0.0,32.32,20.4041,0.0,1.3195757855537167
2024-07-22 18:00:00,2024-07-22,18,33,33,17.53,14.295824248617171,0,2,29,218.13148,False,True,False,6.0606060606060606,17.53,13.6731,0.0,0.6227242486171711
2024-07-22 19:00:00,2024-07-22,19,33,33,5.79,0.3189639012434504,0,30,16,218.13148,False,True,False,90.9090909090909,5.79,0.3584,0.0,-0.039436098756549576
2024-07-23 06:00:00,2024-07-23,6,33,33,8.29,6.89597874081657,0,2,26,218.13148,False,True,False,6.0606060606060606,8.29,5.8796,0.0,1.0163787408165703
2024-07-23 07:00:00,2024-07-23,7,33,33,17.85,29.733360586502393,0,0,29,218.13148,False,True,False,0.0,17.85,28.1965,0.0,1.5368605865023923
2024-07-23 18:00:00,2024-07-23,18,33,33,13.899999999999999,12.739060977658763,0,2,29,218.13148,False,True,False,6.0606060606060606,13.9,12.0951,-1.7763568394002505e-15,0.6439609776587627
2024-07-23 19:00:00,2024-07-23,19,33,33,5.359999999999999,0.08336336514946567,0,32,10,218.13148,False,True,False,96.96969696969697,5.36,0.11910000000000001,-8.881784197001252e-16,-0.03573663485053434
2024-07-24 06:00:00,2024-07-24,6,33,33,9.67,6.843388767476395,0,2,25,218.13148,False,True,False,6.0606060606060606,9.67,5.8427,0.0,1.0006887674763956
2024-07-24 07:00:00,2024-07-24,7,33,33,33.12,26.348316637470454,0,0,30,218.13148,False,True,False,0.0,33.12,24.9522,0.0,1.3961166374704526
2024-07-24 18:00:00,2024-07-24,18,33,33,23.87,15.669738702955835,0,2,31,218.13148,False,True,False,6.0606060606060606,23.87,15.1004,0.0,0.5693387029558341
2024-07-24 19:00:00,2024-07-24,19,33,33,5.92,0.0,0,33,19,218.13148,True,True,True,100.0,5.92,0.0,0.0,0.0
2024-07-25 06:00:00,2024-07-25,6,33,33,10.51,6.713101325658793,0,2,26,218.13148,False,True,False,6.0606060606060606,10.51,5.7313,0.0,0.9818013256587932
2024-07-25 07:00:00,2024-07-25,7,33,33,35.57,29.580019660783986,0,0,30,218.13148,False,True,False,0.0,35.57,28.1085,0.0,1.4715196607839864
2024-07-25 18:00:00,2024-07-25,18,33,33,17.71,13.619711210895744,0,2,31,218.13148,False,True,False,6.0606060606060606,17.71,13.0443,0.0,0.5754112108957443
2024-07-25 19:00:00,2024-07-25,19,33,33,6.619999999999999,0.0,0,33,16,218.13148,True,True,True,100.0,6.62,0.0,-8.881784197001252e-16,0.0
2024-07-26 06:00:00,2024-07-26,6,33,33,11.68,6.662483287741872,0,2,26,218.13148,False,True,False,6.0606060606060606,11.68,5.6891,0.0,0.9733832877418722
2024-07-26 07:00:00,2024-07-26,7,33,33,31.64,27.87238410074039,0,0,30,218.13148,False,True,False,0.0,31.64,26.4554,0.0,1.4169841007403896
2024-07-26 18:00:00,2024-07-26,18,33,33,13.02,10.977320064067525,0,2,30,218.13148,False,True,False,6.0606060606060606,13.02,10.3307,0.0,0.646620064067525
2024-07-26 19:00:00,2024-07-26,19,33,33,6.609999999999999,0.0,0,33,22,218.13148,True,True,True,100.0,6.61,0.0,-8.881784197001252e-16,0.0
2024-07-27 06:00:00,2024-07-27,6,33,33,7.21,3.8232633695248586,0,2,18,218.13148,False,True,False,6.0606060606060606,7.21,3.4603,0.0,0.3629633695248584
2024-07-27 07:00:00,2024-07-27,7,33,33,17.25,16.128021960578483,0,0,29,218.13148,False,True,False,0.0,17.25,14.8602,0.0,1.2678219605784822
2024-07-27 18:00:00,2024-07-27,18,33,33,7.119999999999999,8.900357353937709,0,2,26,218.13148,False,True,False,6.0606060606060606,7.12,8.1843,-8.881784197001252e-16,0.7160573539377086
2024-07-27 19:00:00,2024-07-27,19,33,33,4.31,0.0,0,33,4,218.13148,True,True,True,100.0,4.31,0.0,0.0,0.0
2024-07-28 06:00:00,2024-07-28,6,33,33,10.209999999999999,6.684957853780178,0,2,25,218.13148,False,True,False,6.0606060606060606,10.21,5.7079,-1.7763568394002505e-15,0.9770578537801775
2024-07-28 07:00:00,2024-07-28,7,33,33,28.66,30.299220530644646,0,0,30,218.13148,False,True,False,0.0,28.66,28.8371,0.0,1.462120530644647
2024-07-28 18:00:00,2024-07-28,18,33,33,18.34,15.615320922416174,0,2,31,218.13148,False,True,False,6.0606060606060606,18.34,15.0517,0.0,0.5636209224161739
2024-07-28 19:00:00,2024-07-28,19,33,33,6.13,0.0,0,33,9,218.13148,True,True,True,100.0,6.13,0.0,0.0,0.0
2024-07-29 06:00:00,2024-07-29,6,33,33,9.99,6.7914141239001005,0,2,27,218.13148,False,True,False,6.0606060606060606,9.99,5.7992,0.0,0.9922141239001006
2024-07-29 07:00:00,2024-07-29,7,33,33,35.52,31.56503639718921,0,0,31,218.13148,False,True,False,0.0,35.52,30.0677,0.0,1.497336397189212
2024-07-29 18:00:00,2024-07-29,18,33,33,19.66,17.035751710235292,0,2,31,218.13148,False,True,False,6.0606060606060606,19.66,16.5157,0.0,0.5200517102352933
2024-07-29 19:00:00,2024-07-29,19,33,33,7.32,0.0,0,33,17,218.13148,True,True,True,100.0,7.32,0.0,0.0,0.0
2024-07-30 06:00:00,2024-07-30,6,33,33,10.27,6.707784606363932,0,2,26,218.13148,False,True,False,6.0606060606060606,10.27,5.7292000000000005,0.0,0.9785846063639312
2024-07-30 07:00:00,2024-07-30,7,33,33,35.32,31.472499654553673,0,0,31,218.13148,False,True,False,0.0,35.32,29.9861,0.0,1.4863996545536722
2024-07-30 18:00:00,2024-07-30,18,33,33,16.93,15.067800667079869,0,2,31,218.13148,False,True,False,6.0606060606060606,16.93,14.4724,0.0,0.5954006670798684
2024-07-30 19:00:00,2024-07-30,19,33,33,5.4799999999999995,0.0,0,33,20,218.13148,True,True,True,100.0,5.48,0.0,-8.881784197001252e-16,0.0
2024-07-31 06:00:00,2024-07-31,6,33,33,9.84,6.631855087638485,0,2,28,218.13148,False,True,False,6.0606060606060606,9.84,5.6687,0.0,0.9631550876384845
2024-07-31 07:00:00,2024-07-31,7,33,33,34.09,31.09643681689239,0,0,31,218.13148,False,True,False,0.0,34.09,29.6366,0.0,1.4598368168923876
2024-07-31 18:00:00,2024-07-31,18,33,33,14.19,15.653173568136275,0,2,30,218.13148,False,True,False,6.0606060606060606,14.19,15.0839,0.0,0.5692735681362748
2024-07-31 19:00:00,2024-07-31,19,33,33,4.749999999999999,0.0,0,33,12,218.13148,True,True,True,100.0,4.75,0.0,-8.881784197001252e-16,0.0
2024-08-01 06:00:00,2024-08-01,6,33,33,8.44,6.342879418092889,0,2,26,218.13148,False,True,False,6.0606060606060606,8.44,5.4275,0.0,0.9153794180928889
2024-08-01 07:00:00,2024-08-01,7,33,33,27.919999999999998,28.72530135836537,0,0,31,218.13148,False,True,False,0.0,27.92,27.1355,-3.552713678800501e-15,1.5898013583653707
2024-08-01 18:00:00,2024-08-01,18,33,33,16.14,9.499796160228527,0,2,27,218.13148,False,True,False,6.0606060606060606,16.14,8.9166,0.0,0.5831961602285265
2024-08-01 19:00:00,2024-08-01,19,33,33,11.82,0.0,0,33,4,218.13148,True,True,True,100.0,11.82,0.0,0.0,0.0
2024-08-02 06:00:00,2024-08-02,6,33,33,15.77,6.115564162456486,0,2,27,218.13148,False,True,False,6.0606060606060606,15.77,5.2462,0.0,0.8693641624564856
2024-08-02 07:00:00,2024-08-02,7,33,33,32.44,22.99564588688631,0,0,31,218.13148,False,True,False,0.0,32.44,21.4828,0.0,1.5128458868863106
2024-08-02 18:00:00,2024-08-02,18,33,33,28.33,15.122063282041971,0,2,31,218.13148,False,True,False,6.0606060606060606,28.33,14.5917,0.0,0.5303632820419715
2024-08-02 19:00:00,2024-08-02,19,33,33,12.370000000000001,0.0,0,33,15,218.13148,True,True,True,100.0,12.37,0.0,1.7763568394002505e-15,0.0
2024-08-03 06:00:00,2024-08-03,6,33,33,16.25,6.165771072772393,0,2,26,218.13148,False,True,False,6.0606060606060606,16.25,5.2831,0.0,0.8826710727723928
2024-08-03 07:00:00,2024-08-03,7,33,33,36.56,26.381379904195853,0,0,30,218.13148,False,True,False,0.0,36.56,24.8718,0.0,1.5095799041958529
2024-08-03 18:00:00,2024-08-03,18,33,33,23.14,13.87260615026645,0,2,31,218.13148,False,True,False,6.0606060606060606,23.14,13.3133,0.0,0.5593061502664494
2024-08-03 19:00:00,2024-08-03,19,33,33,12.16,0.0,0,33,13,218.13148,True,True,True,100.0,12.16,0.0,0.0,0.0
2024-08-04 06:00:00,2024-08-04,6,33,33,16.48,6.427423123252815,0,2,28,218.13148,False,True,False,6.0606060606060606,16.48,5.4926,0.0,0.9348231232528148
2024-08-04 07:00:00,2024-08-04,7,33,33,34.31,31.33261895566102,0,0,31,218.13148,False,True,False,0.0,34.31,29.7228,0.0,1.6098189556610194
2024-08-04 18:00:00,2024-08-04,18,33,33,14.919999999999998,14.427059446602241,0,2,31,218.13148,False,True,False,6.0606060606060606,14.92,13.8755,-1.7763568394002505e-15,0.5515594466022407
2024-08-04 19:00:00,2024-08-04,19,33,33,4.529999999999999,0.0,0,33,11,218.13148,True,True,True,100.0,4.53,0.0,-8.881784197001252e-16,0.0
2024-08-05 06:00:00,2024-08-05,6,33,33,10.489999999999998,6.451961428365916,0,2,28,218.13148,False,True,False,6.0606060606060606,10.49,5.511,-1.7763568394002505e-15,0.9409614283659158
2024-08-05 07:00:00,2024-08-05,7,33,33,31.46,32.01019172981908,0,0,31,218.13148,False,True,False,0.0,31.46,30.4201,0.0,1.5900917298190755
2024-08-05 18:00:00,2024-08-05,18,33,33,20.45,10.953598540604215,0,2,31,218.13148,False,True,False,6.0606060606060606,20.45,10.3974,0.0,0.5561985406042158
2024-08-05 19:00:00,2024-08-05,19,33,33,5.11,0.0,0,33,19,218.13148,True,True,True,100.0,5.11,0.0,0.0,0.0
2024-08-06 06:00:00,2024-08-06,6,33,33,6.64,3.9780210364467083,0,2,20,218.13148,False,True,False,6.0606060606060606,6.64,3.5905,0.0,0.3875210364467083
2024-08-06 07:00:00,2024-08-06,7,33,33,14.58,26.884784076801576,0,0,27,218.13148,False,True,False,0.0,14.58,25.3232,0.0,1.5615840768015765
2024-08-06 18:00:00,2024-08-06,18,33,33,18.439999999999998,7.573555303359021,0,2,30,218.13148,False,True,False,6.0606060606060606,18.44,7.0104,-3.552713678800501e-15,0.5631553033590215
2024-08-06 19:00:00,2024-08-06,19,33,33,5.6499999999999995,0.0,0,33,12,218.13148,True,True,True,100.0,5.65,0.0,-8.881784197001252e-16,0.0
2024-08-07 06:00:00,2024-08-07,6,33,33,8.67,6.3490364603018445,0,2,25,218.13148,False,True,False,6.0606060606060606,8.67,5.4302,0.0,0.9188364603018444
2024-08-07 07:00:00,2024-08-07,7,33,33,32.95,31.075396900045252,0,0,29,218.13148,False,True,False,0.0,32.95,29.4666,0.0,1.6087969000452524
2024-08-07 18:00:00,2024-08-07,18,33,33,13.66,11.753760138692542,0,2,31,218.13148,False,True,False,6.0606060606060606,13.66,11.1994,0.0,0.554360138692541
2024-08-07 19:00:00,2024-08-07,19,33,33,4.659999999999999,0.0,0,33,6,218.13148,True,True,True,100.0,4.66,0.0,-8.881784197001252e-16,0.0
2024-08-08 06:00:00,2024-08-08,6,33,33,5.709999999999999,3.8148100873856277,0,2,16,218.13148,False,True,False,6.0606060606060606,5.71,3.4554,-8.881784197001252e-16,0.35941008738562763
2024-08-08 07:00:00,2024-08-08,7,33,33,10.639999999999999,18.414731625997835,0,0,18,218.13148,False,True,False,0.0,10.64,16.9736,-1.7763568394002505e-15,1.4411316259978335
2024-08-08 18:00:00,2024-08-08,18,33,33,14.15,12.73767697344273,0,2,31,218.13148,False,True,False,6.0606060606060606,14.15,12.2313,0.0,0.5063769734427304
2024-08-08 19:00:00,2024-08-08,19,33,33,4.7,0.0,0,33,9,218.13148,True,True,True,100.0,4.7,0.0,0.0,0.0
2024-08-09 06:00:00,2024-08-09,6,33,33,8.38,6.161649194948559,0,2,27,218.13148,False,True,False,6.0606060606060606,8.38,5.2701,0.0,0.891549194948559
2024-08-09 07:00:00,2024-08-09,7,33,33,28.240000000000002,27.6367799981403,0,0,30,218.13148,False,True,False,0.0,28.24,26.134900000000002,3.552713678800501e-15,1.5018799981403
2024-08-09 18:00:00,2024-08-09,18,33,33,15.6,12.875376630138563,0,2,31,218.13148,False,True,False,6.0606060606060606,15.6,12.3098,0.0,0.5655766301385636
2024-08-09 19:00:00,2024-08-09,19,33,33,4.4799999999999995,0.0,0,33,8,218.13148,True,True,True,100.0,4.48,0.0,-8.881784197001252e-16,0.0
2024-08-10 06:00:00,2024-08-10,6,33,33,11.25,6.164801746534798,0,2,25,218.13148,False,True,False,6.0606060606060606,11.25,5.2768,0.0,0.8880017465347985
2024-08-10 07:00:00,2024-08-10,7,33,33,33.769999999999996,30.29471672311304,0,0,31,218.13148,False,True,False,0.0,33.77,28.7199,-7.105427357601002e-15,1.5748167231130417
2024-08-10 18:00:00,2024-08-10,18,33,33,7.71,11.511204901690656,0,2,27,218.13148,False,True,False,6.0606060606060606,7.71,10.9032,0.0,0.6080049016906557
2024-08-10 19:00:00,2024-08-10,19,33,33,4.919999999999999,0.0,0,33,11,218.13148,True,True,True,100.0,4.92,0.0,-8.881784197001252e-16,0.0
2024-08-11 06:00:00,2024-08-11,6,33,33,7.58,3.9163756242772894,0,2,22,218.13148,False,True,False,6.0606060606060606,7.58,3.5376000000000003,0.0,0.37877562427728906
2024-08-11 07:00:00,2024-08-11,7,33,33,24.73,27.683802839849783,0,0,29,218.13148,False,True,False,0.0,24.73,26.1913,0.0,1.4925028398497844
2024-08-11 18:00:00,2024-08-11,18,33,33,14.28,13.985546065741786,0,2,31,218.13148,False,True,False,6.0606060606060606,14.28,13.4895,0.0,0.4960460657417869
2024-08-11 19:00:00,2024-08-11,19,33,33,4.359999999999999,0.0,0,33,5,218.13148,True,True,True,100.0,4.36,0.0,-8.881784197001252e-16,0.0
2024-08-12 06:00:00,2024-08-12,6,33,33,8.11,3.9525670362746244,0,2,24,218.13148,False,True,False,6.0606060606060606,8.11,3.567,0.0,0.3855670362746242
2024-08-12 07:00:00,2024-08-12,7,33,33,32.09,31.02564511721049,0,0,30,218.13148,False,True,False,0.0,32.09,29.4683,0.0,1.5573451172104917
2024-08-12 18:00:00,2024-08-12,18,33,33,13.66,14.045909180534016,0,2,31,218.13148,False,True,False,6.0606060606060606,13.66,13.5426,0.0,0.503309180534016
2024-08-12 19:00:00,2024-08-12,19,33,33,4.5200000000000005,0.0,0,33,7,218.13148,True,True,True,100.0,4.52,0.0,8.881784197001252e-16,0.0
2024-08-13 06:00:00,2024-08-13,6,33,33,9.32,6.002258970647321,0,2,27,218.13148,False,True,False,6.0606060606060606,9.32,5.145,0.0,0.8572589706473215
2024-08-13 07:00:00,2024-08-13,7,33,33,33.56,28.039679097763464,0,0,31,218.13148,False,True,False,0.0,33.56,26.5195,0.0,1.5201790977634637
2024-08-13 18:00:00,2024-08-13,18,33,33,10.33,11.46031433765333,0,2,31,218.13148,False,True,False,6.0606060606060606,10.33,10.9444,0.0,0.5159143376533297
2024-08-13 19:00:00,2024-08-13,19,33,33,4.4799999999999995,0.0,0,33,7,218.13148,True,True,True,100.0,4.48,0.0,-8.881784197001252e-16,0.0
2024-08-14 06:00:00,2024-08-14,6,33,33,7.92,3.7584590267683353,0,2,27,218.13148,False,True,False,6.0606060606060606,7.92,3.4048,0.0,0.3536590267683355
2024-08-14 07:00:00,2024-08-14,7,33,33,13.98,20.279464557949762,0,0,31,218.13148,False,True,False,0.0,13.98,18.8625,0.0,1.4169645579497612
2024-08-14 18:00:00,2024-08-14,18,33,33,13.42,11.953910066948108,0,2,31,218.13148,False,True,False,6.0606060606060606,13.42,11.4282,0.0,0.5257100669481076
2024-08-14 19:00:00,2024-08-14,19,33,33,4.79,0.0,0,33,8,218.13148,True,True,True,100.0,4.79,0.0,0.0,0.0
2024-08-15 06:00:00,2024-08-15,6,33,33,8.0,3.8713193195197353,0,2,23,218.13148,False,True,False,6.0606060606060606,8.0,3.4984,0.0,0.3729193195197351
2024-08-15 07:00:00,2024-08-15,7,33,33,26.45,27.69889741805781,0,0,30,218.13148,False,True,False,0.0,26.45,26.212,0.0,1.4868974180578114
2024-08-15 18:00:00,2024-08-15,18,33,33,12.65,12.053744899591806,0,2,30,218.13148,False,True,False,6.0606060606060606,12.65,11.549900000000001,0.0,0.5038448995918046
2024-08-15 19:00:00,2024-08-15,19,33,33,4.3,0.0,0,33,5,218.13148,True,True,True,100.0,4.3,0.0,0.0,0.0
2024-08-16 06:00:00,2024-08-16,6,33,33,7.54,3.852564031908797,0,2,24,218.13148,False,True,False,6.0606060606060606,7.54,3.4835000000000003,0.0,0.3690640319087968
2024-08-16 07:00:00,2024-08-16,7,33,33,20.4,25.627791202760843,0,0,30,218.13148,False,True,False,0.0,20.4,24.2287,0.0,1.399091202760843
2024-08-16 18:00:00,2024-08-16,18,33,33,11.51,12.159208968956177,0,2,29,218.13148,False,True,False,6.0606060606060606,11.51,11.6547,0.0,0.504508968956177
2024-08-16 19:00:00,2024-08-16,19,33,33,4.27,0.0,0,33,4,218.13148,True,True,True,100.0,4.27,0.0,0.0,0.0
2024-08-17 06:00:00,2024-08-17,6,33,33,8.2,3.8562735175983027,0,2,25,218.13148,False,True,False,6.0606060606060606,8.2,3.4865,0.0,0.3697735175983028
2024-08-17 07:00:00,2024-08-17,7,33,33,31.36,26.863530743102366,0,0,30,218.13148,False,True,False,0.0,31.36,25.4234,0.0,1.4401307431023653
2024-08-17 18:00:00,2024-08-17,18,33,33,12.16,12.00794498634989,0,2,30,218.13148,False,True,False,6.0606060606060606,12.16,11.5285,0.0,0.4794449863498915
2024-08-17 19:00:00,2024-08-17,19,33,33,4.29,0.0,0,33,6,218.13148,True,True,True,100.0,4.29,0.0,0.0,0.0
2024-08-18 06:00:00,2024-08-18,6,33,33,6.6,3.870535452110361,0,2,22,218.13148,False,True,False,6.0606060606060606,6.6,3.4969,0.0,0.37363545211036087
2024-08-18 07:00:00,2024-08-18,7,33,33,25.62,27.79399755536724,0,0,30,218.13148,False,True,False,0.0,25.62,26.3135,0.0,1.48049755536724
2024-08-18 18:00:00,2024-08-18,18,33,33,13.35,10.237886788182646,0,2,31,218.13148,False,True,False,6.0606060606060606,13.35,9.6997,0.0,0.5381867881826459
2024-08-18 19:00:00,2024-08-18,19,33,33,4.29,0.0,0,33,5,218.13148,True,True,True,100.0,4.29,0.0,0.0,0.0
2024-08-19 06:00:00,2024-08-19,6,33,33,6.09,3.728979510820056,0,2,21,218.13148,False,True,False,6.0606060606060606,6.09,3.3723,0.0,0.3566795108200558
2024-08-19 07:00:00,2024-08-19,7,33,33,30.13,22.71940957157475,0,0,30,218.13148,False,True,False,0.0,30.13,21.3375,0.0,1.3819095715747522
2024-08-19 18:00:00,2024-08-19,18,33,33,4.97,6.28158548775306,0,2,21,218.13148,False,True,False,6.0606060606060606,4.97,5.6576,0.0,0.6239854877530595
2024-08-19 19:00:00,2024-08-19,19,33,33,4.249999999999999,0.0,0,33,3,218.13148,True,True,True,100.0,4.25,0.0,-8.881784197001252e-16,0.0
2024-08-20 06:00:00,2024-08-20,6,34,34,5.35,3.7703392745833013,0,2,10,224.21148,False,True,False,5.88235294117647,5.35,3.3988,0.0,0.37153927458330127
2024-08-20 07:00:00,2024-08-20,7,34,34,6.53,16.415946023046725,0,0,21,224.21148,False,True,False,0.0,6.53,15.0236,0.0,1.3923460230467253
2024-08-20 18:00:00,2024-08-20,18,34,34,12.979999999999999,6.628787691282764,0,2,30,224.21148,False,True,False,5.88235294117647,12.98,6.0151,-1.7763568394002505e-15,0.613687691282764
2024-08-20 19:00:00,2024-08-20,19,34,34,5.199999999999999,0.0,0,34,6,224.21148,True,True,True,100.0,5.2,0.0,-8.881784197001252e-16,0.0
2024-08-21 06:00:00,2024-08-21,6,34,34,8.059999999999999,3.904018149329129,0,2,24,224.21148,False,True,False,5.88235294117647,8.06,3.5106,-1.7763568394002505e-15,0.39341814932912866
2024-08-21 07:00:00,2024-08-21,7,34,34,20.09,21.69512456489075,0,0,32,224.21148,False,True,False,0.0,20.09,20.2055,0.0,1.4896245648907502
2024-08-21 18:00:00,2024-08-21,18,34,34,13.39,6.585683091021664,0,2,31,224.21148,False,True,False,5.88235294117647,13.39,5.9190000000000005,0.0,0.6666830910216639
2024-08-21 19:00:00,2024-08-21,19,34,34,5.58,0.0,0,34,9,224.21148,True,True,True,100.0,5.58,0.0,0.0,0.0
2024-08-22 06:00:00,2024-08-22,6,34,34,6.14,4.005450045371386,0,2,19,224.21148,False,True,False,5.88235294117647,6.14,3.5999,0.0,0.4055500453713865
2024-08-22 07:00:00,2024-08-22,7,34,34,28.259999999999998,27.514639419180334,0,0,31,224.21148,False,True,False,0.0,28.26,25.9688,-3.552713678800501e-15,1.5458394191803322
2024-08-22 18:00:00,2024-08-22,18,34,34,11.35,11.709523142561913,0,2,31,224.21148,False,True,False,5.88235294117647,11.35,11.1507,0.0,0.5588231425619128
2024-08-22 19:00:00,2024-08-22,19,34,34,4.26,0.0,0,34,4,224.21148,True,True,True,100.0,4.26,0.0,0.0,0.0
2024-08-23 06:00:00,2024-08-23,6,34,34,7.4,4.073350461127341,0,2,23,224.21148,False,True,False,5.88235294117647,7.4,3.6573,0.0,0.416050461127341
2024-08-23 07:00:00,2024-08-23,7,34,34,28.009999999999998,28.07126643559732,0,0,31,224.21148,False,True,False,0.0,28.01,26.4844,-3.552713678800501e-15,1.5868664355973188
2024-08-23 18:00:00,2024-08-23,18,34,34,11.15,10.979992296997345,0,2,31,224.21148,False,True,False,5.88235294117647,11.15,10.374600000000001,0.0,0.6053922969973442
2024-08-23 19:00:00,2024-08-23,19,34,34,4.22,0.0,0,34,1,224.21148,True,True,True,100.0,4.22,0.0,0.0,0.0
2024-08-24 06:00:00,2024-08-24,6,34,34,6.8,3.99805382612719,0,2,23,224.21148,False,True,False,5.88235294117647,6.8,3.5949999999999998,0.0,0.4030538261271901
2024-08-24 07:00:00,2024-08-24,7,34,34,26.47,22.96834346751009,0,0,31,224.21148,False,True,False,0.0,26.47,21.4466,0.0,1.5217434675100883
2024-08-24 18:00:00,2024-08-24,18,34,34,8.64,11.644541199986483,0,2,31,224.21148,False,True,False,5.88235294117647,8.64,11.0384,0.0,0.6061411999864834
2024-08-24 19:00:00,2024-08-24,19,34,34,1.33,0.0,0,34,2,224.21148,True,True,True,100.0,1.33,0.0,0.0,0.0
2024-08-25 06:00:00,2024-08-25,6,34,34,4.55,3.928499378075839,0,2,24,224.21148,False,True,False,5.88235294117647,4.55,3.5342000000000002,0.0,0.3942993780758388
2024-08-25 07:00:00,2024-08-25,7,34,34,25.21,24.89858076889521,0,0,30,224.21148,False,True,False,0.0,25.21,23.4318,0.0,1.4667807688952124
2024-08-25 18:00:00,2024-08-25,18,34,34,8.6,10.74567534270521,0,2,31,224.21148,False,True,False,5.88235294117647,8.6,10.1814,0.0,0.5642753427052103
2024-08-25 19:00:00,2024-08-25,19,34,34,0.09000000000000001,0.0,0,34,4,224.21148,True,True,True,100.0,0.09,0.0,1.3877787807814457e-17,0.0
2024-08-26 06:00:00,2024-08-26,6,34,34,2.29,3.9341069741348034,0,2,25,224.21148,False,True,False,5.88235294117647,2.29,3.5378,0.0,0.39630697413480354
2024-08-26 07:00:00,2024-08-26,7,34,34,31.4,23.14073034986327,0,0,31,224.21148,False,True,False,0.0,31.4,21.6507,0.0,1.490030349863268
2024-08-26 18:00:00,2024-08-26,18,34,34,3.2,6.450693542391512,0,2,26,224.21148,False,True,False,5.88235294117647,3.2,5.8392,0.0,0.6114935423915124
2024-08-26 19:00:00,2024-08-26,19,34,34,0.06,0.0,0,34,3,224.21148,True,True,True,100.0,0.06,0.0,0.0,0.0
2024-08-27 06:00:00,2024-08-27,6,34,34,0.41,3.6807953085178453,0,2,10,224.21148,False,True,False,5.88235294117647,0.41000000000000003,3.3239,-5.551115123125783e-17,0.35689530851784523
2024-08-27 07:00:00,2024-08-27,7,34,34,15.29,17.337375446926877,0,0,30,224.21148,False,True,False,0.0,15.29,16.0015,0.0,1.3358754469268774
2024-08-27 18:00:00,2024-08-27,18,34,34,0.62,6.372163663629522,0,2,18,224.21148,False,True,False,5.88235294117647,0.62,5.7257,0.0,0.6464636636295218
2024-08-27 19:00:00,2024-08-27,19,34,34,0.02,0.0,0,34,2,224.21148,True,True,True,100.0,0.02,0.0,0.0,0.0
2024-08-28 06:00:00,2024-08-28,6,34,34,0.93,3.787154124226076,0,2,18,224.21148,False,True,False,5.88235294117647,0.93,3.4189,0.0,0.36825412422607595
2024-08-28 07:00:00,2024-08-28,7,34,34,15.61,17.06079915600943,0,0,32,224.21148,False,True,False,0.0,15.61,15.7175,0.0,1.3432991560094312
2024-08-28 18:00:00,2024-08-28,18,34,34,12.11,10.260196196661777,0,2,32,224.21148,False,True,False,5.88235294117647,12.11,9.6988,0.0,0.5613961966617769
2024-08-28 19:00:00,2024-08-28,19,34,34,6.62,0.0,0,34,5,224.21148,True,True,True,100.0,6.62,0.0,0.0,0.0
2024-08-29 06:00:00,2024-08-29,6,34,34,2.61,3.876919560975867,0,2,22,224.21148,False,True,False,5.88235294117647,2.61,3.4933,0.0,0.383619560975867
2024-08-29 07:00:00,2024-08-29,7,34,34,27.46,24.091114102825188,0,0,32,224.21148,False,True,False,0.0,27.46,22.5859,0.0,1.5052141028251889
2024-08-29 18:00:00,2024-08-29,18,34,34,7.25,10.57001884139216,0,2,32,224.21148,False,True,False,5.88235294117647,7.25,10.0124,0.0,0.557618841392161
2024-08-29 19:00:00,2024-08-29,19,34,34,2.45,0.0,0,34,4,224.21148,True,True,True,100.0,2.45,0.0,0.0,0.0
2024-08-30 06:00:00,2024-08-30,6,34,34,5.44,3.8674031387959578,0,2,27,224.21148,False,True,False,5.88235294117647,5.44,3.4842,0.0,0.3832031387959578
2024-08-30 07:00:00,2024-08-30,7,34,34,29.64,21.359685346666495,0,0,32,224.21148,False,True,False,0.0,29.64,19.8833,0.0,1.476385346666497
2024-08-30 18:00:00,2024-08-30,18,34,34,7.34,9.923410920923972,0,2,32,224.21148,False,True,False,5.88235294117647,7.34,9.3336,0.0,0.5898109209239717
2024-08-30 19:00:00,2024-08-30,19,34,34,0.0,0.0,0,34,0,224.21148,True,False,False,100.0,0.0,0.0,0.0,0.0
2024-08-31 06:00:00,2024-08-31,6,34,34,2.62,3.8595289606074195,0,2,24,224.21148,False,True,False,5.88235294117647,2.62,3.4781,0.0,0.3814289606074195
2024-08-31 07:00:00,2024-08-31,7,34,34,25.77,23.076952949259592,0,0,32,224.21148,False,True,False,0.0,25.77,21.6092,0.0,1.4677529492595909
2024-08-31 18:00:00,2024-08-31,18,34,34,5.36,10.081205013636447,0,2,32,224.21148,False,True,False,5.88235294117647,5.36,9.5188,0.0,0.5624050136364467
2024-08-31 19:00:00,2024-08-31,19,34,34,0.01,0.0,0,34,1,224.21148,True,True,True,100.0,0.01,0.0,0.0,0.0
2024-09-01 06:00:00,2024-09-01,6,34,34,2.59,3.9191145618820915,0,2,25,224.21148,False,True,False,5.88235294117647,2.59,3.5253,0.0,0.3938145618820914
2024-09-01 07:00:00,2024-09-01,7,34,34,24.810000000000002,22.27065983450097,0,0,32,224.21148,False,True,False,0.0,24.81,20.7359,3.552713678800501e-15,1.5347598345009708
2024-09-01 18:00:00,2024-09-01,18,34,34,3.9699999999999998,6.226413061228784,0,2,30,224.21148,False,True,False,5.88235294117647,3.9699999999999998,5.6004000000000005,0.0,0.6260130612287833
2024-09-01 19:00:00,2024-09-01,19,34,34,0.02,0.0,0,34,2,224.21148,True,True,True,100.0,0.02,0.0,0.0,0.0
2024-09-02 06:00:00,2024-09-02,6,34,34,0.14,3.8350577049073693,0,2,4,224.21148,False,True,False,5.88235294117647,0.14,3.4493,0.0,0.38575770490736927
2024-09-02 07:00:00,2024-09-02,7,34,34,4.23,16.760690211521418,0,0,30,224.21148,False,True,False,0.0,4.23,15.329,0.0,1.431690211521417
2024-09-02 18:00:00,2024-09-02,18,34,34,4.83,8.278195065633984,0,2,31,224.21148,False,True,False,5.88235294117647,4.83,7.612,0.0,0.6661950656339837
2024-09-02 19:00:00,2024-09-02,19,34,34,0.0,0.0,0,34,0,224.21148,True,False,False,100.0,0.0,0.0,0.0,0.0
2024-09-03 06:00:00,2024-09-03,6,34,34,2.33,6.133534330845725,0,2,23,224.21148,False,True,False,5.88235294117647,2.33,5.2289,0.0,0.9046343308457248
2024-09-03 07:00:00,2024-09-03,7,34,34,26.61,23.03338631229178,0,0,30,224.21148,False,True,False,0.0,26.61,21.4001,0.0,1.63328631229178
2024-09-03 18:00:00,2024-09-03,18,34,34,6.03,8.83254471701631,0,2,29,224.21148,False,True,False,5.88235294117647,6.03,8.1407,0.0,0.6918447170163091
2024-09-03 19:00:00,2024-09-03,19,34,34,1.5,0.0,0,34,2,224.21148,True,True,True,100.0,1.5,0.0,0.0,0.0
2024-09-04 06:00:00,2024-09-04,6,34,34,3.63,6.115782848735498,0,2,21,224.21148,False,True,False,5.88235294117647,3.63,5.2171,0.0,0.8986828487354979
2024-09-04 07:00:00,2024-09-04,7,34,34,27.0,26.09940554998259,0,0,30,224.21148,False,True,False,0.0,27.0,24.435,0.0,1.6644055499825896
2024-09-04 18:00:00,2024-09-04,18,34,34,3.87,7.408684518674602,0,2,30,224.21148,False,True,False,5.88235294117647,3.87,6.8135,0.0,0.5951845186746016
2024-09-04 19:00:00,2024-09-04,19,34,34,0.0,0.0,0,34,0,224.21148,True,False,False,100.0,0.0,0.0,0.0,0.0
2024-09-05 06:00:00,2024-09-05,6,34,34,2.05,3.8817179376465014,0,2,23,224.21148,False,True,False,5.88235294117647,2.05,3.4927,0.0,0.3890179376465013
2024-09-05 07:00:00,2024-09-05,7,34,34,21.48,22.68569550988176,0,0,30,224.21148,False,True,False,0.0,21.48,21.1616,0.0,1.5240955098817608
2024-09-05 18:00:00,2024-09-05,18,34,34,0.7100000000000001,5.87925336990524,0,2,13,224.21148,False,True,False,5.88235294117647,0.71,5.2801,1.1102230246251565e-16,0.59915336990524
2024-09-05 19:00:00,2024-09-05,19,34,34,0.0,0.0,0,34,0,224.21148,True,False,False,100.0,0.0,0.0,0.0,0.0
2024-09-06 06:00:00,2024-09-06,6,34,34,0.0,3.647721393387348,0,2,0,224.21148,False,False,False,5.88235294117647,0.0,3.29,0.0,0.35772139338734776
2024-09-06 07:00:00,2024-09-06,7,34,34,2.8600000000000003,12.315494798816804,0,0,24,224.21148,False,True,False,0.0,2.86,11.1521,4.440892098500626e-16,1.1633947988168032
2024-09-06 18:00:00,2024-09-06,18,34,34,2.5100000000000002,6.379414654421929,0,2,28,224.21148,False,True,False,5.88235294117647,2.51,5.7261,4.440892098500626e-16,0.653314654421929
2024-09-06 19:00:00,2024-09-06,19,34,34,0.01,0.0,0,34,1,224.21148,True,True,True,100.0,0.01,0.0,0.0,0.0
2024-09-07 06:00:00,2024-09-07,6,34,34,1.67,3.853837679443441,0,2,20,224.21148,False,True,False,5.88235294117647,1.67,3.4679,0.0,0.3859376794434408
2024-09-07 07:00:00,2024-09-07,7,34,34,18.32,22.54094338761665,0,0,30,224.21148,False,True,False,0.0,18.32,20.9706,0.0,1.5703433876166493
2024-09-07 18:00:00,2024-09-07,18,34,34,2.5300000000000002,6.598617199280381,0,2,28,224.21148,False,True,False,5.88235294117647,2.5300000000000002,5.94,0.0,0.6586171992803802
2024-09-07 19:00:00,2024-09-07,19,34,34,0.0,0.0,0,34,0,224.21148,True,False,False,100.0,0.0,0.0,0.0,0.0
2024-09-08 06:00:00,2024-09-08,6,34,34,1.74,3.895032048910582,0,2,21,224.21148,False,True,False,5.88235294117647,1.74,3.504,0.0,0.39103204891058185
2024-09-08 07:00:00,2024-09-08,7,34,34,26.7,22.60036396148648,0,0,31,224.21148,False,True,False,0.0,26.7,21.084,0.0,1.51636396148648
2024-09-08 18:00:00,2024-09-08,18,34,34,2.83,6.691479091601638,0,2,30,224.21148,False,True,False,5.88235294117647,2.83,6.0188,0.0,0.6726790916016379
2024-09-08 19:00:00,2024-09-08,19,34,34,0.0,0.0,0,34,0,224.21148,True,False,False,100.0,0.0,0.0,0.0,0.0
2024-09-09 06:00:00,2024-09-09,6,34,34,1.6600000000000001,3.857628969952564,0,2,20,224.21148,False,True,False,5.88235294117647,1.6600000000000001,3.4734,0.0,0.3842289699525643
2024-09-09 07:00:00,2024-09-09,7,34,34,27.09,22.164624760059883,0,0,31,224.21148,False,True,False,0.0,27.09,20.65,0.0,1.5146247600598848
2024-09-09 18:00:00,2024-09-09,18,34,34,2.56,6.554393358815285,0,2,30,224.21148,False,True,False,5.88235294117647,2.56,5.8823,0.0,0.6720933588152853
2024-09-09 19:00:00,2024-09-09,19,34,34,0.01,0.0,0,34,1,224.21148,True,True,True,100.0,0.01,0.0,0.0,0.0
2024-09-10 06:00:00,2024-09-10,6,34,34,1.55,3.847397301542048,0,2,22,224.21148,False,True,False,5.88235294117647,1.55,3.4637000000000002,0.0,0.38369730154204795
2024-09-10 07:00:00,2024-09-10,7,34,34,24.29,20.457390747739723,0,0,31,224.21148,False,True,False,0.0,24.29,19.0234,0.0,1.433990747739724
2024-09-10 18:00:00,2024-09-10,18,34,34,4.640000000000001,6.478056884653077,0,2,32,224.21148,False,True,False,5.88235294117647,4.64,5.8068,8.881784197001252e-16,0.6712568846530766
2024-09-10 19:00:00,2024-09-10,19,34,34,0.01,0.0,0,34,1,224.21148,True,True,True,100.0,0.01,0.0,0.0,0.0
2024-09-11 06:00:00,2024-09-11,6,34,34,0.19,3.545159720243724,0,3,6,224.21148,False,True,False,8.823529411764707,0.19,3.202,0.0,0.3431597202437242
2024-09-11 07:00:00,2024-09-11,7,34,34,7.57,10.951321250176544,0,0,31,224.21148,False,True,False,0.0,7.57,9.7344,0.0,1.2169212501765436
2024-09-11 18:00:00,2024-09-11,18,34,34,0.36,5.383915753377987,0,3,10,224.21148,False,True,False,8.823529411764707,0.36,4.8463,0.0,0.5376157533779864
2024-09-11 19:00:00,2024-09-11,19,34,34,0.05,0.0,0,34,4,224.21148,True,True,True,100.0,0.05,0.0,0.0,0.0
2024-09-12 06:00:00,2024-09-12,6,34,34,0.08,3.5861247190722056,0,3,6,224.21148,False,True,False,8.823529411764707,0.08,3.2401,0.0,0.34602471907220567
2024-09-12 07:00:00,2024-09-12,7,34,34,9.93,10.32287879866088,0,0,31,224.21148,False,True,False,0.0,9.93,9.1989,0.0,1.1239787986608807
2024-09-12 18:00:00,2024-09-12,18,34,34,1.25,5.523025987936809,0,4,22,224.21148,False,True,False,11.76470588235294,1.25,4.9507,0.0,0.572325987936809
2024-09-12 19:00:00,2024-09-12,19,34,34,0.02,0.0,0,34,2,224.21148,True,True,True,100.0,0.02,0.0,0.0,0.0
2024-09-13 06:00:00,2024-09-13,6,34,34,0.14,3.7490993379299815,0,2,5,224.21148,False,True,False,5.88235294117647,0.14,3.3824,0.0,0.36669933792998144
2024-09-13 07:00:00,2024-09-13,7,34,34,8.88,16.8869388207576,0,0,31,224.21148,False,True,False,0.0,8.88,15.5172,0.0,1.3697388207575987
2024-09-13 18:00:00,2024-09-13,18,34,34,3.45,1.7047887160760744,0,15,20,224.21148,False,True,False,44.11764705882353,3.45,1.7286000000000001,0.0,-0.02381128392392573
2024-09-13 19:00:00,2024-09-13,19,34,34,0.02,0.0,0,34,2,224.21148,True,True,True,100.0,0.02,0.0,0.0,0.0
2024-09-14 06:00:00,2024-09-14,6,34,34,0.16,3.6055370458617633,0,3,5,224.21148,False,True,False,8.823529411764707,0.16,3.2559,0.0,0.34963704586176325
2024-09-14 07:00:00,2024-09-14,7,34,34,7.71,14.7253706279698,0,0,29,224.21148,False,True,False,0.0,7.71,13.411200000000001,0.0,1.3141706279697996
2024-09-14 18:00:00,2024-09-14,18,34,34,0.22,0.12622988867724214,0,32,8,224.21148,False,True,False,94.11764705882352,0.22,0.162,0.0,-0.03577011132275787
2024-09-14 19:00:00,2024-09-14,19,34,34,0.01,0.0,0,34,1,224.21148,True,True,True,100.0,0.01,0.0,0.0,0.0
2024-09-15 06:00:00,2024-09-15,6,34,34,0.05,3.6641823306401253,0,3,4,224.21148,False,True,False,8.823529411764707,0.05,3.2611,0.0,0.40308233064012544
2024-09-15 07:00:00,2024-09-15,7,34,34,7.89,13.413357005322075,0,0,29,224.21148,False,True,False,0.0,7.89,12.1043,0.0,1.3090570053220745
2024-09-15 18:00:00,2024-09-15,18,34,34,1.06,0.0,0,34,23,224.21148,True,True,True,100.0,1.06,0.0,0.0,0.0
2024-09-15 19:00:00,2024-09-15,19,34,34,0.01,0.0,0,34,1,224.21148,True,True,True,100.0,0.01,0.0,0.0,0.0
2024-09-16 06:00:00,2024-09-16,6,34,34,1.12,3.5467549402620033,0,5,22,224.21148,False,True,False,14.705882352941178,1.12,3.157,0.0,0.3897549402620033
2024-09-16 07:00:00,2024-09-16,7,34,34,22.6,17.533054666857335,0,0,32,224.21148,False,True,False,0.0,22.6,16.1898,0.0,1.3432546668573337
2024-09-16 18:00:00,2024-09-16,18,34,34,0.74,0.0,0,34,13,224.21148,True,True,True,100.0,0.74,0.0,0.0,0.0
2024-09-16 19:00:00,2024-09-16,19,34,34,0.1,0.0,0,34,1,224.21148,True,True,True,100.0,0.1,0.0,0.0,0.0
2024-09-17 06:00:00,2024-09-17,6,34,34,0.9099999999999999,3.2236542034107614,0,8,12,224.21148,False,True,False,23.52941176470588,0.91,2.8668,-1.1102230246251565e-16,0.35685420341076135
2024-09-17 07:00:00,2024-09-17,7,34,34,4.44,14.471747542191856,0,0,30,224.21148,False,True,False,0.0,4.44,13.1826,0.0,1.2891475421918557
2024-09-17 18:00:00,2024-09-17,18,34,34,0.05,0.0,0,34,3,224.21148,True,True,True,100.0,0.05,0.0,0.0,0.0
2024-09-17 19:00:00,2024-09-17,19,34,34,0.0,0.0,0,34,0,224.21148,True,False,False,100.0,0.0,0.0,0.0,0.0
2024-09-18 06:00:00,2024-09-18,6,34,34,0.79,0.7620362141381914,0,27,17,224.21148,False,True,False,79.41176470588235,0.79,0.6919000000000001,0.0,0.07013621413819138
2024-09-18 07:00:00,2024-09-18,7,34,34,24.09,18.419233307485282,0,0,32,224.21148,False,True,False,0.0,24.09,16.975,0.0,1.4442333074852804
2024-09-18 18:00:00,2024-09-18,18,34,34,0.62,0.0,0,34,12,224.21148,True,True,True,100.0,0.62,0.0,0.0,0.0
2024-09-18 19:00:00,2024-09-18,19,34,34,0.01,0.0,0,34,1,224.21148,True,True,True,100.0,0.01,0.0,0.0,0.0
2024-09-19 06:00:00,2024-09-19,6,34,34,0.56,0.613972346077687,0,30,14,224.21148,False,True,False,88.23529411764706,0.56,0.5529000000000001,0.0,0.06107234607768697
2024-09-19 07:00:00,2024-09-19,7,34,34,22.88,18.26002995247053,0,0,32,224.21148,False,True,False,0.0,22.88,16.837,0.0,1.4230299524705288
2024-09-19 18:00:00,2024-09-19,18,34,34,1.48,0.0,0,34,16,224.21148,True,True,True,100.0,1.48,0.0,0.0,0.0
2024-09-19 19:00:00,2024-09-19,19,34,34,0.9400000000000001,0.0,0,34,2,224.21148,True,True,True,100.0,0.9400000000000001,0.0,0.0,0.0
2024-09-20 06:00:00,2024-09-20,6,34,34,0.41000000000000003,0.3865916490203778,0,32,6,224.21148,False,True,False,94.11764705882352,0.41000000000000003,0.34740000000000004,0.0,0.03919164902037775
2024-09-20 07:00:00,2024-09-20,7,34,34,13.3,16.257970031070258,0,0,32,224.21148,False,True,False,0.0,13.3,14.9487,0.0,1.3092700310702572
2024-09-20 18:00:00,2024-09-20,18,34,34,0.31,0.0,0,34,6,224.21148,True,True,True,100.0,0.31,0.0,0.0,0.0
2024-09-20 19:00:00,2024-09-20,19,34,34,0.03,0.0,0,34,2,224.21148,True,True,True,100.0,0.03,0.0,0.0,0.0
2024-09-21 06:00:00,2024-09-21,6,34,34,0.01,0.0,0,34,1,224.21148,True,True,True,100.0,0.01,0.0,0.0,0.0
2024-09-21 07:00:00,2024-09-21,7,34,34,3.2,17.214052239129643,0,0,28,224.21148,False,True,False,0.0,3.2,15.7975,0.0,1.4165522391296435
2024-09-21 18:00:00,2024-09-21,18,34,34,0.41000000000000003,0.0,0,34,12,224.21148,True,True,True,100.0,0.41000000000000003,0.0,0.0,0.0
2024-09-21 19:00:00,2024-09-21,19,34,34,0.01,0.0,0,34,1,224.21148,True,True,True,100.0,0.01,0.0,0.0,0.0
2024-09-22 06:00:00,2024-09-22,6,34,34,0.41000000000000003,0.0,0,34,12,224.21148,True,True,True,100.0,0.41000000000000003,0.0,0.0,0.0
2024-09-22 07:00:00,2024-09-22,7,34,34,25.55,20.717646743471825,0,0,31,224.21148,False,True,False,0.0,25.55,19.1845,0.0,1.533146743471825
2024-09-22 18:00:00,2024-09-22,18,34,34,1.98,0.0,0,34,12,224.21148,True,True,True,100.0,1.98,0.0,0.0,0.0
2024-09-22 19:00:00,2024-09-22,19,34,34,1.52,0.0,0,34,2,224.21148,True,True,True,100.0,1.52,0.0,0.0,0.0
2024-09-23 06:00:00,2024-09-23,6,34,34,1.93,0.0,0,34,11,224.21148,True,True,True,100.0,1.9300000000000002,0.0,-2.220446049250313e-16,0.0
2024-09-23 07:00:00,2024-09-23,7,34,34,26.54,18.550138292705135,0,0,31,224.21148,False,True,False,0.0,26.54,17.0788,0.0,1.4713382927051342
2024-09-23 18:00:00,2024-09-23,18,34,34,1.81,0.0,0,34,6,224.21148,True,True,True,100.0,1.81,0.0,0.0,0.0
2024-09-23 19:00:00,2024-09-23,19,34,34,1.52,0.0,0,34,2,224.21148,True,True,True,100.0,1.52,0.0,0.0,0.0
2024-09-24 06:00:00,2024-09-24,6,34,34,1.6300000000000001,0.0,0,34,6,224.21148,True,True,True,100.0,1.63,0.0,2.220446049250313e-16,0.0
2024-09-24 07:00:00,2024-09-24,7,34,34,22.53,15.667477377215784,0,0,31,224.21148,False,True,False,0.0,22.53,14.3106,0.0,1.356877377215783
2024-09-24 18:00:00,2024-09-24,18,34,34,0.38,0.0,0,34,8,224.21148,True,True,True,100.0,0.38,0.0,0.0,0.0
2024-09-24 19:00:00,2024-09-24,19,34,34,0.02,0.0,0,34,2,224.21148,True,True,True,100.0,0.02,0.0,0.0,0.0
2024-09-25 06:00:00,2024-09-25,6,34,34,0.24000000000000002,0.0,0,34,12,224.21148,True,True,True,100.0,0.24,0.0,2.7755575615628914e-17,0.0
2024-09-25 07:00:00,2024-09-25,7,34,34,15.75,14.107649260735872,0,0,32,224.21148,False,True,False,0.0,15.75,12.8098,0.0,1.2978492607358731
2024-09-25 18:00:00,2024-09-25,18,34,34,6.4799999999999995,0.0,0,34,7,224.21148,True,True,True,100.0,6.48,0.0,-8.881784197001252e-16,0.0
2024-09-25 19:00:00,2024-09-25,19,34,34,6.329999999999999,0.0,0,34,3,224.21148,True,True,True,100.0,6.33,0.0,-8.881784197001252e-16,0.0
2024-09-26 06:00:00,2024-09-26,6,34,34,6.38,0.0,0,34,7,224.21148,True,True,True,100.0,6.38,0.0,0.0,0.0
2024-09-26 07:00:00,2024-09-26,7,34,34,21.43,18.001008821700864,0,0,29,224.21148,False,True,False,0.0,21.43,16.5339,0.0,1.4671088217008652
2024-09-26 18:00:00,2024-09-26,18,34,34,6.47,0.0,0,34,5,224.21148,True,True,True,100.0,6.47,0.0,0.0,0.0
2024-09-26 19:00:00,2024-09-26,19,34,34,6.319999999999999,0.0,0,34,2,224.21148,True,True,True,100.0,6.32,0.0,-8.881784197001252e-16,0.0
2024-09-27 06:00:00,2024-09-27,6,34,34,6.39,0.0,0,34,6,224.21148,True,True,True,100.0,6.39,0.0,0.0,0.0
2024-09-27 07:00:00,2024-09-27,7,34,34,24.72,18.365970507681755,0,0,29,224.21148,False,True,False,0.0,24.72,16.8528,0.0,1.5131705076817568
2024-09-27 18:00:00,2024-09-27,18,34,34,6.4799999999999995,0.0,0,34,7,224.21148,True,True,True,100.0,6.48,0.0,-8.881784197001252e-16,0.0
2024-09-27 19:00:00,2024-09-27,19,34,34,6.319999999999999,0.0,0,34,2,224.21148,True,True,True,100.0,6.32,0.0,-8.881784197001252e-16,0.0
2024-09-28 06:00:00,2024-09-28,6,34,34,6.45,0.0,0,34,7,224.21148,True,True,True,100.0,6.45,0.0,0.0,0.0
2024-09-28 07:00:00,2024-09-28,7,34,34,25.45,18.30942312611246,0,0,28,224.21148,False,True,False,0.0,25.45,16.8141,0.0,1.49532312611246
2024-09-28 18:00:00,2024-09-28,18,34,34,7.6499999999999995,0.0,0,34,6,224.21148,True,True,True,100.0,7.65,0.0,-8.881784197001252e-16,0.0
2024-09-28 19:00:00,2024-09-28,19,34,34,7.5,0.0,0,34,2,224.21148,True,True,True,100.0,7.5,0.0,0.0,0.0
2024-09-29 06:00:00,2024-09-29,6,34,34,7.669999999999999,0.0,0,34,8,224.21148,True,True,True,100.0,7.67,0.0,-8.881784197001252e-16,0.0
2024-09-29 07:00:00,2024-09-29,7,34,34,25.29,18.394321486877782,0,0,30,224.21148,False,True,False,0.0,25.29,16.9486,0.0,1.4457214868777832
2024-09-29 18:00:00,2024-09-29,18,34,34,7.04,0.0,0,34,6,224.21148,True,True,True,100.0,7.04,0.0,0.0,0.0
2024-09-29 19:00:00,2024-09-29,19,34,34,7.0,0.0,0,34,5,224.21148,True,True,True,100.0,7.0,0.0,0.0,0.0
2024-09-30 06:00:00,2024-09-30,6,34,34,6.3999999999999995,0.0,0,34,5,224.21148,True,True,True,100.0,6.4,0.0,-8.881784197001252e-16,0.0
2024-09-30 07:00:00,2024-09-30,7,34,34,17.37,14.56966100257488,0,0,29,224.21148,False,True,False,0.0,17.37,13.1962,0.0,1.3734610025748815
2024-09-30 18:00:00,2024-09-30,18,34,34,6.31,0.0,0,34,1,224.21148,True,True,True,100.0,6.31,0.0,0.0,0.0
2024-09-30 19:00:00,2024-09-30,19,34,34,6.31,0.0,0,34,1,224.21148,True,True,True,100.0,6.31,0.0,0.0,0.0
2024-10-01 06:00:00,2024-10-01,6,34,34,6.31,0.0,0,34,1,224.21148,True,True,True,100.0,6.31,0.0,0.0,0.0
2024-10-01 07:00:00,2024-10-01,7,34,34,16.11,12.054090549873235,0,0,30,224.21148,False,True,False,0.0,16.11,10.7991,0.0,1.254990549873236
2024-10-01 18:00:00,2024-10-01,18,34,34,7.969999999999999,0.0,0,34,8,224.21148,True,True,True,100.0,7.97,0.0,-8.881784197001252e-16,0.0
2024-10-01 19:00:00,2024-10-01,19,34,34,7.919999999999999,0.0,0,34,5,224.21148,True,True,True,100.0,7.92,0.0,-8.881784197001252e-16,0.0
2024-10-02 06:00:00,2024-10-02,6,34,34,6.349999999999999,0.0,0,34,5,224.21148,True,True,True,100.0,6.35,0.0,-8.881784197001252e-16,0.0
2024-10-02 07:00:00,2024-10-02,7,34,34,26.97,17.578472675656634,0,0,29,224.21148,False,True,False,0.0,26.97,16.1185,0.0,1.4599726756566334
2024-10-02 18:00:00,2024-10-02,18,34,34,6.529999999999999,0.0,0,34,7,224.21148,True,True,True,100.0,6.53,0.0,-8.881784197001252e-16,0.0
2024-10-02 19:00:00,2024-10-02,19,34,34,6.329999999999999,0.0,0,34,3,224.21148,True,True,True,100.0,6.33,0.0,-8.881784197001252e-16,0.0
2024-10-03 06:00:00,2024-10-03,6,34,34,6.369999999999999,0.0,0,34,6,224.21148,True,True,True,100.0,6.37,0.0,-8.881784197001252e-16,0.0
2024-10-03 07:00:00,2024-10-03,7,34,34,26.78,17.7010403885587,0,0,29,224.21148,False,True,False,0.0,26.78,16.2512,0.0,1.4498403885586981
2024-10-03 18:00:00,2024-10-03,18,34,34,10.52,0.0,0,34,8,224.21148,True,True,True,100.0,10.52,0.0,0.0,0.0
2024-10-03 19:00:00,2024-10-03,19,34,34,10.18,0.0,0,34,2,224.21148,True,True,True,100.0,10.18,0.0,0.0,0.0
2024-10-04 06:00:00,2024-10-04,6,34,34,6.339999999999999,0.0,0,34,3,224.21148,True,True,True,100.0,6.34,0.0,-8.881784197001252e-16,0.0
2024-10-04 07:00:00,2024-10-04,7,34,34,25.17,15.815537160066977,0,0,29,224.21148,False,True,False,0.0,25.17,14.3911,0.0,1.4244371600669776
2024-10-04 18:00:00,2024-10-04,18,34,34,6.359999999999999,0.0,0,34,3,224.21148,True,True,True,100.0,6.36,0.0,-8.881784197001252e-16,0.0
2024-10-04 19:00:00,2024-10-04,19,34,34,6.31,0.0,0,34,1,224.21148,True,True,True,100.0,6.31,0.0,0.0,0.0
2024-10-05 06:00:00,2024-10-05,6,34,34,6.449999999999999,0.0,0,34,5,224.21148,True,True,True,100.0,6.45,0.0,-8.881784197001252e-16,0.0
2024-10-05 07:00:00,2024-10-05,7,34,34,20.34,12.6364440195742,0,0,29,224.21148,False,True,False,0.0,20.34,11.3416,0.0,1.2948440195741995
2024-10-05 18:00:00,2024-10-05,18,34,34,6.31,0.0,0,34,1,224.21148,True,True,True,100.0,6.31,0.0,0.0,0.0
2024-10-05 19:00:00,2024-10-05,19,34,34,6.319999999999999,0.0,0,34,2,224.21148,True,True,True,100.0,6.32,0.0,-8.881784197001252e-16,0.0
2024-10-06 06:00:00,2024-10-06,6,34,34,6.31,0.0,0,34,1,224.21148,True,True,True,100.0,6.31,0.0,0.0,0.0
2024-10-06 07:00:00,2024-10-06,7,34,34,7.13,8.452380399213983,0,0,13,224.21148,False,True,False,0.0,7.13,7.331,0.0,1.1213803992139821
2024-10-06 18:00:00,2024-10-06,18,34,34,6.329999999999999,0.0,0,34,3,224.21148,True,True,True,100.0,6.33,0.0,-8.881784197001252e-16,0.0
2024-10-06 19:00:00,2024-10-06,19,34,34,6.329999999999999,0.0,0,34,3,224.21148,True,True,True,100.0,6.33,0.0,-8.881784197001252e-16,0.0
2024-10-07 06:00:00,2024-10-07,6,34,34,6.329999999999999,0.0,0,34,3,224.21148,True,True,True,100.0,6.33,0.0,-8.881784197001252e-16,0.0
2024-10-07 07:00:00,2024-10-07,7,34,34,10.06,11.318944400290487,0,0,29,224.21148,False,True,False,0.0,10.06,10.0841,0.0,1.2348444002904877
2024-10-07 18:00:00,2024-10-07,18,34,34,6.329999999999999,0.0,0,34,3,224.21148,True,True,True,100.0,6.33,0.0,-8.881784197001252e-16,0.0
2024-10-07 19:00:00,2024-10-07,19,34,34,6.329999999999999,0.0,0,34,3,224.21148,True,True,True,100.0,6.33,0.0,-8.881784197001252e-16,0.0
2024-10-08 06:00:00,2024-10-08,6,34,34,6.329999999999999,0.0,0,34,3,224.21148,True,True,True,100.0,6.33,0.0,-8.881784197001252e-16,0.0
2024-10-08 07:00:00,2024-10-08,7,34,34,25.45,16.034744421422985,0,0,31,224.21148,False,True,False,0.0,25.45,14.6093,0.0,1.425444421422986
2024-10-08 18:00:00,2024-10-08,18,34,34,6.329999999999999,0.0,0,34,3,224.21148,True,True,True,100.0,6.33,0.0,-8.881784197001252e-16,0.0
2024-10-08 19:00:00,2024-10-08,19,34,34,6.319999999999999,0.0,0,34,2,224.21148,True,True,True,100.0,6.32,0.0,-8.881784197001252e-16,0.0
2024-10-09 06:00:00,2024-10-09,6,34,34,6.319999999999999,0.0,0,34,2,224.21148,True,True,True,100.0,6.32,0.0,-8.881784197001252e-16,0.0
2024-10-09 07:00:00,2024-10-09,7,34,34,20.16,15.45575661099177,0,0,28,224.21148,False,True,False,0.0,20.16,14.0245,0.0,1.4312566109917704
2024-10-09 18:00:00,2024-10-09,18,34,34,6.55,0.0,0,34,2,224.21148,True,True,True,100.0,6.55,0.0,0.0,0.0
2024-10-09 19:00:00,2024-10-09,19,34,34,6.55,0.0,0,34,2,224.21148,True,True,True,100.0,6.55,0.0,0.0,0.0
2024-10-10 06:00:00,2024-10-10,6,34,34,6.319999999999999,0.0,0,34,2,224.21148,True,True,True,100.0,6.32,0.0,-8.881784197001252e-16,0.0
2024-10-10 07:00:00,2024-10-10,7,34,34,18.21,13.975304278590293,0,0,29,224.21148,False,True,False,0.0,18.21,12.6192,0.0,1.3561042785902941
2024-10-10 18:00:00,2024-10-10,18,34,34,7.419999999999999,0.0,0,34,4,224.21148,True,True,True,100.0,7.42,0.0,-8.881784197001252e-16,0.0
2024-10-10 19:00:00,2024-10-10,19,34,34,6.409999999999999,0.0,0,34,3,224.21148,True,True,True,100.0,6.41,0.0,-8.881784197001252e-16,0.0
2024-10-11 06:00:00,2024-10-11,6,34,34,6.31,0.0,0,34,1,224.21148,True,True,True,100.0,6.31,0.0,0.0,0.0
2024-10-11 07:00:00,2024-10-11,7,34,34,17.68,13.11031961342515,0,0,29,224.21148,False,True,False,0.0,17.68,11.7875,0.0,1.3228196134251498
2024-10-11 18:00:00,2024-10-11,18,34,34,7.359999999999999,0.0,0,34,6,224.21148,True,True,True,100.0,7.36,0.0,-8.881784197001252e-16,0.0
2024-10-11 19:00:00,2024-10-11,19,34,34,6.339999999999999,0.0,0,34,4,224.21148,True,True,True,100.0,6.34,0.0,-8.881784197001252e-16,0.0
2024-10-12 06:00:00,2024-10-12,6,34,34,6.339999999999999,0.0,0,34,4,224.21148,True,True,True,100.0,6.34,0.0,-8.881784197001252e-16,0.0
2024-10-12 07:00:00,2024-10-12,7,34,34,17.419999999999998,12.887793963070333,0,0,30,224.21148,False,True,False,0.0,17.42,11.5481,-3.552713678800501e-15,1.3396939630703333
2024-10-12 18:00:00,2024-10-12,18,34,34,7.9399999999999995,0.0,0,34,4,224.21148,True,True,True,100.0,7.94,0.0,-8.881784197001252e-16,0.0
2024-10-12 19:00:00,2024-10-12,19,34,34,6.93,0.0,0,34,3,224.21148,True,True,True,100.0,6.93,0.0,0.0,0.0
2024-10-13 06:00:00,2024-10-13,6,34,34,6.319999999999999,0.0,0,34,2,224.21148,True,True,True,100.0,6.32,0.0,-8.881784197001252e-16,0.0
2024-10-13 07:00:00,2024-10-13,7,34,34,12.18,10.096805702074587,0,0,29,224.21148,False,True,False,0.0,12.18,8.8925,0.0,1.2043057020745866
2024-10-13 18:00:00,2024-10-13,18,34,34,0.07,0.0,0,34,2,224.21148,True,True,True,100.0,0.07,0.0,0.0,0.0
2024-10-13 19:00:00,2024-10-13,19,34,34,0.06,0.0,0,34,1,224.21148,True,True,True,100.0,0.06,0.0,0.0,0.0
2024-10-14 06:00:00,2024-10-14,6,34,34,0.01,0.0,0,34,1,224.21148,True,True,True,100.0,0.01,0.0,0.0,0.0
2024-10-14 07:00:00,2024-10-14,7,34,34,3.18,10.341830121780331,0,0,27,224.21148,False,True,False,0.0,3.18,9.142,0.0,1.199830121780332
2024-10-14 18:00:00,2024-10-14,18,34,34,0.84,0.0,0,34,3,224.21148,True,True,True,100.0,0.84,0.0,0.0,0.0
2024-10-14 19:00:00,2024-10-14,19,34,34,0.84,0.0,0,34,3,224.21148,True,True,True,100.0,0.84,0.0,0.0,0.0
2024-10-15 06:00:00,2024-10-15,6,34,34,0.84,0.0,0,34,3,224.21148,True,True,True,100.0,0.84,0.0,0.0,0.0
2024-10-15 07:00:00,2024-10-15,7,34,34,5.05,13.057000077089176,0,0,29,224.21148,False,True,False,0.0,5.05,11.746,0.0,1.3110000770891759
2024-10-15 18:00:00,2024-10-15,18,34,34,0.01,0.0,0,34,1,224.21148,True,True,True,100.0,0.01,0.0,0.0,0.0
2024-10-15 19:00:00,2024-10-15,19,34,34,0.01,0.0,0,34,1,224.21148,True,True,True,100.0,0.01,0.0,0.0,0.0
2024-10-16 06:00:00,2024-10-16,6,34,34,0.01,0.0,0,34,1,224.21148,True,True,True,100.0,0.01,0.0,0.0,0.0
2024-10-16 07:00:00,2024-10-16,7,34,34,6.99,12.0300866702299,0,0,30,224.21148,False,True,False,0.0,6.99,10.7536,0.0,1.2764866702299003
2024-10-16 18:00:00,2024-10-16,18,34,34,0.02,0.0,0,34,2,224.21148,True,True,True,100.0,0.02,0.0,0.0,0.0
2024-10-16 19:00:00,2024-10-16,19,34,34,0.02,0.0,0,34,2,224.21148,True,True,True,100.0,0.02,0.0,0.0,0.0
2024-10-17 06:00:00,2024-10-17,6,34,34,0.02,0.0,0,34,2,224.21148,True,True,True,100.0,0.02,0.0,0.0,0.0
2024-10-17 07:00:00,2024-10-17,7,34,34,6.26,10.93950500042194,0,0,30,224.21148,False,True,False,0.0,6.26,9.7359,0.0,1.2036050004219394
2024-10-17 18:00:00,2024-10-17,18,34,34,0.0,0.0,0,34,0,224.21148,True,False,False,100.0,0.0,0.0,0.0,0.0
2024-10-17 19:00:00,2024-10-17,19,34,34,0.01,0.0,0,34,1,224.21148,True,True,True,100.0,0.01,0.0,0.0,0.0
2024-10-18 06:00:00,2024-10-18,6,34,34,0.01,0.0,0,34,1,224.21148,True,True,True,100.0,0.01,0.0,0.0,0.0
2024-10-18 07:00:00,2024-10-18,7,34,34,10.33,10.817730110880266,0,0,29,224.21148,False,True,False,0.0,10.33,9.5955,0.0,1.2222301108802665
2024-10-18 18:00:00,2024-10-18,18,34,34,0.0,0.0,0,34,0,224.21148,True,False,False,100.0,0.0,0.0,0.0,0.0
2024-10-18 19:00:00,2024-10-18,19,34,34,0.0,0.0,0,34,0,224.21148,True,False,False,100.0,0.0,0.0,0.0,0.0
2024-10-19 06:00:00,2024-10-19,6,34,34,0.0,0.0,0,34,0,224.21148,True,False,False,100.0,0.0,0.0,0.0,0.0
2024-10-19 07:00:00,2024-10-19,7,34,34,5.63,13.232561770065196,0,0,28,224.21148,False,True,False,0.0,5.63,11.9455,0.0,1.287061770065197
2024-10-19 18:00:00,2024-10-19,18,34,34,1.61,0.0,0,34,2,224.21148,True,True,True,100.0,1.6099999999999999,0.0,2.220446049250313e-16,0.0
2024-10-19 19:00:00,2024-10-19,19,34,34,1.61,0.0,0,34,2,224.21148,True,True,True,100.0,1.6099999999999999,0.0,2.220446049250313e-16,0.0
2024-10-20 06:00:00,2024-10-20,6,34,34,1.6,0.0,0,34,1,224.21148,True,True,True,100.0,1.6,0.0,0.0,0.0
2024-10-20 07:00:00,2024-10-20,7,34,34,5.5200000000000005,10.164355034392933,0,0,27,224.21148,False,True,False,0.0,5.52,8.9981,8.881784197001252e-16,1.1662550343929325
2024-10-20 18:00:00,2024-10-20,18,34,34,0.01,0.0,0,34,1,224.21148,True,True,True,100.0,0.01,0.0,0.0,0.0
2024-10-20 19:00:00,2024-10-20,19,34,34,0.01,0.0,0,34,1,224.21148,True,True,True,100.0,0.01,0.0,0.0,0.0
2024-10-21 06:00:00,2024-10-21,6,34,34,0.01,0.0,0,34,1,224.21148,True,True,True,100.0,0.01,0.0,0.0,0.0
2024-10-21 07:00:00,2024-10-21,7,34,34,4.51,8.634858866669488,0,0,28,224.21148,False,True,False,0.0,4.51,7.5014,0.0,1.1334588666694874
2024-10-21 18:00:00,2024-10-21,18,36,36,0.0,0.0,0,36,0,232.60148,True,False,False,100.0,0.0,0.0,0.0,0.0
2024-10-21 19:00:00,2024-10-21,19,36,36,0.0,0.0,0,36,0,232.60148,True,False,False,100.0,0.0,0.0,0.0,0.0
2024-10-22 06:00:00,2024-10-22,6,36,36,0.0,0.0,0,36,0,232.60148,True,False,False,100.0,0.0,0.0,0.0,0.0
2024-10-22 07:00:00,2024-10-22,7,36,36,1.36,8.53589773562694,0,0,18,232.60148,False,True,False,0.0,1.3599999999999999,7.4324,2.220446049250313e-16,1.1034977356269389
2024-10-22 18:00:00,2024-10-22,18,36,36,0.02,0.0,0,36,2,232.60148,True,True,True,100.0,0.02,0.0,0.0,0.0
2024-10-22 19:00:00,2024-10-22,19,36,36,0.01,0.0,0,36,1,232.60148,True,True,True,100.0,0.01,0.0,0.0,0.0
2024-10-23 06:00:00,2024-10-23,6,36,36,0.01,0.0,0,36,1,232.60148,True,True,True,100.0,0.01,0.0,0.0,0.0
2024-10-23 07:00:00,2024-10-23,7,36,36,12.15,13.515053257499014,0,0,29,232.60148,False,True,False,0.0,12.15,12.1936,0.0,1.321453257499014
2024-10-23 18:00:00,2024-10-23,18,36,36,0.04,0.0,0,36,2,232.60148,True,True,True,100.0,0.04,0.0,0.0,0.0
2024-10-23 19:00:00,2024-10-23,19,36,36,0.01,0.0,0,36,1,232.60148,True,True,True,100.0,0.01,0.0,0.0,0.0
2024-10-24 06:00:00,2024-10-24,6,36,36,0.01,0.0,0,36,1,232.60148,True,True,True,100.0,0.01,0.0,0.0,0.0
2024-10-24 07:00:00,2024-10-24,7,36,36,11.26,13.3224810043656,0,0,30,232.60148,False,True,False,0.0,11.26,12.0098,0.0,1.312681004365599
2024-10-24 18:00:00,2024-10-24,18,36,36,1.84,0.0,0,36,4,232.60148,True,True,True,100.0,1.8399999999999999,0.0,2.220446049250313e-16,0.0
2024-10-24 19:00:00,2024-10-24,19,36,36,1.84,0.0,0,36,4,232.60148,True,True,True,100.0,1.8399999999999999,0.0,2.220446049250313e-16,0.0
2024-10-25 06:00:00,2024-10-25,6,36,36,0.03,0.0,0,36,3,232.60148,True,True,True,100.0,0.03,0.0,0.0,0.0
2024-10-25 07:00:00,2024-10-25,7,36,36,9.9,11.073057460396061,0,0,30,232.60148,False,True,False,0.0,9.9,9.8372,0.0,1.235857460396062
2024-10-25 18:00:00,2024-10-25,18,36,36,0.72,0.0,0,36,1,232.60148,True,True,True,100.0,0.72,0.0,0.0,0.0
2024-10-25 19:00:00,2024-10-25,19,36,36,0.72,0.0,0,36,1,232.60148,True,True,True,100.0,0.72,0.0,0.0,0.0
2024-10-26 06:00:00,2024-10-26,6,36,36,0.0,0.0,0,36,0,232.60148,True,False,False,100.0,0.0,0.0,0.0,0.0
2024-10-26 07:00:00,2024-10-26,7,36,36,9.370000000000001,11.272696020120218,0,0,30,232.60148,False,True,False,0.0,9.37,10.0656,1.7763568394002505e-15,1.2070960201202183
2024-10-26 18:00:00,2024-10-26,18,36,36,1.79,0.0,0,36,2,232.60148,True,True,True,100.0,1.79,0.0,0.0,0.0
2024-10-26 19:00:00,2024-10-26,19,36,36,1.79,0.0,0,36,2,232.60148,True,True,True,100.0,1.79,0.0,0.0,0.0
2024-10-27 06:00:00,2024-10-27,6,36,36,0.01,0.0,0,36,1,232.60148,True,True,True,100.0,0.01,0.0,0.0,0.0
2024-10-27 07:00:00,2024-10-27,7,36,36,1.56,8.75889178804658,0,0,16,232.60148,False,True,False,0.0,1.56,7.6413,0.0,1.117591788046579
2024-10-27 18:00:00,2024-10-27,18,36,36,0.33,0.0,0,36,2,232.60148,True,True,True,100.0,0.33,0.0,0.0,0.0
2024-10-27 19:00:00,2024-10-27,19,36,36,0.33,0.0,0,36,2,232.60148,True,True,True,100.0,0.33,0.0,0.0,0.0
2024-10-28 06:00:00,2024-10-28,6,36,36,0.01,0.0,0,36,1,232.60148,True,True,True,100.0,0.01,0.0,0.0,0.0
2024-10-28 07:00:00,2024-10-28,7,36,36,8.56,12.003479390128318,0,0,29,232.60148,False,True,False,0.0,8.56,10.7585,0.0,1.244979390128318
2024-10-28 18:00:00,2024-10-28,18,36,36,1.98,0.0,0,36,1,232.60148,True,True,True,100.0,1.98,0.0,0.0,0.0
2024-10-28 19:00:00,2024-10-28,19,36,36,1.98,0.0,0,36,1,232.60148,True,True,True,100.0,1.98,0.0,0.0,0.0
2024-10-29 06:00:00,2024-10-29,6,36,36,0.0,0.0,0,36,0,232.60148,True,False,False,100.0,0.0,0.0,0.0,0.0
2024-10-29 07:00:00,2024-10-29,7,36,36,9.19,12.217137913973836,0,0,30,232.60148,False,True,False,0.0,9.19,10.9532,0.0,1.2639379139738356
2024-10-29 18:00:00,2024-10-29,18,36,36,1.93,0.0,0,36,1,232.60148,True,True,True,100.0,1.9300000000000002,0.0,-2.220446049250313e-16,0.0
2024-10-29 19:00:00,2024-10-29,19,36,36,1.93,0.0,0,36,1,232.60148,True,True,True,100.0,1.9300000000000002,0.0,-2.220446049250313e-16,0.0
2024-10-30 06:00:00,2024-10-30,6,36,36,0.0,0.0,0,36,0,232.60148,True,False,False,100.0,0.0,0.0,0.0,0.0
2024-10-30 07:00:00,2024-10-30,7,36,36,8.370000000000001,11.46313090180003,0,0,31,232.60148,False,True,False,0.0,8.37,10.2244,1.7763568394002505e-15,1.2387309018000305
2024-10-30 18:00:00,2024-10-30,18,36,36,1.75,0.0,0,36,2,232.60148,True,True,True,100.0,1.75,0.0,0.0,0.0
2024-10-30 19:00:00,2024-10-30,19,36,36,1.65,0.0,0,36,1,232.60148,True,True,True,100.0,1.65,0.0,0.0,0.0
2024-10-31 06:00:00,2024-10-31,6,36,36,0.0,0.0,0,36,0,232.60148,True,False,False,100.0,0.0,0.0,0.0,0.0
2024-10-31 07:00:00,2024-10-31,7,36,36,7.4399999999999995,10.465488761226494,0,0,32,232.60148,False,True,False,0.0,7.44,9.257,-8.881784197001252e-16,1.2084887612264943
2024-10-31 18:00:00,2024-10-31,18,36,36,1.74,0.0,0,36,3,232.60148,True,True,True,100.0,1.74,0.0,0.0,0.0
2024-10-31 19:00:00,2024-10-31,19,36,36,1.74,0.0,0,36,3,232.60148,True,True,True,100.0,1.74,0.0,0.0,0.0
2024-11-01 06:00:00,2024-11-01,6,36,36,0.02,0.0,0,36,2,232.60148,True,True,True,100.0,0.02,0.0,0.0,0.0
2024-11-01 07:00:00,2024-11-01,7,36,36,3.0300000000000002,7.467339655181622,0,1,24,232.60148,False,True,False,2.7777777777777777,3.03,6.579,4.440892098500626e-16,0.8883396551816221
2024-11-01 18:00:00,2024-11-01,18,36,36,0.74,0.0,0,36,2,232.60148,True,True,True,100.0,0.74,0.0,0.0,0.0
2024-11-01 19:00:00,2024-11-01,19,36,36,0.74,0.0,0,36,2,232.60148,True,True,True,100.0,0.74,0.0,0.0,0.0
2024-11-02 06:00:00,2024-11-02,6,36,36,0.01,0.0,0,36,1,232.60148,True,True,True,100.0,0.01,0.0,0.0,0.0
2024-11-02 07:00:00,2024-11-02,7,36,36,6.74,7.9547900369218185,0,1,31,232.60148,False,True,False,2.7777777777777777,6.74,7.0853,0.0,0.8694900369218184
2024-11-02 18:00:00,2024-11-02,18,36,36,2.19,0.0,0,36,4,232.60148,True,True,True,100.0,2.19,0.0,0.0,0.0
2024-11-02 19:00:00,2024-11-02,19,36,36,2.19,0.0,0,36,4,232.60148,True,True,True,100.0,2.19,0.0,0.0,0.0
2024-11-03 06:00:00,2024-11-03,6,36,36,0.02,0.0,0,36,2,232.60148,True,True,True,100.0,0.02,0.0,0.0,0.0
2024-11-03 07:00:00,2024-11-03,7,36,36,5.94,7.506481544737351,0,1,32,232.60148,False,True,False,2.7777777777777777,5.94,6.6415,0.0,0.8649815447373514
2024-11-03 18:00:00,2024-11-03,18,36,36,2.27,0.0,0,36,4,232.60148,True,True,True,100.0,2.27,0.0,0.0,0.0
2024-11-03 19:00:00,2024-11-03,19,36,36,2.2600000000000002,0.0,0,36,3,232.60148,True,True,True,100.0,2.26,0.0,4.440892098500626e-16,0.0
2024-11-04 06:00:00,2024-11-04,6,36,36,0.47000000000000003,0.0,0,36,2,232.60148,True,True,True,100.0,0.47000000000000003,0.0,0.0,0.0
2024-11-04 07:00:00,2024-11-04,7,36,36,7.09,7.671214800975433,0,0,29,232.60148,False,True,False,0.0,7.09,6.7942,0.0,0.8770148009754326
2024-11-04 18:00:00,2024-11-04,18,36,36,1.89,0.0,0,36,1,232.60148,True,True,True,100.0,1.8900000000000001,0.0,-2.220446049250313e-16,0.0
2024-11-04 19:00:00,2024-11-04,19,36,36,0.0,0.0,0,36,0,232.60148,True,False,False,100.0,0.0,0.0,0.0,0.0
2024-11-05 06:00:00,2024-11-05,6,36,36,0.0,0.0,0,36,0,232.60148,True,False,False,100.0,0.0,0.0,0.0,0.0
2024-11-05 07:00:00,2024-11-05,7,36,36,7.029999999999999,8.581599943170321,0,1,31,232.60148,False,True,False,2.7777777777777777,7.03,7.6622,-8.881784197001252e-16,0.9193999431703208
2024-11-05 18:00:00,2024-11-05,18,36,36,0.01,0.0,0,36,1,232.60148,True,True,True,100.0,0.01,0.0,0.0,0.0
2024-11-05 19:00:00,2024-11-05,19,36,36,0.01,0.0,0,36,1,232.60148,True,True,True,100.0,0.01,0.0,0.0,0.0
2024-11-06 06:00:00,2024-11-06,6,36,36,0.01,0.0,0,36,1,232.60148,True,True,True,100.0,0.01,0.0,0.0,0.0
2024-11-06 07:00:00,2024-11-06,7,36,36,6.35,8.329858904059428,0,0,30,232.60148,False,True,False,0.0,6.35,7.4295,0.0,0.900358904059428
2024-11-06 18:00:00,2024-11-06,18,36,36,1.76,0.0,0,36,2,232.60148,True,True,True,100.0,1.76,0.0,0.0,0.0
2024-11-06 19:00:00,2024-11-06,19,36,36,0.01,0.0,0,36,1,232.60148,True,True,True,100.0,0.01,0.0,0.0,0.0
2024-11-07 06:00:00,2024-11-07,6,36,36,0.01,0.0,0,36,1,232.60148,True,True,True,100.0,0.01,0.0,0.0,0.0
2024-11-07 07:00:00,2024-11-07,7,36,36,6.5600000000000005,7.95733014549708,0,0,29,232.60148,False,True,False,0.0,6.5600000000000005,7.0692,0.0,0.8881301454970796
2024-11-07 18:00:00,2024-11-07,18,36,36,0.42,0.0,0,36,2,232.60148,True,True,True,100.0,0.42,0.0,0.0,0.0
2024-11-07 19:00:00,2024-11-07,19,36,36,0.0,0.0,0,36,0,232.60148,True,False,False,100.0,0.0,0.0,0.0,0.0
2024-11-08 06:00:00,2024-11-08,6,36,36,0.0,0.0,0,36,0,232.60148,True,False,False,100.0,0.0,0.0,0.0,0.0
2024-11-08 07:00:00,2024-11-08,7,36,36,3.65,7.579617627401742,0,0,30,232.60148,False,True,False,0.0,3.65,6.7148,0.0,0.8648176274017416
2024-11-08 18:00:00,2024-11-08,18,36,36,0.01,0.0,0,36,1,232.60148,True,True,True,100.0,0.01,0.0,0.0,0.0
2024-11-08 19:00:00,2024-11-08,19,36,36,0.01,0.0,0,36,1,232.60148,True,True,True,100.0,0.01,0.0,0.0,0.0
2024-11-09 06:00:00,2024-11-09,6,36,36,0.01,0.0,0,36,1,232.60148,True,True,True,100.0,0.01,0.0,0.0,0.0
2024-11-09 07:00:00,2024-11-09,7,36,36,2.45,4.852308618697085,0,1,25,232.60148,False,True,False,2.7777777777777777,2.45,4.1147,0.0,0.7376086186970854
2024-11-09 18:00:00,2024-11-09,18,36,36,0.78,0.0,0,36,2,232.60148,True,True,True,100.0,0.78,0.0,0.0,0.0
2024-11-09 19:00:00,2024-11-09,19,36,36,0.78,0.0,0,36,2,232.60148,True,True,True,100.0,0.78,0.0,0.0,0.0
2024-11-10 06:00:00,2024-11-10,6,36,36,0.01,0.0,0,36,1,232.60148,True,True,True,100.0,0.01,0.0,0.0,0.0
2024-11-10 07:00:00,2024-11-10,7,36,36,0.94,5.338796160902243,0,1,20,232.60148,False,True,False,2.7777777777777777,0.9400000000000001,4.5883,-1.1102230246251565e-16,0.7504961609022427
2024-11-10 18:00:00,2024-11-10,18,36,36,0.56,0.0,0,36,1,232.60148,True,True,True,100.0,0.56,0.0,0.0,0.0
2024-11-10 19:00:00,2024-11-10,19,36,36,0.56,0.0,0,36,1,232.60148,True,True,True,100.0,0.56,0.0,0.0,0.0
2024-11-11 06:00:00,2024-11-11,6,36,36,0.0,0.0,0,36,0,232.60148,True,False,False,100.0,0.0,0.0,0.0,0.0
2024-11-11 07:00:00,2024-11-11,7,36,36,4.0600000000000005,5.679744252863322,0,1,27,232.60148,False,True,False,2.7777777777777777,4.06,4.9253,8.881784197001252e-16,0.7544442528633217
2024-11-11 18:00:00,2024-11-11,18,36,36,1.11,0.0,0,36,1,232.60148,True,True,True,100.0,1.11,0.0,0.0,0.0
2024-11-11 19:00:00,2024-11-11,19,36,36,1.11,0.0,0,36,1,232.60148,True,True,True,100.0,1.11,0.0,0.0,0.0
2024-11-12 06:00:00,2024-11-12,6,36,36,0.0,0.0,0,36,0,232.60148,True,False,False,100.0,0.0,0.0,0.0,0.0
2024-11-12 07:00:00,2024-11-12,7,36,36,2.98,5.31513468435778,0,1,25,232.60148,False,True,False,2.7777777777777777,2.98,4.58,0.0,0.7351346843577797
2024-11-12 18:00:00,2024-11-12,18,36,36,1.02,0.0,0,36,2,232.60148,True,True,True,100.0,1.02,0.0,0.0,0.0
2024-11-12 19:00:00,2024-11-12,19,36,36,1.02,0.0,0,36,2,232.60148,True,True,True,100.0,1.02,0.0,0.0,0.0
2024-11-13 06:00:00,2024-11-13,6,36,36,1.01,0.0,0,36,1,232.60148,True,True,True,100.0,1.01,0.0,0.0,0.0
2024-11-13 07:00:00,2024-11-13,7,36,36,1.6300000000000001,5.359165623289872,0,1,10,232.60148,False,True,False,2.7777777777777777,1.63,4.6155,2.220446049250313e-16,0.7436656232898722
2024-11-13 18:00:00,2024-11-13,18,36,36,1.46,0.0,0,36,5,232.60148,True,True,True,100.0,1.46,0.0,0.0,0.0
2024-11-13 19:00:00,2024-11-13,19,36,36,1.46,0.0,0,36,5,232.60148,True,True,True,100.0,1.46,0.0,0.0,0.0
2024-11-14 06:00:00,2024-11-14,6,36,36,1.39,0.0,0,36,5,232.60148,True,True,True,100.0,1.3900000000000001,0.0,-2.220446049250313e-16,0.0
2024-11-14 07:00:00,2024-11-14,7,36,36,1.59,4.660153721592505,0,1,10,232.60148,False,True,False,2.7777777777777777,1.5899999999999999,3.9268,2.220446049250313e-16,0.733353721592505
2024-11-14 18:00:00,2024-11-14,18,36,36,1.45,0.0,0,36,2,232.60148,True,True,True,100.0,1.45,0.0,0.0,0.0
2024-11-14 19:00:00,2024-11-14,19,36,36,1.36,0.0,0,36,2,232.60148,True,True,True,100.0,1.3599999999999999,0.0,2.220446049250313e-16,0.0
2024-11-15 06:00:00,2024-11-15,6,36,36,1.36,0.0,0,36,2,232.60148,True,True,True,100.0,1.3599999999999999,0.0,2.220446049250313e-16,0.0
2024-11-15 07:00:00,2024-11-15,7,36,36,4.21,5.091331955325186,0,1,16,232.60148,False,True,False,2.7777777777777777,4.21,4.3551,0.0,0.7362319553251861
2024-11-15 18:00:00,2024-11-15,18,36,36,2.27,0.0,0,36,3,232.60148,True,True,True,100.0,2.27,0.0,0.0,0.0
2024-11-15 19:00:00,2024-11-15,19,36,36,1.1300000000000001,0.0,0,36,2,232.60148,True,True,True,100.0,1.13,0.0,2.220446049250313e-16,0.0
2024-11-16 06:00:00,2024-11-16,6,36,36,1.36,0.0,0,36,2,232.60148,True,True,True,100.0,1.3599999999999999,0.0,2.220446049250313e-16,0.0
2024-11-16 07:00:00,2024-11-16,7,36,36,4.17,4.453324704825484,0,1,12,232.60148,False,True,False,2.7777777777777777,4.17,3.7416,0.0,0.7117247048254836
2024-11-16 18:00:00,2024-11-16,18,36,36,2.48,0.0,0,36,5,232.60148,True,True,True,100.0,2.48,0.0,0.0,0.0
2024-11-16 19:00:00,2024-11-16,19,36,36,1.34,0.0,0,36,4,232.60148,True,True,True,100.0,1.34,0.0,0.0,0.0
2024-11-17 06:00:00,2024-11-17,6,36,36,0.33,0.0,0,36,3,232.60148,True,True,True,100.0,0.33,0.0,0.0,0.0
2024-11-17 07:00:00,2024-11-17,7,36,36,5.01,5.348801970686442,0,1,20,232.60148,False,True,False,2.7777777777777777,5.01,4.6104,0.0,0.738401970686442
2024-11-17 18:00:00,2024-11-17,18,36,36,2.62,0.0,0,36,3,232.60148,True,True,True,100.0,2.62,0.0,0.0,0.0
2024-11-17 19:00:00,2024-11-17,19,36,36,1.48,0.0,0,36,2,232.60148,True,True,True,100.0,1.48,0.0,0.0,0.0
2024-11-18 06:00:00,2024-11-18,6,36,36,1.48,0.0,0,36,2,232.60148,True,True,True,100.0,1.48,0.0,0.0,0.0
2024-11-18 07:00:00,2024-11-18,7,36,36,5.35,5.117556233950849,0,1,20,232.60148,False,True,False,2.7777777777777777,5.35,4.3716,0.0,0.7459562339508494
2024-11-18 18:00:00,2024-11-18,18,36,36,1.38,0.0,0,36,3,232.60148,True,True,True,100.0,1.38,0.0,0.0,0.0
2024-11-18 19:00:00,2024-11-18,19,36,36,0.24000000000000002,0.0,0,36,2,232.60148,True,True,True,100.0,0.24,0.0,2.7755575615628914e-17,0.0
2024-11-19 06:00:00,2024-11-19,6,36,36,0.24000000000000002,0.0,0,36,2,232.60148,True,True,True,100.0,0.24,0.0,2.7755575615628914e-17,0.0
2024-11-19 07:00:00,2024-11-19,7,36,36,4.16,6.168087874961436,0,1,11,232.60148,False,True,False,2.7777777777777777,4.16,5.4132,0.0,0.7548878749614358
2024-11-19 18:00:00,2024-11-19,18,36,36,3.24,0.0,0,36,2,232.60148,True,True,True,100.0,3.24,0.0,0.0,0.0
2024-11-19 19:00:00,2024-11-19,19,36,36,3.24,0.0,0,36,2,232.60148,True,True,True,100.0,3.24,0.0,0.0,0.0
2024-11-20 06:00:00,2024-11-20,6,36,36,3.5900000000000003,0.0,0,36,3,232.60148,True,True,True,100.0,3.59,0.0,4.440892098500626e-16,0.0
2024-11-20 07:00:00,2024-11-20,7,36,36,6.79,4.9652259584372835,0,1,16,232.60148,False,True,False,2.7777777777777777,6.79,4.2516,0.0,0.7136259584372837
2024-11-20 18:00:00,2024-11-20,18,36,36,3.3600000000000003,0.0,0,36,3,232.60148,True,True,True,100.0,3.36,0.0,4.440892098500626e-16,0.0
2024-11-20 19:00:00,2024-11-20,19,36,36,3.3600000000000003,0.0,0,36,3,232.60148,True,True,True,100.0,3.36,0.0,4.440892098500626e-16,0.0
2024-11-21 06:00:00,2024-11-21,6,36,36,3.3600000000000003,0.0,0,36,3,232.60148,True,True,True,100.0,3.36,0.0,4.440892098500626e-16,0.0
2024-11-21 07:00:00,2024-11-21,7,36,36,7.9,7.267317373652405,0,1,26,232.60148,False,True,False,2.7777777777777777,7.9,6.4202,0.0,0.8471173736524049
2024-11-21 18:00:00,2024-11-21,18,36,36,3.3400000000000003,0.0,0,36,5,232.60148,True,True,True,100.0,3.34,0.0,4.440892098500626e-16,0.0
2024-11-21 19:00:00,2024-11-21,19,36,36,3.3400000000000003,0.0,0,36,5,232.60148,True,True,True,100.0,3.34,0.0,4.440892098500626e-16,0.0
2024-11-22 06:00:00,2024-11-22,6,36,36,3.3400000000000003,0.0,0,36,5,232.60148,True,True,True,100.0,3.34,0.0,4.440892098500626e-16,0.0
2024-11-22 07:00:00,2024-11-22,7,36,36,7.470000000000001,6.8778271876135655,0,1,25,232.60148,False,True,False,2.7777777777777777,7.47,6.0395,8.881784197001252e-16,0.8383271876135652
2024-11-22 18:00:00,2024-11-22,18,37,37,3.24,0.0,0,37,2,236.32548,True,True,True,100.0,3.24,0.0,0.0,0.0
2024-11-22 19:00:00,2024-11-22,19,37,37,3.24,0.0,0,37,2,236.32548,True,True,True,100.0,3.24,0.0,0.0,0.0
2024-11-23 06:00:00,2024-11-23,6,37,37,3.24,0.0,0,37,2,236.32548,True,True,True,100.0,3.24,0.0,0.0,0.0
2024-11-23 07:00:00,2024-11-23,7,37,37,4.890000000000001,6.961175361746474,0,1,27,236.32548,False,True,False,2.7027027027027026,4.89,6.1145,8.881784197001252e-16,0.8466753617464748
2024-11-23 18:00:00,2024-11-23,18,37,37,3.24,0.0,0,37,2,236.32548,True,True,True,100.0,3.24,0.0,0.0,0.0
2024-11-23 19:00:00,2024-11-23,19,37,37,3.24,0.0,0,37,2,236.32548,True,True,True,100.0,3.24,0.0,0.0,0.0
2024-11-24 06:00:00,2024-11-24,6,37,37,3.24,0.0,0,37,2,236.32548,True,True,True,100.0,3.24,0.0,0.0,0.0
2024-11-24 07:00:00,2024-11-24,7,37,37,4.5200000000000005,6.485969138548578,0,1,25,236.32548,False,True,False,2.7027027027027026,4.52,5.6608,8.881784197001252e-16,0.8251691385485778
2024-11-24 18:00:00,2024-11-24,18,37,37,3.26,0.0,0,37,4,236.32548,True,True,True,100.0,3.26,0.0,0.0,0.0
2024-11-24 19:00:00,2024-11-24,19,37,37,3.26,0.0,0,37,4,236.32548,True,True,True,100.0,3.26,0.0,0.0,0.0
2024-11-25 06:00:00,2024-11-25,6,37,37,3.26,0.0,0,37,4,236.32548,True,True,True,100.0,3.26,0.0,0.0,0.0
2024-11-25 07:00:00,2024-11-25,7,37,37,3.26,4.305642851864201,0,4,4,236.32548,False,True,False,10.81081081081081,3.26,3.5686,0.0,0.7370428518642012
2024-11-25 18:00:00,2024-11-25,18,37,37,3.26,0.0,0,37,4,236.32548,True,True,True,100.0,3.26,0.0,0.0,0.0
2024-11-25 19:00:00,2024-11-25,19,37,37,3.26,0.0,0,37,4,236.32548,True,True,True,100.0,3.26,0.0,0.0,0.0
2024-11-26 06:00:00,2024-11-26,6,37,37,3.26,0.0,0,37,4,236.32548,True,True,True,100.0,3.26,0.0,0.0,0.0
2024-11-26 07:00:00,2024-11-26,7,37,37,4.53,6.221936291742625,0,1,27,236.32548,False,True,False,2.7027027027027026,4.53,5.4641,0.0,0.7578362917426249
2024-11-26 18:00:00,2024-11-26,18,37,37,3.25,0.0,0,37,3,236.32548,True,True,True,100.0,3.25,0.0,0.0,0.0
2024-11-26 19:00:00,2024-11-26,19,37,37,3.25,0.0,0,37,3,236.32548,True,True,True,100.0,3.25,0.0,0.0,0.0
2024-11-27 06:00:00,2024-11-27,6,37,37,3.25,0.0,0,37,3,236.32548,True,True,True,100.0,3.25,0.0,0.0,0.0
2024-11-27 07:00:00,2024-11-27,7,37,37,4.24,6.262963911289372,0,2,23,236.32548,False,True,False,5.405405405405405,4.24,5.4823,0.0,0.7806639112893716
2024-11-27 18:00:00,2024-11-27,18,37,37,3.25,0.0,0,37,3,236.32548,True,True,True,100.0,3.25,0.0,0.0,0.0
2024-11-27 19:00:00,2024-11-27,19,37,37,3.25,0.0,0,37,3,236.32548,True,True,True,100.0,3.25,0.0,0.0,0.0
2024-11-28 06:00:00,2024-11-28,6,37,37,3.25,0.0,0,37,3,236.32548,True,True,True,100.0,3.25,0.0,0.0,0.0
2024-11-28 07:00:00,2024-11-28,7,37,37,4.31,6.336147840586798,0,2,24,236.32548,False,True,False,5.405405405405405,4.31,5.5393,0.0,0.796847840586798
2024-11-28 18:00:00,2024-11-28,18,37,37,3.24,0.0,0,37,2,236.32548,True,True,True,100.0,3.24,0.0,0.0,0.0
2024-11-28 19:00:00,2024-11-28,19,37,37,3.24,0.0,0,37,2,236.32548,True,True,True,100.0,3.24,0.0,0.0,0.0
2024-11-29 06:00:00,2024-11-29,6,37,37,3.24,0.0,0,37,2,236.32548,True,True,True,100.0,3.24,0.0,0.0,0.0
2024-11-29 07:00:00,2024-11-29,7,37,37,4.07,6.286411278997013,0,2,22,236.32548,False,True,False,5.405405405405405,4.07,5.4996,0.0,0.7868112789970132
2024-11-29 18:00:00,2024-11-29,18,37,37,3.24,0.0,0,37,2,236.32548,True,True,True,100.0,3.24,0.0,0.0,0.0
2024-11-29 19:00:00,2024-11-29,19,37,37,3.24,0.0,0,37,2,236.32548,True,True,True,100.0,3.24,0.0,0.0,0.0
2024-11-30 06:00:00,2024-11-30,6,37,37,3.24,0.0,0,37,2,236.32548,True,True,True,100.0,3.24,0.0,0.0,0.0
2024-11-30 07:00:00,2024-11-30,7,37,37,3.98,6.374323939134626,0,2,19,236.32548,False,True,False,5.405405405405405,3.98,5.5914,0.0,0.7829239391346254
2024-11-30 18:00:00,2024-11-30,18,37,37,6.08,0.0,0,37,5,236.32548,True,True,True,100.0,6.08,0.0,0.0,0.0
2024-11-30 19:00:00,2024-11-30,19,37,37,4.61,0.0,0,37,4,236.32548,True,True,True,100.0,4.61,0.0,0.0,0.0
2024-12-01 06:00:00,2024-12-01,6,37,37,4.61,0.0,0,37,4,236.32548,True,True,True,100.0,4.61,0.0,0.0,0.0
2024-12-01 07:00:00,2024-12-01,7,37,37,5.04,5.47834974421264,0,4,15,236.32548,False,True,False,10.81081081081081,5.04,4.8246,0.0,0.6537497442126394
2024-12-01 18:00:00,2024-12-01,18,37,37,3.5100000000000002,0.0,0,37,3,236.32548,True,True,True,100.0,3.51,0.0,4.440892098500626e-16,0.0
2024-12-01 19:00:00,2024-12-01,19,37,37,3.24,0.0,0,37,2,236.32548,True,True,True,100.0,3.24,0.0,0.0,0.0
2024-12-02 06:00:00,2024-12-02,6,37,37,3.24,0.0,0,37,2,236.32548,True,True,True,100.0,3.24,0.0,0.0,0.0
2024-12-02 07:00:00,2024-12-02,7,37,37,3.64,5.0980008149403435,0,4,12,236.32548,False,True,False,10.81081081081081,3.64,4.4638,0.0,0.6342008149403435
2024-12-02 18:00:00,2024-12-02,18,37,37,5.03,0.0,0,37,3,236.32548,True,True,True,100.0,5.03,0.0,0.0,0.0
2024-12-02 19:00:00,2024-12-02,19,37,37,3.24,0.0,0,37,2,236.32548,True,True,True,100.0,3.24,0.0,0.0,0.0
2024-12-03 06:00:00,2024-12-03,6,37,37,3.24,0.0,0,37,2,236.32548,True,True,True,100.0,3.24,0.0,0.0,0.0
2024-12-03 07:00:00,2024-12-03,7,37,37,3.3200000000000003,4.617930493620329,0,5,7,236.32548,False,True,False,13.513513513513514,3.32,4.0107,4.440892098500626e-16,0.607230493620329
2024-12-03 18:00:00,2024-12-03,18,37,37,0.44,0.0,0,37,2,236.32548,True,True,True,100.0,0.44,0.0,0.0,0.0
2024-12-03 19:00:00,2024-12-03,19,37,37,0.44,0.0,0,37,2,236.32548,True,True,True,100.0,0.44,0.0,0.0,0.0
2024-12-04 06:00:00,2024-12-04,6,37,37,0.44,0.0,0,37,2,236.32548,True,True,True,100.0,0.44,0.0,0.0,0.0
2024-12-04 07:00:00,2024-12-04,7,37,37,0.81,4.122525059624078,0,8,12,236.32548,False,True,False,21.62162162162162,0.81,3.5227,0.0,0.5998250596240777
2024-12-04 18:00:00,2024-12-04,18,37,37,0.2,0.0,0,37,1,236.32548,True,True,True,100.0,0.2,0.0,0.0,0.0
2024-12-04 19:00:00,2024-12-04,19,37,37,0.2,0.0,0,37,1,236.32548,True,True,True,100.0,0.2,0.0,0.0,0.0
2024-12-05 06:00:00,2024-12-05,6,37,37,0.2,0.0,0,37,1,236.32548,True,True,True,100.0,0.2,0.0,0.0,0.0
2024-12-05 07:00:00,2024-12-05,7,37,37,0.42000000000000004,3.7869450157277518,0,6,10,236.32548,False,True,False,16.216216216216218,0.42,3.1985,5.551115123125783e-17,0.5884450157277517
2024-12-05 18:00:00,2024-12-05,18,37,37,0.5800000000000001,0.0,0,37,3,236.32548,True,True,True,100.0,0.58,0.0,1.1102230246251565e-16,0.0
2024-12-05 19:00:00,2024-12-05,19,37,37,0.5800000000000001,0.0,0,37,3,236.32548,True,True,True,100.0,0.58,0.0,1.1102230246251565e-16,0.0
2024-12-06 06:00:00,2024-12-06,6,37,37,0.21000000000000002,0.0,0,37,2,236.32548,True,True,True,100.0,0.21,0.0,2.7755575615628914e-17,0.0
2024-12-06 07:00:00,2024-12-06,7,37,37,0.28,3.7330186797026474,0,3,8,236.32548,False,True,False,8.108108108108109,0.28,3.198,0.0,0.5350186797026475
2024-12-06 18:00:00,2024-12-06,18,37,37,0.21000000000000002,0.0,0,37,2,236.32548,True,True,True,100.0,0.21,0.0,2.7755575615628914e-17,0.0
2024-12-06 19:00:00,2024-12-06,19,37,37,0.2,0.0,0,37,1,236.32548,True,True,True,100.0,0.2,0.0,0.0,0.0
2024-12-07 06:00:00,2024-12-07,6,37,37,0.2,0.0,0,37,1,236.32548,True,True,True,100.0,0.2,0.0,0.0,0.0
2024-12-07 07:00:00,2024-12-07,7,37,37,0.31,3.3555836938083248,0,3,8,236.32548,False,True,False,8.108108108108109,0.31,2.8299000000000003,0.0,0.5256836938083245
2024-12-07 18:00:00,2024-12-07,18,37,37,1.8699999999999999,0.0,0,37,2,236.32548,True,True,True,100.0,1.87,0.0,-2.220446049250313e-16,0.0
2024-12-07 19:00:00,2024-12-07,19,37,37,1.8699999999999999,0.0,0,37,2,236.32548,True,True,True,100.0,1.87,0.0,-2.220446049250313e-16,0.0
2024-12-08 06:00:00,2024-12-08,6,37,37,0.2,0.0,0,37,1,236.32548,True,True,True,100.0,0.2,0.0,0.0,0.0
2024-12-08 07:00:00,2024-12-08,7,37,37,0.48,3.171463656604309,0,3,10,236.32548,False,True,False,8.108108108108109,0.48,2.714,0.0,0.4574636566043089
2024-12-08 18:00:00,2024-12-08,18,37,37,0.22000000000000003,0.0,0,37,3,236.32548,True,True,True,100.0,0.22,0.0,2.7755575615628914e-17,0.0
2024-12-08 19:00:00,2024-12-08,19,37,37,0.22000000000000003,0.0,0,37,3,236.32548,True,True,True,100.0,0.22,0.0,2.7755575615628914e-17,0.0
2024-12-09 06:00:00,2024-12-09,6,37,37,0.22000000000000003,0.0,0,37,3,236.32548,True,True,True,100.0,0.22,0.0,2.7755575615628914e-17,0.0
2024-12-09 07:00:00,2024-12-09,7,37,37,0.39,3.047716744589179,0,5,11,236.32548,False,True,False,13.513513513513514,0.39,2.5581,0.0,0.48961674458917903
2024-12-09 18:00:00,2024-12-09,18,37,37,0.21000000000000002,0.0,0,37,2,236.32548,True,True,True,100.0,0.21,0.0,2.7755575615628914e-17,0.0
2024-12-09 19:00:00,2024-12-09,19,37,37,0.21000000000000002,0.0,0,37,2,236.32548,True,True,True,100.0,0.21,0.0,2.7755575615628914e-17,0.0
2024-12-10 06:00:00,2024-12-10,6,37,37,0.21000000000000002,0.0,0,37,2,236.32548,True,True,True,100.0,0.21,0.0,2.7755575615628914e-17,0.0
2024-12-10 07:00:00,2024-12-10,7,37,37,0.3,2.7204814211053243,0,12,7,236.32548,False,True,False,32.432432432432435,0.30000000000000004,2.2358000000000002,-5.551115123125783e-17,0.4846814211053241
2024-12-10 18:00:00,2024-12-10,18,37,37,1.51,0.0,0,37,2,236.32548,True,True,True,100.0,1.51,0.0,0.0,0.0
2024-12-10 19:00:00,2024-12-10,19,37,37,1.51,0.0,0,37,2,236.32548,True,True,True,100.0,1.51,0.0,0.0,0.0
2024-12-11 06:00:00,2024-12-11,6,37,37,0.2,0.0,0,37,1,236.32548,True,True,True,100.0,0.2,0.0,0.0,0.0
2024-12-11 07:00:00,2024-12-11,7,37,37,0.2,2.9147062221015365,0,11,1,236.32548,False,True,False,29.72972972972973,0.2,2.4130000000000003,0.0,0.5017062221015363
2024-12-11 18:00:00,2024-12-11,18,37,37,0.4,0.0,0,37,2,236.32548,True,True,True,100.0,0.4,0.0,0.0,0.0
2024-12-11 19:00:00,2024-12-11,19,37,37,0.4,0.0,0,37,2,236.32548,True,True,True,100.0,0.4,0.0,0.0,0.0
2024-12-12 06:00:00,2024-12-12,6,37,37,0.4,0.0,0,37,2,236.32548,True,True,True,100.0,0.4,0.0,0.0,0.0
2024-12-12 07:00:00,2024-12-12,7,37,37,0.42000000000000004,2.9784104782751,0,7,3,236.32548,False,True,False,18.91891891891892,0.42,2.4907,5.551115123125783e-17,0.4877104782751003
2024-12-12 18:00:00,2024-12-12,18,37,37,0.4,0.0,0,37,2,236.32548,True,True,True,100.0,0.4,0.0,0.0,0.0
2024-12-12 19:00:00,2024-12-12,19,37,37,0.4,0.0,0,37,2,236.32548,True,True,True,100.0,0.4,0.0,0.0,0.0
2024-12-13 06:00:00,2024-12-13,6,37,37,0.4,0.0,0,37,2,236.32548,True,True,True,100.0,0.4,0.0,0.0,0.0
2024-12-13 07:00:00,2024-12-13,7,37,37,0.4,3.066598966831057,0,7,2,236.32548,False,True,False,18.91891891891892,0.4,2.5637,0.0,0.5028989668310571
2024-12-13 18:00:00,2024-12-13,18,37,37,0.4,0.0,0,37,3,236.32548,True,True,True,100.0,0.4,0.0,0.0,0.0
2024-12-13 19:00:00,2024-12-13,19,37,37,0.21000000000000002,0.0,0,37,2,236.32548,True,True,True,100.0,0.21,0.0,2.7755575615628914e-17,0.0
2024-12-14 06:00:00,2024-12-14,6,37,37,0.21000000000000002,0.0,0,37,2,236.32548,True,True,True,100.0,0.21,0.0,2.7755575615628914e-17,0.0
2024-12-14 07:00:00,2024-12-14,7,37,37,0.21000000000000002,3.091066418406662,0,3,2,236.32548,False,True,False,8.108108108108109,0.21,2.6181,2.7755575615628914e-17,0.47296641840666176
2024-12-14 18:00:00,2024-12-14,18,37,37,1.54,0.0,0,37,3,236.32548,True,True,True,100.0,1.54,0.0,0.0,0.0
2024-12-14 19:00:00,2024-12-14,19,37,37,1.54,0.0,0,37,3,236.32548,True,True,True,100.0,1.54,0.0,0.0,0.0
2024-12-15 06:00:00,2024-12-15,6,37,37,0.21000000000000002,0.0,0,37,2,236.32548,True,True,True,100.0,0.21,0.0,2.7755575615628914e-17,0.0
2024-12-15 07:00:00,2024-12-15,7,37,37,0.25,3.08580867380188,0,3,4,236.32548,False,True,False,8.108108108108109,0.25,2.5987,0.0,0.48710867380188017
2024-12-15 18:00:00,2024-12-15,18,37,37,2.13,0.0,0,37,3,236.32548,True,True,True,100.0,2.13,0.0,0.0,0.0
2024-12-15 19:00:00,2024-12-15,19,37,37,2.13,0.0,0,37,3,236.32548,True,True,True,100.0,2.13,0.0,0.0,0.0
2024-12-16 06:00:00,2024-12-16,6,37,37,2.13,0.0,0,37,3,236.32548,True,True,True,100.0,2.13,0.0,0.0,0.0
2024-12-16 07:00:00,2024-12-16,7,37,37,0.24,2.9558243419023644,0,3,4,236.32548,False,True,False,8.108108108108109,0.24,2.4926,0.0,0.4632243419023645
2024-12-16 18:00:00,2024-12-16,18,38,38,0.2,0.0,0,38,1,240.57548,True,True,True,100.0,0.2,0.0,0.0,0.0
2024-12-16 19:00:00,2024-12-16,19,38,38,0.2,0.0,0,38,1,240.57548,True,True,True,100.0,0.2,0.0,0.0,0.0
2024-12-17 06:00:00,2024-12-17,6,38,38,0.2,0.0,0,38,1,240.57548,True,True,True,100.0,0.2,0.0,0.0,0.0
2024-12-17 07:00:00,2024-12-17,7,38,38,0.2,2.990629541793033,0,5,1,240.57548,False,True,False,13.157894736842104,0.2,2.5063,0.0,0.4843295417930329
2024-12-17 18:00:00,2024-12-17,18,38,38,1.03,0.0,0,38,2,240.57548,True,True,True,100.0,1.03,0.0,0.0,0.0
2024-12-17 19:00:00,2024-12-17,19,38,38,0.2,0.0,0,38,1,240.57548,True,True,True,100.0,0.2,0.0,0.0,0.0
2024-12-18 06:00:00,2024-12-18,6,38,38,0.2,0.0,0,38,1,240.57548,True,True,True,100.0,0.2,0.0,0.0,0.0
2024-12-18 07:00:00,2024-12-18,7,38,38,0.2,2.795540059757008,0,10,1,240.57548,False,True,False,26.31578947368421,0.2,2.3204000000000002,0.0,0.4751400597570079
2024-12-18 18:00:00,2024-12-18,18,38,38,2.9699999999999998,0.0,0,38,4,240.57548,True,True,True,100.0,2.9699999999999998,0.0,0.0,0.0
2024-12-18 19:00:00,2024-12-18,19,38,38,1.81,0.0,0,38,3,240.57548,True,True,True,100.0,1.81,0.0,0.0,0.0
2024-12-19 06:00:00,2024-12-19,6,38,38,0.21000000000000002,0.0,0,38,2,240.57548,True,True,True,100.0,0.21,0.0,2.7755575615628914e-17,0.0
2024-12-19 07:00:00,2024-12-19,7,38,38,0.21000000000000002,2.643849897589557,0,14,2,240.57548,False,True,False,36.84210526315789,0.21,2.1736,2.7755575615628914e-17,0.4702498975895568
2024-12-19 18:00:00,2024-12-19,18,38,38,1.3499999999999999,0.0,0,38,3,240.57548,True,True,True,100.0,1.35,0.0,-2.220446049250313e-16,0.0
2024-12-19 19:00:00,2024-12-19,19,38,38,1.3499999999999999,0.0,0,38,3,240.57548,True,True,True,100.0,1.35,0.0,-2.220446049250313e-16,0.0
2024-12-20 06:00:00,2024-12-20,6,38,38,0.21000000000000002,0.0,0,38,2,240.57548,True,True,True,100.0,0.21,0.0,2.7755575615628914e-17,0.0
2024-12-20 07:00:00,2024-12-20,7,38,38,0.21000000000000002,3.0416836542601393,0,5,2,240.57548,False,True,False,13.157894736842104,0.21,2.5609,2.7755575615628914e-17,0.48078365426013914
2024-12-20 18:00:00,2024-12-20,18,38,38,1.48,0.0,0,38,2,240.57548,True,True,True,100.0,1.48,0.0,0.0,0.0
2024-12-20 19:00:00,2024-12-20,19,38,38,1.48,0.0,0,38,2,240.57548,True,True,True,100.0,1.48,0.0,0.0,0.0
2024-12-21 06:00:00,2024-12-21,6,38,38,0.2,0.0,0,38,1,240.57548,True,True,True,100.0,0.2,0.0,0.0,0.0
2024-12-21 07:00:00,2024-12-21,7,38,38,0.2,2.901753638402873,0,7,1,240.57548,False,True,False,18.421052631578945,0.2,2.4273,0.0,0.47445363840287325
2024-12-21 18:00:00,2024-12-21,18,38,38,0.21000000000000002,0.0,0,38,2,240.57548,True,True,True,100.0,0.21,0.0,2.7755575615628914e-17,0.0
2024-12-21 19:00:00,2024-12-21,19,38,38,0.21000000000000002,0.0,0,38,2,240.57548,True,True,True,100.0,0.21,0.0,2.7755575615628914e-17,0.0
2024-12-22 06:00:00,2024-12-22,6,38,38,0.21000000000000002,0.0,0,38,2,240.57548,True,True,True,100.0,0.21,0.0,2.7755575615628914e-17,0.0
2024-12-22 07:00:00,2024-12-22,7,38,38,0.21000000000000002,2.8710933170018444,0,5,2,240.57548,False,True,False,13.157894736842104,0.21,2.4252000000000002,2.7755575615628914e-17,0.4458933170018442
2024-12-22 18:00:00,2024-12-22,18,38,38,1.79,0.0,0,38,2,240.57548,True,True,True,100.0,1.79,0.0,0.0,0.0
2024-12-22 19:00:00,2024-12-22,19,38,38,1.79,0.0,0,38,2,240.57548,True,True,True,100.0,1.79,0.0,0.0,0.0
2024-12-23 06:00:00,2024-12-23,6,38,38,0.2,0.0,0,38,1,240.57548,True,True,True,100.0,0.2,0.0,0.0,0.0
2024-12-23 07:00:00,2024-12-23,7,38,38,0.2,2.8681460630151596,0,5,1,240.57548,False,True,False,13.157894736842104,0.2,2.3914,0.0,0.47674606301515965
2024-12-23 18:00:00,2024-12-23,18,38,38,0.2,0.0,0,38,1,240.57548,True,True,True,100.0,0.2,0.0,0.0,0.0
2024-12-23 19:00:00,2024-12-23,19,38,38,0.2,0.0,0,38,1,240.57548,True,True,True,100.0,0.2,0.0,0.0,0.0
2024-12-24 06:00:00,2024-12-24,6,38,38,0.2,0.0,0,38,1,240.57548,True,True,True,100.0,0.2,0.0,0.0,0.0
2024-12-24 07:00:00,2024-12-24,7,38,38,0.2,2.7536674696784362,0,10,1,240.57548,False,True,False,26.31578947368421,0.2,2.2809,0.0,0.4727674696784363
2024-12-24 18:00:00,2024-12-24,18,38,38,1.73,0.0,0,38,3,240.57548,True,True,True,100.0,1.73,0.0,0.0,0.0
2024-12-24 19:00:00,2024-12-24,19,38,38,1.73,0.0,0,38,3,240.57548,True,True,True,100.0,1.73,0.0,0.0,0.0
2024-12-25 06:00:00,2024-12-25,6,38,38,0.21000000000000002,0.0,0,38,2,240.57548,True,True,True,100.0,0.21,0.0,2.7755575615628914e-17,0.0
2024-12-25 07:00:00,2024-12-25,7,38,38,0.21000000000000002,2.919060779298417,0,6,2,240.57548,False,True,False,15.789473684210526,0.21,2.4412000000000003,2.7755575615628914e-17,0.47786077929841664
2024-12-25 18:00:00,2024-12-25,18,38,38,0.52,0.0,0,38,3,240.57548,True,True,True,100.0,0.52,0.0,0.0,0.0
2024-12-25 19:00:00,2024-12-25,19,38,38,0.52,0.0,0,38,3,240.57548,True,True,True,100.0,0.52,0.0,0.0,0.0
2024-12-26 06:00:00,2024-12-26,6,38,38,0.52,0.0,0,38,3,240.57548,True,True,True,100.0,0.52,0.0,0.0,0.0
2024-12-26 07:00:00,2024-12-26,7,38,38,0.52,2.9100745451269825,0,6,3,240.57548,False,True,False,15.789473684210526,0.52,2.4496,0.0,0.46047454512698227
2024-12-26 18:00:00,2024-12-26,18,38,38,0.52,0.0,0,38,3,240.57548,True,True,True,100.0,0.52,0.0,0.0,0.0
2024-12-26 19:00:00,2024-12-26,19,38,38,0.52,0.0,0,38,3,240.57548,True,True,True,100.0,0.52,0.0,0.0,0.0
2024-12-27 06:00:00,2024-12-27,6,39,39,0.52,0.0,0,39,3,244.37548,True,True,True,100.0,0.52,0.0,0.0,0.0
2024-12-27 07:00:00,2024-12-27,7,39,39,0.52,2.9859379037712745,0,5,3,244.37548,False,True,False,12.82051282051282,0.52,2.5263,0.0,0.45963790377127456
2024-12-27 18:00:00,2024-12-27,18,39,39,1.6300000000000001,0.0,0,39,4,244.37548,True,True,True,100.0,1.63,0.0,2.220446049250313e-16,0.0
2024-12-27 19:00:00,2024-12-27,19,39,39,1.6300000000000001,0.0,0,39,4,244.37548,True,True,True,100.0,1.63,0.0,2.220446049250313e-16,0.0
2024-12-28 06:00:00,2024-12-28,6,39,39,0.51,0.0,0,39,2,244.37548,True,True,True,100.0,0.51,0.0,0.0,0.0
2024-12-28 07:00:00,2024-12-28,7,39,39,0.51,2.95111299036117,0,4,2,244.37548,False,True,False,10.256410256410255,0.51,2.4996,0.0,0.4515129903611701
2024-12-28 18:00:00,2024-12-28,18,39,39,0.51,0.0,0,39,2,244.37548,True,True,True,100.0,0.51,0.0,0.0,0.0
2024-12-28 19:00:00,2024-12-28,19,39,39,0.51,0.0,0,39,2,244.37548,True,True,True,100.0,0.51,0.0,0.0,0.0
2024-12-29 06:00:00,2024-12-29,6,39,39,0.51,0.0,0,39,2,244.37548,True,True,True,100.0,0.51,0.0,0.0,0.0
2024-12-29 07:00:00,2024-12-29,7,39,39,0.51,2.807813189968136,0,8,2,244.37548,False,True,False,20.51282051282051,0.51,2.3391,0.0,0.4687131899681356
2024-12-29 18:00:00,2024-12-29,18,39,39,0.52,0.0,0,39,3,244.37548,True,True,True,100.0,0.52,0.0,0.0,0.0
2024-12-29 19:00:00,2024-12-29,19,39,39,0.52,0.0,0,39,3,244.37548,True,True,True,100.0,0.52,0.0,0.0,0.0
2024-12-30 06:00:00,2024-12-30,6,39,39,0.52,0.0,0,39,3,244.37548,True,True,True,100.0,0.52,0.0,0.0,0.0
2024-12-30 07:00:00,2024-12-30,7,39,39,0.52,2.781991289617728,0,5,3,244.37548,False,True,False,12.82051282051282,0.52,2.3099,0.0,0.4720912896177283
2024-12-30 18:00:00,2024-12-30,18,39,39,0.51,0.0,0,39,2,244.37548,True,True,True,100.0,0.51,0.0,0.0,0.0
2024-12-30 19:00:00,2024-12-30,19,39,39,0.51,0.0,0,39,2,244.37548,True,True,True,100.0,0.51,0.0,0.0,0.0
2024-12-31 06:00:00,2024-12-31,6,39,39,0.51,0.0,0,39,2,244.37548,True,True,True,100.0,0.51,0.0,0.0,0.0
2024-12-31 07:00:00,2024-12-31,7,39,39,0.51,2.9659741080668107,0,6,2,244.37548,False,True,False,15.384615384615385,0.51,2.5022,0.0,0.4637741080668105
2024-12-31 18:00:00,2024-12-31,18,39,39,0.52,0.0,0,39,3,244.37548,True,True,True,100.0,0.52,0.0,0.0,0.0
2024-12-31 19:00:00,2024-12-31,19,39,39,0.52,0.0,0,39,3,244.37548,True,True,True,100.0,0.52,0.0,0.0,0.0
2025-01-01 06:00:00,2025-01-01,6,39,39,0.21000000000000002,0.0,0,39,2,244.37548,True,True,True,100.0,0.21,0.0,2.7755575615628914e-17,0.0
2025-01-01 07:00:00,2025-01-01,7,39,39,0.21000000000000002,1.9447823637538126,0,6,2,244.37548,False,True,False,15.384615384615385,0.21,1.6797,2.7755575615628914e-17,0.26508236375381267
2025-01-01 18:00:00,2025-01-01,18,39,39,1.42,0.0,0,39,3,244.37548,True,True,True,100.0,1.42,0.0,0.0,0.0
2025-01-01 19:00:00,2025-01-01,19,39,39,1.42,0.0,0,39,3,244.37548,True,True,True,100.0,1.42,0.0,0.0,0.0
2025-01-02 06:00:00,2025-01-02,6,39,39,1.38,0.0,0,39,2,244.37548,True,True,True,100.0,1.38,0.0,0.0,0.0
2025-01-02 07:00:00,2025-01-02,7,39,39,1.38,1.627745358236517,0,24,2,244.37548,False,True,False,61.53846153846154,1.38,1.3687,0.0,0.25904535823651686
2025-01-02 18:00:00,2025-01-02,18,40,40,0.21000000000000002,0.0,0,40,2,248.37548,True,True,True,100.0,0.21,0.0,2.7755575615628914e-17,0.0
2025-01-02 19:00:00,2025-01-02,19,40,40,0.21000000000000002,0.0,0,40,2,248.37548,True,True,True,100.0,0.21,0.0,2.7755575615628914e-17,0.0
2025-01-03 06:00:00,2025-01-03,6,40,40,0.21000000000000002,0.0,0,40,2,248.37548,True,True,True,100.0,0.21,0.0,2.7755575615628914e-17,0.0
2025-01-03 07:00:00,2025-01-03,7,40,40,0.21000000000000002,2.0207622610238167,0,7,2,248.37548,False,True,False,17.5,0.21,1.7598,2.7755575615628914e-17,0.2609622610238167
2025-01-03 18:00:00,2025-01-03,18,40,40,0.21000000000000002,0.0,0,40,2,248.37548,True,True,True,100.0,0.21,0.0,2.7755575615628914e-17,0.0
2025-01-03 19:00:00,2025-01-03,19,40,40,0.21000000000000002,0.0,0,40,2,248.37548,True,True,True,100.0,0.21,0.0,2.7755575615628914e-17,0.0
2025-01-04 06:00:00,2025-01-04,6,40,40,0.21000000000000002,0.0,0,40,2,248.37548,True,True,True,100.0,0.21,0.0,2.7755575615628914e-17,0.0
2025-01-04 07:00:00,2025-01-04,7,40,40,0.21000000000000002,1.9512504305138836,0,9,2,248.37548,False,True,False,22.5,0.21,1.6842000000000001,2.7755575615628914e-17,0.26705043051388344
2025-01-04 18:00:00,2025-01-04,18,40,40,0.42,0.0,0,40,3,248.37548,True,True,True,100.0,0.42,0.0,0.0,0.0
2025-01-04 19:00:00,2025-01-04,19,40,40,0.42,0.0,0,40,3,248.37548,True,True,True,100.0,0.42,0.0,0.0,0.0
2025-01-05 06:00:00,2025-01-05,6,40,40,0.42,0.0,0,40,3,248.37548,True,True,True,100.0,0.42,0.0,0.0,0.0
2025-01-05 07:00:00,2025-01-05,7,40,40,0.42,1.9365751158597007,0,8,3,248.37548,False,True,False,20.0,0.42,1.6702,0.0,0.26637511585970075
2025-01-05 18:00:00,2025-01-05,18,40,40,0.22,0.0,0,40,3,248.37548,True,True,True,100.0,0.22,0.0,0.0,0.0
2025-01-05 19:00:00,2025-01-05,19,40,40,0.21000000000000002,0.0,0,40,2,248.37548,True,True,True,100.0,0.21,0.0,2.7755575615628914e-17,0.0
2025-01-06 06:00:00,2025-01-06,6,40,40,0.21000000000000002,0.0,0,40,2,248.37548,True,True,True,100.0,0.21,0.0,2.7755575615628914e-17,0.0
2025-01-06 07:00:00,2025-01-06,7,40,40,0.21000000000000002,1.956934573277342,0,8,2,248.37548,False,True,False,20.0,0.21,1.6984,2.7755575615628914e-17,0.2585345732773421
2025-01-06 18:00:00,2025-01-06,18,40,40,0.2,0.0,0,40,1,248.37548,True,True,True,100.0,0.2,0.0,0.0,0.0
2025-01-06 19:00:00,2025-01-06,19,40,40,0.2,0.0,0,40,1,248.37548,True,True,True,100.0,0.2,0.0,0.0,0.0
2025-01-07 06:00:00,2025-01-07,6,40,40,0.2,0.0,0,40,1,248.37548,True,True,True,100.0,0.2,0.0,0.0,0.0
2025-01-07 07:00:00,2025-01-07,7,40,40,0.2,2.159952144435371,0,6,1,248.37548,False,True,False,15.0,0.2,1.9034,0.0,0.2565521444353709
2025-01-07 18:00:00,2025-01-07,18,40,40,0.21000000000000002,0.0,0,40,2,248.37548,True,True,True,100.0,0.21,0.0,2.7755575615628914e-17,0.0
2025-01-07 19:00:00,2025-01-07,19,40,40,0.21000000000000002,0.0,0,40,2,248.37548,True,True,True,100.0,0.21,0.0,2.7755575615628914e-17,0.0
2025-01-08 06:00:00,2025-01-08,6,40,40,0.21000000000000002,0.0,0,40,2,248.37548,True,True,True,100.0,0.21,0.0,2.7755575615628914e-17,0.0
2025-01-08 07:00:00,2025-01-08,7,40,40,0.21000000000000002,1.9926144868499858,0,7,2,248.37548,False,True,False,17.5,0.21,1.7368000000000001,2.7755575615628914e-17,0.25581448684998565
2025-01-08 18:00:00,2025-01-08,18,40,40,0.8,0.0,0,40,3,248.37548,True,True,True,100.0,0.8,0.0,0.0,0.0
2025-01-08 19:00:00,2025-01-08,19,40,40,0.8,0.0,0,40,3,248.37548,True,True,True,100.0,0.8,0.0,0.0,0.0
2025-01-09 06:00:00,2025-01-09,6,40,40,0.8,0.0,0,40,3,248.37548,True,True,True,100.0,0.8,0.0,0.0,0.0
2025-01-09 07:00:00,2025-01-09,7,40,40,0.8,1.790812607462392,0,8,3,248.37548,False,True,False,20.0,0.8,1.544,0.0,0.24681260746239198
2025-01-09 18:00:00,2025-01-09,18,40,40,1.51,0.0,0,40,3,248.37548,True,True,True,100.0,1.51,0.0,0.0,0.0
2025-01-09 19:00:00,2025-01-09,19,40,40,1.51,0.0,0,40,3,248.37548,True,True,True,100.0,1.51,0.0,0.0,0.0
2025-01-10 06:00:00,2025-01-10,6,40,40,1.51,0.0,0,40,3,248.37548,True,True,True,100.0,1.51,0.0,0.0,0.0
2025-01-10 07:00:00,2025-01-10,7,40,40,1.51,1.7538204548331455,0,10,3,248.37548,False,True,False,25.0,1.51,1.5152,0.0,0.23862045483314542
2025-01-10 18:00:00,2025-01-10,18,40,40,1.51,0.0,0,40,3,248.37548,True,True,True,100.0,1.51,0.0,0.0,0.0
2025-01-10 19:00:00,2025-01-10,19,40,40,1.51,0.0,0,40,3,248.37548,True,True,True,100.0,1.51,0.0,0.0,0.0
2025-01-11 06:00:00,2025-01-11,6,40,40,1.51,0.0,0,40,3,248.37548,True,True,True,100.0,1.51,0.0,0.0,0.0
2025-01-11 07:00:00,2025-01-11,7,40,40,1.51,2.0477469811005333,0,7,3,248.37548,False,True,False,17.5,1.51,1.7968000000000002,0.0,0.25094698110053315
2025-01-11 18:00:00,2025-01-11,18,40,40,1.51,0.0,0,40,3,248.37548,True,True,True,100.0,1.51,0.0,0.0,0.0
2025-01-11 19:00:00,2025-01-11,19,40,40,1.51,0.0,0,40,3,248.37548,True,True,True,100.0,1.51,0.0,0.0,0.0
2025-01-12 06:00:00,2025-01-12,6,40,40,1.51,0.0,0,40,3,248.37548,True,True,True,100.0,1.51,0.0,0.0,0.0
2025-01-12 07:00:00,2025-01-12,7,40,40,1.51,2.054250098928473,0,7,3,248.37548,False,True,False,17.5,1.51,1.8023,0.0,0.2519500989284731
2025-01-12 18:00:00,2025-01-12,18,40,40,1.51,0.0,0,40,3,248.37548,True,True,True,100.0,1.51,0.0,0.0,0.0
2025-01-12 19:00:00,2025-01-12,19,40,40,1.51,0.0,0,40,3,248.37548,True,True,True,100.0,1.51,0.0,0.0,0.0
2025-01-13 06:00:00,2025-01-13,6,40,40,1.51,0.0,0,40,3,248.37548,True,True,True,100.0,1.51,0.0,0.0,0.0
2025-01-13 07:00:00,2025-01-13,7,40,40,1.51,1.9610180609672716,0,7,3,248.37548,False,True,False,17.5,1.51,1.6936,0.0,0.2674180609672716
2025-01-13 18:00:00,2025-01-13,18,40,40,2.86,0.0,0,40,6,248.37548,True,True,True,100.0,2.86,0.0,0.0,0.0
2025-01-13 19:00:00,2025-01-13,19,40,40,2.86,0.0,0,40,6,248.37548,True,True,True,100.0,2.86,0.0,0.0,0.0
2025-01-14 06:00:00,2025-01-14,6,40,40,2.0300000000000002,0.0,0,40,5,248.37548,True,True,True,100.0,2.03,0.0,4.440892098500626e-16,0.0
2025-01-14 07:00:00,2025-01-14,7,40,40,2.0300000000000002,1.8202942674964784,0,12,5,248.37548,False,True,False,30.0,2.03,1.5510000000000002,4.440892098500626e-16,0.2692942674964782
2025-01-14 18:00:00,2025-01-14,18,40,40,2.1199999999999997,0.0,0,40,6,248.37548,True,True,True,100.0,2.12,0.0,-4.440892098500626e-16,0.0
2025-01-14 19:00:00,2025-01-14,19,40,40,2.1199999999999997,0.0,0,40,6,248.37548,True,True,True,100.0,2.12,0.0,-4.440892098500626e-16,0.0
2025-01-15 06:00:00,2025-01-15,6,40,40,2.1199999999999997,0.0,0,40,6,248.37548,True,True,True,100.0,2.12,0.0,-4.440892098500626e-16,0.0
2025-01-15 07:00:00,2025-01-15,7,40,40,2.1199999999999997,1.8620587220598965,0,8,6,248.37548,False,True,False,20.0,2.12,1.6283,-4.440892098500626e-16,0.23375872205989645
2025-01-15 18:00:00,2025-01-15,18,41,41,2.1199999999999997,0.0,0,41,6,259.64748,True,True,True,100.0,2.12,0.0,-4.440892098500626e-16,0.0
2025-01-15 19:00:00,2025-01-15,19,41,41,2.1199999999999997,0.0,0,41,6,259.64748,True,True,True,100.0,2.12,0.0,-4.440892098500626e-16,0.0
2025-01-16 06:00:00,2025-01-16,6,41,41,1.6099999999999999,0.0,0,41,5,259.64748,True,True,True,100.0,1.6099999999999999,0.0,0.0,0.0
2025-01-16 07:00:00,2025-01-16,7,41,41,1.6099999999999999,1.9248121147454635,0,9,5,259.64748,False,True,False,21.951219512195124,1.6099999999999999,1.6827,0.0,0.24211211474546346
2025-01-16 18:00:00,2025-01-16,18,41,41,1.52,0.0,0,41,4,259.64748,True,True,True,100.0,1.52,0.0,0.0,0.0
2025-01-16 19:00:00,2025-01-16,19,41,41,1.51,0.0,0,41,3,259.64748,True,True,True,100.0,1.51,0.0,0.0,0.0
2025-01-17 06:00:00,2025-01-17,6,41,41,3.4899999999999998,0.0,0,41,4,259.64748,True,True,True,100.0,3.49,0.0,-4.440892098500626e-16,0.0
2025-01-17 07:00:00,2025-01-17,7,41,41,3.4899999999999998,2.0134937084774376,0,11,4,259.64748,False,True,False,26.82926829268293,3.49,1.7463000000000002,-4.440892098500626e-16,0.2671937084774374
2025-01-17 18:00:00,2025-01-17,18,41,41,3.4,0.0,0,41,4,259.64748,True,True,True,100.0,3.4,0.0,0.0,0.0
2025-01-17 19:00:00,2025-01-17,19,41,41,3.4,0.0,0,41,4,259.64748,True,True,True,100.0,3.4,0.0,0.0,0.0
2025-01-18 06:00:00,2025-01-18,6,41,41,3.4,0.0,0,41,4,259.64748,True,True,True,100.0,3.4,0.0,0.0,0.0
2025-01-18 07:00:00,2025-01-18,7,41,41,3.4,1.9841599105577528,0,8,4,259.64748,False,True,False,19.51219512195122,3.4,1.7215,0.0,0.26265991055775273
2025-01-18 18:00:00,2025-01-18,18,41,41,3.39,0.0,0,41,3,259.64748,True,True,True,100.0,3.39,0.0,0.0,0.0
2025-01-18 19:00:00,2025-01-18,19,41,41,3.39,0.0,0,41,3,259.64748,True,True,True,100.0,3.39,0.0,0.0,0.0
2025-01-19 06:00:00,2025-01-19,6,41,41,1.41,0.0,0,41,2,259.64748,True,True,True,100.0,1.4100000000000001,0.0,-2.220446049250313e-16,0.0
2025-01-19 07:00:00,2025-01-19,7,41,41,1.41,1.9355059002428914,0,11,2,259.64748,False,True,False,26.82926829268293,1.4100000000000001,1.6656,-2.220446049250313e-16,0.2699059002428914
2025-01-19 18:00:00,2025-01-19,18,41,41,1.47,0.0,0,41,3,259.64748,True,True,True,100.0,1.47,0.0,0.0,0.0
2025-01-19 19:00:00,2025-01-19,19,41,41,1.41,0.0,0,41,2,259.64748,True,True,True,100.0,1.4100000000000001,0.0,-2.220446049250313e-16,0.0
2025-01-20 06:00:00,2025-01-20,6,41,41,1.41,0.0,0,41,2,259.64748,True,True,True,100.0,1.4100000000000001,0.0,-2.220446049250313e-16,0.0
2025-01-20 07:00:00,2025-01-20,7,41,41,1.41,2.0275404705545643,0,11,2,259.64748,False,True,False,26.82926829268293,1.4100000000000001,1.7574,-2.220446049250313e-16,0.27014047055456425
2025-01-20 18:00:00,2025-01-20,18,41,41,1.5,0.0,0,41,4,259.64748,True,True,True,100.0,1.5,0.0,0.0,0.0
2025-01-20 19:00:00,2025-01-20,19,41,41,1.5,0.0,0,41,4,259.64748,True,True,True,100.0,1.5,0.0,0.0,0.0
2025-01-21 06:00:00,2025-01-21,6,41,41,1.42,0.0,0,41,3,259.64748,True,True,True,100.0,1.42,0.0,0.0,0.0
2025-01-21 07:00:00,2025-01-21,7,41,41,1.42,1.9701645972283417,0,10,3,259.64748,False,True,False,24.390243902439025,1.42,1.6961,0.0,0.27406459722834176
2025-01-21 18:00:00,2025-01-21,18,41,41,2.69,0.0,0,41,4,259.64748,True,True,True,100.0,2.69,0.0,0.0,0.0
2025-01-21 19:00:00,2025-01-21,19,41,41,1.42,0.0,0,41,3,259.64748,True,True,True,100.0,1.42,0.0,0.0,0.0
2025-01-22 06:00:00,2025-01-22,6,41,41,1.42,0.0,0,41,3,259.64748,True,True,True,100.0,1.42,0.0,0.0,0.0
2025-01-22 07:00:00,2025-01-22,7,41,41,1.42,1.9391114316272222,0,10,3,259.64748,False,True,False,24.390243902439025,1.42,1.6703999999999999,0.0,0.26871143162722233
2025-01-22 18:00:00,2025-01-22,18,41,41,2.5,0.0,0,41,3,259.64748,True,True,True,100.0,2.5,0.0,0.0,0.0
2025-01-22 19:00:00,2025-01-22,19,41,41,2.5,0.0,0,41,3,259.64748,True,True,True,100.0,2.5,0.0,0.0,0.0
2025-01-23 06:00:00,2025-01-23,6,41,41,1.41,0.0,0,41,2,259.64748,True,True,True,100.0,1.4100000000000001,0.0,-2.220446049250313e-16,0.0
2025-01-23 07:00:00,2025-01-23,7,41,41,1.41,1.7678573035150804,0,21,2,259.64748,False,True,False,51.21951219512195,1.4100000000000001,1.4949,-2.220446049250313e-16,0.2729573035150805
2025-01-23 18:00:00,2025-01-23,18,41,41,1.76,0.0,0,41,3,259.64748,True,True,True,100.0,1.76,0.0,0.0,0.0
2025-01-23 19:00:00,2025-01-23,19,41,41,1.76,0.0,0,41,3,259.64748,True,True,True,100.0,1.76,0.0,0.0,0.0
2025-01-24 06:00:00,2025-01-24,6,41,41,1.76,0.0,0,41,3,259.64748,True,True,True,100.0,1.76,0.0,0.0,0.0
2025-01-24 07:00:00,2025-01-24,7,41,41,1.76,1.6226701047341865,0,28,3,259.64748,False,True,False,68.29268292682927,1.76,1.3489,0.0,0.2737701047341865
2025-01-24 18:00:00,2025-01-24,18,41,41,1.81,0.0,0,41,3,259.64748,True,True,True,100.0,1.81,0.0,0.0,0.0
2025-01-24 19:00:00,2025-01-24,19,41,41,1.41,0.0,0,41,2,259.64748,True,True,True,100.0,1.4100000000000001,0.0,-2.220446049250313e-16,0.0
2025-01-25 06:00:00,2025-01-25,6,41,41,1.41,0.0,0,41,2,259.64748,True,True,True,100.0,1.4100000000000001,0.0,-2.220446049250313e-16,0.0
2025-01-25 07:00:00,2025-01-25,7,41,41,1.41,1.6083546772897468,0,27,2,259.64748,False,True,False,65.85365853658537,1.4100000000000001,1.3489,-2.220446049250313e-16,0.2594546772897468
2025-01-25 18:00:00,2025-01-25,18,41,41,1.8399999999999999,0.0,0,41,3,259.64748,True,True,True,100.0,1.8399999999999999,0.0,0.0,0.0
2025-01-25 19:00:00,2025-01-25,19,41,41,1.8399999999999999,0.0,0,41,3,259.64748,True,True,True,100.0,1.8399999999999999,0.0,0.0,0.0
2025-01-26 06:00:00,2025-01-26,6,41,41,1.8399999999999999,0.0,0,41,3,259.64748,True,True,True,100.0,1.8399999999999999,0.0,0.0,0.0
2025-01-26 07:00:00,2025-01-26,7,41,41,1.8399999999999999,1.4694687488359173,0,35,3,259.64748,False,True,False,85.36585365853658,1.8399999999999999,1.2089,0.0,0.2605687488359172
2025-01-26 18:00:00,2025-01-26,18,41,41,1.41,0.0,0,41,2,259.64748,True,True,True,100.0,1.4100000000000001,0.0,-2.220446049250313e-16,0.0
2025-01-26 19:00:00,2025-01-26,19,41,41,1.41,0.0,0,41,2,259.64748,True,True,True,100.0,1.4100000000000001,0.0,-2.220446049250313e-16,0.0
2025-01-27 06:00:00,2025-01-27,6,41,41,1.41,0.0,0,41,2,259.64748,True,True,True,100.0,1.4100000000000001,0.0,-2.220446049250313e-16,0.0
2025-01-27 07:00:00,2025-01-27,7,41,41,1.41,1.8587654400783165,0,6,2,259.64748,False,True,False,14.634146341463413,1.4100000000000001,1.6291,-2.220446049250313e-16,0.22966544007831646
2025-01-27 18:00:00,2025-01-27,18,41,41,2.92,0.0,0,41,5,259.64748,True,True,True,100.0,2.92,0.0,0.0,0.0
2025-01-27 19:00:00,2025-01-27,19,41,41,2.91,0.0,0,41,4,259.64748,True,True,True,100.0,2.91,0.0,0.0,0.0
2025-01-28 06:00:00,2025-01-28,6,41,41,2.91,0.0,0,41,4,259.64748,True,True,True,100.0,2.91,0.0,0.0,0.0
2025-01-28 07:00:00,2025-01-28,7,41,41,1.43,1.846830384398821,0,7,4,259.64748,False,True,False,17.073170731707318,1.43,1.6066,0.0,0.24023038439882094
2025-01-28 18:00:00,2025-01-28,18,41,41,3.2600000000000002,0.0,0,41,4,259.64748,True,True,True,100.0,3.26,0.0,4.440892098500626e-16,0.0
2025-01-28 19:00:00,2025-01-28,19,41,41,3.25,0.0,0,41,3,259.64748,True,True,True,100.0,3.25,0.0,0.0,0.0
2025-01-29 06:00:00,2025-01-29,6,41,41,1.41,0.0,0,41,2,259.64748,True,True,True,100.0,1.4100000000000001,0.0,-2.220446049250313e-16,0.0
2025-01-29 07:00:00,2025-01-29,7,41,41,1.43,2.2362269572951448,0,6,4,259.64748,False,True,False,14.634146341463413,1.43,1.9845000000000002,0.0,0.2517269572951446
2025-01-29 18:00:00,2025-01-29,18,41,41,1.43,0.0,0,41,4,259.64748,True,True,True,100.0,1.43,0.0,0.0,0.0
2025-01-29 19:00:00,2025-01-29,19,41,41,1.43,0.0,0,41,4,259.64748,True,True,True,100.0,1.43,0.0,0.0,0.0
2025-01-30 06:00:00,2025-01-30,6,41,41,1.43,0.0,0,41,4,259.64748,True,True,True,100.0,1.43,0.0,0.0,0.0
2025-01-30 07:00:00,2025-01-30,7,41,41,1.44,2.06770939611265,0,9,5,259.64748,False,True,False,21.951219512195124,1.44,1.7974,0.0,0.2703093961126499
2025-01-30 18:00:00,2025-01-30,18,41,41,1.47,0.0,0,41,4,259.64748,True,True,True,100.0,1.47,0.0,0.0,0.0
2025-01-30 19:00:00,2025-01-30,19,41,41,1.47,0.0,0,41,4,259.64748,True,True,True,100.0,1.47,0.0,0.0,0.0
2025-01-31 06:00:00,2025-01-31,6,41,41,1.42,0.0,0,41,3,259.64748,True,True,True,100.0,1.42,0.0,0.0,0.0
2025-01-31 07:00:00,2025-01-31,7,41,41,1.42,1.4669255404560408,0,34,3,259.64748,False,True,False,82.92682926829268,1.42,1.2056,0.0,0.26132554045604084
2025-01-31 18:00:00,2025-01-31,18,41,41,1.43,0.0,0,41,4,259.64748,True,True,True,100.0,1.43,0.0,0.0,0.0
2025-01-31 19:00:00,2025-01-31,19,41,41,1.43,0.0,0,41,4,259.64748,True,True,True,100.0,1.43,0.0,0.0,0.0
2025-02-01 06:00:00,2025-02-01,6,41,41,1.42,0.0,0,41,3,259.64748,True,True,True,100.0,1.42,0.0,0.0,0.0
2025-02-01 07:00:00,2025-02-01,7,41,41,1.42,2.178853898390424,0,24,3,259.64748,False,True,False,58.536585365853654,1.42,1.8165,0.0,0.362353898390424
2025-02-01 18:00:00,2025-02-01,18,41,41,1.41,0.0,0,41,2,259.64748,True,True,True,100.0,1.4100000000000001,0.0,-2.220446049250313e-16,0.0
2025-02-01 19:00:00,2025-02-01,19,41,41,1.41,0.0,0,41,2,259.64748,True,True,True,100.0,1.4100000000000001,0.0,-2.220446049250313e-16,0.0
2025-02-02 06:00:00,2025-02-02,6,41,41,1.41,0.0,0,41,2,259.64748,True,True,True,100.0,1.4100000000000001,0.0,-2.220446049250313e-16,0.0
2025-02-02 07:00:00,2025-02-02,7,41,41,1.43,2.1837311461870894,0,29,3,259.64748,False,True,False,70.73170731707317,1.43,1.7926000000000002,0.0,0.3911311461870892
2025-02-02 18:00:00,2025-02-02,18,41,41,1.42,0.0,0,41,3,259.64748,True,True,True,100.0,1.42,0.0,0.0,0.0
2025-02-02 19:00:00,2025-02-02,19,41,41,1.42,0.0,0,41,3,259.64748,True,True,True,100.0,1.42,0.0,0.0,0.0
2025-02-03 06:00:00,2025-02-03,6,41,41,1.42,0.0,0,41,3,259.64748,True,True,True,100.0,1.42,0.0,0.0,0.0
2025-02-03 07:00:00,2025-02-03,7,41,41,1.44,2.737430489177667,0,4,5,259.64748,False,True,False,9.75609756097561,1.44,2.3797,0.0,0.3577304891776669
2025-02-03 18:00:00,2025-02-03,18,41,41,1.41,0.0,0,41,2,259.64748,True,True,True,100.0,1.4100000000000001,0.0,-2.220446049250313e-16,0.0
2025-02-03 19:00:00,2025-02-03,19,41,41,1.41,0.0,0,41,2,259.64748,True,True,True,100.0,1.4100000000000001,0.0,-2.220446049250313e-16,0.0
2025-02-04 06:00:00,2025-02-04,6,41,41,1.41,0.0,0,41,2,259.64748,True,True,True,100.0,1.4100000000000001,0.0,-2.220446049250313e-16,0.0
2025-02-04 07:00:00,2025-02-04,7,41,41,1.45,2.7437649778862783,0,4,6,259.64748,False,True,False,9.75609756097561,1.45,2.373,0.0,0.37076497788627805
2025-02-04 18:00:00,2025-02-04,18,41,41,1.53,0.0,0,41,6,259.64748,True,True,True,100.0,1.53,0.0,0.0,0.0
2025-02-04 19:00:00,2025-02-04,19,41,41,1.49,0.0,0,41,4,259.64748,True,True,True,100.0,1.49,0.0,0.0,0.0
2025-02-05 06:00:00,2025-02-05,6,41,41,1.42,0.0,0,41,3,259.64748,True,True,True,100.0,1.42,0.0,0.0,0.0
2025-02-05 07:00:00,2025-02-05,7,41,41,1.41,2.5113338621456758,0,4,2,259.64748,False,True,False,9.75609756097561,1.4100000000000001,2.1635,-2.220446049250313e-16,0.3478338621456758
2025-02-05 18:00:00,2025-02-05,18,41,41,1.44,0.0,0,41,4,259.64748,True,True,True,100.0,1.44,0.0,0.0,0.0
2025-02-05 19:00:00,2025-02-05,19,41,41,1.42,0.0,0,41,3,259.64748,True,True,True,100.0,1.42,0.0,0.0,0.0
2025-02-06 06:00:00,2025-02-06,6,41,41,1.42,0.0,0,41,3,259.64748,True,True,True,100.0,1.42,0.0,0.0,0.0
2025-02-06 07:00:00,2025-02-06,7,41,41,1.43,2.566349901797935,0,17,4,259.64748,False,True,False,41.46341463414634,1.43,2.1711,0.0,0.3952499017979352
2025-02-06 18:00:00,2025-02-06,18,41,41,1.42,0.0,0,41,3,259.64748,True,True,True,100.0,1.42,0.0,0.0,0.0
2025-02-06 19:00:00,2025-02-06,19,41,41,1.42,0.0,0,41,3,259.64748,True,True,True,100.0,1.42,0.0,0.0,0.0
2025-02-07 06:00:00,2025-02-07,6,41,41,1.42,0.0,0,41,3,259.64748,True,True,True,100.0,1.42,0.0,0.0,0.0
2025-02-07 07:00:00,2025-02-07,7,41,41,1.65,2.847552179162107,0,7,13,259.64748,False,True,False,17.073170731707318,1.65,2.4813,0.0,0.36625217916210673
2025-02-07 18:00:00,2025-02-07,18,41,41,4.2,0.0,0,41,8,259.64748,True,True,True,100.0,4.2,0.0,0.0,0.0
2025-02-07 19:00:00,2025-02-07,19,41,41,4.140000000000001,0.0,0,41,6,259.64748,True,True,True,100.0,4.14,0.0,8.881784197001252e-16,0.0
2025-02-08 06:00:00,2025-02-08,6,41,41,4.140000000000001,0.0,0,41,6,259.64748,True,True,True,100.0,4.14,0.0,8.881784197001252e-16,0.0
2025-02-08 07:00:00,2025-02-08,7,41,41,4.46,3.35838025096893,0,3,18,259.64748,False,True,False,7.317073170731707,4.46,2.9681,0.0,0.3902802509689298
2025-02-08 18:00:00,2025-02-08,18,41,41,4.17,0.0,0,41,5,259.64748,True,True,True,100.0,4.17,0.0,0.0,0.0
2025-02-08 19:00:00,2025-02-08,19,41,41,4.11,0.0,0,41,3,259.64748,True,True,True,100.0,4.11,0.0,0.0,0.0
2025-02-09 06:00:00,2025-02-09,6,41,41,4.11,0.0,0,41,3,259.64748,True,True,True,100.0,4.11,0.0,0.0,0.0
2025-02-09 07:00:00,2025-02-09,7,41,41,4.41,4.039807605294109,0,2,15,259.64748,False,True,False,4.878048780487805,4.41,3.5564,0.0,0.48340760529410876
2025-02-09 18:00:00,2025-02-09,18,41,41,1.45,0.0,0,41,5,259.64748,True,True,True,100.0,1.45,0.0,0.0,0.0
2025-02-09 19:00:00,2025-02-09,19,41,41,1.42,0.0,0,41,3,259.64748,True,True,True,100.0,1.42,0.0,0.0,0.0
2025-02-10 06:00:00,2025-02-10,6,41,41,1.42,0.0,0,41,3,259.64748,True,True,True,100.0,1.42,0.0,0.0,0.0
2025-02-10 07:00:00,2025-02-10,7,41,41,1.84,4.9069810615456255,0,1,17,259.64748,False,True,False,2.4390243902439024,1.8399999999999999,4.4081,2.220446049250313e-16,0.4988810615456254
2025-02-10 18:00:00,2025-02-10,18,41,41,1.47,0.0,0,41,4,259.64748,True,True,True,100.0,1.47,0.0,0.0,0.0
2025-02-10 19:00:00,2025-02-10,19,41,41,1.41,0.0,0,41,2,259.64748,True,True,True,100.0,1.4100000000000001,0.0,-2.220446049250313e-16,0.0
2025-02-11 06:00:00,2025-02-11,6,41,41,1.41,0.0,0,41,2,259.64748,True,True,True,100.0,1.4100000000000001,0.0,-2.220446049250313e-16,0.0
2025-02-11 07:00:00,2025-02-11,7,41,41,1.81,3.4535831639574583,0,5,14,259.64748,False,True,False,12.195121951219512,1.81,3.0114,0.0,0.44218316395745827
2025-02-11 18:00:00,2025-02-11,18,41,41,1.41,0.0,0,41,2,259.64748,True,True,True,100.0,1.4100000000000001,0.0,-2.220446049250313e-16,0.0
2025-02-11 19:00:00,2025-02-11,19,41,41,1.41,0.0,0,41,2,259.64748,True,True,True,100.0,1.4100000000000001,0.0,-2.220446049250313e-16,0.0
2025-02-12 06:00:00,2025-02-12,6,41,41,1.42,0.0,0,41,3,259.64748,True,True,True,100.0,1.42,0.0,0.0,0.0
2025-02-12 07:00:00,2025-02-12,7,41,41,1.52,4.224947262146187,0,3,8,259.64748,False,True,False,7.317073170731707,1.52,3.7492,0.0,0.4757472621461867
2025-02-12 18:00:00,2025-02-12,18,41,41,5.08,0.0,0,41,4,259.64748,True,True,True,100.0,5.08,0.0,0.0,0.0
2025-02-12 19:00:00,2025-02-12,19,41,41,5.07,0.0,0,41,3,259.64748,True,True,True,100.0,5.07,0.0,0.0,0.0
2025-02-13 06:00:00,2025-02-13,6,41,41,5.08,0.0,0,41,4,259.64748,True,True,True,100.0,5.08,0.0,0.0,0.0
2025-02-13 07:00:00,2025-02-13,7,41,41,6.0,5.119946246252141,0,1,25,259.64748,False,True,False,2.4390243902439024,6.0,4.6033,0.0,0.5166462462521411
2025-02-13 18:00:00,2025-02-13,18,41,41,5.11,0.0,0,41,6,259.64748,True,True,True,100.0,5.11,0.0,0.0,0.0
2025-02-13 19:00:00,2025-02-13,19,41,41,5.08,0.0,0,41,4,259.64748,True,True,True,100.0,5.08,0.0,0.0,0.0
2025-02-14 06:00:00,2025-02-14,6,41,41,5.08,0.0,0,41,4,259.64748,True,True,True,100.0,5.08,0.0,0.0,0.0
2025-02-14 07:00:00,2025-02-14,7,41,41,5.67,4.634675271457347,0,1,20,259.64748,False,True,False,2.4390243902439024,5.67,4.1257,0.0,0.5089752714573468
2025-02-14 18:00:00,2025-02-14,18,41,41,5.12,0.0,0,41,6,259.64748,True,True,True,100.0,5.12,0.0,0.0,0.0
2025-02-14 19:00:00,2025-02-14,19,41,41,5.08,0.0,0,41,4,259.64748,True,True,True,100.0,5.08,0.0,0.0,0.0
2025-02-15 06:00:00,2025-02-15,6,41,41,5.08,0.0,0,41,4,259.64748,True,True,True,100.0,5.08,0.0,0.0,0.0
2025-02-15 07:00:00,2025-02-15,7,41,41,6.14,4.064030765535948,0,2,26,259.64748,False,True,False,4.878048780487805,6.14,3.5809,0.0,0.483130765535948
2025-02-15 18:00:00,2025-02-15,18,41,41,6.83,0.0,0,41,5,259.64748,True,True,True,100.0,6.83,0.0,0.0,0.0
2025-02-15 19:00:00,2025-02-15,19,41,41,6.82,0.0,0,41,4,259.64748,True,True,True,100.0,6.82,0.0,0.0,0.0
2025-02-16 06:00:00,2025-02-16,6,41,41,5.07,0.0,0,41,3,259.64748,True,True,True,100.0,5.07,0.0,0.0,0.0
2025-02-16 07:00:00,2025-02-16,7,41,41,6.36,4.724078124116104,0,2,31,259.64748,False,True,False,4.878048780487805,6.36,4.2214,0.0,0.5026781241161036
2025-02-16 18:00:00,2025-02-16,18,41,41,6.86,0.0,0,41,7,259.64748,True,True,True,100.0,6.86,0.0,0.0,0.0
2025-02-16 19:00:00,2025-02-16,19,41,41,6.83,0.0,0,41,5,259.64748,True,True,True,100.0,6.83,0.0,0.0,0.0
2025-02-17 06:00:00,2025-02-17,6,41,41,5.09,0.0,0,41,5,259.64748,True,True,True,100.0,5.09,0.0,0.0,0.0
2025-02-17 07:00:00,2025-02-17,7,41,41,7.67,3.9140011964712187,0,2,32,259.64748,False,True,False,4.878048780487805,7.67,3.4446,0.0,0.4694011964712188
2025-02-17 18:00:00,2025-02-17,18,41,41,5.260000000000001,0.0,0,41,6,259.64748,True,True,True,100.0,5.26,0.0,8.881784197001252e-16,0.0
2025-02-17 19:00:00,2025-02-17,19,41,41,5.24,0.0,0,41,5,259.64748,True,True,True,100.0,5.24,0.0,0.0,0.0
2025-02-18 06:00:00,2025-02-18,6,41,41,5.07,0.0,0,41,3,259.64748,True,True,True,100.0,5.07,0.0,0.0,0.0
2025-02-18 07:00:00,2025-02-18,7,41,41,6.82,5.267308570618566,0,0,33,259.64748,False,True,False,0.0,6.82,4.7291,0.0,0.5382085706185658
2025-02-18 18:00:00,2025-02-18,18,41,41,5.15,0.0,0,41,5,259.64748,True,True,True,100.0,5.15,0.0,0.0,0.0
2025-02-18 19:00:00,2025-02-18,19,41,41,5.07,0.0,0,41,3,259.64748,True,True,True,100.0,5.07,0.0,0.0,0.0
2025-02-19 06:00:00,2025-02-19,6,41,41,5.07,0.0,0,41,3,259.64748,True,True,True,100.0,5.07,0.0,0.0,0.0
2025-02-19 07:00:00,2025-02-19,7,41,41,6.36,4.747156818980489,0,1,27,259.64748,False,True,False,2.4390243902439024,6.36,4.2393,0.0,0.5078568189804891
2025-02-19 18:00:00,2025-02-19,18,41,41,6.95,0.0,0,41,6,259.64748,True,True,True,100.0,6.95,0.0,0.0,0.0
2025-02-19 19:00:00,2025-02-19,19,41,41,6.890000000000001,0.0,0,41,4,259.64748,True,True,True,100.0,6.89,0.0,8.881784197001252e-16,0.0
2025-02-20 06:00:00,2025-02-20,6,41,41,6.890000000000001,0.0,0,41,4,259.64748,True,True,True,100.0,6.89,0.0,8.881784197001252e-16,0.0
2025-02-20 07:00:00,2025-02-20,7,41,41,8.01,4.529803800952738,0,1,23,259.64748,False,True,False,2.4390243902439024,8.01,4.0029,0.0,0.5269038009527378
2025-02-20 18:00:00,2025-02-20,18,41,41,5.12,0.0,0,41,5,259.64748,True,True,True,100.0,5.12,0.0,0.0,0.0
2025-02-20 19:00:00,2025-02-20,19,41,41,5.07,0.0,0,41,3,259.64748,True,True,True,100.0,5.07,0.0,0.0,0.0
2025-02-21 06:00:00,2025-02-21,6,41,41,5.07,0.0,0,41,3,259.64748,True,True,True,100.0,5.07,0.0,0.0,0.0
2025-02-21 07:00:00,2025-02-21,7,41,41,6.84,4.270101017340236,0,1,34,259.64748,False,True,False,2.4390243902439024,6.84,3.766,0.0,0.5041010173402363
2025-02-21 18:00:00,2025-02-21,18,41,41,5.140000000000001,0.0,0,41,6,259.64748,True,True,True,100.0,5.14,0.0,8.881784197001252e-16,0.0
2025-02-21 19:00:00,2025-02-21,19,41,41,5.08,0.0,0,41,4,259.64748,True,True,True,100.0,5.08,0.0,0.0,0.0
2025-02-22 06:00:00,2025-02-22,6,41,41,5.08,0.0,0,41,4,259.64748,True,True,True,100.0,5.08,0.0,0.0,0.0
2025-02-22 07:00:00,2025-02-22,7,41,41,5.390000000000001,3.8229983781854777,0,1,13,259.64748,False,True,False,2.4390243902439024,5.39,3.3357,8.881784197001252e-16,0.4872983781854776
2025-02-22 18:00:00,2025-02-22,18,41,41,5.75,0.0,0,41,6,259.64748,True,True,True,100.0,5.75,0.0,0.0,0.0
2025-02-22 19:00:00,2025-02-22,19,41,41,5.09,0.0,0,41,5,259.64748,True,True,True,100.0,5.09,0.0,0.0,0.0
2025-02-23 06:00:00,2025-02-23,6,41,41,5.09,0.0,0,41,5,259.64748,True,True,True,100.0,5.09,0.0,0.0,0.0
2025-02-23 07:00:00,2025-02-23,7,41,41,7.88,5.009333153137556,0,1,33,259.64748,False,True,False,2.4390243902439024,7.88,4.4822,0.0,0.527133153137556
2025-02-23 18:00:00,2025-02-23,18,41,41,5.26,0.0,0,41,7,259.64748,True,True,True,100.0,5.26,0.0,0.0,0.0
2025-02-23 19:00:00,2025-02-23,19,41,41,5.07,0.0,0,41,3,259.64748,True,True,True,100.0,5.07,0.0,0.0,0.0
2025-02-24 06:00:00,2025-02-24,6,41,41,5.07,0.0,0,41,3,259.64748,True,True,True,100.0,5.07,0.0,0.0,0.0
2025-02-24 07:00:00,2025-02-24,7,41,41,8.65,5.859620604515277,0,0,35,259.64748,False,True,False,0.0,8.65,5.3153,0.0,0.5443206045152778
2025-02-24 18:00:00,2025-02-24,18,41,41,5.36,0.0,0,41,8,259.64748,True,True,True,100.0,5.36,0.0,0.0,0.0
2025-02-24 19:00:00,2025-02-24,19,41,41,5.140000000000001,0.0,0,41,4,259.64748,True,True,True,100.0,5.14,0.0,8.881784197001252e-16,0.0
2025-02-25 06:00:00,2025-02-25,6,41,41,5.140000000000001,0.0,0,41,4,259.64748,True,True,True,100.0,5.14,0.0,8.881784197001252e-16,0.0
2025-02-25 07:00:00,2025-02-25,7,41,41,6.18,5.704360073353557,0,0,22,259.64748,False,True,False,0.0,6.18,5.1553,0.0,0.5490600733535569
2025-02-25 18:00:00,2025-02-25,18,41,41,7.0,0.0,0,41,10,259.64748,True,True,True,100.0,7.0,0.0,0.0,0.0
2025-02-25 19:00:00,2025-02-25,19,41,41,6.87,0.0,0,41,7,259.64748,True,True,True,100.0,6.87,0.0,0.0,0.0
2025-02-26 06:00:00,2025-02-26,6,41,41,5.63,0.0,0,41,5,259.64748,True,True,True,100.0,5.63,0.0,0.0,0.0
2025-02-26 07:00:00,2025-02-26,7,41,41,8.43,6.133345919440826,0,0,34,259.64748,False,True,False,0.0,8.43,5.5599,0.0,0.5734459194408261
2025-02-26 18:00:00,2025-02-26,18,41,41,8.28,0.0,0,41,10,259.64748,True,True,True,100.0,8.28,0.0,0.0,0.0
2025-02-26 19:00:00,2025-02-26,19,41,41,8.13,0.0,0,41,7,259.64748,True,True,True,100.0,8.13,0.0,0.0,0.0
2025-02-27 06:00:00,2025-02-27,6,41,41,6.0600000000000005,0.0,0,41,5,259.64748,True,True,True,100.0,6.06,0.0,8.881784197001252e-16,0.0
2025-02-27 07:00:00,2025-02-27,7,41,41,9.64,5.900735844725196,0,0,36,259.64748,False,True,False,0.0,9.64,5.3406,0.0,0.5601358447251954
2025-02-27 18:00:00,2025-02-27,18,41,41,7.31,0.0,0,41,9,259.64748,True,True,True,100.0,7.31,0.0,0.0,0.0
2025-02-27 19:00:00,2025-02-27,19,41,41,7.22,0.0,0,41,6,259.64748,True,True,True,100.0,7.22,0.0,0.0,0.0
2025-02-28 06:00:00,2025-02-28,6,41,41,5.57,0.0,0,41,5,259.64748,True,True,True,100.0,5.57,0.0,0.0,0.0
2025-02-28 07:00:00,2025-02-28,7,41,41,8.51,5.631204231063585,0,0,36,259.64748,False,True,False,0.0,8.51,5.083,0.0,0.5482042310635844
2025-02-28 18:00:00,2025-02-28,18,41,41,7.53,0.0,0,41,10,259.64748,True,True,True,100.0,7.53,0.0,0.0,0.0
2025-02-28 19:00:00,2025-02-28,19,41,41,7.430000000000001,0.0,0,41,7,259.64748,True,True,True,100.0,7.43,0.0,8.881784197001252e-16,0.0
2025-03-01 06:00:00,2025-03-01,6,41,41,5.57,0.0,0,41,5,259.64748,True,True,True,100.0,5.57,0.0,0.0,0.0
2025-03-01 07:00:00,2025-03-01,7,41,41,5.630000000000001,8.843444530231245,0,0,9,259.64748,False,True,False,0.0,5.63,7.8075,8.881784197001252e-16,1.0359445302312453
2025-03-01 18:00:00,2025-03-01,18,41,41,5.9,0.0,0,41,14,259.64748,True,True,True,100.0,5.9,0.0,0.0,0.0
2025-03-01 19:00:00,2025-03-01,19,41,41,5.57,0.0,0,41,5,259.64748,True,True,True,100.0,5.57,0.0,0.0,0.0
2025-03-02 06:00:00,2025-03-02,6,41,41,5.57,0.0,0,41,5,259.64748,True,True,True,100.0,5.57,0.0,0.0,0.0
2025-03-02 07:00:00,2025-03-02,7,41,41,5.6000000000000005,8.088284262210594,0,0,8,259.64748,False,True,False,0.0,5.6,7.1025,8.881784197001252e-16,0.9857842622105943
2025-03-02 18:00:00,2025-03-02,18,41,41,5.57,0.0,0,41,5,259.64748,True,True,True,100.0,5.57,0.0,0.0,0.0
2025-03-02 19:00:00,2025-03-02,19,41,41,5.57,0.0,0,41,5,259.64748,True,True,True,100.0,5.57,0.0,0.0,0.0
2025-03-03 06:00:00,2025-03-03,6,41,41,5.58,0.0,0,41,6,259.64748,True,True,True,100.0,5.58,0.0,0.0,0.0
2025-03-03 07:00:00,2025-03-03,7,41,41,8.24,9.15720933954443,0,0,34,259.64748,False,True,False,0.0,8.24,8.1153,0.0,1.0419093395444303
2025-03-03 18:00:00,2025-03-03,18,41,41,5.57,0.0,0,41,5,259.64748,True,True,True,100.0,5.57,0.0,0.0,0.0
2025-03-03 19:00:00,2025-03-03,19,41,41,5.5600000000000005,0.0,0,41,4,259.64748,True,True,True,100.0,5.5600000000000005,0.0,0.0,0.0
2025-03-04 06:00:00,2025-03-04,6,42,42,6.1000000000000005,0.0,0,42,5,268.13948,True,True,True,100.0,6.1,0.0,8.881784197001252e-16,0.0
2025-03-04 07:00:00,2025-03-04,7,42,42,6.3,9.063053795637106,0,0,17,268.13948,False,True,False,0.0,6.3,8.0864,0.0,0.9766537956371071
2025-03-04 18:00:00,2025-03-04,18,41,41,5.57,0.0,0,41,5,259.64748,True,True,True,100.0,5.57,0.0,0.0,0.0
2025-03-04 19:00:00,2025-03-04,19,41,41,5.5600000000000005,0.0,0,41,4,259.64748,True,True,True,100.0,5.5600000000000005,0.0,0.0,0.0
2025-03-05 06:00:00,2025-03-05,6,41,41,5.5600000000000005,0.0,0,41,4,259.64748,True,True,True,100.0,5.5600000000000005,0.0,0.0,0.0
2025-03-05 07:00:00,2025-03-05,7,41,41,11.870000000000001,10.378587426838916,0,0,36,259.64748,False,True,False,0.0,11.87,9.3111,1.7763568394002505e-15,1.067487426838916
2025-03-05 18:00:00,2025-03-05,18,42,42,5.65,0.0,0,42,10,268.13948,True,True,True,100.0,5.65,0.0,0.0,0.0
2025-03-05 19:00:00,2025-03-05,19,42,42,5.57,0.0,0,42,5,268.13948,True,True,True,100.0,5.57,0.0,0.0,0.0
2025-03-06 06:00:00,2025-03-06,6,42,42,5.57,0.0,0,42,5,268.13948,True,True,True,100.0,5.57,0.0,0.0,0.0
2025-03-06 07:00:00,2025-03-06,7,42,42,15.0,12.384565906050769,0,0,38,268.13948,False,True,False,0.0,15.0,11.3221,0.0,1.0624659060507682
2025-03-06 18:00:00,2025-03-06,18,42,42,9.15,0.0,0,42,17,268.13948,True,True,True,100.0,9.15,0.0,0.0,0.0
2025-03-06 19:00:00,2025-03-06,19,42,42,7.61,0.0,0,42,6,268.13948,True,True,True,100.0,7.61,0.0,0.0,0.0
2025-03-07 06:00:00,2025-03-07,6,42,42,5.57,0.0,0,42,5,268.13948,True,True,True,100.0,5.57,0.0,0.0,0.0
2025-03-07 07:00:00,2025-03-07,7,42,42,15.65,11.319918907705677,0,0,38,268.13948,False,True,False,0.0,15.65,10.2733,0.0,1.0466189077056764
2025-03-07 18:00:00,2025-03-07,18,42,42,5.87,0.0,0,42,19,268.13948,True,True,True,100.0,5.87,0.0,0.0,0.0
2025-03-07 19:00:00,2025-03-07,19,42,42,5.57,0.0,0,42,5,268.13948,True,True,True,100.0,5.57,0.0,0.0,0.0
2025-03-08 06:00:00,2025-03-08,6,42,42,5.5600000000000005,0.0,0,42,4,268.13948,True,True,True,100.0,5.5600000000000005,0.0,0.0,0.0
2025-03-08 07:00:00,2025-03-08,7,42,42,13.48,12.840604507535014,0,0,39,268.13948,False,True,False,0.0,13.48,11.7621,0.0,1.0785045075350137
2025-03-08 18:00:00,2025-03-08,18,42,42,7.66,0.0,0,42,18,268.13948,True,True,True,100.0,7.66,0.0,0.0,0.0
2025-03-08 19:00:00,2025-03-08,19,42,42,7.33,0.0,0,42,5,268.13948,True,True,True,100.0,7.33,0.0,0.0,0.0
2025-03-09 06:00:00,2025-03-09,6,42,42,5.5600000000000005,0.0,0,42,4,268.13948,True,True,True,100.0,5.5600000000000005,0.0,0.0,0.0
2025-03-09 07:00:00,2025-03-09,7,42,42,15.05,13.237968908183765,0,0,40,268.13948,False,True,False,0.0,15.05,12.1364,0.0,1.101568908183765
2025-03-09 18:00:00,2025-03-09,18,42,42,7.92,0.0,0,42,26,268.13948,True,True,True,100.0,7.92,0.0,0.0,0.0
2025-03-09 19:00:00,2025-03-09,19,42,42,7.41,0.0,0,42,5,268.13948,True,True,True,100.0,7.41,0.0,0.0,0.0
2025-03-10 06:00:00,2025-03-10,6,42,42,5.5600000000000005,0.0,0,42,4,268.13948,True,True,True,100.0,5.5600000000000005,0.0,0.0,0.0
2025-03-10 07:00:00,2025-03-10,7,42,42,14.15,13.15192977843579,0,0,40,268.13948,False,True,False,0.0,14.15,12.0946,0.0,1.0573297784357898
2025-03-10 18:00:00,2025-03-10,18,42,42,7.65,0.0,0,42,22,268.13948,True,True,True,100.0,7.65,0.0,0.0,0.0
2025-03-10 19:00:00,2025-03-10,19,42,42,7.3100000000000005,0.0,0,42,7,268.13948,True,True,True,100.0,7.31,0.0,8.881784197001252e-16,0.0
2025-03-11 06:00:00,2025-03-11,6,42,42,5.57,0.0,0,42,5,268.13948,True,True,True,100.0,5.57,0.0,0.0,0.0
2025-03-11 07:00:00,2025-03-11,7,42,42,14.45,11.423536405116689,0,0,39,268.13948,False,True,False,0.0,14.45,10.3779,0.0,1.0456364051166886
2025-03-11 18:00:00,2025-03-11,18,42,42,6.66,0.0,0,42,18,268.13948,True,True,True,100.0,6.66,0.0,0.0,0.0
2025-03-11 19:00:00,2025-03-11,19,42,42,6.48,0.0,0,42,6,268.13948,True,True,True,100.0,6.48,0.0,0.0,0.0
2025-03-12 06:00:00,2025-03-12,6,42,42,5.57,0.0,0,42,5,268.13948,True,True,True,100.0,5.57,0.0,0.0,0.0
2025-03-12 07:00:00,2025-03-12,7,42,42,10.27,13.092295530751668,0,0,40,268.13948,False,True,False,0.0,10.27,12.0234,0.0,1.0688955307516679
2025-03-12 18:00:00,2025-03-12,18,43,43,8.02,0.0,0,43,17,273.82748,True,True,True,100.0,8.02,0.0,0.0,0.0
2025-03-12 19:00:00,2025-03-12,19,43,43,7.76,0.0,0,43,7,273.82748,True,True,True,100.0,7.76,0.0,0.0,0.0
2025-03-13 06:00:00,2025-03-13,6,43,43,5.5600000000000005,0.0,0,43,4,273.82748,True,True,True,100.0,5.5600000000000005,0.0,0.0,0.0
2025-03-13 07:00:00,2025-03-13,7,43,43,12.48,12.967182622092224,0,0,41,273.82748,False,True,False,0.0,12.48,11.8955,0.0,1.071682622092224
2025-03-13 18:00:00,2025-03-13,18,43,43,7.52,0.0,0,43,17,273.82748,True,True,True,100.0,7.52,0.0,0.0,0.0
2025-03-13 19:00:00,2025-03-13,19,43,43,7.36,0.0,0,43,7,273.82748,True,True,True,100.0,7.36,0.0,0.0,0.0
2025-03-14 06:00:00,2025-03-14,6,43,43,5.57,0.0,0,43,5,273.82748,True,True,True,100.0,5.57,0.0,0.0,0.0
2025-03-14 07:00:00,2025-03-14,7,43,43,21.19,13.017843944857766,0,0,42,273.82748,False,True,False,0.0,21.19,11.9563,0.0,1.0615439448577657
2025-03-14 18:00:00,2025-03-14,18,44,44,5.59,0.0,0,44,7,276.45748,True,True,True,100.0,5.59,0.0,0.0,0.0
2025-03-14 19:00:00,2025-03-14,19,44,44,5.57,0.0,0,44,5,276.45748,True,True,True,100.0,5.57,0.0,0.0,0.0
2025-03-15 06:00:00,2025-03-15,6,44,44,5.57,0.0,0,44,5,276.45748,True,True,True,100.0,5.57,0.0,0.0,0.0
2025-03-15 07:00:00,2025-03-15,7,44,44,10.34,12.043172958362762,0,0,41,276.45748,False,True,False,0.0,10.34,11.0038,0.0,1.0393729583627618
2025-03-15 18:00:00,2025-03-15,18,44,44,7.41,0.0,0,44,17,276.45748,True,True,True,100.0,7.41,0.0,0.0,0.0
2025-03-15 19:00:00,2025-03-15,19,44,44,7.16,0.0,0,44,7,276.45748,True,True,True,100.0,7.16,0.0,0.0,0.0
2025-03-16 06:00:00,2025-03-16,6,44,44,5.5600000000000005,0.0,0,44,4,276.45748,True,True,True,100.0,5.5600000000000005,0.0,0.0,0.0
2025-03-16 07:00:00,2025-03-16,7,44,44,17.49,15.174183856869643,0,0,42,276.45748,False,True,False,0.0,17.49,14.0368,0.0,1.1373838568696435
2025-03-16 18:00:00,2025-03-16,18,45,45,7.49,0.1476468480373703,0,43,39,279.37248,False,True,False,95.55555555555556,7.49,0.19090000000000001,0.0,-0.043253151962629716
2025-03-16 19:00:00,2025-03-16,19,45,45,5.96,0.0,0,45,6,279.37248,True,True,True,100.0,5.96,0.0,0.0,0.0
2025-03-17 06:00:00,2025-03-17,6,45,45,5.58,0.0,0,45,5,279.37248,True,True,True,100.0,5.58,0.0,0.0,0.0
2025-03-17 07:00:00,2025-03-17,7,45,45,23.23,16.87448541253021,0,0,43,279.37248,False,True,False,0.0,23.23,15.7186,0.0,1.1558854125302087
2025-03-17 18:00:00,2025-03-17,18,44,44,8.8,0.1488702535784158,0,42,37,276.74248,False,True,False,95.45454545454545,8.8,0.1928,0.0,-0.043929746421584204
2025-03-17 19:00:00,2025-03-17,19,44,44,7.14,0.0,0,44,7,276.74248,True,True,True,100.0,7.14,0.0,0.0,0.0
2025-03-18 06:00:00,2025-03-18,6,44,44,5.59,0.0,0,44,6,276.74248,True,True,True,100.0,5.59,0.0,0.0,0.0
2025-03-18 07:00:00,2025-03-18,7,44,44,23.18,17.454966202799007,0,0,41,276.74248,False,True,False,0.0,23.18,16.3075,0.0,1.1474662027990057
2025-03-18 18:00:00,2025-03-18,18,45,45,10.040000000000001,2.3700103000030155,0,22,39,279.37248,False,True,False,48.888888888888886,10.04,2.4074,1.7763568394002505e-15,-0.03738969999698449
2025-03-18 19:00:00,2025-03-18,19,45,45,8.15,0.0,0,45,8,279.37248,True,True,True,100.0,8.15,0.0,0.0,0.0
2025-03-19 06:00:00,2025-03-19,6,45,45,5.58,0.0,0,45,5,279.37248,True,True,True,100.0,5.58,0.0,0.0,0.0
2025-03-19 07:00:00,2025-03-19,7,45,45,25.89,18.36303423010755,0,0,43,279.37248,False,True,False,0.0,25.89,17.1376,0.0,1.2254342301075525
2025-03-19 18:00:00,2025-03-19,18,45,45,9.89,6.257428808786024,0,10,40,279.37248,False,True,False,22.22222222222222,9.89,5.7391000000000005,0.0,0.5183288087860234
2025-03-19 19:00:00,2025-03-19,19,45,45,7.74,0.0,0,45,7,279.37248,True,True,True,100.0,7.74,0.0,0.0,0.0
2025-03-20 06:00:00,2025-03-20,6,45,45,5.58,0.0,0,45,5,279.37248,True,True,True,100.0,5.58,0.0,0.0,0.0
2025-03-20 07:00:00,2025-03-20,7,45,45,23.98,18.978011192280917,0,0,44,279.37248,False,True,False,0.0,23.98,17.7661,0.0,1.2119111922809154
2025-03-20 18:00:00,2025-03-20,18,45,45,9.78,6.875197365214626,0,6,40,279.37248,False,True,False,13.333333333333334,9.78,6.3661,0.0,0.5090973652146253
2025-03-20 19:00:00,2025-03-20,19,45,45,7.57,0.0,0,45,6,279.37248,True,True,True,100.0,7.57,0.0,0.0,0.0
2025-03-21 06:00:00,2025-03-21,6,45,45,7.57,0.0,0,45,6,279.37248,True,True,True,100.0,7.57,0.0,0.0,0.0
2025-03-21 07:00:00,2025-03-21,7,45,45,25.16,20.33658363234204,0,0,44,279.37248,False,True,False,0.0,25.16,19.0927,0.0,1.2438836323420404
2025-03-21 18:00:00,2025-03-21,18,45,45,9.07,7.62546044747527,0,2,41,279.37248,False,True,False,4.444444444444445,9.07,7.116,0.0,0.50946044747527
2025-03-21 19:00:00,2025-03-21,19,45,45,6.66,0.0,0,45,8,279.37248,True,True,True,100.0,6.66,0.0,0.0,0.0
2025-03-22 06:00:00,2025-03-22,6,45,45,6.67,0.0,0,45,9,279.37248,True,True,True,100.0,6.67,0.0,0.0,0.0
2025-03-22 07:00:00,2025-03-22,7,45,45,25.31,20.660243680292037,0,0,44,279.37248,False,True,False,0.0,25.31,19.4115,0.0,1.248743680292037
2025-03-22 18:00:00,2025-03-22,18,45,45,9.07,7.675876335997057,0,2,40,279.37248,False,True,False,4.444444444444445,9.07,7.1636,0.0,0.5122763359970577
2025-03-22 19:00:00,2025-03-22,19,45,45,6.98,0.0,0,45,7,279.37248,True,True,True,100.0,6.98,0.0,0.0,0.0
2025-03-23 06:00:00,2025-03-23,6,45,45,7.01,0.0,0,45,9,279.37248,True,True,True,100.0,7.01,0.0,0.0,0.0
2025-03-23 07:00:00,2025-03-23,7,45,45,22.02,17.708116327011453,0,0,43,279.37248,False,True,False,0.0,22.02,16.5408,0.0,1.1673163270114522
2025-03-23 18:00:00,2025-03-23,18,45,45,8.4,7.036867094889771,0,2,37,279.37248,False,True,False,4.444444444444445,8.4,6.511,0.0,0.5258670948897706
2025-03-23 19:00:00,2025-03-23,19,45,45,6.98,0.0,0,45,7,279.37248,True,True,True,100.0,6.98,0.0,0.0,0.0
2025-03-24 06:00:00,2025-03-24,6,45,45,6.99,0.0,0,45,8,279.37248,True,True,True,100.0,6.99,0.0,0.0,0.0
2025-03-24 07:00:00,2025-03-24,7,45,45,21.02,21.57374363695882,0,0,44,279.37248,False,True,False,0.0,21.02,20.3045,0.0,1.2692436369588194
2025-03-24 18:00:00,2025-03-24,18,45,45,9.09,7.719353325937957,0,2,40,279.37248,False,True,False,4.444444444444445,9.09,7.2071,0.0,0.5122533259379578
2025-03-24 19:00:00,2025-03-24,19,45,45,7.010000000000001,0.0,0,45,7,279.37248,True,True,True,100.0,7.01,0.0,8.881784197001252e-16,0.0
2025-03-25 06:00:00,2025-03-25,6,45,45,6.63,0.0,0,45,6,279.37248,True,True,True,100.0,6.63,0.0,0.0,0.0
2025-03-25 07:00:00,2025-03-25,7,45,45,24.67,22.546319116436873,0,0,43,279.37248,False,True,False,0.0,24.67,21.2359,0.0,1.3104191164368721
2025-03-25 18:00:00,2025-03-25,18,45,45,8.94,7.820461747187233,0,2,39,279.37248,False,True,False,4.444444444444445,8.94,7.373,0.0,0.44746174718723264
2025-03-25 19:00:00,2025-03-25,19,45,45,6.63,0.0,0,45,6,279.37248,True,True,True,100.0,6.63,0.0,0.0,0.0
2025-03-26 06:00:00,2025-03-26,6,45,45,6.67,0.0,0,45,9,279.37248,True,True,True,100.0,6.67,0.0,0.0,0.0
2025-03-26 07:00:00,2025-03-26,7,45,45,26.51,23.250971693088413,0,0,44,279.37248,False,True,False,0.0,26.51,21.9661,0.0,1.2848716930884123
2025-03-26 18:00:00,2025-03-26,18,45,45,11.35,7.701213273668045,0,2,40,279.37248,False,True,False,4.444444444444445,11.35,7.244,0.0,0.457213273668045
2025-03-26 19:00:00,2025-03-26,19,45,45,8.99,0.0,0,45,7,279.37248,True,True,True,100.0,8.99,0.0,0.0,0.0
2025-03-27 06:00:00,2025-03-27,6,45,45,8.99,0.0,0,45,7,279.37248,True,True,True,100.0,8.99,0.0,0.0,0.0
2025-03-27 07:00:00,2025-03-27,7,45,45,13.13,16.311067617682593,0,0,34,279.37248,False,True,False,0.0,13.13,15.2046,0.0,1.1064676176825934
2025-03-27 18:00:00,2025-03-27,18,45,45,9.01,6.695047208401611,0,2,9,279.37248,False,True,False,4.444444444444445,9.01,6.1958,0.0,0.4992472084016111
2025-03-27 19:00:00,2025-03-27,19,45,45,8.99,0.0,0,45,7,279.37248,True,True,True,100.0,8.99,0.0,0.0,0.0
2025-03-28 06:00:00,2025-03-28,6,45,45,7.96,0.0,0,45,8,279.37248,True,True,True,100.0,7.96,0.0,0.0,0.0
2025-03-28 07:00:00,2025-03-28,7,45,45,25.63,18.83323558732127,0,0,43,279.37248,False,True,False,0.0,25.63,17.6644,0.0,1.1688355873212686
2025-03-28 18:00:00,2025-03-28,18,45,45,10.15,6.910115531405633,0,2,27,279.37248,False,True,False,4.444444444444445,10.15,6.3858,0.0,0.5243155314056329
2025-03-28 19:00:00,2025-03-28,19,45,45,7.15,0.0,0,45,7,279.37248,True,True,True,100.0,7.15,0.0,0.0,0.0
2025-03-29 06:00:00,2025-03-29,6,45,45,5.65,0.0,0,45,10,279.37248,True,True,True,100.0,5.65,0.0,0.0,0.0
2025-03-29 07:00:00,2025-03-29,7,45,45,22.59,22.387161598280255,0,0,43,279.37248,False,True,False,0.0,22.59,21.0936,0.0,1.293561598280256
2025-03-29 18:00:00,2025-03-29,18,45,45,8.22,7.366442302783527,0,2,33,279.37248,False,True,False,4.444444444444445,8.22,6.8654,0.0,0.5010423027835271
2025-03-29 19:00:00,2025-03-29,19,45,45,7.13,0.0,0,45,7,279.37248,True,True,True,100.0,7.13,0.0,0.0,0.0
2025-03-30 06:00:00,2025-03-30,6,45,45,5.62,0.0,0,45,9,279.37248,True,True,True,100.0,5.62,0.0,0.0,0.0
2025-03-30 07:00:00,2025-03-30,7,45,45,15.09,22.878405608365764,0,0,43,279.37248,False,True,False,0.0,15.09,21.6015,0.0,1.2769056083657624
2025-03-30 18:00:00,2025-03-30,18,45,45,12.17,7.729446344041907,0,2,41,279.37248,False,True,False,4.444444444444445,12.17,7.3015,0.0,0.42794634404190735
2025-03-30 19:00:00,2025-03-30,19,45,45,8.25,0.0,0,45,8,279.37248,True,True,True,100.0,8.25,0.0,0.0,0.0
2025-03-31 06:00:00,2025-03-31,6,45,45,5.74,0.0,0,45,18,279.37248,True,True,True,100.0,5.74,0.0,0.0,0.0
2025-03-31 07:00:00,2025-03-31,7,45,45,25.52,22.268190669715235,0,0,43,279.37248,False,True,False,0.0,25.52,21.0019,0.0,1.2662906697152359
2025-03-31 18:00:00,2025-03-31,18,45,45,11.83,8.100443156237976,0,2,42,279.37248,False,True,False,4.444444444444445,11.83,7.7139,0.0,0.38654315623797597
2025-03-31 19:00:00,2025-03-31,19,45,45,7.61,0.0,0,45,9,279.37248,True,True,True,100.0,7.61,0.0,0.0,0.0
2025-04-01 06:00:00,2025-04-01,6,45,45,6.5600000000000005,0.0,0,45,27,279.37248,True,True,True,100.0,6.5600000000000005,0.0,0.0,0.0
2025-04-01 07:00:00,2025-04-01,7,45,45,30.76,25.74855121742961,0,0,43,279.37248,False,True,False,0.0,30.76,24.2361,0.0,1.5124512174296108
2025-04-01 18:00:00,2025-04-01,18,46,46,11.73,11.031422893952378,0,2,43,282.54448,False,True,False,4.3478260869565215,11.73,10.5109,0.0,0.5205228939523785
2025-04-01 19:00:00,2025-04-01,19,46,46,7.48,0.0,0,46,6,282.54448,True,True,True,100.0,7.48,0.0,0.0,0.0
2025-04-02 06:00:00,2025-04-02,6,46,46,8.1,0.0,0,46,23,282.54448,True,True,True,100.0,8.1,0.0,0.0,0.0
2025-04-02 07:00:00,2025-04-02,7,46,46,30.41,26.389313633126875,0,0,45,282.54448,False,True,False,0.0,30.41,24.8759,0.0,1.5134136331268735
2025-04-02 18:00:00,2025-04-02,18,46,46,11.74,11.833741878634719,0,2,44,282.54448,False,True,False,4.3478260869565215,11.74,11.3504,0.0,0.4833418786347181
2025-04-02 19:00:00,2025-04-02,19,46,46,7.5,0.0,0,46,8,282.54448,True,True,True,100.0,7.5,0.0,0.0,0.0
2025-04-03 06:00:00,2025-04-03,6,46,46,6.28,0.012932434006262,0,45,26,282.54448,False,True,False,97.82608695652173,6.28,0.0129,0.0,3.243400626199919e-05
2025-04-03 07:00:00,2025-04-03,7,46,46,25.92,26.415419028017634,0,0,45,282.54448,False,True,False,0.0,25.92,24.8687,0.0,1.546719028017634
2025-04-03 18:00:00,2025-04-03,18,46,46,10.95,11.260092325695837,0,2,44,282.54448,False,True,False,4.3478260869565215,10.95,10.7569,0.0,0.5031923256958368
2025-04-03 19:00:00,2025-04-03,19,46,46,6.62,0.0,0,46,7,282.54448,True,True,True,100.0,6.62,0.0,0.0,0.0
2025-04-04 06:00:00,2025-04-04,6,46,46,7.970000000000001,0.7577815734048619,0,38,34,282.54448,False,True,False,82.6086956521739,7.97,0.7321000000000001,8.881784197001252e-16,0.02568157340486177
2025-04-04 07:00:00,2025-04-04,7,46,46,31.66,25.6470751450953,0,0,45,282.54448,False,True,False,0.0,31.66,24.1307,0.0,1.5163751450952994
2025-04-04 18:00:00,2025-04-04,18,46,46,9.57,7.246503002721416,0,2,41,282.54448,False,True,False,4.3478260869565215,9.57,6.6678,0.0,0.578703002721416
2025-04-04 19:00:00,2025-04-04,19,46,46,6.88,0.0,0,46,8,282.54448,True,True,True,100.0,6.88,0.0,0.0,0.0
2025-04-05 06:00:00,2025-04-05,6,46,46,8.14,4.994384080949076,0,4,32,282.54448,False,True,False,8.695652173913043,8.14,4.5652,0.0,0.4291840809490761
2025-04-05 07:00:00,2025-04-05,7,46,46,29.21,30.15755373107566,0,0,41,282.54448,False,True,False,0.0,29.21,28.5552,0.0,1.6023537310756595
2025-04-05 18:00:00,2025-04-05,18,46,46,11.790000000000001,11.738573310616527,0,2,41,282.54448,False,True,False,4.3478260869565215,11.79,11.2469,1.7763568394002505e-15,0.49167331061652675
2025-04-05 19:00:00,2025-04-05,19,46,46,6.680000000000001,0.0,0,46,9,282.54448,True,True,True,100.0,6.68,0.0,8.881784197001252e-16,0.0
2025-04-06 06:00:00,2025-04-06,6,46,46,8.83,5.1788977413147546,0,2,34,282.54448,False,True,False,4.3478260869565215,8.83,4.7782,0.0,0.40069774131475455
2025-04-06 07:00:00,2025-04-06,7,46,46,36.15,31.176425694360614,0,0,42,282.54448,False,True,False,0.0,36.15,29.6026,0.0,1.5738256943606146
2025-04-06 18:00:00,2025-04-06,18,46,46,11.19,12.837942152899926,0,2,41,282.54448,False,True,False,4.3478260869565215,11.19,12.3228,0.0,0.5151421528999247
2025-04-06 19:00:00,2025-04-06,19,46,46,6.05,0.0,0,46,10,282.54448,True,True,True,100.0,6.05,0.0,0.0,0.0
2025-04-07 06:00:00,2025-04-07,6,46,46,8.25,5.2366445559154,0,2,34,282.54448,False,True,False,4.3478260869565215,8.25,4.8255,0.0,0.4111445559154001
2025-04-07 07:00:00,2025-04-07,7,46,46,29.86,27.907634151998217,0,0,43,282.54448,False,True,False,0.0,29.86,26.3603,0.0,1.5473341519982178
2025-04-07 18:00:00,2025-04-07,18,46,46,12.22,8.33141046035156,0,2,42,282.54448,False,True,False,4.3478260869565215,12.22,7.7657,0.0,0.5657104603515597
2025-04-07 19:00:00,2025-04-07,19,46,46,5.99,0.0,0,46,6,282.54448,True,True,True,100.0,5.99,0.0,0.0,0.0
2025-04-08 06:00:00,2025-04-08,6,46,46,8.06,5.022637254757091,0,2,36,282.54448,False,True,False,4.3478260869565215,8.06,4.6355,0.0,0.38713725475709104
2025-04-08 07:00:00,2025-04-08,7,46,46,30.9,28.715847266946952,0,0,44,282.54448,False,True,False,0.0,30.9,27.1863,0.0,1.5295472669469525
2025-04-08 18:00:00,2025-04-08,18,46,46,10.780000000000001,7.447342629816919,0,2,44,282.54448,False,True,False,4.3478260869565215,10.78,6.875,1.7763568394002505e-15,0.5723426298169194
2025-04-08 19:00:00,2025-04-08,19,46,46,5.99,0.0,0,46,6,282.54448,True,True,True,100.0,5.99,0.0,0.0,0.0
2025-04-09 06:00:00,2025-04-09,6,46,46,8.33,5.038077436011515,0,2,37,282.54448,False,True,False,4.3478260869565215,8.33,4.6497,0.0,0.3883774360115151
2025-04-09 07:00:00,2025-04-09,7,46,46,34.21,28.65689665465031,0,0,45,282.54448,False,True,False,0.0,34.21,27.116,0.0,1.540896654650311
2025-04-09 18:00:00,2025-04-09,18,47,47,11.0,9.935322030745445,0,2,45,284.74448,False,True,False,4.25531914893617,11.0,9.4007,0.0,0.5346220307454441
2025-04-09 19:00:00,2025-04-09,19,47,47,6.04,0.0,0,47,10,284.74448,True,True,True,100.0,6.04,0.0,0.0,0.0
2025-04-10 06:00:00,2025-04-10,6,47,47,8.610000000000001,5.311880720597758,0,2,40,284.74448,False,True,False,4.25531914893617,8.61,4.9033,1.7763568394002505e-15,0.4085807205977581
2025-04-10 07:00:00,2025-04-10,7,47,47,34.6,33.20165188989843,0,0,46,284.74448,False,True,False,0.0,34.6,31.4961,0.0,1.7055518898984303
2025-04-10 18:00:00,2025-04-10,18,47,47,13.8,11.814536677571283,0,2,45,284.74448,False,True,False,4.25531914893617,13.8,11.2934,0.0,0.5211366775712829
2025-04-10 19:00:00,2025-04-10,19,47,47,7.6000000000000005,0.0,0,47,5,284.74448,True,True,True,100.0,7.6,0.0,8.881784197001252e-16,0.0
2025-04-11 06:00:00,2025-04-11,6,48,48,9.61,5.22932555611531,0,2,39,290.70448,False,True,False,4.166666666666666,9.61,4.8269,0.0,0.4024255561153094
2025-04-11 07:00:00,2025-04-11,7,48,48,35.79,31.238878491210468,0,0,45,290.70448,False,True,False,0.0,35.79,29.578,0.0,1.6608784912104682
2025-04-11 18:00:00,2025-04-11,18,48,48,8.76,7.389518085535884,0,3,36,290.70448,False,True,False,6.25,8.76,6.784,0.0,0.6055180855358842
2025-04-11 19:00:00,2025-04-11,19,48,48,7.48,0.0,0,48,6,290.70448,True,True,True,100.0,7.48,0.0,0.0,0.0
2025-04-12 06:00:00,2025-04-12,6,48,48,6.07,5.109333030478863,0,2,14,290.70448,False,True,False,4.166666666666666,6.07,4.73,0.0,0.3793330304788629
2025-04-12 07:00:00,2025-04-12,7,48,48,13.55,19.091358161398233,0,0,34,290.70448,False,True,False,0.0,13.55,17.726,0.0,1.365358161398234
2025-04-12 18:00:00,2025-04-12,18,48,48,20.25,15.887667767142,0,2,46,290.70448,False,True,False,4.166666666666666,20.25,15.4422,0.0,0.4454677671420004
2025-04-12 19:00:00,2025-04-12,19,48,48,6.85,0.0,0,48,6,290.70448,True,True,True,100.0,6.85,0.0,0.0,0.0
2025-04-13 06:00:00,2025-04-13,6,48,48,17.43,5.494472477013896,0,2,42,290.70448,False,True,False,4.166666666666666,17.43,5.0709,0.0,0.423572477013896
2025-04-13 07:00:00,2025-04-13,7,48,48,51.97,38.675740298637535,0,0,46,290.70448,False,True,False,0.0,51.97,36.8783,0.0,1.7974402986375324
2025-04-13 18:00:00,2025-04-13,18,48,48,17.6,14.877292255955084,0,2,45,290.70448,False,True,False,4.166666666666666,17.6,14.363,0.0,0.514292255955084
2025-04-13 19:00:00,2025-04-13,19,48,48,6.12,0.0,0,48,6,290.70448,True,True,True,100.0,6.12,0.0,0.0,0.0
2025-04-14 06:00:00,2025-04-14,6,48,48,13.89,5.476863322405797,0,2,39,290.70448,False,True,False,4.166666666666666,13.89,5.0539,0.0,0.42296332240579737
2025-04-14 07:00:00,2025-04-14,7,48,48,45.1,37.18562767162524,0,0,46,290.70448,False,True,False,0.0,45.1,35.3799,0.0,1.8057276716252417
2025-04-14 18:00:00,2025-04-14,18,48,48,15.180000000000001,11.399072532207827,0,2,45,290.70448,False,True,False,4.166666666666666,15.18,10.8536,1.7763568394002505e-15,0.5454725322078264
2025-04-14 19:00:00,2025-04-14,19,48,48,7.73,0.0,0,48,6,290.70448,True,True,True,100.0,7.73,0.0,0.0,0.0
2025-04-15 06:00:00,2025-04-15,6,48,48,10.19,5.653803603958342,0,2,40,290.70448,False,True,False,4.166666666666666,10.19,5.2112,0.0,0.4426036039583421
2025-04-15 07:00:00,2025-04-15,7,48,48,41.75,41.175315051876005,0,0,44,290.70448,False,True,False,0.0,41.75,39.2322,0.0,1.9431150518760063
2025-04-15 18:00:00,2025-04-15,18,48,48,14.03,13.846470145001636,0,2,46,290.70448,False,True,False,4.166666666666666,14.03,13.314,0.0,0.5324701450016356
2025-04-15 19:00:00,2025-04-15,19,48,48,7.55,0.0,0,48,7,290.70448,True,True,True,100.0,7.55,0.0,0.0,0.0
2025-04-16 06:00:00,2025-04-16,6,48,48,11.75,5.65973046376922,0,2,39,290.70448,False,True,False,4.166666666666666,11.75,5.2124,0.0,0.44733046376922037
2025-04-16 07:00:00,2025-04-16,7,48,48,32.78,35.5724740575566,0,0,46,290.70448,False,True,False,0.0,32.78,33.7685,0.0,1.8039740575565943
2025-04-16 18:00:00,2025-04-16,18,48,48,14.39,13.562899085977298,0,2,46,290.70448,False,True,False,4.166666666666666,14.39,13.0298,0.0,0.5330990859772982
2025-04-16 19:00:00,2025-04-16,19,48,48,7.359999999999999,0.0,0,48,6,290.70448,True,True,True,100.0,7.36,0.0,-8.881784197001252e-16,0.0
2025-04-17 06:00:00,2025-04-17,6,48,48,12.22,5.724223443611575,0,2,41,290.70448,False,True,False,4.166666666666666,12.22,5.2647,0.0,0.45952344361157493
2025-04-17 07:00:00,2025-04-17,7,48,48,36.49,42.764786326458534,0,0,46,290.70448,False,True,False,0.0,36.49,40.8018,0.0,1.9629863264585339
2025-04-17 18:00:00,2025-04-17,18,48,48,14.96,13.67867989142025,0,2,46,290.70448,False,True,False,4.166666666666666,14.96,13.1428,0.0,0.5358798914202509
2025-04-17 19:00:00,2025-04-17,19,48,48,7.86,0.0,0,48,8,290.70448,True,True,True,100.0,7.86,0.0,0.0,0.0
2025-04-18 06:00:00,2025-04-18,6,48,48,12.27,5.361737326576991,0,2,40,290.70448,False,True,False,4.166666666666666,12.27,4.9474,0.0,0.41433732657699096
2025-04-18 07:00:00,2025-04-18,7,48,48,36.78,37.25570250610205,0,0,46,290.70448,False,True,False,0.0,36.78,35.4624,0.0,1.7933025061020444
2025-04-18 18:00:00,2025-04-18,18,48,48,15.26,13.472230606442228,0,2,46,290.70448,False,True,False,4.166666666666666,15.26,12.9402,0.0,0.5320306064422269
2025-04-18 19:00:00,2025-04-18,19,48,48,7.33,0.0,0,48,6,290.70448,True,True,True,100.0,7.33,0.0,0.0,0.0
2025-04-19 06:00:00,2025-04-19,6,48,48,12.22,5.372861106121833,0,2,38,290.70448,False,True,False,4.166666666666666,12.22,4.9557,0.0,0.4171611061218332
2025-04-19 07:00:00,2025-04-19,7,48,48,32.17,35.428211252199006,0,0,45,290.70448,False,True,False,0.0,32.17,33.6665,0.0,1.7617112521990066
2025-04-19 18:00:00,2025-04-19,18,48,48,15.040000000000001,13.722022894670358,0,2,46,290.70448,False,True,False,4.166666666666666,15.04,13.2102,1.7763568394002505e-15,0.5118228946703578
2025-04-19 19:00:00,2025-04-19,19,48,48,7.300000000000001,0.0,0,48,5,290.70448,True,True,True,100.0,7.3,0.0,8.881784197001252e-16,0.0
2025-04-20 06:00:00,2025-04-20,6,49,49,14.74,5.668183428500722,0,2,42,296.54448,False,True,False,4.081632653061225,14.74,5.2221,0.0,0.4460834285007218
2025-04-20 07:00:00,2025-04-20,7,49,49,47.92,43.97728559740994,0,0,46,296.54448,False,True,False,0.0,47.92,41.9744,0.0,2.0028855974099358
2025-04-20 18:00:00,2025-04-20,18,49,49,16.84,15.037816563498755,0,2,47,296.54448,False,True,False,4.081632653061225,16.84,14.5307,0.0,0.5071165634987551
2025-04-20 19:00:00,2025-04-20,19,49,49,7.3100000000000005,0.0,0,49,6,296.54448,True,True,True,100.0,7.31,0.0,8.881784197001252e-16,0.0
2025-04-21 06:00:00,2025-04-21,6,49,49,17.14,5.3034308537181225,0,2,44,296.54448,False,True,False,4.081632653061225,17.14,4.8906,0.0,0.41283085371812245
2025-04-21 07:00:00,2025-04-21,7,49,49,40.15,36.498551011647706,0,0,47,296.54448,False,True,False,0.0,40.15,34.6792,0.0,1.8193510116477043
2025-04-21 18:00:00,2025-04-21,18,49,49,8.08,7.311956106721813,0,3,28,296.54448,False,True,False,6.122448979591836,8.08,6.7228,0.0,0.5891561067218127
2025-04-21 19:00:00,2025-04-21,19,49,49,7.32,0.0,0,49,7,296.54448,True,True,True,100.0,7.32,0.0,0.0,0.0
2025-04-22 06:00:00,2025-04-22,6,49,49,9.61,5.363027414464539,0,2,35,296.54448,False,True,False,4.081632653061225,9.61,4.9536,0.0,0.4094274144645391
2025-04-22 07:00:00,2025-04-22,7,49,49,20.35,24.012195830047258,0,0,45,296.54448,False,True,False,0.0,20.35,22.4212,0.0,1.5909958300472589
2025-04-22 18:00:00,2025-04-22,18,49,49,17.68,14.70447504024578,0,2,46,296.54448,False,True,False,4.081632653061225,17.68,14.1985,0.0,0.5059750402457812
2025-04-22 19:00:00,2025-04-22,19,49,49,7.32,0.0,0,49,7,296.54448,True,True,True,100.0,7.32,0.0,0.0,0.0
2025-04-23 06:00:00,2025-04-23,6,49,49,14.55,5.782440854984483,0,2,44,296.54448,False,True,False,4.081632653061225,14.55,5.3229,0.0,0.4595408549844828
2025-04-23 07:00:00,2025-04-23,7,49,49,42.28,40.03319791075864,0,0,46,296.54448,False,True,False,0.0,42.28,38.1399,0.0,1.8932979107586405
2025-04-23 18:00:00,2025-04-23,18,49,49,18.51,15.480984539620131,0,2,47,296.54448,False,True,False,4.081632653061225,18.51,14.9645,0.0,0.5164845396201319
2025-04-23 19:00:00,2025-04-23,19,49,49,7.35,0.0,0,49,8,296.54448,True,True,True,100.0,7.35,0.0,0.0,0.0
2025-04-24 06:00:00,2025-04-24,6,49,49,15.68,5.564380163715054,0,2,44,296.54448,False,True,False,4.081632653061225,15.68,5.1288,0.0,0.4355801637150538
2025-04-24 07:00:00,2025-04-24,7,49,49,48.82,33.62528392476104,0,0,47,296.54448,False,True,False,0.0,48.82,31.8761,0.0,1.7491839247610415
2025-04-24 18:00:00,2025-04-24,18,52,52,15.41,14.636422898784167,0,2,50,307.44848,False,True,False,3.8461538461538463,15.41,14.134,0.0,0.5024228987841663
2025-04-24 19:00:00,2025-04-24,19,52,52,7.35,0.0,0,52,7,307.44848,True,True,True,100.0,7.35,0.0,0.0,0.0
2025-04-25 06:00:00,2025-04-25,6,52,52,18.52,6.035478000252875,0,2,47,307.44848,False,True,False,3.8461538461538463,18.52,5.5414,0.0,0.49407800025287507
2025-04-25 07:00:00,2025-04-25,7,52,52,61.4,49.23714836236933,0,0,50,307.44848,False,True,False,0.0,61.4,47.1541,0.0,2.0830483623693326
2025-04-25 18:00:00,2025-04-25,18,52,52,17.81,16.97123485432256,0,2,50,307.44848,False,True,False,3.8461538461538463,17.81,16.4342,0.0,0.5370348543225596
2025-04-25 19:00:00,2025-04-25,19,52,52,7.3100000000000005,0.0,0,52,6,307.44848,True,True,True,100.0,7.31,0.0,8.881784197001252e-16,0.0
2025-04-26 06:00:00,2025-04-26,6,52,52,16.46,6.3811194510284315,0,2,46,307.44848,False,True,False,3.8461538461538463,16.46,5.8472,0.0,0.5339194510284315
2025-04-26 07:00:00,2025-04-26,7,52,52,54.230000000000004,50.09930450493836,0,0,50,307.44848,False,True,False,0.0,54.23,47.9884,7.105427357601002e-15,2.110904504938361
2025-04-26 18:00:00,2025-04-26,18,52,52,18.22,15.170027266303576,0,2,50,307.44848,False,True,False,3.8461538461538463,18.22,14.6072,0.0,0.5628272663035752
2025-04-26 19:00:00,2025-04-26,19,52,52,7.3100000000000005,0.0,0,52,6,307.44848,True,True,True,100.0,7.31,0.0,8.881784197001252e-16,0.0
2025-04-27 06:00:00,2025-04-27,6,52,52,13.33,5.891261889122831,0,2,45,307.44848,False,True,False,3.8461538461538463,13.33,5.4183,0.0,0.4729618891228311
2025-04-27 07:00:00,2025-04-27,7,52,52,38.18,31.366429011363994,0,0,50,307.44848,False,True,False,0.0,38.18,29.6091,0.0,1.7573290113639928
2025-04-27 18:00:00,2025-04-27,18,52,52,17.02,15.786227936398955,0,2,50,307.44848,False,True,False,3.8461538461538463,17.02,15.2525,0.0,0.5337279363989555
2025-04-27 19:00:00,2025-04-27,19,52,52,5.67,0.0,0,52,5,307.44848,True,True,True,100.0,5.67,0.0,0.0,0.0
2025-04-28 06:00:00,2025-04-28,6,52,52,16.84,6.29600717231524,0,2,47,307.44848,False,True,False,3.8461538461538463,16.84,5.7749,0.0,0.5211071723152401
2025-04-28 07:00:00,2025-04-28,7,52,52,58.68,50.5631743063594,0,0,50,307.44848,False,True,False,0.0,58.68,48.4504,0.0,2.1127743063593982
2025-04-28 18:00:00,2025-04-28,18,54,54,16.89,17.929148236808434,0,2,51,318.39448,False,True,False,3.7037037037037033,16.89,17.4909,0.0,0.43824823680843394
2025-04-28 19:00:00,2025-04-28,19,54,54,5.04,0.0,0,54,5,318.39448,True,True,True,100.0,5.04,0.0,0.0,0.0
2025-04-29 06:00:00,2025-04-29,6,54,54,16.69,8.576181030810936,0,2,47,318.39448,False,True,False,3.7037037037037033,16.69,7.5805,0.0,0.9956810308109363
2025-04-29 07:00:00,2025-04-29,7,54,54,56.41,53.33051188783861,0,0,49,318.39448,False,True,False,0.0,56.41,51.7475,0.0,1.5830118878386088
2025-04-29 18:00:00,2025-04-29,18,54,54,15.97,17.022577098240607,0,2,48,318.39448,False,True,False,3.7037037037037033,15.97,16.5344,0.0,0.4881770982406053
2025-04-29 19:00:00,2025-04-29,19,54,54,5.04,0.0,0,54,5,318.39448,True,True,True,100.0,5.04,0.0,0.0,0.0
2025-04-30 06:00:00,2025-04-30,6,55,55,15.69,8.770120254726644,0,2,46,326.89448,False,True,False,3.6363636363636362,15.69,7.7397,0.0,1.0304202547266437
2025-04-30 07:00:00,2025-04-30,7,55,55,53.32,53.33119410644717,0,0,48,326.89448,False,True,False,0.0,53.32,51.8229,0.0,1.508294106447174
2025-04-30 18:00:00,2025-04-30,18,67,67,19.259999999999998,18.835115393630616,0,3,58,385.20148,False,True,False,4.477611940298507,19.26,18.3774,-3.552713678800501e-15,0.45771539363061464
2025-04-30 19:00:00,2025-04-30,19,67,67,5.069999999999999,0.0,0,67,7,385.20148,True,True,True,100.0,5.07,0.0,-8.881784197001252e-16,0.0
2025-05-01 06:00:00,2025-05-01,6,67,67,13.96,6.929526629493194,0,2,52,385.20148,False,True,False,2.9850746268656714,13.96,6.3514,0.0,0.5781266294931937
2025-05-01 07:00:00,2025-05-01,7,67,67,66.61,58.88411727070361,0,0,59,385.20148,False,True,False,0.0,66.61,57.2445,0.0,1.63961727070361
2025-05-01 18:00:00,2025-05-01,18,67,67,23.03,20.485437021863607,0,2,59,385.20148,False,True,False,2.9850746268656714,23.03,19.8868,0.0,0.5986370218636061
2025-05-01 19:00:00,2025-05-01,19,67,67,5.0600000000000005,0.0,0,67,5,385.20148,True,True,True,100.0,5.06,0.0,8.881784197001252e-16,0.0
2025-05-02 06:00:00,2025-05-02,6,67,67,17.48,9.266956101749736,0,2,55,385.20148,False,True,False,2.9850746268656714,17.48,8.1732,0.0,1.0937561017497366
2025-05-02 07:00:00,2025-05-02,7,67,67,65.1,58.93562607843632,0,0,60,385.20148,False,True,False,0.0,65.1,57.2566,0.0,1.6790260784363227
2025-05-02 18:00:00,2025-05-02,18,67,67,17.97,17.801942754582985,0,4,60,385.20148,False,True,False,5.970149253731343,17.97,17.1771,0.0,0.6248427545829855
2025-05-02 19:00:00,2025-05-02,19,67,67,5.21,0.0,0,67,5,385.20148,True,True,True,100.0,5.21,0.0,0.0,0.0
2025-05-03 06:00:00,2025-05-03,6,67,67,15.950000000000001,6.873887816376085,0,2,54,385.20148,False,True,False,2.9850746268656714,15.95,6.3025,1.7763568394002505e-15,0.5713878163760846
2025-05-03 07:00:00,2025-05-03,7,67,67,56.57,51.309936968867454,0,0,59,385.20148,False,True,False,0.0,56.57,49.7257,0.0,1.584236968867451
2025-05-03 18:00:00,2025-05-03,18,67,67,21.04,20.516917122669813,0,2,58,385.20148,False,True,False,2.9850746268656714,21.04,19.9306,0.0,0.586317122669815
2025-05-03 19:00:00,2025-05-03,19,67,67,5.97,0.0,0,67,8,385.20148,True,True,True,100.0,5.97,0.0,0.0,0.0
2025-05-04 06:00:00,2025-05-04,6,67,67,21.02,9.085007211237452,0,2,54,385.20148,False,True,False,2.9850746268656714,21.02,8.0254,0.0,1.0596072112374522
2025-05-04 07:00:00,2025-05-04,7,67,67,59.32,59.442044288149596,0,0,59,385.20148,False,True,False,0.0,59.32,57.9299,0.0,1.5121442881495923
2025-05-04 18:00:00,2025-05-04,18,67,67,20.0,18.135957969250068,0,4,58,385.20148,False,True,False,5.970149253731343,20.0,17.5288,0.0,0.6071579692500677
2025-05-04 19:00:00,2025-05-04,19,67,67,6.62,0.0,0,67,8,385.20148,True,True,True,100.0,6.62,0.0,0.0,0.0
2025-05-05 06:00:00,2025-05-05,6,67,67,6.64,6.02094616803536,0,2,36,385.20148,False,True,False,2.9850746268656714,6.64,5.5551,0.0,0.46584616803535983
2025-05-05 07:00:00,2025-05-05,7,67,67,11.27,25.633614099447655,0,4,54,385.20148,False,True,False,5.970149253731343,11.27,24.1247,0.0,1.5089140994476544
2025-05-05 18:00:00,2025-05-05,18,67,67,17.64,16.937469115238823,0,4,57,385.20148,False,True,False,5.970149253731343,17.64,16.372700000000002,0.0,0.5647691152388212
2025-05-05 19:00:00,2025-05-05,19,67,67,5.2299999999999995,0.0,0,67,8,385.20148,True,True,True,100.0,5.23,0.0,-8.881784197001252e-16,0.0
2025-05-06 06:00:00,2025-05-06,6,67,67,20.17,6.757969150215088,0,2,55,385.20148,False,True,False,2.9850746268656714,20.17,6.2054,0.0,0.5525691502150876
2025-05-06 07:00:00,2025-05-06,7,67,67,65.8,48.354293461237056,0,0,59,385.20148,False,True,False,0.0,65.8,46.6552,0.0,1.6990934612370552
2025-05-06 18:00:00,2025-05-06,18,67,67,21.77,18.292711671910368,0,2,59,385.20148,False,True,False,2.9850746268656714,21.77,17.7014,0.0,0.5913116719103684
2025-05-06 19:00:00,2025-05-06,19,67,67,5.26,0.0,0,67,9,385.20148,True,True,True,100.0,5.26,0.0,0.0,0.0
2025-05-07 06:00:00,2025-05-07,6,67,67,22.72,7.11502302624317,0,2,56,385.20148,False,True,False,2.9850746268656714,22.72,6.5199,0.0,0.5951230262431704
2025-05-07 07:00:00,2025-05-07,7,67,67,65.93,57.44292587135038,0,0,60,385.20148,False,True,False,0.0,65.93,55.9132,0.0,1.5297258713503794
2025-05-07 18:00:00,2025-05-07,18,67,67,20.44,20.892779793844852,0,2,59,385.20148,False,True,False,2.9850746268656714,20.44,20.2693,0.0,0.6234797938448509
2025-05-07 19:00:00,2025-05-07,19,67,67,5.6,0.0,0,67,9,385.20148,True,True,True,100.0,5.6,0.0,0.0,0.0
2025-05-08 06:00:00,2025-05-08,6,67,67,17.16,6.563842101234588,0,2,56,385.20148,False,True,False,2.9850746268656714,17.16,6.0266,0.0,0.5372421012345878
2025-05-08 07:00:00,2025-05-08,7,67,67,51.7,45.013414159334786,0,2,59,385.20148,False,True,False,2.9850746268656714,51.7,43.4214,0.0,1.5920141593347878
2025-05-08 18:00:00,2025-05-08,18,67,67,7.05,7.767950094141946,0,3,37,385.20148,False,True,False,4.477611940298507,7.05,7.1978,0.0,0.5701500941419457
2025-05-08 19:00:00,2025-05-08,19,67,67,5.550000000000001,0.0,0,67,6,385.20148,True,True,True,100.0,5.55,0.0,8.881784197001252e-16,0.0
2025-05-09 06:00:00,2025-05-09,6,67,67,7.62,5.825557368738838,0,2,41,385.20148,False,True,False,2.9850746268656714,7.62,5.3834,0.0,0.4421573687388376
2025-05-09 07:00:00,2025-05-09,7,67,67,17.45,20.627118759381666,0,4,57,385.20148,False,True,False,5.970149253731343,17.45,19.2502,0.0,1.3769187593816667
2025-05-09 18:00:00,2025-05-09,18,67,67,13.8,8.581904458002974,0,2,50,385.20148,False,True,False,2.9850746268656714,13.8,7.9316,0.0,0.6503044580029735
2025-05-09 19:00:00,2025-05-09,19,67,67,6.5600000000000005,0.0,0,67,9,385.20148,True,True,True,100.0,6.5600000000000005,0.0,0.0,0.0
2025-05-10 06:00:00,2025-05-10,6,67,67,11.1,6.436792173007544,0,2,49,385.20148,False,True,False,2.9850746268656714,11.1,5.9253,0.0,0.5114921730075439
2025-05-10 07:00:00,2025-05-10,7,67,67,44.78,33.86621237812123,0,1,58,385.20148,False,True,False,1.4925373134328357,44.78,32.3179,0.0,1.5483123781212313
2025-05-10 18:00:00,2025-05-10,18,67,67,28.5,19.530548533520555,0,2,56,385.20148,False,True,False,2.9850746268656714,28.5,19.004,0.0,0.526548533520554
2025-05-10 19:00:00,2025-05-10,19,67,67,10.07,0.0,0,67,15,385.20148,True,True,True,100.0,10.07,0.0,0.0,0.0
2025-05-11 06:00:00,2025-05-11,6,67,67,25.97,9.496123718255362,0,2,54,385.20148,False,True,False,2.9850746268656714,25.97,8.3834,0.0,1.1127237182553618
2025-05-11 07:00:00,2025-05-11,7,67,67,75.57000000000001,64.85536405194638,0,0,58,385.20148,False,True,False,0.0,75.57,63.3279,1.4210854715202004e-14,1.5274640519463816
2025-05-11 18:00:00,2025-05-11,18,67,67,26.02,22.727333945505805,0,2,58,385.20148,False,True,False,2.9850746268656714,26.02,22.1106,0.0,0.6167339455058034
2025-05-11 19:00:00,2025-05-11,19,67,67,9.44,0.0,0,67,10,385.20148,True,True,True,100.0,9.44,0.0,0.0,0.0
2025-05-12 06:00:00,2025-05-12,6,67,67,26.03,10.235000037635304,0,2,54,385.20148,False,True,False,2.9850746268656714,26.03,9.0081,0.0,1.2269000376353034
2025-05-12 07:00:00,2025-05-12,7,67,67,74.45,65.06795051502546,0,0,58,385.20148,False,True,False,0.0,74.45,63.4692,0.0,1.5987505150254577
2025-05-12 18:00:00,2025-05-12,18,67,67,30.15,22.586573676208303,0,2,58,385.20148,False,True,False,2.9850746268656714,30.15,21.9622,0.0,0.6243736762083039
2025-05-12 19:00:00,2025-05-12,19,67,67,9.129999999999999,0.0,0,67,10,385.20148,True,True,True,100.0,9.13,0.0,-1.7763568394002505e-15,0.0
2025-05-13 06:00:00,2025-05-13,6,67,67,23.23,9.7417839365875,0,2,52,385.20148,False,True,False,2.9850746268656714,23.23,8.5788,0.0,1.1629839365875014
2025-05-13 07:00:00,2025-05-13,7,67,67,73.15,57.82109147877738,0,0,56,385.20148,False,True,False,0.0,73.15,56.2459,0.0,1.5751914787773842
2025-05-13 18:00:00,2025-05-13,18,67,67,22.53,18.30235982523275,0,4,59,385.20148,False,True,False,5.970149253731343,22.53,17.7022,0.0,0.6001598252327476
2025-05-13 19:00:00,2025-05-13,19,67,67,5.6,0.0,0,67,9,385.20148,True,True,True,100.0,5.6,0.0,0.0,0.0
2025-05-14 06:00:00,2025-05-14,6,67,67,19.0,6.301753110479909,0,2,54,385.20148,False,True,False,2.9850746268656714,19.0,5.7926,0.0,0.5091531104799092
2025-05-14 07:00:00,2025-05-14,7,67,67,40.589999999999996,42.35530245190241,0,4,56,385.20148,False,True,False,5.970149253731343,40.59,40.7243,-7.105427357601002e-15,1.631002451902411
2025-05-14 18:00:00,2025-05-14,18,67,67,15.59,13.234618171915878,0,2,57,385.20148,False,True,False,2.9850746268656714,15.59,12.648,0.0,0.5866181719158785
2025-05-14 19:00:00,2025-05-14,19,67,67,5.58,0.0,0,67,8,385.20148,True,True,True,100.0,5.58,0.0,0.0,0.0
2025-05-15 06:00:00,2025-05-15,6,67,67,14.35,6.465724593149407,0,2,52,385.20148,False,True,False,2.9850746268656714,14.35,5.9441,0.0,0.521624593149407
2025-05-15 07:00:00,2025-05-15,7,67,67,48.77,31.42922677862451,0,2,60,385.20148,False,True,False,2.9850746268656714,48.77,29.9068,0.0,1.52242677862451
2025-05-15 18:00:00,2025-05-15,18,67,67,16.31,16.26741500280392,0,4,59,385.20148,False,True,False,5.970149253731343,16.31,15.6843,0.0,0.5831150028039183
2025-05-15 19:00:00,2025-05-15,19,67,67,5.69,0.0,0,67,8,385.20148,True,True,True,100.0,5.69,0.0,0.0,0.0
2025-05-16 06:00:00,2025-05-16,6,67,67,7.98,6.306842847996698,0,2,40,385.20148,False,True,False,2.9850746268656714,7.98,5.8076,0.0,0.4992428479966984
2025-05-16 07:00:00,2025-05-16,7,67,67,24.59,33.72741734481667,0,1,56,385.20148,False,True,False,1.4925373134328357,24.59,32.2271,0.0,1.500317344816672
2025-05-16 18:00:00,2025-05-16,18,67,67,29.22,20.986179727587906,0,2,59,385.20148,False,True,False,2.9850746268656714,29.22,20.3525,0.0,0.6336797275879071
2025-05-16 19:00:00,2025-05-16,19,67,67,5.75,0.0,0,67,10,385.20148,True,True,True,100.0,5.75,0.0,0.0,0.0
2025-05-17 06:00:00,2025-05-17,6,67,67,22.05,9.666804600699464,0,2,55,385.20148,False,True,False,2.9850746268656714,22.05,8.5265,0.0,1.140304600699464
2025-05-17 07:00:00,2025-05-17,7,67,67,52.58,57.568842850837925,0,0,59,385.20148,False,True,False,0.0,52.58,55.9415,0.0,1.6273428508379268
2025-05-17 18:00:00,2025-05-17,18,67,67,20.97,19.656589028212654,0,3,59,385.20148,False,True,False,4.477611940298507,20.97,19.0425,0.0,0.6140890282126534
2025-05-17 19:00:00,2025-05-17,19,67,67,6.33,0.0,0,67,11,385.20148,True,True,True,100.0,6.33,0.0,0.0,0.0
2025-05-18 06:00:00,2025-05-18,6,67,67,19.93,9.42326981019351,0,2,56,385.20148,False,True,False,2.9850746268656714,19.93,8.3179,0.0,1.10536981019351
2025-05-18 07:00:00,2025-05-18,7,67,67,51.92,56.83066849506479,0,0,60,385.20148,False,True,False,0.0,51.92,55.2136,0.0,1.6170684950647924
2025-05-18 18:00:00,2025-05-18,18,67,67,27.99,21.806595562255705,0,2,60,385.20148,False,True,False,2.9850746268656714,27.99,21.1778,0.0,0.6287955622557035
2025-05-18 19:00:00,2025-05-18,19,67,67,5.96,0.0,0,67,21,385.20148,True,True,True,100.0,5.96,0.0,0.0,0.0
2025-05-19 06:00:00,2025-05-19,6,67,67,23.4,10.166208800824839,0,2,56,385.20148,False,True,False,2.9850746268656714,23.4,8.9485,0.0,1.2177088008248393
2025-05-19 07:00:00,2025-05-19,7,67,67,65.08,63.0007085808619,0,0,60,385.20148,False,True,False,0.0,65.08,61.4285,0.0,1.572208580861897
2025-05-19 18:00:00,2025-05-19,18,67,67,24.04,22.931772229182027,0,2,60,385.20148,False,True,False,2.9850746268656714,24.04,22.2687,0.0,0.6630722291820277
2025-05-19 19:00:00,2025-05-19,19,67,67,5.87,0.0,0,67,17,385.20148,True,True,True,100.0,5.87,0.0,0.0,0.0
2025-05-20 06:00:00,2025-05-20,6,67,67,26.5,10.02268041220929,0,2,55,385.20148,False,True,False,2.9850746268656714,26.5,8.8206,0.0,1.2020804122092894
2025-05-20 07:00:00,2025-05-20,7,67,67,68.81,62.69860294810754,0,0,60,385.20148,False,True,False,0.0,68.81,61.1179,0.0,1.5807029481075432
2025-05-20 18:00:00,2025-05-20,18,67,67,29.43,20.40359780492889,0,3,60,385.20148,False,True,False,4.477611940298507,29.43,19.78,0.0,0.6235978049288882
2025-05-20 19:00:00,2025-05-20,19,67,67,9.92,0.0,0,67,24,385.20148,True,True,True,100.0,9.92,0.0,0.0,0.0
2025-05-21 06:00:00,2025-05-21,6,67,67,20.82,9.233416617322524,0,3,55,385.20148,False,True,False,4.477611940298507,20.82,8.1502,0.0,1.083216617322524
2025-05-21 07:00:00,2025-05-21,7,67,67,55.81,43.84699916758275,0,3,60,385.20148,False,True,False,4.477611940298507,55.81,42.1511,0.0,1.695899167582752
2025-05-21 18:00:00,2025-05-21,18,67,67,23.650000000000002,22.031213789073455,0,3,60,385.20148,False,True,False,4.477611940298507,23.65,21.3726,3.552713678800501e-15,0.6586137890734562
2025-05-21 19:00:00,2025-05-21,19,67,67,7.06,0.0,0,67,16,385.20148,True,True,True,100.0,7.06,0.0,0.0,0.0
2025-05-22 06:00:00,2025-05-22,6,67,67,18.84,6.8758292474033995,0,2,53,385.20148,False,True,False,2.9850746268656714,18.84,6.3142,0.0,0.5616292474033999
2025-05-22 07:00:00,2025-05-22,7,67,67,44.269999999999996,39.149169393614876,0,2,58,385.20148,False,True,False,2.9850746268656714,44.27,37.5776,-7.105427357601002e-15,1.5715693936148796
2025-05-22 18:00:00,2025-05-22,18,67,67,21.12,17.85143600553006,0,4,58,385.20148,False,True,False,5.970149253731343,21.12,17.2646,0.0,0.5868360055300599
2025-05-22 19:00:00,2025-05-22,19,67,67,6.96,0.0,0,67,8,385.20148,True,True,True,100.0,6.96,0.0,0.0,0.0
2025-05-23 06:00:00,2025-05-23,6,67,67,12.030000000000001,6.474882282043155,0,2,50,385.20148,False,True,False,2.9850746268656714,12.03,5.9529,1.7763568394002505e-15,0.5219822820431554
2025-05-23 07:00:00,2025-05-23,7,67,67,29.96,32.82329559004085,0,2,58,385.20148,False,True,False,2.9850746268656714,29.96,31.2757,0.0,1.5475955900408493
2025-05-23 18:00:00,2025-05-23,18,68,68,22.9,19.97836436623253,0,3,60,388.69748,False,True,False,4.411764705882353,22.9,19.3826,0.0,0.5957643662325296
2025-05-23 19:00:00,2025-05-23,19,68,68,5.95,0.0,0,68,24,388.69748,True,True,True,100.0,5.95,0.0,0.0,0.0
2025-05-24 06:00:00,2025-05-24,6,68,68,26.32,10.063591741918009,0,2,56,388.69748,False,True,False,2.941176470588235,26.32,8.8578,0.0,1.2057917419180093
2025-05-24 07:00:00,2025-05-24,7,68,68,71.32,64.834902644848,0,0,60,388.69748,False,True,False,0.0,71.32,63.4307,0.0,1.4042026448479987
2025-05-24 18:00:00,2025-05-24,18,68,68,26.57,23.882661619242665,0,2,61,388.69748,False,True,False,2.941176470588235,26.57,23.3169,0.0,0.5657616192426644
2025-05-24 19:00:00,2025-05-24,19,68,68,6.04,0.0,0,68,27,388.69748,True,True,True,100.0,6.04,0.0,0.0,0.0
2025-05-25 06:00:00,2025-05-25,6,68,68,26.490000000000002,13.508792987108453,0,2,57,388.69748,False,True,False,2.941176470588235,26.49,11.6279,3.552713678800501e-15,1.880892987108453
2025-05-25 07:00:00,2025-05-25,7,68,68,72.44,73.43647734989345,0,0,60,388.69748,False,True,False,0.0,72.44,71.8761,0.0,1.5603773498934572
2025-05-25 18:00:00,2025-05-25,18,68,68,19.21,18.644923929915382,0,4,60,388.69748,False,True,False,5.88235294117647,19.21,18.0202,0.0,0.6247239299153833
2025-05-25 19:00:00,2025-05-25,19,68,68,6.23,0.0,0,68,21,388.69748,True,True,True,100.0,6.23,0.0,0.0,0.0
2025-05-26 06:00:00,2025-05-26,6,68,68,26.3,10.087753471008524,0,2,56,388.69748,False,True,False,2.941176470588235,26.3,8.8765,0.0,1.2112534710085239
2025-05-26 07:00:00,2025-05-26,7,68,68,62.86,53.70560902301344,0,0,60,388.69748,False,True,False,0.0,62.86,52.0128,0.0,1.6928090230134387
2025-05-26 18:00:00,2025-05-26,18,68,68,24.66,20.94937594294182,0,3,60,388.69748,False,True,False,4.411764705882353,24.66,20.3333,0.0,0.6160759429418192
2025-05-26 19:00:00,2025-05-26,19,68,68,6.01,0.0,0,68,31,388.69748,True,True,True,100.0,6.01,0.0,0.0,0.0
2025-05-27 06:00:00,2025-05-27,6,68,68,24.4,10.998549695420722,0,2,55,388.69748,False,True,False,2.941176470588235,24.4,9.6644,0.0,1.334149695420722
2025-05-27 07:00:00,2025-05-27,7,68,68,66.38,69.45966369443585,0,0,59,388.69748,False,True,False,0.0,66.38,67.8144,0.0,1.6452636944358403
2025-05-27 18:00:00,2025-05-27,18,68,68,26.21,25.6278642558123,0,2,60,388.69748,False,True,False,2.941176470588235,26.21,24.9693,0.0,0.6585642558123013
2025-05-27 19:00:00,2025-05-27,19,68,68,6.26,0.0,0,68,32,388.69748,True,True,True,100.0,6.26,0.0,0.0,0.0
2025-05-28 06:00:00,2025-05-28,6,68,68,26.65,10.910360851320343,0,2,55,388.69748,False,True,False,2.941176470588235,26.65,9.5964,0.0,1.3139608513203438
2025-05-28 07:00:00,2025-05-28,7,68,68,73.27,72.08743418712311,0,0,59,388.69748,False,True,False,0.0,73.27,70.4776,0.0,1.6098341871231128
2025-05-28 18:00:00,2025-05-28,18,68,68,28.740000000000002,26.066724763725283,0,2,61,388.69748,False,True,False,2.941176470588235,28.74,25.4114,3.552713678800501e-15,0.6553247637252824
2025-05-28 19:00:00,2025-05-28,19,68,68,8.36,0.0,0,68,32,388.69748,True,True,True,100.0,8.36,0.0,0.0,0.0
2025-05-29 06:00:00,2025-05-29,6,68,68,28.87,10.845728790680386,0,2,57,388.69748,False,True,False,2.941176470588235,28.87,9.5401,0.0,1.3056287906803856
2025-05-29 07:00:00,2025-05-29,7,68,68,74.02,69.81837951332696,0,0,60,388.69748,False,True,False,0.0,74.02,68.2022,0.0,1.616179513326955
2025-05-29 18:00:00,2025-05-29,18,68,68,27.36,25.768455507598528,0,2,62,388.69748,False,True,False,2.941176470588235,27.36,25.1087,0.0,0.6597555075985291
2025-05-29 19:00:00,2025-05-29,19,68,68,4.21,0.0,0,68,16,388.69748,True,True,True,100.0,4.21,0.0,0.0,0.0
2025-05-30 06:00:00,2025-05-30,6,68,68,26.88,10.928679216183612,0,2,59,388.69748,False,True,False,2.941176470588235,26.88,9.5939,0.0,1.3347792161836125
2025-05-30 07:00:00,2025-05-30,7,68,68,70.09,69.45712524736102,0,0,62,388.69748,False,True,False,0.0,70.09,67.9338,0.0,1.523325247361015
2025-05-30 18:00:00,2025-05-30,18,68,68,20.55,21.15839262583945,0,2,61,388.69748,False,True,False,2.941176470588235,20.55,20.5129,0.0,0.6454926258394522
2025-05-30 19:00:00,2025-05-30,19,68,68,4.15,0.0,0,68,19,388.69748,True,True,True,100.0,4.15,0.0,0.0,0.0
2025-05-31 06:00:00,2025-05-31,6,68,68,11.84,6.6115285595887645,0,2,55,388.69748,False,True,False,2.941176470588235,11.84,6.0643,0.0,0.5472285595887643
2025-05-31 07:00:00,2025-05-31,7,68,68,28.95,33.962824046999025,0,4,60,388.69748,False,True,False,5.88235294117647,28.95,32.4666,0.0,1.496224046999025
2025-05-31 18:00:00,2025-05-31,18,68,68,10.41,8.197643679850412,0,4,54,388.69748,False,True,False,5.88235294117647,10.41,7.5946,0.0,0.603043679850412
2025-05-31 19:00:00,2025-05-31,19,68,68,3.99,0.0,0,68,11,388.69748,True,True,True,100.0,3.99,0.0,0.0,0.0
2025-06-01 06:00:00,2025-06-01,6,68,68,12.47,7.152103369614728,0,3,54,388.69748,False,True,False,4.411764705882353,12.47,6.5271,0.0,0.6250033696147277
2025-06-01 07:00:00,2025-06-01,7,68,68,41.6,45.6287387974003,0,4,62,388.69748,False,True,False,5.88235294117647,41.6,44.0675,0.0,1.5612387974003
2025-06-01 18:00:00,2025-06-01,18,68,68,9.21,7.696081164188241,0,4,54,388.69748,False,True,False,5.88235294117647,9.21,7.1276,0.0,0.568481164188241
2025-06-01 19:00:00,2025-06-01,19,68,68,3.6999999999999997,0.0,0,68,5,388.69748,True,True,True,100.0,3.7,0.0,-4.440892098500626e-16,0.0
2025-06-02 06:00:00,2025-06-02,6,68,68,6.51,6.058051477813491,0,2,44,388.69748,False,True,False,2.941176470588235,6.51,5.5814,0.0,0.4766514778134905
2025-06-02 07:00:00,2025-06-02,7,68,68,21.41,28.82246133520071,0,3,62,388.69748,False,True,False,4.411764705882353,21.41,27.4584,0.0,1.3640613352007094
2025-06-02 18:00:00,2025-06-02,18,68,68,31.59,23.55808927947033,0,2,63,388.69748,False,True,False,2.941176470588235,31.59,22.9196,0.0,0.6384892794703312
2025-06-02 19:00:00,2025-06-02,19,68,68,1.1800000000000002,0.0,0,68,33,388.69748,True,True,True,100.0,1.18,0.0,2.220446049250313e-16,0.0
2025-06-03 06:00:00,2025-06-03,6,68,68,25.0,11.207324337282062,0,2,60,388.69748,False,True,False,2.941176470588235,25.0,9.828,0.0,1.3793243372820623
2025-06-03 07:00:00,2025-06-03,7,68,68,77.61,72.06252082851843,0,0,63,388.69748,False,True,False,0.0,77.61,70.5324,0.0,1.5301208285184345
2025-06-03 18:00:00,2025-06-03,18,68,68,30.17,28.23305050261765,0,2,63,388.69748,False,True,False,2.941176470588235,30.17,27.5681,0.0,0.6649505026176499
2025-06-03 19:00:00,2025-06-03,19,68,68,1.28,0.0,0,68,35,388.69748,True,True,True,100.0,1.28,0.0,0.0,0.0
2025-06-04 06:00:00,2025-06-04,6,68,68,24.28,11.314201024551616,0,2,57,388.69748,False,True,False,2.941176470588235,24.28,9.9302,0.0,1.3840010245516172
2025-06-04 07:00:00,2025-06-04,7,68,68,77.26,76.18241918343978,0,0,62,388.69748,False,True,False,0.0,77.26,74.7687,0.0,1.413719183439781
2025-06-04 18:00:00,2025-06-04,18,68,68,26.97,28.913646037204487,0,2,62,388.69748,False,True,False,2.941176470588235,26.97,28.2724,0.0,0.6412460372044855
2025-06-04 19:00:00,2025-06-04,19,68,68,4.37,0.0,0,68,39,388.69748,True,True,True,100.0,4.37,0.0,0.0,0.0
2025-06-05 06:00:00,2025-06-05,6,68,68,23.24,11.057710611409417,0,2,58,388.69748,False,True,False,2.941176470588235,23.24,9.7112,0.0,1.3465106114094176
2025-06-05 07:00:00,2025-06-05,7,68,68,64.5,70.48499130954639,0,0,62,388.69748,False,True,False,0.0,64.5,68.9913,0.0,1.4936913095463922
2025-06-05 18:00:00,2025-06-05,18,68,68,23.2,28.164188455567167,0,2,63,388.69748,False,True,False,2.941176470588235,23.2,27.5088,0.0,0.6553884555671665
2025-06-05 19:00:00,2025-06-05,19,68,68,1.05,0.009958209225057276,0,67,35,388.69748,False,True,False,98.52941176470588,1.05,0.01,0.0,-4.179077494272446e-05
2025-06-06 06:00:00,2025-06-06,6,68,68,10.18,9.881480750104114,0,2,53,388.69748,False,True,False,2.941176470588235,10.18,8.6628,0.0,1.218680750104113
2025-06-06 07:00:00,2025-06-06,7,68,68,29.15,37.150948029513906,0,0,63,388.69748,False,True,False,0.0,29.15,35.7005,0.0,1.4504480295139075
2025-06-06 18:00:00,2025-06-06,18,68,68,19.740000000000002,17.928347228192997,0,2,62,388.69748,False,True,False,2.941176470588235,19.74,17.3294,3.552713678800501e-15,0.5989472281929977
2025-06-06 19:00:00,2025-06-06,19,68,68,1.11,0.6133253698316835,0,58,17,388.69748,False,True,False,85.29411764705883,1.11,0.6859000000000001,0.0,-0.07257463016831656
2025-06-07 06:00:00,2025-06-07,6,68,68,16.49,10.025469120864237,0,2,58,388.69748,False,True,False,2.941176470588235,16.49,8.7929,0.0,1.2325691208642375
2025-06-07 07:00:00,2025-06-07,7,68,68,41.69,51.02289087868749,0,3,62,388.69748,False,True,False,4.411764705882353,41.69,49.4297,0.0,1.5931908786874942
2025-06-07 18:00:00,2025-06-07,18,68,68,9.15,9.21587604622231,0,2,58,388.69748,False,True,False,2.941176470588235,9.15,8.5462,0.0,0.6696760462223086
2025-06-07 19:00:00,2025-06-07,19,68,68,1.1,1.5175250686457158,0,53,11,388.69748,False,True,False,77.94117647058823,1.1,1.5776,0.0,-0.0600749313542841
2025-06-08 06:00:00,2025-06-08,6,68,68,12.74,9.912101864359217,0,3,57,388.69748,False,True,False,4.411764705882353,12.74,8.7063,0.0,1.2058018643592163
2025-06-08 07:00:00,2025-06-08,7,68,68,47.47,54.44274016444357,0,2,63,388.69748,False,True,False,2.941176470588235,47.47,52.8357,0.0,1.6070401644435677
2025-06-08 18:00:00,2025-06-08,18,68,68,18.87,24.72178729398851,0,2,62,388.69748,False,True,False,2.941176470588235,18.87,24.0143,0.0,0.7074872939885104
2025-06-08 19:00:00,2025-06-08,19,68,68,2.65,1.7927782856130425,0,46,20,388.69748,False,True,False,67.64705882352942,2.65,1.8453,0.0,-0.05252171438695741
2025-06-09 06:00:00,2025-06-09,6,68,68,23.66,10.49697338630516,0,2,60,388.69748,False,True,False,2.941176470588235,23.66,9.224,0.0,1.2729733863051607
2025-06-09 07:00:00,2025-06-09,7,68,68,59.53,61.9748412832246,0,0,63,388.69748,False,True,False,0.0,59.53,60.3935,0.0,1.5813412832245959
2025-06-09 18:00:00,2025-06-09,18,68,68,19.27,24.88806045511356,0,2,60,388.69748,False,True,False,2.941176470588235,19.27,24.2275,0.0,0.6605604551135613
2025-06-09 19:00:00,2025-06-09,19,68,68,2.56,2.4523700480279933,0,35,26,388.69748,False,True,False,51.470588235294116,2.56,2.544,0.0,-0.09162995197200674
2025-06-10 06:00:00,2025-06-10,6,68,68,18.62,9.621242545084332,0,2,60,388.69748,False,True,False,2.941176470588235,18.62,8.4589,0.0,1.162342545084332
2025-06-10 07:00:00,2025-06-10,7,68,68,54.59,58.960563512664365,0,0,63,388.69748,False,True,False,0.0,54.59,57.4104,0.0,1.550163512664362
2025-06-10 18:00:00,2025-06-10,18,68,68,28.35,26.913819871373978,0,2,62,388.69748,False,True,False,2.941176470588235,28.35,26.2383,0.0,0.6755198713739787
2025-06-10 19:00:00,2025-06-10,19,68,68,4.58,2.7406322620022956,0,31,44,388.69748,False,True,False,45.588235294117645,4.58,2.8127,0.0,-0.07206773799770438
2025-06-11 06:00:00,2025-06-11,6,68,68,24.080000000000002,11.196345624820028,0,2,60,388.69748,False,True,False,2.941176470588235,24.08,9.833,3.552713678800501e-15,1.3633456248200275
2025-06-11 07:00:00,2025-06-11,7,68,68,69.46000000000001,67.849090712051,0,0,63,388.69748,False,True,False,0.0,69.46,66.3397,1.4210854715202004e-14,1.509390712051001
2025-06-11 18:00:00,2025-06-11,18,68,68,34.08,27.469827153709996,0,2,62,388.69748,False,True,False,2.941176470588235,34.08,26.8432,0.0,0.6266271537099968
2025-06-11 19:00:00,2025-06-11,19,68,68,5.21,6.665180166535026,0,19,51,388.69748,False,True,False,27.941176470588236,5.21,6.4506,0.0,0.21458016653502643
2025-06-12 06:00:00,2025-06-12,6,68,68,29.17,11.473025365685466,0,2,60,388.69748,False,True,False,2.941176470588235,29.17,10.0648,0.0,1.4082253656854657
2025-06-12 07:00:00,2025-06-12,7,68,68,82.68,74.68603403505476,0,0,62,388.69748,False,True,False,0.0,82.68,73.2214,0.0,1.4646340350547575
2025-06-12 18:00:00,2025-06-12,18,68,68,18.48,20.392324199725643,0,4,62,388.69748,False,True,False,5.88235294117647,18.48,19.7966,0.0,0.5957241997256411
2025-06-12 19:00:00,2025-06-12,19,68,68,5.26,6.554946305134279,0,18,50,388.69748,False,True,False,26.47058823529412,5.26,6.3943,0.0,0.16064630513427858
2025-06-13 06:00:00,2025-06-13,6,68,68,3.6100000000000003,6.056853683170891,0,3,41,388.69748,False,True,False,4.411764705882353,3.61,5.5760000000000005,4.440892098500626e-16,0.4808536831708903
2025-06-13 07:00:00,2025-06-13,7,68,68,8.12,25.820358552532973,0,4,53,388.69748,False,True,False,5.88235294117647,8.12,24.3591,0.0,1.4612585525329713
2025-06-13 18:00:00,2025-06-13,18,68,68,9.19,14.60115211066955,0,4,56,388.69748,False,True,False,5.88235294117647,9.19,14.0478,0.0,0.5533521106695503
2025-06-13 19:00:00,2025-06-13,19,68,68,0.63,6.700031184797847,0,15,18,388.69748,False,True,False,22.058823529411764,0.63,6.5488,0.0,0.15123118479784736
2025-06-14 06:00:00,2025-06-14,6,68,68,5.63,6.773453120572756,0,2,50,388.69748,False,True,False,2.941176470588235,5.63,6.1992,0.0,0.5742531205727559
2025-06-14 07:00:00,2025-06-14,7,68,68,24.61,34.797714321106135,0,2,61,388.69748,False,True,False,2.941176470588235,24.61,33.4129,0.0,1.3848143211061341
2025-06-14 18:00:00,2025-06-14,18,68,68,16.28,22.95274081319505,0,4,62,388.69748,False,True,False,5.88235294117647,16.28,22.3213,0.0,0.6314408131950486
2025-06-14 19:00:00,2025-06-14,19,68,68,1.27,7.138443519642038,0,13,35,388.69748,False,True,False,19.11764705882353,1.27,7.0238,0.0,0.11464351964203878
2025-06-15 06:00:00,2025-06-15,6,68,68,9.81,9.730053336654331,0,2,57,388.69748,False,True,False,2.941176470588235,9.81,8.566,0.0,1.1640533366543302
2025-06-15 07:00:00,2025-06-15,7,68,68,28.0,40.813889657568154,0,2,62,388.69748,False,True,False,2.941176470588235,28.0,39.3275,0.0,1.4863896575681537
2025-06-15 18:00:00,2025-06-15,18,68,68,29.759999999999998,22.781992898841974,0,4,62,388.69748,False,True,False,5.88235294117647,29.76,22.1329,-3.552713678800501e-15,0.6490928988419746
2025-06-15 19:00:00,2025-06-15,19,68,68,5.0,7.575530850396214,0,8,53,388.69748,False,True,False,11.76470588235294,5.0,7.4841,0.0,0.09143085039621468
2025-06-16 06:00:00,2025-06-16,6,68,68,22.66,11.55950720036318,0,2,59,388.69748,False,True,False,2.941176470588235,22.66,10.1431,0.0,1.4164072003631798
2025-06-16 07:00:00,2025-06-16,7,68,68,71.92999999999999,72.4616276110825,0,0,62,388.69748,False,True,False,0.0,71.93,71.1887,-1.4210854715202004e-14,1.2729276110825083
2025-06-16 18:00:00,2025-06-16,18,68,68,24.36,23.65304932287366,0,3,61,388.69748,False,True,False,4.411764705882353,24.36,23.0225,0.0,0.6305493228736587
2025-06-16 19:00:00,2025-06-16,19,68,68,2.73,7.764721483992872,0,6,41,388.69748,False,True,False,8.823529411764707,2.73,7.6798,0.0,0.08492148399287203
2025-06-17 06:00:00,2025-06-17,6,68,68,24.64,11.381072590384715,0,2,58,388.69748,False,True,False,2.941176470588235,24.64,9.988,0.0,1.3930725903847154
2025-06-17 07:00:00,2025-06-17,7,68,68,72.28999999999999,75.88942985512246,0,0,61,388.69748,False,True,False,0.0,72.29,74.5614,-1.4210854715202004e-14,1.3280298551224519
2025-06-17 18:00:00,2025-06-17,18,68,68,31.61,29.718725052074905,0,2,62,388.69748,False,True,False,2.941176470588235,31.61,29.0853,0.0,0.6334250520749052
2025-06-17 19:00:00,2025-06-17,19,68,68,8.06,7.808820738821463,0,5,46,388.69748,False,True,False,7.352941176470589,8.06,7.7192,0.0,0.0896207388214636
2025-06-18 06:00:00,2025-06-18,6,68,68,16.3,10.384612142156758,0,2,60,388.69748,False,True,False,2.941176470588235,16.3,9.0885,0.0,1.2961121421567583
2025-06-18 07:00:00,2025-06-18,7,68,68,64.22,52.28270244689736,0,2,62,388.69748,False,True,False,2.941176470588235,64.22,50.7508,0.0,1.5319024468973623
2025-06-18 18:00:00,2025-06-18,18,68,68,23.79,22.19108719559787,0,3,63,388.69748,False,True,False,4.411764705882353,23.79,21.5296,0.0,0.6614871955978714
2025-06-18 19:00:00,2025-06-18,19,68,68,7.670000000000001,7.345413463469073,0,6,24,388.69748,False,True,False,8.823529411764707,7.67,7.2535,8.881784197001252e-16,0.09191346346907281
2025-06-19 06:00:00,2025-06-19,6,68,68,13.43,9.01219289321351,0,2,53,388.69748,False,True,False,2.941176470588235,13.43,7.9077,0.0,1.104492893213509
2025-06-19 07:00:00,2025-06-19,7,68,68,57.84,48.595169361535284,0,4,63,388.69748,False,True,False,5.88235294117647,57.84,46.9987,0.0,1.5964693615352843
2025-06-19 18:00:00,2025-06-19,18,68,68,11.48,8.202692464027638,0,4,39,388.69748,False,True,False,5.88235294117647,11.48,7.5695,0.0,0.6331924640276387
2025-06-19 19:00:00,2025-06-19,19,68,68,8.790000000000001,6.638102458772866,0,9,5,388.69748,False,True,False,13.23529411764706,8.79,6.5644,1.7763568394002505e-15,0.07370245877286585
2025-06-20 06:00:00,2025-06-20,6,68,68,11.05,5.974494520518588,0,3,39,388.69748,False,True,False,4.411764705882353,11.05,5.5027,0.0,0.4717945205185883
2025-06-20 07:00:00,2025-06-20,7,68,68,12.67,21.562922649304678,0,4,44,388.69748,False,True,False,5.88235294117647,12.67,20.3443,0.0,1.2186226493046775
2025-06-20 18:00:00,2025-06-20,18,68,68,28.09,19.288784692471154,0,3,61,388.69748,False,True,False,4.411764705882353,28.09,18.678,0.0,0.6107846924711531
2025-06-20 19:00:00,2025-06-20,19,68,68,4.34,7.142171845985071,0,8,29,388.69748,False,True,False,11.76470588235294,4.34,7.0671,0.0,0.07507184598507077
2025-06-21 06:00:00,2025-06-21,6,68,68,5.2700000000000005,6.16487286716654,0,2,36,388.69748,False,True,False,2.941176470588235,5.27,5.6721,8.881784197001252e-16,0.4927728671665399
2025-06-21 07:00:00,2025-06-21,7,68,68,14.92,24.409445655094366,0,4,57,388.69748,False,True,False,5.88235294117647,14.92,23.0843,0.0,1.3251456550943672
2025-06-21 18:00:00,2025-06-21,18,68,68,29.7,22.296582378943093,0,2,62,388.69748,False,True,False,2.941176470588235,29.7,21.6145,0.0,0.6820823789430932
2025-06-21 19:00:00,2025-06-21,19,68,68,8.57,7.563921846389201,0,7,53,388.69748,False,True,False,10.294117647058822,8.57,7.4743,0.0,0.08962184638920068
2025-06-22 06:00:00,2025-06-22,6,68,68,30.34,11.169764995581238,0,2,60,388.69748,False,True,False,2.941176470588235,30.34,9.8144,0.0,1.3553649955812386
2025-06-22 07:00:00,2025-06-22,7,68,68,81.84,63.52067309822564,0,0,62,388.69748,False,True,False,0.0,81.84,62.0566,0.0,1.46407309822564
2025-06-22 18:00:00,2025-06-22,18,68,68,35.06,31.50514588847174,0,2,62,388.69748,False,True,False,2.941176470588235,35.06,30.8091,0.0,0.6960458884717404
2025-06-22 19:00:00,2025-06-22,19,68,68,5.78,7.742238663041249,0,5,47,388.69748,False,True,False,7.352941176470589,5.78,7.6542,0.0,0.08803866304124863
2025-06-23 06:00:00,2025-06-23,6,68,68,29.09,10.545745649273108,0,2,60,388.69748,False,True,False,2.941176470588235,29.09,9.2646,0.0,1.2811456492731086
2025-06-23 07:00:00,2025-06-23,7,68,68,78.63,56.59638164535916,0,0,62,388.69748,False,True,False,0.0,78.63,54.9745,0.0,1.62188164535916
2025-06-23 18:00:00,2025-06-23,18,68,68,21.7,9.519506306577691,0,2,62,388.69748,False,True,False,2.941176470588235,21.7,8.8425,0.0,0.6770063065776917
2025-06-23 19:00:00,2025-06-23,19,68,68,6.58,7.107240643768818,0,8,36,388.69748,False,True,False,11.76470588235294,6.58,7.0306,0.0,0.07664064376881807
2025-06-24 06:00:00,2025-06-24,6,68,68,20.34,10.379412868493048,0,2,59,388.69748,False,True,False,2.941176470588235,20.34,9.1259,0.0,1.2535128684930488
2025-06-24 07:00:00,2025-06-24,7,68,68,71.25,59.527621668215076,0,0,62,388.69748,False,True,False,0.0,71.25,57.9356,0.0,1.5920216682150752
2025-06-24 18:00:00,2025-06-24,18,68,68,36.96,31.783404096946125,0,2,62,388.69748,False,True,False,2.941176470588235,36.96,31.1159,0.0,0.667504096946125
2025-06-24 19:00:00,2025-06-24,19,68,68,9.1,7.755978279101259,0,7,47,388.69748,False,True,False,10.294117647058822,9.1,7.6682,0.0,0.08777827910125957
2025-06-25 06:00:00,2025-06-25,6,68,68,25.89,10.43674302979367,0,2,59,388.69748,False,True,False,2.941176470588235,25.89,9.1625,0.0,1.27424302979367
2025-06-25 07:00:00,2025-06-25,7,68,68,76.78,66.39639134510934,0,0,62,388.69748,False,True,False,0.0,76.78,65.0486,0.0,1.3477913451093428
2025-06-25 18:00:00,2025-06-25,18,68,68,19.09,18.528495934089477,0,3,62,388.69748,False,True,False,4.411764705882353,19.09,17.8399,0.0,0.6885959340894772
2025-06-25 19:00:00,2025-06-25,19,68,68,3.89,7.399716893028091,0,6,22,388.69748,False,True,False,8.823529411764707,3.89,7.3013,0.0,0.09841689302809087
2025-06-26 06:00:00,2025-06-26,6,68,68,8.41,6.189668792061713,0,3,51,388.69748,False,True,False,4.411764705882353,8.41,5.6811,0.0,0.5085687920617135
2025-06-26 07:00:00,2025-06-26,7,68,68,21.94,29.247461830478827,0,4,61,388.69748,False,True,False,5.88235294117647,21.94,27.7344,0.0,1.5130618304788257
2025-06-26 18:00:00,2025-06-26,18,68,68,25.34,15.916566167157328,0,4,57,388.69748,False,True,False,5.88235294117647,25.34,15.2093,0.0,0.7072661671573268
2025-06-26 19:00:00,2025-06-26,19,68,68,5.01,6.998809929429389,0,6,37,388.69748,False,True,False,8.823529411764707,5.01,6.922,0.0,0.07680992942938936
2025-06-27 06:00:00,2025-06-27,6,68,68,21.98,9.53933759186939,0,2,60,388.69748,False,True,False,2.941176470588235,21.98,8.3811,0.0,1.1582375918693906
2025-06-27 07:00:00,2025-06-27,7,68,68,62.480000000000004,53.24416226378647,0,1,63,388.69748,False,True,False,1.4705882352941175,62.48,51.7309,7.105427357601002e-15,1.5132622637864728
2025-06-27 18:00:00,2025-06-27,18,68,68,36.42,21.73030367015777,0,2,63,388.69748,False,True,False,2.941176470588235,36.42,21.0897,0.0,0.6406036701577698
2025-06-27 19:00:00,2025-06-27,19,68,68,6.48,7.325637668394392,0,8,50,388.69748,False,True,False,11.76470588235294,6.48,7.2304,0.0,0.0952376683943914
2025-06-28 06:00:00,2025-06-28,6,68,68,19.53,8.42841420434354,0,5,59,388.69748,False,True,False,7.352941176470589,19.53,7.4113,0.0,1.0171142043435397
2025-06-28 07:00:00,2025-06-28,7,68,68,36.01,36.82816169099244,0,3,63,388.69748,False,True,False,4.411764705882353,36.01,35.3033,0.0,1.524861690992438
2025-06-28 18:00:00,2025-06-28,18,68,68,39.82,16.549373914726388,0,2,63,388.69748,False,True,False,2.941176470588235,39.82,15.7708,0.0,0.7785739147263886
2025-06-28 19:00:00,2025-06-28,19,68,68,8.34,7.312904054836605,0,8,52,388.69748,False,True,False,11.76470588235294,8.34,7.2212,0.0,0.09170405483660549
2025-06-29 06:00:00,2025-06-29,6,68,68,12.4,9.821011258624317,0,2,56,388.69748,False,True,False,2.941176470588235,12.4,8.6107,0.0,1.2103112586243174
2025-06-29 07:00:00,2025-06-29,7,68,68,31.09,39.59683897610371,0,0,63,388.69748,False,True,False,0.0,31.09,38.095,0.0,1.5018389761037128
2025-06-29 18:00:00,2025-06-29,18,68,68,12.77,21.028366167637138,0,3,59,388.69748,False,True,False,4.411764705882353,12.77,20.2298,0.0,0.7985661676371372
2025-06-29 19:00:00,2025-06-29,19,68,68,5.41,7.1032233093751005,0,7,41,388.69748,False,True,False,10.294117647058822,5.41,7.0214,0.0,0.08182330937510063
2025-06-30 06:00:00,2025-06-30,6,68,68,12.4,9.602269322404835,0,2,51,388.69748,False,True,False,2.941176470588235,12.4,8.4324,0.0,1.1698693224048355
2025-06-30 07:00:00,2025-06-30,7,68,68,51.65,43.217029682147455,0,0,63,388.69748,False,True,False,0.0,51.65,41.7389,0.0,1.478129682147454
2025-06-30 18:00:00,2025-06-30,18,68,68,31.95,25.630880144800162,0,2,64,388.69748,False,True,False,2.941176470588235,31.95,24.9257,0.0,0.7051801448001633
2025-06-30 19:00:00,2025-06-30,19,68,68,2.93,7.808027619375271,0,6,49,388.69748,False,True,False,8.823529411764707,2.93,7.7155000000000005,0.0,0.09252761937527065
2025-07-01 06:00:00,2025-07-01,6,68,68,23.4,10.389283015388587,0,2,61,388.69748,False,True,False,2.941176470588235,23.4,9.1043,0.0,1.2849830153885868
2025-07-01 07:00:00,2025-07-01,7,68,68,80.49,60.89320983133915,0,0,64,388.69748,False,True,False,0.0,80.49,60.9316,0.0,-0.038390168660853874
2025-07-01 18:00:00,2025-07-01,18,68,68,27.94,23.875998660759194,0,2,63,388.69748,False,True,False,2.941176470588235,27.94,23.4013,0.0,0.474698660759195
2025-07-01 19:00:00,2025-07-01,19,68,68,1.11,8.145927644901523,0,3,37,388.69748,False,True,False,4.411764705882353,1.11,8.0389,0.0,0.10702764490152283
2025-07-02 06:00:00,2025-07-02,6,68,68,22.01,10.434538765290291,0,2,60,388.69748,False,True,False,2.941176470588235,22.01,9.1647,0.0,1.2698387652902916
2025-07-02 07:00:00,2025-07-02,7,68,68,64.24,64.02906904773232,0,0,64,388.69748,False,True,False,0.0,64.24,64.3654,0.0,-0.33633095226767296
2025-07-02 18:00:00,2025-07-02,18,68,68,36.65,31.320183489032473,0,2,64,388.69748,False,True,False,2.941176470588235,36.65,30.9698,0.0,0.35038348903247396
2025-07-02 19:00:00,2025-07-02,19,68,68,3.91,8.287900125387466,0,3,50,388.69748,False,True,False,4.411764705882353,3.91,8.1842,0.0,0.10370012538746565
2025-07-03 06:00:00,2025-07-03,6,68,68,21.17,10.389593359800251,0,2,60,388.69748,False,True,False,2.941176470588235,21.17,9.1201,0.0,1.2694933598002507
2025-07-03 07:00:00,2025-07-03,7,68,68,65.29,63.41441338085508,0,0,63,388.69748,False,True,False,0.0,65.29,63.8136,0.0,-0.3991866191449205
2025-07-03 18:00:00,2025-07-03,18,68,68,32.85,35.78380481556954,0,2,64,388.69748,False,True,False,2.941176470588235,32.85,35.4263,0.0,0.3575048155695413
2025-07-03 19:00:00,2025-07-03,19,68,68,3.4000000000000004,8.633938336051163,0,3,51,388.69748,False,True,False,4.411764705882353,3.4,8.5357,4.440892098500626e-16,0.09823833605116228
2025-07-04 06:00:00,2025-07-04,6,68,68,21.81,10.497683569738125,0,2,60,388.69748,False,True,False,2.941176470588235,21.81,9.219,0.0,1.278683569738126
2025-07-04 07:00:00,2025-07-04,7,68,68,72.93,63.32413843102276,0,0,61,388.69748,False,True,False,0.0,72.93,63.3983,0.0,-0.0741615689772388
2025-07-04 18:00:00,2025-07-04,18,68,68,33.66,36.56269870673262,0,2,62,388.69748,False,True,False,2.941176470588235,33.66,36.2645,0.0,0.29819870673262017
2025-07-04 19:00:00,2025-07-04,19,68,68,3.56,8.422666122284232,0,3,50,388.69748,False,True,False,4.411764705882353,3.56,8.3248,0.0,0.0978661222842323
2025-07-05 06:00:00,2025-07-05,6,68,68,22.18,10.612136452497035,0,2,60,388.69748,False,True,False,2.941176470588235,22.18,9.3173,0.0,1.2948364524970355
2025-07-05 07:00:00,2025-07-05,7,68,68,77.57,67.583196801769,0,0,63,388.69748,False,True,False,0.0,77.57,67.9002,0.0,-0.3170031982309922
2025-07-05 18:00:00,2025-07-05,18,68,68,32.36,37.25771666181157,0,2,62,388.69748,False,True,False,2.941176470588235,32.36,36.9592,0.0,0.29851666181156844
2025-07-05 19:00:00,2025-07-05,19,68,68,3.14,8.607246821939535,0,3,48,388.69748,False,True,False,4.411764705882353,3.14,8.5083,0.0,0.09894682193953486
2025-07-06 06:00:00,2025-07-06,6,68,68,19.08,10.389948154138652,0,2,59,388.69748,False,True,False,2.941176470588235,19.08,9.1247,0.0,1.2652481541386518
2025-07-06 07:00:00,2025-07-06,7,68,68,70.81,63.17055001363614,0,0,62,388.69748,False,True,False,0.0,70.81,63.2628,0.0,-0.09224998636386061
2025-07-06 18:00:00,2025-07-06,18,68,68,22.81,28.011380293968195,0,2,62,388.69748,False,True,False,2.941176470588235,22.81,27.6369,0.0,0.37448029396819393
2025-07-06 19:00:00,2025-07-06,19,68,68,1.23,8.158065120523103,0,3,33,388.69748,False,True,False,4.411764705882353,1.23,8.0437,0.0,0.11436512052310377
2025-07-07 06:00:00,2025-07-07,6,68,68,18.39,10.209504827748638,0,2,57,388.69748,False,True,False,2.941176470588235,18.39,8.9632,0.0,1.246304827748638
2025-07-07 07:00:00,2025-07-07,7,68,68,55.83,63.30555207742499,0,0,62,388.69748,False,True,False,0.0,55.83,63.5541,0.0,-0.2485479225750069
2025-07-07 18:00:00,2025-07-07,18,68,68,20.98,28.379412279071346,0,2,62,388.69748,False,True,False,2.941176470588235,20.98,27.9699,0.0,0.4095122790713468
2025-07-07 19:00:00,2025-07-07,19,68,68,1.51,8.123010201786492,0,3,30,388.69748,False,True,False,4.411764705882353,1.51,8.0109,0.0,0.11211020178649278
2025-07-08 06:00:00,2025-07-08,6,68,68,22.06,9.904099753921995,0,2,60,388.69748,False,True,False,2.941176470588235,22.06,8.6907,0.0,1.2133997539219958
2025-07-08 07:00:00,2025-07-08,7,68,68,66.44,57.5515768201106,0,0,63,388.69748,False,True,False,0.0,66.44,57.605,0.0,-0.05342317988939982
2025-07-08 18:00:00,2025-07-08,18,68,68,31.16,22.638574099856555,0,2,63,388.69748,False,True,False,2.941176470588235,31.16,22.1384,0.0,0.5001740998565545
2025-07-08 19:00:00,2025-07-08,19,68,68,3.5700000000000003,7.664913951992748,0,3,50,388.69748,False,True,False,4.411764705882353,3.5700000000000003,7.5509,0.0,0.11401395199274766
2025-07-09 06:00:00,2025-07-09,6,68,68,19.53,9.638398468283924,0,2,60,388.69748,False,True,False,2.941176470588235,19.53,8.4776,0.0,1.1607984682839234
2025-07-09 07:00:00,2025-07-09,7,68,68,68.26,58.04800370539357,0,0,62,388.69748,False,True,False,0.0,68.26,58.0265,0.0,0.02150370539357027
2025-07-09 18:00:00,2025-07-09,18,68,68,30.12,30.076679785109874,0,2,63,388.69748,False,True,False,2.941176470588235,30.12,29.7208,0.0,0.35587978510987384
2025-07-09 19:00:00,2025-07-09,19,68,68,2.32,7.764476937440327,0,3,44,388.69748,False,True,False,4.411764705882353,2.32,7.662,0.0,0.10247693744032738
2025-07-10 06:00:00,2025-07-10,6,68,68,18.95,9.637550147329168,0,2,60,388.69748,False,True,False,2.941176470588235,18.95,8.4762,0.0,1.161350147329168
2025-07-10 07:00:00,2025-07-10,7,68,68,58.800000000000004,54.36900700675934,0,0,63,388.69748,False,True,False,0.0,58.8,54.2239,7.105427357601002e-15,0.14510700675933919
2025-07-10 18:00:00,2025-07-10,18,68,68,30.66,26.070590171182005,0,2,63,388.69748,False,True,False,2.941176470588235,30.66,25.6466,0.0,0.4239901711820053
2025-07-10 19:00:00,2025-07-10,19,68,68,2.7199999999999998,7.652644747203907,0,3,48,388.69748,False,True,False,4.411764705882353,2.7199999999999998,7.5421,0.0,0.11054474720390761
2025-07-11 06:00:00,2025-07-11,6,68,68,19.75,9.501025515581267,0,2,60,388.69748,False,True,False,2.941176470588235,19.75,8.3584,0.0,1.1426255155812672
2025-07-11 07:00:00,2025-07-11,7,68,68,61.26,54.695732567158025,0,0,63,388.69748,False,True,False,0.0,61.26,54.5855,0.0,0.11023256715802177
2025-07-11 18:00:00,2025-07-11,18,68,68,32.19,29.737052401842092,0,2,63,388.69748,False,True,False,2.941176470588235,32.19,29.3746,0.0,0.3624524018420914
2025-07-11 19:00:00,2025-07-11,19,68,68,2.8,7.759278219471589,0,3,48,388.69748,False,True,False,4.411764705882353,2.8,7.6499,0.0,0.10937821947158888
2025-07-12 06:00:00,2025-07-12,6,68,68,17.97,9.552373843245983,0,2,60,388.69748,False,True,False,2.941176470588235,17.97,8.4026,0.0,1.149773843245983
2025-07-12 07:00:00,2025-07-12,7,68,68,68.26,55.210926567427876,0,0,63,388.69748,False,True,False,0.0,68.26,55.162,0.0,0.04892656742787693
2025-07-12 18:00:00,2025-07-12,18,68,68,33.54,31.027037828931185,0,2,63,388.69748,False,True,False,2.941176470588235,33.54,30.7173,0.0,0.3097378289311834
2025-07-12 19:00:00,2025-07-12,19,68,68,5.05,7.778259116468979,0,3,49,388.69748,False,True,False,4.411764705882353,5.05,7.6733,0.0,0.10495911646897849
2025-07-13 06:00:00,2025-07-13,6,68,68,17.86,9.806754539163082,0,2,59,388.69748,False,True,False,2.941176470588235,17.86,8.6157,0.0,1.1910545391630816
2025-07-13 07:00:00,2025-07-13,7,68,68,59.24,56.87760122011313,0,0,63,388.69748,False,True,False,0.0,59.24,56.8235,0.0,0.05410122011312524
2025-07-13 18:00:00,2025-07-13,18,68,68,10.870000000000001,26.53480511509796,0,2,57,388.69748,False,True,False,2.941176470588235,10.87,26.173,1.7763568394002505e-15,0.36180511509796176
2025-07-13 19:00:00,2025-07-13,19,68,68,2.49,7.801270657401562,0,3,30,388.69748,False,True,False,4.411764705882353,2.49,7.6844,0.0,0.1168706574015621
2025-07-14 06:00:00,2025-07-14,6,68,68,11.1,10.25671007047069,0,2,59,388.69748,False,True,False,2.941176470588235,11.1,9.0335,0.0,1.2232100704706905
2025-07-14 07:00:00,2025-07-14,7,68,68,70.99,66.8987293777373,0,0,62,388.69748,False,True,False,0.0,70.99,67.1457,0.0,-0.24697062226270816
2025-07-14 18:00:00,2025-07-14,18,68,68,38.5,31.414116775818307,0,2,61,388.69748,False,True,False,2.941176470588235,38.5,31.1516,0.0,0.2625167758183089
2025-07-14 19:00:00,2025-07-14,19,68,68,7.18,7.8651805402977875,0,3,55,388.69748,False,True,False,4.411764705882353,7.18,7.7629,0.0,0.10228054029778733
2025-07-15 06:00:00,2025-07-15,6,68,68,13.91,9.471382642914175,0,2,58,388.69748,False,True,False,2.941176470588235,13.91,8.3257,0.0,1.145682642914176
2025-07-15 07:00:00,2025-07-15,7,68,68,62.36,53.96469089820688,0,0,62,388.69748,False,True,False,0.0,62.36,53.9699,0.0,-0.0052091017931203965
2025-07-15 18:00:00,2025-07-15,18,68,68,15.75,21.65266471986737,0,2,61,388.69748,False,True,False,2.941176470588235,15.75,21.1733,0.0,0.4793647198673696
2025-07-15 19:00:00,2025-07-15,19,68,68,1.53,8.01914083092837,0,3,15,388.69748,False,True,False,4.411764705882353,1.53,7.9013,0.0,0.11784083092836983
2025-07-16 06:00:00,2025-07-16,6,68,68,1.08,9.406854942259239,0,2,3,388.69748,False,True,False,2.941176470588235,1.08,8.2626,0.0,1.1442549422592379
2025-07-16 07:00:00,2025-07-16,7,68,68,5.9,39.53867258176373,0,0,35,388.69748,False,True,False,0.0,5.9,39.2798,0.0,0.2588725817637254
2025-07-16 18:00:00,2025-07-16,18,68,68,17.68,11.682977057467381,0,2,58,388.69748,False,True,False,2.941176470588235,17.68,11.1399,0.0,0.5430770574673804
2025-07-16 19:00:00,2025-07-16,19,68,68,2.74,7.537812853203116,0,4,34,388.69748,False,True,False,5.88235294117647,2.74,7.4267,0.0,0.11111285320311559
2025-07-17 06:00:00,2025-07-17,6,68,68,18.92,9.296016628344518,0,2,57,388.69748,False,True,False,2.941176470588235,18.92,8.1934,0.0,1.1026166283445171
2025-07-17 07:00:00,2025-07-17,7,68,68,69.1,54.85705731385204,0,0,60,388.69748,False,True,False,0.0,69.1,54.8133,0.0,0.043757313852040625
2025-07-17 18:00:00,2025-07-17,18,68,68,32.84,29.617017168055057,0,2,61,388.69748,False,True,False,2.941176470588235,32.84,29.3442,0.0,0.27281716805505596
2025-07-17 19:00:00,2025-07-17,19,68,68,4.19,7.289548443568028,0,10,47,388.69748,False,True,False,14.705882352941178,4.19,7.1243,0.0,0.1652484435680277
2025-07-18 06:00:00,2025-07-18,6,68,68,18.560000000000002,9.52183479529142,0,2,55,388.69748,False,True,False,2.941176470588235,18.56,8.3803,3.552713678800501e-15,1.1415347952914203
2025-07-18 07:00:00,2025-07-18,7,68,68,56.79,58.830764073279276,0,0,59,388.69748,False,True,False,0.0,56.79,58.9835,0.0,-0.15273592672072311
2025-07-18 18:00:00,2025-07-18,18,68,68,26.82,25.822638487040035,0,2,60,388.69748,False,True,False,2.941176470588235,26.82,25.4568,0.0,0.3658384870400333
2025-07-18 19:00:00,2025-07-18,19,68,68,2.84,7.229728806106164,0,12,38,388.69748,False,True,False,17.647058823529413,2.84,7.0572,0.0,0.17252880610616383
2025-07-19 06:00:00,2025-07-19,6,68,68,18.57,9.514324429048722,0,2,57,388.69748,False,True,False,2.941176470588235,18.57,8.3723,0.0,1.142024429048723
2025-07-19 07:00:00,2025-07-19,7,68,68,68.29,58.79160333185627,0,0,61,388.69748,False,True,False,0.0,68.29,58.8426,0.0,-0.05099666814372483
2025-07-19 18:00:00,2025-07-19,18,68,68,31.83,21.99859329924881,0,2,61,388.69748,False,True,False,2.941176470588235,31.83,21.496,0.0,0.5025932992488116
2025-07-19 19:00:00,2025-07-19,19,68,68,4.91,6.942389558402501,0,16,39,388.69748,False,True,False,23.52941176470588,4.91,6.7125,0.0,0.22988955840250025
2025-07-20 06:00:00,2025-07-20,6,68,68,17.04,9.654199309831045,0,2,57,388.69748,False,True,False,2.941176470588235,17.04,8.4814,0.0,1.1727993098310439
2025-07-20 07:00:00,2025-07-20,7,68,68,68.84,55.49156072761868,0,0,61,388.69748,False,True,False,0.0,68.84,55.4902,0.0,0.0013607276186817785
2025-07-20 18:00:00,2025-07-20,18,68,68,26.25,23.621035286926464,0,2,61,388.69748,False,True,False,2.941176470588235,26.25,23.2387,0.0,0.38233528692646246
2025-07-20 19:00:00,2025-07-20,19,68,68,2.1,2.8595029260396925,0,27,25,388.69748,False,True,False,39.705882352941174,2.1,2.9502,0.0,-0.09069707396030768
2025-07-21 06:00:00,2025-07-21,6,68,68,16.91,9.53303019283415,0,2,58,388.69748,False,True,False,2.941176470588235,16.91,8.3642,0.0,1.1688301928341502
2025-07-21 07:00:00,2025-07-21,7,68,68,60.63,50.688920926875305,0,0,61,388.69748,False,True,False,0.0,60.63,50.568,0.0,0.12092092687530709
2025-07-21 18:00:00,2025-07-21,18,68,68,24.03,21.306561198639592,0,2,61,388.69748,False,True,False,2.941176470588235,24.03,20.6927,0.0,0.6138611986395937
2025-07-21 19:00:00,2025-07-21,19,68,68,7.83,2.5277879347425096,0,32,34,388.69748,False,True,False,47.05882352941176,7.83,2.6343,0.0,-0.10651206525749046
2025-07-22 06:00:00,2025-07-22,6,68,68,18.53,9.57042018167451,0,2,57,388.69748,False,True,False,2.941176470588235,18.53,8.4067,0.0,1.1637201816745097
2025-07-22 07:00:00,2025-07-22,7,68,68,59.86,53.95107173019824,0,0,61,388.69748,False,True,False,0.0,59.86,53.9796,0.0,-0.02852826980176104
2025-07-22 18:00:00,2025-07-22,18,68,68,30.7,20.993566198120252,0,2,60,388.69748,False,True,False,2.941176470588235,30.7,20.5595,0.0,0.43406619812025227
2025-07-22 19:00:00,2025-07-22,19,68,68,9.51,1.7119442456957057,0,46,39,388.69748,False,True,False,67.64705882352942,9.51,1.7686000000000002,0.0,-0.05665575430429448
2025-07-23 06:00:00,2025-07-23,6,68,68,22.76,9.365359172765562,0,2,58,388.69748,False,True,False,2.941176470588235,22.76,8.2304,0.0,1.1349591727655621
2025-07-23 07:00:00,2025-07-23,7,68,68,71.84,54.495369803675715,0,0,60,388.69748,False,True,False,0.0,71.84,54.3586,0.0,0.1367698036757119
2025-07-23 18:00:00,2025-07-23,18,68,68,30.88,24.666147266462577,0,2,61,388.69748,False,True,False,2.941176470588235,30.88,24.2831,0.0,0.3830472664625759
2025-07-23 19:00:00,2025-07-23,19,68,68,7.41,0.8258961357958434,0,54,29,388.69748,False,True,False,79.41176470588235,7.41,0.908,0.0,-0.0821038642041566
2025-07-24 06:00:00,2025-07-24,6,68,68,21.77,9.18849375306772,0,2,58,388.69748,False,True,False,2.941176470588235,21.77,8.0915,0.0,1.0969937530677196
2025-07-24 07:00:00,2025-07-24,7,68,68,69.34,56.09316338986165,0,0,61,388.69748,False,True,False,0.0,69.34,56.0397,0.0,0.05346338986164767
2025-07-24 18:00:00,2025-07-24,18,68,68,34.28,26.152146468077785,0,2,62,388.69748,False,True,False,2.941176470588235,34.28,25.7475,0.0,0.4046464680777859
2025-07-24 19:00:00,2025-07-24,19,68,68,7.1,0.24993142536109259,0,61,38,388.69748,False,True,False,89.70588235294117,7.1,0.3271,0.0,-0.07716857463890742
2025-07-25 06:00:00,2025-07-25,6,68,68,17.84,9.193262097444983,0,2,59,388.69748,False,True,False,2.941176470588235,17.84,8.0971,0.0,1.0961620974449833
2025-07-25 07:00:00,2025-07-25,7,68,68,52.32,53.928349268265265,0,0,62,388.69748,False,True,False,0.0,52.32,53.7441,0.0,0.1842492682652619
2025-07-25 18:00:00,2025-07-25,18,68,68,34.22,27.32267666466743,0,2,61,388.69748,False,True,False,2.941176470588235,34.22,26.936700000000002,0.0,0.3859766646674281
2025-07-25 19:00:00,2025-07-25,19,68,68,8.76,0.0,0,68,37,388.69748,True,True,True,100.0,8.76,0.0,0.0,0.0
2025-07-26 06:00:00,2025-07-26,6,68,68,21.61,9.318529039562108,0,2,58,388.69748,False,True,False,2.941176470588235,21.61,8.1915,0.0,1.1270290395621085
2025-07-26 07:00:00,2025-07-26,7,68,68,63.480000000000004,54.0335341164149,0,0,62,388.69748,False,True,False,0.0,63.48,53.9436,7.105427357601002e-15,0.08993411641489502
2025-07-26 18:00:00,2025-07-26,18,68,68,30.59,30.371293818226796,0,2,62,388.69748,False,True,False,2.941176470588235,30.59,30.0326,0.0,0.33869381822679756
2025-07-26 19:00:00,2025-07-26,19,68,68,6.77,0.0,0,68,37,388.69748,True,True,True,100.0,6.77,0.0,0.0,0.0
2025-07-27 06:00:00,2025-07-27,6,68,68,19.27,9.322053108417391,0,2,57,388.69748,False,True,False,2.941176470588235,19.27,8.1934,0.0,1.1286531084173905
2025-07-27 07:00:00,2025-07-27,7,68,68,57.89,55.82097801684744,0,0,61,388.69748,False,True,False,0.0,57.89,55.7712,0.0,0.049778016847440654
2025-07-27 18:00:00,2025-07-27,18,68,68,32.51,29.84096857018064,0,2,62,388.69748,False,True,False,2.941176470588235,32.51,29.5204,0.0,0.3205685701806402
2025-07-27 19:00:00,2025-07-27,19,68,68,7.49,0.0,0,68,37,388.69748,True,True,True,100.0,7.49,0.0,0.0,0.0
2025-07-28 06:00:00,2025-07-28,6,68,68,19.27,9.336831107655145,0,2,57,388.69748,False,True,False,2.941176470588235,19.27,8.1994,0.0,1.1374311076551447
2025-07-28 07:00:00,2025-07-28,7,68,68,59.7,54.039594442309074,0,0,62,388.69748,False,True,False,0.0,59.7,54.0929,0.0,-0.053305557690926264
2025-07-28 18:00:00,2025-07-28,18,68,68,23.63,20.311825907282266,0,2,61,388.69748,False,True,False,2.941176470588235,23.63,19.6994,0.0,0.6124259072822653
2025-07-28 19:00:00,2025-07-28,19,68,68,6.470000000000001,0.0,0,68,16,388.69748,True,True,True,100.0,6.47,0.0,8.881784197001252e-16,0.0
2025-07-29 06:00:00,2025-07-29,6,68,68,19.18,8.88253783171965,0,2,57,388.69748,False,True,False,2.941176470588235,19.18,7.8225999999999996,0.0,1.059937831719651
2025-07-29 07:00:00,2025-07-29,7,68,68,68.3,52.96672790829824,0,0,60,388.69748,False,True,False,0.0,68.3,52.8208,0.0,0.14592790829824054
2025-07-29 18:00:00,2025-07-29,18,68,68,29.41,23.71821384044005,0,2,62,388.69748,False,True,False,2.941176470588235,29.41,23.3301,0.0,0.3881138404400488
2025-07-29 19:00:00,2025-07-29,19,68,68,6.37,0.0,0,68,24,388.69748,True,True,True,100.0,6.37,0.0,0.0,0.0
2025-07-30 06:00:00,2025-07-30,6,68,68,16.009999999999998,8.695576996793926,0,2,54,388.69748,False,True,False,2.941176470588235,16.01,7.6398,-3.552713678800501e-15,1.0557769967939263
2025-07-30 07:00:00,2025-07-30,7,68,68,43.58,45.78000531798822,0,0,62,388.69748,False,True,False,0.0,43.58,45.6212,0.0,0.15880531798821806
2025-07-30 18:00:00,2025-07-30,18,68,68,20.29,9.74687691616146,0,2,61,388.69748,False,True,False,2.941176470588235,20.29,9.029,0.0,0.71787691616146
2025-07-30 19:00:00,2025-07-30,19,68,68,6.64,0.0,0,68,10,388.69748,True,True,True,100.0,6.64,0.0,0.0,0.0
2025-07-31 06:00:00,2025-07-31,6,68,68,7.21,5.757592640962931,0,2,25,388.69748,False,True,False,2.941176470588235,7.21,5.3111,0.0,0.44649264096293173
2025-07-31 07:00:00,2025-07-31,7,68,68,11.24,34.19066964744382,0,0,48,388.69748,False,True,False,0.0,11.24,33.6857,0.0,0.5049696474438221
2025-07-31 18:00:00,2025-07-31,18,68,68,27.29,16.757305441905878,0,2,62,388.69748,False,True,False,2.941176470588235,27.29,16.2016,0.0,0.5557054419058787
2025-07-31 19:00:00,2025-07-31,19,68,68,7.01,0.0,0,68,31,388.69748,True,True,True,100.0,7.01,0.0,0.0,0.0
2025-08-01 06:00:00,2025-08-01,6,68,68,10.65,5.810372189384425,0,2,36,388.69748,False,True,False,2.941176470588235,10.65,5.3599,0.0,0.450472189384425
2025-08-01 07:00:00,2025-08-01,7,68,68,17.7,25.884125153708975,0,0,40,388.69748,False,True,False,0.0,17.7,25.2998,0.0,0.5843251537089742
2025-08-01 18:00:00,2025-08-01,18,68,68,20.23,8.472884562853983,0,2,62,388.69748,False,True,False,2.941176470588235,20.23,7.8683,0.0,0.604584562853983
2025-08-01 19:00:00,2025-08-01,19,68,68,7.16,0.0,0,68,10,388.69748,True,True,True,100.0,7.16,0.0,0.0,0.0
2025-08-02 06:00:00,2025-08-02,6,68,68,16.36,5.976850181759483,0,2,54,388.69748,False,True,False,2.941176470588235,16.36,5.5126,0.0,0.46425018175948285
2025-08-02 07:00:00,2025-08-02,7,68,68,39.91,30.401722336340786,0,0,57,388.69748,False,True,False,0.0,39.91,29.8365,0.0,0.5652223363407849
2025-08-02 18:00:00,2025-08-02,18,68,68,26.22,19.947506609046673,0,2,62,388.69748,False,True,False,2.941176470588235,26.22,19.5825,0.0,0.3650066090466737
2025-08-02 19:00:00,2025-08-02,19,68,68,6.220000000000001,0.0,0,68,18,388.69748,True,True,True,100.0,6.22,0.0,8.881784197001252e-16,0.0
2025-08-03 06:00:00,2025-08-03,6,68,68,16.54,8.472214665278766,0,2,55,388.69748,False,True,False,2.941176470588235,16.54,7.4607,0.0,1.0115146652787663
2025-08-03 07:00:00,2025-08-03,7,68,68,51.41,46.98669928133265,0,0,61,388.69748,False,True,False,0.0,51.41,47.0174,0.0,-0.030700718667354465
2025-08-03 18:00:00,2025-08-03,18,68,68,29.43,24.583533940070602,0,2,62,388.69748,False,True,False,2.941176470588235,29.43,24.3397,0.0,0.24383394007060133
2025-08-03 19:00:00,2025-08-03,19,68,68,6.19,0.0,0,68,14,388.69748,True,True,True,100.0,6.19,0.0,0.0,0.0
2025-08-04 06:00:00,2025-08-04,6,68,68,16.15,8.674890867729491,0,2,56,388.69748,False,True,False,2.941176470588235,16.15,7.6263000000000005,0.0,1.0485908677294908
2025-08-04 07:00:00,2025-08-04,7,68,68,52.28,51.581378958120354,0,0,61,388.69748,False,True,False,0.0,52.28,51.4464,0.0,0.13497895812035665
2025-08-04 18:00:00,2025-08-04,18,68,68,22.29,21.32758613197196,0,2,60,388.69748,False,True,False,2.941176470588235,22.29,20.9872,0.0,0.34038613197195744
2025-08-04 19:00:00,2025-08-04,19,68,68,9.35,0.0,0,68,14,388.69748,True,True,True,100.0,9.35,0.0,0.0,0.0
2025-08-05 06:00:00,2025-08-05,6,68,68,20.44,8.646596846355216,0,2,57,388.69748,False,True,False,2.941176470588235,20.44,7.6133,0.0,1.0332968463552161
2025-08-05 07:00:00,2025-08-05,7,68,68,57.76,49.22285369454395,0,0,62,388.69748,False,True,False,0.0,57.76,49.1867,0.0,0.036153694543948234
2025-08-05 18:00:00,2025-08-05,18,68,68,24.31,23.633474189653523,0,2,62,388.69748,False,True,False,2.941176470588235,24.31,23.3734,0.0,0.2600741896535226
2025-08-05 19:00:00,2025-08-05,19,68,68,6.069999999999999,0.0,0,68,7,388.69748,True,True,True,100.0,6.07,0.0,-8.881784197001252e-16,0.0
2025-08-06 06:00:00,2025-08-06,6,68,68,15.46,8.648155089608093,0,2,54,388.69748,False,True,False,2.941176470588235,15.46,7.6092,0.0,1.0389550896080921
2025-08-06 07:00:00,2025-08-06,7,68,68,47.22,52.29320878728373,0,0,62,388.69748,False,True,False,0.0,47.22,52.3698,0.0,-0.07659121271626645
2025-08-06 18:00:00,2025-08-06,18,68,68,22.78,15.992038188371398,0,2,58,388.69748,False,True,False,2.941176470588235,22.78,15.5593,0.0,0.4327381883713972
2025-08-06 19:00:00,2025-08-06,19,68,68,8.46,0.0,0,68,5,388.69748,True,True,True,100.0,8.46,0.0,0.0,0.0
2025-08-07 06:00:00,2025-08-07,6,68,68,10.540000000000001,8.12451773903068,0,2,39,388.69748,False,True,False,2.941176470588235,10.54,7.1737,1.7763568394002505e-15,0.9508177390306791
2025-08-07 07:00:00,2025-08-07,7,68,68,27.06,34.75837423602489,0,0,61,388.69748,False,True,False,0.0,27.06,34.2598,0.0,0.4985742360248935
2025-08-07 18:00:00,2025-08-07,18,68,68,25.88,19.542805202273087,0,2,60,388.69748,False,True,False,2.941176470588235,25.88,19.1965,0.0,0.34630520227308637
2025-08-07 19:00:00,2025-08-07,19,68,68,8.6,0.0,0,68,12,388.69748,True,True,True,100.0,8.6,0.0,0.0,0.0
2025-08-08 06:00:00,2025-08-08,6,68,68,17.09,8.415243085413373,0,2,56,388.69748,False,True,False,2.941176470588235,17.09,7.417,0.0,0.9982430854133728
2025-08-08 07:00:00,2025-08-08,7,68,68,51.19,42.200912596819656,0,0,62,388.69748,False,True,False,0.0,51.19,41.8694,0.0,0.33151259681965684
2025-08-08 18:00:00,2025-08-08,18,68,68,17.46,18.08332731941424,0,2,57,388.69748,False,True,False,2.941176470588235,17.46,17.7087,0.0,0.3746273194142411
2025-08-08 19:00:00,2025-08-08,19,68,68,8.5,0.0,0,68,8,388.69748,True,True,True,100.0,8.5,0.0,0.0,0.0
2025-08-09 06:00:00,2025-08-09,6,68,68,8.56,5.514632820144088,0,2,10,388.69748,False,True,False,2.941176470588235,8.56,5.0973,0.0,0.4173328201440887
2025-08-09 07:00:00,2025-08-09,7,68,68,12.24,25.594844812293523,0,0,43,388.69748,False,True,False,0.0,12.24,25.0216,0.0,0.5732448122935239
2025-08-09 18:00:00,2025-08-09,18,68,68,11.44,8.373174847419385,0,2,29,388.69748,False,True,False,2.941176470588235,11.44,7.7442,0.0,0.6289748474193848
2025-08-09 19:00:00,2025-08-09,19,68,68,8.48,0.0,0,68,6,388.69748,True,True,True,100.0,8.48,0.0,0.0,0.0
2025-08-10 06:00:00,2025-08-10,6,68,68,11.73,5.650216152020625,0,2,41,388.69748,False,True,False,2.941176470588235,11.73,5.221,0.0,0.4292161520206248
2025-08-10 07:00:00,2025-08-10,7,68,68,30.54,30.39690187369694,0,0,60,388.69748,False,True,False,0.0,30.54,29.8587,0.0,0.5382018736969414
2025-08-10 18:00:00,2025-08-10,18,68,68,14.450000000000001,8.517048647362012,0,2,60,388.69748,False,True,False,2.941176470588235,14.45,7.8955,1.7763568394002505e-15,0.6215486473620118
2025-08-10 19:00:00,2025-08-10,19,68,68,6.07,0.0,0,68,4,388.69748,True,True,True,100.0,6.07,0.0,0.0,0.0
2025-08-11 06:00:00,2025-08-11,6,68,68,6.4399999999999995,5.562552204364247,0,2,16,388.69748,False,True,False,2.941176470588235,6.44,5.1467,-8.881784197001252e-16,0.4158522043642465
2025-08-11 07:00:00,2025-08-11,7,68,68,12.36,24.315118864673003,0,0,54,388.69748,False,True,False,0.0,12.36,23.7864,0.0,0.528718864673003
2025-08-11 18:00:00,2025-08-11,18,68,68,23.11,19.198081532569564,0,2,61,388.69748,False,True,False,2.941176470588235,23.11,18.8674,0.0,0.3306815325695638
2025-08-11 19:00:00,2025-08-11,19,68,68,6.76,0.0,0,68,17,388.69748,True,True,True,100.0,6.76,0.0,0.0,0.0
2025-08-12 06:00:00,2025-08-12,6,68,68,15.26,5.682454284688882,0,2,54,388.69748,False,True,False,2.941176470588235,15.26,5.2413,0.0,0.4411542846888823
2025-08-12 07:00:00,2025-08-12,7,68,68,54.36,36.703219999449466,0,0,62,388.69748,False,True,False,0.0,54.36,36.2535,0.0,0.4497199994494636
2025-08-12 18:00:00,2025-08-12,18,68,68,18.44,10.051676616840563,0,2,59,388.69748,False,True,False,2.941176470588235,18.44,9.4385,0.0,0.6131766168405637
2025-08-12 19:00:00,2025-08-12,19,68,68,10.0,0.0,0,68,6,388.69748,True,True,True,100.0,10.0,0.0,0.0,0.0
2025-08-13 06:00:00,2025-08-13,6,68,68,13.13,5.501819212600319,0,2,40,388.69748,False,True,False,2.941176470588235,13.13,5.0865,0.0,0.4153192126003189
2025-08-13 07:00:00,2025-08-13,7,68,68,40.64,31.715062633280752,0,0,61,388.69748,False,True,False,0.0,40.64,31.2826,0.0,0.4324626332807533
2025-08-13 18:00:00,2025-08-13,18,68,68,20.84,11.663521927058103,0,2,58,388.69748,False,True,False,2.941176470588235,20.84,11.0138,0.0,0.6497219270581027
2025-08-13 19:00:00,2025-08-13,19,68,68,6.24,0.0,0,68,8,388.69748,True,True,True,100.0,6.24,0.0,0.0,0.0
2025-08-14 06:00:00,2025-08-14,6,68,68,6.04,5.751700782287336,0,2,5,388.69748,False,True,False,2.941176470588235,6.04,5.3128,0.0,0.43890078228733564
2025-08-14 07:00:00,2025-08-14,7,68,68,12.43,32.36737930761074,0,0,38,388.69748,False,True,False,0.0,12.43,31.8179,0.0,0.5494793076107385
2025-08-14 18:00:00,2025-08-14,18,68,68,23.240000000000002,18.043395465879627,0,2,59,388.69748,False,True,False,2.941176470588235,23.24,17.6762,3.552713678800501e-15,0.36719546587962526
2025-08-14 19:00:00,2025-08-14,19,68,68,6.09,0.0,0,68,5,388.69748,True,True,True,100.0,6.09,0.0,0.0,0.0
2025-08-15 06:00:00,2025-08-15,6,68,68,15.1,8.14520875831344,0,2,54,388.69748,False,True,False,2.941176470588235,15.1,7.1865,0.0,0.958708758313441
2025-08-15 07:00:00,2025-08-15,7,68,68,56.95,46.001751846290446,0,0,59,388.69748,False,True,False,0.0,56.95,45.8049,0.0,0.19685184629044272
2025-08-15 18:00:00,2025-08-15,18,68,68,20.91,18.4952880617455,0,2,60,388.69748,False,True,False,2.941176470588235,20.91,18.126,0.0,0.36928806174550033
2025-08-15 19:00:00,2025-08-15,19,68,68,6.11,0.0,0,68,4,388.69748,True,True,True,100.0,6.11,0.0,0.0,0.0
2025-08-16 06:00:00,2025-08-16,6,68,68,14.43,8.077063651170697,0,2,56,388.69748,False,True,False,2.941176470588235,14.43,7.1286,0.0,0.9484636511706972
2025-08-16 07:00:00,2025-08-16,7,68,68,58.980000000000004,51.218943533861975,0,0,61,388.69748,False,True,False,0.0,58.98,51.1708,7.105427357601002e-15,0.048143533861974674
2025-08-16 18:00:00,2025-08-16,18,68,68,21.32,19.78511884332272,0,2,61,388.69748,False,True,False,2.941176470588235,21.32,19.4411,0.0,0.34401884332272203
2025-08-16 19:00:00,2025-08-16,19,68,68,6.02,0.0,0,68,3,388.69748,True,True,True,100.0,6.02,0.0,0.0,0.0
2025-08-17 06:00:00,2025-08-17,6,68,68,13.57,8.053293328941052,0,2,55,388.69748,False,True,False,2.941176470588235,13.57,7.1076,0.0,0.9456933289410525
2025-08-17 07:00:00,2025-08-17,7,68,68,57.45,51.42458245412393,0,0,61,388.69748,False,True,False,0.0,57.45,51.3009,0.0,0.12368245412393009
2025-08-17 18:00:00,2025-08-17,18,68,68,23.46,20.245822882106392,0,2,61,388.69748,False,True,False,2.941176470588235,23.46,19.9485,0.0,0.2973228821063927
2025-08-17 19:00:00,2025-08-17,19,68,68,6.1899999999999995,0.0,0,68,5,388.69748,True,True,True,100.0,6.19,0.0,-8.881784197001252e-16,0.0
2025-08-18 06:00:00,2025-08-18,6,68,68,12.93,5.896842500618366,0,2,53,388.69748,False,True,False,2.941176470588235,12.93,5.4317,0.0,0.4651425006183656
2025-08-18 07:00:00,2025-08-18,7,68,68,55.550000000000004,50.93566404713476,0,0,59,388.69748,False,True,False,0.0,55.55,50.8988,7.105427357601002e-15,0.036864047134756106
2025-08-18 18:00:00,2025-08-18,18,68,68,20.400000000000002,20.684869317131252,0,2,58,388.69748,False,True,False,2.941176470588235,20.4,20.392,3.552713678800501e-15,0.2928693171312524
2025-08-18 19:00:00,2025-08-18,19,68,68,6.18,0.0,0,68,4,388.69748,True,True,True,100.0,6.18,0.0,0.0,0.0
2025-08-19 06:00:00,2025-08-19,6,68,68,13.24,6.046861976874154,0,2,52,388.69748,False,True,False,2.941176470588235,13.24,5.562,0.0,0.48486197687415356
2025-08-19 07:00:00,2025-08-19,7,68,68,55.45,50.51189246330848,0,0,59,388.69748,False,True,False,0.0,55.45,50.5151,0.0,-0.003207536691519408
2025-08-19 18:00:00,2025-08-19,18,68,68,17.79,18.440520866902514,0,2,59,388.69748,False,True,False,2.941176470588235,17.79,18.0885,0.0,0.3520208669025138
2025-08-19 19:00:00,2025-08-19,19,68,68,6.17,0.0,0,68,4,388.69748,True,True,True,100.0,6.17,0.0,0.0,0.0
2025-08-20 06:00:00,2025-08-20,6,68,68,15.8,6.078599944150616,0,2,55,388.69748,False,True,False,2.941176470588235,15.8,5.5905000000000005,0.0,0.48809994415061553
2025-08-20 07:00:00,2025-08-20,7,68,68,53.69,51.971409323055184,0,0,60,388.69748,False,True,False,0.0,53.69,52.0213,0.0,-0.04989067694481264
2025-08-20 18:00:00,2025-08-20,18,68,68,18.6,18.456516920015392,0,2,59,388.69748,False,True,False,2.941176470588235,18.6,18.059,0.0,0.3975169200153914
2025-08-20 19:00:00,2025-08-20,19,68,68,6.18,0.0,0,68,4,388.69748,True,True,True,100.0,6.18,0.0,0.0,0.0
2025-08-21 06:00:00,2025-08-21,6,68,68,12.45,6.037469783084494,0,2,53,388.69748,False,True,False,2.941176470588235,12.45,5.555,0.0,0.4824697830844942
2025-08-21 07:00:00,2025-08-21,7,68,68,52.65,50.03592954513738,0,0,59,388.69748,False,True,False,0.0,52.65,49.9829,0.0,0.053029545137377454
2025-08-21 18:00:00,2025-08-21,18,68,68,18.16,16.64718092117805,0,2,60,388.69748,False,True,False,2.941176470588235,18.16,16.2345,0.0,0.4126809211780511
2025-08-21 19:00:00,2025-08-21,19,68,68,6.220000000000001,0.0,0,68,5,388.69748,True,True,True,100.0,6.22,0.0,8.881784197001252e-16,0.0
2025-08-22 06:00:00,2025-08-22,6,68,68,12.17,6.006843778263359,0,2,53,388.69748,False,True,False,2.941176470588235,12.17,5.5295,0.0,0.47734377826335894
2025-08-22 07:00:00,2025-08-22,7,68,68,51.83,49.84242040712148,0,0,61,388.69748,False,True,False,0.0,51.83,49.8451,0.0,-0.0026795928785219303
2025-08-22 18:00:00,2025-08-22,18,68,68,17.23,15.441133488532873,0,2,59,388.69748,False,True,False,2.941176470588235,17.23,15.0296,0.0,0.4115334885328732
2025-08-22 19:00:00,2025-08-22,19,68,68,6.27,0.0,0,68,6,388.69748,True,True,True,100.0,6.27,0.0,0.0,0.0
2025-08-23 06:00:00,2025-08-23,6,68,68,12.1,5.940429926491248,0,2,53,388.69748,False,True,False,2.941176470588235,12.1,5.4695,0.0,0.4709299264912481
2025-08-23 07:00:00,2025-08-23,7,68,68,47.03,47.10055613271844,0,0,60,388.69748,False,True,False,0.0,47.03,46.899,0.0,0.2015561327184372
2025-08-23 18:00:00,2025-08-23,18,68,68,11.86,8.824670491541827,0,2,54,388.69748,False,True,False,2.941176470588235,11.86,8.1919,0.0,0.6327704915418266
2025-08-23 19:00:00,2025-08-23,19,68,68,6.56,0.0,0,68,6,388.69748,True,True,True,100.0,6.5600000000000005,0.0,-8.881784197001252e-16,0.0
2025-08-24 06:00:00,2025-08-24,6,68,68,12.18,5.88807867546374,0,2,54,388.69748,False,True,False,2.941176470588235,12.18,5.4264,0.0,0.4616786754637401
2025-08-24 07:00:00,2025-08-24,7,68,68,53.64,46.210732365785006,0,0,61,388.69748,False,True,False,0.0,53.64,46.1586,0.0,0.05213236578500613
2025-08-24 18:00:00,2025-08-24,18,68,68,11.290000000000001,13.144191068836145,0,2,43,388.69748,False,True,False,2.941176470588235,11.29,12.6261,1.7763568394002505e-15,0.5180910688361458
2025-08-24 19:00:00,2025-08-24,19,68,68,8.59,0.0,0,68,5,388.69748,True,True,True,100.0,8.59,0.0,0.0,0.0
2025-08-25 06:00:00,2025-08-25,6,68,68,11.46,5.6719752389096625,0,2,45,388.69748,False,True,False,2.941176470588235,11.46,5.2382,0.0,0.4337752389096625
2025-08-25 07:00:00,2025-08-25,7,68,68,46.81,31.398673291412116,0,0,60,388.69748,False,True,False,0.0,46.81,30.8437,0.0,0.5549732914121179
2025-08-25 18:00:00,2025-08-25,18,68,68,17.51,15.647706144509987,0,2,59,388.69748,False,True,False,2.941176470588235,17.51,15.3214,0.0,0.32630614450998685
2025-08-25 19:00:00,2025-08-25,19,68,68,9.23,0.0,0,68,7,388.69748,True,True,True,100.0,9.23,0.0,0.0,0.0
2025-08-26 06:00:00,2025-08-26,6,68,68,15.0,5.511598143259787,0,2,51,388.69748,False,True,False,2.941176470588235,15.0,5.0937,0.0,0.41789814325978725
2025-08-26 07:00:00,2025-08-26,7,68,68,43.37,35.834580929270174,0,0,60,388.69748,False,True,False,0.0,43.37,35.3912,0.0,0.4433809292701767
2025-08-26 18:00:00,2025-08-26,18,68,68,20.41,9.551307338453288,0,2,59,388.69748,False,True,False,2.941176470588235,20.41,8.9858,0.0,0.5655073384532887
2025-08-26 19:00:00,2025-08-26,19,68,68,8.92,0.0,0,68,7,388.69748,True,True,True,100.0,8.92,0.0,0.0,0.0
2025-08-27 06:00:00,2025-08-27,6,68,68,13.66,5.6147045392416395,0,2,38,388.69748,False,True,False,2.941176470588235,13.66,5.1816,0.0,0.43310453924163905
2025-08-27 07:00:00,2025-08-27,7,68,68,25.15,28.373136172554318,0,0,53,388.69748,False,True,False,0.0,25.15,27.9081,0.0,0.46503617255431706
2025-08-27 18:00:00,2025-08-27,18,68,68,16.15,8.813736210697863,0,2,55,388.69748,False,True,False,2.941176470588235,16.15,8.1777,0.0,0.6360362106978634
2025-08-27 19:00:00,2025-08-27,19,68,68,8.899999999999999,0.0,0,68,6,388.69748,True,True,True,100.0,8.9,0.0,-1.7763568394002505e-15,0.0
2025-08-28 06:00:00,2025-08-28,6,68,68,13.91,5.795697079595687,0,2,52,388.69748,False,True,False,2.941176470588235,13.91,5.3423,0.0,0.4533970795956872
2025-08-28 07:00:00,2025-08-28,7,68,68,47.06,41.952530512677725,0,0,61,388.69748,False,True,False,0.0,47.06,41.8605,0.0,0.09203051267772366
2025-08-28 18:00:00,2025-08-28,18,68,68,15.13,13.052932596072845,0,2,59,388.69748,False,True,False,2.941176470588235,15.13,12.5733,0.0,0.4796325960728449
2025-08-28 19:00:00,2025-08-28,19,68,68,8.62,0.0,0,68,7,388.69748,True,True,True,100.0,8.62,0.0,0.0,0.0
2025-08-29 06:00:00,2025-08-29,6,68,68,14.33,5.8003310391172125,0,2,52,388.69748,False,True,False,2.941176470588235,14.33,5.3502,0.0,0.4501310391172124
2025-08-29 07:00:00,2025-08-29,7,68,68,50.76,38.65596171606728,0,0,60,388.69748,False,True,False,0.0,50.76,38.2971,0.0,0.3588617160672811
2025-08-29 18:00:00,2025-08-29,18,68,68,11.79,13.556241111461043,0,2,48,388.69748,False,True,False,2.941176470588235,11.79,13.0755,0.0,0.48074111146104315
2025-08-29 19:00:00,2025-08-29,19,68,68,8.59,0.0,0,68,5,388.69748,True,True,True,100.0,8.59,0.0,0.0,0.0
2025-08-30 06:00:00,2025-08-30,6,68,68,15.0,5.302727692929126,0,2,51,388.69748,False,True,False,2.941176470588235,15.0,4.9081,0.0,0.3946276929291255
2025-08-30 07:00:00,2025-08-30,7,68,68,41.230000000000004,29.34829675595025,0,0,59,388.69748,False,True,False,0.0,41.23,28.7456,7.105427357601002e-15,0.6026967559502516
2025-08-30 18:00:00,2025-08-30,18,68,68,12.43,7.932425178139093,0,2,49,388.69748,False,True,False,2.941176470588235,12.43,7.3285,0.0,0.6039251781390931
2025-08-30 19:00:00,2025-08-30,19,68,68,8.59,0.0,0,68,5,388.69748,True,True,True,100.0,8.59,0.0,0.0,0.0
2025-08-31 06:00:00,2025-08-31,6,68,68,10.6,5.446770484882356,0,2,41,388.69748,False,True,False,2.941176470588235,10.6,5.0374,0.0,0.4093704848823565
2025-08-31 07:00:00,2025-08-31,7,68,68,47.63,32.737897087111854,0,0,58,388.69748,False,True,False,0.0,47.63,32.1976,0.0,0.5402970871118526
2025-08-31 18:00:00,2025-08-31,18,68,68,15.27,8.03467860988127,0,2,47,388.69748,False,True,False,2.941176470588235,15.27,7.4162,0.0,0.6184786098812705
2025-08-31 19:00:00,2025-08-31,19,68,68,8.67,0.0,0,68,5,388.69748,True,True,True,100.0,8.67,0.0,0.0,0.0
2025-09-01 06:00:00,2025-09-01,6,68,68,11.69,7.6086868325385195,0,2,46,388.69748,False,True,False,2.941176470588235,11.69,6.7045,0.0,0.9041868325385192
2025-09-01 07:00:00,2025-09-01,7,68,68,48.24,40.200539575475034,0,0,60,388.69748,False,True,False,0.0,48.24,39.7896,0.0,0.4109395754750338
2025-09-01 18:00:00,2025-09-01,18,68,68,16.05,10.40783118888134,0,2,57,388.69748,False,True,False,2.941176470588235,16.05,9.8371,0.0,0.5707311888813411
2025-09-01 19:00:00,2025-09-01,19,68,68,8.79,0.0,0,68,7,388.69748,True,True,True,100.0,8.79,0.0,0.0,0.0
2025-09-02 06:00:00,2025-09-02,6,68,68,11.2,7.540282894492953,0,2,45,388.69748,False,True,False,2.941176470588235,11.2,6.6477,0.0,0.8925828944929526
2025-09-02 07:00:00,2025-09-02,7,68,68,42.76,34.63397719346506,0,0,60,388.69748,False,True,False,0.0,42.76,34.0312,0.0,0.6027771934650588
2025-09-02 18:00:00,2025-09-02,18,68,68,14.02,9.155540779224465,0,2,52,388.69748,False,True,False,2.941176470588235,14.02,8.6335,0.0,0.522040779224465
2025-09-02 19:00:00,2025-09-02,19,68,68,8.59,0.0,0,68,5,388.69748,True,True,True,100.0,8.59,0.0,0.0,0.0
2025-09-03 06:00:00,2025-09-03,6,68,68,12.09,5.34996046737986,0,2,47,388.69748,False,True,False,2.941176470588235,12.09,4.9438,0.0,0.40616046737986
2025-09-03 07:00:00,2025-09-03,7,68,68,46.38,29.34722356371364,0,0,60,388.69748,False,True,False,0.0,46.38,28.7371,0.0,0.6101235637136391
2025-09-03 18:00:00,2025-09-03,18,68,68,12.43,8.012176745083496,0,2,50,388.69748,False,True,False,2.941176470588235,12.43,7.3566,0.0,0.6555767450834953
2025-09-03 19:00:00,2025-09-03,19,68,68,9.3,0.0,0,68,5,388.69748,True,True,True,100.0,9.3,0.0,0.0,0.0
2025-09-04 06:00:00,2025-09-04,6,68,68,11.07,5.385806521509824,0,2,45,388.69748,False,True,False,2.941176470588235,11.07,4.973,0.0,0.41280652150982444
2025-09-04 07:00:00,2025-09-04,7,68,68,47.93,34.61536330669695,0,0,60,388.69748,False,True,False,0.0,47.93,33.9844,0.0,0.6309633066969482
2025-09-04 18:00:00,2025-09-04,18,68,68,13.74,8.173480793120344,0,2,54,388.69748,False,True,False,2.941176470588235,13.74,7.5061,0.0,0.6673807931203442
2025-09-04 19:00:00,2025-09-04,19,68,68,9.350000000000001,0.0,0,68,5,388.69748,True,True,True,100.0,9.35,0.0,1.7763568394002505e-15,0.0
2025-09-05 06:00:00,2025-09-05,6,68,68,11.67,5.528414157301044,0,2,46,388.69748,False,True,False,2.941176470588235,11.67,5.1035,0.0,0.42491415730104354
2025-09-05 07:00:00,2025-09-05,7,68,68,48.65,36.35602168131085,0,0,60,388.69748,False,True,False,0.0,48.65,35.8037,0.0,0.5523216813108505
2025-09-05 18:00:00,2025-09-05,18,68,68,11.7,7.89689386690282,0,2,47,388.69748,False,True,False,2.941176470588235,11.7,7.3195,0.0,0.5773938669028205
2025-09-05 19:00:00,2025-09-05,19,68,68,8.620000000000001,0.0,0,68,5,388.69748,True,True,True,100.0,8.62,0.0,1.7763568394002505e-15,0.0
2025-09-06 06:00:00,2025-09-06,6,68,68,13.610000000000001,5.202982289753141,0,2,46,388.69748,False,True,False,2.941176470588235,13.61,4.8171,1.7763568394002505e-15,0.3858822897531411
2025-09-06 07:00:00,2025-09-06,7,68,68,34.89,29.162660046274883,0,0,59,388.69748,False,True,False,0.0,34.89,28.575,0.0,0.587660046274884
2025-09-06 18:00:00,2025-09-06,18,68,68,11.81,7.535655680912464,0,2,51,388.69748,False,True,False,2.941176470588235,11.81,6.9409,0.0,0.5947556809124643
2025-09-06 19:00:00,2025-09-06,19,68,68,8.81,0.0,0,68,6,388.69748,True,True,True,100.0,8.81,0.0,0.0,0.0
2025-09-07 06:00:00,2025-09-07,6,68,68,8.86,5.292643935587822,0,2,17,388.69748,False,True,False,2.941176470588235,8.86,4.8963,0.0,0.3963439355878222
2025-09-07 07:00:00,2025-09-07,7,68,68,23.0,20.67078177416338,0,0,59,388.69748,False,True,False,0.0,23.0,19.9318,0.0,0.7389817741633813
2025-09-07 18:00:00,2025-09-07,18,68,68,9.629999999999999,7.505241546235123,0,2,36,388.69748,False,True,False,2.941176470588235,9.63,6.8995,-1.7763568394002505e-15,0.605741546235123
2025-09-07 19:00:00,2025-09-07,19,68,68,8.6,0.0,0,68,6,388.69748,True,True,True,100.0,8.6,0.0,0.0,0.0
2025-09-08 06:00:00,2025-09-08,6,68,68,8.66,5.136489756045952,0,3,10,388.69748,False,True,False,4.411764705882353,8.66,4.7499,0.0,0.3865897560459519
2025-09-08 07:00:00,2025-09-08,7,68,68,12.66,16.4785396217116,0,0,44,388.69748,False,True,False,0.0,12.66,15.6219,0.0,0.8566396217116008
2025-09-08 18:00:00,2025-09-08,18,68,68,8.74,8.027147584094807,0,3,14,388.69748,False,True,False,4.411764705882353,8.74,7.3254,0.0,0.7017475840948073
2025-09-08 19:00:00,2025-09-08,19,68,68,8.58,0.0,0,68,4,388.69748,True,True,True,100.0,8.58,0.0,0.0,0.0
2025-09-09 06:00:00,2025-09-09,6,68,68,9.89,7.6666143909959725,0,2,33,388.69748,False,True,False,2.941176470588235,9.89,6.7487,0.0,0.9179143909959722
2025-09-09 07:00:00,2025-09-09,7,68,68,39.78,33.25042642102757,0,0,59,388.69748,False,True,False,0.0,39.78,32.6244,0.0,0.6260264210275679
2025-09-09 18:00:00,2025-09-09,18,68,68,14.14,8.793826499996223,0,2,51,388.69748,False,True,False,2.941176470588235,14.14,8.0729,0.0,0.7209264999962226
2025-09-09 19:00:00,2025-09-09,19,68,68,8.59,0.0,0,68,5,388.69748,True,True,True,100.0,8.59,0.0,0.0,0.0
2025-09-10 06:00:00,2025-09-10,6,68,68,11.42,7.657749031646602,0,2,43,388.69748,False,True,False,2.941176470588235,11.42,6.75,0.0,0.9077490316466017
2025-09-10 07:00:00,2025-09-10,7,68,68,49.69,34.55014917300396,0,0,58,388.69748,False,True,False,0.0,49.69,33.9068,0.0,0.643349173003962
2025-09-10 18:00:00,2025-09-10,18,68,68,14.569999999999999,8.894163385778898,0,2,51,388.69748,False,True,False,2.941176470588235,14.57,8.1586,-1.7763568394002505e-15,0.7355633857788977
2025-09-10 19:00:00,2025-09-10,19,68,68,8.59,0.0,0,68,5,388.69748,True,True,True,100.0,8.59,0.0,0.0,0.0
2025-09-11 06:00:00,2025-09-11,6,68,68,9.26,5.290065895590087,0,2,23,388.69748,False,True,False,2.941176470588235,9.26,4.885,0.0,0.405065895590087
2025-09-11 07:00:00,2025-09-11,7,68,68,40.29,29.165485705670736,0,0,59,388.69748,False,True,False,0.0,40.29,28.4258,0.0,0.7396857056707375
2025-09-11 18:00:00,2025-09-11,18,68,68,9.129999999999999,7.326868384458524,0,8,11,388.69748,False,True,False,11.76470588235294,9.13,6.7183,-1.7763568394002505e-15,0.6085683844585237
2025-09-11 19:00:00,2025-09-11,19,68,68,8.99,0.0,0,68,5,388.69748,True,True,True,100.0,8.99,0.0,0.0,0.0
2025-09-12 06:00:00,2025-09-12,6,68,68,8.99,4.979257659527913,0,8,5,388.69748,False,True,False,11.76470588235294,8.99,4.6109,0.0,0.3683576595279128
2025-09-12 07:00:00,2025-09-12,7,68,68,10.66,12.935656563490157,0,0,37,388.69748,False,True,False,0.0,10.66,12.0627,0.0,0.8729565634901579
2025-09-12 18:00:00,2025-09-12,18,68,68,9.16,8.057881061904672,0,3,12,388.69748,False,True,False,4.411764705882353,9.16,7.3555,0.0,0.7023810619046715
2025-09-12 19:00:00,2025-09-12,19,68,68,8.99,0.0,0,68,5,388.69748,True,True,True,100.0,8.99,0.0,0.0,0.0
2025-09-13 06:00:00,2025-09-13,6,68,68,12.1,5.181305174467349,0,2,45,388.69748,False,True,False,2.941176470588235,12.1,4.7898,0.0,0.39150517446734945
2025-09-13 07:00:00,2025-09-13,7,68,68,42.76,24.355747675522295,0,0,59,388.69748,False,True,False,0.0,42.76,23.5608,0.0,0.7949476755222946
2025-09-13 18:00:00,2025-09-13,18,68,68,12.53,7.971181313912366,0,10,49,388.69748,False,True,False,14.705882352941178,12.53,7.2454,0.0,0.7257813139123659
2025-09-13 19:00:00,2025-09-13,19,68,68,8.99,0.0,0,68,5,388.69748,True,True,True,100.0,8.99,0.0,0.0,0.0
2025-09-14 06:00:00,2025-09-14,6,68,68,10.01,5.31130700615275,0,2,30,388.69748,False,True,False,2.941176470588235,10.01,4.9148,0.0,0.39650700615275003
2025-09-14 07:00:00,2025-09-14,7,68,68,31.65,31.77163116708339,0,0,59,388.69748,False,True,False,0.0,31.65,31.1124,0.0,0.6592311670833908
2025-09-14 18:00:00,2025-09-14,18,68,68,10.84,2.989127849504918,0,27,42,388.69748,False,True,False,39.705882352941174,10.84,2.9767,0.0,0.01242784950491771
2025-09-14 19:00:00,2025-09-14,19,68,68,9.0,0.0,0,68,6,388.69748,True,True,True,100.0,9.0,0.0,0.0,0.0
2025-09-15 06:00:00,2025-09-15,6,68,68,9.33,5.148149431211851,0,2,16,388.69748,False,True,False,2.941176470588235,9.33,4.769,0.0,0.3791494312118511
2025-09-15 07:00:00,2025-09-15,7,68,68,18.73,27.036733289548778,0,0,54,388.69748,False,True,False,0.0,18.73,26.3511,0.0,0.6856332895487789
2025-09-15 18:00:00,2025-09-15,18,68,68,10.04,0.40795151803337526,0,57,18,388.69748,False,True,False,83.82352941176471,10.04,0.4665,0.0,-0.058548481966624766
2025-09-15 19:00:00,2025-09-15,19,68,68,9.850000000000001,0.0,0,68,7,388.69748,True,True,True,100.0,9.85,0.0,1.7763568394002505e-15,0.0
2025-09-16 06:00:00,2025-09-16,6,68,68,10.23,4.968120207758915,0,11,23,388.69748,False,True,False,16.176470588235293,10.23,4.5407,0.0,0.42742020775891465
2025-09-16 07:00:00,2025-09-16,7,68,68,18.22,28.850639003523266,0,0,49,388.69748,False,True,False,0.0,18.22,28.233,0.0,0.6176390035232657
2025-09-16 18:00:00,2025-09-16,18,68,68,13.03,0.0,0,68,11,388.69748,True,True,True,100.0,13.03,0.0,0.0,0.0
2025-09-16 19:00:00,2025-09-16,19,68,68,12.95,0.0,0,68,5,388.69748,True,True,True,100.0,12.95,0.0,0.0,0.0
2025-09-17 06:00:00,2025-09-17,6,68,68,13.02,4.884921500920659,0,13,6,388.69748,False,True,False,19.11764705882353,13.02,4.4547,0.0,0.43022150092065914
2025-09-17 07:00:00,2025-09-17,7,68,68,17.31,18.341700897052387,0,0,52,388.69748,False,True,False,0.0,17.31,17.4701,0.0,0.8716008970523887
2025-09-17 18:00:00,2025-09-17,18,68,68,12.98,0.0,0,68,8,388.69748,True,True,True,100.0,12.98,0.0,0.0,0.0
2025-09-17 19:00:00,2025-09-17,19,68,68,12.96,0.0,0,68,6,388.69748,True,True,True,100.0,12.96,0.0,0.0,0.0
2025-09-18 06:00:00,2025-09-18,6,68,68,13.67,4.2853146072758594,0,21,29,388.69748,False,True,False,30.88235294117647,13.67,3.9013,0.0,0.38401460727585945
2025-09-18 07:00:00,2025-09-18,7,68,68,28.85,22.166331048195868,0,0,58,388.69748,False,True,False,0.0,28.85,21.3535,0.0,0.8128310481958678
2025-09-18 18:00:00,2025-09-18,18,68,68,13.549999999999999,0.0,0,68,14,388.69748,True,True,True,100.0,13.55,0.0,-1.7763568394002505e-15,0.0
2025-09-18 19:00:00,2025-09-18,19,68,68,13.42,0.0,0,68,6,388.69748,True,True,True,100.0,13.42,0.0,0.0,0.0
2025-09-19 06:00:00,2025-09-19,6,68,68,13.43,0.8270132078199853,0,56,7,388.69748,False,True,False,82.35294117647058,13.43,0.7997000000000001,0.0,0.027313207819985252
2025-09-19 07:00:00,2025-09-19,7,68,68,14.209999999999999,14.110927608032146,0,0,28,388.69748,False,True,False,0.0,14.21,13.1682,-1.7763568394002505e-15,0.9427276080321452
2025-09-19 18:00:00,2025-09-19,18,68,68,13.43,0.0,0,68,7,388.69748,True,True,True,100.0,13.43,0.0,0.0,0.0
2025-09-19 19:00:00,2025-09-19,19,68,68,13.43,0.0,0,68,7,388.69748,True,True,True,100.0,13.43,0.0,0.0,0.0
2025-09-20 06:00:00,2025-09-20,6,68,68,13.739999999999998,0.7362225597643087,0,58,22,388.69748,False,True,False,85.29411764705883,13.74,0.7113,-1.7763568394002505e-15,0.024922559764308683
2025-09-20 07:00:00,2025-09-20,7,68,68,40.61,27.07991926632074,0,0,59,388.69748,False,True,False,0.0,40.61,26.3151,0.0,0.7648192663207389
2025-09-20 18:00:00,2025-09-20,18,68,68,13.93,0.0,0,68,25,388.69748,True,True,True,100.0,13.93,0.0,0.0,0.0
2025-09-20 19:00:00,2025-09-20,19,68,68,13.43,0.0,0,68,7,388.69748,True,True,True,100.0,13.43,0.0,0.0,0.0
2025-09-21 06:00:00,2025-09-21,6,68,68,14.45,0.5026825045501844,0,60,35,388.69748,False,True,False,88.23529411764706,14.45,0.5001,0.0,0.0025825045501843835
2025-09-21 07:00:00,2025-09-21,7,68,68,45.3,28.447611488729457,0,0,60,388.69748,False,True,False,0.0,45.3,27.7385,0.0,0.7091114887294587
2025-09-21 18:00:00,2025-09-21,18,68,68,13.78,0.0,0,68,12,388.69748,True,True,True,100.0,13.78,0.0,0.0,0.0
2025-09-21 19:00:00,2025-09-21,19,68,68,13.66,0.0,0,68,8,388.69748,True,True,True,100.0,13.66,0.0,0.0,0.0
2025-09-22 06:00:00,2025-09-22,6,68,68,13.54,0.0,0,68,12,388.69748,True,True,True,100.0,13.54,0.0,0.0,0.0
2025-09-22 07:00:00,2025-09-22,7,68,68,30.15,16.93302380303069,0,0,59,388.69748,False,True,False,0.0,30.15,15.9907,0.0,0.9423238030306891
2025-09-22 18:00:00,2025-09-22,18,68,68,13.43,0.0,0,68,7,388.69748,True,True,True,100.0,13.43,0.0,0.0,0.0
2025-09-22 19:00:00,2025-09-22,19,68,68,13.42,0.0,0,68,6,388.69748,True,True,True,100.0,13.42,0.0,0.0,0.0
2025-09-23 06:00:00,2025-09-23,6,68,68,13.42,0.0,0,68,6,388.69748,True,True,True,100.0,13.42,0.0,0.0,0.0
2025-09-23 07:00:00,2025-09-23,7,68,68,22.939999999999998,15.329943741615793,0,0,56,388.69748,False,True,False,0.0,22.94,14.4407,-3.552713678800501e-15,0.8892437416157932
2025-09-23 18:00:00,2025-09-23,18,68,68,13.43,0.0,0,68,7,388.69748,True,True,True,100.0,13.43,0.0,0.0,0.0
2025-09-23 19:00:00,2025-09-23,19,68,68,13.42,0.0,0,68,6,388.69748,True,True,True,100.0,13.42,0.0,0.0,0.0
2025-09-24 06:00:00,2025-09-24,6,68,68,13.42,0.0,0,68,6,388.69748,True,True,True,100.0,13.42,0.0,0.0,0.0
2025-09-24 07:00:00,2025-09-24,7,68,68,18.34,14.274160594210468,0,0,48,388.69748,False,True,False,0.0,18.34,13.3419,0.0,0.9322605942104669
2025-09-24 18:00:00,2025-09-24,18,68,68,13.86,0.0,0,68,22,388.69748,True,True,True,100.0,13.86,0.0,0.0,0.0
2025-09-24 19:00:00,2025-09-24,19,68,68,13.44,0.0,0,68,8,388.69748,True,True,True,100.0,13.44,0.0,0.0,0.0
2025-09-25 06:00:00,2025-09-25,6,68,68,13.5,0.0,0,68,12,388.69748,True,True,True,100.0,13.5,0.0,0.0,0.0
2025-09-25 07:00:00,2025-09-25,7,68,68,32.269999999999996,24.96451216617478,0,0,60,388.69748,False,True,False,0.0,32.27,24.2095,-7.105427357601002e-15,0.7550121661747831
2025-09-25 18:00:00,2025-09-25,18,68,68,13.579999999999998,0.0,0,68,12,388.69748,True,True,True,100.0,13.58,0.0,-1.7763568394002505e-15,0.0
2025-09-25 19:00:00,2025-09-25,19,68,68,13.43,0.0,0,68,7,388.69748,True,True,True,100.0,13.43,0.0,0.0,0.0
2025-09-26 06:00:00,2025-09-26,6,68,68,13.43,0.0,0,68,7,388.69748,True,True,True,100.0,13.43,0.0,0.0,0.0
2025-09-26 07:00:00,2025-09-26,7,68,68,20.84,18.660692966562557,0,0,56,388.69748,False,True,False,0.0,20.84,17.7545,0.0,0.906192966562557
2025-09-26 18:00:00,2025-09-26,18,68,68,13.479999999999999,0.0,0,68,9,388.69748,True,True,True,100.0,13.48,0.0,-1.7763568394002505e-15,0.0
2025-09-26 19:00:00,2025-09-26,19,68,68,13.43,0.0,0,68,7,388.69748,True,True,True,100.0,13.43,0.0,0.0,0.0
2025-09-27 06:00:00,2025-09-27,6,68,68,13.51,0.0,0,68,12,388.69748,True,True,True,100.0,13.51,0.0,0.0,0.0
2025-09-27 07:00:00,2025-09-27,7,68,68,25.35,12.569073800011978,0,0,58,388.69748,False,True,False,0.0,25.35,11.5703,0.0,0.9987738000119784
2025-09-27 18:00:00,2025-09-27,18,68,68,13.43,0.0,0,68,7,388.69748,True,True,True,100.0,13.43,0.0,0.0,0.0
2025-09-27 19:00:00,2025-09-27,19,68,68,13.42,0.0,0,68,6,388.69748,True,True,True,100.0,13.42,0.0,0.0,0.0
2025-09-28 06:00:00,2025-09-28,6,68,68,13.42,0.0,0,68,6,388.69748,True,True,True,100.0,13.42,0.0,0.0,0.0
2025-09-28 07:00:00,2025-09-28,7,68,68,22.06,14.62918812427499,0,0,55,388.69748,False,True,False,0.0,22.06,13.7434,0.0,0.8857881242749901
2025-09-28 18:00:00,2025-09-28,18,68,68,13.44,0.0,0,68,8,388.69748,True,True,True,100.0,13.44,0.0,0.0,0.0
2025-09-28 19:00:00,2025-09-28,19,68,68,13.43,0.0,0,68,7,388.69748,True,True,True,100.0,13.43,0.0,0.0,0.0
2025-09-29 06:00:00,2025-09-29,6,68,68,13.45,0.0,0,68,8,388.69748,True,True,True,100.0,13.45,0.0,0.0,0.0
2025-09-29 07:00:00,2025-09-29,7,68,68,22.94,16.01677783709232,0,0,56,388.69748,False,True,False,0.0,22.94,15.081,0.0,0.9357778370923207
2025-09-29 18:00:00,2025-09-29,18,68,68,13.04,0.0,0,68,7,388.69748,True,True,True,100.0,13.04,0.0,0.0,0.0
2025-09-29 19:00:00,2025-09-29,19,68,68,12.95,0.0,0,68,5,388.69748,True,True,True,100.0,12.95,0.0,0.0,0.0
2025-09-30 06:00:00,2025-09-30,6,68,68,12.95,0.0,0,68,5,388.69748,True,True,True,100.0,12.95,0.0,0.0,0.0
2025-09-30 07:00:00,2025-09-30,7,68,68,28.07,25.8643733151802,0,0,59,388.69748,False,True,False,0.0,28.07,25.0691,0.0,0.7952733151802001
2025-09-30 18:00:00,2025-09-30,18,68,68,10.4,0.0,0,68,4,388.69748,True,True,True,100.0,10.4,0.0,0.0,0.0
2025-09-30 19:00:00,2025-09-30,19,68,68,10.379999999999999,0.0,0,68,3,388.69748,True,True,True,100.0,10.38,0.0,-1.7763568394002505e-15,0.0
2025-10-01 06:00:00,2025-10-01,6,68,68,10.5,0.0,0,68,11,388.69748,True,True,True,100.0,10.5,0.0,0.0,0.0
2025-10-01 07:00:00,2025-10-01,7,68,68,45.739999999999995,23.831680922932435,0,0,59,388.69748,False,True,False,0.0,45.74,23.0377,-7.105427357601002e-15,0.7939809229324339
2025-10-01 18:00:00,2025-10-01,18,68,68,10.4,0.0,0,68,5,388.69748,True,True,True,100.0,10.4,0.0,0.0,0.0
2025-10-01 19:00:00,2025-10-01,19,68,68,10.39,0.0,0,68,4,388.69748,True,True,True,100.0,10.39,0.0,0.0,0.0
2025-10-02 06:00:00,2025-10-02,6,68,68,10.39,0.0,0,68,4,388.69748,True,True,True,100.0,10.39,0.0,0.0,0.0
2025-10-02 07:00:00,2025-10-02,7,68,68,10.95,9.376682422014685,0,1,16,388.69748,False,True,False,1.4705882352941175,10.95,8.4882,0.0,0.8884824220146843
2025-10-02 18:00:00,2025-10-02,18,68,68,10.379999999999999,0.0,0,68,3,388.69748,True,True,True,100.0,10.38,0.0,-1.7763568394002505e-15,0.0
2025-10-02 19:00:00,2025-10-02,19,68,68,10.379999999999999,0.0,0,68,3,388.69748,True,True,True,100.0,10.38,0.0,-1.7763568394002505e-15,0.0
2025-10-03 06:00:00,2025-10-03,6,68,68,10.379999999999999,0.0,0,68,3,388.69748,True,True,True,100.0,10.38,0.0,-1.7763568394002505e-15,0.0
2025-10-03 07:00:00,2025-10-03,7,68,68,17.87,14.419865540551514,0,0,53,388.69748,False,True,False,0.0,17.87,13.4834,0.0,0.9364655405515148
2025-10-03 18:00:00,2025-10-03,18,68,68,10.45,0.0,0,68,5,388.69748,True,True,True,100.0,10.45,0.0,0.0,0.0
2025-10-03 19:00:00,2025-10-03,19,68,68,10.39,0.0,0,68,4,388.69748,True,True,True,100.0,10.39,0.0,0.0,0.0
2025-10-04 06:00:00,2025-10-04,6,68,68,10.68,0.0,0,68,11,388.69748,True,True,True,100.0,10.68,0.0,0.0,0.0
2025-10-04 07:00:00,2025-10-04,7,68,68,21.08,11.551084454495397,0,0,56,388.69748,False,True,False,0.0,21.08,10.583,0.0,0.968084454495397
2025-10-04 18:00:00,2025-10-04,18,68,68,10.61,0.0,0,68,5,388.69748,True,True,True,100.0,10.61,0.0,0.0,0.0
2025-10-04 19:00:00,2025-10-04,19,68,68,10.61,0.0,0,68,5,388.69748,True,True,True,100.0,10.61,0.0,0.0,0.0
2025-10-05 06:00:00,2025-10-05,6,68,68,10.62,0.0,0,68,6,388.69748,True,True,True,100.0,10.62,0.0,0.0,0.0
2025-10-05 07:00:00,2025-10-05,7,68,68,22.57,14.008655318440212,0,0,52,388.69748,False,True,False,0.0,22.57,13.1303,0.0,0.878355318440212
2025-10-05 18:00:00,2025-10-05,18,68,68,10.88,0.0,0,68,6,388.69748,True,True,True,100.0,10.88,0.0,0.0,0.0
2025-10-05 19:00:00,2025-10-05,19,68,68,10.88,0.0,0,68,6,388.69748,True,True,True,100.0,10.88,0.0,0.0,0.0
2025-10-06 06:00:00,2025-10-06,6,68,68,10.88,0.0,0,68,6,388.69748,True,True,True,100.0,10.88,0.0,0.0,0.0
2025-10-06 07:00:00,2025-10-06,7,68,68,20.95,16.818460922439247,0,0,56,388.69748,False,True,False,0.0,20.95,15.9967,0.0,0.8217609224392461
2025-10-06 18:00:00,2025-10-06,18,68,68,11.96,0.0,0,68,8,388.69748,True,True,True,100.0,11.96,0.0,0.0,0.0
2025-10-06 19:00:00,2025-10-06,19,68,68,11.96,0.0,0,68,8,388.69748,True,True,True,100.0,11.96,0.0,0.0,0.0
2025-10-07 06:00:00,2025-10-07,6,68,68,11.96,0.0,0,68,8,388.69748,True,True,True,100.0,11.96,0.0,0.0,0.0
2025-10-07 07:00:00,2025-10-07,7,68,68,22.38,16.44353956664319,0,0,57,388.69748,False,True,False,0.0,22.38,15.5322,0.0,0.9113395666431892
2025-10-07 18:00:00,2025-10-07,18,68,68,10.9,0.0,0,68,6,388.69748,True,True,True,100.0,10.9,0.0,0.0,0.0
2025-10-07 19:00:00,2025-10-07,19,68,68,10.870000000000001,0.0,0,68,5,388.69748,True,True,True,100.0,10.87,0.0,1.7763568394002505e-15,0.0
2025-10-08 06:00:00,2025-10-08,6,68,68,10.89,0.0,0,68,6,388.69748,True,True,True,100.0,10.89,0.0,0.0,0.0
2025-10-08 07:00:00,2025-10-08,7,68,68,20.68,16.031605403725457,0,0,56,388.69748,False,True,False,0.0,20.68,15.1344,0.0,0.897205403725458
2025-10-08 18:00:00,2025-10-08,18,68,68,10.89,0.0,0,68,7,388.69748,True,True,True,100.0,10.89,0.0,0.0,0.0
2025-10-08 19:00:00,2025-10-08,19,68,68,10.89,0.0,0,68,7,388.69748,True,True,True,100.0,10.89,0.0,0.0,0.0
2025-10-09 06:00:00,2025-10-09,6,68,68,10.89,0.0,0,68,7,388.69748,True,True,True,100.0,10.89,0.0,0.0,0.0
2025-10-09 07:00:00,2025-10-09,7,68,68,33.14,21.809900395141142,0,0,61,388.69748,False,True,False,0.0,33.14,20.9946,0.0,0.8153003951411435
2025-10-09 18:00:00,2025-10-09,18,68,68,10.870000000000001,0.0,0,68,5,388.69748,True,True,True,100.0,10.87,0.0,1.7763568394002505e-15,0.0
2025-10-09 19:00:00,2025-10-09,19,68,68,10.870000000000001,0.0,0,68,5,388.69748,True,True,True,100.0,10.87,0.0,1.7763568394002505e-15,0.0
2025-10-10 06:00:00,2025-10-10,6,68,68,10.88,0.0,0,68,6,388.69748,True,True,True,100.0,10.88,0.0,0.0,0.0
2025-10-10 07:00:00,2025-10-10,7,68,68,31.87,17.050413880820166,0,0,60,388.69748,False,True,False,0.0,31.87,16.1659,0.0,0.8845138808201654
2025-10-10 18:00:00,2025-10-10,18,68,68,10.89,0.0,0,68,6,388.69748,True,True,True,100.0,10.89,0.0,0.0,0.0
2025-10-10 19:00:00,2025-10-10,19,68,68,10.870000000000001,0.0,0,68,5,388.69748,True,True,True,100.0,10.87,0.0,1.7763568394002505e-15,0.0
2025-10-11 06:00:00,2025-10-11,6,68,68,10.870000000000001,0.0,0,68,5,388.69748,True,True,True,100.0,10.87,0.0,1.7763568394002505e-15,0.0
2025-10-11 07:00:00,2025-10-11,7,68,68,13.25,13.72539342852873,0,0,44,388.69748,False,True,False,0.0,13.25,12.7601,0.0,0.9652934285287298
2025-10-11 18:00:00,2025-10-11,18,68,68,10.89,0.0,0,68,7,388.69748,True,True,True,100.0,10.89,0.0,0.0,0.0
2025-10-11 19:00:00,2025-10-11,19,68,68,10.89,0.0,0,68,7,388.69748,True,True,True,100.0,10.89,0.0,0.0,0.0
2025-10-12 06:00:00,2025-10-12,6,68,68,10.89,0.0,0,68,7,388.69748,True,True,True,100.0,10.89,0.0,0.0,0.0
2025-10-12 07:00:00,2025-10-12,7,68,68,12.31,11.403061246320036,0,0,39,388.69748,False,True,False,0.0,12.31,10.5158,0.0,0.8872612463200351
2025-10-12 18:00:00,2025-10-12,18,68,68,10.879999999999999,0.0,0,68,6,388.69748,True,True,True,100.0,10.88,0.0,-1.7763568394002505e-15,0.0
2025-10-12 19:00:00,2025-10-12,19,68,68,10.879999999999999,0.0,0,68,6,388.69748,True,True,True,100.0,10.88,0.0,-1.7763568394002505e-15,0.0
2025-10-13 06:00:00,2025-10-13,6,68,68,10.879999999999999,0.0,0,68,6,388.69748,True,True,True,100.0,10.88,0.0,-1.7763568394002505e-15,0.0
2025-10-13 07:00:00,2025-10-13,7,68,68,12.04,12.352909396374276,0,0,32,388.69748,False,True,False,0.0,12.04,11.4911,0.0,0.8618093963742766
2025-10-13 18:00:00,2025-10-13,18,68,68,11.04,0.0,0,68,6,388.69748,True,True,True,100.0,11.04,0.0,0.0,0.0
2025-10-13 19:00:00,2025-10-13,19,68,68,11.04,0.0,0,68,6,388.69748,True,True,True,100.0,11.04,0.0,0.0,0.0
2025-10-14 06:00:00,2025-10-14,6,68,68,11.04,0.0,0,68,6,388.69748,True,True,True,100.0,11.04,0.0,0.0,0.0
2025-10-14 07:00:00,2025-10-14,7,68,68,28.01,17.618483831816274,0,0,60,388.69748,False,True,False,0.0,28.01,16.7521,0.0,0.8663838318162753
2025-10-14 18:00:00,2025-10-14,18,68,68,10.870000000000001,0.0,0,68,5,388.69748,True,True,True,100.0,10.87,0.0,1.7763568394002505e-15,0.0
2025-10-14 19:00:00,2025-10-14,19,68,68,10.870000000000001,0.0,0,68,5,388.69748,True,True,True,100.0,10.87,0.0,1.7763568394002505e-15,0.0
2025-10-15 06:00:00,2025-10-15,6,68,68,10.870000000000001,0.0,0,68,5,388.69748,True,True,True,100.0,10.87,0.0,1.7763568394002505e-15,0.0
2025-10-15 07:00:00,2025-10-15,7,68,68,12.339999999999998,11.605287596492312,0,0,34,388.69748,False,True,False,0.0,12.34,10.6811,-1.7763568394002505e-15,0.9241875964923114
2025-10-15 18:00:00,2025-10-15,18,68,68,10.879999999999999,0.0,0,68,6,388.69748,True,True,True,100.0,10.88,0.0,-1.7763568394002505e-15,0.0
2025-10-15 19:00:00,2025-10-15,19,68,68,10.879999999999999,0.0,0,68,6,388.69748,True,True,True,100.0,10.88,0.0,-1.7763568394002505e-15,0.0
2025-10-16 06:00:00,2025-10-16,6,68,68,10.879999999999999,0.0,0,68,6,388.69748,True,True,True,100.0,10.88,0.0,-1.7763568394002505e-15,0.0
2025-10-16 07:00:00,2025-10-16,7,68,68,16.54,17.20054576209389,0,0,50,388.69748,False,True,False,0.0,16.54,16.3119,0.0,0.888645762093887
2025-10-16 18:00:00,2025-10-16,18,68,68,10.879999999999999,0.0,0,68,6,388.69748,True,True,True,100.0,10.88,0.0,-1.7763568394002505e-15,0.0
2025-10-16 19:00:00,2025-10-16,19,68,68,10.879999999999999,0.0,0,68,6,388.69748,True,True,True,100.0,10.88,0.0,-1.7763568394002505e-15,0.0
2025-10-17 06:00:00,2025-10-17,6,68,68,10.879999999999999,0.0,0,68,6,388.69748,True,True,True,100.0,10.88,0.0,-1.7763568394002505e-15,0.0
2025-10-17 07:00:00,2025-10-17,7,68,68,16.29,12.753050211389645,0,0,54,388.69748,False,True,False,0.0,16.29,11.8651,0.0,0.8879502113896454
2025-10-17 18:00:00,2025-10-17,18,68,68,10.879999999999999,0.0,0,68,6,388.69748,True,True,True,100.0,10.88,0.0,-1.7763568394002505e-15,0.0
2025-10-17 19:00:00,2025-10-17,19,68,68,10.879999999999999,0.0,0,68,6,388.69748,True,True,True,100.0,10.88,0.0,-1.7763568394002505e-15,0.0
2025-10-18 06:00:00,2025-10-18,6,68,68,10.879999999999999,0.0,0,68,6,388.69748,True,True,True,100.0,10.88,0.0,-1.7763568394002505e-15,0.0
2025-10-18 07:00:00,2025-10-18,7,68,68,13.94,14.328757509600665,0,0,48,388.69748,False,True,False,0.0,13.94,13.4283,0.0,0.9004575096006651
2025-10-18 18:00:00,2025-10-18,18,68,68,10.870000000000001,0.0,0,68,5,388.69748,True,True,True,100.0,10.87,0.0,1.7763568394002505e-15,0.0
2025-10-18 19:00:00,2025-10-18,19,68,68,10.870000000000001,0.0,0,68,5,388.69748,True,True,True,100.0,10.87,0.0,1.7763568394002505e-15,0.0
2025-10-19 06:00:00,2025-10-19,6,68,68,10.870000000000001,0.0,0,68,5,388.69748,True,True,True,100.0,10.87,0.0,1.7763568394002505e-15,0.0
2025-10-19 07:00:00,2025-10-19,7,68,68,20.580000000000002,15.093933499800373,0,0,59,388.69748,False,True,False,0.0,20.58,14.1946,3.552713678800501e-15,0.8993334998003739
2025-10-19 18:00:00,2025-10-19,18,68,68,10.879999999999999,0.0,0,68,6,388.69748,True,True,True,100.0,10.88,0.0,-1.7763568394002505e-15,0.0
2025-10-19 19:00:00,2025-10-19,19,68,68,10.879999999999999,0.0,0,68,6,388.69748,True,True,True,100.0,10.88,0.0,-1.7763568394002505e-15,0.0
2025-10-20 06:00:00,2025-10-20,6,68,68,10.879999999999999,0.0,0,68,6,388.69748,True,True,True,100.0,10.88,0.0,-1.7763568394002505e-15,0.0
2025-10-20 07:00:00,2025-10-20,7,68,68,22.59,14.76468803332742,0,0,59,388.69748,False,True,False,0.0,22.59,13.8126,0.0,0.9520880333274206
2025-10-20 18:00:00,2025-10-20,18,68,68,10.879999999999999,0.0,0,68,6,388.69748,True,True,True,100.0,10.88,0.0,-1.7763568394002505e-15,0.0
2025-10-20 19:00:00,2025-10-20,19,68,68,10.879999999999999,0.0,0,68,6,388.69748,True,True,True,100.0,10.88,0.0,-1.7763568394002505e-15,0.0
2025-10-21 06:00:00,2025-10-21,6,68,68,10.879999999999999,0.0,0,68,6,388.69748,True,True,True,100.0,10.88,0.0,-1.7763568394002505e-15,0.0
2025-10-21 07:00:00,2025-10-21,7,68,68,14.3,15.090890443579141,0,0,50,388.69748,False,True,False,0.0,14.3,14.1992,0.0,0.891690443579142
2025-10-21 18:00:00,2025-10-21,18,68,68,10.9,0.0,0,68,6,388.69748,True,True,True,100.0,10.9,0.0,0.0,0.0
2025-10-21 19:00:00,2025-10-21,19,68,68,10.870000000000001,0.0,0,68,5,388.69748,True,True,True,100.0,10.87,0.0,1.7763568394002505e-15,0.0
2025-10-22 06:00:00,2025-10-22,6,68,68,10.870000000000001,0.0,0,68,5,388.69748,True,True,True,100.0,10.87,0.0,1.7763568394002505e-15,0.0
2025-10-22 07:00:00,2025-10-22,7,68,68,29.03,19.090774637962912,0,0,60,388.69748,False,True,False,0.0,29.03,18.2379,0.0,0.8528746379629126
2025-10-22 18:00:00,2025-10-22,18,68,68,10.9,0.0,0,68,8,388.69748,True,True,True,100.0,10.9,0.0,0.0,0.0
2025-10-22 19:00:00,2025-10-22,19,68,68,10.89,0.0,0,68,7,388.69748,True,True,True,100.0,10.89,0.0,0.0,0.0
2025-10-23 06:00:00,2025-10-23,6,68,68,10.89,0.0,0,68,7,388.69748,True,True,True,100.0,10.89,0.0,0.0,0.0
2025-10-23 07:00:00,2025-10-23,7,68,68,29.62,18.583713682960834,0,0,61,388.69748,False,True,False,0.0,29.62,17.7054,0.0,0.8783136829608331
2025-10-23 18:00:00,2025-10-23,18,68,68,10.879999999999999,0.0,0,68,6,388.69748,True,True,True,100.0,10.88,0.0,-1.7763568394002505e-15,0.0
2025-10-23 19:00:00,2025-10-23,19,68,68,10.879999999999999,0.0,0,68,6,388.69748,True,True,True,100.0,10.88,0.0,-1.7763568394002505e-15,0.0
2025-10-24 06:00:00,2025-10-24,6,68,68,10.879999999999999,0.0,0,68,6,388.69748,True,True,True,100.0,10.88,0.0,-1.7763568394002505e-15,0.0
2025-10-24 07:00:00,2025-10-24,7,68,68,28.14,17.439800488630702,0,0,61,388.69748,False,True,False,0.0,28.14,16.5512,0.0,0.8886004886307006
2025-10-24 18:00:00,2025-10-24,18,68,68,10.870000000000001,0.0,0,68,5,388.69748,True,True,True,100.0,10.87,0.0,1.7763568394002505e-15,0.0
2025-10-24 19:00:00,2025-10-24,19,68,68,10.870000000000001,0.0,0,68,5,388.69748,True,True,True,100.0,10.87,0.0,1.7763568394002505e-15,0.0
2025-10-25 06:00:00,2025-10-25,6,68,68,10.870000000000001,0.0,0,68,5,388.69748,True,True,True,100.0,10.87,0.0,1.7763568394002505e-15,0.0
2025-10-25 07:00:00,2025-10-25,7,68,68,17.34,13.537716546499848,0,0,53,388.69748,False,True,False,0.0,17.34,12.5868,0.0,0.9509165464998475
2025-10-25 18:00:00,2025-10-25,18,68,68,10.93,0.0,0,68,6,388.69748,True,True,True,100.0,10.93,0.0,0.0,0.0
2025-10-25 19:00:00,2025-10-25,19,68,68,10.870000000000001,0.0,0,68,5,388.69748,True,True,True,100.0,10.87,0.0,1.7763568394002505e-15,0.0
2025-10-26 06:00:00,2025-10-26,6,68,68,10.870000000000001,0.0,0,68,5,388.69748,True,True,True,100.0,10.87,0.0,1.7763568394002505e-15,0.0
2025-10-26 07:00:00,2025-10-26,7,68,68,16.45,14.381186096540784,0,0,55,388.69748,False,True,False,0.0,16.45,13.4382,0.0,0.9429860965407837
2025-10-26 18:00:00,2025-10-26,18,68,68,14.05,0.0,0,68,6,388.69748,True,True,True,100.0,14.05,0.0,0.0,0.0
2025-10-26 19:00:00,2025-10-26,19,68,68,10.870000000000001,0.0,0,68,5,388.69748,True,True,True,100.0,10.87,0.0,1.7763568394002505e-15,0.0
2025-10-27 06:00:00,2025-10-27,6,68,68,10.870000000000001,0.0,0,68,5,388.69748,True,True,True,100.0,10.87,0.0,1.7763568394002505e-15,0.0
2025-10-27 07:00:00,2025-10-27,7,68,68,26.81,18.23574841522816,0,0,61,388.69748,False,True,False,0.0,26.81,17.349,0.0,0.8867484152281584
2025-10-27 18:00:00,2025-10-27,18,68,68,10.89,0.0,0,68,7,388.69748,True,True,True,100.0,10.89,0.0,0.0,0.0
2025-10-27 19:00:00,2025-10-27,19,68,68,10.89,0.0,0,68,7,388.69748,True,True,True,100.0,10.89,0.0,0.0,0.0
2025-10-28 06:00:00,2025-10-28,6,68,68,10.89,0.0,0,68,7,388.69748,True,True,True,100.0,10.89,0.0,0.0,0.0
2025-10-28 07:00:00,2025-10-28,7,68,68,24.55,17.12477760684871,0,0,61,388.69748,False,True,False,0.0,24.55,16.2638,0.0,0.86097760684871
2025-10-28 18:00:00,2025-10-28,18,68,68,10.95,0.0,0,68,6,388.69748,True,True,True,100.0,10.95,0.0,0.0,0.0
2025-10-28 19:00:00,2025-10-28,19,68,68,10.95,0.0,0,68,6,388.69748,True,True,True,100.0,10.95,0.0,0.0,0.0
2025-10-29 06:00:00,2025-10-29,6,68,68,10.95,0.0,0,68,6,388.69748,True,True,True,100.0,10.95,0.0,0.0,0.0
2025-10-29 07:00:00,2025-10-29,7,68,68,25.3,15.528032553929267,0,0,61,388.69748,False,True,False,0.0,25.3,14.6147,0.0,0.9133325539292674
2025-10-29 18:00:00,2025-10-29,18,68,68,10.96,0.0,0,68,7,388.69748,True,True,True,100.0,10.96,0.0,0.0,0.0
2025-10-29 19:00:00,2025-10-29,19,68,68,10.96,0.0,0,68,7,388.69748,True,True,True,100.0,10.96,0.0,0.0,0.0
2025-10-30 06:00:00,2025-10-30,6,68,68,10.96,0.0,0,68,7,388.69748,True,True,True,100.0,10.96,0.0,0.0,0.0
2025-10-30 07:00:00,2025-10-30,7,68,68,12.21,12.496398092261263,0,0,41,388.69748,False,True,False,0.0,12.21,11.6257,0.0,0.8706980922612626
2025-10-30 18:00:00,2025-10-30,18,68,68,11.3,0.0,0,68,8,388.69748,True,True,True,100.0,11.3,0.0,0.0,0.0
2025-10-30 19:00:00,2025-10-30,19,68,68,11.05,0.0,0,68,7,388.69748,True,True,True,100.0,11.05,0.0,0.0,0.0
2025-10-31 06:00:00,2025-10-31,6,68,68,11.05,0.0,0,68,7,388.69748,True,True,True,100.0,11.05,0.0,0.0,0.0
2025-10-31 07:00:00,2025-10-31,7,68,68,18.44,12.921437189516189,0,0,56,388.69748,False,True,False,0.0,18.44,12.0153,0.0,0.9061371895161887
2025-10-31 18:00:00,2025-10-31,18,68,68,11.09,0.0,0,68,10,388.69748,True,True,True,100.0,11.09,0.0,0.0,0.0
2025-10-31 19:00:00,2025-10-31,19,68,68,11.06,0.0,0,68,8,388.69748,True,True,True,100.0,11.06,0.0,0.0,0.0
2025-11-01 06:00:00,2025-11-01,6,68,68,11.06,0.0,0,68,8,388.69748,True,True,True,100.0,11.06,0.0,0.0,0.0
2025-11-01 07:00:00,2025-11-01,7,68,68,14.17,11.777026575215654,0,0,49,388.69748,False,True,False,0.0,14.17,11.0849,0.0,0.6921265752156547
2025-11-01 18:00:00,2025-11-01,18,68,68,11.059999999999999,0.0,0,68,8,388.69748,True,True,True,100.0,11.06,0.0,-1.7763568394002505e-15,0.0
2025-11-01 19:00:00,2025-11-01,19,68,68,11.059999999999999,0.0,0,68,8,388.69748,True,True,True,100.0,11.06,0.0,-1.7763568394002505e-15,0.0
2025-11-02 06:00:00,2025-11-02,6,68,68,11.059999999999999,0.0,0,68,8,388.69748,True,True,True,100.0,11.06,0.0,-1.7763568394002505e-15,0.0
2025-11-02 07:00:00,2025-11-02,7,68,68,21.55,12.434678611762234,0,0,61,388.69748,False,True,False,0.0,21.55,11.7513,0.0,0.6833786117622331
2025-11-02 18:00:00,2025-11-02,18,68,68,11.07,0.0,0,68,9,388.69748,True,True,True,100.0,11.07,0.0,0.0,0.0
2025-11-02 19:00:00,2025-11-02,19,68,68,11.07,0.0,0,68,9,388.69748,True,True,True,100.0,11.07,0.0,0.0,0.0
2025-11-03 06:00:00,2025-11-03,6,68,68,11.07,0.0,0,68,9,388.69748,True,True,True,100.0,11.07,0.0,0.0,0.0
2025-11-03 07:00:00,2025-11-03,7,68,68,23.24,12.026064000013665,0,1,61,388.69748,False,True,False,1.4705882352941175,23.24,11.359,0.0,0.6670640000136654
2025-11-03 18:00:00,2025-11-03,18,68,68,11.24,0.0,0,68,8,388.69748,True,True,True,100.0,11.24,0.0,0.0,0.0
2025-11-03 19:00:00,2025-11-03,19,68,68,11.24,0.0,0,68,8,388.69748,True,True,True,100.0,11.24,0.0,0.0,0.0
2025-11-04 06:00:00,2025-11-04,6,68,68,11.24,0.0,0,68,8,388.69748,True,True,True,100.0,11.24,0.0,0.0,0.0
2025-11-04 07:00:00,2025-11-04,7,68,68,18.3,10.71910629011572,0,0,57,388.69748,False,True,False,0.0,18.3,9.9826,0.0,0.7365062901157202
2025-11-04 18:00:00,2025-11-04,18,68,68,11.15,0.0,0,68,8,388.69748,True,True,True,100.0,11.15,0.0,0.0,0.0
2025-11-04 19:00:00,2025-11-04,19,68,68,11.15,0.0,0,68,8,388.69748,True,True,True,100.0,11.15,0.0,0.0,0.0
2025-11-05 06:00:00,2025-11-05,6,68,68,11.15,0.0,0,68,8,388.69748,True,True,True,100.0,11.15,0.0,0.0,0.0
2025-11-05 07:00:00,2025-11-05,7,68,68,21.4,11.320481957850484,0,0,61,388.69748,False,True,False,0.0,21.4,10.6234,0.0,0.6970819578504841
2025-11-05 18:00:00,2025-11-05,18,68,68,11.23,0.0,0,68,8,388.69748,True,True,True,100.0,11.23,0.0,0.0,0.0
2025-11-05 19:00:00,2025-11-05,19,68,68,11.23,0.0,0,68,8,388.69748,True,True,True,100.0,11.23,0.0,0.0,0.0
2025-11-06 06:00:00,2025-11-06,6,68,68,11.14,0.0,0,68,7,388.69748,True,True,True,100.0,11.14,0.0,0.0,0.0
2025-11-06 07:00:00,2025-11-06,7,68,68,17.34,7.517951117888673,0,1,55,388.69748,False,True,False,1.4705882352941175,17.34,6.8244,0.0,0.6935511178886733
2025-11-06 18:00:00,2025-11-06,18,68,68,12.09,0.0,0,68,8,388.69748,True,True,True,100.0,12.09,0.0,0.0,0.0
2025-11-06 19:00:00,2025-11-06,19,68,68,12.09,0.0,0,68,8,388.69748,True,True,True,100.0,12.09,0.0,0.0,0.0
2025-11-07 06:00:00,2025-11-07,6,68,68,12.09,0.0,0,68,8,388.69748,True,True,True,100.0,12.09,0.0,0.0,0.0
2025-11-07 07:00:00,2025-11-07,7,68,68,17.919999999999998,5.507205959689396,0,1,56,388.69748,False,True,False,1.4705882352941175,17.92,4.7962,-3.552713678800501e-15,0.7110059596893965
2025-11-07 18:00:00,2025-11-07,18,68,68,11.940000000000001,0.0,0,68,7,388.69748,True,True,True,100.0,11.94,0.0,1.7763568394002505e-15,0.0
2025-11-07 19:00:00,2025-11-07,19,68,68,11.940000000000001,0.0,0,68,7,388.69748,True,True,True,100.0,11.94,0.0,1.7763568394002505e-15,0.0
2025-11-08 06:00:00,2025-11-08,6,68,68,11.940000000000001,0.0,0,68,7,388.69748,True,True,True,100.0,11.94,0.0,1.7763568394002505e-15,0.0
2025-11-08 07:00:00,2025-11-08,7,68,68,12.16,4.956026030640343,0,2,20,388.69748,False,True,False,2.941176470588235,12.16,4.2327,0.0,0.7233260306403428
2025-11-08 18:00:00,2025-11-08,18,68,68,11.95,0.0,0,68,8,388.69748,True,True,True,100.0,11.95,0.0,0.0,0.0
2025-11-08 19:00:00,2025-11-08,19,68,68,11.95,0.0,0,68,8,388.69748,True,True,True,100.0,11.95,0.0,0.0,0.0
2025-11-09 06:00:00,2025-11-09,6,68,68,12.3,0.0,0,68,9,388.69748,True,True,True,100.0,12.3,0.0,0.0,0.0
2025-11-09 07:00:00,2025-11-09,7,68,68,17.53,10.344722925947048,0,1,56,388.69748,False,True,False,1.4705882352941175,17.53,9.6655,0.0,0.6792229259470481
2025-11-09 18:00:00,2025-11-09,18,68,68,11.95,0.0,0,68,8,388.69748,True,True,True,100.0,11.95,0.0,0.0,0.0
2025-11-09 19:00:00,2025-11-09,19,68,68,11.95,0.0,0,68,8,388.69748,True,True,True,100.0,11.95,0.0,0.0,0.0
2025-11-10 06:00:00,2025-11-10,6,68,68,11.95,0.0,0,68,8,388.69748,True,True,True,100.0,11.95,0.0,0.0,0.0
2025-11-10 07:00:00,2025-11-10,7,68,68,19.74,10.659298819005029,0,1,58,388.69748,False,True,False,1.4705882352941175,19.74,9.9579,0.0,0.7013988190050284
2025-11-10 18:00:00,2025-11-10,18,68,68,12.99,0.0,0,68,8,388.69748,True,True,True,100.0,12.99,0.0,0.0,0.0
2025-11-10 19:00:00,2025-11-10,19,68,68,10.96,0.0,0,68,7,388.69748,True,True,True,100.0,10.96,0.0,0.0,0.0
2025-11-11 06:00:00,2025-11-11,6,68,68,10.96,0.0,0,68,7,388.69748,True,True,True,100.0,10.96,0.0,0.0,0.0
2025-11-11 07:00:00,2025-11-11,7,68,68,15.309999999999999,9.689186777987171,0,0,53,388.69748,False,True,False,0.0,15.31,8.9889,-1.7763568394002505e-15,0.7002867779871718
2025-11-11 18:00:00,2025-11-11,18,68,68,10.96,0.0,0,68,7,388.69748,True,True,True,100.0,10.96,0.0,0.0,0.0
2025-11-11 19:00:00,2025-11-11,19,68,68,10.96,0.0,0,68,7,388.69748,True,True,True,100.0,10.96,0.0,0.0,0.0
2025-11-12 06:00:00,2025-11-12,6,68,68,10.96,0.0,0,68,7,388.69748,True,True,True,100.0,10.96,0.0,0.0,0.0
2025-11-12 07:00:00,2025-11-12,7,68,68,17.23,10.158362552850884,0,0,54,388.69748,False,True,False,0.0,17.23,9.4718,0.0,0.6865625528508836
2025-11-12 18:00:00,2025-11-12,18,68,68,10.95,0.0,0,68,6,388.69748,True,True,True,100.0,10.95,0.0,0.0,0.0
2025-11-12 19:00:00,2025-11-12,19,68,68,10.95,0.0,0,68,6,388.69748,True,True,True,100.0,10.95,0.0,0.0,0.0
2025-11-13 06:00:00,2025-11-13,6,68,68,10.95,0.0,0,68,6,388.69748,True,True,True,100.0,10.95,0.0,0.0,0.0
2025-11-13 07:00:00,2025-11-13,7,68,68,14.05,9.747765099723907,0,0,48,388.69748,False,True,False,0.0,14.05,9.0511,0.0,0.6966650997239068
2025-11-13 18:00:00,2025-11-13,18,68,68,10.96,0.0,0,68,7,388.69748,True,True,True,100.0,10.96,0.0,0.0,0.0
2025-11-13 19:00:00,2025-11-13,19,68,68,10.96,0.0,0,68,7,388.69748,True,True,True,100.0,10.96,0.0,0.0,0.0
2025-11-14 06:00:00,2025-11-14,6,68,68,10.96,0.0,0,68,7,388.69748,True,True,True,100.0,10.96,0.0,0.0,0.0
2025-11-14 07:00:00,2025-11-14,7,68,68,14.69,9.407816502444032,0,0,52,388.69748,False,True,False,0.0,14.69,8.7127,0.0,0.6951165024440318
2025-11-14 18:00:00,2025-11-14,18,68,68,10.95,0.0,0,68,6,388.69748,True,True,True,100.0,10.95,0.0,0.0,0.0
2025-11-14 19:00:00,2025-11-14,19,68,68,10.95,0.0,0,68,6,388.69748,True,True,True,100.0,10.95,0.0,0.0,0.0
2025-11-15 06:00:00,2025-11-15,6,68,68,10.95,0.0,0,68,6,388.69748,True,True,True,100.0,10.95,0.0,0.0,0.0
2025-11-15 07:00:00,2025-11-15,7,68,68,16.33,7.930917661498244,0,1,53,388.69748,False,True,False,1.4705882352941175,16.33,7.2024,0.0,0.7285176614982438
2025-11-15 18:00:00,2025-11-15,18,68,68,10.95,0.0,0,68,6,388.69748,True,True,True,100.0,10.95,0.0,0.0,0.0
2025-11-15 19:00:00,2025-11-15,19,68,68,10.95,0.0,0,68,6,388.69748,True,True,True,100.0,10.95,0.0,0.0,0.0
2025-11-16 06:00:00,2025-11-16,6,68,68,10.95,0.0,0,68,6,388.69748,True,True,True,100.0,10.95,0.0,0.0,0.0
2025-11-16 07:00:00,2025-11-16,7,68,68,15.23,9.134215022528895,0,0,51,388.69748,False,True,False,0.0,15.23,8.4321,0.0,0.7021150225288952
2025-11-16 18:00:00,2025-11-16,18,68,68,10.95,0.0,0,68,6,388.69748,True,True,True,100.0,10.95,0.0,0.0,0.0
2025-11-16 19:00:00,2025-11-16,19,68,68,10.95,0.0,0,68,6,388.69748,True,True,True,100.0,10.95,0.0,0.0,0.0
2025-11-17 06:00:00,2025-11-17,6,68,68,10.95,0.0,0,68,6,388.69748,True,True,True,100.0,10.95,0.0,0.0,0.0
2025-11-17 07:00:00,2025-11-17,7,68,68,11.889999999999999,7.053832839221833,0,1,38,388.69748,False,True,False,1.4705882352941175,11.89,6.4176,-1.7763568394002505e-15,0.636232839221833
2025-11-17 18:00:00,2025-11-17,18,68,68,10.969999999999999,0.0,0,68,8,388.69748,True,True,True,100.0,10.97,0.0,-1.7763568394002505e-15,0.0
2025-11-17 19:00:00,2025-11-17,19,68,68,10.969999999999999,0.0,0,68,8,388.69748,True,True,True,100.0,10.97,0.0,-1.7763568394002505e-15,0.0
2025-11-18 06:00:00,2025-11-18,6,68,68,10.969999999999999,0.0,0,68,8,388.69748,True,True,True,100.0,10.97,0.0,-1.7763568394002505e-15,0.0
2025-11-18 07:00:00,2025-11-18,7,68,68,15.44,9.884859671142227,0,1,54,388.69748,False,True,False,1.4705882352941175,15.44,9.3226,0.0,0.5622596711422272
2025-11-18 18:00:00,2025-11-18,18,68,68,10.969999999999999,0.0,0,68,8,388.69748,True,True,True,100.0,10.97,0.0,-1.7763568394002505e-15,0.0
2025-11-18 19:00:00,2025-11-18,19,68,68,10.969999999999999,0.0,0,68,8,388.69748,True,True,True,100.0,10.97,0.0,-1.7763568394002505e-15,0.0
2025-11-19 06:00:00,2025-11-19,6,68,68,10.969999999999999,0.0,0,68,8,388.69748,True,True,True,100.0,10.97,0.0,-1.7763568394002505e-15,0.0
2025-11-19 07:00:00,2025-11-19,7,68,68,14.89,9.849536228695403,0,1,53,388.69748,False,True,False,1.4705882352941175,14.89,9.1868,0.0,0.6627362286954028
2025-11-19 18:00:00,2025-11-19,18,68,68,10.96,0.0,0,68,7,388.69748,True,True,True,100.0,10.96,0.0,0.0,0.0
2025-11-19 19:00:00,2025-11-19,19,68,68,10.96,0.0,0,68,7,388.69748,True,True,True,100.0,10.96,0.0,0.0,0.0
2025-11-20 06:00:00,2025-11-20,6,68,68,10.96,0.0,0,68,7,388.69748,True,True,True,100.0,10.96,0.0,0.0,0.0
2025-11-20 07:00:00,2025-11-20,7,68,68,15.27,9.773347493334736,0,1,51,388.69748,False,True,False,1.4705882352941175,15.27,9.099,0.0,0.6743474933347358
2025-11-20 18:00:00,2025-11-20,18,68,68,10.96,0.0,0,68,7,388.69748,True,True,True,100.0,10.96,0.0,0.0,0.0
2025-11-20 19:00:00,2025-11-20,19,68,68,10.96,0.0,0,68,7,388.69748,True,True,True,100.0,10.96,0.0,0.0,0.0
2025-11-21 06:00:00,2025-11-21,6,68,68,10.96,0.0,0,68,7,388.69748,True,True,True,100.0,10.96,0.0,0.0,0.0
2025-11-21 07:00:00,2025-11-21,7,68,68,13.78,9.981549323363867,0,1,50,388.69748,False,True,False,1.4705882352941175,13.78,9.3064,0.0,0.6751493233638666
2025-11-21 18:00:00,2025-11-21,18,68,68,16.13,0.0,0,68,10,388.69748,True,True,True,100.0,16.13,0.0,0.0,0.0
2025-11-21 19:00:00,2025-11-21,19,68,68,10.98,0.0,0,68,9,388.69748,True,True,True,100.0,10.98,0.0,0.0,0.0
2025-11-22 06:00:00,2025-11-22,6,68,68,10.969999999999999,0.0,0,68,8,388.69748,True,True,True,100.0,10.97,0.0,-1.7763568394002505e-15,0.0
2025-11-22 07:00:00,2025-11-22,7,68,68,18.69,10.030037463629077,0,1,51,388.69748,False,True,False,1.4705882352941175,18.69,9.3573,0.0,0.6727374636290762
2025-11-22 18:00:00,2025-11-22,18,68,68,11.29,0.0,0,68,8,388.69748,True,True,True,100.0,11.29,0.0,0.0,0.0
2025-11-22 19:00:00,2025-11-22,19,68,68,10.96,0.0,0,68,7,388.69748,True,True,True,100.0,10.96,0.0,0.0,0.0
2025-11-23 06:00:00,2025-11-23,6,68,68,10.96,0.0,0,68,7,388.69748,True,True,True,100.0,10.96,0.0,0.0,0.0
2025-11-23 07:00:00,2025-11-23,7,68,68,12.07,5.8906868393438705,0,1,35,388.69748,False,True,False,1.4705882352941175,12.07,5.1626,0.0,0.7280868393438702
2025-11-23 18:00:00,2025-11-23,18,68,68,10.96,0.0,0,68,7,388.69748,True,True,True,100.0,10.96,0.0,0.0,0.0
2025-11-23 19:00:00,2025-11-23,19,68,68,10.96,0.0,0,68,7,388.69748,True,True,True,100.0,10.96,0.0,0.0,0.0
2025-11-24 06:00:00,2025-11-24,6,68,68,10.96,0.0,0,68,7,388.69748,True,True,True,100.0,10.96,0.0,0.0,0.0
2025-11-24 07:00:00,2025-11-24,7,68,68,13.57,9.286987067256364,0,0,48,388.69748,False,True,False,0.0,13.57,8.6017,0.0,0.6852870672563647
2025-11-24 18:00:00,2025-11-24,18,68,68,11.59,0.0,0,68,9,388.69748,True,True,True,100.0,11.59,0.0,0.0,0.0
2025-11-24 19:00:00,2025-11-24,19,68,68,11.59,0.0,0,68,9,388.69748,True,True,True,100.0,11.59,0.0,0.0,0.0
2025-11-25 06:00:00,2025-11-25,6,68,68,10.969999999999999,0.0,0,68,8,388.69748,True,True,True,100.0,10.97,0.0,-1.7763568394002505e-15,0.0
2025-11-25 07:00:00,2025-11-25,7,68,68,13.08,9.407220174777626,0,1,47,388.69748,False,True,False,1.4705882352941175,13.08,8.7534,0.0,0.6538201747776267
2025-11-25 18:00:00,2025-11-25,18,68,68,11.16,0.0,0,68,8,388.69748,True,True,True,100.0,11.16,0.0,0.0,0.0
2025-11-25 19:00:00,2025-11-25,19,68,68,10.96,0.0,0,68,7,388.69748,True,True,True,100.0,10.96,0.0,0.0,0.0
2025-11-26 06:00:00,2025-11-26,6,68,68,10.96,0.0,0,68,7,388.69748,True,True,True,100.0,10.96,0.0,0.0,0.0
2025-11-26 07:00:00,2025-11-26,7,68,68,13.299999999999999,9.027378400502663,0,1,49,388.69748,False,True,False,1.4705882352941175,13.3,8.3811,-1.7763568394002505e-15,0.6462784005026627
2025-11-26 18:00:00,2025-11-26,18,68,68,10.96,0.0,0,68,7,388.69748,True,True,True,100.0,10.96,0.0,0.0,0.0
2025-11-26 19:00:00,2025-11-26,19,68,68,10.96,0.0,0,68,7,388.69748,True,True,True,100.0,10.96,0.0,0.0,0.0
2025-11-27 06:00:00,2025-11-27,6,68,68,10.96,0.0,0,68,7,388.69748,True,True,True,100.0,10.96,0.0,0.0,0.0
2025-11-27 07:00:00,2025-11-27,7,68,68,12.299999999999999,8.667096187394352,0,1,41,388.69748,False,True,False,1.4705882352941175,12.3,8.0746,-1.7763568394002505e-15,0.5924961873943513
2025-11-27 18:00:00,2025-11-27,18,68,68,12.14,0.0,0,68,7,388.69748,True,True,True,100.0,12.14,0.0,0.0,0.0
2025-11-27 19:00:00,2025-11-27,19,68,68,12.14,0.0,0,68,7,388.69748,True,True,True,100.0,12.14,0.0,0.0,0.0
2025-11-28 06:00:00,2025-11-28,6,68,68,12.14,0.0,0,68,7,388.69748,True,True,True,100.0,12.14,0.0,0.0,0.0
2025-11-28 07:00:00,2025-11-28,7,68,68,13.4,8.536105664491043,0,2,41,388.69748,False,True,False,2.941176470588235,13.4,7.9369,0.0,0.5992056644910431
2025-11-28 18:00:00,2025-11-28,18,68,68,10.96,0.0,0,68,7,388.69748,True,True,True,100.0,10.96,0.0,0.0,0.0
2025-11-28 19:00:00,2025-11-28,19,68,68,10.96,0.0,0,68,7,388.69748,True,True,True,100.0,10.96,0.0,0.0,0.0
2025-11-29 06:00:00,2025-11-29,6,68,68,10.96,0.0,0,68,7,388.69748,True,True,True,100.0,10.96,0.0,0.0,0.0
2025-11-29 07:00:00,2025-11-29,7,68,68,12.03,8.376444634085432,0,2,40,388.69748,False,True,False,2.941176470588235,12.03,7.7767,0.0,0.5997446340854324
2025-11-29 18:00:00,2025-11-29,18,68,68,7.12,0.0,0,68,7,388.69748,True,True,True,100.0,7.12,0.0,0.0,0.0
2025-11-29 19:00:00,2025-11-29,19,68,68,7.12,0.0,0,68,7,388.69748,True,True,True,100.0,7.12,0.0,0.0,0.0
2025-11-30 06:00:00,2025-11-30,6,68,68,6.53,0.0,0,68,6,388.69748,True,True,True,100.0,6.53,0.0,0.0,0.0
2025-11-30 07:00:00,2025-11-30,7,68,68,7.84,8.58762159050138,0,2,40,388.69748,False,True,False,2.941176470588235,7.84,7.9877,0.0,0.5999215905013795
2025-11-30 18:00:00,2025-11-30,18,68,68,6.880000000000001,0.0,0,68,7,388.69748,True,True,True,100.0,6.88,0.0,8.881784197001252e-16,0.0
2025-11-30 19:00:00,2025-11-30,19,68,68,6.880000000000001,0.0,0,68,7,388.69748,True,True,True,100.0,6.88,0.0,8.881784197001252e-16,0.0
2025-12-01 06:00:00,2025-12-01,6,68,68,6.53,0.0,0,68,6,388.69748,True,True,True,100.0,6.53,0.0,0.0,0.0
2025-12-01 07:00:00,2025-12-01,7,68,68,7.26,7.311890325489571,0,4,31,388.69748,False,True,False,5.88235294117647,7.26,6.8609,0.0,0.4509903254895713
2025-12-01 18:00:00,2025-12-01,18,68,68,6.7700000000000005,0.0,0,68,7,388.69748,True,True,True,100.0,6.77,0.0,8.881784197001252e-16,0.0
2025-12-01 19:00:00,2025-12-01,19,68,68,6.7700000000000005,0.0,0,68,7,388.69748,True,True,True,100.0,6.77,0.0,8.881784197001252e-16,0.0
2025-12-02 06:00:00,2025-12-02,6,68,68,7.720000000000001,0.0,0,68,7,388.69748,True,True,True,100.0,7.72,0.0,8.881784197001252e-16,0.0
2025-12-02 07:00:00,2025-12-02,7,68,68,7.83,4.809553713614358,0,7,18,388.69748,False,True,False,10.294117647058822,7.83,4.2929,0.0,0.5166537136143576
2025-12-02 18:00:00,2025-12-02,18,68,68,7.710000000000001,0.0,0,68,6,388.69748,True,True,True,100.0,7.71,0.0,8.881784197001252e-16,0.0
2025-12-02 19:00:00,2025-12-02,19,68,68,7.710000000000001,0.0,0,68,6,388.69748,True,True,True,100.0,7.71,0.0,8.881784197001252e-16,0.0
2025-12-03 06:00:00,2025-12-03,6,68,68,7.710000000000001,0.0,0,68,6,388.69748,True,True,True,100.0,7.71,0.0,8.881784197001252e-16,0.0
2025-12-03 07:00:00,2025-12-03,7,68,68,8.36,7.403485769195674,0,4,28,388.69748,False,True,False,5.88235294117647,8.36,7.0213,0.0,0.38218576919567404
2025-12-03 18:00:00,2025-12-03,18,68,68,7.710000000000001,0.0,0,68,6,388.69748,True,True,True,100.0,7.71,0.0,8.881784197001252e-16,0.0
2025-12-03 19:00:00,2025-12-03,19,68,68,7.710000000000001,0.0,0,68,6,388.69748,True,True,True,100.0,7.71,0.0,8.881784197001252e-16,0.0
2025-12-04 06:00:00,2025-12-04,6,68,68,7.710000000000001,0.0,0,68,6,388.69748,True,True,True,100.0,7.71,0.0,8.881784197001252e-16,0.0
2025-12-04 07:00:00,2025-12-04,7,68,68,8.31,6.848920018353839,0,4,28,388.69748,False,True,False,5.88235294117647,8.31,6.3557,0.0,0.49322001835383933
2025-12-04 18:00:00,2025-12-04,18,68,68,7.720000000000001,0.0,0,68,7,388.69748,True,True,True,100.0,7.72,0.0,8.881784197001252e-16,0.0
2025-12-04 19:00:00,2025-12-04,19,68,68,7.720000000000001,0.0,0,68,7,388.69748,True,True,True,100.0,7.72,0.0,8.881784197001252e-16,0.0
2025-12-05 06:00:00,2025-12-05,6,68,68,7.720000000000001,0.0,0,68,7,388.69748,True,True,True,100.0,7.72,0.0,8.881784197001252e-16,0.0
2025-12-05 07:00:00,2025-12-05,7,68,68,8.280000000000001,6.651606756221226,0,4,29,388.69748,False,True,False,5.88235294117647,8.28,6.162,1.7763568394002505e-15,0.4896067562212263
2025-12-05 18:00:00,2025-12-05,18,68,68,7.710000000000001,0.0,0,68,6,388.69748,True,True,True,100.0,7.71,0.0,8.881784197001252e-16,0.0
2025-12-05 19:00:00,2025-12-05,19,68,68,7.710000000000001,0.0,0,68,6,388.69748,True,True,True,100.0,7.71,0.0,8.881784197001252e-16,0.0
2025-12-06 06:00:00,2025-12-06,6,68,68,7.710000000000001,0.0,0,68,6,388.69748,True,True,True,100.0,7.71,0.0,8.881784197001252e-16,0.0
2025-12-06 07:00:00,2025-12-06,7,68,68,8.02,5.808679737170493,0,4,22,388.69748,False,True,False,5.88235294117647,8.02,5.287,0.0,0.5216797371704933
2025-12-06 18:00:00,2025-12-06,18,68,68,12.09,0.0,0,68,8,388.69748,True,True,True,100.0,12.09,0.0,0.0,0.0
2025-12-06 19:00:00,2025-12-06,19,68,68,7.720000000000001,0.0,0,68,7,388.69748,True,True,True,100.0,7.72,0.0,8.881784197001252e-16,0.0
2025-12-07 06:00:00,2025-12-07,6,68,68,7.720000000000001,0.0,0,68,7,388.69748,True,True,True,100.0,7.72,0.0,8.881784197001252e-16,0.0
2025-12-07 07:00:00,2025-12-07,7,68,68,13.260000000000002,3.9728160774676833,0,21,36,388.69748,False,True,False,30.88235294117647,13.26,3.4548,1.7763568394002505e-15,0.5180160774676832
2025-12-07 18:00:00,2025-12-07,18,68,68,12.09,0.0,0,68,8,388.69748,True,True,True,100.0,12.09,0.0,0.0,0.0
2025-12-07 19:00:00,2025-12-07,19,68,68,7.720000000000001,0.0,0,68,7,388.69748,True,True,True,100.0,7.72,0.0,8.881784197001252e-16,0.0
2025-12-08 06:00:00,2025-12-08,6,68,68,7.720000000000001,0.0,0,68,7,388.69748,True,True,True,100.0,7.72,0.0,8.881784197001252e-16,0.0
2025-12-08 07:00:00,2025-12-08,7,68,68,12.26,4.317440093682414,0,6,19,388.69748,False,True,False,8.823529411764707,12.26,3.8358,0.0,0.48164009368241434
2025-12-08 18:00:00,2025-12-08,18,68,68,12.09,0.0,0,68,8,388.69748,True,True,True,100.0,12.09,0.0,0.0,0.0
2025-12-08 19:00:00,2025-12-08,19,68,68,7.720000000000001,0.0,0,68,7,388.69748,True,True,True,100.0,7.72,0.0,8.881784197001252e-16,0.0
2025-12-09 06:00:00,2025-12-09,6,68,68,7.720000000000001,0.0,0,68,7,388.69748,True,True,True,100.0,7.72,0.0,8.881784197001252e-16,0.0
2025-12-09 07:00:00,2025-12-09,7,68,68,12.27,3.2638760653020014,0,31,18,388.69748,False,True,False,45.588235294117645,12.27,2.7489,0.0,0.5149760653020015
2025-12-09 18:00:00,2025-12-09,18,68,68,0.98,0.0,0,68,4,388.69748,True,True,True,100.0,0.98,0.0,0.0,0.0
2025-12-09 19:00:00,2025-12-09,19,68,68,0.98,0.0,0,68,4,388.69748,True,True,True,100.0,0.98,0.0,0.0,0.0
2025-12-10 06:00:00,2025-12-10,6,68,68,7.710000000000001,0.0,0,68,6,388.69748,True,True,True,100.0,7.71,0.0,8.881784197001252e-16,0.0
2025-12-10 07:00:00,2025-12-10,7,68,68,7.829999999999999,2.8760081617866575,0,41,14,388.69748,False,True,False,60.29411764705882,7.83,2.3664,-8.881784197001252e-16,0.5096081617866575
2025-12-10 18:00:00,2025-12-10,18,68,68,0.9099999999999999,0.0,0,68,4,388.69748,True,True,True,100.0,0.91,0.0,-1.1102230246251565e-16,0.0
2025-12-10 19:00:00,2025-12-10,19,68,68,0.9099999999999999,0.0,0,68,4,388.69748,True,True,True,100.0,0.91,0.0,-1.1102230246251565e-16,0.0
2025-12-11 06:00:00,2025-12-11,6,68,68,7.640000000000001,0.0,0,68,6,388.69748,True,True,True,100.0,7.64,0.0,8.881784197001252e-16,0.0
2025-12-11 07:00:00,2025-12-11,7,68,68,7.66,2.9860257044516447,0,30,8,388.69748,False,True,False,44.11764705882353,7.66,2.484,0.0,0.5020257044516447
2025-12-11 18:00:00,2025-12-11,18,68,68,1.17,0.0,0,68,4,388.69748,True,True,True,100.0,1.17,0.0,0.0,0.0
2025-12-11 19:00:00,2025-12-11,19,68,68,1.17,0.0,0,68,4,388.69748,True,True,True,100.0,1.17,0.0,0.0,0.0
2025-12-12 06:00:00,2025-12-12,6,68,68,7.9,0.0,0,68,6,388.69748,True,True,True,100.0,7.9,0.0,0.0,0.0
2025-12-12 07:00:00,2025-12-12,7,68,68,7.9,2.768492618326377,0,44,6,388.69748,False,True,False,64.70588235294117,7.9,2.2597,0.0,0.5087926183263769
2025-12-12 18:00:00,2025-12-12,18,68,68,1.18,0.0,0,68,5,388.69748,True,True,True,100.0,1.18,0.0,0.0,0.0
2025-12-12 19:00:00,2025-12-12,19,68,68,1.18,0.0,0,68,5,388.69748,True,True,True,100.0,1.18,0.0,0.0,0.0
2025-12-13 06:00:00,2025-12-13,6,68,68,7.91,0.0,0,68,7,388.69748,True,True,True,100.0,7.91,0.0,0.0,0.0
2025-12-13 07:00:00,2025-12-13,7,68,68,7.91,2.873505092584683,0,35,7,388.69748,False,True,False,51.470588235294116,7.91,2.3811,0.0,0.4924050925846828
2025-12-13 18:00:00,2025-12-13,18,68,68,0.69,0.0,0,68,2,388.69748,True,True,True,100.0,0.6900000000000001,0.0,-1.1102230246251565e-16,0.0
2025-12-13 19:00:00,2025-12-13,19,68,68,0.69,0.0,0,68,2,388.69748,True,True,True,100.0,0.6900000000000001,0.0,-1.1102230246251565e-16,0.0
2025-12-14 06:00:00,2025-12-14,6,68,68,7.42,0.0,0,68,4,388.69748,True,True,True,100.0,7.42,0.0,0.0,0.0
2025-12-14 07:00:00,2025-12-14,7,68,68,7.45,3.338066626708128,0,10,7,388.69748,False,True,False,14.705882352941178,7.45,2.8397,0.0,0.4983666267081279
2025-12-14 18:00:00,2025-12-14,18,68,68,5.140000000000001,0.0,0,68,4,388.69748,True,True,True,100.0,5.14,0.0,8.881784197001252e-16,0.0
2025-12-14 19:00:00,2025-12-14,19,68,68,0.7,0.0,0,68,3,388.69748,True,True,True,100.0,0.7000000000000001,0.0,-1.1102230246251565e-16,0.0
2025-12-15 06:00:00,2025-12-15,6,68,68,7.430000000000001,0.0,0,68,5,388.69748,True,True,True,100.0,7.43,0.0,8.881784197001252e-16,0.0
2025-12-15 07:00:00,2025-12-15,7,68,68,11.940000000000001,3.5419253502943504,0,5,11,388.69748,False,True,False,7.352941176470589,11.94,3.0368,1.7763568394002505e-15,0.5051253502943505
2025-12-15 18:00:00,2025-12-15,18,68,68,2.3499999999999996,0.0,0,68,4,388.69748,True,True,True,100.0,2.35,0.0,-4.440892098500626e-16,0.0
2025-12-15 19:00:00,2025-12-15,19,68,68,0.7,0.0,0,68,3,388.69748,True,True,True,100.0,0.7000000000000001,0.0,-1.1102230246251565e-16,0.0
2025-12-16 06:00:00,2025-12-16,6,68,68,7.430000000000001,0.0,0,68,5,388.69748,True,True,True,100.0,7.43,0.0,8.881784197001252e-16,0.0
2025-12-16 07:00:00,2025-12-16,7,68,68,9.12,3.514912162255432,0,5,8,388.69748,False,True,False,7.352941176470589,9.12,3.01,0.0,0.5049121622554322
2025-12-16 18:00:00,2025-12-16,18,68,68,0.69,0.0,0,68,2,388.69748,True,True,True,100.0,0.6900000000000001,0.0,-1.1102230246251565e-16,0.0
2025-12-16 19:00:00,2025-12-16,19,68,68,0.69,0.0,0,68,2,388.69748,True,True,True,100.0,0.6900000000000001,0.0,-1.1102230246251565e-16,0.0
2025-12-17 06:00:00,2025-12-17,6,68,68,7.42,0.0,0,68,4,388.69748,True,True,True,100.0,7.42,0.0,0.0,0.0
2025-12-17 07:00:00,2025-12-17,7,68,68,7.43,3.207035157067819,0,7,5,388.69748,False,True,False,10.294117647058822,7.43,2.7365,0.0,0.4705351570678191
2025-12-17 18:00:00,2025-12-17,18,68,68,0.69,0.0,0,68,2,388.69748,True,True,True,100.0,0.6900000000000001,0.0,-1.1102230246251565e-16,0.0
2025-12-17 19:00:00,2025-12-17,19,68,68,0.69,0.0,0,68,2,388.69748,True,True,True,100.0,0.6900000000000001,0.0,-1.1102230246251565e-16,0.0
2025-12-18 06:00:00,2025-12-18,6,68,68,7.42,0.0,0,68,4,388.69748,True,True,True,100.0,7.42,0.0,0.0,0.0
2025-12-18 07:00:00,2025-12-18,7,68,68,7.44,3.2659931369031185,0,12,6,388.69748,False,True,False,17.647058823529413,7.44,2.7702999999999998,0.0,0.4956931369031188
2025-12-18 18:00:00,2025-12-18,18,68,68,0.7,0.0,0,68,3,388.69748,True,True,True,100.0,0.7000000000000001,0.0,-1.1102230246251565e-16,0.0
2025-12-18 19:00:00,2025-12-18,19,68,68,0.7,0.0,0,68,3,388.69748,True,True,True,100.0,0.7000000000000001,0.0,-1.1102230246251565e-16,0.0
2025-12-19 06:00:00,2025-12-19,6,68,68,7.43,0.0,0,68,5,388.69748,True,True,True,100.0,7.43,0.0,0.0,0.0
2025-12-19 07:00:00,2025-12-19,7,68,68,7.43,3.3403927320330613,0,15,5,388.69748,False,True,False,22.058823529411764,7.43,2.8344,0.0,0.5059927320330613
2025-12-19 18:00:00,2025-12-19,18,68,68,0.69,0.0,0,68,2,388.69748,True,True,True,100.0,0.6900000000000001,0.0,-1.1102230246251565e-16,0.0
2025-12-19 19:00:00,2025-12-19,19,68,68,0.69,0.0,0,68,2,388.69748,True,True,True,100.0,0.6900000000000001,0.0,-1.1102230246251565e-16,0.0
2025-12-20 06:00:00,2025-12-20,6,68,68,7.42,0.0,0,68,4,388.69748,True,True,True,100.0,7.42,0.0,0.0,0.0
2025-12-20 07:00:00,2025-12-20,7,68,68,7.42,2.8589296325480253,0,25,4,388.69748,False,True,False,36.76470588235294,7.42,2.3739,0.0,0.48502963254802545
2025-12-20 18:00:00,2025-12-20,18,68,68,0.7,0.0,0,68,3,388.69748,True,True,True,100.0,0.7000000000000001,0.0,-1.1102230246251565e-16,0.0
2025-12-20 19:00:00,2025-12-20,19,68,68,0.7,0.0,0,68,3,388.69748,True,True,True,100.0,0.7000000000000001,0.0,-1.1102230246251565e-16,0.0
2025-12-21 06:00:00,2025-12-21,6,68,68,7.430000000000001,0.0,0,68,5,388.69748,True,True,True,100.0,7.43,0.0,8.881784197001252e-16,0.0
2025-12-21 07:00:00,2025-12-21,7,68,68,7.430000000000001,3.3522156042709286,0,8,5,388.69748,False,True,False,11.76470588235294,7.43,2.8979,8.881784197001252e-16,0.45431560427092865
2025-12-21 18:00:00,2025-12-21,18,68,68,0.69,0.0,0,68,2,388.69748,True,True,True,100.0,0.6900000000000001,0.0,-1.1102230246251565e-16,0.0
2025-12-21 19:00:00,2025-12-21,19,68,68,0.69,0.0,0,68,2,388.69748,True,True,True,100.0,0.6900000000000001,0.0,-1.1102230246251565e-16,0.0
2025-12-22 06:00:00,2025-12-22,6,68,68,7.42,0.0,0,68,4,388.69748,True,True,True,100.0,7.42,0.0,0.0,0.0
2025-12-22 07:00:00,2025-12-22,7,68,68,7.42,3.037179371906509,0,18,4,388.69748,False,True,False,26.47058823529412,7.42,2.5495,0.0,0.4876793719065091
2025-12-22 18:00:00,2025-12-22,18,68,68,0.69,0.0,0,68,2,388.69748,True,True,True,100.0,0.6900000000000001,0.0,-1.1102230246251565e-16,0.0
2025-12-22 19:00:00,2025-12-22,19,68,68,0.69,0.0,0,68,2,388.69748,True,True,True,100.0,0.6900000000000001,0.0,-1.1102230246251565e-16,0.0
2025-12-23 06:00:00,2025-12-23,6,68,68,7.42,0.0,0,68,4,388.69748,True,True,True,100.0,7.42,0.0,0.0,0.0
2025-12-23 07:00:00,2025-12-23,7,68,68,7.42,2.6553930329614532,0,46,4,388.69748,False,True,False,67.64705882352942,7.42,2.1671,0.0,0.4882930329614532
2025-12-23 18:00:00,2025-12-23,18,68,68,0.7,0.0,0,68,3,388.69748,True,True,True,100.0,0.7000000000000001,0.0,-1.1102230246251565e-16,0.0
2025-12-23 19:00:00,2025-12-23,19,68,68,0.7,0.0,0,68,3,388.69748,True,True,True,100.0,0.7000000000000001,0.0,-1.1102230246251565e-16,0.0
2025-12-24 06:00:00,2025-12-24,6,68,68,7.430000000000001,0.0,0,68,5,388.69748,True,True,True,100.0,7.43,0.0,8.881784197001252e-16,0.0
2025-12-24 07:00:00,2025-12-24,7,68,68,7.430000000000001,2.8215934253702484,0,32,5,388.69748,False,True,False,47.05882352941176,7.43,2.3399,8.881784197001252e-16,0.4816934253702483
2025-12-24 18:00:00,2025-12-24,18,68,68,0.7,0.0,0,68,3,388.69748,True,True,True,100.0,0.7000000000000001,0.0,-1.1102230246251565e-16,0.0
2025-12-24 19:00:00,2025-12-24,19,68,68,0.7,0.0,0,68,3,388.69748,True,True,True,100.0,0.7000000000000001,0.0,-1.1102230246251565e-16,0.0
2025-12-25 06:00:00,2025-12-25,6,68,68,7.430000000000001,0.0,0,68,5,388.69748,True,True,True,100.0,7.43,0.0,8.881784197001252e-16,0.0
2025-12-25 07:00:00,2025-12-25,7,68,68,7.430000000000001,3.1194234993388106,0,7,5,388.69748,False,True,False,10.294117647058822,7.43,2.6804,8.881784197001252e-16,0.43902349933881046
2025-12-25 18:00:00,2025-12-25,18,68,68,0.7,0.0,0,68,3,388.69748,True,True,True,100.0,0.7000000000000001,0.0,-1.1102230246251565e-16,0.0
2025-12-25 19:00:00,2025-12-25,19,68,68,0.7,0.0,0,68,3,388.69748,True,True,True,100.0,0.7000000000000001,0.0,-1.1102230246251565e-16,0.0
2025-12-26 06:00:00,2025-12-26,6,68,68,6.24,0.0,0,68,4,388.69748,True,True,True,100.0,6.24,0.0,0.0,0.0
2025-12-26 07:00:00,2025-12-26,7,68,68,6.24,2.9979422559541193,0,18,4,388.69748,False,True,False,26.47058823529412,6.24,2.5454,0.0,0.45254225595411945
2025-12-26 18:00:00,2025-12-26,18,68,68,0.7,0.0,0,68,3,388.69748,True,True,True,100.0,0.7000000000000001,0.0,-1.1102230246251565e-16,0.0
2025-12-26 19:00:00,2025-12-26,19,68,68,0.7,0.0,0,68,3,388.69748,True,True,True,100.0,0.7000000000000001,0.0,-1.1102230246251565e-16,0.0
2025-12-27 06:00:00,2025-12-27,6,68,68,6.24,0.0,0,68,4,388.69748,True,True,True,100.0,6.24,0.0,0.0,0.0
2025-12-27 07:00:00,2025-12-27,7,68,68,6.24,2.9460510249105845,0,15,4,388.69748,False,True,False,22.058823529411764,6.24,2.4796,0.0,0.46645102491058443
2025-12-27 18:00:00,2025-12-27,18,68,68,0.7,0.0,0,68,3,388.69748,True,True,True,100.0,0.7000000000000001,0.0,-1.1102230246251565e-16,0.0
2025-12-27 19:00:00,2025-12-27,19,68,68,0.7,0.0,0,68,3,388.69748,True,True,True,100.0,0.7000000000000001,0.0,-1.1102230246251565e-16,0.0
2025-12-28 06:00:00,2025-12-28,6,68,68,6.24,0.0,0,68,4,388.69748,True,True,True,100.0,6.24,0.0,0.0,0.0
2025-12-28 07:00:00,2025-12-28,7,68,68,6.24,3.125342678724061,0,13,4,388.69748,False,True,False,19.11764705882353,6.24,2.646,0.0,0.4793426787240609
2025-12-28 18:00:00,2025-12-28,18,68,68,0.7,0.0,0,68,3,388.69748,True,True,True,100.0,0.7000000000000001,0.0,-1.1102230246251565e-16,0.0
2025-12-28 19:00:00,2025-12-28,19,68,68,0.7,0.0,0,68,3,388.69748,True,True,True,100.0,0.7000000000000001,0.0,-1.1102230246251565e-16,0.0
2025-12-29 06:00:00,2025-12-29,6,68,68,5.83,0.0,0,68,3,388.69748,True,True,True,100.0,5.83,0.0,0.0,0.0
2025-12-29 07:00:00,2025-12-29,7,68,68,5.83,3.107075494407606,0,16,3,388.69748,False,True,False,23.52941176470588,5.83,2.6267,0.0,0.48037549440760596
2025-12-29 18:00:00,2025-12-29,18,68,68,0.29000000000000004,0.0,0,68,2,388.69748,True,True,True,100.0,0.29,0.0,5.551115123125783e-17,0.0
2025-12-29 19:00:00,2025-12-29,19,68,68,0.29000000000000004,0.0,0,68,2,388.69748,True,True,True,100.0,0.29,0.0,5.551115123125783e-17,0.0
2025-12-30 06:00:00,2025-12-30,6,68,68,5.83,0.0,0,68,3,388.69748,True,True,True,100.0,5.83,0.0,0.0,0.0
2025-12-30 07:00:00,2025-12-30,7,68,68,5.83,3.0725427586496887,0,11,3,388.69748,False,True,False,16.176470588235293,5.83,2.6039,0.0,0.46864275864968885
2025-12-30 18:00:00,2025-12-30,18,68,68,0.28,0.0,0,68,1,388.69748,True,True,True,100.0,0.28,0.0,0.0,0.0
2025-12-30 19:00:00,2025-12-30,19,68,68,0.28,0.0,0,68,1,388.69748,True,True,True,100.0,0.28,0.0,0.0,0.0
2025-12-31 06:00:00,2025-12-31,6,68,68,5.82,0.0,0,68,2,388.69748,True,True,True,100.0,5.82,0.0,0.0,0.0
2025-12-31 07:00:00,2025-12-31,7,68,68,5.82,2.581851093024752,0,42,2,388.69748,False,True,False,61.76470588235294,5.82,2.1186,0.0,0.463251093024752
2025-12-31 18:00:00,2025-12-31,18,68,68,0.30000000000000004,0.0,0,68,3,388.69748,True,True,True,100.0,0.30000000000000004,0.0,0.0,0.0
2025-12-31 19:00:00,2025-12-31,19,68,68,0.30000000000000004,0.0,0,68,3,388.69748,True,True,True,100.0,0.30000000000000004,0.0,0.0,0.0
