time,hour,actual_city_mw,pred_city_mw,rmse_city_MW,mae_city_MW,nrmse_city_pct,bias_city_MW
2025-09-01 06:00:00,6,11.69,6.826888322983398,4.863111677016602,4.863111677016602,1.2511302303829195,-4.863111677016602
2025-09-01 07:00:00,7,48.239999999999995,47.84123366910328,0.3987663308967129,0.3987663308967129,0.10259040807177677,-0.3987663308967129
2025-09-01 08:00:00,8,107.45000000000002,100.77639244967179,6.673607550328228,6.673607550328228,1.716915568973647,-6.673607550328228
2025-09-01 09:00:00,9,144.92000000000002,148.09123001717006,3.1712300171700463,3.1712300171700463,0.8158607092513299,3.1712300171700463
2025-09-01 10:00:00,10,164.89000000000001,168.82023614202564,3.9302361420256204,3.9302361420256204,1.0111298231276469,3.9302361420256204
2025-09-01 11:00:00,11,184.14,189.00354708959344,4.863547089593453,4.863547089593453,1.251242248751768,4.863547089593453
2025-09-01 12:00:00,12,202.3,188.04218400007136,14.257815999928653,14.257815999928653,3.6681009611713082,-14.257815999928653
2025-09-01 13:00:00,13,196.20999999999995,182.73906825765323,13.470931742346721,13.470931742346721,3.4656596544816094,-13.470931742346721
2025-09-01 14:00:00,14,187.25,166.6501859144486,20.5998140855514,20.5998140855514,5.299703534365955,-20.5998140855514
2025-09-01 15:00:00,15,155.40000000000003,133.34460073534112,22.055399264658917,22.055399264658917,5.6741811818947,-22.055399264658917
2025-09-01 16:00:00,16,108.36000000000001,95.07259608631516,13.287403913684855,13.287403913684855,3.4184435447548713,-13.287403913684855
2025-09-01 17:00:00,17,55.349999999999994,51.070616843659636,4.279383156340359,4.279383156340359,1.1009546952402056,-4.279383156340359
2025-09-01 18:00:00,18,16.05,16.3579850258309,0.3079850258308987,0.3079850258308987,0.07923514858673607,0.3079850258308987
2025-09-01 19:00:00,19,8.79,6.342015751526321,2.447984248473678,2.447984248473678,0.6297916437414717,-2.447984248473678
2025-09-02 06:00:00,6,11.2,6.826888322983398,4.373111677016602,4.373111677016602,1.125068183363731,-4.373111677016602
2025-09-02 07:00:00,7,42.76,6.837395902552087,35.92260409744791,35.92260409744791,9.2417898097636,-35.92260409744791
2025-09-02 08:00:00,8,95.24,85.68619717602347,9.553802823976525,9.553802823976525,2.4579019200166994,-9.553802823976525
2025-09-02 09:00:00,9,124.3,119.71506405336532,4.584935946634673,4.584935946634673,1.1795641038461768,-4.584935946634673
2025-09-02 10:00:00,10,149.89000000000001,136.76942846086953,13.12057153913048,13.12057153913048,3.375522665886715,-13.12057153913048
2025-09-02 11:00:00,11,171.01,175.0599031495035,4.049903149503507,4.049903149503507,1.0419164923589181,4.049903149503507
2025-09-02 12:00:00,12,186.76,171.39140543507023,15.368594564929765,15.368594564929765,3.953870389108199,-15.368594564929765
2025-09-02 13:00:00,13,150.75000000000003,163.92461321588917,13.174613215889138,13.174613215889138,3.3894259401653795,13.174613215889138
2025-09-02 14:00:00,14,148.97,132.97791854194477,15.992081458055225,15.992081458055225,4.114274540204177,-15.992081458055225
2025-09-02 15:00:00,15,103.4,110.40456217427963,7.004562174279627,7.004562174279627,1.802060094209931,7.004562174279627
2025-09-02 16:00:00,16,61.769999999999996,71.02017271399325,9.250172713993251,9.250172713993251,2.3797871583816934,9.250172713993251
2025-09-02 17:00:00,17,34.510000000000005,43.569620500836045,9.05962050083604,9.05962050083604,2.330763888882439,9.05962050083604
2025-09-02 18:00:00,18,14.02,12.655821609489262,1.3641783905107374,1.3641783905107374,0.35096147021862284,-1.3641783905107374
2025-09-02 19:00:00,19,8.59,6.342015751526321,2.2479842484736787,2.2479842484736787,0.578337746998946,-2.2479842484736787
2025-09-03 06:00:00,6,12.089999999999998,6.826888322983398,5.2631116770166,5.2631116770166,1.3540380238679708,-5.2631116770166
2025-09-03 07:00:00,7,46.38,6.837395902552087,39.542604097447914,39.542604097447914,10.17310534080332,-39.542604097447914
2025-09-03 08:00:00,8,86.07,61.59484379449957,24.475156205500426,24.475156205500426,6.296710800775046,-24.475156205500426
2025-09-03 09:00:00,9,133.37000000000003,96.95944849464401,36.410551505356025,36.410551505356025,9.367323787475037,-36.410551505356025
2025-09-03 10:00:00,10,155.89,105.21437065188499,50.675629348114995,50.675629348114995,13.037292999202105,-50.675629348114995
2025-09-03 11:00:00,11,107.67,127.67131424966668,20.001314249666677,20.001314249666677,5.1457277905857985,20.001314249666677
2025-09-03 12:00:00,12,136.74999999999997,127.07569716022878,9.674302839771187,9.674302839771187,2.4889028968675553,-9.674302839771187
2025-09-03 13:00:00,13,112.88000000000001,149.1239613039522,36.24396130395219,36.24396130395219,9.32446521236829,36.24396130395219
2025-09-03 14:00:00,14,86.99,132.22035699167742,45.230356991677425,45.230356991677425,11.636390591386759,45.230356991677425
2025-09-03 15:00:00,15,71.07999999999998,80.83256099457677,9.752560994576783,9.752560994576783,2.509036331950694,9.752560994576783
2025-09-03 16:00:00,16,62.98,63.686650411442066,0.7066504114420695,0.7066504114420695,0.1817995865170182,0.7066504114420695
2025-09-03 17:00:00,17,34.95,28.408199196129125,6.541800803870878,6.541800803870878,1.6830057153627231,-6.541800803870878
2025-09-03 18:00:00,18,12.430000000000001,6.585466576542995,5.8445334234570065,5.8445334234570065,1.5036200963939892,-5.8445334234570065
2025-09-03 19:00:00,19,9.3,6.342015751526321,2.9579842484736796,2.9579842484736796,0.7609990804349129,-2.9579842484736796
2025-09-04 06:00:00,6,11.069999999999999,6.826888322983398,4.243111677016601,4.243111677016601,1.0916231504810892,-4.243111677016601
2025-09-04 07:00:00,7,47.93,19.15172135454886,28.778278645451138,28.778278645451138,7.403772889253396,-28.778278645451138
2025-09-04 08:00:00,8,97.82999999999998,95.33161921577958,2.4983807842204016,2.4983807842204016,0.6427571344739363,-2.4983807842204016
2025-09-04 09:00:00,9,133.25,133.65017909398816,0.4001790939881573,0.4001790939881573,0.10295386890292094,0.4001790939881573
2025-09-04 10:00:00,10,150.99,162.2090692100846,11.219069210084598,11.219069210084598,2.886324143414719,11.219069210084598
2025-09-04 11:00:00,11,185.20999999999998,175.89577613089364,9.314223869106343,9.314223869106343,2.3962655659888363,-9.314223869106343
2025-09-04 12:00:00,12,162.01,175.46022098678898,13.450220986788992,13.450220986788992,3.4603314090919732,13.450220986788992
2025-09-04 13:00:00,13,166.07999999999998,167.51328780166838,1.4332878016683992,1.4332878016683992,0.3687412127468383,1.4332878016683992
2025-09-04 14:00:00,14,151.09,145.19508076499758,5.894919235002419,5.894919235002419,1.5165828281167193,-5.894919235002419
2025-09-04 15:00:00,15,100.35,93.19687297116883,7.153127028831165,7.153127028831165,1.840281297638247,-7.153127028831165
2025-09-04 16:00:00,16,71.23,49.60932799626829,21.620672003731713,21.620672003731713,5.562339123920154,-21.620672003731713
2025-09-04 17:00:00,17,39.449999999999996,28.886490478132508,10.563509521867488,10.563509521867488,2.717668640884291,-10.563509521867488
2025-09-04 18:00:00,18,13.740000000000002,6.585466576542995,7.154533423457007,7.154533423457007,1.8406431200575335,-7.154533423457007
2025-09-04 19:00:00,19,9.35,6.342015751526321,3.0079842484736785,3.0079842484736785,0.7738625546205441,-3.0079842484736785
2025-09-05 06:00:00,6,11.670000000000002,6.826888322983398,4.843111677016604,4.843111677016604,1.2459848407086673,-4.843111677016604
2025-09-05 07:00:00,7,48.650000000000006,6.837395902552087,41.81260409744792,41.81260409744792,10.757107068830988,-41.81260409744792
2025-09-05 08:00:00,8,100.24000000000001,92.03082293940494,8.209177060595067,8.209177060595067,2.1119707440848514,-8.209177060595067
2025-09-05 09:00:00,9,151.16000000000003,140.34300145995093,10.816998540049099,10.816998540049099,2.782883629718695,-10.816998540049099
2025-09-05 10:00:00,10,172.14,176.81780246338542,4.677802463385433,4.677802463385433,1.2034558246648352,4.677802463385433
2025-09-05 11:00:00,11,181.74,188.0827764269774,6.3427764269773945,6.3427764269773945,1.631802816673109,6.3427764269773945
2025-09-05 12:00:00,12,186.99,193.69663893361786,6.706638933617853,6.706638933617853,1.725413535898883,6.706638933617853
2025-09-05 13:00:00,13,188.08,183.38933241584508,4.690667584154937,4.690667584154937,1.2067656276431062,-4.690667584154937
2025-09-05 14:00:00,14,153.01000000000002,172.72182310994768,19.71182310994766,19.71182310994766,5.071250554530907,19.71182310994766
2025-09-05 15:00:00,15,144.65,137.6104923138051,7.039507686194895,7.039507686194895,1.8110505080184456,-7.039507686194895
2025-09-05 16:00:00,16,95.85000000000002,96.16982862696905,0.31982862696902714,0.31982862696902714,0.08228214573684067,0.31982862696902714
2025-09-05 17:00:00,17,49.19999999999999,38.80093609937089,10.399063900629102,10.399063900629102,2.6753618008094886,-10.399063900629102
2025-09-05 18:00:00,18,11.7,6.585466576542995,5.114533423457004,5.114533423457004,1.3158133732837691,-5.114533423457004
2025-09-05 19:00:00,19,8.62,6.342015751526321,2.277984248473678,2.277984248473678,0.5860558315103247,-2.277984248473678
2025-09-06 06:00:00,6,13.610000000000001,6.826888322983398,6.783111677016604,6.783111677016604,1.7450876391111678,-6.783111677016604
2025-09-06 07:00:00,7,34.89,6.837395902552087,28.05260409744791,28.05260409744791,7.21707897294521,-28.05260409744791
2025-09-06 08:00:00,8,56.980000000000004,61.10159144586897,4.121591445868965,4.121591445868965,1.0603597033530974,4.121591445868965
2025-09-06 09:00:00,9,76.67999999999999,100.34157519649729,23.661575196497296,23.661575196497296,6.087401234630412,23.661575196497296
2025-09-06 10:00:00,10,92.86,122.35324969747802,29.49324969747802,29.49324969747802,7.587713122677826,29.49324969747802
2025-09-06 11:00:00,11,91.48,124.6519748663057,33.17197486630569,33.17197486630569,8.534136847582776,33.17197486630569
2025-09-06 12:00:00,12,106.92,136.43677263076347,29.51677263076347,29.51677263076347,7.593764855579581,29.51677263076347
2025-09-06 13:00:00,13,89.12,141.32265492630535,52.20265492630534,52.20265492630534,13.430150081319114,52.20265492630534
2025-09-06 14:00:00,14,105.95,105.09605008333475,0.8539499166652575,0.8539499166652575,0.2196952541769135,-0.8539499166652575
2025-09-06 15:00:00,15,78.74,83.39796674680173,4.657966746801733,4.657966746801733,1.1983527001002767,4.657966746801733
2025-09-06 16:00:00,16,58.82,51.85312962495148,6.966870375048522,6.966870375048522,1.7923631444815444,-6.966870375048522
2025-09-06 17:00:00,17,34.50000000000001,24.26096748160392,10.239032518396087,10.239032518396087,2.6341906097245826,-10.239032518396087
2025-09-06 18:00:00,18,11.810000000000002,6.585466576542995,5.224533423457007,5.224533423457007,1.3441130164921593,-5.224533423457007
2025-09-06 19:00:00,19,8.809999999999999,6.342015751526321,2.4679842484736776,2.4679842484736776,0.6349370334157242,-2.4679842484736776
2025-09-07 06:00:00,6,8.859999999999998,6.826888322983398,2.0331116770166,2.0331116770166,0.5230575914761784,-2.0331116770166
2025-09-07 07:00:00,7,23.000000000000004,6.837395902552087,16.162604097447918,16.162604097447918,4.1581448116020505,-16.162604097447918
2025-09-07 08:00:00,8,44.629999999999995,18.772982577274668,25.857017422725328,25.857017422725328,6.652221522693003,-25.857017422725328
2025-09-07 09:00:00,9,63.59,32.72369042390078,30.866309576099226,30.866309576099226,7.940959528757229,-30.866309576099226
2025-09-07 10:00:00,10,87.19000000000001,70.15248334357106,17.03751665642895,17.03751665642895,4.3832331139447955,-17.03751665642895
2025-09-07 11:00:00,11,111.48,94.67377073845545,16.80622926154456,16.80622926154456,4.32372992527365,-16.80622926154456
2025-09-07 12:00:00,12,106.34999999999998,137.8770713043871,31.52707130438712,31.52707130438712,8.11095335745092,31.52707130438712
2025-09-07 13:00:00,13,95.67,127.27045980948377,31.600459809483766,31.600459809483766,8.129833980267577,31.600459809483766
2025-09-07 14:00:00,14,92.63999999999999,121.71479555247585,29.074795552475862,29.074795552475862,7.480057640835712,29.074795552475862
2025-09-07 15:00:00,15,71.37,77.11444446745854,5.7444444674585355,5.7444444674585355,1.4778702623589264,5.7444444674585355
2025-09-07 16:00:00,16,50.76,49.37401425517574,1.3859857448242607,1.3859857448242607,0.35657183700400136,-1.3859857448242607
2025-09-07 17:00:00,17,24.88,24.87621113765474,0.0037888623452602133,0.0037888623452602133,0.0009747586594233163,-0.0037888623452602133
2025-09-07 18:00:00,18,9.629999999999999,6.585466576542995,3.044533423457004,3.044533423457004,0.7832655419986269,-3.044533423457004
2025-09-07 19:00:00,19,8.6,6.342015751526321,2.2579842484736785,2.2579842484736785,0.5809104418360722,-2.2579842484736785
2025-09-08 06:00:00,6,8.659999999999998,6.826888322983398,1.8331116770166007,1.8331116770166007,0.47160369473365266,-1.8331116770166007
2025-09-08 07:00:00,7,12.659999999999998,6.837395902552087,5.822604097447911,5.822604097447911,1.4979783500134634,-5.822604097447911
2025-09-08 08:00:00,8,31.2,13.544704236838491,17.655295763161508,17.655295763161508,4.542168825782331,-17.655295763161508
2025-09-08 09:00:00,9,29.470000000000002,27.693911300947235,1.7760886990527673,1.7760886990527673,0.45693342263314063,-1.7760886990527673
2025-09-08 10:00:00,10,37.67999999999999,40.93773839758749,3.257738397587495,3.257738397587495,0.8381166756181427,3.257738397587495
2025-09-08 11:00:00,11,42.06,67.29490158782819,25.23490158782819,25.23490158782819,6.492170103039564,25.23490158782819
2025-09-08 12:00:00,12,48.800000000000004,89.98882470286753,41.18882470286753,41.18882470286753,10.596627666036715,41.18882470286753
2025-09-08 13:00:00,13,55.49,91.83634882232701,36.34634882232701,36.34634882232701,9.350806396359197,36.34634882232701
2025-09-08 14:00:00,14,36.84,90.04011577974265,53.200115779742646,53.200115779742646,13.686766320106486,53.200115779742646
2025-09-08 15:00:00,15,41.15,41.57334234424309,0.42334234424308903,0.42334234424308903,0.10891306633711365,0.42334234424308903
2025-09-08 16:00:00,16,24.16,16.64968363428064,7.510316365719362,7.510316365719362,1.9321752139271298,-7.510316365719362
2025-09-08 17:00:00,17,14.389999999999999,11.341522281429372,3.048477718570627,3.048477718570627,0.7842802887661189,-3.048477718570627
2025-09-08 18:00:00,18,8.74,6.585466576542995,2.1545334234570053,2.1545334234570053,0.5542957014943872,-2.1545334234570053
2025-09-08 19:00:00,19,8.58,6.342015751526321,2.237984248473679,2.237984248473679,0.5757650521618198,-2.237984248473679
2025-09-09 06:00:00,6,9.89,6.826888322983398,3.063111677016603,3.063111677016603,0.7880451597001872,-3.063111677016603
2025-09-09 07:00:00,7,39.779999999999994,6.837395902552087,32.942604097447905,32.942604097447905,8.475126748299964,-32.942604097447905
2025-09-09 08:00:00,8,77.18999999999998,85.71257505302168,8.522575053021697,8.522575053021697,2.192598483793025,8.522575053021697
2025-09-09 09:00:00,9,137.14000000000001,133.51619564690486,3.623804353095153,3.623804353095153,0.9322942749963682,-3.623804353095153
2025-09-09 10:00:00,10,170.85999999999999,168.76306477277922,2.0969352272207686,2.0969352272207686,0.5394774432859119,-2.0969352272207686
2025-09-09 11:00:00,11,209.36,175.25282476515545,34.10717523484456,34.10717523484456,8.77473536356463,-34.10717523484456
2025-09-09 12:00:00,12,179.67000000000002,192.2588007541789,12.58880075417889,12.58880075417889,3.2387142705887597,12.58880075417889
2025-09-09 13:00:00,13,192.99,198.22144173357313,5.231441733573121,5.231441733573121,1.3458903138690586,5.231441733573121
2025-09-09 14:00:00,14,167.18999999999997,165.09131967196356,2.0986803280364086,2.0986803280364086,0.5399264044717781,-2.0986803280364086
2025-09-09 15:00:00,15,136.79,113.2994770992243,23.490522900775687,23.490522900775687,6.0433946988222536,-23.490522900775687
2025-09-09 16:00:00,16,99.49000000000001,89.16829662689643,10.321703373103574,10.321703373103574,2.6554592978332594,-10.321703373103574
2025-09-09 17:00:00,17,50.05,45.22293290884158,4.827067091158419,4.827067091158419,1.2418570583885493,-4.827067091158419
2025-09-09 18:00:00,18,14.139999999999999,6.585466576542995,7.554533423457004,7.554533423457004,1.9435509135425844,-7.554533423457004
2025-09-09 19:00:00,19,8.59,6.342015751526321,2.2479842484736787,2.2479842484736787,0.578337746998946,-2.2479842484736787
2025-09-10 06:00:00,6,11.420000000000002,6.826888322983398,4.593111677016604,4.593111677016604,1.18166746978051,-4.593111677016604
2025-09-10 07:00:00,7,49.69,6.837395902552087,42.85260409744791,42.85260409744791,11.024667331892122,-42.85260409744791
2025-09-10 08:00:00,8,109.22,77.8377134907999,31.3822865092001,31.3822865092001,8.073704647943718,-31.3822865092001
2025-09-10 09:00:00,9,163.32,115.1401600733535,48.179839926646494,48.179839926646494,12.39520254328546,-48.179839926646494
2025-09-10 10:00:00,10,197.99999999999997,174.65545410174911,23.344545898250857,23.344545898250857,6.005839270748773,-23.344545898250857
2025-09-10 11:00:00,11,221.09999999999997,203.78150990834348,17.318490091656486,17.318490091656486,4.455519004562748,-17.318490091656486
2025-09-10 12:00:00,12,219.64,218.6588195921597,0.9811804078402986,0.9811804078402986,0.2524277769540206,-0.9811804078402986
2025-09-10 13:00:00,13,190.08,218.82294275225507,28.74294275225506,28.74294275225506,7.394682042254316,28.74294275225506
2025-09-10 14:00:00,14,176.29000000000002,194.8763104861902,18.586310486190172,18.586310486190172,4.781690502904771,18.586310486190172
2025-09-10 15:00:00,15,154.3,143.42656183734388,10.873438162656129,10.873438162656129,2.7974038222877415,-10.873438162656129
2025-09-10 16:00:00,16,101.17,104.52590741321258,3.3559074132125772,3.3559074132125772,0.8633725675845847,3.3559074132125772
2025-09-10 17:00:00,17,45.00999999999999,51.47513617801268,6.465136178012692,6.465136178012692,1.663282246649166,6.465136178012692
2025-09-10 18:00:00,18,14.570000000000002,6.585466576542995,7.984533423457007,7.984533423457007,2.0541767915390157,-7.984533423457007
2025-09-10 19:00:00,19,8.59,6.342015751526321,2.2479842484736787,2.2479842484736787,0.578337746998946,-2.2479842484736787
2025-09-11 06:00:00,6,9.259999999999998,6.826888322983398,2.4331116770166004,2.4331116770166004,0.6259653849612301,-2.4331116770166004
2025-09-11 07:00:00,7,40.29,6.837395902552087,33.45260409744791,33.45260409744791,8.606334184993408,-33.45260409744791
2025-09-11 08:00:00,8,45.54,73.3245845503623,27.784584550362304,27.784584550362304,7.148125722441604,27.784584550362304
2025-09-11 09:00:00,9,70.01,93.76253814972873,23.75253814972872,23.75253814972872,6.110803226645237,23.75253814972872
2025-09-11 10:00:00,10,97.61999999999999,123.22977535326635,25.609775353266357,25.609775353266357,6.588613683131252,25.609775353266357
2025-09-11 11:00:00,11,79.78,143.73745209865575,63.95745209865575,63.95745209865575,16.454300680996376,63.95745209865575
2025-09-11 12:00:00,12,69.18,148.146995277422,78.966995277422,78.966995277422,20.315798105359985,78.966995277422
2025-09-11 13:00:00,13,65.06,143.28815732241526,78.22815732241526,78.22815732241526,20.125717646128106,78.22815732241526
2025-09-11 14:00:00,14,41.17,90.0260774171089,48.85607741710889,48.85607741710889,12.569177813323845,48.85607741710889
2025-09-11 15:00:00,15,29.280000000000005,20.529608538577794,8.750391461422211,8.750391461422211,2.251208693563491,-8.750391461422211
2025-09-11 16:00:00,16,23.71,13.526332911076588,10.183667088923412,10.183667088923412,2.6199467742686195,-10.183667088923412
2025-09-11 17:00:00,17,13.010000000000002,10.590683954285515,2.4193160457144867,2.4193160457144867,0.6224161900186456,-2.4193160457144867
2025-09-11 18:00:00,18,9.129999999999999,6.585466576542995,2.544533423457004,2.544533423457004,0.6546308001423122,-2.544533423457004
2025-09-11 19:00:00,19,8.99,6.342015751526321,2.647984248473679,2.647984248473679,0.6812455404839978,-2.647984248473679
2025-09-12 06:00:00,6,8.99,6.826888322983398,2.1631116770166026,2.1631116770166026,0.5565026243588208,-2.1631116770166026
2025-09-12 07:00:00,7,10.659999999999998,6.837395902552087,3.822604097447911,3.822604097447911,0.9834393825882048,-3.822604097447911
2025-09-12 08:00:00,8,14.68,12.46112534966477,2.2188746503352306,2.2188746503352306,0.5708487357147853,-2.2188746503352306
2025-09-12 09:00:00,9,15.780000000000001,13.118883607358738,2.6611163926412633,2.6611163926412633,0.684624040434032,-2.6611163926412633
2025-09-12 10:00:00,10,20.88,16.68258370624239,4.197416293757609,4.197416293757609,1.0798671228219976,-4.197416293757609
2025-09-12 11:00:00,11,31.930000000000003,16.915397717428757,15.014602282571246,15.014602282571246,3.862798977387568,-15.014602282571246
2025-09-12 12:00:00,12,38.13,29.074297129495754,9.055702870504248,9.055702870504248,2.329756002149602,-9.055702870504248
2025-09-12 13:00:00,13,44.13999999999999,26.952999084520695,17.1870009154793,17.1870009154793,4.421690852093844,-17.1870009154793
2025-09-12 14:00:00,14,35.45,18.712236039648307,16.737763960351696,16.737763960351696,4.306115892583532,-16.737763960351696
2025-09-12 15:00:00,15,45.77,14.453500814935289,31.316499185064714,31.316499185064714,8.056779577028571,-31.316499185064714
2025-09-12 16:00:00,16,28.52,17.163800414373835,11.356199585626165,11.356199585626165,2.921603604331617,-11.356199585626165
2025-09-12 17:00:00,17,15.319999999999999,11.488945406998525,3.8310545930014737,3.8310545930014737,0.9856134372163858,-3.8310545930014737
2025-09-12 18:00:00,18,9.16,6.585466576542995,2.574533423457005,2.574533423457005,0.6623488846536915,-2.574533423457005
2025-09-12 19:00:00,19,8.99,6.342015751526321,2.647984248473679,2.647984248473679,0.6812455404839978,-2.647984248473679
2025-09-13 06:00:00,6,12.099999999999998,6.826888322983398,5.2731116770166,5.2731116770166,1.3566107187050969,-5.2731116770166
2025-09-13 07:00:00,7,42.760000000000005,6.837395902552087,35.922604097447916,35.922604097447916,9.241789809763603,-35.922604097447916
2025-09-13 08:00:00,8,64.18,54.39497916512584,9.785020834874167,9.785020834874167,2.5173872583053964,-9.785020834874167
2025-09-13 09:00:00,9,79.41,74.70543552373445,4.704564476265546,4.704564476265546,1.2103408739016126,-4.704564476265546
2025-09-13 10:00:00,10,79.85,80.27401028442347,0.4240102844234741,0.4240102844234741,0.10908490696247222,0.4240102844234741
2025-09-13 11:00:00,11,84.7,87.92009941058338,3.220099410583373,3.220099410583373,0.8284333128641259,3.220099410583373
2025-09-13 12:00:00,12,78.93999999999998,108.36212619071692,29.422126190716938,29.422126190716938,7.569415214813572,29.422126190716938
2025-09-13 13:00:00,13,73.55,115.7803028531494,42.2303028531494,42.2303028531494,10.864568212057717,42.2303028531494
2025-09-13 14:00:00,14,63.96000000000001,111.35424590448702,47.39424590448701,47.39424590448701,12.193093174796763,47.39424590448701
2025-09-13 15:00:00,15,69.96000000000001,55.82084816762881,14.139151832371198,14.139151832371198,3.6375722920486133,-14.139151832371198
2025-09-13 16:00:00,16,59.7,52.39271114549217,7.307288854507831,7.307288854507831,1.8799424309382793,-7.307288854507831
2025-09-13 17:00:00,17,28.219999999999995,31.222709271102026,3.002709271102031,3.002709271102031,0.7725054639155446,3.002709271102031
2025-09-13 18:00:00,18,12.530000000000001,6.585466576542995,5.944533423457006,5.944533423457006,1.529347044765252,-5.944533423457006
2025-09-13 19:00:00,19,8.99,6.342015751526321,2.647984248473679,2.647984248473679,0.6812455404839978,-2.647984248473679
2025-09-14 06:00:00,6,10.009999999999998,6.826888322983398,3.1831116770166004,3.1831116770166004,0.818917497745702,-3.1831116770166004
2025-09-14 07:00:00,7,31.650000000000002,6.837395902552087,24.812604097447917,24.812604097447917,6.383525845716292,-24.812604097447917
2025-09-14 08:00:00,8,76.66,82.37736200415925,5.717362004159256,5.717362004159256,1.4709027710082545,5.717362004159256
2025-09-14 09:00:00,9,128.62,134.92995471257646,6.309954712576456,6.309954712576456,1.6233587911546161,6.309954712576456
2025-09-14 10:00:00,10,155.51000000000002,166.92354431130406,11.413544311304037,11.413544311304037,2.936356652300405,11.413544311304037
2025-09-14 11:00:00,11,180.89,177.60264245863505,3.2873575413649405,3.2873575413649405,0.8457367774457762,-3.2873575413649405
2025-09-14 12:00:00,12,173.83,176.28057390047698,2.450573900476968,2.450573900476968,0.6304578821753535,2.450573900476968
2025-09-14 13:00:00,13,148.47,164.1684604430112,15.698460443011214,15.698460443011214,4.038734813256626,15.698460443011214
2025-09-14 14:00:00,14,112.70999999999998,128.2122321121411,15.502232112141115,15.502232112141115,3.9882512518838857,15.502232112141115
2025-09-14 15:00:00,15,87.46999999999998,109.07175010573394,21.601750105733956,21.601750105733956,5.557471096991407,21.601750105733956
2025-09-14 16:00:00,16,66.82,62.75795286763945,4.06204713236054,4.06204713236054,1.045040768558762,-4.06204713236054
2025-09-14 17:00:00,17,37.410000000000004,27.694347998479845,9.715652001520159,9.715652001520159,2.4995407743626634,-9.715652001520159
2025-09-14 18:00:00,18,10.84,6.585466576542995,4.254533423457005,4.254533423457005,1.0945616172909083,-4.254533423457005
2025-09-14 19:00:00,19,9.0,6.342015751526321,2.657984248473679,2.657984248473679,0.6838182353211241,-2.657984248473679
2025-09-15 06:00:00,6,9.329999999999998,6.826888322983398,2.5031116770166006,2.5031116770166006,0.6439742488211142,-2.5031116770166006
2025-09-15 07:00:00,7,18.73,6.837395902552087,11.892604097447913,11.892604097447913,3.0596041161491225,-11.892604097447913
2025-09-15 08:00:00,8,49.82999999999999,65.25060200563559,15.420602005635594,15.420602005635594,3.967250316527803,15.420602005635594
2025-09-15 09:00:00,9,64.27,107.35459191894667,43.08459191894667,43.08459191894667,11.084350718956724,43.08459191894667
2025-09-15 10:00:00,10,88.97999999999999,109.4771471460578,20.497147146057813,20.497147146057813,5.273290463848084,20.497147146057813
2025-09-15 11:00:00,11,108.98,109.58456034174253,0.6045603417425269,0.6045603417425269,0.15553492699323057,0.6045603417425269
2025-09-15 12:00:00,12,127.89000000000001,130.08715890810464,2.197158908104626,2.197158908104626,0.5652619379226812,2.197158908104626
2025-09-15 13:00:00,13,115.07000000000002,114.6059805122965,0.4640194877035242,0.4640194877035242,0.11937805403408434,-0.4640194877035242
2025-09-15 14:00:00,14,100.91999999999999,81.64420974014915,19.275790259850837,19.275790259850837,4.9590726083047505,-19.275790259850837
2025-09-15 15:00:00,15,77.33000000000001,51.34126386033574,25.988736139664276,25.988736139664276,6.686108728995175,-25.988736139664276
2025-09-15 16:00:00,16,46.31,40.97389231843498,5.336107681565025,5.336107681565025,1.3728176682712285,-5.336107681565025
2025-09-15 17:00:00,17,22.050000000000004,23.42095759035121,1.3709575903512068,1.3709575903512068,0.3527055514615651,1.3709575903512068
2025-09-15 18:00:00,18,10.04,6.585466576542995,3.454533423457004,3.454533423457004,0.8887460303208049,-3.454533423457004
2025-09-15 19:00:00,19,9.85,6.342015751526321,3.5079842484736785,3.5079842484736785,0.9024972964768587,-3.5079842484736785
2025-09-16 06:00:00,6,10.229999999999999,6.826888322983398,3.403111677016601,3.403111677016601,0.8755167841624806,-3.403111677016601
2025-09-16 07:00:00,7,18.22,6.837395902552087,11.382604097447912,11.382604097447912,2.9283966794556817,-11.382604097447912
2025-09-16 08:00:00,8,50.52,63.28143396462596,12.761433964625958,12.761433964625958,3.2831275275121308,12.761433964625958
2025-09-16 09:00:00,9,137.64999999999998,102.75577096066922,34.89422903933075,34.89422903933075,8.977220289498856,-34.89422903933075
2025-09-16 10:00:00,10,168.20999999999998,134.9304814905668,33.27951850943319,33.27951850943319,8.561804545126762,-33.27951850943319
2025-09-16 11:00:00,11,203.79000000000002,156.5774587602851,47.21254123971491,47.21254123971491,12.146346109502668,-47.21254123971491
2025-09-16 12:00:00,12,196.16000000000003,154.66810466873287,41.49189533126716,41.49189533126716,10.674598490133551,-41.49189533126716
2025-09-16 13:00:00,13,180.19,133.71388034071092,46.47611965928908,46.47611965928908,11.956887309711677,-46.47611965928908
2025-09-16 14:00:00,14,165.38,114.20316608263083,51.176833917369166,51.176833917369166,13.166237639968534,-51.176833917369166
2025-09-16 15:00:00,15,105.48999999999998,92.0420733219677,13.447926678032275,13.447926678032275,3.459741153462655,-13.447926678032275
2025-09-16 16:00:00,16,42.41,57.559891282467326,15.14989128246733,15.14989128246733,3.897604708542832,15.14989128246733
2025-09-16 17:00:00,17,17.88,25.14281915496494,7.262819154964941,7.262819154964941,1.8685017342960242,7.262819154964941
2025-09-16 18:00:00,18,13.029999999999998,6.585466576542995,6.444533423457003,6.444533423457003,1.6579817866215658,-6.444533423457003
2025-09-16 19:00:00,19,12.95,6.342015751526321,6.607984248473678,6.607984248473678,1.700032695986009,-6.607984248473678
2025-09-17 06:00:00,6,13.02,6.826888322983398,6.193111677016602,6.193111677016602,1.5932986437207162,-6.193111677016602
2025-09-17 07:00:00,7,17.310000000000002,6.837395902552087,10.472604097447915,10.472604097447915,2.69428144927719,-10.472604097447915
2025-09-17 08:00:00,8,24.55,15.569920898244954,8.980079101755047,8.980079101755047,2.3103003142070917,-8.980079101755047
2025-09-17 09:00:00,9,49.33,19.422938678078047,29.90706132192195,29.90706132192195,7.694174225652802,-29.90706132192195
2025-09-17 10:00:00,10,54.44,57.00499126403526,2.564991264035264,2.564991264035264,0.6598939782257565,2.564991264035264
2025-09-17 11:00:00,11,59.260000000000005,85.2501724828988,25.9901724828988,25.9901724828988,6.686478256277556,25.9901724828988
2025-09-17 12:00:00,12,57.7,121.49960560116624,63.799605601166235,63.799605601166235,16.4136915940814,63.799605601166235
2025-09-17 13:00:00,13,66.33999999999999,137.35942731197238,71.0194273119724,71.0194273119724,18.27113139811773,71.0194273119724
2025-09-17 14:00:00,14,66.53,131.71245618399652,65.18245618399652,65.18245618399652,16.769456849577857,65.18245618399652
2025-09-17 15:00:00,15,59.099999999999994,86.94468798723665,27.844687987236654,27.844687987236654,7.163588502615621,27.844687987236654
2025-09-17 16:00:00,16,51.95000000000001,55.41050285653096,3.460502856530951,3.460502856530951,0.8902817832857962,3.460502856530951
2025-09-17 17:00:00,17,22.489999999999995,23.10459972076907,0.6145997207690748,0.6145997207690748,0.1581177528521859,0.6145997207690748
2025-09-17 18:00:00,18,12.979999999999999,6.585466576542995,6.394533423457004,6.394533423457004,1.6451183124359343,-6.394533423457004
2025-09-17 19:00:00,19,12.959999999999999,6.342015751526321,6.617984248473678,6.617984248473678,1.7026053908231353,-6.617984248473678
2025-09-18 06:00:00,6,13.669999999999998,6.826888322983398,6.8431116770166005,6.8431116770166005,1.7605238081339247,-6.8431116770166005
2025-09-18 07:00:00,7,28.85,6.837395902552087,22.012604097447912,22.012604097447912,5.66317129132093,-22.012604097447912
2025-09-18 08:00:00,8,69.93,60.33448388031498,9.59551611968503,9.59551611968503,2.4686334780675785,-9.59551611968503
2025-09-18 09:00:00,9,122.46,105.44793562796698,17.01206437203301,17.01206437203301,4.376685017878945,-17.01206437203301
2025-09-18 10:00:00,10,147.22,167.04193717965657,19.821937179656572,19.821937179656572,5.099579544394415,19.821937179656572
2025-09-18 11:00:00,11,159.82000000000002,175.09719975011677,15.27719975011675,15.27719975011675,3.930357292287244,15.27719975011675
2025-09-18 12:00:00,12,170.92,189.02240820185543,18.10240820185544,18.10240820185544,4.657197212046612,18.10240820185544
2025-09-18 13:00:00,13,162.61,168.03485769590074,5.424857695900727,5.424857695900727,1.395650338638863,5.424857695900727
2025-09-18 14:00:00,14,134.26,122.76857420073019,11.491425799269805,11.491425799269805,2.95639318250013,-11.491425799269805
2025-09-18 15:00:00,15,87.53,72.68805066922917,14.84194933077083,14.84194933077083,3.8183806416164137,-14.84194933077083
2025-09-18 16:00:00,16,52.51,56.86620298781793,4.35620298781793,4.35620298781793,1.1207180936233316,4.35620298781793
2025-09-18 17:00:00,17,30.779999999999998,23.844994621925636,6.9350053780743615,6.9350053780743615,1.7841652531614978,-6.9350053780743615
2025-09-18 18:00:00,18,13.549999999999997,6.585466576542995,6.964533423457002,6.964533423457002,1.791761918152133,-6.964533423457002
2025-09-18 19:00:00,19,13.419999999999998,6.342015751526321,7.077984248473677,7.077984248473677,1.8209493533309447,-7.077984248473677
2025-09-19 06:00:00,6,13.429999999999998,6.826888322983398,6.6031116770166,6.6031116770166,1.698779132042894,-6.6031116770166
2025-09-19 07:00:00,7,14.209999999999999,6.837395902552087,7.372604097447912,7.372604097447912,1.8967460497680388,-7.372604097447912
2025-09-19 08:00:00,8,19.119999999999997,13.595085403720828,5.524914596279169,5.524914596279169,1.4213919257411107,-5.524914596279169
2025-09-19 09:00:00,9,28.75,48.872336326272105,20.122336326272105,20.122336326272105,5.176863077751908,20.122336326272105
2025-09-19 10:00:00,10,37.50999999999999,59.95600395351849,22.4460039535185,22.4460039535185,5.7746718485333375,22.4460039535185
2025-09-19 11:00:00,11,37.64,54.26906962024669,16.62906962024669,16.62906962024669,4.278152155822232,16.62906962024669
2025-09-19 12:00:00,12,36.44,45.77598386005485,9.335983860054853,9.335983860054853,2.4018637476257507,9.335983860054853
2025-09-19 13:00:00,13,26.990000000000002,27.315658694568377,0.32565869456837504,0.32565869456837504,0.08378204421813464,0.32565869456837504
2025-09-19 14:00:00,14,19.240000000000002,23.054525986921405,3.814525986921403,3.814525986921403,0.9813611312636765,3.814525986921403
2025-09-19 15:00:00,15,17.38,13.081228208218025,4.298771791781974,4.298771791781974,1.105942799470162,-4.298771791781974
2025-09-19 16:00:00,16,15.999999999999998,12.109366434848258,3.89063356515174,3.89063356515174,1.000941288621614,-3.89063356515174
2025-09-19 17:00:00,17,14.049999999999997,10.224571831100338,3.825428168899659,3.825428168899659,0.9841659299925637,-3.825428168899659
2025-09-19 18:00:00,18,13.43,6.585466576542995,6.844533423457005,6.844533423457005,1.7608895801066178,-6.844533423457005
2025-09-19 19:00:00,19,13.43,6.342015751526321,7.087984248473679,7.087984248473679,1.8235220481680712,-7.087984248473679
2025-09-20 06:00:00,6,13.739999999999998,6.826888322983398,6.913111677016601,6.913111677016601,1.7785326719938088,-6.913111677016601
2025-09-20 07:00:00,7,40.61,6.837395902552087,33.77260409744791,33.77260409744791,8.688660419781447,-33.77260409744791
2025-09-20 08:00:00,8,100.08,69.93497988038676,30.145020119613235,30.145020119613235,7.755393762679716,-30.145020119613235
2025-09-20 09:00:00,9,147.2,136.1884144030881,11.011585596911885,11.011585596911885,2.8329449413749446,-11.011585596911885
2025-09-20 10:00:00,10,181.41000000000003,182.37471997471786,0.9647199747178377,0.9647199747178377,0.24819300982291875,0.9647199747178377
2025-09-20 11:00:00,11,203.67000000000002,201.62491891865523,2.04508108134479,2.04508108134479,0.5261369539480395,-2.04508108134479
2025-09-20 12:00:00,12,198.95000000000002,198.73355340122558,0.21644659877443928,0.21644659877443928,0.05568510471805459,-0.21644659877443928
2025-09-20 13:00:00,13,209.10999999999999,195.27968709336236,13.83031290663763,13.83031290663763,3.558117461074775,-13.83031290663763
2025-09-20 14:00:00,14,177.26000000000002,160.0351464626409,17.22485353735911,17.22485353735911,4.431429176582032,-17.22485353735911
2025-09-20 15:00:00,15,146.91,128.01761589067442,18.892384109325576,18.892384109325576,4.860433905906871,-18.892384109325576
2025-09-20 16:00:00,16,99.18,93.29205214544697,5.887947854553033,5.887947854553033,1.5147893046677414,-5.887947854553033
2025-09-20 17:00:00,17,43.05,38.216289496845306,4.833710503154691,4.833710503154691,1.2435662055629204,-4.833710503154691
2025-09-20 18:00:00,18,13.93,6.585466576542995,7.344533423457005,7.344533423457005,1.8895243219629325,-7.344533423457005
2025-09-20 19:00:00,19,13.43,6.342015751526321,7.087984248473679,7.087984248473679,1.8235220481680712,-7.087984248473679
2025-09-21 06:00:00,6,14.449999999999998,6.826888322983398,7.6231116770166,7.6231116770166,1.9611940054297756,-7.6231116770166
2025-09-21 07:00:00,7,45.300000000000004,6.837395902552087,38.462604097447915,38.462604097447915,9.89525429839368,-38.462604097447915
2025-09-21 08:00:00,8,96.97,81.79833840683136,15.171661593168636,15.171661593168636,3.90320554513722,-15.171661593168636
2025-09-21 09:00:00,9,113.51999999999998,119.59695579875167,6.076955798751683,6.076955798751683,1.5634152808893136,6.076955798751683
2025-09-21 10:00:00,10,153.30999999999997,132.38352884339054,20.926471156609438,20.926471156609438,5.383742430388136,-20.926471156609438
2025-09-21 11:00:00,11,209.95999999999998,137.31215046733308,72.6478495326669,72.6478495326669,18.69007474210198,-72.6478495326669
2025-09-21 12:00:00,12,177.62999999999997,144.90984568709462,32.72015431290535,32.72015431290535,8.417897207078715,-32.72015431290535
2025-09-21 13:00:00,13,161.92999999999998,106.25270849875197,55.67729150124801,55.67729150124801,14.324068039043631,-55.67729150124801
2025-09-21 14:00:00,14,145.95000000000002,77.44433169323393,68.50566830676608,68.50566830676608,17.624417916670335,-68.50566830676608
2025-09-21 15:00:00,15,100.50999999999999,84.35086210668207,16.15913789331792,16.15913789331792,4.157253063055083,-16.15913789331792
2025-09-21 16:00:00,16,87.6,60.61096151631119,26.9890384836888,26.9890384836888,6.943455996598898,-26.9890384836888
2025-09-21 17:00:00,17,39.08,25.017349791158157,14.062650208841841,14.062650208841841,3.617890758860037,-14.062650208841841
2025-09-21 18:00:00,18,13.78,6.585466576542995,7.194533423457004,7.194533423457004,1.850933899406038,-7.194533423457004
2025-09-21 19:00:00,19,13.659999999999998,6.342015751526321,7.317984248473677,7.317984248473677,1.8826940294219756,-7.317984248473677
2025-09-22 06:00:00,6,13.539999999999997,6.826888322983398,6.7131116770166,6.7131116770166,1.7270787752512828,-6.7131116770166
2025-09-22 07:00:00,7,30.15,6.837395902552087,23.31260409744791,23.31260409744791,5.9976216201473465,-23.31260409744791
2025-09-22 08:00:00,8,53.38,34.457171773543024,18.92282822645698,18.92282822645698,4.868266248203353,-18.92282822645698
2025-09-22 09:00:00,9,73.07,56.056116927053424,17.01388307294657,17.01388307294657,4.377152914124005,-17.01388307294657
2025-09-22 10:00:00,10,104.67,80.67506385239534,23.994936147604662,23.994936147604662,6.173164834411755,-23.994936147604662
2025-09-22 11:00:00,11,108.96,91.82065237232612,17.13934762767387,17.13934762767387,4.409431115342932,-17.13934762767387
2025-09-22 12:00:00,12,94.69999999999999,103.43799188670147,8.73799188670148,8.73799188670148,2.248018661376832,8.73799188670148
2025-09-22 13:00:00,13,95.49000000000001,81.33962919566287,14.150370804337143,14.150370804337143,3.6404585911740783,-14.150370804337143
2025-09-22 14:00:00,14,57.76,57.16609287403386,0.5939071259661404,0.5939071259661404,0.15279417967056036,-0.5939071259661404
2025-09-22 15:00:00,15,33.239999999999995,25.078972493045637,8.161027506954358,8.161027506954358,2.099583333278713,-8.161027506954358
2025-09-22 16:00:00,16,29.11,13.397172538956571,15.712827461043428,15.712827461043428,4.042431008568265,-15.712827461043428
2025-09-22 17:00:00,17,16.47,10.118374013434948,6.35162598656505,6.35162598656505,1.6340795382993094,-6.35162598656505
2025-09-22 18:00:00,18,13.43,6.585466576542995,6.844533423457005,6.844533423457005,1.7608895801066178,-6.844533423457005
2025-09-22 19:00:00,19,13.419999999999998,6.342015751526321,7.077984248473677,7.077984248473677,1.8209493533309447,-7.077984248473677
2025-09-23 06:00:00,6,13.419999999999998,6.826888322983398,6.5931116770166005,6.5931116770166005,1.6962064372057675,-6.5931116770166005
2025-09-23 07:00:00,7,22.939999999999998,6.837395902552087,16.10260409744791,16.10260409744791,4.14270864257929,-16.10260409744791
2025-09-23 08:00:00,8,42.82,28.631025175127206,14.188974824872794,14.188974824872794,3.650390227606517,-14.188974824872794
2025-09-23 09:00:00,9,51.77,58.06954697528909,6.29954697528909,6.29954697528909,1.620681197956079,6.29954697528909
2025-09-23 10:00:00,10,55.68,75.29173316973895,19.611733169738947,19.611733169738947,5.0455004672885835,19.611733169738947
2025-09-23 11:00:00,11,55.230000000000004,82.60333052822968,27.373330528229673,27.373330528229673,7.042322612492799,27.373330528229673
2025-09-23 12:00:00,12,85.26,83.56298373676704,1.6970162632329675,1.6970162632329675,0.43659049789388077,-1.6970162632329675
2025-09-23 13:00:00,13,81.25000000000001,65.33882574469098,15.911174255309035,15.911174255309035,4.093459585925033,-15.911174255309035
2025-09-23 14:00:00,14,101.87,50.17545736243082,51.694542637569185,51.694542637569185,13.29942829512792,-51.694542637569185
2025-09-23 15:00:00,15,78.92,39.336426512698594,39.58357348730141,39.58357348730141,10.18364551457895,-39.58357348730141
2025-09-23 16:00:00,16,56.8,29.63672849353771,27.163271506462287,27.163271506462287,6.988280836413524,-27.163271506462287
2025-09-23 17:00:00,17,25.009999999999998,10.027333893664004,14.982666106335994,14.982666106335994,3.8545827738157694,-14.982666106335994
2025-09-23 18:00:00,18,13.43,6.585466576542995,6.844533423457005,6.844533423457005,1.7608895801066178,-6.844533423457005
2025-09-23 19:00:00,19,13.419999999999998,6.342015751526321,7.077984248473677,7.077984248473677,1.8209493533309447,-7.077984248473677
2025-09-24 06:00:00,6,13.419999999999998,6.826888322983398,6.5931116770166005,6.5931116770166005,1.6962064372057675,-6.5931116770166005
2025-09-24 07:00:00,7,18.34,6.837395902552087,11.502604097447913,11.502604097447913,2.9592690175011973,-11.502604097447913
2025-09-24 08:00:00,8,29.38,15.71421250066217,13.66578749933783,13.66578749933783,3.515790094481145,-13.66578749933783
2025-09-24 09:00:00,9,32.349999999999994,19.46340468283084,12.886595317169153,12.886595317169153,3.315327724061693,-12.886595317169153
2025-09-24 10:00:00,10,42.839999999999996,60.34467864403248,17.50467864403248,17.50467864403248,4.503419637305722,17.50467864403248
2025-09-24 11:00:00,11,54.89999999999999,106.84018375855575,51.94018375855576,51.94018375855576,13.362624259502729,51.94018375855576
2025-09-24 12:00:00,12,55.75000000000001,90.35079003183588,34.60079003183588,34.60079003183588,8.901727387539502,34.60079003183588
2025-09-24 13:00:00,13,56.89,80.4519584098681,23.561958409868097,23.561958409868097,6.0617728753652065,23.561958409868097
2025-09-24 14:00:00,14,47.85,75.28363570836693,27.43363570836693,27.43363570836693,7.057837295051908,27.43363570836693
2025-09-24 15:00:00,15,42.84,42.64997193027027,0.19002806972973474,0.19002806972973474,0.04888842339027635,-0.19002806972973474
2025-09-24 16:00:00,16,31.62,35.28599789275518,3.6659978927551755,3.6659978927551755,0.9431493851607106,3.6659978927551755
2025-09-24 17:00:00,17,25.770000000000003,16.393577231009555,9.376422768990448,9.376422768990448,2.412267444849513,-9.376422768990448
2025-09-24 18:00:00,18,13.86,6.585466576542995,7.2745334234570045,7.2745334234570045,1.8715154581030482,-7.2745334234570045
2025-09-24 19:00:00,19,13.439999999999998,6.342015751526321,7.097984248473677,7.097984248473677,1.826094743005197,-7.097984248473677
2025-09-25 06:00:00,6,13.499999999999996,6.826888322983398,6.673111677016599,6.673111677016599,1.7167879959027774,-6.673111677016599
2025-09-25 07:00:00,7,32.269999999999996,6.837395902552087,25.432604097447907,25.432604097447907,6.543032925618119,-25.432604097447907
2025-09-25 08:00:00,8,62.18000000000001,63.65190872671158,1.4719087267115754,1.4719087267115754,0.3786771981932004,1.4719087267115754
2025-09-25 09:00:00,9,100.06,100.66784169619882,0.6078416961988182,0.6078416961988182,0.15637911936007876,0.6078416961988182
2025-09-25 10:00:00,10,90.44999999999999,132.0980247592098,41.64802475920982,41.64802475920982,10.714765827452707,41.64802475920982
2025-09-25 11:00:00,11,90.1,154.98095144124318,64.88095144124318,64.88095144124318,16.691888880072796,64.88095144124318
2025-09-25 12:00:00,12,108.33,153.66725968783746,45.33725968783746,45.33725968783746,11.663893392835337,45.33725968783746
2025-09-25 13:00:00,13,106.25999999999999,146.04587373266142,39.78587373266143,39.78587373266143,10.235691194257662,39.78587373266143
2025-09-25 14:00:00,14,99.49000000000001,124.64894663598996,25.15894663598995,25.15894663598995,6.472629211794723,25.15894663598995
2025-09-25 15:00:00,15,59.769999999999996,81.44878952351262,21.67878952351262,21.67878952351262,5.577290988228846,21.67878952351262
2025-09-25 16:00:00,16,38.0,55.669793005371005,17.669793005371005,17.669793005371005,4.545898523800824,17.669793005371005
2025-09-25 17:00:00,17,24.619999999999997,23.35305475442029,1.2669452455797057,1.2669452455797057,0.3259463492224611,-1.2669452455797057
2025-09-25 18:00:00,18,13.579999999999998,6.585466576542995,6.994533423457003,6.994533423457003,1.799480002663512,-6.994533423457003
2025-09-25 19:00:00,19,13.429999999999998,6.342015751526321,7.087984248473677,7.087984248473677,1.8235220481680705,-7.087984248473677
2025-09-26 06:00:00,6,13.429999999999998,6.826888322983398,6.6031116770166,6.6031116770166,1.698779132042894,-6.6031116770166
2025-09-26 07:00:00,7,20.84,6.837395902552087,14.002604097447913,14.002604097447913,3.6024427267827703,-14.002604097447913
2025-09-26 08:00:00,8,42.11,46.114973432638735,4.004973432638735,4.004973432638735,1.0303574472977635,4.004973432638735
2025-09-26 09:00:00,9,50.82999999999999,83.56899810922586,32.73899810922587,32.73899810922587,8.422745140829281,32.73899810922587
2025-09-26 10:00:00,10,63.02,126.94874176005895,63.92874176005895,63.92874176005895,16.446914387008363,63.92874176005895
2025-09-26 11:00:00,11,72.41000000000001,127.30680893984696,54.89680893984695,54.89680893984695,14.12327369342527,54.89680893984695
2025-09-26 12:00:00,12,81.38,128.53120018234284,47.15120018234285,47.15120018234285,12.13056492734217,47.15120018234285
2025-09-26 13:00:00,13,79.96000000000001,93.98309558367025,14.02309558367024,14.02309558367024,3.607714560863693,14.02309558367024
2025-09-26 14:00:00,14,71.32000000000001,63.95305354668998,7.366946453310028,7.366946453310028,1.8952905105816555,-7.366946453310028
2025-09-26 15:00:00,15,66.78,45.86132036263912,20.91867963736088,20.91867963736088,5.381737910253722,-20.91867963736088
2025-09-26 16:00:00,16,37.51,15.46207527803486,22.04792472196514,22.04792472196514,5.672258210154884,-22.04792472196514
2025-09-26 17:00:00,17,26.749999999999996,10.420274900285651,16.329725099714345,16.329725099714345,4.201139945572672,-16.329725099714345
2025-09-26 18:00:00,18,13.479999999999999,6.585466576542995,6.894533423457004,6.894533423457004,1.773753054292249,-6.894533423457004
2025-09-26 19:00:00,19,13.429999999999998,6.342015751526321,7.087984248473677,7.087984248473677,1.8235220481680705,-7.087984248473677
2025-09-27 06:00:00,6,13.509999999999998,6.826888322983398,6.6831116770166,6.6831116770166,1.7193606907399042,-6.6831116770166
2025-09-27 07:00:00,7,25.35,6.837395902552087,18.512604097447912,18.512604097447912,4.762728098326728,-18.512604097447912
2025-09-27 08:00:00,8,36.99999999999999,22.73711200118932,14.262887998810672,14.262887998810672,3.669405831705076,-14.262887998810672
2025-09-27 09:00:00,9,48.78999999999999,48.442075867550514,0.34792413244947795,0.34792413244947795,0.08951026192644161,-0.34792413244947795
2025-09-27 10:00:00,10,51.62,50.13642924275017,1.4835707572498293,1.4835707572498293,0.3816774827688179,-1.4835707572498293
2025-09-27 11:00:00,11,47.77,47.72470426939583,0.04529573060417391,0.04529573060417391,0.01165320922692216,-0.04529573060417391
2025-09-27 12:00:00,12,37.26,63.64444481798787,26.38444481798787,26.38444481798787,6.787912496368094,26.38444481798787
2025-09-27 13:00:00,13,33.02,58.373469296492516,25.353469296492513,25.353469296492513,6.522673956232625,25.353469296492513
2025-09-27 14:00:00,14,46.480000000000004,50.074212719870566,3.594212719870562,3.594212719870562,0.9246812507944642,3.594212719870562
2025-09-27 15:00:00,15,37.940000000000005,30.579993857283505,7.3600061427165,7.3600061427165,1.8935049804584534,-7.3600061427165
2025-09-27 16:00:00,16,28.6,12.104651670593018,16.495348329406983,16.495348329406983,4.243749748366515,-16.495348329406983
2025-09-27 17:00:00,17,15.810000000000002,9.791587875789526,6.018412124210476,6.018412124210476,1.548353779965457,-6.018412124210476
2025-09-27 18:00:00,18,13.43,6.585466576542995,6.844533423457005,6.844533423457005,1.7608895801066178,-6.844533423457005
2025-09-27 19:00:00,19,13.419999999999998,6.342015751526321,7.077984248473677,7.077984248473677,1.8209493533309447,-7.077984248473677
2025-09-28 06:00:00,6,13.419999999999998,6.826888322983398,6.5931116770166005,6.5931116770166005,1.6962064372057675,-6.5931116770166005
2025-09-28 07:00:00,7,22.060000000000002,6.837395902552087,15.222604097447915,15.222604097447915,3.9163114969121784,-15.222604097447915
2025-09-28 08:00:00,8,43.21,30.40990548919164,12.80009451080836,12.80009451080836,3.2930737062685256,-12.80009451080836
2025-09-28 09:00:00,9,80.16000000000001,38.70456639058939,41.45543360941062,41.45543360941062,10.665218001776246,-41.45543360941062
2025-09-28 10:00:00,10,83.92,54.64759825785604,29.272401742143963,29.272401742143963,7.530895683230045,-29.272401742143963
2025-09-28 11:00:00,11,90.60000000000001,73.75797158210716,16.84202841789285,16.84202841789285,4.332939955744722,-16.84202841789285
2025-09-28 12:00:00,12,88.43,77.93624934023391,10.493750659766093,10.493750659766093,2.6997218144470847,-10.493750659766093
2025-09-28 13:00:00,13,96.39999999999999,89.32947819614861,7.070521803851378,7.070521803851378,1.8190294940557314,-7.070521803851378
2025-09-28 14:00:00,14,77.98000000000002,60.5983652939014,17.381634706098616,17.381634706098616,4.471764186919508,-17.381634706098616
2025-09-28 15:00:00,15,60.45,78.5620753228719,18.112075322871902,18.112075322871902,4.659684267279506,18.112075322871902
2025-09-28 16:00:00,16,34.78,46.332522698890756,11.552522698890755,11.552522698890755,2.9721115503220537,11.552522698890755
2025-09-28 17:00:00,17,16.439999999999998,10.355103826796658,6.08489617320334,6.08489617320334,1.565458096924976,-6.08489617320334
2025-09-28 18:00:00,18,13.439999999999998,6.585466576542995,6.854533423457003,6.854533423457003,1.7634622749437439,-6.854533423457003
2025-09-28 19:00:00,19,13.429999999999998,6.342015751526321,7.087984248473677,7.087984248473677,1.8235220481680705,-7.087984248473677
2025-09-29 06:00:00,6,13.449999999999998,6.826888322983398,6.6231116770166,6.6231116770166,1.7039245217171464,-6.6231116770166
2025-09-29 07:00:00,7,22.939999999999998,6.837395902552087,16.10260409744791,16.10260409744791,4.14270864257929,-16.10260409744791
2025-09-29 08:00:00,8,42.31,18.878586348273892,23.43141365172611,23.43141365172611,6.028187692836628,-23.43141365172611
2025-09-29 09:00:00,9,54.78000000000001,54.957866159218774,0.17786615921876603,0.17786615921876603,0.04575953495216024,0.17786615921876603
2025-09-29 10:00:00,10,72.23,76.36513390712537,4.135133907125365,4.135133907125365,1.0638437653687296,4.135133907125365
2025-09-29 11:00:00,11,102.07,80.58782673389365,21.482173266106344,21.482173266106344,5.526707625196424,-21.482173266106344
2025-09-29 12:00:00,12,134.54000000000002,109.99164176707107,24.548358232928948,24.548358232928948,6.315543448578301,-24.548358232928948
2025-09-29 13:00:00,13,121.42999999999999,117.59186779629039,3.8381322037096055,3.8381322037096055,0.987434290469186,-3.8381322037096055
2025-09-29 14:00:00,14,117.03,63.637840575005654,53.39215942499435,53.39215942499435,13.736173289570683,-53.39215942499435
2025-09-29 15:00:00,15,89.22999999999999,90.67789525066236,1.44789525066237,1.44789525066237,0.3724992636078757,1.44789525066237
2025-09-29 16:00:00,16,63.87,55.18679433839719,8.683205661602805,8.683205661602805,2.2339238375311323,-8.683205661602805
2025-09-29 17:00:00,17,28.62,23.165168016223955,5.454831983776046,5.454831983776046,1.4033618082052002,-5.454831983776046
2025-09-29 18:00:00,18,13.04,6.585466576542995,6.454533423457004,6.454533423457004,1.660554481458692,-6.454533423457004
2025-09-29 19:00:00,19,12.95,6.342015751526321,6.607984248473678,6.607984248473678,1.700032695986009,-6.607984248473678
2025-09-30 06:00:00,6,12.95,6.826888322983398,6.123111677016602,6.123111677016602,1.575289779860832,-6.123111677016602
2025-09-30 07:00:00,7,28.069999999999997,6.837395902552087,21.23260409744791,21.23260409744791,5.462501094025079,-21.23260409744791
2025-09-30 08:00:00,8,86.88999999999999,82.74756386444705,4.142436135552941,4.142436135552941,1.065722405906244,-4.142436135552941
2025-09-30 09:00:00,9,134.27,138.04629438161638,3.776294381616367,3.776294381616367,0.971525305905345,3.776294381616367
2025-09-30 10:00:00,10,178.64000000000001,190.41385718597525,11.773857185975231,11.773857185975231,3.0290541595420764,11.773857185975231
2025-09-30 11:00:00,11,197.71999999999997,205.07521586098568,7.355215860985709,7.355215860985709,1.8922725871507347,7.355215860985709
2025-09-30 12:00:00,12,200.04999999999998,208.36131527216355,8.311315272163569,8.311315272163569,2.138247789042411,8.311315272163569
2025-09-30 13:00:00,13,188.67,200.4223112095938,11.752311209593813,11.752311209593813,3.023511037322345,11.752311209593813
2025-09-30 14:00:00,14,166.49,172.2619512388365,5.771951238836493,5.771951238836493,1.484946915229935,5.771951238836493
2025-09-30 15:00:00,15,130.98,125.49478333249898,5.485216667501007,5.485216667501007,1.4111788600998922,-5.485216667501007
2025-09-30 16:00:00,16,78.58,79.17919893711465,0.5991989371146502,0.5991989371146502,0.1541556011926422,0.5991989371146502
2025-09-30 17:00:00,17,28.599999999999998,29.01613749852327,0.4161374985232733,0.4161374985232733,0.1070594793985475,0.4161374985232733
2025-09-30 18:00:00,18,10.399999999999999,6.585466576542995,3.8145334234570036,3.8145334234570036,0.9813630444573512,-3.8145334234570036
2025-09-30 19:00:00,19,10.379999999999999,6.342015751526321,4.037984248473678,4.037984248473678,1.0388501228445521,-4.037984248473678
2025-10-01 06:00:00,6,10.499999999999998,6.826888322983398,3.6731116770166006,3.6731116770166006,0.9449795447648903,-3.6731116770166006
2025-10-01 07:00:00,7,45.74,6.837395902552087,38.90260409744791,38.90260409744791,10.008452871227238,-38.90260409744791
2025-10-01 08:00:00,8,65.82000000000001,81.66383778923004,15.843837789230037,15.843837789230037,4.076135968061855,15.843837789230037
2025-10-01 09:00:00,9,77.54,126.85522949693785,49.315229496937846,49.315229496937846,12.687303631847021,49.315229496937846
2025-10-01 10:00:00,10,59.85,160.05123148176935,100.20123148176936,100.20123148176936,25.778719090684447,100.20123148176936
2025-10-01 11:00:00,11,108.95,149.97805207879017,41.02805207879017,41.02805207879017,10.555265776045209,41.02805207879017
2025-10-01 12:00:00,12,151.29000000000002,147.12453827295332,4.165461727046704,4.165461727046704,1.0716461879420223,-4.165461727046704
2025-10-01 13:00:00,13,148.07999999999998,135.1444542901756,12.935545709824396,12.935545709824396,3.3279211663076373,-12.935545709824396
2025-10-01 14:00:00,14,115.72,99.69272173192398,16.027278268076017,16.027278268076017,4.123329605346558,-16.027278268076017
2025-10-01 15:00:00,15,55.60999999999999,84.23569292710434,28.625692927104346,28.625692927104346,7.364517240272396,28.625692927104346
2025-10-01 16:00:00,16,23.27,47.79943567948239,24.529435679482393,24.529435679482393,6.310675253022581,24.529435679482393
2025-10-01 17:00:00,17,17.69,11.135563617795649,6.5544363822043525,6.5544363822043525,1.6862564640769868,-6.5544363822043525
2025-10-01 18:00:00,18,10.399999999999999,6.585466576542995,3.8145334234570036,3.8145334234570036,0.9813630444573512,-3.8145334234570036
2025-10-01 19:00:00,19,10.389999999999999,6.342015751526321,4.047984248473678,4.047984248473678,1.0414228176816782,-4.047984248473678
2025-10-02 06:00:00,6,10.389999999999999,6.826888322983398,3.563111677016601,3.563111677016601,0.9166799015565013,-3.563111677016601
2025-10-02 07:00:00,7,10.949999999999998,6.837395902552087,4.11260409744791,4.11260409744791,1.058047532864867,-4.11260409744791
2025-10-02 08:00:00,8,13.879999999999999,12.33710044739494,1.5428995526050588,1.5428995526050588,0.39694097131915,-1.5428995526050588
2025-10-02 09:00:00,9,15.53,13.247803868809491,2.282196131190508,2.282196131190508,0.5871394204023417,-2.282196131190508
2025-10-02 10:00:00,10,15.77,13.733212314180689,2.036787685819311,2.036787685819311,0.5240033163629749,-2.036787685819311
2025-10-02 11:00:00,11,17.44,16.864237833577516,0.5757621664224857,0.5757621664224857,0.14812603529677776,-0.5757621664224857
2025-10-02 12:00:00,12,18.62,19.76561275007752,1.1456127500775182,1.1456127500775182,0.2947312007470484,1.1456127500775182
2025-10-02 13:00:00,13,21.27,30.539518459091486,9.269518459091486,9.269518459091486,2.3847642282351527,9.269518459091486
2025-10-02 14:00:00,14,28.759999999999998,19.956130448817508,8.80386955118249,8.80386955118249,2.2649669741060556,-8.80386955118249
2025-10-02 15:00:00,15,24.980000000000004,11.940195377440453,13.03980462255955,13.03980462255955,3.3547438029594505,-13.03980462255955
2025-10-02 16:00:00,16,20.45,11.286027670547604,9.163972329452395,9.163972329452395,2.3576104299550376,-9.163972329452395
2025-10-02 17:00:00,17,11.479999999999999,9.718874631734478,1.761125368265521,1.761125368265521,0.45308381424688454,-1.761125368265521
2025-10-02 18:00:00,18,10.379999999999999,6.585466576542995,3.794533423457004,3.794533423457004,0.9762176547830989,-3.794533423457004
2025-10-02 19:00:00,19,10.379999999999999,6.342015751526321,4.037984248473678,4.037984248473678,1.0388501228445521,-4.037984248473678
2025-10-03 06:00:00,6,10.379999999999999,6.826888322983398,3.5531116770166014,3.5531116770166014,0.9141072067193751,-3.5531116770166014
2025-10-03 07:00:00,7,17.87,6.837395902552087,11.032604097447914,11.032604097447914,2.838352360156262,-11.032604097447914
2025-10-03 08:00:00,8,33.910000000000004,22.62667792566586,11.283322074334144,11.283322074334144,2.9028544446272573,-11.283322074334144
2025-10-03 09:00:00,9,62.39000000000001,56.73363969707757,5.656360302922437,5.656360302922437,1.455208894825466,-5.656360302922437
2025-10-03 10:00:00,10,71.57,87.84820582268239,16.278205822682395,16.278205822682395,4.187885607769413,16.278205822682395
2025-10-03 11:00:00,11,93.03999999999999,104.89761236300993,11.857612363009935,11.857612363009935,3.0506018106960546,11.857612363009935
2025-10-03 12:00:00,12,92.25,116.80720439558668,24.55720439558668,24.55720439558668,6.317819296278094,24.55720439558668
2025-10-03 13:00:00,13,75.87999999999998,124.4167377886879,48.536737788687915,48.536737788687915,12.487021471990998,48.536737788687915
2025-10-03 14:00:00,14,72.25,100.80783788634824,28.55783788634824,28.55783788634824,7.347060208969773,28.55783788634824
2025-10-03 15:00:00,15,58.61999999999999,61.23095915297935,2.610959152979362,2.610959152979362,0.671720113281764,2.610959152979362
2025-10-03 16:00:00,16,37.27,36.31075270853263,0.9592472914673706,0.9592472914673706,0.24678505542854837,-0.9592472914673706
2025-10-03 17:00:00,17,18.35,10.28632309054309,8.06367690945691,8.06367690945691,2.0745379953214287,-8.06367690945691
2025-10-03 18:00:00,18,10.45,6.585466576542995,3.8645334234570043,3.8645334234570043,0.9942265186429828,-3.8645334234570043
2025-10-03 19:00:00,19,10.389999999999999,6.342015751526321,4.047984248473678,4.047984248473678,1.0414228176816782,-4.047984248473678
2025-10-04 06:00:00,6,10.679999999999998,6.826888322983398,3.8531116770166003,3.8531116770166003,0.9912880518331635,-3.8531116770166003
2025-10-04 07:00:00,7,21.08,6.837395902552087,14.242604097447911,14.242604097447911,3.664187402873801,-14.242604097447911
2025-10-04 08:00:00,8,47.07,18.713281586396327,28.356718413603673,28.356718413603673,7.295318306052222,-28.356718413603673
2025-10-04 09:00:00,9,61.93000000000001,53.48281814211845,8.44718185788156,8.44718185788156,2.1732021154038765,-8.44718185788156
2025-10-04 10:00:00,10,81.7,72.66256863295213,9.037431367047873,9.037431367047873,2.3250553018887268,-9.037431367047873
2025-10-04 11:00:00,11,72.25,76.21005215231159,3.96005215231159,3.96005215231159,1.0188005727002887,3.96005215231159
2025-10-04 12:00:00,12,47.07,71.5442442739411,24.474244273941103,24.474244273941103,6.296476188613598,24.474244273941103
2025-10-04 13:00:00,13,35.36,55.949883440359365,20.589883440359365,20.589883440359365,5.297148682404467,20.589883440359365
2025-10-04 14:00:00,14,40.050000000000004,39.89239392817739,0.1576060718226131,0.1576060718226131,0.04054723272777923,-0.1576060718226131
2025-10-04 15:00:00,15,25.04,26.910787691255564,1.8707876912555648,1.8707876912555648,0.4812965834652606,1.8707876912555648
2025-10-04 16:00:00,16,17.64,11.315445188278284,6.3245548117217165,6.3245548117217165,1.6271149511238707,-6.3245548117217165
2025-10-04 17:00:00,17,12.690000000000001,9.446323905903519,3.2436760940964824,3.2436760940964824,0.8344988740591995,-3.2436760940964824
2025-10-04 18:00:00,18,10.609999999999998,6.585466576542995,4.024533423457003,4.024533423457003,1.035389636037003,-4.024533423457003
2025-10-04 19:00:00,19,10.609999999999998,6.342015751526321,4.2679842484736765,4.2679842484736765,1.0980221040984564,-4.2679842484736765
2025-10-05 06:00:00,6,10.619999999999997,6.826888322983398,3.7931116770166,3.7931116770166,0.9758518828104057,-3.7931116770166
2025-10-05 07:00:00,7,22.57,6.837395902552087,15.732604097447913,15.732604097447913,4.047518933605619,-15.732604097447913
2025-10-05 08:00:00,8,34.41,29.918276081383063,4.491723918616934,4.491723918616934,1.1555834935222462,-4.491723918616934
2025-10-05 09:00:00,9,46.080000000000005,57.07187949575564,10.991879495755633,10.991879495755633,2.827875162904486,10.991879495755633
2025-10-05 10:00:00,10,60.65,81.10513184129483,20.455131841294836,20.455131841294836,5.262481208083685,20.455131841294836
2025-10-05 11:00:00,11,85.22,95.97903338234896,10.75903338234896,10.75903338234896,2.7679709635238594,10.75903338234896
2025-10-05 12:00:00,12,85.72,80.25049692527345,5.469503074726546,5.469503074726546,1.4071362321995362,-5.469503074726546
2025-10-05 13:00:00,13,80.75,88.86334472012149,8.11334472012149,8.11334472012149,2.0873160073282415,8.11334472012149
2025-10-05 14:00:00,14,75.33999999999999,85.15030947615318,9.810309476153193,9.810309476153193,2.5238932539910457,9.810309476153193
2025-10-05 15:00:00,15,67.5,60.658525125424276,6.841474874575724,6.841474874575724,1.7601027088150207,-6.841474874575724
2025-10-05 16:00:00,16,41.309999999999995,41.88549373945062,0.5754937394506214,0.5754937394506214,0.1480569772283117,0.5754937394506214
2025-10-05 17:00:00,17,18.76,13.941980281743533,4.818019718256469,4.818019718256469,1.2395294454331087,-4.818019718256469
2025-10-05 18:00:00,18,10.879999999999999,6.585466576542995,4.294533423457004,4.294533423457004,1.1048523966394133,-4.294533423457004
2025-10-05 19:00:00,19,10.879999999999999,6.342015751526321,4.537984248473678,4.537984248473678,1.1674848647008667,-4.537984248473678
2025-10-06 06:00:00,6,10.879999999999999,6.826888322983398,4.053111677016601,4.053111677016601,1.0427419485756897,-4.053111677016601
2025-10-06 07:00:00,7,20.950000000000003,6.837395902552087,14.112604097447916,14.112604097447916,3.6307423699911605,-14.112604097447916
2025-10-06 08:00:00,8,33.09,45.73483210890426,12.644832108904254,12.644832108904254,3.2531294282906735,12.644832108904254
2025-10-06 09:00:00,9,63.99999999999999,61.879873290285836,2.1201267097141567,2.1201267097141567,0.5454439040135164,-2.1201267097141567
2025-10-06 10:00:00,10,84.71,81.06880011330382,3.641199886696171,3.641199886696171,0.9367696149448077,-3.641199886696171
2025-10-06 11:00:00,11,117.67,94.39571251982547,23.274287480174536,23.274287480174536,5.987763923803812,-23.274287480174536
2025-10-06 12:00:00,12,120.49,141.28950257122682,20.799502571226824,20.799502571226824,5.351077287979028,20.799502571226824
2025-10-06 13:00:00,13,115.67999999999999,149.0969453264864,33.41694532648641,33.41694532648641,8.597160271398316,33.41694532648641
2025-10-06 14:00:00,14,106.47,109.38649354652455,2.916493546524549,2.916493546524549,0.7503247889655856,2.916493546524549
2025-10-06 15:00:00,15,81.92,74.04066597608524,7.879334023914765,7.879334023914765,2.0271121963319048,-7.879334023914765
2025-10-06 16:00:00,16,47.17999999999999,39.36674824070213,7.813251759297863,7.813251759297863,2.010111246231353,-7.813251759297863
2025-10-06 17:00:00,17,19.41,10.165668526112778,9.244331473887222,9.244331473887222,2.3782843855553737,-9.244331473887222
2025-10-06 18:00:00,18,11.959999999999999,6.585466576542995,5.374533423457004,5.374533423457004,1.382703439049053,-5.374533423457004
2025-10-06 19:00:00,19,11.959999999999999,6.342015751526321,5.617984248473678,5.617984248473678,1.445335907110506,-5.617984248473678
2025-10-07 06:00:00,6,11.959999999999999,6.826888322983398,5.133111677016601,5.133111677016601,1.3205929909853291,-5.133111677016601
2025-10-07 07:00:00,7,22.38,6.837395902552087,15.542604097447912,15.542604097447912,3.998637731700219,-15.542604097447912
2025-10-07 08:00:00,8,48.980000000000004,51.560386683353066,2.580386683353062,2.580386683353062,0.6638547498051859,2.580386683353062
2025-10-07 09:00:00,9,64.22,85.39105052299534,21.171050522995344,21.171050522995344,5.446665237705,21.171050522995344
2025-10-07 10:00:00,10,81.16,106.70510774031506,25.54510774031506,25.54510774031506,6.571976679734343,25.54510774031506
2025-10-07 11:00:00,11,103.35999999999999,143.61580637130214,40.25580637130216,40.25580637130216,10.356590521580474,40.25580637130216
2025-10-07 12:00:00,12,132.23000000000002,143.77046897258697,11.54046897258695,11.54046897258695,2.9690104943790607,11.54046897258695
2025-10-07 13:00:00,13,131.07,130.45040639763187,0.619593602368127,0.619593602368127,0.1594025261928961,-0.619593602368127
2025-10-07 14:00:00,14,110.16000000000001,92.45575003485185,17.704249965148165,17.704249965148165,4.554763248053002,-17.704249965148165
2025-10-07 15:00:00,15,71.28,63.08836397759083,8.19163602240917,8.19163602240917,2.1074579702469824,-8.19163602240917
2025-10-07 16:00:00,16,45.51,43.98839268472852,1.5216073152714813,1.5216073152714813,0.39146312841325376,-1.5216073152714813
2025-10-07 17:00:00,17,18.250000000000004,11.142947103211238,7.107052896788765,7.107052896788765,1.8284278294751912,-7.107052896788765
2025-10-07 18:00:00,18,10.899999999999999,6.585466576542995,4.314533423457004,4.314533423457004,1.1099977863136659,-4.314533423457004
2025-10-07 19:00:00,19,10.869999999999997,6.342015751526321,4.527984248473676,4.527984248473676,1.16491216986374,-4.527984248473676
2025-10-08 06:00:00,6,10.889999999999999,6.826888322983398,4.063111677016601,4.063111677016601,1.0453146434128158,-4.063111677016601
2025-10-08 07:00:00,7,20.68,6.837395902552087,13.842604097447913,13.842604097447913,3.5612796093887495,-13.842604097447913
2025-10-08 08:00:00,8,52.279999999999994,50.65475054409958,1.6252494559004163,1.6252494559004163,0.41812708842373153,-1.6252494559004163
2025-10-08 09:00:00,9,64.66,83.28684813357228,18.62684813357228,18.62684813357228,4.79211960251769,18.62684813357228
2025-10-08 10:00:00,10,83.34,112.93270527447531,29.592705274475307,29.592705274475307,7.61330000762426,29.592705274475307
2025-10-08 11:00:00,11,81.74,113.17467539073914,31.434675390739145,31.434675390739145,8.08718270844955,31.434675390739145
2025-10-08 12:00:00,12,68.0,121.24442627950005,53.24442627950005,53.24442627950005,13.698166059502123,53.24442627950005
2025-10-08 13:00:00,13,53.01,91.3040166505752,38.29401665057521,38.29401665057521,9.851881892976309,38.29401665057521
2025-10-08 14:00:00,14,68.27,68.36226667041927,0.09226667041927783,0.09226667041927783,0.02373739866265092,0.09226667041927783
2025-10-08 15:00:00,15,38.31,66.54945366464206,28.239453664642056,28.239453664642056,7.265149664629175,28.239453664642056
2025-10-08 16:00:00,16,26.79,43.994401952151655,17.204401952151656,17.204401952151656,4.426167607814606,17.204401952151656
2025-10-08 17:00:00,17,13.839999999999998,13.895694120279607,0.055694120279609294,0.055694120279609294,0.014328397570164153,0.055694120279609294
2025-10-08 18:00:00,18,10.889999999999999,6.585466576542995,4.304533423457004,4.304533423457004,1.1074250914765396,-4.304533423457004
2025-10-08 19:00:00,19,10.889999999999999,6.342015751526321,4.547984248473678,4.547984248473678,1.170057559537993,-4.547984248473678
2025-10-09 06:00:00,6,10.889999999999999,6.826888322983398,4.063111677016601,4.063111677016601,1.0453146434128158,-4.063111677016601
2025-10-09 07:00:00,7,33.14,6.837395902552087,26.30260409744791,26.30260409744791,6.766857376448108,-26.30260409744791
2025-10-09 08:00:00,8,69.49,70.15100354568038,0.6610035456803871,0.6610035456803871,0.17005604092941048,0.6610035456803871
2025-10-09 09:00:00,9,106.24999999999999,120.85135177777599,14.601351777776003,14.601351777776003,3.7564822333749124,14.601351777776003
2025-10-09 10:00:00,10,167.37,165.72802407868977,1.6419759213102338,1.6419759213102338,0.4224302975440524,-1.6419759213102338
2025-10-09 11:00:00,11,186.85999999999999,186.58572640818042,0.2742735918195649,0.2742735918195649,0.07056222536342785,-0.2742735918195649
2025-10-09 12:00:00,12,192.95,191.17783764211453,1.7721623578854633,1.7721623578854633,0.45592329486814875,-1.7721623578854633
2025-10-09 13:00:00,13,180.54999999999998,180.20941202383037,0.34058797616961556,0.34058797616961556,0.08762289278788625,-0.34058797616961556
2025-10-09 14:00:00,14,159.01,150.17363940524766,8.836360594752335,8.836360594752335,2.273325928110554,-8.836360594752335
2025-10-09 15:00:00,15,119.16,110.92822479567201,8.231775204327988,8.231775204327988,2.117784556855884,-8.231775204327988
2025-10-09 16:00:00,16,66.82,63.74786484082278,3.072135159177215,3.072135159177215,0.7903666262969379,-3.072135159177215
2025-10-09 17:00:00,17,21.180000000000003,20.294432614620813,0.8855673853791899,0.8855673853791899,0.22782946402924711,-0.8855673853791899
2025-10-09 18:00:00,18,10.869999999999997,6.585466576542995,4.2845334234570025,4.2845334234570025,1.1022797018022867,-4.2845334234570025
2025-10-09 19:00:00,19,10.869999999999997,6.342015751526321,4.527984248473676,4.527984248473676,1.16491216986374,-4.527984248473676
2025-10-10 06:00:00,6,10.879999999999999,6.826888322983398,4.053111677016601,4.053111677016601,1.0427419485756897,-4.053111677016601
2025-10-10 07:00:00,7,31.869999999999997,6.837395902552087,25.03260409744791,25.03260409744791,6.440125132133069,-25.03260409744791
2025-10-10 08:00:00,8,72.29,56.66347707140465,15.626522928595357,15.626522928595357,4.020227486063289,-15.626522928595357
2025-10-10 09:00:00,9,94.95,100.03680746791083,5.08680746791083,5.08680746791083,1.308680331014966,5.08680746791083
2025-10-10 10:00:00,10,112.23,137.05723922962173,24.827239229621725,24.827239229621725,6.3872910186147145,24.827239229621725
2025-10-10 11:00:00,11,110.73,146.27725308164835,35.54725308164835,35.54725308164835,9.145223447717838,35.54725308164835
2025-10-10 12:00:00,12,115.91,119.18262606862872,3.2726260686287247,3.2726260686287247,0.8419468190606034,3.2726260686287247
2025-10-10 13:00:00,13,111.59,112.894425963425,1.3044259634249897,1.3044259634249897,0.335588994151696,1.3044259634249897
2025-10-10 14:00:00,14,103.07999999999998,97.31290440460332,5.767095595396668,5.767095595396668,1.4836977063490786,-5.767095595396668
2025-10-10 15:00:00,15,79.07000000000001,83.1803586641027,4.110358664102691,4.110358664102691,1.0574698513874314,4.110358664102691
2025-10-10 16:00:00,16,46.50000000000001,51.17075379173243,4.670753791732423,4.670753791732423,1.2016424165478057,4.670753791732423
2025-10-10 17:00:00,17,18.18,17.007229214407396,1.1727707855926042,1.1727707855926042,0.3017181345226638,-1.1727707855926042
2025-10-10 18:00:00,18,10.889999999999997,6.585466576542995,4.304533423457002,4.304533423457002,1.1074250914765391,-4.304533423457002
2025-10-10 19:00:00,19,10.869999999999997,6.342015751526321,4.527984248473676,4.527984248473676,1.16491216986374,-4.527984248473676
2025-10-11 06:00:00,6,10.869999999999997,6.826888322983398,4.0431116770166,4.0431116770166,1.040169253738563,-4.0431116770166
2025-10-11 07:00:00,7,13.25,6.837395902552087,6.412604097447913,6.412604097447913,1.6497673454039148,-6.412604097447913
2025-10-11 08:00:00,8,23.45,28.007756262827183,4.5577562628271835,4.5577562628271835,1.1725716006255518,4.5577562628271835
2025-10-11 09:00:00,9,38.470000000000006,54.49728229005559,16.02728229005558,16.02728229005558,4.123330640079164,16.02728229005558
2025-10-11 10:00:00,10,53.029999999999994,68.97725457332547,15.947254573325473,15.947254573325473,4.102741950713309,15.947254573325473
2025-10-11 11:00:00,11,68.19,98.07542819647074,29.88542819647074,29.88542819647074,7.688608682636879,29.88542819647074
2025-10-11 12:00:00,12,69.49000000000001,76.54632483697506,7.056324836975051,7.056324836975051,1.8153770477171736,7.056324836975051
2025-10-11 13:00:00,13,53.34,66.26348541077662,12.923485410776621,12.923485410776621,3.324818419398197,12.923485410776621
2025-10-11 14:00:00,14,38.63,56.925737210088656,18.295737210088653,18.295737210088653,4.706934866181446,18.295737210088653
2025-10-11 15:00:00,15,24.01,37.54340887221122,13.533408872211215,13.533408872211215,3.481733113425695,13.533408872211215
2025-10-11 16:00:00,16,15.71,13.138035041583526,2.5719649584164745,2.5719649584164745,0.6616880969787802,-2.5719649584164745
2025-10-11 17:00:00,17,11.28,9.23452248174281,2.04547751825719,2.04547751825719,0.5262389450678173,-2.04547751825719
2025-10-11 18:00:00,18,10.889999999999999,6.585466576542995,4.304533423457004,4.304533423457004,1.1074250914765396,-4.304533423457004
2025-10-11 19:00:00,19,10.889999999999999,6.342015751526321,4.547984248473678,4.547984248473678,1.170057559537993,-4.547984248473678
2025-10-12 06:00:00,6,10.889999999999999,6.826888322983398,4.063111677016601,4.063111677016601,1.0453146434128158,-4.063111677016601
2025-10-12 07:00:00,7,12.31,6.837395902552087,5.472604097447913,5.472604097447913,1.4079340307140435,-5.472604097447913
2025-10-12 08:00:00,8,17.209999999999997,12.455731652992213,4.754268347007784,4.754268347007784,1.2231281630659876,-4.754268347007784
2025-10-12 09:00:00,9,21.720000000000002,17.44904334126286,4.270956658737141,4.270956658737141,1.09878681455232,-4.270956658737141
2025-10-12 10:00:00,10,30.740000000000002,47.06730495630001,16.32730495630001,16.32730495630001,4.200517316525955,16.32730495630001
2025-10-12 11:00:00,11,32.15,52.74200676778511,20.592006767785108,20.592006767785108,5.297694949755041,20.592006767785108
2025-10-12 12:00:00,12,29.960000000000004,54.561217419609974,24.60121741960997,24.60121741960997,6.329142504245196,24.60121741960997
2025-10-12 13:00:00,13,31.91,46.300034106217964,14.390034106217964,14.390034106217964,3.702116645113821,14.390034106217964
2025-10-12 14:00:00,14,24.0,36.158332283048836,12.158332283048836,12.158332283048836,3.127967869266566,12.158332283048836
2025-10-12 15:00:00,15,21.270000000000003,15.181281212787399,6.0887187872126045,6.0887187872126045,1.5664415388575725,-6.0887187872126045
2025-10-12 16:00:00,16,15.379999999999999,11.448805039877216,3.9311949601227827,3.9311949601227827,1.0113764977644781,-3.9311949601227827
2025-10-12 17:00:00,17,11.009999999999998,8.962632608274355,2.0473673917256434,2.0473673917256434,0.5267251518393284,-2.0473673917256434
2025-10-12 18:00:00,18,10.879999999999999,6.585466576542995,4.294533423457004,4.294533423457004,1.1048523966394133,-4.294533423457004
2025-10-12 19:00:00,19,10.879999999999999,6.342015751526321,4.537984248473678,4.537984248473678,1.1674848647008667,-4.537984248473678
2025-10-13 06:00:00,6,10.879999999999999,6.826888322983398,4.053111677016601,4.053111677016601,1.0427419485756897,-4.053111677016601
2025-10-13 07:00:00,7,12.040000000000001,6.837395902552087,5.202604097447914,5.202604097447914,1.338471270111634,-5.202604097447914
2025-10-13 08:00:00,8,17.1,12.827823988328918,4.272176011671084,4.272176011671084,1.0991005168520989,-4.272176011671084
2025-10-13 09:00:00,9,23.77,18.586154109380928,5.183845890619072,5.183845890619072,1.3336453559254031,-5.183845890619072
2025-10-13 10:00:00,10,33.69,31.91268570005882,1.7773142999411782,1.7773142999411782,0.4572487323409398,-1.7773142999411782
2025-10-13 11:00:00,11,39.21,61.50927302242583,22.29927302242583,22.29927302242583,5.736922457646453,22.29927302242583
2025-10-13 12:00:00,12,32.599999999999994,58.579378699455155,25.97937869945516,25.97937869945516,6.683701345183706,25.97937869945516
2025-10-13 13:00:00,13,25.29,51.20506351984867,25.915063519848673,25.915063519848673,6.667155012131458,25.915063519848673
2025-10-13 14:00:00,14,21.860000000000003,21.2126375872406,0.6473624127594029,0.6473624127594029,0.1665465937055735,-0.6473624127594029
2025-10-13 15:00:00,15,24.32,12.986891811065965,11.333108188934036,11.333108188934036,2.915662892626429,-11.333108188934036
2025-10-13 16:00:00,16,17.88,12.197843811793746,5.682156188206253,5.682156188206253,1.4618453889143437,-5.682156188206253
2025-10-13 17:00:00,17,11.87,9.131685190303786,2.738314809696213,2.738314809696213,0.7044848373331911,-2.738314809696213
2025-10-13 18:00:00,18,11.039999999999997,6.585466576542995,4.454533423457002,4.454533423457002,1.1460155140334336,-4.454533423457002
2025-10-13 19:00:00,19,11.039999999999997,6.342015751526321,4.697984248473676,4.697984248473676,1.2086479820948868,-4.697984248473676
2025-10-14 06:00:00,6,11.039999999999997,6.826888322983398,4.2131116770166,4.2131116770166,1.0839050659697098,-4.2131116770166
2025-10-14 07:00:00,7,28.01,6.837395902552087,21.172604097447916,21.172604097447916,5.447064925002322,-21.172604097447916
2025-10-14 08:00:00,8,83.52999999999999,56.81994802510437,26.71005197489562,26.71005197489562,6.871681281518888,-26.71005197489562
2025-10-14 09:00:00,9,135.03,96.70685616600768,38.32314383399232,38.32314383399232,9.859375428416033,-38.32314383399232
2025-10-14 10:00:00,10,169.91999999999996,134.31596437357646,35.604035626423496,35.604035626423496,9.159831863696029,-35.604035626423496
2025-10-14 11:00:00,11,150.02,161.4632464567659,11.443246456765877,11.443246456765877,2.9439981079285302,11.443246456765877
2025-10-14 12:00:00,12,137.54000000000002,140.3097634782109,2.7697634782108764,2.7697634782108764,0.7125756200454082,2.7697634782108764
2025-10-14 13:00:00,13,123.46000000000001,102.89958074613396,20.560419253866044,20.560419253866044,5.289568446357318,-20.560419253866044
2025-10-14 14:00:00,14,112.35,97.36734116890622,14.982658831093772,14.982658831093772,3.8545809021179585,-14.982658831093772
2025-10-14 15:00:00,15,84.63000000000001,53.90488212238152,30.725117877618487,30.725117877618487,7.904635213384581,-30.725117877618487
2025-10-14 16:00:00,16,49.010000000000005,31.955941166166674,17.05405883383333,17.05405883383333,4.387488911385104,-17.05405883383333
2025-10-14 17:00:00,17,15.789999999999997,9.47084650513405,6.319153494865947,6.319153494865947,1.6257253571250185,-6.319153494865947
2025-10-14 18:00:00,18,10.869999999999997,6.585466576542995,4.2845334234570025,4.2845334234570025,1.1022797018022867,-4.2845334234570025
2025-10-14 19:00:00,19,10.869999999999997,6.342015751526321,4.527984248473676,4.527984248473676,1.16491216986374,-4.527984248473676
2025-10-15 06:00:00,6,10.869999999999997,6.826888322983398,4.0431116770166,4.0431116770166,1.040169253738563,-4.0431116770166
2025-10-15 07:00:00,7,12.34,6.837395902552087,5.502604097447913,5.502604097447913,1.4156521152254222,-5.502604097447913
2025-10-15 08:00:00,8,17.839999999999996,12.202786211920202,5.637213788079794,5.637213788079794,1.450283080837003,-5.637213788079794
2025-10-15 09:00:00,9,21.84,13.81373364270095,8.02626635729905,8.02626635729905,2.0649134018823716,-8.02626635729905
2025-10-15 10:00:00,10,25.91,40.7118801507377,14.801880150737698,14.801880150737698,3.808072064356501,14.801880150737698
2025-10-15 11:00:00,11,32.37,14.52806685892285,17.84193314107715,17.84193314107715,4.590184927640166,-17.84193314107715
2025-10-15 12:00:00,12,35.339999999999996,14.18131760304302,21.158682396956976,21.158682396956976,5.443483296304617,-21.158682396956976
2025-10-15 13:00:00,13,26.86,15.703066062862472,11.156933937137527,11.156933937137527,2.870338633823283,-11.156933937137527
2025-10-15 14:00:00,14,20.26,12.931571740434494,7.3284282595655075,7.3284282595655075,1.8853809547634597,-7.3284282595655075
2025-10-15 15:00:00,15,18.14,12.20671883281393,5.93328116718607,5.93328116718607,1.5264521826038262,-5.93328116718607
2025-10-15 16:00:00,16,14.49,11.148106355788705,3.3418936442112948,3.3418936442112948,0.8597672524687566,-3.3418936442112948
2025-10-15 17:00:00,17,11.139999999999999,8.835130622881683,2.3048693771183153,2.3048693771183153,0.5929725546762782,-2.3048693771183153
2025-10-15 18:00:00,18,10.879999999999999,6.585466576542995,4.294533423457004,4.294533423457004,1.1048523966394133,-4.294533423457004
2025-10-15 19:00:00,19,10.879999999999999,6.342015751526321,4.537984248473678,4.537984248473678,1.1674848647008667,-4.537984248473678
2025-10-16 06:00:00,6,10.879999999999999,6.826888322983398,4.053111677016601,4.053111677016601,1.0427419485756897,-4.053111677016601
2025-10-16 07:00:00,7,16.539999999999996,6.837395902552087,9.702604097447908,9.702604097447908,2.4961839468184635,-9.702604097447908
2025-10-16 08:00:00,8,44.019999999999996,55.44073974169324,11.420739741693247,11.420739741693247,2.9382078169617274,11.420739741693247
2025-10-16 09:00:00,9,82.46,97.89697188388679,15.436971883886798,15.436971883886798,3.9714617866539292,15.436971883886798
2025-10-16 10:00:00,10,132.84,121.81907758293136,11.020922417068647,11.020922417068647,2.835347020276192,-11.020922417068647
2025-10-16 11:00:00,11,129.08,131.71229022551594,2.6322902255159306,2.6322902255159306,0.6772079473002837,2.6322902255159306
2025-10-16 12:00:00,12,97.92000000000002,105.36154896460228,7.441548964602262,7.441548964602262,1.9144834601454743,7.441548964602262
2025-10-16 13:00:00,13,97.39999999999998,96.63300754902595,0.7669924509740298,0.7669924509740298,0.19732375187357268,-0.7669924509740298
2025-10-16 14:00:00,14,122.27,67.57797080171856,54.69202919828143,54.69202919828143,14.070590115037904,-54.69202919828143
2025-10-16 15:00:00,15,99.93,43.96947578065461,55.960524219345395,55.960524219345395,14.396935174199072,-55.960524219345395
2025-10-16 16:00:00,16,51.720000000000006,34.91623470176416,16.803765298235845,16.803765298235845,4.32309602270533,-16.803765298235845
2025-10-16 17:00:00,17,17.729999999999997,9.48498612127379,8.245013878726207,8.245013878726207,2.1211904637833534,-8.245013878726207
2025-10-16 18:00:00,18,10.879999999999999,6.585466576542995,4.294533423457004,4.294533423457004,1.1048523966394133,-4.294533423457004
2025-10-16 19:00:00,19,10.879999999999999,6.342015751526321,4.537984248473678,4.537984248473678,1.1674848647008667,-4.537984248473678
2025-10-17 06:00:00,6,10.879999999999999,6.826888322983398,4.053111677016601,4.053111677016601,1.0427419485756897,-4.053111677016601
2025-10-17 07:00:00,7,16.29,6.837395902552087,9.452604097447912,9.452604097447912,2.4318665758903073,-9.452604097447912
2025-10-17 08:00:00,8,35.16,12.875502205799998,22.2844977942,22.2844977942,5.733121242309058,-22.2844977942
2025-10-17 09:00:00,9,54.77,16.443005258390656,38.32699474160935,38.32699474160935,9.86036614943049,-38.32699474160935
2025-10-17 10:00:00,10,57.23,42.79009247457581,14.43990752542419,14.43990752542419,3.71494755392399,-14.43990752542419
2025-10-17 11:00:00,11,38.98,65.15928579511248,26.179285795112484,26.179285795112484,6.735131340473956,26.179285795112484
2025-10-17 12:00:00,12,45.39,56.47322361277721,11.08322361277721,11.08322361277721,2.8513752167308137,11.08322361277721
2025-10-17 13:00:00,13,26.91,52.98962184023544,26.079621840235443,26.079621840235443,6.70949084625798,26.079621840235443
2025-10-17 14:00:00,14,21.849999999999998,14.865408962760124,6.984591037239873,6.984591037239873,1.7969221300945593,-6.984591037239873
2025-10-17 15:00:00,15,22.470000000000002,11.928493473071788,10.541506526928215,10.541506526928215,2.7120079417361325,-10.541506526928215
2025-10-17 16:00:00,16,14.71,11.04178804154879,3.668211958451211,3.668211958451211,0.9437189966992354,-3.668211958451211
2025-10-17 17:00:00,17,11.049999999999999,8.826771953084839,2.2232280469151604,2.2232280469151604,0.5719687318053003,-2.2232280469151604
2025-10-17 18:00:00,18,10.879999999999999,6.585466576542995,4.294533423457004,4.294533423457004,1.1048523966394133,-4.294533423457004
2025-10-17 19:00:00,19,10.879999999999999,6.342015751526321,4.537984248473678,4.537984248473678,1.1674848647008667,-4.537984248473678
2025-10-18 06:00:00,6,10.879999999999999,6.826888322983398,4.053111677016601,4.053111677016601,1.0427419485756897,-4.053111677016601
2025-10-18 07:00:00,7,13.940000000000001,6.837395902552087,7.102604097447914,7.102604097447914,1.8272832891656292,-7.102604097447914
2025-10-18 08:00:00,8,30.16,18.198063092074648,11.961936907925352,11.961936907925352,3.077441332504999,-11.961936907925352
2025-10-18 09:00:00,9,45.82999999999999,45.61594789826902,0.2140521017309709,0.2140521017309709,0.05506907369993006,-0.2140521017309709
2025-10-18 10:00:00,10,75.49,64.18197421504756,11.308025784952434,11.308025784952434,2.909209955503811,-11.308025784952434
2025-10-18 11:00:00,11,94.28999999999999,70.21629621189179,24.073703788108205,24.073703788108205,6.193429344617362,-24.073703788108205
2025-10-18 12:00:00,12,106.22,84.10722364499546,22.11277635500454,22.11277635500454,5.688942556304853,-22.11277635500454
2025-10-18 13:00:00,13,104.86000000000001,83.00175088637744,21.858249113622577,21.858249113622577,5.623460464323714,-21.858249113622577
2025-10-18 14:00:00,14,93.72999999999999,63.22872062341176,30.50127937658823,30.50127937658823,7.847048397789518,-30.50127937658823
2025-10-18 15:00:00,15,65.07,59.75943066549138,5.310569334508614,5.310569334508614,1.3662474309091517,-5.310569334508614
2025-10-18 16:00:00,16,37.2,35.56386314016829,1.6361368598317156,1.6361368598317156,0.4209280852121078,-1.6361368598317156
2025-10-18 17:00:00,17,14.45,9.582563931609105,4.867436068390894,4.867436068390894,1.252242764319155,-4.867436068390894
2025-10-18 18:00:00,18,10.869999999999997,6.585466576542995,4.2845334234570025,4.2845334234570025,1.1022797018022867,-4.2845334234570025
2025-10-18 19:00:00,19,10.869999999999997,6.342015751526321,4.527984248473676,4.527984248473676,1.16491216986374,-4.527984248473676
2025-10-19 06:00:00,6,10.869999999999997,6.826888322983398,4.0431116770166,4.0431116770166,1.040169253738563,-4.0431116770166
2025-10-19 07:00:00,7,20.58,6.837395902552087,13.742604097447911,13.742604097447911,3.535552661017486,-13.742604097447911
2025-10-19 08:00:00,8,57.01,52.930105766279866,4.0798942337201325,4.0798942337201325,1.0496322831113114,-4.0798942337201325
2025-10-19 09:00:00,9,106.4,89.30290390089766,17.097096099102345,17.097096099102345,4.3985610864012665,-17.097096099102345
2025-10-19 10:00:00,10,111.25,133.1604040343306,21.91040403433061,21.91040403433061,5.636878333847344,21.91040403433061
2025-10-19 11:00:00,11,131.22,158.77516319506202,27.555163195062022,27.555163195062022,7.0891026088108475,27.555163195062022
2025-10-19 12:00:00,12,93.97,169.7662616776216,75.7962616776216,75.7962616776216,19.50006510914905,75.7962616776216
2025-10-19 13:00:00,13,62.53,156.61542631362033,94.08542631362033,94.08542631362033,24.20530905258772,94.08542631362033
2025-10-19 14:00:00,14,48.280000000000015,105.57636116234134,57.29636116234133,57.29636116234133,14.74060525484789,57.29636116234133
2025-10-19 15:00:00,15,43.68,42.998983691339355,0.6810163086606451,0.6810163086606451,0.17520471412900468,-0.6810163086606451
2025-10-19 16:00:00,16,17.16,26.886109278611126,9.726109278611126,9.726109278611126,2.5022311126408967,9.726109278611126
2025-10-19 17:00:00,17,11.2,9.52788778788936,1.6721122121106387,1.6721122121106387,0.4301834455192863,-1.6721122121106387
2025-10-19 18:00:00,18,10.879999999999999,6.585466576542995,4.294533423457004,4.294533423457004,1.1048523966394133,-4.294533423457004
2025-10-19 19:00:00,19,10.879999999999999,6.342015751526321,4.537984248473678,4.537984248473678,1.1674848647008667,-4.537984248473678
2025-10-20 06:00:00,6,10.879999999999999,6.826888322983398,4.053111677016601,4.053111677016601,1.0427419485756897,-4.053111677016601
2025-10-20 07:00:00,7,22.59,6.837395902552087,15.752604097447913,15.752604097447913,4.052664323279871,-15.752604097447913
2025-10-20 08:00:00,8,63.64000000000001,36.45831918467262,27.18168081532739,27.18168081532739,6.993016989800754,-27.18168081532739
2025-10-20 09:00:00,9,70.22,74.21095603184594,3.99095603184594,3.99095603184594,1.026751197832808,3.99095603184594
2025-10-20 10:00:00,10,71.08,88.56656391280747,17.48656391280747,17.48656391280747,4.498759269755871,17.48656391280747
2025-10-20 11:00:00,11,59.55,67.0664419128389,7.5164419128389,7.5164419128389,1.9337511302720305,7.5164419128389
2025-10-20 12:00:00,12,73.37,60.91703023798708,12.452969762012927,12.452969762012927,3.203769101362048,-12.452969762012927
2025-10-20 13:00:00,13,68.45,50.6749498152159,17.7750501847841,17.7750501847841,4.572977984005479,-17.7750501847841
2025-10-20 14:00:00,14,57.5,29.098429985117907,28.401570014882093,28.401570014882093,7.306857254356807,-28.401570014882093
2025-10-20 15:00:00,15,40.05,20.984470631274036,19.06552936872596,19.06552936872596,4.904978897400096,-19.06552936872596
2025-10-20 16:00:00,16,24.709999999999997,11.276996862690092,13.433003137309905,13.433003137309905,3.455901781845847,-13.433003137309905
2025-10-20 17:00:00,17,12.38,8.977397169291892,3.4026028307081084,3.4026028307081084,0.8753858735354056,-3.4026028307081084
2025-10-20 18:00:00,18,10.879999999999999,6.585466576542995,4.294533423457004,4.294533423457004,1.1048523966394133,-4.294533423457004
2025-10-20 19:00:00,19,10.879999999999999,6.342015751526321,4.537984248473678,4.537984248473678,1.1674848647008667,-4.537984248473678
2025-10-21 06:00:00,6,10.879999999999999,6.826888322983398,4.053111677016601,4.053111677016601,1.0427419485756897,-4.053111677016601
2025-10-21 07:00:00,7,14.3,6.837395902552087,7.4626040974479135,7.4626040974479135,1.9199003033021758,-7.4626040974479135
2025-10-21 08:00:00,8,26.279999999999998,21.578496571097936,4.701503428902061,4.701503428902061,1.2095533598267891,-4.701503428902061
2025-10-21 09:00:00,9,52.88,64.61257308638294,11.732573086382935,11.732573086382935,3.0184330205544256,11.732573086382935
2025-10-21 10:00:00,10,54.43000000000001,95.19238711214346,40.76238711214346,40.76238711214346,10.486918287235476,40.76238711214346
2025-10-21 11:00:00,11,93.30000000000001,133.03565789606506,39.73565789606505,39.73565789606505,10.222772191902312,39.73565789606505
2025-10-21 12:00:00,12,131.07,146.1984609183017,15.128460918301698,15.128460918301698,3.8920913298181654,15.128460918301698
2025-10-21 13:00:00,13,146.50000000000003,123.38296980639846,23.117030193601565,23.117030193601565,5.947306422877134,-23.117030193601565
2025-10-21 14:00:00,14,101.14000000000001,116.95401149933616,15.814011499336146,15.814011499336146,4.068462573859791,15.814011499336146
2025-10-21 15:00:00,15,84.48,74.19671453834017,10.28328546165983,10.28328546165983,2.64557554159081,-10.28328546165983
2025-10-21 16:00:00,16,53.31,46.042220834793525,7.267779165206477,7.267779165206477,1.8697777935700735,-7.267779165206477
2025-10-21 17:00:00,17,18.26,11.266154676358099,6.993845323641903,6.993845323641903,1.7993029755793384,-6.993845323641903
2025-10-21 18:00:00,18,10.899999999999997,6.585466576542995,4.314533423457002,4.314533423457002,1.1099977863136652,-4.314533423457002
2025-10-21 19:00:00,19,10.869999999999997,6.342015751526321,4.527984248473676,4.527984248473676,1.16491216986374,-4.527984248473676
2025-10-22 06:00:00,6,10.869999999999997,6.826888322983398,4.0431116770166,4.0431116770166,1.040169253738563,-4.0431116770166
2025-10-22 07:00:00,7,29.029999999999998,6.837395902552087,22.192604097447912,22.192604097447912,5.709479798389204,-22.192604097447912
2025-10-22 08:00:00,8,88.18,77.46632998005238,10.713670019947628,10.713670019947628,2.7563003546993996,-10.713670019947628
2025-10-22 09:00:00,9,138.67,127.44432693392353,11.225673066076453,11.225673066076453,2.888023114036256,-11.225673066076453
2025-10-22 10:00:00,10,176.49,171.90761597777663,4.58238402222338,4.58238402222338,1.17890757157041,-4.58238402222338
2025-10-22 11:00:00,11,194.43,201.44797410784972,7.01797410784971,7.01797410784971,1.8055105754350942,7.01797410784971
2025-10-22 12:00:00,12,206.30999999999997,207.16535093010881,0.8553509301088411,0.8553509301088411,0.22005569218221868,0.8553509301088411
2025-10-22 13:00:00,13,189.13,189.7967715181694,0.666771518169412,0.666771518169412,0.17153996423373058,0.666771518169412
2025-10-22 14:00:00,14,154.22,146.50810425299082,7.71189574700918,7.71189574700918,1.9840354372786724,-7.71189574700918
2025-10-22 15:00:00,15,112.78999999999999,108.98340144702911,3.8065985529708826,3.8065985529708826,0.9793216444240603,-3.8065985529708826
2025-10-22 16:00:00,16,51.27,59.46876332822069,8.198763328220686,8.198763328220686,2.109291608533373,8.198763328220686
2025-10-22 17:00:00,17,16.11,14.607576366970068,1.502423633029931,1.502423633029931,0.38652775238726295,-1.502423633029931
2025-10-22 18:00:00,18,10.899999999999999,6.585466576542995,4.314533423457004,4.314533423457004,1.1099977863136659,-4.314533423457004
2025-10-22 19:00:00,19,10.889999999999999,6.342015751526321,4.547984248473678,4.547984248473678,1.170057559537993,-4.547984248473678
2025-10-23 06:00:00,6,10.889999999999999,6.826888322983398,4.063111677016601,4.063111677016601,1.0453146434128158,-4.063111677016601
2025-10-23 07:00:00,7,29.619999999999997,6.837395902552087,22.78260409744791,22.78260409744791,5.8612687937796535,-22.78260409744791
2025-10-23 08:00:00,8,88.14000000000001,75.54686314394922,12.59313685605079,12.59313685605079,3.2398298172786695,-12.59313685605079
2025-10-23 09:00:00,9,141.19,128.02761557584145,13.162384424158546,13.162384424158546,3.386279845230421,-13.162384424158546
2025-10-23 10:00:00,10,178.62,169.942355519808,8.677644480192015,8.677644480192015,2.232493115260746,-8.677644480192015
2025-10-23 11:00:00,11,199.98,198.46506810696152,1.5149318930384652,1.5149318930384652,0.3897457459818019,-1.5149318930384652
2025-10-23 12:00:00,12,203.24999999999997,204.13933696268998,0.8893369626900096,0.8893369626900096,0.22879926123781652,0.8893369626900096
2025-10-23 13:00:00,13,189.84,188.2601042160678,1.5798957839322156,1.5798957839322156,0.4064589726520007,-1.5798957839322156
2025-10-23 14:00:00,14,160.38999999999996,145.03861618317498,15.351383816824978,15.351383816824978,3.9494425888289726,-15.351383816824978
2025-10-23 15:00:00,15,113.63,107.23642938304107,6.393570616958925,6.393570616958925,1.6448706117052587,-6.393570616958925
2025-10-23 16:00:00,16,56.26,51.800964135668806,4.459035864331192,4.459035864331192,1.147173854672583,-4.459035864331192
2025-10-23 17:00:00,17,16.09,10.413069039459767,5.676930960540233,5.676930960540233,1.4605010972904258,-5.676930960540233
2025-10-23 18:00:00,18,10.879999999999999,6.585466576542995,4.294533423457004,4.294533423457004,1.1048523966394133,-4.294533423457004
2025-10-23 19:00:00,19,10.879999999999999,6.342015751526321,4.537984248473678,4.537984248473678,1.1674848647008667,-4.537984248473678
2025-10-24 06:00:00,6,10.879999999999999,6.826888322983398,4.053111677016601,4.053111677016601,1.0427419485756897,-4.053111677016601
2025-10-24 07:00:00,7,28.14,6.837395902552087,21.30260409744791,21.30260409744791,5.480509957884963,-21.30260409744791
2025-10-24 08:00:00,8,70.22999999999999,66.89880047012552,3.3311995298744677,3.3311995298744677,0.8570159831945574,-3.3311995298744677
2025-10-24 09:00:00,9,73.38,118.765365339536,45.38536533953601,45.38536533953601,11.676269509011483,45.38536533953601
2025-10-24 10:00:00,10,94.49,152.94304963206557,58.45304963206557,58.45304963206557,15.038185900270198,58.45304963206557
2025-10-24 11:00:00,11,124.75999999999999,170.81286849623342,46.05286849623343,46.05286849623343,11.847997701511579,46.05286849623343
2025-10-24 12:00:00,12,154.26000000000002,171.4513898761568,17.19138987615679,17.19138987615679,4.422819997741378,17.19138987615679
2025-10-24 13:00:00,13,146.26999999999998,165.6366936879293,19.366693687929313,19.366693687929313,4.982459286314208,19.366693687929313
2025-10-24 14:00:00,14,140.68999999999997,123.87826742298272,16.811732577017253,16.811732577017253,4.325145760404017,-16.811732577017253
2025-10-24 15:00:00,15,96.93000000000002,93.3162024762661,3.613797523733922,3.613797523733922,0.929719823173004,-3.613797523733922
2025-10-24 16:00:00,16,48.10000000000001,50.94174049180822,2.84174049180821,2.84174049180821,0.7310931091727711,2.84174049180821
2025-10-24 17:00:00,17,15.150000000000002,9.805948412664367,5.344051587335635,5.344051587335635,1.374861392807495,-5.344051587335635
2025-10-24 18:00:00,18,10.869999999999997,6.585466576542995,4.2845334234570025,4.2845334234570025,1.1022797018022867,-4.2845334234570025
2025-10-24 19:00:00,19,10.869999999999997,6.342015751526321,4.527984248473676,4.527984248473676,1.16491216986374,-4.527984248473676
2025-10-25 06:00:00,6,10.869999999999997,6.826888322983398,4.0431116770166,4.0431116770166,1.040169253738563,-4.0431116770166
2025-10-25 07:00:00,7,17.34,6.837395902552087,10.502604097447913,10.502604097447913,2.7019995337885683,-10.502604097447913
2025-10-25 08:00:00,8,28.769999999999996,30.793822246666206,2.02382224666621,2.02382224666621,0.5206677045259491,2.02382224666621
2025-10-25 09:00:00,9,41.86000000000001,51.47317493147976,9.613174931479755,9.613174931479755,2.473176551460986,9.613174931479755
2025-10-25 10:00:00,10,51.849999999999994,53.1831846482295,1.3331846482295049,1.3331846482295049,0.34298772614360784,1.3331846482295049
2025-10-25 11:00:00,11,64.87,52.54171431936785,12.328285680632156,12.328285680632156,3.171691692118034,-12.328285680632156
2025-10-25 12:00:00,12,68.90000000000002,65.93697678764667,2.963023212353349,2.963023212353349,0.7622954520706821,-2.963023212353349
2025-10-25 13:00:00,13,64.73,74.96640305654647,10.236403056546465,10.236403056546465,2.6335141294320885,10.236403056546465
2025-10-25 14:00:00,14,61.940000000000005,56.801675765266474,5.138324234733531,5.138324234733531,1.321934023017986,-5.138324234733531
2025-10-25 15:00:00,15,46.84,60.950994927487194,14.11099492748719,14.11099492748719,3.630328379666159,14.11099492748719
2025-10-25 16:00:00,16,20.82,17.512895638348912,3.3071043616510885,3.3071043616510885,0.8508170317057596,-3.3071043616510885
2025-10-25 17:00:00,17,11.19,8.877143964954609,2.3128560350453906,2.3128560350453906,0.5950272780377662,-2.3128560350453906
2025-10-25 18:00:00,18,10.929999999999998,6.585466576542995,4.344533423457003,4.344533423457003,1.1177158708250445,-4.344533423457003
2025-10-25 19:00:00,19,10.869999999999997,6.342015751526321,4.527984248473676,4.527984248473676,1.16491216986374,-4.527984248473676
2025-10-26 06:00:00,6,10.869999999999997,6.826888322983398,4.0431116770166,4.0431116770166,1.040169253738563,-4.0431116770166
2025-10-26 07:00:00,7,16.450000000000003,6.837395902552087,9.612604097447916,9.612604097447916,2.473029693284329,-9.612604097447916
2025-10-26 08:00:00,8,34.19,59.48954757991199,25.299547579911994,25.299547579911994,6.508801544047056,25.299547579911994
2025-10-26 09:00:00,9,56.370000000000005,107.26999602942152,50.899996029421516,50.899996029421516,13.095015699464149,50.899996029421516
2025-10-26 10:00:00,10,103.39999999999999,143.3924059889366,39.992405988936596,39.992405988936596,10.288825641199576,39.992405988936596
2025-10-26 11:00:00,11,141.79,171.9386068819395,30.148606881939514,30.148606881939514,7.756316527171597,30.148606881939514
2025-10-26 12:00:00,12,154.81,175.81451304380954,21.00451304380954,21.00451304380954,5.403820226416065,21.00451304380954
2025-10-26 13:00:00,13,145.93999999999997,155.6179333819753,9.677933381975322,9.677933381975322,2.4898369245860104,9.677933381975322
2025-10-26 14:00:00,14,99.25000000000001,82.04470194339066,17.20529805660935,17.20529805660935,4.42639814814579,-17.20529805660935
2025-10-26 15:00:00,15,66.29,62.91515816997803,3.3748418300219782,3.3748418300219782,0.868243815221539,-3.3748418300219782
2025-10-26 16:00:00,16,40.56,35.16925268458571,5.390747315414295,5.390747315414295,1.3868747786618774,-5.390747315414295
2025-10-26 17:00:00,17,15.89,9.522814203813715,6.367185796186286,6.367185796186286,1.6380826024872315,-6.367185796186286
2025-10-26 18:00:00,18,14.049999999999997,6.585466576542995,7.464533423457002,7.464533423457002,1.9203966600084474,-7.464533423457002
2025-10-26 19:00:00,19,10.869999999999997,6.342015751526321,4.527984248473676,4.527984248473676,1.16491216986374,-4.527984248473676
2025-10-27 06:00:00,6,10.869999999999997,6.826888322983398,4.0431116770166,4.0431116770166,1.040169253738563,-4.0431116770166
2025-10-27 07:00:00,7,26.810000000000002,6.837395902552087,19.972604097447913,19.972604097447913,5.138341544547167,-19.972604097447913
2025-10-27 08:00:00,8,81.22999999999999,71.01369116391216,10.216308836087833,10.216308836087833,2.6283444997090886,-10.216308836087833
2025-10-27 09:00:00,9,133.88,131.18492002433072,2.695079975669273,2.695079975669273,0.6933618339046791,-2.695079975669273
2025-10-27 10:00:00,10,167.69,172.57894267656596,4.888942676565961,4.888942676565961,1.257775758300764,4.888942676565961
2025-10-27 11:00:00,11,186.40999999999997,199.81594794849116,13.405947948491189,13.405947948491189,3.448941307386708,13.405947948491189
2025-10-27 12:00:00,12,186.59,206.13167580558397,19.541675805583964,19.541675805583964,5.027476845382163,19.541675805583964
2025-10-27 13:00:00,13,174.54999999999998,188.04975139288183,13.499751392881848,13.499751392881848,3.4730740710955597,13.499751392881848
2025-10-27 14:00:00,14,144.90000000000003,151.00786086858025,6.107860868580218,6.107860868580218,1.5713662122482035,6.107860868580218
2025-10-27 15:00:00,15,97.58000000000001,104.1754256993683,6.595425699368292,6.595425699368292,1.6968017645414866,6.595425699368292
2025-10-27 16:00:00,16,48.660000000000004,51.667122250556176,3.007122250556172,3.007122250556172,0.7736407888613459,3.007122250556172
2025-10-27 17:00:00,17,14.06,9.515948890856855,4.544051109143146,4.544051109143146,1.169045682813057,-4.544051109143146
2025-10-27 18:00:00,18,10.889999999999999,6.585466576542995,4.304533423457004,4.304533423457004,1.1074250914765396,-4.304533423457004
2025-10-27 19:00:00,19,10.889999999999999,6.342015751526321,4.547984248473678,4.547984248473678,1.170057559537993,-4.547984248473678
2025-10-28 06:00:00,6,10.889999999999999,6.826888322983398,4.063111677016601,4.063111677016601,1.0453146434128158,-4.063111677016601
2025-10-28 07:00:00,7,24.55,6.837395902552087,17.712604097447915,17.712604097447915,4.556912511356625,-17.712604097447915
2025-10-28 08:00:00,8,69.8,71.29371325827388,1.4937132582738855,1.4937132582738855,0.3842868387708316,1.4937132582738855
2025-10-28 09:00:00,9,118.31,114.55016745490398,3.7598325450960175,3.7598325450960175,0.9672901777227929,-3.7598325450960175
2025-10-28 10:00:00,10,156.16,160.49061942564808,4.330619425648081,4.330619425648081,1.1141362237923644,4.330619425648081
2025-10-28 11:00:00,11,177.09999999999997,181.01064799049593,3.91064799049596,3.91064799049596,1.0060903894967264,3.91064799049596
2025-10-28 12:00:00,12,180.30000000000004,201.41543627327604,21.115436273276003,21.115436273276003,5.4323573883926395,21.115436273276003
2025-10-28 13:00:00,13,166.91000000000003,187.61818188115413,20.708181881154104,20.708181881154104,5.327583261191738,20.708181881154104
2025-10-28 14:00:00,14,136.76,154.38261920417918,17.622619204179188,17.622619204179188,4.533762144323443,17.622619204179188
2025-10-28 15:00:00,15,93.98,105.84817036844359,11.868170368443586,11.868170368443586,3.053318063303005,11.868170368443586
2025-10-28 16:00:00,16,45.269999999999996,51.76110239251758,6.491102392517583,6.491102392517583,1.6699625612488105,6.491102392517583
2025-10-28 17:00:00,17,13.66,9.156611338440133,4.5033886615598675,4.5033886615598675,1.1585844759168151,-4.5033886615598675
2025-10-28 18:00:00,18,10.949999999999998,6.585466576542995,4.364533423457003,4.364533423457003,1.122861260499297,-4.364533423457003
2025-10-28 19:00:00,19,10.949999999999998,6.342015751526321,4.607984248473676,4.607984248473676,1.1854937285607503,-4.607984248473676
2025-10-29 06:00:00,6,10.949999999999998,6.826888322983398,4.1231116770166,4.1231116770166,1.0607508124355731,-4.1231116770166
2025-10-29 07:00:00,7,25.3,6.837395902552087,18.462604097447915,18.462604097447915,4.749864624141098,-18.462604097447915
2025-10-29 08:00:00,8,74.73,62.548048166797244,12.18195183320276,12.18195183320276,3.1340444587401906,-12.18195183320276
2025-10-29 09:00:00,9,126.22999999999999,119.33185962574241,6.898140374257579,6.898140374257579,1.77468101266249,-6.898140374257579
2025-10-29 10:00:00,10,162.3,152.37965472130284,9.92034527869717,9.92034527869717,2.552202108101439,-9.92034527869717
2025-10-29 11:00:00,11,180.73,182.56225673251103,1.8322567325110413,1.8322567325110413,0.4713837436021045,1.8322567325110413
2025-10-29 12:00:00,12,159.24,185.16337156858182,25.923371568581814,25.923371568581814,6.669292419539693,25.923371568581814
2025-10-29 13:00:00,13,141.67999999999998,172.15331949592624,30.473319495926262,30.473319495926262,7.839855173726947,30.473319495926262
2025-10-29 14:00:00,14,106.59,128.93587742683187,22.345877426831862,22.345877426831862,5.748912348706728,22.345877426831862
2025-10-29 15:00:00,15,78.19,79.07327974909981,0.8832797490998132,0.8832797490998132,0.2272409250247296,0.8832797490998132
2025-10-29 16:00:00,16,37.010000000000005,33.8850463273108,3.1249536726892018,3.1249536726892018,0.8039552179986352,-3.1249536726892018
2025-10-29 17:00:00,17,12.57,7.106440140176801,5.463559859823199,5.463559859823199,1.405607224369759,-5.463559859823199
2025-10-29 18:00:00,18,10.959999999999997,6.585466576542995,4.374533423457002,4.374533423457002,1.1254339553364232,-4.374533423457002
2025-10-29 19:00:00,19,10.959999999999997,6.342015751526321,4.617984248473676,4.617984248473676,1.1880664233978764,-4.617984248473676
2025-10-30 06:00:00,6,10.959999999999997,6.826888322983398,4.1331116770166,4.1331116770166,1.0633235072726996,-4.1331116770166
2025-10-30 07:00:00,7,12.21,6.837395902552087,5.372604097447914,5.372604097447914,1.3822070823427808,-5.372604097447914
2025-10-30 08:00:00,8,22.16,18.250817847767387,3.9091821522326136,3.9091821522326136,1.005713274043509,-3.9091821522326136
2025-10-30 09:00:00,9,32.519999999999996,45.79835569384641,13.278355693846414,13.278355693846414,3.416115713908517,13.278355693846414
2025-10-30 10:00:00,10,49.580000000000005,57.95084514728672,8.370845147286715,8.370845147286715,2.1535630092808207,8.370845147286715
2025-10-30 11:00:00,11,59.900000000000006,77.30139428222633,17.40139428222632,17.40139428222632,4.476847722868263,17.40139428222632
2025-10-30 12:00:00,12,75.47,84.27899927896618,8.808999278966184,8.808999278966184,2.2662866965245527,8.808999278966184
2025-10-30 13:00:00,13,62.050000000000004,93.42832636526924,31.37832636526924,31.37832636526924,8.072685823759198,31.37832636526924
2025-10-30 14:00:00,14,47.15,89.41401209637048,42.264012096370486,42.264012096370486,10.87324057165755,42.264012096370486
2025-10-30 15:00:00,15,31.84,56.16542301758258,24.325423017582583,24.325423017582583,6.258189020824776,24.325423017582583
2025-10-30 16:00:00,16,24.099999999999998,31.706268666936158,7.60626866693616,7.60626866693616,1.956860812922214,7.60626866693616
2025-10-30 17:00:00,17,13.7,1.5073032347841189,12.19269676521588,12.19269676521588,3.136808801851733,-12.19269676521588
2025-10-30 18:00:00,18,11.299999999999999,6.585466576542995,4.714533423457004,4.714533423457004,1.2129055797987176,-4.714533423457004
2025-10-30 19:00:00,19,11.049999999999999,6.342015751526321,4.707984248473678,4.707984248473678,1.2112206769320135,-4.707984248473678
2025-10-31 06:00:00,6,11.049999999999999,6.826888322983398,4.223111677016601,4.223111677016601,1.0864777608068366,-4.223111677016601
2025-10-31 07:00:00,7,18.44,6.837395902552087,11.602604097447914,11.602604097447914,2.9849959658724603,-11.602604097447914
2025-10-31 08:00:00,8,38.15,25.04999562721152,13.10000437278848,13.10000437278848,3.3702313616204767,-13.10000437278848
2025-10-31 09:00:00,9,43.58,72.1512094924579,28.571209492457896,28.571209492457896,7.350500315170012,28.571209492457896
2025-10-31 10:00:00,10,48.84,93.35457338277124,44.51457338277123,44.51457338277123,11.4522413118735,44.51457338277123
2025-10-31 11:00:00,11,80.72999999999999,116.68869856368443,35.958698563684436,35.958698563684436,9.251075814457154,35.958698563684436
2025-10-31 12:00:00,12,118.03000000000002,129.15608479486895,11.12608479486893,11.12608479486893,2.8624020909188634,11.12608479486893
2025-10-31 13:00:00,13,121.22,131.6839787412068,10.463978741206802,10.463978741206802,2.692062408330201,10.463978741206802
2025-10-31 14:00:00,14,108.78,107.8812708679803,0.898729132019696,0.898729132019696,0.23121557979220655,-0.898729132019696
2025-10-31 15:00:00,15,74.12,68.31262852412358,5.8073714758764226,5.8073714758764226,1.4940594613261766,-5.8073714758764226
2025-10-31 16:00:00,16,37.37,37.35113992215189,0.01886007784811028,0.01886007784811028,0.004852122490763326,-0.01886007784811028
2025-10-31 17:00:00,17,12.28,1.0812826775511941,11.198717322448806,11.198717322448806,2.8810882237900812,-11.198717322448806
2025-10-31 18:00:00,18,11.09,6.585466576542995,4.504533423457005,4.504533423457005,1.1588789882190655,-4.504533423457005
2025-10-31 19:00:00,19,11.059999999999999,6.342015751526321,4.717984248473678,4.717984248473678,1.2137933717691398,-4.717984248473678
2025-11-01 06:00:00,6,11.059999999999999,6.826888322983398,4.233111677016601,4.233111677016601,1.0890504556439629,-4.233111677016601
2025-11-01 07:00:00,7,14.17,6.837395902552087,7.332604097447913,7.332604097447913,1.8864552704195336,-7.332604097447913
2025-11-01 08:00:00,8,27.560000000000002,62.159508186546475,34.59950818654647,34.59950818654647,8.901397607863698,34.59950818654647
2025-11-01 09:00:00,9,46.22,111.23778625019355,65.01778625019355,65.01778625019355,16.727092300725374,65.01778625019355
2025-11-01 10:00:00,10,69.73,148.24116573089816,78.51116573089816,78.51116573089816,20.19852707326483,78.51116573089816
2025-11-01 11:00:00,11,114.96000000000001,185.6654652520167,70.7054652520167,70.7054652520167,18.190358541047576,70.7054652520167
2025-11-01 12:00:00,12,157.29999999999998,194.76608063734824,37.466080637348256,37.466080637348256,9.638879222306318,37.466080637348256
2025-11-01 13:00:00,13,147.20000000000002,181.41928837520604,34.21928837520602,34.21928837520602,8.803578653302827,34.21928837520602
2025-11-01 14:00:00,14,118.10000000000001,149.54525189250717,31.44525189250716,31.44525189250716,8.089903719598892,31.44525189250716
2025-11-01 15:00:00,15,81.32000000000001,100.03700010551447,18.717000105514458,18.717000105514458,4.815312953794931,18.717000105514458
2025-11-01 16:00:00,16,38.970000000000006,45.379106316667986,6.40910631666798,6.40910631666798,1.6488674731485218,6.40910631666798
2025-11-01 17:00:00,17,11.280000000000001,0.5700000000000001,10.71,10.71,2.7553561705622585,-10.71
2025-11-01 18:00:00,18,11.059999999999999,6.585466576542995,4.474533423457004,4.474533423457004,1.1511609037076864,-4.474533423457004
2025-11-01 19:00:00,19,11.059999999999999,6.342015751526321,4.717984248473678,4.717984248473678,1.2137933717691398,-4.717984248473678
2025-11-02 06:00:00,6,11.059999999999999,6.826888322983398,4.233111677016601,4.233111677016601,1.0890504556439629,-4.233111677016601
2025-11-02 07:00:00,7,21.550000000000004,6.837395902552087,14.712604097447917,14.712604097447917,3.785104060218738,-14.712604097447917
2025-11-02 08:00:00,8,70.68,66.73890379782691,3.9410962021730995,3.9410962021730995,1.0139237851948768,-3.9410962021730995
2025-11-02 09:00:00,9,123.36,125.56299765730819,2.202997657308188,2.202997657308188,0.5667640699158092,2.202997657308188
2025-11-02 10:00:00,10,164.29999999999998,163.83578987144602,0.46421012855395816,0.46421012855395816,0.11942710010725004,-0.46421012855395816
2025-11-02 11:00:00,11,184.91,194.38244886418454,9.472448864184543,9.472448864184543,2.4369720287830376,9.472448864184543
2025-11-02 12:00:00,12,188.42,202.31528988854922,13.895289888549229,13.895289888549229,3.5748340556643767,13.895289888549229
2025-11-02 13:00:00,13,173.42,185.58032328541168,12.160323285411692,12.160323285411692,3.128480093416529,12.160323285411692
2025-11-02 14:00:00,14,144.54,148.8910087572215,4.351008757221507,4.351008757221507,1.1193817765995053,4.351008757221507
2025-11-02 15:00:00,15,99.06,101.05856050790766,1.998560507907655,1.998560507907655,0.5141686300378524,1.998560507907655
2025-11-02 16:00:00,16,46.59,45.428919395929015,1.161080604070989,1.161080604070989,0.2987106075580909,-1.161080604070989
2025-11-02 17:00:00,17,12.299999999999999,0.5700000000000001,11.729999999999999,11.729999999999999,3.0177710439491396,-11.729999999999999
2025-11-02 18:00:00,18,11.069999999999999,6.585466576542995,4.484533423457004,4.484533423457004,1.1537335985448127,-4.484533423457004
2025-11-02 19:00:00,19,11.069999999999999,6.342015751526321,4.727984248473677,4.727984248473677,1.216366066606266,-4.727984248473677
2025-11-03 06:00:00,6,11.069999999999999,6.826888322983398,4.243111677016601,4.243111677016601,1.0916231504810892,-4.243111677016601
2025-11-03 07:00:00,7,23.24,6.837395902552087,16.402604097447913,16.402604097447913,4.219889487693081,-16.402604097447913
2025-11-03 08:00:00,8,74.87,66.06051962675303,8.80948037324697,8.80948037324697,2.2664104674017875,-8.80948037324697
2025-11-03 09:00:00,9,120.24999999999999,124.9391727857639,4.689172785763915,4.689172785763915,1.2063810616327937,4.689172785763915
2025-11-03 10:00:00,10,152.39999999999998,163.03110629474602,10.631106294746047,10.631106294746047,2.7350592277433976,10.631106294746047
2025-11-03 11:00:00,11,166.28000000000003,191.09639676205353,24.8163967620535,24.8163967620535,6.384501582581266,24.8163967620535
2025-11-03 12:00:00,12,167.10000000000002,196.9145149497128,29.814514949712787,29.814514949712787,7.6703648682550725,29.814514949712787
2025-11-03 13:00:00,13,162.44,183.34560526554824,20.905605265548246,20.905605265548246,5.378374273367619,20.905605265548246
2025-11-03 14:00:00,14,135.85,145.57147671000644,9.721476710006442,9.721476710006442,2.501039294107706,9.721476710006442
2025-11-03 15:00:00,15,94.19,100.48727012383793,6.297270123837933,6.297270123837933,1.6200954335587496,6.297270123837933
2025-11-03 16:00:00,16,43.47,44.19896262041046,0.7289626204104636,0.7289626204104636,0.18753983699880525,0.7289626204104636
2025-11-03 17:00:00,17,12.48,0.5700000000000001,11.91,11.91,3.0640795510174135,-11.91
2025-11-03 18:00:00,18,11.239999999999998,6.585466576542995,4.6545334234570035,4.6545334234570035,1.1974694107759598,-4.6545334234570035
2025-11-03 19:00:00,19,11.239999999999998,6.342015751526321,4.897984248473677,4.897984248473677,1.260101878837413,-4.897984248473677
2025-11-04 06:00:00,6,11.239999999999998,6.826888322983398,4.413111677016601,4.413111677016601,1.135358962712236,-4.413111677016601
2025-11-04 07:00:00,7,18.300000000000004,6.837395902552087,11.462604097447917,11.462604097447917,2.9489782381526934,-11.462604097447917
2025-11-04 08:00:00,8,64.58000000000001,60.11272134860671,4.4672786513933005,4.4672786513933005,1.1492944722444047,-4.4672786513933005
2025-11-04 09:00:00,9,111.0,110.50756387738163,0.492436122618372,0.492436122618372,0.12668878702747752,-0.492436122618372
2025-11-04 10:00:00,10,140.86,152.98395622188497,12.123956221884953,12.123956221884953,3.1191239577588603,12.123956221884953
2025-11-04 11:00:00,11,161.39999999999998,177.84513251640905,16.445132516409075,16.445132516409075,4.2308307520823325,16.445132516409075
2025-11-04 12:00:00,12,159.56,190.52226273925075,30.962262739250747,30.962262739250747,7.965645349501815,30.962262739250747
2025-11-04 13:00:00,13,147.09000000000003,163.07053647795632,15.980536477956292,15.980536477956292,4.111304369134652,15.980536477956292
2025-11-04 14:00:00,14,123.72,135.77350719798284,12.053507197982839,12.053507197982839,3.1009995737515044,12.053507197982839
2025-11-04 15:00:00,15,80.10999999999999,88.85796641445565,8.74796641445566,8.74796641445566,2.2505848029824276,8.74796641445566
2025-11-04 16:00:00,16,39.38,39.89496749203599,0.5149674920359857,0.5149674920359857,0.1324854208048855,0.5149674920359857
2025-11-04 17:00:00,17,11.65,0.5700000000000001,11.08,11.08,2.8505458795359315,-11.08
2025-11-04 18:00:00,18,11.149999999999999,6.585466576542995,4.564533423457004,4.564533423457004,1.1743151572418231,-4.564533423457004
2025-11-04 19:00:00,19,11.149999999999999,6.342015751526321,4.8079842484736774,4.8079842484736774,1.2369476253032763,-4.8079842484736774
2025-11-05 06:00:00,6,11.149999999999999,6.826888322983398,4.323111677016601,4.323111677016601,1.1122047091780993,-4.323111677016601
2025-11-05 07:00:00,7,21.400000000000002,6.837395902552087,14.562604097447915,14.562604097447915,3.7465136376618435,-14.562604097447915
2025-11-05 08:00:00,8,67.14,63.52539193053481,3.6146080694651914,3.6146080694651914,0.929928351854813,-3.6146080694651914
2025-11-05 09:00:00,9,110.45,117.7526348592045,7.3026348592045025,7.3026348592045025,1.8787450999693909,7.3026348592045025
2025-11-05 10:00:00,10,142.51,160.5884816815056,18.07848168150562,18.07848168150562,4.6510416485091755,18.07848168150562
2025-11-05 11:00:00,11,166.59,184.61594736090254,18.025947360902535,18.025947360902535,4.637526170970426,18.025947360902535
2025-11-05 12:00:00,12,173.6,195.88996884923895,22.28996884923896,22.28996884923896,5.734528777814294,22.28996884923896
2025-11-05 13:00:00,13,162.95999999999998,175.66671357497646,12.706713574976476,12.706713574976476,3.269049641118454,12.706713574976476
2025-11-05 14:00:00,14,135.85000000000002,144.29963605468689,8.449636054686863,8.449636054686863,2.173833505348906,8.449636054686863
2025-11-05 15:00:00,15,93.63000000000001,96.17811278025582,2.5481127802558063,2.5481127802558063,0.6555516594179635,2.5481127802558063
2025-11-05 16:00:00,16,42.37,42.57555024841208,0.2055502484120808,0.2055502484120808,0.0528818062859787,0.2055502484120808
2025-11-05 17:00:00,17,11.91,0.5700000000000001,11.34,11.34,2.917435945301215,-11.34
2025-11-05 18:00:00,18,11.229999999999999,6.585466576542995,4.644533423457004,4.644533423457004,1.1948967159388333,-4.644533423457004
2025-11-05 19:00:00,19,11.229999999999999,6.342015751526321,4.8879842484736775,4.8879842484736775,1.2575291840002867,-4.8879842484736775
2025-11-06 06:00:00,6,11.139999999999999,6.826888322983398,4.313111677016601,4.313111677016601,1.1096320143409732,-4.313111677016601
2025-11-06 07:00:00,7,17.34,6.837395902552087,10.502604097447913,10.502604097447913,2.7019995337885683,-10.502604097447913
2025-11-06 08:00:00,8,49.69,18.543689228777176,31.146310771222822,31.146310771222822,8.012995291665597,-31.146310771222822
2025-11-06 09:00:00,9,87.42,52.33221913035585,35.08778086964415,35.08778086964415,9.027015268955218,-35.08778086964415
2025-11-06 10:00:00,10,131.23,93.88098196109087,37.34901803890912,37.34901803890912,9.608762588043824,-37.34901803890912
2025-11-06 11:00:00,11,149.42,83.09685807610558,66.32314192389441,66.32314192389441,17.062920480959747,-66.32314192389441
2025-11-06 12:00:00,12,162.79000000000002,87.42383932550992,75.3661606744901,75.3661606744901,19.389413246129124,-75.3661606744901
2025-11-06 13:00:00,13,121.16,100.42710192649606,20.732898073503932,20.732898073503932,5.333941983236921,-20.732898073503932
2025-11-06 14:00:00,14,99.11000000000001,79.41907552983496,19.690924470165058,19.690924470165058,5.0658739722637405,-19.690924470165058
2025-11-06 15:00:00,15,56.53,45.048583743641196,11.481416256358806,11.481416256358806,2.9538180325632175,-11.481416256358806
2025-11-06 16:00:00,16,25.16,22.39791417177471,2.762085828225292,2.762085828225292,0.7106003949974906,-2.762085828225292
2025-11-06 17:00:00,17,12.159999999999998,0.5700000000000001,11.589999999999998,11.589999999999998,2.981753316229372,-11.589999999999998
2025-11-06 18:00:00,18,12.09,6.585466576542995,5.504533423457005,5.504533423457005,1.4161484719316948,-5.504533423457005
2025-11-06 19:00:00,19,12.09,6.342015751526321,5.747984248473679,5.747984248473679,1.4787809399931482,-5.747984248473679
2025-11-07 06:00:00,6,12.09,6.826888322983398,5.263111677016602,5.263111677016602,1.354038023867971,-5.263111677016602
2025-11-07 07:00:00,7,17.919999999999998,6.837395902552087,11.082604097447911,11.082604097447911,2.8512158343418927,-11.082604097447911
2025-11-07 08:00:00,8,41.8,12.501962364041399,29.2980376359586,29.2980376359586,7.537491016396247,-29.2980376359586
2025-11-07 09:00:00,9,59.56,28.79123812028238,30.768761879717623,30.768761879717623,7.915863483271779,-30.768761879717623
2025-11-07 10:00:00,10,67.73,48.44166455447335,19.288335445526656,19.288335445526656,4.962300101746648,-19.288335445526656
2025-11-07 11:00:00,11,101.12,66.89024494791218,34.229755052087825,34.229755052087825,8.806271409860395,-34.229755052087825
2025-11-07 12:00:00,12,99.91,57.700142401693206,42.20985759830679,42.20985759830679,10.859308271899986,-42.20985759830679
2025-11-07 13:00:00,13,84.78999999999999,53.0963535069722,31.693646493027792,31.693646493027792,8.15380807023184,-31.693646493027792
2025-11-07 14:00:00,14,57.39000000000001,36.35763710139655,21.03236289860346,21.03236289860346,5.410985144180368,-21.03236289860346
2025-11-07 15:00:00,15,29.429999999999996,11.734803680044092,17.695196319955905,17.695196319955905,4.552434021428671,-17.695196319955905
2025-11-07 16:00:00,16,20.669999999999995,9.892432531797143,10.777567468202852,10.777567468202852,2.7727392182225756,-10.777567468202852
2025-11-07 17:00:00,17,11.95,0.5700000000000001,11.379999999999999,11.379999999999999,2.9277267246497196,-11.379999999999999
2025-11-07 18:00:00,18,11.939999999999998,6.585466576542995,5.354533423457003,5.354533423457003,1.3775580493748,-5.354533423457003
2025-11-07 19:00:00,19,11.939999999999998,6.342015751526321,5.597984248473677,5.597984248473677,1.4401905174362533,-5.597984248473677
2025-11-08 06:00:00,6,11.939999999999998,6.826888322983398,5.1131116770166,5.1131116770166,1.3154476013110763,-5.1131116770166
2025-11-08 07:00:00,7,12.16,6.837395902552087,5.322604097447913,5.322604097447913,1.369343608157149,-5.322604097447913
2025-11-08 08:00:00,8,17.95,11.39343922365255,6.55656077634745,6.55656077634745,1.6868030058613834,-6.55656077634745
2025-11-08 09:00:00,9,24.560000000000002,12.895044509394724,11.664955490605278,11.664955490605278,3.0010370765988186,-11.664955490605278
2025-11-08 10:00:00,10,37.25,13.773706403172291,23.47629359682771,23.47629359682771,6.039733933141967,-23.47629359682771
2025-11-08 11:00:00,11,36.50000000000001,16.536496907186933,19.963503092813074,19.963503092813074,5.136000133783495,-19.963503092813074
2025-11-08 12:00:00,12,45.220000000000006,47.053324501051634,1.833324501051628,1.833324501051628,0.47165844786326583,1.833324501051628
2025-11-08 13:00:00,13,39.49,41.3647832257083,1.874783225708299,1.874783225708299,0.48232451255107156,1.874783225708299
2025-11-08 14:00:00,14,23.98,37.41793153866714,13.43793153866714,13.43793153866714,3.457169709118552,13.43793153866714
2025-11-08 15:00:00,15,21.33,13.100498420369199,8.2295015796308,8.2295015796308,2.1171996226038816,-8.2295015796308
2025-11-08 16:00:00,16,17.349999999999998,11.004712374906335,6.345287625093663,6.345287625093663,1.6324488713159815,-6.345287625093663
2025-11-08 17:00:00,17,11.96,0.5700000000000001,11.39,11.39,2.9302994194868464,-11.39
2025-11-08 18:00:00,18,11.95,6.585466576542995,5.364533423457004,5.364533423457004,1.3801307442119266,-5.364533423457004
2025-11-08 19:00:00,19,11.95,6.342015751526321,5.607984248473678,5.607984248473678,1.44276321227338,-5.607984248473678
2025-11-09 06:00:00,6,12.299999999999999,6.826888322983398,5.473111677016601,5.473111677016601,1.408064615447623,-5.473111677016601
2025-11-09 07:00:00,7,17.529999999999998,6.837395902552087,10.69260409744791,10.69260409744791,2.750880735693967,-10.69260409744791
2025-11-09 08:00:00,8,42.55,52.7972936274403,10.2472936274403,10.2472936274403,2.6363159409832813,10.2472936274403
2025-11-09 09:00:00,9,77.51,104.05019592306328,26.54019592306328,26.54019592306328,6.827982502758516,26.54019592306328
2025-11-09 10:00:00,10,110.67,137.15058280859066,26.480582808590654,26.480582808590654,6.812645867575641,26.480582808590654
2025-11-09 11:00:00,11,155.43,166.5802011719149,11.150201171914887,11.150201171914887,2.868606498790496,11.150201171914887
2025-11-09 12:00:00,12,167.27,164.00252536769236,3.2674746323076533,3.2674746323076533,0.8406215116979029,-3.2674746323076533
2025-11-09 13:00:00,13,138.57999999999998,172.8738498152015,34.293849815201526,34.293849815201526,8.82276103647534,34.293849815201526
2025-11-09 14:00:00,14,126.21999999999998,135.9488150686871,9.728815068687126,9.728815068687126,2.502927229856784,9.728815068687126
2025-11-09 15:00:00,15,84.72,92.1811160092966,7.461116009296603,7.461116009296603,1.9195174636317691,7.461116009296603
2025-11-09 16:00:00,16,38.83,40.63900823247786,1.809008232477865,1.809008232477865,0.46540261400147614,1.809008232477865
2025-11-09 17:00:00,17,12.359999999999998,0.5700000000000001,11.789999999999997,11.789999999999997,3.0332072129718974,-11.789999999999997
2025-11-09 18:00:00,18,11.95,6.585466576542995,5.364533423457004,5.364533423457004,1.3801307442119266,-5.364533423457004
2025-11-09 19:00:00,19,11.95,6.342015751526321,5.607984248473678,5.607984248473678,1.44276321227338,-5.607984248473678
2025-11-10 06:00:00,6,11.95,6.826888322983398,5.123111677016602,5.123111677016602,1.318020296148203,-5.123111677016602
2025-11-10 07:00:00,7,19.74,6.837395902552087,12.902604097447911,12.902604097447911,3.319446294698878,-12.902604097447911
2025-11-10 08:00:00,8,71.42,56.26001076419169,15.159989235808311,15.159989235808311,3.90020260378542,-15.159989235808311
2025-11-10 09:00:00,9,124.92,113.60773733682413,11.312262663175872,11.312262663175872,2.9102999749769083,-11.312262663175872
2025-11-10 10:00:00,10,161.61,156.6509188196445,4.9590811803555255,4.9590811803555255,1.2758202549590818,-4.9590811803555255
2025-11-10 11:00:00,11,181.42999999999998,180.45303243090422,0.9769675690957627,0.9769675690957627,0.25134394210524924,-0.9769675690957627
2025-11-10 12:00:00,12,184.09,186.0299793693485,1.9399793693484924,1.9399793693484924,0.49909749076543863,1.9399793693484924
2025-11-10 13:00:00,13,170.35000000000002,170.3658799650837,0.015879965083684056,0.015879965083684056,0.004085430418453976,0.015879965083684056
2025-11-10 14:00:00,14,138.92,134.37676509406688,4.5432349059331045,4.5432349059331045,1.1688356986346051,-4.5432349059331045
2025-11-10 15:00:00,15,94.27000000000001,87.87454425785563,6.395455742144378,6.395455742144378,1.6453555968884537,-6.395455742144378
2025-11-10 16:00:00,16,35.43,35.85071917557104,0.4207191755710369,0.4207191755710369,0.10823820508716366,0.4207191755710369
2025-11-10 17:00:00,17,13.16,0.5700000000000001,12.59,12.59,3.2390227999420014,-12.59
2025-11-10 18:00:00,18,12.989999999999998,6.585466576542995,6.4045334234570035,6.4045334234570035,1.6476910072730606,-6.4045334234570035
2025-11-10 19:00:00,19,10.959999999999997,6.342015751526321,4.617984248473676,4.617984248473676,1.1880664233978764,-4.617984248473676
2025-11-11 06:00:00,6,10.959999999999997,6.826888322983398,4.1331116770166,4.1331116770166,1.0633235072726996,-4.1331116770166
2025-11-11 07:00:00,7,15.309999999999999,6.837395902552087,8.472604097447912,8.472604097447912,2.179742481851931,-8.472604097447912
2025-11-11 08:00:00,8,43.66000000000001,19.575322616124424,24.084677383875587,24.084677383875587,6.1962525159349084,-24.084677383875587
2025-11-11 09:00:00,9,62.43,47.66024989913764,14.76975010086236,14.76975010086236,3.799805983013412,-14.76975010086236
2025-11-11 10:00:00,10,104.12,88.28167300312384,15.838326996876162,15.838326996876162,4.074718209358127,-15.838326996876162
2025-11-11 11:00:00,11,139.57000000000002,108.71852415544518,30.85147584455484,30.85147584455484,7.937143262301275,-30.85147584455484
2025-11-11 12:00:00,12,156.60999999999999,130.1723234970874,26.43767650291258,26.43767650291258,6.801607384465827,-26.43767650291258
2025-11-11 13:00:00,13,152.12,126.58507481122092,25.534925188779084,25.534925188779084,6.569357019957805,-25.534925188779084
2025-11-11 14:00:00,14,129.17000000000002,121.80760420003972,7.3623957999602965,7.3623957999602965,1.8941197663438147,-7.3623957999602965
2025-11-11 15:00:00,15,88.36000000000001,77.29314307113282,11.066856928867196,11.066856928867196,2.8471645684111966,-11.066856928867196
2025-11-11 16:00:00,16,38.17,36.98181679548548,1.188183204514523,1.188183204514523,0.3056832795814686,-1.188183204514523
2025-11-11 17:00:00,17,11.4,0.5700000000000001,10.83,10.83,2.786228508607774,-10.83
2025-11-11 18:00:00,18,10.959999999999997,6.585466576542995,4.374533423457002,4.374533423457002,1.1254339553364232,-4.374533423457002
2025-11-11 19:00:00,19,10.959999999999997,6.342015751526321,4.617984248473676,4.617984248473676,1.1880664233978764,-4.617984248473676
2025-11-12 06:00:00,6,10.959999999999997,6.826888322983398,4.1331116770166,4.1331116770166,1.0633235072726996,-4.1331116770166
2025-11-12 07:00:00,7,17.229999999999997,6.837395902552087,10.39260409744791,10.39260409744791,2.673699890580178,-10.39260409744791
2025-11-12 08:00:00,8,62.01,56.052573280067044,5.957426719932954,5.957426719932954,1.532664096492973,-5.957426719932954
2025-11-12 09:00:00,9,110.64999999999999,113.18913587580118,2.5391358758011933,2.5391358758011933,0.6532421758435875,2.5391358758011933
2025-11-12 10:00:00,10,143.08,151.06110203609745,7.98110203609744,7.98110203609744,2.053294000284602,7.98110203609744
2025-11-12 11:00:00,11,161.19000000000003,175.04864361485014,13.85864361485011,13.85864361485011,3.5654060877498126,13.85864361485011
2025-11-12 12:00:00,12,166.86999999999998,181.07905455893197,14.209054558931996,14.209054558931996,3.6555561304210142,14.209054558931996
2025-11-12 13:00:00,13,158.55,168.4006144225856,9.85061442258558,9.85061442258558,2.5342624867507704,9.85061442258558
2025-11-12 14:00:00,14,128.82999999999998,133.04620858315988,4.216208583159897,4.216208583159897,1.0847018054143025,4.216208583159897
2025-11-12 15:00:00,15,86.63000000000002,86.81211038978424,0.18211038978421357,0.18211038978421357,0.04685144595849028,0.18211038978421357
2025-11-12 16:00:00,16,36.22,36.24020016866852,0.020200168668523588,0.020200168668523588,0.005196886964259091,0.020200168668523588
2025-11-12 17:00:00,17,11.259999999999998,0.5700000000000001,10.689999999999998,10.689999999999998,2.7502107808880054,-10.689999999999998
2025-11-12 18:00:00,18,10.949999999999998,6.585466576542995,4.364533423457003,4.364533423457003,1.122861260499297,-4.364533423457003
2025-11-12 19:00:00,19,10.949999999999998,6.342015751526321,4.607984248473676,4.607984248473676,1.1854937285607503,-4.607984248473676
2025-11-13 06:00:00,6,10.949999999999998,6.826888322983398,4.1231116770166,4.1231116770166,1.0607508124355731,-4.1231116770166
2025-11-13 07:00:00,7,14.049999999999999,6.837395902552087,7.212604097447912,7.212604097447912,1.855582932374018,-7.212604097447912
2025-11-13 08:00:00,8,38.989999999999995,54.89489938285077,15.904899382850772,15.904899382850772,4.091845252727333,15.904899382850772
2025-11-13 09:00:00,9,84.11999999999998,110.54130455985313,26.421304559853155,26.421304559853155,6.797395383127556,26.421304559853155
2025-11-13 10:00:00,10,118.77,148.88904693569754,30.11904693569754,30.11904693569754,7.748711655063352,30.11904693569754
2025-11-13 11:00:00,11,137.51000000000002,175.75313823324987,38.24313823324985,38.24313823324985,9.838792428818898,38.24313823324985
2025-11-13 12:00:00,12,142.03,174.2042716399894,32.1742716399894,32.1742716399894,8.277458253649959,32.1742716399894
2025-11-13 13:00:00,13,124.17,165.45735385037437,41.28735385037437,41.28735385037437,10.621976208946448,41.28735385037437
2025-11-13 14:00:00,14,100.45,132.19789498113556,31.74789498113556,31.74789498113556,8.167764550759516,31.74789498113556
2025-11-13 15:00:00,15,65.72,88.59655556192416,22.876555561924164,22.876555561924164,5.885439638539506,22.876555561924164
2025-11-13 16:00:00,16,30.56,37.03561501512252,6.475615015122518,6.475615015122518,1.6659781316623195,6.475615015122518
2025-11-13 17:00:00,17,11.089999999999998,0.5700000000000001,10.519999999999998,10.519999999999998,2.7064749686568583,-10.519999999999998
2025-11-13 18:00:00,18,10.959999999999997,6.585466576542995,4.374533423457002,4.374533423457002,1.1254339553364232,-4.374533423457002
2025-11-13 19:00:00,19,10.959999999999997,6.342015751526321,4.617984248473676,4.617984248473676,1.1880664233978764,-4.617984248473676
2025-11-14 06:00:00,6,10.959999999999997,6.826888322983398,4.1331116770166,4.1331116770166,1.0633235072726996,-4.1331116770166
2025-11-14 07:00:00,7,14.69,6.837395902552087,7.852604097447912,7.852604097447912,2.0202354019501008,-7.852604097447912
2025-11-14 08:00:00,8,41.629999999999995,30.42552562470206,11.204474375297934,11.204474375297934,2.882569337804283,-11.204474375297934
2025-11-14 09:00:00,9,83.13,88.52361554454856,5.393615544548567,5.393615544548567,1.387612686490421,5.393615544548567
2025-11-14 10:00:00,10,125.4,138.53703956881145,13.137039568811446,13.137039568811446,3.3797593873805014,13.137039568811446
2025-11-14 11:00:00,11,151.47,165.78038938146744,14.310389381467445,14.310389381467445,3.6816264878968203,14.310389381467445
2025-11-14 12:00:00,12,160.12999999999997,174.8964436130388,14.766443613038831,14.766443613038831,3.798955324598151,14.766443613038831
2025-11-14 13:00:00,13,148.53,160.13640087062066,11.60640087062066,11.60640087062066,2.9859727597463874,11.60640087062066
2025-11-14 14:00:00,14,118.82000000000001,130.155110610447,11.33511061044699,11.33511061044699,2.9161780545752416,11.33511061044699
2025-11-14 15:00:00,15,75.32000000000002,85.18052950082854,9.86052950082852,9.86052950082852,2.5368133338113026,9.86052950082852
2025-11-14 16:00:00,16,26.72,34.37418678184074,7.6541867818407425,7.6541867818407425,1.9691886816041984,7.6541867818407425
2025-11-14 17:00:00,17,11.110000000000001,0.5700000000000001,10.540000000000001,10.540000000000001,2.711620358331112,-10.540000000000001
2025-11-14 18:00:00,18,10.949999999999998,6.585466576542995,4.364533423457003,4.364533423457003,1.122861260499297,-4.364533423457003
2025-11-14 19:00:00,19,10.949999999999998,6.342015751526321,4.607984248473676,4.607984248473676,1.1854937285607503,-4.607984248473676
2025-11-15 06:00:00,6,10.949999999999998,6.826888322983398,4.1231116770166,4.1231116770166,1.0607508124355731,-4.1231116770166
2025-11-15 07:00:00,7,16.33,6.837395902552087,9.492604097447911,9.492604097447911,2.4421573552388125,-9.492604097447911
2025-11-15 08:00:00,8,52.27,47.20378909572403,5.066210904275977,5.066210904275977,1.3033814637223726,-5.066210904275977
2025-11-15 09:00:00,9,95.9,99.68727599223938,3.7872759922393726,3.7872759922393726,0.9743505392006588,3.7872759922393726
2025-11-15 10:00:00,10,132.38,134.87195556865856,2.491955568658568,2.491955568658568,0.641104122583601,2.491955568658568
2025-11-15 11:00:00,11,151.61,152.88710761913376,1.2771076191337443,1.2771076191337443,0.32856081782000346,1.2771076191337443
2025-11-15 12:00:00,12,112.61999999999999,160.9842720223551,48.36427202235511,48.36427202235511,12.442651293328455,48.36427202235511
2025-11-15 13:00:00,13,99.38999999999999,142.09955430511314,42.70955430511316,42.70955430511316,10.987864985672962,42.70955430511316
2025-11-15 14:00:00,14,82.38999999999999,111.83746058725318,29.44746058725319,29.44746058725319,7.575932981930624,29.44746058725319
2025-11-15 15:00:00,15,45.519999999999996,58.248159378696855,12.728159378696859,12.728159378696859,3.2745669919694,12.728159378696859
2025-11-15 16:00:00,16,21.32,24.45921298931273,3.1392129893127283,3.1392129893127283,0.8076237050244649,3.1392129893127283
2025-11-15 17:00:00,17,10.989999999999998,0.5700000000000001,10.419999999999998,10.419999999999998,2.680748020285596,-10.419999999999998
2025-11-15 18:00:00,18,10.949999999999998,6.585466576542995,4.364533423457003,4.364533423457003,1.122861260499297,-4.364533423457003
2025-11-15 19:00:00,19,10.949999999999998,6.342015751526321,4.607984248473676,4.607984248473676,1.1854937285607503,-4.607984248473676
2025-11-16 06:00:00,6,10.949999999999998,6.826888322983398,4.1231116770166,4.1231116770166,1.0607508124355731,-4.1231116770166
2025-11-16 07:00:00,7,15.230000000000002,6.837395902552087,8.392604097447915,8.392604097447915,2.1591609231549214,-8.392604097447915
2025-11-16 08:00:00,8,51.24,48.7104712692014,2.529528730798603,2.529528730798603,0.6507705506088187,-2.529528730798603
2025-11-16 09:00:00,9,96.25999999999999,102.12377762007752,5.863777620077528,5.863777620077528,1.508571040923015,5.863777620077528
2025-11-16 10:00:00,10,130.76,143.21580529693938,12.455805296939388,12.455805296939388,3.204498597968628,12.455805296939388
2025-11-16 11:00:00,11,147.29,167.50404968199464,20.214049681994652,20.214049681994652,5.2004581254282,20.214049681994652
2025-11-16 12:00:00,12,149.39999999999998,170.76772355522138,21.367723555221403,21.367723555221403,5.497263207165996,21.367723555221403
2025-11-16 13:00:00,13,132.70000000000002,151.7062422501769,19.006242250176882,19.006242250176882,4.889726131020166,19.006242250176882
2025-11-16 14:00:00,14,101.73,121.3682660089499,19.6382660089499,19.6382660089499,5.0523265571338145,19.6382660089499
2025-11-16 15:00:00,15,62.1,78.6227163166948,16.522716316694805,16.522716316694805,4.250790696326306,16.522716316694805
2025-11-16 16:00:00,16,26.860000000000007,31.808088781833668,4.948088781833661,4.948088781833661,1.2729922462665983,4.948088781833661
2025-11-16 17:00:00,17,10.979999999999997,0.5700000000000001,10.409999999999997,10.409999999999997,2.678175325448469,-10.409999999999997
2025-11-16 18:00:00,18,10.949999999999998,6.585466576542995,4.364533423457003,4.364533423457003,1.122861260499297,-4.364533423457003
2025-11-16 19:00:00,19,10.949999999999998,6.342015751526321,4.607984248473676,4.607984248473676,1.1854937285607503,-4.607984248473676
2025-11-17 06:00:00,6,10.949999999999998,6.826888322983398,4.1231116770166,4.1231116770166,1.0607508124355731,-4.1231116770166
2025-11-17 07:00:00,7,11.889999999999999,6.837395902552087,5.052604097447912,5.052604097447912,1.2998808475547388,-5.052604097447912
2025-11-17 08:00:00,8,27.94,16.305703861923305,11.634296138076696,11.634296138076696,2.993149360802827,-11.634296138076696
2025-11-17 09:00:00,9,47.48,49.802204455787184,2.322204455787187,2.322204455787187,0.5974323414155366,2.322204455787187
2025-11-17 10:00:00,10,66.95,78.63257509342642,11.682575093426422,11.682575093426422,3.005570062719836,11.682575093426422
2025-11-17 11:00:00,11,71.38,91.57118952979748,20.191189529797484,20.191189529797484,5.194576905874842,20.191189529797484
2025-11-17 12:00:00,12,79.98000000000002,51.86194187658011,28.118058123419907,28.118058123419907,7.233918296413938,-28.118058123419907
2025-11-17 13:00:00,13,64.97,78.81228574570154,13.842285745701545,13.842285745701545,3.5611977071993226,13.842285745701545
2025-11-17 14:00:00,14,56.49,74.64170030087173,18.15170030087173,18.15170030087173,4.669878564911646,18.15170030087173
2025-11-17 15:00:00,15,38.29999999999999,53.25144044972521,14.951440449725219,14.951440449725219,3.846549365260927,14.951440449725219
2025-11-17 16:00:00,16,21.179999999999996,26.36541941394912,5.185419413949123,5.185419413949123,1.334050175460135,5.185419413949123
2025-11-17 17:00:00,17,10.979999999999999,0.5700000000000001,10.409999999999998,10.409999999999998,2.678175325448469,-10.409999999999998
2025-11-17 18:00:00,18,10.969999999999999,6.585466576542995,4.384533423457004,4.384533423457004,1.12800665017355,-4.384533423457004
2025-11-17 19:00:00,19,10.969999999999999,6.342015751526321,4.627984248473678,4.627984248473678,1.1906391182350031,-4.627984248473678
2025-11-18 06:00:00,6,10.969999999999999,6.826888322983398,4.143111677016601,4.143111677016601,1.0658962021098264,-4.143111677016601
2025-11-18 07:00:00,7,15.44,6.837395902552087,8.602604097447912,8.602604097447912,2.2131875147345728,-8.602604097447912
2025-11-18 08:00:00,8,55.769999999999996,56.772370663553204,1.002370663553208,1.002370663553208,0.2578793831010193,1.002370663553208
2025-11-18 09:00:00,9,110.72999999999999,114.56125435096868,3.831254350968692,3.831254350968692,0.9856648288454796,3.831254350968692
2025-11-18 10:00:00,10,148.28,155.02682364641802,6.746823646418022,6.746823646418022,1.7357518362141229,6.746823646418022
2025-11-18 11:00:00,11,170.35,185.98347667627968,15.633476676279685,15.633476676279685,4.022016473139904,15.633476676279685
2025-11-18 12:00:00,12,176.21999999999997,194.58698346666552,18.366983466665545,18.366983466665545,4.725264353827441,18.366983466665545
2025-11-18 13:00:00,13,161.83,180.60477475849504,18.774774758495028,18.774774758495028,4.830176608938918,18.774774758495028
2025-11-18 14:00:00,14,129.82,141.45702158108196,11.637021581081967,11.637021581081967,2.9938505341176813,11.637021581081967
2025-11-18 15:00:00,15,84.28000000000002,94.93838012345171,10.658380123451693,10.658380123451693,2.7420759515733657,10.658380123451693
2025-11-18 16:00:00,16,34.05,37.413891097501256,3.3638910975012593,3.3638910975012593,0.8654265259196585,3.3638910975012593
2025-11-18 17:00:00,17,11.059999999999997,0.5700000000000001,10.489999999999997,10.489999999999997,2.698756884145479,-10.489999999999997
2025-11-18 18:00:00,18,10.969999999999999,6.585466576542995,4.384533423457004,4.384533423457004,1.12800665017355,-4.384533423457004
2025-11-18 19:00:00,19,10.969999999999999,6.342015751526321,4.627984248473678,4.627984248473678,1.1906391182350031,-4.627984248473678
2025-11-19 06:00:00,6,10.969999999999999,6.826888322983398,4.143111677016601,4.143111677016601,1.0658962021098264,-4.143111677016601
2025-11-19 07:00:00,7,14.889999999999997,6.837395902552087,8.05260409744791,8.05260409744791,2.071689298692626,-8.05260409744791
2025-11-19 08:00:00,8,53.36,49.06364405646112,4.296355943538877,4.296355943538877,1.1053212754399326,-4.296355943538877
2025-11-19 09:00:00,9,103.67,109.06530077433153,5.395300774331531,5.395300774331531,1.3880462446866213,5.395300774331531
2025-11-19 10:00:00,10,139.94,148.1075799212754,8.167579921275404,8.167579921275404,2.1012690695281595,8.167579921275404
2025-11-19 11:00:00,11,160.2,174.00568528769935,13.805685287699362,13.805685287699362,3.5517815262654553,13.805685287699362
2025-11-19 12:00:00,12,163.89000000000004,186.05796818280007,22.167968182800024,22.167968182800024,5.703141729346953,22.167968182800024
2025-11-19 13:00:00,13,152.49999999999997,173.03749158718287,20.5374915871829,20.5374915871829,5.283669857387009,20.5374915871829
2025-11-19 14:00:00,14,123.69999999999999,133.7120404812586,10.012040481258623,10.012040481258623,2.5757924855233494,10.012040481258623
2025-11-19 15:00:00,15,81.36000000000001,88.49047326955211,7.130473269552098,7.130473269552098,1.834453176684371,7.130473269552098
2025-11-19 16:00:00,16,33.14,35.15126328098397,2.011263280983968,2.011263280983968,0.517436665908914,2.011263280983968
2025-11-19 17:00:00,17,11.4,0.5700000000000001,10.83,10.83,2.786228508607774,-10.83
2025-11-19 18:00:00,18,10.959999999999997,6.585466576542995,4.374533423457002,4.374533423457002,1.1254339553364232,-4.374533423457002
2025-11-19 19:00:00,19,10.959999999999997,6.342015751526321,4.617984248473676,4.617984248473676,1.1880664233978764,-4.617984248473676
2025-11-20 06:00:00,6,10.959999999999997,6.826888322983398,4.1331116770166,4.1331116770166,1.0633235072726996,-4.1331116770166
2025-11-20 07:00:00,7,15.27,6.837395902552087,8.432604097447912,8.432604097447912,2.1694517025034257,-8.432604097447912
2025-11-20 08:00:00,8,53.63000000000001,20.93962420053258,32.69037579946743,32.69037579946743,8.410236104300814,-32.69037579946743
2025-11-20 09:00:00,9,92.83000000000001,92.21860416717242,0.611395832827597,0.611395832827597,0.15729349025560882,-0.611395832827597
2025-11-20 10:00:00,10,119.52999999999997,125.24436013603636,5.71436013603639,5.71436013603639,1.4701304819461116,5.71436013603639
2025-11-20 11:00:00,11,145.86999999999998,155.43554337803604,9.565543378036068,9.565543378036068,2.460922406298098,9.565543378036068
2025-11-20 12:00:00,12,147.15,165.85070113607995,18.700701136079942,18.700701136079942,4.811119726343464,18.700701136079942
2025-11-20 13:00:00,13,136.66,155.40971588657808,18.749715886578088,18.749715886578088,4.823729725898426,18.749715886578088
2025-11-20 14:00:00,14,116.04999999999998,125.76359466233124,9.71359466233126,9.71359466233126,2.499011483771714,9.71359466233126
2025-11-20 15:00:00,15,75.66,84.00049883755318,8.340498837553184,8.340498837553184,2.1457558298430914,8.340498837553184
2025-11-20 16:00:00,16,31.169999999999995,33.13084118723451,1.9608411872345144,1.9608411872345144,0.5044645998822823,1.9608411872345144
2025-11-20 17:00:00,17,12.549999999999997,0.5700000000000001,11.979999999999997,11.979999999999997,3.0820884148772967,-11.979999999999997
2025-11-20 18:00:00,18,10.959999999999997,6.585466576542995,4.374533423457002,4.374533423457002,1.1254339553364232,-4.374533423457002
2025-11-20 19:00:00,19,10.959999999999997,6.342015751526321,4.617984248473676,4.617984248473676,1.1880664233978764,-4.617984248473676
2025-11-21 06:00:00,6,10.959999999999997,6.826888322983398,4.1331116770166,4.1331116770166,1.0633235072726996,-4.1331116770166
2025-11-21 07:00:00,7,13.78,6.837395902552087,6.942604097447912,6.942604097447912,1.7861201717716082,-6.942604097447912
2025-11-21 08:00:00,8,45.14,26.69837771621746,18.44162228378254,18.44162228378254,4.744466643772051,-18.44162228378254
2025-11-21 09:00:00,9,89.91999999999999,103.75052455598086,13.830524555980872,13.830524555980872,3.558171911992039,13.830524555980872
2025-11-21 10:00:00,10,123.16,145.41998813290868,22.25998813290869,22.25998813290869,5.726815654402671,22.25998813290869
2025-11-21 11:00:00,11,142.20000000000002,167.05491543215933,24.854915432159316,24.854915432159316,6.394411260952687,24.854915432159316
2025-11-21 12:00:00,12,147.97,180.5724887962872,32.60248879628719,32.60248879628719,8.387625460367582,32.60248879628719
2025-11-21 13:00:00,13,141.98,166.74597263074625,24.765972630746262,24.765972630746262,6.371528992353196,24.765972630746262
2025-11-21 14:00:00,14,116.58,131.19511419498636,14.615114194986361,14.615114194986361,3.760022883345259,14.615114194986361
2025-11-21 15:00:00,15,77.04,86.28121646916837,9.241216469168364,9.241216469168364,2.377482989899591,9.241216469168364
2025-11-21 16:00:00,16,34.27,33.959496274493254,0.31050372550674865,0.31050372550674865,0.07988313315196915,-0.31050372550674865
2025-11-21 17:00:00,17,16.19,0.5700000000000001,15.620000000000001,15.620000000000001,4.018549335591268,-15.620000000000001
2025-11-21 18:00:00,18,16.13,6.585466576542995,9.544533423457004,9.544533423457004,2.4555171861307166,-9.544533423457004
2025-11-21 19:00:00,19,10.979999999999999,6.342015751526321,4.6379842484736775,4.6379842484736775,1.1932118130721294,-4.6379842484736775
2025-11-22 06:00:00,6,10.969999999999999,6.826888322983398,4.143111677016601,4.143111677016601,1.0658962021098264,-4.143111677016601
2025-11-22 07:00:00,7,18.69,6.837395902552087,11.852604097447914,11.852604097447914,3.049313336800618,-11.852604097447914
2025-11-22 08:00:00,8,50.15,26.26045983788424,23.889540162115757,23.889540162115757,6.146049663639641,-23.889540162115757
2025-11-22 09:00:00,9,88.72000000000001,102.02544112975356,13.305441129753547,13.305441129753547,3.423083970020476,13.305441129753547
2025-11-22 10:00:00,10,119.47,141.37248449730157,21.90248449730157,21.90248449730157,5.634840878644639,21.90248449730157
2025-11-22 11:00:00,11,152.70999999999998,164.9844211378563,12.274421137856308,12.274421137856308,3.1578339890076745,12.274421137856308
2025-11-22 12:00:00,12,154.38000000000002,174.3884597060885,20.008459706088473,20.008459706088473,5.1475660984703255,20.008459706088473
2025-11-22 13:00:00,13,138.83,157.1327883968649,18.302788396864884,18.302788396864884,4.708748921362928,18.302788396864884
2025-11-22 14:00:00,14,111.13000000000001,127.04786401949058,15.917864019490565,15.917864019490565,4.095180658102174,15.917864019490565
2025-11-22 15:00:00,15,73.08000000000001,80.7568753536884,7.676875353688388,7.676875353688388,1.9750257587696192,7.676875353688388
2025-11-22 16:00:00,16,29.080000000000002,31.987116306044953,2.9071163060449514,2.9071163060449514,0.7479123111487503,2.9071163060449514
2025-11-22 17:00:00,17,11.88,0.5700000000000001,11.31,11.31,2.909717860789836,-11.31
2025-11-22 18:00:00,18,11.289999999999997,6.585466576542995,4.704533423457002,4.704533423457002,1.2103328849615909,-4.704533423457002
2025-11-22 19:00:00,19,10.959999999999997,6.342015751526321,4.617984248473676,4.617984248473676,1.1880664233978764,-4.617984248473676
2025-11-23 06:00:00,6,10.959999999999997,6.826888322983398,4.1331116770166,4.1331116770166,1.0633235072726996,-4.1331116770166
2025-11-23 07:00:00,7,12.070000000000002,6.837395902552087,5.232604097447915,5.232604097447915,1.346189354623013,-5.232604097447915
2025-11-23 08:00:00,8,29.549999999999997,17.049329533579836,12.50067046642016,12.50067046642016,3.216041036957626,-12.50067046642016
2025-11-23 09:00:00,9,61.41,68.9025977146439,7.492597714643907,7.492597714643907,1.927616745712863,7.492597714643907
2025-11-23 10:00:00,10,91.08999999999999,112.38683452722158,21.29683452722159,21.29683452722159,5.4790256235315935,21.29683452722159
2025-11-23 11:00:00,11,98.92,131.08540784442965,32.16540784442965,32.16540784442965,8.275177869542569,32.16540784442965
2025-11-23 12:00:00,12,115.48,137.77112899970194,22.29112899970194,22.29112899970194,5.734827249124934,22.29112899970194
2025-11-23 13:00:00,13,83.02,94.69048520384253,11.670485203842532,11.670485203842532,3.0024597030684457,11.670485203842532
2025-11-23 14:00:00,14,76.22999999999999,51.9199559556238,24.31004404437619,24.31004404437619,6.254232480327938,-24.31004404437619
2025-11-23 15:00:00,15,38.349999999999994,39.49551891257941,1.1455189125794192,1.1455189125794192,0.29470705922235957,1.1455189125794192
2025-11-23 16:00:00,16,28.150000000000002,11.016312188747106,17.133687811252898,17.133687811252898,4.407975017294401,-17.133687811252898
2025-11-23 17:00:00,17,10.959999999999997,0.5700000000000001,10.389999999999997,10.389999999999997,2.6730299357742164,-10.389999999999997
2025-11-23 18:00:00,18,10.959999999999997,6.585466576542995,4.374533423457002,4.374533423457002,1.1254339553364232,-4.374533423457002
2025-11-23 19:00:00,19,10.959999999999997,6.342015751526321,4.617984248473676,4.617984248473676,1.1880664233978764,-4.617984248473676
2025-11-24 06:00:00,6,10.959999999999997,6.826888322983398,4.1331116770166,4.1331116770166,1.0633235072726996,-4.1331116770166
2025-11-24 07:00:00,7,13.57,6.837395902552087,6.732604097447913,6.732604097447913,1.7320935801919564,-6.732604097447913
2025-11-24 08:00:00,8,43.269999999999996,20.23341975826599,23.036580241734008,23.036580241734008,5.926609105295463,-23.036580241734008
2025-11-24 09:00:00,9,83.53,93.73134087569622,10.201340875696218,10.201340875696218,2.6244937002669064,10.201340875696218
2025-11-24 10:00:00,10,112.73000000000002,137.4581629916783,24.72816299167829,24.72816299167829,6.3618017260308175,24.72816299167829
2025-11-24 11:00:00,11,134.67000000000002,158.91537813288417,24.245378132884156,24.245378132884156,6.237595914664576,24.245378132884156
2025-11-24 12:00:00,12,137.33,168.04871873135718,30.71871873135717,30.71871873135717,7.90298890832973,30.71871873135717
2025-11-24 13:00:00,13,126.99,154.51272172743504,27.52272172743504,27.52272172743504,7.080756409183573,27.52272172743504
2025-11-24 14:00:00,14,104.12000000000002,125.4370291623564,21.317029162356377,21.317029162356377,5.484221086886485,21.317029162356377
2025-11-24 15:00:00,15,62.89000000000001,81.63020062251645,18.740200622516447,18.740200622516447,4.821281738825898,18.740200622516447
2025-11-24 16:00:00,16,26.87,33.32180008831576,6.4518000883157605,6.4518000883157605,1.659851277738091,6.4518000883157605
2025-11-24 17:00:00,17,11.629999999999999,0.5700000000000001,11.059999999999999,11.059999999999999,2.8454004898616785,-11.059999999999999
2025-11-24 18:00:00,18,11.59,6.585466576542995,5.004533423457005,5.004533423457005,1.2875137300753803,-5.004533423457005
2025-11-24 19:00:00,19,11.59,6.342015751526321,5.247984248473679,5.247984248473679,1.3501461981368335,-5.247984248473679
2025-11-25 06:00:00,6,10.969999999999999,6.826888322983398,4.143111677016601,4.143111677016601,1.0658962021098264,-4.143111677016601
2025-11-25 07:00:00,7,13.08,6.837395902552087,6.242604097447913,6.242604097447913,1.606031533172768,-6.242604097447913
2025-11-25 08:00:00,8,48.45,21.364841832897753,27.08515816710225,27.08515816710225,6.968184657925297,-27.08515816710225
2025-11-25 09:00:00,9,100.77999999999999,97.25147235181704,3.528527648182944,3.528527648182944,0.9077824863137636,-3.528527648182944
2025-11-25 10:00:00,10,137.07,135.64330281790797,1.4266971820920276,1.4266971820920276,0.3670456474510788,-1.4266971820920276
2025-11-25 11:00:00,11,157.63,162.17651464568175,4.546514645681754,4.546514645681754,1.169679475586452,4.546514645681754
2025-11-25 12:00:00,12,162.49,175.00747399666085,12.51747399666084,12.51747399666084,3.2203640725071954,12.51747399666084
2025-11-25 13:00:00,13,150.70000000000002,166.07613405164727,15.376134051647256,15.376134051647256,3.9558100689634665,15.376134051647256
2025-11-25 14:00:00,14,123.09,133.46291997792488,10.37291997792488,10.37291997792488,2.6686357673131504,10.37291997792488
2025-11-25 15:00:00,15,80.29,87.7082968976844,7.4182968976843995,7.4182968976843995,1.9085014128942641,7.4182968976843995
2025-11-25 16:00:00,16,32.160000000000004,34.01915004671129,1.8591500467112851,1.8591500467112851,0.4783025726617227,1.8591500467112851
2025-11-25 17:00:00,17,11.19,0.5700000000000001,10.62,10.62,2.7322019170281218,-10.62
2025-11-25 18:00:00,18,11.16,6.585466576542995,4.574533423457005,4.574533423457005,1.1768878520789499,-4.574533423457005
2025-11-25 19:00:00,19,10.959999999999997,6.342015751526321,4.617984248473676,4.617984248473676,1.1880664233978764,-4.617984248473676
2025-11-26 06:00:00,6,10.959999999999997,6.826888322983398,4.1331116770166,4.1331116770166,1.0633235072726996,-4.1331116770166
2025-11-26 07:00:00,7,13.299999999999997,6.837395902552087,6.46260409744791,6.46260409744791,1.6626308195895456,-6.46260409744791
2025-11-26 08:00:00,8,46.339999999999996,20.107248395260434,26.232751604739562,26.232751604739562,6.748886461712991,-26.232751604739562
2025-11-26 09:00:00,9,95.76,96.67691439432453,0.9169143943245217,0.9169143943245217,0.23589409283654778,0.9169143943245217
2025-11-26 10:00:00,10,133.02,139.27583228511273,6.255832285112717,6.255832285112717,1.6094347421837458,6.255832285112717
2025-11-26 11:00:00,11,153.38,160.89636287180713,7.516362871807132,7.516362871807132,1.9337307954265956,7.516362871807132
2025-11-26 12:00:00,12,156.12999999999997,166.78257753156606,10.652577531566095,10.652577531566095,2.740583121754763,10.652577531566095
2025-11-26 13:00:00,13,143.02,154.21199661137365,11.19199661137364,11.19199661137364,2.8793591899215913,11.19199661137364
2025-11-26 14:00:00,14,116.24000000000001,125.80091461995033,9.560914619950324,9.560914619950324,2.459731568095148,9.560914619950324
2025-11-26 15:00:00,15,73.44,80.90418949198676,7.464189491986758,7.464189491986758,1.920308176936665,7.464189491986758
2025-11-26 16:00:00,16,29.65,31.383553267793967,1.733553267793969,1.733553267793969,0.4459903541936956,1.733553267793969
2025-11-26 17:00:00,17,11.139999999999997,0.5700000000000001,10.569999999999997,10.569999999999997,2.7193384428424894,-10.569999999999997
2025-11-26 18:00:00,18,10.959999999999997,6.585466576542995,4.374533423457002,4.374533423457002,1.1254339553364232,-4.374533423457002
2025-11-26 19:00:00,19,10.959999999999997,6.342015751526321,4.617984248473676,4.617984248473676,1.1880664233978764,-4.617984248473676
2025-11-27 06:00:00,6,10.959999999999997,6.826888322983398,4.1331116770166,4.1331116770166,1.0633235072726996,-4.1331116770166
2025-11-27 07:00:00,7,12.3,6.837395902552087,5.4626040974479135,5.4626040974479135,1.4053613358769175,-5.4626040974479135
2025-11-27 08:00:00,8,40.28,20.470185031770693,19.809814968229308,19.809814968229308,5.096460869319067,-19.809814968229308
2025-11-27 09:00:00,9,92.15,99.92937904042847,7.779379040428466,7.779379040428466,2.00139682933588,7.779379040428466
2025-11-27 10:00:00,10,133.28,144.65329197043346,11.373291970433456,11.373291970433456,2.926000953346406,11.373291970433456
2025-11-27 11:00:00,11,156.07,173.46875550150028,17.39875550150029,17.39875550150029,4.4761688451132455,17.39875550150029
2025-11-27 12:00:00,12,162.21,182.77177994637594,20.561779946375935,20.561779946375935,5.289918511016829,20.561779946375935
2025-11-27 13:00:00,13,149.44,168.1160114342016,18.676011434201598,18.676011434201598,4.804767819488204,18.676011434201598
2025-11-27 14:00:00,14,121.96000000000001,134.5522003181521,12.592200318152095,12.592200318152095,3.2395888746569943,12.592200318152095
2025-11-27 15:00:00,15,80.52,87.57679099651172,7.056790996511722,7.056790996511722,1.8154969763405007,7.056790996511722
2025-11-27 16:00:00,16,32.22,33.038183913582024,0.8181839135820255,0.8181839135820255,0.2104937530292261,0.8181839135820255
2025-11-27 17:00:00,17,12.229999999999999,0.5700000000000001,11.659999999999998,11.659999999999998,2.9997621800892555,-11.659999999999998
2025-11-27 18:00:00,18,12.139999999999999,6.585466576542995,5.554533423457004,5.554533423457004,1.429011946117326,-5.554533423457004
2025-11-27 19:00:00,19,12.139999999999999,6.342015751526321,5.797984248473678,5.797984248473678,1.4916444141787792,-5.797984248473678
2025-11-28 06:00:00,6,12.139999999999999,6.826888322983398,5.313111677016601,5.313111677016601,1.3669014980536025,-5.313111677016601
2025-11-28 07:00:00,7,13.4,6.837395902552087,6.562604097447913,6.562604097447913,1.6883577679608093,-6.562604097447913
2025-11-28 08:00:00,8,42.18,19.41992753642396,22.76007246357604,22.76007246357604,5.855472091966236,-22.76007246357604
2025-11-28 09:00:00,9,88.24000000000001,95.25242535863173,7.012425358631717,7.012425358631717,1.8040830515885304,7.012425358631717
2025-11-28 10:00:00,10,124.27,139.28454442641205,15.014544426412058,15.014544426412058,3.862784092763364,15.014544426412058
2025-11-28 11:00:00,11,144.84999999999997,162.08548243035494,17.235482430354978,17.235482430354978,4.434163666395516,17.235482430354978
2025-11-28 12:00:00,12,148.71,169.7764496168859,21.066449616885905,21.066449616885905,5.419754616594352,21.066449616885905
2025-11-28 13:00:00,13,137.79,157.42407298242236,19.634072982422367,19.634072982422367,5.0512478193638835,19.634072982422367
2025-11-28 14:00:00,14,109.97000000000001,127.60150756233546,17.631507562335443,17.631507562335443,4.536048847637356,17.631507562335443
2025-11-28 15:00:00,15,71.03,82.47971891901906,11.449718919019062,11.449718919019062,2.9456632749507565,11.449718919019062
2025-11-28 16:00:00,16,29.759999999999998,31.80400262089905,2.0440026208990503,2.0440026208990503,0.5258594989859595,2.0440026208990503
2025-11-28 17:00:00,17,11.079999999999997,0.5700000000000001,10.509999999999996,10.509999999999996,2.7039022738197316,-10.509999999999996
2025-11-28 18:00:00,18,10.959999999999997,6.585466576542995,4.374533423457002,4.374533423457002,1.1254339553364232,-4.374533423457002
2025-11-28 19:00:00,19,10.959999999999997,6.342015751526321,4.617984248473676,4.617984248473676,1.1880664233978764,-4.617984248473676
2025-11-29 06:00:00,6,10.959999999999997,6.826888322983398,4.1331116770166,4.1331116770166,1.0633235072726996,-4.1331116770166
2025-11-29 07:00:00,7,12.030000000000001,6.837395902552087,5.192604097447914,5.192604097447914,1.3358985752745076,-5.192604097447914
2025-11-29 08:00:00,8,41.22,18.970292445205548,22.24970755479445,22.24970755479445,5.724170775378953,-22.24970755479445
2025-11-29 09:00:00,9,86.71000000000001,93.4894158337593,6.779415833759288,6.779415833759288,1.7441368114244755,6.779415833759288
2025-11-29 10:00:00,10,121.08,136.44505637432695,15.365056374326954,15.365056374326954,3.952960120638537,15.365056374326954
2025-11-29 11:00:00,11,141.36,160.6693381202499,19.30933812024989,19.30933812024989,4.967703449029279,19.30933812024989
2025-11-29 12:00:00,12,145.32999999999998,168.47132090126314,23.141320901263157,23.141320901263157,5.953555680696247,23.141320901263157
2025-11-29 13:00:00,13,133.55,155.95021639549873,22.400216395498717,22.400216395498717,5.762892107121126,22.400216395498717
2025-11-29 14:00:00,14,106.67999999999999,125.79220195570547,19.112201955705473,19.112201955705473,4.916986329755849,19.112201955705473
2025-11-29 15:00:00,15,67.85,79.98323007798056,12.13323007798057,12.13323007798057,3.121509837928605,12.13323007798057
2025-11-29 16:00:00,16,24.619999999999997,31.192478792589963,6.5724787925899655,6.5724787925899655,1.6908982256818246,6.5724787925899655
2025-11-29 17:00:00,17,7.14,0.5700000000000001,6.569999999999999,6.569999999999999,1.6902605079919735,-6.569999999999999
2025-11-29 18:00:00,18,7.12,6.585466576542995,0.5345334234570052,0.5345334234570052,0.1375191378799279,-0.5345334234570052
2025-11-29 19:00:00,19,7.12,6.342015751526321,0.777984248473679,0.777984248473679,0.2001516059413812,-0.777984248473679
2025-11-30 06:00:00,6,6.53,6.826888322983398,0.2968883229833974,0.2968883229833974,0.07638030557424695,0.2968883229833974
2025-11-30 07:00:00,7,7.839999999999999,6.837395902552087,1.0026040974479118,1.0026040974479118,0.2579394385185908,-1.0026040974479118
2025-11-30 08:00:00,8,36.599999999999994,18.672937255910803,17.92706274408919,17.92706274408919,4.612086176655736,-17.92706274408919
2025-11-30 09:00:00,9,77.07,93.83855864143548,16.76855864143549,16.76855864143549,4.314038424287054,16.76855864143549
2025-11-30 10:00:00,10,105.95,135.9297720216436,29.979772021643598,29.979772021643598,7.712880469830573,29.979772021643598
2025-11-30 11:00:00,11,123.68,159.5264578978242,35.846457897824195,35.846457897824195,9.22219971629973,35.846457897824195
2025-11-30 12:00:00,12,136.97,166.47532353561905,29.505323535619056,29.505323535619056,7.5908193527828,29.505323535619056
2025-11-30 13:00:00,13,127.71000000000001,152.6993015272792,24.989301527279196,24.989301527279196,6.428984702262334,24.989301527279196
2025-11-30 14:00:00,14,96.94000000000001,123.90923868175346,26.969238681753453,26.969238681753453,6.938362111777378,26.969238681753453
2025-11-30 15:00:00,15,60.580000000000005,77.87039076261244,17.29039076261244,17.29039076261244,4.448289904686915,17.29039076261244
2025-11-30 16:00:00,16,22.8,30.769036994044367,7.969036994044366,7.969036994044366,2.0501900331446365,7.969036994044366
2025-11-30 17:00:00,17,6.88,0.5700000000000001,6.31,6.31,1.62337044222669,-6.31
2025-11-30 18:00:00,18,6.88,6.585466576542995,0.29453342345700495,0.29453342345700495,0.07577446178889685,-0.29453342345700495
2025-11-30 19:00:00,19,6.88,6.342015751526321,0.5379842484736788,0.5379842484736788,0.13840692985035014,-0.5379842484736788
2025-12-01 06:00:00,6,6.53,6.826888322983398,0.2968883229833974,0.2968883229833974,0.07638030557424695,0.2968883229833974
2025-12-01 07:00:00,7,7.260000000000001,6.837395902552087,0.4226040974479135,0.4226040974479135,0.10872313796526634,-0.4226040974479135
2025-12-01 08:00:00,8,34.55,17.759090891554138,16.79090910844586,16.79090910844586,4.319788517395549,-16.79090910844586
2025-12-01 09:00:00,9,80.36,88.54243878740631,8.182438787406312,8.182438787406312,2.1050918023462133,8.182438787406312
2025-12-01 10:00:00,10,116.96000000000001,129.4427349827001,12.482734982700094,12.482734982700094,3.211426784320828,12.482734982700094
2025-12-01 11:00:00,11,134.17000000000002,149.69100220684666,15.521002206846646,15.521002206846646,3.993080224458015,15.521002206846646
2025-12-01 12:00:00,12,138.87,151.71046944247524,12.84046944247524,12.84046944247524,3.303460944093396,12.84046944247524
2025-12-01 13:00:00,13,125.21000000000001,143.9978729585237,18.78787295852368,18.78787295852368,4.833546376097853,18.78787295852368
2025-12-01 14:00:00,14,94.67999999999999,114.48822365371488,19.80822365371489,19.80822365371489,5.096051472655519,19.80822365371489
2025-12-01 15:00:00,15,59.699999999999996,69.19717768535358,9.497177685353584,9.497177685353584,2.4433339998380195,9.497177685353584
2025-12-01 16:00:00,16,23.18,27.70346992853273,4.52346992853273,4.52346992853273,1.163750773103219,4.52346992853273
2025-12-01 17:00:00,17,6.7700000000000005,0.5700000000000001,6.2,6.2,1.595070799018301,-6.2
2025-12-01 18:00:00,18,6.7700000000000005,6.585466576542995,0.18453342345700552,0.18453342345700552,0.04747481858050778,-0.18453342345700552
2025-12-01 19:00:00,19,6.7700000000000005,6.342015751526321,0.42798424847367933,0.42798424847367933,0.11010728664196108,-0.42798424847367933
2025-12-02 06:00:00,6,7.72,6.826888322983398,0.8931116770166021,0.8931116770166021,0.22977038004378167,-0.8931116770166021
2025-12-02 07:00:00,7,7.829999999999999,6.837395902552087,0.992604097447912,0.992604097447912,0.25536674368146456,-0.992604097447912
2025-12-02 08:00:00,8,19.720000000000002,11.201968567024029,8.518031432975974,8.518031432975974,2.1914295490096753,-8.518031432975974
2025-12-02 09:00:00,9,45.650000000000006,55.76439917943662,10.114399179436617,10.114399179436617,2.6021262549570987,10.114399179436617
2025-12-02 10:00:00,10,51.0,76.99208821835684,25.99208821835684,25.99208821835684,6.686971116549775,25.99208821835684
2025-12-02 11:00:00,11,71.97,92.56913848657115,20.59913848657115,20.59913848657115,5.299529723365109,20.59913848657115
2025-12-02 12:00:00,12,50.11,73.61617325634708,23.506173256347083,23.506173256347083,6.047421057720025,23.506173256347083
2025-12-02 13:00:00,13,60.739999999999995,54.88965313942046,5.850346860579535,5.850346860579535,1.5051157163610978,-5.850346860579535
2025-12-02 14:00:00,14,36.650000000000006,43.45357603505752,6.803576035057517,6.803576035057517,1.7503524939388644,6.803576035057517
2025-12-02 15:00:00,15,22.34,29.93124975985097,7.591249759850971,7.591249759850971,1.9529969064504795,7.591249759850971
2025-12-02 16:00:00,16,12.19,8.074554718983302,4.115445281016697,4.115445281016697,1.0587784826947417,-4.115445281016697
2025-12-02 17:00:00,17,7.71,0.5700000000000001,7.14,7.14,1.8369041137081723,-7.14
2025-12-02 18:00:00,18,7.71,6.585466576542995,1.124533423457005,1.124533423457005,0.2893081332703791,-1.124533423457005
2025-12-02 19:00:00,19,7.71,6.342015751526321,1.3679842484736788,1.3679842484736788,0.3519406013318324,-1.3679842484736788
2025-12-03 06:00:00,6,7.71,6.826888322983398,0.8831116770166023,0.8831116770166023,0.22719768520665543,-0.8831116770166023
2025-12-03 07:00:00,7,8.36,6.837395902552087,1.5226040974479123,1.5226040974479123,0.39171957004915814,-1.5226040974479123
2025-12-03 08:00:00,8,40.66,16.321992797428774,24.338007202571223,24.338007202571223,6.26142654759975,-24.338007202571223
2025-12-03 09:00:00,9,93.64,95.8233936742655,2.1833936742655027,2.1833936742655027,0.5617205633197063,2.1833936742655027
2025-12-03 10:00:00,10,129.23,137.97463395834126,8.744633958341268,8.744633958341268,2.249727463718383,8.744633958341268
2025-12-03 11:00:00,11,150.21,161.65330868344685,11.443308683446844,11.443308683446844,2.944014116954616,11.443308683446844
2025-12-03 12:00:00,12,155.52,173.17041093118866,17.650410931188645,17.650410931188645,4.540912107582649,17.650410931188645
2025-12-03 13:00:00,13,143.22,161.2931334367255,18.0731334367255,18.0731334367255,4.649665708335824,18.0731334367255
2025-12-03 14:00:00,14,113.65,129.8501233392797,16.200123339279685,16.200123339279685,4.167797367577399,16.200123339279685
2025-12-03 15:00:00,15,72.72999999999999,83.97968082277801,11.249680822778018,11.249680822778018,2.894199577207966,11.249680822778018
2025-12-03 16:00:00,16,26.400000000000002,29.542692330430842,3.1426923304308403,3.1426923304308403,0.8085188333175817,3.1426923304308403
2025-12-03 17:00:00,17,7.74,0.5700000000000001,7.17,7.17,1.8446221982195512,-7.17
2025-12-03 18:00:00,18,7.71,6.585466576542995,1.124533423457005,1.124533423457005,0.2893081332703791,-1.124533423457005
2025-12-03 19:00:00,19,7.71,6.342015751526321,1.3679842484736788,1.3679842484736788,0.3519406013318324,-1.3679842484736788
2025-12-04 06:00:00,6,7.71,6.826888322983398,0.8831116770166023,0.8831116770166023,0.22719768520665543,-0.8831116770166023
2025-12-04 07:00:00,7,8.31,6.837395902552087,1.4726040974479133,1.4726040974479133,0.3788560958635269,-1.4726040974479133
2025-12-04 08:00:00,8,37.78,15.266687721502837,22.513312278497164,22.513312278497164,5.791988226550161,-22.513312278497164
2025-12-04 09:00:00,9,85.31,91.26860412568995,5.958604125689945,5.958604125689945,1.5329670070641943,5.958604125689945
2025-12-04 10:00:00,10,120.6,130.47707759794054,9.877077597940541,9.877077597940541,2.541070654211739,9.877077597940541
2025-12-04 11:00:00,11,142.48,151.63573449993743,9.155734499937438,9.155734499937438,2.355491087808812,9.155734499937438
2025-12-04 12:00:00,12,145.64000000000001,162.22490360664526,16.58490360664524,16.58490360664524,4.266789588305342,16.58490360664524
2025-12-04 13:00:00,13,132.60999999999999,151.04636908137556,18.436369081375574,18.436369081375574,4.743115155100973,18.436369081375574
2025-12-04 14:00:00,14,104.4,121.33934393838156,16.939343938381555,16.939343938381555,4.357976269458077,16.939343938381555
2025-12-04 15:00:00,15,64.51,76.4716352846051,11.961635284605094,11.961635284605094,3.0773637340291207,11.961635284605094
2025-12-04 16:00:00,16,23.79,27.90188785861981,4.111887858619809,4.111887858619809,1.0578632664713468,4.111887858619809
2025-12-04 17:00:00,17,7.72,0.5700000000000001,7.1499999999999995,7.1499999999999995,1.8394768085452984,-7.1499999999999995
2025-12-04 18:00:00,18,7.72,6.585466576542995,1.1345334234570048,1.1345334234570048,0.2918808281075053,-1.1345334234570048
2025-12-04 19:00:00,19,7.72,6.342015751526321,1.3779842484736786,1.3779842484736786,0.3545132961689586,-1.3779842484736786
2025-12-05 06:00:00,6,7.72,6.826888322983398,0.8931116770166021,0.8931116770166021,0.22977038004378167,-0.8931116770166021
2025-12-05 07:00:00,7,8.28,6.837395902552087,1.4426040974479122,1.4426040974479122,0.37113801135214775,-1.4426040974479122
2025-12-05 08:00:00,8,39.870000000000005,17.07814898446462,22.791851015535386,22.791851015535386,5.863647743621952,-22.791851015535386
2025-12-05 09:00:00,9,87.60999999999999,89.4854396491013,1.8754396491013097,1.8754396491013097,0.48249339025848836,1.8754396491013097
2025-12-05 10:00:00,10,122.0,130.08367370689163,8.08367370689163,8.08367370689163,2.0796825610733647,8.08367370689163
2025-12-05 11:00:00,11,142.92,153.8953810602356,10.975381060235605,10.975381060235605,2.823630618916183,10.975381060235605
2025-12-05 12:00:00,12,147.97,161.0887268816846,13.118726881684609,13.118726881684609,3.3750480918179884,13.118726881684609
2025-12-05 13:00:00,13,136.16,150.29581373925168,14.135813739251688,14.135813739251688,3.6367135025551716,14.135813739251688
2025-12-05 14:00:00,14,109.32000000000002,120.82768803738215,11.507688037382124,11.507688037382124,2.9605769601032983,11.507688037382124
2025-12-05 15:00:00,15,68.04,75.20841699757372,7.168416997573715,7.168416997573715,1.8442149400026249,7.168416997573715
2025-12-05 16:00:00,16,24.77,28.31925839326342,3.549258393263422,3.549258393263422,0.9131158743975962,3.549258393263422
2025-12-05 17:00:00,17,7.72,0.5700000000000001,7.1499999999999995,7.1499999999999995,1.8394768085452984,-7.1499999999999995
2025-12-05 18:00:00,18,7.71,6.585466576542995,1.124533423457005,1.124533423457005,0.2893081332703791,-1.124533423457005
2025-12-05 19:00:00,19,7.71,6.342015751526321,1.3679842484736788,1.3679842484736788,0.3519406013318324,-1.3679842484736788
2025-12-06 06:00:00,6,7.71,6.826888322983398,0.8831116770166023,0.8831116770166023,0.22719768520665543,-0.8831116770166023
2025-12-06 07:00:00,7,8.02,6.837395902552087,1.1826040974479124,1.1826040974479124,0.3042479455868642,-1.1826040974479124
2025-12-06 08:00:00,8,31.800000000000004,16.838932761234943,14.961067238765061,14.961067238765061,3.8490260443070174,-14.961067238765061
2025-12-06 09:00:00,9,75.47,85.4069985456715,9.9369985456715,9.9369985456715,2.556486485498054,9.9369985456715
2025-12-06 10:00:00,10,113.17,127.76217966129066,14.592179661290658,14.592179661290658,3.754122527702176,14.592179661290658
2025-12-06 11:00:00,11,134.13,150.90978146322732,16.779781463227323,16.779781463227323,4.316925713855238,16.779781463227323
2025-12-06 12:00:00,12,138.33,155.47053822871248,17.140538228712472,17.140538228712472,4.409737420657441,17.140538228712472
2025-12-06 13:00:00,13,127.29,145.6813248334674,18.39132483346738,18.39132483346738,4.731526644697408,18.39132483346738
2025-12-06 14:00:00,14,101.67000000000002,118.27288312101108,16.60288312101106,16.60288312101106,4.2714151686836415,16.60288312101106
2025-12-06 15:00:00,15,64.46,72.45654959515527,7.9965495951552725,7.9965495951552725,2.057268185828031,7.9965495951552725
2025-12-06 16:00:00,16,27.39,27.839688649671263,0.44968864967126265,0.44968864967126265,0.1156911667323551,0.44968864967126265
2025-12-06 17:00:00,17,12.16,0.5700000000000001,11.59,11.59,2.981753316229372,-11.59
2025-12-06 18:00:00,18,12.09,6.585466576542995,5.504533423457005,5.504533423457005,1.4161484719316948,-5.504533423457005
2025-12-06 19:00:00,19,7.72,6.342015751526321,1.3779842484736786,1.3779842484736786,0.3545132961689586,-1.3779842484736786
2025-12-07 06:00:00,6,7.72,6.826888322983398,0.8931116770166021,0.8931116770166021,0.22977038004378167,-0.8931116770166021
2025-12-07 07:00:00,7,13.260000000000002,6.837395902552087,6.422604097447914,6.422604097447914,1.6523400402410415,-6.422604097447914
2025-12-07 08:00:00,8,32.120000000000005,11.209949922818648,20.910050077181356,20.910050077181356,5.379517787761669,-20.910050077181356
2025-12-07 09:00:00,9,72.67,53.512101554910984,19.157898445089018,19.157898445089018,4.928742641987033,-19.157898445089018
2025-12-07 10:00:00,10,83.07,72.2798458686923,10.790154131307688,10.790154131307688,2.7759773825412215,-10.790154131307688
2025-12-07 11:00:00,11,104.25,99.27917478484795,4.970825215152047,4.970825215152047,1.2788416367278859,-4.970825215152047
2025-12-07 12:00:00,12,109.23,99.79561763928537,9.434382360714636,9.434382360714636,2.4271786790885903,-9.434382360714636
2025-12-07 13:00:00,13,96.74000000000001,104.01290497438018,7.272904974380168,7.272904974380168,1.8710965078497983,7.272904974380168
2025-12-07 14:00:00,14,82.16000000000001,87.32149116231574,5.161491162315727,5.161491162315727,1.3278941665162654,5.161491162315727
2025-12-07 15:00:00,15,45.11,48.10949587510976,2.9994958751097585,2.9994958751097585,0.7716787551876484,2.9994958751097585
2025-12-07 16:00:00,16,22.360000000000003,22.058794106045113,0.30120589395489006,0.30120589395489006,0.0774910848289755,-0.30120589395489006
2025-12-07 17:00:00,17,12.1,0.5700000000000001,11.53,11.53,2.966317147206614,-11.53
2025-12-07 18:00:00,18,12.09,6.585466576542995,5.504533423457005,5.504533423457005,1.4161484719316948,-5.504533423457005
2025-12-07 19:00:00,19,7.72,6.342015751526321,1.3779842484736786,1.3779842484736786,0.3545132961689586,-1.3779842484736786
2025-12-08 06:00:00,6,7.72,6.826888322983398,0.8931116770166021,0.8931116770166021,0.22977038004378167,-0.8931116770166021
2025-12-08 07:00:00,7,12.26,6.837395902552087,5.422604097447913,5.422604097447913,1.3950705565284118,-5.422604097447913
2025-12-08 08:00:00,8,35.05,16.671795539068533,18.378204460931464,18.378204460931464,4.7281511732289765,-18.378204460931464
2025-12-08 09:00:00,9,78.60000000000001,83.0910104220117,4.491010422011698,4.491010422011698,1.1553999326189863,4.491010422011698
2025-12-08 10:00:00,10,114.95,125.55144205035784,10.601442050357832,10.601442050357832,2.7274275229049163,10.601442050357832
2025-12-08 11:00:00,11,136.26,147.36800079474176,11.10800079474177,11.10800079474177,2.8577496295426896,11.10800079474177
2025-12-08 12:00:00,12,142.57,154.94562179846062,12.375621798460628,12.375621798460628,3.1838698307127253,12.375621798460628
2025-12-08 13:00:00,13,131.26999999999998,143.1705213224756,11.900521322475612,11.900521322475612,3.0616409765444357,11.900521322475612
2025-12-08 14:00:00,14,104.86,117.46539006934798,12.605390069347976,12.605390069347976,3.242982195137457,12.605390069347976
2025-12-08 15:00:00,15,67.34,70.336463978944,2.996463978943993,2.996463978943993,0.7708987408264115,2.996463978943993
2025-12-08 16:00:00,16,27.28,27.339033586725627,0.05903358672562575,0.05903358672562575,0.015187540378606455,0.05903358672562575
2025-12-08 17:00:00,17,12.11,0.5700000000000001,11.54,11.54,2.9688898420437404,-11.54
2025-12-08 18:00:00,18,12.09,6.585466576542995,5.504533423457005,5.504533423457005,1.4161484719316948,-5.504533423457005
2025-12-08 19:00:00,19,7.72,6.342015751526321,1.3779842484736786,1.3779842484736786,0.3545132961689586,-1.3779842484736786
2025-12-09 06:00:00,6,7.72,6.826888322983398,0.8931116770166021,0.8931116770166021,0.22977038004378167,-0.8931116770166021
2025-12-09 07:00:00,7,12.27,6.837395902552087,5.432604097447912,5.432604097447912,1.3976432513655384,-5.432604097447912
2025-12-09 08:00:00,8,33.92,15.36107894881759,18.55892105118241,18.55892105118241,4.774644037101144,-18.55892105118241
2025-12-09 09:00:00,9,80.74000000000001,76.53212094670319,4.207879053296821,4.207879053296821,1.08255887156686,-4.207879053296821
2025-12-09 10:00:00,10,104.86,119.98175234440924,15.121752344409245,15.121752344409245,3.890365418476406,15.121752344409245
2025-12-09 11:00:00,11,119.19000000000001,136.37251972313703,17.18251972313702,17.18251972313702,4.420537978053529,17.18251972313702
2025-12-09 12:00:00,12,127.32000000000001,148.49846516263872,21.178465162638716,21.178465162638716,5.448572798217965,21.178465162638716
2025-12-09 13:00:00,13,116.13000000000001,128.14679694191216,12.016796941912148,12.016796941912148,3.0915551451252394,12.016796941912148
2025-12-09 14:00:00,14,84.17000000000002,106.95837317116649,22.78837317116647,22.78837317116647,5.862753000396728,22.78837317116647
2025-12-09 15:00:00,15,53.35999999999999,59.87491936858229,6.514919368582298,6.514919368582298,1.6760899423845759,6.514919368582298
2025-12-09 16:00:00,16,27.110000000000003,22.97677681972012,4.1332231802798844,4.1332231802798844,1.063352193659677,-4.1332231802798844
2025-12-09 17:00:00,17,12.12,0.5700000000000001,11.549999999999999,11.549999999999999,2.9714625368808667,-11.549999999999999
2025-12-09 18:00:00,18,0.98,6.585466576542995,5.6054665765429945,5.6054665765429945,1.4421154921156152,5.6054665765429945
2025-12-09 19:00:00,19,0.98,6.342015751526321,5.362015751526322,5.362015751526322,1.379483024054162,5.362015751526322
2025-12-10 06:00:00,6,7.71,6.826888322983398,0.8831116770166023,0.8831116770166023,0.22719768520665543,-0.8831116770166023
2025-12-10 07:00:00,7,7.829999999999999,6.837395902552087,0.992604097447912,0.992604097447912,0.25536674368146456,-0.992604097447912
2025-12-10 08:00:00,8,28.81,11.269408444829104,17.540591555170895,17.540591555170895,4.5126589334129195,-17.540591555170895
2025-12-10 09:00:00,9,66.78,70.44851261572843,3.6685126157284316,3.6685126157284316,0.9437963466417204,3.6685126157284316
2025-12-10 10:00:00,10,73.93,111.95414831486202,38.02414831486202,38.02414831486202,9.78245300557699,38.02414831486202
2025-12-10 11:00:00,11,95.42999999999999,131.55460456882594,36.124604568825944,36.124604568825944,9.293758366744735,36.124604568825944
2025-12-10 12:00:00,12,93.13000000000001,133.58519594190864,40.45519594190863,40.45519594190863,10.407887373468084,40.45519594190863
2025-12-10 13:00:00,13,79.38,121.76256941200164,42.382569412001644,42.382569412001644,10.903741751040332,42.382569412001644
2025-12-10 14:00:00,14,87.28,94.08536402867045,6.8053640286704535,6.8053640286704535,1.750812490132546,6.8053640286704535
2025-12-10 15:00:00,15,48.599999999999994,54.54316674385946,5.943166743859464,5.943166743859464,1.528995439810792,5.943166743859464
2025-12-10 16:00:00,16,19.87,22.245232119943083,2.3752321199430817,2.3752321199430817,0.6110747411954104,2.3752321199430817
2025-12-10 17:00:00,17,7.66,0.5700000000000001,7.09,7.09,1.8240406395225408,-7.09
2025-12-10 18:00:00,18,0.91,6.585466576542995,5.675466576542995,5.675466576542995,1.4601243559754993,5.675466576542995
2025-12-10 19:00:00,19,0.91,6.342015751526321,5.432015751526321,5.432015751526321,1.3974918879140459,5.432015751526321
2025-12-11 06:00:00,6,7.64,6.826888322983398,0.813111677016602,0.813111677016602,0.20918882134677128,-0.813111677016602
2025-12-11 07:00:00,7,7.66,6.837395902552087,0.822604097447913,0.822604097447913,0.21163093145031786,-0.822604097447913
2025-12-11 08:00:00,8,23.150000000000002,9.210494814529888,13.939505185470114,13.939505185470114,3.586209302275414,-13.939505185470114
2025-12-11 09:00:00,9,36.29,60.84273145956322,24.55273145956322,24.55273145956322,6.3166685463366585,24.55273145956322
2025-12-11 10:00:00,10,50.49,83.05711554572413,32.56711554572413,32.56711554572413,8.378525002457986,32.56711554572413
2025-12-11 11:00:00,11,53.6,96.21555960040097,42.615559600400964,42.615559600400964,10.963683016519933,42.615559600400964
2025-12-11 12:00:00,12,58.14,94.76713989714901,36.62713989714901,36.62713989714901,9.423045371209767,36.62713989714901
2025-12-11 13:00:00,13,50.2,73.4178511306187,23.217851130618698,23.217851130618698,5.973244573290956,23.217851130618698
2025-12-11 14:00:00,14,46.9,56.66605833881426,9.766058338814261,9.766058338814261,2.512508786734162,9.766058338814261
2025-12-11 15:00:00,15,30.379999999999995,49.910034098766246,19.53003409876625,19.53003409876625,5.024481789479637,19.53003409876625
2025-12-11 16:00:00,16,12.93,21.607316563473947,8.677316563473948,8.677316563473948,2.232408752295988,8.677316563473948
2025-12-11 17:00:00,17,7.8999999999999995,0.5700000000000001,7.329999999999999,7.329999999999999,1.8857853156135715,-7.329999999999999
2025-12-11 18:00:00,18,1.17,6.585466576542995,5.415466576542995,5.415466576542995,1.3932342902102157,5.415466576542995
2025-12-11 19:00:00,19,1.17,6.342015751526321,5.172015751526321,5.172015751526321,1.3306018221487625,5.172015751526321
2025-12-12 06:00:00,6,7.8999999999999995,6.826888322983398,1.0731116770166018,1.0731116770166018,0.2760788871120548,-1.0731116770166018
2025-12-12 07:00:00,7,7.8999999999999995,6.837395902552087,1.0626040974479123,1.0626040974479123,0.2733756075413487,-1.0626040974479123
2025-12-12 08:00:00,8,10.84,8.294440532494184,2.545559467505816,2.545559467505816,0.6548947699650165,-2.545559467505816
2025-12-12 09:00:00,9,21.790000000000003,18.7990670626828,2.990932937317204,2.990932937317204,0.7694757726026946,-2.990932937317204
2025-12-12 10:00:00,10,47.690000000000005,46.122486632352945,1.5675133676470594,1.5675133676470594,0.40327335480720367,-1.5675133676470594
2025-12-12 11:00:00,11,61.940000000000005,56.82512232023131,5.114877679768696,5.114877679768696,1.315901939927343,-5.114877679768696
2025-12-12 12:00:00,12,55.72999999999999,58.91831811521604,3.188318115216049,3.188318115216049,0.8202569554132559,3.188318115216049
2025-12-12 13:00:00,13,37.550000000000004,52.517262910038085,14.96726291003808,14.96726291003808,3.8506200014566803,14.96726291003808
2025-12-12 14:00:00,14,30.060000000000002,42.73347790255394,12.673477902553941,12.673477902553941,3.2604991168334667,12.673477902553941
2025-12-12 15:00:00,15,19.34,36.24680364256323,16.90680364256323,16.90680364256323,4.3496046443530405,16.90680364256323
2025-12-12 16:00:00,16,10.36,9.631379352244638,0.7286206477553616,0.7286206477553616,0.18745185787038332,-0.7286206477553616
2025-12-12 17:00:00,17,7.92,0.5700000000000001,7.35,7.35,1.8909307052878244,-7.35
2025-12-12 18:00:00,18,1.1800000000000002,6.585466576542995,5.405466576542995,5.405466576542995,1.3906615953730894,5.405466576542995
2025-12-12 19:00:00,19,1.1800000000000002,6.342015751526321,5.1620157515263205,5.1620157515263205,1.3280291273116358,5.1620157515263205
2025-12-13 06:00:00,6,7.91,6.826888322983398,1.0831116770166025,1.0831116770166025,0.27865158194918127,-1.0831116770166025
2025-12-13 07:00:00,7,7.91,6.837395902552087,1.072604097447913,1.072604097447913,0.2759483023784752,-1.072604097447913
2025-12-13 08:00:00,8,8.379999999999999,8.35968200071717,0.02031799928282929,0.02031799928282929,0.005227201185567062,-0.02031799928282929
2025-12-13 09:00:00,9,11.9,18.11128796648408,6.211287966484081,6.211287966484081,1.597974848327826,6.211287966484081
2025-12-13 10:00:00,10,15.100000000000003,45.23949145629636,30.139491456296362,30.139491456296362,7.753971406322563,30.139491456296362
2025-12-13 11:00:00,11,16.78,49.30349563317296,32.523495633172956,32.523495633172956,8.367302930076356,32.523495633172956
2025-12-13 12:00:00,12,21.369999999999997,53.58585911746264,32.21585911746264,32.21585911746264,8.28815744250841,32.21585911746264
2025-12-13 13:00:00,13,32.97,76.80128895546113,43.83128895546113,43.83128895546113,11.276453080030551,43.83128895546113
2025-12-13 14:00:00,14,23.35,75.06336854639225,51.71336854639225,51.71336854639225,13.30427162697125,51.71336854639225
2025-12-13 15:00:00,15,13.97,44.52702701910889,30.557027019108894,30.557027019108894,7.861390564999004,30.557027019108894
2025-12-13 16:00:00,16,9.96,17.982365354499997,8.022365354499996,8.022365354499996,2.0639097929062973,8.022365354499996
2025-12-13 17:00:00,17,7.42,0.5700000000000001,6.85,6.85,1.7622959634315098,-6.85
2025-12-13 18:00:00,18,0.69,6.585466576542995,5.895466576542995,5.895466576542995,1.5167236423922779,5.895466576542995
2025-12-13 19:00:00,19,0.69,6.342015751526321,5.652015751526321,5.652015751526321,1.4540911743308242,5.652015751526321
2025-12-14 06:00:00,6,7.42,6.826888322983398,0.5931116770166023,0.5931116770166023,0.15258953492999291,-0.5931116770166023
2025-12-14 07:00:00,7,7.449999999999999,6.837395902552087,0.6126040974479121,0.6126040974479121,0.15760433987066552,-0.6126040974479121
2025-12-14 08:00:00,8,28.859999999999996,14.13981870963288,14.720181290367115,14.720181290367115,3.7870534407290513,-14.720181290367115
2025-12-14 09:00:00,9,83.5,81.3534344646486,2.1465655353513995,2.1465655353513995,0.552245807035178,-2.1465655353513995
2025-12-14 10:00:00,10,128.98000000000002,124.49971187959248,4.480288120407536,4.480288120407536,1.1526414116210726,-4.480288120407536
2025-12-14 11:00:00,11,153.19,151.8510280508123,1.3389719491877088,1.3389719491877088,0.34447662207321456,-1.3389719491877088
2025-12-14 12:00:00,12,160.58999999999997,161.90409655752748,1.314096557527506,1.314096557527506,0.3380769429036448,1.314096557527506
2025-12-14 13:00:00,13,150.13,150.5349262864808,0.40492628648081563,0.40492628648081563,0.10417517666459161,0.40492628648081563
2025-12-14 14:00:00,14,123.25,124.4344221197728,1.1844221197728046,1.1844221197728046,0.3047156672517673,1.1844221197728046
2025-12-14 15:00:00,15,82.65,78.88635794953795,3.763642050462053,3.763642050462053,0.9682702472015134,-3.763642050462053
2025-12-14 16:00:00,16,32.900000000000006,28.883012889660634,4.016987110339372,4.016987110339372,1.0334481999572964,-4.016987110339372
2025-12-14 17:00:00,17,11.940000000000001,0.5700000000000001,11.370000000000001,11.370000000000001,2.925154029812594,-11.370000000000001
2025-12-14 18:00:00,18,5.140000000000001,6.585466576542995,1.4454665765429944,1.4454665765429944,0.37187443987107777,1.4454665765429944
2025-12-14 19:00:00,19,0.7,6.342015751526321,5.642015751526321,5.642015751526321,1.4515184794936982,5.642015751526321
2025-12-15 06:00:00,6,7.43,6.826888322983398,0.6031116770166021,0.6031116770166021,0.15516222976711916,-0.6031116770166021
2025-12-15 07:00:00,7,11.940000000000001,6.837395902552087,5.102604097447914,5.102604097447914,1.3127443217403711,-5.102604097447914
2025-12-15 08:00:00,8,37.52,15.72365010652497,21.796349893475032,21.796349893475032,5.607535683914142,-21.796349893475032
2025-12-15 09:00:00,9,93.27000000000001,78.21921958889993,15.050780411100078,15.050780411100078,3.8721065058358697,-15.050780411100078
2025-12-15 10:00:00,10,132.68,121.6303484173302,11.04965158266981,11.04965158266981,2.8427381578778976,-11.04965158266981
2025-12-15 11:00:00,11,153.42000000000002,139.103903028877,14.316096971123017,14.316096971123017,3.6830948765407525,-14.316096971123017
2025-12-15 12:00:00,12,161.65,138.21413147263334,23.435868527366665,23.435868527366665,6.0293337963926765,-23.435868527366665
2025-12-15 13:00:00,13,149.46,133.82265728619544,15.637342713804571,15.637342713804571,4.023011086617945,-15.637342713804571
2025-12-15 14:00:00,14,119.45,110.18032319706595,9.269676802934057,9.269676802934057,2.38480496527378,-9.269676802934057
2025-12-15 15:00:00,15,78.30000000000001,71.52649183074959,6.7735081692504195,6.7735081692504195,1.7426169496263313,-6.7735081692504195
2025-12-15 16:00:00,16,29.400000000000002,28.531765094902433,0.8682349050975695,0.8682349050975695,0.22337034577573528,-0.8682349050975695
2025-12-15 17:00:00,17,9.129999999999999,0.5700000000000001,8.559999999999999,8.559999999999999,2.2022267805801055,-8.559999999999999
2025-12-15 18:00:00,18,2.3499999999999996,6.585466576542995,4.235466576542995,4.235466576542995,1.0896562994293135,4.235466576542995
2025-12-15 19:00:00,19,0.7,6.342015751526321,5.642015751526321,5.642015751526321,1.4515184794936982,5.642015751526321
2025-12-16 06:00:00,6,7.43,6.826888322983398,0.6031116770166021,0.6031116770166021,0.15516222976711916,-0.6031116770166021
2025-12-16 07:00:00,7,9.12,6.837395902552087,2.282604097447912,2.282604097447912,0.5872443776707562,-2.282604097447912
2025-12-16 08:00:00,8,28.71,15.580920042731371,13.12907995726863,13.12907995726863,3.3777116222283277,-13.12907995726863
2025-12-16 09:00:00,9,70.59,72.09691002777976,1.5069100277797531,1.5069100277797531,0.38768196484828077,1.5069100277797531
2025-12-16 10:00:00,10,105.25999999999999,111.19150801326725,5.931508013267262,5.931508013267262,1.5259960042105911,5.931508013267262
2025-12-16 11:00:00,11,126.46,138.41546009460208,11.955460094602088,11.955460094602088,3.0757750460852202,11.955460094602088
2025-12-16 12:00:00,12,137.62,144.3670732515731,6.7470732515730845,6.7470732515730845,1.7358160520034978,6.7470732515730845
2025-12-16 13:00:00,13,128.23000000000002,136.6891899345422,8.459189934542195,8.459189934542195,2.1762914270867397,8.459189934542195
2025-12-16 14:00:00,14,103.39999999999999,110.1504851423715,6.750485142371502,6.750485142371502,1.7366938273876906,6.750485142371502
2025-12-16 15:00:00,15,66.18,69.9514447452311,3.7714447452310935,3.7714447452310935,0.9702776424563118,3.7714447452310935
2025-12-16 16:00:00,16,25.08,27.998659798225464,2.918659798225466,2.918659798225466,0.7508820994222721,2.918659798225466
2025-12-16 17:00:00,17,7.46,0.5700000000000001,6.89,6.89,1.7725867427800148,-6.89
2025-12-16 18:00:00,18,0.69,6.585466576542995,5.895466576542995,5.895466576542995,1.5167236423922779,5.895466576542995
2025-12-16 19:00:00,19,0.69,6.342015751526321,5.652015751526321,5.652015751526321,1.4540911743308242,5.652015751526321
2025-12-17 06:00:00,6,7.42,6.826888322983398,0.5931116770166023,0.5931116770166023,0.15258953492999291,-0.5931116770166023
2025-12-17 07:00:00,7,7.43,6.837395902552087,0.5926040974479125,0.5926040974479125,0.15245895019641303,-0.5926040974479125
2025-12-17 08:00:00,8,29.22,13.609975749052364,15.610024250947635,15.610024250947635,4.01598287978292,-15.610024250947635
2025-12-17 09:00:00,9,79.47999999999999,75.00895627111527,4.471043728884723,4.471043728884723,1.150263111786761,-4.471043728884723
2025-12-17 10:00:00,10,120.25,119.80782452158553,0.4421754784144696,0.4421754784144696,0.11375825704207539,-0.4421754784144696
2025-12-17 11:00:00,11,146.99999999999997,147.97593738766048,0.9759373876605082,0.9759373876605082,0.251078907859271,0.9759373876605082
2025-12-17 12:00:00,12,155.65999999999997,153.13707147714052,2.522928522859445,2.522928522859445,0.6490725185199155,-2.522928522859445
2025-12-17 13:00:00,13,145.48,146.26968486869058,0.7896848686905855,0.7896848686905855,0.2031618184637023,0.7896848686905855
2025-12-17 14:00:00,14,118.62,121.13873779519204,2.518737795192038,2.518737795192038,0.6479943721765415,2.518737795192038
2025-12-17 15:00:00,15,77.14999999999999,76.42063675554608,0.7293632444539071,0.7293632444539071,0.1876429053396248,-0.7293632444539071
2025-12-17 16:00:00,16,28.709999999999997,29.4295500536479,0.7195500536479038,0.7195500536479038,0.18511827080739085,0.7195500536479038
2025-12-17 17:00:00,17,7.47,0.5700000000000001,6.8999999999999995,6.8999999999999995,1.7751594376171413,-6.8999999999999995
2025-12-17 18:00:00,18,0.69,6.585466576542995,5.895466576542995,5.895466576542995,1.5167236423922779,5.895466576542995
2025-12-17 19:00:00,19,0.69,6.342015751526321,5.652015751526321,5.652015751526321,1.4540911743308242,5.652015751526321
2025-12-18 06:00:00,6,7.42,6.826888322983398,0.5931116770166023,0.5931116770166023,0.15258953492999291,-0.5931116770166023
2025-12-18 07:00:00,7,7.4399999999999995,6.837395902552087,0.6026040974479123,0.6026040974479123,0.15503164503353928,-0.6026040974479123
2025-12-18 08:00:00,8,29.66,13.063399246445783,16.596600753554217,16.596600753554217,4.269798907251525,-16.596600753554217
2025-12-18 09:00:00,9,85.96000000000001,72.42070307476162,13.53929692523839,13.53929692523839,3.483247929788068,-13.53929692523839
2025-12-18 10:00:00,10,125.81,118.14420967364036,7.665790326359641,7.665790326359641,1.9721739195118118,-7.665790326359641
2025-12-18 11:00:00,11,147.18,146.2577256512279,0.9222743487721061,0.9222743487721061,0.23727304555000106,-0.9222743487721061
2025-12-18 12:00:00,12,149.57000000000002,148.91013487748506,0.6598651225149581,0.6598651225149581,0.16976315938939407,-0.6598651225149581
2025-12-18 13:00:00,13,135.34,137.18929546750707,1.849295467507062,1.849295467507062,0.47576729015764707,1.849295467507062
2025-12-18 14:00:00,14,115.77,104.11705601182173,11.652943988178265,11.652943988178265,2.9979468835708083,-11.652943988178265
2025-12-18 15:00:00,15,75.25,67.55233995726215,7.697660042737851,7.697660042737851,1.9803730249905018,-7.697660042737851
2025-12-18 16:00:00,16,27.64,28.08032863008865,0.44032863008865064,0.44032863008865064,0.11328311932679642,0.44032863008865064
2025-12-18 17:00:00,17,7.469999999999999,0.5700000000000001,6.899999999999999,6.899999999999999,1.775159437617141,-6.899999999999999
2025-12-18 18:00:00,18,0.7,6.585466576542995,5.885466576542995,5.885466576542995,1.5141509475551513,5.885466576542995
2025-12-18 19:00:00,19,0.7,6.342015751526321,5.642015751526321,5.642015751526321,1.4515184794936982,5.642015751526321
2025-12-19 06:00:00,6,7.43,6.826888322983398,0.6031116770166021,0.6031116770166021,0.15516222976711916,-0.6031116770166021
2025-12-19 07:00:00,7,7.43,6.837395902552087,0.5926040974479125,0.5926040974479125,0.15245895019641303,-0.5926040974479125
2025-12-19 08:00:00,8,25.93,10.878692092363607,15.051307907636392,15.051307907636392,3.8722422145974273,-15.051307907636392
2025-12-19 09:00:00,9,68.74,65.25724150675796,3.482758493242031,3.482758493242031,0.8960074794521516,-3.482758493242031
2025-12-19 10:00:00,10,102.8,109.63119229809702,6.831192298097022,6.831192298097022,1.7574573156731097,6.831192298097022
2025-12-19 11:00:00,11,120.61999999999999,134.49885312086266,13.878853120862672,13.878853120862672,3.5706053769277517,13.878853120862672
2025-12-19 12:00:00,12,103.80000000000001,138.43326357078428,34.633263570784266,34.633263570784266,8.910081838139076,34.633263570784266
2025-12-19 13:00:00,13,83.92,123.64653332898885,39.72653332898885,39.72653332898885,10.220424719241517,39.72653332898885
2025-12-19 14:00:00,14,69.96000000000001,97.19894572588908,27.238945725889067,27.238945725889067,7.007749503775808,27.238945725889067
2025-12-19 15:00:00,15,45.81000000000001,56.239574934355716,10.429574934355706,10.429574934355706,2.6832113587038706,10.429574934355706
2025-12-19 16:00:00,16,21.42,22.081233677098062,0.6612336770980605,0.6612336770980605,0.1701152467204214,0.6612336770980605
2025-12-19 17:00:00,17,7.42,0.5700000000000001,6.85,6.85,1.7622959634315098,-6.85
2025-12-19 18:00:00,18,0.69,6.585466576542995,5.895466576542995,5.895466576542995,1.5167236423922779,5.895466576542995
2025-12-19 19:00:00,19,0.69,6.342015751526321,5.652015751526321,5.652015751526321,1.4540911743308242,5.652015751526321
2025-12-20 06:00:00,6,7.42,6.826888322983398,0.5931116770166023,0.5931116770166023,0.15258953492999291,-0.5931116770166023
2025-12-20 07:00:00,7,7.42,6.837395902552087,0.5826040974479127,0.5826040974479127,0.14988625535928682,-0.5826040974479127
2025-12-20 08:00:00,8,15.170000000000002,8.373501142111081,6.7964988578889205,6.7964988578889205,1.7485317522225565,-6.7964988578889205
2025-12-20 09:00:00,9,25.64,41.656526831486644,16.016526831486644,16.016526831486644,4.120563588806041,16.016526831486644
2025-12-20 10:00:00,10,43.879999999999995,63.38539562441529,19.505395624415293,19.505395624415293,5.018143061903898,19.505395624415293
2025-12-20 11:00:00,11,83.37999999999998,97.2838956299776,13.903895629977612,13.903895629977612,3.577048050318621,13.903895629977612
2025-12-20 12:00:00,12,111.81,117.60347006726533,5.793470067265332,5.793470067265332,1.490483053109923,5.793470067265332
2025-12-20 13:00:00,13,124.32999999999998,106.68753273312686,17.642467266873126,17.642467266873126,4.538868445165408,-17.642467266873126
2025-12-20 14:00:00,14,72.03999999999999,78.29955255881913,6.259552558819138,6.259552558819138,1.6103918550794665,6.259552558819138
2025-12-20 15:00:00,15,47.830000000000005,60.04321036744038,12.213210367440375,12.213210367440375,3.1420863257051153,12.213210367440375
2025-12-20 16:00:00,16,19.300000000000004,23.809170257779066,4.509170257779061,4.509170257779061,1.160071904191162,4.509170257779061
2025-12-20 17:00:00,17,7.43,0.5700000000000001,6.859999999999999,6.859999999999999,1.7648686582686361,-6.859999999999999
2025-12-20 18:00:00,18,0.7,6.585466576542995,5.885466576542995,5.885466576542995,1.5141509475551513,5.885466576542995
2025-12-20 19:00:00,19,0.7,6.342015751526321,5.642015751526321,5.642015751526321,1.4515184794936982,5.642015751526321
2025-12-21 06:00:00,6,7.43,6.826888322983398,0.6031116770166021,0.6031116770166021,0.15516222976711916,-0.6031116770166021
2025-12-21 07:00:00,7,7.43,6.837395902552087,0.5926040974479125,0.5926040974479125,0.15245895019641303,-0.5926040974479125
2025-12-21 08:00:00,8,28.94,12.856752338126057,16.083247661873944,16.083247661873944,4.13772882239266,-16.083247661873944
2025-12-21 09:00:00,9,82.24000000000001,75.55142118788348,6.688578812116532,6.688578812116532,1.7207672177644506,-6.688578812116532
2025-12-21 10:00:00,10,124.36999999999998,123.41743766253575,0.9525623374642294,0.9525623374642294,0.24506522076351753,-0.9525623374642294
2025-12-21 11:00:00,11,147.88,152.27053538356057,4.390535383560575,4.390535383560575,1.1295507713506594,4.390535383560575
2025-12-21 12:00:00,12,155.53,162.45747721100167,6.927477211001673,6.927477211001673,1.7822284855054045,6.927477211001673
2025-12-21 13:00:00,13,141.51,152.48179566653528,10.971795666535286,10.971795666535286,2.822708206529995,10.971795666535286
2025-12-21 14:00:00,14,111.44,124.5175842565208,13.077584256520808,13.077584256520808,3.3644633498835153,13.077584256520808
2025-12-21 15:00:00,15,77.61,77.48332464814237,0.12667535185762802,0.12667535185762802,0.0325897023715276,-0.12667535185762802
2025-12-21 16:00:00,16,28.119999999999997,29.521794600355676,1.4017946003556787,1.4017946003556787,0.3606389731046568,1.4017946003556787
2025-12-21 17:00:00,17,7.4799999999999995,0.5700000000000001,6.909999999999999,6.909999999999999,1.7777321324542672,-6.909999999999999
2025-12-21 18:00:00,18,0.69,6.585466576542995,5.895466576542995,5.895466576542995,1.5167236423922779,5.895466576542995
2025-12-21 19:00:00,19,0.69,6.342015751526321,5.652015751526321,5.652015751526321,1.4540911743308242,5.652015751526321
2025-12-22 06:00:00,6,7.42,6.826888322983398,0.5931116770166023,0.5931116770166023,0.15258953492999291,-0.5931116770166023
2025-12-22 07:00:00,7,7.42,6.837395902552087,0.5826040974479127,0.5826040974479127,0.14988625535928682,-0.5826040974479127
2025-12-22 08:00:00,8,26.93,10.809368163211461,16.12063183678854,16.12063183678854,4.147346629771961,-16.12063183678854
2025-12-22 09:00:00,9,51.39,49.45782266389937,1.9321773361006294,1.9321773361006294,0.4970902656998521,-1.9321773361006294
2025-12-22 10:00:00,10,47.739999999999995,58.49042536386279,10.750425363862796,10.750425363862796,2.7657563830521354,10.750425363862796
2025-12-22 11:00:00,11,65.56,62.374603071383476,3.1853969286165267,3.1853969286165267,0.8195054232449684,-3.1853969286165267
2025-12-22 12:00:00,12,99.21000000000001,62.29773660773689,36.91226339226312,36.91226339226312,9.496398945592114,-36.91226339226312
2025-12-22 13:00:00,13,113.38999999999999,74.48038770148128,38.90961229851871,38.90961229851871,10.010255867498474,-38.90961229851871
2025-12-22 14:00:00,14,58.03,78.41955707267563,20.38955707267563,20.38955707267563,5.245610821216445,20.38955707267563
2025-12-22 15:00:00,15,39.46,43.73610598276694,4.276105982766936,4.276105982766936,1.1001115784869344,4.276105982766936
2025-12-22 16:00:00,16,14.680000000000001,20.20673892474646,5.526738924746459,5.526738924746459,1.4218612697840127,5.526738924746459
2025-12-22 17:00:00,17,7.42,0.5700000000000001,6.85,6.85,1.7622959634315098,-6.85
2025-12-22 18:00:00,18,0.69,6.585466576542995,5.895466576542995,5.895466576542995,1.5167236423922779,5.895466576542995
2025-12-22 19:00:00,19,0.69,6.342015751526321,5.652015751526321,5.652015751526321,1.4540911743308242,5.652015751526321
2025-12-23 06:00:00,6,7.42,6.826888322983398,0.5931116770166023,0.5931116770166023,0.15258953492999291,-0.5931116770166023
2025-12-23 07:00:00,7,7.42,6.837395902552087,0.5826040974479127,0.5826040974479127,0.14988625535928682,-0.5826040974479127
2025-12-23 08:00:00,8,8.77,7.306269460116394,1.4637305398836054,1.4637305398836054,0.37657320029026314,-1.4637305398836054
2025-12-23 09:00:00,9,12.209999999999999,12.169700216331872,0.04029978366812692,0.04029978366812692,0.010367904538029658,-0.04029978366812692
2025-12-23 10:00:00,10,16.54,12.695377184147969,3.8446228158520306,3.8446228158520306,0.9891041269040465,-3.8446228158520306
2025-12-23 11:00:00,11,20.370000000000005,17.449613499168464,2.9203865008315404,2.9203865008315404,0.751326327310262,-2.9203865008315404
2025-12-23 12:00:00,12,24.82,22.471267363844678,2.3487326361553222,2.3487326361553222,0.6042572326826823,-2.3487326361553222
2025-12-23 13:00:00,13,37.58,35.455390664031384,2.1246093359686142,2.1246093359686142,0.5465971469556773,-2.1246093359686142
2025-12-23 14:00:00,14,24.169999999999998,51.77413349824426,27.604133498244263,27.604133498244263,7.101701173427793,27.604133498244263
2025-12-23 15:00:00,15,18.1,16.054973097743304,2.045026902256698,2.045026902256698,0.526123015322018,-2.045026902256698
2025-12-23 16:00:00,16,10.57,8.087005992570019,2.4829940074299817,2.4829940074299817,0.6387985863530634,-2.4829940074299817
2025-12-23 17:00:00,17,7.43,0.5700000000000001,6.859999999999999,6.859999999999999,1.7648686582686361,-6.859999999999999
2025-12-23 18:00:00,18,0.7,6.585466576542995,5.885466576542995,5.885466576542995,1.5141509475551513,5.885466576542995
2025-12-23 19:00:00,19,0.7,6.342015751526321,5.642015751526321,5.642015751526321,1.4515184794936982,5.642015751526321
2025-12-24 06:00:00,6,7.43,6.826888322983398,0.6031116770166021,0.6031116770166021,0.15516222976711916,-0.6031116770166021
2025-12-24 07:00:00,7,7.43,6.837395902552087,0.5926040974479125,0.5926040974479125,0.15245895019641303,-0.5926040974479125
2025-12-24 08:00:00,8,17.389999999999997,8.601530837554634,8.788469162445363,8.788469162445363,2.261004924046681,-8.788469162445363
2025-12-24 09:00:00,9,40.230000000000004,54.239747626713786,14.009747626713782,14.009747626713782,3.604280538868886,14.009747626713782
2025-12-24 10:00:00,10,57.46,88.4172451097198,30.9572451097198,30.9572451097198,7.964354466542928,30.9572451097198
2025-12-24 11:00:00,11,81.66000000000001,118.15113520984573,36.49113520984572,36.49113520984572,9.388055515524753,36.49113520984572
2025-12-24 12:00:00,12,95.44,120.68748096134739,25.247480961347392,25.247480961347392,6.495406391970278,25.247480961347392
2025-12-24 13:00:00,13,93.42999999999999,120.82156914096726,27.391569140967263,27.391569140967263,7.047014850975433,27.391569140967263
2025-12-24 14:00:00,14,72.44999999999999,98.46452746130741,26.014527461307424,26.014527461307424,6.692744048998575,26.014527461307424
2025-12-24 15:00:00,15,61.26,59.95726253517221,1.3027374648277856,1.3027374648277856,0.3351545949893438,-1.3027374648277856
2025-12-24 16:00:00,16,27.17,26.858590109206794,0.31140989079320747,0.31140989079320747,0.08011626182737472,-0.31140989079320747
2025-12-24 17:00:00,17,7.45,0.5700000000000001,6.88,6.88,1.770014047942889,-6.88
2025-12-24 18:00:00,18,0.7,6.585466576542995,5.885466576542995,5.885466576542995,1.5141509475551513,5.885466576542995
2025-12-24 19:00:00,19,0.7,6.342015751526321,5.642015751526321,5.642015751526321,1.4515184794936982,5.642015751526321
2025-12-25 06:00:00,6,7.43,6.826888322983398,0.6031116770166021,0.6031116770166021,0.15516222976711916,-0.6031116770166021
2025-12-25 07:00:00,7,7.43,6.837395902552087,0.5926040974479125,0.5926040974479125,0.15245895019641303,-0.5926040974479125
2025-12-25 08:00:00,8,30.689999999999998,13.639592888082863,17.050407111917135,17.050407111917135,4.386549434773062,-17.050407111917135
2025-12-25 09:00:00,9,89.89,79.5879360896282,10.3020639103718,10.3020639103718,2.6504066633958625,-10.3020639103718
2025-12-25 10:00:00,10,134.44,131.4041206862635,3.035879313736501,3.035879313736501,0.7810391036588407,-3.035879313736501
2025-12-25 11:00:00,11,160.95,158.1796446172406,2.7703553827593907,2.7703553827593907,0.7127278990230117,-2.7703553827593907
2025-12-25 12:00:00,12,170.02,172.63987520520118,2.6198752052011685,2.6198752052011685,0.674013941433623,2.6198752052011685
2025-12-25 13:00:00,13,160.72000000000003,159.463330515633,1.2566694843670234,1.2566694843670234,0.32330270944052003,-1.2566694843670234
2025-12-25 14:00:00,14,134.28,131.48059743724147,2.79940256275853,2.79940256275853,0.7202008520246981,-2.79940256275853
2025-12-25 15:00:00,15,91.78,92.38103816485588,0.6010381648558791,0.6010381648558791,0.1546287783640581,0.6010381648558791
2025-12-25 16:00:00,16,34.739999999999995,37.19124242354256,2.451242423542567,2.451242423542567,0.63062987275929,2.451242423542567
2025-12-25 17:00:00,17,6.53,0.5700000000000001,5.96,5.96,1.5333261229272699,-5.96
2025-12-25 18:00:00,18,0.7,6.585466576542995,5.885466576542995,5.885466576542995,1.5141509475551513,5.885466576542995
2025-12-25 19:00:00,19,0.7,6.342015751526321,5.642015751526321,5.642015751526321,1.4515184794936982,5.642015751526321
2025-12-26 06:00:00,6,6.24,6.826888322983398,0.5868883229833974,0.5868883229833974,0.15098845585090942,0.5868883229833974
2025-12-26 07:00:00,7,6.24,6.837395902552087,0.597395902552087,0.597395902552087,0.15369173542161554,0.597395902552087
2025-12-26 08:00:00,8,31.34,8.87583584835597,22.464164151644027,22.464164151644027,5.779343913329211,-22.464164151644027
2025-12-26 09:00:00,9,87.02000000000001,71.53278407619001,15.487215923809998,15.487215923809998,3.9843880448646076,-15.487215923809998
2025-12-26 10:00:00,10,129.7,118.29884498068294,11.401155019317045,11.401155019317045,2.933169265547347,-11.401155019317045
2025-12-26 11:00:00,11,154.26,147.13910554946037,7.120894450539623,7.120894450539623,1.8319888388624552,-7.120894450539623
2025-12-26 12:00:00,12,162.14,155.3650773219236,6.774922678076393,6.774922678076393,1.7429808595816967,-6.774922678076393
2025-12-26 13:00:00,13,150.79,144.37256906125015,6.417430938749845,6.417430938749845,1.6510091443736261,-6.417430938749845
2025-12-26 14:00:00,14,122.46999999999998,119.64898003853757,2.8210199614624116,2.8210199614624116,0.7257623490284557,-2.8210199614624116
2025-12-26 15:00:00,15,73.82,79.7282870094487,5.908287009448713,5.908287009448713,1.5200219485469042,5.908287009448713
2025-12-26 16:00:00,16,31.08,29.25250610188943,1.8274938981105677,1.8274938981105677,0.4701584116548859,-1.8274938981105677
2025-12-26 17:00:00,17,6.599999999999999,0.5700000000000001,6.0299999999999985,6.0299999999999985,1.5513349867871535,-6.0299999999999985
2025-12-26 18:00:00,18,0.7,6.585466576542995,5.885466576542995,5.885466576542995,1.5141509475551513,5.885466576542995
2025-12-26 19:00:00,19,0.7,6.342015751526321,5.642015751526321,5.642015751526321,1.4515184794936982,5.642015751526321
2025-12-27 06:00:00,6,6.24,6.826888322983398,0.5868883229833974,0.5868883229833974,0.15098845585090942,0.5868883229833974
2025-12-27 07:00:00,7,6.24,6.837395902552087,0.597395902552087,0.597395902552087,0.15369173542161554,0.597395902552087
2025-12-27 08:00:00,8,26.919999999999998,12.802319436825268,14.11768056317473,14.11768056317473,3.632048389707783,-14.11768056317473
2025-12-27 09:00:00,9,73.14999999999999,68.76090650730362,4.389093492696375,4.389093492696375,1.129179816832457,-4.389093492696375
2025-12-27 10:00:00,10,118.56,111.2750882833267,7.284911716673307,7.284911716673307,1.8741854762406247,-7.284911716673307
2025-12-27 11:00:00,11,143.21,137.92684046551275,5.283159534487254,5.283159534487254,1.3591957258089902,-5.283159534487254
2025-12-27 12:00:00,12,151.01,148.59805706886178,2.4119429311382135,2.4119429311382135,0.6205193126382537,-2.4119429311382135
2025-12-27 13:00:00,13,141.60999999999999,144.75918468456035,3.1491846845603675,3.1491846845603675,0.8101891179125646,3.1491846845603675
2025-12-27 14:00:00,14,114.01,120.71404582653047,6.704045826530461,6.704045826530461,1.7247464085772979,6.704045826530461
2025-12-27 15:00:00,15,76.78999999999999,82.20848002037714,5.418480020377146,5.418480020377146,1.3940095573496247,5.418480020377146
2025-12-27 16:00:00,16,29.419999999999998,32.2923688219639,2.8723688219638994,2.8723688219638994,0.7389728438589053,2.8723688219638994
2025-12-27 17:00:00,17,6.56,0.5700000000000001,5.989999999999999,5.989999999999999,1.5410442074386486,-5.989999999999999
2025-12-27 18:00:00,18,0.7,6.585466576542995,5.885466576542995,5.885466576542995,1.5141509475551513,5.885466576542995
2025-12-27 19:00:00,19,0.7,6.342015751526321,5.642015751526321,5.642015751526321,1.4515184794936982,5.642015751526321
2025-12-28 06:00:00,6,6.24,6.826888322983398,0.5868883229833974,0.5868883229833974,0.15098845585090942,0.5868883229833974
2025-12-28 07:00:00,7,6.24,6.837395902552087,0.597395902552087,0.597395902552087,0.15369173542161554,0.597395902552087
2025-12-28 08:00:00,8,23.910000000000004,12.762829691006896,11.147170308993108,11.147170308993108,2.867826750251406,-11.147170308993108
2025-12-28 09:00:00,9,70.7,69.09662832752664,1.603371672473358,1.603371672473358,0.41249860237667557,-1.603371672473358
2025-12-28 10:00:00,10,111.67,115.27267255912496,3.6026725591249544,3.6026725591249544,0.9268577092717336,3.6026725591249544
2025-12-28 11:00:00,11,137.11,144.65639485288875,7.546394852888739,7.546394852888739,1.941457107694328,7.546394852888739
2025-12-28 12:00:00,12,146.06,152.07544431999347,6.015444319993463,6.015444319993463,1.5475902545067861,6.015444319993463
2025-12-28 13:00:00,13,137.26999999999998,145.36855052177327,8.09855052177329,8.09855052177329,2.0835099115572584,8.09855052177329
2025-12-28 14:00:00,14,113.25999999999999,119.2330560077323,5.9730560077323105,5.9730560077323105,1.5366850352959096,5.9730560077323105
2025-12-28 15:00:00,15,75.17000000000002,78.07960645624402,2.9096064562440063,2.9096064562440063,0.7485529508048281,2.9096064562440063
2025-12-28 16:00:00,16,29.11,32.39959912523883,3.28959912523883,3.28959912523883,0.8463134685717103,3.28959912523883
2025-12-28 17:00:00,17,6.56,0.5700000000000001,5.989999999999999,5.989999999999999,1.5410442074386486,-5.989999999999999
2025-12-28 18:00:00,18,0.7,6.585466576542995,5.885466576542995,5.885466576542995,1.5141509475551513,5.885466576542995
2025-12-28 19:00:00,19,0.7,6.342015751526321,5.642015751526321,5.642015751526321,1.4515184794936982,5.642015751526321
2025-12-29 06:00:00,6,5.83,6.826888322983398,0.9968883229833976,0.9968883229833976,0.2564689441730874,0.9968883229833976
2025-12-29 07:00:00,7,5.83,6.837395902552087,1.007395902552087,1.007395902552087,0.25917222374379356,1.007395902552087
2025-12-29 08:00:00,8,22.370000000000005,8.798211290098067,13.571788709901938,13.571788709901938,3.491607074453361,-13.571788709901938
2025-12-29 09:00:00,9,61.72,64.89260945133611,3.1726094513361147,3.1726094513361147,0.81621559556705,3.1726094513361147
2025-12-29 10:00:00,10,99.16999999999999,112.22299353927409,13.052993539274098,13.052993539274098,3.3581369087533313,13.052993539274098
2025-12-29 11:00:00,11,126.12000000000002,142.65382046893816,16.533820468938146,16.533820468938146,4.253647455841017,16.533820468938146
2025-12-29 12:00:00,12,135.83999999999997,148.16720999683417,12.327209996834199,12.327209996834199,3.1714149515026957,12.327209996834199
2025-12-29 13:00:00,13,114.53999999999999,139.9908499901177,25.450849990117717,25.450849990117717,6.547727037005159,25.450849990117717
2025-12-29 14:00:00,14,98.48,115.45316112955587,16.973161129555862,16.973161129555862,4.366676400772103,16.973161129555862
2025-12-29 15:00:00,15,66.99,75.15957129066189,8.169571290661892,8.169571290661892,2.101781388102103,8.169571290661892
2025-12-29 16:00:00,16,26.729999999999997,32.426111526575774,5.696111526575777,5.696111526575777,1.465435671611706,5.696111526575777
2025-12-29 17:00:00,17,5.9799999999999995,0.5700000000000001,5.409999999999999,5.409999999999999,1.3918279068853237,-5.409999999999999
2025-12-29 18:00:00,18,0.29000000000000004,6.585466576542995,6.295466576542995,6.295466576542995,1.6196314358773292,6.295466576542995
2025-12-29 19:00:00,19,0.29000000000000004,6.342015751526321,6.052015751526321,6.052015751526321,1.5569989678158762,6.052015751526321
2025-12-30 06:00:00,6,5.83,6.826888322983398,0.9968883229833976,0.9968883229833976,0.2564689441730874,0.9968883229833976
2025-12-30 07:00:00,7,5.83,6.837395902552087,1.007395902552087,1.007395902552087,0.25917222374379356,1.007395902552087
2025-12-30 08:00:00,8,22.050000000000004,8.825856793875909,13.224143206124095,13.224143206124095,3.4021684951814186,-13.224143206124095
2025-12-30 09:00:00,9,63.25,66.34260659162162,3.0926065916216174,3.0926065916216174,0.7956333011527674,3.0926065916216174
2025-12-30 10:00:00,10,109.69000000000001,112.49771458240514,2.8077145824051257,2.8077145824051257,0.722339281027787,2.8077145824051257
2025-12-30 11:00:00,11,138.16,143.69121516831072,5.531215168310723,5.531215168310723,1.4230128706547631,5.531215168310723
2025-12-30 12:00:00,12,146.09,151.50021347502735,5.410213475027348,5.410213475027348,1.3918828274953952,5.410213475027348
2025-12-30 13:00:00,13,134.34,146.02689467859915,11.686894678599145,11.686894678599145,3.006681360167075,11.686894678599145
2025-12-30 14:00:00,14,111.06000000000002,121.13087445189694,10.070874451896927,10.070874451896927,2.5909286707742294,10.070874451896927
2025-12-30 15:00:00,15,77.89,78.89029781239552,1.000297812395516,1.000297812395516,0.2573461017538668,1.000297812395516
2025-12-30 16:00:00,16,28.07,32.38296220156014,4.31296220156014,4.31296220156014,1.1095935588674617,4.31296220156014
2025-12-30 17:00:00,17,6.01,0.5700000000000001,5.4399999999999995,5.4399999999999995,1.3995459913967025,-5.4399999999999995
2025-12-30 18:00:00,18,0.28,6.585466576542995,6.305466576542995,6.305466576542995,1.6222041307144557,6.305466576542995
2025-12-30 19:00:00,19,0.28,6.342015751526321,6.062015751526321,6.062015751526321,1.5595716626530023,6.062015751526321
2025-12-31 06:00:00,6,5.82,6.826888322983398,1.0068883229833974,1.0068883229833974,0.25904163901021365,1.0068883229833974
2025-12-31 07:00:00,7,5.82,6.837395902552087,1.017395902552087,1.017395902552087,0.2617449185809198,1.017395902552087
2025-12-31 08:00:00,8,15.600000000000001,8.383831580191673,7.216168419808328,7.216168419808328,1.8564999237474678,-7.216168419808328
2025-12-31 09:00:00,9,49.0,52.99110305324237,3.9911030532423695,3.9911030532423695,1.0267890219515623,3.9911030532423695
2025-12-31 10:00:00,10,76.53999999999999,85.70426753748943,9.164267537489437,9.164267537489437,2.3576863779743147,9.164267537489437
2025-12-31 11:00:00,11,102.03000000000002,107.26795042220715,5.237950422207135,5.237950422207135,1.3475648008335774,5.237950422207135
2025-12-31 12:00:00,12,121.30999999999999,119.4057792620755,1.90422073792449,1.90422073792449,0.4898978861207153,-1.90422073792449
2025-12-31 13:00:00,13,93.07000000000001,117.04001426607746,23.970014266077456,23.970014266077456,6.166753194818103,23.970014266077456
2025-12-31 14:00:00,14,91.11999999999999,99.81374360234942,8.693743602349429,8.693743602349429,2.2366349281064104,8.693743602349429
2025-12-31 15:00:00,15,50.709999999999994,50.598969763123335,0.11103023687665825,0.11103023687665825,0.02856469171774879,-0.11103023687665825
2025-12-31 16:00:00,16,22.619999999999994,24.1259255496123,1.5059255496123072,1.5059255496123072,0.3874286886584156,1.5059255496123072
2025-12-31 17:00:00,17,5.89,0.5700000000000001,5.319999999999999,5.319999999999999,1.368673653351187,-5.319999999999999
2025-12-31 18:00:00,18,0.30000000000000004,6.585466576542995,6.285466576542995,6.285466576542995,1.617058741040203,6.285466576542995
2025-12-31 19:00:00,19,0.30000000000000004,6.342015751526321,6.042015751526321,6.042015751526321,1.55442627297875,6.042015751526321
