time,昱中科技光伏_总出力值,昱中科技光伏_预测,首耀清墩光伏_总出力值,首耀清墩光伏_预测,站点问题标注
,✅最好 🔴最差 0值过多,✅最好 🔴最差 0值过多,✅最好 🔴最差,✅最好 🔴最差,
2025-09-01 00:00:00,0.0,0.0,0.0,0.0,昱中科技光伏: 🔵 0值过多(零值率61%) | 🟠 有效样本少(n=1148) | 首耀清墩光伏: 🔵 0值偏多(零值率43%) | 🟠 有效样本少(n=1677)
2025-09-01 01:00:00,0.0,0.0,0.0,0.0,昱中科技光伏: 🔵 0值过多(零值率61%) | 🟠 有效样本少(n=1148) | 首耀清墩光伏: 🔵 0值偏多(零值率43%) | 🟠 有效样本少(n=1677)
2025-09-01 02:00:00,0.0,0.0,0.0,0.0,昱中科技光伏: 🔵 0值过多(零值率61%) | 🟠 有效样本少(n=1148) | 首耀清墩光伏: 🔵 0值偏多(零值率43%) | 🟠 有效样本少(n=1677)
2025-09-01 03:00:00,0.0,0.0,0.0,0.0,昱中科技光伏: 🔵 0值过多(零值率61%) | 🟠 有效样本少(n=1148) | 首耀清墩光伏: 🔵 0值偏多(零值率43%) | 🟠 有效样本少(n=1677)
2025-09-01 04:00:00,0.0,0.0,0.0,0.0,昱中科技光伏: 🔵 0值过多(零值率61%) | 🟠 有效样本少(n=1148) | 首耀清墩光伏: 🔵 0值偏多(零值率43%) | 🟠 有效样本少(n=1677)
2025-09-01 05:00:00,0.0,0.0,0.0,0.0,昱中科技光伏: 🔵 0值过多(零值率61%) | 🟠 有效样本少(n=1148) | 首耀清墩光伏: 🔵 0值偏多(零值率43%) | 🟠 有效样本少(n=1677)
2025-09-01 06:00:00,0.0,0.0186695660133022,0.01,0.009498169394533,昱中科技光伏: 🔵 0值过多(零值率61%) | 🟠 有效样本少(n=1148) | 首耀清墩光伏: 🔵 0值偏多(零值率43%) | 🟠 有效样本少(n=1677)
2025-09-01 07:00:00,0.27,0.1754930006078504,0.2,0.1393491020739453,昱中科技光伏: 🔵 0值过多(零值率61%) | 🟠 有效样本少(n=1148) | 首耀清墩光伏: 🔵 0值偏多(零值率43%) | 🟠 有效样本少(n=1677)
2025-09-01 08:00:00,0.87,0.7387123780865077,0.54,0.5232408721737132,昱中科技光伏: 🔵 0值过多(零值率61%) | 🟠 有效样本少(n=1148) | 首耀清墩光伏: 🔵 0值偏多(零值率43%) | 🟠 有效样本少(n=1677)
2025-09-01 09:00:00,1.21,1.1130338734547374,0.81,0.8103919581089104,昱中科技光伏: 🔵 0值过多(零值率61%) | 🟠 有效样本少(n=1148) | 首耀清墩光伏: 🔵 0值偏多(零值率43%) | 🟠 有效样本少(n=1677)
2025-09-01 10:00:00,1.4,1.2743151636995538,0.27,0.8511938685484044,昱中科技光伏: 🔵 0值过多(零值率61%) | 🟠 有效样本少(n=1148) | 首耀清墩光伏: 🔵 0值偏多(零值率43%) | 🟠 有效样本少(n=1677)
2025-09-01 11:00:00,1.32,1.224039408975703,0.47,0.8980408113756546,昱中科技光伏: 🔵 0值过多(零值率61%) | 🟠 有效样本少(n=1148) | 首耀清墩光伏: 🔵 0值偏多(零值率43%) | 🟠 有效样本少(n=1677)
2025-09-01 12:00:00,1.72,1.2871955848956516,1.03,0.912005354459675,昱中科技光伏: 🔵 0值过多(零值率61%) | 🟠 有效样本少(n=1148) | 首耀清墩光伏: 🔵 0值偏多(零值率43%) | 🟠 有效样本少(n=1677)
2025-09-01 13:00:00,1.69,1.3018325560167892,1.31,0.901211742924345,昱中科技光伏: 🔵 0值过多(零值率61%) | 🟠 有效样本少(n=1148) | 首耀清墩光伏: 🔵 0值偏多(零值率43%) | 🟠 有效样本少(n=1677)
2025-09-01 14:00:00,1.52,1.1651112512502295,0.27,0.8282959822549383,昱中科技光伏: 🔵 0值过多(零值率61%) | 🟠 有效样本少(n=1148) | 首耀清墩光伏: 🔵 0值偏多(零值率43%) | 🟠 有效样本少(n=1677)
2025-09-01 15:00:00,1.27,1.0804590380106425,0.71,0.7125720765053821,昱中科技光伏: 🔵 0值过多(零值率61%) | 🟠 有效样本少(n=1148) | 首耀清墩光伏: 🔵 0值偏多(零值率43%) | 🟠 有效样本少(n=1677)
2025-09-01 16:00:00,0.79,0.6782776829556281,0.24,0.4582347330758871,昱中科技光伏: 🔵 0值过多(零值率61%) | 🟠 有效样本少(n=1148) | 首耀清墩光伏: 🔵 0值偏多(零值率43%) | 🟠 有效样本少(n=1677)
2025-09-01 17:00:00,0.33,0.2461779992439464,0.23,0.162909594578488,昱中科技光伏: 🔵 0值过多(零值率61%) | 🟠 有效样本少(n=1148) | 首耀清墩光伏: 🔵 0值偏多(零值率43%) | 🟠 有效样本少(n=1677)
2025-09-01 18:00:00,0.04,0.054956543419603,0.07,0.0420561400516299,昱中科技光伏: 🔵 0值过多(零值率61%) | 🟠 有效样本少(n=1148) | 首耀清墩光伏: 🔵 0值偏多(零值率43%) | 🟠 有效样本少(n=1677)
2025-09-01 19:00:00,0.0,0.0,0.0,0.0,昱中科技光伏: 🔵 0值过多(零值率61%) | 🟠 有效样本少(n=1148) | 首耀清墩光伏: 🔵 0值偏多(零值率43%) | 🟠 有效样本少(n=1677)
2025-09-01 20:00:00,0.0,0.0,0.0,0.0,昱中科技光伏: 🔵 0值过多(零值率61%) | 🟠 有效样本少(n=1148) | 首耀清墩光伏: 🔵 0值偏多(零值率43%) | 🟠 有效样本少(n=1677)
2025-09-01 21:00:00,0.0,0.0,0.0,0.0,昱中科技光伏: 🔵 0值过多(零值率61%) | 🟠 有效样本少(n=1148) | 首耀清墩光伏: 🔵 0值偏多(零值率43%) | 🟠 有效样本少(n=1677)
2025-09-01 22:00:00,0.0,0.0,0.0,0.0,昱中科技光伏: 🔵 0值过多(零值率61%) | 🟠 有效样本少(n=1148) | 首耀清墩光伏: 🔵 0值偏多(零值率43%) | 🟠 有效样本少(n=1677)
2025-09-01 23:00:00,0.0,0.0,0.0,0.0,昱中科技光伏: 🔵 0值过多(零值率61%) | 🟠 有效样本少(n=1148) | 首耀清墩光伏: 🔵 0值偏多(零值率43%) | 🟠 有效样本少(n=1677)
2025-09-02 00:00:00,0.0,0.0,0.0,0.0,昱中科技光伏: 🔵 0值过多(零值率61%) | 🟠 有效样本少(n=1148) | 首耀清墩光伏: 🔵 0值偏多(零值率43%) | 🟠 有效样本少(n=1677)
2025-09-02 01:00:00,0.0,0.0,0.0,0.0,昱中科技光伏: 🔵 0值过多(零值率61%) | 🟠 有效样本少(n=1148) | 首耀清墩光伏: 🔵 0值偏多(零值率43%) | 🟠 有效样本少(n=1677)
2025-09-02 02:00:00,0.0,0.0,0.0,0.0,昱中科技光伏: 🔵 0值过多(零值率61%) | 🟠 有效样本少(n=1148) | 首耀清墩光伏: 🔵 0值偏多(零值率43%) | 🟠 有效样本少(n=1677)
2025-09-02 03:00:00,0.0,0.0,0.0,0.0,昱中科技光伏: 🔵 0值过多(零值率61%) | 🟠 有效样本少(n=1148) | 首耀清墩光伏: 🔵 0值偏多(零值率43%) | 🟠 有效样本少(n=1677)
2025-09-02 04:00:00,0.0,0.0,0.0,0.0,昱中科技光伏: 🔵 0值过多(零值率61%) | 🟠 有效样本少(n=1148) | 首耀清墩光伏: 🔵 0值偏多(零值率43%) | 🟠 有效样本少(n=1677)
2025-09-02 05:00:00,0.0,0.0,0.0,0.0,昱中科技光伏: 🔵 0值过多(零值率61%) | 🟠 有效样本少(n=1148) | 首耀清墩光伏: 🔵 0值偏多(零值率43%) | 🟠 有效样本少(n=1677)
2025-09-02 06:00:00,0.0,0.0161776464358223,0.02,0.0072998678808722,昱中科技光伏: 🔵 0值过多(零值率61%) | 🟠 有效样本少(n=1148) | 首耀清墩光伏: 🔵 0值偏多(零值率43%) | 🟠 有效样本少(n=1677)
2025-09-02 07:00:00,0.32,0.1327515445088762,0.29,0.1140762918078327,昱中科技光伏: 🔵 0值过多(零值率61%) | 🟠 有效样本少(n=1148) | 首耀清墩光伏: 🔵 0值偏多(零值率43%) | 🟠 有效样本少(n=1677)
2025-09-02 08:00:00,0.76,0.640189580987745,0.36,0.4197958543437963,昱中科技光伏: 🔵 0值过多(零值率61%) | 🟠 有效样本少(n=1148) | 首耀清墩光伏: 🔵 0值偏多(零值率43%) | 🟠 有效样本少(n=1677)
2025-09-02 09:00:00,1.12,0.8839540446127443,0.94,0.6748077853643989,昱中科技光伏: 🔵 0值过多(零值率61%) | 🟠 有效样本少(n=1148) | 首耀清墩光伏: 🔵 0值偏多(零值率43%) | 🟠 有效样本少(n=1677)
2025-09-02 10:00:00,1.23,0.9662915950269128,1.48,0.7134557533698682,昱中科技光伏: 🔵 0值过多(零值率61%) | 🟠 有效样本少(n=1148) | 首耀清墩光伏: 🔵 0值偏多(零值率43%) | 🟠 有效样本少(n=1677)
2025-09-02 11:00:00,0.67,1.28379760881217,0.44,0.9402737543565736,昱中科技光伏: 🔵 0值过多(零值率61%) | 🟠 有效样本少(n=1148) | 首耀清墩光伏: 🔵 0值偏多(零值率43%) | 🟠 有效样本少(n=1677)
2025-09-02 12:00:00,0.24,1.3053221613041466,1.41,0.9568319693918984,昱中科技光伏: 🔵 0值过多(零值率61%) | 🟠 有效样本少(n=1148) | 首耀清墩光伏: 🔵 0值偏多(零值率43%) | 🟠 有效样本少(n=1677)
2025-09-02 13:00:00,1.12,1.167636582961182,0.5,0.9233734982351762,昱中科技光伏: 🔵 0值过多(零值率61%) | 🟠 有效样本少(n=1148) | 首耀清墩光伏: 🔵 0值偏多(零值率43%) | 🟠 有效样本少(n=1677)
2025-09-02 14:00:00,1.03,0.9715521572267416,1.09,0.6844502485429474,昱中科技光伏: 🔵 0值过多(零值率61%) | 🟠 有效样本少(n=1148) | 首耀清墩光伏: 🔵 0值偏多(零值率43%) | 🟠 有效样本少(n=1677)
2025-09-02 15:00:00,0.5,1.0396953307253534,0.98,0.6857444355941741,昱中科技光伏: 🔵 0值过多(零值率61%) | 🟠 有效样本少(n=1148) | 首耀清墩光伏: 🔵 0值偏多(零值率43%) | 🟠 有效样本少(n=1677)
2025-09-02 16:00:00,0.58,0.5670332605923533,0.38,0.3938319276344298,昱中科技光伏: 🔵 0值过多(零值率61%) | 🟠 有效样本少(n=1148) | 首耀清墩光伏: 🔵 0值偏多(零值率43%) | 🟠 有效样本少(n=1677)
2025-09-02 17:00:00,0.14,0.1868490687621902,0.28,0.1387029311369247,昱中科技光伏: 🔵 0值过多(零值率61%) | 🟠 有效样本少(n=1148) | 首耀清墩光伏: 🔵 0值偏多(零值率43%) | 🟠 有效样本少(n=1677)
2025-09-02 18:00:00,0.02,0.0508314171130831,0.04,0.0413464186785266,昱中科技光伏: 🔵 0值过多(零值率61%) | 🟠 有效样本少(n=1148) | 首耀清墩光伏: 🔵 0值偏多(零值率43%) | 🟠 有效样本少(n=1677)
2025-09-02 19:00:00,0.0,0.0,0.0,0.0,昱中科技光伏: 🔵 0值过多(零值率61%) | 🟠 有效样本少(n=1148) | 首耀清墩光伏: 🔵 0值偏多(零值率43%) | 🟠 有效样本少(n=1677)
2025-09-02 20:00:00,0.0,0.0,0.0,0.0,昱中科技光伏: 🔵 0值过多(零值率61%) | 🟠 有效样本少(n=1148) | 首耀清墩光伏: 🔵 0值偏多(零值率43%) | 🟠 有效样本少(n=1677)
2025-09-02 21:00:00,0.0,0.0,0.0,0.0,昱中科技光伏: 🔵 0值过多(零值率61%) | 🟠 有效样本少(n=1148) | 首耀清墩光伏: 🔵 0值偏多(零值率43%) | 🟠 有效样本少(n=1677)
2025-09-02 22:00:00,0.0,0.0,0.0,0.0,昱中科技光伏: 🔵 0值过多(零值率61%) | 🟠 有效样本少(n=1148) | 首耀清墩光伏: 🔵 0值偏多(零值率43%) | 🟠 有效样本少(n=1677)
2025-09-02 23:00:00,0.0,0.0,0.0,0.0,昱中科技光伏: 🔵 0值过多(零值率61%) | 🟠 有效样本少(n=1148) | 首耀清墩光伏: 🔵 0值偏多(零值率43%) | 🟠 有效样本少(n=1677)
2025-09-03 00:00:00,0.0,0.0,0.0,0.0,昱中科技光伏: 🔵 0值过多(零值率61%) | 🟠 有效样本少(n=1148) | 首耀清墩光伏: 🔵 0值偏多(零值率43%) | 🟠 有效样本少(n=1677)
2025-09-03 01:00:00,0.0,0.0,0.0,0.0,昱中科技光伏: 🔵 0值过多(零值率61%) | 🟠 有效样本少(n=1148) | 首耀清墩光伏: 🔵 0值偏多(零值率43%) | 🟠 有效样本少(n=1677)
2025-09-03 02:00:00,0.0,0.0,0.0,0.0,昱中科技光伏: 🔵 0值过多(零值率61%) | 🟠 有效样本少(n=1148) | 首耀清墩光伏: 🔵 0值偏多(零值率43%) | 🟠 有效样本少(n=1677)
2025-09-03 03:00:00,0.0,0.0,0.0,0.0,昱中科技光伏: 🔵 0值过多(零值率61%) | 🟠 有效样本少(n=1148) | 首耀清墩光伏: 🔵 0值偏多(零值率43%) | 🟠 有效样本少(n=1677)
2025-09-03 04:00:00,0.0,0.0,0.0,0.0,昱中科技光伏: 🔵 0值过多(零值率61%) | 🟠 有效样本少(n=1148) | 首耀清墩光伏: 🔵 0值偏多(零值率43%) | 🟠 有效样本少(n=1677)
2025-09-03 05:00:00,0.0,0.0,0.0,0.0,昱中科技光伏: 🔵 0值过多(零值率61%) | 🟠 有效样本少(n=1148) | 首耀清墩光伏: 🔵 0值偏多(零值率43%) | 🟠 有效样本少(n=1677)
2025-09-03 06:00:00,0.0,0.0145392099819701,0.01,0.0075855232526897,昱中科技光伏: 🔵 0值过多(零值率61%) | 🟠 有效样本少(n=1148) | 首耀清墩光伏: 🔵 0值偏多(零值率43%) | 🟠 有效样本少(n=1677)
2025-09-03 07:00:00,0.16,0.0833764877959051,0.07,0.0852683204599063,昱中科技光伏: 🔵 0值过多(零值率61%) | 🟠 有效样本少(n=1148) | 首耀清墩光伏: 🔵 0值偏多(零值率43%) | 🟠 有效样本少(n=1677)
2025-09-03 08:00:00,0.35,0.3807194902457561,0.31,0.281608273055223,昱中科技光伏: 🔵 0值过多(零值率61%) | 🟠 有效样本少(n=1148) | 首耀清墩光伏: 🔵 0值偏多(零值率43%) | 🟠 有效样本少(n=1677)
2025-09-03 09:00:00,0.38,0.7850422614151107,0.67,0.5869734751977252,昱中科技光伏: 🔵 0值过多(零值率61%) | 🟠 有效样本少(n=1148) | 首耀清墩光伏: 🔵 0值偏多(零值率43%) | 🟠 有效样本少(n=1677)
2025-09-03 10:00:00,0.73,0.7037149547634711,0.42,0.5711888593185311,昱中科技光伏: 🔵 0值过多(零值率61%) | 🟠 有效样本少(n=1148) | 首耀清墩光伏: 🔵 0值偏多(零值率43%) | 🟠 有效样本少(n=1677)
2025-09-03 11:00:00,0.27,0.7783149792565656,0.5,0.6119858853072618,昱中科技光伏: 🔵 0值过多(零值率61%) | 🟠 有效样本少(n=1148) | 首耀清墩光伏: 🔵 0值偏多(零值率43%) | 🟠 有效样本少(n=1677)
2025-09-03 12:00:00,1.24,0.7958161489531912,1.07,0.6214666806464357,昱中科技光伏: 🔵 0值过多(零值率61%) | 🟠 有效样本少(n=1148) | 首耀清墩光伏: 🔵 0值偏多(零值率43%) | 🟠 有效样本少(n=1677)
2025-09-03 13:00:00,0.25,1.0417237370007215,1.27,0.7852396174684464,昱中科技光伏: 🔵 0值过多(零值率61%) | 🟠 有效样本少(n=1148) | 首耀清墩光伏: 🔵 0值偏多(零值率43%) | 🟠 有效样本少(n=1677)
2025-09-03 14:00:00,0.11,0.9830512287467996,1.27,0.6781205595745946,昱中科技光伏: 🔵 0值过多(零值率61%) | 🟠 有效样本少(n=1148) | 首耀清墩光伏: 🔵 0值偏多(零值率43%) | 🟠 有效样本少(n=1677)
2025-09-03 15:00:00,0.26,0.7176089433659358,0.97,0.5493160316980698,昱中科技光伏: 🔵 0值过多(零值率61%) | 🟠 有效样本少(n=1148) | 首耀清墩光伏: 🔵 0值偏多(零值率43%) | 🟠 有效样本少(n=1677)
2025-09-03 16:00:00,0.39,0.4036245317942838,0.31,0.3209975002865632,昱中科技光伏: 🔵 0值过多(零值率61%) | 🟠 有效样本少(n=1148) | 首耀清墩光伏: 🔵 0值偏多(零值率43%) | 🟠 有效样本少(n=1677)
2025-09-03 17:00:00,0.19,0.0919768112383371,0.19,0.0688367491507694,昱中科技光伏: 🔵 0值过多(零值率61%) | 🟠 有效样本少(n=1148) | 首耀清墩光伏: 🔵 0值偏多(零值率43%) | 🟠 有效样本少(n=1677)
2025-09-03 18:00:00,0.0,0.0,0.02,0.0179834858064701,昱中科技光伏: 🔵 0值过多(零值率61%) | 🟠 有效样本少(n=1148) | 首耀清墩光伏: 🔵 0值偏多(零值率43%) | 🟠 有效样本少(n=1677)
2025-09-03 19:00:00,0.0,0.0,0.0,0.0,昱中科技光伏: 🔵 0值过多(零值率61%) | 🟠 有效样本少(n=1148) | 首耀清墩光伏: 🔵 0值偏多(零值率43%) | 🟠 有效样本少(n=1677)
2025-09-03 20:00:00,0.0,0.0,0.0,0.0,昱中科技光伏: 🔵 0值过多(零值率61%) | 🟠 有效样本少(n=1148) | 首耀清墩光伏: 🔵 0值偏多(零值率43%) | 🟠 有效样本少(n=1677)
2025-09-03 21:00:00,0.0,0.0,0.0,0.0,昱中科技光伏: 🔵 0值过多(零值率61%) | 🟠 有效样本少(n=1148) | 首耀清墩光伏: 🔵 0值偏多(零值率43%) | 🟠 有效样本少(n=1677)
2025-09-03 22:00:00,0.0,0.0,0.0,0.0,昱中科技光伏: 🔵 0值过多(零值率61%) | 🟠 有效样本少(n=1148) | 首耀清墩光伏: 🔵 0值偏多(零值率43%) | 🟠 有效样本少(n=1677)
2025-09-03 23:00:00,0.0,0.0,0.0,0.0,昱中科技光伏: 🔵 0值过多(零值率61%) | 🟠 有效样本少(n=1148) | 首耀清墩光伏: 🔵 0值偏多(零值率43%) | 🟠 有效样本少(n=1677)
2025-09-04 00:00:00,0.0,0.0,0.0,0.0,昱中科技光伏: 🔵 0值过多(零值率61%) | 🟠 有效样本少(n=1148) | 首耀清墩光伏: 🔵 0值偏多(零值率43%) | 🟠 有效样本少(n=1677)
2025-09-04 01:00:00,0.0,0.0,0.0,0.0,昱中科技光伏: 🔵 0值过多(零值率61%) | 🟠 有效样本少(n=1148) | 首耀清墩光伏: 🔵 0值偏多(零值率43%) | 🟠 有效样本少(n=1677)
2025-09-04 02:00:00,0.0,0.0,0.0,0.0,昱中科技光伏: 🔵 0值过多(零值率61%) | 🟠 有效样本少(n=1148) | 首耀清墩光伏: 🔵 0值偏多(零值率43%) | 🟠 有效样本少(n=1677)
2025-09-04 03:00:00,0.0,0.0,0.0,0.0,昱中科技光伏: 🔵 0值过多(零值率61%) | 🟠 有效样本少(n=1148) | 首耀清墩光伏: 🔵 0值偏多(零值率43%) | 🟠 有效样本少(n=1677)
2025-09-04 04:00:00,0.0,0.0,0.0,0.0,昱中科技光伏: 🔵 0值过多(零值率61%) | 🟠 有效样本少(n=1148) | 首耀清墩光伏: 🔵 0值偏多(零值率43%) | 🟠 有效样本少(n=1677)
2025-09-04 05:00:00,0.0,0.0,0.0,0.0,昱中科技光伏: 🔵 0值过多(零值率61%) | 🟠 有效样本少(n=1148) | 首耀清墩光伏: 🔵 0值偏多(零值率43%) | 🟠 有效样本少(n=1677)
2025-09-04 06:00:00,0.0,0.0168024833693796,0.01,0.0075391923788736,昱中科技光伏: 🔵 0值过多(零值率61%) | 🟠 有效样本少(n=1148) | 首耀清墩光伏: 🔵 0值偏多(零值率43%) | 🟠 有效样本少(n=1677)
2025-09-04 07:00:00,0.14,0.1598828195118,0.2,0.1374990867300093,昱中科技光伏: 🔵 0值过多(零值率61%) | 🟠 有效样本少(n=1148) | 首耀清墩光伏: 🔵 0值偏多(零值率43%) | 🟠 有效样本少(n=1677)
2025-09-04 08:00:00,0.62,0.7146878651438968,0.49,0.5007948311549032,昱中科技光伏: 🔵 0值过多(零值率61%) | 🟠 有效样本少(n=1148) | 首耀清墩光伏: 🔵 0值偏多(零值率43%) | 🟠 有效样本少(n=1677)
2025-09-04 09:00:00,1.2,1.081424161007151,0.75,0.7840810259866006,昱中科技光伏: 🔵 0值过多(零值率61%) | 🟠 有效样本少(n=1148) | 首耀清墩光伏: 🔵 0值偏多(零值率43%) | 🟠 有效样本少(n=1677)
2025-09-04 10:00:00,0.51,1.231061317363835,0.27,0.8310294815055447,昱中科技光伏: 🔵 0值过多(零值率61%) | 🟠 有效样本少(n=1148) | 首耀清墩光伏: 🔵 0值偏多(零值率43%) | 🟠 有效样本少(n=1677)
2025-09-04 11:00:00,0.87,1.2062046043079937,1.17,0.9101618036348876,昱中科技光伏: 🔵 0值过多(零值率61%) | 🟠 有效样本少(n=1148) | 首耀清墩光伏: 🔵 0值偏多(零值率43%) | 🟠 有效样本少(n=1677)
2025-09-04 12:00:00,0.97,1.2571300525544649,0.52,0.9609977570455032,昱中科技光伏: 🔵 0值过多(零值率61%) | 🟠 有效样本少(n=1148) | 首耀清墩光伏: 🔵 0值偏多(零值率43%) | 🟠 有效样本少(n=1677)
2025-09-04 13:00:00,1.96,1.1480806393405787,1.1,0.8966627423746772,昱中科技光伏: 🔵 0值过多(零值率61%) | 🟠 有效样本少(n=1148) | 首耀清墩光伏: 🔵 0值偏多(零值率43%) | 🟠 有效样本少(n=1677)
2025-09-04 14:00:00,1.01,0.9755679761541954,0.57,0.714671070023231,昱中科技光伏: 🔵 0值过多(零值率61%) | 🟠 有效样本少(n=1148) | 首耀清墩光伏: 🔵 0值偏多(零值率43%) | 🟠 有效样本少(n=1677)
2025-09-04 15:00:00,1.17,0.6562734686147659,0.22,0.5492071381235705,昱中科技光伏: 🔵 0值过多(零值率61%) | 🟠 有效样本少(n=1148) | 首耀清墩光伏: 🔵 0值偏多(零值率43%) | 🟠 有效样本少(n=1677)
2025-09-04 16:00:00,0.51,0.2092748803722295,0.32,0.1675289906692363,昱中科技光伏: 🔵 0值过多(零值率61%) | 🟠 有效样本少(n=1148) | 首耀清墩光伏: 🔵 0值偏多(零值率43%) | 🟠 有效样本少(n=1677)
2025-09-04 17:00:00,0.0,0.0930253959097127,0.18,0.0655059634838628,昱中科技光伏: 🔵 0值过多(零值率61%) | 🟠 有效样本少(n=1148) | 首耀清墩光伏: 🔵 0值偏多(零值率43%) | 🟠 有效样本少(n=1677)
2025-09-04 18:00:00,0.0,0.0085239583848536,0.05,0.0189829144849821,昱中科技光伏: 🔵 0值过多(零值率61%) | 🟠 有效样本少(n=1148) | 首耀清墩光伏: 🔵 0值偏多(零值率43%) | 🟠 有效样本少(n=1677)
2025-09-04 19:00:00,0.0,0.0,0.0,0.0,昱中科技光伏: 🔵 0值过多(零值率61%) | 🟠 有效样本少(n=1148) | 首耀清墩光伏: 🔵 0值偏多(零值率43%) | 🟠 有效样本少(n=1677)
2025-09-04 20:00:00,0.0,0.0,0.0,0.0,昱中科技光伏: 🔵 0值过多(零值率61%) | 🟠 有效样本少(n=1148) | 首耀清墩光伏: 🔵 0值偏多(零值率43%) | 🟠 有效样本少(n=1677)
2025-09-04 21:00:00,0.0,0.0,0.0,0.0,昱中科技光伏: 🔵 0值过多(零值率61%) | 🟠 有效样本少(n=1148) | 首耀清墩光伏: 🔵 0值偏多(零值率43%) | 🟠 有效样本少(n=1677)
2025-09-04 22:00:00,0.0,0.0,0.0,0.0,昱中科技光伏: 🔵 0值过多(零值率61%) | 🟠 有效样本少(n=1148) | 首耀清墩光伏: 🔵 0值偏多(零值率43%) | 🟠 有效样本少(n=1677)
2025-09-04 23:00:00,0.0,0.0,0.0,0.0,昱中科技光伏: 🔵 0值过多(零值率61%) | 🟠 有效样本少(n=1148) | 首耀清墩光伏: 🔵 0值偏多(零值率43%) | 🟠 有效样本少(n=1677)
2025-09-05 00:00:00,0.0,0.0,0.0,0.0,昱中科技光伏: 🔵 0值过多(零值率61%) | 🟠 有效样本少(n=1148) | 首耀清墩光伏: 🔵 0值偏多(零值率43%) | 🟠 有效样本少(n=1677)
2025-09-05 01:00:00,0.0,0.0,0.0,0.0,昱中科技光伏: 🔵 0值过多(零值率61%) | 🟠 有效样本少(n=1148) | 首耀清墩光伏: 🔵 0值偏多(零值率43%) | 🟠 有效样本少(n=1677)
2025-09-05 02:00:00,0.0,0.0,0.0,0.0,昱中科技光伏: 🔵 0值过多(零值率61%) | 🟠 有效样本少(n=1148) | 首耀清墩光伏: 🔵 0值偏多(零值率43%) | 🟠 有效样本少(n=1677)
2025-09-05 03:00:00,0.0,0.0,0.0,0.0,昱中科技光伏: 🔵 0值过多(零值率61%) | 🟠 有效样本少(n=1148) | 首耀清墩光伏: 🔵 0值偏多(零值率43%) | 🟠 有效样本少(n=1677)
2025-09-05 04:00:00,0.0,0.0,0.0,0.0,昱中科技光伏: 🔵 0值过多(零值率61%) | 🟠 有效样本少(n=1148) | 首耀清墩光伏: 🔵 0值偏多(零值率43%) | 🟠 有效样本少(n=1677)
2025-09-05 05:00:00,0.0,0.0,0.0,0.0,昱中科技光伏: 🔵 0值过多(零值率61%) | 🟠 有效样本少(n=1148) | 首耀清墩光伏: 🔵 0值偏多(零值率43%) | 🟠 有效样本少(n=1677)
2025-09-05 06:00:00,0.0,0.0169000047684598,0.01,0.0075098993683632,昱中科技光伏: 🔵 0值过多(零值率61%) | 🟠 有效样本少(n=1148) | 首耀清墩光伏: 🔵 0值偏多(零值率43%) | 🟠 有效样本少(n=1677)
2025-09-05 07:00:00,0.42,0.1514919277736465,0.24,0.1337448604716198,昱中科技光伏: 🔵 0值过多(零值率61%) | 🟠 有效样本少(n=1148) | 首耀清墩光伏: 🔵 0值偏多(零值率43%) | 🟠 有效样本少(n=1677)
2025-09-05 08:00:00,0.53,0.5873588094471817,0.5,0.4287237804411232,昱中科技光伏: 🔵 0值过多(零值率61%) | 🟠 有效样本少(n=1148) | 首耀清墩光伏: 🔵 0值偏多(零值率43%) | 🟠 有效样本少(n=1677)
2025-09-05 09:00:00,1.57,0.9703927620292008,0.7,0.7390580206553982,昱中科技光伏: 🔵 0值过多(零值率61%) | 🟠 有效样本少(n=1148) | 首耀清墩光伏: 🔵 0值偏多(零值率43%) | 🟠 有效样本少(n=1677)
2025-09-05 10:00:00,1.53,1.19340941589652,0.21,0.8251938047398518,昱中科技光伏: 🔵 0值过多(零值率61%) | 🟠 有效样本少(n=1148) | 首耀清墩光伏: 🔵 0值偏多(零值率43%) | 🟠 有效样本少(n=1677)
2025-09-05 11:00:00,1.89,1.337437263701872,1.21,0.9958592554804928,昱中科技光伏: 🔵 0值过多(零值率61%) | 🟠 有效样本少(n=1148) | 首耀清墩光伏: 🔵 0值偏多(零值率43%) | 🟠 有效样本少(n=1677)
2025-09-05 12:00:00,1.89,1.3416542670676015,1.11,1.008057511823405,昱中科技光伏: 🔵 0值过多(零值率61%) | 🟠 有效样本少(n=1148) | 首耀清墩光伏: 🔵 0值偏多(零值率43%) | 🟠 有效样本少(n=1677)
2025-09-05 13:00:00,0.5,1.242175321874874,0.68,0.9575378764520004,昱中科技光伏: 🔵 0值过多(零值率61%) | 🟠 有效样本少(n=1148) | 首耀清墩光伏: 🔵 0值偏多(零值率43%) | 🟠 有效样本少(n=1677)
2025-09-05 14:00:00,0.36,1.2162327217359394,0.98,0.9054692335445732,昱中科技光伏: 🔵 0值过多(零值率61%) | 🟠 有效样本少(n=1148) | 首耀清墩光伏: 🔵 0值偏多(零值率43%) | 🟠 有效样本少(n=1677)
2025-09-05 15:00:00,0.99,1.0134745646554284,0.78,0.6961918126437842,昱中科技光伏: 🔵 0值过多(零值率61%) | 🟠 有效样本少(n=1148) | 首耀清墩光伏: 🔵 0值偏多(零值率43%) | 🟠 有效样本少(n=1677)
2025-09-05 16:00:00,0.47,0.5883745308022783,0.53,0.4245082609804618,昱中科技光伏: 🔵 0值过多(零值率61%) | 🟠 有效样本少(n=1148) | 首耀清墩光伏: 🔵 0值偏多(零值率43%) | 🟠 有效样本少(n=1677)
2025-09-05 17:00:00,0.33,0.1690835238402213,0.23,0.1059940706207674,昱中科技光伏: 🔵 0值过多(零值率61%) | 🟠 有效样本少(n=1148) | 首耀清墩光伏: 🔵 0值偏多(零值率43%) | 🟠 有效样本少(n=1677)
2025-09-05 18:00:00,0.0,0.0198174206779519,0.01,0.0298308437128609,昱中科技光伏: 🔵 0值过多(零值率61%) | 🟠 有效样本少(n=1148) | 首耀清墩光伏: 🔵 0值偏多(零值率43%) | 🟠 有效样本少(n=1677)
2025-09-05 19:00:00,0.0,0.0,0.0,0.0,昱中科技光伏: 🔵 0值过多(零值率61%) | 🟠 有效样本少(n=1148) | 首耀清墩光伏: 🔵 0值偏多(零值率43%) | 🟠 有效样本少(n=1677)
2025-09-05 20:00:00,0.0,0.0,0.0,0.0,昱中科技光伏: 🔵 0值过多(零值率61%) | 🟠 有效样本少(n=1148) | 首耀清墩光伏: 🔵 0值偏多(零值率43%) | 🟠 有效样本少(n=1677)
2025-09-05 21:00:00,0.0,0.0,0.0,0.0,昱中科技光伏: 🔵 0值过多(零值率61%) | 🟠 有效样本少(n=1148) | 首耀清墩光伏: 🔵 0值偏多(零值率43%) | 🟠 有效样本少(n=1677)
2025-09-05 22:00:00,0.0,0.0,0.0,0.0,昱中科技光伏: 🔵 0值过多(零值率61%) | 🟠 有效样本少(n=1148) | 首耀清墩光伏: 🔵 0值偏多(零值率43%) | 🟠 有效样本少(n=1677)
2025-09-05 23:00:00,0.0,0.0,0.0,0.0,昱中科技光伏: 🔵 0值过多(零值率61%) | 🟠 有效样本少(n=1148) | 首耀清墩光伏: 🔵 0值偏多(零值率43%) | 🟠 有效样本少(n=1677)
2025-09-06 00:00:00,0.0,0.0,0.0,0.0,昱中科技光伏: 🔵 0值过多(零值率61%) | 🟠 有效样本少(n=1148) | 首耀清墩光伏: 🔵 0值偏多(零值率43%) | 🟠 有效样本少(n=1677)
2025-09-06 01:00:00,0.0,0.0,0.0,0.0,昱中科技光伏: 🔵 0值过多(零值率61%) | 🟠 有效样本少(n=1148) | 首耀清墩光伏: 🔵 0值偏多(零值率43%) | 🟠 有效样本少(n=1677)
2025-09-06 02:00:00,0.0,0.0,0.0,0.0,昱中科技光伏: 🔵 0值过多(零值率61%) | 🟠 有效样本少(n=1148) | 首耀清墩光伏: 🔵 0值偏多(零值率43%) | 🟠 有效样本少(n=1677)
2025-09-06 03:00:00,0.0,0.0,0.0,0.0,昱中科技光伏: 🔵 0值过多(零值率61%) | 🟠 有效样本少(n=1148) | 首耀清墩光伏: 🔵 0值偏多(零值率43%) | 🟠 有效样本少(n=1677)
2025-09-06 04:00:00,0.0,0.0,0.0,0.0,昱中科技光伏: 🔵 0值过多(零值率61%) | 🟠 有效样本少(n=1148) | 首耀清墩光伏: 🔵 0值偏多(零值率43%) | 🟠 有效样本少(n=1677)
2025-09-06 05:00:00,0.0,0.0,0.0,0.0,昱中科技光伏: 🔵 0值过多(零值率61%) | 🟠 有效样本少(n=1148) | 首耀清墩光伏: 🔵 0值偏多(零值率43%) | 🟠 有效样本少(n=1677)
2025-09-06 06:00:00,0.0,0.0105283604370291,0.02,0.004745072395587,昱中科技光伏: 🔵 0值过多(零值率61%) | 🟠 有效样本少(n=1148) | 首耀清墩光伏: 🔵 0值偏多(零值率43%) | 🟠 有效样本少(n=1677)
2025-09-06 07:00:00,0.28,0.0888657269092118,0.13,0.0869791826333086,昱中科技光伏: 🔵 0值过多(零值率61%) | 🟠 有效样本少(n=1148) | 首耀清墩光伏: 🔵 0值偏多(零值率43%) | 🟠 有效样本少(n=1677)
2025-09-06 08:00:00,0.37,0.3397440863948108,0.44,0.2597230680452922,昱中科技光伏: 🔵 0值过多(零值率61%) | 🟠 有效样本少(n=1148) | 首耀清墩光伏: 🔵 0值偏多(零值率43%) | 🟠 有效样本少(n=1677)
2025-09-06 09:00:00,0.6,0.7820731987980776,0.33,0.5485450570850119,昱中科技光伏: 🔵 0值过多(零值率61%) | 🟠 有效样本少(n=1148) | 首耀清墩光伏: 🔵 0值偏多(零值率43%) | 🟠 有效样本少(n=1677)
2025-09-06 10:00:00,1.09,0.8473800948946836,0.74,0.6282982086733192,昱中科技光伏: 🔵 0值过多(零值率61%) | 🟠 有效样本少(n=1148) | 首耀清墩光伏: 🔵 0值偏多(零值率43%) | 🟠 有效样本少(n=1677)
2025-09-06 11:00:00,0.59,0.8612456827199979,0.92,0.5852199064066451,昱中科技光伏: 🔵 0值过多(零值率61%) | 🟠 有效样本少(n=1148) | 首耀清墩光伏: 🔵 0值偏多(零值率43%) | 🟠 有效样本少(n=1677)
2025-09-06 12:00:00,1.28,1.008414179047386,0.39,0.6475231335386233,昱中科技光伏: 🔵 0值过多(零值率61%) | 🟠 有效样本少(n=1148) | 首耀清墩光伏: 🔵 0值偏多(零值率43%) | 🟠 有效样本少(n=1677)
2025-09-06 13:00:00,0.48,0.9964596594475004,0.54,0.7710795755741552,昱中科技光伏: 🔵 0值过多(零值率61%) | 🟠 有效样本少(n=1148) | 首耀清墩光伏: 🔵 0值偏多(零值率43%) | 🟠 有效样本少(n=1677)
2025-09-06 14:00:00,1.04,0.6165187134202937,0.29,0.5209535345927421,昱中科技光伏: 🔵 0值过多(零值率61%) | 🟠 有效样本少(n=1148) | 首耀清墩光伏: 🔵 0值偏多(零值率43%) | 🟠 有效样本少(n=1677)
2025-09-06 15:00:00,0.35,0.681434795198088,0.08,0.5204158043988889,昱中科技光伏: 🔵 0值过多(零值率61%) | 🟠 有效样本少(n=1148) | 首耀清墩光伏: 🔵 0值偏多(零值率43%) | 🟠 有效样本少(n=1677)
2025-09-06 16:00:00,0.62,0.3286969398277887,0.2,0.2306825146895315,昱中科技光伏: 🔵 0值过多(零值率61%) | 🟠 有效样本少(n=1148) | 首耀清墩光伏: 🔵 0值偏多(零值率43%) | 🟠 有效样本少(n=1677)
2025-09-06 17:00:00,0.16,0.1109877057859895,0.09,0.077387436285332,昱中科技光伏: 🔵 0值过多(零值率61%) | 🟠 有效样本少(n=1148) | 首耀清墩光伏: 🔵 0值偏多(零值率43%) | 🟠 有效样本少(n=1677)
2025-09-06 18:00:00,0.0,0.0009934525503603,0.03,0.0193855023690156,昱中科技光伏: 🔵 0值过多(零值率61%) | 🟠 有效样本少(n=1148) | 首耀清墩光伏: 🔵 0值偏多(零值率43%) | 🟠 有效样本少(n=1677)
2025-09-06 19:00:00,0.0,0.0,0.0,0.0,昱中科技光伏: 🔵 0值过多(零值率61%) | 🟠 有效样本少(n=1148) | 首耀清墩光伏: 🔵 0值偏多(零值率43%) | 🟠 有效样本少(n=1677)
2025-09-06 20:00:00,0.0,0.0,0.0,0.0,昱中科技光伏: 🔵 0值过多(零值率61%) | 🟠 有效样本少(n=1148) | 首耀清墩光伏: 🔵 0值偏多(零值率43%) | 🟠 有效样本少(n=1677)
2025-09-06 21:00:00,0.0,0.0,0.0,0.0,昱中科技光伏: 🔵 0值过多(零值率61%) | 🟠 有效样本少(n=1148) | 首耀清墩光伏: 🔵 0值偏多(零值率43%) | 🟠 有效样本少(n=1677)
2025-09-06 22:00:00,0.0,0.0,0.0,0.0,昱中科技光伏: 🔵 0值过多(零值率61%) | 🟠 有效样本少(n=1148) | 首耀清墩光伏: 🔵 0值偏多(零值率43%) | 🟠 有效样本少(n=1677)
2025-09-06 23:00:00,0.0,0.0,0.0,0.0,昱中科技光伏: 🔵 0值过多(零值率61%) | 🟠 有效样本少(n=1148) | 首耀清墩光伏: 🔵 0值偏多(零值率43%) | 🟠 有效样本少(n=1677)
2025-09-07 00:00:00,0.0,0.0,0.0,0.0,昱中科技光伏: 🔵 0值过多(零值率61%) | 🟠 有效样本少(n=1148) | 首耀清墩光伏: 🔵 0值偏多(零值率43%) | 🟠 有效样本少(n=1677)
2025-09-07 01:00:00,0.0,0.0,0.0,0.0,昱中科技光伏: 🔵 0值过多(零值率61%) | 🟠 有效样本少(n=1148) | 首耀清墩光伏: 🔵 0值偏多(零值率43%) | 🟠 有效样本少(n=1677)
2025-09-07 02:00:00,0.0,0.0,0.0,0.0,昱中科技光伏: 🔵 0值过多(零值率61%) | 🟠 有效样本少(n=1148) | 首耀清墩光伏: 🔵 0值偏多(零值率43%) | 🟠 有效样本少(n=1677)
2025-09-07 03:00:00,0.0,0.0,0.0,0.0,昱中科技光伏: 🔵 0值过多(零值率61%) | 🟠 有效样本少(n=1148) | 首耀清墩光伏: 🔵 0值偏多(零值率43%) | 🟠 有效样本少(n=1677)
2025-09-07 04:00:00,0.0,0.0,0.0,0.0,昱中科技光伏: 🔵 0值过多(零值率61%) | 🟠 有效样本少(n=1148) | 首耀清墩光伏: 🔵 0值偏多(零值率43%) | 🟠 有效样本少(n=1677)
2025-09-07 05:00:00,0.0,0.0,0.0,0.0,昱中科技光伏: 🔵 0值过多(零值率61%) | 🟠 有效样本少(n=1148) | 首耀清墩光伏: 🔵 0值偏多(零值率43%) | 🟠 有效样本少(n=1677)
2025-09-07 06:00:00,0.0,0.0129803220111699,0.0,0.0110021057389679,昱中科技光伏: 🔵 0值过多(零值率61%) | 🟠 有效样本少(n=1148) | 首耀清墩光伏: 🔵 0值偏多(零值率43%) | 🟠 有效样本少(n=1677)
2025-09-07 07:00:00,0.04,0.0173661065882905,0.03,0.0382325565782652,昱中科技光伏: 🔵 0值过多(零值率61%) | 🟠 有效样本少(n=1148) | 首耀清墩光伏: 🔵 0值偏多(零值率43%) | 🟠 有效样本少(n=1677)
2025-09-07 08:00:00,0.2,0.1023545966395965,0.13,0.1029269632821533,昱中科技光伏: 🔵 0值过多(零值率61%) | 🟠 有效样本少(n=1148) | 首耀清墩光伏: 🔵 0值偏多(零值率43%) | 🟠 有效样本少(n=1677)
2025-09-07 09:00:00,0.45,0.1674871455903093,0.33,0.1321974214323283,昱中科技光伏: 🔵 0值过多(零值率61%) | 🟠 有效样本少(n=1148) | 首耀清墩光伏: 🔵 0值偏多(零值率43%) | 🟠 有效样本少(n=1677)
2025-09-07 10:00:00,0.44,0.3185591560760361,0.65,0.1787049336853155,昱中科技光伏: 🔵 0值过多(零值率61%) | 🟠 有效样本少(n=1148) | 首耀清墩光伏: 🔵 0值偏多(零值率43%) | 🟠 有效样本少(n=1677)
2025-09-07 11:00:00,1.07,0.7996726890000735,0.61,0.4702629288267999,昱中科技光伏: 🔵 0值过多(零值率61%) | 🟠 有效样本少(n=1148) | 首耀清墩光伏: 🔵 0值偏多(零值率43%) | 🟠 有效样本少(n=1677)
2025-09-07 12:00:00,1.0,1.12359902186293,0.42,0.63878796304076,昱中科技光伏: 🔵 0值过多(零值率61%) | 🟠 有效样本少(n=1148) | 首耀清墩光伏: 🔵 0值偏多(零值率43%) | 🟠 有效样本少(n=1677)
2025-09-07 13:00:00,0.84,1.0052117457823302,0.61,0.595034961312026,昱中科技光伏: 🔵 0值过多(零值率61%) | 🟠 有效样本少(n=1148) | 首耀清墩光伏: 🔵 0值偏多(零值率43%) | 🟠 有效样本少(n=1677)
2025-09-07 14:00:00,1.05,0.9748561483342988,0.81,0.6196355903920474,昱中科技光伏: 🔵 0值过多(零值率61%) | 🟠 有效样本少(n=1148) | 首耀清墩光伏: 🔵 0值偏多(零值率43%) | 🟠 有效样本少(n=1677)
2025-09-07 15:00:00,0.7,0.7340826531388697,0.7,0.5075652781224834,昱中科技光伏: 🔵 0值过多(零值率61%) | 🟠 有效样本少(n=1148) | 首耀清墩光伏: 🔵 0值偏多(零值率43%) | 🟠 有效样本少(n=1677)
2025-09-07 16:00:00,0.33,0.3066615017681368,0.17,0.2180181439815107,昱中科技光伏: 🔵 0值过多(零值率61%) | 🟠 有效样本少(n=1148) | 首耀清墩光伏: 🔵 0值偏多(零值率43%) | 🟠 有效样本少(n=1677)
2025-09-07 17:00:00,0.16,0.1334406819370759,0.14,0.0891284525556999,昱中科技光伏: 🔵 0值过多(零值率61%) | 🟠 有效样本少(n=1148) | 首耀清墩光伏: 🔵 0值偏多(零值率43%) | 🟠 有效样本少(n=1677)
2025-09-07 18:00:00,0.0,0.000817618804495,0.02,0.0170864463338629,昱中科技光伏: 🔵 0值过多(零值率61%) | 🟠 有效样本少(n=1148) | 首耀清墩光伏: 🔵 0值偏多(零值率43%) | 🟠 有效样本少(n=1677)
2025-09-07 19:00:00,0.0,0.0,0.0,0.0,昱中科技光伏: 🔵 0值过多(零值率61%) | 🟠 有效样本少(n=1148) | 首耀清墩光伏: 🔵 0值偏多(零值率43%) | 🟠 有效样本少(n=1677)
2025-09-07 20:00:00,0.0,0.0,0.0,0.0,昱中科技光伏: 🔵 0值过多(零值率61%) | 🟠 有效样本少(n=1148) | 首耀清墩光伏: 🔵 0值偏多(零值率43%) | 🟠 有效样本少(n=1677)
2025-09-07 21:00:00,0.0,0.0,0.0,0.0,昱中科技光伏: 🔵 0值过多(零值率61%) | 🟠 有效样本少(n=1148) | 首耀清墩光伏: 🔵 0值偏多(零值率43%) | 🟠 有效样本少(n=1677)
2025-09-07 22:00:00,0.0,0.0,0.0,0.0,昱中科技光伏: 🔵 0值过多(零值率61%) | 🟠 有效样本少(n=1148) | 首耀清墩光伏: 🔵 0值偏多(零值率43%) | 🟠 有效样本少(n=1677)
2025-09-07 23:00:00,0.0,0.0,0.0,0.0,昱中科技光伏: 🔵 0值过多(零值率61%) | 🟠 有效样本少(n=1148) | 首耀清墩光伏: 🔵 0值偏多(零值率43%) | 🟠 有效样本少(n=1677)
2025-09-08 00:00:00,0.0,0.0,0.0,0.0,昱中科技光伏: 🔵 0值过多(零值率61%) | 🟠 有效样本少(n=1148) | 首耀清墩光伏: 🔵 0值偏多(零值率43%) | 🟠 有效样本少(n=1677)
2025-09-08 01:00:00,0.0,0.0,0.0,0.0,昱中科技光伏: 🔵 0值过多(零值率61%) | 🟠 有效样本少(n=1148) | 首耀清墩光伏: 🔵 0值偏多(零值率43%) | 🟠 有效样本少(n=1677)
2025-09-08 02:00:00,0.0,0.0,0.0,0.0,昱中科技光伏: 🔵 0值过多(零值率61%) | 🟠 有效样本少(n=1148) | 首耀清墩光伏: 🔵 0值偏多(零值率43%) | 🟠 有效样本少(n=1677)
2025-09-08 03:00:00,0.0,0.0,0.0,0.0,昱中科技光伏: 🔵 0值过多(零值率61%) | 🟠 有效样本少(n=1148) | 首耀清墩光伏: 🔵 0值偏多(零值率43%) | 🟠 有效样本少(n=1677)
2025-09-08 04:00:00,0.0,0.0,0.0,0.0,昱中科技光伏: 🔵 0值过多(零值率61%) | 🟠 有效样本少(n=1148) | 首耀清墩光伏: 🔵 0值偏多(零值率43%) | 🟠 有效样本少(n=1677)
2025-09-08 05:00:00,0.0,0.0,0.0,0.0,昱中科技光伏: 🔵 0值过多(零值率61%) | 🟠 有效样本少(n=1148) | 首耀清墩光伏: 🔵 0值偏多(零值率43%) | 🟠 有效样本少(n=1677)
2025-09-08 06:00:00,0.0,0.0121050559142948,0.0,0.0095343698115206,昱中科技光伏: 🔵 0值过多(零值率61%) | 🟠 有效样本少(n=1148) | 首耀清墩光伏: 🔵 0值偏多(零值率43%) | 🟠 有效样本少(n=1677)
2025-09-08 07:00:00,0.01,0.0154706140577365,0.02,0.0286669924189925,昱中科技光伏: 🔵 0值过多(零值率61%) | 🟠 有效样本少(n=1148) | 首耀清墩光伏: 🔵 0值偏多(零值率43%) | 🟠 有效样本少(n=1677)
2025-09-08 08:00:00,0.22,0.0697464397138009,0.35,0.0817203723581186,昱中科技光伏: 🔵 0值过多(零值率61%) | 🟠 有效样本少(n=1148) | 首耀清墩光伏: 🔵 0值偏多(零值率43%) | 🟠 有效样本少(n=1677)
2025-09-08 09:00:00,0.21,0.1804527586155856,0.1,0.1466067937567203,昱中科技光伏: 🔵 0值过多(零值率61%) | 🟠 有效样本少(n=1148) | 首耀清墩光伏: 🔵 0值偏多(零值率43%) | 🟠 有效样本少(n=1677)
2025-09-08 10:00:00,0.37,0.2321257138208059,0.15,0.1707462397807621,昱中科技光伏: 🔵 0值过多(零值率61%) | 🟠 有效样本少(n=1148) | 首耀清墩光伏: 🔵 0值偏多(零值率43%) | 🟠 有效样本少(n=1677)
2025-09-08 11:00:00,0.17,0.3743976828826246,0.25,0.2424442261660475,昱中科技光伏: 🔵 0值过多(零值率61%) | 🟠 有效样本少(n=1148) | 首耀清墩光伏: 🔵 0值偏多(零值率43%) | 🟠 有效样本少(n=1677)
2025-09-08 12:00:00,0.38,0.6113861362487627,0.2,0.4401716419325445,昱中科技光伏: 🔵 0值过多(零值率61%) | 🟠 有效样本少(n=1148) | 首耀清墩光伏: 🔵 0值偏多(零值率43%) | 🟠 有效样本少(n=1677)
2025-09-08 13:00:00,0.62,0.5994571760054286,0.19,0.4557887397477188,昱中科技光伏: 🔵 0值过多(零值率61%) | 🟠 有效样本少(n=1148) | 首耀清墩光伏: 🔵 0值偏多(零值率43%) | 🟠 有效样本少(n=1677)
2025-09-08 14:00:00,0.19,0.6575200957704329,0.12,0.5012452327894801,昱中科技光伏: 🔵 0值过多(零值率61%) | 🟠 有效样本少(n=1148) | 首耀清墩光伏: 🔵 0值偏多(零值率43%) | 🟠 有效样本少(n=1677)
2025-09-08 15:00:00,0.48,0.0995837197226564,0.14,0.0990473660318734,昱中科技光伏: 🔵 0值过多(零值率61%) | 🟠 有效样本少(n=1148) | 首耀清墩光伏: 🔵 0值偏多(零值率43%) | 🟠 有效样本少(n=1677)
2025-09-08 16:00:00,0.02,0.0728159620304683,0.15,0.0541803914978541,昱中科技光伏: 🔵 0值过多(零值率61%) | 🟠 有效样本少(n=1148) | 首耀清墩光伏: 🔵 0值偏多(零值率43%) | 🟠 有效样本少(n=1677)
2025-09-08 17:00:00,0.06,0.0214462857001981,0.02,0.0172712495549434,昱中科技光伏: 🔵 0值过多(零值率61%) | 🟠 有效样本少(n=1148) | 首耀清墩光伏: 🔵 0值偏多(零值率43%) | 🟠 有效样本少(n=1677)
2025-09-08 18:00:00,0.0,0.0,0.0,9.260306400953256e-05,昱中科技光伏: 🔵 0值过多(零值率61%) | 🟠 有效样本少(n=1148) | 首耀清墩光伏: 🔵 0值偏多(零值率43%) | 🟠 有效样本少(n=1677)
2025-09-08 19:00:00,0.0,0.0,0.0,0.0,昱中科技光伏: 🔵 0值过多(零值率61%) | 🟠 有效样本少(n=1148) | 首耀清墩光伏: 🔵 0值偏多(零值率43%) | 🟠 有效样本少(n=1677)
2025-09-08 20:00:00,0.0,0.0,0.0,0.0,昱中科技光伏: 🔵 0值过多(零值率61%) | 🟠 有效样本少(n=1148) | 首耀清墩光伏: 🔵 0值偏多(零值率43%) | 🟠 有效样本少(n=1677)
2025-09-08 21:00:00,0.0,0.0,0.0,0.0,昱中科技光伏: 🔵 0值过多(零值率61%) | 🟠 有效样本少(n=1148) | 首耀清墩光伏: 🔵 0值偏多(零值率43%) | 🟠 有效样本少(n=1677)
2025-09-08 22:00:00,0.0,0.0,0.0,0.0,昱中科技光伏: 🔵 0值过多(零值率61%) | 🟠 有效样本少(n=1148) | 首耀清墩光伏: 🔵 0值偏多(零值率43%) | 🟠 有效样本少(n=1677)
2025-09-08 23:00:00,0.0,0.0,0.0,0.0,昱中科技光伏: 🔵 0值过多(零值率61%) | 🟠 有效样本少(n=1148) | 首耀清墩光伏: 🔵 0值偏多(零值率43%) | 🟠 有效样本少(n=1677)
2025-09-09 00:00:00,0.0,0.0,0.0,0.0,昱中科技光伏: 🔵 0值过多(零值率61%) | 🟠 有效样本少(n=1148) | 首耀清墩光伏: 🔵 0值偏多(零值率43%) | 🟠 有效样本少(n=1677)
2025-09-09 01:00:00,0.0,0.0,0.0,0.0,昱中科技光伏: 🔵 0值过多(零值率61%) | 🟠 有效样本少(n=1148) | 首耀清墩光伏: 🔵 0值偏多(零值率43%) | 🟠 有效样本少(n=1677)
2025-09-09 02:00:00,0.0,0.0,0.0,0.0,昱中科技光伏: 🔵 0值过多(零值率61%) | 🟠 有效样本少(n=1148) | 首耀清墩光伏: 🔵 0值偏多(零值率43%) | 🟠 有效样本少(n=1677)
2025-09-09 03:00:00,0.0,0.0,0.0,0.0,昱中科技光伏: 🔵 0值过多(零值率61%) | 🟠 有效样本少(n=1148) | 首耀清墩光伏: 🔵 0值偏多(零值率43%) | 🟠 有效样本少(n=1677)
2025-09-09 04:00:00,0.0,0.0,0.0,0.0,昱中科技光伏: 🔵 0值过多(零值率61%) | 🟠 有效样本少(n=1148) | 首耀清墩光伏: 🔵 0值偏多(零值率43%) | 🟠 有效样本少(n=1677)
2025-09-09 05:00:00,0.0,0.0,0.0,0.0,昱中科技光伏: 🔵 0值过多(零值率61%) | 🟠 有效样本少(n=1148) | 首耀清墩光伏: 🔵 0值偏多(零值率43%) | 🟠 有效样本少(n=1677)
2025-09-09 06:00:00,0.0,0.0145796663776755,0.0,0.0122753222649627,昱中科技光伏: 🔵 0值过多(零值率61%) | 🟠 有效样本少(n=1148) | 首耀清墩光伏: 🔵 0值偏多(零值率43%) | 🟠 有效样本少(n=1677)
2025-09-09 07:00:00,0.51,0.1299267237533984,0.19,0.1040614453635961,昱中科技光伏: 🔵 0值过多(零值率61%) | 🟠 有效样本少(n=1148) | 首耀清墩光伏: 🔵 0值偏多(零值率43%) | 🟠 有效样本少(n=1677)
2025-09-09 08:00:00,0.39,0.5889285716308841,0.18,0.4358027563279288,昱中科技光伏: 🔵 0值过多(零值率61%) | 🟠 有效样本少(n=1148) | 首耀清墩光伏: 🔵 0值偏多(零值率43%) | 🟠 有效样本少(n=1677)
2025-09-09 09:00:00,1.55,0.9917656304594836,0.77,0.7457742938184533,昱中科技光伏: 🔵 0值过多(零值率61%) | 🟠 有效样本少(n=1148) | 首耀清墩光伏: 🔵 0值偏多(零值率43%) | 🟠 有效样本少(n=1677)
2025-09-09 10:00:00,1.82,1.1215812427837235,0.98,0.7819548088778918,昱中科技光伏: 🔵 0值过多(零值率61%) | 🟠 有效样本少(n=1148) | 首耀清墩光伏: 🔵 0值偏多(零值率43%) | 🟠 有效样本少(n=1677)
2025-09-09 11:00:00,2.04,1.079538628550558,0.45,0.766767125037604,昱中科技光伏: 🔵 0值过多(零值率61%) | 🟠 有效样本少(n=1148) | 首耀清墩光伏: 🔵 0值偏多(零值率43%) | 🟠 有效样本少(n=1677)
2025-09-09 12:00:00,2.0,1.1670203660883476,1.2,0.8827365587256295,昱中科技光伏: 🔵 0值过多(零值率61%) | 🟠 有效样本少(n=1148) | 首耀清墩光伏: 🔵 0值偏多(零值率43%) | 🟠 有效样本少(n=1677)
2025-09-09 13:00:00,1.67,1.2801819842405722,1.11,0.9531762905861778,昱中科技光伏: 🔵 0值过多(零值率61%) | 🟠 有效样本少(n=1148) | 首耀清墩光伏: 🔵 0值偏多(零值率43%) | 🟠 有效样本少(n=1677)
2025-09-09 14:00:00,0.48,1.0566817657805416,1.15,0.7489486083890694,昱中科技光伏: 🔵 0值过多(零值率61%) | 🟠 有效样本少(n=1148) | 首耀清墩光伏: 🔵 0值偏多(零值率43%) | 🟠 有效样本少(n=1677)
2025-09-09 15:00:00,0.74,0.8895802005685121,0.9,0.5894579044924534,昱中科技光伏: 🔵 0值过多(零值率61%) | 🟠 有效样本少(n=1148) | 首耀清墩光伏: 🔵 0值偏多(零值率43%) | 🟠 有效样本少(n=1677)
2025-09-09 16:00:00,0.81,0.5806625757013797,0.61,0.4019230209977327,昱中科技光伏: 🔵 0值过多(零值率61%) | 🟠 有效样本少(n=1148) | 首耀清墩光伏: 🔵 0值偏多(零值率43%) | 🟠 有效样本少(n=1677)
2025-09-09 17:00:00,0.34,0.2010092966377896,0.29,0.1415040672740257,昱中科技光伏: 🔵 0值过多(零值率61%) | 🟠 有效样本少(n=1148) | 首耀清墩光伏: 🔵 0值偏多(零值率43%) | 🟠 有效样本少(n=1677)
2025-09-09 18:00:00,0.0,0.0424961120256386,0.05,0.0359167071443688,昱中科技光伏: 🔵 0值过多(零值率61%) | 🟠 有效样本少(n=1148) | 首耀清墩光伏: 🔵 0值偏多(零值率43%) | 🟠 有效样本少(n=1677)
2025-09-09 19:00:00,0.0,0.0,0.0,0.0,昱中科技光伏: 🔵 0值过多(零值率61%) | 🟠 有效样本少(n=1148) | 首耀清墩光伏: 🔵 0值偏多(零值率43%) | 🟠 有效样本少(n=1677)
2025-09-09 20:00:00,0.0,0.0,0.0,0.0,昱中科技光伏: 🔵 0值过多(零值率61%) | 🟠 有效样本少(n=1148) | 首耀清墩光伏: 🔵 0值偏多(零值率43%) | 🟠 有效样本少(n=1677)
2025-09-09 21:00:00,0.0,0.0,0.0,0.0,昱中科技光伏: 🔵 0值过多(零值率61%) | 🟠 有效样本少(n=1148) | 首耀清墩光伏: 🔵 0值偏多(零值率43%) | 🟠 有效样本少(n=1677)
2025-09-09 22:00:00,0.0,0.0,0.0,0.0,昱中科技光伏: 🔵 0值过多(零值率61%) | 🟠 有效样本少(n=1148) | 首耀清墩光伏: 🔵 0值偏多(零值率43%) | 🟠 有效样本少(n=1677)
2025-09-09 23:00:00,0.0,0.0,0.0,0.0,昱中科技光伏: 🔵 0值过多(零值率61%) | 🟠 有效样本少(n=1148) | 首耀清墩光伏: 🔵 0值偏多(零值率43%) | 🟠 有效样本少(n=1677)
2025-09-10 00:00:00,0.0,0.0,0.0,0.0,昱中科技光伏: 🔵 0值过多(零值率61%) | 🟠 有效样本少(n=1148) | 首耀清墩光伏: 🔵 0值偏多(零值率43%) | 🟠 有效样本少(n=1677)
2025-09-10 01:00:00,0.0,0.0,0.0,0.0,昱中科技光伏: 🔵 0值过多(零值率61%) | 🟠 有效样本少(n=1148) | 首耀清墩光伏: 🔵 0值偏多(零值率43%) | 🟠 有效样本少(n=1677)
2025-09-10 02:00:00,0.0,0.0,0.0,0.0,昱中科技光伏: 🔵 0值过多(零值率61%) | 🟠 有效样本少(n=1148) | 首耀清墩光伏: 🔵 0值偏多(零值率43%) | 🟠 有效样本少(n=1677)
2025-09-10 03:00:00,0.0,0.0,0.0,0.0,昱中科技光伏: 🔵 0值过多(零值率61%) | 🟠 有效样本少(n=1148) | 首耀清墩光伏: 🔵 0值偏多(零值率43%) | 🟠 有效样本少(n=1677)
2025-09-10 04:00:00,0.0,0.0,0.0,0.0,昱中科技光伏: 🔵 0值过多(零值率61%) | 🟠 有效样本少(n=1148) | 首耀清墩光伏: 🔵 0值偏多(零值率43%) | 🟠 有效样本少(n=1677)
2025-09-10 05:00:00,0.0,0.0,0.0,0.0,昱中科技光伏: 🔵 0值过多(零值率61%) | 🟠 有效样本少(n=1148) | 首耀清墩光伏: 🔵 0值偏多(零值率43%) | 🟠 有效样本少(n=1677)
2025-09-10 06:00:00,0.0,0.0139800069284011,0.0,0.0122566764148535,昱中科技光伏: 🔵 0值过多(零值率61%) | 🟠 有效样本少(n=1148) | 首耀清墩光伏: 🔵 0值偏多(零值率43%) | 🟠 有效样本少(n=1677)
2025-09-10 07:00:00,0.34,0.1153303380857883,0.0,0.138701658963265,昱中科技光伏: 🔵 0值过多(零值率61%) | 🟠 有效样本少(n=1148) | 首耀清墩光伏: 🔵 0值偏多(零值率43%) | 🟠 有效样本少(n=1677)
2025-09-10 08:00:00,0.35,0.4379902379059224,0.42,0.3251512467726041,昱中科技光伏: 🔵 0值过多(零值率61%) | 🟠 有效样本少(n=1148) | 首耀清墩光伏: 🔵 0值偏多(零值率43%) | 🟠 有效样本少(n=1677)
2025-09-10 09:00:00,1.24,0.8347019861458407,0.82,0.6361652741923534,昱中科技光伏: 🔵 0值过多(零值率61%) | 🟠 有效样本少(n=1148) | 首耀清墩光伏: 🔵 0值偏多(零值率43%) | 🟠 有效样本少(n=1677)
2025-09-10 10:00:00,1.56,1.2067928024094017,1.0,0.8219374829136223,昱中科技光伏: 🔵 0值过多(零值率61%) | 🟠 有效样本少(n=1148) | 首耀清墩光伏: 🔵 0值偏多(零值率43%) | 🟠 有效样本少(n=1677)
2025-09-10 11:00:00,1.7,1.3628908369602517,1.12,1.0161857940308694,昱中科技光伏: 🔵 0值过多(零值率61%) | 🟠 有效样本少(n=1148) | 首耀清墩光伏: 🔵 0值偏多(零值率43%) | 🟠 有效样本少(n=1677)
2025-09-10 12:00:00,1.67,1.4431024934312164,1.15,1.0467803740664787,昱中科技光伏: 🔵 0值过多(零值率61%) | 🟠 有效样本少(n=1148) | 首耀清墩光伏: 🔵 0值偏多(零值率43%) | 🟠 有效样本少(n=1677)
2025-09-10 13:00:00,1.44,1.4346368392183022,0.5,1.0645921297458645,昱中科技光伏: 🔵 0值过多(零值率61%) | 🟠 有效样本少(n=1148) | 首耀清墩光伏: 🔵 0值偏多(零值率43%) | 🟠 有效样本少(n=1677)
2025-09-10 14:00:00,1.47,1.3332972254291031,1.03,1.0053515652902203,昱中科技光伏: 🔵 0值过多(零值率61%) | 🟠 有效样本少(n=1148) | 首耀清墩光伏: 🔵 0值偏多(零值率43%) | 🟠 有效样本少(n=1677)
2025-09-10 15:00:00,1.21,1.1167769322252894,0.84,0.8377407688050528,昱中科技光伏: 🔵 0值过多(零值率61%) | 🟠 有效样本少(n=1148) | 首耀清墩光伏: 🔵 0值偏多(零值率43%) | 🟠 有效样本少(n=1677)
2025-09-10 16:00:00,0.81,0.6225891672488939,0.58,0.4743771625681381,昱中科技光伏: 🔵 0值过多(零值率61%) | 🟠 有效样本少(n=1148) | 首耀清墩光伏: 🔵 0值偏多(零值率43%) | 🟠 有效样本少(n=1677)
2025-09-10 17:00:00,0.24,0.2090626504081488,0.41,0.1625608934323217,昱中科技光伏: 🔵 0值过多(零值率61%) | 🟠 有效样本少(n=1148) | 首耀清墩光伏: 🔵 0值偏多(零值率43%) | 🟠 有效样本少(n=1677)
2025-09-10 18:00:00,0.0,0.0308941929599344,0.06,0.0373082088437363,昱中科技光伏: 🔵 0值过多(零值率61%) | 🟠 有效样本少(n=1148) | 首耀清墩光伏: 🔵 0值偏多(零值率43%) | 🟠 有效样本少(n=1677)
2025-09-10 19:00:00,0.0,0.0,0.0,0.0,昱中科技光伏: 🔵 0值过多(零值率61%) | 🟠 有效样本少(n=1148) | 首耀清墩光伏: 🔵 0值偏多(零值率43%) | 🟠 有效样本少(n=1677)
2025-09-10 20:00:00,0.0,0.0,0.0,0.0,昱中科技光伏: 🔵 0值过多(零值率61%) | 🟠 有效样本少(n=1148) | 首耀清墩光伏: 🔵 0值偏多(零值率43%) | 🟠 有效样本少(n=1677)
2025-09-10 21:00:00,0.0,0.0,0.0,0.0,昱中科技光伏: 🔵 0值过多(零值率61%) | 🟠 有效样本少(n=1148) | 首耀清墩光伏: 🔵 0值偏多(零值率43%) | 🟠 有效样本少(n=1677)
2025-09-10 22:00:00,0.0,0.0,0.0,0.0,昱中科技光伏: 🔵 0值过多(零值率61%) | 🟠 有效样本少(n=1148) | 首耀清墩光伏: 🔵 0值偏多(零值率43%) | 🟠 有效样本少(n=1677)
2025-09-10 23:00:00,0.0,0.0,0.0,0.0,昱中科技光伏: 🔵 0值过多(零值率61%) | 🟠 有效样本少(n=1148) | 首耀清墩光伏: 🔵 0值偏多(零值率43%) | 🟠 有效样本少(n=1677)
2025-09-11 00:00:00,0.0,0.0,0.0,0.0,昱中科技光伏: 🔵 0值过多(零值率61%) | 🟠 有效样本少(n=1148) | 首耀清墩光伏: 🔵 0值偏多(零值率43%) | 🟠 有效样本少(n=1677)
2025-09-11 01:00:00,0.0,0.0,0.0,0.0,昱中科技光伏: 🔵 0值过多(零值率61%) | 🟠 有效样本少(n=1148) | 首耀清墩光伏: 🔵 0值偏多(零值率43%) | 🟠 有效样本少(n=1677)
2025-09-11 02:00:00,0.0,0.0,0.0,0.0,昱中科技光伏: 🔵 0值过多(零值率61%) | 🟠 有效样本少(n=1148) | 首耀清墩光伏: 🔵 0值偏多(零值率43%) | 🟠 有效样本少(n=1677)
2025-09-11 03:00:00,0.0,0.0,0.0,0.0,昱中科技光伏: 🔵 0值过多(零值率61%) | 🟠 有效样本少(n=1148) | 首耀清墩光伏: 🔵 0值偏多(零值率43%) | 🟠 有效样本少(n=1677)
2025-09-11 04:00:00,0.0,0.0,0.0,0.0,昱中科技光伏: 🔵 0值过多(零值率61%) | 🟠 有效样本少(n=1148) | 首耀清墩光伏: 🔵 0值偏多(零值率43%) | 🟠 有效样本少(n=1677)
2025-09-11 05:00:00,0.0,0.0,0.0,0.0,昱中科技光伏: 🔵 0值过多(零值率61%) | 🟠 有效样本少(n=1148) | 首耀清墩光伏: 🔵 0值偏多(零值率43%) | 🟠 有效样本少(n=1677)
2025-09-11 06:00:00,0.0,0.0138643071511322,0.0,0.0118852248900082,昱中科技光伏: 🔵 0值过多(零值率61%) | 🟠 有效样本少(n=1148) | 首耀清墩光伏: 🔵 0值偏多(零值率43%) | 🟠 有效样本少(n=1677)
2025-09-11 07:00:00,0.32,0.1212923794399365,0.14,0.1121303213736555,昱中科技光伏: 🔵 0值过多(零值率61%) | 🟠 有效样本少(n=1148) | 首耀清墩光伏: 🔵 0值偏多(零值率43%) | 🟠 有效样本少(n=1677)
2025-09-11 08:00:00,0.13,0.5682741133529389,0.19,0.4131435366100108,昱中科技光伏: 🔵 0值过多(零值率61%) | 🟠 有效样本少(n=1148) | 首耀清墩光伏: 🔵 0值偏多(零值率43%) | 🟠 有效样本少(n=1677)
2025-09-11 09:00:00,0.49,0.8349938884295208,0.27,0.6384817708072925,昱中科技光伏: 🔵 0值过多(零值率61%) | 🟠 有效样本少(n=1148) | 首耀清墩光伏: 🔵 0值偏多(零值率43%) | 🟠 有效样本少(n=1677)
2025-09-11 10:00:00,0.73,0.8518928278704541,0.39,0.6318571320457015,昱中科技光伏: 🔵 0值过多(零值率61%) | 🟠 有效样本少(n=1148) | 首耀清墩光伏: 🔵 0值偏多(零值率43%) | 🟠 有效样本少(n=1677)
2025-09-11 11:00:00,0.63,1.1253075696172694,0.4,0.7318767631848254,昱中科技光伏: 🔵 0值过多(零值率61%) | 🟠 有效样本少(n=1148) | 首耀清墩光伏: 🔵 0值偏多(零值率43%) | 🟠 有效样本少(n=1677)
2025-09-11 12:00:00,0.73,1.191281196307716,0.41,0.8335082502769258,昱中科技光伏: 🔵 0值过多(零值率61%) | 🟠 有效样本少(n=1148) | 首耀清墩光伏: 🔵 0值偏多(零值率43%) | 🟠 有效样本少(n=1677)
2025-09-11 13:00:00,0.53,1.2072869785931075,0.41,0.8445808970661353,昱中科技光伏: 🔵 0值过多(零值率61%) | 🟠 有效样本少(n=1148) | 首耀清墩光伏: 🔵 0值偏多(零值率43%) | 🟠 有效样本少(n=1677)
2025-09-11 14:00:00,0.26,0.7137170612666116,0.41,0.5068314437392083,昱中科技光伏: 🔵 0值过多(零值率61%) | 🟠 有效样本少(n=1148) | 首耀清墩光伏: 🔵 0值偏多(零值率43%) | 🟠 有效样本少(n=1677)
2025-09-11 15:00:00,0.13,0.0316707613225155,0.41,0.0365140963989741,昱中科技光伏: 🔵 0值过多(零值率61%) | 🟠 有效样本少(n=1148) | 首耀清墩光伏: 🔵 0值偏多(零值率43%) | 🟠 有效样本少(n=1677)
2025-09-11 16:00:00,0.15,0.0765793169021957,0.41,0.0533608828447546,昱中科技光伏: 🔵 0值过多(零值率61%) | 🟠 有效样本少(n=1148) | 首耀清墩光伏: 🔵 0值偏多(零值率43%) | 🟠 有效样本少(n=1677)
2025-09-11 17:00:00,0.0,0.0055897691083017,0.41,0.0162559394521195,昱中科技光伏: 🔵 0值过多(零值率61%) | 🟠 有效样本少(n=1148) | 首耀清墩光伏: 🔵 0值偏多(零值率43%) | 🟠 有效样本少(n=1677)
2025-09-11 18:00:00,0.0,0.0,0.41,0.004283689564557,昱中科技光伏: 🔵 0值过多(零值率61%) | 🟠 有效样本少(n=1148) | 首耀清墩光伏: 🔵 0值偏多(零值率43%) | 🟠 有效样本少(n=1677)
2025-09-11 19:00:00,0.0,0.0,0.41,0.000648908967591,昱中科技光伏: 🔵 0值过多(零值率61%) | 🟠 有效样本少(n=1148) | 首耀清墩光伏: 🔵 0值偏多(零值率43%) | 🟠 有效样本少(n=1677)
2025-09-11 20:00:00,0.0,0.0,0.0,0.0,昱中科技光伏: 🔵 0值过多(零值率61%) | 🟠 有效样本少(n=1148) | 首耀清墩光伏: 🔵 0值偏多(零值率43%) | 🟠 有效样本少(n=1677)
2025-09-11 21:00:00,0.0,0.0,0.0,0.0,昱中科技光伏: 🔵 0值过多(零值率61%) | 🟠 有效样本少(n=1148) | 首耀清墩光伏: 🔵 0值偏多(零值率43%) | 🟠 有效样本少(n=1677)
2025-09-11 22:00:00,0.0,0.0,0.0,0.0,昱中科技光伏: 🔵 0值过多(零值率61%) | 🟠 有效样本少(n=1148) | 首耀清墩光伏: 🔵 0值偏多(零值率43%) | 🟠 有效样本少(n=1677)
2025-09-11 23:00:00,0.0,0.0,0.0,0.0,昱中科技光伏: 🔵 0值过多(零值率61%) | 🟠 有效样本少(n=1148) | 首耀清墩光伏: 🔵 0值偏多(零值率43%) | 🟠 有效样本少(n=1677)
2025-09-12 00:00:00,0.0,0.0,0.0,0.0,昱中科技光伏: 🔵 0值过多(零值率61%) | 🟠 有效样本少(n=1148) | 首耀清墩光伏: 🔵 0值偏多(零值率43%) | 🟠 有效样本少(n=1677)
2025-09-12 01:00:00,0.0,0.0,0.0,0.0,昱中科技光伏: 🔵 0值过多(零值率61%) | 🟠 有效样本少(n=1148) | 首耀清墩光伏: 🔵 0值偏多(零值率43%) | 🟠 有效样本少(n=1677)
2025-09-12 02:00:00,0.0,0.0,0.0,0.0,昱中科技光伏: 🔵 0值过多(零值率61%) | 🟠 有效样本少(n=1148) | 首耀清墩光伏: 🔵 0值偏多(零值率43%) | 🟠 有效样本少(n=1677)
2025-09-12 03:00:00,0.0,0.0,0.0,0.0,昱中科技光伏: 🔵 0值过多(零值率61%) | 🟠 有效样本少(n=1148) | 首耀清墩光伏: 🔵 0值偏多(零值率43%) | 🟠 有效样本少(n=1677)
2025-09-12 04:00:00,0.0,0.0,0.0,0.0,昱中科技光伏: 🔵 0值过多(零值率61%) | 🟠 有效样本少(n=1148) | 首耀清墩光伏: 🔵 0值偏多(零值率43%) | 🟠 有效样本少(n=1677)
2025-09-12 05:00:00,0.0,0.0,0.0,0.0,昱中科技光伏: 🔵 0值过多(零值率61%) | 🟠 有效样本少(n=1148) | 首耀清墩光伏: 🔵 0值偏多(零值率43%) | 🟠 有效样本少(n=1677)
2025-09-12 06:00:00,0.0,0.0048233886601847,0.41,0.002531298364671,昱中科技光伏: 🔵 0值过多(零值率61%) | 🟠 有效样本少(n=1148) | 首耀清墩光伏: 🔵 0值偏多(零值率43%) | 🟠 有效样本少(n=1677)
2025-09-12 07:00:00,0.0,0.0316066510724337,0.41,0.0091687845090015,昱中科技光伏: 🔵 0值过多(零值率61%) | 🟠 有效样本少(n=1148) | 首耀清墩光伏: 🔵 0值偏多(零值率43%) | 🟠 有效样本少(n=1677)
2025-09-12 08:00:00,0.0,0.053357236242921,0.41,0.0331373209161252,昱中科技光伏: 🔵 0值过多(零值率61%) | 🟠 有效样本少(n=1148) | 首耀清墩光伏: 🔵 0值偏多(零值率43%) | 🟠 有效样本少(n=1677)
2025-09-12 09:00:00,0.0,0.0759542996074108,0.41,0.0500355022880565,昱中科技光伏: 🔵 0值过多(零值率61%) | 🟠 有效样本少(n=1148) | 首耀清墩光伏: 🔵 0值偏多(零值率43%) | 🟠 有效样本少(n=1677)
2025-09-12 10:00:00,0.06,0.0801100759456192,0.41,0.1014655477502969,昱中科技光伏: 🔵 0值过多(零值率61%) | 🟠 有效样本少(n=1148) | 首耀清墩光伏: 🔵 0值偏多(零值率43%) | 🟠 有效样本少(n=1677)
2025-09-12 11:00:00,0.16,0.0805260160408759,0.41,0.104542046599094,昱中科技光伏: 🔵 0值过多(零值率61%) | 🟠 有效样本少(n=1148) | 首耀清墩光伏: 🔵 0值偏多(零值率43%) | 🟠 有效样本少(n=1677)
2025-09-12 12:00:00,0.08,0.1339145373826837,0.41,0.1149331412607606,昱中科技光伏: 🔵 0值过多(零值率61%) | 🟠 有效样本少(n=1148) | 首耀清墩光伏: 🔵 0值偏多(零值率43%) | 🟠 有效样本少(n=1677)
2025-09-12 13:00:00,0.05,0.1111100856708166,0.41,0.1163095542721567,昱中科技光伏: 🔵 0值过多(零值率61%) | 🟠 有效样本少(n=1148) | 首耀清墩光伏: 🔵 0值偏多(零值率43%) | 🟠 有效样本少(n=1677)
2025-09-12 14:00:00,0.04,0.0277359504119406,0.41,0.0637924590632528,昱中科技光伏: 🔵 0值过多(零值率61%) | 🟠 有效样本少(n=1148) | 首耀清墩光伏: 🔵 0值偏多(零值率43%) | 🟠 有效样本少(n=1677)
2025-09-12 15:00:00,0.17,0.020600736682511,0.41,0.0349756811332606,昱中科技光伏: 🔵 0值过多(零值率61%) | 🟠 有效样本少(n=1148) | 首耀清墩光伏: 🔵 0值偏多(零值率43%) | 🟠 有效样本少(n=1677)
2025-09-12 16:00:00,0.05,0.0642981975083845,0.41,0.0449547503000509,昱中科技光伏: 🔵 0值过多(零值率61%) | 🟠 有效样本少(n=1148) | 首耀清墩光伏: 🔵 0值偏多(零值率43%) | 🟠 有效样本少(n=1677)
2025-09-12 17:00:00,0.0,0.0055692447349975,0.41,0.0166507787347638,昱中科技光伏: 🔵 0值过多(零值率61%) | 🟠 有效样本少(n=1148) | 首耀清墩光伏: 🔵 0值偏多(零值率43%) | 🟠 有效样本少(n=1677)
2025-09-12 18:00:00,0.0,0.0,0.41,0.0059660314550435,昱中科技光伏: 🔵 0值过多(零值率61%) | 🟠 有效样本少(n=1148) | 首耀清墩光伏: 🔵 0值偏多(零值率43%) | 🟠 有效样本少(n=1677)
2025-09-12 19:00:00,0.0,0.0,0.41,0.0009463835827227,昱中科技光伏: 🔵 0值过多(零值率61%) | 🟠 有效样本少(n=1148) | 首耀清墩光伏: 🔵 0值偏多(零值率43%) | 🟠 有效样本少(n=1677)
2025-09-12 20:00:00,0.0,0.0,0.0,0.0,昱中科技光伏: 🔵 0值过多(零值率61%) | 🟠 有效样本少(n=1148) | 首耀清墩光伏: 🔵 0值偏多(零值率43%) | 🟠 有效样本少(n=1677)
2025-09-12 21:00:00,0.0,0.0,0.0,0.0,昱中科技光伏: 🔵 0值过多(零值率61%) | 🟠 有效样本少(n=1148) | 首耀清墩光伏: 🔵 0值偏多(零值率43%) | 🟠 有效样本少(n=1677)
2025-09-12 22:00:00,0.0,0.0,0.0,0.0,昱中科技光伏: 🔵 0值过多(零值率61%) | 🟠 有效样本少(n=1148) | 首耀清墩光伏: 🔵 0值偏多(零值率43%) | 🟠 有效样本少(n=1677)
2025-09-12 23:00:00,0.0,0.0,0.0,0.0,昱中科技光伏: 🔵 0值过多(零值率61%) | 🟠 有效样本少(n=1148) | 首耀清墩光伏: 🔵 0值偏多(零值率43%) | 🟠 有效样本少(n=1677)
2025-09-13 00:00:00,0.0,0.0,0.0,0.0,昱中科技光伏: 🔵 0值过多(零值率61%) | 🟠 有效样本少(n=1148) | 首耀清墩光伏: 🔵 0值偏多(零值率43%) | 🟠 有效样本少(n=1677)
2025-09-13 01:00:00,0.0,0.0,0.0,0.0,昱中科技光伏: 🔵 0值过多(零值率61%) | 🟠 有效样本少(n=1148) | 首耀清墩光伏: 🔵 0值偏多(零值率43%) | 🟠 有效样本少(n=1677)
2025-09-13 02:00:00,0.0,0.0,0.0,0.0,昱中科技光伏: 🔵 0值过多(零值率61%) | 🟠 有效样本少(n=1148) | 首耀清墩光伏: 🔵 0值偏多(零值率43%) | 🟠 有效样本少(n=1677)
2025-09-13 03:00:00,0.0,0.0,0.0,0.0,昱中科技光伏: 🔵 0值过多(零值率61%) | 🟠 有效样本少(n=1148) | 首耀清墩光伏: 🔵 0值偏多(零值率43%) | 🟠 有效样本少(n=1677)
2025-09-13 04:00:00,0.0,0.0,0.0,0.0,昱中科技光伏: 🔵 0值过多(零值率61%) | 🟠 有效样本少(n=1148) | 首耀清墩光伏: 🔵 0值偏多(零值率43%) | 🟠 有效样本少(n=1677)
2025-09-13 05:00:00,0.0,0.0,0.0,0.0,昱中科技光伏: 🔵 0值过多(零值率61%) | 🟠 有效样本少(n=1148) | 首耀清墩光伏: 🔵 0值偏多(零值率43%) | 🟠 有效样本少(n=1677)
2025-09-13 06:00:00,0.0,0.0110095112342816,0.41,0.0057394692803501,昱中科技光伏: 🔵 0值过多(零值率61%) | 🟠 有效样本少(n=1148) | 首耀清墩光伏: 🔵 0值偏多(零值率43%) | 🟠 有效样本少(n=1677)
2025-09-13 07:00:00,0.15,0.1010046129528797,0.41,0.0893170779616576,昱中科技光伏: 🔵 0值过多(零值率61%) | 🟠 有效样本少(n=1148) | 首耀清墩光伏: 🔵 0值偏多(零值率43%) | 🟠 有效样本少(n=1677)
2025-09-13 08:00:00,0.33,0.3067800414383604,0.41,0.2430516295292007,昱中科技光伏: 🔵 0值过多(零值率61%) | 🟠 有效样本少(n=1148) | 首耀清墩光伏: 🔵 0值偏多(零值率43%) | 🟠 有效样本少(n=1677)
2025-09-13 09:00:00,0.31,0.4863227075764056,0.41,0.3822503763633108,昱中科技光伏: 🔵 0值过多(零值率61%) | 🟠 有效样本少(n=1148) | 首耀清墩光伏: 🔵 0值偏多(零值率43%) | 🟠 有效样本少(n=1677)
2025-09-13 10:00:00,0.7,0.5116125263227455,0.41,0.4083466478015256,昱中科技光伏: 🔵 0值过多(零值率61%) | 🟠 有效样本少(n=1148) | 首耀清墩光伏: 🔵 0值偏多(零值率43%) | 🟠 有效样本少(n=1677)
2025-09-13 11:00:00,0.39,0.5597445898602035,0.41,0.432242051782196,昱中科技光伏: 🔵 0值过多(零值率61%) | 🟠 有效样本少(n=1148) | 首耀清墩光伏: 🔵 0值偏多(零值率43%) | 🟠 有效样本少(n=1677)
2025-09-13 12:00:00,0.39,0.6931958967608272,0.41,0.4932073480164198,昱中科技光伏: 🔵 0值过多(零值率61%) | 🟠 有效样本少(n=1148) | 首耀清墩光伏: 🔵 0值偏多(零值率43%) | 🟠 有效样本少(n=1677)
2025-09-13 13:00:00,0.42,0.8038474672613984,0.41,0.5815478591424433,昱中科技光伏: 🔵 0值过多(零值率61%) | 🟠 有效样本少(n=1148) | 首耀清墩光伏: 🔵 0值偏多(零值率43%) | 🟠 有效样本少(n=1677)
2025-09-13 14:00:00,0.32,0.7977067877404556,0.41,0.5958023166380063,昱中科技光伏: 🔵 0值过多(零值率61%) | 🟠 有效样本少(n=1148) | 首耀清墩光伏: 🔵 0值偏多(零值率43%) | 🟠 有效样本少(n=1677)
2025-09-13 15:00:00,0.4,0.2811625633304258,0.41,0.2275386445441027,昱中科技光伏: 🔵 0值过多(零值率61%) | 🟠 有效样本少(n=1148) | 首耀清墩光伏: 🔵 0值偏多(零值率43%) | 🟠 有效样本少(n=1677)
2025-09-13 16:00:00,0.21,0.2372357515008127,0.41,0.1771584568659268,昱中科技光伏: 🔵 0值过多(零值率61%) | 🟠 有效样本少(n=1148) | 首耀清墩光伏: 🔵 0值偏多(零值率43%) | 🟠 有效样本少(n=1677)
2025-09-13 17:00:00,0.12,0.1206411601685108,0.41,0.0874427699442155,昱中科技光伏: 🔵 0值过多(零值率61%) | 🟠 有效样本少(n=1148) | 首耀清墩光伏: 🔵 0值偏多(零值率43%) | 🟠 有效样本少(n=1677)
2025-09-13 18:00:00,0.0,0.0385287501284225,0.41,0.026864319701264,昱中科技光伏: 🔵 0值过多(零值率61%) | 🟠 有效样本少(n=1148) | 首耀清墩光伏: 🔵 0值偏多(零值率43%) | 🟠 有效样本少(n=1677)
2025-09-13 19:00:00,0.0,0.0,0.41,0.0008459189411672,昱中科技光伏: 🔵 0值过多(零值率61%) | 🟠 有效样本少(n=1148) | 首耀清墩光伏: 🔵 0值偏多(零值率43%) | 🟠 有效样本少(n=1677)
2025-09-13 20:00:00,0.0,0.0,0.0,0.0,昱中科技光伏: 🔵 0值过多(零值率61%) | 🟠 有效样本少(n=1148) | 首耀清墩光伏: 🔵 0值偏多(零值率43%) | 🟠 有效样本少(n=1677)
2025-09-13 21:00:00,0.0,0.0,0.0,0.0,昱中科技光伏: 🔵 0值过多(零值率61%) | 🟠 有效样本少(n=1148) | 首耀清墩光伏: 🔵 0值偏多(零值率43%) | 🟠 有效样本少(n=1677)
2025-09-13 22:00:00,0.0,0.0,0.0,0.0,昱中科技光伏: 🔵 0值过多(零值率61%) | 🟠 有效样本少(n=1148) | 首耀清墩光伏: 🔵 0值偏多(零值率43%) | 🟠 有效样本少(n=1677)
2025-09-13 23:00:00,0.0,0.0,0.0,0.0,昱中科技光伏: 🔵 0值过多(零值率61%) | 🟠 有效样本少(n=1148) | 首耀清墩光伏: 🔵 0值偏多(零值率43%) | 🟠 有效样本少(n=1677)
2025-09-14 00:00:00,0.0,0.0,0.0,0.0,昱中科技光伏: 🔵 0值过多(零值率61%) | 🟠 有效样本少(n=1148) | 首耀清墩光伏: 🔵 0值偏多(零值率43%) | 🟠 有效样本少(n=1677)
2025-09-14 01:00:00,0.0,0.0,0.0,0.0,昱中科技光伏: 🔵 0值过多(零值率61%) | 🟠 有效样本少(n=1148) | 首耀清墩光伏: 🔵 0值偏多(零值率43%) | 🟠 有效样本少(n=1677)
2025-09-14 02:00:00,0.0,0.0,0.0,0.0,昱中科技光伏: 🔵 0值过多(零值率61%) | 🟠 有效样本少(n=1148) | 首耀清墩光伏: 🔵 0值偏多(零值率43%) | 🟠 有效样本少(n=1677)
2025-09-14 03:00:00,0.0,0.0,0.0,0.0,昱中科技光伏: 🔵 0值过多(零值率61%) | 🟠 有效样本少(n=1148) | 首耀清墩光伏: 🔵 0值偏多(零值率43%) | 🟠 有效样本少(n=1677)
2025-09-14 04:00:00,0.0,0.0,0.0,0.0,昱中科技光伏: 🔵 0值过多(零值率61%) | 🟠 有效样本少(n=1148) | 首耀清墩光伏: 🔵 0值偏多(零值率43%) | 🟠 有效样本少(n=1677)
2025-09-14 05:00:00,0.0,0.0,0.0,0.0,昱中科技光伏: 🔵 0值过多(零值率61%) | 🟠 有效样本少(n=1148) | 首耀清墩光伏: 🔵 0值偏多(零值率43%) | 🟠 有效样本少(n=1677)
2025-09-14 06:00:00,0.0,0.012536010976312,0.41,0.0063171149643956,昱中科技光伏: 🔵 0值过多(零值率61%) | 🟠 有效样本少(n=1148) | 首耀清墩光伏: 🔵 0值偏多(零值率43%) | 🟠 有效样本少(n=1677)
2025-09-14 07:00:00,0.13,0.1522669164996161,0.41,0.1163821754822057,昱中科技光伏: 🔵 0值过多(零值率61%) | 🟠 有效样本少(n=1148) | 首耀清墩光伏: 🔵 0值偏多(零值率43%) | 🟠 有效样本少(n=1677)
2025-09-14 08:00:00,0.58,0.5866387702450122,0.41,0.3936860990069454,昱中科技光伏: 🔵 0值过多(零值率61%) | 🟠 有效样本少(n=1148) | 首耀清墩光伏: 🔵 0值偏多(零值率43%) | 🟠 有效样本少(n=1677)
2025-09-14 09:00:00,0.97,1.078992109581414,0.41,0.7836576024228092,昱中科技光伏: 🔵 0值过多(零值率61%) | 🟠 有效样本少(n=1148) | 首耀清墩光伏: 🔵 0值偏多(零值率43%) | 🟠 有效样本少(n=1677)
2025-09-14 10:00:00,1.55,1.2436254866421736,0.41,0.9278338511105312,昱中科技光伏: 🔵 0值过多(零值率61%) | 🟠 有效样本少(n=1148) | 首耀清墩光伏: 🔵 0值偏多(零值率43%) | 🟠 有效样本少(n=1677)
2025-09-14 11:00:00,1.01,1.293432039579406,0.41,0.9292817054266318,昱中科技光伏: 🔵 0值过多(零值率61%) | 🟠 有效样本少(n=1148) | 首耀清墩光伏: 🔵 0值偏多(零值率43%) | 🟠 有效样本少(n=1677)
2025-09-14 12:00:00,1.28,1.2799275690415068,0.41,0.9470789824844787,昱中科技光伏: 🔵 0值过多(零值率61%) | 🟠 有效样本少(n=1148) | 首耀清墩光伏: 🔵 0值偏多(零值率43%) | 🟠 有效样本少(n=1677)
2025-09-14 13:00:00,1.05,1.2276326972740246,0.41,0.9185323049228156,昱中科技光伏: 🔵 0值过多(零值率61%) | 🟠 有效样本少(n=1148) | 首耀清墩光伏: 🔵 0值偏多(零值率43%) | 🟠 有效样本少(n=1677)
2025-09-14 14:00:00,0.71,0.9233358765098316,0.41,0.6365547823220903,昱中科技光伏: 🔵 0值过多(零值率61%) | 🟠 有效样本少(n=1148) | 首耀清墩光伏: 🔵 0值偏多(零值率43%) | 🟠 有效样本少(n=1677)
2025-09-14 15:00:00,0.61,0.951822835746121,0.41,0.6268816200477603,昱中科技光伏: 🔵 0值过多(零值率61%) | 🟠 有效样本少(n=1148) | 首耀清墩光伏: 🔵 0值偏多(零值率43%) | 🟠 有效样本少(n=1677)
2025-09-14 16:00:00,0.39,0.4840641267440468,0.41,0.3322700920965193,昱中科技光伏: 🔵 0值过多(零值率61%) | 🟠 有效样本少(n=1148) | 首耀清墩光伏: 🔵 0值偏多(零值率43%) | 🟠 有效样本少(n=1677)
2025-09-14 17:00:00,0.18,0.1241972372489848,0.41,0.0863581845294401,昱中科技光伏: 🔵 0值过多(零值率61%) | 🟠 有效样本少(n=1148) | 首耀清墩光伏: 🔵 0值偏多(零值率43%) | 🟠 有效样本少(n=1677)
2025-09-14 18:00:00,0.0,0.0,0.41,0.0221743920806544,昱中科技光伏: 🔵 0值过多(零值率61%) | 🟠 有效样本少(n=1148) | 首耀清墩光伏: 🔵 0值偏多(零值率43%) | 🟠 有效样本少(n=1677)
2025-09-14 19:00:00,0.0,0.0,0.41,0.0006789142605584,昱中科技光伏: 🔵 0值过多(零值率61%) | 🟠 有效样本少(n=1148) | 首耀清墩光伏: 🔵 0值偏多(零值率43%) | 🟠 有效样本少(n=1677)
2025-09-14 20:00:00,0.0,0.0,0.0,0.0,昱中科技光伏: 🔵 0值过多(零值率61%) | 🟠 有效样本少(n=1148) | 首耀清墩光伏: 🔵 0值偏多(零值率43%) | 🟠 有效样本少(n=1677)
2025-09-14 21:00:00,0.0,0.0,0.0,0.0,昱中科技光伏: 🔵 0值过多(零值率61%) | 🟠 有效样本少(n=1148) | 首耀清墩光伏: 🔵 0值偏多(零值率43%) | 🟠 有效样本少(n=1677)
2025-09-14 22:00:00,0.0,0.0,0.0,0.0,昱中科技光伏: 🔵 0值过多(零值率61%) | 🟠 有效样本少(n=1148) | 首耀清墩光伏: 🔵 0值偏多(零值率43%) | 🟠 有效样本少(n=1677)
2025-09-14 23:00:00,0.0,0.0,0.0,0.0,昱中科技光伏: 🔵 0值过多(零值率61%) | 🟠 有效样本少(n=1148) | 首耀清墩光伏: 🔵 0值偏多(零值率43%) | 🟠 有效样本少(n=1677)
2025-09-15 00:00:00,0.0,0.0,0.0,0.0,昱中科技光伏: 🔵 0值过多(零值率61%) | 🟠 有效样本少(n=1148) | 首耀清墩光伏: 🔵 0值偏多(零值率43%) | 🟠 有效样本少(n=1677)
2025-09-15 01:00:00,0.0,0.0,0.0,0.0,昱中科技光伏: 🔵 0值过多(零值率61%) | 🟠 有效样本少(n=1148) | 首耀清墩光伏: 🔵 0值偏多(零值率43%) | 🟠 有效样本少(n=1677)
2025-09-15 02:00:00,0.0,0.0,0.0,0.0,昱中科技光伏: 🔵 0值过多(零值率61%) | 🟠 有效样本少(n=1148) | 首耀清墩光伏: 🔵 0值偏多(零值率43%) | 🟠 有效样本少(n=1677)
2025-09-15 03:00:00,0.0,0.0,0.0,0.0,昱中科技光伏: 🔵 0值过多(零值率61%) | 🟠 有效样本少(n=1148) | 首耀清墩光伏: 🔵 0值偏多(零值率43%) | 🟠 有效样本少(n=1677)
2025-09-15 04:00:00,0.0,0.0,0.0,0.0,昱中科技光伏: 🔵 0值过多(零值率61%) | 🟠 有效样本少(n=1148) | 首耀清墩光伏: 🔵 0值偏多(零值率43%) | 🟠 有效样本少(n=1677)
2025-09-15 05:00:00,0.0,0.0,0.0,0.0,昱中科技光伏: 🔵 0值过多(零值率61%) | 🟠 有效样本少(n=1148) | 首耀清墩光伏: 🔵 0值偏多(零值率43%) | 🟠 有效样本少(n=1677)
2025-09-15 06:00:00,0.0,0.0105198147593211,0.41,0.0053829320746436,昱中科技光伏: 🔵 0值过多(零值率61%) | 🟠 有效样本少(n=1148) | 首耀清墩光伏: 🔵 0值偏多(零值率43%) | 🟠 有效样本少(n=1677)
2025-09-15 07:00:00,0.01,0.1072918119428118,0.41,0.0972231564137567,昱中科技光伏: 🔵 0值过多(零值率61%) | 🟠 有效样本少(n=1148) | 首耀清墩光伏: 🔵 0值偏多(零值率43%) | 🟠 有效样本少(n=1677)
2025-09-15 08:00:00,0.42,0.4388644886847884,0.41,0.2694652728221194,昱中科技光伏: 🔵 0值过多(零值率61%) | 🟠 有效样本少(n=1148) | 首耀清墩光伏: 🔵 0值偏多(零值率43%) | 🟠 有效样本少(n=1677)
2025-09-15 09:00:00,0.44,0.9156694326217584,0.41,0.6118634492817134,昱中科技光伏: 🔵 0值过多(零值率61%) | 🟠 有效样本少(n=1148) | 首耀清墩光伏: 🔵 0值偏多(零值率43%) | 🟠 有效样本少(n=1677)
2025-09-15 10:00:00,0.69,0.9290764919292716,0.41,0.5811424911415543,昱中科技光伏: 🔵 0值过多(零值率61%) | 🟠 有效样本少(n=1148) | 首耀清墩光伏: 🔵 0值偏多(零值率43%) | 🟠 有效样本少(n=1677)
2025-09-15 11:00:00,0.69,0.855087278024666,0.41,0.5929101159941847,昱中科技光伏: 🔵 0值过多(零值率61%) | 🟠 有效样本少(n=1148) | 首耀清墩光伏: 🔵 0值偏多(零值率43%) | 🟠 有效样本少(n=1677)
2025-09-15 12:00:00,0.85,0.860249186144283,0.41,0.6040632843728678,昱中科技光伏: 🔵 0值过多(零值率61%) | 🟠 有效样本少(n=1148) | 首耀清墩光伏: 🔵 0值偏多(零值率43%) | 🟠 有效样本少(n=1677)
2025-09-15 13:00:00,0.57,0.6461666040068856,0.41,0.5464789193897526,昱中科技光伏: 🔵 0值过多(零值率61%) | 🟠 有效样本少(n=1148) | 首耀清墩光伏: 🔵 0值偏多(零值率43%) | 🟠 有效样本少(n=1677)
2025-09-15 14:00:00,0.76,0.4316227410934704,0.41,0.375739616905409,昱中科技光伏: 🔵 0值过多(零值率61%) | 🟠 有效样本少(n=1148) | 首耀清墩光伏: 🔵 0值偏多(零值率43%) | 🟠 有效样本少(n=1677)
2025-09-15 15:00:00,0.7,0.2332868033268114,0.41,0.1951366076395264,昱中科技光伏: 🔵 0值过多(零值率61%) | 🟠 有效样本少(n=1148) | 首耀清墩光伏: 🔵 0值偏多(零值率43%) | 🟠 有效样本少(n=1677)
2025-09-15 16:00:00,0.2,0.2403531051161263,0.41,0.1786570623179832,昱中科技光伏: 🔵 0值过多(零值率61%) | 🟠 有效样本少(n=1148) | 首耀清墩光伏: 🔵 0值偏多(零值率43%) | 🟠 有效样本少(n=1677)
2025-09-15 17:00:00,0.06,0.0822814162260701,0.41,0.0631294141559993,昱中科技光伏: 🔵 0值过多(零值率61%) | 🟠 有效样本少(n=1148) | 首耀清墩光伏: 🔵 0值偏多(零值率43%) | 🟠 有效样本少(n=1677)
2025-09-15 18:00:00,0.0,0.0,0.41,0.015045899812204,昱中科技光伏: 🔵 0值过多(零值率61%) | 🟠 有效样本少(n=1148) | 首耀清墩光伏: 🔵 0值偏多(零值率43%) | 🟠 有效样本少(n=1677)
2025-09-15 19:00:00,0.0,0.0,0.41,0.0010019969477761,昱中科技光伏: 🔵 0值过多(零值率61%) | 🟠 有效样本少(n=1148) | 首耀清墩光伏: 🔵 0值偏多(零值率43%) | 🟠 有效样本少(n=1677)
2025-09-15 20:00:00,0.0,0.0,0.0,0.0,昱中科技光伏: 🔵 0值过多(零值率61%) | 🟠 有效样本少(n=1148) | 首耀清墩光伏: 🔵 0值偏多(零值率43%) | 🟠 有效样本少(n=1677)
2025-09-15 21:00:00,0.0,0.0,0.0,0.0,昱中科技光伏: 🔵 0值过多(零值率61%) | 🟠 有效样本少(n=1148) | 首耀清墩光伏: 🔵 0值偏多(零值率43%) | 🟠 有效样本少(n=1677)
2025-09-15 22:00:00,0.0,0.0,0.0,0.0,昱中科技光伏: 🔵 0值过多(零值率61%) | 🟠 有效样本少(n=1148) | 首耀清墩光伏: 🔵 0值偏多(零值率43%) | 🟠 有效样本少(n=1677)
2025-09-15 23:00:00,0.0,0.0,0.0,0.0,昱中科技光伏: 🔵 0值过多(零值率61%) | 🟠 有效样本少(n=1148) | 首耀清墩光伏: 🔵 0值偏多(零值率43%) | 🟠 有效样本少(n=1677)
2025-09-16 00:00:00,0.0,0.0,0.0,0.0,昱中科技光伏: 🔵 0值过多(零值率61%) | 🟠 有效样本少(n=1148) | 首耀清墩光伏: 🔵 0值偏多(零值率43%) | 🟠 有效样本少(n=1677)
2025-09-16 01:00:00,0.0,0.0,0.0,0.0,昱中科技光伏: 🔵 0值过多(零值率61%) | 🟠 有效样本少(n=1148) | 首耀清墩光伏: 🔵 0值偏多(零值率43%) | 🟠 有效样本少(n=1677)
2025-09-16 02:00:00,0.0,0.0,0.0,0.0,昱中科技光伏: 🔵 0值过多(零值率61%) | 🟠 有效样本少(n=1148) | 首耀清墩光伏: 🔵 0值偏多(零值率43%) | 🟠 有效样本少(n=1677)
2025-09-16 03:00:00,0.0,0.0,0.0,0.0,昱中科技光伏: 🔵 0值过多(零值率61%) | 🟠 有效样本少(n=1148) | 首耀清墩光伏: 🔵 0值偏多(零值率43%) | 🟠 有效样本少(n=1677)
2025-09-16 04:00:00,0.0,0.0,0.0,0.0,昱中科技光伏: 🔵 0值过多(零值率61%) | 🟠 有效样本少(n=1148) | 首耀清墩光伏: 🔵 0值偏多(零值率43%) | 🟠 有效样本少(n=1677)
2025-09-16 05:00:00,0.0,0.0,0.0,0.0,昱中科技光伏: 🔵 0值过多(零值率61%) | 🟠 有效样本少(n=1148) | 首耀清墩光伏: 🔵 0值偏多(零值率43%) | 🟠 有效样本少(n=1677)
2025-09-16 06:00:00,0.0,0.0129688137750801,0.41,0.0068726578992458,昱中科技光伏: 🔵 0值过多(零值率61%) | 🟠 有效样本少(n=1148) | 首耀清墩光伏: 🔵 0值偏多(零值率43%) | 🟠 有效样本少(n=1677)
2025-09-16 07:00:00,0.0,0.1697760032641342,0.41,0.101099288194069,昱中科技光伏: 🔵 0值过多(零值率61%) | 🟠 有效样本少(n=1148) | 首耀清墩光伏: 🔵 0值偏多(零值率43%) | 🟠 有效样本少(n=1677)
2025-09-16 08:00:00,0.24,0.275915209230826,0.41,0.252074665922597,昱中科技光伏: 🔵 0值过多(零值率61%) | 🟠 有效样本少(n=1148) | 首耀清墩光伏: 🔵 0值偏多(零值率43%) | 🟠 有效样本少(n=1677)
2025-09-16 09:00:00,1.15,0.6622748140647442,0.41,0.5197946943336818,昱中科技光伏: 🔵 0值过多(零值率61%) | 🟠 有效样本少(n=1148) | 首耀清墩光伏: 🔵 0值偏多(零值率43%) | 🟠 有效样本少(n=1677)
2025-09-16 10:00:00,1.39,0.8555966544401726,0.41,0.6322520132328223,昱中科技光伏: 🔵 0值过多(零值率61%) | 🟠 有效样本少(n=1148) | 首耀清墩光伏: 🔵 0值偏多(零值率43%) | 🟠 有效样本少(n=1677)
2025-09-16 11:00:00,1.56,1.1772386181423875,0.41,0.746010248119022,昱中科技光伏: 🔵 0值过多(零值率61%) | 🟠 有效样本少(n=1148) | 首耀清墩光伏: 🔵 0值偏多(零值率43%) | 🟠 有效样本少(n=1677)
2025-09-16 12:00:00,1.71,1.1571223184892143,0.41,0.8372975838083131,昱中科技光伏: 🔵 0值过多(零值率61%) | 🟠 有效样本少(n=1148) | 首耀清墩光伏: 🔵 0值偏多(零值率43%) | 🟠 有效样本少(n=1677)
2025-09-16 13:00:00,1.54,0.7558854877601913,0.41,0.5956014249011509,昱中科技光伏: 🔵 0值过多(零值率61%) | 🟠 有效样本少(n=1148) | 首耀清墩光伏: 🔵 0值偏多(零值率43%) | 🟠 有效样本少(n=1677)
2025-09-16 14:00:00,1.4,0.7766398846974336,0.41,0.5914304846928405,昱中科技光伏: 🔵 0值过多(零值率61%) | 🟠 有效样本少(n=1148) | 首耀清墩光伏: 🔵 0值偏多(零值率43%) | 🟠 有效样本少(n=1677)
2025-09-16 15:00:00,0.45,0.6978142804291737,0.41,0.5269606959499018,昱中科技光伏: 🔵 0值过多(零值率61%) | 🟠 有效样本少(n=1148) | 首耀清墩光伏: 🔵 0值偏多(零值率43%) | 🟠 有效样本少(n=1677)
2025-09-16 16:00:00,0.2,0.3637870268887302,0.41,0.3091081244572729,昱中科技光伏: 🔵 0值过多(零值率61%) | 🟠 有效样本少(n=1148) | 首耀清墩光伏: 🔵 0值偏多(零值率43%) | 🟠 有效样本少(n=1677)
2025-09-16 17:00:00,0.0,0.0678017699561328,0.41,0.0782962042061364,昱中科技光伏: 🔵 0值过多(零值率61%) | 🟠 有效样本少(n=1148) | 首耀清墩光伏: 🔵 0值偏多(零值率43%) | 🟠 有效样本少(n=1677)
2025-09-16 18:00:00,0.0,0.0,0.41,0.0208016257421552,昱中科技光伏: 🔵 0值过多(零值率61%) | 🟠 有效样本少(n=1148) | 首耀清墩光伏: 🔵 0值偏多(零值率43%) | 🟠 有效样本少(n=1677)
2025-09-16 19:00:00,0.0,0.0,0.41,0.0009943734652104,昱中科技光伏: 🔵 0值过多(零值率61%) | 🟠 有效样本少(n=1148) | 首耀清墩光伏: 🔵 0值偏多(零值率43%) | 🟠 有效样本少(n=1677)
2025-09-16 20:00:00,0.0,0.0,0.0,0.0,昱中科技光伏: 🔵 0值过多(零值率61%) | 🟠 有效样本少(n=1148) | 首耀清墩光伏: 🔵 0值偏多(零值率43%) | 🟠 有效样本少(n=1677)
2025-09-16 21:00:00,0.0,0.0,0.0,0.0,昱中科技光伏: 🔵 0值过多(零值率61%) | 🟠 有效样本少(n=1148) | 首耀清墩光伏: 🔵 0值偏多(零值率43%) | 🟠 有效样本少(n=1677)
2025-09-16 22:00:00,0.0,0.0,0.0,0.0,昱中科技光伏: 🔵 0值过多(零值率61%) | 🟠 有效样本少(n=1148) | 首耀清墩光伏: 🔵 0值偏多(零值率43%) | 🟠 有效样本少(n=1677)
2025-09-16 23:00:00,0.0,0.0,0.0,0.0,昱中科技光伏: 🔵 0值过多(零值率61%) | 🟠 有效样本少(n=1148) | 首耀清墩光伏: 🔵 0值偏多(零值率43%) | 🟠 有效样本少(n=1677)
2025-09-17 00:00:00,0.0,0.0,0.0,0.0,昱中科技光伏: 🔵 0值过多(零值率61%) | 🟠 有效样本少(n=1148) | 首耀清墩光伏: 🔵 0值偏多(零值率43%) | 🟠 有效样本少(n=1677)
2025-09-17 01:00:00,0.0,0.0,0.0,0.0,昱中科技光伏: 🔵 0值过多(零值率61%) | 🟠 有效样本少(n=1148) | 首耀清墩光伏: 🔵 0值偏多(零值率43%) | 🟠 有效样本少(n=1677)
2025-09-17 02:00:00,0.0,0.0,0.0,0.0,昱中科技光伏: 🔵 0值过多(零值率61%) | 🟠 有效样本少(n=1148) | 首耀清墩光伏: 🔵 0值偏多(零值率43%) | 🟠 有效样本少(n=1677)
2025-09-17 03:00:00,0.0,0.0,0.0,0.0,昱中科技光伏: 🔵 0值过多(零值率61%) | 🟠 有效样本少(n=1148) | 首耀清墩光伏: 🔵 0值偏多(零值率43%) | 🟠 有效样本少(n=1677)
2025-09-17 04:00:00,0.0,0.0,0.0,0.0,昱中科技光伏: 🔵 0值过多(零值率61%) | 🟠 有效样本少(n=1148) | 首耀清墩光伏: 🔵 0值偏多(零值率43%) | 🟠 有效样本少(n=1677)
2025-09-17 05:00:00,0.0,0.0,0.0,0.0,昱中科技光伏: 🔵 0值过多(零值率61%) | 🟠 有效样本少(n=1148) | 首耀清墩光伏: 🔵 0值偏多(零值率43%) | 🟠 有效样本少(n=1677)
2025-09-17 06:00:00,0.0,0.0093862081357162,0.41,0.0050931005906412,昱中科技光伏: 🔵 0值过多(零值率61%) | 🟠 有效样本少(n=1148) | 首耀清墩光伏: 🔵 0值偏多(零值率43%) | 🟠 有效样本少(n=1677)
2025-09-17 07:00:00,0.06,0.0111734683913486,0.41,0.0246506845998278,昱中科技光伏: 🔵 0值过多(零值率61%) | 🟠 有效样本少(n=1148) | 首耀清墩光伏: 🔵 0值偏多(零值率43%) | 🟠 有效样本少(n=1677)
2025-09-17 08:00:00,0.05,0.0446605076667538,0.41,0.0712667015265249,昱中科技光伏: 🔵 0值过多(零值率61%) | 🟠 有效样本少(n=1148) | 首耀清墩光伏: 🔵 0值偏多(零值率43%) | 🟠 有效样本少(n=1677)
2025-09-17 09:00:00,0.14,0.1268599931275566,0.41,0.1259892168617323,昱中科技光伏: 🔵 0值过多(零值率61%) | 🟠 有效样本少(n=1148) | 首耀清墩光伏: 🔵 0值偏多(零值率43%) | 🟠 有效样本少(n=1677)
2025-09-17 10:00:00,0.32,0.2894233924280853,0.41,0.2252594132326045,昱中科技光伏: 🔵 0值过多(零值率61%) | 🟠 有效样本少(n=1148) | 首耀清墩光伏: 🔵 0值偏多(零值率43%) | 🟠 有效样本少(n=1677)
2025-09-17 11:00:00,0.4,0.5606139895611777,0.41,0.3850529123548791,昱中科技光伏: 🔵 0值过多(零值率61%) | 🟠 有效样本少(n=1148) | 首耀清墩光伏: 🔵 0值偏多(零值率43%) | 🟠 有效样本少(n=1677)
2025-09-17 12:00:00,0.51,0.817298096849435,0.41,0.6217230892866116,昱中科技光伏: 🔵 0值过多(零值率61%) | 🟠 有效样本少(n=1148) | 首耀清墩光伏: 🔵 0值偏多(零值率43%) | 🟠 有效样本少(n=1677)
2025-09-17 13:00:00,0.53,1.1011901681858147,0.41,0.671524858363909,昱中科技光伏: 🔵 0值过多(零值率61%) | 🟠 有效样本少(n=1148) | 首耀清墩光伏: 🔵 0值偏多(零值率43%) | 🟠 有效样本少(n=1677)
2025-09-17 14:00:00,0.41,1.009135005055752,0.41,0.6626011203882428,昱中科技光伏: 🔵 0值过多(零值率61%) | 🟠 有效样本少(n=1148) | 首耀清墩光伏: 🔵 0值偏多(零值率43%) | 🟠 有效样本少(n=1677)
2025-09-17 15:00:00,0.65,0.7409813009615575,0.41,0.5240529302660488,昱中科技光伏: 🔵 0值过多(零值率61%) | 🟠 有效样本少(n=1148) | 首耀清墩光伏: 🔵 0值偏多(零值率43%) | 🟠 有效样本少(n=1677)
2025-09-17 16:00:00,0.44,0.3582851717099834,0.41,0.2144805809831876,昱中科技光伏: 🔵 0值过多(零值率61%) | 🟠 有效样本少(n=1148) | 首耀清墩光伏: 🔵 0值偏多(零值率43%) | 🟠 有效样本少(n=1677)
2025-09-17 17:00:00,0.13,0.0981517275416905,0.41,0.0619623826619957,昱中科技光伏: 🔵 0值过多(零值率61%) | 🟠 有效样本少(n=1148) | 首耀清墩光伏: 🔵 0值偏多(零值率43%) | 🟠 有效样本少(n=1677)
2025-09-17 18:00:00,0.0,0.0,0.41,0.0143679496253241,昱中科技光伏: 🔵 0值过多(零值率61%) | 🟠 有效样本少(n=1148) | 首耀清墩光伏: 🔵 0值偏多(零值率43%) | 🟠 有效样本少(n=1677)
2025-09-17 19:00:00,0.0,0.0,0.41,0.0008104299770189,昱中科技光伏: 🔵 0值过多(零值率61%) | 🟠 有效样本少(n=1148) | 首耀清墩光伏: 🔵 0值偏多(零值率43%) | 🟠 有效样本少(n=1677)
2025-09-17 20:00:00,0.0,0.0,0.0,0.0,昱中科技光伏: 🔵 0值过多(零值率61%) | 🟠 有效样本少(n=1148) | 首耀清墩光伏: 🔵 0值偏多(零值率43%) | 🟠 有效样本少(n=1677)
2025-09-17 21:00:00,0.0,0.0,0.0,0.0,昱中科技光伏: 🔵 0值过多(零值率61%) | 🟠 有效样本少(n=1148) | 首耀清墩光伏: 🔵 0值偏多(零值率43%) | 🟠 有效样本少(n=1677)
2025-09-17 22:00:00,0.0,0.0,0.0,0.0,昱中科技光伏: 🔵 0值过多(零值率61%) | 🟠 有效样本少(n=1148) | 首耀清墩光伏: 🔵 0值偏多(零值率43%) | 🟠 有效样本少(n=1677)
2025-09-17 23:00:00,0.0,0.0,0.0,0.0,昱中科技光伏: 🔵 0值过多(零值率61%) | 🟠 有效样本少(n=1148) | 首耀清墩光伏: 🔵 0值偏多(零值率43%) | 🟠 有效样本少(n=1677)
2025-09-18 00:00:00,0.0,0.0,0.0,0.0,昱中科技光伏: 🔵 0值过多(零值率61%) | 🟠 有效样本少(n=1148) | 首耀清墩光伏: 🔵 0值偏多(零值率43%) | 🟠 有效样本少(n=1677)
2025-09-18 01:00:00,0.0,0.0,0.0,0.0,昱中科技光伏: 🔵 0值过多(零值率61%) | 🟠 有效样本少(n=1148) | 首耀清墩光伏: 🔵 0值偏多(零值率43%) | 🟠 有效样本少(n=1677)
2025-09-18 02:00:00,0.0,0.0,0.0,0.0,昱中科技光伏: 🔵 0值过多(零值率61%) | 🟠 有效样本少(n=1148) | 首耀清墩光伏: 🔵 0值偏多(零值率43%) | 🟠 有效样本少(n=1677)
2025-09-18 03:00:00,0.0,0.0,0.0,0.0,昱中科技光伏: 🔵 0值过多(零值率61%) | 🟠 有效样本少(n=1148) | 首耀清墩光伏: 🔵 0值偏多(零值率43%) | 🟠 有效样本少(n=1677)
2025-09-18 04:00:00,0.0,0.0,0.0,0.0,昱中科技光伏: 🔵 0值过多(零值率61%) | 🟠 有效样本少(n=1148) | 首耀清墩光伏: 🔵 0值偏多(零值率43%) | 🟠 有效样本少(n=1677)
2025-09-18 05:00:00,0.0,0.0,0.0,0.0,昱中科技光伏: 🔵 0值过多(零值率61%) | 🟠 有效样本少(n=1148) | 首耀清墩光伏: 🔵 0值偏多(零值率43%) | 🟠 有效样本少(n=1677)
2025-09-18 06:00:00,0.0,0.0170780056721573,0.41,0.0093353683375681,昱中科技光伏: 🔵 0值过多(零值率61%) | 🟠 有效样本少(n=1148) | 首耀清墩光伏: 🔵 0值偏多(零值率43%) | 🟠 有效样本少(n=1677)
2025-09-18 07:00:00,0.16,0.0891077278793036,0.41,0.0828869623587083,昱中科技光伏: 🔵 0值过多(零值率61%) | 🟠 有效样本少(n=1148) | 首耀清墩光伏: 🔵 0值偏多(零值率43%) | 🟠 有效样本少(n=1677)
2025-09-18 08:00:00,0.34,0.4540409353157,0.41,0.3603742449919597,昱中科技光伏: 🔵 0值过多(零值率61%) | 🟠 有效样本少(n=1148) | 首耀清墩光伏: 🔵 0值偏多(零值率43%) | 🟠 有效样本少(n=1677)
2025-09-18 09:00:00,1.09,0.981049530212442,0.41,0.6941190807873293,昱中科技光伏: 🔵 0值过多(零值率61%) | 🟠 有效样本少(n=1148) | 首耀清墩光伏: 🔵 0值偏多(零值率43%) | 🟠 有效样本少(n=1677)
2025-09-18 10:00:00,1.55,1.247210901439599,0.41,0.8455129206280941,昱中科技光伏: 🔵 0值过多(零值率61%) | 🟠 有效样本少(n=1148) | 首耀清墩光伏: 🔵 0值偏多(零值率43%) | 🟠 有效样本少(n=1677)
2025-09-18 11:00:00,1.87,1.2037386850209828,0.41,0.9324804216942936,昱中科技光伏: 🔵 0值过多(零值率61%) | 🟠 有效样本少(n=1148) | 首耀清墩光伏: 🔵 0值偏多(零值率43%) | 🟠 有效样本少(n=1677)
2025-09-18 12:00:00,2.16,1.3914802094653458,0.41,1.0484998425691472,昱中科技光伏: 🔵 0值过多(零值率61%) | 🟠 有效样本少(n=1148) | 首耀清墩光伏: 🔵 0值偏多(零值率43%) | 🟠 有效样本少(n=1677)
2025-09-18 13:00:00,0.72,1.3193080118178484,0.41,0.9672935358025028,昱中科技光伏: 🔵 0值过多(零值率61%) | 🟠 有效样本少(n=1148) | 首耀清墩光伏: 🔵 0值偏多(零值率43%) | 🟠 有效样本少(n=1677)
2025-09-18 14:00:00,1.41,0.9049351835107092,0.41,0.6416645763753128,昱中科技光伏: 🔵 0值过多(零值率61%) | 🟠 有效样本少(n=1148) | 首耀清墩光伏: 🔵 0值偏多(零值率43%) | 🟠 有效样本少(n=1677)
2025-09-18 15:00:00,0.79,0.7095615425647158,0.41,0.4521023909917148,昱中科技光伏: 🔵 0值过多(零值率61%) | 🟠 有效样本少(n=1148) | 首耀清墩光伏: 🔵 0值偏多(零值率43%) | 🟠 有效样本少(n=1677)
2025-09-18 16:00:00,0.49,0.4298358354348772,0.41,0.2314044900438089,昱中科技光伏: 🔵 0值过多(零值率61%) | 🟠 有效样本少(n=1148) | 首耀清墩光伏: 🔵 0值偏多(零值率43%) | 🟠 有效样本少(n=1677)
2025-09-18 17:00:00,0.13,0.1192574693956983,0.41,0.0729241220102957,昱中科技光伏: 🔵 0值过多(零值率61%) | 🟠 有效样本少(n=1148) | 首耀清墩光伏: 🔵 0值偏多(零值率43%) | 🟠 有效样本少(n=1677)
2025-09-18 18:00:00,0.0,0.0,0.41,0.013950999876274,昱中科技光伏: 🔵 0值过多(零值率61%) | 🟠 有效样本少(n=1148) | 首耀清墩光伏: 🔵 0值偏多(零值率43%) | 🟠 有效样本少(n=1677)
2025-09-18 19:00:00,0.0,0.0,0.41,0.0023841112506524,昱中科技光伏: 🔵 0值过多(零值率61%) | 🟠 有效样本少(n=1148) | 首耀清墩光伏: 🔵 0值偏多(零值率43%) | 🟠 有效样本少(n=1677)
2025-09-18 20:00:00,0.0,0.0,0.0,0.0,昱中科技光伏: 🔵 0值过多(零值率61%) | 🟠 有效样本少(n=1148) | 首耀清墩光伏: 🔵 0值偏多(零值率43%) | 🟠 有效样本少(n=1677)
2025-09-18 21:00:00,0.0,0.0,0.0,0.0,昱中科技光伏: 🔵 0值过多(零值率61%) | 🟠 有效样本少(n=1148) | 首耀清墩光伏: 🔵 0值偏多(零值率43%) | 🟠 有效样本少(n=1677)
2025-09-18 22:00:00,0.0,0.0,0.0,0.0,昱中科技光伏: 🔵 0值过多(零值率61%) | 🟠 有效样本少(n=1148) | 首耀清墩光伏: 🔵 0值偏多(零值率43%) | 🟠 有效样本少(n=1677)
2025-09-18 23:00:00,0.0,0.0,0.0,0.0,昱中科技光伏: 🔵 0值过多(零值率61%) | 🟠 有效样本少(n=1148) | 首耀清墩光伏: 🔵 0值偏多(零值率43%) | 🟠 有效样本少(n=1677)
2025-09-19 00:00:00,0.0,0.0,0.0,0.0,昱中科技光伏: 🔵 0值过多(零值率61%) | 🟠 有效样本少(n=1148) | 首耀清墩光伏: 🔵 0值偏多(零值率43%) | 🟠 有效样本少(n=1677)
2025-09-19 01:00:00,0.0,0.0,0.0,0.0,昱中科技光伏: 🔵 0值过多(零值率61%) | 🟠 有效样本少(n=1148) | 首耀清墩光伏: 🔵 0值偏多(零值率43%) | 🟠 有效样本少(n=1677)
2025-09-19 02:00:00,0.0,0.0,0.0,0.0,昱中科技光伏: 🔵 0值过多(零值率61%) | 🟠 有效样本少(n=1148) | 首耀清墩光伏: 🔵 0值偏多(零值率43%) | 🟠 有效样本少(n=1677)
2025-09-19 03:00:00,0.0,0.0,0.0,0.0,昱中科技光伏: 🔵 0值过多(零值率61%) | 🟠 有效样本少(n=1148) | 首耀清墩光伏: 🔵 0值偏多(零值率43%) | 🟠 有效样本少(n=1677)
2025-09-19 04:00:00,0.0,0.0,0.0,0.0,昱中科技光伏: 🔵 0值过多(零值率61%) | 🟠 有效样本少(n=1148) | 首耀清墩光伏: 🔵 0值偏多(零值率43%) | 🟠 有效样本少(n=1677)
2025-09-19 05:00:00,0.0,0.0,0.0,0.0,昱中科技光伏: 🔵 0值过多(零值率61%) | 🟠 有效样本少(n=1148) | 首耀清墩光伏: 🔵 0值偏多(零值率43%) | 🟠 有效样本少(n=1677)
2025-09-19 06:00:00,0.0,0.0,0.41,0.0051973092863696,昱中科技光伏: 🔵 0值过多(零值率61%) | 🟠 有效样本少(n=1148) | 首耀清墩光伏: 🔵 0值偏多(零值率43%) | 🟠 有效样本少(n=1677)
2025-09-19 07:00:00,0.0,0.0600579024850722,0.41,0.0230849615403399,昱中科技光伏: 🔵 0值过多(零值率61%) | 🟠 有效样本少(n=1148) | 首耀清墩光伏: 🔵 0值偏多(零值率43%) | 🟠 有效样本少(n=1677)
2025-09-19 08:00:00,0.0,0.110340979754514,0.41,0.0897708468739582,昱中科技光伏: 🔵 0值过多(零值率61%) | 🟠 有效样本少(n=1148) | 首耀清墩光伏: 🔵 0值偏多(零值率43%) | 🟠 有效样本少(n=1677)
2025-09-19 09:00:00,0.05,0.292118859163592,0.41,0.17587378245249,昱中科技光伏: 🔵 0值过多(零值率61%) | 🟠 有效样本少(n=1148) | 首耀清墩光伏: 🔵 0值偏多(零值率43%) | 🟠 有效样本少(n=1677)
2025-09-19 10:00:00,0.09,0.3312702648833022,0.41,0.215832696987669,昱中科技光伏: 🔵 0值过多(零值率61%) | 🟠 有效样本少(n=1148) | 首耀清墩光伏: 🔵 0值偏多(零值率43%) | 🟠 有效样本少(n=1677)
2025-09-19 11:00:00,0.15,0.2739888806662901,0.41,0.1926765174349509,昱中科技光伏: 🔵 0值过多(零值率61%) | 🟠 有效样本少(n=1148) | 首耀清墩光伏: 🔵 0值偏多(零值率43%) | 🟠 有效样本少(n=1677)
2025-09-19 12:00:00,0.29,0.224551982913514,0.41,0.1768673587474125,昱中科技光伏: 🔵 0值过多(零值率61%) | 🟠 有效样本少(n=1148) | 首耀清墩光伏: 🔵 0值偏多(零值率43%) | 🟠 有效样本少(n=1677)
2025-09-19 13:00:00,0.06,0.1570596347271525,0.41,0.1439717964303302,昱中科技光伏: 🔵 0值过多(零值率61%) | 🟠 有效样本少(n=1148) | 首耀清墩光伏: 🔵 0值偏多(零值率43%) | 🟠 有效样本少(n=1677)
2025-09-19 14:00:00,0.0,0.1431694827623399,0.41,0.1207811287737935,昱中科技光伏: 🔵 0值过多(零值率61%) | 🟠 有效样本少(n=1148) | 首耀清墩光伏: 🔵 0值偏多(零值率43%) | 🟠 有效样本少(n=1677)
2025-09-19 15:00:00,0.0,0.0621865788912864,0.41,0.0423829687551044,昱中科技光伏: 🔵 0值过多(零值率61%) | 🟠 有效样本少(n=1148) | 首耀清墩光伏: 🔵 0值偏多(零值率43%) | 🟠 有效样本少(n=1677)
2025-09-19 16:00:00,0.0,0.0178226673801274,0.41,0.0223757337331717,昱中科技光伏: 🔵 0值过多(零值率61%) | 🟠 有效样本少(n=1148) | 首耀清墩光伏: 🔵 0值偏多(零值率43%) | 🟠 有效样本少(n=1677)
2025-09-19 17:00:00,0.0,0.0,0.41,0.0067057203958801,昱中科技光伏: 🔵 0值过多(零值率61%) | 🟠 有效样本少(n=1148) | 首耀清墩光伏: 🔵 0值偏多(零值率43%) | 🟠 有效样本少(n=1677)
2025-09-19 18:00:00,0.0,0.0,0.41,0.0015951320813044,昱中科技光伏: 🔵 0值过多(零值率61%) | 🟠 有效样本少(n=1148) | 首耀清墩光伏: 🔵 0值偏多(零值率43%) | 🟠 有效样本少(n=1677)
2025-09-19 19:00:00,0.0,0.0,0.41,0.0015361451817523,昱中科技光伏: 🔵 0值过多(零值率61%) | 🟠 有效样本少(n=1148) | 首耀清墩光伏: 🔵 0值偏多(零值率43%) | 🟠 有效样本少(n=1677)
2025-09-19 20:00:00,0.0,0.0,0.0,0.0,昱中科技光伏: 🔵 0值过多(零值率61%) | 🟠 有效样本少(n=1148) | 首耀清墩光伏: 🔵 0值偏多(零值率43%) | 🟠 有效样本少(n=1677)
2025-09-19 21:00:00,0.0,0.0,0.0,0.0,昱中科技光伏: 🔵 0值过多(零值率61%) | 🟠 有效样本少(n=1148) | 首耀清墩光伏: 🔵 0值偏多(零值率43%) | 🟠 有效样本少(n=1677)
2025-09-19 22:00:00,0.0,0.0,0.0,0.0,昱中科技光伏: 🔵 0值过多(零值率61%) | 🟠 有效样本少(n=1148) | 首耀清墩光伏: 🔵 0值偏多(零值率43%) | 🟠 有效样本少(n=1677)
2025-09-19 23:00:00,0.0,0.0,0.0,0.0,昱中科技光伏: 🔵 0值过多(零值率61%) | 🟠 有效样本少(n=1148) | 首耀清墩光伏: 🔵 0值偏多(零值率43%) | 🟠 有效样本少(n=1677)
2025-09-20 00:00:00,0.0,0.0,0.0,0.0,昱中科技光伏: 🔵 0值过多(零值率61%) | 🟠 有效样本少(n=1148) | 首耀清墩光伏: 🔵 0值偏多(零值率43%) | 🟠 有效样本少(n=1677)
2025-09-20 01:00:00,0.0,0.0,0.0,0.0,昱中科技光伏: 🔵 0值过多(零值率61%) | 🟠 有效样本少(n=1148) | 首耀清墩光伏: 🔵 0值偏多(零值率43%) | 🟠 有效样本少(n=1677)
2025-09-20 02:00:00,0.0,0.0,0.0,0.0,昱中科技光伏: 🔵 0值过多(零值率61%) | 🟠 有效样本少(n=1148) | 首耀清墩光伏: 🔵 0值偏多(零值率43%) | 🟠 有效样本少(n=1677)
2025-09-20 03:00:00,0.0,0.0,0.0,0.0,昱中科技光伏: 🔵 0值过多(零值率61%) | 🟠 有效样本少(n=1148) | 首耀清墩光伏: 🔵 0值偏多(零值率43%) | 🟠 有效样本少(n=1677)
2025-09-20 04:00:00,0.0,0.0,0.0,0.0,昱中科技光伏: 🔵 0值过多(零值率61%) | 🟠 有效样本少(n=1148) | 首耀清墩光伏: 🔵 0值偏多(零值率43%) | 🟠 有效样本少(n=1677)
2025-09-20 05:00:00,0.0,0.0,0.0,0.0,昱中科技光伏: 🔵 0值过多(零值率61%) | 🟠 有效样本少(n=1148) | 首耀清墩光伏: 🔵 0值偏多(零值率43%) | 🟠 有效样本少(n=1677)
2025-09-20 06:00:00,0.0,0.0,0.41,0.0071502167839941,昱中科技光伏: 🔵 0值过多(零值率61%) | 🟠 有效样本少(n=1148) | 首耀清墩光伏: 🔵 0值偏多(零值率43%) | 🟠 有效样本少(n=1677)
2025-09-20 07:00:00,0.35,0.1113325290568828,0.41,0.0941605005706427,昱中科技光伏: 🔵 0值过多(零值率61%) | 🟠 有效样本少(n=1148) | 首耀清墩光伏: 🔵 0值偏多(零值率43%) | 🟠 有效样本少(n=1677)
2025-09-20 08:00:00,0.92,0.4911057126193973,0.41,0.3993185901288208,昱中科技光伏: 🔵 0值过多(零值率61%) | 🟠 有效样本少(n=1148) | 首耀清墩光伏: 🔵 0值偏多(零值率43%) | 🟠 有效样本少(n=1677)
2025-09-20 09:00:00,1.43,1.0475422166904194,0.41,0.7980190455128661,昱中科技光伏: 🔵 0值过多(零值率61%) | 🟠 有效样本少(n=1148) | 首耀清墩光伏: 🔵 0值偏多(零值率43%) | 🟠 有效样本少(n=1677)
2025-09-20 10:00:00,1.78,1.2743548077229656,0.41,0.8889983270318016,昱中科技光伏: 🔵 0值过多(零值率61%) | 🟠 有效样本少(n=1148) | 首耀清墩光伏: 🔵 0值偏多(零值率43%) | 🟠 有效样本少(n=1677)
2025-09-20 11:00:00,1.98,1.29813441989879,0.41,0.9977940415584344,昱中科技光伏: 🔵 0值过多(零值率61%) | 🟠 有效样本少(n=1148) | 首耀清墩光伏: 🔵 0值偏多(零值率43%) | 🟠 有效样本少(n=1677)
2025-09-20 12:00:00,1.71,1.4086043789230198,0.41,0.9894861508429672,昱中科技光伏: 🔵 0值过多(零值率61%) | 🟠 有效样本少(n=1148) | 首耀清墩光伏: 🔵 0值偏多(零值率43%) | 🟠 有效样本少(n=1677)
2025-09-20 13:00:00,1.66,1.420920317539753,0.41,0.970860879183632,昱中科技光伏: 🔵 0值过多(零值率61%) | 🟠 有效样本少(n=1148) | 首耀清墩光伏: 🔵 0值偏多(零值率43%) | 🟠 有效样本少(n=1677)
2025-09-20 14:00:00,1.44,1.2414464216770933,0.41,0.8575501311087744,昱中科技光伏: 🔵 0值过多(零值率61%) | 🟠 有效样本少(n=1148) | 首耀清墩光伏: 🔵 0值偏多(零值率43%) | 🟠 有效样本少(n=1677)
2025-09-20 15:00:00,1.16,1.1257159416488791,0.41,0.7466207350778609,昱中科技光伏: 🔵 0值过多(零值率61%) | 🟠 有效样本少(n=1148) | 首耀清墩光伏: 🔵 0值偏多(零值率43%) | 🟠 有效样本少(n=1677)
2025-09-20 16:00:00,0.74,0.603864231677351,0.41,0.4558259398590604,昱中科技光伏: 🔵 0值过多(零值率61%) | 🟠 有效样本少(n=1148) | 首耀清墩光伏: 🔵 0值偏多(零值率43%) | 🟠 有效样本少(n=1677)
2025-09-20 17:00:00,0.25,0.1724577657460374,0.41,0.1272278151334397,昱中科技光伏: 🔵 0值过多(零值率61%) | 🟠 有效样本少(n=1148) | 首耀清墩光伏: 🔵 0值偏多(零值率43%) | 🟠 有效样本少(n=1677)
2025-09-20 18:00:00,0.0,0.0,0.41,0.0272570748973099,昱中科技光伏: 🔵 0值过多(零值率61%) | 🟠 有效样本少(n=1148) | 首耀清墩光伏: 🔵 0值偏多(零值率43%) | 🟠 有效样本少(n=1677)
2025-09-20 19:00:00,0.0,0.0,0.41,7.516237032143986e-05,昱中科技光伏: 🔵 0值过多(零值率61%) | 🟠 有效样本少(n=1148) | 首耀清墩光伏: 🔵 0值偏多(零值率43%) | 🟠 有效样本少(n=1677)
2025-09-20 20:00:00,0.0,0.0,0.0,0.0,昱中科技光伏: 🔵 0值过多(零值率61%) | 🟠 有效样本少(n=1148) | 首耀清墩光伏: 🔵 0值偏多(零值率43%) | 🟠 有效样本少(n=1677)
2025-09-20 21:00:00,0.0,0.0,0.0,0.0,昱中科技光伏: 🔵 0值过多(零值率61%) | 🟠 有效样本少(n=1148) | 首耀清墩光伏: 🔵 0值偏多(零值率43%) | 🟠 有效样本少(n=1677)
2025-09-20 22:00:00,0.0,0.0,0.0,0.0,昱中科技光伏: 🔵 0值过多(零值率61%) | 🟠 有效样本少(n=1148) | 首耀清墩光伏: 🔵 0值偏多(零值率43%) | 🟠 有效样本少(n=1677)
2025-09-20 23:00:00,0.0,0.0,0.0,0.0,昱中科技光伏: 🔵 0值过多(零值率61%) | 🟠 有效样本少(n=1148) | 首耀清墩光伏: 🔵 0值偏多(零值率43%) | 🟠 有效样本少(n=1677)
2025-09-21 00:00:00,0.0,0.0,0.0,0.0,昱中科技光伏: 🔵 0值过多(零值率61%) | 🟠 有效样本少(n=1148) | 首耀清墩光伏: 🔵 0值偏多(零值率43%) | 🟠 有效样本少(n=1677)
2025-09-21 01:00:00,0.0,0.0,0.0,0.0,昱中科技光伏: 🔵 0值过多(零值率61%) | 🟠 有效样本少(n=1148) | 首耀清墩光伏: 🔵 0值偏多(零值率43%) | 🟠 有效样本少(n=1677)
2025-09-21 02:00:00,0.0,0.0,0.0,0.0,昱中科技光伏: 🔵 0值过多(零值率61%) | 🟠 有效样本少(n=1148) | 首耀清墩光伏: 🔵 0值偏多(零值率43%) | 🟠 有效样本少(n=1677)
2025-09-21 03:00:00,0.0,0.0,0.0,0.0,昱中科技光伏: 🔵 0值过多(零值率61%) | 🟠 有效样本少(n=1148) | 首耀清墩光伏: 🔵 0值偏多(零值率43%) | 🟠 有效样本少(n=1677)
2025-09-21 04:00:00,0.0,0.0,0.0,0.0,昱中科技光伏: 🔵 0值过多(零值率61%) | 🟠 有效样本少(n=1148) | 首耀清墩光伏: 🔵 0值偏多(零值率43%) | 🟠 有效样本少(n=1677)
2025-09-21 05:00:00,0.0,0.0,0.0,0.0,昱中科技光伏: 🔵 0值过多(零值率61%) | 🟠 有效样本少(n=1148) | 首耀清墩光伏: 🔵 0值偏多(零值率43%) | 🟠 有效样本少(n=1677)
2025-09-21 06:00:00,0.0,0.0,0.41,0.006958909872362,昱中科技光伏: 🔵 0值过多(零值率61%) | 🟠 有效样本少(n=1148) | 首耀清墩光伏: 🔵 0值偏多(零值率43%) | 🟠 有效样本少(n=1677)
2025-09-21 07:00:00,0.47,0.1212093425307256,0.41,0.108523995322025,昱中科技光伏: 🔵 0值过多(零值率61%) | 🟠 有效样本少(n=1148) | 首耀清墩光伏: 🔵 0值偏多(零值率43%) | 🟠 有效样本少(n=1677)
2025-09-21 08:00:00,0.48,0.6002816171158736,0.41,0.454977800961144,昱中科技光伏: 🔵 0值过多(零值率61%) | 🟠 有效样本少(n=1148) | 首耀清墩光伏: 🔵 0值偏多(零值率43%) | 🟠 有效样本少(n=1677)
2025-09-21 09:00:00,0.65,0.9729239422283156,0.41,0.7368754383700138,昱中科技光伏: 🔵 0值过多(零值率61%) | 🟠 有效样本少(n=1148) | 首耀清墩光伏: 🔵 0值偏多(零值率43%) | 🟠 有效样本少(n=1677)
2025-09-21 10:00:00,1.07,0.8757570901012959,0.41,0.7193991019552192,昱中科技光伏: 🔵 0值过多(零值率61%) | 🟠 有效样本少(n=1148) | 首耀清墩光伏: 🔵 0值偏多(零值率43%) | 🟠 有效样本少(n=1677)
2025-09-21 11:00:00,1.66,1.0078969878996753,0.41,0.7135536909829941,昱中科技光伏: 🔵 0值过多(零值率61%) | 🟠 有效样本少(n=1148) | 首耀清墩光伏: 🔵 0值偏多(零值率43%) | 🟠 有效样本少(n=1677)
2025-09-21 12:00:00,0.61,0.9468087161359664,0.41,0.7337301771506906,昱中科技光伏: 🔵 0值过多(零值率61%) | 🟠 有效样本少(n=1148) | 首耀清墩光伏: 🔵 0值偏多(零值率43%) | 🟠 有效样本少(n=1677)
2025-09-21 13:00:00,0.57,0.7855934068753525,0.41,0.5739973580946491,昱中科技光伏: 🔵 0值过多(零值率61%) | 🟠 有效样本少(n=1148) | 首耀清墩光伏: 🔵 0值偏多(零值率43%) | 🟠 有效样本少(n=1677)
2025-09-21 14:00:00,0.58,0.655740029855919,0.41,0.4682797902032297,昱中科技光伏: 🔵 0值过多(零值率61%) | 🟠 有效样本少(n=1148) | 首耀清墩光伏: 🔵 0值偏多(零值率43%) | 🟠 有效样本少(n=1677)
2025-09-21 15:00:00,0.49,0.6670177983132581,0.41,0.5125131116660662,昱中科技光伏: 🔵 0值过多(零值率61%) | 🟠 有效样本少(n=1148) | 首耀清墩光伏: 🔵 0值偏多(零值率43%) | 🟠 有效样本少(n=1677)
2025-09-21 16:00:00,0.52,0.377892052825225,0.41,0.3141796268064705,昱中科技光伏: 🔵 0值过多(零值率61%) | 🟠 有效样本少(n=1148) | 首耀清墩光伏: 🔵 0值偏多(零值率43%) | 🟠 有效样本少(n=1677)
2025-09-21 17:00:00,0.18,0.0799546251445749,0.41,0.0661811687438897,昱中科技光伏: 🔵 0值过多(零值率61%) | 🟠 有效样本少(n=1148) | 首耀清墩光伏: 🔵 0值偏多(零值率43%) | 🟠 有效样本少(n=1677)
2025-09-21 18:00:00,0.0,0.0,0.41,0.0108384241623991,昱中科技光伏: 🔵 0值过多(零值率61%) | 🟠 有效样本少(n=1148) | 首耀清墩光伏: 🔵 0值偏多(零值率43%) | 🟠 有效样本少(n=1677)
2025-09-21 19:00:00,0.0,0.0,0.41,0.0009983692121805,昱中科技光伏: 🔵 0值过多(零值率61%) | 🟠 有效样本少(n=1148) | 首耀清墩光伏: 🔵 0值偏多(零值率43%) | 🟠 有效样本少(n=1677)
2025-09-21 20:00:00,0.0,0.0,0.0,0.0,昱中科技光伏: 🔵 0值过多(零值率61%) | 🟠 有效样本少(n=1148) | 首耀清墩光伏: 🔵 0值偏多(零值率43%) | 🟠 有效样本少(n=1677)
2025-09-21 21:00:00,0.0,0.0,0.0,0.0,昱中科技光伏: 🔵 0值过多(零值率61%) | 🟠 有效样本少(n=1148) | 首耀清墩光伏: 🔵 0值偏多(零值率43%) | 🟠 有效样本少(n=1677)
2025-09-21 22:00:00,0.0,0.0,0.0,0.0,昱中科技光伏: 🔵 0值过多(零值率61%) | 🟠 有效样本少(n=1148) | 首耀清墩光伏: 🔵 0值偏多(零值率43%) | 🟠 有效样本少(n=1677)
2025-09-21 23:00:00,0.0,0.0,0.0,0.0,昱中科技光伏: 🔵 0值过多(零值率61%) | 🟠 有效样本少(n=1148) | 首耀清墩光伏: 🔵 0值偏多(零值率43%) | 🟠 有效样本少(n=1677)
2025-09-22 00:00:00,0.0,0.0,0.0,0.0,昱中科技光伏: 🔵 0值过多(零值率61%) | 🟠 有效样本少(n=1148) | 首耀清墩光伏: 🔵 0值偏多(零值率43%) | 🟠 有效样本少(n=1677)
2025-09-22 01:00:00,0.0,0.0,0.0,0.0,昱中科技光伏: 🔵 0值过多(零值率61%) | 🟠 有效样本少(n=1148) | 首耀清墩光伏: 🔵 0值偏多(零值率43%) | 🟠 有效样本少(n=1677)
2025-09-22 02:00:00,0.0,0.0,0.0,0.0,昱中科技光伏: 🔵 0值过多(零值率61%) | 🟠 有效样本少(n=1148) | 首耀清墩光伏: 🔵 0值偏多(零值率43%) | 🟠 有效样本少(n=1677)
2025-09-22 03:00:00,0.0,0.0,0.0,0.0,昱中科技光伏: 🔵 0值过多(零值率61%) | 🟠 有效样本少(n=1148) | 首耀清墩光伏: 🔵 0值偏多(零值率43%) | 🟠 有效样本少(n=1677)
2025-09-22 04:00:00,0.0,0.0,0.0,0.0,昱中科技光伏: 🔵 0值过多(零值率61%) | 🟠 有效样本少(n=1148) | 首耀清墩光伏: 🔵 0值偏多(零值率43%) | 🟠 有效样本少(n=1677)
2025-09-22 05:00:00,0.0,0.0,0.0,0.0,昱中科技光伏: 🔵 0值过多(零值率61%) | 🟠 有效样本少(n=1148) | 首耀清墩光伏: 🔵 0值偏多(零值率43%) | 🟠 有效样本少(n=1677)
2025-09-22 06:00:00,0.0,0.0,0.41,0.0056708240911681,昱中科技光伏: 🔵 0值过多(零值率61%) | 🟠 有效样本少(n=1148) | 首耀清墩光伏: 🔵 0值偏多(零值率43%) | 🟠 有效样本少(n=1677)
2025-09-22 07:00:00,0.12,0.0415927590367467,0.41,0.0587040378461862,昱中科技光伏: 🔵 0值过多(零值率61%) | 🟠 有效样本少(n=1148) | 首耀清墩光伏: 🔵 0值偏多(零值率43%) | 🟠 有效样本少(n=1677)
2025-09-22 08:00:00,0.32,0.2161407981950729,0.41,0.1888298741464033,昱中科技光伏: 🔵 0值过多(零值率61%) | 🟠 有效样本少(n=1148) | 首耀清墩光伏: 🔵 0值偏多(零值率43%) | 🟠 有效样本少(n=1677)
2025-09-22 09:00:00,0.34,0.2586599621215393,0.41,0.2347704500956897,昱中科技光伏: 🔵 0值过多(零值率61%) | 🟠 有效样本少(n=1148) | 首耀清墩光伏: 🔵 0值偏多(零值率43%) | 🟠 有效样本少(n=1677)
2025-09-22 10:00:00,0.43,0.4071496601079022,0.41,0.380147544373869,昱中科技光伏: 🔵 0值过多(零值率61%) | 🟠 有效样本少(n=1148) | 首耀清墩光伏: 🔵 0值偏多(零值率43%) | 🟠 有效样本少(n=1677)
2025-09-22 11:00:00,1.0,0.5229996126646976,0.41,0.5102167878288959,昱中科技光伏: 🔵 0值过多(零值率61%) | 🟠 有效样本少(n=1148) | 首耀清墩光伏: 🔵 0值偏多(零值率43%) | 🟠 有效样本少(n=1677)
2025-09-22 12:00:00,0.62,0.6477683123133327,0.41,0.5449499869207276,昱中科技光伏: 🔵 0值过多(零值率61%) | 🟠 有效样本少(n=1148) | 首耀清墩光伏: 🔵 0值偏多(零值率43%) | 🟠 有效样本少(n=1677)
2025-09-22 13:00:00,0.28,0.4650996529187429,0.41,0.4112573443442607,昱中科技光伏: 🔵 0值过多(零值率61%) | 🟠 有效样本少(n=1148) | 首耀清墩光伏: 🔵 0值偏多(零值率43%) | 🟠 有效样本少(n=1677)
2025-09-22 14:00:00,0.25,0.30254083207012,0.41,0.2252502456566315,昱中科技光伏: 🔵 0值过多(零值率61%) | 🟠 有效样本少(n=1148) | 首耀清墩光伏: 🔵 0值偏多(零值率43%) | 🟠 有效样本少(n=1677)
2025-09-22 15:00:00,0.08,0.045574661097034,0.41,0.0730465596274193,昱中科技光伏: 🔵 0值过多(零值率61%) | 🟠 有效样本少(n=1148) | 首耀清墩光伏: 🔵 0值偏多(零值率43%) | 🟠 有效样本少(n=1677)
2025-09-22 16:00:00,0.0,0.0494176666004735,0.41,0.0463149977475825,昱中科技光伏: 🔵 0值过多(零值率61%) | 🟠 有效样本少(n=1148) | 首耀清墩光伏: 🔵 0值偏多(零值率43%) | 🟠 有效样本少(n=1677)
2025-09-22 17:00:00,0.0,0.0028856122271159,0.41,0.0145842660045155,昱中科技光伏: 🔵 0值过多(零值率61%) | 🟠 有效样本少(n=1148) | 首耀清墩光伏: 🔵 0值偏多(零值率43%) | 🟠 有效样本少(n=1677)
2025-09-22 18:00:00,0.0,0.0,0.41,0.00228159178568,昱中科技光伏: 🔵 0值过多(零值率61%) | 🟠 有效样本少(n=1148) | 首耀清墩光伏: 🔵 0值偏多(零值率43%) | 🟠 有效样本少(n=1677)
2025-09-22 19:00:00,0.0,0.0,0.41,0.0008453072744362,昱中科技光伏: 🔵 0值过多(零值率61%) | 🟠 有效样本少(n=1148) | 首耀清墩光伏: 🔵 0值偏多(零值率43%) | 🟠 有效样本少(n=1677)
2025-09-22 20:00:00,0.0,0.0,0.0,0.0,昱中科技光伏: 🔵 0值过多(零值率61%) | 🟠 有效样本少(n=1148) | 首耀清墩光伏: 🔵 0值偏多(零值率43%) | 🟠 有效样本少(n=1677)
2025-09-22 21:00:00,0.0,0.0,0.0,0.0,昱中科技光伏: 🔵 0值过多(零值率61%) | 🟠 有效样本少(n=1148) | 首耀清墩光伏: 🔵 0值偏多(零值率43%) | 🟠 有效样本少(n=1677)
2025-09-22 22:00:00,0.0,0.0,0.0,0.0,昱中科技光伏: 🔵 0值过多(零值率61%) | 🟠 有效样本少(n=1148) | 首耀清墩光伏: 🔵 0值偏多(零值率43%) | 🟠 有效样本少(n=1677)
2025-09-22 23:00:00,0.0,0.0,0.0,0.0,昱中科技光伏: 🔵 0值过多(零值率61%) | 🟠 有效样本少(n=1148) | 首耀清墩光伏: 🔵 0值偏多(零值率43%) | 🟠 有效样本少(n=1677)
2025-09-23 00:00:00,0.0,0.0,0.0,0.0,昱中科技光伏: 🔵 0值过多(零值率61%) | 🟠 有效样本少(n=1148) | 首耀清墩光伏: 🔵 0值偏多(零值率43%) | 🟠 有效样本少(n=1677)
2025-09-23 01:00:00,0.0,0.0,0.0,0.0,昱中科技光伏: 🔵 0值过多(零值率61%) | 🟠 有效样本少(n=1148) | 首耀清墩光伏: 🔵 0值偏多(零值率43%) | 🟠 有效样本少(n=1677)
2025-09-23 02:00:00,0.0,0.0,0.0,0.0,昱中科技光伏: 🔵 0值过多(零值率61%) | 🟠 有效样本少(n=1148) | 首耀清墩光伏: 🔵 0值偏多(零值率43%) | 🟠 有效样本少(n=1677)
2025-09-23 03:00:00,0.0,0.0,0.0,0.0,昱中科技光伏: 🔵 0值过多(零值率61%) | 🟠 有效样本少(n=1148) | 首耀清墩光伏: 🔵 0值偏多(零值率43%) | 🟠 有效样本少(n=1677)
2025-09-23 04:00:00,0.0,0.0,0.0,0.0,昱中科技光伏: 🔵 0值过多(零值率61%) | 🟠 有效样本少(n=1148) | 首耀清墩光伏: 🔵 0值偏多(零值率43%) | 🟠 有效样本少(n=1677)
2025-09-23 05:00:00,0.0,0.0,0.0,0.0,昱中科技光伏: 🔵 0值过多(零值率61%) | 🟠 有效样本少(n=1148) | 首耀清墩光伏: 🔵 0值偏多(零值率43%) | 🟠 有效样本少(n=1677)
2025-09-23 06:00:00,0.0,0.0,0.41,0.0043321064448107,昱中科技光伏: 🔵 0值过多(零值率61%) | 🟠 有效样本少(n=1148) | 首耀清墩光伏: 🔵 0值偏多(零值率43%) | 🟠 有效样本少(n=1677)
2025-09-23 07:00:00,0.0,0.0790940867182299,0.41,0.0460742341237517,昱中科技光伏: 🔵 0值过多(零值率61%) | 🟠 有效样本少(n=1148) | 首耀清墩光伏: 🔵 0值偏多(零值率43%) | 🟠 有效样本少(n=1677)
2025-09-23 08:00:00,0.13,0.1364371478504302,0.41,0.155488614638861,昱中科技光伏: 🔵 0值过多(零值率61%) | 🟠 有效样本少(n=1148) | 首耀清墩光伏: 🔵 0值偏多(零值率43%) | 🟠 有效样本少(n=1677)
2025-09-23 09:00:00,0.36,0.2906791428977809,0.41,0.2997314948083298,昱中科技光伏: 🔵 0值过多(零值率61%) | 🟠 有效样本少(n=1148) | 首耀清墩光伏: 🔵 0值偏多(零值率43%) | 🟠 有效样本少(n=1677)
2025-09-23 10:00:00,0.2,0.4150436170658625,0.41,0.3503245288832525,昱中科技光伏: 🔵 0值过多(零值率61%) | 🟠 有效样本少(n=1148) | 首耀清墩光伏: 🔵 0值偏多(零值率43%) | 🟠 有效样本少(n=1677)
2025-09-23 11:00:00,0.25,0.3918955304896334,0.41,0.3808605503010924,昱中科技光伏: 🔵 0值过多(零值率61%) | 🟠 有效样本少(n=1148) | 首耀清墩光伏: 🔵 0值偏多(零值率43%) | 🟠 有效样本少(n=1677)
2025-09-23 12:00:00,0.79,0.526248414862839,0.41,0.4044744392510295,昱中科技光伏: 🔵 0值过多(零值率61%) | 🟠 有效样本少(n=1148) | 首耀清墩光伏: 🔵 0值偏多(零值率43%) | 🟠 有效样本少(n=1677)
2025-09-23 13:00:00,0.58,0.3148870643887595,0.41,0.2651955273124369,昱中科技光伏: 🔵 0值过多(零值率61%) | 🟠 有效样本少(n=1148) | 首耀清墩光伏: 🔵 0值偏多(零值率43%) | 🟠 有效样本少(n=1677)
2025-09-23 14:00:00,0.22,0.2524951380492161,0.41,0.1933083669973138,昱中科技光伏: 🔵 0值过多(零值率61%) | 🟠 有效样本少(n=1148) | 首耀清墩光伏: 🔵 0值偏多(零值率43%) | 🟠 有效样本少(n=1677)
2025-09-23 15:00:00,0.3,0.1759724858075856,0.41,0.1415293952888364,昱中科技光伏: 🔵 0值过多(零值率61%) | 🟠 有效样本少(n=1148) | 首耀清墩光伏: 🔵 0值偏多(零值率43%) | 🟠 有效样本少(n=1677)
2025-09-23 16:00:00,0.82,0.1389772980300673,0.41,0.0989294713508613,昱中科技光伏: 🔵 0值过多(零值率61%) | 🟠 有效样本少(n=1148) | 首耀清墩光伏: 🔵 0值偏多(零值率43%) | 🟠 有效样本少(n=1677)
2025-09-23 17:00:00,0.11,0.0552373842976836,0.41,0.0388378064015515,昱中科技光伏: 🔵 0值过多(零值率61%) | 🟠 有效样本少(n=1148) | 首耀清墩光伏: 🔵 0值偏多(零值率43%) | 🟠 有效样本少(n=1677)
2025-09-23 18:00:00,0.0,0.0,0.41,0.0082718597594384,昱中科技光伏: 🔵 0值过多(零值率61%) | 🟠 有效样本少(n=1148) | 首耀清墩光伏: 🔵 0值偏多(零值率43%) | 🟠 有效样本少(n=1677)
2025-09-23 19:00:00,0.0,0.0,0.41,0.0008880295655112,昱中科技光伏: 🔵 0值过多(零值率61%) | 🟠 有效样本少(n=1148) | 首耀清墩光伏: 🔵 0值偏多(零值率43%) | 🟠 有效样本少(n=1677)
2025-09-23 20:00:00,0.0,0.0,0.0,0.0,昱中科技光伏: 🔵 0值过多(零值率61%) | 🟠 有效样本少(n=1148) | 首耀清墩光伏: 🔵 0值偏多(零值率43%) | 🟠 有效样本少(n=1677)
2025-09-23 21:00:00,0.0,0.0,0.0,0.0,昱中科技光伏: 🔵 0值过多(零值率61%) | 🟠 有效样本少(n=1148) | 首耀清墩光伏: 🔵 0值偏多(零值率43%) | 🟠 有效样本少(n=1677)
2025-09-23 22:00:00,0.0,0.0,0.0,0.0,昱中科技光伏: 🔵 0值过多(零值率61%) | 🟠 有效样本少(n=1148) | 首耀清墩光伏: 🔵 0值偏多(零值率43%) | 🟠 有效样本少(n=1677)
2025-09-23 23:00:00,0.0,0.0,0.0,0.0,昱中科技光伏: 🔵 0值过多(零值率61%) | 🟠 有效样本少(n=1148) | 首耀清墩光伏: 🔵 0值偏多(零值率43%) | 🟠 有效样本少(n=1677)
2025-09-24 00:00:00,0.0,0.0,0.0,0.0,昱中科技光伏: 🔵 0值过多(零值率61%) | 🟠 有效样本少(n=1148) | 首耀清墩光伏: 🔵 0值偏多(零值率43%) | 🟠 有效样本少(n=1677)
2025-09-24 01:00:00,0.0,0.0,0.0,0.0,昱中科技光伏: 🔵 0值过多(零值率61%) | 🟠 有效样本少(n=1148) | 首耀清墩光伏: 🔵 0值偏多(零值率43%) | 🟠 有效样本少(n=1677)
2025-09-24 02:00:00,0.0,0.0,0.0,0.0,昱中科技光伏: 🔵 0值过多(零值率61%) | 🟠 有效样本少(n=1148) | 首耀清墩光伏: 🔵 0值偏多(零值率43%) | 🟠 有效样本少(n=1677)
2025-09-24 03:00:00,0.0,0.0,0.0,0.0,昱中科技光伏: 🔵 0值过多(零值率61%) | 🟠 有效样本少(n=1148) | 首耀清墩光伏: 🔵 0值偏多(零值率43%) | 🟠 有效样本少(n=1677)
2025-09-24 04:00:00,0.0,0.0,0.0,0.0,昱中科技光伏: 🔵 0值过多(零值率61%) | 🟠 有效样本少(n=1148) | 首耀清墩光伏: 🔵 0值偏多(零值率43%) | 🟠 有效样本少(n=1677)
2025-09-24 05:00:00,0.0,0.0,0.0,0.0,昱中科技光伏: 🔵 0值过多(零值率61%) | 🟠 有效样本少(n=1148) | 首耀清墩光伏: 🔵 0值偏多(零值率43%) | 🟠 有效样本少(n=1677)
2025-09-24 06:00:00,0.0,0.0,0.41,0.0050209061484335,昱中科技光伏: 🔵 0值过多(零值率61%) | 🟠 有效样本少(n=1148) | 首耀清墩光伏: 🔵 0值偏多(零值率43%) | 🟠 有效样本少(n=1677)
2025-09-24 07:00:00,0.0,0.0585569651558301,0.41,0.0233853813115547,昱中科技光伏: 🔵 0值过多(零值率61%) | 🟠 有效样本少(n=1148) | 首耀清墩光伏: 🔵 0值偏多(零值率43%) | 🟠 有效样本少(n=1677)
2025-09-24 08:00:00,0.11,0.0833247323049849,0.41,0.0978733429490434,昱中科技光伏: 🔵 0值过多(零值率61%) | 🟠 有效样本少(n=1148) | 首耀清墩光伏: 🔵 0值偏多(零值率43%) | 🟠 有效样本少(n=1677)
2025-09-24 09:00:00,0.05,0.1242105732070039,0.41,0.1347156025724376,昱中科技光伏: 🔵 0值过多(零值率61%) | 🟠 有效样本少(n=1148) | 首耀清墩光伏: 🔵 0值偏多(零值率43%) | 🟠 有效样本少(n=1677)
2025-09-24 10:00:00,0.25,0.2950917869908989,0.41,0.2283138242838517,昱中科技光伏: 🔵 0值过多(零值率61%) | 🟠 有效样本少(n=1148) | 首耀清墩光伏: 🔵 0值偏多(零值率43%) | 🟠 有效样本少(n=1677)
2025-09-24 11:00:00,0.25,0.7945912918081904,0.41,0.5500792832261331,昱中科技光伏: 🔵 0值过多(零值率61%) | 🟠 有效样本少(n=1148) | 首耀清墩光伏: 🔵 0值偏多(零值率43%) | 🟠 有效样本少(n=1677)
2025-09-24 12:00:00,0.28,0.5022280231762225,0.41,0.3621066352928832,昱中科技光伏: 🔵 0值过多(零值率61%) | 🟠 有效样本少(n=1148) | 首耀清墩光伏: 🔵 0值偏多(零值率43%) | 🟠 有效样本少(n=1677)
2025-09-24 13:00:00,0.18,0.4760875650468284,0.41,0.2976805017552787,昱中科技光伏: 🔵 0值过多(零值率61%) | 🟠 有效样本少(n=1148) | 首耀清墩光伏: 🔵 0值偏多(零值率43%) | 🟠 有效样本少(n=1677)
2025-09-24 14:00:00,0.32,0.6012066164094025,0.41,0.3603959721795919,昱中科技光伏: 🔵 0值过多(零值率61%) | 🟠 有效样本少(n=1148) | 首耀清墩光伏: 🔵 0值偏多(零值率43%) | 🟠 有效样本少(n=1677)
2025-09-24 15:00:00,0.27,0.225910017937457,0.41,0.1609905994667405,昱中科技光伏: 🔵 0值过多(零值率61%) | 🟠 有效样本少(n=1148) | 首耀清墩光伏: 🔵 0值偏多(零值率43%) | 🟠 有效样本少(n=1677)
2025-09-24 16:00:00,0.13,0.1892389507695792,0.41,0.1111752225266878,昱中科技光伏: 🔵 0值过多(零值率61%) | 🟠 有效样本少(n=1148) | 首耀清墩光伏: 🔵 0值偏多(零值率43%) | 🟠 有效样本少(n=1677)
2025-09-24 17:00:00,0.07,0.0647309142476332,0.41,0.0419866873768532,昱中科技光伏: 🔵 0值过多(零值率61%) | 🟠 有效样本少(n=1148) | 首耀清墩光伏: 🔵 0值偏多(零值率43%) | 🟠 有效样本少(n=1677)
2025-09-24 18:00:00,0.0,0.0,0.41,0.0072226916874408,昱中科技光伏: 🔵 0值过多(零值率61%) | 🟠 有效样本少(n=1148) | 首耀清墩光伏: 🔵 0值偏多(零值率43%) | 🟠 有效样本少(n=1677)
2025-09-24 19:00:00,0.0,0.0,0.41,0.0006117178887416,昱中科技光伏: 🔵 0值过多(零值率61%) | 🟠 有效样本少(n=1148) | 首耀清墩光伏: 🔵 0值偏多(零值率43%) | 🟠 有效样本少(n=1677)
2025-09-24 20:00:00,0.0,0.0,0.0,0.0,昱中科技光伏: 🔵 0值过多(零值率61%) | 🟠 有效样本少(n=1148) | 首耀清墩光伏: 🔵 0值偏多(零值率43%) | 🟠 有效样本少(n=1677)
2025-09-24 21:00:00,0.0,0.0,0.0,0.0,昱中科技光伏: 🔵 0值过多(零值率61%) | 🟠 有效样本少(n=1148) | 首耀清墩光伏: 🔵 0值偏多(零值率43%) | 🟠 有效样本少(n=1677)
2025-09-24 22:00:00,0.0,0.0,0.0,0.0,昱中科技光伏: 🔵 0值过多(零值率61%) | 🟠 有效样本少(n=1148) | 首耀清墩光伏: 🔵 0值偏多(零值率43%) | 🟠 有效样本少(n=1677)
2025-09-24 23:00:00,0.0,0.0,0.0,0.0,昱中科技光伏: 🔵 0值过多(零值率61%) | 🟠 有效样本少(n=1148) | 首耀清墩光伏: 🔵 0值偏多(零值率43%) | 🟠 有效样本少(n=1677)
2025-09-25 00:00:00,0.0,0.0,0.0,0.0,昱中科技光伏: 🔵 0值过多(零值率61%) | 🟠 有效样本少(n=1148) | 首耀清墩光伏: 🔵 0值偏多(零值率43%) | 🟠 有效样本少(n=1677)
2025-09-25 01:00:00,0.0,0.0,0.0,0.0,昱中科技光伏: 🔵 0值过多(零值率61%) | 🟠 有效样本少(n=1148) | 首耀清墩光伏: 🔵 0值偏多(零值率43%) | 🟠 有效样本少(n=1677)
2025-09-25 02:00:00,0.0,0.0,0.0,0.0,昱中科技光伏: 🔵 0值过多(零值率61%) | 🟠 有效样本少(n=1148) | 首耀清墩光伏: 🔵 0值偏多(零值率43%) | 🟠 有效样本少(n=1677)
2025-09-25 03:00:00,0.0,0.0,0.0,0.0,昱中科技光伏: 🔵 0值过多(零值率61%) | 🟠 有效样本少(n=1148) | 首耀清墩光伏: 🔵 0值偏多(零值率43%) | 🟠 有效样本少(n=1677)
2025-09-25 04:00:00,0.0,0.0,0.0,0.0,昱中科技光伏: 🔵 0值过多(零值率61%) | 🟠 有效样本少(n=1148) | 首耀清墩光伏: 🔵 0值偏多(零值率43%) | 🟠 有效样本少(n=1677)
2025-09-25 05:00:00,0.0,0.0,0.0,0.0,昱中科技光伏: 🔵 0值过多(零值率61%) | 🟠 有效样本少(n=1148) | 首耀清墩光伏: 🔵 0值偏多(零值率43%) | 🟠 有效样本少(n=1677)
2025-09-25 06:00:00,0.0,0.0,0.41,0.0063224143614334,昱中科技光伏: 🔵 0值过多(零值率61%) | 🟠 有效样本少(n=1148) | 首耀清墩光伏: 🔵 0值偏多(零值率43%) | 🟠 有效样本少(n=1677)
2025-09-25 07:00:00,0.15,0.080940179833586,0.41,0.076058103621076,昱中科技光伏: 🔵 0值过多(零值率61%) | 🟠 有效样本少(n=1148) | 首耀清墩光伏: 🔵 0值偏多(零值率43%) | 🟠 有效样本少(n=1677)
2025-09-25 08:00:00,0.82,0.4305305696001579,0.41,0.3324629663760524,昱中科技光伏: 🔵 0值过多(零值率61%) | 🟠 有效样本少(n=1148) | 首耀清墩光伏: 🔵 0值偏多(零值率43%) | 🟠 有效样本少(n=1677)
2025-09-25 09:00:00,0.52,0.8805010496095316,0.41,0.6265641411990552,昱中科技光伏: 🔵 0值过多(零值率61%) | 🟠 有效样本少(n=1148) | 首耀清墩光伏: 🔵 0值偏多(零值率43%) | 🟠 有效样本少(n=1677)
2025-09-25 10:00:00,0.44,1.0884415041327988,0.41,0.6768441493069535,昱中科技光伏: 🔵 0值过多(零值率61%) | 🟠 有效样本少(n=1148) | 首耀清墩光伏: 🔵 0值偏多(零值率43%) | 🟠 有效样本少(n=1677)
2025-09-25 11:00:00,1.0,1.188699737732,0.41,0.7901003314889843,昱中科技光伏: 🔵 0值过多(零值率61%) | 🟠 有效样本少(n=1148) | 首耀清墩光伏: 🔵 0值偏多(零值率43%) | 🟠 有效样本少(n=1677)
2025-09-25 12:00:00,0.81,1.1414902304850452,0.41,0.7517170348643044,昱中科技光伏: 🔵 0值过多(零值率61%) | 🟠 有效样本少(n=1148) | 首耀清墩光伏: 🔵 0值偏多(零值率43%) | 🟠 有效样本少(n=1677)
2025-09-25 13:00:00,1.13,1.1312548722501985,0.41,0.7322650052842667,昱中科技光伏: 🔵 0值过多(零值率61%) | 🟠 有效样本少(n=1148) | 首耀清墩光伏: 🔵 0值偏多(零值率43%) | 🟠 有效样本少(n=1677)
2025-09-25 14:00:00,1.06,0.966951987977463,0.41,0.6649398733136853,昱中科技光伏: 🔵 0值过多(零值率61%) | 🟠 有效样本少(n=1148) | 首耀清墩光伏: 🔵 0值偏多(零值率43%) | 🟠 有效样本少(n=1677)
2025-09-25 15:00:00,0.65,0.7689725282200472,0.41,0.5228953115680256,昱中科技光伏: 🔵 0值过多(零值率61%) | 🟠 有效样本少(n=1148) | 首耀清墩光伏: 🔵 0值偏多(零值率43%) | 🟠 有效样本少(n=1677)
2025-09-25 16:00:00,0.27,0.3801676393494431,0.41,0.2239994002276139,昱中科技光伏: 🔵 0值过多(零值率61%) | 🟠 有效样本少(n=1148) | 首耀清墩光伏: 🔵 0值偏多(零值率43%) | 🟠 有效样本少(n=1677)
2025-09-25 17:00:00,0.11,0.1046090037599569,0.41,0.0699562515559869,昱中科技光伏: 🔵 0值过多(零值率61%) | 🟠 有效样本少(n=1148) | 首耀清墩光伏: 🔵 0值偏多(零值率43%) | 🟠 有效样本少(n=1677)
2025-09-25 18:00:00,0.0,0.0,0.41,0.0109615626873286,昱中科技光伏: 🔵 0值过多(零值率61%) | 🟠 有效样本少(n=1148) | 首耀清墩光伏: 🔵 0值偏多(零值率43%) | 🟠 有效样本少(n=1677)
2025-09-25 19:00:00,0.0,0.0,0.41,0.0007355042094298,昱中科技光伏: 🔵 0值过多(零值率61%) | 🟠 有效样本少(n=1148) | 首耀清墩光伏: 🔵 0值偏多(零值率43%) | 🟠 有效样本少(n=1677)
2025-09-25 20:00:00,0.0,0.0,0.0,0.0,昱中科技光伏: 🔵 0值过多(零值率61%) | 🟠 有效样本少(n=1148) | 首耀清墩光伏: 🔵 0值偏多(零值率43%) | 🟠 有效样本少(n=1677)
2025-09-25 21:00:00,0.0,0.0,0.0,0.0,昱中科技光伏: 🔵 0值过多(零值率61%) | 🟠 有效样本少(n=1148) | 首耀清墩光伏: 🔵 0值偏多(零值率43%) | 🟠 有效样本少(n=1677)
2025-09-25 22:00:00,0.0,0.0,0.0,0.0,昱中科技光伏: 🔵 0值过多(零值率61%) | 🟠 有效样本少(n=1148) | 首耀清墩光伏: 🔵 0值偏多(零值率43%) | 🟠 有效样本少(n=1677)
2025-09-25 23:00:00,0.0,0.0,0.0,0.0,昱中科技光伏: 🔵 0值过多(零值率61%) | 🟠 有效样本少(n=1148) | 首耀清墩光伏: 🔵 0值偏多(零值率43%) | 🟠 有效样本少(n=1677)
2025-09-26 00:00:00,0.0,0.0,0.0,0.0,昱中科技光伏: 🔵 0值过多(零值率61%) | 🟠 有效样本少(n=1148) | 首耀清墩光伏: 🔵 0值偏多(零值率43%) | 🟠 有效样本少(n=1677)
2025-09-26 01:00:00,0.0,0.0,0.0,0.0,昱中科技光伏: 🔵 0值过多(零值率61%) | 🟠 有效样本少(n=1148) | 首耀清墩光伏: 🔵 0值偏多(零值率43%) | 🟠 有效样本少(n=1677)
2025-09-26 02:00:00,0.0,0.0,0.0,0.0,昱中科技光伏: 🔵 0值过多(零值率61%) | 🟠 有效样本少(n=1148) | 首耀清墩光伏: 🔵 0值偏多(零值率43%) | 🟠 有效样本少(n=1677)
2025-09-26 03:00:00,0.0,0.0,0.0,0.0,昱中科技光伏: 🔵 0值过多(零值率61%) | 🟠 有效样本少(n=1148) | 首耀清墩光伏: 🔵 0值偏多(零值率43%) | 🟠 有效样本少(n=1677)
2025-09-26 04:00:00,0.0,0.0,0.0,0.0,昱中科技光伏: 🔵 0值过多(零值率61%) | 🟠 有效样本少(n=1148) | 首耀清墩光伏: 🔵 0值偏多(零值率43%) | 🟠 有效样本少(n=1677)
2025-09-26 05:00:00,0.0,0.0,0.0,0.0,昱中科技光伏: 🔵 0值过多(零值率61%) | 🟠 有效样本少(n=1148) | 首耀清墩光伏: 🔵 0值偏多(零值率43%) | 🟠 有效样本少(n=1677)
2025-09-26 06:00:00,0.0,0.0,0.41,0.0055026847263565,昱中科技光伏: 🔵 0值过多(零值率61%) | 🟠 有效样本少(n=1148) | 首耀清墩光伏: 🔵 0值偏多(零值率43%) | 🟠 有效样本少(n=1677)
2025-09-26 07:00:00,0.05,0.0656533150782782,0.41,0.0693666527618171,昱中科技光伏: 🔵 0值过多(零值率61%) | 🟠 有效样本少(n=1148) | 首耀清墩光伏: 🔵 0值偏多(零值率43%) | 🟠 有效样本少(n=1677)
2025-09-26 08:00:00,0.21,0.2201819909561291,0.41,0.1962956481704968,昱中科技光伏: 🔵 0值过多(零值率61%) | 🟠 有效样本少(n=1148) | 首耀清墩光伏: 🔵 0值偏多(零值率43%) | 🟠 有效样本少(n=1677)
2025-09-26 09:00:00,0.31,0.6737104694633339,0.41,0.4834262351876235,昱中科技光伏: 🔵 0值过多(零值率61%) | 🟠 有效样本少(n=1148) | 首耀清墩光伏: 🔵 0值偏多(零值率43%) | 🟠 有效样本少(n=1677)
2025-09-26 10:00:00,0.34,0.9415524232115392,0.41,0.7026094051440313,昱中科技光伏: 🔵 0值过多(零值率61%) | 🟠 有效样本少(n=1148) | 首耀清墩光伏: 🔵 0值偏多(零值率43%) | 🟠 有效样本少(n=1677)
2025-09-26 11:00:00,0.42,0.9781604757283576,0.41,0.6733821604714672,昱中科技光伏: 🔵 0值过多(零值率61%) | 🟠 有效样本少(n=1148) | 首耀清墩光伏: 🔵 0值偏多(零值率43%) | 🟠 有效样本少(n=1677)
2025-09-26 12:00:00,0.47,0.9542786158160436,0.41,0.6736180149114435,昱中科技光伏: 🔵 0值过多(零值率61%) | 🟠 有效样本少(n=1148) | 首耀清墩光伏: 🔵 0值偏多(零值率43%) | 🟠 有效样本少(n=1677)
2025-09-26 13:00:00,0.5,0.675317235614217,0.41,0.4970436006884592,昱中科技光伏: 🔵 0值过多(零值率61%) | 🟠 有效样本少(n=1148) | 首耀清墩光伏: 🔵 0值偏多(零值率43%) | 🟠 有效样本少(n=1677)
2025-09-26 14:00:00,0.42,0.377095038595062,0.41,0.3456152448256741,昱中科技光伏: 🔵 0值过多(零值率61%) | 🟠 有效样本少(n=1148) | 首耀清墩光伏: 🔵 0值偏多(零值率43%) | 🟠 有效样本少(n=1677)
2025-09-26 15:00:00,0.52,0.2184775642463597,0.41,0.1756921614661704,昱中科技光伏: 🔵 0值过多(零值率61%) | 🟠 有效样本少(n=1148) | 首耀清墩光伏: 🔵 0值偏多(零值率43%) | 🟠 有效样本少(n=1677)
2025-09-26 16:00:00,0.18,0.066007277614217,0.41,0.055189598919449,昱中科技光伏: 🔵 0值过多(零值率61%) | 🟠 有效样本少(n=1148) | 首耀清墩光伏: 🔵 0值偏多(零值率43%) | 🟠 有效样本少(n=1677)
2025-09-26 17:00:00,0.11,0.0293639649508228,0.41,0.024240998463296,昱中科技光伏: 🔵 0值过多(零值率61%) | 🟠 有效样本少(n=1148) | 首耀清墩光伏: 🔵 0值偏多(零值率43%) | 🟠 有效样本少(n=1677)
2025-09-26 18:00:00,0.0,0.0,0.41,0.0069593462894143,昱中科技光伏: 🔵 0值过多(零值率61%) | 🟠 有效样本少(n=1148) | 首耀清墩光伏: 🔵 0值偏多(零值率43%) | 🟠 有效样本少(n=1677)
2025-09-26 19:00:00,0.0,0.0,0.41,0.0005985095701466,昱中科技光伏: 🔵 0值过多(零值率61%) | 🟠 有效样本少(n=1148) | 首耀清墩光伏: 🔵 0值偏多(零值率43%) | 🟠 有效样本少(n=1677)
2025-09-26 20:00:00,0.0,0.0,0.0,0.0,昱中科技光伏: 🔵 0值过多(零值率61%) | 🟠 有效样本少(n=1148) | 首耀清墩光伏: 🔵 0值偏多(零值率43%) | 🟠 有效样本少(n=1677)
2025-09-26 21:00:00,0.0,0.0,0.0,0.0,昱中科技光伏: 🔵 0值过多(零值率61%) | 🟠 有效样本少(n=1148) | 首耀清墩光伏: 🔵 0值偏多(零值率43%) | 🟠 有效样本少(n=1677)
2025-09-26 22:00:00,0.0,0.0,0.0,0.0,昱中科技光伏: 🔵 0值过多(零值率61%) | 🟠 有效样本少(n=1148) | 首耀清墩光伏: 🔵 0值偏多(零值率43%) | 🟠 有效样本少(n=1677)
2025-09-26 23:00:00,0.0,0.0,0.0,0.0,昱中科技光伏: 🔵 0值过多(零值率61%) | 🟠 有效样本少(n=1148) | 首耀清墩光伏: 🔵 0值偏多(零值率43%) | 🟠 有效样本少(n=1677)
2025-09-27 00:00:00,0.0,0.0,0.0,0.0,昱中科技光伏: 🔵 0值过多(零值率61%) | 🟠 有效样本少(n=1148) | 首耀清墩光伏: 🔵 0值偏多(零值率43%) | 🟠 有效样本少(n=1677)
2025-09-27 01:00:00,0.0,0.0,0.0,0.0,昱中科技光伏: 🔵 0值过多(零值率61%) | 🟠 有效样本少(n=1148) | 首耀清墩光伏: 🔵 0值偏多(零值率43%) | 🟠 有效样本少(n=1677)
2025-09-27 02:00:00,0.0,0.0,0.0,0.0,昱中科技光伏: 🔵 0值过多(零值率61%) | 🟠 有效样本少(n=1148) | 首耀清墩光伏: 🔵 0值偏多(零值率43%) | 🟠 有效样本少(n=1677)
2025-09-27 03:00:00,0.0,0.0,0.0,0.0,昱中科技光伏: 🔵 0值过多(零值率61%) | 🟠 有效样本少(n=1148) | 首耀清墩光伏: 🔵 0值偏多(零值率43%) | 🟠 有效样本少(n=1677)
2025-09-27 04:00:00,0.0,0.0,0.0,0.0,昱中科技光伏: 🔵 0值过多(零值率61%) | 🟠 有效样本少(n=1148) | 首耀清墩光伏: 🔵 0值偏多(零值率43%) | 🟠 有效样本少(n=1677)
2025-09-27 05:00:00,0.0,0.0,0.0,0.0,昱中科技光伏: 🔵 0值过多(零值率61%) | 🟠 有效样本少(n=1148) | 首耀清墩光伏: 🔵 0值偏多(零值率43%) | 🟠 有效样本少(n=1677)
2025-09-27 06:00:00,0.0,0.0,0.41,0.0040921780613528,昱中科技光伏: 🔵 0值过多(零值率61%) | 🟠 有效样本少(n=1148) | 首耀清墩光伏: 🔵 0值偏多(零值率43%) | 🟠 有效样本少(n=1677)
2025-09-27 07:00:00,0.1,0.0281456537001028,0.41,0.0259861376059903,昱中科技光伏: 🔵 0值过多(零值率61%) | 🟠 有效样本少(n=1148) | 首耀清墩光伏: 🔵 0值偏多(零值率43%) | 🟠 有效样本少(n=1677)
2025-09-27 08:00:00,0.28,0.15401449514391,0.41,0.1253004737945042,昱中科技光伏: 🔵 0值过多(零值率61%) | 🟠 有效样本少(n=1148) | 首耀清墩光伏: 🔵 0值偏多(零值率43%) | 🟠 有效样本少(n=1677)
2025-09-27 09:00:00,0.42,0.2444834984742346,0.41,0.1749722897558243,昱中科技光伏: 🔵 0值过多(零值率61%) | 🟠 有效样本少(n=1148) | 首耀清墩光伏: 🔵 0值偏多(零值率43%) | 🟠 有效样本少(n=1677)
2025-09-27 10:00:00,0.35,0.2290818752085066,0.41,0.1913300193022435,昱中科技光伏: 🔵 0值过多(零值率61%) | 🟠 有效样本少(n=1148) | 首耀清墩光伏: 🔵 0值偏多(零值率43%) | 🟠 有效样本少(n=1677)
2025-09-27 11:00:00,0.12,0.2080958985218394,0.41,0.1770454964273615,昱中科技光伏: 🔵 0值过多(零值率61%) | 🟠 有效样本少(n=1148) | 首耀清墩光伏: 🔵 0值偏多(零值率43%) | 🟠 有效样本少(n=1677)
2025-09-27 12:00:00,0.13,0.2426883572803522,0.41,0.1996108256600542,昱中科技光伏: 🔵 0值过多(零值率61%) | 🟠 有效样本少(n=1148) | 首耀清墩光伏: 🔵 0值偏多(零值率43%) | 🟠 有效样本少(n=1677)
2025-09-27 13:00:00,0.01,0.2925651499875513,0.41,0.2241652841727709,昱中科技光伏: 🔵 0值过多(零值率61%) | 🟠 有效样本少(n=1148) | 首耀清墩光伏: 🔵 0值偏多(零值率43%) | 🟠 有效样本少(n=1677)
2025-09-27 14:00:00,0.18,0.2749009529262608,0.41,0.1937577851121785,昱中科技光伏: 🔵 0值过多(零值率61%) | 🟠 有效样本少(n=1148) | 首耀清墩光伏: 🔵 0值偏多(零值率43%) | 🟠 有效样本少(n=1677)
2025-09-27 15:00:00,0.27,0.0873788450444763,0.41,0.0847039434012605,昱中科技光伏: 🔵 0值过多(零值率61%) | 🟠 有效样本少(n=1148) | 首耀清墩光伏: 🔵 0值偏多(零值率43%) | 🟠 有效样本少(n=1677)
2025-09-27 16:00:00,0.12,0.0637563522609415,0.41,0.0451097413944305,昱中科技光伏: 🔵 0值过多(零值率61%) | 🟠 有效样本少(n=1148) | 首耀清墩光伏: 🔵 0值偏多(零值率43%) | 🟠 有效样本少(n=1677)
2025-09-27 17:00:00,0.0,0.0,0.41,0.0109743163537676,昱中科技光伏: 🔵 0值过多(零值率61%) | 🟠 有效样本少(n=1148) | 首耀清墩光伏: 🔵 0值偏多(零值率43%) | 🟠 有效样本少(n=1677)
2025-09-27 18:00:00,0.0,0.0,0.41,0.0015682866150376,昱中科技光伏: 🔵 0值过多(零值率61%) | 🟠 有效样本少(n=1148) | 首耀清墩光伏: 🔵 0值偏多(零值率43%) | 🟠 有效样本少(n=1677)
2025-09-27 19:00:00,0.0,0.0,0.41,0.0016327519397462,昱中科技光伏: 🔵 0值过多(零值率61%) | 🟠 有效样本少(n=1148) | 首耀清墩光伏: 🔵 0值偏多(零值率43%) | 🟠 有效样本少(n=1677)
2025-09-27 20:00:00,0.0,0.0,0.0,0.0,昱中科技光伏: 🔵 0值过多(零值率61%) | 🟠 有效样本少(n=1148) | 首耀清墩光伏: 🔵 0值偏多(零值率43%) | 🟠 有效样本少(n=1677)
2025-09-27 21:00:00,0.0,0.0,0.0,0.0,昱中科技光伏: 🔵 0值过多(零值率61%) | 🟠 有效样本少(n=1148) | 首耀清墩光伏: 🔵 0值偏多(零值率43%) | 🟠 有效样本少(n=1677)
2025-09-27 22:00:00,0.0,0.0,0.0,0.0,昱中科技光伏: 🔵 0值过多(零值率61%) | 🟠 有效样本少(n=1148) | 首耀清墩光伏: 🔵 0值偏多(零值率43%) | 🟠 有效样本少(n=1677)
2025-09-27 23:00:00,0.0,0.0,0.0,0.0,昱中科技光伏: 🔵 0值过多(零值率61%) | 🟠 有效样本少(n=1148) | 首耀清墩光伏: 🔵 0值偏多(零值率43%) | 🟠 有效样本少(n=1677)
2025-09-28 00:00:00,0.0,0.0,0.0,0.0,昱中科技光伏: 🔵 0值过多(零值率61%) | 🟠 有效样本少(n=1148) | 首耀清墩光伏: 🔵 0值偏多(零值率43%) | 🟠 有效样本少(n=1677)
2025-09-28 01:00:00,0.0,0.0,0.0,0.0,昱中科技光伏: 🔵 0值过多(零值率61%) | 🟠 有效样本少(n=1148) | 首耀清墩光伏: 🔵 0值偏多(零值率43%) | 🟠 有效样本少(n=1677)
2025-09-28 02:00:00,0.0,0.0,0.0,0.0,昱中科技光伏: 🔵 0值过多(零值率61%) | 🟠 有效样本少(n=1148) | 首耀清墩光伏: 🔵 0值偏多(零值率43%) | 🟠 有效样本少(n=1677)
2025-09-28 03:00:00,0.0,0.0,0.0,0.0,昱中科技光伏: 🔵 0值过多(零值率61%) | 🟠 有效样本少(n=1148) | 首耀清墩光伏: 🔵 0值偏多(零值率43%) | 🟠 有效样本少(n=1677)
2025-09-28 04:00:00,0.0,0.0,0.0,0.0,昱中科技光伏: 🔵 0值过多(零值率61%) | 🟠 有效样本少(n=1148) | 首耀清墩光伏: 🔵 0值偏多(零值率43%) | 🟠 有效样本少(n=1677)
2025-09-28 05:00:00,0.0,0.0,0.0,0.0,昱中科技光伏: 🔵 0值过多(零值率61%) | 🟠 有效样本少(n=1148) | 首耀清墩光伏: 🔵 0值偏多(零值率43%) | 🟠 有效样本少(n=1677)
2025-09-28 06:00:00,0.0,0.0,0.41,0.0039700857209251,昱中科技光伏: 🔵 0值过多(零值率61%) | 🟠 有效样本少(n=1148) | 首耀清墩光伏: 🔵 0值偏多(零值率43%) | 🟠 有效样本少(n=1677)
2025-09-28 07:00:00,0.05,0.0129538729731889,0.41,0.0291123020561997,昱中科技光伏: 🔵 0值过多(零值率61%) | 🟠 有效样本少(n=1148) | 首耀清墩光伏: 🔵 0值偏多(零值率43%) | 🟠 有效样本少(n=1677)
2025-09-28 08:00:00,0.26,0.2426082665493085,0.41,0.1621021116247966,昱中科技光伏: 🔵 0值过多(零值率61%) | 🟠 有效样本少(n=1148) | 首耀清墩光伏: 🔵 0值偏多(零值率43%) | 🟠 有效样本少(n=1677)
2025-09-28 09:00:00,0.55,0.2648794859589926,0.41,0.1861830902818967,昱中科技光伏: 🔵 0值过多(零值率61%) | 🟠 有效样本少(n=1148) | 首耀清墩光伏: 🔵 0值偏多(零值率43%) | 🟠 有效样本少(n=1677)
2025-09-28 10:00:00,0.73,0.273764197358862,0.41,0.2023005619693038,昱中科技光伏: 🔵 0值过多(零值率61%) | 🟠 有效样本少(n=1148) | 首耀清墩光伏: 🔵 0值偏多(零值率43%) | 🟠 有效样本少(n=1677)
2025-09-28 11:00:00,0.75,0.510661555490416,0.41,0.3436193837387785,昱中科技光伏: 🔵 0值过多(零值率61%) | 🟠 有效样本少(n=1148) | 首耀清墩光伏: 🔵 0值偏多(零值率43%) | 🟠 有效样本少(n=1677)
2025-09-28 12:00:00,0.83,0.49748684138429,0.41,0.3309153738235906,昱中科技光伏: 🔵 0值过多(零值率61%) | 🟠 有效样本少(n=1148) | 首耀清墩光伏: 🔵 0值偏多(零值率43%) | 🟠 有效样本少(n=1677)
2025-09-28 13:00:00,0.79,0.6488371804879338,0.41,0.4917625593515793,昱中科技光伏: 🔵 0值过多(零值率61%) | 🟠 有效样本少(n=1148) | 首耀清墩光伏: 🔵 0值偏多(零值率43%) | 🟠 有效样本少(n=1677)
2025-09-28 14:00:00,0.65,0.2771532313421711,0.41,0.2170900116547729,昱中科技光伏: 🔵 0值过多(零值率61%) | 🟠 有效样本少(n=1148) | 首耀清墩光伏: 🔵 0值偏多(零值率43%) | 🟠 有效样本少(n=1677)
2025-09-28 15:00:00,0.61,0.6562554149318645,0.41,0.4576375904865607,昱中科技光伏: 🔵 0值过多(零值率61%) | 🟠 有效样本少(n=1148) | 首耀清墩光伏: 🔵 0值偏多(零值率43%) | 🟠 有效样本少(n=1677)
2025-09-28 16:00:00,0.18,0.2803027895966788,0.41,0.1940005553659453,昱中科技光伏: 🔵 0值过多(零值率61%) | 🟠 有效样本少(n=1148) | 首耀清墩光伏: 🔵 0值偏多(零值率43%) | 🟠 有效样本少(n=1677)
2025-09-28 17:00:00,0.0,0.0331303403878081,0.41,0.0427003130365386,昱中科技光伏: 🔵 0值过多(零值率61%) | 🟠 有效样本少(n=1148) | 首耀清墩光伏: 🔵 0值偏多(零值率43%) | 🟠 有效样本少(n=1677)
2025-09-28 18:00:00,0.0,0.0,0.41,0.0053286451073345,昱中科技光伏: 🔵 0值过多(零值率61%) | 🟠 有效样本少(n=1148) | 首耀清墩光伏: 🔵 0值偏多(零值率43%) | 🟠 有效样本少(n=1677)
2025-09-28 19:00:00,0.0,0.0,0.41,0.0014314809526848,昱中科技光伏: 🔵 0值过多(零值率61%) | 🟠 有效样本少(n=1148) | 首耀清墩光伏: 🔵 0值偏多(零值率43%) | 🟠 有效样本少(n=1677)
2025-09-28 20:00:00,0.0,0.0,0.0,0.0,昱中科技光伏: 🔵 0值过多(零值率61%) | 🟠 有效样本少(n=1148) | 首耀清墩光伏: 🔵 0值偏多(零值率43%) | 🟠 有效样本少(n=1677)
2025-09-28 21:00:00,0.0,0.0,0.0,0.0,昱中科技光伏: 🔵 0值过多(零值率61%) | 🟠 有效样本少(n=1148) | 首耀清墩光伏: 🔵 0值偏多(零值率43%) | 🟠 有效样本少(n=1677)
2025-09-28 22:00:00,0.0,0.0,0.0,0.0,昱中科技光伏: 🔵 0值过多(零值率61%) | 🟠 有效样本少(n=1148) | 首耀清墩光伏: 🔵 0值偏多(零值率43%) | 🟠 有效样本少(n=1677)
2025-09-28 23:00:00,0.0,0.0,0.0,0.0,昱中科技光伏: 🔵 0值过多(零值率61%) | 🟠 有效样本少(n=1148) | 首耀清墩光伏: 🔵 0值偏多(零值率43%) | 🟠 有效样本少(n=1677)
2025-09-29 00:00:00,0.0,0.0,0.0,0.0,昱中科技光伏: 🔵 0值过多(零值率61%) | 🟠 有效样本少(n=1148) | 首耀清墩光伏: 🔵 0值偏多(零值率43%) | 🟠 有效样本少(n=1677)
2025-09-29 01:00:00,0.0,0.0,0.0,0.0,昱中科技光伏: 🔵 0值过多(零值率61%) | 🟠 有效样本少(n=1148) | 首耀清墩光伏: 🔵 0值偏多(零值率43%) | 🟠 有效样本少(n=1677)
2025-09-29 02:00:00,0.0,0.0,0.0,0.0,昱中科技光伏: 🔵 0值过多(零值率61%) | 🟠 有效样本少(n=1148) | 首耀清墩光伏: 🔵 0值偏多(零值率43%) | 🟠 有效样本少(n=1677)
2025-09-29 03:00:00,0.0,0.0,0.0,0.0,昱中科技光伏: 🔵 0值过多(零值率61%) | 🟠 有效样本少(n=1148) | 首耀清墩光伏: 🔵 0值偏多(零值率43%) | 🟠 有效样本少(n=1677)
2025-09-29 04:00:00,0.0,0.0,0.0,0.0,昱中科技光伏: 🔵 0值过多(零值率61%) | 🟠 有效样本少(n=1148) | 首耀清墩光伏: 🔵 0值偏多(零值率43%) | 🟠 有效样本少(n=1677)
2025-09-29 05:00:00,0.0,0.0,0.0,0.0,昱中科技光伏: 🔵 0值过多(零值率61%) | 🟠 有效样本少(n=1148) | 首耀清墩光伏: 🔵 0值偏多(零值率43%) | 🟠 有效样本少(n=1677)
2025-09-29 06:00:00,0.0,0.0,0.41,0.0061396880615001,昱中科技光伏: 🔵 0值过多(零值率61%) | 🟠 有效样本少(n=1148) | 首耀清墩光伏: 🔵 0值偏多(零值率43%) | 🟠 有效样本少(n=1677)
2025-09-29 07:00:00,0.06,0.0198465931419614,0.41,0.0399761509960293,昱中科技光伏: 🔵 0值过多(零值率61%) | 🟠 有效样本少(n=1148) | 首耀清墩光伏: 🔵 0值偏多(零值率43%) | 🟠 有效样本少(n=1677)
2025-09-29 08:00:00,0.21,0.1248359677366572,0.41,0.1230724227494415,昱中科技光伏: 🔵 0值过多(零值率61%) | 🟠 有效样本少(n=1148) | 首耀清墩光伏: 🔵 0值偏多(零值率43%) | 🟠 有效样本少(n=1677)
2025-09-29 09:00:00,0.36,0.2725199832646948,0.41,0.2294378792941823,昱中科技光伏: 🔵 0值过多(零值率61%) | 🟠 有效样本少(n=1148) | 首耀清墩光伏: 🔵 0值偏多(零值率43%) | 🟠 有效样本少(n=1677)
2025-09-29 10:00:00,0.43,0.5157956650203008,0.41,0.3784669928643804,昱中科技光伏: 🔵 0值过多(零值率61%) | 🟠 有效样本少(n=1148) | 首耀清墩光伏: 🔵 0值偏多(零值率43%) | 🟠 有效样本少(n=1677)
2025-09-29 11:00:00,0.56,0.5737892274209245,0.41,0.4049273249636079,昱中科技光伏: 🔵 0值过多(零值率61%) | 🟠 有效样本少(n=1148) | 首耀清墩光伏: 🔵 0值偏多(零值率43%) | 🟠 有效样本少(n=1677)
2025-09-29 12:00:00,1.63,0.8552445426518086,0.41,0.5453622238435052,昱中科技光伏: 🔵 0值过多(零值率61%) | 🟠 有效样本少(n=1148) | 首耀清墩光伏: 🔵 0值偏多(零值率43%) | 🟠 有效样本少(n=1677)
2025-09-29 13:00:00,0.47,0.9611751152232348,0.41,0.6530879915489692,昱中科技光伏: 🔵 0值过多(零值率61%) | 🟠 有效样本少(n=1148) | 首耀清墩光伏: 🔵 0值偏多(零值率43%) | 🟠 有效样本少(n=1677)
2025-09-29 14:00:00,0.35,0.3449862697215849,0.41,0.3105312763174276,昱中科技光伏: 🔵 0值过多(零值率61%) | 🟠 有效样本少(n=1148) | 首耀清墩光伏: 🔵 0值偏多(零值率43%) | 🟠 有效样本少(n=1677)
2025-09-29 15:00:00,0.41,0.6476761017762541,0.41,0.5105687033621085,昱中科技光伏: 🔵 0值过多(零值率61%) | 🟠 有效样本少(n=1148) | 首耀清墩光伏: 🔵 0值偏多(零值率43%) | 🟠 有效样本少(n=1677)
2025-09-29 16:00:00,0.26,0.2846391953596778,0.41,0.2295545442771688,昱中科技光伏: 🔵 0值过多(零值率61%) | 🟠 有效样本少(n=1148) | 首耀清墩光伏: 🔵 0值偏多(零值率43%) | 🟠 有效样本少(n=1677)
2025-09-29 17:00:00,0.09,0.093745021471107,0.41,0.0680320878854557,昱中科技光伏: 🔵 0值过多(零值率61%) | 🟠 有效样本少(n=1148) | 首耀清墩光伏: 🔵 0值偏多(零值率43%) | 🟠 有效样本少(n=1677)
2025-09-29 18:00:00,0.0,0.0,0.41,0.010253051405213,昱中科技光伏: 🔵 0值过多(零值率61%) | 🟠 有效样本少(n=1148) | 首耀清墩光伏: 🔵 0值偏多(零值率43%) | 🟠 有效样本少(n=1677)
2025-09-29 19:00:00,0.0,0.0,0.41,0.0008598021089663,昱中科技光伏: 🔵 0值过多(零值率61%) | 🟠 有效样本少(n=1148) | 首耀清墩光伏: 🔵 0值偏多(零值率43%) | 🟠 有效样本少(n=1677)
2025-09-29 20:00:00,0.0,0.0,0.0,0.0,昱中科技光伏: 🔵 0值过多(零值率61%) | 🟠 有效样本少(n=1148) | 首耀清墩光伏: 🔵 0值偏多(零值率43%) | 🟠 有效样本少(n=1677)
2025-09-29 21:00:00,0.0,0.0,0.0,0.0,昱中科技光伏: 🔵 0值过多(零值率61%) | 🟠 有效样本少(n=1148) | 首耀清墩光伏: 🔵 0值偏多(零值率43%) | 🟠 有效样本少(n=1677)
2025-09-29 22:00:00,0.0,0.0,0.0,0.0,昱中科技光伏: 🔵 0值过多(零值率61%) | 🟠 有效样本少(n=1148) | 首耀清墩光伏: 🔵 0值偏多(零值率43%) | 🟠 有效样本少(n=1677)
2025-09-29 23:00:00,0.0,0.0,0.0,0.0,昱中科技光伏: 🔵 0值过多(零值率61%) | 🟠 有效样本少(n=1148) | 首耀清墩光伏: 🔵 0值偏多(零值率43%) | 🟠 有效样本少(n=1677)
2025-09-30 00:00:00,0.0,0.0,0.0,0.0,昱中科技光伏: 🔵 0值过多(零值率61%) | 🟠 有效样本少(n=1148) | 首耀清墩光伏: 🔵 0值偏多(零值率43%) | 🟠 有效样本少(n=1677)
2025-09-30 01:00:00,0.0,0.0,0.0,0.0,昱中科技光伏: 🔵 0值过多(零值率61%) | 🟠 有效样本少(n=1148) | 首耀清墩光伏: 🔵 0值偏多(零值率43%) | 🟠 有效样本少(n=1677)
2025-09-30 02:00:00,0.0,0.0,0.0,0.0,昱中科技光伏: 🔵 0值过多(零值率61%) | 🟠 有效样本少(n=1148) | 首耀清墩光伏: 🔵 0值偏多(零值率43%) | 🟠 有效样本少(n=1677)
2025-09-30 03:00:00,0.0,0.0,0.0,0.0,昱中科技光伏: 🔵 0值过多(零值率61%) | 🟠 有效样本少(n=1148) | 首耀清墩光伏: 🔵 0值偏多(零值率43%) | 🟠 有效样本少(n=1677)
2025-09-30 04:00:00,0.0,0.0,0.0,0.0,昱中科技光伏: 🔵 0值过多(零值率61%) | 🟠 有效样本少(n=1148) | 首耀清墩光伏: 🔵 0值偏多(零值率43%) | 🟠 有效样本少(n=1677)
2025-09-30 05:00:00,0.0,0.0,0.0,0.0,昱中科技光伏: 🔵 0值过多(零值率61%) | 🟠 有效样本少(n=1148) | 首耀清墩光伏: 🔵 0值偏多(零值率43%) | 🟠 有效样本少(n=1677)
2025-09-30 06:00:00,0.0,0.0,0.41,0.0060466557461515,昱中科技光伏: 🔵 0值过多(零值率61%) | 🟠 有效样本少(n=1148) | 首耀清墩光伏: 🔵 0值偏多(零值率43%) | 🟠 有效样本少(n=1677)
2025-09-30 07:00:00,0.06,0.1047979956308982,0.41,0.1046706932148508,昱中科技光伏: 🔵 0值过多(零值率61%) | 🟠 有效样本少(n=1148) | 首耀清墩光伏: 🔵 0值偏多(零值率43%) | 🟠 有效样本少(n=1677)
2025-09-30 08:00:00,0.61,0.6034091111055208,0.41,0.4386446315217495,昱中科技光伏: 🔵 0值过多(零值率61%) | 🟠 有效样本少(n=1148) | 首耀清墩光伏: 🔵 0值偏多(零值率43%) | 🟠 有效样本少(n=1677)
2025-09-30 09:00:00,1.02,1.0714198095542955,0.41,0.7967741655650851,昱中科技光伏: 🔵 0值过多(零值率61%) | 🟠 有效样本少(n=1148) | 首耀清墩光伏: 🔵 0值偏多(零值率43%) | 🟠 有效样本少(n=1677)
2025-09-30 10:00:00,1.37,1.31724269069923,0.41,0.905323531835156,昱中科技光伏: 🔵 0值过多(零值率61%) | 🟠 有效样本少(n=1148) | 首耀清墩光伏: 🔵 0值偏多(零值率43%) | 🟠 有效样本少(n=1677)
2025-09-30 11:00:00,1.57,1.331834099021609,0.41,0.9952027893356196,昱中科技光伏: 🔵 0值过多(零值率61%) | 🟠 有效样本少(n=1148) | 首耀清墩光伏: 🔵 0值偏多(零值率43%) | 🟠 有效样本少(n=1677)
2025-09-30 12:00:00,1.66,1.3997857498052664,0.41,1.0334631016812044,昱中科技光伏: 🔵 0值过多(零值率61%) | 🟠 有效样本少(n=1148) | 首耀清墩光伏: 🔵 0值偏多(零值率43%) | 🟠 有效样本少(n=1677)
2025-09-30 13:00:00,1.28,1.3173261903312783,0.41,0.9877953694643336,昱中科技光伏: 🔵 0值过多(零值率61%) | 🟠 有效样本少(n=1148) | 首耀清墩光伏: 🔵 0值偏多(零值率43%) | 🟠 有效样本少(n=1677)
2025-09-30 14:00:00,1.3,1.1334193243015074,0.41,0.8555933267669565,昱中科技光伏: 🔵 0值过多(零值率61%) | 🟠 有效样本少(n=1148) | 首耀清墩光伏: 🔵 0值偏多(零值率43%) | 🟠 有效样本少(n=1677)
2025-09-30 15:00:00,0.95,0.980796012489488,0.41,0.668627034648558,昱中科技光伏: 🔵 0值过多(零值率61%) | 🟠 有效样本少(n=1148) | 首耀清墩光伏: 🔵 0值偏多(零值率43%) | 🟠 有效样本少(n=1677)
2025-09-30 16:00:00,0.58,0.5014618947565284,0.41,0.375665326678142,昱中科技光伏: 🔵 0值过多(零值率61%) | 🟠 有效样本少(n=1148) | 首耀清墩光伏: 🔵 0值偏多(零值率43%) | 🟠 有效样本少(n=1677)
2025-09-30 17:00:00,0.13,0.1312883420159656,0.41,0.0957158498816879,昱中科技光伏: 🔵 0值过多(零值率61%) | 🟠 有效样本少(n=1148) | 首耀清墩光伏: 🔵 0值偏多(零值率43%) | 🟠 有效样本少(n=1677)
2025-09-30 18:00:00,0.0,0.0,0.41,0.0140193777906763,昱中科技光伏: 🔵 0值过多(零值率61%) | 🟠 有效样本少(n=1148) | 首耀清墩光伏: 🔵 0值偏多(零值率43%) | 🟠 有效样本少(n=1677)
2025-09-30 19:00:00,0.0,0.0,0.41,0.0007651554155335,昱中科技光伏: 🔵 0值过多(零值率61%) | 🟠 有效样本少(n=1148) | 首耀清墩光伏: 🔵 0值偏多(零值率43%) | 🟠 有效样本少(n=1677)
2025-09-30 20:00:00,0.0,0.0,0.0,0.0,昱中科技光伏: 🔵 0值过多(零值率61%) | 🟠 有效样本少(n=1148) | 首耀清墩光伏: 🔵 0值偏多(零值率43%) | 🟠 有效样本少(n=1677)
2025-09-30 21:00:00,0.0,0.0,0.0,0.0,昱中科技光伏: 🔵 0值过多(零值率61%) | 🟠 有效样本少(n=1148) | 首耀清墩光伏: 🔵 0值偏多(零值率43%) | 🟠 有效样本少(n=1677)
2025-09-30 22:00:00,0.0,0.0,0.0,0.0,昱中科技光伏: 🔵 0值过多(零值率61%) | 🟠 有效样本少(n=1148) | 首耀清墩光伏: 🔵 0值偏多(零值率43%) | 🟠 有效样本少(n=1677)
2025-09-30 23:00:00,0.0,0.0,0.0,0.0,昱中科技光伏: 🔵 0值过多(零值率61%) | 🟠 有效样本少(n=1148) | 首耀清墩光伏: 🔵 0值偏多(零值率43%) | 🟠 有效样本少(n=1677)
2025-10-01 00:00:00,0.0,0.0,0.0,0.0,昱中科技光伏: 🔵 0值过多(零值率61%) | 🟠 有效样本少(n=1148) | 首耀清墩光伏: 🔵 0值偏多(零值率43%) | 🟠 有效样本少(n=1677)
2025-10-01 01:00:00,0.0,0.0,0.0,0.0,昱中科技光伏: 🔵 0值过多(零值率61%) | 🟠 有效样本少(n=1148) | 首耀清墩光伏: 🔵 0值偏多(零值率43%) | 🟠 有效样本少(n=1677)
2025-10-01 02:00:00,0.0,0.0,0.0,0.0,昱中科技光伏: 🔵 0值过多(零值率61%) | 🟠 有效样本少(n=1148) | 首耀清墩光伏: 🔵 0值偏多(零值率43%) | 🟠 有效样本少(n=1677)
2025-10-01 03:00:00,0.0,0.0,0.0,0.0,昱中科技光伏: 🔵 0值过多(零值率61%) | 🟠 有效样本少(n=1148) | 首耀清墩光伏: 🔵 0值偏多(零值率43%) | 🟠 有效样本少(n=1677)
2025-10-01 04:00:00,0.0,0.0,0.0,0.0,昱中科技光伏: 🔵 0值过多(零值率61%) | 🟠 有效样本少(n=1148) | 首耀清墩光伏: 🔵 0值偏多(零值率43%) | 🟠 有效样本少(n=1677)
2025-10-01 05:00:00,0.0,0.0,0.0,0.0,昱中科技光伏: 🔵 0值过多(零值率61%) | 🟠 有效样本少(n=1148) | 首耀清墩光伏: 🔵 0值偏多(零值率43%) | 🟠 有效样本少(n=1677)
2025-10-01 06:00:00,0.0,0.0,0.41,0.0054451216138284,昱中科技光伏: 🔵 0值过多(零值率61%) | 🟠 有效样本少(n=1148) | 首耀清墩光伏: 🔵 0值偏多(零值率43%) | 🟠 有效样本少(n=1677)
2025-10-01 07:00:00,0.24,0.1114595223884539,0.41,0.0886597259553575,昱中科技光伏: 🔵 0值过多(零值率61%) | 🟠 有效样本少(n=1148) | 首耀清墩光伏: 🔵 0值偏多(零值率43%) | 🟠 有效样本少(n=1677)
2025-10-01 08:00:00,0.28,0.6707815130223129,0.41,0.4007339081303249,昱中科技光伏: 🔵 0值过多(零值率61%) | 🟠 有效样本少(n=1148) | 首耀清墩光伏: 🔵 0值偏多(零值率43%) | 🟠 有效样本少(n=1677)
2025-10-01 09:00:00,0.37,1.2635482880522384,0.41,0.7044921985858688,昱中科技光伏: 🔵 0值过多(零值率61%) | 🟠 有效样本少(n=1148) | 首耀清墩光伏: 🔵 0值偏多(零值率43%) | 🟠 有效样本少(n=1677)
2025-10-01 10:00:00,0.42,1.4491801543761773,0.41,0.7358041100571207,昱中科技光伏: 🔵 0值过多(零值率61%) | 🟠 有效样本少(n=1148) | 首耀清墩光伏: 🔵 0值偏多(零值率43%) | 🟠 有效样本少(n=1677)
2025-10-01 11:00:00,0.84,1.403693946164893,0.41,0.7102473250905,昱中科技光伏: 🔵 0值过多(零值率61%) | 🟠 有效样本少(n=1148) | 首耀清墩光伏: 🔵 0值偏多(零值率43%) | 🟠 有效样本少(n=1677)
2025-10-01 12:00:00,1.28,1.3687324479444176,0.41,0.6608795860728027,昱中科技光伏: 🔵 0值过多(零值率61%) | 🟠 有效样本少(n=1148) | 首耀清墩光伏: 🔵 0值偏多(零值率43%) | 🟠 有效样本少(n=1677)
2025-10-01 13:00:00,0.9,1.3174272413244528,0.41,0.6340146401056085,昱中科技光伏: 🔵 0值过多(零值率61%) | 🟠 有效样本少(n=1148) | 首耀清墩光伏: 🔵 0值偏多(零值率43%) | 🟠 有效样本少(n=1677)
2025-10-01 14:00:00,0.79,0.8936687882399914,0.41,0.578970368731462,昱中科技光伏: 🔵 0值过多(零值率61%) | 🟠 有效样本少(n=1148) | 首耀清墩光伏: 🔵 0值偏多(零值率43%) | 🟠 有效样本少(n=1677)
2025-10-01 15:00:00,0.65,0.941894334319278,0.41,0.5119628975156428,昱中科技光伏: 🔵 0值过多(零值率61%) | 🟠 有效样本少(n=1148) | 首耀清墩光伏: 🔵 0值偏多(零值率43%) | 🟠 有效样本少(n=1677)
2025-10-01 16:00:00,0.06,0.296266765598167,0.41,0.1676829887559074,昱中科技光伏: 🔵 0值过多(零值率61%) | 🟠 有效样本少(n=1148) | 首耀清墩光伏: 🔵 0值偏多(零值率43%) | 🟠 有效样本少(n=1677)
2025-10-01 17:00:00,0.07,0.0692163411465925,0.41,0.0353547832267905,昱中科技光伏: 🔵 0值过多(零值率61%) | 🟠 有效样本少(n=1148) | 首耀清墩光伏: 🔵 0值偏多(零值率43%) | 🟠 有效样本少(n=1677)
2025-10-01 18:00:00,0.0,0.0,0.41,0.003227129065995,昱中科技光伏: 🔵 0值过多(零值率61%) | 🟠 有效样本少(n=1148) | 首耀清墩光伏: 🔵 0值偏多(零值率43%) | 🟠 有效样本少(n=1677)
2025-10-01 19:00:00,0.0,0.0,0.41,0.0014418437361145,昱中科技光伏: 🔵 0值过多(零值率61%) | 🟠 有效样本少(n=1148) | 首耀清墩光伏: 🔵 0值偏多(零值率43%) | 🟠 有效样本少(n=1677)
2025-10-01 20:00:00,0.0,0.0,0.0,0.0,昱中科技光伏: 🔵 0值过多(零值率61%) | 🟠 有效样本少(n=1148) | 首耀清墩光伏: 🔵 0值偏多(零值率43%) | 🟠 有效样本少(n=1677)
2025-10-01 21:00:00,0.0,0.0,0.0,0.0,昱中科技光伏: 🔵 0值过多(零值率61%) | 🟠 有效样本少(n=1148) | 首耀清墩光伏: 🔵 0值偏多(零值率43%) | 🟠 有效样本少(n=1677)
2025-10-01 22:00:00,0.0,0.0,0.0,0.0,昱中科技光伏: 🔵 0值过多(零值率61%) | 🟠 有效样本少(n=1148) | 首耀清墩光伏: 🔵 0值偏多(零值率43%) | 🟠 有效样本少(n=1677)
2025-10-01 23:00:00,0.0,0.0,0.0,0.0,昱中科技光伏: 🔵 0值过多(零值率61%) | 🟠 有效样本少(n=1148) | 首耀清墩光伏: 🔵 0值偏多(零值率43%) | 🟠 有效样本少(n=1677)
2025-10-02 00:00:00,0.0,0.0,0.0,0.0,昱中科技光伏: 🔵 0值过多(零值率61%) | 🟠 有效样本少(n=1148) | 首耀清墩光伏: 🔵 0值偏多(零值率43%) | 🟠 有效样本少(n=1677)
2025-10-02 01:00:00,0.0,0.0,0.0,0.0,昱中科技光伏: 🔵 0值过多(零值率61%) | 🟠 有效样本少(n=1148) | 首耀清墩光伏: 🔵 0值偏多(零值率43%) | 🟠 有效样本少(n=1677)
2025-10-02 02:00:00,0.0,0.0,0.0,0.0,昱中科技光伏: 🔵 0值过多(零值率61%) | 🟠 有效样本少(n=1148) | 首耀清墩光伏: 🔵 0值偏多(零值率43%) | 🟠 有效样本少(n=1677)
2025-10-02 03:00:00,0.0,0.0,0.0,0.0,昱中科技光伏: 🔵 0值过多(零值率61%) | 🟠 有效样本少(n=1148) | 首耀清墩光伏: 🔵 0值偏多(零值率43%) | 🟠 有效样本少(n=1677)
2025-10-02 04:00:00,0.0,0.0,0.0,0.0,昱中科技光伏: 🔵 0值过多(零值率61%) | 🟠 有效样本少(n=1148) | 首耀清墩光伏: 🔵 0值偏多(零值率43%) | 🟠 有效样本少(n=1677)
2025-10-02 05:00:00,0.0,0.0,0.0,0.0,昱中科技光伏: 🔵 0值过多(零值率61%) | 🟠 有效样本少(n=1148) | 首耀清墩光伏: 🔵 0值偏多(零值率43%) | 🟠 有效样本少(n=1677)
2025-10-02 06:00:00,0.0,0.0,0.41,0.0034611374175607,昱中科技光伏: 🔵 0值过多(零值率61%) | 🟠 有效样本少(n=1148) | 首耀清墩光伏: 🔵 0值偏多(零值率43%) | 🟠 有效样本少(n=1677)
2025-10-02 07:00:00,0.0,0.0380743436465652,0.41,0.0127195150381132,昱中科技光伏: 🔵 0值过多(零值率61%) | 🟠 有效样本少(n=1148) | 首耀清墩光伏: 🔵 0值偏多(零值率43%) | 🟠 有效样本少(n=1677)
2025-10-02 08:00:00,0.01,0.0254723866171057,0.41,0.0448455881924667,昱中科技光伏: 🔵 0值过多(零值率61%) | 🟠 有效样本少(n=1148) | 首耀清墩光伏: 🔵 0值偏多(零值率43%) | 🟠 有效样本少(n=1677)
2025-10-02 09:00:00,0.0,0.1169823315913364,0.41,0.0724485966711664,昱中科技光伏: 🔵 0值过多(零值率61%) | 🟠 有效样本少(n=1148) | 首耀清墩光伏: 🔵 0值偏多(零值率43%) | 🟠 有效样本少(n=1677)
2025-10-02 10:00:00,0.0,0.1298332835241166,0.41,0.0948589342798126,昱中科技光伏: 🔵 0值过多(零值率61%) | 🟠 有效样本少(n=1148) | 首耀清墩光伏: 🔵 0值偏多(零值率43%) | 🟠 有效样本少(n=1677)
2025-10-02 11:00:00,0.0,0.1375678448932207,0.41,0.1027323166098141,昱中科技光伏: 🔵 0值过多(零值率61%) | 🟠 有效样本少(n=1148) | 首耀清墩光伏: 🔵 0值偏多(零值率43%) | 🟠 有效样本少(n=1677)
2025-10-02 12:00:00,0.0,0.1516723844333056,0.41,0.1098435283132118,昱中科技光伏: 🔵 0值过多(零值率61%) | 🟠 有效样本少(n=1148) | 首耀清墩光伏: 🔵 0值偏多(零值率43%) | 🟠 有效样本少(n=1677)
2025-10-02 13:00:00,0.07,0.1538421769744242,0.41,0.1019880809119334,昱中科技光伏: 🔵 0值过多(零值率61%) | 🟠 有效样本少(n=1148) | 首耀清墩光伏: 🔵 0值偏多(零值率43%) | 🟠 有效样本少(n=1677)
2025-10-02 14:00:00,0.19,0.1121836753733784,0.41,0.0807968726606467,昱中科技光伏: 🔵 0值过多(零值率61%) | 🟠 有效样本少(n=1148) | 首耀清墩光伏: 🔵 0值偏多(零值率43%) | 🟠 有效样本少(n=1677)
2025-10-02 15:00:00,0.1,0.0201933565103162,0.41,0.0215809891124882,昱中科技光伏: 🔵 0值过多(零值率61%) | 🟠 有效样本少(n=1148) | 首耀清墩光伏: 🔵 0值偏多(零值率43%) | 🟠 有效样本少(n=1677)
2025-10-02 16:00:00,0.07,0.032604516834115,0.41,0.0186843543079237,昱中科技光伏: 🔵 0值过多(零值率61%) | 🟠 有效样本少(n=1148) | 首耀清墩光伏: 🔵 0值偏多(零值率43%) | 🟠 有效样本少(n=1677)
2025-10-02 17:00:00,0.0,0.001378961016819,0.41,0.0165705953931903,昱中科技光伏: 🔵 0值过多(零值率61%) | 🟠 有效样本少(n=1148) | 首耀清墩光伏: 🔵 0值偏多(零值率43%) | 🟠 有效样本少(n=1677)
2025-10-02 18:00:00,0.0,0.0,0.41,0.002499624140805,昱中科技光伏: 🔵 0值过多(零值率61%) | 🟠 有效样本少(n=1148) | 首耀清墩光伏: 🔵 0值偏多(零值率43%) | 🟠 有效样本少(n=1677)
2025-10-02 19:00:00,0.0,0.0,0.41,0.0011184838849854,昱中科技光伏: 🔵 0值过多(零值率61%) | 🟠 有效样本少(n=1148) | 首耀清墩光伏: 🔵 0值偏多(零值率43%) | 🟠 有效样本少(n=1677)
2025-10-02 20:00:00,0.0,0.0,0.0,0.0,昱中科技光伏: 🔵 0值过多(零值率61%) | 🟠 有效样本少(n=1148) | 首耀清墩光伏: 🔵 0值偏多(零值率43%) | 🟠 有效样本少(n=1677)
2025-10-02 21:00:00,0.0,0.0,0.0,0.0,昱中科技光伏: 🔵 0值过多(零值率61%) | 🟠 有效样本少(n=1148) | 首耀清墩光伏: 🔵 0值偏多(零值率43%) | 🟠 有效样本少(n=1677)
2025-10-02 22:00:00,0.0,0.0,0.0,0.0,昱中科技光伏: 🔵 0值过多(零值率61%) | 🟠 有效样本少(n=1148) | 首耀清墩光伏: 🔵 0值偏多(零值率43%) | 🟠 有效样本少(n=1677)
2025-10-02 23:00:00,0.0,0.0,0.0,0.0,昱中科技光伏: 🔵 0值过多(零值率61%) | 🟠 有效样本少(n=1148) | 首耀清墩光伏: 🔵 0值偏多(零值率43%) | 🟠 有效样本少(n=1677)
2025-10-03 00:00:00,0.0,0.0,0.0,0.0,昱中科技光伏: 🔵 0值过多(零值率61%) | 🟠 有效样本少(n=1148) | 首耀清墩光伏: 🔵 0值偏多(零值率43%) | 🟠 有效样本少(n=1677)
2025-10-03 01:00:00,0.0,0.0,0.0,0.0,昱中科技光伏: 🔵 0值过多(零值率61%) | 🟠 有效样本少(n=1148) | 首耀清墩光伏: 🔵 0值偏多(零值率43%) | 🟠 有效样本少(n=1677)
2025-10-03 02:00:00,0.0,0.0,0.0,0.0,昱中科技光伏: 🔵 0值过多(零值率61%) | 🟠 有效样本少(n=1148) | 首耀清墩光伏: 🔵 0值偏多(零值率43%) | 🟠 有效样本少(n=1677)
2025-10-03 03:00:00,0.0,0.0,0.0,0.0,昱中科技光伏: 🔵 0值过多(零值率61%) | 🟠 有效样本少(n=1148) | 首耀清墩光伏: 🔵 0值偏多(零值率43%) | 🟠 有效样本少(n=1677)
2025-10-03 04:00:00,0.0,0.0,0.0,0.0,昱中科技光伏: 🔵 0值过多(零值率61%) | 🟠 有效样本少(n=1148) | 首耀清墩光伏: 🔵 0值偏多(零值率43%) | 🟠 有效样本少(n=1677)
2025-10-03 05:00:00,0.0,0.0,0.0,0.0,昱中科技光伏: 🔵 0值过多(零值率61%) | 🟠 有效样本少(n=1148) | 首耀清墩光伏: 🔵 0值偏多(零值率43%) | 🟠 有效样本少(n=1677)
2025-10-03 06:00:00,0.0,0.0,0.41,0.0047284006112656,昱中科技光伏: 🔵 0值过多(零值率61%) | 🟠 有效样本少(n=1148) | 首耀清墩光伏: 🔵 0值偏多(零值率43%) | 🟠 有效样本少(n=1677)
2025-10-03 07:00:00,0.0,0.0990376411598435,0.41,0.0479173150025036,昱中科技光伏: 🔵 0值过多(零值率61%) | 🟠 有效样本少(n=1148) | 首耀清墩光伏: 🔵 0值偏多(零值率43%) | 🟠 有效样本少(n=1677)
2025-10-03 08:00:00,0.05,0.146884946535743,0.41,0.1052538192930753,昱中科技光伏: 🔵 0值过多(零值率61%) | 🟠 有效样本少(n=1148) | 首耀清墩光伏: 🔵 0值偏多(零值率43%) | 🟠 有效样本少(n=1677)
2025-10-03 09:00:00,0.22,0.3369685887052085,0.41,0.2117750461324873,昱中科技光伏: 🔵 0值过多(零值率61%) | 🟠 有效样本少(n=1148) | 首耀清墩光伏: 🔵 0值偏多(零值率43%) | 🟠 有效样本少(n=1677)
2025-10-03 10:00:00,0.33,0.5980190350602694,0.41,0.4666186705985453,昱中科技光伏: 🔵 0值过多(零值率61%) | 🟠 有效样本少(n=1148) | 首耀清墩光伏: 🔵 0值偏多(零值率43%) | 🟠 有效样本少(n=1677)
2025-10-03 11:00:00,0.36,0.7916083502115632,0.41,0.4692294290821593,昱中科技光伏: 🔵 0值过多(零值率61%) | 🟠 有效样本少(n=1148) | 首耀清墩光伏: 🔵 0值偏多(零值率43%) | 🟠 有效样本少(n=1677)
2025-10-03 12:00:00,0.35,0.9909741048483338,0.41,0.5348079728602093,昱中科技光伏: 🔵 0值过多(零值率61%) | 🟠 有效样本少(n=1148) | 首耀清墩光伏: 🔵 0值偏多(零值率43%) | 🟠 有效样本少(n=1677)
2025-10-03 13:00:00,0.46,1.1081787211994154,0.41,0.5425993228746797,昱中科技光伏: 🔵 0值过多(零值率61%) | 🟠 有效样本少(n=1148) | 首耀清墩光伏: 🔵 0值偏多(零值率43%) | 🟠 有效样本少(n=1677)
2025-10-03 14:00:00,0.76,0.9230061437479954,0.41,0.5261907098080739,昱中科技光伏: 🔵 0值过多(零值率61%) | 🟠 有效样本少(n=1148) | 首耀清墩光伏: 🔵 0值偏多(零值率43%) | 🟠 有效样本少(n=1677)
2025-10-03 15:00:00,0.43,0.499672299643799,0.41,0.2404886855188,昱中科技光伏: 🔵 0值过多(零值率61%) | 🟠 有效样本少(n=1148) | 首耀清墩光伏: 🔵 0值偏多(零值率43%) | 🟠 有效样本少(n=1677)
2025-10-03 16:00:00,0.28,0.1891157181873435,0.41,0.1044925342553199,昱中科技光伏: 🔵 0值过多(零值率61%) | 🟠 有效样本少(n=1148) | 首耀清墩光伏: 🔵 0值偏多(零值率43%) | 🟠 有效样本少(n=1677)
2025-10-03 17:00:00,0.0,0.033788136139395,0.41,0.0254611994623305,昱中科技光伏: 🔵 0值过多(零值率61%) | 🟠 有效样本少(n=1148) | 首耀清墩光伏: 🔵 0值偏多(零值率43%) | 🟠 有效样本少(n=1677)
2025-10-03 18:00:00,0.0,0.0,0.41,0.0027785467307404,昱中科技光伏: 🔵 0值过多(零值率61%) | 🟠 有效样本少(n=1148) | 首耀清墩光伏: 🔵 0值偏多(零值率43%) | 🟠 有效样本少(n=1677)
2025-10-03 19:00:00,0.0,0.0,0.41,0.0004469905517508,昱中科技光伏: 🔵 0值过多(零值率61%) | 🟠 有效样本少(n=1148) | 首耀清墩光伏: 🔵 0值偏多(零值率43%) | 🟠 有效样本少(n=1677)
2025-10-03 20:00:00,0.0,0.0,0.0,0.0,昱中科技光伏: 🔵 0值过多(零值率61%) | 🟠 有效样本少(n=1148) | 首耀清墩光伏: 🔵 0值偏多(零值率43%) | 🟠 有效样本少(n=1677)
2025-10-03 21:00:00,0.0,0.0,0.0,0.0,昱中科技光伏: 🔵 0值过多(零值率61%) | 🟠 有效样本少(n=1148) | 首耀清墩光伏: 🔵 0值偏多(零值率43%) | 🟠 有效样本少(n=1677)
2025-10-03 22:00:00,0.0,0.0,0.0,0.0,昱中科技光伏: 🔵 0值过多(零值率61%) | 🟠 有效样本少(n=1148) | 首耀清墩光伏: 🔵 0值偏多(零值率43%) | 🟠 有效样本少(n=1677)
2025-10-03 23:00:00,0.0,0.0,0.0,0.0,昱中科技光伏: 🔵 0值过多(零值率61%) | 🟠 有效样本少(n=1148) | 首耀清墩光伏: 🔵 0值偏多(零值率43%) | 🟠 有效样本少(n=1677)
2025-10-04 00:00:00,0.0,0.0,0.0,0.0,昱中科技光伏: 🔵 0值过多(零值率61%) | 🟠 有效样本少(n=1148) | 首耀清墩光伏: 🔵 0值偏多(零值率43%) | 🟠 有效样本少(n=1677)
2025-10-04 01:00:00,0.0,0.0,0.0,0.0,昱中科技光伏: 🔵 0值过多(零值率61%) | 🟠 有效样本少(n=1148) | 首耀清墩光伏: 🔵 0值偏多(零值率43%) | 🟠 有效样本少(n=1677)
2025-10-04 02:00:00,0.0,0.0,0.0,0.0,昱中科技光伏: 🔵 0值过多(零值率61%) | 🟠 有效样本少(n=1148) | 首耀清墩光伏: 🔵 0值偏多(零值率43%) | 🟠 有效样本少(n=1677)
2025-10-04 03:00:00,0.0,0.0,0.0,0.0,昱中科技光伏: 🔵 0值过多(零值率61%) | 🟠 有效样本少(n=1148) | 首耀清墩光伏: 🔵 0值偏多(零值率43%) | 🟠 有效样本少(n=1677)
2025-10-04 04:00:00,0.0,0.0,0.0,0.0,昱中科技光伏: 🔵 0值过多(零值率61%) | 🟠 有效样本少(n=1148) | 首耀清墩光伏: 🔵 0值偏多(零值率43%) | 🟠 有效样本少(n=1677)
2025-10-04 05:00:00,0.0,0.0,0.0,0.0,昱中科技光伏: 🔵 0值过多(零值率61%) | 🟠 有效样本少(n=1148) | 首耀清墩光伏: 🔵 0值偏多(零值率43%) | 🟠 有效样本少(n=1677)
2025-10-04 06:00:00,0.0,0.0,0.41,0.0034762241572988,昱中科技光伏: 🔵 0值过多(零值率61%) | 🟠 有效样本少(n=1148) | 首耀清墩光伏: 🔵 0值偏多(零值率43%) | 🟠 有效样本少(n=1677)
2025-10-04 07:00:00,0.0,0.059733679285972,0.41,0.022150313246339,昱中科技光伏: 🔵 0值过多(零值率61%) | 🟠 有效样本少(n=1148) | 首耀清墩光伏: 🔵 0值偏多(零值率43%) | 🟠 有效样本少(n=1677)
2025-10-04 08:00:00,0.27,0.1027717502194511,0.41,0.1013082775779797,昱中科技光伏: 🔵 0值过多(零值率61%) | 🟠 有效样本少(n=1148) | 首耀清墩光伏: 🔵 0值偏多(零值率43%) | 🟠 有效样本少(n=1677)
2025-10-04 09:00:00,0.39,0.2553070988947412,0.41,0.2047493941699701,昱中科技光伏: 🔵 0值过多(零值率61%) | 🟠 有效样本少(n=1148) | 首耀清墩光伏: 🔵 0值偏多(零值率43%) | 🟠 有效样本少(n=1677)
2025-10-04 10:00:00,0.88,0.347586643210284,0.41,0.2490410209434512,昱中科技光伏: 🔵 0值过多(零值率61%) | 🟠 有效样本少(n=1148) | 首耀清墩光伏: 🔵 0值偏多(零值率43%) | 🟠 有效样本少(n=1677)
2025-10-04 11:00:00,0.41,0.3374465021497488,0.41,0.2321313123777825,昱中科技光伏: 🔵 0值过多(零值率61%) | 🟠 有效样本少(n=1148) | 首耀清墩光伏: 🔵 0值偏多(零值率43%) | 🟠 有效样本少(n=1677)
2025-10-04 12:00:00,0.29,0.3453593237361501,0.41,0.2206091874557313,昱中科技光伏: 🔵 0值过多(零值率61%) | 🟠 有效样本少(n=1148) | 首耀清墩光伏: 🔵 0值偏多(零值率43%) | 🟠 有效样本少(n=1677)
2025-10-04 13:00:00,0.07,0.234830900797854,0.41,0.1617965620794163,昱中科技光伏: 🔵 0值过多(零值率61%) | 🟠 有效样本少(n=1148) | 首耀清墩光伏: 🔵 0值偏多(零值率43%) | 🟠 有效样本少(n=1677)
2025-10-04 14:00:00,0.25,0.1434655924627013,0.41,0.1044204209024796,昱中科技光伏: 🔵 0值过多(零值率61%) | 🟠 有效样本少(n=1148) | 首耀清墩光伏: 🔵 0值偏多(零值率43%) | 🟠 有效样本少(n=1677)
2025-10-04 15:00:00,0.09,0.0893352249701811,0.41,0.0692627569175796,昱中科技光伏: 🔵 0值过多(零值率61%) | 🟠 有效样本少(n=1148) | 首耀清墩光伏: 🔵 0值偏多(零值率43%) | 🟠 有效样本少(n=1677)
2025-10-04 16:00:00,0.0,0.0473220151704948,0.41,0.035800978689265,昱中科技光伏: 🔵 0值过多(零值率61%) | 🟠 有效样本少(n=1148) | 首耀清墩光伏: 🔵 0值偏多(零值率43%) | 🟠 有效样本少(n=1677)
2025-10-04 17:00:00,0.0,0.0017950074092453,0.41,0.0090862118616035,昱中科技光伏: 🔵 0值过多(零值率61%) | 🟠 有效样本少(n=1148) | 首耀清墩光伏: 🔵 0值偏多(零值率43%) | 🟠 有效样本少(n=1677)
2025-10-04 18:00:00,0.0,0.0,0.41,0.0016206249575741,昱中科技光伏: 🔵 0值过多(零值率61%) | 🟠 有效样本少(n=1148) | 首耀清墩光伏: 🔵 0值偏多(零值率43%) | 🟠 有效样本少(n=1677)
2025-10-04 19:00:00,0.0,0.0,0.41,0.001531913537639,昱中科技光伏: 🔵 0值过多(零值率61%) | 🟠 有效样本少(n=1148) | 首耀清墩光伏: 🔵 0值偏多(零值率43%) | 🟠 有效样本少(n=1677)
2025-10-04 20:00:00,0.0,0.0,0.0,0.0,昱中科技光伏: 🔵 0值过多(零值率61%) | 🟠 有效样本少(n=1148) | 首耀清墩光伏: 🔵 0值偏多(零值率43%) | 🟠 有效样本少(n=1677)
2025-10-04 21:00:00,0.0,0.0,0.0,0.0,昱中科技光伏: 🔵 0值过多(零值率61%) | 🟠 有效样本少(n=1148) | 首耀清墩光伏: 🔵 0值偏多(零值率43%) | 🟠 有效样本少(n=1677)
2025-10-04 22:00:00,0.0,0.0,0.0,0.0,昱中科技光伏: 🔵 0值过多(零值率61%) | 🟠 有效样本少(n=1148) | 首耀清墩光伏: 🔵 0值偏多(零值率43%) | 🟠 有效样本少(n=1677)
2025-10-04 23:00:00,0.0,0.0,0.0,0.0,昱中科技光伏: 🔵 0值过多(零值率61%) | 🟠 有效样本少(n=1148) | 首耀清墩光伏: 🔵 0值偏多(零值率43%) | 🟠 有效样本少(n=1677)
2025-10-05 00:00:00,0.0,0.0,0.0,0.0,昱中科技光伏: 🔵 0值过多(零值率61%) | 🟠 有效样本少(n=1148) | 首耀清墩光伏: 🔵 0值偏多(零值率43%) | 🟠 有效样本少(n=1677)
2025-10-05 01:00:00,0.0,0.0,0.0,0.0,昱中科技光伏: 🔵 0值过多(零值率61%) | 🟠 有效样本少(n=1148) | 首耀清墩光伏: 🔵 0值偏多(零值率43%) | 🟠 有效样本少(n=1677)
2025-10-05 02:00:00,0.0,0.0,0.0,0.0,昱中科技光伏: 🔵 0值过多(零值率61%) | 🟠 有效样本少(n=1148) | 首耀清墩光伏: 🔵 0值偏多(零值率43%) | 🟠 有效样本少(n=1677)
2025-10-05 03:00:00,0.0,0.0,0.0,0.0,昱中科技光伏: 🔵 0值过多(零值率61%) | 🟠 有效样本少(n=1148) | 首耀清墩光伏: 🔵 0值偏多(零值率43%) | 🟠 有效样本少(n=1677)
2025-10-05 04:00:00,0.0,0.0,0.0,0.0,昱中科技光伏: 🔵 0值过多(零值率61%) | 🟠 有效样本少(n=1148) | 首耀清墩光伏: 🔵 0值偏多(零值率43%) | 🟠 有效样本少(n=1677)
2025-10-05 05:00:00,0.0,0.0,0.0,0.0,昱中科技光伏: 🔵 0值过多(零值率61%) | 🟠 有效样本少(n=1148) | 首耀清墩光伏: 🔵 0值偏多(零值率43%) | 🟠 有效样本少(n=1677)
2025-10-05 06:00:00,0.0,0.0,0.41,0.004819450434101,昱中科技光伏: 🔵 0值过多(零值率61%) | 🟠 有效样本少(n=1148) | 首耀清墩光伏: 🔵 0值偏多(零值率43%) | 🟠 有效样本少(n=1677)
2025-10-05 07:00:00,0.07,0.0269008732603437,0.41,0.0339575555847892,昱中科技光伏: 🔵 0值过多(零值率61%) | 🟠 有效样本少(n=1148) | 首耀清墩光伏: 🔵 0值偏多(零值率43%) | 🟠 有效样本少(n=1677)
2025-10-05 08:00:00,0.1,0.1076931001165655,0.41,0.1123969014487789,昱中科技光伏: 🔵 0值过多(零值率61%) | 🟠 有效样本少(n=1148) | 首耀清墩光伏: 🔵 0值偏多(零值率43%) | 🟠 有效样本少(n=1677)
2025-10-05 09:00:00,0.13,0.3039264279088837,0.41,0.2285226386890073,昱中科技光伏: 🔵 0值过多(零值率61%) | 🟠 有效样本少(n=1148) | 首耀清墩光伏: 🔵 0值偏多(零值率43%) | 🟠 有效样本少(n=1677)
2025-10-05 10:00:00,0.27,0.4816526995192647,0.41,0.3283176747003183,昱中科技光伏: 🔵 0值过多(零值率61%) | 🟠 有效样本少(n=1148) | 首耀清墩光伏: 🔵 0值偏多(零值率43%) | 🟠 有效样本少(n=1677)
2025-10-05 11:00:00,0.24,0.4499342878582654,0.41,0.3460512781092424,昱中科技光伏: 🔵 0值过多(零值率61%) | 🟠 有效样本少(n=1148) | 首耀清墩光伏: 🔵 0值偏多(零值率43%) | 🟠 有效样本少(n=1677)
2025-10-05 12:00:00,0.38,0.3958902541196941,0.41,0.2919523329625565,昱中科技光伏: 🔵 0值过多(零值率61%) | 🟠 有效样本少(n=1148) | 首耀清墩光伏: 🔵 0值偏多(零值率43%) | 🟠 有效样本少(n=1677)
2025-10-05 13:00:00,0.21,0.5049161691920706,0.41,0.3656247204373118,昱中科技光伏: 🔵 0值过多(零值率61%) | 🟠 有效样本少(n=1148) | 首耀清墩光伏: 🔵 0值偏多(零值率43%) | 🟠 有效样本少(n=1677)
2025-10-05 14:00:00,0.23,0.5038620501942784,0.41,0.4102345179643848,昱中科技光伏: 🔵 0值过多(零值率61%) | 🟠 有效样本少(n=1148) | 首耀清墩光伏: 🔵 0值偏多(零值率43%) | 🟠 有效样本少(n=1677)
2025-10-05 15:00:00,0.33,0.2940998907761654,0.41,0.227895602512188,昱中科技光伏: 🔵 0值过多(零值率61%) | 🟠 有效样本少(n=1148) | 首耀清墩光伏: 🔵 0值偏多(零值率43%) | 🟠 有效样本少(n=1677)
2025-10-05 16:00:00,0.31,0.1708330654717605,0.41,0.1110088210238694,昱中科技光伏: 🔵 0值过多(零值率61%) | 🟠 有效样本少(n=1148) | 首耀清墩光伏: 🔵 0值偏多(零值率43%) | 🟠 有效样本少(n=1677)
2025-10-05 17:00:00,0.05,0.0521700580133307,0.41,0.0346937733759818,昱中科技光伏: 🔵 0值过多(零值率61%) | 🟠 有效样本少(n=1148) | 首耀清墩光伏: 🔵 0值偏多(零值率43%) | 🟠 有效样本少(n=1677)
2025-10-05 18:00:00,0.0,0.0,0.41,0.0041311025289542,昱中科技光伏: 🔵 0值过多(零值率61%) | 🟠 有效样本少(n=1148) | 首耀清墩光伏: 🔵 0值偏多(零值率43%) | 🟠 有效样本少(n=1677)
2025-10-05 19:00:00,0.0,0.0,0.41,0.0005703393618453,昱中科技光伏: 🔵 0值过多(零值率61%) | 🟠 有效样本少(n=1148) | 首耀清墩光伏: 🔵 0值偏多(零值率43%) | 🟠 有效样本少(n=1677)
2025-10-05 20:00:00,0.0,0.0,0.0,0.0,昱中科技光伏: 🔵 0值过多(零值率61%) | 🟠 有效样本少(n=1148) | 首耀清墩光伏: 🔵 0值偏多(零值率43%) | 🟠 有效样本少(n=1677)
2025-10-05 21:00:00,0.0,0.0,0.0,0.0,昱中科技光伏: 🔵 0值过多(零值率61%) | 🟠 有效样本少(n=1148) | 首耀清墩光伏: 🔵 0值偏多(零值率43%) | 🟠 有效样本少(n=1677)
2025-10-05 22:00:00,0.0,0.0,0.0,0.0,昱中科技光伏: 🔵 0值过多(零值率61%) | 🟠 有效样本少(n=1148) | 首耀清墩光伏: 🔵 0值偏多(零值率43%) | 🟠 有效样本少(n=1677)
2025-10-05 23:00:00,0.0,0.0,0.0,0.0,昱中科技光伏: 🔵 0值过多(零值率61%) | 🟠 有效样本少(n=1148) | 首耀清墩光伏: 🔵 0值偏多(零值率43%) | 🟠 有效样本少(n=1677)
2025-10-06 00:00:00,0.0,0.0,0.0,0.0,昱中科技光伏: 🔵 0值过多(零值率61%) | 🟠 有效样本少(n=1148) | 首耀清墩光伏: 🔵 0值偏多(零值率43%) | 🟠 有效样本少(n=1677)
2025-10-06 01:00:00,0.0,0.0,0.0,0.0,昱中科技光伏: 🔵 0值过多(零值率61%) | 🟠 有效样本少(n=1148) | 首耀清墩光伏: 🔵 0值偏多(零值率43%) | 🟠 有效样本少(n=1677)
2025-10-06 02:00:00,0.0,0.0,0.0,0.0,昱中科技光伏: 🔵 0值过多(零值率61%) | 🟠 有效样本少(n=1148) | 首耀清墩光伏: 🔵 0值偏多(零值率43%) | 🟠 有效样本少(n=1677)
2025-10-06 03:00:00,0.0,0.0,0.0,0.0,昱中科技光伏: 🔵 0值过多(零值率61%) | 🟠 有效样本少(n=1148) | 首耀清墩光伏: 🔵 0值偏多(零值率43%) | 🟠 有效样本少(n=1677)
2025-10-06 04:00:00,0.0,0.0,0.0,0.0,昱中科技光伏: 🔵 0值过多(零值率61%) | 🟠 有效样本少(n=1148) | 首耀清墩光伏: 🔵 0值偏多(零值率43%) | 🟠 有效样本少(n=1677)
2025-10-06 05:00:00,0.0,0.0,0.0,0.0,昱中科技光伏: 🔵 0值过多(零值率61%) | 🟠 有效样本少(n=1148) | 首耀清墩光伏: 🔵 0值偏多(零值率43%) | 🟠 有效样本少(n=1677)
2025-10-06 06:00:00,0.0,0.0,0.41,0.0054405444703835,昱中科技光伏: 🔵 0值过多(零值率61%) | 🟠 有效样本少(n=1148) | 首耀清墩光伏: 🔵 0值偏多(零值率43%) | 🟠 有效样本少(n=1677)
2025-10-06 07:00:00,0.09,0.0577021971596986,0.41,0.0667402860803222,昱中科技光伏: 🔵 0值过多(零值率61%) | 🟠 有效样本少(n=1148) | 首耀清墩光伏: 🔵 0值偏多(零值率43%) | 🟠 有效样本少(n=1677)
2025-10-06 08:00:00,0.22,0.2497320148545049,0.41,0.1609448947692086,昱中科技光伏: 🔵 0值过多(零值率61%) | 🟠 有效样本少(n=1148) | 首耀清墩光伏: 🔵 0值偏多(零值率43%) | 🟠 有效样本少(n=1677)
2025-10-06 09:00:00,0.23,0.3729068940683251,0.41,0.2357160089980145,昱中科技光伏: 🔵 0值过多(零值率61%) | 🟠 有效样本少(n=1148) | 首耀清墩光伏: 🔵 0值偏多(零值率43%) | 🟠 有效样本少(n=1677)
2025-10-06 10:00:00,0.48,0.5227529560220614,0.41,0.3364240491629141,昱中科技光伏: 🔵 0值过多(零值率61%) | 🟠 有效样本少(n=1148) | 首耀清墩光伏: 🔵 0值偏多(零值率43%) | 🟠 有效样本少(n=1677)
2025-10-06 11:00:00,1.35,0.5874165850094645,0.41,0.3618920561287197,昱中科技光伏: 🔵 0值过多(零值率61%) | 🟠 有效样本少(n=1148) | 首耀清墩光伏: 🔵 0值偏多(零值率43%) | 🟠 有效样本少(n=1677)
2025-10-06 12:00:00,0.63,1.0956078399006473,0.41,0.5928705255213228,昱中科技光伏: 🔵 0值过多(零值率61%) | 🟠 有效样本少(n=1148) | 首耀清墩光伏: 🔵 0值偏多(零值率43%) | 🟠 有效样本少(n=1677)
2025-10-06 13:00:00,0.67,1.2514213550455382,0.41,0.7565543245693972,昱中科技光伏: 🔵 0值过多(零值率61%) | 🟠 有效样本少(n=1148) | 首耀清墩光伏: 🔵 0值偏多(零值率43%) | 🟠 有效样本少(n=1677)
2025-10-06 14:00:00,0.63,0.9237763459919835,0.41,0.5332934126012236,昱中科技光伏: 🔵 0值过多(零值率61%) | 🟠 有效样本少(n=1148) | 首耀清墩光伏: 🔵 0值偏多(零值率43%) | 🟠 有效样本少(n=1677)
2025-10-06 15:00:00,0.46,0.7017016855083132,0.41,0.4068176366542556,昱中科技光伏: 🔵 0值过多(零值率61%) | 🟠 有效样本少(n=1148) | 首耀清墩光伏: 🔵 0值偏多(零值率43%) | 🟠 有效样本少(n=1677)
2025-10-06 16:00:00,0.45,0.2182744973956659,0.41,0.1157292477727096,昱中科技光伏: 🔵 0值过多(零值率61%) | 🟠 有效样本少(n=1148) | 首耀清墩光伏: 🔵 0值偏多(零值率43%) | 🟠 有效样本少(n=1677)
2025-10-06 17:00:00,0.0,0.0217136101252309,0.41,0.0256054597146306,昱中科技光伏: 🔵 0值过多(零值率61%) | 🟠 有效样本少(n=1148) | 首耀清墩光伏: 🔵 0值偏多(零值率43%) | 🟠 有效样本少(n=1677)
2025-10-06 18:00:00,0.0,0.0,0.41,0.0035479984477532,昱中科技光伏: 🔵 0值过多(零值率61%) | 🟠 有效样本少(n=1148) | 首耀清墩光伏: 🔵 0值偏多(零值率43%) | 🟠 有效样本少(n=1677)
2025-10-06 19:00:00,0.0,0.0,0.41,0.000873365104492,昱中科技光伏: 🔵 0值过多(零值率61%) | 🟠 有效样本少(n=1148) | 首耀清墩光伏: 🔵 0值偏多(零值率43%) | 🟠 有效样本少(n=1677)
2025-10-06 20:00:00,0.0,0.0,0.0,0.0,昱中科技光伏: 🔵 0值过多(零值率61%) | 🟠 有效样本少(n=1148) | 首耀清墩光伏: 🔵 0值偏多(零值率43%) | 🟠 有效样本少(n=1677)
2025-10-06 21:00:00,0.0,0.0,0.0,0.0,昱中科技光伏: 🔵 0值过多(零值率61%) | 🟠 有效样本少(n=1148) | 首耀清墩光伏: 🔵 0值偏多(零值率43%) | 🟠 有效样本少(n=1677)
2025-10-06 22:00:00,0.0,0.0,0.0,0.0,昱中科技光伏: 🔵 0值过多(零值率61%) | 🟠 有效样本少(n=1148) | 首耀清墩光伏: 🔵 0值偏多(零值率43%) | 🟠 有效样本少(n=1677)
2025-10-06 23:00:00,0.0,0.0,0.0,0.0,昱中科技光伏: 🔵 0值过多(零值率61%) | 🟠 有效样本少(n=1148) | 首耀清墩光伏: 🔵 0值偏多(零值率43%) | 🟠 有效样本少(n=1677)
2025-10-07 00:00:00,0.0,0.0,0.0,0.0,昱中科技光伏: 🔵 0值过多(零值率61%) | 🟠 有效样本少(n=1148) | 首耀清墩光伏: 🔵 0值偏多(零值率43%) | 🟠 有效样本少(n=1677)
2025-10-07 01:00:00,0.0,0.0,0.0,0.0,昱中科技光伏: 🔵 0值过多(零值率61%) | 🟠 有效样本少(n=1148) | 首耀清墩光伏: 🔵 0值偏多(零值率43%) | 🟠 有效样本少(n=1677)
2025-10-07 02:00:00,0.0,0.0,0.0,0.0,昱中科技光伏: 🔵 0值过多(零值率61%) | 🟠 有效样本少(n=1148) | 首耀清墩光伏: 🔵 0值偏多(零值率43%) | 🟠 有效样本少(n=1677)
2025-10-07 03:00:00,0.0,0.0,0.0,0.0,昱中科技光伏: 🔵 0值过多(零值率61%) | 🟠 有效样本少(n=1148) | 首耀清墩光伏: 🔵 0值偏多(零值率43%) | 🟠 有效样本少(n=1677)
2025-10-07 04:00:00,0.0,0.0,0.0,0.0,昱中科技光伏: 🔵 0值过多(零值率61%) | 🟠 有效样本少(n=1148) | 首耀清墩光伏: 🔵 0值偏多(零值率43%) | 🟠 有效样本少(n=1677)
2025-10-07 05:00:00,0.0,0.0,0.0,0.0,昱中科技光伏: 🔵 0值过多(零值率61%) | 🟠 有效样本少(n=1148) | 首耀清墩光伏: 🔵 0值偏多(零值率43%) | 🟠 有效样本少(n=1677)
2025-10-07 06:00:00,0.0,0.0,0.41,0.0046580237056737,昱中科技光伏: 🔵 0值过多(零值率61%) | 🟠 有效样本少(n=1148) | 首耀清墩光伏: 🔵 0值偏多(零值率43%) | 🟠 有效样本少(n=1677)
2025-10-07 07:00:00,0.01,0.0623086260103216,0.41,0.0586558413109727,昱中科技光伏: 🔵 0值过多(零值率61%) | 🟠 有效样本少(n=1148) | 首耀清墩光伏: 🔵 0值偏多(零值率43%) | 🟠 有效样本少(n=1677)
2025-10-07 08:00:00,0.17,0.3211812630515516,0.41,0.1889123576838592,昱中科技光伏: 🔵 0值过多(零值率61%) | 🟠 有效样本少(n=1148) | 首耀清墩光伏: 🔵 0值偏多(零值率43%) | 🟠 有效样本少(n=1677)
2025-10-07 09:00:00,0.42,0.7572584953150648,0.41,0.3875753519933357,昱中科技光伏: 🔵 0值过多(零值率61%) | 🟠 有效样本少(n=1148) | 首耀清墩光伏: 🔵 0值偏多(零值率43%) | 🟠 有效样本少(n=1677)
2025-10-07 10:00:00,0.76,0.921556378174918,0.41,0.5025534495130765,昱中科技光伏: 🔵 0值过多(零值率61%) | 🟠 有效样本少(n=1148) | 首耀清墩光伏: 🔵 0值偏多(零值率43%) | 🟠 有效样本少(n=1677)
2025-10-07 11:00:00,1.03,1.2177829198667511,0.41,0.5853123074608364,昱中科技光伏: 🔵 0值过多(零值率61%) | 🟠 有效样本少(n=1148) | 首耀清墩光伏: 🔵 0值偏多(零值率43%) | 🟠 有效样本少(n=1677)
2025-10-07 12:00:00,0.99,1.2208083915536565,0.41,0.6056299366639306,昱中科技光伏: 🔵 0值过多(零值率61%) | 🟠 有效样本少(n=1148) | 首耀清墩光伏: 🔵 0值偏多(零值率43%) | 🟠 有效样本少(n=1677)
2025-10-07 13:00:00,1.48,1.144673884371222,0.41,0.5881687658868332,昱中科技光伏: 🔵 0值过多(零值率61%) | 🟠 有效样本少(n=1148) | 首耀清墩光伏: 🔵 0值偏多(零值率43%) | 🟠 有效样本少(n=1677)
2025-10-07 14:00:00,1.32,0.8936296282384233,0.41,0.4955291189927107,昱中科技光伏: 🔵 0值过多(零值率61%) | 🟠 有效样本少(n=1148) | 首耀清墩光伏: 🔵 0值偏多(零值率43%) | 🟠 有效样本少(n=1677)
2025-10-07 15:00:00,0.56,0.6461738513562246,0.41,0.2717562474604588,昱中科技光伏: 🔵 0值过多(零值率61%) | 🟠 有效样本少(n=1148) | 首耀清墩光伏: 🔵 0值偏多(零值率43%) | 🟠 有效样本少(n=1677)
2025-10-07 16:00:00,0.23,0.2763086756138977,0.41,0.1464657190231412,昱中科技光伏: 🔵 0值过多(零值率61%) | 🟠 有效样本少(n=1148) | 首耀清墩光伏: 🔵 0值偏多(零值率43%) | 🟠 有效样本少(n=1677)
2025-10-07 17:00:00,0.01,0.0687047846359901,0.41,0.0369940381020988,昱中科技光伏: 🔵 0值过多(零值率61%) | 🟠 有效样本少(n=1148) | 首耀清墩光伏: 🔵 0值偏多(零值率43%) | 🟠 有效样本少(n=1677)
2025-10-07 18:00:00,0.0,0.0,0.41,0.0028187204438585,昱中科技光伏: 🔵 0值过多(零值率61%) | 🟠 有效样本少(n=1148) | 首耀清墩光伏: 🔵 0值偏多(零值率43%) | 🟠 有效样本少(n=1677)
2025-10-07 19:00:00,0.0,0.0,0.41,0.0010432608852053,昱中科技光伏: 🔵 0值过多(零值率61%) | 🟠 有效样本少(n=1148) | 首耀清墩光伏: 🔵 0值偏多(零值率43%) | 🟠 有效样本少(n=1677)
2025-10-07 20:00:00,0.0,0.0,0.0,0.0,昱中科技光伏: 🔵 0值过多(零值率61%) | 🟠 有效样本少(n=1148) | 首耀清墩光伏: 🔵 0值偏多(零值率43%) | 🟠 有效样本少(n=1677)
2025-10-07 21:00:00,0.0,0.0,0.0,0.0,昱中科技光伏: 🔵 0值过多(零值率61%) | 🟠 有效样本少(n=1148) | 首耀清墩光伏: 🔵 0值偏多(零值率43%) | 🟠 有效样本少(n=1677)
2025-10-07 22:00:00,0.0,0.0,0.0,0.0,昱中科技光伏: 🔵 0值过多(零值率61%) | 🟠 有效样本少(n=1148) | 首耀清墩光伏: 🔵 0值偏多(零值率43%) | 🟠 有效样本少(n=1677)
2025-10-07 23:00:00,0.0,0.0,0.0,0.0,昱中科技光伏: 🔵 0值过多(零值率61%) | 🟠 有效样本少(n=1148) | 首耀清墩光伏: 🔵 0值偏多(零值率43%) | 🟠 有效样本少(n=1677)
2025-10-08 00:00:00,0.0,0.0,0.0,0.0,昱中科技光伏: 🔵 0值过多(零值率61%) | 🟠 有效样本少(n=1148) | 首耀清墩光伏: 🔵 0值偏多(零值率43%) | 🟠 有效样本少(n=1677)
2025-10-08 01:00:00,0.0,0.0,0.0,0.0,昱中科技光伏: 🔵 0值过多(零值率61%) | 🟠 有效样本少(n=1148) | 首耀清墩光伏: 🔵 0值偏多(零值率43%) | 🟠 有效样本少(n=1677)
2025-10-08 02:00:00,0.0,0.0,0.0,0.0,昱中科技光伏: 🔵 0值过多(零值率61%) | 🟠 有效样本少(n=1148) | 首耀清墩光伏: 🔵 0值偏多(零值率43%) | 🟠 有效样本少(n=1677)
2025-10-08 03:00:00,0.0,0.0,0.0,0.0,昱中科技光伏: 🔵 0值过多(零值率61%) | 🟠 有效样本少(n=1148) | 首耀清墩光伏: 🔵 0值偏多(零值率43%) | 🟠 有效样本少(n=1677)
2025-10-08 04:00:00,0.0,0.0,0.0,0.0,昱中科技光伏: 🔵 0值过多(零值率61%) | 🟠 有效样本少(n=1148) | 首耀清墩光伏: 🔵 0值偏多(零值率43%) | 🟠 有效样本少(n=1677)
2025-10-08 05:00:00,0.0,0.0,0.0,0.0,昱中科技光伏: 🔵 0值过多(零值率61%) | 🟠 有效样本少(n=1148) | 首耀清墩光伏: 🔵 0值偏多(零值率43%) | 🟠 有效样本少(n=1677)
2025-10-08 06:00:00,0.0,0.0,0.41,0.0034386175419847,昱中科技光伏: 🔵 0值过多(零值率61%) | 🟠 有效样本少(n=1148) | 首耀清墩光伏: 🔵 0值偏多(零值率43%) | 🟠 有效样本少(n=1677)
2025-10-08 07:00:00,0.08,0.0449033418759108,0.41,0.0503861713611151,昱中科技光伏: 🔵 0值过多(零值率61%) | 🟠 有效样本少(n=1148) | 首耀清墩光伏: 🔵 0值偏多(零值率43%) | 🟠 有效样本少(n=1677)
2025-10-08 08:00:00,0.38,0.2919889466779151,0.41,0.1805622223186249,昱中科技光伏: 🔵 0值过多(零值率61%) | 🟠 有效样本少(n=1148) | 首耀清墩光伏: 🔵 0值偏多(零值率43%) | 🟠 有效样本少(n=1677)
2025-10-08 09:00:00,0.47,0.6467716411109528,0.41,0.3768749786180304,昱中科技光伏: 🔵 0值过多(零值率61%) | 🟠 有效样本少(n=1148) | 首耀清墩光伏: 🔵 0值偏多(零值率43%) | 🟠 有效样本少(n=1677)
2025-10-08 10:00:00,0.74,0.886121601901735,0.41,0.541829751125051,昱中科技光伏: 🔵 0值过多(零值率61%) | 🟠 有效样本少(n=1148) | 首耀清墩光伏: 🔵 0值偏多(零值率43%) | 🟠 有效样本少(n=1677)
2025-10-08 11:00:00,1.69,0.8352349336785992,0.41,0.5122579612096511,昱中科技光伏: 🔵 0值过多(零值率61%) | 🟠 有效样本少(n=1148) | 首耀清墩光伏: 🔵 0值偏多(零值率43%) | 🟠 有效样本少(n=1677)
2025-10-08 12:00:00,0.09,0.8447358054135823,0.41,0.526374188222291,昱中科技光伏: 🔵 0值过多(零值率61%) | 🟠 有效样本少(n=1148) | 首耀清墩光伏: 🔵 0值偏多(零值率43%) | 🟠 有效样本少(n=1677)
2025-10-08 13:00:00,0.35,0.7254741728569082,0.41,0.3988767871501815,昱中科技光伏: 🔵 0值过多(零值率61%) | 🟠 有效样本少(n=1148) | 首耀清墩光伏: 🔵 0值偏多(零值率43%) | 🟠 有效样本少(n=1677)
2025-10-08 14:00:00,0.27,0.4679025976595956,0.41,0.2481329297943721,昱中科技光伏: 🔵 0值过多(零值率61%) | 🟠 有效样本少(n=1148) | 首耀清墩光伏: 🔵 0值偏多(零值率43%) | 🟠 有效样本少(n=1677)
2025-10-08 15:00:00,0.15,0.5429569327546694,0.41,0.2599670419714888,昱中科技光伏: 🔵 0值过多(零值率61%) | 🟠 有效样本少(n=1148) | 首耀清墩光伏: 🔵 0值偏多(零值率43%) | 🟠 有效样本少(n=1677)
2025-10-08 16:00:00,0.07,0.2707026325230411,0.41,0.1393838891493548,昱中科技光伏: 🔵 0值过多(零值率61%) | 🟠 有效样本少(n=1148) | 首耀清墩光伏: 🔵 0值偏多(零值率43%) | 🟠 有效样本少(n=1677)
2025-10-08 17:00:00,0.0,0.0647025769854844,0.41,0.041536466383094,昱中科技光伏: 🔵 0值过多(零值率61%) | 🟠 有效样本少(n=1148) | 首耀清墩光伏: 🔵 0值偏多(零值率43%) | 🟠 有效样本少(n=1677)
2025-10-08 18:00:00,0.0,0.0,0.41,0.004224504207359,昱中科技光伏: 🔵 0值过多(零值率61%) | 🟠 有效样本少(n=1148) | 首耀清墩光伏: 🔵 0值偏多(零值率43%) | 🟠 有效样本少(n=1677)
2025-10-08 19:00:00,0.0,0.0,0.41,0.0006535477083022,昱中科技光伏: 🔵 0值过多(零值率61%) | 🟠 有效样本少(n=1148) | 首耀清墩光伏: 🔵 0值偏多(零值率43%) | 🟠 有效样本少(n=1677)
2025-10-08 20:00:00,0.0,0.0,0.0,0.0,昱中科技光伏: 🔵 0值过多(零值率61%) | 🟠 有效样本少(n=1148) | 首耀清墩光伏: 🔵 0值偏多(零值率43%) | 🟠 有效样本少(n=1677)
2025-10-08 21:00:00,0.0,0.0,0.0,0.0,昱中科技光伏: 🔵 0值过多(零值率61%) | 🟠 有效样本少(n=1148) | 首耀清墩光伏: 🔵 0值偏多(零值率43%) | 🟠 有效样本少(n=1677)
2025-10-08 22:00:00,0.0,0.0,0.0,0.0,昱中科技光伏: 🔵 0值过多(零值率61%) | 🟠 有效样本少(n=1148) | 首耀清墩光伏: 🔵 0值偏多(零值率43%) | 🟠 有效样本少(n=1677)
2025-10-08 23:00:00,0.0,0.0,0.0,0.0,昱中科技光伏: 🔵 0值过多(零值率61%) | 🟠 有效样本少(n=1148) | 首耀清墩光伏: 🔵 0值偏多(零值率43%) | 🟠 有效样本少(n=1677)
2025-10-09 00:00:00,0.0,0.0,0.0,0.0,昱中科技光伏: 🔵 0值过多(零值率61%) | 🟠 有效样本少(n=1148) | 首耀清墩光伏: 🔵 0值偏多(零值率43%) | 🟠 有效样本少(n=1677)
2025-10-09 01:00:00,0.0,0.0,0.0,0.0,昱中科技光伏: 🔵 0值过多(零值率61%) | 🟠 有效样本少(n=1148) | 首耀清墩光伏: 🔵 0值偏多(零值率43%) | 🟠 有效样本少(n=1677)
2025-10-09 02:00:00,0.0,0.0,0.0,0.0,昱中科技光伏: 🔵 0值过多(零值率61%) | 🟠 有效样本少(n=1148) | 首耀清墩光伏: 🔵 0值偏多(零值率43%) | 🟠 有效样本少(n=1677)
2025-10-09 03:00:00,0.0,0.0,0.0,0.0,昱中科技光伏: 🔵 0值过多(零值率61%) | 🟠 有效样本少(n=1148) | 首耀清墩光伏: 🔵 0值偏多(零值率43%) | 🟠 有效样本少(n=1677)
2025-10-09 04:00:00,0.0,0.0,0.0,0.0,昱中科技光伏: 🔵 0值过多(零值率61%) | 🟠 有效样本少(n=1148) | 首耀清墩光伏: 🔵 0值偏多(零值率43%) | 🟠 有效样本少(n=1677)
2025-10-09 05:00:00,0.0,0.0,0.0,0.0,昱中科技光伏: 🔵 0值过多(零值率61%) | 🟠 有效样本少(n=1148) | 首耀清墩光伏: 🔵 0值偏多(零值率43%) | 🟠 有效样本少(n=1677)
2025-10-09 06:00:00,0.0,0.0,0.41,0.0053243798201946,昱中科技光伏: 🔵 0值过多(零值率61%) | 🟠 有效样本少(n=1148) | 首耀清墩光伏: 🔵 0值偏多(零值率43%) | 🟠 有效样本少(n=1677)
2025-10-09 07:00:00,0.15,0.0793295043752678,0.41,0.0745369243536561,昱中科技光伏: 🔵 0值过多(零值率61%) | 🟠 有效样本少(n=1148) | 首耀清墩光伏: 🔵 0值偏多(零值率43%) | 🟠 有效样本少(n=1677)
2025-10-09 08:00:00,0.28,0.5333814069951105,0.41,0.3510710368935635,昱中科技光伏: 🔵 0值过多(零值率61%) | 🟠 有效样本少(n=1148) | 首耀清墩光伏: 🔵 0值偏多(零值率43%) | 🟠 有效样本少(n=1677)
2025-10-09 09:00:00,0.65,1.0386060756426394,0.41,0.631897342622813,昱中科技光伏: 🔵 0值过多(零值率61%) | 🟠 有效样本少(n=1148) | 首耀清墩光伏: 🔵 0值偏多(零值率43%) | 🟠 有效样本少(n=1677)
2025-10-09 10:00:00,1.34,1.3063873468065246,0.41,0.734302437960652,昱中科技光伏: 🔵 0值过多(零值率61%) | 🟠 有效样本少(n=1148) | 首耀清墩光伏: 🔵 0值偏多(零值率43%) | 🟠 有效样本少(n=1677)
2025-10-09 11:00:00,1.43,1.3897373882856463,0.41,0.8543722830940305,昱中科技光伏: 🔵 0值过多(零值率61%) | 🟠 有效样本少(n=1148) | 首耀清墩光伏: 🔵 0值偏多(零值率43%) | 🟠 有效样本少(n=1677)
2025-10-09 12:00:00,1.49,1.4646510500930336,0.41,0.8871046335488633,昱中科技光伏: 🔵 0值过多(零值率61%) | 🟠 有效样本少(n=1148) | 首耀清墩光伏: 🔵 0值偏多(零值率43%) | 🟠 有效样本少(n=1677)
2025-10-09 13:00:00,1.42,1.4111945390597032,0.41,0.8636803515598285,昱中科技光伏: 🔵 0值过多(零值率61%) | 🟠 有效样本少(n=1148) | 首耀清墩光伏: 🔵 0值偏多(零值率43%) | 🟠 有效样本少(n=1677)
2025-10-09 14:00:00,1.22,1.2501880742746685,0.41,0.7373638037978201,昱中科技光伏: 🔵 0值过多(零值率61%) | 🟠 有效样本少(n=1148) | 首耀清墩光伏: 🔵 0值偏多(零值率43%) | 🟠 有效样本少(n=1677)
2025-10-09 15:00:00,0.89,0.8784686815352906,0.41,0.5129499660464529,昱中科技光伏: 🔵 0值过多(零值率61%) | 🟠 有效样本少(n=1148) | 首耀清墩光伏: 🔵 0值偏多(零值率43%) | 🟠 有效样本少(n=1677)
2025-10-09 16:00:00,0.46,0.3594101807398155,0.41,0.2206258642731722,昱中科技光伏: 🔵 0值过多(零值率61%) | 🟠 有效样本少(n=1148) | 首耀清墩光伏: 🔵 0值偏多(零值率43%) | 🟠 有效样本少(n=1677)
2025-10-09 17:00:00,0.07,0.1098072694771563,0.41,0.0633628252498563,昱中科技光伏: 🔵 0值过多(零值率61%) | 🟠 有效样本少(n=1148) | 首耀清墩光伏: 🔵 0值偏多(零值率43%) | 🟠 有效样本少(n=1677)
2025-10-09 18:00:00,0.0,0.0,0.41,0.0057075422247552,昱中科技光伏: 🔵 0值过多(零值率61%) | 🟠 有效样本少(n=1148) | 首耀清墩光伏: 🔵 0值偏多(零值率43%) | 🟠 有效样本少(n=1677)
2025-10-09 19:00:00,0.0,0.0,0.41,0.0005753163522446,昱中科技光伏: 🔵 0值过多(零值率61%) | 🟠 有效样本少(n=1148) | 首耀清墩光伏: 🔵 0值偏多(零值率43%) | 🟠 有效样本少(n=1677)
2025-10-09 20:00:00,0.0,0.0,0.0,0.0,昱中科技光伏: 🔵 0值过多(零值率61%) | 🟠 有效样本少(n=1148) | 首耀清墩光伏: 🔵 0值偏多(零值率43%) | 🟠 有效样本少(n=1677)
2025-10-09 21:00:00,0.0,0.0,0.0,0.0,昱中科技光伏: 🔵 0值过多(零值率61%) | 🟠 有效样本少(n=1148) | 首耀清墩光伏: 🔵 0值偏多(零值率43%) | 🟠 有效样本少(n=1677)
2025-10-09 22:00:00,0.0,0.0,0.0,0.0,昱中科技光伏: 🔵 0值过多(零值率61%) | 🟠 有效样本少(n=1148) | 首耀清墩光伏: 🔵 0值偏多(零值率43%) | 🟠 有效样本少(n=1677)
2025-10-09 23:00:00,0.0,0.0,0.0,0.0,昱中科技光伏: 🔵 0值过多(零值率61%) | 🟠 有效样本少(n=1148) | 首耀清墩光伏: 🔵 0值偏多(零值率43%) | 🟠 有效样本少(n=1677)
2025-10-10 00:00:00,0.0,0.0,0.0,0.0,昱中科技光伏: 🔵 0值过多(零值率61%) | 🟠 有效样本少(n=1148) | 首耀清墩光伏: 🔵 0值偏多(零值率43%) | 🟠 有效样本少(n=1677)
2025-10-10 01:00:00,0.0,0.0,0.0,0.0,昱中科技光伏: 🔵 0值过多(零值率61%) | 🟠 有效样本少(n=1148) | 首耀清墩光伏: 🔵 0值偏多(零值率43%) | 🟠 有效样本少(n=1677)
2025-10-10 02:00:00,0.0,0.0,0.0,0.0,昱中科技光伏: 🔵 0值过多(零值率61%) | 🟠 有效样本少(n=1148) | 首耀清墩光伏: 🔵 0值偏多(零值率43%) | 🟠 有效样本少(n=1677)
2025-10-10 03:00:00,0.0,0.0,0.0,0.0,昱中科技光伏: 🔵 0值过多(零值率61%) | 🟠 有效样本少(n=1148) | 首耀清墩光伏: 🔵 0值偏多(零值率43%) | 🟠 有效样本少(n=1677)
2025-10-10 04:00:00,0.0,0.0,0.0,0.0,昱中科技光伏: 🔵 0值过多(零值率61%) | 🟠 有效样本少(n=1148) | 首耀清墩光伏: 🔵 0值偏多(零值率43%) | 🟠 有效样本少(n=1677)
2025-10-10 05:00:00,0.0,0.0,0.0,0.0,昱中科技光伏: 🔵 0值过多(零值率61%) | 🟠 有效样本少(n=1148) | 首耀清墩光伏: 🔵 0值偏多(零值率43%) | 🟠 有效样本少(n=1677)
2025-10-10 06:00:00,0.0,0.0,0.41,0.0047341650207887,昱中科技光伏: 🔵 0值过多(零值率61%) | 🟠 有效样本少(n=1148) | 首耀清墩光伏: 🔵 0值偏多(零值率43%) | 🟠 有效样本少(n=1677)
2025-10-10 07:00:00,0.17,0.065011875954639,0.41,0.0703015128076654,昱中科技光伏: 🔵 0值过多(零值率61%) | 🟠 有效样本少(n=1148) | 首耀清墩光伏: 🔵 0值偏多(零值率43%) | 🟠 有效样本少(n=1677)
2025-10-10 08:00:00,0.54,0.4283833038477355,0.41,0.2913887184443174,昱中科技光伏: 🔵 0值过多(零值率61%) | 🟠 有效样本少(n=1148) | 首耀清墩光伏: 🔵 0值偏多(零值率43%) | 🟠 有效样本少(n=1677)
2025-10-10 09:00:00,0.96,0.8572598450443218,0.41,0.5330232378198064,昱中科技光伏: 🔵 0值过多(零值率61%) | 🟠 有效样本少(n=1148) | 首耀清墩光伏: 🔵 0值偏多(零值率43%) | 🟠 有效样本少(n=1677)
2025-10-10 10:00:00,0.68,1.1617973698023425,0.41,0.629304770810104,昱中科技光伏: 🔵 0值过多(零值率61%) | 🟠 有效样本少(n=1148) | 首耀清墩光伏: 🔵 0值偏多(零值率43%) | 🟠 有效样本少(n=1677)
2025-10-10 11:00:00,0.8,1.1645126478060952,0.41,0.6479907102337791,昱中科技光伏: 🔵 0值过多(零值率61%) | 🟠 有效样本少(n=1148) | 首耀清墩光伏: 🔵 0值偏多(零值率43%) | 🟠 有效样本少(n=1677)
2025-10-10 12:00:00,0.62,0.8307992449183789,0.41,0.5181159190645993,昱中科技光伏: 🔵 0值过多(零值率61%) | 🟠 有效样本少(n=1148) | 首耀清墩光伏: 🔵 0值偏多(零值率43%) | 🟠 有效样本少(n=1677)
2025-10-10 13:00:00,0.54,0.8772880379936306,0.41,0.5221939174017742,昱中科技光伏: 🔵 0值过多(零值率61%) | 🟠 有效样本少(n=1148) | 首耀清墩光伏: 🔵 0值偏多(零值率43%) | 🟠 有效样本少(n=1677)
2025-10-10 14:00:00,0.68,0.7939698792681048,0.41,0.4956144705730291,昱中科技光伏: 🔵 0值过多(零值率61%) | 🟠 有效样本少(n=1148) | 首耀清墩光伏: 🔵 0值偏多(零值率43%) | 🟠 有效样本少(n=1677)
2025-10-10 15:00:00,0.62,0.7169330774442584,0.41,0.4487262332739321,昱中科技光伏: 🔵 0值过多(零值率61%) | 🟠 有效样本少(n=1148) | 首耀清墩光伏: 🔵 0值偏多(零值率43%) | 🟠 有效样本少(n=1677)
2025-10-10 16:00:00,0.28,0.2761851521040166,0.41,0.1658448561829815,昱中科技光伏: 🔵 0值过多(零值率61%) | 🟠 有效样本少(n=1148) | 首耀清墩光伏: 🔵 0值偏多(零值率43%) | 🟠 有效样本少(n=1677)
2025-10-10 17:00:00,0.05,0.085032586865469,0.41,0.0504886650614631,昱中科技光伏: 🔵 0值过多(零值率61%) | 🟠 有效样本少(n=1148) | 首耀清墩光伏: 🔵 0值偏多(零值率43%) | 🟠 有效样本少(n=1677)
2025-10-10 18:00:00,0.0,0.0,0.41,0.0044559233071913,昱中科技光伏: 🔵 0值过多(零值率61%) | 🟠 有效样本少(n=1148) | 首耀清墩光伏: 🔵 0值偏多(零值率43%) | 🟠 有效样本少(n=1677)
2025-10-10 19:00:00,0.0,0.0,0.41,0.0011759803083826,昱中科技光伏: 🔵 0值过多(零值率61%) | 🟠 有效样本少(n=1148) | 首耀清墩光伏: 🔵 0值偏多(零值率43%) | 🟠 有效样本少(n=1677)
2025-10-10 20:00:00,0.0,0.0,0.0,0.0,昱中科技光伏: 🔵 0值过多(零值率61%) | 🟠 有效样本少(n=1148) | 首耀清墩光伏: 🔵 0值偏多(零值率43%) | 🟠 有效样本少(n=1677)
2025-10-10 21:00:00,0.0,0.0,0.0,0.0,昱中科技光伏: 🔵 0值过多(零值率61%) | 🟠 有效样本少(n=1148) | 首耀清墩光伏: 🔵 0值偏多(零值率43%) | 🟠 有效样本少(n=1677)
2025-10-10 22:00:00,0.0,0.0,0.0,0.0,昱中科技光伏: 🔵 0值过多(零值率61%) | 🟠 有效样本少(n=1148) | 首耀清墩光伏: 🔵 0值偏多(零值率43%) | 🟠 有效样本少(n=1677)
2025-10-10 23:00:00,0.0,0.0,0.0,0.0,昱中科技光伏: 🔵 0值过多(零值率61%) | 🟠 有效样本少(n=1148) | 首耀清墩光伏: 🔵 0值偏多(零值率43%) | 🟠 有效样本少(n=1677)
2025-10-11 00:00:00,0.0,0.0,0.0,0.0,昱中科技光伏: 🔵 0值过多(零值率61%) | 🟠 有效样本少(n=1148) | 首耀清墩光伏: 🔵 0值偏多(零值率43%) | 🟠 有效样本少(n=1677)
2025-10-11 01:00:00,0.0,0.0,0.0,0.0,昱中科技光伏: 🔵 0值过多(零值率61%) | 🟠 有效样本少(n=1148) | 首耀清墩光伏: 🔵 0值偏多(零值率43%) | 🟠 有效样本少(n=1677)
2025-10-11 02:00:00,0.0,0.0,0.0,0.0,昱中科技光伏: 🔵 0值过多(零值率61%) | 🟠 有效样本少(n=1148) | 首耀清墩光伏: 🔵 0值偏多(零值率43%) | 🟠 有效样本少(n=1677)
2025-10-11 03:00:00,0.0,0.0,0.0,0.0,昱中科技光伏: 🔵 0值过多(零值率61%) | 🟠 有效样本少(n=1148) | 首耀清墩光伏: 🔵 0值偏多(零值率43%) | 🟠 有效样本少(n=1677)
2025-10-11 04:00:00,0.0,0.0,0.0,0.0,昱中科技光伏: 🔵 0值过多(零值率61%) | 🟠 有效样本少(n=1148) | 首耀清墩光伏: 🔵 0值偏多(零值率43%) | 🟠 有效样本少(n=1677)
2025-10-11 05:00:00,0.0,0.0,0.0,0.0,昱中科技光伏: 🔵 0值过多(零值率61%) | 🟠 有效样本少(n=1148) | 首耀清墩光伏: 🔵 0值偏多(零值率43%) | 🟠 有效样本少(n=1677)
2025-10-11 06:00:00,0.0,0.0,0.41,0.0034308059454971,昱中科技光伏: 🔵 0值过多(零值率61%) | 🟠 有效样本少(n=1148) | 首耀清墩光伏: 🔵 0值偏多(零值率43%) | 🟠 有效样本少(n=1677)
2025-10-11 07:00:00,0.0,0.0669804146941739,0.41,0.0332094040319822,昱中科技光伏: 🔵 0值过多(零值率61%) | 🟠 有效样本少(n=1148) | 首耀清墩光伏: 🔵 0值偏多(零值率43%) | 🟠 有效样本少(n=1677)
2025-10-11 08:00:00,0.08,0.1541752449574127,0.41,0.1297699815126601,昱中科技光伏: 🔵 0值过多(零值率61%) | 🟠 有效样本少(n=1148) | 首耀清墩光伏: 🔵 0值偏多(零值率43%) | 🟠 有效样本少(n=1677)
2025-10-11 09:00:00,0.16,0.3783566697117832,0.41,0.2342991288497566,昱中科技光伏: 🔵 0值过多(零值率61%) | 🟠 有效样本少(n=1148) | 首耀清墩光伏: 🔵 0值偏多(零值率43%) | 🟠 有效样本少(n=1677)
2025-10-11 10:00:00,0.34,0.4675439899624881,0.41,0.2909599688272643,昱中科技光伏: 🔵 0值过多(零值率61%) | 🟠 有效样本少(n=1148) | 首耀清墩光伏: 🔵 0值偏多(零值率43%) | 🟠 有效样本少(n=1677)
2025-10-11 11:00:00,0.23,0.7817250625171787,0.41,0.462881312247181,昱中科技光伏: 🔵 0值过多(零值率61%) | 🟠 有效样本少(n=1148) | 首耀清墩光伏: 🔵 0值偏多(零值率43%) | 🟠 有效样本少(n=1677)
2025-10-11 12:00:00,0.28,0.4830289903201814,0.41,0.3252261361188019,昱中科技光伏: 🔵 0值过多(零值率61%) | 🟠 有效样本少(n=1148) | 首耀清墩光伏: 🔵 0值偏多(零值率43%) | 🟠 有效样本少(n=1677)
2025-10-11 13:00:00,0.15,0.3810935682886134,0.41,0.2309061634700665,昱中科技光伏: 🔵 0值过多(零值率61%) | 🟠 有效样本少(n=1148) | 首耀清墩光伏: 🔵 0值偏多(零值率43%) | 🟠 有效样本少(n=1677)
2025-10-11 14:00:00,0.18,0.4276761787719688,0.41,0.2092549122970131,昱中科技光伏: 🔵 0值过多(零值率61%) | 🟠 有效样本少(n=1148) | 首耀清墩光伏: 🔵 0值偏多(零值率43%) | 🟠 有效样本少(n=1677)
2025-10-11 15:00:00,0.09,0.1548197539042694,0.41,0.0987248161082049,昱中科技光伏: 🔵 0值过多(零值率61%) | 🟠 有效样本少(n=1148) | 首耀清墩光伏: 🔵 0值偏多(零值率43%) | 🟠 有效样本少(n=1677)
2025-10-11 16:00:00,0.0,0.0534517880046466,0.41,0.0516749661021207,昱中科技光伏: 🔵 0值过多(零值率61%) | 🟠 有效样本少(n=1148) | 首耀清墩光伏: 🔵 0值偏多(零值率43%) | 🟠 有效样本少(n=1677)
2025-10-11 17:00:00,0.0,0.0102134917697929,0.41,0.0154033786190363,昱中科技光伏: 🔵 0值过多(零值率61%) | 🟠 有效样本少(n=1148) | 首耀清墩光伏: 🔵 0值偏多(零值率43%) | 🟠 有效样本少(n=1677)
2025-10-11 18:00:00,0.0,0.0,0.41,0.0014399644618017,昱中科技光伏: 🔵 0值过多(零值率61%) | 🟠 有效样本少(n=1148) | 首耀清墩光伏: 🔵 0值偏多(零值率43%) | 🟠 有效样本少(n=1677)
2025-10-11 19:00:00,0.0,0.0,0.41,0.0014605227139611,昱中科技光伏: 🔵 0值过多(零值率61%) | 🟠 有效样本少(n=1148) | 首耀清墩光伏: 🔵 0值偏多(零值率43%) | 🟠 有效样本少(n=1677)
2025-10-11 20:00:00,0.0,0.0,0.0,0.0,昱中科技光伏: 🔵 0值过多(零值率61%) | 🟠 有效样本少(n=1148) | 首耀清墩光伏: 🔵 0值偏多(零值率43%) | 🟠 有效样本少(n=1677)
2025-10-11 21:00:00,0.0,0.0,0.0,0.0,昱中科技光伏: 🔵 0值过多(零值率61%) | 🟠 有效样本少(n=1148) | 首耀清墩光伏: 🔵 0值偏多(零值率43%) | 🟠 有效样本少(n=1677)
2025-10-11 22:00:00,0.0,0.0,0.0,0.0,昱中科技光伏: 🔵 0值过多(零值率61%) | 🟠 有效样本少(n=1148) | 首耀清墩光伏: 🔵 0值偏多(零值率43%) | 🟠 有效样本少(n=1677)
2025-10-11 23:00:00,0.0,0.0,0.0,0.0,昱中科技光伏: 🔵 0值过多(零值率61%) | 🟠 有效样本少(n=1148) | 首耀清墩光伏: 🔵 0值偏多(零值率43%) | 🟠 有效样本少(n=1677)
2025-10-12 00:00:00,0.0,0.0,0.0,0.0,昱中科技光伏: 🔵 0值过多(零值率61%) | 🟠 有效样本少(n=1148) | 首耀清墩光伏: 🔵 0值偏多(零值率43%) | 🟠 有效样本少(n=1677)
2025-10-12 01:00:00,0.0,0.0,0.0,0.0,昱中科技光伏: 🔵 0值过多(零值率61%) | 🟠 有效样本少(n=1148) | 首耀清墩光伏: 🔵 0值偏多(零值率43%) | 🟠 有效样本少(n=1677)
2025-10-12 02:00:00,0.0,0.0,0.0,0.0,昱中科技光伏: 🔵 0值过多(零值率61%) | 🟠 有效样本少(n=1148) | 首耀清墩光伏: 🔵 0值偏多(零值率43%) | 🟠 有效样本少(n=1677)
2025-10-12 03:00:00,0.0,0.0,0.0,0.0,昱中科技光伏: 🔵 0值过多(零值率61%) | 🟠 有效样本少(n=1148) | 首耀清墩光伏: 🔵 0值偏多(零值率43%) | 🟠 有效样本少(n=1677)
2025-10-12 04:00:00,0.0,0.0,0.0,0.0,昱中科技光伏: 🔵 0值过多(零值率61%) | 🟠 有效样本少(n=1148) | 首耀清墩光伏: 🔵 0值偏多(零值率43%) | 🟠 有效样本少(n=1677)
2025-10-12 05:00:00,0.0,0.0,0.0,0.0,昱中科技光伏: 🔵 0值过多(零值率61%) | 🟠 有效样本少(n=1148) | 首耀清墩光伏: 🔵 0值偏多(零值率43%) | 🟠 有效样本少(n=1677)
2025-10-12 06:00:00,0.0,0.0,0.41,0.0034498750692627,昱中科技光伏: 🔵 0值过多(零值率61%) | 🟠 有效样本少(n=1148) | 首耀清墩光伏: 🔵 0值偏多(零值率43%) | 🟠 有效样本少(n=1677)
2025-10-12 07:00:00,0.0,0.0306064007223992,0.41,0.0099256780648172,昱中科技光伏: 🔵 0值过多(零值率61%) | 🟠 有效样本少(n=1148) | 首耀清墩光伏: 🔵 0值偏多(零值率43%) | 🟠 有效样本少(n=1677)
2025-10-12 08:00:00,0.0,0.0933088577407563,0.41,0.0671551592811312,昱中科技光伏: 🔵 0值过多(零值率61%) | 🟠 有效样本少(n=1148) | 首耀清墩光伏: 🔵 0值偏多(零值率43%) | 🟠 有效样本少(n=1677)
2025-10-12 09:00:00,0.01,0.1242739848874123,0.41,0.1163939952648495,昱中科技光伏: 🔵 0值过多(零值率61%) | 🟠 有效样本少(n=1148) | 首耀清墩光伏: 🔵 0值偏多(零值率43%) | 🟠 有效样本少(n=1677)
2025-10-12 10:00:00,0.13,0.2269152379320944,0.41,0.1557789741672587,昱中科技光伏: 🔵 0值过多(零值率61%) | 🟠 有效样本少(n=1148) | 首耀清墩光伏: 🔵 0值偏多(零值率43%) | 🟠 有效样本少(n=1677)
2025-10-12 11:00:00,0.09,0.2340541079212814,0.41,0.1531295745995302,昱中科技光伏: 🔵 0值过多(零值率61%) | 🟠 有效样本少(n=1148) | 首耀清墩光伏: 🔵 0值偏多(零值率43%) | 🟠 有效样本少(n=1677)
2025-10-12 12:00:00,0.08,0.2207379127713317,0.41,0.1480978095968104,昱中科技光伏: 🔵 0值过多(零值率61%) | 🟠 有效样本少(n=1148) | 首耀清墩光伏: 🔵 0值偏多(零值率43%) | 🟠 有效样本少(n=1677)
2025-10-12 13:00:00,0.14,0.215082697624858,0.41,0.1429641045146538,昱中科技光伏: 🔵 0值过多(零值率61%) | 🟠 有效样本少(n=1148) | 首耀清墩光伏: 🔵 0值偏多(零值率43%) | 🟠 有效样本少(n=1677)
2025-10-12 14:00:00,0.09,0.1584110919184762,0.41,0.0992989415007908,昱中科技光伏: 🔵 0值过多(零值率61%) | 🟠 有效样本少(n=1148) | 首耀清墩光伏: 🔵 0值偏多(零值率43%) | 🟠 有效样本少(n=1677)
2025-10-12 15:00:00,0.09,0.0453587633462901,0.41,0.0383719803831169,昱中科技光伏: 🔵 0值过多(零值率61%) | 🟠 有效样本少(n=1148) | 首耀清墩光伏: 🔵 0值偏多(零值率43%) | 🟠 有效样本少(n=1677)
2025-10-12 16:00:00,0.04,0.051165192265917,0.41,0.0282744689807506,昱中科技光伏: 🔵 0值过多(零值率61%) | 🟠 有效样本少(n=1148) | 首耀清墩光伏: 🔵 0值偏多(零值率43%) | 🟠 有效样本少(n=1677)
2025-10-12 17:00:00,0.0,0.0,0.41,0.007748868193854,昱中科技光伏: 🔵 0值过多(零值率61%) | 🟠 有效样本少(n=1148) | 首耀清墩光伏: 🔵 0值偏多(零值率43%) | 🟠 有效样本少(n=1677)
2025-10-12 18:00:00,0.0,0.0,0.41,0.0007472350884955,昱中科技光伏: 🔵 0值过多(零值率61%) | 🟠 有效样本少(n=1148) | 首耀清墩光伏: 🔵 0值偏多(零值率43%) | 🟠 有效样本少(n=1677)
2025-10-12 19:00:00,0.0,0.0,0.41,0.0011196677080103,昱中科技光伏: 🔵 0值过多(零值率61%) | 🟠 有效样本少(n=1148) | 首耀清墩光伏: 🔵 0值偏多(零值率43%) | 🟠 有效样本少(n=1677)
2025-10-12 20:00:00,0.0,0.0,0.0,0.0,昱中科技光伏: 🔵 0值过多(零值率61%) | 🟠 有效样本少(n=1148) | 首耀清墩光伏: 🔵 0值偏多(零值率43%) | 🟠 有效样本少(n=1677)
2025-10-12 21:00:00,0.0,0.0,0.0,0.0,昱中科技光伏: 🔵 0值过多(零值率61%) | 🟠 有效样本少(n=1148) | 首耀清墩光伏: 🔵 0值偏多(零值率43%) | 🟠 有效样本少(n=1677)
2025-10-12 22:00:00,0.0,0.0,0.0,0.0,昱中科技光伏: 🔵 0值过多(零值率61%) | 🟠 有效样本少(n=1148) | 首耀清墩光伏: 🔵 0值偏多(零值率43%) | 🟠 有效样本少(n=1677)
2025-10-12 23:00:00,0.0,0.0,0.0,0.0,昱中科技光伏: 🔵 0值过多(零值率61%) | 🟠 有效样本少(n=1148) | 首耀清墩光伏: 🔵 0值偏多(零值率43%) | 🟠 有效样本少(n=1677)
2025-10-13 00:00:00,0.0,0.0,0.0,0.0,昱中科技光伏: 🔵 0值过多(零值率61%) | 🟠 有效样本少(n=1148) | 首耀清墩光伏: 🔵 0值偏多(零值率43%) | 🟠 有效样本少(n=1677)
2025-10-13 01:00:00,0.0,0.0,0.0,0.0,昱中科技光伏: 🔵 0值过多(零值率61%) | 🟠 有效样本少(n=1148) | 首耀清墩光伏: 🔵 0值偏多(零值率43%) | 🟠 有效样本少(n=1677)
2025-10-13 02:00:00,0.0,0.0,0.0,0.0,昱中科技光伏: 🔵 0值过多(零值率61%) | 🟠 有效样本少(n=1148) | 首耀清墩光伏: 🔵 0值偏多(零值率43%) | 🟠 有效样本少(n=1677)
2025-10-13 03:00:00,0.0,0.0,0.0,0.0,昱中科技光伏: 🔵 0值过多(零值率61%) | 🟠 有效样本少(n=1148) | 首耀清墩光伏: 🔵 0值偏多(零值率43%) | 🟠 有效样本少(n=1677)
2025-10-13 04:00:00,0.0,0.0,0.0,0.0,昱中科技光伏: 🔵 0值过多(零值率61%) | 🟠 有效样本少(n=1148) | 首耀清墩光伏: 🔵 0值偏多(零值率43%) | 🟠 有效样本少(n=1677)
2025-10-13 05:00:00,0.0,0.0,0.0,0.0,昱中科技光伏: 🔵 0值过多(零值率61%) | 🟠 有效样本少(n=1148) | 首耀清墩光伏: 🔵 0值偏多(零值率43%) | 🟠 有效样本少(n=1677)
2025-10-13 06:00:00,0.0,0.0,0.41,0.0033746957142478,昱中科技光伏: 🔵 0值过多(零值率61%) | 🟠 有效样本少(n=1148) | 首耀清墩光伏: 🔵 0值偏多(零值率43%) | 🟠 有效样本少(n=1677)
2025-10-13 07:00:00,0.0,0.0232916322438847,0.41,0.0076399332765487,昱中科技光伏: 🔵 0值过多(零值率61%) | 🟠 有效样本少(n=1148) | 首耀清墩光伏: 🔵 0值偏多(零值率43%) | 🟠 有效样本少(n=1677)
2025-10-13 08:00:00,0.0,0.0793741501599669,0.41,0.0552694108921938,昱中科技光伏: 🔵 0值过多(零值率61%) | 🟠 有效样本少(n=1148) | 首耀清墩光伏: 🔵 0值偏多(零值率43%) | 🟠 有效样本少(n=1677)
2025-10-13 09:00:00,0.04,0.1056982866360765,0.41,0.10307231338959,昱中科技光伏: 🔵 0值过多(零值率61%) | 🟠 有效样本少(n=1148) | 首耀清墩光伏: 🔵 0值偏多(零值率43%) | 🟠 有效样本少(n=1677)
2025-10-13 10:00:00,0.16,0.2100477669527631,0.41,0.1570485430499614,昱中科技光伏: 🔵 0值过多(零值率61%) | 🟠 有效样本少(n=1148) | 首耀清墩光伏: 🔵 0值偏多(零值率43%) | 🟠 有效样本少(n=1677)
2025-10-13 11:00:00,0.23,0.2946558107927371,0.41,0.1946686398760491,昱中科技光伏: 🔵 0值过多(零值率61%) | 🟠 有效样本少(n=1148) | 首耀清墩光伏: 🔵 0值偏多(零值率43%) | 🟠 有效样本少(n=1677)
2025-10-13 12:00:00,0.15,0.4338383723587773,0.41,0.178248543406038,昱中科技光伏: 🔵 0值过多(零值率61%) | 🟠 有效样本少(n=1148) | 首耀清墩光伏: 🔵 0值偏多(零值率43%) | 🟠 有效样本少(n=1677)
2025-10-13 13:00:00,0.07,0.2883077151556352,0.41,0.1507513742927463,昱中科技光伏: 🔵 0值过多(零值率61%) | 🟠 有效样本少(n=1148) | 首耀清墩光伏: 🔵 0值偏多(零值率43%) | 🟠 有效样本少(n=1677)
2025-10-13 14:00:00,0.0,0.1320307707185815,0.41,0.0776995396536284,昱中科技光伏: 🔵 0值过多(零值率61%) | 🟠 有效样本少(n=1148) | 首耀清墩光伏: 🔵 0值偏多(零值率43%) | 🟠 有效样本少(n=1677)
2025-10-13 15:00:00,0.1,0.0189079190820121,0.41,0.020200763485426,昱中科技光伏: 🔵 0值过多(零值率61%) | 🟠 有效样本少(n=1148) | 首耀清墩光伏: 🔵 0值偏多(零值率43%) | 🟠 有效样本少(n=1677)
2025-10-13 16:00:00,0.0,0.0494295808094463,0.41,0.0266019997565465,昱中科技光伏: 🔵 0值过多(零值率61%) | 🟠 有效样本少(n=1148) | 首耀清墩光伏: 🔵 0值偏多(零值率43%) | 🟠 有效样本少(n=1677)
2025-10-13 17:00:00,0.0,0.0,0.41,0.0072385896373746,昱中科技光伏: 🔵 0值过多(零值率61%) | 🟠 有效样本少(n=1148) | 首耀清墩光伏: 🔵 0值偏多(零值率43%) | 🟠 有效样本少(n=1677)
2025-10-13 18:00:00,0.0,0.0,0.41,0.0008810434699363,昱中科技光伏: 🔵 0值过多(零值率61%) | 🟠 有效样本少(n=1148) | 首耀清墩光伏: 🔵 0值偏多(零值率43%) | 🟠 有效样本少(n=1677)
2025-10-13 19:00:00,0.0,0.0,0.41,0.0004889907901751,昱中科技光伏: 🔵 0值过多(零值率61%) | 🟠 有效样本少(n=1148) | 首耀清墩光伏: 🔵 0值偏多(零值率43%) | 🟠 有效样本少(n=1677)
2025-10-13 20:00:00,0.0,0.0,0.0,0.0,昱中科技光伏: 🔵 0值过多(零值率61%) | 🟠 有效样本少(n=1148) | 首耀清墩光伏: 🔵 0值偏多(零值率43%) | 🟠 有效样本少(n=1677)
2025-10-13 21:00:00,0.0,0.0,0.0,0.0,昱中科技光伏: 🔵 0值过多(零值率61%) | 🟠 有效样本少(n=1148) | 首耀清墩光伏: 🔵 0值偏多(零值率43%) | 🟠 有效样本少(n=1677)
2025-10-13 22:00:00,0.0,0.0,0.0,0.0,昱中科技光伏: 🔵 0值过多(零值率61%) | 🟠 有效样本少(n=1148) | 首耀清墩光伏: 🔵 0值偏多(零值率43%) | 🟠 有效样本少(n=1677)
2025-10-13 23:00:00,0.0,0.0,0.0,0.0,昱中科技光伏: 🔵 0值过多(零值率61%) | 🟠 有效样本少(n=1148) | 首耀清墩光伏: 🔵 0值偏多(零值率43%) | 🟠 有效样本少(n=1677)
2025-10-14 00:00:00,0.0,0.0,0.0,0.0,昱中科技光伏: 🔵 0值过多(零值率61%) | 🟠 有效样本少(n=1148) | 首耀清墩光伏: 🔵 0值偏多(零值率43%) | 🟠 有效样本少(n=1677)
2025-10-14 01:00:00,0.0,0.0,0.0,0.0,昱中科技光伏: 🔵 0值过多(零值率61%) | 🟠 有效样本少(n=1148) | 首耀清墩光伏: 🔵 0值偏多(零值率43%) | 🟠 有效样本少(n=1677)
2025-10-14 02:00:00,0.0,0.0,0.0,0.0,昱中科技光伏: 🔵 0值过多(零值率61%) | 🟠 有效样本少(n=1148) | 首耀清墩光伏: 🔵 0值偏多(零值率43%) | 🟠 有效样本少(n=1677)
2025-10-14 03:00:00,0.0,0.0,0.0,0.0,昱中科技光伏: 🔵 0值过多(零值率61%) | 🟠 有效样本少(n=1148) | 首耀清墩光伏: 🔵 0值偏多(零值率43%) | 🟠 有效样本少(n=1677)
2025-10-14 04:00:00,0.0,0.0,0.0,0.0,昱中科技光伏: 🔵 0值过多(零值率61%) | 🟠 有效样本少(n=1148) | 首耀清墩光伏: 🔵 0值偏多(零值率43%) | 🟠 有效样本少(n=1677)
2025-10-14 05:00:00,0.0,0.0,0.0,0.0,昱中科技光伏: 🔵 0值过多(零值率61%) | 🟠 有效样本少(n=1148) | 首耀清墩光伏: 🔵 0值偏多(零值率43%) | 🟠 有效样本少(n=1677)
2025-10-14 06:00:00,0.0,0.0,0.41,0.0042021467906429,昱中科技光伏: 🔵 0值过多(零值率61%) | 🟠 有效样本少(n=1148) | 首耀清墩光伏: 🔵 0值偏多(零值率43%) | 🟠 有效样本少(n=1677)
2025-10-14 07:00:00,0.18,0.0630277278152116,0.41,0.0499764775967886,昱中科技光伏: 🔵 0值过多(零值率61%) | 🟠 有效样本少(n=1148) | 首耀清墩光伏: 🔵 0值偏多(零值率43%) | 🟠 有效样本少(n=1677)
2025-10-14 08:00:00,0.6,0.502701487605241,0.41,0.2349383030128721,昱中科技光伏: 🔵 0值过多(零值率61%) | 🟠 有效样本少(n=1148) | 首耀清墩光伏: 🔵 0值偏多(零值率43%) | 🟠 有效样本少(n=1677)
2025-10-14 09:00:00,1.03,0.9303237207699812,0.41,0.4910244341334232,昱中科技光伏: 🔵 0值过多(零值率61%) | 🟠 有效样本少(n=1148) | 首耀清墩光伏: 🔵 0值偏多(零值率43%) | 🟠 有效样本少(n=1677)
2025-10-14 10:00:00,1.45,1.2225726455150958,0.41,0.6135429737045006,昱中科技光伏: 🔵 0值过多(零值率61%) | 🟠 有效样本少(n=1148) | 首耀清墩光伏: 🔵 0值偏多(零值率43%) | 🟠 有效样本少(n=1677)
2025-10-14 11:00:00,1.47,1.3411760195619125,0.41,0.734297035220444,昱中科技光伏: 🔵 0值过多(零值率61%) | 🟠 有效样本少(n=1148) | 首耀清墩光伏: 🔵 0值偏多(零值率43%) | 🟠 有效样本少(n=1677)
2025-10-14 12:00:00,1.49,1.1234183812785443,0.41,0.591003320503784,昱中科技光伏: 🔵 0值过多(零值率61%) | 🟠 有效样本少(n=1148) | 首耀清墩光伏: 🔵 0值偏多(零值率43%) | 🟠 有效样本少(n=1677)
2025-10-14 13:00:00,1.0,0.8886076636220751,0.41,0.5205465127679285,昱中科技光伏: 🔵 0值过多(零值率61%) | 🟠 有效样本少(n=1148) | 首耀清墩光伏: 🔵 0值偏多(零值率43%) | 🟠 有效样本少(n=1677)
2025-10-14 14:00:00,1.2,0.9487653505600496,0.41,0.5102165416371309,昱中科技光伏: 🔵 0值过多(零值率61%) | 🟠 有效样本少(n=1148) | 首耀清墩光伏: 🔵 0值偏多(零值率43%) | 🟠 有效样本少(n=1677)
2025-10-14 15:00:00,0.83,0.4427536805368053,0.41,0.2007083792296561,昱中科技光伏: 🔵 0值过多(零值率61%) | 🟠 有效样本少(n=1148) | 首耀清墩光伏: 🔵 0值偏多(零值率43%) | 🟠 有效样本少(n=1677)
2025-10-14 16:00:00,0.47,0.200492326422675,0.41,0.1023539753014177,昱中科技光伏: 🔵 0值过多(零值率61%) | 🟠 有效样本少(n=1148) | 首耀清墩光伏: 🔵 0值偏多(零值率43%) | 🟠 有效样本少(n=1677)
2025-10-14 17:00:00,0.05,0.0590449954428635,0.41,0.0313186447769956,昱中科技光伏: 🔵 0值过多(零值率61%) | 🟠 有效样本少(n=1148) | 首耀清墩光伏: 🔵 0值偏多(零值率43%) | 🟠 有效样本少(n=1677)
2025-10-14 18:00:00,0.0,0.0,0.41,0.0022292481498793,昱中科技光伏: 🔵 0值过多(零值率61%) | 🟠 有效样本少(n=1148) | 首耀清墩光伏: 🔵 0值偏多(零值率43%) | 🟠 有效样本少(n=1677)
2025-10-14 19:00:00,0.0,0.0,0.41,0.0007954462759071,昱中科技光伏: 🔵 0值过多(零值率61%) | 🟠 有效样本少(n=1148) | 首耀清墩光伏: 🔵 0值偏多(零值率43%) | 🟠 有效样本少(n=1677)
2025-10-14 20:00:00,0.0,0.0,0.0,0.0,昱中科技光伏: 🔵 0值过多(零值率61%) | 🟠 有效样本少(n=1148) | 首耀清墩光伏: 🔵 0值偏多(零值率43%) | 🟠 有效样本少(n=1677)
2025-10-14 21:00:00,0.0,0.0,0.0,0.0,昱中科技光伏: 🔵 0值过多(零值率61%) | 🟠 有效样本少(n=1148) | 首耀清墩光伏: 🔵 0值偏多(零值率43%) | 🟠 有效样本少(n=1677)
2025-10-14 22:00:00,0.0,0.0,0.0,0.0,昱中科技光伏: 🔵 0值过多(零值率61%) | 🟠 有效样本少(n=1148) | 首耀清墩光伏: 🔵 0值偏多(零值率43%) | 🟠 有效样本少(n=1677)
2025-10-14 23:00:00,0.0,0.0,0.0,0.0,昱中科技光伏: 🔵 0值过多(零值率61%) | 🟠 有效样本少(n=1148) | 首耀清墩光伏: 🔵 0值偏多(零值率43%) | 🟠 有效样本少(n=1677)
2025-10-15 00:00:00,0.0,0.0,0.0,0.0,昱中科技光伏: 🔵 0值过多(零值率61%) | 🟠 有效样本少(n=1148) | 首耀清墩光伏: 🔵 0值偏多(零值率43%) | 🟠 有效样本少(n=1677)
2025-10-15 01:00:00,0.0,0.0,0.0,0.0,昱中科技光伏: 🔵 0值过多(零值率61%) | 🟠 有效样本少(n=1148) | 首耀清墩光伏: 🔵 0值偏多(零值率43%) | 🟠 有效样本少(n=1677)
2025-10-15 02:00:00,0.0,0.0,0.0,0.0,昱中科技光伏: 🔵 0值过多(零值率61%) | 🟠 有效样本少(n=1148) | 首耀清墩光伏: 🔵 0值偏多(零值率43%) | 🟠 有效样本少(n=1677)
2025-10-15 03:00:00,0.0,0.0,0.0,0.0,昱中科技光伏: 🔵 0值过多(零值率61%) | 🟠 有效样本少(n=1148) | 首耀清墩光伏: 🔵 0值偏多(零值率43%) | 🟠 有效样本少(n=1677)
2025-10-15 04:00:00,0.0,0.0,0.0,0.0,昱中科技光伏: 🔵 0值过多(零值率61%) | 🟠 有效样本少(n=1148) | 首耀清墩光伏: 🔵 0值偏多(零值率43%) | 🟠 有效样本少(n=1677)
2025-10-15 05:00:00,0.0,0.0,0.0,0.0,昱中科技光伏: 🔵 0值过多(零值率61%) | 🟠 有效样本少(n=1148) | 首耀清墩光伏: 🔵 0值偏多(零值率43%) | 🟠 有效样本少(n=1677)
2025-10-15 06:00:00,0.0,0.0,0.41,0.0027013554958145,昱中科技光伏: 🔵 0值过多(零值率61%) | 🟠 有效样本少(n=1148) | 首耀清墩光伏: 🔵 0值偏多(零值率43%) | 🟠 有效样本少(n=1677)
2025-10-15 07:00:00,0.0,0.0214741687528901,0.41,0.006162745224865,昱中科技光伏: 🔵 0值过多(零值率61%) | 🟠 有效样本少(n=1148) | 首耀清墩光伏: 🔵 0值偏多(零值率43%) | 🟠 有效样本少(n=1677)
2025-10-15 08:00:00,0.04,0.0277609033996722,0.41,0.0481418642120441,昱中科技光伏: 🔵 0值过多(零值率61%) | 🟠 有效样本少(n=1148) | 首耀清墩光伏: 🔵 0值偏多(零值率43%) | 🟠 有效样本少(n=1677)
2025-10-15 09:00:00,0.01,0.1019575660584796,0.41,0.0641351223068777,昱中科技光伏: 🔵 0值过多(零值率61%) | 🟠 有效样本少(n=1148) | 首耀清墩光伏: 🔵 0值偏多(零值率43%) | 🟠 有效样本少(n=1677)
2025-10-15 10:00:00,0.13,0.2822231448735009,0.41,0.1354582591620096,昱中科技光伏: 🔵 0值过多(零值率61%) | 🟠 有效样本少(n=1148) | 首耀清墩光伏: 🔵 0值偏多(零值率43%) | 🟠 有效样本少(n=1677)
2025-10-15 11:00:00,0.23,0.1399437739669706,0.41,0.1042666756599926,昱中科技光伏: 🔵 0值过多(零值率61%) | 🟠 有效样本少(n=1148) | 首耀清墩光伏: 🔵 0值偏多(零值率43%) | 🟠 有效样本少(n=1677)
2025-10-15 12:00:00,0.23,0.1008451607792575,0.41,0.0936104499078805,昱中科技光伏: 🔵 0值过多(零值率61%) | 🟠 有效样本少(n=1148) | 首耀清墩光伏: 🔵 0值偏多(零值率43%) | 🟠 有效样本少(n=1677)
2025-10-15 13:00:00,0.11,0.1485833070222871,0.41,0.0888240222338044,昱中科技光伏: 🔵 0值过多(零值率61%) | 🟠 有效样本少(n=1148) | 首耀清墩光伏: 🔵 0值偏多(零值率43%) | 🟠 有效样本少(n=1677)
2025-10-15 14:00:00,0.06,0.0264059771077079,0.41,0.0320733699899807,昱中科技光伏: 🔵 0值过多(零值率61%) | 🟠 有效样本少(n=1148) | 首耀清墩光伏: 🔵 0值偏多(零值率43%) | 🟠 有效样本少(n=1677)
2025-10-15 15:00:00,0.09,0.0116411065000163,0.41,0.0026410843185467,昱中科技光伏: 🔵 0值过多(零值率61%) | 🟠 有效样本少(n=1148) | 首耀清墩光伏: 🔵 0值偏多(零值率43%) | 🟠 有效样本少(n=1677)
2025-10-15 16:00:00,0.0,0.0057853115336529,0.41,0.0166978707163789,昱中科技光伏: 🔵 0值过多(零值率61%) | 🟠 有效样本少(n=1148) | 首耀清墩光伏: 🔵 0值偏多(零值率43%) | 🟠 有效样本少(n=1677)
2025-10-15 17:00:00,0.0,0.0,0.41,0.0040625534401374,昱中科技光伏: 🔵 0值过多(零值率61%) | 🟠 有效样本少(n=1148) | 首耀清墩光伏: 🔵 0值偏多(零值率43%) | 🟠 有效样本少(n=1677)
2025-10-15 18:00:00,0.0,0.0,0.41,0.0004374478888113,昱中科技光伏: 🔵 0值过多(零值率61%) | 🟠 有效样本少(n=1148) | 首耀清墩光伏: 🔵 0值偏多(零值率43%) | 🟠 有效样本少(n=1677)
2025-10-15 19:00:00,0.0,0.0,0.41,0.0005960057022693,昱中科技光伏: 🔵 0值过多(零值率61%) | 🟠 有效样本少(n=1148) | 首耀清墩光伏: 🔵 0值偏多(零值率43%) | 🟠 有效样本少(n=1677)
2025-10-15 20:00:00,0.0,0.0,0.0,0.0,昱中科技光伏: 🔵 0值过多(零值率61%) | 🟠 有效样本少(n=1148) | 首耀清墩光伏: 🔵 0值偏多(零值率43%) | 🟠 有效样本少(n=1677)
2025-10-15 21:00:00,0.0,0.0,0.0,0.0,昱中科技光伏: 🔵 0值过多(零值率61%) | 🟠 有效样本少(n=1148) | 首耀清墩光伏: 🔵 0值偏多(零值率43%) | 🟠 有效样本少(n=1677)
2025-10-15 22:00:00,0.0,0.0,0.0,0.0,昱中科技光伏: 🔵 0值过多(零值率61%) | 🟠 有效样本少(n=1148) | 首耀清墩光伏: 🔵 0值偏多(零值率43%) | 🟠 有效样本少(n=1677)
2025-10-15 23:00:00,0.0,0.0,0.0,0.0,昱中科技光伏: 🔵 0值过多(零值率61%) | 🟠 有效样本少(n=1148) | 首耀清墩光伏: 🔵 0值偏多(零值率43%) | 🟠 有效样本少(n=1677)
2025-10-16 00:00:00,0.0,0.0,0.0,0.0,昱中科技光伏: 🔵 0值过多(零值率61%) | 🟠 有效样本少(n=1148) | 首耀清墩光伏: 🔵 0值偏多(零值率43%) | 🟠 有效样本少(n=1677)
2025-10-16 01:00:00,0.0,0.0,0.0,0.0,昱中科技光伏: 🔵 0值过多(零值率61%) | 🟠 有效样本少(n=1148) | 首耀清墩光伏: 🔵 0值偏多(零值率43%) | 🟠 有效样本少(n=1677)
2025-10-16 02:00:00,0.0,0.0,0.0,0.0,昱中科技光伏: 🔵 0值过多(零值率61%) | 🟠 有效样本少(n=1148) | 首耀清墩光伏: 🔵 0值偏多(零值率43%) | 🟠 有效样本少(n=1677)
2025-10-16 03:00:00,0.0,0.0,0.0,0.0,昱中科技光伏: 🔵 0值过多(零值率61%) | 🟠 有效样本少(n=1148) | 首耀清墩光伏: 🔵 0值偏多(零值率43%) | 🟠 有效样本少(n=1677)
2025-10-16 04:00:00,0.0,0.0,0.0,0.0,昱中科技光伏: 🔵 0值过多(零值率61%) | 🟠 有效样本少(n=1148) | 首耀清墩光伏: 🔵 0值偏多(零值率43%) | 🟠 有效样本少(n=1677)
2025-10-16 05:00:00,0.0,0.0,0.0,0.0,昱中科技光伏: 🔵 0值过多(零值率61%) | 🟠 有效样本少(n=1148) | 首耀清墩光伏: 🔵 0值偏多(零值率43%) | 🟠 有效样本少(n=1677)
2025-10-16 06:00:00,0.0,0.0,0.41,0.0037116494715272,昱中科技光伏: 🔵 0值过多(零值率61%) | 🟠 有效样本少(n=1148) | 首耀清墩光伏: 🔵 0值偏多(零值率43%) | 🟠 有效样本少(n=1677)
2025-10-16 07:00:00,0.0,0.1009344927136118,0.41,0.042240592183802,昱中科技光伏: 🔵 0值过多(零值率61%) | 🟠 有效样本少(n=1148) | 首耀清墩光伏: 🔵 0值偏多(零值率43%) | 🟠 有效样本少(n=1677)
2025-10-16 08:00:00,0.04,0.3591629957123726,0.41,0.2048096163940992,昱中科技光伏: 🔵 0值过多(零值率61%) | 🟠 有效样本少(n=1148) | 首耀清墩光伏: 🔵 0值偏多(零值率43%) | 🟠 有效样本少(n=1677)
2025-10-16 09:00:00,0.29,0.8005145769780977,0.41,0.4570203477065801,昱中科技光伏: 🔵 0值过多(零值率61%) | 🟠 有效样本少(n=1148) | 首耀清墩光伏: 🔵 0值偏多(零值率43%) | 🟠 有效样本少(n=1677)
2025-10-16 10:00:00,0.73,0.9538939853424686,0.41,0.5694823240012609,昱中科技光伏: 🔵 0值过多(零值率61%) | 🟠 有效样本少(n=1148) | 首耀清墩光伏: 🔵 0值偏多(零值率43%) | 🟠 有效样本少(n=1677)
2025-10-16 11:00:00,0.6,1.1034609118112235,0.41,0.622285102267815,昱中科技光伏: 🔵 0值过多(零值率61%) | 🟠 有效样本少(n=1148) | 首耀清墩光伏: 🔵 0值偏多(零值率43%) | 🟠 有效样本少(n=1677)
2025-10-16 12:00:00,0.17,0.8081762917955839,0.41,0.4978075663785326,昱中科技光伏: 🔵 0值过多(零值率61%) | 🟠 有效样本少(n=1148) | 首耀清墩光伏: 🔵 0值偏多(零值率43%) | 🟠 有效样本少(n=1677)
2025-10-16 13:00:00,0.38,0.8111539624124628,0.41,0.4603045624113076,昱中科技光伏: 🔵 0值过多(零值率61%) | 🟠 有效样本少(n=1148) | 首耀清墩光伏: 🔵 0值偏多(零值率43%) | 🟠 有效样本少(n=1677)
2025-10-16 14:00:00,0.39,0.5810377415076367,0.41,0.2698295249725353,昱中科技光伏: 🔵 0值过多(零值率61%) | 🟠 有效样本少(n=1148) | 首耀清墩光伏: 🔵 0值偏多(零值率43%) | 🟠 有效样本少(n=1677)
2025-10-16 15:00:00,0.41,0.2973807052951291,0.41,0.1306256917652762,昱中科技光伏: 🔵 0值过多(零值率61%) | 🟠 有效样本少(n=1148) | 首耀清墩光伏: 🔵 0值偏多(零值率43%) | 🟠 有效样本少(n=1677)
2025-10-16 16:00:00,0.15,0.235520834534579,0.41,0.1259724234455304,昱中科技光伏: 🔵 0值过多(零值率61%) | 🟠 有效样本少(n=1148) | 首耀清墩光伏: 🔵 0值偏多(零值率43%) | 🟠 有效样本少(n=1677)
2025-10-16 17:00:00,0.0,0.0447994701082083,0.41,0.0354062736420883,昱中科技光伏: 🔵 0值过多(零值率61%) | 🟠 有效样本少(n=1148) | 首耀清墩光伏: 🔵 0值偏多(零值率43%) | 🟠 有效样本少(n=1677)
2025-10-16 18:00:00,0.0,0.0,0.41,0.0021208028466779,昱中科技光伏: 🔵 0值过多(零值率61%) | 🟠 有效样本少(n=1148) | 首耀清墩光伏: 🔵 0值偏多(零值率43%) | 🟠 有效样本少(n=1677)
2025-10-16 19:00:00,0.0,0.0,0.41,0.0011196676635773,昱中科技光伏: 🔵 0值过多(零值率61%) | 🟠 有效样本少(n=1148) | 首耀清墩光伏: 🔵 0值偏多(零值率43%) | 🟠 有效样本少(n=1677)
2025-10-16 20:00:00,0.0,0.0,0.0,0.0,昱中科技光伏: 🔵 0值过多(零值率61%) | 🟠 有效样本少(n=1148) | 首耀清墩光伏: 🔵 0值偏多(零值率43%) | 🟠 有效样本少(n=1677)
2025-10-16 21:00:00,0.0,0.0,0.0,0.0,昱中科技光伏: 🔵 0值过多(零值率61%) | 🟠 有效样本少(n=1148) | 首耀清墩光伏: 🔵 0值偏多(零值率43%) | 🟠 有效样本少(n=1677)
2025-10-16 22:00:00,0.0,0.0,0.0,0.0,昱中科技光伏: 🔵 0值过多(零值率61%) | 🟠 有效样本少(n=1148) | 首耀清墩光伏: 🔵 0值偏多(零值率43%) | 🟠 有效样本少(n=1677)
2025-10-16 23:00:00,0.0,0.0,0.0,0.0,昱中科技光伏: 🔵 0值过多(零值率61%) | 🟠 有效样本少(n=1148) | 首耀清墩光伏: 🔵 0值偏多(零值率43%) | 🟠 有效样本少(n=1677)
2025-10-17 00:00:00,0.0,0.0,0.0,0.0,昱中科技光伏: 🔵 0值过多(零值率61%) | 🟠 有效样本少(n=1148) | 首耀清墩光伏: 🔵 0值偏多(零值率43%) | 🟠 有效样本少(n=1677)
2025-10-17 01:00:00,0.0,0.0,0.0,0.0,昱中科技光伏: 🔵 0值过多(零值率61%) | 🟠 有效样本少(n=1148) | 首耀清墩光伏: 🔵 0值偏多(零值率43%) | 🟠 有效样本少(n=1677)
2025-10-17 02:00:00,0.0,0.0,0.0,0.0,昱中科技光伏: 🔵 0值过多(零值率61%) | 🟠 有效样本少(n=1148) | 首耀清墩光伏: 🔵 0值偏多(零值率43%) | 🟠 有效样本少(n=1677)
2025-10-17 03:00:00,0.0,0.0,0.0,0.0,昱中科技光伏: 🔵 0值过多(零值率61%) | 🟠 有效样本少(n=1148) | 首耀清墩光伏: 🔵 0值偏多(零值率43%) | 🟠 有效样本少(n=1677)
2025-10-17 04:00:00,0.0,0.0,0.0,0.0,昱中科技光伏: 🔵 0值过多(零值率61%) | 🟠 有效样本少(n=1148) | 首耀清墩光伏: 🔵 0值偏多(零值率43%) | 🟠 有效样本少(n=1677)
2025-10-17 05:00:00,0.0,0.0,0.0,0.0,昱中科技光伏: 🔵 0值过多(零值率61%) | 🟠 有效样本少(n=1148) | 首耀清墩光伏: 🔵 0值偏多(零值率43%) | 🟠 有效样本少(n=1677)
2025-10-17 06:00:00,0.0,0.0,0.41,0.0030564573102465,昱中科技光伏: 🔵 0值过多(零值率61%) | 🟠 有效样本少(n=1148) | 首耀清墩光伏: 🔵 0值偏多(零值率43%) | 🟠 有效样本少(n=1677)
2025-10-17 07:00:00,0.0,0.0268248061976211,0.41,0.0063358495616731,昱中科技光伏: 🔵 0值过多(零值率61%) | 🟠 有效样本少(n=1148) | 首耀清墩光伏: 🔵 0值偏多(零值率43%) | 🟠 有效样本少(n=1677)
2025-10-17 08:00:00,0.4,0.0564300224780487,0.41,0.0491402122456459,昱中科技光伏: 🔵 0值过多(零值率61%) | 🟠 有效样本少(n=1148) | 首耀清墩光伏: 🔵 0值偏多(零值率43%) | 🟠 有效样本少(n=1677)
2025-10-17 09:00:00,0.46,0.0804991922022305,0.41,0.0805624200483026,昱中科技光伏: 🔵 0值过多(零值率61%) | 🟠 有效样本少(n=1148) | 首耀清墩光伏: 🔵 0值偏多(零值率43%) | 🟠 有效样本少(n=1677)
2025-10-17 10:00:00,0.42,0.2642751306425682,0.41,0.1617002958859702,昱中科技光伏: 🔵 0值过多(零值率61%) | 🟠 有效样本少(n=1148) | 首耀清墩光伏: 🔵 0值偏多(零值率43%) | 🟠 有效样本少(n=1677)
2025-10-17 11:00:00,0.26,0.3788939657266206,0.41,0.2121307605562329,昱中科技光伏: 🔵 0值过多(零值率61%) | 🟠 有效样本少(n=1148) | 首耀清墩光伏: 🔵 0值偏多(零值率43%) | 🟠 有效样本少(n=1677)
2025-10-17 12:00:00,0.38,0.2028865452922242,0.41,0.1969900391963496,昱中科技光伏: 🔵 0值过多(零值率61%) | 🟠 有效样本少(n=1148) | 首耀清墩光伏: 🔵 0值偏多(零值率43%) | 🟠 有效样本少(n=1677)
2025-10-17 13:00:00,0.15,0.2971499090380863,0.41,0.1704125781051943,昱中科技光伏: 🔵 0值过多(零值率61%) | 🟠 有效样本少(n=1148) | 首耀清墩光伏: 🔵 0值偏多(零值率43%) | 🟠 有效样本少(n=1677)
2025-10-17 14:00:00,0.0,0.1158445536579321,0.41,0.0567468595501447,昱中科技光伏: 🔵 0值过多(零值率61%) | 🟠 有效样本少(n=1148) | 首耀清墩光伏: 🔵 0值偏多(零值率43%) | 🟠 有效样本少(n=1677)
2025-10-17 15:00:00,0.09,0.0140098627452074,0.41,0.0063017009895465,昱中科技光伏: 🔵 0值过多(零值率61%) | 🟠 有效样本少(n=1148) | 首耀清墩光伏: 🔵 0值偏多(零值率43%) | 🟠 有效样本少(n=1677)
2025-10-17 16:00:00,0.0,0.0102268973997442,0.41,0.0208128905736585,昱中科技光伏: 🔵 0值过多(零值率61%) | 🟠 有效样本少(n=1148) | 首耀清墩光伏: 🔵 0值偏多(零值率43%) | 🟠 有效样本少(n=1677)
2025-10-17 17:00:00,0.0,0.0,0.41,0.0057098332943242,昱中科技光伏: 🔵 0值过多(零值率61%) | 🟠 有效样本少(n=1148) | 首耀清墩光伏: 🔵 0值偏多(零值率43%) | 🟠 有效样本少(n=1677)
2025-10-17 18:00:00,0.0,0.0,0.41,0.0004694558046462,昱中科技光伏: 🔵 0值过多(零值率61%) | 🟠 有效样本少(n=1148) | 首耀清墩光伏: 🔵 0值偏多(零值率43%) | 🟠 有效样本少(n=1677)
2025-10-17 19:00:00,0.0,0.0,0.41,0.0007228833698887,昱中科技光伏: 🔵 0值过多(零值率61%) | 🟠 有效样本少(n=1148) | 首耀清墩光伏: 🔵 0值偏多(零值率43%) | 🟠 有效样本少(n=1677)
2025-10-17 20:00:00,0.0,0.0,0.0,0.0,昱中科技光伏: 🔵 0值过多(零值率61%) | 🟠 有效样本少(n=1148) | 首耀清墩光伏: 🔵 0值偏多(零值率43%) | 🟠 有效样本少(n=1677)
2025-10-17 21:00:00,0.0,0.0,0.0,0.0,昱中科技光伏: 🔵 0值过多(零值率61%) | 🟠 有效样本少(n=1148) | 首耀清墩光伏: 🔵 0值偏多(零值率43%) | 🟠 有效样本少(n=1677)
2025-10-17 22:00:00,0.0,0.0,0.0,0.0,昱中科技光伏: 🔵 0值过多(零值率61%) | 🟠 有效样本少(n=1148) | 首耀清墩光伏: 🔵 0值偏多(零值率43%) | 🟠 有效样本少(n=1677)
2025-10-17 23:00:00,0.0,0.0,0.0,0.0,昱中科技光伏: 🔵 0值过多(零值率61%) | 🟠 有效样本少(n=1148) | 首耀清墩光伏: 🔵 0值偏多(零值率43%) | 🟠 有效样本少(n=1677)
2025-10-18 00:00:00,0.0,0.0,0.0,0.0,昱中科技光伏: 🔵 0值过多(零值率61%) | 🟠 有效样本少(n=1148) | 首耀清墩光伏: 🔵 0值偏多(零值率43%) | 🟠 有效样本少(n=1677)
2025-10-18 01:00:00,0.0,0.0,0.0,0.0,昱中科技光伏: 🔵 0值过多(零值率61%) | 🟠 有效样本少(n=1148) | 首耀清墩光伏: 🔵 0值偏多(零值率43%) | 🟠 有效样本少(n=1677)
2025-10-18 02:00:00,0.0,0.0,0.0,0.0,昱中科技光伏: 🔵 0值过多(零值率61%) | 🟠 有效样本少(n=1148) | 首耀清墩光伏: 🔵 0值偏多(零值率43%) | 🟠 有效样本少(n=1677)
2025-10-18 03:00:00,0.0,0.0,0.0,0.0,昱中科技光伏: 🔵 0值过多(零值率61%) | 🟠 有效样本少(n=1148) | 首耀清墩光伏: 🔵 0值偏多(零值率43%) | 🟠 有效样本少(n=1677)
2025-10-18 04:00:00,0.0,0.0,0.0,0.0,昱中科技光伏: 🔵 0值过多(零值率61%) | 🟠 有效样本少(n=1148) | 首耀清墩光伏: 🔵 0值偏多(零值率43%) | 🟠 有效样本少(n=1677)
2025-10-18 05:00:00,0.0,0.0,0.0,0.0,昱中科技光伏: 🔵 0值过多(零值率61%) | 🟠 有效样本少(n=1148) | 首耀清墩光伏: 🔵 0值偏多(零值率43%) | 🟠 有效样本少(n=1677)
2025-10-18 06:00:00,0.0,0.0,0.41,0.0042795007515886,昱中科技光伏: 🔵 0值过多(零值率61%) | 🟠 有效样本少(n=1148) | 首耀清墩光伏: 🔵 0值偏多(零值率43%) | 🟠 有效样本少(n=1677)
2025-10-18 07:00:00,0.0,0.0470131322416578,0.41,0.017498115077077,昱中科技光伏: 🔵 0值过多(零值率61%) | 🟠 有效样本少(n=1148) | 首耀清墩光伏: 🔵 0值偏多(零值率43%) | 🟠 有效样本少(n=1677)
2025-10-18 08:00:00,0.23,0.1190100140828332,0.41,0.0877741210608221,昱中科技光伏: 🔵 0值过多(零值率61%) | 🟠 有效样本少(n=1148) | 首耀清墩光伏: 🔵 0值偏多(零值率43%) | 🟠 有效样本少(n=1677)
2025-10-18 09:00:00,0.51,0.3036795861742299,0.41,0.1677296453707674,昱中科技光伏: 🔵 0值过多(零值率61%) | 🟠 有效样本少(n=1148) | 首耀清墩光伏: 🔵 0值偏多(零值率43%) | 🟠 有效样本少(n=1677)
2025-10-18 10:00:00,0.61,0.4467188206048189,0.41,0.2464826896711837,昱中科技光伏: 🔵 0值过多(零值率61%) | 🟠 有效样本少(n=1148) | 首耀清墩光伏: 🔵 0值偏多(零值率43%) | 🟠 有效样本少(n=1677)
2025-10-18 11:00:00,0.81,0.5267726830075512,0.41,0.3193553224083616,昱中科技光伏: 🔵 0值过多(零值率61%) | 🟠 有效样本少(n=1148) | 首耀清墩光伏: 🔵 0值偏多(零值率43%) | 🟠 有效样本少(n=1677)
2025-10-18 12:00:00,0.62,0.7152278199675076,0.41,0.3549140867345994,昱中科技光伏: 🔵 0值过多(零值率61%) | 🟠 有效样本少(n=1148) | 首耀清墩光伏: 🔵 0值偏多(零值率43%) | 🟠 有效样本少(n=1677)
2025-10-18 13:00:00,0.71,0.7307207093313346,0.41,0.4361003259706708,昱中科技光伏: 🔵 0值过多(零值率61%) | 🟠 有效样本少(n=1148) | 首耀清墩光伏: 🔵 0值偏多(零值率43%) | 🟠 有效样本少(n=1677)
2025-10-18 14:00:00,0.52,0.5032523217748451,0.41,0.2566795402323116,昱中科技光伏: 🔵 0值过多(零值率61%) | 🟠 有效样本少(n=1148) | 首耀清墩光伏: 🔵 0值偏多(零值率43%) | 🟠 有效样本少(n=1677)
2025-10-18 15:00:00,0.34,0.4241616537175536,0.41,0.2150598299723063,昱中科技光伏: 🔵 0值过多(零值率61%) | 🟠 有效样本少(n=1148) | 首耀清墩光伏: 🔵 0值偏多(零值率43%) | 🟠 有效样本少(n=1677)
2025-10-18 16:00:00,0.23,0.2047019580637014,0.41,0.1142596133485269,昱中科技光伏: 🔵 0值过多(零值率61%) | 🟠 有效样本少(n=1148) | 首耀清墩光伏: 🔵 0值偏多(零值率43%) | 🟠 有效样本少(n=1677)
2025-10-18 17:00:00,0.0,0.0290581938013018,0.41,0.0280054562682957,昱中科技光伏: 🔵 0值过多(零值率61%) | 🟠 有效样本少(n=1148) | 首耀清墩光伏: 🔵 0值偏多(零值率43%) | 🟠 有效样本少(n=1677)
2025-10-18 18:00:00,0.0,0.0,0.41,0.0016076355111104,昱中科技光伏: 🔵 0值过多(零值率61%) | 🟠 有效样本少(n=1148) | 首耀清墩光伏: 🔵 0值偏多(零值率43%) | 🟠 有效样本少(n=1677)
2025-10-18 19:00:00,0.0,0.0,0.41,0.0009343565666996,昱中科技光伏: 🔵 0值过多(零值率61%) | 🟠 有效样本少(n=1148) | 首耀清墩光伏: 🔵 0值偏多(零值率43%) | 🟠 有效样本少(n=1677)
2025-10-18 20:00:00,0.0,0.0,0.0,0.0,昱中科技光伏: 🔵 0值过多(零值率61%) | 🟠 有效样本少(n=1148) | 首耀清墩光伏: 🔵 0值偏多(零值率43%) | 🟠 有效样本少(n=1677)
2025-10-18 21:00:00,0.0,0.0,0.0,0.0,昱中科技光伏: 🔵 0值过多(零值率61%) | 🟠 有效样本少(n=1148) | 首耀清墩光伏: 🔵 0值偏多(零值率43%) | 🟠 有效样本少(n=1677)
2025-10-18 22:00:00,0.0,0.0,0.0,0.0,昱中科技光伏: 🔵 0值过多(零值率61%) | 🟠 有效样本少(n=1148) | 首耀清墩光伏: 🔵 0值偏多(零值率43%) | 🟠 有效样本少(n=1677)
2025-10-18 23:00:00,0.0,0.0,0.0,0.0,昱中科技光伏: 🔵 0值过多(零值率61%) | 🟠 有效样本少(n=1148) | 首耀清墩光伏: 🔵 0值偏多(零值率43%) | 🟠 有效样本少(n=1677)
2025-10-19 00:00:00,0.0,0.0,0.0,0.0,昱中科技光伏: 🔵 0值过多(零值率61%) | 🟠 有效样本少(n=1148) | 首耀清墩光伏: 🔵 0值偏多(零值率43%) | 🟠 有效样本少(n=1677)
2025-10-19 01:00:00,0.0,0.0,0.0,0.0,昱中科技光伏: 🔵 0值过多(零值率61%) | 🟠 有效样本少(n=1148) | 首耀清墩光伏: 🔵 0值偏多(零值率43%) | 🟠 有效样本少(n=1677)
2025-10-19 02:00:00,0.0,0.0,0.0,0.0,昱中科技光伏: 🔵 0值过多(零值率61%) | 🟠 有效样本少(n=1148) | 首耀清墩光伏: 🔵 0值偏多(零值率43%) | 🟠 有效样本少(n=1677)
2025-10-19 03:00:00,0.0,0.0,0.0,0.0,昱中科技光伏: 🔵 0值过多(零值率61%) | 🟠 有效样本少(n=1148) | 首耀清墩光伏: 🔵 0值偏多(零值率43%) | 🟠 有效样本少(n=1677)
2025-10-19 04:00:00,0.0,0.0,0.0,0.0,昱中科技光伏: 🔵 0值过多(零值率61%) | 🟠 有效样本少(n=1148) | 首耀清墩光伏: 🔵 0值偏多(零值率43%) | 🟠 有效样本少(n=1677)
2025-10-19 05:00:00,0.0,0.0,0.0,0.0,昱中科技光伏: 🔵 0值过多(零值率61%) | 🟠 有效样本少(n=1148) | 首耀清墩光伏: 🔵 0值偏多(零值率43%) | 🟠 有效样本少(n=1677)
2025-10-19 06:00:00,0.0,0.0,0.41,0.0038774163338618,昱中科技光伏: 🔵 0值过多(零值率61%) | 🟠 有效样本少(n=1148) | 首耀清墩光伏: 🔵 0值偏多(零值率43%) | 🟠 有效样本少(n=1677)
2025-10-19 07:00:00,0.05,0.0425787361178209,0.41,0.0409690814967431,昱中科技光伏: 🔵 0值过多(零值率61%) | 🟠 有效样本少(n=1148) | 首耀清墩光伏: 🔵 0值偏多(零值率43%) | 🟠 有效样本少(n=1677)
2025-10-19 08:00:00,0.68,0.2555838956308326,0.41,0.1534479881421601,昱中科技光伏: 🔵 0值过多(零值率61%) | 🟠 有效样本少(n=1148) | 首耀清墩光伏: 🔵 0值偏多(零值率43%) | 🟠 有效样本少(n=1677)
2025-10-19 09:00:00,0.89,0.708204637154591,0.41,0.3669310679299481,昱中科技光伏: 🔵 0值过多(零值率61%) | 🟠 有效样本少(n=1148) | 首耀清墩光伏: 🔵 0值偏多(零值率43%) | 🟠 有效样本少(n=1677)
2025-10-19 10:00:00,0.66,1.1182521433320918,0.41,0.5903850020474848,昱中科技光伏: 🔵 0值过多(零值率61%) | 🟠 有效样本少(n=1148) | 首耀清墩光伏: 🔵 0值偏多(零值率43%) | 🟠 有效样本少(n=1677)
2025-10-19 11:00:00,0.97,1.29811250377182,0.41,0.6755598986569111,昱中科技光伏: 🔵 0值过多(零值率61%) | 🟠 有效样本少(n=1148) | 首耀清墩光伏: 🔵 0值偏多(零值率43%) | 🟠 有效样本少(n=1677)
2025-10-19 12:00:00,0.36,1.2645700898194736,0.41,0.7045412699812268,昱中科技光伏: 🔵 0值过多(零值率61%) | 🟠 有效样本少(n=1148) | 首耀清墩光伏: 🔵 0值偏多(零值率43%) | 🟠 有效样本少(n=1677)
2025-10-19 13:00:00,0.19,1.1846003963182206,0.41,0.6289382382258587,昱中科技光伏: 🔵 0值过多(零值率61%) | 🟠 有效样本少(n=1148) | 首耀清墩光伏: 🔵 0值偏多(零值率43%) | 🟠 有效样本少(n=1677)
2025-10-19 14:00:00,0.23,0.8150217367469383,0.41,0.5169194819844357,昱中科技光伏: 🔵 0值过多(零值率61%) | 🟠 有效样本少(n=1148) | 首耀清墩光伏: 🔵 0值偏多(零值率43%) | 🟠 有效样本少(n=1677)
2025-10-19 15:00:00,0.13,0.2856835553577117,0.41,0.1377618892388306,昱中科技光伏: 🔵 0值过多(零值率61%) | 🟠 有效样本少(n=1148) | 首耀清墩光伏: 🔵 0值偏多(零值率43%) | 🟠 有效样本少(n=1677)
2025-10-19 16:00:00,0.0,0.1209422590293887,0.41,0.0830789843942632,昱中科技光伏: 🔵 0值过多(零值率61%) | 🟠 有效样本少(n=1148) | 首耀清墩光伏: 🔵 0值偏多(零值率43%) | 🟠 有效样本少(n=1677)
2025-10-19 17:00:00,0.0,0.0090578119998662,0.41,0.0179214000437946,昱中科技光伏: 🔵 0值过多(零值率61%) | 🟠 有效样本少(n=1148) | 首耀清墩光伏: 🔵 0值偏多(零值率43%) | 🟠 有效样本少(n=1677)
2025-10-19 18:00:00,0.0,0.0,0.41,0.0009243727280097,昱中科技光伏: 🔵 0值过多(零值率61%) | 🟠 有效样本少(n=1148) | 首耀清墩光伏: 🔵 0值偏多(零值率43%) | 🟠 有效样本少(n=1677)
2025-10-19 19:00:00,0.0,0.0,0.41,0.0004613706763421,昱中科技光伏: 🔵 0值过多(零值率61%) | 🟠 有效样本少(n=1148) | 首耀清墩光伏: 🔵 0值偏多(零值率43%) | 🟠 有效样本少(n=1677)
2025-10-19 20:00:00,0.0,0.0,0.0,0.0,昱中科技光伏: 🔵 0值过多(零值率61%) | 🟠 有效样本少(n=1148) | 首耀清墩光伏: 🔵 0值偏多(零值率43%) | 🟠 有效样本少(n=1677)
2025-10-19 21:00:00,0.0,0.0,0.0,0.0,昱中科技光伏: 🔵 0值过多(零值率61%) | 🟠 有效样本少(n=1148) | 首耀清墩光伏: 🔵 0值偏多(零值率43%) | 🟠 有效样本少(n=1677)
2025-10-19 22:00:00,0.0,0.0,0.0,0.0,昱中科技光伏: 🔵 0值过多(零值率61%) | 🟠 有效样本少(n=1148) | 首耀清墩光伏: 🔵 0值偏多(零值率43%) | 🟠 有效样本少(n=1677)
2025-10-19 23:00:00,0.0,0.0,0.0,0.0,昱中科技光伏: 🔵 0值过多(零值率61%) | 🟠 有效样本少(n=1148) | 首耀清墩光伏: 🔵 0值偏多(零值率43%) | 🟠 有效样本少(n=1677)
2025-10-20 00:00:00,0.0,0.0,0.0,0.0,昱中科技光伏: 🔵 0值过多(零值率61%) | 🟠 有效样本少(n=1148) | 首耀清墩光伏: 🔵 0值偏多(零值率43%) | 🟠 有效样本少(n=1677)
2025-10-20 01:00:00,0.0,0.0,0.0,0.0,昱中科技光伏: 🔵 0值过多(零值率61%) | 🟠 有效样本少(n=1148) | 首耀清墩光伏: 🔵 0值偏多(零值率43%) | 🟠 有效样本少(n=1677)
2025-10-20 02:00:00,0.0,0.0,0.0,0.0,昱中科技光伏: 🔵 0值过多(零值率61%) | 🟠 有效样本少(n=1148) | 首耀清墩光伏: 🔵 0值偏多(零值率43%) | 🟠 有效样本少(n=1677)
2025-10-20 03:00:00,0.0,0.0,0.0,0.0,昱中科技光伏: 🔵 0值过多(零值率61%) | 🟠 有效样本少(n=1148) | 首耀清墩光伏: 🔵 0值偏多(零值率43%) | 🟠 有效样本少(n=1677)
2025-10-20 04:00:00,0.0,0.0,0.0,0.0,昱中科技光伏: 🔵 0值过多(零值率61%) | 🟠 有效样本少(n=1148) | 首耀清墩光伏: 🔵 0值偏多(零值率43%) | 🟠 有效样本少(n=1677)
2025-10-20 05:00:00,0.0,0.0,0.0,0.0,昱中科技光伏: 🔵 0值过多(零值率61%) | 🟠 有效样本少(n=1148) | 首耀清墩光伏: 🔵 0值偏多(零值率43%) | 🟠 有效样本少(n=1677)
2025-10-20 06:00:00,0.0,0.0,0.41,0.0036452289821573,昱中科技光伏: 🔵 0值过多(零值率61%) | 🟠 有效样本少(n=1148) | 首耀清墩光伏: 🔵 0值偏多(零值率43%) | 🟠 有效样本少(n=1677)
2025-10-20 07:00:00,0.04,0.0275738458865947,0.41,0.0286565143463823,昱中科技光伏: 🔵 0值过多(零值率61%) | 🟠 有效样本少(n=1148) | 首耀清墩光伏: 🔵 0值偏多(零值率43%) | 🟠 有效样本少(n=1677)
2025-10-20 08:00:00,0.41,0.2323051437331999,0.41,0.1359652001075749,昱中科技光伏: 🔵 0值过多(零值率61%) | 🟠 有效样本少(n=1148) | 首耀清墩光伏: 🔵 0值偏多(零值率43%) | 🟠 有效样本少(n=1677)
2025-10-20 09:00:00,0.38,0.6823622199013296,0.41,0.3457099527994263,昱中科技光伏: 🔵 0值过多(零值率61%) | 🟠 有效样本少(n=1148) | 首耀清墩光伏: 🔵 0值偏多(零值率43%) | 🟠 有效样本少(n=1677)
2025-10-20 10:00:00,0.73,0.7454889128635047,0.41,0.3289364223417254,昱中科技光伏: 🔵 0值过多(零值率61%) | 🟠 有效样本少(n=1148) | 首耀清墩光伏: 🔵 0值偏多(零值率43%) | 🟠 有效样本少(n=1677)
2025-10-20 11:00:00,0.5,0.5356172825154728,0.41,0.2324948995678584,昱中科技光伏: 🔵 0值过多(零值率61%) | 🟠 有效样本少(n=1148) | 首耀清墩光伏: 🔵 0值偏多(零值率43%) | 🟠 有效样本少(n=1677)
2025-10-20 12:00:00,0.5,0.4889547996592439,0.41,0.2027556002772163,昱中科技光伏: 🔵 0值过多(零值率61%) | 🟠 有效样本少(n=1148) | 首耀清墩光伏: 🔵 0值偏多(零值率43%) | 🟠 有效样本少(n=1677)
2025-10-20 13:00:00,0.52,0.1736618462469206,0.41,0.1618914159582052,昱中科技光伏: 🔵 0值过多(零值率61%) | 🟠 有效样本少(n=1148) | 首耀清墩光伏: 🔵 0值偏多(零值率43%) | 🟠 有效样本少(n=1677)
2025-10-20 14:00:00,0.52,0.1605027910313025,0.41,0.0847400326856457,昱中科技光伏: 🔵 0值过多(零值率61%) | 🟠 有效样本少(n=1148) | 首耀清墩光伏: 🔵 0值偏多(零值率43%) | 🟠 有效样本少(n=1677)
2025-10-20 15:00:00,0.31,0.1024906658250652,0.41,0.0517494860011597,昱中科技光伏: 🔵 0值过多(零值率61%) | 🟠 有效样本少(n=1148) | 首耀清墩光伏: 🔵 0值偏多(零值率43%) | 🟠 有效样本少(n=1677)
2025-10-20 16:00:00,0.15,0.0364282051745651,0.41,0.0196872047462597,昱中科技光伏: 🔵 0值过多(零值率61%) | 🟠 有效样本少(n=1148) | 首耀清墩光伏: 🔵 0值偏多(零值率43%) | 🟠 有效样本少(n=1677)
2025-10-20 17:00:00,0.0,0.0,0.41,0.0074719256395607,昱中科技光伏: 🔵 0值过多(零值率61%) | 🟠 有效样本少(n=1148) | 首耀清墩光伏: 🔵 0值偏多(零值率43%) | 🟠 有效样本少(n=1677)
2025-10-20 18:00:00,0.0,0.0,0.41,0.0006174832145049,昱中科技光伏: 🔵 0值过多(零值率61%) | 🟠 有效样本少(n=1148) | 首耀清墩光伏: 🔵 0值偏多(零值率43%) | 🟠 有效样本少(n=1677)
2025-10-20 19:00:00,0.0,0.0,0.41,8.293778794089915e-05,昱中科技光伏: 🔵 0值过多(零值率61%) | 🟠 有效样本少(n=1148) | 首耀清墩光伏: 🔵 0值偏多(零值率43%) | 🟠 有效样本少(n=1677)
2025-10-20 20:00:00,0.0,0.0,0.0,0.0,昱中科技光伏: 🔵 0值过多(零值率61%) | 🟠 有效样本少(n=1148) | 首耀清墩光伏: 🔵 0值偏多(零值率43%) | 🟠 有效样本少(n=1677)
2025-10-20 21:00:00,0.0,0.0,0.0,0.0,昱中科技光伏: 🔵 0值过多(零值率61%) | 🟠 有效样本少(n=1148) | 首耀清墩光伏: 🔵 0值偏多(零值率43%) | 🟠 有效样本少(n=1677)
2025-10-20 22:00:00,0.0,0.0,0.0,0.0,昱中科技光伏: 🔵 0值过多(零值率61%) | 🟠 有效样本少(n=1148) | 首耀清墩光伏: 🔵 0值偏多(零值率43%) | 🟠 有效样本少(n=1677)
2025-10-20 23:00:00,0.0,0.0,0.0,0.0,昱中科技光伏: 🔵 0值过多(零值率61%) | 🟠 有效样本少(n=1148) | 首耀清墩光伏: 🔵 0值偏多(零值率43%) | 🟠 有效样本少(n=1677)
2025-10-21 00:00:00,0.0,0.0,0.0,0.0,昱中科技光伏: 🔵 0值过多(零值率61%) | 🟠 有效样本少(n=1148) | 首耀清墩光伏: 🔵 0值偏多(零值率43%) | 🟠 有效样本少(n=1677)
2025-10-21 01:00:00,0.0,0.0,0.0,0.0,昱中科技光伏: 🔵 0值过多(零值率61%) | 🟠 有效样本少(n=1148) | 首耀清墩光伏: 🔵 0值偏多(零值率43%) | 🟠 有效样本少(n=1677)
2025-10-21 02:00:00,0.0,0.0,0.0,0.0,昱中科技光伏: 🔵 0值过多(零值率61%) | 🟠 有效样本少(n=1148) | 首耀清墩光伏: 🔵 0值偏多(零值率43%) | 🟠 有效样本少(n=1677)
2025-10-21 03:00:00,0.0,0.0,0.0,0.0,昱中科技光伏: 🔵 0值过多(零值率61%) | 🟠 有效样本少(n=1148) | 首耀清墩光伏: 🔵 0值偏多(零值率43%) | 🟠 有效样本少(n=1677)
2025-10-21 04:00:00,0.0,0.0,0.0,0.0,昱中科技光伏: 🔵 0值过多(零值率61%) | 🟠 有效样本少(n=1148) | 首耀清墩光伏: 🔵 0值偏多(零值率43%) | 🟠 有效样本少(n=1677)
2025-10-21 05:00:00,0.0,0.0,0.0,0.0,昱中科技光伏: 🔵 0值过多(零值率61%) | 🟠 有效样本少(n=1148) | 首耀清墩光伏: 🔵 0值偏多(零值率43%) | 🟠 有效样本少(n=1677)
2025-10-21 06:00:00,0.0,0.0,0.41,0.0039348885246349,昱中科技光伏: 🔵 0值过多(零值率61%) | 🟠 有效样本少(n=1148) | 首耀清墩光伏: 🔵 0值偏多(零值率43%) | 🟠 有效样本少(n=1677)
2025-10-21 07:00:00,0.0,0.0560356349970711,0.41,0.022150024192994,昱中科技光伏: 🔵 0值过多(零值率61%) | 🟠 有效样本少(n=1148) | 首耀清墩光伏: 🔵 0值偏多(零值率43%) | 🟠 有效样本少(n=1677)
2025-10-21 08:00:00,0.14,0.1320115049683551,0.41,0.1092857887793018,昱中科技光伏: 🔵 0值过多(零值率61%) | 🟠 有效样本少(n=1148) | 首耀清墩光伏: 🔵 0值偏多(零值率43%) | 🟠 有效样本少(n=1677)
2025-10-21 09:00:00,0.51,0.4332718176616077,0.41,0.2607758402944047,昱中科技光伏: 🔵 0值过多(零值率61%) | 🟠 有效样本少(n=1148) | 首耀清墩光伏: 🔵 0值偏多(零值率43%) | 🟠 有效样本少(n=1677)
2025-10-21 10:00:00,0.37,0.8314835073630266,0.41,0.4665427932027481,昱中科技光伏: 🔵 0值过多(零值率61%) | 🟠 有效样本少(n=1148) | 首耀清墩光伏: 🔵 0值偏多(零值率43%) | 🟠 有效样本少(n=1677)
2025-10-21 11:00:00,0.67,1.198662020106156,0.41,0.6685164623401392,昱中科技光伏: 🔵 0值过多(零值率61%) | 🟠 有效样本少(n=1148) | 首耀清墩光伏: 🔵 0值偏多(零值率43%) | 🟠 有效样本少(n=1677)
2025-10-21 12:00:00,1.02,1.1961805204936338,0.41,0.6432142964655111,昱中科技光伏: 🔵 0值过多(零值率61%) | 🟠 有效样本少(n=1148) | 首耀清墩光伏: 🔵 0值偏多(零值率43%) | 🟠 有效样本少(n=1677)
2025-10-21 13:00:00,1.67,1.066870345756888,0.41,0.5926764771939244,昱中科技光伏: 🔵 0值过多(零值率61%) | 🟠 有效样本少(n=1148) | 首耀清墩光伏: 🔵 0值偏多(零值率43%) | 🟠 有效样本少(n=1677)
2025-10-21 14:00:00,0.6,0.962695499732617,0.41,0.5886444373520641,昱中科技光伏: 🔵 0值过多(零值率61%) | 🟠 有效样本少(n=1148) | 首耀清墩光伏: 🔵 0值偏多(零值率43%) | 🟠 有效样本少(n=1677)
2025-10-21 15:00:00,0.66,0.710144797935139,0.41,0.320423188938077,昱中科技光伏: 🔵 0值过多(零值率61%) | 🟠 有效样本少(n=1148) | 首耀清墩光伏: 🔵 0值偏多(零值率43%) | 🟠 有效样本少(n=1677)
2025-10-21 16:00:00,0.38,0.2672075000540916,0.41,0.1504749164575604,昱中科技光伏: 🔵 0值过多(零值率61%) | 🟠 有效样本少(n=1148) | 首耀清墩光伏: 🔵 0值偏多(零值率43%) | 🟠 有效样本少(n=1677)
2025-10-21 17:00:00,0.05,0.0756276374716395,0.41,0.0437516868537832,昱中科技光伏: 🔵 0值过多(零值率61%) | 🟠 有效样本少(n=1148) | 首耀清墩光伏: 🔵 0值偏多(零值率43%) | 🟠 有效样本少(n=1677)
2025-10-21 18:00:00,0.0,0.0,0.41,0.0020002332756778,昱中科技光伏: 🔵 0值过多(零值率61%) | 🟠 有效样本少(n=1148) | 首耀清墩光伏: 🔵 0值偏多(零值率43%) | 🟠 有效样本少(n=1677)
2025-10-21 19:00:00,0.0,0.0,0.41,0.0010169177281985,昱中科技光伏: 🔵 0值过多(零值率61%) | 🟠 有效样本少(n=1148) | 首耀清墩光伏: 🔵 0值偏多(零值率43%) | 🟠 有效样本少(n=1677)
2025-10-21 20:00:00,0.0,0.0,0.0,0.0,昱中科技光伏: 🔵 0值过多(零值率61%) | 🟠 有效样本少(n=1148) | 首耀清墩光伏: 🔵 0值偏多(零值率43%) | 🟠 有效样本少(n=1677)
2025-10-21 21:00:00,0.0,0.0,0.0,0.0,昱中科技光伏: 🔵 0值过多(零值率61%) | 🟠 有效样本少(n=1148) | 首耀清墩光伏: 🔵 0值偏多(零值率43%) | 🟠 有效样本少(n=1677)
2025-10-21 22:00:00,0.0,0.0,0.0,0.0,昱中科技光伏: 🔵 0值过多(零值率61%) | 🟠 有效样本少(n=1148) | 首耀清墩光伏: 🔵 0值偏多(零值率43%) | 🟠 有效样本少(n=1677)
2025-10-21 23:00:00,0.0,0.0,0.0,0.0,昱中科技光伏: 🔵 0值过多(零值率61%) | 🟠 有效样本少(n=1148) | 首耀清墩光伏: 🔵 0值偏多(零值率43%) | 🟠 有效样本少(n=1677)
2025-10-22 00:00:00,0.0,0.0,0.0,0.0,昱中科技光伏: 🔵 0值过多(零值率61%) | 🟠 有效样本少(n=1148) | 首耀清墩光伏: 🔵 0值偏多(零值率43%) | 🟠 有效样本少(n=1677)
2025-10-22 01:00:00,0.0,0.0,0.0,0.0,昱中科技光伏: 🔵 0值过多(零值率61%) | 🟠 有效样本少(n=1148) | 首耀清墩光伏: 🔵 0值偏多(零值率43%) | 🟠 有效样本少(n=1677)
2025-10-22 02:00:00,0.0,0.0,0.0,0.0,昱中科技光伏: 🔵 0值过多(零值率61%) | 🟠 有效样本少(n=1148) | 首耀清墩光伏: 🔵 0值偏多(零值率43%) | 🟠 有效样本少(n=1677)
2025-10-22 03:00:00,0.0,0.0,0.0,0.0,昱中科技光伏: 🔵 0值过多(零值率61%) | 🟠 有效样本少(n=1148) | 首耀清墩光伏: 🔵 0值偏多(零值率43%) | 🟠 有效样本少(n=1677)
2025-10-22 04:00:00,0.0,0.0,0.0,0.0,昱中科技光伏: 🔵 0值过多(零值率61%) | 🟠 有效样本少(n=1148) | 首耀清墩光伏: 🔵 0值偏多(零值率43%) | 🟠 有效样本少(n=1677)
2025-10-22 05:00:00,0.0,0.0,0.0,0.0,昱中科技光伏: 🔵 0值过多(零值率61%) | 🟠 有效样本少(n=1148) | 首耀清墩光伏: 🔵 0值偏多(零值率43%) | 🟠 有效样本少(n=1677)
2025-10-22 06:00:00,0.0,0.0,0.41,0.0038185235590665,昱中科技光伏: 🔵 0值过多(零值率61%) | 🟠 有效样本少(n=1148) | 首耀清墩光伏: 🔵 0值偏多(零值率43%) | 🟠 有效样本少(n=1677)
2025-10-22 07:00:00,0.14,0.053486826052321,0.41,0.0582619667649853,昱中科技光伏: 🔵 0值过多(零值率61%) | 🟠 有效样本少(n=1148) | 首耀清墩光伏: 🔵 0值偏多(零值率43%) | 🟠 有效样本少(n=1677)
2025-10-22 08:00:00,0.58,0.5774552501075472,0.41,0.363812874444008,昱中科技光伏: 🔵 0值过多(零值率61%) | 🟠 有效样本少(n=1148) | 首耀清墩光伏: 🔵 0值偏多(零值率43%) | 🟠 有效样本少(n=1677)
2025-10-22 09:00:00,1.04,1.0590288462253414,0.41,0.6447001103641269,昱中科技光伏: 🔵 0值过多(零值率61%) | 🟠 有效样本少(n=1148) | 首耀清墩光伏: 🔵 0值偏多(零值率43%) | 🟠 有效样本少(n=1677)
2025-10-22 10:00:00,1.36,1.346705266950004,0.41,0.7616770500714454,昱中科技光伏: 🔵 0值过多(零值率61%) | 🟠 有效样本少(n=1148) | 首耀清墩光伏: 🔵 0值偏多(零值率43%) | 🟠 有效样本少(n=1677)
2025-10-22 11:00:00,1.52,1.4358502173853678,0.41,0.8781077229062741,昱中科技光伏: 🔵 0值过多(零值率61%) | 🟠 有效样本少(n=1148) | 首耀清墩光伏: 🔵 0值偏多(零值率43%) | 🟠 有效样本少(n=1677)
2025-10-22 12:00:00,1.54,1.4655558963757016,0.41,0.8948975806553966,昱中科技光伏: 🔵 0值过多(零值率61%) | 🟠 有效样本少(n=1148) | 首耀清墩光伏: 🔵 0值偏多(零值率43%) | 🟠 有效样本少(n=1677)
2025-10-22 13:00:00,1.44,1.309701404925214,0.41,0.7928942022796779,昱中科技光伏: 🔵 0值过多(零值率61%) | 🟠 有效样本少(n=1148) | 首耀清墩光伏: 🔵 0值偏多(零值率43%) | 🟠 有效样本少(n=1677)
2025-10-22 14:00:00,1.22,1.1874268651213282,0.41,0.6457235558438024,昱中科技光伏: 🔵 0值过多(零值率61%) | 🟠 有效样本少(n=1148) | 首耀清墩光伏: 🔵 0值偏多(零值率43%) | 🟠 有效样本少(n=1677)
2025-10-22 15:00:00,0.84,0.986520544580443,0.41,0.5404380858815563,昱中科技光伏: 🔵 0值过多(零值率61%) | 🟠 有效样本少(n=1148) | 首耀清墩光伏: 🔵 0值偏多(零值率43%) | 🟠 有效样本少(n=1677)
2025-10-22 16:00:00,0.16,0.3498409540860023,0.41,0.2009623215033161,昱中科技光伏: 🔵 0值过多(零值率61%) | 🟠 有效样本少(n=1148) | 首耀清墩光伏: 🔵 0值偏多(零值率43%) | 🟠 有效样本少(n=1677)
2025-10-22 17:00:00,0.01,0.082135921797104,0.41,0.0476900991804982,昱中科技光伏: 🔵 0值过多(零值率61%) | 🟠 有效样本少(n=1148) | 首耀清墩光伏: 🔵 0值偏多(零值率43%) | 🟠 有效样本少(n=1677)
2025-10-22 18:00:00,0.0,0.0,0.41,0.0019326170550688,昱中科技光伏: 🔵 0值过多(零值率61%) | 🟠 有效样本少(n=1148) | 首耀清墩光伏: 🔵 0值偏多(零值率43%) | 🟠 有效样本少(n=1677)
2025-10-22 19:00:00,0.0,0.0,0.41,0.0009470203045635,昱中科技光伏: 🔵 0值过多(零值率61%) | 🟠 有效样本少(n=1148) | 首耀清墩光伏: 🔵 0值偏多(零值率43%) | 🟠 有效样本少(n=1677)
2025-10-22 20:00:00,0.0,0.0,0.0,0.0,昱中科技光伏: 🔵 0值过多(零值率61%) | 🟠 有效样本少(n=1148) | 首耀清墩光伏: 🔵 0值偏多(零值率43%) | 🟠 有效样本少(n=1677)
2025-10-22 21:00:00,0.0,0.0,0.0,0.0,昱中科技光伏: 🔵 0值过多(零值率61%) | 🟠 有效样本少(n=1148) | 首耀清墩光伏: 🔵 0值偏多(零值率43%) | 🟠 有效样本少(n=1677)
2025-10-22 22:00:00,0.0,0.0,0.0,0.0,昱中科技光伏: 🔵 0值过多(零值率61%) | 🟠 有效样本少(n=1148) | 首耀清墩光伏: 🔵 0值偏多(零值率43%) | 🟠 有效样本少(n=1677)
2025-10-22 23:00:00,0.0,0.0,0.0,0.0,昱中科技光伏: 🔵 0值过多(零值率61%) | 🟠 有效样本少(n=1148) | 首耀清墩光伏: 🔵 0值偏多(零值率43%) | 🟠 有效样本少(n=1677)
2025-10-23 00:00:00,0.0,0.0,0.0,0.0,昱中科技光伏: 🔵 0值过多(零值率61%) | 🟠 有效样本少(n=1148) | 首耀清墩光伏: 🔵 0值偏多(零值率43%) | 🟠 有效样本少(n=1677)
2025-10-23 01:00:00,0.0,0.0,0.0,0.0,昱中科技光伏: 🔵 0值过多(零值率61%) | 🟠 有效样本少(n=1148) | 首耀清墩光伏: 🔵 0值偏多(零值率43%) | 🟠 有效样本少(n=1677)
2025-10-23 02:00:00,0.0,0.0,0.0,0.0,昱中科技光伏: 🔵 0值过多(零值率61%) | 🟠 有效样本少(n=1148) | 首耀清墩光伏: 🔵 0值偏多(零值率43%) | 🟠 有效样本少(n=1677)
2025-10-23 03:00:00,0.0,0.0,0.0,0.0,昱中科技光伏: 🔵 0值过多(零值率61%) | 🟠 有效样本少(n=1148) | 首耀清墩光伏: 🔵 0值偏多(零值率43%) | 🟠 有效样本少(n=1677)
2025-10-23 04:00:00,0.0,0.0,0.0,0.0,昱中科技光伏: 🔵 0值过多(零值率61%) | 🟠 有效样本少(n=1148) | 首耀清墩光伏: 🔵 0值偏多(零值率43%) | 🟠 有效样本少(n=1677)
2025-10-23 05:00:00,0.0,0.0,0.0,0.0,昱中科技光伏: 🔵 0值过多(零值率61%) | 🟠 有效样本少(n=1148) | 首耀清墩光伏: 🔵 0值偏多(零值率43%) | 🟠 有效样本少(n=1677)
2025-10-23 06:00:00,0.0,0.0,0.41,0.0038183356024626,昱中科技光伏: 🔵 0值过多(零值率61%) | 🟠 有效样本少(n=1148) | 首耀清墩光伏: 🔵 0值偏多(零值率43%) | 🟠 有效样本少(n=1677)
2025-10-23 07:00:00,0.13,0.0430162460512552,0.41,0.0506816527041532,昱中科技光伏: 🔵 0值过多(零值率61%) | 🟠 有效样本少(n=1148) | 首耀清墩光伏: 🔵 0值偏多(零值率43%) | 🟠 有效样本少(n=1677)
2025-10-23 08:00:00,0.57,0.5639202311019534,0.41,0.3531465314792399,昱中科技光伏: 🔵 0值过多(零值率61%) | 🟠 有效样本少(n=1148) | 首耀清墩光伏: 🔵 0值偏多(零值率43%) | 🟠 有效样本少(n=1677)
2025-10-23 09:00:00,1.02,1.033167449915467,0.41,0.6364311255838652,昱中科技光伏: 🔵 0值过多(零值率61%) | 🟠 有效样本少(n=1148) | 首耀清墩光伏: 🔵 0值偏多(零值率43%) | 🟠 有效样本少(n=1677)
2025-10-23 10:00:00,1.27,1.3404302594860564,0.41,0.7448411157789818,昱中科技光伏: 🔵 0值过多(零值率61%) | 🟠 有效样本少(n=1148) | 首耀清墩光伏: 🔵 0值偏多(零值率43%) | 🟠 有效样本少(n=1677)
2025-10-23 11:00:00,1.48,1.4228724819549716,0.41,0.8725448795720572,昱中科技光伏: 🔵 0值过多(零值率61%) | 🟠 有效样本少(n=1148) | 首耀清墩光伏: 🔵 0值偏多(零值率43%) | 🟠 有效样本少(n=1677)
2025-10-23 12:00:00,1.51,1.4746182150487592,0.41,0.8895574602630011,昱中科技光伏: 🔵 0值过多(零值率61%) | 🟠 有效样本少(n=1148) | 首耀清墩光伏: 🔵 0值偏多(零值率43%) | 🟠 有效样本少(n=1677)
2025-10-23 13:00:00,1.41,1.3199988670547596,0.41,0.7913760958101623,昱中科技光伏: 🔵 0值过多(零值率61%) | 🟠 有效样本少(n=1148) | 首耀清墩光伏: 🔵 0值偏多(零值率43%) | 🟠 有效样本少(n=1677)
2025-10-23 14:00:00,1.19,1.1689149469354911,0.41,0.6471238339670939,昱中科技光伏: 🔵 0值过多(零值率61%) | 🟠 有效样本少(n=1148) | 首耀清墩光伏: 🔵 0值偏多(零值率43%) | 🟠 有效样本少(n=1677)
2025-10-23 15:00:00,0.8,0.9326442717994418,0.41,0.5260902722011815,昱中科技光伏: 🔵 0值过多(零值率61%) | 🟠 有效样本少(n=1148) | 首耀清墩光伏: 🔵 0值偏多(零值率43%) | 🟠 有效样本少(n=1677)
2025-10-23 16:00:00,0.34,0.2879493770104038,0.41,0.1726097561188997,昱中科技光伏: 🔵 0值过多(零值率61%) | 🟠 有效样本少(n=1148) | 首耀清墩光伏: 🔵 0值偏多(零值率43%) | 🟠 有效样本少(n=1677)
2025-10-23 17:00:00,0.0,0.0452231873236194,0.41,0.0413193403740131,昱中科技光伏: 🔵 0值过多(零值率61%) | 🟠 有效样本少(n=1148) | 首耀清墩光伏: 🔵 0值偏多(零值率43%) | 🟠 有效样本少(n=1677)
2025-10-23 18:00:00,0.0,0.0,0.41,0.0016599764423258,昱中科技光伏: 🔵 0值过多(零值率61%) | 🟠 有效样本少(n=1148) | 首耀清墩光伏: 🔵 0值偏多(零值率43%) | 🟠 有效样本少(n=1677)
2025-10-23 19:00:00,0.0,0.0,0.41,0.0009270872024747,昱中科技光伏: 🔵 0值过多(零值率61%) | 🟠 有效样本少(n=1148) | 首耀清墩光伏: 🔵 0值偏多(零值率43%) | 🟠 有效样本少(n=1677)
2025-10-23 20:00:00,0.0,0.0,0.0,0.0,昱中科技光伏: 🔵 0值过多(零值率61%) | 🟠 有效样本少(n=1148) | 首耀清墩光伏: 🔵 0值偏多(零值率43%) | 🟠 有效样本少(n=1677)
2025-10-23 21:00:00,0.0,0.0,0.0,0.0,昱中科技光伏: 🔵 0值过多(零值率61%) | 🟠 有效样本少(n=1148) | 首耀清墩光伏: 🔵 0值偏多(零值率43%) | 🟠 有效样本少(n=1677)
2025-10-23 22:00:00,0.0,0.0,0.0,0.0,昱中科技光伏: 🔵 0值过多(零值率61%) | 🟠 有效样本少(n=1148) | 首耀清墩光伏: 🔵 0值偏多(零值率43%) | 🟠 有效样本少(n=1677)
2025-10-23 23:00:00,0.0,0.0,0.0,0.0,昱中科技光伏: 🔵 0值过多(零值率61%) | 🟠 有效样本少(n=1148) | 首耀清墩光伏: 🔵 0值偏多(零值率43%) | 🟠 有效样本少(n=1677)
2025-10-24 00:00:00,0.0,0.0,0.0,0.0,昱中科技光伏: 🔵 0值过多(零值率61%) | 🟠 有效样本少(n=1148) | 首耀清墩光伏: 🔵 0值偏多(零值率43%) | 🟠 有效样本少(n=1677)
2025-10-24 01:00:00,0.0,0.0,0.0,0.0,昱中科技光伏: 🔵 0值过多(零值率61%) | 🟠 有效样本少(n=1148) | 首耀清墩光伏: 🔵 0值偏多(零值率43%) | 🟠 有效样本少(n=1677)
2025-10-24 02:00:00,0.0,0.0,0.0,0.0,昱中科技光伏: 🔵 0值过多(零值率61%) | 🟠 有效样本少(n=1148) | 首耀清墩光伏: 🔵 0值偏多(零值率43%) | 🟠 有效样本少(n=1677)
2025-10-24 03:00:00,0.0,0.0,0.0,0.0,昱中科技光伏: 🔵 0值过多(零值率61%) | 🟠 有效样本少(n=1148) | 首耀清墩光伏: 🔵 0值偏多(零值率43%) | 🟠 有效样本少(n=1677)
2025-10-24 04:00:00,0.0,0.0,0.0,0.0,昱中科技光伏: 🔵 0值过多(零值率61%) | 🟠 有效样本少(n=1148) | 首耀清墩光伏: 🔵 0值偏多(零值率43%) | 🟠 有效样本少(n=1677)
2025-10-24 05:00:00,0.0,0.0,0.0,0.0,昱中科技光伏: 🔵 0值过多(零值率61%) | 🟠 有效样本少(n=1148) | 首耀清墩光伏: 🔵 0值偏多(零值率43%) | 🟠 有效样本少(n=1677)
2025-10-24 06:00:00,0.0,0.0,0.41,0.0034479386160464,昱中科技光伏: 🔵 0值过多(零值率61%) | 🟠 有效样本少(n=1148) | 首耀清墩光伏: 🔵 0值偏多(零值率43%) | 🟠 有效样本少(n=1677)
2025-10-24 07:00:00,0.12,0.0381965837847273,0.41,0.0499369698499486,昱中科技光伏: 🔵 0值过多(零值率61%) | 🟠 有效样本少(n=1148) | 首耀清墩光伏: 🔵 0值偏多(零值率43%) | 🟠 有效样本少(n=1677)
2025-10-24 08:00:00,0.55,0.4582874975343804,0.41,0.3293329466735831,昱中科技光伏: 🔵 0值过多(零值率61%) | 🟠 有效样本少(n=1148) | 首耀清墩光伏: 🔵 0值偏多(零值率43%) | 🟠 有效样本少(n=1677)
2025-10-24 09:00:00,0.52,0.988165800619343,0.41,0.604894253910931,昱中科技光伏: 🔵 0值过多(零值率61%) | 🟠 有效样本少(n=1148) | 首耀清墩光伏: 🔵 0值偏多(零值率43%) | 🟠 有效样本少(n=1677)
2025-10-24 10:00:00,0.75,1.1952121734027938,0.41,0.6504241926812084,昱中科技光伏: 🔵 0值过多(零值率61%) | 🟠 有效样本少(n=1148) | 首耀清墩光伏: 🔵 0值偏多(零值率43%) | 🟠 有效样本少(n=1677)
2025-10-24 11:00:00,1.01,1.2589810003244502,0.41,0.7070200838509625,昱中科技光伏: 🔵 0值过多(零值率61%) | 🟠 有效样本少(n=1148) | 首耀清墩光伏: 🔵 0值偏多(零值率43%) | 🟠 有效样本少(n=1677)
2025-10-24 12:00:00,1.34,1.2907076736433103,0.41,0.705441826844485,昱中科技光伏: 🔵 0值过多(零值率61%) | 🟠 有效样本少(n=1148) | 首耀清墩光伏: 🔵 0值偏多(零值率43%) | 🟠 有效样本少(n=1677)
2025-10-24 13:00:00,0.84,1.274048581817531,0.41,0.7551091551445499,昱中科技光伏: 🔵 0值过多(零值率61%) | 🟠 有效样本少(n=1148) | 首耀清墩光伏: 🔵 0值偏多(零值率43%) | 🟠 有效样本少(n=1677)
2025-10-24 14:00:00,0.97,1.1149894548747148,0.41,0.5657188522798049,昱中科技光伏: 🔵 0值过多(零值率61%) | 🟠 有效样本少(n=1148) | 首耀清墩光伏: 🔵 0值偏多(零值率43%) | 🟠 有效样本少(n=1677)
2025-10-24 15:00:00,0.72,0.8972130916316,0.41,0.4908812835403657,昱中科技光伏: 🔵 0值过多(零值率61%) | 🟠 有效样本少(n=1148) | 首耀清墩光伏: 🔵 0值偏多(零值率43%) | 🟠 有效样本少(n=1677)
2025-10-24 16:00:00,0.35,0.3215850454723038,0.41,0.1842929431066816,昱中科技光伏: 🔵 0值过多(零值率61%) | 🟠 有效样本少(n=1148) | 首耀清墩光伏: 🔵 0值偏多(零值率43%) | 🟠 有效样本少(n=1677)
2025-10-24 17:00:00,0.0,0.0385880031508129,0.41,0.0400240224959684,昱中科技光伏: 🔵 0值过多(零值率61%) | 🟠 有效样本少(n=1148) | 首耀清墩光伏: 🔵 0值偏多(零值率43%) | 🟠 有效样本少(n=1677)
2025-10-24 18:00:00,0.0,0.0,0.41,0.0011506224355732,昱中科技光伏: 🔵 0值过多(零值率61%) | 🟠 有效样本少(n=1148) | 首耀清墩光伏: 🔵 0值偏多(零值率43%) | 🟠 有效样本少(n=1677)
2025-10-24 19:00:00,0.0,0.0,0.41,0.0009987728064796,昱中科技光伏: 🔵 0值过多(零值率61%) | 🟠 有效样本少(n=1148) | 首耀清墩光伏: 🔵 0值偏多(零值率43%) | 🟠 有效样本少(n=1677)
2025-10-24 20:00:00,0.0,0.0,0.0,0.0,昱中科技光伏: 🔵 0值过多(零值率61%) | 🟠 有效样本少(n=1148) | 首耀清墩光伏: 🔵 0值偏多(零值率43%) | 🟠 有效样本少(n=1677)
2025-10-24 21:00:00,0.0,0.0,0.0,0.0,昱中科技光伏: 🔵 0值过多(零值率61%) | 🟠 有效样本少(n=1148) | 首耀清墩光伏: 🔵 0值偏多(零值率43%) | 🟠 有效样本少(n=1677)
2025-10-24 22:00:00,0.0,0.0,0.0,0.0,昱中科技光伏: 🔵 0值过多(零值率61%) | 🟠 有效样本少(n=1148) | 首耀清墩光伏: 🔵 0值偏多(零值率43%) | 🟠 有效样本少(n=1677)
2025-10-24 23:00:00,0.0,0.0,0.0,0.0,昱中科技光伏: 🔵 0值过多(零值率61%) | 🟠 有效样本少(n=1148) | 首耀清墩光伏: 🔵 0值偏多(零值率43%) | 🟠 有效样本少(n=1677)
2025-10-25 00:00:00,0.0,0.0,0.0,0.0,昱中科技光伏: 🔵 0值过多(零值率61%) | 🟠 有效样本少(n=1148) | 首耀清墩光伏: 🔵 0值偏多(零值率43%) | 🟠 有效样本少(n=1677)
2025-10-25 01:00:00,0.0,0.0,0.0,0.0,昱中科技光伏: 🔵 0值过多(零值率61%) | 🟠 有效样本少(n=1148) | 首耀清墩光伏: 🔵 0值偏多(零值率43%) | 🟠 有效样本少(n=1677)
2025-10-25 02:00:00,0.0,0.0,0.0,0.0,昱中科技光伏: 🔵 0值过多(零值率61%) | 🟠 有效样本少(n=1148) | 首耀清墩光伏: 🔵 0值偏多(零值率43%) | 🟠 有效样本少(n=1677)
2025-10-25 03:00:00,0.0,0.0,0.0,0.0,昱中科技光伏: 🔵 0值过多(零值率61%) | 🟠 有效样本少(n=1148) | 首耀清墩光伏: 🔵 0值偏多(零值率43%) | 🟠 有效样本少(n=1677)
2025-10-25 04:00:00,0.0,0.0,0.0,0.0,昱中科技光伏: 🔵 0值过多(零值率61%) | 🟠 有效样本少(n=1148) | 首耀清墩光伏: 🔵 0值偏多(零值率43%) | 🟠 有效样本少(n=1677)
2025-10-25 05:00:00,0.0,0.0,0.0,0.0,昱中科技光伏: 🔵 0值过多(零值率61%) | 🟠 有效样本少(n=1148) | 首耀清墩光伏: 🔵 0值偏多(零值率43%) | 🟠 有效样本少(n=1677)
2025-10-25 06:00:00,0.0,0.0,0.41,0.0035092634844714,昱中科技光伏: 🔵 0值过多(零值率61%) | 🟠 有效样本少(n=1148) | 首耀清墩光伏: 🔵 0值偏多(零值率43%) | 🟠 有效样本少(n=1677)
2025-10-25 07:00:00,0.0,0.0615278574389233,0.41,0.0261556448121022,昱中科技光伏: 🔵 0值过多(零值率61%) | 🟠 有效样本少(n=1148) | 首耀清墩光伏: 🔵 0值偏多(零值率43%) | 🟠 有效样本少(n=1677)
2025-10-25 08:00:00,0.14,0.1978630066642078,0.41,0.1287246542064462,昱中科技光伏: 🔵 0值过多(零值率61%) | 🟠 有效样本少(n=1148) | 首耀清墩光伏: 🔵 0值偏多(零值率43%) | 🟠 有效样本少(n=1677)
2025-10-25 09:00:00,0.2,0.2868281647673901,0.41,0.1625054220434592,昱中科技光伏: 🔵 0值过多(零值率61%) | 🟠 有效样本少(n=1148) | 首耀清墩光伏: 🔵 0值偏多(零值率43%) | 🟠 有效样本少(n=1677)
2025-10-25 10:00:00,0.31,0.2850454656839735,0.41,0.1812933953280132,昱中科技光伏: 🔵 0值过多(零值率61%) | 🟠 有效样本少(n=1148) | 首耀清墩光伏: 🔵 0值偏多(零值率43%) | 🟠 有效样本少(n=1677)
2025-10-25 11:00:00,0.44,0.3196659723208099,0.41,0.1932669512552808,昱中科技光伏: 🔵 0值过多(零值率61%) | 🟠 有效样本少(n=1148) | 首耀清墩光伏: 🔵 0值偏多(零值率43%) | 🟠 有效样本少(n=1677)
2025-10-25 12:00:00,0.63,0.4229247151416581,0.41,0.2804690112913737,昱中科技光伏: 🔵 0值过多(零值率61%) | 🟠 有效样本少(n=1148) | 首耀清墩光伏: 🔵 0值偏多(零值率43%) | 🟠 有效样本少(n=1677)
2025-10-25 13:00:00,0.52,0.5088923132702866,0.41,0.3936017662885516,昱中科技光伏: 🔵 0值过多(零值率61%) | 🟠 有效样本少(n=1148) | 首耀清墩光伏: 🔵 0值偏多(零值率43%) | 🟠 有效样本少(n=1677)
2025-10-25 14:00:00,0.39,0.3431920183216347,0.41,0.2180602784059657,昱中科技光伏: 🔵 0值过多(零值率61%) | 🟠 有效样本少(n=1148) | 首耀清墩光伏: 🔵 0值偏多(零值率43%) | 🟠 有效样本少(n=1677)
2025-10-25 15:00:00,0.26,0.4383520623473788,0.41,0.2275613285310118,昱中科技光伏: 🔵 0值过多(零值率61%) | 🟠 有效样本少(n=1148) | 首耀清墩光伏: 🔵 0值偏多(零值率43%) | 🟠 有效样本少(n=1677)
2025-10-25 16:00:00,0.04,0.0994609288992181,0.41,0.0582250049270198,昱中科技光伏: 🔵 0值过多(零值率61%) | 🟠 有效样本少(n=1148) | 首耀清墩光伏: 🔵 0值偏多(零值率43%) | 🟠 有效样本少(n=1677)
2025-10-25 17:00:00,0.0,0.0022992799182429,0.41,0.0110459088196602,昱中科技光伏: 🔵 0值过多(零值率61%) | 🟠 有效样本少(n=1148) | 首耀清墩光伏: 🔵 0值偏多(零值率43%) | 🟠 有效样本少(n=1677)
2025-10-25 18:00:00,0.0,0.0,0.41,0.0003289600888452,昱中科技光伏: 🔵 0值过多(零值率61%) | 🟠 有效样本少(n=1148) | 首耀清墩光伏: 🔵 0值偏多(零值率43%) | 🟠 有效样本少(n=1677)
2025-10-25 19:00:00,0.0,0.0,0.41,0.0002743379348405,昱中科技光伏: 🔵 0值过多(零值率61%) | 🟠 有效样本少(n=1148) | 首耀清墩光伏: 🔵 0值偏多(零值率43%) | 🟠 有效样本少(n=1677)
2025-10-25 20:00:00,0.0,0.0,0.0,0.0,昱中科技光伏: 🔵 0值过多(零值率61%) | 🟠 有效样本少(n=1148) | 首耀清墩光伏: 🔵 0值偏多(零值率43%) | 🟠 有效样本少(n=1677)
2025-10-25 21:00:00,0.0,0.0,0.0,0.0,昱中科技光伏: 🔵 0值过多(零值率61%) | 🟠 有效样本少(n=1148) | 首耀清墩光伏: 🔵 0值偏多(零值率43%) | 🟠 有效样本少(n=1677)
2025-10-25 22:00:00,0.0,0.0,0.0,0.0,昱中科技光伏: 🔵 0值过多(零值率61%) | 🟠 有效样本少(n=1148) | 首耀清墩光伏: 🔵 0值偏多(零值率43%) | 🟠 有效样本少(n=1677)
2025-10-25 23:00:00,0.0,0.0,0.0,0.0,昱中科技光伏: 🔵 0值过多(零值率61%) | 🟠 有效样本少(n=1148) | 首耀清墩光伏: 🔵 0值偏多(零值率43%) | 🟠 有效样本少(n=1677)
2025-10-26 00:00:00,0.0,0.0,0.0,0.0,昱中科技光伏: 🔵 0值过多(零值率61%) | 🟠 有效样本少(n=1148) | 首耀清墩光伏: 🔵 0值偏多(零值率43%) | 🟠 有效样本少(n=1677)
2025-10-26 01:00:00,0.0,0.0,0.0,0.0,昱中科技光伏: 🔵 0值过多(零值率61%) | 🟠 有效样本少(n=1148) | 首耀清墩光伏: 🔵 0值偏多(零值率43%) | 🟠 有效样本少(n=1677)
2025-10-26 02:00:00,0.0,0.0,0.0,0.0,昱中科技光伏: 🔵 0值过多(零值率61%) | 🟠 有效样本少(n=1148) | 首耀清墩光伏: 🔵 0值偏多(零值率43%) | 🟠 有效样本少(n=1677)
2025-10-26 03:00:00,0.0,0.0,0.0,0.0,昱中科技光伏: 🔵 0值过多(零值率61%) | 🟠 有效样本少(n=1148) | 首耀清墩光伏: 🔵 0值偏多(零值率43%) | 🟠 有效样本少(n=1677)
2025-10-26 04:00:00,0.0,0.0,0.0,0.0,昱中科技光伏: 🔵 0值过多(零值率61%) | 🟠 有效样本少(n=1148) | 首耀清墩光伏: 🔵 0值偏多(零值率43%) | 🟠 有效样本少(n=1677)
2025-10-26 05:00:00,0.0,0.0,0.0,0.0,昱中科技光伏: 🔵 0值过多(零值率61%) | 🟠 有效样本少(n=1148) | 首耀清墩光伏: 🔵 0值偏多(零值率43%) | 🟠 有效样本少(n=1677)
2025-10-26 06:00:00,0.0,0.0,0.41,0.0035614449253642,昱中科技光伏: 🔵 0值过多(零值率61%) | 🟠 有效样本少(n=1148) | 首耀清墩光伏: 🔵 0值偏多(零值率43%) | 🟠 有效样本少(n=1677)
2025-10-26 07:00:00,0.04,0.028787794975148,0.41,0.0317237230264059,昱中科技光伏: 🔵 0值过多(零值率61%) | 🟠 有效样本少(n=1148) | 首耀清墩光伏: 🔵 0值偏多(零值率43%) | 🟠 有效样本少(n=1677)
2025-10-26 08:00:00,0.14,0.3530919170476916,0.41,0.2153826096587749,昱中科技光伏: 🔵 0值过多(零值率61%) | 🟠 有效样本少(n=1148) | 首耀清墩光伏: 🔵 0值偏多(零值率43%) | 🟠 有效样本少(n=1677)
2025-10-26 09:00:00,0.45,0.915134003325174,0.41,0.5634195982457748,昱中科技光伏: 🔵 0值过多(零值率61%) | 🟠 有效样本少(n=1148) | 首耀清墩光伏: 🔵 0值偏多(零值率43%) | 🟠 有效样本少(n=1677)
2025-10-26 10:00:00,0.56,1.2376005971216673,0.41,0.6513703792149769,昱中科技光伏: 🔵 0值过多(零值率61%) | 🟠 有效样本少(n=1148) | 首耀清墩光伏: 🔵 0值偏多(零值率43%) | 🟠 有效样本少(n=1677)
2025-10-26 11:00:00,0.98,1.2943016772834637,0.41,0.7297426401850526,昱中科技光伏: 🔵 0值过多(零值率61%) | 🟠 有效样本少(n=1148) | 首耀清墩光伏: 🔵 0值偏多(零值率43%) | 🟠 有效样本少(n=1677)
2025-10-26 12:00:00,1.43,1.26802128011558,0.41,0.7093481796737818,昱中科技光伏: 🔵 0值过多(零值率61%) | 🟠 有效样本少(n=1148) | 首耀清墩光伏: 🔵 0值偏多(零值率43%) | 🟠 有效样本少(n=1677)
2025-10-26 13:00:00,0.62,1.2078915995519797,0.41,0.6848585057257773,昱中科技光伏: 🔵 0值过多(零值率61%) | 🟠 有效样本少(n=1148) | 首耀清墩光伏: 🔵 0值偏多(零值率43%) | 🟠 有效样本少(n=1677)
2025-10-26 14:00:00,1.21,0.7785493432551379,0.41,0.4218018837230244,昱中科技光伏: 🔵 0值过多(零值率61%) | 🟠 有效样本少(n=1148) | 首耀清墩光伏: 🔵 0值偏多(零值率43%) | 🟠 有效样本少(n=1677)
2025-10-26 15:00:00,0.63,0.4177013890589021,0.41,0.2114283671096628,昱中科技光伏: 🔵 0值过多(零值率61%) | 🟠 有效样本少(n=1148) | 首耀清墩光伏: 🔵 0值偏多(零值率43%) | 🟠 有效样本少(n=1677)
2025-10-26 16:00:00,0.26,0.1979425492843244,0.41,0.115366786271347,昱中科技光伏: 🔵 0值过多(零值率61%) | 🟠 有效样本少(n=1148) | 首耀清墩光伏: 🔵 0值偏多(零值率43%) | 🟠 有效样本少(n=1677)
2025-10-26 17:00:00,0.0,0.0084151549455805,0.41,0.0225837484955362,昱中科技光伏: 🔵 0值过多(零值率61%) | 🟠 有效样本少(n=1148) | 首耀清墩光伏: 🔵 0值偏多(零值率43%) | 🟠 有效样本少(n=1677)
2025-10-26 18:00:00,0.0,0.0,0.41,0.0006824912409047,昱中科技光伏: 🔵 0值过多(零值率61%) | 🟠 有效样本少(n=1148) | 首耀清墩光伏: 🔵 0值偏多(零值率43%) | 🟠 有效样本少(n=1677)
2025-10-26 19:00:00,0.0,0.0,0.41,0.0009150095258157,昱中科技光伏: 🔵 0值过多(零值率61%) | 🟠 有效样本少(n=1148) | 首耀清墩光伏: 🔵 0值偏多(零值率43%) | 🟠 有效样本少(n=1677)
2025-10-26 20:00:00,0.0,0.0,0.0,0.0,昱中科技光伏: 🔵 0值过多(零值率61%) | 🟠 有效样本少(n=1148) | 首耀清墩光伏: 🔵 0值偏多(零值率43%) | 🟠 有效样本少(n=1677)
2025-10-26 21:00:00,0.0,0.0,0.0,0.0,昱中科技光伏: 🔵 0值过多(零值率61%) | 🟠 有效样本少(n=1148) | 首耀清墩光伏: 🔵 0值偏多(零值率43%) | 🟠 有效样本少(n=1677)
2025-10-26 22:00:00,0.0,0.0,0.0,0.0,昱中科技光伏: 🔵 0值过多(零值率61%) | 🟠 有效样本少(n=1148) | 首耀清墩光伏: 🔵 0值偏多(零值率43%) | 🟠 有效样本少(n=1677)
2025-10-26 23:00:00,0.0,0.0,0.0,0.0,昱中科技光伏: 🔵 0值过多(零值率61%) | 🟠 有效样本少(n=1148) | 首耀清墩光伏: 🔵 0值偏多(零值率43%) | 🟠 有效样本少(n=1677)
2025-10-27 00:00:00,0.0,0.0,0.0,0.0,昱中科技光伏: 🔵 0值过多(零值率61%) | 🟠 有效样本少(n=1148) | 首耀清墩光伏: 🔵 0值偏多(零值率43%) | 🟠 有效样本少(n=1677)
2025-10-27 01:00:00,0.0,0.0,0.0,0.0,昱中科技光伏: 🔵 0值过多(零值率61%) | 🟠 有效样本少(n=1148) | 首耀清墩光伏: 🔵 0值偏多(零值率43%) | 🟠 有效样本少(n=1677)
2025-10-27 02:00:00,0.0,0.0,0.0,0.0,昱中科技光伏: 🔵 0值过多(零值率61%) | 🟠 有效样本少(n=1148) | 首耀清墩光伏: 🔵 0值偏多(零值率43%) | 🟠 有效样本少(n=1677)
2025-10-27 03:00:00,0.0,0.0,0.0,0.0,昱中科技光伏: 🔵 0值过多(零值率61%) | 🟠 有效样本少(n=1148) | 首耀清墩光伏: 🔵 0值偏多(零值率43%) | 🟠 有效样本少(n=1677)
2025-10-27 04:00:00,0.0,0.0,0.0,0.0,昱中科技光伏: 🔵 0值过多(零值率61%) | 🟠 有效样本少(n=1148) | 首耀清墩光伏: 🔵 0值偏多(零值率43%) | 🟠 有效样本少(n=1677)
2025-10-27 05:00:00,0.0,0.0,0.0,0.0,昱中科技光伏: 🔵 0值过多(零值率61%) | 🟠 有效样本少(n=1148) | 首耀清墩光伏: 🔵 0值偏多(零值率43%) | 🟠 有效样本少(n=1677)
2025-10-27 06:00:00,0.0,0.0,0.41,0.0032385032508888,昱中科技光伏: 🔵 0值过多(零值率61%) | 🟠 有效样本少(n=1148) | 首耀清墩光伏: 🔵 0值偏多(零值率43%) | 🟠 有效样本少(n=1677)
2025-10-27 07:00:00,0.12,0.0355215873527672,0.41,0.0473604111657579,昱中科技光伏: 🔵 0值过多(零值率61%) | 🟠 有效样本少(n=1148) | 首耀清墩光伏: 🔵 0值偏多(零值率43%) | 🟠 有效样本少(n=1677)
2025-10-27 08:00:00,0.54,0.5742856930009979,0.41,0.3578287665685751,昱中科技光伏: 🔵 0值过多(零值率61%) | 🟠 有效样本少(n=1148) | 首耀清墩光伏: 🔵 0值偏多(零值率43%) | 🟠 有效样本少(n=1677)
2025-10-27 09:00:00,0.97,1.0904524315482162,0.41,0.658795935371241,昱中科技光伏: 🔵 0值过多(零值率61%) | 🟠 有效样本少(n=1148) | 首耀清墩光伏: 🔵 0值偏多(零值率43%) | 🟠 有效样本少(n=1677)
2025-10-27 10:00:00,1.24,1.363560891127056,0.41,0.7599665477303965,昱中科技光伏: 🔵 0值过多(零值率61%) | 🟠 有效样本少(n=1148) | 首耀清墩光伏: 🔵 0值偏多(零值率43%) | 🟠 有效样本少(n=1677)
2025-10-27 11:00:00,1.62,1.439433961037399,0.41,0.8863467513519874,昱中科技光伏: 🔵 0值过多(零值率61%) | 🟠 有效样本少(n=1148) | 首耀清墩光伏: 🔵 0值偏多(零值率43%) | 🟠 有效样本少(n=1677)
2025-10-27 12:00:00,1.65,1.5147606294268476,0.41,0.910967246055284,昱中科技光伏: 🔵 0值过多(零值率61%) | 🟠 有效样本少(n=1148) | 首耀清墩光伏: 🔵 0值偏多(零值率43%) | 🟠 有效样本少(n=1677)
2025-10-27 13:00:00,1.51,1.4109106083556426,0.41,0.8520858184633758,昱中科技光伏: 🔵 0值过多(零值率61%) | 🟠 有效样本少(n=1148) | 首耀清墩光伏: 🔵 0值偏多(零值率43%) | 🟠 有效样本少(n=1677)
2025-10-27 14:00:00,1.22,1.2070749490189037,0.41,0.6735038682686234,昱中科技光伏: 🔵 0值过多(零值率61%) | 🟠 有效样本少(n=1148) | 首耀清墩光伏: 🔵 0值偏多(零值率43%) | 🟠 有效样本少(n=1677)
2025-10-27 15:00:00,0.87,0.952536867872292,0.41,0.5405958924588868,昱中科技光伏: 🔵 0值过多(零值率61%) | 🟠 有效样本少(n=1148) | 首耀清墩光伏: 🔵 0值偏多(零值率43%) | 🟠 有效样本少(n=1677)
2025-10-27 16:00:00,0.26,0.3271607937828156,0.41,0.1860197378729399,昱中科技光伏: 🔵 0值过多(零值率61%) | 🟠 有效样本少(n=1148) | 首耀清墩光伏: 🔵 0值偏多(零值率43%) | 🟠 有效样本少(n=1677)
2025-10-27 17:00:00,0.0,0.0427429722041892,0.41,0.0396115838129826,昱中科技光伏: 🔵 0值过多(零值率61%) | 🟠 有效样本少(n=1148) | 首耀清墩光伏: 🔵 0值偏多(零值率43%) | 🟠 有效样本少(n=1677)
2025-10-27 18:00:00,0.0,0.0,0.41,0.0010443470657174,昱中科技光伏: 🔵 0值过多(零值率61%) | 🟠 有效样本少(n=1148) | 首耀清墩光伏: 🔵 0值偏多(零值率43%) | 🟠 有效样本少(n=1677)
2025-10-27 19:00:00,0.0,0.0,0.41,0.000900837417998,昱中科技光伏: 🔵 0值过多(零值率61%) | 🟠 有效样本少(n=1148) | 首耀清墩光伏: 🔵 0值偏多(零值率43%) | 🟠 有效样本少(n=1677)
2025-10-27 20:00:00,0.0,0.0,0.0,0.0,昱中科技光伏: 🔵 0值过多(零值率61%) | 🟠 有效样本少(n=1148) | 首耀清墩光伏: 🔵 0值偏多(零值率43%) | 🟠 有效样本少(n=1677)
2025-10-27 21:00:00,0.0,0.0,0.0,0.0,昱中科技光伏: 🔵 0值过多(零值率61%) | 🟠 有效样本少(n=1148) | 首耀清墩光伏: 🔵 0值偏多(零值率43%) | 🟠 有效样本少(n=1677)
2025-10-27 22:00:00,0.0,0.0,0.0,0.0,昱中科技光伏: 🔵 0值过多(零值率61%) | 🟠 有效样本少(n=1148) | 首耀清墩光伏: 🔵 0值偏多(零值率43%) | 🟠 有效样本少(n=1677)
2025-10-27 23:00:00,0.0,0.0,0.0,0.0,昱中科技光伏: 🔵 0值过多(零值率61%) | 🟠 有效样本少(n=1148) | 首耀清墩光伏: 🔵 0值偏多(零值率43%) | 🟠 有效样本少(n=1677)
2025-10-28 00:00:00,0.0,0.0,0.0,0.0,昱中科技光伏: 🔵 0值过多(零值率61%) | 🟠 有效样本少(n=1148) | 首耀清墩光伏: 🔵 0值偏多(零值率43%) | 🟠 有效样本少(n=1677)
2025-10-28 01:00:00,0.0,0.0,0.0,0.0,昱中科技光伏: 🔵 0值过多(零值率61%) | 🟠 有效样本少(n=1148) | 首耀清墩光伏: 🔵 0值偏多(零值率43%) | 🟠 有效样本少(n=1677)
2025-10-28 02:00:00,0.0,0.0,0.0,0.0,昱中科技光伏: 🔵 0值过多(零值率61%) | 🟠 有效样本少(n=1148) | 首耀清墩光伏: 🔵 0值偏多(零值率43%) | 🟠 有效样本少(n=1677)
2025-10-28 03:00:00,0.0,0.0,0.0,0.0,昱中科技光伏: 🔵 0值过多(零值率61%) | 🟠 有效样本少(n=1148) | 首耀清墩光伏: 🔵 0值偏多(零值率43%) | 🟠 有效样本少(n=1677)
2025-10-28 04:00:00,0.0,0.0,0.0,0.0,昱中科技光伏: 🔵 0值过多(零值率61%) | 🟠 有效样本少(n=1148) | 首耀清墩光伏: 🔵 0值偏多(零值率43%) | 🟠 有效样本少(n=1677)
2025-10-28 05:00:00,0.0,0.0,0.0,0.0,昱中科技光伏: 🔵 0值过多(零值率61%) | 🟠 有效样本少(n=1148) | 首耀清墩光伏: 🔵 0值偏多(零值率43%) | 🟠 有效样本少(n=1677)
2025-10-28 06:00:00,0.0,0.0,0.41,0.0032566249094745,昱中科技光伏: 🔵 0值过多(零值率61%) | 🟠 有效样本少(n=1148) | 首耀清墩光伏: 🔵 0值偏多(零值率43%) | 🟠 有效样本少(n=1677)
2025-10-28 07:00:00,0.11,0.0262303700658275,0.41,0.0399598866760876,昱中科技光伏: 🔵 0值过多(零值率61%) | 🟠 有效样本少(n=1148) | 首耀清墩光伏: 🔵 0值偏多(零值率43%) | 🟠 有效样本少(n=1677)
2025-10-28 08:00:00,0.52,0.3835880290812616,0.41,0.253983082851217,昱中科技光伏: 🔵 0值过多(零值率61%) | 🟠 有效样本少(n=1148) | 首耀清墩光伏: 🔵 0值偏多(零值率43%) | 🟠 有效样本少(n=1677)
2025-10-28 09:00:00,0.99,0.9407135039125064,0.41,0.589657513636422,昱中科技光伏: 🔵 0值过多(零值率61%) | 🟠 有效样本少(n=1148) | 首耀清墩光伏: 🔵 0值偏多(零值率43%) | 🟠 有效样本少(n=1677)
2025-10-28 10:00:00,1.35,1.2904370460461545,0.41,0.6866508356992309,昱中科技光伏: 🔵 0值过多(零值率61%) | 🟠 有效样本少(n=1148) | 首耀清墩光伏: 🔵 0值偏多(零值率43%) | 🟠 有效样本少(n=1677)
2025-10-28 11:00:00,1.53,1.2642569114505775,0.41,0.741896160476299,昱中科技光伏: 🔵 0值过多(零值率61%) | 🟠 有效样本少(n=1148) | 首耀清墩光伏: 🔵 0值偏多(零值率43%) | 🟠 有效样本少(n=1677)
2025-10-28 12:00:00,1.54,1.3859530133430933,0.41,0.8376399647254245,昱中科技光伏: 🔵 0值过多(零值率61%) | 🟠 有效样本少(n=1148) | 首耀清墩光伏: 🔵 0值偏多(零值率43%) | 🟠 有效样本少(n=1677)
2025-10-28 13:00:00,1.43,1.304371560571454,0.41,0.7898604043817079,昱中科技光伏: 🔵 0值过多(零值率61%) | 🟠 有效样本少(n=1148) | 首耀清墩光伏: 🔵 0值偏多(零值率43%) | 🟠 有效样本少(n=1677)
2025-10-28 14:00:00,1.16,1.165408261974663,0.41,0.6519553868769128,昱中科技光伏: 🔵 0值过多(零值率61%) | 🟠 有效样本少(n=1148) | 首耀清墩光伏: 🔵 0值偏多(零值率43%) | 🟠 有效样本少(n=1677)
2025-10-28 15:00:00,0.76,0.9148556607954256,0.41,0.5180621306617756,昱中科技光伏: 🔵 0值过多(零值率61%) | 🟠 有效样本少(n=1148) | 首耀清墩光伏: 🔵 0值偏多(零值率43%) | 🟠 有效样本少(n=1677)
2025-10-28 16:00:00,0.31,0.3177973173876721,0.41,0.1834441434772609,昱中科技光伏: 🔵 0值过多(零值率61%) | 🟠 有效样本少(n=1148) | 首耀清墩光伏: 🔵 0值偏多(零值率43%) | 🟠 有效样本少(n=1677)
2025-10-28 17:00:00,0.0,0.0513743809978012,0.41,0.0401895450618351,昱中科技光伏: 🔵 0值过多(零值率61%) | 🟠 有效样本少(n=1148) | 首耀清墩光伏: 🔵 0值偏多(零值率43%) | 🟠 有效样本少(n=1677)
2025-10-28 18:00:00,0.0,0.0,0.41,0.0010328226334816,昱中科技光伏: 🔵 0值过多(零值率61%) | 🟠 有效样本少(n=1148) | 首耀清墩光伏: 🔵 0值偏多(零值率43%) | 🟠 有效样本少(n=1677)
2025-10-28 19:00:00,0.0,0.0,0.41,0.0010392065571258,昱中科技光伏: 🔵 0值过多(零值率61%) | 🟠 有效样本少(n=1148) | 首耀清墩光伏: 🔵 0值偏多(零值率43%) | 🟠 有效样本少(n=1677)
2025-10-28 20:00:00,0.0,0.0,0.0,0.0,昱中科技光伏: 🔵 0值过多(零值率61%) | 🟠 有效样本少(n=1148) | 首耀清墩光伏: 🔵 0值偏多(零值率43%) | 🟠 有效样本少(n=1677)
2025-10-28 21:00:00,0.0,0.0,0.0,0.0,昱中科技光伏: 🔵 0值过多(零值率61%) | 🟠 有效样本少(n=1148) | 首耀清墩光伏: 🔵 0值偏多(零值率43%) | 🟠 有效样本少(n=1677)
2025-10-28 22:00:00,0.0,0.0,0.0,0.0,昱中科技光伏: 🔵 0值过多(零值率61%) | 🟠 有效样本少(n=1148) | 首耀清墩光伏: 🔵 0值偏多(零值率43%) | 🟠 有效样本少(n=1677)
2025-10-28 23:00:00,0.0,0.0,0.0,0.0,昱中科技光伏: 🔵 0值过多(零值率61%) | 🟠 有效样本少(n=1148) | 首耀清墩光伏: 🔵 0值偏多(零值率43%) | 🟠 有效样本少(n=1677)
2025-10-29 00:00:00,0.0,0.0,0.0,0.0,昱中科技光伏: 🔵 0值过多(零值率61%) | 🟠 有效样本少(n=1148) | 首耀清墩光伏: 🔵 0值偏多(零值率43%) | 🟠 有效样本少(n=1677)
2025-10-29 01:00:00,0.0,0.0,0.0,0.0,昱中科技光伏: 🔵 0值过多(零值率61%) | 🟠 有效样本少(n=1148) | 首耀清墩光伏: 🔵 0值偏多(零值率43%) | 🟠 有效样本少(n=1677)
2025-10-29 02:00:00,0.0,0.0,0.0,0.0,昱中科技光伏: 🔵 0值过多(零值率61%) | 🟠 有效样本少(n=1148) | 首耀清墩光伏: 🔵 0值偏多(零值率43%) | 🟠 有效样本少(n=1677)
2025-10-29 03:00:00,0.0,0.0,0.0,0.0,昱中科技光伏: 🔵 0值过多(零值率61%) | 🟠 有效样本少(n=1148) | 首耀清墩光伏: 🔵 0值偏多(零值率43%) | 🟠 有效样本少(n=1677)
2025-10-29 04:00:00,0.0,0.0,0.0,0.0,昱中科技光伏: 🔵 0值过多(零值率61%) | 🟠 有效样本少(n=1148) | 首耀清墩光伏: 🔵 0值偏多(零值率43%) | 🟠 有效样本少(n=1677)
2025-10-29 05:00:00,0.0,0.0,0.0,0.0,昱中科技光伏: 🔵 0值过多(零值率61%) | 🟠 有效样本少(n=1148) | 首耀清墩光伏: 🔵 0值偏多(零值率43%) | 🟠 有效样本少(n=1677)
2025-10-29 06:00:00,0.0,0.0,0.41,0.0029684131515942,昱中科技光伏: 🔵 0值过多(零值率61%) | 🟠 有效样本少(n=1148) | 首耀清墩光伏: 🔵 0值偏多(零值率43%) | 🟠 有效样本少(n=1677)
2025-10-29 07:00:00,0.11,0.0275620180136975,0.41,0.0377544692466254,昱中科技光伏: 🔵 0值过多(零值率61%) | 🟠 有效样本少(n=1148) | 首耀清墩光伏: 🔵 0值偏多(零值率43%) | 🟠 有效样本少(n=1677)
2025-10-29 08:00:00,0.54,0.4573333996066543,0.41,0.3229990094152827,昱中科技光伏: 🔵 0值过多(零值率61%) | 🟠 有效样本少(n=1148) | 首耀清墩光伏: 🔵 0值偏多(零值率43%) | 🟠 有效样本少(n=1677)
2025-10-29 09:00:00,1.02,0.9885508398141764,0.41,0.6118068597889624,昱中科技光伏: 🔵 0值过多(零值率61%) | 🟠 有效样本少(n=1148) | 首耀清墩光伏: 🔵 0值偏多(零值率43%) | 🟠 有效样本少(n=1677)
2025-10-29 10:00:00,1.36,1.2619436080618482,0.41,0.6903955839266612,昱中科技光伏: 🔵 0值过多(零值率61%) | 🟠 有效样本少(n=1148) | 首耀清墩光伏: 🔵 0值偏多(零值率43%) | 🟠 有效样本少(n=1677)
2025-10-29 11:00:00,1.57,1.4059387059046382,0.41,0.7804772613066872,昱中科技光伏: 🔵 0值过多(零值率61%) | 🟠 有效样本少(n=1148) | 首耀清墩光伏: 🔵 0值偏多(零值率43%) | 🟠 有效样本少(n=1677)
2025-10-29 12:00:00,1.26,1.355488339779078,0.41,0.817216556736213,昱中科技光伏: 🔵 0值过多(零值率61%) | 🟠 有效样本少(n=1148) | 首耀清墩光伏: 🔵 0值偏多(零值率43%) | 🟠 有效样本少(n=1677)
2025-10-29 13:00:00,0.99,1.2964190660928192,0.41,0.7721645313117207,昱中科技光伏: 🔵 0值过多(零值率61%) | 🟠 有效样本少(n=1148) | 首耀清墩光伏: 🔵 0值偏多(零值率43%) | 🟠 有效样本少(n=1677)
2025-10-29 14:00:00,0.87,1.0903306895247973,0.41,0.5911024846711613,昱中科技光伏: 🔵 0值过多(零值率61%) | 🟠 有效样本少(n=1148) | 首耀清墩光伏: 🔵 0值偏多(零值率43%) | 🟠 有效样本少(n=1677)
2025-10-29 15:00:00,0.61,0.7215409770181906,0.41,0.409401371081485,昱中科技光伏: 🔵 0值过多(零值率61%) | 🟠 有效样本少(n=1148) | 首耀清墩光伏: 🔵 0值偏多(零值率43%) | 🟠 有效样本少(n=1677)
2025-10-29 16:00:00,0.22,0.2461458447413012,0.41,0.1409981831593261,昱中科技光伏: 🔵 0值过多(零值率61%) | 🟠 有效样本少(n=1148) | 首耀清墩光伏: 🔵 0值偏多(零值率43%) | 🟠 有效样本少(n=1677)
2025-10-29 17:00:00,0.0,0.0,0.41,0.0261356544584775,昱中科技光伏: 🔵 0值过多(零值率61%) | 🟠 有效样本少(n=1148) | 首耀清墩光伏: 🔵 0值偏多(零值率43%) | 🟠 有效样本少(n=1677)
2025-10-29 18:00:00,0.0,0.0,0.41,0.0003333779020514,昱中科技光伏: 🔵 0值过多(零值率61%) | 🟠 有效样本少(n=1148) | 首耀清墩光伏: 🔵 0值偏多(零值率43%) | 🟠 有效样本少(n=1677)
2025-10-29 19:00:00,0.0,0.0,0.41,0.0001739110018557,昱中科技光伏: 🔵 0值过多(零值率61%) | 🟠 有效样本少(n=1148) | 首耀清墩光伏: 🔵 0值偏多(零值率43%) | 🟠 有效样本少(n=1677)
2025-10-29 20:00:00,0.0,0.0,0.0,0.0,昱中科技光伏: 🔵 0值过多(零值率61%) | 🟠 有效样本少(n=1148) | 首耀清墩光伏: 🔵 0值偏多(零值率43%) | 🟠 有效样本少(n=1677)
2025-10-29 21:00:00,0.0,0.0,0.0,0.0,昱中科技光伏: 🔵 0值过多(零值率61%) | 🟠 有效样本少(n=1148) | 首耀清墩光伏: 🔵 0值偏多(零值率43%) | 🟠 有效样本少(n=1677)
2025-10-29 22:00:00,0.0,0.0,0.0,0.0,昱中科技光伏: 🔵 0值过多(零值率61%) | 🟠 有效样本少(n=1148) | 首耀清墩光伏: 🔵 0值偏多(零值率43%) | 🟠 有效样本少(n=1677)
2025-10-29 23:00:00,0.0,0.0,0.0,0.0,昱中科技光伏: 🔵 0值过多(零值率61%) | 🟠 有效样本少(n=1148) | 首耀清墩光伏: 🔵 0值偏多(零值率43%) | 🟠 有效样本少(n=1677)
2025-10-30 00:00:00,0.0,0.0,0.0,0.0,昱中科技光伏: 🔵 0值过多(零值率61%) | 🟠 有效样本少(n=1148) | 首耀清墩光伏: 🔵 0值偏多(零值率43%) | 🟠 有效样本少(n=1677)
2025-10-30 01:00:00,0.0,0.0,0.0,0.0,昱中科技光伏: 🔵 0值过多(零值率61%) | 🟠 有效样本少(n=1148) | 首耀清墩光伏: 🔵 0值偏多(零值率43%) | 🟠 有效样本少(n=1677)
2025-10-30 02:00:00,0.0,0.0,0.0,0.0,昱中科技光伏: 🔵 0值过多(零值率61%) | 🟠 有效样本少(n=1148) | 首耀清墩光伏: 🔵 0值偏多(零值率43%) | 🟠 有效样本少(n=1677)
2025-10-30 03:00:00,0.0,0.0,0.0,0.0,昱中科技光伏: 🔵 0值过多(零值率61%) | 🟠 有效样本少(n=1148) | 首耀清墩光伏: 🔵 0值偏多(零值率43%) | 🟠 有效样本少(n=1677)
2025-10-30 04:00:00,0.0,0.0,0.0,0.0,昱中科技光伏: 🔵 0值过多(零值率61%) | 🟠 有效样本少(n=1148) | 首耀清墩光伏: 🔵 0值偏多(零值率43%) | 🟠 有效样本少(n=1677)
2025-10-30 05:00:00,0.0,0.0,0.0,0.0,昱中科技光伏: 🔵 0值过多(零值率61%) | 🟠 有效样本少(n=1148) | 首耀清墩光伏: 🔵 0值偏多(零值率43%) | 🟠 有效样本少(n=1677)
2025-10-30 06:00:00,0.0,0.0,0.41,0.0031010144174987,昱中科技光伏: 🔵 0值过多(零值率61%) | 🟠 有效样本少(n=1148) | 首耀清墩光伏: 🔵 0值偏多(零值率43%) | 🟠 有效样本少(n=1677)
2025-10-30 07:00:00,0.0,0.0381468766656504,0.41,0.0157711271999581,昱中科技光伏: 🔵 0值过多(零值率61%) | 🟠 有效样本少(n=1148) | 首耀清墩光伏: 🔵 0值偏多(零值率43%) | 🟠 有效样本少(n=1677)
2025-10-30 08:00:00,0.12,0.1136462096477415,0.41,0.0945741848567865,昱中科技光伏: 🔵 0值过多(零值率61%) | 🟠 有效样本少(n=1148) | 首耀清墩光伏: 🔵 0值偏多(零值率43%) | 🟠 有效样本少(n=1677)
2025-10-30 09:00:00,0.23,0.1772695871646248,0.41,0.1167564423747914,昱中科技光伏: 🔵 0值过多(零值率61%) | 🟠 有效样本少(n=1148) | 首耀清墩光伏: 🔵 0值偏多(零值率43%) | 🟠 有效样本少(n=1677)
2025-10-30 10:00:00,0.34,0.3285141020213758,0.41,0.2047734097353532,昱中科技光伏: 🔵 0值过多(零值率61%) | 🟠 有效样本少(n=1148) | 首耀清墩光伏: 🔵 0值偏多(零值率43%) | 🟠 有效样本少(n=1677)
2025-10-30 11:00:00,0.47,0.5242645192201667,0.41,0.320691751935085,昱中科技光伏: 🔵 0值过多(零值率61%) | 🟠 有效样本少(n=1148) | 首耀清墩光伏: 🔵 0值偏多(零值率43%) | 🟠 有效样本少(n=1677)
2025-10-30 12:00:00,0.87,0.5171495977090206,0.41,0.3235929060838629,昱中科技光伏: 🔵 0值过多(零值率61%) | 🟠 有效样本少(n=1148) | 首耀清墩光伏: 🔵 0值偏多(零值率43%) | 🟠 有效样本少(n=1677)
2025-10-30 13:00:00,0.58,0.8501369317706073,0.41,0.5030812030652859,昱中科技光伏: 🔵 0值过多(零值率61%) | 🟠 有效样本少(n=1148) | 首耀清墩光伏: 🔵 0值偏多(零值率43%) | 🟠 有效样本少(n=1677)
2025-10-30 14:00:00,0.47,0.8358279859706873,0.41,0.4809366679179065,昱中科技光伏: 🔵 0值过多(零值率61%) | 🟠 有效样本少(n=1148) | 首耀清墩光伏: 🔵 0值偏多(零值率43%) | 🟠 有效样本少(n=1677)
2025-10-30 15:00:00,0.19,0.4210636588190067,0.41,0.2106542044186406,昱中科技光伏: 🔵 0值过多(零值率61%) | 🟠 有效样本少(n=1148) | 首耀清墩光伏: 🔵 0值偏多(零值率43%) | 🟠 有效样本少(n=1677)
2025-10-30 16:00:00,0.11,0.2205999220637205,0.41,0.1189394567417062,昱中科技光伏: 🔵 0值过多(零值率61%) | 🟠 有效样本少(n=1148) | 首耀清墩光伏: 🔵 0值偏多(零值率43%) | 🟠 有效样本少(n=1677)
2025-10-30 17:00:00,0.0,0.0,0.41,0.0183057607933243,昱中科技光伏: 🔵 0值过多(零值率61%) | 🟠 有效样本少(n=1148) | 首耀清墩光伏: 🔵 0值偏多(零值率43%) | 🟠 有效样本少(n=1677)
2025-10-30 18:00:00,0.0,0.0,0.41,0.0003713991989279,昱中科技光伏: 🔵 0值过多(零值率61%) | 🟠 有效样本少(n=1148) | 首耀清墩光伏: 🔵 0值偏多(零值率43%) | 🟠 有效样本少(n=1677)
2025-10-30 19:00:00,0.0,0.0,0.41,0.0004586664395191,昱中科技光伏: 🔵 0值过多(零值率61%) | 🟠 有效样本少(n=1148) | 首耀清墩光伏: 🔵 0值偏多(零值率43%) | 🟠 有效样本少(n=1677)
2025-10-30 20:00:00,0.0,0.0,0.0,0.0,昱中科技光伏: 🔵 0值过多(零值率61%) | 🟠 有效样本少(n=1148) | 首耀清墩光伏: 🔵 0值偏多(零值率43%) | 🟠 有效样本少(n=1677)
2025-10-30 21:00:00,0.0,0.0,0.0,0.0,昱中科技光伏: 🔵 0值过多(零值率61%) | 🟠 有效样本少(n=1148) | 首耀清墩光伏: 🔵 0值偏多(零值率43%) | 🟠 有效样本少(n=1677)
2025-10-30 22:00:00,0.0,0.0,0.0,0.0,昱中科技光伏: 🔵 0值过多(零值率61%) | 🟠 有效样本少(n=1148) | 首耀清墩光伏: 🔵 0值偏多(零值率43%) | 🟠 有效样本少(n=1677)
2025-10-30 23:00:00,0.0,0.0,0.0,0.0,昱中科技光伏: 🔵 0值过多(零值率61%) | 🟠 有效样本少(n=1148) | 首耀清墩光伏: 🔵 0值偏多(零值率43%) | 🟠 有效样本少(n=1677)
2025-10-31 00:00:00,0.0,0.0,0.0,0.0,昱中科技光伏: 🔵 0值过多(零值率61%) | 🟠 有效样本少(n=1148) | 首耀清墩光伏: 🔵 0值偏多(零值率43%) | 🟠 有效样本少(n=1677)
2025-10-31 01:00:00,0.0,0.0,0.0,0.0,昱中科技光伏: 🔵 0值过多(零值率61%) | 🟠 有效样本少(n=1148) | 首耀清墩光伏: 🔵 0值偏多(零值率43%) | 🟠 有效样本少(n=1677)
2025-10-31 02:00:00,0.0,0.0,0.0,0.0,昱中科技光伏: 🔵 0值过多(零值率61%) | 🟠 有效样本少(n=1148) | 首耀清墩光伏: 🔵 0值偏多(零值率43%) | 🟠 有效样本少(n=1677)
2025-10-31 03:00:00,0.0,0.0,0.0,0.0,昱中科技光伏: 🔵 0值过多(零值率61%) | 🟠 有效样本少(n=1148) | 首耀清墩光伏: 🔵 0值偏多(零值率43%) | 🟠 有效样本少(n=1677)
2025-10-31 04:00:00,0.0,0.0,0.0,0.0,昱中科技光伏: 🔵 0值过多(零值率61%) | 🟠 有效样本少(n=1148) | 首耀清墩光伏: 🔵 0值偏多(零值率43%) | 🟠 有效样本少(n=1677)
2025-10-31 05:00:00,0.0,0.0,0.0,0.0,昱中科技光伏: 🔵 0值过多(零值率61%) | 🟠 有效样本少(n=1148) | 首耀清墩光伏: 🔵 0值偏多(零值率43%) | 🟠 有效样本少(n=1677)
2025-10-31 06:00:00,0.0,0.0,0.41,0.0030799758328994,昱中科技光伏: 🔵 0值过多(零值率61%) | 🟠 有效样本少(n=1148) | 首耀清墩光伏: 🔵 0值偏多(零值率43%) | 🟠 有效样本少(n=1677)
2025-10-31 07:00:00,0.08,0.0165703196906087,0.41,0.0193158898492204,昱中科技光伏: 🔵 0值过多(零值率61%) | 🟠 有效样本少(n=1148) | 首耀清墩光伏: 🔵 0值偏多(零值率43%) | 🟠 有效样本少(n=1677)
2025-10-31 08:00:00,0.21,0.219169678333655,0.41,0.137771738578171,昱中科技光伏: 🔵 0值过多(零值率61%) | 🟠 有效样本少(n=1148) | 首耀清墩光伏: 🔵 0值偏多(零值率43%) | 🟠 有效样本少(n=1677)
2025-10-31 09:00:00,0.13,0.4373894826684045,0.41,0.2606657081538474,昱中科技光伏: 🔵 0值过多(零值率61%) | 🟠 有效样本少(n=1148) | 首耀清墩光伏: 🔵 0值偏多(零值率43%) | 🟠 有效样本少(n=1677)
2025-10-31 10:00:00,0.0,0.4956756457272183,0.41,0.3760165256358285,昱中科技光伏: 🔵 0值过多(零值率61%) | 🟠 有效样本少(n=1148) | 首耀清墩光伏: 🔵 0值偏多(零值率43%) | 🟠 有效样本少(n=1677)
2025-10-31 11:00:00,0.32,0.9601317418481315,0.41,0.5474864782681864,昱中科技光伏: 🔵 0值过多(零值率61%) | 🟠 有效样本少(n=1148) | 首耀清墩光伏: 🔵 0值偏多(零值率43%) | 🟠 有效样本少(n=1677)
2025-10-31 12:00:00,1.57,1.0695487737260456,0.41,0.5851216064457155,昱中科技光伏: 🔵 0值过多(零值率61%) | 🟠 有效样本少(n=1148) | 首耀清墩光伏: 🔵 0值偏多(零值率43%) | 🟠 有效样本少(n=1677)
2025-10-31 13:00:00,1.52,1.012537731487562,0.41,0.5752148184130189,昱中科技光伏: 🔵 0值过多(零值率61%) | 🟠 有效样本少(n=1148) | 首耀清墩光伏: 🔵 0值偏多(零值率43%) | 🟠 有效样本少(n=1677)
2025-10-31 14:00:00,1.18,0.8208155535583337,0.41,0.4745392257128165,昱中科技光伏: 🔵 0值过多(零值率61%) | 🟠 有效样本少(n=1148) | 首耀清墩光伏: 🔵 0值偏多(零值率43%) | 🟠 有效样本少(n=1677)
2025-10-31 15:00:00,0.7,0.4659726296400393,0.41,0.2232888797048416,昱中科技光伏: 🔵 0值过多(零值率61%) | 🟠 有效样本少(n=1148) | 首耀清墩光伏: 🔵 0值偏多(零值率43%) | 🟠 有效样本少(n=1677)
2025-10-31 16:00:00,0.22,0.2094792752102502,0.41,0.1263025675522369,昱中科技光伏: 🔵 0值过多(零值率61%) | 🟠 有效样本少(n=1148) | 首耀清墩光伏: 🔵 0值偏多(零值率43%) | 🟠 有效样本少(n=1677)
2025-10-31 17:00:00,0.0,0.0,0.41,0.0273795356914519,昱中科技光伏: 🔵 0值过多(零值率61%) | 🟠 有效样本少(n=1148) | 首耀清墩光伏: 🔵 0值偏多(零值率43%) | 🟠 有效样本少(n=1677)
2025-10-31 18:00:00,0.0,0.0,0.41,0.0006743424523451,昱中科技光伏: 🔵 0值过多(零值率61%) | 🟠 有效样本少(n=1148) | 首耀清墩光伏: 🔵 0值偏多(零值率43%) | 🟠 有效样本少(n=1677)
2025-10-31 19:00:00,0.0,0.0,0.41,0.0005122852485262,昱中科技光伏: 🔵 0值过多(零值率61%) | 🟠 有效样本少(n=1148) | 首耀清墩光伏: 🔵 0值偏多(零值率43%) | 🟠 有效样本少(n=1677)
2025-10-31 20:00:00,0.0,0.0,0.0,0.0,昱中科技光伏: 🔵 0值过多(零值率61%) | 🟠 有效样本少(n=1148) | 首耀清墩光伏: 🔵 0值偏多(零值率43%) | 🟠 有效样本少(n=1677)
2025-10-31 21:00:00,0.0,0.0,0.0,0.0,昱中科技光伏: 🔵 0值过多(零值率61%) | 🟠 有效样本少(n=1148) | 首耀清墩光伏: 🔵 0值偏多(零值率43%) | 🟠 有效样本少(n=1677)
2025-10-31 22:00:00,0.0,0.0,0.0,0.0,昱中科技光伏: 🔵 0值过多(零值率61%) | 🟠 有效样本少(n=1148) | 首耀清墩光伏: 🔵 0值偏多(零值率43%) | 🟠 有效样本少(n=1677)
2025-10-31 23:00:00,0.0,0.0,0.0,0.0,昱中科技光伏: 🔵 0值过多(零值率61%) | 🟠 有效样本少(n=1148) | 首耀清墩光伏: 🔵 0值偏多(零值率43%) | 🟠 有效样本少(n=1677)
2025-11-01 00:00:00,0.0,0.0,0.0,0.0,昱中科技光伏: 🔵 0值过多(零值率61%) | 🟠 有效样本少(n=1148) | 首耀清墩光伏: 🔵 0值偏多(零值率43%) | 🟠 有效样本少(n=1677)
2025-11-01 01:00:00,0.0,0.0,0.0,0.0,昱中科技光伏: 🔵 0值过多(零值率61%) | 🟠 有效样本少(n=1148) | 首耀清墩光伏: 🔵 0值偏多(零值率43%) | 🟠 有效样本少(n=1677)
2025-11-01 02:00:00,0.0,0.0,0.0,0.0,昱中科技光伏: 🔵 0值过多(零值率61%) | 🟠 有效样本少(n=1148) | 首耀清墩光伏: 🔵 0值偏多(零值率43%) | 🟠 有效样本少(n=1677)
2025-11-01 03:00:00,0.0,0.0,0.0,0.0,昱中科技光伏: 🔵 0值过多(零值率61%) | 🟠 有效样本少(n=1148) | 首耀清墩光伏: 🔵 0值偏多(零值率43%) | 🟠 有效样本少(n=1677)
2025-11-01 04:00:00,0.0,0.0,0.0,0.0,昱中科技光伏: 🔵 0值过多(零值率61%) | 🟠 有效样本少(n=1148) | 首耀清墩光伏: 🔵 0值偏多(零值率43%) | 🟠 有效样本少(n=1677)
2025-11-01 05:00:00,0.0,0.0,0.0,0.0,昱中科技光伏: 🔵 0值过多(零值率61%) | 🟠 有效样本少(n=1148) | 首耀清墩光伏: 🔵 0值偏多(零值率43%) | 🟠 有效样本少(n=1677)
2025-11-01 06:00:00,0.0,0.0,0.41,0.0029671557328364,昱中科技光伏: 🔵 0值过多(零值率61%) | 🟠 有效样本少(n=1148) | 首耀清墩光伏: 🔵 0值偏多(零值率43%) | 🟠 有效样本少(n=1677)
2025-11-01 07:00:00,0.0,0.0730138769179951,0.41,0.0345171108467121,昱中科技光伏: 🔵 0值过多(零值率61%) | 🟠 有效样本少(n=1148) | 首耀清墩光伏: 🔵 0值偏多(零值率43%) | 🟠 有效样本少(n=1677)
2025-11-01 08:00:00,0.15,0.4931356282108545,0.41,0.2564814056266596,昱中科技光伏: 🔵 0值过多(零值率61%) | 🟠 有效样本少(n=1148) | 首耀清墩光伏: 🔵 0值偏多(零值率43%) | 🟠 有效样本少(n=1677)
2025-11-01 09:00:00,0.37,1.0488855339864551,0.41,0.5612016686624913,昱中科技光伏: 🔵 0值过多(零值率61%) | 🟠 有效样本少(n=1148) | 首耀清墩光伏: 🔵 0值偏多(零值率43%) | 🟠 有效样本少(n=1677)
2025-11-01 10:00:00,0.91,1.3371022933895982,0.41,0.651717554146335,昱中科技光伏: 🔵 0值过多(零值率61%) | 🟠 有效样本少(n=1148) | 首耀清墩光伏: 🔵 0值偏多(零值率43%) | 🟠 有效样本少(n=1677)
2025-11-01 11:00:00,1.55,1.5812573349151169,0.41,0.7580825860927848,昱中科技光伏: 🔵 0值过多(零值率61%) | 🟠 有效样本少(n=1148) | 首耀清墩光伏: 🔵 0值偏多(零值率43%) | 🟠 有效样本少(n=1677)
2025-11-01 12:00:00,1.49,1.520670524491894,0.41,0.7883357979183765,昱中科技光伏: 🔵 0值过多(零值率61%) | 🟠 有效样本少(n=1148) | 首耀清墩光伏: 🔵 0值偏多(零值率43%) | 🟠 有效样本少(n=1677)
2025-11-01 13:00:00,1.28,1.4364199346638773,0.41,0.7403505959774975,昱中科技光伏: 🔵 0值过多(零值率61%) | 🟠 有效样本少(n=1148) | 首耀清墩光伏: 🔵 0值偏多(零值率43%) | 🟠 有效样本少(n=1677)
2025-11-01 14:00:00,1.11,1.2718660632098289,0.41,0.6051101774089943,昱中科技光伏: 🔵 0值过多(零值率61%) | 🟠 有效样本少(n=1148) | 首耀清墩光伏: 🔵 0值偏多(零值率43%) | 🟠 有效样本少(n=1677)
2025-11-01 15:00:00,0.76,0.9919342833903962,0.41,0.4680229563873486,昱中科技光伏: 🔵 0值过多(零值率61%) | 🟠 有效样本少(n=1148) | 首耀清墩光伏: 🔵 0值偏多(零值率43%) | 🟠 有效样本少(n=1677)
2025-11-01 16:00:00,0.28,0.3320647225220506,0.41,0.1626447517529616,昱中科技光伏: 🔵 0值过多(零值率61%) | 🟠 有效样本少(n=1148) | 首耀清墩光伏: 🔵 0值偏多(零值率43%) | 🟠 有效样本少(n=1677)
2025-11-01 17:00:00,0.0,0.0,0.41,0.0316392846600454,昱中科技光伏: 🔵 0值过多(零值率61%) | 🟠 有效样本少(n=1148) | 首耀清墩光伏: 🔵 0值偏多(零值率43%) | 🟠 有效样本少(n=1677)
2025-11-01 18:00:00,0.0,0.0,0.41,0.0004773440605475,昱中科技光伏: 🔵 0值过多(零值率61%) | 🟠 有效样本少(n=1148) | 首耀清墩光伏: 🔵 0值偏多(零值率43%) | 🟠 有效样本少(n=1677)
2025-11-01 19:00:00,0.0,0.0,0.41,0.0009285953119606,昱中科技光伏: 🔵 0值过多(零值率61%) | 🟠 有效样本少(n=1148) | 首耀清墩光伏: 🔵 0值偏多(零值率43%) | 🟠 有效样本少(n=1677)
2025-11-01 20:00:00,0.0,0.0,0.0,0.0,昱中科技光伏: 🔵 0值过多(零值率61%) | 🟠 有效样本少(n=1148) | 首耀清墩光伏: 🔵 0值偏多(零值率43%) | 🟠 有效样本少(n=1677)
2025-11-01 21:00:00,0.0,0.0,0.0,0.0,昱中科技光伏: 🔵 0值过多(零值率61%) | 🟠 有效样本少(n=1148) | 首耀清墩光伏: 🔵 0值偏多(零值率43%) | 🟠 有效样本少(n=1677)
2025-11-01 22:00:00,0.0,0.0,0.0,0.0,昱中科技光伏: 🔵 0值过多(零值率61%) | 🟠 有效样本少(n=1148) | 首耀清墩光伏: 🔵 0值偏多(零值率43%) | 🟠 有效样本少(n=1677)
2025-11-01 23:00:00,0.0,0.0,0.0,0.0,昱中科技光伏: 🔵 0值过多(零值率61%) | 🟠 有效样本少(n=1148) | 首耀清墩光伏: 🔵 0值偏多(零值率43%) | 🟠 有效样本少(n=1677)
2025-11-02 00:00:00,0.0,0.0,0.0,0.0,昱中科技光伏: 🔵 0值过多(零值率61%) | 🟠 有效样本少(n=1148) | 首耀清墩光伏: 🔵 0值偏多(零值率43%) | 🟠 有效样本少(n=1677)
2025-11-02 01:00:00,0.0,0.0,0.0,0.0,昱中科技光伏: 🔵 0值过多(零值率61%) | 🟠 有效样本少(n=1148) | 首耀清墩光伏: 🔵 0值偏多(零值率43%) | 🟠 有效样本少(n=1677)
2025-11-02 02:00:00,0.0,0.0,0.0,0.0,昱中科技光伏: 🔵 0值过多(零值率61%) | 🟠 有效样本少(n=1148) | 首耀清墩光伏: 🔵 0值偏多(零值率43%) | 🟠 有效样本少(n=1677)
2025-11-02 03:00:00,0.0,0.0,0.0,0.0,昱中科技光伏: 🔵 0值过多(零值率61%) | 🟠 有效样本少(n=1148) | 首耀清墩光伏: 🔵 0值偏多(零值率43%) | 🟠 有效样本少(n=1677)
2025-11-02 04:00:00,0.0,0.0,0.0,0.0,昱中科技光伏: 🔵 0值过多(零值率61%) | 🟠 有效样本少(n=1148) | 首耀清墩光伏: 🔵 0值偏多(零值率43%) | 🟠 有效样本少(n=1677)
2025-11-02 05:00:00,0.0,0.0,0.0,0.0,昱中科技光伏: 🔵 0值过多(零值率61%) | 🟠 有效样本少(n=1148) | 首耀清墩光伏: 🔵 0值偏多(零值率43%) | 🟠 有效样本少(n=1677)
2025-11-02 06:00:00,0.0,0.0,0.41,0.0027776538501454,昱中科技光伏: 🔵 0值过多(零值率61%) | 🟠 有效样本少(n=1148) | 首耀清墩光伏: 🔵 0值偏多(零值率43%) | 🟠 有效样本少(n=1677)
2025-11-02 07:00:00,0.1,0.0233748914690666,0.41,0.0266448182499763,昱中科技光伏: 🔵 0值过多(零值率61%) | 🟠 有效样本少(n=1148) | 首耀清墩光伏: 🔵 0值偏多(零值率43%) | 🟠 有效样本少(n=1677)
2025-11-02 08:00:00,0.54,0.5269103206258776,0.41,0.2677067364730676,昱中科技光伏: 🔵 0值过多(零值率61%) | 🟠 有效样本少(n=1148) | 首耀清墩光伏: 🔵 0值偏多(零值率43%) | 🟠 有效样本少(n=1677)
2025-11-02 09:00:00,1.05,1.128771866818439,0.41,0.5992418180579101,昱中科技光伏: 🔵 0值过多(零值率61%) | 🟠 有效样本少(n=1148) | 首耀清墩光伏: 🔵 0值偏多(零值率43%) | 🟠 有效样本少(n=1677)
2025-11-02 10:00:00,1.44,1.4348388774746268,0.41,0.701333134944609,昱中科技光伏: 🔵 0值过多(零值率61%) | 🟠 有效样本少(n=1148) | 首耀清墩光伏: 🔵 0值偏多(零值率43%) | 🟠 有效样本少(n=1677)
2025-11-02 11:00:00,1.65,1.5973627023398518,0.41,0.7765737654706729,昱中科技光伏: 🔵 0值过多(零值率61%) | 🟠 有效样本少(n=1148) | 首耀清墩光伏: 🔵 0值偏多(零值率43%) | 🟠 有效样本少(n=1677)
2025-11-02 12:00:00,1.67,1.553656076486207,0.41,0.7987562469558592,昱中科技光伏: 🔵 0值过多(零值率61%) | 🟠 有效样本少(n=1148) | 首耀清墩光伏: 🔵 0值偏多(零值率43%) | 🟠 有效样本少(n=1677)
2025-11-02 13:00:00,1.58,1.4659530442128073,0.41,0.7449757465380966,昱中科技光伏: 🔵 0值过多(零值率61%) | 🟠 有效样本少(n=1148) | 首耀清墩光伏: 🔵 0值偏多(零值率43%) | 🟠 有效样本少(n=1677)
2025-11-02 14:00:00,1.25,1.2896976031608136,0.41,0.6141852321342279,昱中科技光伏: 🔵 0值过多(零值率61%) | 🟠 有效样本少(n=1148) | 首耀清墩光伏: 🔵 0值偏多(零值率43%) | 🟠 有效样本少(n=1677)
2025-11-02 15:00:00,0.81,1.0248320925333194,0.41,0.4839182177789144,昱中科技光伏: 🔵 0值过多(零值率61%) | 🟠 有效样本少(n=1148) | 首耀清墩光伏: 🔵 0值偏多(零值率43%) | 🟠 有效样本少(n=1677)
2025-11-02 16:00:00,0.3,0.3401714012988286,0.41,0.166503848231198,昱中科技光伏: 🔵 0值过多(零值率61%) | 🟠 有效样本少(n=1148) | 首耀清墩光伏: 🔵 0值偏多(零值率43%) | 🟠 有效样本少(n=1677)
2025-11-02 17:00:00,0.0,0.0,0.41,0.0327579692314533,昱中科技光伏: 🔵 0值过多(零值率61%) | 🟠 有效样本少(n=1148) | 首耀清墩光伏: 🔵 0值偏多(零值率43%) | 🟠 有效样本少(n=1677)
2025-11-02 18:00:00,0.0,0.0,0.41,0.00070620679613,昱中科技光伏: 🔵 0值过多(零值率61%) | 🟠 有效样本少(n=1148) | 首耀清墩光伏: 🔵 0值偏多(零值率43%) | 🟠 有效样本少(n=1677)
2025-11-02 19:00:00,0.0,0.0,0.41,0.0004861138061479,昱中科技光伏: 🔵 0值过多(零值率61%) | 🟠 有效样本少(n=1148) | 首耀清墩光伏: 🔵 0值偏多(零值率43%) | 🟠 有效样本少(n=1677)
2025-11-02 20:00:00,0.0,0.0,0.0,0.0,昱中科技光伏: 🔵 0值过多(零值率61%) | 🟠 有效样本少(n=1148) | 首耀清墩光伏: 🔵 0值偏多(零值率43%) | 🟠 有效样本少(n=1677)
2025-11-02 21:00:00,0.0,0.0,0.0,0.0,昱中科技光伏: 🔵 0值过多(零值率61%) | 🟠 有效样本少(n=1148) | 首耀清墩光伏: 🔵 0值偏多(零值率43%) | 🟠 有效样本少(n=1677)
2025-11-02 22:00:00,0.0,0.0,0.0,0.0,昱中科技光伏: 🔵 0值过多(零值率61%) | 🟠 有效样本少(n=1148) | 首耀清墩光伏: 🔵 0值偏多(零值率43%) | 🟠 有效样本少(n=1677)
2025-11-02 23:00:00,0.0,0.0,0.0,0.0,昱中科技光伏: 🔵 0值过多(零值率61%) | 🟠 有效样本少(n=1148) | 首耀清墩光伏: 🔵 0值偏多(零值率43%) | 🟠 有效样本少(n=1677)
2025-11-03 00:00:00,0.0,0.0,0.0,0.0,昱中科技光伏: 🔵 0值过多(零值率61%) | 🟠 有效样本少(n=1148) | 首耀清墩光伏: 🔵 0值偏多(零值率43%) | 🟠 有效样本少(n=1677)
2025-11-03 01:00:00,0.0,0.0,0.0,0.0,昱中科技光伏: 🔵 0值过多(零值率61%) | 🟠 有效样本少(n=1148) | 首耀清墩光伏: 🔵 0值偏多(零值率43%) | 🟠 有效样本少(n=1677)
2025-11-03 02:00:00,0.0,0.0,0.0,0.0,昱中科技光伏: 🔵 0值过多(零值率61%) | 🟠 有效样本少(n=1148) | 首耀清墩光伏: 🔵 0值偏多(零值率43%) | 🟠 有效样本少(n=1677)
2025-11-03 03:00:00,0.0,0.0,0.0,0.0,昱中科技光伏: 🔵 0值过多(零值率61%) | 🟠 有效样本少(n=1148) | 首耀清墩光伏: 🔵 0值偏多(零值率43%) | 🟠 有效样本少(n=1677)
2025-11-03 04:00:00,0.0,0.0,0.0,0.0,昱中科技光伏: 🔵 0值过多(零值率61%) | 🟠 有效样本少(n=1148) | 首耀清墩光伏: 🔵 0值偏多(零值率43%) | 🟠 有效样本少(n=1677)
2025-11-03 05:00:00,0.0,0.0,0.0,0.0,昱中科技光伏: 🔵 0值过多(零值率61%) | 🟠 有效样本少(n=1148) | 首耀清墩光伏: 🔵 0值偏多(零值率43%) | 🟠 有效样本少(n=1677)
2025-11-03 06:00:00,0.0,0.0,0.41,0.0026605983641879,昱中科技光伏: 🔵 0值过多(零值率61%) | 🟠 有效样本少(n=1148) | 首耀清墩光伏: 🔵 0值偏多(零值率43%) | 🟠 有效样本少(n=1677)
2025-11-03 07:00:00,0.1,0.0217333368614413,0.41,0.0119502273559626,昱中科技光伏: 🔵 0值过多(零值率61%) | 🟠 有效样本少(n=1148) | 首耀清墩光伏: 🔵 0值偏多(零值率43%) | 🟠 有效样本少(n=1677)
2025-11-03 08:00:00,0.58,0.4980522479938045,0.41,0.2706738912833274,昱中科技光伏: 🔵 0值过多(零值率61%) | 🟠 有效样本少(n=1148) | 首耀清墩光伏: 🔵 0值偏多(零值率43%) | 🟠 有效样本少(n=1677)
2025-11-03 09:00:00,1.08,1.0965262717959716,0.41,0.5936591753440581,昱中科技光伏: 🔵 0值过多(零值率61%) | 🟠 有效样本少(n=1148) | 首耀清墩光伏: 🔵 0值偏多(零值率43%) | 🟠 有效样本少(n=1677)
2025-11-03 10:00:00,1.41,1.4059081517851562,0.41,0.6928609964089851,昱中科技光伏: 🔵 0值过多(零值率61%) | 🟠 有效样本少(n=1148) | 首耀清墩光伏: 🔵 0值偏多(零值率43%) | 🟠 有效样本少(n=1677)
2025-11-03 11:00:00,1.63,1.5822986331017317,0.41,0.7731644783868172,昱中科技光伏: 🔵 0值过多(零值率61%) | 🟠 有效样本少(n=1148) | 首耀清墩光伏: 🔵 0值偏多(零值率43%) | 🟠 有效样本少(n=1677)
2025-11-03 12:00:00,1.65,1.5139344374469743,0.41,0.7889448500191459,昱中科技光伏: 🔵 0值过多(零值率61%) | 🟠 有效样本少(n=1148) | 首耀清墩光伏: 🔵 0值偏多(零值率43%) | 🟠 有效样本少(n=1677)
2025-11-03 13:00:00,1.53,1.442309711986725,0.41,0.7437958363398014,昱中科技光伏: 🔵 0值过多(零值率61%) | 🟠 有效样本少(n=1148) | 首耀清墩光伏: 🔵 0值偏多(零值率43%) | 🟠 有效样本少(n=1677)
2025-11-03 14:00:00,1.25,1.271361999674097,0.41,0.6019898728019623,昱中科技光伏: 🔵 0值过多(零值率61%) | 🟠 有效样本少(n=1148) | 首耀清墩光伏: 🔵 0值偏多(零值率43%) | 🟠 有效样本少(n=1677)
2025-11-03 15:00:00,0.81,0.990930067131817,0.41,0.4705472582881164,昱中科技光伏: 🔵 0值过多(零值率61%) | 🟠 有效样本少(n=1148) | 首耀清墩光伏: 🔵 0值偏多(零值率43%) | 🟠 有效样本少(n=1677)
2025-11-03 16:00:00,0.29,0.3345989406749242,0.41,0.1646078884484638,昱中科技光伏: 🔵 0值过多(零值率61%) | 🟠 有效样本少(n=1148) | 首耀清墩光伏: 🔵 0值偏多(零值率43%) | 🟠 有效样本少(n=1677)
2025-11-03 17:00:00,0.0,0.0,0.41,0.0311269391809663,昱中科技光伏: 🔵 0值过多(零值率61%) | 🟠 有效样本少(n=1148) | 首耀清墩光伏: 🔵 0值偏多(零值率43%) | 🟠 有效样本少(n=1677)
2025-11-03 18:00:00,0.0,0.0,0.41,0.0003915127680497,昱中科技光伏: 🔵 0值过多(零值率61%) | 🟠 有效样本少(n=1148) | 首耀清墩光伏: 🔵 0值偏多(零值率43%) | 🟠 有效样本少(n=1677)
2025-11-03 19:00:00,0.0,0.0,0.41,0.0004349135993189,昱中科技光伏: 🔵 0值过多(零值率61%) | 🟠 有效样本少(n=1148) | 首耀清墩光伏: 🔵 0值偏多(零值率43%) | 🟠 有效样本少(n=1677)
2025-11-03 20:00:00,0.0,0.0,0.0,0.0,昱中科技光伏: 🔵 0值过多(零值率61%) | 🟠 有效样本少(n=1148) | 首耀清墩光伏: 🔵 0值偏多(零值率43%) | 🟠 有效样本少(n=1677)
2025-11-03 21:00:00,0.0,0.0,0.0,0.0,昱中科技光伏: 🔵 0值过多(零值率61%) | 🟠 有效样本少(n=1148) | 首耀清墩光伏: 🔵 0值偏多(零值率43%) | 🟠 有效样本少(n=1677)
2025-11-03 22:00:00,0.0,0.0,0.0,0.0,昱中科技光伏: 🔵 0值过多(零值率61%) | 🟠 有效样本少(n=1148) | 首耀清墩光伏: 🔵 0值偏多(零值率43%) | 🟠 有效样本少(n=1677)
2025-11-03 23:00:00,0.0,0.0,0.0,0.0,昱中科技光伏: 🔵 0值过多(零值率61%) | 🟠 有效样本少(n=1148) | 首耀清墩光伏: 🔵 0值偏多(零值率43%) | 🟠 有效样本少(n=1677)
2025-11-04 00:00:00,0.0,0.0,0.0,0.0,昱中科技光伏: 🔵 0值过多(零值率61%) | 🟠 有效样本少(n=1148) | 首耀清墩光伏: 🔵 0值偏多(零值率43%) | 🟠 有效样本少(n=1677)
2025-11-04 01:00:00,0.0,0.0,0.0,0.0,昱中科技光伏: 🔵 0值过多(零值率61%) | 🟠 有效样本少(n=1148) | 首耀清墩光伏: 🔵 0值偏多(零值率43%) | 🟠 有效样本少(n=1677)
2025-11-04 02:00:00,0.0,0.0,0.0,0.0,昱中科技光伏: 🔵 0值过多(零值率61%) | 🟠 有效样本少(n=1148) | 首耀清墩光伏: 🔵 0值偏多(零值率43%) | 🟠 有效样本少(n=1677)
2025-11-04 03:00:00,0.0,0.0,0.0,0.0,昱中科技光伏: 🔵 0值过多(零值率61%) | 🟠 有效样本少(n=1148) | 首耀清墩光伏: 🔵 0值偏多(零值率43%) | 🟠 有效样本少(n=1677)
2025-11-04 04:00:00,0.0,0.0,0.0,0.0,昱中科技光伏: 🔵 0值过多(零值率61%) | 🟠 有效样本少(n=1148) | 首耀清墩光伏: 🔵 0值偏多(零值率43%) | 🟠 有效样本少(n=1677)
2025-11-04 05:00:00,0.0,0.0,0.0,0.0,昱中科技光伏: 🔵 0值过多(零值率61%) | 🟠 有效样本少(n=1148) | 首耀清墩光伏: 🔵 0值偏多(零值率43%) | 🟠 有效样本少(n=1677)
2025-11-04 06:00:00,0.0,0.0,0.41,0.0026604396051808,昱中科技光伏: 🔵 0值过多(零值率61%) | 🟠 有效样本少(n=1148) | 首耀清墩光伏: 🔵 0值偏多(零值率43%) | 🟠 有效样本少(n=1677)
2025-11-04 07:00:00,0.06,0.0206500498195975,0.41,0.0119805638827295,昱中科技光伏: 🔵 0值过多(零值率61%) | 🟠 有效样本少(n=1148) | 首耀清墩光伏: 🔵 0值偏多(零值率43%) | 🟠 有效样本少(n=1677)
2025-11-04 08:00:00,0.54,0.4155313867383106,0.41,0.2237566963713529,昱中科技光伏: 🔵 0值过多(零值率61%) | 🟠 有效样本少(n=1148) | 首耀清墩光伏: 🔵 0值偏多(零值率43%) | 🟠 有效样本少(n=1677)
2025-11-04 09:00:00,1.03,1.0653647602886471,0.41,0.558441153490969,昱中科技光伏: 🔵 0值过多(零值率61%) | 🟠 有效样本少(n=1148) | 首耀清墩光伏: 🔵 0值偏多(零值率43%) | 🟠 有效样本少(n=1677)
2025-11-04 10:00:00,1.38,1.362956612417907,0.41,0.6570068149651824,昱中科技光伏: 🔵 0值过多(零值率61%) | 🟠 有效样本少(n=1148) | 首耀清墩光伏: 🔵 0值偏多(零值率43%) | 🟠 有效样本少(n=1677)
2025-11-04 11:00:00,1.57,1.5459773855753691,0.41,0.7405648103371034,昱中科技光伏: 🔵 0值过多(零值率61%) | 🟠 有效样本少(n=1148) | 首耀清墩光伏: 🔵 0值偏多(零值率43%) | 🟠 有效样本少(n=1677)
2025-11-04 12:00:00,1.59,1.4953443385453655,0.41,0.7708915583036279,昱中科技光伏: 🔵 0值过多(零值率61%) | 🟠 有效样本少(n=1148) | 首耀清墩光伏: 🔵 0值偏多(零值率43%) | 🟠 有效样本少(n=1677)
2025-11-04 13:00:00,1.43,1.437668718188443,0.41,0.6755622053804522,昱中科技光伏: 🔵 0值过多(零值率61%) | 🟠 有效样本少(n=1148) | 首耀清墩光伏: 🔵 0值偏多(零值率43%) | 🟠 有效样本少(n=1677)
2025-11-04 14:00:00,0.98,1.2371926724244653,0.41,0.5757220412909955,昱中科技光伏: 🔵 0值过多(零值率61%) | 🟠 有效样本少(n=1148) | 首耀清墩光伏: 🔵 0值偏多(零值率43%) | 🟠 有效样本少(n=1677)
2025-11-04 15:00:00,0.73,0.9100668108311446,0.41,0.4415971274233303,昱中科技光伏: 🔵 0值过多(零值率61%) | 🟠 有效样本少(n=1148) | 首耀清墩光伏: 🔵 0值偏多(零值率43%) | 🟠 有效样本少(n=1677)
2025-11-04 16:00:00,0.22,0.30563228774046,0.41,0.1472732605465115,昱中科技光伏: 🔵 0值过多(零值率61%) | 🟠 有效样本少(n=1148) | 首耀清墩光伏: 🔵 0值偏多(零值率43%) | 🟠 有效样本少(n=1677)
2025-11-04 17:00:00,0.0,0.0,0.41,0.0266354483417094,昱中科技光伏: 🔵 0值过多(零值率61%) | 🟠 有效样本少(n=1148) | 首耀清墩光伏: 🔵 0值偏多(零值率43%) | 🟠 有效样本少(n=1677)
2025-11-04 18:00:00,0.0,0.0,0.41,0.000385044333176,昱中科技光伏: 🔵 0值过多(零值率61%) | 🟠 有效样本少(n=1148) | 首耀清墩光伏: 🔵 0值偏多(零值率43%) | 🟠 有效样本少(n=1677)
2025-11-04 19:00:00,0.0,0.0,0.41,0.000578193425667,昱中科技光伏: 🔵 0值过多(零值率61%) | 🟠 有效样本少(n=1148) | 首耀清墩光伏: 🔵 0值偏多(零值率43%) | 🟠 有效样本少(n=1677)
2025-11-04 20:00:00,0.0,0.0,0.0,0.0,昱中科技光伏: 🔵 0值过多(零值率61%) | 🟠 有效样本少(n=1148) | 首耀清墩光伏: 🔵 0值偏多(零值率43%) | 🟠 有效样本少(n=1677)
2025-11-04 21:00:00,0.0,0.0,0.0,0.0,昱中科技光伏: 🔵 0值过多(零值率61%) | 🟠 有效样本少(n=1148) | 首耀清墩光伏: 🔵 0值偏多(零值率43%) | 🟠 有效样本少(n=1677)
2025-11-04 22:00:00,0.0,0.0,0.0,0.0,昱中科技光伏: 🔵 0值过多(零值率61%) | 🟠 有效样本少(n=1148) | 首耀清墩光伏: 🔵 0值偏多(零值率43%) | 🟠 有效样本少(n=1677)
2025-11-04 23:00:00,0.0,0.0,0.0,0.0,昱中科技光伏: 🔵 0值过多(零值率61%) | 🟠 有效样本少(n=1148) | 首耀清墩光伏: 🔵 0值偏多(零值率43%) | 🟠 有效样本少(n=1677)
2025-11-05 00:00:00,0.0,0.0,0.0,0.0,昱中科技光伏: 🔵 0值过多(零值率61%) | 🟠 有效样本少(n=1148) | 首耀清墩光伏: 🔵 0值偏多(零值率43%) | 🟠 有效样本少(n=1677)
2025-11-05 01:00:00,0.0,0.0,0.0,0.0,昱中科技光伏: 🔵 0值过多(零值率61%) | 🟠 有效样本少(n=1148) | 首耀清墩光伏: 🔵 0值偏多(零值率43%) | 🟠 有效样本少(n=1677)
2025-11-05 02:00:00,0.0,0.0,0.0,0.0,昱中科技光伏: 🔵 0值过多(零值率61%) | 🟠 有效样本少(n=1148) | 首耀清墩光伏: 🔵 0值偏多(零值率43%) | 🟠 有效样本少(n=1677)
2025-11-05 03:00:00,0.0,0.0,0.0,0.0,昱中科技光伏: 🔵 0值过多(零值率61%) | 🟠 有效样本少(n=1148) | 首耀清墩光伏: 🔵 0值偏多(零值率43%) | 🟠 有效样本少(n=1677)
2025-11-05 04:00:00,0.0,0.0,0.0,0.0,昱中科技光伏: 🔵 0值过多(零值率61%) | 🟠 有效样本少(n=1148) | 首耀清墩光伏: 🔵 0值偏多(零值率43%) | 🟠 有效样本少(n=1677)
2025-11-05 05:00:00,0.0,0.0,0.0,0.0,昱中科技光伏: 🔵 0值过多(零值率61%) | 🟠 有效样本少(n=1148) | 首耀清墩光伏: 🔵 0值偏多(零值率43%) | 🟠 有效样本少(n=1677)
2025-11-05 06:00:00,0.0,0.0,0.41,0.0026603522387616,昱中科技光伏: 🔵 0值过多(零值率61%) | 🟠 有效样本少(n=1148) | 首耀清墩光伏: 🔵 0值偏多(零值率43%) | 🟠 有效样本少(n=1677)
2025-11-05 07:00:00,0.07,0.0186767535263327,0.41,0.0116574069017059,昱中科技光伏: 🔵 0值过多(零值率61%) | 🟠 有效样本少(n=1148) | 首耀清墩光伏: 🔵 0值偏多(零值率43%) | 🟠 有效样本少(n=1677)
2025-11-05 08:00:00,0.25,0.4319670549531621,0.41,0.2425059973127176,昱中科技光伏: 🔵 0值过多(零值率61%) | 🟠 有效样本少(n=1148) | 首耀清墩光伏: 🔵 0值偏多(零值率43%) | 🟠 有效样本少(n=1677)
2025-11-05 09:00:00,0.98,1.0717426113672293,0.41,0.5713095416887325,昱中科技光伏: 🔵 0值过多(零值率61%) | 🟠 有效样本少(n=1148) | 首耀清墩光伏: 🔵 0值偏多(零值率43%) | 🟠 有效样本少(n=1677)
2025-11-05 10:00:00,1.44,1.3616280390637443,0.41,0.6779479653277868,昱中科技光伏: 🔵 0值过多(零值率61%) | 🟠 有效样本少(n=1148) | 首耀清墩光伏: 🔵 0值偏多(零值率43%) | 🟠 有效样本少(n=1677)
2025-11-05 11:00:00,1.58,1.5221625500297495,0.41,0.7421998342077883,昱中科技光伏: 🔵 0值过多(零值率61%) | 🟠 有效样本少(n=1148) | 首耀清墩光伏: 🔵 0值偏多(零值率43%) | 🟠 有效样本少(n=1677)
2025-11-05 12:00:00,1.61,1.4817357065343126,0.41,0.7726902685368211,昱中科技光伏: 🔵 0值过多(零值率61%) | 🟠 有效样本少(n=1148) | 首耀清墩光伏: 🔵 0值偏多(零值率43%) | 🟠 有效样本少(n=1677)
2025-11-05 13:00:00,1.49,1.4146234149280126,0.41,0.6831401046596973,昱中科技光伏: 🔵 0值过多(零值率61%) | 🟠 有效样本少(n=1148) | 首耀清墩光伏: 🔵 0值偏多(零值率43%) | 🟠 有效样本少(n=1677)
2025-11-05 14:00:00,1.24,1.2315660502435617,0.41,0.5856414741494452,昱中科技光伏: 🔵 0值过多(零值率61%) | 🟠 有效样本少(n=1148) | 首耀清墩光伏: 🔵 0值偏多(零值率43%) | 🟠 有效样本少(n=1677)
2025-11-05 15:00:00,0.81,0.9793316269303384,0.41,0.4645071499172468,昱中科技光伏: 🔵 0值过多(零值率61%) | 🟠 有效样本少(n=1148) | 首耀清墩光伏: 🔵 0值偏多(零值率43%) | 🟠 有效样本少(n=1677)
2025-11-05 16:00:00,0.28,0.3161326596822177,0.41,0.1560230385669334,昱中科技光伏: 🔵 0值过多(零值率61%) | 🟠 有效样本少(n=1148) | 首耀清墩光伏: 🔵 0值偏多(零值率43%) | 🟠 有效样本少(n=1677)
2025-11-05 17:00:00,0.0,0.0,0.41,0.0289028020038478,昱中科技光伏: 🔵 0值过多(零值率61%) | 🟠 有效样本少(n=1148) | 首耀清墩光伏: 🔵 0值偏多(零值率43%) | 🟠 有效样本少(n=1677)
2025-11-05 18:00:00,0.0,0.0,0.41,0.0002089416286302,昱中科技光伏: 🔵 0值过多(零值率61%) | 🟠 有效样本少(n=1148) | 首耀清墩光伏: 🔵 0值偏多(零值率43%) | 🟠 有效样本少(n=1677)
2025-11-05 19:00:00,0.0,0.0,0.41,0.0003381519693279,昱中科技光伏: 🔵 0值过多(零值率61%) | 🟠 有效样本少(n=1148) | 首耀清墩光伏: 🔵 0值偏多(零值率43%) | 🟠 有效样本少(n=1677)
2025-11-05 20:00:00,0.0,0.0,0.0,0.0,昱中科技光伏: 🔵 0值过多(零值率61%) | 🟠 有效样本少(n=1148) | 首耀清墩光伏: 🔵 0值偏多(零值率43%) | 🟠 有效样本少(n=1677)
2025-11-05 21:00:00,0.0,0.0,0.0,0.0,昱中科技光伏: 🔵 0值过多(零值率61%) | 🟠 有效样本少(n=1148) | 首耀清墩光伏: 🔵 0值偏多(零值率43%) | 🟠 有效样本少(n=1677)
2025-11-05 22:00:00,0.0,0.0,0.0,0.0,昱中科技光伏: 🔵 0值过多(零值率61%) | 🟠 有效样本少(n=1148) | 首耀清墩光伏: 🔵 0值偏多(零值率43%) | 🟠 有效样本少(n=1677)
2025-11-05 23:00:00,0.0,0.0,0.0,0.0,昱中科技光伏: 🔵 0值过多(零值率61%) | 🟠 有效样本少(n=1148) | 首耀清墩光伏: 🔵 0值偏多(零值率43%) | 🟠 有效样本少(n=1677)
2025-11-06 00:00:00,0.0,0.0,0.0,0.0,昱中科技光伏: 🔵 0值过多(零值率61%) | 🟠 有效样本少(n=1148) | 首耀清墩光伏: 🔵 0值偏多(零值率43%) | 🟠 有效样本少(n=1677)
2025-11-06 01:00:00,0.0,0.0,0.0,0.0,昱中科技光伏: 🔵 0值过多(零值率61%) | 🟠 有效样本少(n=1148) | 首耀清墩光伏: 🔵 0值偏多(零值率43%) | 🟠 有效样本少(n=1677)
2025-11-06 02:00:00,0.0,0.0,0.0,0.0,昱中科技光伏: 🔵 0值过多(零值率61%) | 🟠 有效样本少(n=1148) | 首耀清墩光伏: 🔵 0值偏多(零值率43%) | 🟠 有效样本少(n=1677)
2025-11-06 03:00:00,0.0,0.0,0.0,0.0,昱中科技光伏: 🔵 0值过多(零值率61%) | 🟠 有效样本少(n=1148) | 首耀清墩光伏: 🔵 0值偏多(零值率43%) | 🟠 有效样本少(n=1677)
2025-11-06 04:00:00,0.0,0.0,0.0,0.0,昱中科技光伏: 🔵 0值过多(零值率61%) | 🟠 有效样本少(n=1148) | 首耀清墩光伏: 🔵 0值偏多(零值率43%) | 🟠 有效样本少(n=1677)
2025-11-06 05:00:00,0.0,0.0,0.0,0.0,昱中科技光伏: 🔵 0值过多(零值率61%) | 🟠 有效样本少(n=1148) | 首耀清墩光伏: 🔵 0值偏多(零值率43%) | 🟠 有效样本少(n=1677)
2025-11-06 06:00:00,0.0,0.0,0.41,0.002850861062344,昱中科技光伏: 🔵 0值过多(零值率61%) | 🟠 有效样本少(n=1148) | 首耀清墩光伏: 🔵 0值偏多(零值率43%) | 🟠 有效样本少(n=1677)
2025-11-06 07:00:00,0.06,0.014171634595465,0.41,0.0095641635808695,昱中科技光伏: 🔵 0值过多(零值率61%) | 🟠 有效样本少(n=1148) | 首耀清墩光伏: 🔵 0值偏多(零值率43%) | 🟠 有效样本少(n=1677)
2025-11-06 08:00:00,0.37,0.1813132593308459,0.41,0.1162429379166707,昱中科技光伏: 🔵 0值过多(零值率61%) | 🟠 有效样本少(n=1148) | 首耀清墩光伏: 🔵 0值偏多(零值率43%) | 🟠 有效样本少(n=1677)
2025-11-06 09:00:00,0.95,0.3697281511769915,0.41,0.1745730411816691,昱中科技光伏: 🔵 0值过多(零值率61%) | 🟠 有效样本少(n=1148) | 首耀清墩光伏: 🔵 0值偏多(零值率43%) | 🟠 有效样本少(n=1677)
2025-11-06 10:00:00,1.1,0.9524857968604036,0.41,0.4131552205968057,昱中科技光伏: 🔵 0值过多(零值率61%) | 🟠 有效样本少(n=1148) | 首耀清墩光伏: 🔵 0值偏多(零值率43%) | 🟠 有效样本少(n=1677)
2025-11-06 11:00:00,1.53,0.704011424457395,0.41,0.3530000154039823,昱中科技光伏: 🔵 0值过多(零值率61%) | 🟠 有效样本少(n=1148) | 首耀清墩光伏: 🔵 0值偏多(零值率43%) | 🟠 有效样本少(n=1677)
2025-11-06 12:00:00,1.68,0.650460468053574,0.41,0.384828894754353,昱中科技光伏: 🔵 0值过多(零值率61%) | 🟠 有效样本少(n=1148) | 首耀清墩光伏: 🔵 0值偏多(零值率43%) | 🟠 有效样本少(n=1677)
2025-11-06 13:00:00,1.02,1.0227287401590357,0.41,0.5005646296921997,昱中科技光伏: 🔵 0值过多(零值率61%) | 🟠 有效样本少(n=1148) | 首耀清墩光伏: 🔵 0值偏多(零值率43%) | 🟠 有效样本少(n=1677)
2025-11-06 14:00:00,0.74,0.8073545300308291,0.41,0.4044220007270784,昱中科技光伏: 🔵 0值过多(零值率61%) | 🟠 有效样本少(n=1148) | 首耀清墩光伏: 🔵 0值偏多(零值率43%) | 🟠 有效样本少(n=1677)
2025-11-06 15:00:00,0.59,0.3818809390937751,0.41,0.1543051514499976,昱中科技光伏: 🔵 0值过多(零值率61%) | 🟠 有效样本少(n=1148) | 首耀清墩光伏: 🔵 0值偏多(零值率43%) | 🟠 有效样本少(n=1677)
2025-11-06 16:00:00,0.11,0.1844271686605551,0.41,0.0820157028661537,昱中科技光伏: 🔵 0值过多(零值率61%) | 🟠 有效样本少(n=1148) | 首耀清墩光伏: 🔵 0值偏多(零值率43%) | 🟠 有效样本少(n=1677)
2025-11-06 17:00:00,0.0,0.0,0.41,0.015889137071186,昱中科技光伏: 🔵 0值过多(零值率61%) | 🟠 有效样本少(n=1148) | 首耀清墩光伏: 🔵 0值偏多(零值率43%) | 🟠 有效样本少(n=1677)
2025-11-06 18:00:00,0.0,0.0,0.41,0.0002407257239512,昱中科技光伏: 🔵 0值过多(零值率61%) | 🟠 有效样本少(n=1148) | 首耀清墩光伏: 🔵 0值偏多(零值率43%) | 🟠 有效样本少(n=1677)
2025-11-06 19:00:00,0.0,0.0,0.41,0.0010147973527757,昱中科技光伏: 🔵 0值过多(零值率61%) | 🟠 有效样本少(n=1148) | 首耀清墩光伏: 🔵 0值偏多(零值率43%) | 🟠 有效样本少(n=1677)
2025-11-06 20:00:00,0.0,0.0,0.0,0.0,昱中科技光伏: 🔵 0值过多(零值率61%) | 🟠 有效样本少(n=1148) | 首耀清墩光伏: 🔵 0值偏多(零值率43%) | 🟠 有效样本少(n=1677)
2025-11-06 21:00:00,0.0,0.0,0.0,0.0,昱中科技光伏: 🔵 0值过多(零值率61%) | 🟠 有效样本少(n=1148) | 首耀清墩光伏: 🔵 0值偏多(零值率43%) | 🟠 有效样本少(n=1677)
2025-11-06 22:00:00,0.0,0.0,0.0,0.0,昱中科技光伏: 🔵 0值过多(零值率61%) | 🟠 有效样本少(n=1148) | 首耀清墩光伏: 🔵 0值偏多(零值率43%) | 🟠 有效样本少(n=1677)
2025-11-06 23:00:00,0.0,0.0,0.0,0.0,昱中科技光伏: 🔵 0值过多(零值率61%) | 🟠 有效样本少(n=1148) | 首耀清墩光伏: 🔵 0值偏多(零值率43%) | 🟠 有效样本少(n=1677)
2025-11-07 00:00:00,0.0,0.0,0.0,0.0,昱中科技光伏: 🔵 0值过多(零值率61%) | 🟠 有效样本少(n=1148) | 首耀清墩光伏: 🔵 0值偏多(零值率43%) | 🟠 有效样本少(n=1677)
2025-11-07 01:00:00,0.0,0.0,0.0,0.0,昱中科技光伏: 🔵 0值过多(零值率61%) | 🟠 有效样本少(n=1148) | 首耀清墩光伏: 🔵 0值偏多(零值率43%) | 🟠 有效样本少(n=1677)
2025-11-07 02:00:00,0.0,0.0,0.0,0.0,昱中科技光伏: 🔵 0值过多(零值率61%) | 🟠 有效样本少(n=1148) | 首耀清墩光伏: 🔵 0值偏多(零值率43%) | 🟠 有效样本少(n=1677)
2025-11-07 03:00:00,0.0,0.0,0.0,0.0,昱中科技光伏: 🔵 0值过多(零值率61%) | 🟠 有效样本少(n=1148) | 首耀清墩光伏: 🔵 0值偏多(零值率43%) | 🟠 有效样本少(n=1677)
2025-11-07 04:00:00,0.0,0.0,0.0,0.0,昱中科技光伏: 🔵 0值过多(零值率61%) | 🟠 有效样本少(n=1148) | 首耀清墩光伏: 🔵 0值偏多(零值率43%) | 🟠 有效样本少(n=1677)
2025-11-07 05:00:00,0.0,0.0,0.0,0.0,昱中科技光伏: 🔵 0值过多(零值率61%) | 🟠 有效样本少(n=1148) | 首耀清墩光伏: 🔵 0值偏多(零值率43%) | 🟠 有效样本少(n=1677)
2025-11-07 06:00:00,0.0,0.0,0.41,0.0029694025789768,昱中科技光伏: 🔵 0值过多(零值率61%) | 🟠 有效样本少(n=1148) | 首耀清墩光伏: 🔵 0值偏多(零值率43%) | 🟠 有效样本少(n=1677)
2025-11-07 07:00:00,0.07,0.0098511691682486,0.41,0.0080218317676125,昱中科技光伏: 🔵 0值过多(零值率61%) | 🟠 有效样本少(n=1148) | 首耀清墩光伏: 🔵 0值偏多(零值率43%) | 🟠 有效样本少(n=1677)
2025-11-07 08:00:00,0.33,0.1171222459647102,0.41,0.0821576350253442,昱中科技光伏: 🔵 0值过多(零值率61%) | 🟠 有效样本少(n=1148) | 首耀清墩光伏: 🔵 0值偏多(零值率43%) | 🟠 有效样本少(n=1677)
2025-11-07 09:00:00,0.41,0.2553557319640413,0.41,0.1228400871692992,昱中科技光伏: 🔵 0值过多(零值率61%) | 🟠 有效样本少(n=1148) | 首耀清墩光伏: 🔵 0值偏多(零值率43%) | 🟠 有效样本少(n=1677)
2025-11-07 10:00:00,0.43,0.3565840569572587,0.41,0.1618878657271013,昱中科技光伏: 🔵 0值过多(零值率61%) | 🟠 有效样本少(n=1148) | 首耀清墩光伏: 🔵 0值偏多(零值率43%) | 🟠 有效样本少(n=1677)
2025-11-07 11:00:00,0.73,0.6951580490812779,0.41,0.3097816716101284,昱中科技光伏: 🔵 0值过多(零值率61%) | 🟠 有效样本少(n=1148) | 首耀清墩光伏: 🔵 0值偏多(零值率43%) | 🟠 有效样本少(n=1677)
2025-11-07 12:00:00,1.73,0.5544903610453923,0.41,0.1997667773055265,昱中科技光伏: 🔵 0值过多(零值率61%) | 🟠 有效样本少(n=1148) | 首耀清墩光伏: 🔵 0值偏多(零值率43%) | 🟠 有效样本少(n=1677)
2025-11-07 13:00:00,0.86,0.574656197899653,0.41,0.1874699844294462,昱中科技光伏: 🔵 0值过多(零值率61%) | 🟠 有效样本少(n=1148) | 首耀清墩光伏: 🔵 0值偏多(零值率43%) | 🟠 有效样本少(n=1677)
2025-11-07 14:00:00,0.54,0.2573006140749432,0.41,0.0850989177645566,昱中科技光伏: 🔵 0值过多(零值率61%) | 🟠 有效样本少(n=1148) | 首耀清墩光伏: 🔵 0值偏多(零值率43%) | 🟠 有效样本少(n=1677)
2025-11-07 15:00:00,0.18,0.0481597317696452,0.41,0.016113777079065,昱中科技光伏: 🔵 0值过多(零值率61%) | 🟠 有效样本少(n=1148) | 首耀清墩光伏: 🔵 0值偏多(零值率43%) | 🟠 有效样本少(n=1677)
2025-11-07 16:00:00,0.06,0.0404249080513376,0.41,0.0172120735797655,昱中科技光伏: 🔵 0值过多(零值率61%) | 🟠 有效样本少(n=1148) | 首耀清墩光伏: 🔵 0值偏多(零值率43%) | 🟠 有效样本少(n=1677)
2025-11-07 17:00:00,0.0,0.0,0.41,0.0045016601822629,昱中科技光伏: 🔵 0值过多(零值率61%) | 🟠 有效样本少(n=1148) | 首耀清墩光伏: 🔵 0值偏多(零值率43%) | 🟠 有效样本少(n=1677)
2025-11-07 18:00:00,0.0,0.0,0.41,5.924127710064226e-05,昱中科技光伏: 🔵 0值过多(零值率61%) | 🟠 有效样本少(n=1148) | 首耀清墩光伏: 🔵 0值偏多(零值率43%) | 🟠 有效样本少(n=1677)
2025-11-07 19:00:00,0.0,0.0,0.41,0.0009097785023893,昱中科技光伏: 🔵 0值过多(零值率61%) | 🟠 有效样本少(n=1148) | 首耀清墩光伏: 🔵 0值偏多(零值率43%) | 🟠 有效样本少(n=1677)
2025-11-07 20:00:00,0.0,0.0,0.0,0.0,昱中科技光伏: 🔵 0值过多(零值率61%) | 🟠 有效样本少(n=1148) | 首耀清墩光伏: 🔵 0值偏多(零值率43%) | 🟠 有效样本少(n=1677)
2025-11-07 21:00:00,0.0,0.0,0.0,0.0,昱中科技光伏: 🔵 0值过多(零值率61%) | 🟠 有效样本少(n=1148) | 首耀清墩光伏: 🔵 0值偏多(零值率43%) | 🟠 有效样本少(n=1677)
2025-11-07 22:00:00,0.0,0.0,0.0,0.0,昱中科技光伏: 🔵 0值过多(零值率61%) | 🟠 有效样本少(n=1148) | 首耀清墩光伏: 🔵 0值偏多(零值率43%) | 🟠 有效样本少(n=1677)
2025-11-07 23:00:00,0.0,0.0,0.0,0.0,昱中科技光伏: 🔵 0值过多(零值率61%) | 🟠 有效样本少(n=1148) | 首耀清墩光伏: 🔵 0值偏多(零值率43%) | 🟠 有效样本少(n=1677)
2025-11-08 00:00:00,0.0,0.0,0.0,0.0,昱中科技光伏: 🔵 0值过多(零值率61%) | 🟠 有效样本少(n=1148) | 首耀清墩光伏: 🔵 0值偏多(零值率43%) | 🟠 有效样本少(n=1677)
2025-11-08 01:00:00,0.0,0.0,0.0,0.0,昱中科技光伏: 🔵 0值过多(零值率61%) | 🟠 有效样本少(n=1148) | 首耀清墩光伏: 🔵 0值偏多(零值率43%) | 🟠 有效样本少(n=1677)
2025-11-08 02:00:00,0.0,0.0,0.0,0.0,昱中科技光伏: 🔵 0值过多(零值率61%) | 🟠 有效样本少(n=1148) | 首耀清墩光伏: 🔵 0值偏多(零值率43%) | 🟠 有效样本少(n=1677)
2025-11-08 03:00:00,0.0,0.0,0.0,0.0,昱中科技光伏: 🔵 0值过多(零值率61%) | 🟠 有效样本少(n=1148) | 首耀清墩光伏: 🔵 0值偏多(零值率43%) | 🟠 有效样本少(n=1677)
2025-11-08 04:00:00,0.0,0.0,0.0,0.0,昱中科技光伏: 🔵 0值过多(零值率61%) | 🟠 有效样本少(n=1148) | 首耀清墩光伏: 🔵 0值偏多(零值率43%) | 🟠 有效样本少(n=1677)
2025-11-08 05:00:00,0.0,0.0,0.0,0.0,昱中科技光伏: 🔵 0值过多(零值率61%) | 🟠 有效样本少(n=1148) | 首耀清墩光伏: 🔵 0值偏多(零值率43%) | 🟠 有效样本少(n=1677)
2025-11-08 06:00:00,0.0,0.0,0.41,0.0021222931333984,昱中科技光伏: 🔵 0值过多(零值率61%) | 🟠 有效样本少(n=1148) | 首耀清墩光伏: 🔵 0值偏多(零值率43%) | 🟠 有效样本少(n=1677)
2025-11-08 07:00:00,0.0,0.0066794125365541,0.41,0.0032393269307202,昱中科技光伏: 🔵 0值过多(零值率61%) | 🟠 有效样本少(n=1148) | 首耀清墩光伏: 🔵 0值偏多(零值率43%) | 🟠 有效样本少(n=1677)
2025-11-08 08:00:00,0.02,0.0167626877487176,0.41,0.019395061847878,昱中科技光伏: 🔵 0值过多(零值率61%) | 🟠 有效样本少(n=1148) | 首耀清墩光伏: 🔵 0值偏多(零值率43%) | 🟠 有效样本少(n=1677)
2025-11-08 09:00:00,0.03,0.0241213634946192,0.41,0.0301515015316363,昱中科技光伏: 🔵 0值过多(零值率61%) | 🟠 有效样本少(n=1148) | 首耀清墩光伏: 🔵 0值偏多(零值率43%) | 🟠 有效样本少(n=1677)
2025-11-08 10:00:00,0.25,0.069793252021075,0.41,0.0549580066215371,昱中科技光伏: 🔵 0值过多(零值率61%) | 🟠 有效样本少(n=1148) | 首耀清墩光伏: 🔵 0值偏多(零值率43%) | 🟠 有效样本少(n=1677)
2025-11-08 11:00:00,0.14,0.0772962938982925,0.41,0.078886884389944,昱中科技光伏: 🔵 0值过多(零值率61%) | 🟠 有效样本少(n=1148) | 首耀清墩光伏: 🔵 0值偏多(零值率43%) | 🟠 有效样本少(n=1677)
2025-11-08 12:00:00,0.42,0.2017903559047784,0.41,0.1250273108627005,昱中科技光伏: 🔵 0值过多(零值率61%) | 🟠 有效样本少(n=1148) | 首耀清墩光伏: 🔵 0值偏多(零值率43%) | 🟠 有效样本少(n=1677)
2025-11-08 13:00:00,0.27,0.2414709426966375,0.41,0.1101747583725471,昱中科技光伏: 🔵 0值过多(零值率61%) | 🟠 有效样本少(n=1148) | 首耀清墩光伏: 🔵 0值偏多(零值率43%) | 🟠 有效样本少(n=1677)
2025-11-08 14:00:00,0.08,0.1945350202127318,0.41,0.1055938963749775,昱中科技光伏: 🔵 0值过多(零值率61%) | 🟠 有效样本少(n=1148) | 首耀清墩光伏: 🔵 0值偏多(零值率43%) | 🟠 有效样本少(n=1677)
2025-11-08 15:00:00,0.07,0.0221146677291812,0.41,0.0080225886944758,昱中科技光伏: 🔵 0值过多(零值率61%) | 🟠 有效样本少(n=1148) | 首耀清墩光伏: 🔵 0值偏多(零值率43%) | 🟠 有效样本少(n=1677)
2025-11-08 16:00:00,0.0,0.0098946567058316,0.41,0.0182187723010712,昱中科技光伏: 🔵 0值过多(零值率61%) | 🟠 有效样本少(n=1148) | 首耀清墩光伏: 🔵 0值偏多(零值率43%) | 🟠 有效样本少(n=1677)
2025-11-08 17:00:00,0.0,0.0,0.41,0.0056855924396949,昱中科技光伏: 🔵 0值过多(零值率61%) | 🟠 有效样本少(n=1148) | 首耀清墩光伏: 🔵 0值偏多(零值率43%) | 🟠 有效样本少(n=1677)
2025-11-08 18:00:00,0.0,0.0,0.41,6.157453051976004e-05,昱中科技光伏: 🔵 0值过多(零值率61%) | 🟠 有效样本少(n=1148) | 首耀清墩光伏: 🔵 0值偏多(零值率43%) | 🟠 有效样本少(n=1677)
2025-11-08 19:00:00,0.0,0.0,0.41,0.0009635962706126,昱中科技光伏: 🔵 0值过多(零值率61%) | 🟠 有效样本少(n=1148) | 首耀清墩光伏: 🔵 0值偏多(零值率43%) | 🟠 有效样本少(n=1677)
2025-11-08 20:00:00,0.0,0.0,0.0,0.0,昱中科技光伏: 🔵 0值过多(零值率61%) | 🟠 有效样本少(n=1148) | 首耀清墩光伏: 🔵 0值偏多(零值率43%) | 🟠 有效样本少(n=1677)
2025-11-08 21:00:00,0.0,0.0,0.0,0.0,昱中科技光伏: 🔵 0值过多(零值率61%) | 🟠 有效样本少(n=1148) | 首耀清墩光伏: 🔵 0值偏多(零值率43%) | 🟠 有效样本少(n=1677)
2025-11-08 22:00:00,0.0,0.0,0.0,0.0,昱中科技光伏: 🔵 0值过多(零值率61%) | 🟠 有效样本少(n=1148) | 首耀清墩光伏: 🔵 0值偏多(零值率43%) | 🟠 有效样本少(n=1677)
2025-11-08 23:00:00,0.0,0.0,0.0,0.0,昱中科技光伏: 🔵 0值过多(零值率61%) | 🟠 有效样本少(n=1148) | 首耀清墩光伏: 🔵 0值偏多(零值率43%) | 🟠 有效样本少(n=1677)
2025-11-09 00:00:00,0.0,0.0,0.0,0.0,昱中科技光伏: 🔵 0值过多(零值率61%) | 🟠 有效样本少(n=1148) | 首耀清墩光伏: 🔵 0值偏多(零值率43%) | 🟠 有效样本少(n=1677)
2025-11-09 01:00:00,0.0,0.0,0.0,0.0,昱中科技光伏: 🔵 0值过多(零值率61%) | 🟠 有效样本少(n=1148) | 首耀清墩光伏: 🔵 0值偏多(零值率43%) | 🟠 有效样本少(n=1677)
2025-11-09 02:00:00,0.0,0.0,0.0,0.0,昱中科技光伏: 🔵 0值过多(零值率61%) | 🟠 有效样本少(n=1148) | 首耀清墩光伏: 🔵 0值偏多(零值率43%) | 🟠 有效样本少(n=1677)
2025-11-09 03:00:00,0.0,0.0,0.0,0.0,昱中科技光伏: 🔵 0值过多(零值率61%) | 🟠 有效样本少(n=1148) | 首耀清墩光伏: 🔵 0值偏多(零值率43%) | 🟠 有效样本少(n=1677)
2025-11-09 04:00:00,0.0,0.0,0.0,0.0,昱中科技光伏: 🔵 0值过多(零值率61%) | 🟠 有效样本少(n=1148) | 首耀清墩光伏: 🔵 0值偏多(零值率43%) | 🟠 有效样本少(n=1677)
2025-11-09 05:00:00,0.0,0.0,0.0,0.0,昱中科技光伏: 🔵 0值过多(零值率61%) | 🟠 有效样本少(n=1148) | 首耀清墩光伏: 🔵 0值偏多(零值率43%) | 🟠 有效样本少(n=1677)
2025-11-09 06:00:00,0.0,0.0,0.41,0.0028529733478581,昱中科技光伏: 🔵 0值过多(零值率61%) | 🟠 有效样本少(n=1148) | 首耀清墩光伏: 🔵 0值偏多(零值率43%) | 🟠 有效样本少(n=1677)
2025-11-09 07:00:00,0.05,0.0128235588469552,0.41,0.0097072885004793,昱中科技光伏: 🔵 0值过多(零值率61%) | 🟠 有效样本少(n=1148) | 首耀清墩光伏: 🔵 0值偏多(零值率43%) | 🟠 有效样本少(n=1677)
2025-11-09 08:00:00,0.29,0.396559557601612,0.41,0.2054394450770294,昱中科技光伏: 🔵 0值过多(零值率61%) | 🟠 有效样本少(n=1148) | 首耀清墩光伏: 🔵 0值偏多(零值率43%) | 🟠 有效样本少(n=1677)
2025-11-09 09:00:00,0.58,0.9651043610700902,0.41,0.4845796994187261,昱中科技光伏: 🔵 0值过多(零值率61%) | 🟠 有效样本少(n=1148) | 首耀清墩光伏: 🔵 0值偏多(零值率43%) | 🟠 有效样本少(n=1677)
2025-11-09 10:00:00,1.16,1.2035820117606206,0.41,0.6121678509694228,昱中科技光伏: 🔵 0值过多(零值率61%) | 🟠 有效样本少(n=1148) | 首耀清墩光伏: 🔵 0值偏多(零值率43%) | 🟠 有效样本少(n=1677)
2025-11-09 11:00:00,1.47,1.3886231824081816,0.41,0.6916973650218053,昱中科技光伏: 🔵 0值过多(零值率61%) | 🟠 有效样本少(n=1148) | 首耀清墩光伏: 🔵 0值偏多(零值率43%) | 🟠 有效样本少(n=1677)
2025-11-09 12:00:00,1.46,1.2501951347785834,0.41,0.6445400201277609,昱中科技光伏: 🔵 0值过多(零值率61%) | 🟠 有效样本少(n=1148) | 首耀清墩光伏: 🔵 0值偏多(零值率43%) | 🟠 有效样本少(n=1677)
2025-11-09 13:00:00,0.59,1.420261880135098,0.41,0.6988248416930225,昱中科技光伏: 🔵 0值过多(零值率61%) | 🟠 有效样本少(n=1148) | 首耀清墩光伏: 🔵 0值偏多(零值率43%) | 🟠 有效样本少(n=1677)
2025-11-09 14:00:00,1.05,1.1723733859856786,0.41,0.5679120582740234,昱中科技光伏: 🔵 0值过多(零值率61%) | 🟠 有效样本少(n=1148) | 首耀清墩光伏: 🔵 0值偏多(零值率43%) | 🟠 有效样本少(n=1677)
2025-11-09 15:00:00,0.7,0.9310273531965746,0.41,0.4445923309648367,昱中科技光伏: 🔵 0值过多(零值率61%) | 🟠 有效样本少(n=1148) | 首耀清墩光伏: 🔵 0值偏多(零值率43%) | 🟠 有效样本少(n=1677)
2025-11-09 16:00:00,0.24,0.2955490515990714,0.41,0.1463938881775333,昱中科技光伏: 🔵 0值过多(零值率61%) | 🟠 有效样本少(n=1148) | 首耀清墩光伏: 🔵 0值偏多(零值率43%) | 🟠 有效样本少(n=1677)
2025-11-09 17:00:00,0.0,0.0,0.41,0.0249355178783486,昱中科技光伏: 🔵 0值过多(零值率61%) | 🟠 有效样本少(n=1148) | 首耀清墩光伏: 🔵 0值偏多(零值率43%) | 🟠 有效样本少(n=1677)
2025-11-09 18:00:00,0.0,0.0,0.41,0.0002631974611078,昱中科技光伏: 🔵 0值过多(零值率61%) | 🟠 有效样本少(n=1148) | 首耀清墩光伏: 🔵 0值偏多(零值率43%) | 🟠 有效样本少(n=1677)
2025-11-09 19:00:00,0.0,0.0,0.41,0.0009565933973457,昱中科技光伏: 🔵 0值过多(零值率61%) | 🟠 有效样本少(n=1148) | 首耀清墩光伏: 🔵 0值偏多(零值率43%) | 🟠 有效样本少(n=1677)
2025-11-09 20:00:00,0.0,0.0,0.0,0.0,昱中科技光伏: 🔵 0值过多(零值率61%) | 🟠 有效样本少(n=1148) | 首耀清墩光伏: 🔵 0值偏多(零值率43%) | 🟠 有效样本少(n=1677)
2025-11-09 21:00:00,0.0,0.0,0.0,0.0,昱中科技光伏: 🔵 0值过多(零值率61%) | 🟠 有效样本少(n=1148) | 首耀清墩光伏: 🔵 0值偏多(零值率43%) | 🟠 有效样本少(n=1677)
2025-11-09 22:00:00,0.0,0.0,0.0,0.0,昱中科技光伏: 🔵 0值过多(零值率61%) | 🟠 有效样本少(n=1148) | 首耀清墩光伏: 🔵 0值偏多(零值率43%) | 🟠 有效样本少(n=1677)
2025-11-09 23:00:00,0.0,0.0,0.0,0.0,昱中科技光伏: 🔵 0值过多(零值率61%) | 🟠 有效样本少(n=1148) | 首耀清墩光伏: 🔵 0值偏多(零值率43%) | 🟠 有效样本少(n=1677)
2025-11-10 00:00:00,0.0,0.0,0.0,0.0,昱中科技光伏: 🔵 0值过多(零值率61%) | 🟠 有效样本少(n=1148) | 首耀清墩光伏: 🔵 0值偏多(零值率43%) | 🟠 有效样本少(n=1677)
2025-11-10 01:00:00,0.0,0.0,0.0,0.0,昱中科技光伏: 🔵 0值过多(零值率61%) | 🟠 有效样本少(n=1148) | 首耀清墩光伏: 🔵 0值偏多(零值率43%) | 🟠 有效样本少(n=1677)
2025-11-10 02:00:00,0.0,0.0,0.0,0.0,昱中科技光伏: 🔵 0值过多(零值率61%) | 🟠 有效样本少(n=1148) | 首耀清墩光伏: 🔵 0值偏多(零值率43%) | 🟠 有效样本少(n=1677)
2025-11-10 03:00:00,0.0,0.0,0.0,0.0,昱中科技光伏: 🔵 0值过多(零值率61%) | 🟠 有效样本少(n=1148) | 首耀清墩光伏: 🔵 0值偏多(零值率43%) | 🟠 有效样本少(n=1677)
2025-11-10 04:00:00,0.0,0.0,0.0,0.0,昱中科技光伏: 🔵 0值过多(零值率61%) | 🟠 有效样本少(n=1148) | 首耀清墩光伏: 🔵 0值偏多(零值率43%) | 🟠 有效样本少(n=1677)
2025-11-10 05:00:00,0.0,0.0,0.0,0.0,昱中科技光伏: 🔵 0值过多(零值率61%) | 🟠 有效样本少(n=1148) | 首耀清墩光伏: 🔵 0值偏多(零值率43%) | 🟠 有效样本少(n=1677)
2025-11-10 06:00:00,0.0,0.0,0.41,0.0026551936131093,昱中科技光伏: 🔵 0值过多(零值率61%) | 🟠 有效样本少(n=1148) | 首耀清墩光伏: 🔵 0值偏多(零值率43%) | 🟠 有效样本少(n=1677)
2025-11-10 07:00:00,0.05,0.0132517303953737,0.41,0.0097360283526674,昱中科技光伏: 🔵 0值过多(零值率61%) | 🟠 有效样本少(n=1148) | 首耀清墩光伏: 🔵 0值偏多(零值率43%) | 🟠 有效样本少(n=1677)
2025-11-10 08:00:00,0.5,0.4539099627416612,0.41,0.2120518801474636,昱中科技光伏: 🔵 0值过多(零值率61%) | 🟠 有效样本少(n=1148) | 首耀清墩光伏: 🔵 0值偏多(零值率43%) | 🟠 有效样本少(n=1677)
2025-11-10 09:00:00,1.02,1.061421519791933,0.41,0.5155628277101354,昱中科技光伏: 🔵 0值过多(零值率61%) | 🟠 有效样本少(n=1148) | 首耀清墩光伏: 🔵 0值偏多(零值率43%) | 🟠 有效样本少(n=1677)
2025-11-10 10:00:00,1.38,1.491222875672836,0.41,0.736889930980554,昱中科技光伏: 🔵 0值过多(零值率61%) | 🟠 有效样本少(n=1148) | 首耀清墩光伏: 🔵 0值偏多(零值率43%) | 🟠 有效样本少(n=1677)
2025-11-10 11:00:00,1.57,1.513887593683714,0.41,0.7537295462695696,昱中科技光伏: 🔵 0值过多(零值率61%) | 🟠 有效样本少(n=1148) | 首耀清墩光伏: 🔵 0值偏多(零值率43%) | 🟠 有效样本少(n=1677)
2025-11-10 12:00:00,1.59,1.4632095006728516,0.41,0.7524072487541883,昱中科技光伏: 🔵 0值过多(零值率61%) | 🟠 有效样本少(n=1148) | 首耀清墩光伏: 🔵 0值偏多(零值率43%) | 🟠 有效样本少(n=1677)
2025-11-10 13:00:00,1.46,1.4499209160375088,0.41,0.7079604962000625,昱中科技光伏: 🔵 0值过多(零值率61%) | 🟠 有效样本少(n=1148) | 首耀清墩光伏: 🔵 0值偏多(零值率43%) | 🟠 有效样本少(n=1677)
2025-11-10 14:00:00,1.15,1.1975139468400549,0.41,0.5698341601997542,昱中科技光伏: 🔵 0值过多(零值率61%) | 🟠 有效样本少(n=1148) | 首耀清墩光伏: 🔵 0值偏多(零值率43%) | 🟠 有效样本少(n=1677)
2025-11-10 15:00:00,0.73,0.9180278223688784,0.41,0.4436118203347731,昱中科技光伏: 🔵 0值过多(零值率61%) | 🟠 有效样本少(n=1148) | 首耀清墩光伏: 🔵 0值偏多(零值率43%) | 🟠 有效样本少(n=1677)
2025-11-10 16:00:00,0.11,0.2965439050711763,0.41,0.1457954505340843,昱中科技光伏: 🔵 0值过多(零值率61%) | 🟠 有效样本少(n=1148) | 首耀清墩光伏: 🔵 0值偏多(零值率43%) | 🟠 有效样本少(n=1677)
2025-11-10 17:00:00,0.0,0.0,0.41,0.0236642346718763,昱中科技光伏: 🔵 0值过多(零值率61%) | 🟠 有效样本少(n=1148) | 首耀清墩光伏: 🔵 0值偏多(零值率43%) | 🟠 有效样本少(n=1677)
2025-11-10 18:00:00,0.0,0.0,0.41,0.0003784183478109,昱中科技光伏: 🔵 0值过多(零值率61%) | 🟠 有效样本少(n=1148) | 首耀清墩光伏: 🔵 0值偏多(零值率43%) | 🟠 有效样本少(n=1677)
2025-11-10 19:00:00,0.0,0.0,0.41,0.000592174091855,昱中科技光伏: 🔵 0值过多(零值率61%) | 🟠 有效样本少(n=1148) | 首耀清墩光伏: 🔵 0值偏多(零值率43%) | 🟠 有效样本少(n=1677)
2025-11-10 20:00:00,0.0,0.0,0.0,0.0,昱中科技光伏: 🔵 0值过多(零值率61%) | 🟠 有效样本少(n=1148) | 首耀清墩光伏: 🔵 0值偏多(零值率43%) | 🟠 有效样本少(n=1677)
2025-11-10 21:00:00,0.0,0.0,0.0,0.0,昱中科技光伏: 🔵 0值过多(零值率61%) | 🟠 有效样本少(n=1148) | 首耀清墩光伏: 🔵 0值偏多(零值率43%) | 🟠 有效样本少(n=1677)
2025-11-10 22:00:00,0.0,0.0,0.0,0.0,昱中科技光伏: 🔵 0值过多(零值率61%) | 🟠 有效样本少(n=1148) | 首耀清墩光伏: 🔵 0值偏多(零值率43%) | 🟠 有效样本少(n=1677)
2025-11-10 23:00:00,0.0,0.0,0.0,0.0,昱中科技光伏: 🔵 0值过多(零值率61%) | 🟠 有效样本少(n=1148) | 首耀清墩光伏: 🔵 0值偏多(零值率43%) | 🟠 有效样本少(n=1677)
2025-11-11 00:00:00,0.0,0.0,0.0,0.0,昱中科技光伏: 🔵 0值过多(零值率61%) | 🟠 有效样本少(n=1148) | 首耀清墩光伏: 🔵 0值偏多(零值率43%) | 🟠 有效样本少(n=1677)
2025-11-11 01:00:00,0.0,0.0,0.0,0.0,昱中科技光伏: 🔵 0值过多(零值率61%) | 🟠 有效样本少(n=1148) | 首耀清墩光伏: 🔵 0值偏多(零值率43%) | 🟠 有效样本少(n=1677)
2025-11-11 02:00:00,0.0,0.0,0.0,0.0,昱中科技光伏: 🔵 0值过多(零值率61%) | 🟠 有效样本少(n=1148) | 首耀清墩光伏: 🔵 0值偏多(零值率43%) | 🟠 有效样本少(n=1677)
2025-11-11 03:00:00,0.0,0.0,0.0,0.0,昱中科技光伏: 🔵 0值过多(零值率61%) | 🟠 有效样本少(n=1148) | 首耀清墩光伏: 🔵 0值偏多(零值率43%) | 🟠 有效样本少(n=1677)
2025-11-11 04:00:00,0.0,0.0,0.0,0.0,昱中科技光伏: 🔵 0值过多(零值率61%) | 🟠 有效样本少(n=1148) | 首耀清墩光伏: 🔵 0值偏多(零值率43%) | 🟠 有效样本少(n=1677)
2025-11-11 05:00:00,0.0,0.0,0.0,0.0,昱中科技光伏: 🔵 0值过多(零值率61%) | 🟠 有效样本少(n=1148) | 首耀清墩光伏: 🔵 0值偏多(零值率43%) | 🟠 有效样本少(n=1677)
2025-11-11 06:00:00,0.0,0.0,0.41,0.0028525873370072,昱中科技光伏: 🔵 0值过多(零值率61%) | 🟠 有效样本少(n=1148) | 首耀清墩光伏: 🔵 0值偏多(零值率43%) | 🟠 有效样本少(n=1677)
2025-11-11 07:00:00,0.0,0.0198548010809306,0.41,0.0093550753910648,昱中科技光伏: 🔵 0值过多(零值率61%) | 🟠 有效样本少(n=1148) | 首耀清墩光伏: 🔵 0值偏多(零值率43%) | 🟠 有效样本少(n=1677)
2025-11-11 08:00:00,0.21,0.1351428251500646,0.41,0.1004446063487134,昱中科技光伏: 🔵 0值过多(零值率61%) | 🟠 有效样本少(n=1148) | 首耀清墩光伏: 🔵 0值偏多(零值率43%) | 🟠 有效样本少(n=1677)
2025-11-11 09:00:00,0.47,0.2562997476222192,0.41,0.1525648209315629,昱中科技光伏: 🔵 0值过多(零值率61%) | 🟠 有效样本少(n=1148) | 首耀清墩光伏: 🔵 0值偏多(零值率43%) | 🟠 有效样本少(n=1677)
2025-11-11 10:00:00,0.62,0.7517293350410489,0.41,0.385484226143922,昱中科技光伏: 🔵 0值过多(零值率61%) | 🟠 有效样本少(n=1148) | 首耀清墩光伏: 🔵 0值偏多(零值率43%) | 🟠 有效样本少(n=1677)
2025-11-11 11:00:00,0.56,0.919556840275699,0.41,0.5063133752299107,昱中科技光伏: 🔵 0值过多(零值率61%) | 🟠 有效样本少(n=1148) | 首耀清墩光伏: 🔵 0值偏多(零值率43%) | 🟠 有效样本少(n=1677)
2025-11-11 12:00:00,1.66,1.0136091081492762,0.41,0.5455963244832978,昱中科技光伏: 🔵 0值过多(零值率61%) | 🟠 有效样本少(n=1148) | 首耀清墩光伏: 🔵 0值偏多(零值率43%) | 🟠 有效样本少(n=1677)
2025-11-11 13:00:00,1.34,0.988263805919769,0.41,0.54739273527367,昱中科技光伏: 🔵 0值过多(零值率61%) | 🟠 有效样本少(n=1148) | 首耀清墩光伏: 🔵 0值偏多(零值率43%) | 🟠 有效样本少(n=1677)
2025-11-11 14:00:00,1.11,1.0727129120978125,0.41,0.5564241687911439,昱中科技光伏: 🔵 0值过多(零值率61%) | 🟠 有效样本少(n=1148) | 首耀清墩光伏: 🔵 0值偏多(零值率43%) | 🟠 有效样本少(n=1677)
2025-11-11 15:00:00,0.68,0.7767836081473055,0.41,0.315739571111635,昱中科技光伏: 🔵 0值过多(零值率61%) | 🟠 有效样本少(n=1148) | 首耀清墩光伏: 🔵 0值偏多(零值率43%) | 🟠 有效样本少(n=1677)
2025-11-11 16:00:00,0.23,0.281577774530289,0.41,0.138258635775559,昱中科技光伏: 🔵 0值过多(零值率61%) | 🟠 有效样本少(n=1148) | 首耀清墩光伏: 🔵 0值偏多(零值率43%) | 🟠 有效样本少(n=1677)
2025-11-11 17:00:00,0.0,0.0,0.41,0.0235966477771347,昱中科技光伏: 🔵 0值过多(零值率61%) | 🟠 有效样本少(n=1148) | 首耀清墩光伏: 🔵 0值偏多(零值率43%) | 🟠 有效样本少(n=1677)
2025-11-11 18:00:00,0.0,0.0,0.41,0.0002269756713884,昱中科技光伏: 🔵 0值过多(零值率61%) | 🟠 有效样本少(n=1148) | 首耀清墩光伏: 🔵 0值偏多(零值率43%) | 🟠 有效样本少(n=1677)
2025-11-11 19:00:00,0.0,0.0,0.41,0.0009543636652783,昱中科技光伏: 🔵 0值过多(零值率61%) | 🟠 有效样本少(n=1148) | 首耀清墩光伏: 🔵 0值偏多(零值率43%) | 🟠 有效样本少(n=1677)
2025-11-11 20:00:00,0.0,0.0,0.0,0.0,昱中科技光伏: 🔵 0值过多(零值率61%) | 🟠 有效样本少(n=1148) | 首耀清墩光伏: 🔵 0值偏多(零值率43%) | 🟠 有效样本少(n=1677)
2025-11-11 21:00:00,0.0,0.0,0.0,0.0,昱中科技光伏: 🔵 0值过多(零值率61%) | 🟠 有效样本少(n=1148) | 首耀清墩光伏: 🔵 0值偏多(零值率43%) | 🟠 有效样本少(n=1677)
2025-11-11 22:00:00,0.0,0.0,0.0,0.0,昱中科技光伏: 🔵 0值过多(零值率61%) | 🟠 有效样本少(n=1148) | 首耀清墩光伏: 🔵 0值偏多(零值率43%) | 🟠 有效样本少(n=1677)
2025-11-11 23:00:00,0.0,0.0,0.0,0.0,昱中科技光伏: 🔵 0值过多(零值率61%) | 🟠 有效样本少(n=1148) | 首耀清墩光伏: 🔵 0值偏多(零值率43%) | 🟠 有效样本少(n=1677)
2025-11-12 00:00:00,0.0,0.0,0.0,0.0,昱中科技光伏: 🔵 0值过多(零值率61%) | 🟠 有效样本少(n=1148) | 首耀清墩光伏: 🔵 0值偏多(零值率43%) | 🟠 有效样本少(n=1677)
2025-11-12 01:00:00,0.0,0.0,0.0,0.0,昱中科技光伏: 🔵 0值过多(零值率61%) | 🟠 有效样本少(n=1148) | 首耀清墩光伏: 🔵 0值偏多(零值率43%) | 🟠 有效样本少(n=1677)
2025-11-12 02:00:00,0.0,0.0,0.0,0.0,昱中科技光伏: 🔵 0值过多(零值率61%) | 🟠 有效样本少(n=1148) | 首耀清墩光伏: 🔵 0值偏多(零值率43%) | 🟠 有效样本少(n=1677)
2025-11-12 03:00:00,0.0,0.0,0.0,0.0,昱中科技光伏: 🔵 0值过多(零值率61%) | 🟠 有效样本少(n=1148) | 首耀清墩光伏: 🔵 0值偏多(零值率43%) | 🟠 有效样本少(n=1677)
2025-11-12 04:00:00,0.0,0.0,0.0,0.0,昱中科技光伏: 🔵 0值过多(零值率61%) | 🟠 有效样本少(n=1148) | 首耀清墩光伏: 🔵 0值偏多(零值率43%) | 🟠 有效样本少(n=1677)
2025-11-12 05:00:00,0.0,0.0,0.0,0.0,昱中科技光伏: 🔵 0值过多(零值率61%) | 🟠 有效样本少(n=1148) | 首耀清墩光伏: 🔵 0值偏多(零值率43%) | 🟠 有效样本少(n=1677)
2025-11-12 06:00:00,0.0,0.0,0.41,0.0026810243682773,昱中科技光伏: 🔵 0值过多(零值率61%) | 🟠 有效样本少(n=1148) | 首耀清墩光伏: 🔵 0值偏多(零值率43%) | 🟠 有效样本少(n=1677)
2025-11-12 07:00:00,0.04,0.0118475641917414,0.41,0.0093989867284078,昱中科技光伏: 🔵 0值过多(零值率61%) | 🟠 有效样本少(n=1148) | 首耀清墩光伏: 🔵 0值偏多(零值率43%) | 🟠 有效样本少(n=1677)
2025-11-12 08:00:00,0.46,0.4240153106489164,0.41,0.2112162873095626,昱中科技光伏: 🔵 0值过多(零值率61%) | 🟠 有效样本少(n=1148) | 首耀清墩光伏: 🔵 0值偏多(零值率43%) | 🟠 有效样本少(n=1677)
2025-11-12 09:00:00,0.92,1.0352509096094984,0.41,0.5003199378342318,昱中科技光伏: 🔵 0值过多(零值率61%) | 🟠 有效样本少(n=1148) | 首耀清墩光伏: 🔵 0值偏多(零值率43%) | 🟠 有效样本少(n=1677)
2025-11-12 10:00:00,1.26,1.4026806069363809,0.41,0.70905441207592,昱中科技光伏: 🔵 0值过多(零值率61%) | 🟠 有效样本少(n=1148) | 首耀清墩光伏: 🔵 0值偏多(零值率43%) | 🟠 有效样本少(n=1677)
2025-11-12 11:00:00,1.44,1.448830802358657,0.41,0.7233828086582851,昱中科技光伏: 🔵 0值过多(零值率61%) | 🟠 有效样本少(n=1148) | 首耀清墩光伏: 🔵 0值偏多(零值率43%) | 🟠 有效样本少(n=1677)
2025-11-12 12:00:00,1.45,1.4678457134591707,0.41,0.7144313987556303,昱中科技光伏: 🔵 0值过多(零值率61%) | 🟠 有效样本少(n=1148) | 首耀清墩光伏: 🔵 0值偏多(零值率43%) | 🟠 有效样本少(n=1677)
2025-11-12 13:00:00,1.34,1.353609410293342,0.41,0.6618275760728026,昱中科技光伏: 🔵 0值过多(零值率61%) | 🟠 有效样本少(n=1148) | 首耀清墩光伏: 🔵 0值偏多(零值率43%) | 🟠 有效样本少(n=1677)
2025-11-12 14:00:00,1.06,1.149534982771155,0.41,0.5549215362692497,昱中科技光伏: 🔵 0值过多(零值率61%) | 🟠 有效样本少(n=1148) | 首耀清墩光伏: 🔵 0值偏多(零值率43%) | 🟠 有效样本少(n=1677)
2025-11-12 15:00:00,0.66,0.9003997943827835,0.41,0.4283705666669734,昱中科技光伏: 🔵 0值过多(零值率61%) | 🟠 有效样本少(n=1148) | 首耀清墩光伏: 🔵 0值偏多(零值率43%) | 🟠 有效样本少(n=1677)
2025-11-12 16:00:00,0.21,0.2860725179541354,0.41,0.1400417288428603,昱中科技光伏: 🔵 0值过多(零值率61%) | 🟠 有效样本少(n=1148) | 首耀清墩光伏: 🔵 0值偏多(零值率43%) | 🟠 有效样本少(n=1677)
2025-11-12 17:00:00,0.0,0.0,0.41,0.0234566308531044,昱中科技光伏: 🔵 0值过多(零值率61%) | 🟠 有效样本少(n=1148) | 首耀清墩光伏: 🔵 0值偏多(零值率43%) | 🟠 有效样本少(n=1677)
2025-11-12 18:00:00,0.0,0.0,0.41,0.0002668156059386,昱中科技光伏: 🔵 0值过多(零值率61%) | 🟠 有效样本少(n=1148) | 首耀清墩光伏: 🔵 0值偏多(零值率43%) | 🟠 有效样本少(n=1677)
2025-11-12 19:00:00,0.0,0.0,0.41,0.0009351211937335,昱中科技光伏: 🔵 0值过多(零值率61%) | 🟠 有效样本少(n=1148) | 首耀清墩光伏: 🔵 0值偏多(零值率43%) | 🟠 有效样本少(n=1677)
2025-11-12 20:00:00,0.0,0.0,0.0,0.0,昱中科技光伏: 🔵 0值过多(零值率61%) | 🟠 有效样本少(n=1148) | 首耀清墩光伏: 🔵 0值偏多(零值率43%) | 🟠 有效样本少(n=1677)
2025-11-12 21:00:00,0.0,0.0,0.0,0.0,昱中科技光伏: 🔵 0值过多(零值率61%) | 🟠 有效样本少(n=1148) | 首耀清墩光伏: 🔵 0值偏多(零值率43%) | 🟠 有效样本少(n=1677)
2025-11-12 22:00:00,0.0,0.0,0.0,0.0,昱中科技光伏: 🔵 0值过多(零值率61%) | 🟠 有效样本少(n=1148) | 首耀清墩光伏: 🔵 0值偏多(零值率43%) | 🟠 有效样本少(n=1677)
2025-11-12 23:00:00,0.0,0.0,0.0,0.0,昱中科技光伏: 🔵 0值过多(零值率61%) | 🟠 有效样本少(n=1148) | 首耀清墩光伏: 🔵 0值偏多(零值率43%) | 🟠 有效样本少(n=1677)
2025-11-13 00:00:00,0.0,0.0,0.0,0.0,昱中科技光伏: 🔵 0值过多(零值率61%) | 🟠 有效样本少(n=1148) | 首耀清墩光伏: 🔵 0值偏多(零值率43%) | 🟠 有效样本少(n=1677)
2025-11-13 01:00:00,0.0,0.0,0.0,0.0,昱中科技光伏: 🔵 0值过多(零值率61%) | 🟠 有效样本少(n=1148) | 首耀清墩光伏: 🔵 0值偏多(零值率43%) | 🟠 有效样本少(n=1677)
2025-11-13 02:00:00,0.0,0.0,0.0,0.0,昱中科技光伏: 🔵 0值过多(零值率61%) | 🟠 有效样本少(n=1148) | 首耀清墩光伏: 🔵 0值偏多(零值率43%) | 🟠 有效样本少(n=1677)
2025-11-13 03:00:00,0.0,0.0,0.0,0.0,昱中科技光伏: 🔵 0值过多(零值率61%) | 🟠 有效样本少(n=1148) | 首耀清墩光伏: 🔵 0值偏多(零值率43%) | 🟠 有效样本少(n=1677)
2025-11-13 04:00:00,0.0,0.0,0.0,0.0,昱中科技光伏: 🔵 0值过多(零值率61%) | 🟠 有效样本少(n=1148) | 首耀清墩光伏: 🔵 0值偏多(零值率43%) | 🟠 有效样本少(n=1677)
2025-11-13 05:00:00,0.0,0.0,0.0,0.0,昱中科技光伏: 🔵 0值过多(零值率61%) | 🟠 有效样本少(n=1148) | 首耀清墩光伏: 🔵 0值偏多(零值率43%) | 🟠 有效样本少(n=1677)
2025-11-13 06:00:00,0.0,0.0,0.41,0.0026606924494676,昱中科技光伏: 🔵 0值过多(零值率61%) | 🟠 有效样本少(n=1148) | 首耀清墩光伏: 🔵 0值偏多(零值率43%) | 🟠 有效样本少(n=1677)
2025-11-13 07:00:00,0.0,0.0198372701698408,0.41,0.0092141040614251,昱中科技光伏: 🔵 0值过多(零值率61%) | 🟠 有效样本少(n=1148) | 首耀清墩光伏: 🔵 0值偏多(零值率43%) | 🟠 有效样本少(n=1677)
2025-11-13 08:00:00,0.31,0.3870983806962472,0.41,0.1983806912837669,昱中科技光伏: 🔵 0值过多(零值率61%) | 🟠 有效样本少(n=1148) | 首耀清墩光伏: 🔵 0值偏多(零值率43%) | 🟠 有效样本少(n=1677)
2025-11-13 09:00:00,0.85,1.0219615818598793,0.41,0.4894172756358605,昱中科技光伏: 🔵 0值过多(零值率61%) | 🟠 有效样本少(n=1148) | 首耀清墩光伏: 🔵 0值偏多(零值率43%) | 🟠 有效样本少(n=1677)
2025-11-13 10:00:00,0.97,1.3851630803332324,0.41,0.6977274186786988,昱中科技光伏: 🔵 0值过多(零值率61%) | 🟠 有效样本少(n=1148) | 首耀清墩光伏: 🔵 0值偏多(零值率43%) | 🟠 有效样本少(n=1677)
2025-11-13 11:00:00,1.47,1.4385183488486697,0.41,0.7272040122433062,昱中科技光伏: 🔵 0值过多(零值率61%) | 🟠 有效样本少(n=1148) | 首耀清墩光伏: 🔵 0值偏多(零值率43%) | 🟠 有效样本少(n=1677)
2025-11-13 12:00:00,1.2,1.4492176928962086,0.41,0.6921005744742912,昱中科技光伏: 🔵 0值过多(零值率61%) | 🟠 有效样本少(n=1148) | 首耀清墩光伏: 🔵 0值偏多(零值率43%) | 🟠 有效样本少(n=1677)
2025-11-13 13:00:00,1.26,1.3626958594284693,0.41,0.660007549362011,昱中科技光伏: 🔵 0值过多(零值率61%) | 🟠 有效样本少(n=1148) | 首耀清墩光伏: 🔵 0值偏多(零值率43%) | 🟠 有效样本少(n=1677)
2025-11-13 14:00:00,1.03,1.138062217424772,0.41,0.5466756807049954,昱中科技光伏: 🔵 0值过多(零值率61%) | 🟠 有效样本少(n=1148) | 首耀清墩光伏: 🔵 0值偏多(零值率43%) | 🟠 有效样本少(n=1677)
2025-11-13 15:00:00,0.59,0.892484780156584,0.41,0.4246866176302263,昱中科技光伏: 🔵 0值过多(零值率61%) | 🟠 有效样本少(n=1148) | 首耀清墩光伏: 🔵 0值偏多(零值率43%) | 🟠 有效样本少(n=1677)
2025-11-13 16:00:00,0.18,0.2804028809901168,0.41,0.138100024705286,昱中科技光伏: 🔵 0值过多(零值率61%) | 🟠 有效样本少(n=1148) | 首耀清墩光伏: 🔵 0值偏多(零值率43%) | 🟠 有效样本少(n=1677)
2025-11-13 17:00:00,0.0,0.0,0.41,0.0227771766542477,昱中科技光伏: 🔵 0值过多(零值率61%) | 🟠 有效样本少(n=1148) | 首耀清墩光伏: 🔵 0值偏多(零值率43%) | 🟠 有效样本少(n=1677)
2025-11-13 18:00:00,0.0,0.0,0.41,0.0002638861196797,昱中科技光伏: 🔵 0值过多(零值率61%) | 🟠 有效样本少(n=1148) | 首耀清墩光伏: 🔵 0值偏多(零值率43%) | 🟠 有效样本少(n=1677)
2025-11-13 19:00:00,0.0,0.0,0.41,0.0009358702918978,昱中科技光伏: 🔵 0值过多(零值率61%) | 🟠 有效样本少(n=1148) | 首耀清墩光伏: 🔵 0值偏多(零值率43%) | 🟠 有效样本少(n=1677)
2025-11-13 20:00:00,0.0,0.0,0.0,0.0,昱中科技光伏: 🔵 0值过多(零值率61%) | 🟠 有效样本少(n=1148) | 首耀清墩光伏: 🔵 0值偏多(零值率43%) | 🟠 有效样本少(n=1677)
2025-11-13 21:00:00,0.0,0.0,0.0,0.0,昱中科技光伏: 🔵 0值过多(零值率61%) | 🟠 有效样本少(n=1148) | 首耀清墩光伏: 🔵 0值偏多(零值率43%) | 🟠 有效样本少(n=1677)
2025-11-13 22:00:00,0.0,0.0,0.0,0.0,昱中科技光伏: 🔵 0值过多(零值率61%) | 🟠 有效样本少(n=1148) | 首耀清墩光伏: 🔵 0值偏多(零值率43%) | 🟠 有效样本少(n=1677)
2025-11-13 23:00:00,0.0,0.0,0.0,0.0,昱中科技光伏: 🔵 0值过多(零值率61%) | 🟠 有效样本少(n=1148) | 首耀清墩光伏: 🔵 0值偏多(零值率43%) | 🟠 有效样本少(n=1677)
2025-11-14 00:00:00,0.0,0.0,0.0,0.0,昱中科技光伏: 🔵 0值过多(零值率61%) | 🟠 有效样本少(n=1148) | 首耀清墩光伏: 🔵 0值偏多(零值率43%) | 🟠 有效样本少(n=1677)
2025-11-14 01:00:00,0.0,0.0,0.0,0.0,昱中科技光伏: 🔵 0值过多(零值率61%) | 🟠 有效样本少(n=1148) | 首耀清墩光伏: 🔵 0值偏多(零值率43%) | 🟠 有效样本少(n=1677)
2025-11-14 02:00:00,0.0,0.0,0.0,0.0,昱中科技光伏: 🔵 0值过多(零值率61%) | 🟠 有效样本少(n=1148) | 首耀清墩光伏: 🔵 0值偏多(零值率43%) | 🟠 有效样本少(n=1677)
2025-11-14 03:00:00,0.0,0.0,0.0,0.0,昱中科技光伏: 🔵 0值过多(零值率61%) | 🟠 有效样本少(n=1148) | 首耀清墩光伏: 🔵 0值偏多(零值率43%) | 🟠 有效样本少(n=1677)
2025-11-14 04:00:00,0.0,0.0,0.0,0.0,昱中科技光伏: 🔵 0值过多(零值率61%) | 🟠 有效样本少(n=1148) | 首耀清墩光伏: 🔵 0值偏多(零值率43%) | 🟠 有效样本少(n=1677)
2025-11-14 05:00:00,0.0,0.0,0.0,0.0,昱中科技光伏: 🔵 0值过多(零值率61%) | 🟠 有效样本少(n=1148) | 首耀清墩光伏: 🔵 0值偏多(零值率43%) | 🟠 有效样本少(n=1677)
2025-11-14 06:00:00,0.0,0.0,0.41,0.0026548546335853,昱中科技光伏: 🔵 0值过多(零值率61%) | 🟠 有效样本少(n=1148) | 首耀清墩光伏: 🔵 0值偏多(零值率43%) | 🟠 有效样本少(n=1677)
2025-11-14 07:00:00,0.01,0.0110246894096051,0.41,0.0089577716112719,昱中科技光伏: 🔵 0值过多(零值率61%) | 🟠 有效样本少(n=1148) | 首耀清墩光伏: 🔵 0值偏多(零值率43%) | 🟠 有效样本少(n=1677)
2025-11-14 08:00:00,0.41,0.3276473190170154,0.41,0.1812900000409845,昱中科技光伏: 🔵 0值过多(零值率61%) | 🟠 有效样本少(n=1148) | 首耀清墩光伏: 🔵 0值偏多(零值率43%) | 🟠 有效样本少(n=1677)
2025-11-14 09:00:00,0.85,0.8009164681885914,0.41,0.4045629316338339,昱中科技光伏: 🔵 0值过多(零值率61%) | 🟠 有效样本少(n=1148) | 首耀清墩光伏: 🔵 0值偏多(零值率43%) | 🟠 有效样本少(n=1677)
2025-11-14 10:00:00,1.14,1.310315267151454,0.41,0.6447371363468948,昱中科技光伏: 🔵 0值过多(零值率61%) | 🟠 有效样本少(n=1148) | 首耀清墩光伏: 🔵 0值偏多(零值率43%) | 🟠 有效样本少(n=1677)
2025-11-14 11:00:00,1.36,1.4518962677900715,0.41,0.7042089012779216,昱中科技光伏: 🔵 0值过多(零值率61%) | 🟠 有效样本少(n=1148) | 首耀清墩光伏: 🔵 0值偏多(零值率43%) | 🟠 有效样本少(n=1677)
2025-11-14 12:00:00,1.37,1.4359877642662044,0.41,0.6911886250220532,昱中科技光伏: 🔵 0值过多(零值率61%) | 🟠 有效样本少(n=1148) | 首耀清墩光伏: 🔵 0值偏多(零值率43%) | 🟠 有效样本少(n=1677)
2025-11-14 13:00:00,1.26,1.3726754114237474,0.41,0.668839990422173,昱中科技光伏: 🔵 0值过多(零值率61%) | 🟠 有效样本少(n=1148) | 首耀清墩光伏: 🔵 0值偏多(零值率43%) | 🟠 有效样本少(n=1677)
2025-11-14 14:00:00,1.03,1.1400470344233702,0.41,0.5485333044717642,昱中科技光伏: 🔵 0值过多(零值率61%) | 🟠 有效样本少(n=1148) | 首耀清墩光伏: 🔵 0值偏多(零值率43%) | 🟠 有效样本少(n=1677)
2025-11-14 15:00:00,0.61,0.8816459806593467,0.41,0.4247971774268405,昱中科技光伏: 🔵 0值过多(零值率61%) | 🟠 有效样本少(n=1148) | 首耀清墩光伏: 🔵 0值偏多(零值率43%) | 🟠 有效样本少(n=1677)
2025-11-14 16:00:00,0.12,0.2655400149106234,0.41,0.1312691417956533,昱中科技光伏: 🔵 0值过多(零值率61%) | 🟠 有效样本少(n=1148) | 首耀清墩光伏: 🔵 0值偏多(零值率43%) | 🟠 有效样本少(n=1677)
2025-11-14 17:00:00,0.0,0.0,0.41,0.0189858029610642,昱中科技光伏: 🔵 0值过多(零值率61%) | 🟠 有效样本少(n=1148) | 首耀清墩光伏: 🔵 0值偏多(零值率43%) | 🟠 有效样本少(n=1677)
2025-11-14 18:00:00,0.0,0.0,0.41,0.0003973728201136,昱中科技光伏: 🔵 0值过多(零值率61%) | 🟠 有效样本少(n=1148) | 首耀清墩光伏: 🔵 0值偏多(零值率43%) | 🟠 有效样本少(n=1677)
2025-11-14 19:00:00,0.0,0.0,0.41,0.0009628823501116,昱中科技光伏: 🔵 0值过多(零值率61%) | 🟠 有效样本少(n=1148) | 首耀清墩光伏: 🔵 0值偏多(零值率43%) | 🟠 有效样本少(n=1677)
2025-11-14 20:00:00,0.0,0.0,0.0,0.0,昱中科技光伏: 🔵 0值过多(零值率61%) | 🟠 有效样本少(n=1148) | 首耀清墩光伏: 🔵 0值偏多(零值率43%) | 🟠 有效样本少(n=1677)
2025-11-14 21:00:00,0.0,0.0,0.0,0.0,昱中科技光伏: 🔵 0值过多(零值率61%) | 🟠 有效样本少(n=1148) | 首耀清墩光伏: 🔵 0值偏多(零值率43%) | 🟠 有效样本少(n=1677)
2025-11-14 22:00:00,0.0,0.0,0.0,0.0,昱中科技光伏: 🔵 0值过多(零值率61%) | 🟠 有效样本少(n=1148) | 首耀清墩光伏: 🔵 0值偏多(零值率43%) | 🟠 有效样本少(n=1677)
2025-11-14 23:00:00,0.0,0.0,0.0,0.0,昱中科技光伏: 🔵 0值过多(零值率61%) | 🟠 有效样本少(n=1148) | 首耀清墩光伏: 🔵 0值偏多(零值率43%) | 🟠 有效样本少(n=1677)
2025-11-15 00:00:00,0.0,0.0,0.0,0.0,昱中科技光伏: 🔵 0值过多(零值率61%) | 🟠 有效样本少(n=1148) | 首耀清墩光伏: 🔵 0值偏多(零值率43%) | 🟠 有效样本少(n=1677)
2025-11-15 01:00:00,0.0,0.0,0.0,0.0,昱中科技光伏: 🔵 0值过多(零值率61%) | 🟠 有效样本少(n=1148) | 首耀清墩光伏: 🔵 0值偏多(零值率43%) | 🟠 有效样本少(n=1677)
2025-11-15 02:00:00,0.0,0.0,0.0,0.0,昱中科技光伏: 🔵 0值过多(零值率61%) | 🟠 有效样本少(n=1148) | 首耀清墩光伏: 🔵 0值偏多(零值率43%) | 🟠 有效样本少(n=1677)
2025-11-15 03:00:00,0.0,0.0,0.0,0.0,昱中科技光伏: 🔵 0值过多(零值率61%) | 🟠 有效样本少(n=1148) | 首耀清墩光伏: 🔵 0值偏多(零值率43%) | 🟠 有效样本少(n=1677)
2025-11-15 04:00:00,0.0,0.0,0.0,0.0,昱中科技光伏: 🔵 0值过多(零值率61%) | 🟠 有效样本少(n=1148) | 首耀清墩光伏: 🔵 0值偏多(零值率43%) | 🟠 有效样本少(n=1677)
2025-11-15 05:00:00,0.0,0.0,0.0,0.0,昱中科技光伏: 🔵 0值过多(零值率61%) | 🟠 有效样本少(n=1148) | 首耀清墩光伏: 🔵 0值偏多(零值率43%) | 🟠 有效样本少(n=1677)
2025-11-15 06:00:00,0.0,0.0,0.41,0.0028519105425274,昱中科技光伏: 🔵 0值过多(零值率61%) | 🟠 有效样本少(n=1148) | 首耀清墩光伏: 🔵 0值偏多(零值率43%) | 🟠 有效样本少(n=1677)
2025-11-15 07:00:00,0.0,0.0184876237800276,0.41,0.0087778802090458,昱中科技光伏: 🔵 0值过多(零值率61%) | 🟠 有效样本少(n=1148) | 首耀清墩光伏: 🔵 0值偏多(零值率43%) | 🟠 有效样本少(n=1677)
2025-11-15 08:00:00,0.4,0.3042555511048564,0.41,0.1613195218096105,昱中科技光伏: 🔵 0值过多(零值率61%) | 🟠 有效样本少(n=1148) | 首耀清墩光伏: 🔵 0值偏多(零值率43%) | 🟠 有效样本少(n=1677)
2025-11-15 09:00:00,0.84,0.8850833705181143,0.41,0.4449556996704727,昱中科技光伏: 🔵 0值过多(零值率61%) | 🟠 有效样本少(n=1148) | 首耀清墩光伏: 🔵 0值偏多(零值率43%) | 🟠 有效样本少(n=1677)
2025-11-15 10:00:00,1.11,1.3411775671090522,0.41,0.6612386993308301,昱中科技光伏: 🔵 0值过多(零值率61%) | 🟠 有效样本少(n=1148) | 首耀清墩光伏: 🔵 0值偏多(零值率43%) | 🟠 有效样本少(n=1677)
2025-11-15 11:00:00,1.28,1.3844983493193674,0.41,0.660506070773608,昱中科技光伏: 🔵 0值过多(零值率61%) | 🟠 有效样本少(n=1148) | 首耀清墩光伏: 🔵 0值偏多(零值率43%) | 🟠 有效样本少(n=1677)
2025-11-15 12:00:00,0.99,1.381051076183757,0.41,0.663230430227217,昱中科技光伏: 🔵 0值过多(零值率61%) | 🟠 有效样本少(n=1148) | 首耀清墩光伏: 🔵 0值偏多(零值率43%) | 🟠 有效样本少(n=1677)
2025-11-15 13:00:00,1.52,1.311819789365455,0.41,0.6366667985327652,昱中科技光伏: 🔵 0值过多(零值率61%) | 🟠 有效样本少(n=1148) | 首耀清墩光伏: 🔵 0值偏多(零值率43%) | 🟠 有效样本少(n=1677)
2025-11-15 14:00:00,0.82,1.0032549006773086,0.41,0.4944934813197129,昱中科技光伏: 🔵 0值过多(零值率61%) | 🟠 有效样本少(n=1148) | 首耀清墩光伏: 🔵 0值偏多(零值率43%) | 🟠 有效样本少(n=1677)
2025-11-15 15:00:00,0.33,0.4500581075981845,0.41,0.2091303178143915,昱中科技光伏: 🔵 0值过多(零值率61%) | 🟠 有效样本少(n=1148) | 首耀清墩光伏: 🔵 0值偏多(零值率43%) | 🟠 有效样本少(n=1677)
2025-11-15 16:00:00,0.06,0.2080397680915818,0.41,0.1034068868484126,昱中科技光伏: 🔵 0值过多(零值率61%) | 🟠 有效样本少(n=1148) | 首耀清墩光伏: 🔵 0值偏多(零值率43%) | 🟠 有效样本少(n=1677)
2025-11-15 17:00:00,0.0,0.0,0.41,0.0133053247496173,昱中科技光伏: 🔵 0值过多(零值率61%) | 🟠 有效样本少(n=1148) | 首耀清墩光伏: 🔵 0值偏多(零值率43%) | 🟠 有效样本少(n=1677)
2025-11-15 18:00:00,0.0,0.0,0.41,0.0002346357235645,昱中科技光伏: 🔵 0值过多(零值率61%) | 🟠 有效样本少(n=1148) | 首耀清墩光伏: 🔵 0值偏多(零值率43%) | 🟠 有效样本少(n=1677)
2025-11-15 19:00:00,0.0,0.0,0.41,0.0008618505199398,昱中科技光伏: 🔵 0值过多(零值率61%) | 🟠 有效样本少(n=1148) | 首耀清墩光伏: 🔵 0值偏多(零值率43%) | 🟠 有效样本少(n=1677)
2025-11-15 20:00:00,0.0,0.0,0.0,0.0,昱中科技光伏: 🔵 0值过多(零值率61%) | 🟠 有效样本少(n=1148) | 首耀清墩光伏: 🔵 0值偏多(零值率43%) | 🟠 有效样本少(n=1677)
2025-11-15 21:00:00,0.0,0.0,0.0,0.0,昱中科技光伏: 🔵 0值过多(零值率61%) | 🟠 有效样本少(n=1148) | 首耀清墩光伏: 🔵 0值偏多(零值率43%) | 🟠 有效样本少(n=1677)
2025-11-15 22:00:00,0.0,0.0,0.0,0.0,昱中科技光伏: 🔵 0值过多(零值率61%) | 🟠 有效样本少(n=1148) | 首耀清墩光伏: 🔵 0值偏多(零值率43%) | 🟠 有效样本少(n=1677)
2025-11-15 23:00:00,0.0,0.0,0.0,0.0,昱中科技光伏: 🔵 0值过多(零值率61%) | 🟠 有效样本少(n=1148) | 首耀清墩光伏: 🔵 0值偏多(零值率43%) | 🟠 有效样本少(n=1677)
2025-11-16 00:00:00,0.0,0.0,0.0,0.0,昱中科技光伏: 🔵 0值过多(零值率61%) | 🟠 有效样本少(n=1148) | 首耀清墩光伏: 🔵 0值偏多(零值率43%) | 🟠 有效样本少(n=1677)
2025-11-16 01:00:00,0.0,0.0,0.0,0.0,昱中科技光伏: 🔵 0值过多(零值率61%) | 🟠 有效样本少(n=1148) | 首耀清墩光伏: 🔵 0值偏多(零值率43%) | 🟠 有效样本少(n=1677)
2025-11-16 02:00:00,0.0,0.0,0.0,0.0,昱中科技光伏: 🔵 0值过多(零值率61%) | 🟠 有效样本少(n=1148) | 首耀清墩光伏: 🔵 0值偏多(零值率43%) | 🟠 有效样本少(n=1677)
2025-11-16 03:00:00,0.0,0.0,0.0,0.0,昱中科技光伏: 🔵 0值过多(零值率61%) | 🟠 有效样本少(n=1148) | 首耀清墩光伏: 🔵 0值偏多(零值率43%) | 🟠 有效样本少(n=1677)
2025-11-16 04:00:00,0.0,0.0,0.0,0.0,昱中科技光伏: 🔵 0值过多(零值率61%) | 🟠 有效样本少(n=1148) | 首耀清墩光伏: 🔵 0值偏多(零值率43%) | 🟠 有效样本少(n=1677)
2025-11-16 05:00:00,0.0,0.0,0.0,0.0,昱中科技光伏: 🔵 0值过多(零值率61%) | 🟠 有效样本少(n=1148) | 首耀清墩光伏: 🔵 0值偏多(零值率43%) | 🟠 有效样本少(n=1677)
2025-11-16 06:00:00,0.0,0.0,0.41,0.0028526722123235,昱中科技光伏: 🔵 0值过多(零值率61%) | 🟠 有效样本少(n=1148) | 首耀清墩光伏: 🔵 0值偏多(零值率43%) | 🟠 有效样本少(n=1677)
2025-11-16 07:00:00,0.0,0.0143422396469318,0.41,0.0064671386247228,昱中科技光伏: 🔵 0值过多(零值率61%) | 🟠 有效样本少(n=1148) | 首耀清墩光伏: 🔵 0值偏多(零值率43%) | 🟠 有效样本少(n=1677)
2025-11-16 08:00:00,0.37,0.3667195235041612,0.41,0.1951255362903692,昱中科技光伏: 🔵 0值过多(零值率61%) | 🟠 有效样本少(n=1148) | 首耀清墩光伏: 🔵 0值偏多(零值率43%) | 🟠 有效样本少(n=1677)
2025-11-16 09:00:00,0.77,0.9377595987416018,0.41,0.4561890925431455,昱中科技光伏: 🔵 0值过多(零值率61%) | 🟠 有效样本少(n=1148) | 首耀清墩光伏: 🔵 0值偏多(零值率43%) | 🟠 有效样本少(n=1677)
2025-11-16 10:00:00,1.11,1.3556860917248434,0.41,0.6758101386875118,昱中科技光伏: 🔵 0值过多(零值率61%) | 🟠 有效样本少(n=1148) | 首耀清墩光伏: 🔵 0值偏多(零值率43%) | 🟠 有效样本少(n=1677)
2025-11-16 11:00:00,1.25,1.4107545543736426,0.41,0.6949432481539779,昱中科技光伏: 🔵 0值过多(零值率61%) | 🟠 有效样本少(n=1148) | 首耀清墩光伏: 🔵 0值偏多(零值率43%) | 🟠 有效样本少(n=1677)
2025-11-16 12:00:00,1.29,1.3991817618634523,0.41,0.6964388584437722,昱中科技光伏: 🔵 0值过多(零值率61%) | 🟠 有效样本少(n=1148) | 首耀清墩光伏: 🔵 0值偏多(零值率43%) | 🟠 有效样本少(n=1677)
2025-11-16 13:00:00,1.19,1.306166115740796,0.41,0.6438791612553562,昱中科技光伏: 🔵 0值过多(零值率61%) | 🟠 有效样本少(n=1148) | 首耀清墩光伏: 🔵 0值偏多(零值率43%) | 🟠 有效样本少(n=1677)
2025-11-16 14:00:00,0.69,1.1270780002871457,0.41,0.4993516013743266,昱中科技光伏: 🔵 0值过多(零值率61%) | 🟠 有效样本少(n=1148) | 首耀清墩光伏: 🔵 0值偏多(零值率43%) | 🟠 有效样本少(n=1677)
2025-11-16 15:00:00,0.4,0.7932422917017594,0.41,0.3844746208917993,昱中科技光伏: 🔵 0值过多(零值率61%) | 🟠 有效样本少(n=1148) | 首耀清墩光伏: 🔵 0值偏多(零值率43%) | 🟠 有效样本少(n=1677)
2025-11-16 16:00:00,0.15,0.2543432121334228,0.41,0.12410337114422,昱中科技光伏: 🔵 0值过多(零值率61%) | 🟠 有效样本少(n=1148) | 首耀清墩光伏: 🔵 0值偏多(零值率43%) | 🟠 有效样本少(n=1677)
2025-11-16 17:00:00,0.0,0.0,0.41,0.0177256379682613,昱中科技光伏: 🔵 0值过多(零值率61%) | 🟠 有效样本少(n=1148) | 首耀清墩光伏: 🔵 0值偏多(零值率43%) | 🟠 有效样本少(n=1677)
2025-11-16 18:00:00,0.0,0.0,0.41,0.0002663265284903,昱中科技光伏: 🔵 0值过多(零值率61%) | 🟠 有效样本少(n=1148) | 首耀清墩光伏: 🔵 0值偏多(零值率43%) | 🟠 有效样本少(n=1677)
2025-11-16 19:00:00,0.0,0.0,0.41,0.0008972341118288,昱中科技光伏: 🔵 0值过多(零值率61%) | 🟠 有效样本少(n=1148) | 首耀清墩光伏: 🔵 0值偏多(零值率43%) | 🟠 有效样本少(n=1677)
2025-11-16 20:00:00,0.0,0.0,0.0,0.0,昱中科技光伏: 🔵 0值过多(零值率61%) | 🟠 有效样本少(n=1148) | 首耀清墩光伏: 🔵 0值偏多(零值率43%) | 🟠 有效样本少(n=1677)
2025-11-16 21:00:00,0.0,0.0,0.0,0.0,昱中科技光伏: 🔵 0值过多(零值率61%) | 🟠 有效样本少(n=1148) | 首耀清墩光伏: 🔵 0值偏多(零值率43%) | 🟠 有效样本少(n=1677)
2025-11-16 22:00:00,0.0,0.0,0.0,0.0,昱中科技光伏: 🔵 0值过多(零值率61%) | 🟠 有效样本少(n=1148) | 首耀清墩光伏: 🔵 0值偏多(零值率43%) | 🟠 有效样本少(n=1677)
2025-11-16 23:00:00,0.0,0.0,0.0,0.0,昱中科技光伏: 🔵 0值过多(零值率61%) | 🟠 有效样本少(n=1148) | 首耀清墩光伏: 🔵 0值偏多(零值率43%) | 🟠 有效样本少(n=1677)
2025-11-17 00:00:00,0.0,0.0,0.0,0.0,昱中科技光伏: 🔵 0值过多(零值率61%) | 🟠 有效样本少(n=1148) | 首耀清墩光伏: 🔵 0值偏多(零值率43%) | 🟠 有效样本少(n=1677)
2025-11-17 01:00:00,0.0,0.0,0.0,0.0,昱中科技光伏: 🔵 0值过多(零值率61%) | 🟠 有效样本少(n=1148) | 首耀清墩光伏: 🔵 0值偏多(零值率43%) | 🟠 有效样本少(n=1677)
2025-11-17 02:00:00,0.0,0.0,0.0,0.0,昱中科技光伏: 🔵 0值过多(零值率61%) | 🟠 有效样本少(n=1148) | 首耀清墩光伏: 🔵 0值偏多(零值率43%) | 🟠 有效样本少(n=1677)
2025-11-17 03:00:00,0.0,0.0,0.0,0.0,昱中科技光伏: 🔵 0值过多(零值率61%) | 🟠 有效样本少(n=1148) | 首耀清墩光伏: 🔵 0值偏多(零值率43%) | 🟠 有效样本少(n=1677)
2025-11-17 04:00:00,0.0,0.0,0.0,0.0,昱中科技光伏: 🔵 0值过多(零值率61%) | 🟠 有效样本少(n=1148) | 首耀清墩光伏: 🔵 0值偏多(零值率43%) | 🟠 有效样本少(n=1677)
2025-11-17 05:00:00,0.0,0.0,0.0,0.0,昱中科技光伏: 🔵 0值过多(零值率61%) | 🟠 有效样本少(n=1148) | 首耀清墩光伏: 🔵 0值偏多(零值率43%) | 🟠 有效样本少(n=1677)
2025-11-17 06:00:00,0.0,0.0,0.41,0.0025145129213273,昱中科技光伏: 🔵 0值过多(零值率61%) | 🟠 有效样本少(n=1148) | 首耀清墩光伏: 🔵 0值偏多(零值率43%) | 🟠 有效样本少(n=1677)
2025-11-17 07:00:00,0.0,0.0100658384943896,0.41,0.0050803303584165,昱中科技光伏: 🔵 0值过多(零值率61%) | 🟠 有效样本少(n=1148) | 首耀清墩光伏: 🔵 0值偏多(零值率43%) | 🟠 有效样本少(n=1677)
2025-11-17 08:00:00,0.22,0.0940760651965279,0.41,0.0773728725283717,昱中科技光伏: 🔵 0值过多(零值率61%) | 🟠 有效样本少(n=1148) | 首耀清墩光伏: 🔵 0值偏多(零值率43%) | 🟠 有效样本少(n=1677)
2025-11-17 09:00:00,0.46,0.3647086664446872,0.41,0.1621225053700238,昱中科技光伏: 🔵 0值过多(零值率61%) | 🟠 有效样本少(n=1148) | 首耀清墩光伏: 🔵 0值偏多(零值率43%) | 🟠 有效样本少(n=1677)
2025-11-17 10:00:00,0.72,0.7958935701759052,0.41,0.3846425130089909,昱中科技光伏: 🔵 0值过多(零值率61%) | 🟠 有效样本少(n=1148) | 首耀清墩光伏: 🔵 0值偏多(零值率43%) | 🟠 有效样本少(n=1677)
2025-11-17 11:00:00,1.0,0.9090936910890568,0.41,0.4376338104275971,昱中科技光伏: 🔵 0值过多(零值率61%) | 🟠 有效样本少(n=1148) | 首耀清墩光伏: 🔵 0值偏多(零值率43%) | 🟠 有效样本少(n=1677)
2025-11-17 12:00:00,1.03,0.3943410457270093,0.41,0.2110085269804388,昱中科技光伏: 🔵 0值过多(零值率61%) | 🟠 有效样本少(n=1148) | 首耀清墩光伏: 🔵 0值偏多(零值率43%) | 🟠 有效样本少(n=1677)
2025-11-17 13:00:00,0.57,0.7963179841263389,0.41,0.4155172114415828,昱中科技光伏: 🔵 0值过多(零值率61%) | 🟠 有效样本少(n=1148) | 首耀清墩光伏: 🔵 0值偏多(零值率43%) | 🟠 有效样本少(n=1677)
2025-11-17 14:00:00,0.38,0.7566066261040917,0.41,0.3005470199825916,昱中科技光伏: 🔵 0值过多(零值率61%) | 🟠 有效样本少(n=1148) | 首耀清墩光伏: 🔵 0值偏多(零值率43%) | 🟠 有效样本少(n=1677)
2025-11-17 15:00:00,0.26,0.4221068914206041,0.41,0.1985046304815029,昱中科技光伏: 🔵 0值过多(零值率61%) | 🟠 有效样本少(n=1148) | 首耀清墩光伏: 🔵 0值偏多(零值率43%) | 🟠 有效样本少(n=1677)
2025-11-17 16:00:00,0.11,0.1564132770881209,0.41,0.0779449245843883,昱中科技光伏: 🔵 0值过多(零值率61%) | 🟠 有效样本少(n=1148) | 首耀清墩光伏: 🔵 0值偏多(零值率43%) | 🟠 有效样本少(n=1677)
2025-11-17 17:00:00,0.0,0.0,0.41,0.012153040599813,昱中科技光伏: 🔵 0值过多(零值率61%) | 🟠 有效样本少(n=1148) | 首耀清墩光伏: 🔵 0值偏多(零值率43%) | 🟠 有效样本少(n=1677)
2025-11-17 18:00:00,0.0,0.0,0.41,7.464936091694621e-05,昱中科技光伏: 🔵 0值过多(零值率61%) | 🟠 有效样本少(n=1148) | 首耀清墩光伏: 🔵 0值偏多(零值率43%) | 🟠 有效样本少(n=1677)
2025-11-17 19:00:00,0.0,0.0,0.41,8.293778794089915e-05,昱中科技光伏: 🔵 0值过多(零值率61%) | 🟠 有效样本少(n=1148) | 首耀清墩光伏: 🔵 0值偏多(零值率43%) | 🟠 有效样本少(n=1677)
2025-11-17 20:00:00,0.0,0.0,0.0,0.0,昱中科技光伏: 🔵 0值过多(零值率61%) | 🟠 有效样本少(n=1148) | 首耀清墩光伏: 🔵 0值偏多(零值率43%) | 🟠 有效样本少(n=1677)
2025-11-17 21:00:00,0.0,0.0,0.0,0.0,昱中科技光伏: 🔵 0值过多(零值率61%) | 🟠 有效样本少(n=1148) | 首耀清墩光伏: 🔵 0值偏多(零值率43%) | 🟠 有效样本少(n=1677)
2025-11-17 22:00:00,0.0,0.0,0.0,0.0,昱中科技光伏: 🔵 0值过多(零值率61%) | 🟠 有效样本少(n=1148) | 首耀清墩光伏: 🔵 0值偏多(零值率43%) | 🟠 有效样本少(n=1677)
2025-11-17 23:00:00,0.0,0.0,0.0,0.0,昱中科技光伏: 🔵 0值过多(零值率61%) | 🟠 有效样本少(n=1148) | 首耀清墩光伏: 🔵 0值偏多(零值率43%) | 🟠 有效样本少(n=1677)
2025-11-18 00:00:00,0.0,0.0,0.0,0.0,昱中科技光伏: 🔵 0值过多(零值率61%) | 🟠 有效样本少(n=1148) | 首耀清墩光伏: 🔵 0值偏多(零值率43%) | 🟠 有效样本少(n=1677)
2025-11-18 01:00:00,0.0,0.0,0.0,0.0,昱中科技光伏: 🔵 0值过多(零值率61%) | 🟠 有效样本少(n=1148) | 首耀清墩光伏: 🔵 0值偏多(零值率43%) | 🟠 有效样本少(n=1677)
2025-11-18 02:00:00,0.0,0.0,0.0,0.0,昱中科技光伏: 🔵 0值过多(零值率61%) | 🟠 有效样本少(n=1148) | 首耀清墩光伏: 🔵 0值偏多(零值率43%) | 🟠 有效样本少(n=1677)
2025-11-18 03:00:00,0.0,0.0,0.0,0.0,昱中科技光伏: 🔵 0值过多(零值率61%) | 🟠 有效样本少(n=1148) | 首耀清墩光伏: 🔵 0值偏多(零值率43%) | 🟠 有效样本少(n=1677)
2025-11-18 04:00:00,0.0,0.0,0.0,0.0,昱中科技光伏: 🔵 0值过多(零值率61%) | 🟠 有效样本少(n=1148) | 首耀清墩光伏: 🔵 0值偏多(零值率43%) | 🟠 有效样本少(n=1677)
2025-11-18 05:00:00,0.0,0.0,0.0,0.0,昱中科技光伏: 🔵 0值过多(零值率61%) | 🟠 有效样本少(n=1148) | 首耀清墩光伏: 🔵 0值偏多(零值率43%) | 🟠 有效样本少(n=1677)
2025-11-18 06:00:00,0.0,0.0,0.41,0.0023447759114444,昱中科技光伏: 🔵 0值过多(零值率61%) | 🟠 有效样本少(n=1148) | 首耀清墩光伏: 🔵 0值偏多(零值率43%) | 🟠 有效样本少(n=1677)
2025-11-18 07:00:00,0.0,0.0136295297586342,0.41,0.0059340816351764,昱中科技光伏: 🔵 0值过多(零值率61%) | 🟠 有效样本少(n=1148) | 首耀清墩光伏: 🔵 0值偏多(零值率43%) | 🟠 有效样本少(n=1677)
2025-11-18 08:00:00,0.4,0.3707815034907464,0.41,0.1911672870151468,昱中科技光伏: 🔵 0值过多(零值率61%) | 🟠 有效样本少(n=1148) | 首耀清墩光伏: 🔵 0值偏多(零值率43%) | 🟠 有效样本少(n=1677)
2025-11-18 09:00:00,0.93,1.0811965565204582,0.41,0.5144546437811814,昱中科技光伏: 🔵 0值过多(零值率61%) | 🟠 有效样本少(n=1148) | 首耀清墩光伏: 🔵 0值偏多(零值率43%) | 🟠 有效样本少(n=1677)
2025-11-18 10:00:00,1.3,1.4867245363812116,0.41,0.7449202930064621,昱中科技光伏: 🔵 0值过多(零值率61%) | 🟠 有效样本少(n=1148) | 首耀清墩光伏: 🔵 0值偏多(零值率43%) | 🟠 有效样本少(n=1677)
2025-11-18 11:00:00,1.52,1.5414675553014738,0.41,0.762055872122001,昱中科技光伏: 🔵 0值过多(零值率61%) | 🟠 有效样本少(n=1148) | 首耀清墩光伏: 🔵 0值偏多(零值率43%) | 🟠 有效样本少(n=1677)
2025-11-18 12:00:00,1.58,1.566521703371177,0.41,0.757732959358554,昱中科技光伏: 🔵 0值过多(零值率61%) | 🟠 有效样本少(n=1148) | 首耀清墩光伏: 🔵 0值偏多(零值率43%) | 🟠 有效样本少(n=1677)
2025-11-18 13:00:00,1.43,1.4751769927345142,0.41,0.7112419751593978,昱中科技光伏: 🔵 0值过多(零值率61%) | 🟠 有效样本少(n=1148) | 首耀清墩光伏: 🔵 0值偏多(零值率43%) | 🟠 有效样本少(n=1677)
2025-11-18 14:00:00,1.1,1.2103384987221928,0.41,0.5824065244395388,昱中科技光伏: 🔵 0值过多(零值率61%) | 🟠 有效样本少(n=1148) | 首耀清墩光伏: 🔵 0值偏多(零值率43%) | 🟠 有效样本少(n=1677)
2025-11-18 15:00:00,0.66,0.9396936115748076,0.41,0.4501977471162785,昱中科技光伏: 🔵 0值过多(零值率61%) | 🟠 有效样本少(n=1148) | 首耀清墩光伏: 🔵 0值偏多(零值率43%) | 🟠 有效样本少(n=1677)
2025-11-18 16:00:00,0.19,0.2900609996105474,0.41,0.1432492815505287,昱中科技光伏: 🔵 0值过多(零值率61%) | 🟠 有效样本少(n=1148) | 首耀清墩光伏: 🔵 0值偏多(零值率43%) | 🟠 有效样本少(n=1677)
2025-11-18 17:00:00,0.0,0.0,0.41,0.0218544813844966,昱中科技光伏: 🔵 0值过多(零值率61%) | 🟠 有效样本少(n=1148) | 首耀清墩光伏: 🔵 0值偏多(零值率43%) | 🟠 有效样本少(n=1677)
2025-11-18 18:00:00,0.0,0.0,0.41,0.0004114965489496,昱中科技光伏: 🔵 0值过多(零值率61%) | 🟠 有效样本少(n=1148) | 首耀清墩光伏: 🔵 0值偏多(零值率43%) | 🟠 有效样本少(n=1677)
2025-11-18 19:00:00,0.0,0.0,0.41,8.293778794089915e-05,昱中科技光伏: 🔵 0值过多(零值率61%) | 🟠 有效样本少(n=1148) | 首耀清墩光伏: 🔵 0值偏多(零值率43%) | 🟠 有效样本少(n=1677)
2025-11-18 20:00:00,0.0,0.0,0.0,0.0,昱中科技光伏: 🔵 0值过多(零值率61%) | 🟠 有效样本少(n=1148) | 首耀清墩光伏: 🔵 0值偏多(零值率43%) | 🟠 有效样本少(n=1677)
2025-11-18 21:00:00,0.0,0.0,0.0,0.0,昱中科技光伏: 🔵 0值过多(零值率61%) | 🟠 有效样本少(n=1148) | 首耀清墩光伏: 🔵 0值偏多(零值率43%) | 🟠 有效样本少(n=1677)
2025-11-18 22:00:00,0.0,0.0,0.0,0.0,昱中科技光伏: 🔵 0值过多(零值率61%) | 🟠 有效样本少(n=1148) | 首耀清墩光伏: 🔵 0值偏多(零值率43%) | 🟠 有效样本少(n=1677)
2025-11-18 23:00:00,0.0,0.0,0.0,0.0,昱中科技光伏: 🔵 0值过多(零值率61%) | 🟠 有效样本少(n=1148) | 首耀清墩光伏: 🔵 0值偏多(零值率43%) | 🟠 有效样本少(n=1677)
2025-11-19 00:00:00,0.0,0.0,0.0,0.0,昱中科技光伏: 🔵 0值过多(零值率61%) | 🟠 有效样本少(n=1148) | 首耀清墩光伏: 🔵 0值偏多(零值率43%) | 🟠 有效样本少(n=1677)
2025-11-19 01:00:00,0.0,0.0,0.0,0.0,昱中科技光伏: 🔵 0值过多(零值率61%) | 🟠 有效样本少(n=1148) | 首耀清墩光伏: 🔵 0值偏多(零值率43%) | 🟠 有效样本少(n=1677)
2025-11-19 02:00:00,0.0,0.0,0.0,0.0,昱中科技光伏: 🔵 0值过多(零值率61%) | 🟠 有效样本少(n=1148) | 首耀清墩光伏: 🔵 0值偏多(零值率43%) | 🟠 有效样本少(n=1677)
2025-11-19 03:00:00,0.0,0.0,0.0,0.0,昱中科技光伏: 🔵 0值过多(零值率61%) | 🟠 有效样本少(n=1148) | 首耀清墩光伏: 🔵 0值偏多(零值率43%) | 🟠 有效样本少(n=1677)
2025-11-19 04:00:00,0.0,0.0,0.0,0.0,昱中科技光伏: 🔵 0值过多(零值率61%) | 🟠 有效样本少(n=1148) | 首耀清墩光伏: 🔵 0值偏多(零值率43%) | 🟠 有效样本少(n=1677)
2025-11-19 05:00:00,0.0,0.0,0.0,0.0,昱中科技光伏: 🔵 0值过多(零值率61%) | 🟠 有效样本少(n=1148) | 首耀清墩光伏: 🔵 0值偏多(零值率43%) | 🟠 有效样本少(n=1677)
2025-11-19 06:00:00,0.0,0.0,0.41,0.0023186251178877,昱中科技光伏: 🔵 0值过多(零值率61%) | 🟠 有效样本少(n=1148) | 首耀清墩光伏: 🔵 0值偏多(零值率43%) | 🟠 有效样本少(n=1677)
2025-11-19 07:00:00,0.0,0.0135057995440774,0.41,0.0058914813693809,昱中科技光伏: 🔵 0值过多(零值率61%) | 🟠 有效样本少(n=1148) | 首耀清墩光伏: 🔵 0值偏多(零值率43%) | 🟠 有效样本少(n=1677)
2025-11-19 08:00:00,0.39,0.3590664784038825,0.41,0.1879397515215958,昱中科技光伏: 🔵 0值过多(零值率61%) | 🟠 有效样本少(n=1148) | 首耀清墩光伏: 🔵 0值偏多(零值率43%) | 🟠 有效样本少(n=1677)
2025-11-19 09:00:00,0.85,1.0165062082200254,0.41,0.4879231655434681,昱中科技光伏: 🔵 0值过多(零值率61%) | 🟠 有效样本少(n=1148) | 首耀清墩光伏: 🔵 0值偏多(零值率43%) | 🟠 有效样本少(n=1677)
2025-11-19 10:00:00,1.21,1.426805485971065,0.41,0.7077766245990882,昱中科技光伏: 🔵 0值过多(零值率61%) | 🟠 有效样本少(n=1148) | 首耀清墩光伏: 🔵 0值偏多(零值率43%) | 🟠 有效样本少(n=1677)
2025-11-19 11:00:00,1.43,1.4812981972302053,0.41,0.7277317552718491,昱中科技光伏: 🔵 0值过多(零值率61%) | 🟠 有效样本少(n=1148) | 首耀清墩光伏: 🔵 0值偏多(零值率43%) | 🟠 有效样本少(n=1677)
2025-11-19 12:00:00,1.46,1.511182574215535,0.41,0.7275788027403709,昱中科技光伏: 🔵 0值过多(零值率61%) | 🟠 有效样本少(n=1148) | 首耀清墩光伏: 🔵 0值偏多(零值率43%) | 🟠 有效样本少(n=1677)
2025-11-19 13:00:00,1.34,1.4111315505098152,0.41,0.6820861874349533,昱中科技光伏: 🔵 0值过多(零值率61%) | 🟠 有效样本少(n=1148) | 首耀清墩光伏: 🔵 0值偏多(零值率43%) | 🟠 有效样本少(n=1677)
2025-11-19 14:00:00,1.07,1.1518640663186812,0.41,0.5596291081167443,昱中科技光伏: 🔵 0值过多(零值率61%) | 🟠 有效样本少(n=1148) | 首耀清墩光伏: 🔵 0值偏多(零值率43%) | 🟠 有效样本少(n=1677)
2025-11-19 15:00:00,0.64,0.8995082163151794,0.41,0.4310177098823029,昱中科技光伏: 🔵 0值过多(零值率61%) | 🟠 有效样本少(n=1148) | 首耀清墩光伏: 🔵 0值偏多(零值率43%) | 🟠 有效样本少(n=1677)
2025-11-19 16:00:00,0.18,0.2768410762836223,0.41,0.1371553142953746,昱中科技光伏: 🔵 0值过多(零值率61%) | 🟠 有效样本少(n=1148) | 首耀清墩光伏: 🔵 0值偏多(零值率43%) | 🟠 有效样本少(n=1677)
2025-11-19 17:00:00,0.0,0.0,0.41,0.0196207656677573,昱中科技光伏: 🔵 0值过多(零值率61%) | 🟠 有效样本少(n=1148) | 首耀清墩光伏: 🔵 0值偏多(零值率43%) | 🟠 有效样本少(n=1677)
2025-11-19 18:00:00,0.0,0.0,0.41,0.0003844260654419,昱中科技光伏: 🔵 0值过多(零值率61%) | 🟠 有效样本少(n=1148) | 首耀清墩光伏: 🔵 0值偏多(零值率43%) | 🟠 有效样本少(n=1677)
2025-11-19 19:00:00,0.0,0.0,0.41,0.0005643043118486,昱中科技光伏: 🔵 0值过多(零值率61%) | 🟠 有效样本少(n=1148) | 首耀清墩光伏: 🔵 0值偏多(零值率43%) | 🟠 有效样本少(n=1677)
2025-11-19 20:00:00,0.0,0.0,0.0,0.0,昱中科技光伏: 🔵 0值过多(零值率61%) | 🟠 有效样本少(n=1148) | 首耀清墩光伏: 🔵 0值偏多(零值率43%) | 🟠 有效样本少(n=1677)
2025-11-19 21:00:00,0.0,0.0,0.0,0.0,昱中科技光伏: 🔵 0值过多(零值率61%) | 🟠 有效样本少(n=1148) | 首耀清墩光伏: 🔵 0值偏多(零值率43%) | 🟠 有效样本少(n=1677)
2025-11-19 22:00:00,0.0,0.0,0.0,0.0,昱中科技光伏: 🔵 0值过多(零值率61%) | 🟠 有效样本少(n=1148) | 首耀清墩光伏: 🔵 0值偏多(零值率43%) | 🟠 有效样本少(n=1677)
2025-11-19 23:00:00,0.0,0.0,0.0,0.0,昱中科技光伏: 🔵 0值过多(零值率61%) | 🟠 有效样本少(n=1148) | 首耀清墩光伏: 🔵 0值偏多(零值率43%) | 🟠 有效样本少(n=1677)
2025-11-20 00:00:00,0.0,0.0,0.0,0.0,昱中科技光伏: 🔵 0值过多(零值率61%) | 🟠 有效样本少(n=1148) | 首耀清墩光伏: 🔵 0值偏多(零值率43%) | 🟠 有效样本少(n=1677)
2025-11-20 01:00:00,0.0,0.0,0.0,0.0,昱中科技光伏: 🔵 0值过多(零值率61%) | 🟠 有效样本少(n=1148) | 首耀清墩光伏: 🔵 0值偏多(零值率43%) | 🟠 有效样本少(n=1677)
2025-11-20 02:00:00,0.0,0.0,0.0,0.0,昱中科技光伏: 🔵 0值过多(零值率61%) | 🟠 有效样本少(n=1148) | 首耀清墩光伏: 🔵 0值偏多(零值率43%) | 🟠 有效样本少(n=1677)
2025-11-20 03:00:00,0.0,0.0,0.0,0.0,昱中科技光伏: 🔵 0值过多(零值率61%) | 🟠 有效样本少(n=1148) | 首耀清墩光伏: 🔵 0值偏多(零值率43%) | 🟠 有效样本少(n=1677)
2025-11-20 04:00:00,0.0,0.0,0.0,0.0,昱中科技光伏: 🔵 0值过多(零值率61%) | 🟠 有效样本少(n=1148) | 首耀清墩光伏: 🔵 0值偏多(零值率43%) | 🟠 有效样本少(n=1677)
2025-11-20 05:00:00,0.0,0.0,0.0,0.0,昱中科技光伏: 🔵 0值过多(零值率61%) | 🟠 有效样本少(n=1148) | 首耀清墩光伏: 🔵 0值偏多(零值率43%) | 🟠 有效样本少(n=1677)
2025-11-20 06:00:00,0.0,0.0,0.41,0.0026544423834734,昱中科技光伏: 🔵 0值过多(零值率61%) | 🟠 有效样本少(n=1148) | 首耀清墩光伏: 🔵 0值偏多(零值率43%) | 🟠 有效样本少(n=1677)
2025-11-20 07:00:00,0.0,0.0139771532503915,0.41,0.0062043666783235,昱中科技光伏: 🔵 0值过多(零值率61%) | 🟠 有效样本少(n=1148) | 首耀清墩光伏: 🔵 0值偏多(零值率43%) | 🟠 有效样本少(n=1677)
2025-11-20 08:00:00,0.42,0.3163862577584834,0.41,0.1711873602180458,昱中科技光伏: 🔵 0值过多(零值率61%) | 🟠 有效样本少(n=1148) | 首耀清墩光伏: 🔵 0值偏多(零值率43%) | 🟠 有效样本少(n=1677)
2025-11-20 09:00:00,0.82,0.8273382912845398,0.41,0.4305800076518724,昱中科技光伏: 🔵 0值过多(零值率61%) | 🟠 有效样本少(n=1148) | 首耀清墩光伏: 🔵 0值偏多(零值率43%) | 🟠 有效样本少(n=1677)
2025-11-20 10:00:00,0.85,1.1210415284025212,0.41,0.6008104190607293,昱中科技光伏: 🔵 0值过多(零值率61%) | 🟠 有效样本少(n=1148) | 首耀清墩光伏: 🔵 0值偏多(零值率43%) | 🟠 有效样本少(n=1677)
2025-11-20 11:00:00,1.43,1.38792937061423,0.41,0.6415400483381241,昱中科技光伏: 🔵 0值过多(零值率61%) | 🟠 有效样本少(n=1148) | 首耀清墩光伏: 🔵 0值偏多(零值率43%) | 🟠 有效样本少(n=1677)
2025-11-20 12:00:00,1.13,1.3434908134262884,0.41,0.6642507885295785,昱中科技光伏: 🔵 0值过多(零值率61%) | 🟠 有效样本少(n=1148) | 首耀清墩光伏: 🔵 0值偏多(零值率43%) | 🟠 有效样本少(n=1677)
2025-11-20 13:00:00,1.12,1.3187264323976842,0.41,0.65026366215242,昱中科技光伏: 🔵 0值过多(零值率61%) | 🟠 有效样本少(n=1148) | 首耀清墩光伏: 🔵 0值偏多(零值率43%) | 🟠 有效样本少(n=1677)
2025-11-20 14:00:00,1.04,1.05870755545412,0.41,0.5236028308857096,昱中科技光伏: 🔵 0值过多(零值率61%) | 🟠 有效样本少(n=1148) | 首耀清墩光伏: 🔵 0值偏多(零值率43%) | 🟠 有效样本少(n=1677)
2025-11-20 15:00:00,0.6,0.847890512130601,0.41,0.4104996693134172,昱中科技光伏: 🔵 0值过多(零值率61%) | 🟠 有效样本少(n=1148) | 首耀清墩光伏: 🔵 0值偏多(零值率43%) | 🟠 有效样本少(n=1677)
2025-11-20 16:00:00,0.16,0.2578705647994403,0.41,0.1279131292246234,昱中科技光伏: 🔵 0值过多(零值率61%) | 🟠 有效样本少(n=1148) | 首耀清墩光伏: 🔵 0值偏多(零值率43%) | 🟠 有效样本少(n=1677)
2025-11-20 17:00:00,0.0,0.0,0.41,0.0182450105398557,昱中科技光伏: 🔵 0值过多(零值率61%) | 🟠 有效样本少(n=1148) | 首耀清墩光伏: 🔵 0值偏多(零值率43%) | 🟠 有效样本少(n=1677)
2025-11-20 18:00:00,0.0,0.0,0.41,0.0002554501042543,昱中科技光伏: 🔵 0值过多(零值率61%) | 🟠 有效样本少(n=1148) | 首耀清墩光伏: 🔵 0值偏多(零值率43%) | 🟠 有效样本少(n=1677)
2025-11-20 19:00:00,0.0,0.0,0.41,0.0004943103948191,昱中科技光伏: 🔵 0值过多(零值率61%) | 🟠 有效样本少(n=1148) | 首耀清墩光伏: 🔵 0值偏多(零值率43%) | 🟠 有效样本少(n=1677)
2025-11-20 20:00:00,0.0,0.0,0.0,0.0,昱中科技光伏: 🔵 0值过多(零值率61%) | 🟠 有效样本少(n=1148) | 首耀清墩光伏: 🔵 0值偏多(零值率43%) | 🟠 有效样本少(n=1677)
2025-11-20 21:00:00,0.0,0.0,0.0,0.0,昱中科技光伏: 🔵 0值过多(零值率61%) | 🟠 有效样本少(n=1148) | 首耀清墩光伏: 🔵 0值偏多(零值率43%) | 🟠 有效样本少(n=1677)
2025-11-20 22:00:00,0.0,0.0,0.0,0.0,昱中科技光伏: 🔵 0值过多(零值率61%) | 🟠 有效样本少(n=1148) | 首耀清墩光伏: 🔵 0值偏多(零值率43%) | 🟠 有效样本少(n=1677)
2025-11-20 23:00:00,0.0,0.0,0.0,0.0,昱中科技光伏: 🔵 0值过多(零值率61%) | 🟠 有效样本少(n=1148) | 首耀清墩光伏: 🔵 0值偏多(零值率43%) | 🟠 有效样本少(n=1677)
2025-11-21 00:00:00,0.0,0.0,0.0,0.0,昱中科技光伏: 🔵 0值过多(零值率61%) | 🟠 有效样本少(n=1148) | 首耀清墩光伏: 🔵 0值偏多(零值率43%) | 🟠 有效样本少(n=1677)
2025-11-21 01:00:00,0.0,0.0,0.0,0.0,昱中科技光伏: 🔵 0值过多(零值率61%) | 🟠 有效样本少(n=1148) | 首耀清墩光伏: 🔵 0值偏多(零值率43%) | 🟠 有效样本少(n=1677)
2025-11-21 02:00:00,0.0,0.0,0.0,0.0,昱中科技光伏: 🔵 0值过多(零值率61%) | 🟠 有效样本少(n=1148) | 首耀清墩光伏: 🔵 0值偏多(零值率43%) | 🟠 有效样本少(n=1677)
2025-11-21 03:00:00,0.0,0.0,0.0,0.0,昱中科技光伏: 🔵 0值过多(零值率61%) | 🟠 有效样本少(n=1148) | 首耀清墩光伏: 🔵 0值偏多(零值率43%) | 🟠 有效样本少(n=1677)
2025-11-21 04:00:00,0.0,0.0,0.0,0.0,昱中科技光伏: 🔵 0值过多(零值率61%) | 🟠 有效样本少(n=1148) | 首耀清墩光伏: 🔵 0值偏多(零值率43%) | 🟠 有效样本少(n=1677)
2025-11-21 05:00:00,0.0,0.0,0.0,0.0,昱中科技光伏: 🔵 0值过多(零值率61%) | 🟠 有效样本少(n=1148) | 首耀清墩光伏: 🔵 0值偏多(零值率43%) | 🟠 有效样本少(n=1677)
2025-11-21 06:00:00,0.0,0.0,0.41,0.0026526599246531,昱中科技光伏: 🔵 0值过多(零值率61%) | 🟠 有效样本少(n=1148) | 首耀清墩光伏: 🔵 0值偏多(零值率43%) | 🟠 有效样本少(n=1677)
2025-11-21 07:00:00,0.0,0.0138050644383546,0.41,0.0061509213650955,昱中科技光伏: 🔵 0值过多(零值率61%) | 🟠 有效样本少(n=1148) | 首耀清墩光伏: 🔵 0值偏多(零值率43%) | 🟠 有效样本少(n=1677)
2025-11-21 08:00:00,0.31,0.3076376427853914,0.41,0.1744407241144438,昱中科技光伏: 🔵 0值过多(零值率61%) | 🟠 有效样本少(n=1148) | 首耀清墩光伏: 🔵 0值偏多(零值率43%) | 🟠 有效样本少(n=1677)
2025-11-21 09:00:00,0.73,0.9645560888272782,0.41,0.4672298397302892,昱中科技光伏: 🔵 0值过多(零值率61%) | 🟠 有效样本少(n=1148) | 首耀清墩光伏: 🔵 0值偏多(零值率43%) | 🟠 有效样本少(n=1677)
2025-11-21 10:00:00,1.1,1.3716734052922943,0.41,0.6940034938325563,昱中科技光伏: 🔵 0值过多(零值率61%) | 🟠 有效样本少(n=1148) | 首耀清墩光伏: 🔵 0值偏多(零值率43%) | 🟠 有效样本少(n=1677)
2025-11-21 11:00:00,1.31,1.4340754046628612,0.41,0.7049399228732705,昱中科技光伏: 🔵 0值过多(零值率61%) | 🟠 有效样本少(n=1148) | 首耀清墩光伏: 🔵 0值偏多(零值率43%) | 🟠 有效样本少(n=1677)
2025-11-21 12:00:00,1.41,1.465305109689081,0.41,0.7110476297767444,昱中科技光伏: 🔵 0值过多(零值率61%) | 🟠 有效样本少(n=1148) | 首耀清墩光伏: 🔵 0值偏多(零值率43%) | 🟠 有效样本少(n=1677)
2025-11-21 13:00:00,1.29,1.3782674772732455,0.41,0.6653490257049979,昱中科技光伏: 🔵 0值过多(零值率61%) | 🟠 有效样本少(n=1148) | 首耀清墩光伏: 🔵 0值偏多(零值率43%) | 🟠 有效样本少(n=1677)
2025-11-21 14:00:00,1.0,1.1251093784308983,0.41,0.5504218177410306,昱中科技光伏: 🔵 0值过多(零值率61%) | 🟠 有效样本少(n=1148) | 首耀清墩光伏: 🔵 0值偏多(零值率43%) | 🟠 有效样本少(n=1677)
2025-11-21 15:00:00,0.58,0.8851472324792816,0.41,0.4265854640269346,昱中科技光伏: 🔵 0值过多(零值率61%) | 🟠 有效样本少(n=1148) | 首耀清墩光伏: 🔵 0值偏多(零值率43%) | 🟠 有效样本少(n=1677)
2025-11-21 16:00:00,0.17,0.2697015125167856,0.41,0.1331175946592562,昱中科技光伏: 🔵 0值过多(零值率61%) | 🟠 有效样本少(n=1148) | 首耀清墩光伏: 🔵 0值偏多(零值率43%) | 🟠 有效样本少(n=1677)
2025-11-21 17:00:00,0.0,0.0,0.41,0.0185037602756297,昱中科技光伏: 🔵 0值过多(零值率61%) | 🟠 有效样本少(n=1148) | 首耀清墩光伏: 🔵 0值偏多(零值率43%) | 🟠 有效样本少(n=1677)
2025-11-21 18:00:00,0.0,0.0,0.41,0.0001823669482171,昱中科技光伏: 🔵 0值过多(零值率61%) | 🟠 有效样本少(n=1148) | 首耀清墩光伏: 🔵 0值偏多(零值率43%) | 🟠 有效样本少(n=1677)
2025-11-21 19:00:00,0.0,0.0,0.41,0.0003634090456108,昱中科技光伏: 🔵 0值过多(零值率61%) | 🟠 有效样本少(n=1148) | 首耀清墩光伏: 🔵 0值偏多(零值率43%) | 🟠 有效样本少(n=1677)
2025-11-21 20:00:00,0.0,0.0,0.0,0.0,昱中科技光伏: 🔵 0值过多(零值率61%) | 🟠 有效样本少(n=1148) | 首耀清墩光伏: 🔵 0值偏多(零值率43%) | 🟠 有效样本少(n=1677)
2025-11-21 21:00:00,0.0,0.0,0.0,0.0,昱中科技光伏: 🔵 0值过多(零值率61%) | 🟠 有效样本少(n=1148) | 首耀清墩光伏: 🔵 0值偏多(零值率43%) | 🟠 有效样本少(n=1677)
2025-11-21 22:00:00,0.0,0.0,0.0,0.0,昱中科技光伏: 🔵 0值过多(零值率61%) | 🟠 有效样本少(n=1148) | 首耀清墩光伏: 🔵 0值偏多(零值率43%) | 🟠 有效样本少(n=1677)
2025-11-21 23:00:00,0.0,0.0,0.0,0.0,昱中科技光伏: 🔵 0值过多(零值率61%) | 🟠 有效样本少(n=1148) | 首耀清墩光伏: 🔵 0值偏多(零值率43%) | 🟠 有效样本少(n=1677)
2025-11-22 00:00:00,0.0,0.0,0.0,0.0,昱中科技光伏: 🔵 0值过多(零值率61%) | 🟠 有效样本少(n=1148) | 首耀清墩光伏: 🔵 0值偏多(零值率43%) | 🟠 有效样本少(n=1677)
2025-11-22 01:00:00,0.0,0.0,0.0,0.0,昱中科技光伏: 🔵 0值过多(零值率61%) | 🟠 有效样本少(n=1148) | 首耀清墩光伏: 🔵 0值偏多(零值率43%) | 🟠 有效样本少(n=1677)
2025-11-22 02:00:00,0.0,0.0,0.0,0.0,昱中科技光伏: 🔵 0值过多(零值率61%) | 🟠 有效样本少(n=1148) | 首耀清墩光伏: 🔵 0值偏多(零值率43%) | 🟠 有效样本少(n=1677)
2025-11-22 03:00:00,0.0,0.0,0.0,0.0,昱中科技光伏: 🔵 0值过多(零值率61%) | 🟠 有效样本少(n=1148) | 首耀清墩光伏: 🔵 0值偏多(零值率43%) | 🟠 有效样本少(n=1677)
2025-11-22 04:00:00,0.0,0.0,0.0,0.0,昱中科技光伏: 🔵 0值过多(零值率61%) | 🟠 有效样本少(n=1148) | 首耀清墩光伏: 🔵 0值偏多(零值率43%) | 🟠 有效样本少(n=1677)
2025-11-22 05:00:00,0.0,0.0,0.0,0.0,昱中科技光伏: 🔵 0值过多(零值率61%) | 🟠 有效样本少(n=1148) | 首耀清墩光伏: 🔵 0值偏多(零值率43%) | 🟠 有效样本少(n=1677)
2025-11-22 06:00:00,0.0,0.0,0.41,0.0026525478829007,昱中科技光伏: 🔵 0值过多(零值率61%) | 🟠 有效样本少(n=1148) | 首耀清墩光伏: 🔵 0值偏多(零值率43%) | 🟠 有效样本少(n=1677)
2025-11-22 07:00:00,0.0,0.0133463884255665,0.41,0.0060804739623364,昱中科技光伏: 🔵 0值过多(零值率61%) | 🟠 有效样本少(n=1148) | 首耀清墩光伏: 🔵 0值偏多(零值率43%) | 🟠 有效样本少(n=1677)
2025-11-22 08:00:00,0.32,0.3127100269236492,0.41,0.1732648021240025,昱中科技光伏: 🔵 0值过多(零值率61%) | 🟠 有效样本少(n=1148) | 首耀清墩光伏: 🔵 0值偏多(零值率43%) | 🟠 有效样本少(n=1677)
2025-11-22 09:00:00,0.55,0.9588222087509264,0.41,0.4625286558177159,昱中科技光伏: 🔵 0值过多(零值率61%) | 🟠 有效样本少(n=1148) | 首耀清墩光伏: 🔵 0值偏多(零值率43%) | 🟠 有效样本少(n=1677)
2025-11-22 10:00:00,1.15,1.356347528991108,0.41,0.6897094706436137,昱中科技光伏: 🔵 0值过多(零值率61%) | 🟠 有效样本少(n=1148) | 首耀清墩光伏: 🔵 0值偏多(零值率43%) | 🟠 有效样本少(n=1677)
2025-11-22 11:00:00,1.39,1.4284857738763832,0.41,0.702298813780247,昱中科技光伏: 🔵 0值过多(零值率61%) | 🟠 有效样本少(n=1148) | 首耀清墩光伏: 🔵 0值偏多(零值率43%) | 🟠 有效样本少(n=1677)
2025-11-22 12:00:00,1.39,1.4578106481934892,0.41,0.7060053842331816,昱中科技光伏: 🔵 0值过多(零值率61%) | 🟠 有效样本少(n=1148) | 首耀清墩光伏: 🔵 0值偏多(零值率43%) | 🟠 有效样本少(n=1677)
2025-11-22 13:00:00,1.23,1.3506136799278714,0.41,0.6493509689010184,昱中科技光伏: 🔵 0值过多(零值率61%) | 🟠 有效样本少(n=1148) | 首耀清墩光伏: 🔵 0值偏多(零值率43%) | 🟠 有效样本少(n=1677)
2025-11-22 14:00:00,0.97,1.1089083602666776,0.41,0.5386909428451021,昱中科技光伏: 🔵 0值过多(零值率61%) | 🟠 有效样本少(n=1148) | 首耀清墩光伏: 🔵 0值偏多(零值率43%) | 🟠 有效样本少(n=1677)
2025-11-22 15:00:00,0.58,0.8371118021533378,0.41,0.4126448170470563,昱中科技光伏: 🔵 0值过多(零值率61%) | 🟠 有效样本少(n=1148) | 首耀清墩光伏: 🔵 0值偏多(零值率43%) | 🟠 有效样本少(n=1677)
2025-11-22 16:00:00,0.16,0.2645637445876903,0.41,0.1302236512708149,昱中科技光伏: 🔵 0值过多(零值率61%) | 🟠 有效样本少(n=1148) | 首耀清墩光伏: 🔵 0值偏多(零值率43%) | 🟠 有效样本少(n=1677)
2025-11-22 17:00:00,0.0,0.0,0.41,0.0177278270833313,昱中科技光伏: 🔵 0值过多(零值率61%) | 🟠 有效样本少(n=1148) | 首耀清墩光伏: 🔵 0值偏多(零值率43%) | 🟠 有效样本少(n=1677)
2025-11-22 18:00:00,0.0,0.0,0.41,0.0001458782440012,昱中科技光伏: 🔵 0值过多(零值率61%) | 🟠 有效样本少(n=1148) | 首耀清墩光伏: 🔵 0值偏多(零值率43%) | 🟠 有效样本少(n=1677)
2025-11-22 19:00:00,0.0,0.0,0.41,8.293778794089915e-05,昱中科技光伏: 🔵 0值过多(零值率61%) | 🟠 有效样本少(n=1148) | 首耀清墩光伏: 🔵 0值偏多(零值率43%) | 🟠 有效样本少(n=1677)
2025-11-22 20:00:00,0.0,0.0,0.0,0.0,昱中科技光伏: 🔵 0值过多(零值率61%) | 🟠 有效样本少(n=1148) | 首耀清墩光伏: 🔵 0值偏多(零值率43%) | 🟠 有效样本少(n=1677)
2025-11-22 21:00:00,0.0,0.0,0.0,0.0,昱中科技光伏: 🔵 0值过多(零值率61%) | 🟠 有效样本少(n=1148) | 首耀清墩光伏: 🔵 0值偏多(零值率43%) | 🟠 有效样本少(n=1677)
2025-11-22 22:00:00,0.0,0.0,0.0,0.0,昱中科技光伏: 🔵 0值过多(零值率61%) | 🟠 有效样本少(n=1148) | 首耀清墩光伏: 🔵 0值偏多(零值率43%) | 🟠 有效样本少(n=1677)
2025-11-22 23:00:00,0.0,0.0,0.0,0.0,昱中科技光伏: 🔵 0值过多(零值率61%) | 🟠 有效样本少(n=1148) | 首耀清墩光伏: 🔵 0值偏多(零值率43%) | 🟠 有效样本少(n=1677)
2025-11-23 00:00:00,0.0,0.0,0.0,0.0,昱中科技光伏: 🔵 0值过多(零值率61%) | 🟠 有效样本少(n=1148) | 首耀清墩光伏: 🔵 0值偏多(零值率43%) | 🟠 有效样本少(n=1677)
2025-11-23 01:00:00,0.0,0.0,0.0,0.0,昱中科技光伏: 🔵 0值过多(零值率61%) | 🟠 有效样本少(n=1148) | 首耀清墩光伏: 🔵 0值偏多(零值率43%) | 🟠 有效样本少(n=1677)
2025-11-23 02:00:00,0.0,0.0,0.0,0.0,昱中科技光伏: 🔵 0值过多(零值率61%) | 🟠 有效样本少(n=1148) | 首耀清墩光伏: 🔵 0值偏多(零值率43%) | 🟠 有效样本少(n=1677)
2025-11-23 03:00:00,0.0,0.0,0.0,0.0,昱中科技光伏: 🔵 0值过多(零值率61%) | 🟠 有效样本少(n=1148) | 首耀清墩光伏: 🔵 0值偏多(零值率43%) | 🟠 有效样本少(n=1677)
2025-11-23 04:00:00,0.0,0.0,0.0,0.0,昱中科技光伏: 🔵 0值过多(零值率61%) | 🟠 有效样本少(n=1148) | 首耀清墩光伏: 🔵 0值偏多(零值率43%) | 🟠 有效样本少(n=1677)
2025-11-23 05:00:00,0.0,0.0,0.0,0.0,昱中科技光伏: 🔵 0值过多(零值率61%) | 🟠 有效样本少(n=1148) | 首耀清墩光伏: 🔵 0值偏多(零值率43%) | 🟠 有效样本少(n=1677)
2025-11-23 06:00:00,0.0,0.0,0.41,0.0029197464607567,昱中科技光伏: 🔵 0值过多(零值率61%) | 🟠 有效样本少(n=1148) | 首耀清墩光伏: 🔵 0值偏多(零值率43%) | 🟠 有效样本少(n=1677)
2025-11-23 07:00:00,0.0,0.0105009421334678,0.41,0.0053832499069598,昱中科技光伏: 🔵 0值过多(零值率61%) | 🟠 有效样本少(n=1148) | 首耀清墩光伏: 🔵 0值偏多(零值率43%) | 🟠 有效样本少(n=1677)
2025-11-23 08:00:00,0.18,0.2020086463445722,0.41,0.1257630608919249,昱中科技光伏: 🔵 0值过多(零值率61%) | 🟠 有效样本少(n=1148) | 首耀清墩光伏: 🔵 0值偏多(零值率43%) | 🟠 有效样本少(n=1677)
2025-11-23 09:00:00,0.49,0.5376054870178644,0.41,0.275305563595457,昱中科技光伏: 🔵 0值过多(零值率61%) | 🟠 有效样本少(n=1148) | 首耀清墩光伏: 🔵 0值偏多(零值率43%) | 🟠 有效样本少(n=1677)
2025-11-23 10:00:00,0.82,1.0297526616469572,0.41,0.5396531763687199,昱中科技光伏: 🔵 0值过多(零值率61%) | 🟠 有效样本少(n=1148) | 首耀清墩光伏: 🔵 0值偏多(零值率43%) | 🟠 有效样本少(n=1677)
2025-11-23 11:00:00,0.99,1.1752243537735014,0.41,0.6243610424266277,昱中科技光伏: 🔵 0值过多(零值率61%) | 🟠 有效样本少(n=1148) | 首耀清墩光伏: 🔵 0值偏多(零值率43%) | 🟠 有效样本少(n=1677)
2025-11-23 12:00:00,0.73,1.251831359401944,0.41,0.5764287271463723,昱中科技光伏: 🔵 0值过多(零值率61%) | 🟠 有效样本少(n=1148) | 首耀清墩光伏: 🔵 0值偏多(零值率43%) | 🟠 有效样本少(n=1677)
2025-11-23 13:00:00,0.99,0.6912154956116536,0.41,0.3792962631879943,昱中科技光伏: 🔵 0值过多(零值率61%) | 🟠 有效样本少(n=1148) | 首耀清墩光伏: 🔵 0值偏多(零值率43%) | 🟠 有效样本少(n=1677)
2025-11-23 14:00:00,0.71,0.306198031534597,0.41,0.1392484762837766,昱中科技光伏: 🔵 0值过多(零值率61%) | 🟠 有效样本少(n=1148) | 首耀清墩光伏: 🔵 0值偏多(零值率43%) | 🟠 有效样本少(n=1677)
2025-11-23 15:00:00,0.31,0.1552191260859493,0.41,0.0717152972142067,昱中科技光伏: 🔵 0值过多(零值率61%) | 🟠 有效样本少(n=1148) | 首耀清墩光伏: 🔵 0值偏多(零值率43%) | 🟠 有效样本少(n=1677)
2025-11-23 16:00:00,0.13,0.0909800729224499,0.41,0.0435281915550209,昱中科技光伏: 🔵 0值过多(零值率61%) | 🟠 有效样本少(n=1148) | 首耀清墩光伏: 🔵 0值偏多(零值率43%) | 🟠 有效样本少(n=1677)
2025-11-23 17:00:00,0.0,0.0,0.41,0.009964420344968,昱中科技光伏: 🔵 0值过多(零值率61%) | 🟠 有效样本少(n=1148) | 首耀清墩光伏: 🔵 0值偏多(零值率43%) | 🟠 有效样本少(n=1677)
2025-11-23 18:00:00,0.0,0.0,0.41,0.0001344246519651,昱中科技光伏: 🔵 0值过多(零值率61%) | 🟠 有效样本少(n=1148) | 首耀清墩光伏: 🔵 0值偏多(零值率43%) | 🟠 有效样本少(n=1677)
2025-11-23 19:00:00,0.0,0.0,0.41,0.0009336154114481,昱中科技光伏: 🔵 0值过多(零值率61%) | 🟠 有效样本少(n=1148) | 首耀清墩光伏: 🔵 0值偏多(零值率43%) | 🟠 有效样本少(n=1677)
2025-11-23 20:00:00,0.0,0.0,0.0,0.0,昱中科技光伏: 🔵 0值过多(零值率61%) | 🟠 有效样本少(n=1148) | 首耀清墩光伏: 🔵 0值偏多(零值率43%) | 🟠 有效样本少(n=1677)
2025-11-23 21:00:00,0.0,0.0,0.0,0.0,昱中科技光伏: 🔵 0值过多(零值率61%) | 🟠 有效样本少(n=1148) | 首耀清墩光伏: 🔵 0值偏多(零值率43%) | 🟠 有效样本少(n=1677)
2025-11-23 22:00:00,0.0,0.0,0.0,0.0,昱中科技光伏: 🔵 0值过多(零值率61%) | 🟠 有效样本少(n=1148) | 首耀清墩光伏: 🔵 0值偏多(零值率43%) | 🟠 有效样本少(n=1677)
2025-11-23 23:00:00,0.0,0.0,0.0,0.0,昱中科技光伏: 🔵 0值过多(零值率61%) | 🟠 有效样本少(n=1148) | 首耀清墩光伏: 🔵 0值偏多(零值率43%) | 🟠 有效样本少(n=1677)
2025-11-24 00:00:00,0.0,0.0,0.0,0.0,昱中科技光伏: 🔵 0值过多(零值率61%) | 🟠 有效样本少(n=1148) | 首耀清墩光伏: 🔵 0值偏多(零值率43%) | 🟠 有效样本少(n=1677)
2025-11-24 01:00:00,0.0,0.0,0.0,0.0,昱中科技光伏: 🔵 0值过多(零值率61%) | 🟠 有效样本少(n=1148) | 首耀清墩光伏: 🔵 0值偏多(零值率43%) | 🟠 有效样本少(n=1677)
2025-11-24 02:00:00,0.0,0.0,0.0,0.0,昱中科技光伏: 🔵 0值过多(零值率61%) | 🟠 有效样本少(n=1148) | 首耀清墩光伏: 🔵 0值偏多(零值率43%) | 🟠 有效样本少(n=1677)
2025-11-24 03:00:00,0.0,0.0,0.0,0.0,昱中科技光伏: 🔵 0值过多(零值率61%) | 🟠 有效样本少(n=1148) | 首耀清墩光伏: 🔵 0值偏多(零值率43%) | 🟠 有效样本少(n=1677)
2025-11-24 04:00:00,0.0,0.0,0.0,0.0,昱中科技光伏: 🔵 0值过多(零值率61%) | 🟠 有效样本少(n=1148) | 首耀清墩光伏: 🔵 0值偏多(零值率43%) | 🟠 有效样本少(n=1677)
2025-11-24 05:00:00,0.0,0.0,0.0,0.0,昱中科技光伏: 🔵 0值过多(零值率61%) | 🟠 有效样本少(n=1148) | 首耀清墩光伏: 🔵 0值偏多(零值率43%) | 🟠 有效样本少(n=1677)
2025-11-24 06:00:00,0.0,0.0,0.41,0.0026525057710954,昱中科技光伏: 🔵 0值过多(零值率61%) | 🟠 有效样本少(n=1148) | 首耀清墩光伏: 🔵 0值偏多(零值率43%) | 🟠 有效样本少(n=1677)
2025-11-24 07:00:00,0.0,0.0101261951475001,0.41,0.0050120728908378,昱中科技光伏: 🔵 0值过多(零值率61%) | 🟠 有效样本少(n=1148) | 首耀清墩光伏: 🔵 0值偏多(零值率43%) | 🟠 有效样本少(n=1677)
2025-11-24 08:00:00,0.31,0.2949907353927046,0.41,0.1679198251102537,昱中科技光伏: 🔵 0值过多(零值率61%) | 🟠 有效样本少(n=1148) | 首耀清墩光伏: 🔵 0值偏多(零值率43%) | 🟠 有效样本少(n=1677)
2025-11-24 09:00:00,0.68,0.8736046552370567,0.41,0.430341616445028,昱中科技光伏: 🔵 0值过多(零值率61%) | 🟠 有效样本少(n=1148) | 首耀清墩光伏: 🔵 0值偏多(零值率43%) | 🟠 有效样本少(n=1677)
2025-11-24 10:00:00,1.04,1.296334701729723,0.41,0.6565621452238887,昱中科技光伏: 🔵 0值过多(零值率61%) | 🟠 有效样本少(n=1148) | 首耀清墩光伏: 🔵 0值偏多(零值率43%) | 🟠 有效样本少(n=1677)
2025-11-24 11:00:00,1.22,1.36537945403578,0.41,0.6899183756678875,昱中科技光伏: 🔵 0值过多(零值率61%) | 🟠 有效样本少(n=1148) | 首耀清墩光伏: 🔵 0值偏多(零值率43%) | 🟠 有效样本少(n=1677)
2025-11-24 12:00:00,1.24,1.380130662306605,0.41,0.6654511478914291,昱中科技光伏: 🔵 0值过多(零值率61%) | 🟠 有效样本少(n=1148) | 首耀清墩光伏: 🔵 0值偏多(零值率43%) | 🟠 有效样本少(n=1677)
2025-11-24 13:00:00,1.12,1.2976423035501925,0.41,0.6239318353787733,昱中科技光伏: 🔵 0值过多(零值率61%) | 🟠 有效样本少(n=1148) | 首耀清墩光伏: 🔵 0值偏多(零值率43%) | 🟠 有效样本少(n=1677)
2025-11-24 14:00:00,0.87,1.0858333859828573,0.41,0.5163253118208968,昱中科技光伏: 🔵 0值过多(零值率61%) | 🟠 有效样本少(n=1148) | 首耀清墩光伏: 🔵 0值偏多(零值率43%) | 🟠 有效样本少(n=1677)
2025-11-24 15:00:00,0.45,0.7990382657726124,0.41,0.3895847150194142,昱中科技光伏: 🔵 0值过多(零值率61%) | 🟠 有效样本少(n=1148) | 首耀清墩光伏: 🔵 0值偏多(零值率43%) | 🟠 有效样本少(n=1677)
2025-11-24 16:00:00,0.14,0.2546528157742923,0.41,0.1247188086956514,昱中科技光伏: 🔵 0值过多(零值率61%) | 🟠 有效样本少(n=1148) | 首耀清墩光伏: 🔵 0值偏多(零值率43%) | 🟠 有效样本少(n=1677)
2025-11-24 17:00:00,0.0,0.0,0.41,0.0167060943632025,昱中科技光伏: 🔵 0值过多(零值率61%) | 🟠 有效样本少(n=1148) | 首耀清墩光伏: 🔵 0值偏多(零值率43%) | 🟠 有效样本少(n=1677)
2025-11-24 18:00:00,0.0,0.0,0.41,9.238065201735042e-05,昱中科技光伏: 🔵 0值过多(零值率61%) | 🟠 有效样本少(n=1148) | 首耀清墩光伏: 🔵 0值偏多(零值率43%) | 🟠 有效样本少(n=1677)
2025-11-24 19:00:00,0.0,0.0,0.41,8.293778794089915e-05,昱中科技光伏: 🔵 0值过多(零值率61%) | 🟠 有效样本少(n=1148) | 首耀清墩光伏: 🔵 0值偏多(零值率43%) | 🟠 有效样本少(n=1677)
2025-11-24 20:00:00,0.0,0.0,0.0,0.0,昱中科技光伏: 🔵 0值过多(零值率61%) | 🟠 有效样本少(n=1148) | 首耀清墩光伏: 🔵 0值偏多(零值率43%) | 🟠 有效样本少(n=1677)
2025-11-24 21:00:00,0.0,0.0,0.0,0.0,昱中科技光伏: 🔵 0值过多(零值率61%) | 🟠 有效样本少(n=1148) | 首耀清墩光伏: 🔵 0值偏多(零值率43%) | 🟠 有效样本少(n=1677)
2025-11-24 22:00:00,0.0,0.0,0.0,0.0,昱中科技光伏: 🔵 0值过多(零值率61%) | 🟠 有效样本少(n=1148) | 首耀清墩光伏: 🔵 0值偏多(零值率43%) | 🟠 有效样本少(n=1677)
2025-11-24 23:00:00,0.0,0.0,0.0,0.0,昱中科技光伏: 🔵 0值过多(零值率61%) | 🟠 有效样本少(n=1148) | 首耀清墩光伏: 🔵 0值偏多(零值率43%) | 🟠 有效样本少(n=1677)
2025-11-25 00:00:00,0.0,0.0,0.0,0.0,昱中科技光伏: 🔵 0值过多(零值率61%) | 🟠 有效样本少(n=1148) | 首耀清墩光伏: 🔵 0值偏多(零值率43%) | 🟠 有效样本少(n=1677)
2025-11-25 01:00:00,0.0,0.0,0.0,0.0,昱中科技光伏: 🔵 0值过多(零值率61%) | 🟠 有效样本少(n=1148) | 首耀清墩光伏: 🔵 0值偏多(零值率43%) | 🟠 有效样本少(n=1677)
2025-11-25 02:00:00,0.0,0.0,0.0,0.0,昱中科技光伏: 🔵 0值过多(零值率61%) | 🟠 有效样本少(n=1148) | 首耀清墩光伏: 🔵 0值偏多(零值率43%) | 🟠 有效样本少(n=1677)
2025-11-25 03:00:00,0.0,0.0,0.0,0.0,昱中科技光伏: 🔵 0值过多(零值率61%) | 🟠 有效样本少(n=1148) | 首耀清墩光伏: 🔵 0值偏多(零值率43%) | 🟠 有效样本少(n=1677)
2025-11-25 04:00:00,0.0,0.0,0.0,0.0,昱中科技光伏: 🔵 0值过多(零值率61%) | 🟠 有效样本少(n=1148) | 首耀清墩光伏: 🔵 0值偏多(零值率43%) | 🟠 有效样本少(n=1677)
2025-11-25 05:00:00,0.0,0.0,0.0,0.0,昱中科技光伏: 🔵 0值过多(零值率61%) | 🟠 有效样本少(n=1148) | 首耀清墩光伏: 🔵 0值偏多(零值率43%) | 🟠 有效样本少(n=1677)
2025-11-25 06:00:00,0.0,0.0,0.41,0.00231908227646,昱中科技光伏: 🔵 0值过多(零值率61%) | 🟠 有效样本少(n=1148) | 首耀清墩光伏: 🔵 0值偏多(零值率43%) | 🟠 有效样本少(n=1677)
2025-11-25 07:00:00,0.0,0.0095524952383894,0.41,0.0046808000371436,昱中科技光伏: 🔵 0值过多(零值率61%) | 🟠 有效样本少(n=1148) | 首耀清墩光伏: 🔵 0值偏多(零值率43%) | 🟠 有效样本少(n=1677)
2025-11-25 08:00:00,0.33,0.3000267687183926,0.41,0.1686107478995487,昱中科技光伏: 🔵 0值过多(零值率61%) | 🟠 有效样本少(n=1148) | 首耀清墩光伏: 🔵 0值偏多(零值率43%) | 🟠 有效样本少(n=1677)
2025-11-25 09:00:00,0.78,0.8704682533331723,0.41,0.4317305296812668,昱中科技光伏: 🔵 0值过多(零值率61%) | 🟠 有效样本少(n=1148) | 首耀清墩光伏: 🔵 0值偏多(零值率43%) | 🟠 有效样本少(n=1677)
2025-11-25 10:00:00,1.14,1.2616645715052408,0.41,0.6576789003345369,昱中科技光伏: 🔵 0值过多(零值率61%) | 🟠 有效样本少(n=1148) | 首耀清墩光伏: 🔵 0值偏多(零值率43%) | 🟠 有效样本少(n=1677)
2025-11-25 11:00:00,1.35,1.368016340732039,0.41,0.7057253469633599,昱中科技光伏: 🔵 0值过多(零值率61%) | 🟠 有效样本少(n=1148) | 首耀清墩光伏: 🔵 0值偏多(零值率43%) | 🟠 有效样本少(n=1677)
2025-11-25 12:00:00,1.4,1.4002922209619704,0.41,0.7049027351217841,昱中科技光伏: 🔵 0值过多(零值率61%) | 🟠 有效样本少(n=1148) | 首耀清墩光伏: 🔵 0值偏多(零值率43%) | 🟠 有效样本少(n=1677)
2025-11-25 13:00:00,1.3,1.3812244899787978,0.41,0.6752090156602327,昱中科技光伏: 🔵 0值过多(零值率61%) | 🟠 有效样本少(n=1148) | 首耀清墩光伏: 🔵 0值偏多(零值率43%) | 🟠 有效样本少(n=1677)
2025-11-25 14:00:00,1.02,1.136828572555323,0.41,0.5577853562996038,昱中科技光伏: 🔵 0值过多(零值率61%) | 🟠 有效样本少(n=1148) | 首耀清墩光伏: 🔵 0值偏多(零值率43%) | 🟠 有效样本少(n=1677)
2025-11-25 15:00:00,0.6,0.8658522339120441,0.41,0.4193672693359492,昱中科技光伏: 🔵 0值过多(零值率61%) | 🟠 有效样本少(n=1148) | 首耀清墩光伏: 🔵 0值偏多(零值率43%) | 🟠 有效样本少(n=1677)
2025-11-25 16:00:00,0.16,0.2690268611302959,0.41,0.1333571334318607,昱中科技光伏: 🔵 0值过多(零值率61%) | 🟠 有效样本少(n=1148) | 首耀清墩光伏: 🔵 0值偏多(零值率43%) | 🟠 有效样本少(n=1677)
2025-11-25 17:00:00,0.0,0.0,0.41,0.0177582709209292,昱中科技光伏: 🔵 0值过多(零值率61%) | 🟠 有效样本少(n=1148) | 首耀清墩光伏: 🔵 0值偏多(零值率43%) | 🟠 有效样本少(n=1677)
2025-11-25 18:00:00,0.0,0.0,0.41,6.732534192629847e-05,昱中科技光伏: 🔵 0值过多(零值率61%) | 🟠 有效样本少(n=1148) | 首耀清墩光伏: 🔵 0值偏多(零值率43%) | 🟠 有效样本少(n=1677)
2025-11-25 19:00:00,0.0,0.0,0.41,0.0011101928830068,昱中科技光伏: 🔵 0值过多(零值率61%) | 🟠 有效样本少(n=1148) | 首耀清墩光伏: 🔵 0值偏多(零值率43%) | 🟠 有效样本少(n=1677)
2025-11-25 20:00:00,0.0,0.0,0.0,0.0,昱中科技光伏: 🔵 0值过多(零值率61%) | 🟠 有效样本少(n=1148) | 首耀清墩光伏: 🔵 0值偏多(零值率43%) | 🟠 有效样本少(n=1677)
2025-11-25 21:00:00,0.0,0.0,0.0,0.0,昱中科技光伏: 🔵 0值过多(零值率61%) | 🟠 有效样本少(n=1148) | 首耀清墩光伏: 🔵 0值偏多(零值率43%) | 🟠 有效样本少(n=1677)
2025-11-25 22:00:00,0.0,0.0,0.0,0.0,昱中科技光伏: 🔵 0值过多(零值率61%) | 🟠 有效样本少(n=1148) | 首耀清墩光伏: 🔵 0值偏多(零值率43%) | 🟠 有效样本少(n=1677)
2025-11-25 23:00:00,0.0,0.0,0.0,0.0,昱中科技光伏: 🔵 0值过多(零值率61%) | 🟠 有效样本少(n=1148) | 首耀清墩光伏: 🔵 0值偏多(零值率43%) | 🟠 有效样本少(n=1677)
2025-11-26 00:00:00,0.0,0.0,0.0,0.0,昱中科技光伏: 🔵 0值过多(零值率61%) | 🟠 有效样本少(n=1148) | 首耀清墩光伏: 🔵 0值偏多(零值率43%) | 🟠 有效样本少(n=1677)
2025-11-26 01:00:00,0.0,0.0,0.0,0.0,昱中科技光伏: 🔵 0值过多(零值率61%) | 🟠 有效样本少(n=1148) | 首耀清墩光伏: 🔵 0值偏多(零值率43%) | 🟠 有效样本少(n=1677)
2025-11-26 02:00:00,0.0,0.0,0.0,0.0,昱中科技光伏: 🔵 0值过多(零值率61%) | 🟠 有效样本少(n=1148) | 首耀清墩光伏: 🔵 0值偏多(零值率43%) | 🟠 有效样本少(n=1677)
2025-11-26 03:00:00,0.0,0.0,0.0,0.0,昱中科技光伏: 🔵 0值过多(零值率61%) | 🟠 有效样本少(n=1148) | 首耀清墩光伏: 🔵 0值偏多(零值率43%) | 🟠 有效样本少(n=1677)
2025-11-26 04:00:00,0.0,0.0,0.0,0.0,昱中科技光伏: 🔵 0值过多(零值率61%) | 🟠 有效样本少(n=1148) | 首耀清墩光伏: 🔵 0值偏多(零值率43%) | 🟠 有效样本少(n=1677)
2025-11-26 05:00:00,0.0,0.0,0.0,0.0,昱中科技光伏: 🔵 0值过多(零值率61%) | 🟠 有效样本少(n=1148) | 首耀清墩光伏: 🔵 0值偏多(零值率43%) | 🟠 有效样本少(n=1677)
2025-11-26 06:00:00,0.0,0.0,0.41,0.0026525609188187,昱中科技光伏: 🔵 0值过多(零值率61%) | 🟠 有效样本少(n=1148) | 首耀清墩光伏: 🔵 0值偏多(零值率43%) | 🟠 有效样本少(n=1677)
2025-11-26 07:00:00,0.0,0.0,0.41,0.0050082361234843,昱中科技光伏: 🔵 0值过多(零值率61%) | 🟠 有效样本少(n=1148) | 首耀清墩光伏: 🔵 0值偏多(零值率43%) | 🟠 有效样本少(n=1677)
2025-11-26 08:00:00,0.31,0.2935352291912796,0.41,0.1663411883768695,昱中科技光伏: 🔵 0值过多(零值率61%) | 🟠 有效样本少(n=1148) | 首耀清墩光伏: 🔵 0值偏多(零值率43%) | 🟠 有效样本少(n=1677)
2025-11-26 09:00:00,0.74,0.8908954943750136,0.41,0.4391372301743321,昱中科技光伏: 🔵 0值过多(零值率61%) | 🟠 有效样本少(n=1148) | 首耀清墩光伏: 🔵 0值偏多(零值率43%) | 🟠 有效样本少(n=1677)
2025-11-26 10:00:00,1.09,1.3256348048198827,0.41,0.670422517266286,昱中科技光伏: 🔵 0值过多(零值率61%) | 🟠 有效样本少(n=1148) | 首耀清墩光伏: 🔵 0值偏多(零值率43%) | 🟠 有效样本少(n=1677)
2025-11-26 11:00:00,1.31,1.388364692293,0.41,0.7014251352609838,昱中科技光伏: 🔵 0值过多(零值率61%) | 🟠 有效样本少(n=1148) | 首耀清墩光伏: 🔵 0值偏多(零值率43%) | 🟠 有效样本少(n=1677)
2025-11-26 12:00:00,1.34,1.4178582773797217,0.41,0.6837772623005353,昱中科技光伏: 🔵 0值过多(零值率61%) | 🟠 有效样本少(n=1148) | 首耀清墩光伏: 🔵 0值偏多(零值率43%) | 🟠 有效样本少(n=1677)
2025-11-26 13:00:00,1.23,1.3310000749973958,0.41,0.6442372845080916,昱中科技光伏: 🔵 0值过多(零值率61%) | 🟠 有效样本少(n=1148) | 首耀清墩光伏: 🔵 0值偏多(零值率43%) | 🟠 有效样本少(n=1677)
2025-11-26 14:00:00,0.96,1.0947033331338476,0.41,0.5261411767896007,昱中科技光伏: 🔵 0值过多(零值率61%) | 🟠 有效样本少(n=1148) | 首耀清墩光伏: 🔵 0值偏多(零值率43%) | 🟠 有效样本少(n=1677)
2025-11-26 15:00:00,0.55,0.8235801804482186,0.41,0.4004169257260012,昱中科技光伏: 🔵 0值过多(零值率61%) | 🟠 有效样本少(n=1148) | 首耀清墩光伏: 🔵 0值偏多(零值率43%) | 🟠 有效样本少(n=1677)
2025-11-26 16:00:00,0.16,0.2574238242151101,0.41,0.1255646093193713,昱中科技光伏: 🔵 0值过多(零值率61%) | 🟠 有效样本少(n=1148) | 首耀清墩光伏: 🔵 0值偏多(零值率43%) | 🟠 有效样本少(n=1677)
2025-11-26 17:00:00,0.0,0.0,0.41,0.0165353835376356,昱中科技光伏: 🔵 0值过多(零值率61%) | 🟠 有效样本少(n=1148) | 首耀清墩光伏: 🔵 0值偏多(零值率43%) | 🟠 有效样本少(n=1677)
2025-11-26 18:00:00,0.0,0.0,0.41,0.0001130117062087,昱中科技光伏: 🔵 0值过多(零值率61%) | 🟠 有效样本少(n=1148) | 首耀清墩光伏: 🔵 0值偏多(零值率43%) | 🟠 有效样本少(n=1677)
2025-11-26 19:00:00,0.0,0.0,0.41,8.293778794089915e-05,昱中科技光伏: 🔵 0值过多(零值率61%) | 🟠 有效样本少(n=1148) | 首耀清墩光伏: 🔵 0值偏多(零值率43%) | 🟠 有效样本少(n=1677)
2025-11-26 20:00:00,0.0,0.0,0.0,0.0,昱中科技光伏: 🔵 0值过多(零值率61%) | 🟠 有效样本少(n=1148) | 首耀清墩光伏: 🔵 0值偏多(零值率43%) | 🟠 有效样本少(n=1677)
2025-11-26 21:00:00,0.0,0.0,0.0,0.0,昱中科技光伏: 🔵 0值过多(零值率61%) | 🟠 有效样本少(n=1148) | 首耀清墩光伏: 🔵 0值偏多(零值率43%) | 🟠 有效样本少(n=1677)
2025-11-26 22:00:00,0.0,0.0,0.0,0.0,昱中科技光伏: 🔵 0值过多(零值率61%) | 🟠 有效样本少(n=1148) | 首耀清墩光伏: 🔵 0值偏多(零值率43%) | 🟠 有效样本少(n=1677)
2025-11-26 23:00:00,0.0,0.0,0.0,0.0,昱中科技光伏: 🔵 0值过多(零值率61%) | 🟠 有效样本少(n=1148) | 首耀清墩光伏: 🔵 0值偏多(零值率43%) | 🟠 有效样本少(n=1677)
2025-11-27 00:00:00,0.0,0.0,0.0,0.0,昱中科技光伏: 🔵 0值过多(零值率61%) | 🟠 有效样本少(n=1148) | 首耀清墩光伏: 🔵 0值偏多(零值率43%) | 🟠 有效样本少(n=1677)
2025-11-27 01:00:00,0.0,0.0,0.0,0.0,昱中科技光伏: 🔵 0值过多(零值率61%) | 🟠 有效样本少(n=1148) | 首耀清墩光伏: 🔵 0值偏多(零值率43%) | 🟠 有效样本少(n=1677)
2025-11-27 02:00:00,0.0,0.0,0.0,0.0,昱中科技光伏: 🔵 0值过多(零值率61%) | 🟠 有效样本少(n=1148) | 首耀清墩光伏: 🔵 0值偏多(零值率43%) | 🟠 有效样本少(n=1677)
2025-11-27 03:00:00,0.0,0.0,0.0,0.0,昱中科技光伏: 🔵 0值过多(零值率61%) | 🟠 有效样本少(n=1148) | 首耀清墩光伏: 🔵 0值偏多(零值率43%) | 🟠 有效样本少(n=1677)
2025-11-27 04:00:00,0.0,0.0,0.0,0.0,昱中科技光伏: 🔵 0值过多(零值率61%) | 🟠 有效样本少(n=1148) | 首耀清墩光伏: 🔵 0值偏多(零值率43%) | 🟠 有效样本少(n=1677)
2025-11-27 05:00:00,0.0,0.0,0.0,0.0,昱中科技光伏: 🔵 0值过多(零值率61%) | 🟠 有效样本少(n=1148) | 首耀清墩光伏: 🔵 0值偏多(零值率43%) | 🟠 有效样本少(n=1677)
2025-11-27 06:00:00,0.0,0.0,0.41,0.0023198289852397,昱中科技光伏: 🔵 0值过多(零值率61%) | 🟠 有效样本少(n=1148) | 首耀清墩光伏: 🔵 0值偏多(零值率43%) | 🟠 有效样本少(n=1677)
2025-11-27 07:00:00,0.0,0.0,0.41,0.0046849179244538,昱中科技光伏: 🔵 0值过多(零值率61%) | 🟠 有效样本少(n=1148) | 首耀清墩光伏: 🔵 0值偏多(零值率43%) | 🟠 有效样本少(n=1677)
2025-11-27 08:00:00,0.27,0.2592401264384102,0.41,0.1589436980591251,昱中科技光伏: 🔵 0值过多(零值率61%) | 🟠 有效样本少(n=1148) | 首耀清墩光伏: 🔵 0值偏多(零值率43%) | 🟠 有效样本少(n=1677)
2025-11-27 09:00:00,0.75,0.9248421650766588,0.41,0.4455283084350802,昱中科技光伏: 🔵 0值过多(零值率61%) | 🟠 有效样本少(n=1148) | 首耀清墩光伏: 🔵 0值偏多(零值率43%) | 🟠 有效样本少(n=1677)
2025-11-27 10:00:00,1.14,1.3576745255340703,0.41,0.6898867397142328,昱中科技光伏: 🔵 0值过多(零值率61%) | 🟠 有效样本少(n=1148) | 首耀清墩光伏: 🔵 0值偏多(零值率43%) | 🟠 有效样本少(n=1677)
2025-11-27 11:00:00,1.38,1.4481782988264873,0.41,0.7171612879457054,昱中科技光伏: 🔵 0值过多(零值率61%) | 🟠 有效样本少(n=1148) | 首耀清墩光伏: 🔵 0值偏多(零值率43%) | 🟠 有效样本少(n=1677)
2025-11-27 12:00:00,1.44,1.491635498965447,0.41,0.7209656306009846,昱中科技光伏: 🔵 0值过多(零值率61%) | 🟠 有效样本少(n=1148) | 首耀清墩光伏: 🔵 0值偏多(零值率43%) | 🟠 有效样本少(n=1677)
2025-11-27 13:00:00,1.31,1.3932924552706858,0.41,0.6746371951613612,昱中科技光伏: 🔵 0值过多(零值率61%) | 🟠 有效样本少(n=1148) | 首耀清墩光伏: 🔵 0值偏多(零值率43%) | 🟠 有效样本少(n=1677)
2025-11-27 14:00:00,1.02,1.1429126819030957,0.41,0.5550572135070264,昱中科技光伏: 🔵 0值过多(零值率61%) | 🟠 有效样本少(n=1148) | 首耀清墩光伏: 🔵 0值偏多(零值率43%) | 🟠 有效样本少(n=1677)
2025-11-27 15:00:00,0.6,0.8717514970997907,0.41,0.4226832353367235,昱中科技光伏: 🔵 0值过多(零值率61%) | 🟠 有效样本少(n=1148) | 首耀清墩光伏: 🔵 0值偏多(零值率43%) | 🟠 有效样本少(n=1677)
2025-11-27 16:00:00,0.16,0.2686992281074902,0.41,0.1324795421162999,昱中科技光伏: 🔵 0值过多(零值率61%) | 🟠 有效样本少(n=1148) | 首耀清墩光伏: 🔵 0值偏多(零值率43%) | 🟠 有效样本少(n=1677)
2025-11-27 17:00:00,0.0,0.0,0.41,0.0187923687285237,昱中科技光伏: 🔵 0值过多(零值率61%) | 🟠 有效样本少(n=1148) | 首耀清墩光伏: 🔵 0值偏多(零值率43%) | 🟠 有效样本少(n=1677)
2025-11-27 18:00:00,0.0,0.0,0.41,0.0001516696564778,昱中科技光伏: 🔵 0值过多(零值率61%) | 🟠 有效样本少(n=1148) | 首耀清墩光伏: 🔵 0值偏多(零值率43%) | 🟠 有效样本少(n=1677)
2025-11-27 19:00:00,0.0,0.0,0.41,0.0010552595657096,昱中科技光伏: 🔵 0值过多(零值率61%) | 🟠 有效样本少(n=1148) | 首耀清墩光伏: 🔵 0值偏多(零值率43%) | 🟠 有效样本少(n=1677)
2025-11-27 20:00:00,0.0,0.0,0.0,0.0,昱中科技光伏: 🔵 0值过多(零值率61%) | 🟠 有效样本少(n=1148) | 首耀清墩光伏: 🔵 0值偏多(零值率43%) | 🟠 有效样本少(n=1677)
2025-11-27 21:00:00,0.0,0.0,0.0,0.0,昱中科技光伏: 🔵 0值过多(零值率61%) | 🟠 有效样本少(n=1148) | 首耀清墩光伏: 🔵 0值偏多(零值率43%) | 🟠 有效样本少(n=1677)
2025-11-27 22:00:00,0.0,0.0,0.0,0.0,昱中科技光伏: 🔵 0值过多(零值率61%) | 🟠 有效样本少(n=1148) | 首耀清墩光伏: 🔵 0值偏多(零值率43%) | 🟠 有效样本少(n=1677)
2025-11-27 23:00:00,0.0,0.0,0.0,0.0,昱中科技光伏: 🔵 0值过多(零值率61%) | 🟠 有效样本少(n=1148) | 首耀清墩光伏: 🔵 0值偏多(零值率43%) | 🟠 有效样本少(n=1677)
2025-11-28 00:00:00,0.0,0.0,0.0,0.0,昱中科技光伏: 🔵 0值过多(零值率61%) | 🟠 有效样本少(n=1148) | 首耀清墩光伏: 🔵 0值偏多(零值率43%) | 🟠 有效样本少(n=1677)
2025-11-28 01:00:00,0.0,0.0,0.0,0.0,昱中科技光伏: 🔵 0值过多(零值率61%) | 🟠 有效样本少(n=1148) | 首耀清墩光伏: 🔵 0值偏多(零值率43%) | 🟠 有效样本少(n=1677)
2025-11-28 02:00:00,0.0,0.0,0.0,0.0,昱中科技光伏: 🔵 0值过多(零值率61%) | 🟠 有效样本少(n=1148) | 首耀清墩光伏: 🔵 0值偏多(零值率43%) | 🟠 有效样本少(n=1677)
2025-11-28 03:00:00,0.0,0.0,0.0,0.0,昱中科技光伏: 🔵 0值过多(零值率61%) | 🟠 有效样本少(n=1148) | 首耀清墩光伏: 🔵 0值偏多(零值率43%) | 🟠 有效样本少(n=1677)
2025-11-28 04:00:00,0.0,0.0,0.0,0.0,昱中科技光伏: 🔵 0值过多(零值率61%) | 🟠 有效样本少(n=1148) | 首耀清墩光伏: 🔵 0值偏多(零值率43%) | 🟠 有效样本少(n=1677)
2025-11-28 05:00:00,0.0,0.0,0.0,0.0,昱中科技光伏: 🔵 0值过多(零值率61%) | 🟠 有效样本少(n=1148) | 首耀清墩光伏: 🔵 0值偏多(零值率43%) | 🟠 有效样本少(n=1677)
2025-11-28 06:00:00,0.0,0.0,0.41,0.0026529505666195,昱中科技光伏: 🔵 0值过多(零值率61%) | 🟠 有效样本少(n=1148) | 首耀清墩光伏: 🔵 0值偏多(零值率43%) | 🟠 有效样本少(n=1677)
2025-11-28 07:00:00,0.0,0.0,0.41,0.0050096692546434,昱中科技光伏: 🔵 0值过多(零值率61%) | 🟠 有效样本少(n=1148) | 首耀清墩光伏: 🔵 0值偏多(零值率43%) | 🟠 有效样本少(n=1677)
2025-11-28 08:00:00,0.28,0.2409029548001891,0.41,0.1390668924699437,昱中科技光伏: 🔵 0值过多(零值率61%) | 🟠 有效样本少(n=1148) | 首耀清墩光伏: 🔵 0值偏多(零值率43%) | 🟠 有效样本少(n=1677)
2025-11-28 09:00:00,0.69,0.8631122933548828,0.41,0.4247374965582317,昱中科技光伏: 🔵 0值过多(零值率61%) | 🟠 有效样本少(n=1148) | 首耀清墩光伏: 🔵 0值偏多(零值率43%) | 🟠 有效样本少(n=1677)
2025-11-28 10:00:00,1.06,1.3093226789426802,0.41,0.6620471076639785,昱中科技光伏: 🔵 0值过多(零值率61%) | 🟠 有效样本少(n=1148) | 首耀清墩光伏: 🔵 0值偏多(零值率43%) | 🟠 有效样本少(n=1677)
2025-11-28 11:00:00,1.27,1.3710524817069174,0.41,0.6830336847635843,昱中科技光伏: 🔵 0值过多(零值率61%) | 🟠 有效样本少(n=1148) | 首耀清墩光伏: 🔵 0值偏多(零值率43%) | 🟠 有效样本少(n=1677)
2025-11-28 12:00:00,1.29,1.3986488499299787,0.41,0.6800112966234515,昱中科技光伏: 🔵 0值过多(零值率61%) | 🟠 有效样本少(n=1148) | 首耀清墩光伏: 🔵 0值偏多(零值率43%) | 🟠 有效样本少(n=1677)
2025-11-28 13:00:00,1.19,1.3139423231235667,0.41,0.6358858846009329,昱中科技光伏: 🔵 0值过多(零值率61%) | 🟠 有效样本少(n=1148) | 首耀清墩光伏: 🔵 0值偏多(零值率43%) | 🟠 有效样本少(n=1677)
2025-11-28 14:00:00,0.91,1.074099407233437,0.41,0.5226214308292655,昱中科技光伏: 🔵 0值过多(零值率61%) | 🟠 有效样本少(n=1148) | 首耀清墩光伏: 🔵 0值偏多(零值率43%) | 🟠 有效样本少(n=1677)
2025-11-28 15:00:00,0.52,0.819057611123765,0.41,0.3959086628313782,昱中科技光伏: 🔵 0值过多(零值率61%) | 🟠 有效样本少(n=1148) | 首耀清墩光伏: 🔵 0值偏多(零值率43%) | 🟠 有效样本少(n=1677)
2025-11-28 16:00:00,0.15,0.2546435857956701,0.41,0.1252479145506075,昱中科技光伏: 🔵 0值过多(零值率61%) | 🟠 有效样本少(n=1148) | 首耀清墩光伏: 🔵 0值偏多(零值率43%) | 🟠 有效样本少(n=1677)
2025-11-28 17:00:00,0.0,0.0,0.41,0.0164188469602079,昱中科技光伏: 🔵 0值过多(零值率61%) | 🟠 有效样本少(n=1148) | 首耀清墩光伏: 🔵 0值偏多(零值率43%) | 🟠 有效样本少(n=1677)
2025-11-28 18:00:00,0.0,0.0,0.41,0.0001655499978508,昱中科技光伏: 🔵 0值过多(零值率61%) | 🟠 有效样本少(n=1148) | 首耀清墩光伏: 🔵 0值偏多(零值率43%) | 🟠 有效样本少(n=1677)
2025-11-28 19:00:00,0.0,0.0,0.41,0.0009691729852449,昱中科技光伏: 🔵 0值过多(零值率61%) | 🟠 有效样本少(n=1148) | 首耀清墩光伏: 🔵 0值偏多(零值率43%) | 🟠 有效样本少(n=1677)
2025-11-28 20:00:00,0.0,0.0,0.0,0.0,昱中科技光伏: 🔵 0值过多(零值率61%) | 🟠 有效样本少(n=1148) | 首耀清墩光伏: 🔵 0值偏多(零值率43%) | 🟠 有效样本少(n=1677)
2025-11-28 21:00:00,0.0,0.0,0.0,0.0,昱中科技光伏: 🔵 0值过多(零值率61%) | 🟠 有效样本少(n=1148) | 首耀清墩光伏: 🔵 0值偏多(零值率43%) | 🟠 有效样本少(n=1677)
2025-11-28 22:00:00,0.0,0.0,0.0,0.0,昱中科技光伏: 🔵 0值过多(零值率61%) | 🟠 有效样本少(n=1148) | 首耀清墩光伏: 🔵 0值偏多(零值率43%) | 🟠 有效样本少(n=1677)
2025-11-28 23:00:00,0.0,0.0,0.0,0.0,昱中科技光伏: 🔵 0值过多(零值率61%) | 🟠 有效样本少(n=1148) | 首耀清墩光伏: 🔵 0值偏多(零值率43%) | 🟠 有效样本少(n=1677)
2025-11-29 00:00:00,0.0,0.0,0.0,0.0,昱中科技光伏: 🔵 0值过多(零值率61%) | 🟠 有效样本少(n=1148) | 首耀清墩光伏: 🔵 0值偏多(零值率43%) | 🟠 有效样本少(n=1677)
2025-11-29 01:00:00,0.0,0.0,0.0,0.0,昱中科技光伏: 🔵 0值过多(零值率61%) | 🟠 有效样本少(n=1148) | 首耀清墩光伏: 🔵 0值偏多(零值率43%) | 🟠 有效样本少(n=1677)
2025-11-29 02:00:00,0.0,0.0,0.0,0.0,昱中科技光伏: 🔵 0值过多(零值率61%) | 🟠 有效样本少(n=1148) | 首耀清墩光伏: 🔵 0值偏多(零值率43%) | 🟠 有效样本少(n=1677)
2025-11-29 03:00:00,0.0,0.0,0.0,0.0,昱中科技光伏: 🔵 0值过多(零值率61%) | 🟠 有效样本少(n=1148) | 首耀清墩光伏: 🔵 0值偏多(零值率43%) | 🟠 有效样本少(n=1677)
2025-11-29 04:00:00,0.0,0.0,0.0,0.0,昱中科技光伏: 🔵 0值过多(零值率61%) | 🟠 有效样本少(n=1148) | 首耀清墩光伏: 🔵 0值偏多(零值率43%) | 🟠 有效样本少(n=1677)
2025-11-29 05:00:00,0.0,0.0,0.0,0.0,昱中科技光伏: 🔵 0值过多(零值率61%) | 🟠 有效样本少(n=1148) | 首耀清墩光伏: 🔵 0值偏多(零值率43%) | 🟠 有效样本少(n=1677)
2025-11-29 06:00:00,0.0,0.0,0.41,0.0026538025582647,昱中科技光伏: 🔵 0值过多(零值率61%) | 🟠 有效样本少(n=1148) | 首耀清墩光伏: 🔵 0值偏多(零值率43%) | 🟠 有效样本少(n=1677)
2025-11-29 07:00:00,0.0,0.0,0.41,0.005006006143178,昱中科技光伏: 🔵 0值过多(零值率61%) | 🟠 有效样本少(n=1148) | 首耀清墩光伏: 🔵 0值偏多(零值率43%) | 🟠 有效样本少(n=1677)
2025-11-29 08:00:00,0.27,0.2321883050344502,0.41,0.1389817458819709,昱中科技光伏: 🔵 0值过多(零值率61%) | 🟠 有效样本少(n=1148) | 首耀清墩光伏: 🔵 0值偏多(零值率43%) | 🟠 有效样本少(n=1677)
2025-11-29 09:00:00,0.67,0.831361203932864,0.41,0.4148619421207815,昱中科技光伏: 🔵 0值过多(零值率61%) | 🟠 有效样本少(n=1148) | 首耀清墩光伏: 🔵 0值偏多(零值率43%) | 🟠 有效样本少(n=1677)
2025-11-29 10:00:00,1.03,1.2709519155235678,0.41,0.6421550154610268,昱中科技光伏: 🔵 0值过多(零值率61%) | 🟠 有效样本少(n=1148) | 首耀清墩光伏: 🔵 0值偏多(零值率43%) | 🟠 有效样本少(n=1677)
2025-11-29 11:00:00,1.23,1.336454757826164,0.41,0.6792916144672834,昱中科技光伏: 🔵 0值过多(零值率61%) | 🟠 有效样本少(n=1148) | 首耀清墩光伏: 🔵 0值偏多(零值率43%) | 🟠 有效样本少(n=1677)
2025-11-29 12:00:00,1.27,1.3593842951807569,0.41,0.6673631743329883,昱中科技光伏: 🔵 0值过多(零值率61%) | 🟠 有效样本少(n=1148) | 首耀清墩光伏: 🔵 0值偏多(零值率43%) | 🟠 有效样本少(n=1677)
2025-11-29 13:00:00,1.15,1.2866203996315584,0.41,0.626456337198175,昱中科技光伏: 🔵 0值过多(零值率61%) | 🟠 有效样本少(n=1148) | 首耀清墩光伏: 🔵 0值偏多(零值率43%) | 🟠 有效样本少(n=1677)
2025-11-29 14:00:00,0.89,1.054644450974711,0.41,0.519220437212755,昱中科技光伏: 🔵 0值过多(零值率61%) | 🟠 有效样本少(n=1148) | 首耀清墩光伏: 🔵 0值偏多(零值率43%) | 🟠 有效样本少(n=1677)
2025-11-29 15:00:00,0.52,0.8053960336713343,0.41,0.3931679617529048,昱中科技光伏: 🔵 0值过多(零值率61%) | 🟠 有效样本少(n=1148) | 首耀清墩光伏: 🔵 0值偏多(零值率43%) | 🟠 有效样本少(n=1677)
2025-11-29 16:00:00,0.15,0.2496379530620217,0.41,0.1232305823771456,昱中科技光伏: 🔵 0值过多(零值率61%) | 🟠 有效样本少(n=1148) | 首耀清墩光伏: 🔵 0值偏多(零值率43%) | 🟠 有效样本少(n=1677)
2025-11-29 17:00:00,0.0,0.0,0.41,0.016319052758072,昱中科技光伏: 🔵 0值过多(零值率61%) | 🟠 有效样本少(n=1148) | 首耀清墩光伏: 🔵 0值偏多(零值率43%) | 🟠 有效样本少(n=1677)
2025-11-29 18:00:00,0.0,0.0,0.41,0.0001900121209877,昱中科技光伏: 🔵 0值过多(零值率61%) | 🟠 有效样本少(n=1148) | 首耀清墩光伏: 🔵 0值偏多(零值率43%) | 🟠 有效样本少(n=1677)
2025-11-29 19:00:00,0.0,0.0,0.41,0.0009765988656101,昱中科技光伏: 🔵 0值过多(零值率61%) | 🟠 有效样本少(n=1148) | 首耀清墩光伏: 🔵 0值偏多(零值率43%) | 🟠 有效样本少(n=1677)
2025-11-29 20:00:00,0.0,0.0,0.0,0.0,昱中科技光伏: 🔵 0值过多(零值率61%) | 🟠 有效样本少(n=1148) | 首耀清墩光伏: 🔵 0值偏多(零值率43%) | 🟠 有效样本少(n=1677)
2025-11-29 21:00:00,0.0,0.0,0.0,0.0,昱中科技光伏: 🔵 0值过多(零值率61%) | 🟠 有效样本少(n=1148) | 首耀清墩光伏: 🔵 0值偏多(零值率43%) | 🟠 有效样本少(n=1677)
2025-11-29 22:00:00,0.0,0.0,0.0,0.0,昱中科技光伏: 🔵 0值过多(零值率61%) | 🟠 有效样本少(n=1148) | 首耀清墩光伏: 🔵 0值偏多(零值率43%) | 🟠 有效样本少(n=1677)
2025-11-29 23:00:00,0.0,0.0,0.0,0.0,昱中科技光伏: 🔵 0值过多(零值率61%) | 🟠 有效样本少(n=1148) | 首耀清墩光伏: 🔵 0值偏多(零值率43%) | 🟠 有效样本少(n=1677)
2025-11-30 00:00:00,0.0,0.0,0.0,0.0,昱中科技光伏: 🔵 0值过多(零值率61%) | 🟠 有效样本少(n=1148) | 首耀清墩光伏: 🔵 0值偏多(零值率43%) | 🟠 有效样本少(n=1677)
2025-11-30 01:00:00,0.0,0.0,0.0,0.0,昱中科技光伏: 🔵 0值过多(零值率61%) | 🟠 有效样本少(n=1148) | 首耀清墩光伏: 🔵 0值偏多(零值率43%) | 🟠 有效样本少(n=1677)
2025-11-30 02:00:00,0.0,0.0,0.0,0.0,昱中科技光伏: 🔵 0值过多(零值率61%) | 🟠 有效样本少(n=1148) | 首耀清墩光伏: 🔵 0值偏多(零值率43%) | 🟠 有效样本少(n=1677)
2025-11-30 03:00:00,0.0,0.0,0.0,0.0,昱中科技光伏: 🔵 0值过多(零值率61%) | 🟠 有效样本少(n=1148) | 首耀清墩光伏: 🔵 0值偏多(零值率43%) | 🟠 有效样本少(n=1677)
2025-11-30 04:00:00,0.0,0.0,0.0,0.0,昱中科技光伏: 🔵 0值过多(零值率61%) | 🟠 有效样本少(n=1148) | 首耀清墩光伏: 🔵 0值偏多(零值率43%) | 🟠 有效样本少(n=1677)
2025-11-30 05:00:00,0.0,0.0,0.0,0.0,昱中科技光伏: 🔵 0值过多(零值率61%) | 🟠 有效样本少(n=1148) | 首耀清墩光伏: 🔵 0值偏多(零值率43%) | 🟠 有效样本少(n=1677)
2025-11-30 06:00:00,0.0,0.0,0.41,0.0026434257200368,昱中科技光伏: 🔵 0值过多(零值率61%) | 🟠 有效样本少(n=1148) | 首耀清墩光伏: 🔵 0值偏多(零值率43%) | 🟠 有效样本少(n=1677)
2025-11-30 07:00:00,0.0,0.0,0.41,0.0049801901739468,昱中科技光伏: 🔵 0值过多(零值率61%) | 🟠 有效样本少(n=1148) | 首耀清墩光伏: 🔵 0值偏多(零值率43%) | 🟠 有效样本少(n=1677)
2025-11-30 08:00:00,0.28,0.2236878596321026,0.41,0.1371967605469558,昱中科技光伏: 🔵 0值过多(零值率61%) | 🟠 有效样本少(n=1148) | 首耀清墩光伏: 🔵 0值偏多(零值率43%) | 🟠 有效样本少(n=1677)
2025-11-30 09:00:00,0.65,0.818432180692027,0.41,0.4141766679071542,昱中科技光伏: 🔵 0值过多(零值率61%) | 🟠 有效样本少(n=1148) | 首耀清墩光伏: 🔵 0值偏多(零值率43%) | 🟠 有效样本少(n=1677)
2025-11-30 10:00:00,0.95,1.259210257372386,0.41,0.6396209335175087,昱中科技光伏: 🔵 0值过多(零值率61%) | 🟠 有效样本少(n=1148) | 首耀清墩光伏: 🔵 0值偏多(零值率43%) | 🟠 有效样本少(n=1677)
2025-11-30 11:00:00,1.16,1.32760124572446,0.41,0.6757385389989338,昱中科技光伏: 🔵 0值过多(零值率61%) | 🟠 有效样本少(n=1148) | 首耀清墩光伏: 🔵 0值偏多(零值率43%) | 🟠 有效样本少(n=1677)
2025-11-30 12:00:00,1.2,1.355630513736356,0.41,0.6539375806669694,昱中科技光伏: 🔵 0值过多(零值率61%) | 🟠 有效样本少(n=1148) | 首耀清墩光伏: 🔵 0值偏多(零值率43%) | 🟠 有效样本少(n=1677)
2025-11-30 13:00:00,1.08,1.303289945828339,0.41,0.6154211279389401,昱中科技光伏: 🔵 0值过多(零值率61%) | 🟠 有效样本少(n=1148) | 首耀清墩光伏: 🔵 0值偏多(零值率43%) | 🟠 有效样本少(n=1677)
2025-11-30 14:00:00,0.84,1.0468946730467827,0.41,0.5082066220369824,昱中科技光伏: 🔵 0值过多(零值率61%) | 🟠 有效样本少(n=1148) | 首耀清墩光伏: 🔵 0值偏多(零值率43%) | 🟠 有效样本少(n=1677)
2025-11-30 15:00:00,0.47,0.7850738118130296,0.41,0.3857275419691474,昱中科技光伏: 🔵 0值过多(零值率61%) | 🟠 有效样本少(n=1148) | 首耀清墩光伏: 🔵 0值偏多(零值率43%) | 🟠 有效样本少(n=1677)
2025-11-30 16:00:00,0.13,0.2485516763116301,0.41,0.1216852986997474,昱中科技光伏: 🔵 0值过多(零值率61%) | 🟠 有效样本少(n=1148) | 首耀清墩光伏: 🔵 0值偏多(零值率43%) | 🟠 有效样本少(n=1677)
2025-11-30 17:00:00,0.0,0.0,0.41,0.0160023116150248,昱中科技光伏: 🔵 0值过多(零值率61%) | 🟠 有效样本少(n=1148) | 首耀清墩光伏: 🔵 0值偏多(零值率43%) | 🟠 有效样本少(n=1677)
2025-11-30 18:00:00,0.0,0.0,0.41,0.0001998721039893,昱中科技光伏: 🔵 0值过多(零值率61%) | 🟠 有效样本少(n=1148) | 首耀清墩光伏: 🔵 0值偏多(零值率43%) | 🟠 有效样本少(n=1677)
2025-11-30 19:00:00,0.0,0.0,0.41,8.293778794089915e-05,昱中科技光伏: 🔵 0值过多(零值率61%) | 🟠 有效样本少(n=1148) | 首耀清墩光伏: 🔵 0值偏多(零值率43%) | 🟠 有效样本少(n=1677)
2025-11-30 20:00:00,0.0,0.0,0.0,0.0,昱中科技光伏: 🔵 0值过多(零值率61%) | 🟠 有效样本少(n=1148) | 首耀清墩光伏: 🔵 0值偏多(零值率43%) | 🟠 有效样本少(n=1677)
2025-11-30 21:00:00,0.0,0.0,0.0,0.0,昱中科技光伏: 🔵 0值过多(零值率61%) | 🟠 有效样本少(n=1148) | 首耀清墩光伏: 🔵 0值偏多(零值率43%) | 🟠 有效样本少(n=1677)
2025-11-30 22:00:00,0.0,0.0,0.0,0.0,昱中科技光伏: 🔵 0值过多(零值率61%) | 🟠 有效样本少(n=1148) | 首耀清墩光伏: 🔵 0值偏多(零值率43%) | 🟠 有效样本少(n=1677)
2025-11-30 23:00:00,0.0,0.0,0.0,0.0,昱中科技光伏: 🔵 0值过多(零值率61%) | 🟠 有效样本少(n=1148) | 首耀清墩光伏: 🔵 0值偏多(零值率43%) | 🟠 有效样本少(n=1677)
2025-12-01 00:00:00,0.0,0.0,0.0,0.0,昱中科技光伏: 🔵 0值过多(零值率61%) | 🟠 有效样本少(n=1148) | 首耀清墩光伏: 🔵 0值偏多(零值率43%) | 🟠 有效样本少(n=1677)
2025-12-01 01:00:00,0.0,0.0,0.0,0.0,昱中科技光伏: 🔵 0值过多(零值率61%) | 🟠 有效样本少(n=1148) | 首耀清墩光伏: 🔵 0值偏多(零值率43%) | 🟠 有效样本少(n=1677)
2025-12-01 02:00:00,0.0,0.0,0.0,0.0,昱中科技光伏: 🔵 0值过多(零值率61%) | 🟠 有效样本少(n=1148) | 首耀清墩光伏: 🔵 0值偏多(零值率43%) | 🟠 有效样本少(n=1677)
2025-12-01 03:00:00,0.0,0.0,0.0,0.0,昱中科技光伏: 🔵 0值过多(零值率61%) | 🟠 有效样本少(n=1148) | 首耀清墩光伏: 🔵 0值偏多(零值率43%) | 🟠 有效样本少(n=1677)
2025-12-01 04:00:00,0.0,0.0,0.0,0.0,昱中科技光伏: 🔵 0值过多(零值率61%) | 🟠 有效样本少(n=1148) | 首耀清墩光伏: 🔵 0值偏多(零值率43%) | 🟠 有效样本少(n=1677)
2025-12-01 05:00:00,0.0,0.0,0.0,0.0,昱中科技光伏: 🔵 0值过多(零值率61%) | 🟠 有效样本少(n=1148) | 首耀清墩光伏: 🔵 0值偏多(零值率43%) | 🟠 有效样本少(n=1677)
2025-12-01 06:00:00,0.0,0.0,0.41,0.0026484731167804,昱中科技光伏: 🔵 0值过多(零值率61%) | 🟠 有效样本少(n=1148) | 首耀清墩光伏: 🔵 0值偏多(零值率43%) | 🟠 有效样本少(n=1677)
2025-12-01 07:00:00,0.0,0.0,0.41,0.0044796011756962,昱中科技光伏: 🔵 0值过多(零值率61%) | 🟠 有效样本少(n=1148) | 首耀清墩光伏: 🔵 0值偏多(零值率43%) | 🟠 有效样本少(n=1677)
2025-12-01 08:00:00,0.25,0.1988006845117577,0.41,0.1190145806742046,昱中科技光伏: 🔵 0值过多(零值率61%) | 🟠 有效样本少(n=1148) | 首耀清墩光伏: 🔵 0值偏多(零值率43%) | 🟠 有效样本少(n=1677)
2025-12-01 09:00:00,0.65,0.7214999829065702,0.41,0.3602990584878369,昱中科技光伏: 🔵 0值过多(零值率61%) | 🟠 有效样本少(n=1148) | 首耀清墩光伏: 🔵 0值偏多(零值率43%) | 🟠 有效样本少(n=1677)
2025-12-01 10:00:00,0.98,1.1273480035935397,0.41,0.5453233279285032,昱中科技光伏: 🔵 0值过多(零值率61%) | 🟠 有效样本少(n=1148) | 首耀清墩光伏: 🔵 0值偏多(零值率43%) | 🟠 有效样本少(n=1677)
2025-12-01 11:00:00,1.15,1.1948554780207,0.41,0.5720635038284533,昱中科技光伏: 🔵 0值过多(零值率61%) | 🟠 有效样本少(n=1148) | 首耀清墩光伏: 🔵 0值偏多(零值率43%) | 🟠 有效样本少(n=1677)
2025-12-01 12:00:00,0.92,1.2163984373519308,0.41,0.5486626978614269,昱中科技光伏: 🔵 0值过多(零值率61%) | 🟠 有效样本少(n=1148) | 首耀清墩光伏: 🔵 0值偏多(零值率43%) | 🟠 有效样本少(n=1677)
2025-12-01 13:00:00,1.19,1.1418804403498466,0.41,0.5107574058281884,昱中科技光伏: 🔵 0值过多(零值率61%) | 🟠 有效样本少(n=1148) | 首耀清墩光伏: 🔵 0值偏多(零值率43%) | 🟠 有效样本少(n=1677)
2025-12-01 14:00:00,0.9,0.986585057597056,0.41,0.455166443802305,昱中科技光伏: 🔵 0值过多(零值率61%) | 🟠 有效样本少(n=1148) | 首耀清墩光伏: 🔵 0值偏多(零值率43%) | 🟠 有效样本少(n=1677)
2025-12-01 15:00:00,0.53,0.6929899938224988,0.41,0.2559051144150556,昱中科技光伏: 🔵 0值过多(零值率61%) | 🟠 有效样本少(n=1148) | 首耀清墩光伏: 🔵 0值偏多(零值率43%) | 🟠 有效样本少(n=1677)
2025-12-01 16:00:00,0.14,0.2168903816246229,0.41,0.0973187671622232,昱中科技光伏: 🔵 0值过多(零值率61%) | 🟠 有效样本少(n=1148) | 首耀清墩光伏: 🔵 0值偏多(零值率43%) | 🟠 有效样本少(n=1677)
2025-12-01 17:00:00,0.0,0.0,0.41,0.013183331523714,昱中科技光伏: 🔵 0值过多(零值率61%) | 🟠 有效样本少(n=1148) | 首耀清墩光伏: 🔵 0值偏多(零值率43%) | 🟠 有效样本少(n=1677)
2025-12-01 18:00:00,0.0,0.0,0.41,0.0001672267644667,昱中科技光伏: 🔵 0值过多(零值率61%) | 🟠 有效样本少(n=1148) | 首耀清墩光伏: 🔵 0值偏多(零值率43%) | 🟠 有效样本少(n=1677)
2025-12-01 19:00:00,0.0,0.0,0.41,0.0009473470881004,昱中科技光伏: 🔵 0值过多(零值率61%) | 🟠 有效样本少(n=1148) | 首耀清墩光伏: 🔵 0值偏多(零值率43%) | 🟠 有效样本少(n=1677)
2025-12-01 20:00:00,0.0,0.0,0.0,0.0,昱中科技光伏: 🔵 0值过多(零值率61%) | 🟠 有效样本少(n=1148) | 首耀清墩光伏: 🔵 0值偏多(零值率43%) | 🟠 有效样本少(n=1677)
2025-12-01 21:00:00,0.0,0.0,0.0,0.0,昱中科技光伏: 🔵 0值过多(零值率61%) | 🟠 有效样本少(n=1148) | 首耀清墩光伏: 🔵 0值偏多(零值率43%) | 🟠 有效样本少(n=1677)
2025-12-01 22:00:00,0.0,0.0,0.0,0.0,昱中科技光伏: 🔵 0值过多(零值率61%) | 🟠 有效样本少(n=1148) | 首耀清墩光伏: 🔵 0值偏多(零值率43%) | 🟠 有效样本少(n=1677)
2025-12-01 23:00:00,0.0,0.0,0.0,0.0,昱中科技光伏: 🔵 0值过多(零值率61%) | 🟠 有效样本少(n=1148) | 首耀清墩光伏: 🔵 0值偏多(零值率43%) | 🟠 有效样本少(n=1677)
2025-12-02 00:00:00,0.0,0.0,0.0,0.0,昱中科技光伏: 🔵 0值过多(零值率61%) | 🟠 有效样本少(n=1148) | 首耀清墩光伏: 🔵 0值偏多(零值率43%) | 🟠 有效样本少(n=1677)
2025-12-02 01:00:00,0.0,0.0,0.0,0.0,昱中科技光伏: 🔵 0值过多(零值率61%) | 🟠 有效样本少(n=1148) | 首耀清墩光伏: 🔵 0值偏多(零值率43%) | 🟠 有效样本少(n=1677)
2025-12-02 02:00:00,0.0,0.0,0.0,0.0,昱中科技光伏: 🔵 0值过多(零值率61%) | 🟠 有效样本少(n=1148) | 首耀清墩光伏: 🔵 0值偏多(零值率43%) | 🟠 有效样本少(n=1677)
2025-12-02 03:00:00,0.0,0.0,0.0,0.0,昱中科技光伏: 🔵 0值过多(零值率61%) | 🟠 有效样本少(n=1148) | 首耀清墩光伏: 🔵 0值偏多(零值率43%) | 🟠 有效样本少(n=1677)
2025-12-02 04:00:00,0.0,0.0,0.0,0.0,昱中科技光伏: 🔵 0值过多(零值率61%) | 🟠 有效样本少(n=1148) | 首耀清墩光伏: 🔵 0值偏多(零值率43%) | 🟠 有效样本少(n=1677)
2025-12-02 05:00:00,0.0,0.0,0.0,0.0,昱中科技光伏: 🔵 0值过多(零值率61%) | 🟠 有效样本少(n=1148) | 首耀清墩光伏: 🔵 0值偏多(零值率43%) | 🟠 有效样本少(n=1677)
2025-12-02 06:00:00,0.0,0.0,0.41,0.0020670595875415,昱中科技光伏: 🔵 0值过多(零值率61%) | 🟠 有效样本少(n=1148) | 首耀清墩光伏: 🔵 0值偏多(零值率43%) | 🟠 有效样本少(n=1677)
2025-12-02 07:00:00,0.0,0.0,0.41,0.0033491392058391,昱中科技光伏: 🔵 0值过多(零值率61%) | 🟠 有效样本少(n=1148) | 首耀清墩光伏: 🔵 0值偏多(零值率43%) | 🟠 有效样本少(n=1677)
2025-12-02 08:00:00,0.07,0.1072548828141296,0.41,0.0793451159205733,昱中科技光伏: 🔵 0值过多(零值率61%) | 🟠 有效样本少(n=1148) | 首耀清墩光伏: 🔵 0值偏多(零值率43%) | 🟠 有效样本少(n=1677)
2025-12-02 09:00:00,0.4,0.3375580016689147,0.41,0.1802658373085304,昱中科技光伏: 🔵 0值过多(零值率61%) | 🟠 有效样本少(n=1148) | 首耀清墩光伏: 🔵 0值偏多(零值率43%) | 🟠 有效样本少(n=1677)
2025-12-02 10:00:00,0.58,0.6032703797128341,0.41,0.2751147193098893,昱中科技光伏: 🔵 0值过多(零值率61%) | 🟠 有效样本少(n=1148) | 首耀清墩光伏: 🔵 0值偏多(零值率43%) | 🟠 有效样本少(n=1677)
2025-12-02 11:00:00,0.47,0.7397809189579099,0.41,0.3735122194380423,昱中科技光伏: 🔵 0值过多(零值率61%) | 🟠 有效样本少(n=1148) | 首耀清墩光伏: 🔵 0值偏多(零值率43%) | 🟠 有效样本少(n=1677)
2025-12-02 12:00:00,0.24,0.4748973118926778,0.41,0.2505083704689679,昱中科技光伏: 🔵 0值过多(零值率61%) | 🟠 有效样本少(n=1148) | 首耀清墩光伏: 🔵 0值偏多(零值率43%) | 🟠 有效样本少(n=1677)
2025-12-02 13:00:00,0.33,0.3568819458449729,0.41,0.1867648490353557,昱中科技光伏: 🔵 0值过多(零值率61%) | 🟠 有效样本少(n=1148) | 首耀清墩光伏: 🔵 0值偏多(零值率43%) | 🟠 有效样本少(n=1677)
2025-12-02 14:00:00,0.1,0.1959275550268393,0.41,0.0894496250013054,昱中科技光伏: 🔵 0值过多(零值率61%) | 🟠 有效样本少(n=1148) | 首耀清墩光伏: 🔵 0值偏多(零值率43%) | 🟠 有效样本少(n=1677)
2025-12-02 15:00:00,0.0,0.1737821775500438,0.41,0.0457666587875311,昱中科技光伏: 🔵 0值过多(零值率61%) | 🟠 有效样本少(n=1148) | 首耀清墩光伏: 🔵 0值偏多(零值率43%) | 🟠 有效样本少(n=1677)
2025-12-02 16:00:00,0.03,0.07366453953717,0.41,0.0314082809582777,昱中科技光伏: 🔵 0值过多(零值率61%) | 🟠 有效样本少(n=1148) | 首耀清墩光伏: 🔵 0值偏多(零值率43%) | 🟠 有效样本少(n=1677)
2025-12-02 17:00:00,0.0,0.0,0.41,0.0054055450271169,昱中科技光伏: 🔵 0值过多(零值率61%) | 🟠 有效样本少(n=1148) | 首耀清墩光伏: 🔵 0值偏多(零值率43%) | 🟠 有效样本少(n=1677)
2025-12-02 18:00:00,0.0,0.0,0.41,5.924127710064226e-05,昱中科技光伏: 🔵 0值过多(零值率61%) | 🟠 有效样本少(n=1148) | 首耀清墩光伏: 🔵 0值偏多(零值率43%) | 🟠 有效样本少(n=1677)
2025-12-02 19:00:00,0.0,0.0,0.41,0.0012105933494549,昱中科技光伏: 🔵 0值过多(零值率61%) | 🟠 有效样本少(n=1148) | 首耀清墩光伏: 🔵 0值偏多(零值率43%) | 🟠 有效样本少(n=1677)
2025-12-02 20:00:00,0.0,0.0,0.0,0.0,昱中科技光伏: 🔵 0值过多(零值率61%) | 🟠 有效样本少(n=1148) | 首耀清墩光伏: 🔵 0值偏多(零值率43%) | 🟠 有效样本少(n=1677)
2025-12-02 21:00:00,0.0,0.0,0.0,0.0,昱中科技光伏: 🔵 0值过多(零值率61%) | 🟠 有效样本少(n=1148) | 首耀清墩光伏: 🔵 0值偏多(零值率43%) | 🟠 有效样本少(n=1677)
2025-12-02 22:00:00,0.0,0.0,0.0,0.0,昱中科技光伏: 🔵 0值过多(零值率61%) | 🟠 有效样本少(n=1148) | 首耀清墩光伏: 🔵 0值偏多(零值率43%) | 🟠 有效样本少(n=1677)
2025-12-02 23:00:00,0.0,0.0,0.0,0.0,昱中科技光伏: 🔵 0值过多(零值率61%) | 🟠 有效样本少(n=1148) | 首耀清墩光伏: 🔵 0值偏多(零值率43%) | 🟠 有效样本少(n=1677)
2025-12-03 00:00:00,0.0,0.0,0.0,0.0,昱中科技光伏: 🔵 0值过多(零值率61%) | 🟠 有效样本少(n=1148) | 首耀清墩光伏: 🔵 0值偏多(零值率43%) | 🟠 有效样本少(n=1677)
2025-12-03 01:00:00,0.0,0.0,0.0,0.0,昱中科技光伏: 🔵 0值过多(零值率61%) | 🟠 有效样本少(n=1148) | 首耀清墩光伏: 🔵 0值偏多(零值率43%) | 🟠 有效样本少(n=1677)
2025-12-03 02:00:00,0.0,0.0,0.0,0.0,昱中科技光伏: 🔵 0值过多(零值率61%) | 🟠 有效样本少(n=1148) | 首耀清墩光伏: 🔵 0值偏多(零值率43%) | 🟠 有效样本少(n=1677)
2025-12-03 03:00:00,0.0,0.0,0.0,0.0,昱中科技光伏: 🔵 0值过多(零值率61%) | 🟠 有效样本少(n=1148) | 首耀清墩光伏: 🔵 0值偏多(零值率43%) | 🟠 有效样本少(n=1677)
2025-12-03 04:00:00,0.0,0.0,0.0,0.0,昱中科技光伏: 🔵 0值过多(零值率61%) | 🟠 有效样本少(n=1148) | 首耀清墩光伏: 🔵 0值偏多(零值率43%) | 🟠 有效样本少(n=1677)
2025-12-03 05:00:00,0.0,0.0,0.0,0.0,昱中科技光伏: 🔵 0值过多(零值率61%) | 🟠 有效样本少(n=1148) | 首耀清墩光伏: 🔵 0值偏多(零值率43%) | 🟠 有效样本少(n=1677)
2025-12-03 06:00:00,0.0,0.0,0.41,0.0023582558474741,昱中科技光伏: 🔵 0值过多(零值率61%) | 🟠 有效样本少(n=1148) | 首耀清墩光伏: 🔵 0值偏多(零值率43%) | 🟠 有效样本少(n=1677)
2025-12-03 07:00:00,0.0,0.0,0.41,0.0040674362665813,昱中科技光伏: 🔵 0值过多(零值率61%) | 🟠 有效样本少(n=1148) | 首耀清墩光伏: 🔵 0值偏多(零值率43%) | 🟠 有效样本少(n=1677)
2025-12-03 08:00:00,0.27,0.2028825446938701,0.41,0.1190703158166527,昱中科技光伏: 🔵 0值过多(零值率61%) | 🟠 有效样本少(n=1148) | 首耀清墩光伏: 🔵 0值偏多(零值率43%) | 🟠 有效样本少(n=1677)
2025-12-03 09:00:00,0.72,0.8095718280785916,0.41,0.3858931655252601,昱中科技光伏: 🔵 0值过多(零值率61%) | 🟠 有效样本少(n=1148) | 首耀清墩光伏: 🔵 0值偏多(零值率43%) | 🟠 有效样本少(n=1677)
2025-12-03 10:00:00,1.09,1.2213815798317105,0.41,0.5897273418252987,昱中科技光伏: 🔵 0值过多(零值率61%) | 🟠 有效样本少(n=1148) | 首耀清墩光伏: 🔵 0值偏多(零值率43%) | 🟠 有效样本少(n=1677)
2025-12-03 11:00:00,1.31,1.290227633926607,0.41,0.5988261925258588,昱中科技光伏: 🔵 0值过多(零值率61%) | 🟠 有效样本少(n=1148) | 首耀清墩光伏: 🔵 0值偏多(零值率43%) | 🟠 有效样本少(n=1677)
2025-12-03 12:00:00,1.36,1.3299280799771178,0.41,0.599574042728316,昱中科技光伏: 🔵 0值过多(零值率61%) | 🟠 有效样本少(n=1148) | 首耀清墩光伏: 🔵 0值偏多(零值率43%) | 🟠 有效样本少(n=1677)
2025-12-03 13:00:00,1.2,1.2484062403790246,0.41,0.5788867492834386,昱中科技光伏: 🔵 0值过多(零值率61%) | 🟠 有效样本少(n=1148) | 首耀清墩光伏: 🔵 0值偏多(零值率43%) | 🟠 有效样本少(n=1677)
2025-12-03 14:00:00,0.92,1.0173104763647909,0.41,0.473398587132028,昱中科技光伏: 🔵 0值过多(零值率61%) | 🟠 有效样本少(n=1148) | 首耀清墩光伏: 🔵 0值偏多(零值率43%) | 🟠 有效样本少(n=1677)
2025-12-03 15:00:00,0.52,0.7491576363317781,0.41,0.2925603116086751,昱中科技光伏: 🔵 0值过多(零值率61%) | 🟠 有效样本少(n=1148) | 首耀清墩光伏: 🔵 0值偏多(零值率43%) | 🟠 有效样本少(n=1677)
2025-12-03 16:00:00,0.14,0.2383833263464723,0.41,0.1082610033326063,昱中科技光伏: 🔵 0值过多(零值率61%) | 🟠 有效样本少(n=1148) | 首耀清墩光伏: 🔵 0值偏多(零值率43%) | 🟠 有效样本少(n=1677)
2025-12-03 17:00:00,0.0,0.0,0.41,0.0140273380180186,昱中科技光伏: 🔵 0值过多(零值率61%) | 🟠 有效样本少(n=1148) | 首耀清墩光伏: 🔵 0值偏多(零值率43%) | 🟠 有效样本少(n=1677)
2025-12-03 18:00:00,0.0,0.0,0.41,6.715618070519752e-05,昱中科技光伏: 🔵 0值过多(零值率61%) | 🟠 有效样本少(n=1148) | 首耀清墩光伏: 🔵 0值偏多(零值率43%) | 🟠 有效样本少(n=1677)
2025-12-03 19:00:00,0.0,0.0,0.41,0.0012767409530658,昱中科技光伏: 🔵 0值过多(零值率61%) | 🟠 有效样本少(n=1148) | 首耀清墩光伏: 🔵 0值偏多(零值率43%) | 🟠 有效样本少(n=1677)
2025-12-03 20:00:00,0.0,0.0,0.0,0.0,昱中科技光伏: 🔵 0值过多(零值率61%) | 🟠 有效样本少(n=1148) | 首耀清墩光伏: 🔵 0值偏多(零值率43%) | 🟠 有效样本少(n=1677)
2025-12-03 21:00:00,0.0,0.0,0.0,0.0,昱中科技光伏: 🔵 0值过多(零值率61%) | 🟠 有效样本少(n=1148) | 首耀清墩光伏: 🔵 0值偏多(零值率43%) | 🟠 有效样本少(n=1677)
2025-12-03 22:00:00,0.0,0.0,0.0,0.0,昱中科技光伏: 🔵 0值过多(零值率61%) | 🟠 有效样本少(n=1148) | 首耀清墩光伏: 🔵 0值偏多(零值率43%) | 🟠 有效样本少(n=1677)
2025-12-03 23:00:00,0.0,0.0,0.0,0.0,昱中科技光伏: 🔵 0值过多(零值率61%) | 🟠 有效样本少(n=1148) | 首耀清墩光伏: 🔵 0值偏多(零值率43%) | 🟠 有效样本少(n=1677)
2025-12-04 00:00:00,0.0,0.0,0.0,0.0,昱中科技光伏: 🔵 0值过多(零值率61%) | 🟠 有效样本少(n=1148) | 首耀清墩光伏: 🔵 0值偏多(零值率43%) | 🟠 有效样本少(n=1677)
2025-12-04 01:00:00,0.0,0.0,0.0,0.0,昱中科技光伏: 🔵 0值过多(零值率61%) | 🟠 有效样本少(n=1148) | 首耀清墩光伏: 🔵 0值偏多(零值率43%) | 🟠 有效样本少(n=1677)
2025-12-04 02:00:00,0.0,0.0,0.0,0.0,昱中科技光伏: 🔵 0值过多(零值率61%) | 🟠 有效样本少(n=1148) | 首耀清墩光伏: 🔵 0值偏多(零值率43%) | 🟠 有效样本少(n=1677)
2025-12-04 03:00:00,0.0,0.0,0.0,0.0,昱中科技光伏: 🔵 0值过多(零值率61%) | 🟠 有效样本少(n=1148) | 首耀清墩光伏: 🔵 0值偏多(零值率43%) | 🟠 有效样本少(n=1677)
2025-12-04 04:00:00,0.0,0.0,0.0,0.0,昱中科技光伏: 🔵 0值过多(零值率61%) | 🟠 有效样本少(n=1148) | 首耀清墩光伏: 🔵 0值偏多(零值率43%) | 🟠 有效样本少(n=1677)
2025-12-04 05:00:00,0.0,0.0,0.0,0.0,昱中科技光伏: 🔵 0值过多(零值率61%) | 🟠 有效样本少(n=1148) | 首耀清墩光伏: 🔵 0值偏多(零值率43%) | 🟠 有效样本少(n=1677)
2025-12-04 06:00:00,0.0,0.0,0.41,0.0023075041739915,昱中科技光伏: 🔵 0值过多(零值率61%) | 🟠 有效样本少(n=1148) | 首耀清墩光伏: 🔵 0值偏多(零值率43%) | 🟠 有效样本少(n=1677)
2025-12-04 07:00:00,0.0,0.0,0.41,0.0039864514124272,昱中科技光伏: 🔵 0值过多(零值率61%) | 🟠 有效样本少(n=1148) | 首耀清墩光伏: 🔵 0值偏多(零值率43%) | 🟠 有效样本少(n=1677)
2025-12-04 08:00:00,0.26,0.1786895379564494,0.41,0.1116277264066152,昱中科技光伏: 🔵 0值过多(零值率61%) | 🟠 有效样本少(n=1148) | 首耀清墩光伏: 🔵 0值偏多(零值率43%) | 🟠 有效样本少(n=1677)
2025-12-04 09:00:00,0.67,0.7595180486539022,0.41,0.3696999933811307,昱中科技光伏: 🔵 0值过多(零值率61%) | 🟠 有效样本少(n=1148) | 首耀清墩光伏: 🔵 0值偏多(零值率43%) | 🟠 有效样本少(n=1677)
2025-12-04 10:00:00,1.02,1.1561167944083115,0.41,0.5572877577008877,昱中科技光伏: 🔵 0值过多(零值率61%) | 🟠 有效样本少(n=1148) | 首耀清墩光伏: 🔵 0值偏多(零值率43%) | 🟠 有效样本少(n=1677)
2025-12-04 11:00:00,1.23,1.237810282597672,0.41,0.5840113908670763,昱中科技光伏: 🔵 0值过多(零值率61%) | 🟠 有效样本少(n=1148) | 首耀清墩光伏: 🔵 0值偏多(零值率43%) | 🟠 有效样本少(n=1677)
2025-12-04 12:00:00,1.27,1.275876062207712,0.41,0.5761146154463139,昱中科技光伏: 🔵 0值过多(零值率61%) | 🟠 有效样本少(n=1148) | 首耀清墩光伏: 🔵 0值偏多(零值率43%) | 🟠 有效样本少(n=1677)
2025-12-04 13:00:00,1.14,1.192260894020089,0.41,0.53724342552391,昱中科技光伏: 🔵 0值过多(零值率61%) | 🟠 有效样本少(n=1148) | 首耀清墩光伏: 🔵 0值偏多(零值率43%) | 🟠 有效样本少(n=1677)
2025-12-04 14:00:00,0.85,0.9603172692492208,0.41,0.4343943020698589,昱中科技光伏: 🔵 0值过多(零值率61%) | 🟠 有效样本少(n=1148) | 首耀清墩光伏: 🔵 0值偏多(零值率43%) | 🟠 有效样本少(n=1677)
2025-12-04 15:00:00,0.49,0.7082775822582394,0.41,0.2610493632592542,昱中科技光伏: 🔵 0值过多(零值率61%) | 🟠 有效样本少(n=1148) | 首耀清墩光伏: 🔵 0值偏多(零值率43%) | 🟠 有效样本少(n=1677)
2025-12-04 16:00:00,0.13,0.2275597440723414,0.41,0.1033309461458093,昱中科技光伏: 🔵 0值过多(零值率61%) | 🟠 有效样本少(n=1148) | 首耀清墩光伏: 🔵 0值偏多(零值率43%) | 🟠 有效样本少(n=1677)
2025-12-04 17:00:00,0.0,0.0,0.41,0.0133771158960784,昱中科技光伏: 🔵 0值过多(零值率61%) | 🟠 有效样本少(n=1148) | 首耀清墩光伏: 🔵 0值偏多(零值率43%) | 🟠 有效样本少(n=1677)
2025-12-04 18:00:00,0.0,0.0,0.41,0.0001263007720284,昱中科技光伏: 🔵 0值过多(零值率61%) | 🟠 有效样本少(n=1148) | 首耀清墩光伏: 🔵 0值偏多(零值率43%) | 🟠 有效样本少(n=1677)
2025-12-04 19:00:00,0.0,0.0,0.41,8.293778794089915e-05,昱中科技光伏: 🔵 0值过多(零值率61%) | 🟠 有效样本少(n=1148) | 首耀清墩光伏: 🔵 0值偏多(零值率43%) | 🟠 有效样本少(n=1677)
2025-12-04 20:00:00,0.0,0.0,0.0,0.0,昱中科技光伏: 🔵 0值过多(零值率61%) | 🟠 有效样本少(n=1148) | 首耀清墩光伏: 🔵 0值偏多(零值率43%) | 🟠 有效样本少(n=1677)
2025-12-04 21:00:00,0.0,0.0,0.0,0.0,昱中科技光伏: 🔵 0值过多(零值率61%) | 🟠 有效样本少(n=1148) | 首耀清墩光伏: 🔵 0值偏多(零值率43%) | 🟠 有效样本少(n=1677)
2025-12-04 22:00:00,0.0,0.0,0.0,0.0,昱中科技光伏: 🔵 0值过多(零值率61%) | 🟠 有效样本少(n=1148) | 首耀清墩光伏: 🔵 0值偏多(零值率43%) | 🟠 有效样本少(n=1677)
2025-12-04 23:00:00,0.0,0.0,0.0,0.0,昱中科技光伏: 🔵 0值过多(零值率61%) | 🟠 有效样本少(n=1148) | 首耀清墩光伏: 🔵 0值偏多(零值率43%) | 🟠 有效样本少(n=1677)
2025-12-05 00:00:00,0.0,0.0,0.0,0.0,昱中科技光伏: 🔵 0值过多(零值率61%) | 🟠 有效样本少(n=1148) | 首耀清墩光伏: 🔵 0值偏多(零值率43%) | 🟠 有效样本少(n=1677)
2025-12-05 01:00:00,0.0,0.0,0.0,0.0,昱中科技光伏: 🔵 0值过多(零值率61%) | 🟠 有效样本少(n=1148) | 首耀清墩光伏: 🔵 0值偏多(零值率43%) | 🟠 有效样本少(n=1677)
2025-12-05 02:00:00,0.0,0.0,0.0,0.0,昱中科技光伏: 🔵 0值过多(零值率61%) | 🟠 有效样本少(n=1148) | 首耀清墩光伏: 🔵 0值偏多(零值率43%) | 🟠 有效样本少(n=1677)
2025-12-05 03:00:00,0.0,0.0,0.0,0.0,昱中科技光伏: 🔵 0值过多(零值率61%) | 🟠 有效样本少(n=1148) | 首耀清墩光伏: 🔵 0值偏多(零值率43%) | 🟠 有效样本少(n=1677)
2025-12-05 04:00:00,0.0,0.0,0.0,0.0,昱中科技光伏: 🔵 0值过多(零值率61%) | 🟠 有效样本少(n=1148) | 首耀清墩光伏: 🔵 0值偏多(零值率43%) | 🟠 有效样本少(n=1677)
2025-12-05 05:00:00,0.0,0.0,0.0,0.0,昱中科技光伏: 🔵 0值过多(零值率61%) | 🟠 有效样本少(n=1148) | 首耀清墩光伏: 🔵 0值偏多(零值率43%) | 🟠 有效样本少(n=1677)
2025-12-05 06:00:00,0.0,0.0,0.41,0.0023075080428032,昱中科技光伏: 🔵 0值过多(零值率61%) | 🟠 有效样本少(n=1148) | 首耀清墩光伏: 🔵 0值偏多(零值率43%) | 🟠 有效样本少(n=1677)
2025-12-05 07:00:00,0.0,0.0,0.41,0.0039777567845506,昱中科技光伏: 🔵 0值过多(零值率61%) | 🟠 有效样本少(n=1148) | 首耀清墩光伏: 🔵 0值偏多(零值率43%) | 🟠 有效样本少(n=1677)
2025-12-05 08:00:00,0.27,0.1707808654945982,0.41,0.1086274283634068,昱中科技光伏: 🔵 0值过多(零值率61%) | 🟠 有效样本少(n=1148) | 首耀清墩光伏: 🔵 0值偏多(零值率43%) | 🟠 有效样本少(n=1677)
2025-12-05 09:00:00,0.67,0.7369708558902318,0.41,0.3603018288655809,昱中科技光伏: 🔵 0值过多(零值率61%) | 🟠 有效样本少(n=1148) | 首耀清墩光伏: 🔵 0值偏多(零值率43%) | 🟠 有效样本少(n=1677)
2025-12-05 10:00:00,1.01,1.1404737040377035,0.41,0.5577760421936684,昱中科技光伏: 🔵 0值过多(零值率61%) | 🟠 有效样本少(n=1148) | 首耀清墩光伏: 🔵 0值偏多(零值率43%) | 🟠 有效样本少(n=1677)
2025-12-05 11:00:00,1.23,1.2148420478176991,0.41,0.5728519467650107,昱中科技光伏: 🔵 0值过多(零值率61%) | 🟠 有效样本少(n=1148) | 首耀清墩光伏: 🔵 0值偏多(零值率43%) | 🟠 有效样本少(n=1677)
2025-12-05 12:00:00,1.28,1.2581151124834518,0.41,0.5702722622701919,昱中科技光伏: 🔵 0值过多(零值率61%) | 🟠 有效样本少(n=1148) | 首耀清墩光伏: 🔵 0值偏多(零值率43%) | 🟠 有效样本少(n=1677)
2025-12-05 13:00:00,1.14,1.1817149058294365,0.41,0.5320207639218204,昱中科技光伏: 🔵 0值过多(零值率61%) | 🟠 有效样本少(n=1148) | 首耀清墩光伏: 🔵 0值偏多(零值率43%) | 🟠 有效样本少(n=1677)
2025-12-05 14:00:00,0.9,0.9451727788176838,0.41,0.4308619435538533,昱中科技光伏: 🔵 0值过多(零值率61%) | 🟠 有效样本少(n=1148) | 首耀清墩光伏: 🔵 0值偏多(零值率43%) | 🟠 有效样本少(n=1677)
2025-12-05 15:00:00,0.53,0.7033896652926501,0.41,0.2659573526341721,昱中科技光伏: 🔵 0值过多(零值率61%) | 🟠 有效样本少(n=1148) | 首耀清墩光伏: 🔵 0值偏多(零值率43%) | 🟠 有效样本少(n=1677)
2025-12-05 16:00:00,0.13,0.2275616405387036,0.41,0.1030272974600122,昱中科技光伏: 🔵 0值过多(零值率61%) | 🟠 有效样本少(n=1148) | 首耀清墩光伏: 🔵 0值偏多(零值率43%) | 🟠 有效样本少(n=1677)
2025-12-05 17:00:00,0.0,0.0,0.41,0.0134151813027555,昱中科技光伏: 🔵 0值过多(零值率61%) | 🟠 有效样本少(n=1148) | 首耀清墩光伏: 🔵 0值偏多(零值率43%) | 🟠 有效样本少(n=1677)
2025-12-05 18:00:00,0.0,0.0,0.41,9.08366570917184e-05,昱中科技光伏: 🔵 0值过多(零值率61%) | 🟠 有效样本少(n=1148) | 首耀清墩光伏: 🔵 0值偏多(零值率43%) | 🟠 有效样本少(n=1677)
2025-12-05 19:00:00,0.0,0.0,0.41,0.0009480697947445,昱中科技光伏: 🔵 0值过多(零值率61%) | 🟠 有效样本少(n=1148) | 首耀清墩光伏: 🔵 0值偏多(零值率43%) | 🟠 有效样本少(n=1677)
2025-12-05 20:00:00,0.0,0.0,0.0,0.0,昱中科技光伏: 🔵 0值过多(零值率61%) | 🟠 有效样本少(n=1148) | 首耀清墩光伏: 🔵 0值偏多(零值率43%) | 🟠 有效样本少(n=1677)
2025-12-05 21:00:00,0.0,0.0,0.0,0.0,昱中科技光伏: 🔵 0值过多(零值率61%) | 🟠 有效样本少(n=1148) | 首耀清墩光伏: 🔵 0值偏多(零值率43%) | 🟠 有效样本少(n=1677)
2025-12-05 22:00:00,0.0,0.0,0.0,0.0,昱中科技光伏: 🔵 0值过多(零值率61%) | 🟠 有效样本少(n=1148) | 首耀清墩光伏: 🔵 0值偏多(零值率43%) | 🟠 有效样本少(n=1677)
2025-12-05 23:00:00,0.0,0.0,0.0,0.0,昱中科技光伏: 🔵 0值过多(零值率61%) | 🟠 有效样本少(n=1148) | 首耀清墩光伏: 🔵 0值偏多(零值率43%) | 🟠 有效样本少(n=1677)
2025-12-06 00:00:00,0.0,0.0,0.0,0.0,昱中科技光伏: 🔵 0值过多(零值率61%) | 🟠 有效样本少(n=1148) | 首耀清墩光伏: 🔵 0值偏多(零值率43%) | 🟠 有效样本少(n=1677)
2025-12-06 01:00:00,0.0,0.0,0.0,0.0,昱中科技光伏: 🔵 0值过多(零值率61%) | 🟠 有效样本少(n=1148) | 首耀清墩光伏: 🔵 0值偏多(零值率43%) | 🟠 有效样本少(n=1677)
2025-12-06 02:00:00,0.0,0.0,0.0,0.0,昱中科技光伏: 🔵 0值过多(零值率61%) | 🟠 有效样本少(n=1148) | 首耀清墩光伏: 🔵 0值偏多(零值率43%) | 🟠 有效样本少(n=1677)
2025-12-06 03:00:00,0.0,0.0,0.0,0.0,昱中科技光伏: 🔵 0值过多(零值率61%) | 🟠 有效样本少(n=1148) | 首耀清墩光伏: 🔵 0值偏多(零值率43%) | 🟠 有效样本少(n=1677)
2025-12-06 04:00:00,0.0,0.0,0.0,0.0,昱中科技光伏: 🔵 0值过多(零值率61%) | 🟠 有效样本少(n=1148) | 首耀清墩光伏: 🔵 0值偏多(零值率43%) | 🟠 有效样本少(n=1677)
2025-12-06 05:00:00,0.0,0.0,0.0,0.0,昱中科技光伏: 🔵 0值过多(零值率61%) | 🟠 有效样本少(n=1148) | 首耀清墩光伏: 🔵 0值偏多(零值率43%) | 🟠 有效样本少(n=1677)
2025-12-06 06:00:00,0.0,0.0,0.41,0.0026411439111273,昱中科技光伏: 🔵 0值过多(零值率61%) | 🟠 有效样本少(n=1148) | 首耀清墩光伏: 🔵 0值偏多(零值率43%) | 🟠 有效样本少(n=1677)
2025-12-06 07:00:00,0.0,0.0,0.41,0.003765505871568,昱中科技光伏: 🔵 0值过多(零值率61%) | 🟠 有效样本少(n=1148) | 首耀清墩光伏: 🔵 0值偏多(零值率43%) | 🟠 有效样本少(n=1677)
2025-12-06 08:00:00,0.19,0.1592340087622087,0.41,0.1038089110411566,昱中科技光伏: 🔵 0值过多(零值率61%) | 🟠 有效样本少(n=1148) | 首耀清墩光伏: 🔵 0值偏多(零值率43%) | 🟠 有效样本少(n=1677)
2025-12-06 09:00:00,0.57,0.7000282627905265,0.41,0.3498897456096393,昱中科技光伏: 🔵 0值过多(零值率61%) | 🟠 有效样本少(n=1148) | 首耀清墩光伏: 🔵 0值偏多(零值率43%) | 🟠 有效样本少(n=1677)
2025-12-06 10:00:00,0.9,1.0884834770965228,0.41,0.5333223956006848,昱中科技光伏: 🔵 0值过多(零值率61%) | 🟠 有效样本少(n=1148) | 首耀清墩光伏: 🔵 0值偏多(零值率43%) | 🟠 有效样本少(n=1677)
2025-12-06 11:00:00,1.1,1.1775930707743243,0.41,0.5617378295376663,昱中科技光伏: 🔵 0值过多(零值率61%) | 🟠 有效样本少(n=1148) | 首耀清墩光伏: 🔵 0值偏多(零值率43%) | 🟠 有效样本少(n=1677)
2025-12-06 12:00:00,1.14,1.2111665352470575,0.41,0.5492098416253532,昱中科技光伏: 🔵 0值过多(零值率61%) | 🟠 有效样本少(n=1148) | 首耀清墩光伏: 🔵 0值偏多(零值率43%) | 🟠 有效样本少(n=1677)
2025-12-06 13:00:00,1.06,1.1446145822915166,0.41,0.5155778097520254,昱中科技光伏: 🔵 0值过多(零值率61%) | 🟠 有效样本少(n=1148) | 首耀清墩光伏: 🔵 0值偏多(零值率43%) | 🟠 有效样本少(n=1677)
2025-12-06 14:00:00,0.81,1.0174177228668877,0.41,0.4636935588891819,昱中科技光伏: 🔵 0值过多(零值率61%) | 🟠 有效样本少(n=1148) | 首耀清墩光伏: 🔵 0值偏多(零值率43%) | 🟠 有效样本少(n=1677)
2025-12-06 15:00:00,0.46,0.6874622705214393,0.41,0.2550954011095321,昱中科技光伏: 🔵 0值过多(零值率61%) | 🟠 有效样本少(n=1148) | 首耀清墩光伏: 🔵 0值偏多(零值率43%) | 🟠 有效样本少(n=1677)
2025-12-06 16:00:00,0.12,0.2190987320185657,0.41,0.0992376286789926,昱中科技光伏: 🔵 0值过多(零值率61%) | 🟠 有效样本少(n=1148) | 首耀清墩光伏: 🔵 0值偏多(零值率43%) | 🟠 有效样本少(n=1677)
2025-12-06 17:00:00,0.0,0.0,0.41,0.0129518596438482,昱中科技光伏: 🔵 0值过多(零值率61%) | 🟠 有效样本少(n=1148) | 首耀清墩光伏: 🔵 0值偏多(零值率43%) | 🟠 有效样本少(n=1677)
2025-12-06 18:00:00,0.0,0.0,0.41,0.0002059006186095,昱中科技光伏: 🔵 0值过多(零值率61%) | 🟠 有效样本少(n=1148) | 首耀清墩光伏: 🔵 0值偏多(零值率43%) | 🟠 有效样本少(n=1677)
2025-12-06 19:00:00,0.0,0.0,0.41,0.0009557000583231,昱中科技光伏: 🔵 0值过多(零值率61%) | 🟠 有效样本少(n=1148) | 首耀清墩光伏: 🔵 0值偏多(零值率43%) | 🟠 有效样本少(n=1677)
2025-12-06 20:00:00,0.0,0.0,0.0,0.0,昱中科技光伏: 🔵 0值过多(零值率61%) | 🟠 有效样本少(n=1148) | 首耀清墩光伏: 🔵 0值偏多(零值率43%) | 🟠 有效样本少(n=1677)
2025-12-06 21:00:00,0.0,0.0,0.0,0.0,昱中科技光伏: 🔵 0值过多(零值率61%) | 🟠 有效样本少(n=1148) | 首耀清墩光伏: 🔵 0值偏多(零值率43%) | 🟠 有效样本少(n=1677)
2025-12-06 22:00:00,0.0,0.0,0.0,0.0,昱中科技光伏: 🔵 0值过多(零值率61%) | 🟠 有效样本少(n=1148) | 首耀清墩光伏: 🔵 0值偏多(零值率43%) | 🟠 有效样本少(n=1677)
2025-12-06 23:00:00,0.0,0.0,0.0,0.0,昱中科技光伏: 🔵 0值过多(零值率61%) | 🟠 有效样本少(n=1148) | 首耀清墩光伏: 🔵 0值偏多(零值率43%) | 🟠 有效样本少(n=1677)
2025-12-07 00:00:00,0.0,0.0,0.0,0.0,昱中科技光伏: 🔵 0值过多(零值率61%) | 🟠 有效样本少(n=1148) | 首耀清墩光伏: 🔵 0值偏多(零值率43%) | 🟠 有效样本少(n=1677)
2025-12-07 01:00:00,0.0,0.0,0.0,0.0,昱中科技光伏: 🔵 0值过多(零值率61%) | 🟠 有效样本少(n=1148) | 首耀清墩光伏: 🔵 0值偏多(零值率43%) | 🟠 有效样本少(n=1677)
2025-12-07 02:00:00,0.0,0.0,0.0,0.0,昱中科技光伏: 🔵 0值过多(零值率61%) | 🟠 有效样本少(n=1148) | 首耀清墩光伏: 🔵 0值偏多(零值率43%) | 🟠 有效样本少(n=1677)
2025-12-07 03:00:00,0.0,0.0,0.0,0.0,昱中科技光伏: 🔵 0值过多(零值率61%) | 🟠 有效样本少(n=1148) | 首耀清墩光伏: 🔵 0值偏多(零值率43%) | 🟠 有效样本少(n=1677)
2025-12-07 04:00:00,0.0,0.0,0.0,0.0,昱中科技光伏: 🔵 0值过多(零值率61%) | 🟠 有效样本少(n=1148) | 首耀清墩光伏: 🔵 0值偏多(零值率43%) | 🟠 有效样本少(n=1677)
2025-12-07 05:00:00,0.0,0.0,0.0,0.0,昱中科技光伏: 🔵 0值过多(零值率61%) | 🟠 有效样本少(n=1148) | 首耀清墩光伏: 🔵 0值偏多(零值率43%) | 🟠 有效样本少(n=1677)
2025-12-07 06:00:00,0.0,0.0,0.41,0.0028453991811998,昱中科技光伏: 🔵 0值过多(零值率61%) | 🟠 有效样本少(n=1148) | 首耀清墩光伏: 🔵 0值偏多(零值率43%) | 🟠 有效样本少(n=1677)
2025-12-07 07:00:00,0.0,0.0,0.41,0.0039672715462974,昱中科技光伏: 🔵 0值过多(零值率61%) | 🟠 有效样本少(n=1148) | 首耀清墩光伏: 🔵 0值偏多(零值率43%) | 🟠 有效样本少(n=1677)
2025-12-07 08:00:00,0.12,0.0958117072776675,0.41,0.0917510577052751,昱中科技光伏: 🔵 0值过多(零值率61%) | 🟠 有效样本少(n=1148) | 首耀清墩光伏: 🔵 0值偏多(零值率43%) | 🟠 有效样本少(n=1677)
2025-12-07 09:00:00,0.53,0.3265165598415363,0.41,0.1934760856432549,昱中科技光伏: 🔵 0值过多(零值率61%) | 🟠 有效样本少(n=1148) | 首耀清墩光伏: 🔵 0值偏多(零值率43%) | 🟠 有效样本少(n=1677)
2025-12-07 10:00:00,0.4,0.380493440357298,0.41,0.2231737173086708,昱中科技光伏: 🔵 0值过多(零值率61%) | 🟠 有效样本少(n=1148) | 首耀清墩光伏: 🔵 0值偏多(零值率43%) | 🟠 有效样本少(n=1677)
2025-12-07 11:00:00,0.57,0.7327721865565416,0.41,0.4074359528401079,昱中科技光伏: 🔵 0值过多(零值率61%) | 🟠 有效样本少(n=1148) | 首耀清墩光伏: 🔵 0值偏多(零值率43%) | 🟠 有效样本少(n=1677)
2025-12-07 12:00:00,0.62,0.7397661117753198,0.41,0.3907117483756727,昱中科技光伏: 🔵 0值过多(零值率61%) | 🟠 有效样本少(n=1148) | 首耀清墩光伏: 🔵 0值偏多(零值率43%) | 🟠 有效样本少(n=1677)
2025-12-07 13:00:00,0.55,0.8297591544760654,0.41,0.4242146119105752,昱中科技光伏: 🔵 0值过多(零值率61%) | 🟠 有效样本少(n=1148) | 首耀清墩光伏: 🔵 0值偏多(零值率43%) | 🟠 有效样本少(n=1677)
2025-12-07 14:00:00,0.52,0.7281898277388953,0.41,0.2917694109629664,昱中科技光伏: 🔵 0值过多(零值率61%) | 🟠 有效样本少(n=1148) | 首耀清墩光伏: 🔵 0值偏多(零值率43%) | 🟠 有效样本少(n=1677)
2025-12-07 15:00:00,0.28,0.2534268253525129,0.41,0.1015417692766312,昱中科技光伏: 🔵 0值过多(零值率61%) | 🟠 有效样本少(n=1148) | 首耀清墩光伏: 🔵 0值偏多(零值率43%) | 🟠 有效样本少(n=1677)
2025-12-07 16:00:00,0.11,0.1355899899481186,0.41,0.0641660983334438,昱中科技光伏: 🔵 0值过多(零值率61%) | 🟠 有效样本少(n=1148) | 首耀清墩光伏: 🔵 0值偏多(零值率43%) | 🟠 有效样本少(n=1677)
2025-12-07 17:00:00,0.0,0.0,0.41,0.0092835517013583,昱中科技光伏: 🔵 0值过多(零值率61%) | 🟠 有效样本少(n=1148) | 首耀清墩光伏: 🔵 0值偏多(零值率43%) | 🟠 有效样本少(n=1677)
2025-12-07 18:00:00,0.0,0.0,0.41,0.0001635381490679,昱中科技光伏: 🔵 0值过多(零值率61%) | 🟠 有效样本少(n=1148) | 首耀清墩光伏: 🔵 0值偏多(零值率43%) | 🟠 有效样本少(n=1677)
2025-12-07 19:00:00,0.0,0.0,0.41,8.293778794089915e-05,昱中科技光伏: 🔵 0值过多(零值率61%) | 🟠 有效样本少(n=1148) | 首耀清墩光伏: 🔵 0值偏多(零值率43%) | 🟠 有效样本少(n=1677)
2025-12-07 20:00:00,0.0,0.0,0.0,0.0,昱中科技光伏: 🔵 0值过多(零值率61%) | 🟠 有效样本少(n=1148) | 首耀清墩光伏: 🔵 0值偏多(零值率43%) | 🟠 有效样本少(n=1677)
2025-12-07 21:00:00,0.0,0.0,0.0,0.0,昱中科技光伏: 🔵 0值过多(零值率61%) | 🟠 有效样本少(n=1148) | 首耀清墩光伏: 🔵 0值偏多(零值率43%) | 🟠 有效样本少(n=1677)
2025-12-07 22:00:00,0.0,0.0,0.0,0.0,昱中科技光伏: 🔵 0值过多(零值率61%) | 🟠 有效样本少(n=1148) | 首耀清墩光伏: 🔵 0值偏多(零值率43%) | 🟠 有效样本少(n=1677)
2025-12-07 23:00:00,0.0,0.0,0.0,0.0,昱中科技光伏: 🔵 0值过多(零值率61%) | 🟠 有效样本少(n=1148) | 首耀清墩光伏: 🔵 0值偏多(零值率43%) | 🟠 有效样本少(n=1677)
2025-12-08 00:00:00,0.0,0.0,0.0,0.0,昱中科技光伏: 🔵 0值过多(零值率61%) | 🟠 有效样本少(n=1148) | 首耀清墩光伏: 🔵 0值偏多(零值率43%) | 🟠 有效样本少(n=1677)
2025-12-08 01:00:00,0.0,0.0,0.0,0.0,昱中科技光伏: 🔵 0值过多(零值率61%) | 🟠 有效样本少(n=1148) | 首耀清墩光伏: 🔵 0值偏多(零值率43%) | 🟠 有效样本少(n=1677)
2025-12-08 02:00:00,0.0,0.0,0.0,0.0,昱中科技光伏: 🔵 0值过多(零值率61%) | 🟠 有效样本少(n=1148) | 首耀清墩光伏: 🔵 0值偏多(零值率43%) | 🟠 有效样本少(n=1677)
2025-12-08 03:00:00,0.0,0.0,0.0,0.0,昱中科技光伏: 🔵 0值过多(零值率61%) | 🟠 有效样本少(n=1148) | 首耀清墩光伏: 🔵 0值偏多(零值率43%) | 🟠 有效样本少(n=1677)
2025-12-08 04:00:00,0.0,0.0,0.0,0.0,昱中科技光伏: 🔵 0值过多(零值率61%) | 🟠 有效样本少(n=1148) | 首耀清墩光伏: 🔵 0值偏多(零值率43%) | 🟠 有效样本少(n=1677)
2025-12-08 05:00:00,0.0,0.0,0.0,0.0,昱中科技光伏: 🔵 0值过多(零值率61%) | 🟠 有效样本少(n=1148) | 首耀清墩光伏: 🔵 0值偏多(零值率43%) | 🟠 有效样本少(n=1677)
2025-12-08 06:00:00,0.0,0.0,0.41,0.0023074578310666,昱中科技光伏: 🔵 0值过多(零值率61%) | 🟠 有效样本少(n=1148) | 首耀清墩光伏: 🔵 0值偏多(零值率43%) | 🟠 有效样本少(n=1677)
2025-12-08 07:00:00,0.0,0.0,0.41,0.0034676042840415,昱中科技光伏: 🔵 0值过多(零值率61%) | 🟠 有效样本少(n=1148) | 首耀清墩光伏: 🔵 0值偏多(零值率43%) | 🟠 有效样本少(n=1677)
2025-12-08 08:00:00,0.2,0.1305294043276669,0.41,0.0918871848597507,昱中科技光伏: 🔵 0值过多(零值率61%) | 🟠 有效样本少(n=1148) | 首耀清墩光伏: 🔵 0值偏多(零值率43%) | 🟠 有效样本少(n=1677)
2025-12-08 09:00:00,0.57,0.6783191720214953,0.41,0.3425619162324524,昱中科技光伏: 🔵 0值过多(零值率61%) | 🟠 有效样本少(n=1148) | 首耀清墩光伏: 🔵 0值偏多(零值率43%) | 🟠 有效样本少(n=1677)
2025-12-08 10:00:00,0.91,1.0957382585064854,0.41,0.532656559908634,昱中科技光伏: 🔵 0值过多(零值率61%) | 🟠 有效样本少(n=1148) | 首耀清墩光伏: 🔵 0值偏多(零值率43%) | 🟠 有效样本少(n=1677)
2025-12-08 11:00:00,1.11,1.1866034847708384,0.41,0.5627613594254658,昱中科技光伏: 🔵 0值过多(零值率61%) | 🟠 有效样本少(n=1148) | 首耀清墩光伏: 🔵 0值偏多(零值率43%) | 🟠 有效样本少(n=1677)
2025-12-08 12:00:00,1.18,1.228999056817681,0.41,0.5509835558055469,昱中科技光伏: 🔵 0值过多(零值率61%) | 🟠 有效样本少(n=1148) | 首耀清墩光伏: 🔵 0值偏多(零值率43%) | 🟠 有效样本少(n=1677)
2025-12-08 13:00:00,1.06,1.1437573263064564,0.41,0.5115831917561239,昱中科技光伏: 🔵 0值过多(零值率61%) | 🟠 有效样本少(n=1148) | 首耀清墩光伏: 🔵 0值偏多(零值率43%) | 🟠 有效样本少(n=1677)
2025-12-08 14:00:00,0.82,1.0103788418606103,0.41,0.4651794919901131,昱中科技光伏: 🔵 0值过多(零值率61%) | 🟠 有效样本少(n=1148) | 首耀清墩光伏: 🔵 0值偏多(零值率43%) | 🟠 有效样本少(n=1677)
2025-12-08 15:00:00,0.47,0.677659656934826,0.41,0.2530371424565648,昱中科技光伏: 🔵 0值过多(零值率61%) | 🟠 有效样本少(n=1148) | 首耀清墩光伏: 🔵 0值偏多(零值率43%) | 🟠 有效样本少(n=1677)
2025-12-08 16:00:00,0.13,0.2228917756154152,0.41,0.1006406543660595,昱中科技光伏: 🔵 0值过多(零值率61%) | 🟠 有效样本少(n=1148) | 首耀清墩光伏: 🔵 0值偏多(零值率43%) | 🟠 有效样本少(n=1677)
2025-12-08 17:00:00,0.0,0.0,0.41,0.013286589071166,昱中科技光伏: 🔵 0值过多(零值率61%) | 🟠 有效样本少(n=1148) | 首耀清墩光伏: 🔵 0值偏多(零值率43%) | 🟠 有效样本少(n=1677)
2025-12-08 18:00:00,0.0,0.0,0.41,0.0001372704001056,昱中科技光伏: 🔵 0值过多(零值率61%) | 🟠 有效样本少(n=1148) | 首耀清墩光伏: 🔵 0值偏多(零值率43%) | 🟠 有效样本少(n=1677)
2025-12-08 19:00:00,0.0,0.0,0.41,0.0010686159196958,昱中科技光伏: 🔵 0值过多(零值率61%) | 🟠 有效样本少(n=1148) | 首耀清墩光伏: 🔵 0值偏多(零值率43%) | 🟠 有效样本少(n=1677)
2025-12-08 20:00:00,0.0,0.0,0.0,0.0,昱中科技光伏: 🔵 0值过多(零值率61%) | 🟠 有效样本少(n=1148) | 首耀清墩光伏: 🔵 0值偏多(零值率43%) | 🟠 有效样本少(n=1677)
2025-12-08 21:00:00,0.0,0.0,0.0,0.0,昱中科技光伏: 🔵 0值过多(零值率61%) | 🟠 有效样本少(n=1148) | 首耀清墩光伏: 🔵 0值偏多(零值率43%) | 🟠 有效样本少(n=1677)
2025-12-08 22:00:00,0.0,0.0,0.0,0.0,昱中科技光伏: 🔵 0值过多(零值率61%) | 🟠 有效样本少(n=1148) | 首耀清墩光伏: 🔵 0值偏多(零值率43%) | 🟠 有效样本少(n=1677)
2025-12-08 23:00:00,0.0,0.0,0.0,0.0,昱中科技光伏: 🔵 0值过多(零值率61%) | 🟠 有效样本少(n=1148) | 首耀清墩光伏: 🔵 0值偏多(零值率43%) | 🟠 有效样本少(n=1677)
2025-12-09 00:00:00,0.0,0.0,0.0,0.0,昱中科技光伏: 🔵 0值过多(零值率61%) | 🟠 有效样本少(n=1148) | 首耀清墩光伏: 🔵 0值偏多(零值率43%) | 🟠 有效样本少(n=1677)
2025-12-09 01:00:00,0.0,0.0,0.0,0.0,昱中科技光伏: 🔵 0值过多(零值率61%) | 🟠 有效样本少(n=1148) | 首耀清墩光伏: 🔵 0值偏多(零值率43%) | 🟠 有效样本少(n=1677)
2025-12-09 02:00:00,0.0,0.0,0.0,0.0,昱中科技光伏: 🔵 0值过多(零值率61%) | 🟠 有效样本少(n=1148) | 首耀清墩光伏: 🔵 0值偏多(零值率43%) | 🟠 有效样本少(n=1677)
2025-12-09 03:00:00,0.0,0.0,0.0,0.0,昱中科技光伏: 🔵 0值过多(零值率61%) | 🟠 有效样本少(n=1148) | 首耀清墩光伏: 🔵 0值偏多(零值率43%) | 🟠 有效样本少(n=1677)
2025-12-09 04:00:00,0.0,0.0,0.0,0.0,昱中科技光伏: 🔵 0值过多(零值率61%) | 🟠 有效样本少(n=1148) | 首耀清墩光伏: 🔵 0值偏多(零值率43%) | 🟠 有效样本少(n=1677)
2025-12-09 05:00:00,0.0,0.0,0.0,0.0,昱中科技光伏: 🔵 0值过多(零值率61%) | 🟠 有效样本少(n=1148) | 首耀清墩光伏: 🔵 0值偏多(零值率43%) | 🟠 有效样本少(n=1677)
2025-12-09 06:00:00,0.0,0.0,0.41,0.0026411647332819,昱中科技光伏: 🔵 0值过多(零值率61%) | 🟠 有效样本少(n=1148) | 首耀清墩光伏: 🔵 0值偏多(零值率43%) | 🟠 有效样本少(n=1677)
2025-12-09 07:00:00,0.0,0.0,0.41,0.003768781926599,昱中科技光伏: 🔵 0值过多(零值率61%) | 🟠 有效样本少(n=1148) | 首耀清墩光伏: 🔵 0值偏多(零值率43%) | 🟠 有效样本少(n=1677)
2025-12-09 08:00:00,0.2,0.1086986779014049,0.41,0.0832226823425397,昱中科技光伏: 🔵 0值过多(零值率61%) | 🟠 有效样本少(n=1148) | 首耀清墩光伏: 🔵 0值偏多(零值率43%) | 🟠 有效样本少(n=1677)
2025-12-09 09:00:00,0.57,0.6372298739395452,0.41,0.3327708083979533,昱中科技光伏: 🔵 0值过多(零值率61%) | 🟠 有效样本少(n=1148) | 首耀清墩光伏: 🔵 0值偏多(零值率43%) | 🟠 有效样本少(n=1677)
2025-12-09 10:00:00,0.98,1.038769435353207,0.41,0.5191848284807179,昱中科技光伏: 🔵 0值过多(零值率61%) | 🟠 有效样本少(n=1148) | 首耀清墩光伏: 🔵 0值偏多(零值率43%) | 🟠 有效样本少(n=1677)
2025-12-09 11:00:00,1.11,1.24929387646581,0.41,0.574983090216976,昱中科技光伏: 🔵 0值过多(零值率61%) | 🟠 有效样本少(n=1148) | 首耀清墩光伏: 🔵 0值偏多(零值率43%) | 🟠 有效样本少(n=1677)
2025-12-09 12:00:00,1.19,1.1779274470980736,0.41,0.5398057938059277,昱中科技光伏: 🔵 0值过多(零值率61%) | 🟠 有效样本少(n=1148) | 首耀清墩光伏: 🔵 0值偏多(零值率43%) | 🟠 有效样本少(n=1677)
2025-12-09 13:00:00,0.89,1.0873219019600535,0.41,0.477321554035564,昱中科技光伏: 🔵 0值过多(零值率61%) | 🟠 有效样本少(n=1148) | 首耀清墩光伏: 🔵 0值偏多(零值率43%) | 🟠 有效样本少(n=1677)
2025-12-09 14:00:00,0.71,0.9695309957645613,0.41,0.4461415601331249,昱中科技光伏: 🔵 0值过多(零值率61%) | 🟠 有效样本少(n=1148) | 首耀清墩光伏: 🔵 0值偏多(零值率43%) | 🟠 有效样本少(n=1677)
2025-12-09 15:00:00,0.53,0.5413465386236918,0.41,0.1843841132166254,昱中科技光伏: 🔵 0值过多(零值率61%) | 🟠 有效样本少(n=1148) | 首耀清墩光伏: 🔵 0值偏多(零值率43%) | 🟠 有效样本少(n=1677)
2025-12-09 16:00:00,0.12,0.2006016534595003,0.41,0.0879440532914713,昱中科技光伏: 🔵 0值过多(零值率61%) | 🟠 有效样本少(n=1148) | 首耀清墩光伏: 🔵 0值偏多(零值率43%) | 🟠 有效样本少(n=1677)
2025-12-09 17:00:00,0.0,0.0,0.41,0.0112112020979061,昱中科技光伏: 🔵 0值过多(零值率61%) | 🟠 有效样本少(n=1148) | 首耀清墩光伏: 🔵 0值偏多(零值率43%) | 🟠 有效样本少(n=1677)
2025-12-09 18:00:00,0.0,0.0,0.41,9.474915977147742e-05,昱中科技光伏: 🔵 0值过多(零值率61%) | 🟠 有效样本少(n=1148) | 首耀清墩光伏: 🔵 0值偏多(零值率43%) | 🟠 有效样本少(n=1677)
2025-12-09 19:00:00,0.0,0.0,0.41,0.0009044295449259,昱中科技光伏: 🔵 0值过多(零值率61%) | 🟠 有效样本少(n=1148) | 首耀清墩光伏: 🔵 0值偏多(零值率43%) | 🟠 有效样本少(n=1677)
2025-12-09 20:00:00,0.0,0.0,0.0,0.0,昱中科技光伏: 🔵 0值过多(零值率61%) | 🟠 有效样本少(n=1148) | 首耀清墩光伏: 🔵 0值偏多(零值率43%) | 🟠 有效样本少(n=1677)
2025-12-09 21:00:00,0.0,0.0,0.0,0.0,昱中科技光伏: 🔵 0值过多(零值率61%) | 🟠 有效样本少(n=1148) | 首耀清墩光伏: 🔵 0值偏多(零值率43%) | 🟠 有效样本少(n=1677)
2025-12-09 22:00:00,0.0,0.0,0.0,0.0,昱中科技光伏: 🔵 0值过多(零值率61%) | 🟠 有效样本少(n=1148) | 首耀清墩光伏: 🔵 0值偏多(零值率43%) | 🟠 有效样本少(n=1677)
2025-12-09 23:00:00,0.0,0.0,0.0,0.0,昱中科技光伏: 🔵 0值过多(零值率61%) | 🟠 有效样本少(n=1148) | 首耀清墩光伏: 🔵 0值偏多(零值率43%) | 🟠 有效样本少(n=1677)
2025-12-10 00:00:00,0.0,0.0,0.0,0.0,昱中科技光伏: 🔵 0值过多(零值率61%) | 🟠 有效样本少(n=1148) | 首耀清墩光伏: 🔵 0值偏多(零值率43%) | 🟠 有效样本少(n=1677)
2025-12-10 01:00:00,0.0,0.0,0.0,0.0,昱中科技光伏: 🔵 0值过多(零值率61%) | 🟠 有效样本少(n=1148) | 首耀清墩光伏: 🔵 0值偏多(零值率43%) | 🟠 有效样本少(n=1677)
2025-12-10 02:00:00,0.0,0.0,0.0,0.0,昱中科技光伏: 🔵 0值过多(零值率61%) | 🟠 有效样本少(n=1148) | 首耀清墩光伏: 🔵 0值偏多(零值率43%) | 🟠 有效样本少(n=1677)
2025-12-10 03:00:00,0.0,0.0,0.0,0.0,昱中科技光伏: 🔵 0值过多(零值率61%) | 🟠 有效样本少(n=1148) | 首耀清墩光伏: 🔵 0值偏多(零值率43%) | 🟠 有效样本少(n=1677)
2025-12-10 04:00:00,0.0,0.0,0.0,0.0,昱中科技光伏: 🔵 0值过多(零值率61%) | 🟠 有效样本少(n=1148) | 首耀清墩光伏: 🔵 0值偏多(零值率43%) | 🟠 有效样本少(n=1677)
2025-12-10 05:00:00,0.0,0.0,0.0,0.0,昱中科技光伏: 🔵 0值过多(零值率61%) | 🟠 有效样本少(n=1148) | 首耀清墩光伏: 🔵 0值偏多(零值率43%) | 🟠 有效样本少(n=1677)
2025-12-10 06:00:00,0.0,0.0,0.41,0.0028454071767868,昱中科技光伏: 🔵 0值过多(零值率61%) | 🟠 有效样本少(n=1148) | 首耀清墩光伏: 🔵 0值偏多(零值率43%) | 🟠 有效样本少(n=1677)
2025-12-10 07:00:00,0.0,0.0,0.41,0.0040209147622296,昱中科技光伏: 🔵 0值过多(零值率61%) | 🟠 有效样本少(n=1148) | 首耀清墩光伏: 🔵 0值偏多(零值率43%) | 🟠 有效样本少(n=1677)
2025-12-10 08:00:00,0.2,0.092287161334661,0.41,0.0776049692994726,昱中科技光伏: 🔵 0值过多(零值率61%) | 🟠 有效样本少(n=1148) | 首耀清墩光伏: 🔵 0值偏多(零值率43%) | 🟠 有效样本少(n=1677)
2025-12-10 09:00:00,0.35,0.5560222035427841,0.41,0.2664468617216204,昱中科技光伏: 🔵 0值过多(零值率61%) | 🟠 有效样本少(n=1148) | 首耀清墩光伏: 🔵 0值偏多(零值率43%) | 🟠 有效样本少(n=1677)
2025-12-10 10:00:00,0.31,0.9610802349276146,0.41,0.4709504814861465,昱中科技光伏: 🔵 0值过多(零值率61%) | 🟠 有效样本少(n=1148) | 首耀清墩光伏: 🔵 0值偏多(零值率43%) | 🟠 有效样本少(n=1677)
2025-12-10 11:00:00,0.7,1.1300256017428405,0.41,0.5539401599479131,昱中科技光伏: 🔵 0值过多(零值率61%) | 🟠 有效样本少(n=1148) | 首耀清墩光伏: 🔵 0值偏多(零值率43%) | 🟠 有效样本少(n=1677)
2025-12-10 12:00:00,0.73,1.0981451543531098,0.41,0.4765724606923052,昱中科技光伏: 🔵 0值过多(零值率61%) | 🟠 有效样本少(n=1148) | 首耀清墩光伏: 🔵 0值偏多(零值率43%) | 🟠 有效样本少(n=1677)
2025-12-10 13:00:00,0.42,0.9900182480085992,0.41,0.4754737036440367,昱中科技光伏: 🔵 0值过多(零值率61%) | 🟠 有效样本少(n=1148) | 首耀清墩光伏: 🔵 0值偏多(零值率43%) | 🟠 有效样本少(n=1677)
2025-12-10 14:00:00,0.73,0.7750967472192024,0.41,0.3145426294440324,昱中科技光伏: 🔵 0值过多(零值率61%) | 🟠 有效样本少(n=1148) | 首耀清墩光伏: 🔵 0值偏多(零值率43%) | 🟠 有效样本少(n=1677)
2025-12-10 15:00:00,0.44,0.3874715692684705,0.41,0.1345532887915,昱中科技光伏: 🔵 0值过多(零值率61%) | 🟠 有效样本少(n=1148) | 首耀清墩光伏: 🔵 0值偏多(零值率43%) | 🟠 有效样本少(n=1677)
2025-12-10 16:00:00,0.13,0.1605384763495976,0.41,0.0678051906809497,昱中科技光伏: 🔵 0值过多(零值率61%) | 🟠 有效样本少(n=1148) | 首耀清墩光伏: 🔵 0值偏多(零值率43%) | 🟠 有效样本少(n=1677)
2025-12-10 17:00:00,0.0,0.0,0.41,0.0106745038104758,昱中科技光伏: 🔵 0值过多(零值率61%) | 🟠 有效样本少(n=1148) | 首耀清墩光伏: 🔵 0值偏多(零值率43%) | 🟠 有效样本少(n=1677)
2025-12-10 18:00:00,0.0,0.0,0.41,0.0001366681250083,昱中科技光伏: 🔵 0值过多(零值率61%) | 🟠 有效样本少(n=1148) | 首耀清墩光伏: 🔵 0值偏多(零值率43%) | 🟠 有效样本少(n=1677)
2025-12-10 19:00:00,0.0,0.0,0.41,0.0009470322788015,昱中科技光伏: 🔵 0值过多(零值率61%) | 🟠 有效样本少(n=1148) | 首耀清墩光伏: 🔵 0值偏多(零值率43%) | 🟠 有效样本少(n=1677)
2025-12-10 20:00:00,0.0,0.0,0.0,0.0,昱中科技光伏: 🔵 0值过多(零值率61%) | 🟠 有效样本少(n=1148) | 首耀清墩光伏: 🔵 0值偏多(零值率43%) | 🟠 有效样本少(n=1677)
2025-12-10 21:00:00,0.0,0.0,0.0,0.0,昱中科技光伏: 🔵 0值过多(零值率61%) | 🟠 有效样本少(n=1148) | 首耀清墩光伏: 🔵 0值偏多(零值率43%) | 🟠 有效样本少(n=1677)
2025-12-10 22:00:00,0.0,0.0,0.0,0.0,昱中科技光伏: 🔵 0值过多(零值率61%) | 🟠 有效样本少(n=1148) | 首耀清墩光伏: 🔵 0值偏多(零值率43%) | 🟠 有效样本少(n=1677)
2025-12-10 23:00:00,0.0,0.0,0.0,0.0,昱中科技光伏: 🔵 0值过多(零值率61%) | 🟠 有效样本少(n=1148) | 首耀清墩光伏: 🔵 0值偏多(零值率43%) | 🟠 有效样本少(n=1677)
2025-12-11 00:00:00,0.0,0.0,0.0,0.0,昱中科技光伏: 🔵 0值过多(零值率61%) | 🟠 有效样本少(n=1148) | 首耀清墩光伏: 🔵 0值偏多(零值率43%) | 🟠 有效样本少(n=1677)
2025-12-11 01:00:00,0.0,0.0,0.0,0.0,昱中科技光伏: 🔵 0值过多(零值率61%) | 🟠 有效样本少(n=1148) | 首耀清墩光伏: 🔵 0值偏多(零值率43%) | 🟠 有效样本少(n=1677)
2025-12-11 02:00:00,0.0,0.0,0.0,0.0,昱中科技光伏: 🔵 0值过多(零值率61%) | 🟠 有效样本少(n=1148) | 首耀清墩光伏: 🔵 0值偏多(零值率43%) | 🟠 有效样本少(n=1677)
2025-12-11 03:00:00,0.0,0.0,0.0,0.0,昱中科技光伏: 🔵 0值过多(零值率61%) | 🟠 有效样本少(n=1148) | 首耀清墩光伏: 🔵 0值偏多(零值率43%) | 🟠 有效样本少(n=1677)
2025-12-11 04:00:00,0.0,0.0,0.0,0.0,昱中科技光伏: 🔵 0值过多(零值率61%) | 🟠 有效样本少(n=1148) | 首耀清墩光伏: 🔵 0值偏多(零值率43%) | 🟠 有效样本少(n=1677)
2025-12-11 05:00:00,0.0,0.0,0.0,0.0,昱中科技光伏: 🔵 0值过多(零值率61%) | 🟠 有效样本少(n=1148) | 首耀清墩光伏: 🔵 0值偏多(零值率43%) | 🟠 有效样本少(n=1677)
2025-12-11 06:00:00,0.0,0.0,0.41,0.0022136080134156,昱中科技光伏: 🔵 0值过多(零值率61%) | 🟠 有效样本少(n=1148) | 首耀清墩光伏: 🔵 0值偏多(零值率43%) | 🟠 有效样本少(n=1677)
2025-12-11 07:00:00,0.0,0.0,0.41,0.0038442821804349,昱中科技光伏: 🔵 0值过多(零值率61%) | 🟠 有效样本少(n=1148) | 首耀清墩光伏: 🔵 0值偏多(零值率43%) | 🟠 有效样本少(n=1677)
2025-12-11 08:00:00,0.13,0.0981690885359186,0.41,0.0783960042697192,昱中科技光伏: 🔵 0值过多(零值率61%) | 🟠 有效样本少(n=1148) | 首耀清墩光伏: 🔵 0值偏多(零值率43%) | 🟠 有效样本少(n=1677)
2025-12-11 09:00:00,0.07,0.406321589859608,0.41,0.225139780256647,昱中科技光伏: 🔵 0值过多(零值率61%) | 🟠 有效样本少(n=1148) | 首耀清墩光伏: 🔵 0值偏多(零值率43%) | 🟠 有效样本少(n=1677)
2025-12-11 10:00:00,0.2,0.5410879519229214,0.41,0.2609310395060403,昱中科技光伏: 🔵 0值过多(零值率61%) | 🟠 有效样本少(n=1148) | 首耀清墩光伏: 🔵 0值偏多(零值率43%) | 🟠 有效样本少(n=1677)
2025-12-11 11:00:00,0.3,0.6310854459551006,0.41,0.3562805790726617,昱中科技光伏: 🔵 0值过多(零值率61%) | 🟠 有效样本少(n=1148) | 首耀清墩光伏: 🔵 0值偏多(零值率43%) | 🟠 有效样本少(n=1677)
2025-12-11 12:00:00,0.37,0.669144096722117,0.41,0.3262541613828083,昱中科技光伏: 🔵 0值过多(零值率61%) | 🟠 有效样本少(n=1148) | 首耀清墩光伏: 🔵 0值偏多(零值率43%) | 🟠 有效样本少(n=1677)
2025-12-11 13:00:00,0.46,0.5781915886503556,0.41,0.2343710486117941,昱中科技光伏: 🔵 0值过多(零值率61%) | 🟠 有效样本少(n=1148) | 首耀清墩光伏: 🔵 0值偏多(零值率43%) | 🟠 有效样本少(n=1677)
2025-12-11 14:00:00,0.4,0.3986303042664288,0.41,0.171056290400558,昱中科技光伏: 🔵 0值过多(零值率61%) | 🟠 有效样本少(n=1148) | 首耀清墩光伏: 🔵 0值偏多(零值率43%) | 🟠 有效样本少(n=1677)
2025-12-11 15:00:00,0.2,0.3638877504563806,0.41,0.1492809153434102,昱中科技光伏: 🔵 0值过多(零值率61%) | 🟠 有效样本少(n=1148) | 首耀清墩光伏: 🔵 0值偏多(零值率43%) | 🟠 有效样本少(n=1677)
2025-12-11 16:00:00,0.0,0.0730289632282526,0.41,0.0649756533318748,昱中科技光伏: 🔵 0值过多(零值率61%) | 🟠 有效样本少(n=1148) | 首耀清墩光伏: 🔵 0值偏多(零值率43%) | 🟠 有效样本少(n=1677)
2025-12-11 17:00:00,0.0,0.0,0.41,0.0092262769286427,昱中科技光伏: 🔵 0值过多(零值率61%) | 🟠 有效样本少(n=1148) | 首耀清墩光伏: 🔵 0值偏多(零值率43%) | 🟠 有效样本少(n=1677)
2025-12-11 18:00:00,0.0,0.0,0.41,0.0001260285479602,昱中科技光伏: 🔵 0值过多(零值率61%) | 🟠 有效样本少(n=1148) | 首耀清墩光伏: 🔵 0值偏多(零值率43%) | 🟠 有效样本少(n=1677)
2025-12-11 19:00:00,0.0,0.0,0.41,8.293778794089915e-05,昱中科技光伏: 🔵 0值过多(零值率61%) | 🟠 有效样本少(n=1148) | 首耀清墩光伏: 🔵 0值偏多(零值率43%) | 🟠 有效样本少(n=1677)
2025-12-11 20:00:00,0.0,0.0,0.0,0.0,昱中科技光伏: 🔵 0值过多(零值率61%) | 🟠 有效样本少(n=1148) | 首耀清墩光伏: 🔵 0值偏多(零值率43%) | 🟠 有效样本少(n=1677)
2025-12-11 21:00:00,0.0,0.0,0.0,0.0,昱中科技光伏: 🔵 0值过多(零值率61%) | 🟠 有效样本少(n=1148) | 首耀清墩光伏: 🔵 0值偏多(零值率43%) | 🟠 有效样本少(n=1677)
2025-12-11 22:00:00,0.0,0.0,0.0,0.0,昱中科技光伏: 🔵 0值过多(零值率61%) | 🟠 有效样本少(n=1148) | 首耀清墩光伏: 🔵 0值偏多(零值率43%) | 🟠 有效样本少(n=1677)
2025-12-11 23:00:00,0.0,0.0,0.0,0.0,昱中科技光伏: 🔵 0值过多(零值率61%) | 🟠 有效样本少(n=1148) | 首耀清墩光伏: 🔵 0值偏多(零值率43%) | 🟠 有效样本少(n=1677)
2025-12-12 00:00:00,0.0,0.0,0.0,0.0,昱中科技光伏: 🔵 0值过多(零值率61%) | 🟠 有效样本少(n=1148) | 首耀清墩光伏: 🔵 0值偏多(零值率43%) | 🟠 有效样本少(n=1677)
2025-12-12 01:00:00,0.0,0.0,0.0,0.0,昱中科技光伏: 🔵 0值过多(零值率61%) | 🟠 有效样本少(n=1148) | 首耀清墩光伏: 🔵 0值偏多(零值率43%) | 🟠 有效样本少(n=1677)
2025-12-12 02:00:00,0.0,0.0,0.0,0.0,昱中科技光伏: 🔵 0值过多(零值率61%) | 🟠 有效样本少(n=1148) | 首耀清墩光伏: 🔵 0值偏多(零值率43%) | 🟠 有效样本少(n=1677)
2025-12-12 03:00:00,0.0,0.0,0.0,0.0,昱中科技光伏: 🔵 0值过多(零值率61%) | 🟠 有效样本少(n=1148) | 首耀清墩光伏: 🔵 0值偏多(零值率43%) | 🟠 有效样本少(n=1677)
2025-12-12 04:00:00,0.0,0.0,0.0,0.0,昱中科技光伏: 🔵 0值过多(零值率61%) | 🟠 有效样本少(n=1148) | 首耀清墩光伏: 🔵 0值偏多(零值率43%) | 🟠 有效样本少(n=1677)
2025-12-12 05:00:00,0.0,0.0,0.0,0.0,昱中科技光伏: 🔵 0值过多(零值率61%) | 🟠 有效样本少(n=1148) | 首耀清墩光伏: 🔵 0值偏多(零值率43%) | 🟠 有效样本少(n=1677)
2025-12-12 06:00:00,0.0,0.0,0.41,0.0021719042088679,昱中科技光伏: 🔵 0值过多(零值率61%) | 🟠 有效样本少(n=1148) | 首耀清墩光伏: 🔵 0值偏多(零值率43%) | 🟠 有效样本少(n=1677)
2025-12-12 07:00:00,0.0,0.0,0.41,0.003804462776578,昱中科技光伏: 🔵 0值过多(零值率61%) | 🟠 有效样本少(n=1148) | 首耀清墩光伏: 🔵 0值偏多(零值率43%) | 🟠 有效样本少(n=1677)
2025-12-12 08:00:00,0.0,0.0562431700756984,0.41,0.0330588637238077,昱中科技光伏: 🔵 0值过多(零值率61%) | 🟠 有效样本少(n=1148) | 首耀清墩光伏: 🔵 0值偏多(零值率43%) | 🟠 有效样本少(n=1677)
2025-12-12 09:00:00,0.0,0.1124455136087944,0.41,0.0703429537918458,昱中科技光伏: 🔵 0值过多(零值率61%) | 🟠 有效样本少(n=1148) | 首耀清墩光伏: 🔵 0值偏多(零值率43%) | 🟠 有效样本少(n=1677)
2025-12-12 10:00:00,0.07,0.1816548312941995,0.41,0.1117296109481742,昱中科技光伏: 🔵 0值过多(零值率61%) | 🟠 有效样本少(n=1148) | 首耀清墩光伏: 🔵 0值偏多(零值率43%) | 🟠 有效样本少(n=1677)
2025-12-12 11:00:00,0.73,0.2568737209634623,0.41,0.1512541417007226,昱中科技光伏: 🔵 0值过多(零值率61%) | 🟠 有效样本少(n=1148) | 首耀清墩光伏: 🔵 0值偏多(零值率43%) | 🟠 有效样本少(n=1677)
2025-12-12 12:00:00,0.28,0.2730045109044556,0.41,0.1646035354117268,昱中科技光伏: 🔵 0值过多(零值率61%) | 🟠 有效样本少(n=1148) | 首耀清墩光伏: 🔵 0值偏多(零值率43%) | 🟠 有效样本少(n=1677)
2025-12-12 13:00:00,0.27,0.2812776114409763,0.41,0.1577167114082078,昱中科技光伏: 🔵 0值过多(零值率61%) | 🟠 有效样本少(n=1148) | 首耀清墩光伏: 🔵 0值偏多(零值率43%) | 🟠 有效样本少(n=1677)
2025-12-12 14:00:00,0.19,0.1810017516346746,0.41,0.1038011138640417,昱中科技光伏: 🔵 0值过多(零值率61%) | 🟠 有效样本少(n=1148) | 首耀清墩光伏: 🔵 0值偏多(零值率43%) | 🟠 有效样本少(n=1677)
2025-12-12 15:00:00,0.0,0.1179877569043183,0.41,0.0636551088061217,昱中科技光伏: 🔵 0值过多(零值率61%) | 🟠 有效样本少(n=1148) | 首耀清墩光伏: 🔵 0值偏多(零值率43%) | 🟠 有效样本少(n=1677)
2025-12-12 16:00:00,0.0,0.0278867580964827,0.41,0.0321282121963812,昱中科技光伏: 🔵 0值过多(零值率61%) | 🟠 有效样本少(n=1148) | 首耀清墩光伏: 🔵 0值偏多(零值率43%) | 🟠 有效样本少(n=1677)
2025-12-12 17:00:00,0.0,0.0,0.41,0.0060256673569604,昱中科技光伏: 🔵 0值过多(零值率61%) | 🟠 有效样本少(n=1148) | 首耀清墩光伏: 🔵 0值偏多(零值率43%) | 🟠 有效样本少(n=1677)
2025-12-12 18:00:00,0.0,0.0,0.41,0.0001199446715044,昱中科技光伏: 🔵 0值过多(零值率61%) | 🟠 有效样本少(n=1148) | 首耀清墩光伏: 🔵 0值偏多(零值率43%) | 🟠 有效样本少(n=1677)
2025-12-12 19:00:00,0.0,0.0,0.41,0.0008637902368277,昱中科技光伏: 🔵 0值过多(零值率61%) | 🟠 有效样本少(n=1148) | 首耀清墩光伏: 🔵 0值偏多(零值率43%) | 🟠 有效样本少(n=1677)
2025-12-12 20:00:00,0.0,0.0,0.0,0.0,昱中科技光伏: 🔵 0值过多(零值率61%) | 🟠 有效样本少(n=1148) | 首耀清墩光伏: 🔵 0值偏多(零值率43%) | 🟠 有效样本少(n=1677)
2025-12-12 21:00:00,0.0,0.0,0.0,0.0,昱中科技光伏: 🔵 0值过多(零值率61%) | 🟠 有效样本少(n=1148) | 首耀清墩光伏: 🔵 0值偏多(零值率43%) | 🟠 有效样本少(n=1677)
2025-12-12 22:00:00,0.0,0.0,0.0,0.0,昱中科技光伏: 🔵 0值过多(零值率61%) | 🟠 有效样本少(n=1148) | 首耀清墩光伏: 🔵 0值偏多(零值率43%) | 🟠 有效样本少(n=1677)
2025-12-12 23:00:00,0.0,0.0,0.0,0.0,昱中科技光伏: 🔵 0值过多(零值率61%) | 🟠 有效样本少(n=1148) | 首耀清墩光伏: 🔵 0值偏多(零值率43%) | 🟠 有效样本少(n=1677)
2025-12-13 00:00:00,0.0,0.0,0.0,0.0,昱中科技光伏: 🔵 0值过多(零值率61%) | 🟠 有效样本少(n=1148) | 首耀清墩光伏: 🔵 0值偏多(零值率43%) | 🟠 有效样本少(n=1677)
2025-12-13 01:00:00,0.0,0.0,0.0,0.0,昱中科技光伏: 🔵 0值过多(零值率61%) | 🟠 有效样本少(n=1148) | 首耀清墩光伏: 🔵 0值偏多(零值率43%) | 🟠 有效样本少(n=1677)
2025-12-13 02:00:00,0.0,0.0,0.0,0.0,昱中科技光伏: 🔵 0值过多(零值率61%) | 🟠 有效样本少(n=1148) | 首耀清墩光伏: 🔵 0值偏多(零值率43%) | 🟠 有效样本少(n=1677)
2025-12-13 03:00:00,0.0,0.0,0.0,0.0,昱中科技光伏: 🔵 0值过多(零值率61%) | 🟠 有效样本少(n=1148) | 首耀清墩光伏: 🔵 0值偏多(零值率43%) | 🟠 有效样本少(n=1677)
2025-12-13 04:00:00,0.0,0.0,0.0,0.0,昱中科技光伏: 🔵 0值过多(零值率61%) | 🟠 有效样本少(n=1148) | 首耀清墩光伏: 🔵 0值偏多(零值率43%) | 🟠 有效样本少(n=1677)
2025-12-13 05:00:00,0.0,0.0,0.0,0.0,昱中科技光伏: 🔵 0值过多(零值率61%) | 🟠 有效样本少(n=1148) | 首耀清墩光伏: 🔵 0值偏多(零值率43%) | 🟠 有效样本少(n=1677)
2025-12-13 06:00:00,0.0,0.0,0.41,0.0025079199222106,昱中科技光伏: 🔵 0值过多(零值率61%) | 🟠 有效样本少(n=1148) | 首耀清墩光伏: 🔵 0值偏多(零值率43%) | 🟠 有效样本少(n=1677)
2025-12-13 07:00:00,0.0,0.0,0.41,0.0039098707090545,昱中科技光伏: 🔵 0值过多(零值率61%) | 🟠 有效样本少(n=1148) | 首耀清墩光伏: 🔵 0值偏多(零值率43%) | 🟠 有效样本少(n=1677)
2025-12-13 08:00:00,0.0,0.0633929141361441,0.41,0.0330656525933894,昱中科技光伏: 🔵 0值过多(零值率61%) | 🟠 有效样本少(n=1148) | 首耀清墩光伏: 🔵 0值偏多(零值率43%) | 🟠 有效样本少(n=1677)
2025-12-13 09:00:00,0.06,0.0804089721349677,0.41,0.0680813311894608,昱中科技光伏: 🔵 0值过多(零值率61%) | 🟠 有效样本少(n=1148) | 首耀清墩光伏: 🔵 0值偏多(零值率43%) | 🟠 有效样本少(n=1677)
2025-12-13 10:00:00,0.03,0.1769517193925233,0.41,0.1025520097415721,昱中科技光伏: 🔵 0值过多(零值率61%) | 🟠 有效样本少(n=1148) | 首耀清墩光伏: 🔵 0值偏多(零值率43%) | 🟠 有效样本少(n=1677)
2025-12-13 11:00:00,0.04,0.197213209945579,0.41,0.1283677972531902,昱中科技光伏: 🔵 0值过多(零值率61%) | 🟠 有效样本少(n=1148) | 首耀清墩光伏: 🔵 0值偏多(零值率43%) | 🟠 有效样本少(n=1677)
2025-12-13 12:00:00,0.09,0.2191496463341689,0.41,0.1351186840677661,昱中科技光伏: 🔵 0值过多(零值率61%) | 🟠 有效样本少(n=1148) | 首耀清墩光伏: 🔵 0值偏多(零值率43%) | 🟠 有效样本少(n=1677)
2025-12-13 13:00:00,0.2,0.5446889215512736,0.41,0.2491423164070959,昱中科技光伏: 🔵 0值过多(零值率61%) | 🟠 有效样本少(n=1148) | 首耀清墩光伏: 🔵 0值偏多(零值率43%) | 🟠 有效样本少(n=1677)
2025-12-13 14:00:00,0.0,0.4322218797550027,0.41,0.2299361488606852,昱中科技光伏: 🔵 0值过多(零值率61%) | 🟠 有效样本少(n=1148) | 首耀清墩光伏: 🔵 0值偏多(零值率43%) | 🟠 有效样本少(n=1677)
2025-12-13 15:00:00,0.06,0.1986004370707129,0.41,0.088598522965272,昱中科技光伏: 🔵 0值过多(零值率61%) | 🟠 有效样本少(n=1148) | 首耀清墩光伏: 🔵 0值偏多(零值率43%) | 🟠 有效样本少(n=1677)
2025-12-13 16:00:00,0.0,0.0797747722181242,0.41,0.0539515756807338,昱中科技光伏: 🔵 0值过多(零值率61%) | 🟠 有效样本少(n=1148) | 首耀清墩光伏: 🔵 0值偏多(零值率43%) | 🟠 有效样本少(n=1677)
2025-12-13 17:00:00,0.0,0.0,0.41,0.0077803471743359,昱中科技光伏: 🔵 0值过多(零值率61%) | 🟠 有效样本少(n=1148) | 首耀清墩光伏: 🔵 0值偏多(零值率43%) | 🟠 有效样本少(n=1677)
2025-12-13 18:00:00,0.0,0.0,0.41,0.0002163280744817,昱中科技光伏: 🔵 0值过多(零值率61%) | 🟠 有效样本少(n=1148) | 首耀清墩光伏: 🔵 0值偏多(零值率43%) | 🟠 有效样本少(n=1677)
2025-12-13 19:00:00,0.0,0.0,0.41,0.0009759964633568,昱中科技光伏: 🔵 0值过多(零值率61%) | 🟠 有效样本少(n=1148) | 首耀清墩光伏: 🔵 0值偏多(零值率43%) | 🟠 有效样本少(n=1677)
2025-12-13 20:00:00,0.0,0.0,0.0,0.0,昱中科技光伏: 🔵 0值过多(零值率61%) | 🟠 有效样本少(n=1148) | 首耀清墩光伏: 🔵 0值偏多(零值率43%) | 🟠 有效样本少(n=1677)
2025-12-13 21:00:00,0.0,0.0,0.0,0.0,昱中科技光伏: 🔵 0值过多(零值率61%) | 🟠 有效样本少(n=1148) | 首耀清墩光伏: 🔵 0值偏多(零值率43%) | 🟠 有效样本少(n=1677)
2025-12-13 22:00:00,0.0,0.0,0.0,0.0,昱中科技光伏: 🔵 0值过多(零值率61%) | 🟠 有效样本少(n=1148) | 首耀清墩光伏: 🔵 0值偏多(零值率43%) | 🟠 有效样本少(n=1677)
2025-12-13 23:00:00,0.0,0.0,0.0,0.0,昱中科技光伏: 🔵 0值过多(零值率61%) | 🟠 有效样本少(n=1148) | 首耀清墩光伏: 🔵 0值偏多(零值率43%) | 🟠 有效样本少(n=1677)
2025-12-14 00:00:00,0.0,0.0,0.0,0.0,昱中科技光伏: 🔵 0值过多(零值率61%) | 🟠 有效样本少(n=1148) | 首耀清墩光伏: 🔵 0值偏多(零值率43%) | 🟠 有效样本少(n=1677)
2025-12-14 01:00:00,0.0,0.0,0.0,0.0,昱中科技光伏: 🔵 0值过多(零值率61%) | 🟠 有效样本少(n=1148) | 首耀清墩光伏: 🔵 0值偏多(零值率43%) | 🟠 有效样本少(n=1677)
2025-12-14 02:00:00,0.0,0.0,0.0,0.0,昱中科技光伏: 🔵 0值过多(零值率61%) | 🟠 有效样本少(n=1148) | 首耀清墩光伏: 🔵 0值偏多(零值率43%) | 🟠 有效样本少(n=1677)
2025-12-14 03:00:00,0.0,0.0,0.0,0.0,昱中科技光伏: 🔵 0值过多(零值率61%) | 🟠 有效样本少(n=1148) | 首耀清墩光伏: 🔵 0值偏多(零值率43%) | 🟠 有效样本少(n=1677)
2025-12-14 04:00:00,0.0,0.0,0.0,0.0,昱中科技光伏: 🔵 0值过多(零值率61%) | 🟠 有效样本少(n=1148) | 首耀清墩光伏: 🔵 0值偏多(零值率43%) | 🟠 有效样本少(n=1677)
2025-12-14 05:00:00,0.0,0.0,0.0,0.0,昱中科技光伏: 🔵 0值过多(零值率61%) | 🟠 有效样本少(n=1148) | 首耀清墩光伏: 🔵 0值偏多(零值率43%) | 🟠 有效样本少(n=1677)
2025-12-14 06:00:00,0.0,0.0,0.41,0.0023583297491592,昱中科技光伏: 🔵 0值过多(零值率61%) | 🟠 有效样本少(n=1148) | 首耀清墩光伏: 🔵 0值偏多(零值率43%) | 🟠 有效样本少(n=1677)
2025-12-14 07:00:00,0.0,0.0,0.41,0.0038682073764036,昱中科技光伏: 🔵 0值过多(零值率61%) | 🟠 有效样本少(n=1148) | 首耀清墩光伏: 🔵 0值偏多(零值率43%) | 🟠 有效样本少(n=1677)
2025-12-14 08:00:00,0.15,0.1097372120530556,0.41,0.0850191868250931,昱中科技光伏: 🔵 0值过多(零值率61%) | 🟠 有效样本少(n=1148) | 首耀清墩光伏: 🔵 0值偏多(零值率43%) | 🟠 有效样本少(n=1677)
2025-12-14 09:00:00,0.53,0.6710428589164521,0.41,0.3364750425217626,昱中科技光伏: 🔵 0值过多(零值率61%) | 🟠 有效样本少(n=1148) | 首耀清墩光伏: 🔵 0值偏多(零值率43%) | 🟠 有效样本少(n=1677)
2025-12-14 10:00:00,0.93,1.080515231131756,0.41,0.5348261837979809,昱中科技光伏: 🔵 0值过多(零值率61%) | 🟠 有效样本少(n=1148) | 首耀清墩光伏: 🔵 0值偏多(零值率43%) | 🟠 有效样本少(n=1677)
2025-12-14 11:00:00,1.12,1.1987725012143648,0.41,0.5623941331438382,昱中科技光伏: 🔵 0值过多(零值率61%) | 🟠 有效样本少(n=1148) | 首耀清墩光伏: 🔵 0值偏多(零值率43%) | 🟠 有效样本少(n=1677)
2025-12-14 12:00:00,1.21,1.2495592674461713,0.41,0.5680639389771533,昱中科技光伏: 🔵 0值过多(零值率61%) | 🟠 有效样本少(n=1148) | 首耀清墩光伏: 🔵 0值偏多(零值率43%) | 🟠 有效样本少(n=1677)
2025-12-14 13:00:00,1.12,1.1796174325408058,0.41,0.5412704101115372,昱中科技光伏: 🔵 0值过多(零值率61%) | 🟠 有效样本少(n=1148) | 首耀清墩光伏: 🔵 0值偏多(零值率43%) | 🟠 有效样本少(n=1677)
2025-12-14 14:00:00,0.91,0.954237017594343,0.41,0.445194365564839,昱中科技光伏: 🔵 0值过多(零值率61%) | 🟠 有效样本少(n=1148) | 首耀清墩光伏: 🔵 0值偏多(零值率43%) | 🟠 有效样本少(n=1677)
2025-12-14 15:00:00,0.54,0.7116518338347577,0.41,0.2773464778547692,昱中科技光伏: 🔵 0值过多(零值率61%) | 🟠 有效样本少(n=1148) | 首耀清墩光伏: 🔵 0值偏多(零值率43%) | 🟠 有效样本少(n=1677)
2025-12-14 16:00:00,0.15,0.2329698464037015,0.41,0.1061046484292608,昱中科技光伏: 🔵 0值过多(零值率61%) | 🟠 有效样本少(n=1148) | 首耀清墩光伏: 🔵 0值偏多(零值率43%) | 🟠 有效样本少(n=1677)
2025-12-14 17:00:00,0.0,0.0,0.41,0.0139822424747094,昱中科技光伏: 🔵 0值过多(零值率61%) | 🟠 有效样本少(n=1148) | 首耀清墩光伏: 🔵 0值偏多(零值率43%) | 🟠 有效样本少(n=1677)
2025-12-14 18:00:00,0.0,0.0,0.41,8.08477554578965e-05,昱中科技光伏: 🔵 0值过多(零值率61%) | 🟠 有效样本少(n=1148) | 首耀清墩光伏: 🔵 0值偏多(零值率43%) | 🟠 有效样本少(n=1677)
2025-12-14 19:00:00,0.0,0.0,0.41,0.0013259910394498,昱中科技光伏: 🔵 0值过多(零值率61%) | 🟠 有效样本少(n=1148) | 首耀清墩光伏: 🔵 0值偏多(零值率43%) | 🟠 有效样本少(n=1677)
2025-12-14 20:00:00,0.0,0.0,0.0,0.0,昱中科技光伏: 🔵 0值过多(零值率61%) | 🟠 有效样本少(n=1148) | 首耀清墩光伏: 🔵 0值偏多(零值率43%) | 🟠 有效样本少(n=1677)
2025-12-14 21:00:00,0.0,0.0,0.0,0.0,昱中科技光伏: 🔵 0值过多(零值率61%) | 🟠 有效样本少(n=1148) | 首耀清墩光伏: 🔵 0值偏多(零值率43%) | 🟠 有效样本少(n=1677)
2025-12-14 22:00:00,0.0,0.0,0.0,0.0,昱中科技光伏: 🔵 0值过多(零值率61%) | 🟠 有效样本少(n=1148) | 首耀清墩光伏: 🔵 0值偏多(零值率43%) | 🟠 有效样本少(n=1677)
2025-12-14 23:00:00,0.0,0.0,0.0,0.0,昱中科技光伏: 🔵 0值过多(零值率61%) | 🟠 有效样本少(n=1148) | 首耀清墩光伏: 🔵 0值偏多(零值率43%) | 🟠 有效样本少(n=1677)
2025-12-15 00:00:00,0.0,0.0,0.0,0.0,昱中科技光伏: 🔵 0值过多(零值率61%) | 🟠 有效样本少(n=1148) | 首耀清墩光伏: 🔵 0值偏多(零值率43%) | 🟠 有效样本少(n=1677)
2025-12-15 01:00:00,0.0,0.0,0.0,0.0,昱中科技光伏: 🔵 0值过多(零值率61%) | 🟠 有效样本少(n=1148) | 首耀清墩光伏: 🔵 0值偏多(零值率43%) | 🟠 有效样本少(n=1677)
2025-12-15 02:00:00,0.0,0.0,0.0,0.0,昱中科技光伏: 🔵 0值过多(零值率61%) | 🟠 有效样本少(n=1148) | 首耀清墩光伏: 🔵 0值偏多(零值率43%) | 🟠 有效样本少(n=1677)
2025-12-15 03:00:00,0.0,0.0,0.0,0.0,昱中科技光伏: 🔵 0值过多(零值率61%) | 🟠 有效样本少(n=1148) | 首耀清墩光伏: 🔵 0值偏多(零值率43%) | 🟠 有效样本少(n=1677)
2025-12-15 04:00:00,0.0,0.0,0.0,0.0,昱中科技光伏: 🔵 0值过多(零值率61%) | 🟠 有效样本少(n=1148) | 首耀清墩光伏: 🔵 0值偏多(零值率43%) | 🟠 有效样本少(n=1677)
2025-12-15 05:00:00,0.0,0.0,0.0,0.0,昱中科技光伏: 🔵 0值过多(零值率61%) | 🟠 有效样本少(n=1148) | 首耀清墩光伏: 🔵 0值偏多(零值率43%) | 🟠 有效样本少(n=1677)
2025-12-15 06:00:00,0.0,0.0,0.41,0.0023074505391924,昱中科技光伏: 🔵 0值过多(零值率61%) | 🟠 有效样本少(n=1148) | 首耀清墩光伏: 🔵 0值偏多(零值率43%) | 🟠 有效样本少(n=1677)
2025-12-15 07:00:00,0.0,0.0,0.41,0.0038679721109355,昱中科技光伏: 🔵 0值过多(零值率61%) | 🟠 有效样本少(n=1148) | 首耀清墩光伏: 🔵 0值偏多(零值率43%) | 🟠 有效样本少(n=1677)
2025-12-15 08:00:00,0.19,0.1077674576933151,0.41,0.0823104556325674,昱中科技光伏: 🔵 0值过多(零值率61%) | 🟠 有效样本少(n=1148) | 首耀清墩光伏: 🔵 0值偏多(零值率43%) | 🟠 有效样本少(n=1677)
2025-12-15 09:00:00,0.57,0.643394714938534,0.41,0.328188348306998,昱中科技光伏: 🔵 0值过多(零值率61%) | 🟠 有效样本少(n=1148) | 首耀清墩光伏: 🔵 0值偏多(零值率43%) | 🟠 有效样本少(n=1677)
2025-12-15 10:00:00,0.97,1.0309458577623145,0.41,0.5115394581750871,昱中科技光伏: 🔵 0值过多(零值率61%) | 🟠 有效样本少(n=1148) | 首耀清墩光伏: 🔵 0值偏多(零值率43%) | 🟠 有效样本少(n=1677)
2025-12-15 11:00:00,1.16,1.225587016286096,0.41,0.5873595992914372,昱中科技光伏: 🔵 0值过多(零值率61%) | 🟠 有效样本少(n=1148) | 首耀清墩光伏: 🔵 0值偏多(零值率43%) | 🟠 有效样本少(n=1677)
2025-12-15 12:00:00,0.83,1.0358763427181783,0.41,0.501208521960946,昱中科技光伏: 🔵 0值过多(零值率61%) | 🟠 有效样本少(n=1148) | 首耀清墩光伏: 🔵 0值偏多(零值率43%) | 🟠 有效样本少(n=1677)
2025-12-15 13:00:00,1.12,1.0313797629338552,0.41,0.4676654849511393,昱中科技光伏: 🔵 0值过多(零值率61%) | 🟠 有效样本少(n=1148) | 首耀清墩光伏: 🔵 0值偏多(零值率43%) | 🟠 有效样本少(n=1677)
2025-12-15 14:00:00,0.87,0.9837362836588724,0.41,0.4460074337945472,昱中科技光伏: 🔵 0值过多(零值率61%) | 🟠 有效样本少(n=1148) | 首耀清墩光伏: 🔵 0值偏多(零值率43%) | 🟠 有效样本少(n=1677)
2025-12-15 15:00:00,0.52,0.6899071769028104,0.41,0.2540528167372344,昱中科技光伏: 🔵 0值过多(零值率61%) | 🟠 有效样本少(n=1148) | 首耀清墩光伏: 🔵 0值偏多(零值率43%) | 🟠 有效样本少(n=1677)
2025-12-15 16:00:00,0.14,0.2283199048135883,0.41,0.1023195330621671,昱中科技光伏: 🔵 0值过多(零值率61%) | 🟠 有效样本少(n=1148) | 首耀清墩光伏: 🔵 0值偏多(零值率43%) | 🟠 有效样本少(n=1677)
2025-12-15 17:00:00,0.0,0.0,0.41,0.0139388179692331,昱中科技光伏: 🔵 0值过多(零值率61%) | 🟠 有效样本少(n=1148) | 首耀清墩光伏: 🔵 0值偏多(零值率43%) | 🟠 有效样本少(n=1677)
2025-12-15 18:00:00,0.0,0.0,0.41,0.0001249916947164,昱中科技光伏: 🔵 0值过多(零值率61%) | 🟠 有效样本少(n=1148) | 首耀清墩光伏: 🔵 0值偏多(零值率43%) | 🟠 有效样本少(n=1677)
2025-12-15 19:00:00,0.0,0.0,0.41,0.0009417132238988,昱中科技光伏: 🔵 0值过多(零值率61%) | 🟠 有效样本少(n=1148) | 首耀清墩光伏: 🔵 0值偏多(零值率43%) | 🟠 有效样本少(n=1677)
2025-12-15 20:00:00,0.0,0.0,0.0,0.0,昱中科技光伏: 🔵 0值过多(零值率61%) | 🟠 有效样本少(n=1148) | 首耀清墩光伏: 🔵 0值偏多(零值率43%) | 🟠 有效样本少(n=1677)
2025-12-15 21:00:00,0.0,0.0,0.0,0.0,昱中科技光伏: 🔵 0值过多(零值率61%) | 🟠 有效样本少(n=1148) | 首耀清墩光伏: 🔵 0值偏多(零值率43%) | 🟠 有效样本少(n=1677)
2025-12-15 22:00:00,0.0,0.0,0.0,0.0,昱中科技光伏: 🔵 0值过多(零值率61%) | 🟠 有效样本少(n=1148) | 首耀清墩光伏: 🔵 0值偏多(零值率43%) | 🟠 有效样本少(n=1677)
2025-12-15 23:00:00,0.0,0.0,0.0,0.0,昱中科技光伏: 🔵 0值过多(零值率61%) | 🟠 有效样本少(n=1148) | 首耀清墩光伏: 🔵 0值偏多(零值率43%) | 🟠 有效样本少(n=1677)
2025-12-16 00:00:00,0.0,0.0,0.0,0.0,昱中科技光伏: 🔵 0值过多(零值率61%) | 🟠 有效样本少(n=1148) | 首耀清墩光伏: 🔵 0值偏多(零值率43%) | 🟠 有效样本少(n=1677)
2025-12-16 01:00:00,0.0,0.0,0.0,0.0,昱中科技光伏: 🔵 0值过多(零值率61%) | 🟠 有效样本少(n=1148) | 首耀清墩光伏: 🔵 0值偏多(零值率43%) | 🟠 有效样本少(n=1677)
2025-12-16 02:00:00,0.0,0.0,0.0,0.0,昱中科技光伏: 🔵 0值过多(零值率61%) | 🟠 有效样本少(n=1148) | 首耀清墩光伏: 🔵 0值偏多(零值率43%) | 🟠 有效样本少(n=1677)
2025-12-16 03:00:00,0.0,0.0,0.0,0.0,昱中科技光伏: 🔵 0值过多(零值率61%) | 🟠 有效样本少(n=1148) | 首耀清墩光伏: 🔵 0值偏多(零值率43%) | 🟠 有效样本少(n=1677)
2025-12-16 04:00:00,0.0,0.0,0.0,0.0,昱中科技光伏: 🔵 0值过多(零值率61%) | 🟠 有效样本少(n=1148) | 首耀清墩光伏: 🔵 0值偏多(零值率43%) | 🟠 有效样本少(n=1677)
2025-12-16 05:00:00,0.0,0.0,0.0,0.0,昱中科技光伏: 🔵 0值过多(零值率61%) | 🟠 有效样本少(n=1148) | 首耀清墩光伏: 🔵 0值偏多(零值率43%) | 🟠 有效样本少(n=1677)
2025-12-16 06:00:00,0.0,0.0,0.41,0.0028462545938991,昱中科技光伏: 🔵 0值过多(零值率61%) | 🟠 有效样本少(n=1148) | 首耀清墩光伏: 🔵 0值偏多(零值率43%) | 🟠 有效样本少(n=1677)
2025-12-16 07:00:00,0.0,0.0,0.41,0.0039553131845082,昱中科技光伏: 🔵 0值过多(零值率61%) | 🟠 有效样本少(n=1148) | 首耀清墩光伏: 🔵 0值偏多(零值率43%) | 🟠 有效样本少(n=1677)
2025-12-16 08:00:00,0.15,0.106212006824129,0.41,0.081720848136516,昱中科技光伏: 🔵 0值过多(零值率61%) | 🟠 有效样本少(n=1148) | 首耀清墩光伏: 🔵 0值偏多(零值率43%) | 🟠 有效样本少(n=1677)
2025-12-16 09:00:00,0.49,0.543091837681839,0.41,0.3256077761455977,昱中科技光伏: 🔵 0值过多(零值率61%) | 🟠 有效样本少(n=1148) | 首耀清墩光伏: 🔵 0值偏多(零值率43%) | 🟠 有效样本少(n=1677)
2025-12-16 10:00:00,0.8,0.983024871810956,0.41,0.4879632462702402,昱中科技光伏: 🔵 0值过多(零值率61%) | 🟠 有效样本少(n=1148) | 首耀清墩光伏: 🔵 0值偏多(零值率43%) | 🟠 有效样本少(n=1677)
2025-12-16 11:00:00,1.0,1.211841740290809,0.41,0.578961507218971,昱中科技光伏: 🔵 0值过多(零值率61%) | 🟠 有效样本少(n=1148) | 首耀清墩光伏: 🔵 0值偏多(零值率43%) | 🟠 有效样本少(n=1677)
2025-12-16 12:00:00,1.06,1.141950945596661,0.41,0.5239764818384023,昱中科技光伏: 🔵 0值过多(零值率61%) | 🟠 有效样本少(n=1148) | 首耀清墩光伏: 🔵 0值偏多(零值率43%) | 🟠 有效样本少(n=1677)
2025-12-16 13:00:00,0.98,1.0869157883264304,0.41,0.48775571505519,昱中科技光伏: 🔵 0值过多(零值率61%) | 🟠 有效样本少(n=1148) | 首耀清墩光伏: 🔵 0值偏多(零值率43%) | 🟠 有效样本少(n=1677)
2025-12-16 14:00:00,0.76,0.9609837924083254,0.41,0.4417164824223384,昱中科技光伏: 🔵 0值过多(零值率61%) | 🟠 有效样本少(n=1148) | 首耀清墩光伏: 🔵 0值偏多(零值率43%) | 🟠 有效样本少(n=1677)
2025-12-16 15:00:00,0.45,0.6777760264899654,0.41,0.2416122619413113,昱中科技光伏: 🔵 0值过多(零值率61%) | 🟠 有效样本少(n=1148) | 首耀清墩光伏: 🔵 0值偏多(零值率43%) | 🟠 有效样本少(n=1677)
2025-12-16 16:00:00,0.13,0.2187111541844353,0.41,0.0983420167702073,昱中科技光伏: 🔵 0值过多(零值率61%) | 🟠 有效样本少(n=1148) | 首耀清墩光伏: 🔵 0值偏多(零值率43%) | 🟠 有效样本少(n=1677)
2025-12-16 17:00:00,0.0,0.0,0.41,0.0134061134069441,昱中科技光伏: 🔵 0值过多(零值率61%) | 🟠 有效样本少(n=1148) | 首耀清墩光伏: 🔵 0值偏多(零值率43%) | 🟠 有效样本少(n=1677)
2025-12-16 18:00:00,0.0,0.0,0.41,0.0001001910842729,昱中科技光伏: 🔵 0值过多(零值率61%) | 🟠 有效样本少(n=1148) | 首耀清墩光伏: 🔵 0值偏多(零值率43%) | 🟠 有效样本少(n=1677)
2025-12-16 19:00:00,0.0,0.0,0.41,0.0009495203156364,昱中科技光伏: 🔵 0值过多(零值率61%) | 🟠 有效样本少(n=1148) | 首耀清墩光伏: 🔵 0值偏多(零值率43%) | 🟠 有效样本少(n=1677)
2025-12-16 20:00:00,0.0,0.0,0.0,0.0,昱中科技光伏: 🔵 0值过多(零值率61%) | 🟠 有效样本少(n=1148) | 首耀清墩光伏: 🔵 0值偏多(零值率43%) | 🟠 有效样本少(n=1677)
2025-12-16 21:00:00,0.0,0.0,0.0,0.0,昱中科技光伏: 🔵 0值过多(零值率61%) | 🟠 有效样本少(n=1148) | 首耀清墩光伏: 🔵 0值偏多(零值率43%) | 🟠 有效样本少(n=1677)
2025-12-16 22:00:00,0.0,0.0,0.0,0.0,昱中科技光伏: 🔵 0值过多(零值率61%) | 🟠 有效样本少(n=1148) | 首耀清墩光伏: 🔵 0值偏多(零值率43%) | 🟠 有效样本少(n=1677)
2025-12-16 23:00:00,0.0,0.0,0.0,0.0,昱中科技光伏: 🔵 0值过多(零值率61%) | 🟠 有效样本少(n=1148) | 首耀清墩光伏: 🔵 0值偏多(零值率43%) | 🟠 有效样本少(n=1677)
2025-12-17 00:00:00,0.0,0.0,0.0,0.0,昱中科技光伏: 🔵 0值过多(零值率61%) | 🟠 有效样本少(n=1148) | 首耀清墩光伏: 🔵 0值偏多(零值率43%) | 🟠 有效样本少(n=1677)
2025-12-17 01:00:00,0.0,0.0,0.0,0.0,昱中科技光伏: 🔵 0值过多(零值率61%) | 🟠 有效样本少(n=1148) | 首耀清墩光伏: 🔵 0值偏多(零值率43%) | 🟠 有效样本少(n=1677)
2025-12-17 02:00:00,0.0,0.0,0.0,0.0,昱中科技光伏: 🔵 0值过多(零值率61%) | 🟠 有效样本少(n=1148) | 首耀清墩光伏: 🔵 0值偏多(零值率43%) | 🟠 有效样本少(n=1677)
2025-12-17 03:00:00,0.0,0.0,0.0,0.0,昱中科技光伏: 🔵 0值过多(零值率61%) | 🟠 有效样本少(n=1148) | 首耀清墩光伏: 🔵 0值偏多(零值率43%) | 🟠 有效样本少(n=1677)
2025-12-17 04:00:00,0.0,0.0,0.0,0.0,昱中科技光伏: 🔵 0值过多(零值率61%) | 🟠 有效样本少(n=1148) | 首耀清墩光伏: 🔵 0值偏多(零值率43%) | 🟠 有效样本少(n=1677)
2025-12-17 05:00:00,0.0,0.0,0.0,0.0,昱中科技光伏: 🔵 0值过多(零值率61%) | 🟠 有效样本少(n=1148) | 首耀清墩光伏: 🔵 0值偏多(零值率43%) | 🟠 有效样本少(n=1677)
2025-12-17 06:00:00,0.0,0.0,0.41,0.0023076223236237,昱中科技光伏: 🔵 0值过多(零值率61%) | 🟠 有效样本少(n=1148) | 首耀清墩光伏: 🔵 0值偏多(零值率43%) | 🟠 有效样本少(n=1677)
2025-12-17 07:00:00,0.0,0.0,0.41,0.0038681749715955,昱中科技光伏: 🔵 0值过多(零值率61%) | 🟠 有效样本少(n=1148) | 首耀清墩光伏: 🔵 0值偏多(零值率43%) | 🟠 有效样本少(n=1677)
2025-12-17 08:00:00,0.16,0.1037721603738336,0.41,0.0830946858915537,昱中科技光伏: 🔵 0值过多(零值率61%) | 🟠 有效样本少(n=1148) | 首耀清墩光伏: 🔵 0值偏多(零值率43%) | 🟠 有效样本少(n=1677)
2025-12-17 09:00:00,0.53,0.6169999616427606,0.41,0.3190936134630747,昱中科技光伏: 🔵 0值过多(零值率61%) | 🟠 有效样本少(n=1148) | 首耀清墩光伏: 🔵 0值偏多(零值率43%) | 🟠 有效样本少(n=1677)
2025-12-17 10:00:00,0.89,1.0269957854068696,0.41,0.5091357690099354,昱中科技光伏: 🔵 0值过多(零值率61%) | 🟠 有效样本少(n=1148) | 首耀清墩光伏: 🔵 0值偏多(零值率43%) | 🟠 有效样本少(n=1677)
2025-12-17 11:00:00,1.12,1.2773979099106227,0.41,0.537172358592498,昱中科技光伏: 🔵 0值过多(零值率61%) | 🟠 有效样本少(n=1148) | 首耀清墩光伏: 🔵 0值偏多(零值率43%) | 🟠 有效样本少(n=1677)
2025-12-17 12:00:00,1.19,1.209091189382384,0.41,0.543345164525218,昱中科技光伏: 🔵 0值过多(零值率61%) | 🟠 有效样本少(n=1148) | 首耀清墩光伏: 🔵 0值偏多(零值率43%) | 🟠 有效样本少(n=1677)
2025-12-17 13:00:00,1.1,1.1544527743920772,0.41,0.5123081694567283,昱中科技光伏: 🔵 0值过多(零值率61%) | 🟠 有效样本少(n=1148) | 首耀清墩光伏: 🔵 0值偏多(零值率43%) | 🟠 有效样本少(n=1677)
2025-12-17 14:00:00,0.86,1.031015496049599,0.41,0.4304910636208422,昱中科技光伏: 🔵 0值过多(零值率61%) | 🟠 有效样本少(n=1148) | 首耀清墩光伏: 🔵 0值偏多(零值率43%) | 🟠 有效样本少(n=1677)
2025-12-17 15:00:00,0.52,0.7154841153637076,0.41,0.2711749707924535,昱中科技光伏: 🔵 0值过多(零值率61%) | 🟠 有效样本少(n=1148) | 首耀清墩光伏: 🔵 0值偏多(零值率43%) | 🟠 有效样本少(n=1677)
2025-12-17 16:00:00,0.14,0.2343565237473407,0.41,0.1063109738088189,昱中科技光伏: 🔵 0值过多(零值率61%) | 🟠 有效样本少(n=1148) | 首耀清墩光伏: 🔵 0值偏多(零值率43%) | 🟠 有效样本少(n=1677)
2025-12-17 17:00:00,0.0,0.0,0.41,0.014196011570616,昱中科技光伏: 🔵 0值过多(零值率61%) | 🟠 有效样本少(n=1148) | 首耀清墩光伏: 🔵 0值偏多(零值率43%) | 🟠 有效样本少(n=1677)
2025-12-17 18:00:00,0.0,0.0,0.41,7.746974464727133e-05,昱中科技光伏: 🔵 0值过多(零值率61%) | 🟠 有效样本少(n=1148) | 首耀清墩光伏: 🔵 0值偏多(零值率43%) | 🟠 有效样本少(n=1677)
2025-12-17 19:00:00,0.0,0.0,0.41,0.0011980216080396,昱中科技光伏: 🔵 0值过多(零值率61%) | 🟠 有效样本少(n=1148) | 首耀清墩光伏: 🔵 0值偏多(零值率43%) | 🟠 有效样本少(n=1677)
2025-12-17 20:00:00,0.0,0.0,0.0,0.0,昱中科技光伏: 🔵 0值过多(零值率61%) | 🟠 有效样本少(n=1148) | 首耀清墩光伏: 🔵 0值偏多(零值率43%) | 🟠 有效样本少(n=1677)
2025-12-17 21:00:00,0.0,0.0,0.0,0.0,昱中科技光伏: 🔵 0值过多(零值率61%) | 🟠 有效样本少(n=1148) | 首耀清墩光伏: 🔵 0值偏多(零值率43%) | 🟠 有效样本少(n=1677)
2025-12-17 22:00:00,0.0,0.0,0.0,0.0,昱中科技光伏: 🔵 0值过多(零值率61%) | 🟠 有效样本少(n=1148) | 首耀清墩光伏: 🔵 0值偏多(零值率43%) | 🟠 有效样本少(n=1677)
2025-12-17 23:00:00,0.0,0.0,0.0,0.0,昱中科技光伏: 🔵 0值过多(零值率61%) | 🟠 有效样本少(n=1148) | 首耀清墩光伏: 🔵 0值偏多(零值率43%) | 🟠 有效样本少(n=1677)
2025-12-18 00:00:00,0.0,0.0,0.0,0.0,昱中科技光伏: 🔵 0值过多(零值率61%) | 🟠 有效样本少(n=1148) | 首耀清墩光伏: 🔵 0值偏多(零值率43%) | 🟠 有效样本少(n=1677)
2025-12-18 01:00:00,0.0,0.0,0.0,0.0,昱中科技光伏: 🔵 0值过多(零值率61%) | 🟠 有效样本少(n=1148) | 首耀清墩光伏: 🔵 0值偏多(零值率43%) | 🟠 有效样本少(n=1677)
2025-12-18 02:00:00,0.0,0.0,0.0,0.0,昱中科技光伏: 🔵 0值过多(零值率61%) | 🟠 有效样本少(n=1148) | 首耀清墩光伏: 🔵 0值偏多(零值率43%) | 🟠 有效样本少(n=1677)
2025-12-18 03:00:00,0.0,0.0,0.0,0.0,昱中科技光伏: 🔵 0值过多(零值率61%) | 🟠 有效样本少(n=1148) | 首耀清墩光伏: 🔵 0值偏多(零值率43%) | 🟠 有效样本少(n=1677)
2025-12-18 04:00:00,0.0,0.0,0.0,0.0,昱中科技光伏: 🔵 0值过多(零值率61%) | 🟠 有效样本少(n=1148) | 首耀清墩光伏: 🔵 0值偏多(零值率43%) | 🟠 有效样本少(n=1677)
2025-12-18 05:00:00,0.0,0.0,0.0,0.0,昱中科技光伏: 🔵 0值过多(零值率61%) | 🟠 有效样本少(n=1148) | 首耀清墩光伏: 🔵 0值偏多(零值率43%) | 🟠 有效样本少(n=1677)
2025-12-18 06:00:00,0.0,0.0,0.41,0.0023200033236205,昱中科技光伏: 🔵 0值过多(零值率61%) | 🟠 有效样本少(n=1148) | 首耀清墩光伏: 🔵 0值偏多(零值率43%) | 🟠 有效样本少(n=1677)
2025-12-18 07:00:00,0.0,0.0,0.41,0.0034756650009844,昱中科技光伏: 🔵 0值过多(零值率61%) | 🟠 有效样本少(n=1148) | 首耀清墩光伏: 🔵 0值偏多(零值率43%) | 🟠 有效样本少(n=1677)
2025-12-18 08:00:00,0.17,0.1029775157025469,0.41,0.0785646264784829,昱中科技光伏: 🔵 0值过多(零值率61%) | 🟠 有效样本少(n=1148) | 首耀清墩光伏: 🔵 0值偏多(零值率43%) | 🟠 有效样本少(n=1677)
2025-12-18 09:00:00,0.57,0.5921342590591305,0.41,0.3046938549348981,昱中科技光伏: 🔵 0值过多(零值率61%) | 🟠 有效样本少(n=1148) | 首耀清墩光伏: 🔵 0值偏多(零值率43%) | 🟠 有效样本少(n=1677)
2025-12-18 10:00:00,0.92,1.006349072605922,0.41,0.4987560557256682,昱中科技光伏: 🔵 0值过多(零值率61%) | 🟠 有效样本少(n=1148) | 首耀清墩光伏: 🔵 0值偏多(零值率43%) | 🟠 有效样本少(n=1677)
2025-12-18 11:00:00,1.07,1.2564172124016066,0.41,0.5217397836986496,昱中科技光伏: 🔵 0值过多(零值率61%) | 🟠 有效样本少(n=1148) | 首耀清墩光伏: 🔵 0值偏多(零值率43%) | 🟠 有效样本少(n=1677)
2025-12-18 12:00:00,1.23,1.176175608158981,0.41,0.533018076245327,昱中科技光伏: 🔵 0值过多(零值率61%) | 🟠 有效样本少(n=1148) | 首耀清墩光伏: 🔵 0值偏多(零值率43%) | 🟠 有效样本少(n=1677)
2025-12-18 13:00:00,1.01,1.090763425481584,0.41,0.4923330740572145,昱中科技光伏: 🔵 0值过多(零值率61%) | 🟠 有效样本少(n=1148) | 首耀清墩光伏: 🔵 0值偏多(零值率43%) | 🟠 有效样本少(n=1677)
2025-12-18 14:00:00,0.87,0.8679195568952387,0.41,0.4077409145062879,昱中科技光伏: 🔵 0值过多(零值率61%) | 🟠 有效样本少(n=1148) | 首耀清墩光伏: 🔵 0值偏多(零值率43%) | 🟠 有效样本少(n=1677)
2025-12-18 15:00:00,0.51,0.661044731070289,0.41,0.2308021604380047,昱中科技光伏: 🔵 0值过多(零值率61%) | 🟠 有效样本少(n=1148) | 首耀清墩光伏: 🔵 0值偏多(零值率43%) | 🟠 有效样本少(n=1677)
2025-12-18 16:00:00,0.14,0.2178129810032968,0.41,0.098952381665474,昱中科技光伏: 🔵 0值过多(零值率61%) | 🟠 有效样本少(n=1148) | 首耀清墩光伏: 🔵 0值偏多(零值率43%) | 🟠 有效样本少(n=1677)
2025-12-18 17:00:00,0.0,0.0,0.41,0.0139416899033644,昱中科技光伏: 🔵 0值过多(零值率61%) | 🟠 有效样本少(n=1148) | 首耀清墩光伏: 🔵 0值偏多(零值率43%) | 🟠 有效样本少(n=1677)
2025-12-18 18:00:00,0.0,0.0,0.41,0.0001336725916844,昱中科技光伏: 🔵 0值过多(零值率61%) | 🟠 有效样本少(n=1148) | 首耀清墩光伏: 🔵 0值偏多(零值率43%) | 🟠 有效样本少(n=1677)
2025-12-18 19:00:00,0.0,0.0,0.41,0.0009494450680135,昱中科技光伏: 🔵 0值过多(零值率61%) | 🟠 有效样本少(n=1148) | 首耀清墩光伏: 🔵 0值偏多(零值率43%) | 🟠 有效样本少(n=1677)
2025-12-18 20:00:00,0.0,0.0,0.0,0.0,昱中科技光伏: 🔵 0值过多(零值率61%) | 🟠 有效样本少(n=1148) | 首耀清墩光伏: 🔵 0值偏多(零值率43%) | 🟠 有效样本少(n=1677)
2025-12-18 21:00:00,0.0,0.0,0.0,0.0,昱中科技光伏: 🔵 0值过多(零值率61%) | 🟠 有效样本少(n=1148) | 首耀清墩光伏: 🔵 0值偏多(零值率43%) | 🟠 有效样本少(n=1677)
2025-12-18 22:00:00,0.0,0.0,0.0,0.0,昱中科技光伏: 🔵 0值过多(零值率61%) | 🟠 有效样本少(n=1148) | 首耀清墩光伏: 🔵 0值偏多(零值率43%) | 🟠 有效样本少(n=1677)
2025-12-18 23:00:00,0.0,0.0,0.0,0.0,昱中科技光伏: 🔵 0值过多(零值率61%) | 🟠 有效样本少(n=1148) | 首耀清墩光伏: 🔵 0值偏多(零值率43%) | 🟠 有效样本少(n=1677)
2025-12-19 00:00:00,0.0,0.0,0.0,0.0,昱中科技光伏: 🔵 0值过多(零值率61%) | 🟠 有效样本少(n=1148) | 首耀清墩光伏: 🔵 0值偏多(零值率43%) | 🟠 有效样本少(n=1677)
2025-12-19 01:00:00,0.0,0.0,0.0,0.0,昱中科技光伏: 🔵 0值过多(零值率61%) | 🟠 有效样本少(n=1148) | 首耀清墩光伏: 🔵 0值偏多(零值率43%) | 🟠 有效样本少(n=1677)
2025-12-19 02:00:00,0.0,0.0,0.0,0.0,昱中科技光伏: 🔵 0值过多(零值率61%) | 🟠 有效样本少(n=1148) | 首耀清墩光伏: 🔵 0值偏多(零值率43%) | 🟠 有效样本少(n=1677)
2025-12-19 03:00:00,0.0,0.0,0.0,0.0,昱中科技光伏: 🔵 0值过多(零值率61%) | 🟠 有效样本少(n=1148) | 首耀清墩光伏: 🔵 0值偏多(零值率43%) | 🟠 有效样本少(n=1677)
2025-12-19 04:00:00,0.0,0.0,0.0,0.0,昱中科技光伏: 🔵 0值过多(零值率61%) | 🟠 有效样本少(n=1148) | 首耀清墩光伏: 🔵 0值偏多(零值率43%) | 🟠 有效样本少(n=1677)
2025-12-19 05:00:00,0.0,0.0,0.0,0.0,昱中科技光伏: 🔵 0值过多(零值率61%) | 🟠 有效样本少(n=1148) | 首耀清墩光伏: 🔵 0值偏多(零值率43%) | 🟠 有效样本少(n=1677)
2025-12-19 06:00:00,0.0,0.0,0.41,0.0028266319545003,昱中科技光伏: 🔵 0值过多(零值率61%) | 🟠 有效样本少(n=1148) | 首耀清墩光伏: 🔵 0值偏多(零值率43%) | 🟠 有效样本少(n=1677)
2025-12-19 07:00:00,0.0,0.0,0.41,0.0039593393826276,昱中科技光伏: 🔵 0值过多(零值率61%) | 🟠 有效样本少(n=1148) | 首耀清墩光伏: 🔵 0值偏多(零值率43%) | 🟠 有效样本少(n=1677)
2025-12-19 08:00:00,0.13,0.0609153801371432,0.41,0.0616637280853593,昱中科技光伏: 🔵 0值过多(零值率61%) | 🟠 有效样本少(n=1148) | 首耀清墩光伏: 🔵 0值偏多(零值率43%) | 🟠 有效样本少(n=1677)
2025-12-19 09:00:00,0.45,0.4969633537209327,0.41,0.2471048902947866,昱中科技光伏: 🔵 0值过多(零值率61%) | 🟠 有效样本少(n=1148) | 首耀清墩光伏: 🔵 0值偏多(零值率43%) | 🟠 有效样本少(n=1677)
2025-12-19 10:00:00,0.75,0.917204374691416,0.41,0.4535915059110819,昱中科技光伏: 🔵 0值过多(零值率61%) | 🟠 有效样本少(n=1148) | 首耀清墩光伏: 🔵 0值偏多(零值率43%) | 🟠 有效样本少(n=1677)
2025-12-19 11:00:00,0.86,1.128850957723924,0.41,0.5438825397863073,昱中科技光伏: 🔵 0值过多(零值率61%) | 🟠 有效样本少(n=1148) | 首耀清墩光伏: 🔵 0值偏多(零值率43%) | 🟠 有效样本少(n=1677)
2025-12-19 12:00:00,0.89,1.0804223899064116,0.41,0.4882495445770952,昱中科技光伏: 🔵 0值过多(零值率61%) | 🟠 有效样本少(n=1148) | 首耀清墩光伏: 🔵 0值偏多(零值率43%) | 🟠 有效样本少(n=1677)
2025-12-19 13:00:00,0.49,0.9727138697945328,0.41,0.4900256419983192,昱中科技光伏: 🔵 0值过多(零值率61%) | 🟠 有效样本少(n=1148) | 首耀清墩光伏: 🔵 0值偏多(零值率43%) | 🟠 有效样本少(n=1677)
2025-12-19 14:00:00,0.44,0.8706645360375866,0.41,0.3980170046889749,昱中科技光伏: 🔵 0值过多(零值率61%) | 🟠 有效样本少(n=1148) | 首耀清墩光伏: 🔵 0值偏多(零值率43%) | 🟠 有效样本少(n=1677)
2025-12-19 15:00:00,0.4,0.4117804601991532,0.41,0.1531247552279943,昱中科技光伏: 🔵 0值过多(零值率61%) | 🟠 有效样本少(n=1148) | 首耀清墩光伏: 🔵 0值偏多(零值率43%) | 🟠 有效样本少(n=1677)
2025-12-19 16:00:00,0.12,0.1733381046967026,0.41,0.0798856146709794,昱中科技光伏: 🔵 0值过多(零值率61%) | 🟠 有效样本少(n=1148) | 首耀清墩光伏: 🔵 0值偏多(零值率43%) | 🟠 有效样本少(n=1677)
2025-12-19 17:00:00,0.0,0.0,0.41,0.0129538574619053,昱中科技光伏: 🔵 0值过多(零值率61%) | 🟠 有效样本少(n=1148) | 首耀清墩光伏: 🔵 0值偏多(零值率43%) | 🟠 有效样本少(n=1677)
2025-12-19 18:00:00,0.0,0.0,0.41,0.0001820613610985,昱中科技光伏: 🔵 0值过多(零值率61%) | 🟠 有效样本少(n=1148) | 首耀清墩光伏: 🔵 0值偏多(零值率43%) | 🟠 有效样本少(n=1677)
2025-12-19 19:00:00,0.0,0.0,0.41,0.0009632698138813,昱中科技光伏: 🔵 0值过多(零值率61%) | 🟠 有效样本少(n=1148) | 首耀清墩光伏: 🔵 0值偏多(零值率43%) | 🟠 有效样本少(n=1677)
2025-12-19 20:00:00,0.0,0.0,0.0,0.0,昱中科技光伏: 🔵 0值过多(零值率61%) | 🟠 有效样本少(n=1148) | 首耀清墩光伏: 🔵 0值偏多(零值率43%) | 🟠 有效样本少(n=1677)
2025-12-19 21:00:00,0.0,0.0,0.0,0.0,昱中科技光伏: 🔵 0值过多(零值率61%) | 🟠 有效样本少(n=1148) | 首耀清墩光伏: 🔵 0值偏多(零值率43%) | 🟠 有效样本少(n=1677)
2025-12-19 22:00:00,0.0,0.0,0.0,0.0,昱中科技光伏: 🔵 0值过多(零值率61%) | 🟠 有效样本少(n=1148) | 首耀清墩光伏: 🔵 0值偏多(零值率43%) | 🟠 有效样本少(n=1677)
2025-12-19 23:00:00,0.0,0.0,0.0,0.0,昱中科技光伏: 🔵 0值过多(零值率61%) | 🟠 有效样本少(n=1148) | 首耀清墩光伏: 🔵 0值偏多(零值率43%) | 🟠 有效样本少(n=1677)
2025-12-20 00:00:00,0.0,0.0,0.0,0.0,昱中科技光伏: 🔵 0值过多(零值率61%) | 🟠 有效样本少(n=1148) | 首耀清墩光伏: 🔵 0值偏多(零值率43%) | 🟠 有效样本少(n=1677)
2025-12-20 01:00:00,0.0,0.0,0.0,0.0,昱中科技光伏: 🔵 0值过多(零值率61%) | 🟠 有效样本少(n=1148) | 首耀清墩光伏: 🔵 0值偏多(零值率43%) | 🟠 有效样本少(n=1677)
2025-12-20 02:00:00,0.0,0.0,0.0,0.0,昱中科技光伏: 🔵 0值过多(零值率61%) | 🟠 有效样本少(n=1148) | 首耀清墩光伏: 🔵 0值偏多(零值率43%) | 🟠 有效样本少(n=1677)
2025-12-20 03:00:00,0.0,0.0,0.0,0.0,昱中科技光伏: 🔵 0值过多(零值率61%) | 🟠 有效样本少(n=1148) | 首耀清墩光伏: 🔵 0值偏多(零值率43%) | 🟠 有效样本少(n=1677)
2025-12-20 04:00:00,0.0,0.0,0.0,0.0,昱中科技光伏: 🔵 0值过多(零值率61%) | 🟠 有效样本少(n=1148) | 首耀清墩光伏: 🔵 0值偏多(零值率43%) | 🟠 有效样本少(n=1677)
2025-12-20 05:00:00,0.0,0.0,0.0,0.0,昱中科技光伏: 🔵 0值过多(零值率61%) | 🟠 有效样本少(n=1148) | 首耀清墩光伏: 🔵 0值偏多(零值率43%) | 🟠 有效样本少(n=1677)
2025-12-20 06:00:00,0.0,0.0,0.41,0.0025116214660864,昱中科技光伏: 🔵 0值过多(零值率61%) | 🟠 有效样本少(n=1148) | 首耀清墩光伏: 🔵 0值偏多(零值率43%) | 🟠 有效样本少(n=1677)
2025-12-20 07:00:00,0.0,0.0,0.41,0.0041122803947618,昱中科技光伏: 🔵 0值过多(零值率61%) | 🟠 有效样本少(n=1148) | 首耀清墩光伏: 🔵 0值偏多(零值率43%) | 🟠 有效样本少(n=1677)
2025-12-20 08:00:00,0.07,0.0283115040987005,0.41,0.0487626252314926,昱中科技光伏: 🔵 0值过多(零值率61%) | 🟠 有效样本少(n=1148) | 首耀清墩光伏: 🔵 0值偏多(零值率43%) | 🟠 有效样本少(n=1677)
2025-12-20 09:00:00,0.06,0.3206452205378685,0.41,0.1433589679911794,昱中科技光伏: 🔵 0值过多(零值率61%) | 🟠 有效样本少(n=1148) | 首耀清墩光伏: 🔵 0值偏多(零值率43%) | 🟠 有效样本少(n=1677)
2025-12-20 10:00:00,0.29,0.568069021387897,0.41,0.2181140249097004,昱中科技光伏: 🔵 0值过多(零值率61%) | 🟠 有效样本少(n=1148) | 首耀清墩光伏: 🔵 0值偏多(零值率43%) | 🟠 有效样本少(n=1677)
2025-12-20 11:00:00,0.78,1.0023058061918024,0.41,0.4432225966432697,昱中科技光伏: 🔵 0值过多(零值率61%) | 🟠 有效样本少(n=1148) | 首耀清墩光伏: 🔵 0值偏多(零值率43%) | 🟠 有效样本少(n=1677)
2025-12-20 12:00:00,0.7,1.1665266686422302,0.41,0.5172190625904357,昱中科技光伏: 🔵 0值过多(零值率61%) | 🟠 有效样本少(n=1148) | 首耀清墩光伏: 🔵 0值偏多(零值率43%) | 🟠 有效样本少(n=1677)
2025-12-20 13:00:00,0.9,0.9159758987297172,0.41,0.4381094296522042,昱中科技光伏: 🔵 0值过多(零值率61%) | 🟠 有效样本少(n=1148) | 首耀清墩光伏: 🔵 0值偏多(零值率43%) | 🟠 有效样本少(n=1677)
2025-12-20 14:00:00,0.45,0.7111951088833074,0.41,0.2829972923888892,昱中科技光伏: 🔵 0值过多(零值率61%) | 🟠 有效样本少(n=1148) | 首耀清墩光伏: 🔵 0值偏多(零值率43%) | 🟠 有效样本少(n=1677)
2025-12-20 15:00:00,0.24,0.5720432562171884,0.41,0.2162815561502516,昱中科技光伏: 🔵 0值过多(零值率61%) | 🟠 有效样本少(n=1148) | 首耀清墩光伏: 🔵 0值偏多(零值率43%) | 🟠 有效样本少(n=1677)
2025-12-20 16:00:00,0.11,0.1857324545831028,0.41,0.0845542424116004,昱中科技光伏: 🔵 0值过多(零值率61%) | 🟠 有效样本少(n=1148) | 首耀清墩光伏: 🔵 0值偏多(零值率43%) | 🟠 有效样本少(n=1677)
2025-12-20 17:00:00,0.0,0.0,0.41,0.0121468169644786,昱中科技光伏: 🔵 0值过多(零值率61%) | 🟠 有效样本少(n=1148) | 首耀清墩光伏: 🔵 0值偏多(零值率43%) | 🟠 有效样本少(n=1677)
2025-12-20 18:00:00,0.0,0.0,0.41,0.0002156715364376,昱中科技光伏: 🔵 0值过多(零值率61%) | 🟠 有效样本少(n=1148) | 首耀清墩光伏: 🔵 0值偏多(零值率43%) | 🟠 有效样本少(n=1677)
2025-12-20 19:00:00,0.0,0.0,0.41,0.000878954869822,昱中科技光伏: 🔵 0值过多(零值率61%) | 🟠 有效样本少(n=1148) | 首耀清墩光伏: 🔵 0值偏多(零值率43%) | 🟠 有效样本少(n=1677)
2025-12-20 20:00:00,0.0,0.0,0.0,0.0,昱中科技光伏: 🔵 0值过多(零值率61%) | 🟠 有效样本少(n=1148) | 首耀清墩光伏: 🔵 0值偏多(零值率43%) | 🟠 有效样本少(n=1677)
2025-12-20 21:00:00,0.0,0.0,0.0,0.0,昱中科技光伏: 🔵 0值过多(零值率61%) | 🟠 有效样本少(n=1148) | 首耀清墩光伏: 🔵 0值偏多(零值率43%) | 🟠 有效样本少(n=1677)
2025-12-20 22:00:00,0.0,0.0,0.0,0.0,昱中科技光伏: 🔵 0值过多(零值率61%) | 🟠 有效样本少(n=1148) | 首耀清墩光伏: 🔵 0值偏多(零值率43%) | 🟠 有效样本少(n=1677)
2025-12-20 23:00:00,0.0,0.0,0.0,0.0,昱中科技光伏: 🔵 0值过多(零值率61%) | 🟠 有效样本少(n=1148) | 首耀清墩光伏: 🔵 0值偏多(零值率43%) | 🟠 有效样本少(n=1677)
2025-12-21 00:00:00,0.0,0.0,0.0,0.0,昱中科技光伏: 🔵 0值过多(零值率61%) | 🟠 有效样本少(n=1148) | 首耀清墩光伏: 🔵 0值偏多(零值率43%) | 🟠 有效样本少(n=1677)
2025-12-21 01:00:00,0.0,0.0,0.0,0.0,昱中科技光伏: 🔵 0值过多(零值率61%) | 🟠 有效样本少(n=1148) | 首耀清墩光伏: 🔵 0值偏多(零值率43%) | 🟠 有效样本少(n=1677)
2025-12-21 02:00:00,0.0,0.0,0.0,0.0,昱中科技光伏: 🔵 0值过多(零值率61%) | 🟠 有效样本少(n=1148) | 首耀清墩光伏: 🔵 0值偏多(零值率43%) | 🟠 有效样本少(n=1677)
2025-12-21 03:00:00,0.0,0.0,0.0,0.0,昱中科技光伏: 🔵 0值过多(零值率61%) | 🟠 有效样本少(n=1148) | 首耀清墩光伏: 🔵 0值偏多(零值率43%) | 🟠 有效样本少(n=1677)
2025-12-21 04:00:00,0.0,0.0,0.0,0.0,昱中科技光伏: 🔵 0值过多(零值率61%) | 🟠 有效样本少(n=1148) | 首耀清墩光伏: 🔵 0值偏多(零值率43%) | 🟠 有效样本少(n=1677)
2025-12-21 05:00:00,0.0,0.0,0.0,0.0,昱中科技光伏: 🔵 0值过多(零值率61%) | 🟠 有效样本少(n=1148) | 首耀清墩光伏: 🔵 0值偏多(零值率43%) | 🟠 有效样本少(n=1677)
2025-12-21 06:00:00,0.0,0.0,0.41,0.002333161734004,昱中科技光伏: 🔵 0值过多(零值率61%) | 🟠 有效样本少(n=1148) | 首耀清墩光伏: 🔵 0值偏多(零值率43%) | 🟠 有效样本少(n=1677)
2025-12-21 07:00:00,0.0,0.0,0.41,0.0039049325023435,昱中科技光伏: 🔵 0值过多(零值率61%) | 🟠 有效样本少(n=1148) | 首耀清墩光伏: 🔵 0值偏多(零值率43%) | 🟠 有效样本少(n=1677)
2025-12-21 08:00:00,0.15,0.1034695234059222,0.41,0.0836908172770119,昱中科技光伏: 🔵 0值过多(零值率61%) | 🟠 有效样本少(n=1148) | 首耀清墩光伏: 🔵 0值偏多(零值率43%) | 🟠 有效样本少(n=1677)
2025-12-21 09:00:00,0.54,0.630785510352756,0.41,0.3178326357698335,昱中科技光伏: 🔵 0值过多(零值率61%) | 🟠 有效样本少(n=1148) | 首耀清墩光伏: 🔵 0值偏多(零值率43%) | 🟠 有效样本少(n=1677)
2025-12-21 10:00:00,0.84,1.0487145198839147,0.41,0.5224683101994394,昱中科技光伏: 🔵 0值过多(零值率61%) | 🟠 有效样本少(n=1148) | 首耀清墩光伏: 🔵 0值偏多(零值率43%) | 🟠 有效样本少(n=1677)
2025-12-21 11:00:00,1.11,1.191705188218773,0.41,0.5428225866304045,昱中科技光伏: 🔵 0值过多(零值率61%) | 🟠 有效样本少(n=1148) | 首耀清墩光伏: 🔵 0值偏多(零值率43%) | 🟠 有效样本少(n=1677)
2025-12-21 12:00:00,1.19,1.2550077915360172,0.41,0.5628380094276708,昱中科技光伏: 🔵 0值过多(零值率61%) | 🟠 有效样本少(n=1148) | 首耀清墩光伏: 🔵 0值偏多(零值率43%) | 🟠 有效样本少(n=1677)
2025-12-21 13:00:00,1.15,1.193264234792054,0.41,0.5310325516526022,昱中科技光伏: 🔵 0值过多(零值率61%) | 🟠 有效样本少(n=1148) | 首耀清墩光伏: 🔵 0值偏多(零值率43%) | 🟠 有效样本少(n=1677)
2025-12-21 14:00:00,0.75,0.9644953039495676,0.41,0.4376193984180059,昱中科技光伏: 🔵 0值过多(零值率61%) | 🟠 有效样本少(n=1148) | 首耀清墩光伏: 🔵 0值偏多(零值率43%) | 🟠 有效样本少(n=1677)
2025-12-21 15:00:00,0.37,0.7206672961951743,0.41,0.2684163846803025,昱中科技光伏: 🔵 0值过多(零值率61%) | 🟠 有效样本少(n=1148) | 首耀清墩光伏: 🔵 0值偏多(零值率43%) | 🟠 有效样本少(n=1677)
2025-12-21 16:00:00,0.16,0.2407694265021564,0.41,0.1078969497942968,昱中科技光伏: 🔵 0值过多(零值率61%) | 🟠 有效样本少(n=1148) | 首耀清墩光伏: 🔵 0值偏多(零值率43%) | 🟠 有效样本少(n=1677)
2025-12-21 17:00:00,0.0,0.0,0.41,0.0146807819842247,昱中科技光伏: 🔵 0值过多(零值率61%) | 🟠 有效样本少(n=1148) | 首耀清墩光伏: 🔵 0值偏多(零值率43%) | 🟠 有效样本少(n=1677)
2025-12-21 18:00:00,0.0,0.0,0.41,0.0001975394545399,昱中科技光伏: 🔵 0值过多(零值率61%) | 🟠 有效样本少(n=1148) | 首耀清墩光伏: 🔵 0值偏多(零值率43%) | 🟠 有效样本少(n=1677)
2025-12-21 19:00:00,0.0,0.0,0.41,0.0009610663201799,昱中科技光伏: 🔵 0值过多(零值率61%) | 🟠 有效样本少(n=1148) | 首耀清墩光伏: 🔵 0值偏多(零值率43%) | 🟠 有效样本少(n=1677)
2025-12-21 20:00:00,0.0,0.0,0.0,0.0,昱中科技光伏: 🔵 0值过多(零值率61%) | 🟠 有效样本少(n=1148) | 首耀清墩光伏: 🔵 0值偏多(零值率43%) | 🟠 有效样本少(n=1677)
2025-12-21 21:00:00,0.0,0.0,0.0,0.0,昱中科技光伏: 🔵 0值过多(零值率61%) | 🟠 有效样本少(n=1148) | 首耀清墩光伏: 🔵 0值偏多(零值率43%) | 🟠 有效样本少(n=1677)
2025-12-21 22:00:00,0.0,0.0,0.0,0.0,昱中科技光伏: 🔵 0值过多(零值率61%) | 🟠 有效样本少(n=1148) | 首耀清墩光伏: 🔵 0值偏多(零值率43%) | 🟠 有效样本少(n=1677)
2025-12-21 23:00:00,0.0,0.0,0.0,0.0,昱中科技光伏: 🔵 0值过多(零值率61%) | 🟠 有效样本少(n=1148) | 首耀清墩光伏: 🔵 0值偏多(零值率43%) | 🟠 有效样本少(n=1677)
2025-12-22 00:00:00,0.0,0.0,0.0,0.0,昱中科技光伏: 🔵 0值过多(零值率61%) | 🟠 有效样本少(n=1148) | 首耀清墩光伏: 🔵 0值偏多(零值率43%) | 🟠 有效样本少(n=1677)
2025-12-22 01:00:00,0.0,0.0,0.0,0.0,昱中科技光伏: 🔵 0值过多(零值率61%) | 🟠 有效样本少(n=1148) | 首耀清墩光伏: 🔵 0值偏多(零值率43%) | 🟠 有效样本少(n=1677)
2025-12-22 02:00:00,0.0,0.0,0.0,0.0,昱中科技光伏: 🔵 0值过多(零值率61%) | 🟠 有效样本少(n=1148) | 首耀清墩光伏: 🔵 0值偏多(零值率43%) | 🟠 有效样本少(n=1677)
2025-12-22 03:00:00,0.0,0.0,0.0,0.0,昱中科技光伏: 🔵 0值过多(零值率61%) | 🟠 有效样本少(n=1148) | 首耀清墩光伏: 🔵 0值偏多(零值率43%) | 🟠 有效样本少(n=1677)
2025-12-22 04:00:00,0.0,0.0,0.0,0.0,昱中科技光伏: 🔵 0值过多(零值率61%) | 🟠 有效样本少(n=1148) | 首耀清墩光伏: 🔵 0值偏多(零值率43%) | 🟠 有效样本少(n=1677)
2025-12-22 05:00:00,0.0,0.0,0.0,0.0,昱中科技光伏: 🔵 0值过多(零值率61%) | 🟠 有效样本少(n=1148) | 首耀清墩光伏: 🔵 0值偏多(零值率43%) | 🟠 有效样本少(n=1677)
2025-12-22 06:00:00,0.0,0.0,0.41,0.002511407275398,昱中科技光伏: 🔵 0值过多(零值率61%) | 🟠 有效样本少(n=1148) | 首耀清墩光伏: 🔵 0值偏多(零值率43%) | 🟠 有效样本少(n=1677)
2025-12-22 07:00:00,0.0,0.0,0.41,0.003738700749128,昱中科技光伏: 🔵 0值过多(零值率61%) | 🟠 有效样本少(n=1148) | 首耀清墩光伏: 🔵 0值偏多(零值率43%) | 🟠 有效样本少(n=1677)
2025-12-22 08:00:00,0.1,0.0944943403826168,0.41,0.072262812062108,昱中科技光伏: 🔵 0值过多(零值率61%) | 🟠 有效样本少(n=1148) | 首耀清墩光伏: 🔵 0值偏多(零值率43%) | 🟠 有效样本少(n=1677)
2025-12-22 09:00:00,0.28,0.2909169692765659,0.41,0.1837717000872218,昱中科技光伏: 🔵 0值过多(零值率61%) | 🟠 有效样本少(n=1148) | 首耀清墩光伏: 🔵 0值偏多(零值率43%) | 🟠 有效样本少(n=1677)
2025-12-22 10:00:00,0.17,0.3365328882671993,0.41,0.1878971649669153,昱中科技光伏: 🔵 0值过多(零值率61%) | 🟠 有效样本少(n=1148) | 首耀清墩光伏: 🔵 0值偏多(零值率43%) | 🟠 有效样本少(n=1677)
2025-12-22 11:00:00,0.4,0.3534831697862029,0.41,0.1840921534829459,昱中科技光伏: 🔵 0值过多(零值率61%) | 🟠 有效样本少(n=1148) | 首耀清墩光伏: 🔵 0值偏多(零值率43%) | 🟠 有效样本少(n=1677)
2025-12-22 12:00:00,1.06,0.3280431675266765,0.41,0.1892435116226798,昱中科技光伏: 🔵 0值过多(零值率61%) | 🟠 有效样本少(n=1148) | 首耀清墩光伏: 🔵 0值偏多(零值率43%) | 🟠 有效样本少(n=1677)
2025-12-22 13:00:00,0.97,0.6831875832838775,0.41,0.2750401057289858,昱中科技光伏: 🔵 0值过多(零值率61%) | 🟠 有效样本少(n=1148) | 首耀清墩光伏: 🔵 0值偏多(零值率43%) | 🟠 有效样本少(n=1677)
2025-12-22 14:00:00,0.43,0.8030728931841202,0.41,0.3032749884535149,昱中科技光伏: 🔵 0值过多(零值率61%) | 🟠 有效样本少(n=1148) | 首耀清墩光伏: 🔵 0值偏多(零值率43%) | 🟠 有效样本少(n=1677)
2025-12-22 15:00:00,0.18,0.38256771934316,0.41,0.1441533471165251,昱中科技光伏: 🔵 0值过多(零值率61%) | 🟠 有效样本少(n=1148) | 首耀清墩光伏: 🔵 0值偏多(零值率43%) | 🟠 有效样本少(n=1677)
2025-12-22 16:00:00,0.03,0.2032320484739061,0.41,0.0792429323834988,昱中科技光伏: 🔵 0值过多(零值率61%) | 🟠 有效样本少(n=1148) | 首耀清墩光伏: 🔵 0值偏多(零值率43%) | 🟠 有效样本少(n=1677)
2025-12-22 17:00:00,0.0,0.0,0.41,0.0104740152359455,昱中科技光伏: 🔵 0值过多(零值率61%) | 🟠 有效样本少(n=1148) | 首耀清墩光伏: 🔵 0值偏多(零值率43%) | 🟠 有效样本少(n=1677)
2025-12-22 18:00:00,0.0,0.0,0.41,0.0001555653902017,昱中科技光伏: 🔵 0值过多(零值率61%) | 🟠 有效样本少(n=1148) | 首耀清墩光伏: 🔵 0值偏多(零值率43%) | 🟠 有效样本少(n=1677)
2025-12-22 19:00:00,0.0,0.0,0.41,0.0001693134190904,昱中科技光伏: 🔵 0值过多(零值率61%) | 🟠 有效样本少(n=1148) | 首耀清墩光伏: 🔵 0值偏多(零值率43%) | 🟠 有效样本少(n=1677)
2025-12-22 20:00:00,0.0,0.0,0.0,0.0,昱中科技光伏: 🔵 0值过多(零值率61%) | 🟠 有效样本少(n=1148) | 首耀清墩光伏: 🔵 0值偏多(零值率43%) | 🟠 有效样本少(n=1677)
2025-12-22 21:00:00,0.0,0.0,0.0,0.0,昱中科技光伏: 🔵 0值过多(零值率61%) | 🟠 有效样本少(n=1148) | 首耀清墩光伏: 🔵 0值偏多(零值率43%) | 🟠 有效样本少(n=1677)
2025-12-22 22:00:00,0.0,0.0,0.0,0.0,昱中科技光伏: 🔵 0值过多(零值率61%) | 🟠 有效样本少(n=1148) | 首耀清墩光伏: 🔵 0值偏多(零值率43%) | 🟠 有效样本少(n=1677)
2025-12-22 23:00:00,0.0,0.0,0.0,0.0,昱中科技光伏: 🔵 0值过多(零值率61%) | 🟠 有效样本少(n=1148) | 首耀清墩光伏: 🔵 0值偏多(零值率43%) | 🟠 有效样本少(n=1677)
2025-12-23 00:00:00,0.0,0.0,0.0,0.0,昱中科技光伏: 🔵 0值过多(零值率61%) | 🟠 有效样本少(n=1148) | 首耀清墩光伏: 🔵 0值偏多(零值率43%) | 🟠 有效样本少(n=1677)
2025-12-23 01:00:00,0.0,0.0,0.0,0.0,昱中科技光伏: 🔵 0值过多(零值率61%) | 🟠 有效样本少(n=1148) | 首耀清墩光伏: 🔵 0值偏多(零值率43%) | 🟠 有效样本少(n=1677)
2025-12-23 02:00:00,0.0,0.0,0.0,0.0,昱中科技光伏: 🔵 0值过多(零值率61%) | 🟠 有效样本少(n=1148) | 首耀清墩光伏: 🔵 0值偏多(零值率43%) | 🟠 有效样本少(n=1677)
2025-12-23 03:00:00,0.0,0.0,0.0,0.0,昱中科技光伏: 🔵 0值过多(零值率61%) | 🟠 有效样本少(n=1148) | 首耀清墩光伏: 🔵 0值偏多(零值率43%) | 🟠 有效样本少(n=1677)
2025-12-23 04:00:00,0.0,0.0,0.0,0.0,昱中科技光伏: 🔵 0值过多(零值率61%) | 🟠 有效样本少(n=1148) | 首耀清墩光伏: 🔵 0值偏多(零值率43%) | 🟠 有效样本少(n=1677)
2025-12-23 05:00:00,0.0,0.0,0.0,0.0,昱中科技光伏: 🔵 0值过多(零值率61%) | 🟠 有效样本少(n=1148) | 首耀清墩光伏: 🔵 0值偏多(零值率43%) | 🟠 有效样本少(n=1677)
2025-12-23 06:00:00,0.0,0.0,0.41,0.0023047940121514,昱中科技光伏: 🔵 0值过多(零值率61%) | 🟠 有效样本少(n=1148) | 首耀清墩光伏: 🔵 0值偏多(零值率43%) | 🟠 有效样本少(n=1677)
2025-12-23 07:00:00,0.0,0.0,0.41,0.0023167692143399,昱中科技光伏: 🔵 0值过多(零值率61%) | 🟠 有效样本少(n=1148) | 首耀清墩光伏: 🔵 0值偏多(零值率43%) | 🟠 有效样本少(n=1677)
2025-12-23 08:00:00,0.0,0.0181926734941393,0.41,0.0085581470170621,昱中科技光伏: 🔵 0值过多(零值率61%) | 🟠 有效样本少(n=1148) | 首耀清墩光伏: 🔵 0值偏多(零值率43%) | 🟠 有效样本少(n=1677)
2025-12-23 09:00:00,0.01,0.0184431350872483,0.41,0.0217807401881433,昱中科技光伏: 🔵 0值过多(零值率61%) | 🟠 有效样本少(n=1148) | 首耀清墩光伏: 🔵 0值偏多(零值率43%) | 🟠 有效样本少(n=1677)
2025-12-23 10:00:00,0.0,0.0581455408275169,0.41,0.0370513856363494,昱中科技光伏: 🔵 0值过多(零值率61%) | 🟠 有效样本少(n=1148) | 首耀清墩光伏: 🔵 0值偏多(零值率43%) | 🟠 有效样本少(n=1677)
2025-12-23 11:00:00,0.11,0.0453165435279596,0.41,0.0535186334373984,昱中科技光伏: 🔵 0值过多(零值率61%) | 🟠 有效样本少(n=1148) | 首耀清墩光伏: 🔵 0值偏多(零值率43%) | 🟠 有效样本少(n=1677)
2025-12-23 12:00:00,0.1,0.0617513968697074,0.41,0.0529119476680292,昱中科技光伏: 🔵 0值过多(零值率61%) | 🟠 有效样本少(n=1148) | 首耀清墩光伏: 🔵 0值偏多(零值率43%) | 🟠 有效样本少(n=1677)
2025-12-23 13:00:00,0.39,0.2343102222294007,0.41,0.1054911817687913,昱中科技光伏: 🔵 0值过多(零值率61%) | 🟠 有效样本少(n=1148) | 首耀清墩光伏: 🔵 0值偏多(零值率43%) | 🟠 有效样本少(n=1677)
2025-12-23 14:00:00,0.23,0.4644410915999169,0.41,0.1664413844780227,昱中科技光伏: 🔵 0值过多(零值率61%) | 🟠 有效样本少(n=1148) | 首耀清墩光伏: 🔵 0值偏多(零值率43%) | 🟠 有效样本少(n=1677)
2025-12-23 15:00:00,0.13,0.0755406660521752,0.41,0.0125759069709193,昱中科技光伏: 🔵 0值过多(零值率61%) | 🟠 有效样本少(n=1148) | 首耀清墩光伏: 🔵 0值偏多(零值率43%) | 🟠 有效样本少(n=1677)
2025-12-23 16:00:00,0.0,0.0537738770780286,0.41,0.0276136372149819,昱中科技光伏: 🔵 0值过多(零值率61%) | 🟠 有效样本少(n=1148) | 首耀清墩光伏: 🔵 0值偏多(零值率43%) | 🟠 有效样本少(n=1677)
2025-12-23 17:00:00,0.0,0.0,0.41,0.0060166251374715,昱中科技光伏: 🔵 0值过多(零值率61%) | 🟠 有效样本少(n=1148) | 首耀清墩光伏: 🔵 0值偏多(零值率43%) | 🟠 有效样本少(n=1677)
2025-12-23 18:00:00,0.0,0.0,0.41,0.0004147080221635,昱中科技光伏: 🔵 0值过多(零值率61%) | 🟠 有效样本少(n=1148) | 首耀清墩光伏: 🔵 0值偏多(零值率43%) | 🟠 有效样本少(n=1677)
2025-12-23 19:00:00,0.0,0.0,0.41,0.0007802273466954,昱中科技光伏: 🔵 0值过多(零值率61%) | 🟠 有效样本少(n=1148) | 首耀清墩光伏: 🔵 0值偏多(零值率43%) | 🟠 有效样本少(n=1677)
2025-12-23 20:00:00,0.0,0.0,0.0,0.0,昱中科技光伏: 🔵 0值过多(零值率61%) | 🟠 有效样本少(n=1148) | 首耀清墩光伏: 🔵 0值偏多(零值率43%) | 🟠 有效样本少(n=1677)
2025-12-23 21:00:00,0.0,0.0,0.0,0.0,昱中科技光伏: 🔵 0值过多(零值率61%) | 🟠 有效样本少(n=1148) | 首耀清墩光伏: 🔵 0值偏多(零值率43%) | 🟠 有效样本少(n=1677)
2025-12-23 22:00:00,0.0,0.0,0.0,0.0,昱中科技光伏: 🔵 0值过多(零值率61%) | 🟠 有效样本少(n=1148) | 首耀清墩光伏: 🔵 0值偏多(零值率43%) | 🟠 有效样本少(n=1677)
2025-12-23 23:00:00,0.0,0.0,0.0,0.0,昱中科技光伏: 🔵 0值过多(零值率61%) | 🟠 有效样本少(n=1148) | 首耀清墩光伏: 🔵 0值偏多(零值率43%) | 🟠 有效样本少(n=1677)
2025-12-24 00:00:00,0.0,0.0,0.0,0.0,昱中科技光伏: 🔵 0值过多(零值率61%) | 🟠 有效样本少(n=1148) | 首耀清墩光伏: 🔵 0值偏多(零值率43%) | 🟠 有效样本少(n=1677)
2025-12-24 01:00:00,0.0,0.0,0.0,0.0,昱中科技光伏: 🔵 0值过多(零值率61%) | 🟠 有效样本少(n=1148) | 首耀清墩光伏: 🔵 0值偏多(零值率43%) | 🟠 有效样本少(n=1677)
2025-12-24 02:00:00,0.0,0.0,0.0,0.0,昱中科技光伏: 🔵 0值过多(零值率61%) | 🟠 有效样本少(n=1148) | 首耀清墩光伏: 🔵 0值偏多(零值率43%) | 🟠 有效样本少(n=1677)
2025-12-24 03:00:00,0.0,0.0,0.0,0.0,昱中科技光伏: 🔵 0值过多(零值率61%) | 🟠 有效样本少(n=1148) | 首耀清墩光伏: 🔵 0值偏多(零值率43%) | 🟠 有效样本少(n=1677)
2025-12-24 04:00:00,0.0,0.0,0.0,0.0,昱中科技光伏: 🔵 0值过多(零值率61%) | 🟠 有效样本少(n=1148) | 首耀清墩光伏: 🔵 0值偏多(零值率43%) | 🟠 有效样本少(n=1677)
2025-12-24 05:00:00,0.0,0.0,0.0,0.0,昱中科技光伏: 🔵 0值过多(零值率61%) | 🟠 有效样本少(n=1148) | 首耀清墩光伏: 🔵 0值偏多(零值率43%) | 🟠 有效样本少(n=1677)
2025-12-24 06:00:00,0.0,0.0,0.41,0.0025119389892366,昱中科技光伏: 🔵 0值过多(零值率61%) | 🟠 有效样本少(n=1148) | 首耀清墩光伏: 🔵 0值偏多(零值率43%) | 🟠 有效样本少(n=1677)
2025-12-24 07:00:00,0.0,0.0,0.41,0.0035549688184778,昱中科技光伏: 🔵 0值过多(零值率61%) | 🟠 有效样本少(n=1148) | 首耀清墩光伏: 🔵 0值偏多(零值率43%) | 🟠 有效样本少(n=1677)
2025-12-24 08:00:00,0.03,0.0606137011284281,0.41,0.0660198635338195,昱中科技光伏: 🔵 0值过多(零值率61%) | 🟠 有效样本少(n=1148) | 首耀清墩光伏: 🔵 0值偏多(零值率43%) | 🟠 有效样本少(n=1677)
2025-12-24 09:00:00,0.24,0.3583690557453925,0.41,0.1705719454741122,昱中科技光伏: 🔵 0值过多(零值率61%) | 🟠 有效样本少(n=1148) | 首耀清墩光伏: 🔵 0值偏多(零值率43%) | 🟠 有效样本少(n=1677)
2025-12-24 10:00:00,0.2,0.7768631734389619,0.41,0.3360894085012506,昱中科技光伏: 🔵 0值过多(零值率61%) | 🟠 有效样本少(n=1148) | 首耀清墩光伏: 🔵 0值偏多(零值率43%) | 🟠 有效样本少(n=1677)
2025-12-24 11:00:00,0.27,1.0546587942399266,0.41,0.5184183308284964,昱中科技光伏: 🔵 0值过多(零值率61%) | 🟠 有效样本少(n=1148) | 首耀清墩光伏: 🔵 0值偏多(零值率43%) | 🟠 有效样本少(n=1677)
2025-12-24 12:00:00,0.78,1.0935163259541882,0.41,0.4963655201821254,昱中科技光伏: 🔵 0值过多(零值率61%) | 🟠 有效样本少(n=1148) | 首耀清墩光伏: 🔵 0值偏多(零值率43%) | 🟠 有效样本少(n=1677)
2025-12-24 13:00:00,0.79,1.0250312182914614,0.41,0.5045376711603535,昱中科技光伏: 🔵 0值过多(零值率61%) | 🟠 有效样本少(n=1148) | 首耀清墩光伏: 🔵 0值偏多(零值率43%) | 🟠 有效样本少(n=1677)
2025-12-24 14:00:00,0.6,0.9476399714593476,0.41,0.4145486016328865,昱中科技光伏: 🔵 0值过多(零值率61%) | 🟠 有效样本少(n=1148) | 首耀清墩光伏: 🔵 0值偏多(零值率43%) | 🟠 有效样本少(n=1677)
2025-12-24 15:00:00,0.56,0.5447557602780446,0.41,0.1805661870763947,昱中科技光伏: 🔵 0值过多(零值率61%) | 🟠 有效样本少(n=1148) | 首耀清墩光伏: 🔵 0值偏多(零值率43%) | 🟠 有效样本少(n=1677)
2025-12-24 16:00:00,0.23,0.2256641366896875,0.41,0.0942534724957105,昱中科技光伏: 🔵 0值过多(零值率61%) | 🟠 有效样本少(n=1148) | 首耀清墩光伏: 🔵 0值偏多(零值率43%) | 🟠 有效样本少(n=1677)
2025-12-24 17:00:00,0.0,0.0,0.41,0.0155680046584348,昱中科技光伏: 🔵 0值过多(零值率61%) | 🟠 有效样本少(n=1148) | 首耀清墩光伏: 🔵 0值偏多(零值率43%) | 🟠 有效样本少(n=1677)
2025-12-24 18:00:00,0.0,0.0,0.41,0.0004063354874225,昱中科技光伏: 🔵 0值过多(零值率61%) | 🟠 有效样本少(n=1148) | 首耀清墩光伏: 🔵 0值偏多(零值率43%) | 🟠 有效样本少(n=1677)
2025-12-24 19:00:00,0.0,0.0,0.41,0.000262784527822,昱中科技光伏: 🔵 0值过多(零值率61%) | 🟠 有效样本少(n=1148) | 首耀清墩光伏: 🔵 0值偏多(零值率43%) | 🟠 有效样本少(n=1677)
2025-12-24 20:00:00,0.0,0.0,0.0,0.0,昱中科技光伏: 🔵 0值过多(零值率61%) | 🟠 有效样本少(n=1148) | 首耀清墩光伏: 🔵 0值偏多(零值率43%) | 🟠 有效样本少(n=1677)
2025-12-24 21:00:00,0.0,0.0,0.0,0.0,昱中科技光伏: 🔵 0值过多(零值率61%) | 🟠 有效样本少(n=1148) | 首耀清墩光伏: 🔵 0值偏多(零值率43%) | 🟠 有效样本少(n=1677)
2025-12-24 22:00:00,0.0,0.0,0.0,0.0,昱中科技光伏: 🔵 0值过多(零值率61%) | 🟠 有效样本少(n=1148) | 首耀清墩光伏: 🔵 0值偏多(零值率43%) | 🟠 有效样本少(n=1677)
2025-12-24 23:00:00,0.0,0.0,0.0,0.0,昱中科技光伏: 🔵 0值过多(零值率61%) | 🟠 有效样本少(n=1148) | 首耀清墩光伏: 🔵 0值偏多(零值率43%) | 🟠 有效样本少(n=1677)
2025-12-25 00:00:00,0.0,0.0,0.0,0.0,昱中科技光伏: 🔵 0值过多(零值率61%) | 🟠 有效样本少(n=1148) | 首耀清墩光伏: 🔵 0值偏多(零值率43%) | 🟠 有效样本少(n=1677)
2025-12-25 01:00:00,0.0,0.0,0.0,0.0,昱中科技光伏: 🔵 0值过多(零值率61%) | 🟠 有效样本少(n=1148) | 首耀清墩光伏: 🔵 0值偏多(零值率43%) | 🟠 有效样本少(n=1677)
2025-12-25 02:00:00,0.0,0.0,0.0,0.0,昱中科技光伏: 🔵 0值过多(零值率61%) | 🟠 有效样本少(n=1148) | 首耀清墩光伏: 🔵 0值偏多(零值率43%) | 🟠 有效样本少(n=1677)
2025-12-25 03:00:00,0.0,0.0,0.0,0.0,昱中科技光伏: 🔵 0值过多(零值率61%) | 🟠 有效样本少(n=1148) | 首耀清墩光伏: 🔵 0值偏多(零值率43%) | 🟠 有效样本少(n=1677)
2025-12-25 04:00:00,0.0,0.0,0.0,0.0,昱中科技光伏: 🔵 0值过多(零值率61%) | 🟠 有效样本少(n=1148) | 首耀清墩光伏: 🔵 0值偏多(零值率43%) | 🟠 有效样本少(n=1677)
2025-12-25 05:00:00,0.0,0.0,0.0,0.0,昱中科技光伏: 🔵 0值过多(零值率61%) | 🟠 有效样本少(n=1148) | 首耀清墩光伏: 🔵 0值偏多(零值率43%) | 🟠 有效样本少(n=1677)
2025-12-25 06:00:00,0.0,0.0,0.41,0.0023583299370535,昱中科技光伏: 🔵 0值过多(零值率61%) | 🟠 有效样本少(n=1148) | 首耀清墩光伏: 🔵 0值偏多(零值率43%) | 🟠 有效样本少(n=1677)
2025-12-25 07:00:00,0.0,0.0,0.41,0.0037853513279843,昱中科技光伏: 🔵 0值过多(零值率61%) | 🟠 有效样本少(n=1148) | 首耀清墩光伏: 🔵 0值偏多(零值率43%) | 🟠 有效样本少(n=1677)
2025-12-25 08:00:00,0.16,0.1004516956594124,0.41,0.0850056782277937,昱中科技光伏: 🔵 0值过多(零值率61%) | 🟠 有效样本少(n=1148) | 首耀清墩光伏: 🔵 0值偏多(零值率43%) | 🟠 有效样本少(n=1677)
2025-12-25 09:00:00,0.56,0.6749226759022124,0.41,0.3424596178807798,昱中科技光伏: 🔵 0值过多(零值率61%) | 🟠 有效样本少(n=1148) | 首耀清墩光伏: 🔵 0值偏多(零值率43%) | 🟠 有效样本少(n=1677)
2025-12-25 10:00:00,0.94,1.102976995729792,0.41,0.5715130005840826,昱中科技光伏: 🔵 0值过多(零值率61%) | 🟠 有效样本少(n=1148) | 首耀清墩光伏: 🔵 0值偏多(零值率43%) | 🟠 有效样本少(n=1677)
2025-12-25 11:00:00,1.16,1.230387541415468,0.41,0.6006797176607657,昱中科技光伏: 🔵 0值过多(零值率61%) | 🟠 有效样本少(n=1148) | 首耀清墩光伏: 🔵 0值偏多(零值率43%) | 🟠 有效样本少(n=1677)
2025-12-25 12:00:00,1.24,1.2958444584721611,0.41,0.5986394425662006,昱中科技光伏: 🔵 0值过多(零值率61%) | 🟠 有效样本少(n=1148) | 首耀清墩光伏: 🔵 0值偏多(零值率43%) | 🟠 有效样本少(n=1677)
2025-12-25 13:00:00,1.16,1.2162088151285773,0.41,0.56031306198244,昱中科技光伏: 🔵 0值过多(零值率61%) | 🟠 有效样本少(n=1148) | 首耀清墩光伏: 🔵 0值偏多(零值率43%) | 🟠 有效样本少(n=1677)
2025-12-25 14:00:00,0.95,1.0030723428453054,0.41,0.4673291231276825,昱中科技光伏: 🔵 0值过多(零值率61%) | 🟠 有效样本少(n=1148) | 首耀清墩光伏: 🔵 0值偏多(零值率43%) | 🟠 有效样本少(n=1677)
2025-12-25 15:00:00,0.6,0.7903310100912649,0.41,0.3048877323231603,昱中科技光伏: 🔵 0值过多(零值率61%) | 🟠 有效样本少(n=1148) | 首耀清墩光伏: 🔵 0值偏多(零值率43%) | 🟠 有效样本少(n=1677)
2025-12-25 16:00:00,0.17,0.2646254628576424,0.41,0.1195569420793248,昱中科技光伏: 🔵 0值过多(零值率61%) | 🟠 有效样本少(n=1148) | 首耀清墩光伏: 🔵 0值偏多(零值率43%) | 🟠 有效样本少(n=1677)
2025-12-25 17:00:00,0.0,0.0,0.41,0.0189259253871126,昱中科技光伏: 🔵 0值过多(零值率61%) | 🟠 有效样本少(n=1148) | 首耀清墩光伏: 🔵 0值偏多(零值率43%) | 🟠 有效样本少(n=1677)
2025-12-25 18:00:00,0.0,0.0,0.41,0.0002232571936666,昱中科技光伏: 🔵 0值过多(零值率61%) | 🟠 有效样本少(n=1148) | 首耀清墩光伏: 🔵 0值偏多(零值率43%) | 🟠 有效样本少(n=1677)
2025-12-25 19:00:00,0.0,0.0,0.41,0.0008359542873229,昱中科技光伏: 🔵 0值过多(零值率61%) | 🟠 有效样本少(n=1148) | 首耀清墩光伏: 🔵 0值偏多(零值率43%) | 🟠 有效样本少(n=1677)
2025-12-25 20:00:00,0.0,0.0,0.0,0.0,昱中科技光伏: 🔵 0值过多(零值率61%) | 🟠 有效样本少(n=1148) | 首耀清墩光伏: 🔵 0值偏多(零值率43%) | 🟠 有效样本少(n=1677)
2025-12-25 21:00:00,0.0,0.0,0.0,0.0,昱中科技光伏: 🔵 0值过多(零值率61%) | 🟠 有效样本少(n=1148) | 首耀清墩光伏: 🔵 0值偏多(零值率43%) | 🟠 有效样本少(n=1677)
2025-12-25 22:00:00,0.0,0.0,0.0,0.0,昱中科技光伏: 🔵 0值过多(零值率61%) | 🟠 有效样本少(n=1148) | 首耀清墩光伏: 🔵 0值偏多(零值率43%) | 🟠 有效样本少(n=1677)
2025-12-25 23:00:00,0.0,0.0,0.0,0.0,昱中科技光伏: 🔵 0值过多(零值率61%) | 🟠 有效样本少(n=1148) | 首耀清墩光伏: 🔵 0值偏多(零值率43%) | 🟠 有效样本少(n=1677)
2025-12-26 00:00:00,0.0,0.0,0.0,0.0,昱中科技光伏: 🔵 0值过多(零值率61%) | 🟠 有效样本少(n=1148) | 首耀清墩光伏: 🔵 0值偏多(零值率43%) | 🟠 有效样本少(n=1677)
2025-12-26 01:00:00,0.0,0.0,0.0,0.0,昱中科技光伏: 🔵 0值过多(零值率61%) | 🟠 有效样本少(n=1148) | 首耀清墩光伏: 🔵 0值偏多(零值率43%) | 🟠 有效样本少(n=1677)
2025-12-26 02:00:00,0.0,0.0,0.0,0.0,昱中科技光伏: 🔵 0值过多(零值率61%) | 🟠 有效样本少(n=1148) | 首耀清墩光伏: 🔵 0值偏多(零值率43%) | 🟠 有效样本少(n=1677)
2025-12-26 03:00:00,0.0,0.0,0.0,0.0,昱中科技光伏: 🔵 0值过多(零值率61%) | 🟠 有效样本少(n=1148) | 首耀清墩光伏: 🔵 0值偏多(零值率43%) | 🟠 有效样本少(n=1677)
2025-12-26 04:00:00,0.0,0.0,0.0,0.0,昱中科技光伏: 🔵 0值过多(零值率61%) | 🟠 有效样本少(n=1148) | 首耀清墩光伏: 🔵 0值偏多(零值率43%) | 🟠 有效样本少(n=1677)
2025-12-26 05:00:00,0.0,0.0,0.0,0.0,昱中科技光伏: 🔵 0值过多(零值率61%) | 🟠 有效样本少(n=1148) | 首耀清墩光伏: 🔵 0值偏多(零值率43%) | 🟠 有效样本少(n=1677)
2025-12-26 06:00:00,0.0,0.0,0.41,0.0023556991946118,昱中科技光伏: 🔵 0值过多(零值率61%) | 🟠 有效样本少(n=1148) | 首耀清墩光伏: 🔵 0值偏多(零值率43%) | 🟠 有效样本少(n=1677)
2025-12-26 07:00:00,0.0,0.0,0.41,0.003757823227427,昱中科技光伏: 🔵 0值过多(零值率61%) | 🟠 有效样本少(n=1148) | 首耀清墩光伏: 🔵 0值偏多(零值率43%) | 🟠 有效样本少(n=1677)
2025-12-26 08:00:00,0.16,0.0977147068588992,0.41,0.0822487178717613,昱中科技光伏: 🔵 0值过多(零值率61%) | 🟠 有效样本少(n=1148) | 首耀清墩光伏: 🔵 0值偏多(零值率43%) | 🟠 有效样本少(n=1677)
2025-12-26 09:00:00,0.56,0.6116509565591368,0.41,0.3169846378187346,昱中科技光伏: 🔵 0值过多(零值率61%) | 🟠 有效样本少(n=1148) | 首耀清墩光伏: 🔵 0值偏多(零值率43%) | 🟠 有效样本少(n=1677)
2025-12-26 10:00:00,0.91,1.023616024486775,0.41,0.5139205221982641,昱中科技光伏: 🔵 0值过多(零值率61%) | 🟠 有效样本少(n=1148) | 首耀清墩光伏: 🔵 0值偏多(零值率43%) | 🟠 有效样本少(n=1677)
2025-12-26 11:00:00,1.13,1.1794196451686132,0.41,0.5608535878026123,昱中科技光伏: 🔵 0值过多(零值率61%) | 🟠 有效样本少(n=1148) | 首耀清墩光伏: 🔵 0值偏多(零值率43%) | 🟠 有效样本少(n=1677)
2025-12-26 12:00:00,1.2,1.21413595113673,0.41,0.5609604286533183,昱中科技光伏: 🔵 0值过多(零值率61%) | 🟠 有效样本少(n=1148) | 首耀清墩光伏: 🔵 0值偏多(零值率43%) | 🟠 有效样本少(n=1677)
2025-12-26 13:00:00,1.16,1.143306354589661,0.41,0.5233472056939765,昱中科技光伏: 🔵 0值过多(零值率61%) | 🟠 有效样本少(n=1148) | 首耀清墩光伏: 🔵 0值偏多(零值率43%) | 🟠 有效样本少(n=1677)
2025-12-26 14:00:00,0.93,1.0259466877819008,0.41,0.4403729822574017,昱中科技光伏: 🔵 0值过多(零值率61%) | 🟠 有效样本少(n=1148) | 首耀清墩光伏: 🔵 0值偏多(零值率43%) | 🟠 有效样本少(n=1677)
2025-12-26 15:00:00,0.6,0.7435043770736719,0.41,0.288042631097635,昱中科技光伏: 🔵 0值过多(零值率61%) | 🟠 有效样本少(n=1148) | 首耀清墩光伏: 🔵 0值偏多(零值率43%) | 🟠 有效样本少(n=1677)
2025-12-26 16:00:00,0.17,0.2356248719125965,0.41,0.1069633057723507,昱中科技光伏: 🔵 0值过多(零值率61%) | 🟠 有效样本少(n=1148) | 首耀清墩光伏: 🔵 0值偏多(零值率43%) | 🟠 有效样本少(n=1677)
2025-12-26 17:00:00,0.0,0.0,0.41,0.0157466249714424,昱中科技光伏: 🔵 0值过多(零值率61%) | 🟠 有效样本少(n=1148) | 首耀清墩光伏: 🔵 0值偏多(零值率43%) | 🟠 有效样本少(n=1677)
2025-12-26 18:00:00,0.0,0.0,0.41,0.0004239845757161,昱中科技光伏: 🔵 0值过多(零值率61%) | 🟠 有效样本少(n=1148) | 首耀清墩光伏: 🔵 0值偏多(零值率43%) | 🟠 有效样本少(n=1677)
2025-12-26 19:00:00,0.0,0.0,0.41,0.0013011649280773,昱中科技光伏: 🔵 0值过多(零值率61%) | 🟠 有效样本少(n=1148) | 首耀清墩光伏: 🔵 0值偏多(零值率43%) | 🟠 有效样本少(n=1677)
2025-12-26 20:00:00,0.0,0.0,0.0,0.0,昱中科技光伏: 🔵 0值过多(零值率61%) | 🟠 有效样本少(n=1148) | 首耀清墩光伏: 🔵 0值偏多(零值率43%) | 🟠 有效样本少(n=1677)
2025-12-26 21:00:00,0.0,0.0,0.0,0.0,昱中科技光伏: 🔵 0值过多(零值率61%) | 🟠 有效样本少(n=1148) | 首耀清墩光伏: 🔵 0值偏多(零值率43%) | 🟠 有效样本少(n=1677)
2025-12-26 22:00:00,0.0,0.0,0.0,0.0,昱中科技光伏: 🔵 0值过多(零值率61%) | 🟠 有效样本少(n=1148) | 首耀清墩光伏: 🔵 0值偏多(零值率43%) | 🟠 有效样本少(n=1677)
2025-12-26 23:00:00,0.0,0.0,0.0,0.0,昱中科技光伏: 🔵 0值过多(零值率61%) | 🟠 有效样本少(n=1148) | 首耀清墩光伏: 🔵 0值偏多(零值率43%) | 🟠 有效样本少(n=1677)
2025-12-27 00:00:00,0.0,0.0,0.0,0.0,昱中科技光伏: 🔵 0值过多(零值率61%) | 🟠 有效样本少(n=1148) | 首耀清墩光伏: 🔵 0值偏多(零值率43%) | 🟠 有效样本少(n=1677)
2025-12-27 01:00:00,0.0,0.0,0.0,0.0,昱中科技光伏: 🔵 0值过多(零值率61%) | 🟠 有效样本少(n=1148) | 首耀清墩光伏: 🔵 0值偏多(零值率43%) | 🟠 有效样本少(n=1677)
2025-12-27 02:00:00,0.0,0.0,0.0,0.0,昱中科技光伏: 🔵 0值过多(零值率61%) | 🟠 有效样本少(n=1148) | 首耀清墩光伏: 🔵 0值偏多(零值率43%) | 🟠 有效样本少(n=1677)
2025-12-27 03:00:00,0.0,0.0,0.0,0.0,昱中科技光伏: 🔵 0值过多(零值率61%) | 🟠 有效样本少(n=1148) | 首耀清墩光伏: 🔵 0值偏多(零值率43%) | 🟠 有效样本少(n=1677)
2025-12-27 04:00:00,0.0,0.0,0.0,0.0,昱中科技光伏: 🔵 0值过多(零值率61%) | 🟠 有效样本少(n=1148) | 首耀清墩光伏: 🔵 0值偏多(零值率43%) | 🟠 有效样本少(n=1677)
2025-12-27 05:00:00,0.0,0.0,0.0,0.0,昱中科技光伏: 🔵 0值过多(零值率61%) | 🟠 有效样本少(n=1148) | 首耀清墩光伏: 🔵 0值偏多(零值率43%) | 🟠 有效样本少(n=1677)
2025-12-27 06:00:00,0.0,0.0,0.41,0.0023116183136931,昱中科技光伏: 🔵 0值过多(零值率61%) | 🟠 有效样本少(n=1148) | 首耀清墩光伏: 🔵 0值偏多(零值率43%) | 🟠 有效样本少(n=1677)
2025-12-27 07:00:00,0.0,0.0,0.41,0.0037325012573681,昱中科技光伏: 🔵 0值过多(零值率61%) | 🟠 有效样本少(n=1148) | 首耀清墩光伏: 🔵 0值偏多(零值率43%) | 🟠 有效样本少(n=1677)
2025-12-27 08:00:00,0.14,0.0927149354976819,0.41,0.0803811433552637,昱中科技光伏: 🔵 0值过多(零值率61%) | 🟠 有效样本少(n=1148) | 首耀清墩光伏: 🔵 0值偏多(零值率43%) | 🟠 有效样本少(n=1677)
2025-12-27 09:00:00,0.5,0.4882020510840228,0.41,0.2980424330000418,昱中科技光伏: 🔵 0值过多(零值率61%) | 🟠 有效样本少(n=1148) | 首耀清墩光伏: 🔵 0值偏多(零值率43%) | 🟠 有效样本少(n=1677)
2025-12-27 10:00:00,0.84,0.981370170611298,0.41,0.4876616852211164,昱中科技光伏: 🔵 0值过多(零值率61%) | 🟠 有效样本少(n=1148) | 首耀清墩光伏: 🔵 0值偏多(零值率43%) | 🟠 有效样本少(n=1677)
2025-12-27 11:00:00,1.04,1.221059202624574,0.41,0.5667007598924172,昱中科技光伏: 🔵 0值过多(零值率61%) | 🟠 有效样本少(n=1148) | 首耀清墩光伏: 🔵 0值偏多(零值率43%) | 🟠 有效样本少(n=1677)
2025-12-27 12:00:00,1.12,1.1583534457412323,0.41,0.5349674286698747,昱中科技光伏: 🔵 0值过多(零值率61%) | 🟠 有效样本少(n=1148) | 首耀清墩光伏: 🔵 0值偏多(零值率43%) | 🟠 有效样本少(n=1677)
2025-12-27 13:00:00,1.05,1.1299889734835522,0.41,0.511260529796547,昱中科技光伏: 🔵 0值过多(零值率61%) | 🟠 有效样本少(n=1148) | 首耀清墩光伏: 🔵 0值偏多(零值率43%) | 🟠 有效样本少(n=1677)
2025-12-27 14:00:00,0.81,1.017954494039337,0.41,0.435990010429177,昱中科技光伏: 🔵 0值过多(零值率61%) | 🟠 有效样本少(n=1148) | 首耀清墩光伏: 🔵 0值偏多(零值率43%) | 🟠 有效样本少(n=1677)
2025-12-27 15:00:00,0.51,0.7410976845012828,0.41,0.285944446450709,昱中科技光伏: 🔵 0值过多(零值率61%) | 🟠 有效样本少(n=1148) | 首耀清墩光伏: 🔵 0值偏多(零值率43%) | 🟠 有效样本少(n=1677)
2025-12-27 16:00:00,0.16,0.2546062089484782,0.41,0.1150026016493578,昱中科技光伏: 🔵 0值过多(零值率61%) | 🟠 有效样本少(n=1148) | 首耀清墩光伏: 🔵 0值偏多(零值率43%) | 🟠 有效样本少(n=1677)
2025-12-27 17:00:00,0.0,0.0,0.41,0.0187597377847996,昱中科技光伏: 🔵 0值过多(零值率61%) | 🟠 有效样本少(n=1148) | 首耀清墩光伏: 🔵 0值偏多(零值率43%) | 🟠 有效样本少(n=1677)
2025-12-27 18:00:00,0.0,0.0,0.41,0.0002105108872682,昱中科技光伏: 🔵 0值过多(零值率61%) | 🟠 有效样本少(n=1148) | 首耀清墩光伏: 🔵 0值偏多(零值率43%) | 🟠 有效样本少(n=1677)
2025-12-27 19:00:00,0.0,0.0,0.41,0.0011690037032896,昱中科技光伏: 🔵 0值过多(零值率61%) | 🟠 有效样本少(n=1148) | 首耀清墩光伏: 🔵 0值偏多(零值率43%) | 🟠 有效样本少(n=1677)
2025-12-27 20:00:00,0.0,0.0,0.0,0.0,昱中科技光伏: 🔵 0值过多(零值率61%) | 🟠 有效样本少(n=1148) | 首耀清墩光伏: 🔵 0值偏多(零值率43%) | 🟠 有效样本少(n=1677)
2025-12-27 21:00:00,0.0,0.0,0.0,0.0,昱中科技光伏: 🔵 0值过多(零值率61%) | 🟠 有效样本少(n=1148) | 首耀清墩光伏: 🔵 0值偏多(零值率43%) | 🟠 有效样本少(n=1677)
2025-12-27 22:00:00,0.0,0.0,0.0,0.0,昱中科技光伏: 🔵 0值过多(零值率61%) | 🟠 有效样本少(n=1148) | 首耀清墩光伏: 🔵 0值偏多(零值率43%) | 🟠 有效样本少(n=1677)
2025-12-27 23:00:00,0.0,0.0,0.0,0.0,昱中科技光伏: 🔵 0值过多(零值率61%) | 🟠 有效样本少(n=1148) | 首耀清墩光伏: 🔵 0值偏多(零值率43%) | 🟠 有效样本少(n=1677)
2025-12-28 00:00:00,0.0,0.0,0.0,0.0,昱中科技光伏: 🔵 0值过多(零值率61%) | 🟠 有效样本少(n=1148) | 首耀清墩光伏: 🔵 0值偏多(零值率43%) | 🟠 有效样本少(n=1677)
2025-12-28 01:00:00,0.0,0.0,0.0,0.0,昱中科技光伏: 🔵 0值过多(零值率61%) | 🟠 有效样本少(n=1148) | 首耀清墩光伏: 🔵 0值偏多(零值率43%) | 🟠 有效样本少(n=1677)
2025-12-28 02:00:00,0.0,0.0,0.0,0.0,昱中科技光伏: 🔵 0值过多(零值率61%) | 🟠 有效样本少(n=1148) | 首耀清墩光伏: 🔵 0值偏多(零值率43%) | 🟠 有效样本少(n=1677)
2025-12-28 03:00:00,0.0,0.0,0.0,0.0,昱中科技光伏: 🔵 0值过多(零值率61%) | 🟠 有效样本少(n=1148) | 首耀清墩光伏: 🔵 0值偏多(零值率43%) | 🟠 有效样本少(n=1677)
2025-12-28 04:00:00,0.0,0.0,0.0,0.0,昱中科技光伏: 🔵 0值过多(零值率61%) | 🟠 有效样本少(n=1148) | 首耀清墩光伏: 🔵 0值偏多(零值率43%) | 🟠 有效样本少(n=1677)
2025-12-28 05:00:00,0.0,0.0,0.0,0.0,昱中科技光伏: 🔵 0值过多(零值率61%) | 🟠 有效样本少(n=1148) | 首耀清墩光伏: 🔵 0值偏多(零值率43%) | 🟠 有效样本少(n=1677)
2025-12-28 06:00:00,0.0,0.0,0.41,0.0026284100624232,昱中科技光伏: 🔵 0值过多(零值率61%) | 🟠 有效样本少(n=1148) | 首耀清墩光伏: 🔵 0值偏多(零值率43%) | 🟠 有效样本少(n=1677)
2025-12-28 07:00:00,0.0,0.0,0.41,0.0040559962983796,昱中科技光伏: 🔵 0值过多(零值率61%) | 🟠 有效样本少(n=1148) | 首耀清墩光伏: 🔵 0值偏多(零值率43%) | 🟠 有效样本少(n=1677)
2025-12-28 08:00:00,0.12,0.0904467684348082,0.41,0.0825240750437337,昱中科技光伏: 🔵 0值过多(零值率61%) | 🟠 有效样本少(n=1148) | 首耀清墩光伏: 🔵 0值偏多(零值率43%) | 🟠 有效样本少(n=1677)
2025-12-28 09:00:00,0.46,0.4329429730402271,0.41,0.2614566591576338,昱中科技光伏: 🔵 0值过多(零值率61%) | 🟠 有效样本少(n=1148) | 首耀清墩光伏: 🔵 0值偏多(零值率43%) | 🟠 有效样本少(n=1677)
2025-12-28 10:00:00,0.78,0.981873845121019,0.41,0.4831213896671076,昱中科技光伏: 🔵 0值过多(零值率61%) | 🟠 有效样本少(n=1148) | 首耀清墩光伏: 🔵 0值偏多(零值率43%) | 🟠 有效样本少(n=1677)
2025-12-28 11:00:00,0.98,1.2443736260133995,0.41,0.5626108738321599,昱中科技光伏: 🔵 0值过多(零值率61%) | 🟠 有效样本少(n=1148) | 首耀清墩光伏: 🔵 0值偏多(零值率43%) | 🟠 有效样本少(n=1677)
2025-12-28 12:00:00,1.08,1.185860533499629,0.41,0.5259428594903046,昱中科技光伏: 🔵 0值过多(零值率61%) | 🟠 有效样本少(n=1148) | 首耀清墩光伏: 🔵 0值偏多(零值率43%) | 🟠 有效样本少(n=1677)
2025-12-28 13:00:00,1.02,1.1472575253269452,0.41,0.4984700149481653,昱中科技光伏: 🔵 0值过多(零值率61%) | 🟠 有效样本少(n=1148) | 首耀清墩光伏: 🔵 0值偏多(零值率43%) | 🟠 有效样本少(n=1677)
2025-12-28 14:00:00,0.79,0.9172839062735244,0.41,0.4215426166306796,昱中科技光伏: 🔵 0值过多(零值率61%) | 🟠 有效样本少(n=1148) | 首耀清墩光伏: 🔵 0值偏多(零值率43%) | 🟠 有效样本少(n=1677)
2025-12-28 15:00:00,0.51,0.7233270085965676,0.41,0.2725423612275395,昱中科技光伏: 🔵 0值过多(零值率61%) | 🟠 有效样本少(n=1148) | 首耀清墩光伏: 🔵 0值偏多(零值率43%) | 🟠 有效样本少(n=1677)
2025-12-28 16:00:00,0.16,0.2523211231411194,0.41,0.113230787942268,昱中科技光伏: 🔵 0值过多(零值率61%) | 🟠 有效样本少(n=1148) | 首耀清墩光伏: 🔵 0值偏多(零值率43%) | 🟠 有效样本少(n=1677)
2025-12-28 17:00:00,0.0,0.0,0.41,0.0186796335174484,昱中科技光伏: 🔵 0值过多(零值率61%) | 🟠 有效样本少(n=1148) | 首耀清墩光伏: 🔵 0值偏多(零值率43%) | 🟠 有效样本少(n=1677)
2025-12-28 18:00:00,0.0,0.0,0.41,0.000284287873843,昱中科技光伏: 🔵 0值过多(零值率61%) | 🟠 有效样本少(n=1148) | 首耀清墩光伏: 🔵 0值偏多(零值率43%) | 🟠 有效样本少(n=1677)
2025-12-28 19:00:00,0.0,0.0,0.41,0.0009570327369004,昱中科技光伏: 🔵 0值过多(零值率61%) | 🟠 有效样本少(n=1148) | 首耀清墩光伏: 🔵 0值偏多(零值率43%) | 🟠 有效样本少(n=1677)
2025-12-28 20:00:00,0.0,0.0,0.0,0.0,昱中科技光伏: 🔵 0值过多(零值率61%) | 🟠 有效样本少(n=1148) | 首耀清墩光伏: 🔵 0值偏多(零值率43%) | 🟠 有效样本少(n=1677)
2025-12-28 21:00:00,0.0,0.0,0.0,0.0,昱中科技光伏: 🔵 0值过多(零值率61%) | 🟠 有效样本少(n=1148) | 首耀清墩光伏: 🔵 0值偏多(零值率43%) | 🟠 有效样本少(n=1677)
2025-12-28 22:00:00,0.0,0.0,0.0,0.0,昱中科技光伏: 🔵 0值过多(零值率61%) | 🟠 有效样本少(n=1148) | 首耀清墩光伏: 🔵 0值偏多(零值率43%) | 🟠 有效样本少(n=1677)
2025-12-28 23:00:00,0.0,0.0,0.0,0.0,昱中科技光伏: 🔵 0值过多(零值率61%) | 🟠 有效样本少(n=1148) | 首耀清墩光伏: 🔵 0值偏多(零值率43%) | 🟠 有效样本少(n=1677)
2025-12-29 00:00:00,0.0,0.0,0.0,0.0,昱中科技光伏: 🔵 0值过多(零值率61%) | 🟠 有效样本少(n=1148) | 首耀清墩光伏: 🔵 0值偏多(零值率43%) | 🟠 有效样本少(n=1677)
2025-12-29 01:00:00,0.0,0.0,0.0,0.0,昱中科技光伏: 🔵 0值过多(零值率61%) | 🟠 有效样本少(n=1148) | 首耀清墩光伏: 🔵 0值偏多(零值率43%) | 🟠 有效样本少(n=1677)
2025-12-29 02:00:00,0.0,0.0,0.0,0.0,昱中科技光伏: 🔵 0值过多(零值率61%) | 🟠 有效样本少(n=1148) | 首耀清墩光伏: 🔵 0值偏多(零值率43%) | 🟠 有效样本少(n=1677)
2025-12-29 03:00:00,0.0,0.0,0.0,0.0,昱中科技光伏: 🔵 0值过多(零值率61%) | 🟠 有效样本少(n=1148) | 首耀清墩光伏: 🔵 0值偏多(零值率43%) | 🟠 有效样本少(n=1677)
2025-12-29 04:00:00,0.0,0.0,0.0,0.0,昱中科技光伏: 🔵 0值过多(零值率61%) | 🟠 有效样本少(n=1148) | 首耀清墩光伏: 🔵 0值偏多(零值率43%) | 🟠 有效样本少(n=1677)
2025-12-29 05:00:00,0.0,0.0,0.0,0.0,昱中科技光伏: 🔵 0值过多(零值率61%) | 🟠 有效样本少(n=1148) | 首耀清墩光伏: 🔵 0值偏多(零值率43%) | 🟠 有效样本少(n=1677)
2025-12-29 06:00:00,0.0,0.0,0.0,0.0,昱中科技光伏: 🔵 0值过多(零值率61%) | 🟠 有效样本少(n=1148) | 首耀清墩光伏: 🔵 0值偏多(零值率43%) | 🟠 有效样本少(n=1677)
2025-12-29 07:00:00,0.0,0.0,0.0,0.0,昱中科技光伏: 🔵 0值过多(零值率61%) | 🟠 有效样本少(n=1148) | 首耀清墩光伏: 🔵 0值偏多(零值率43%) | 🟠 有效样本少(n=1677)
2025-12-29 08:00:00,0.12,0.0855725672040957,0.06,0.0805659273257789,昱中科技光伏: 🔵 0值过多(零值率61%) | 🟠 有效样本少(n=1148) | 首耀清墩光伏: 🔵 0值偏多(零值率43%) | 🟠 有效样本少(n=1677)
2025-12-29 09:00:00,0.4,0.443899934966407,0.22,0.2724309165777531,昱中科技光伏: 🔵 0值过多(零值率61%) | 🟠 有效样本少(n=1148) | 首耀清墩光伏: 🔵 0值偏多(零值率43%) | 🟠 有效样本少(n=1677)
2025-12-29 10:00:00,0.69,0.976856488030394,0.36,0.4882139431894544,昱中科技光伏: 🔵 0值过多(零值率61%) | 🟠 有效样本少(n=1148) | 首耀清墩光伏: 🔵 0值偏多(零值率43%) | 🟠 有效样本少(n=1677)
2025-12-29 11:00:00,0.93,1.270483400893789,0.47,0.5908571634361711,昱中科技光伏: 🔵 0值过多(零值率61%) | 🟠 有效样本少(n=1148) | 首耀清墩光伏: 🔵 0值偏多(零值率43%) | 🟠 有效样本少(n=1677)
2025-12-29 12:00:00,1.0,1.1954855502960071,0.52,0.5359655810889272,昱中科技光伏: 🔵 0值过多(零值率61%) | 🟠 有效样本少(n=1148) | 首耀清墩光伏: 🔵 0值偏多(零值率43%) | 🟠 有效样本少(n=1677)
2025-12-29 13:00:00,0.71,1.1226076582140985,0.46,0.504586171416436,昱中科技光伏: 🔵 0值过多(零值率61%) | 🟠 有效样本少(n=1148) | 首耀清墩光伏: 🔵 0值偏多(零值率43%) | 🟠 有效样本少(n=1677)
2025-12-29 14:00:00,0.57,0.9822464389179526,0.36,0.4278434355043727,昱中科技光伏: 🔵 0值过多(零值率61%) | 🟠 有效样本少(n=1148) | 首耀清墩光伏: 🔵 0值偏多(零值率43%) | 🟠 有效样本少(n=1677)
2025-12-29 15:00:00,0.53,0.712991706446935,0.28,0.2761544591966376,昱中科技光伏: 🔵 0值过多(零值率61%) | 🟠 有效样本少(n=1148) | 首耀清墩光伏: 🔵 0值偏多(零值率43%) | 🟠 有效样本少(n=1677)
2025-12-29 16:00:00,0.15,0.2553437172635477,0.12,0.1142315134424097,昱中科技光伏: 🔵 0值过多(零值率61%) | 🟠 有效样本少(n=1148) | 首耀清墩光伏: 🔵 0值偏多(零值率43%) | 🟠 有效样本少(n=1677)
2025-12-29 17:00:00,0.0,0.0,0.0,0.0,昱中科技光伏: 🔵 0值过多(零值率61%) | 🟠 有效样本少(n=1148) | 首耀清墩光伏: 🔵 0值偏多(零值率43%) | 🟠 有效样本少(n=1677)
2025-12-29 18:00:00,0.0,0.0,0.0,0.0,昱中科技光伏: 🔵 0值过多(零值率61%) | 🟠 有效样本少(n=1148) | 首耀清墩光伏: 🔵 0值偏多(零值率43%) | 🟠 有效样本少(n=1677)
2025-12-29 19:00:00,0.0,0.0,0.0,0.0,昱中科技光伏: 🔵 0值过多(零值率61%) | 🟠 有效样本少(n=1148) | 首耀清墩光伏: 🔵 0值偏多(零值率43%) | 🟠 有效样本少(n=1677)
2025-12-29 20:00:00,0.0,0.0,0.0,0.0,昱中科技光伏: 🔵 0值过多(零值率61%) | 🟠 有效样本少(n=1148) | 首耀清墩光伏: 🔵 0值偏多(零值率43%) | 🟠 有效样本少(n=1677)
2025-12-29 21:00:00,0.0,0.0,0.0,0.0,昱中科技光伏: 🔵 0值过多(零值率61%) | 🟠 有效样本少(n=1148) | 首耀清墩光伏: 🔵 0值偏多(零值率43%) | 🟠 有效样本少(n=1677)
2025-12-29 22:00:00,0.0,0.0,0.0,0.0,昱中科技光伏: 🔵 0值过多(零值率61%) | 🟠 有效样本少(n=1148) | 首耀清墩光伏: 🔵 0值偏多(零值率43%) | 🟠 有效样本少(n=1677)
2025-12-29 23:00:00,0.0,0.0,0.0,0.0,昱中科技光伏: 🔵 0值过多(零值率61%) | 🟠 有效样本少(n=1148) | 首耀清墩光伏: 🔵 0值偏多(零值率43%) | 🟠 有效样本少(n=1677)
2025-12-30 00:00:00,0.0,0.0,0.0,0.0,昱中科技光伏: 🔵 0值过多(零值率61%) | 🟠 有效样本少(n=1148) | 首耀清墩光伏: 🔵 0值偏多(零值率43%) | 🟠 有效样本少(n=1677)
2025-12-30 01:00:00,0.0,0.0,0.0,0.0,昱中科技光伏: 🔵 0值过多(零值率61%) | 🟠 有效样本少(n=1148) | 首耀清墩光伏: 🔵 0值偏多(零值率43%) | 🟠 有效样本少(n=1677)
2025-12-30 02:00:00,0.0,0.0,0.0,0.0,昱中科技光伏: 🔵 0值过多(零值率61%) | 🟠 有效样本少(n=1148) | 首耀清墩光伏: 🔵 0值偏多(零值率43%) | 🟠 有效样本少(n=1677)
2025-12-30 03:00:00,0.0,0.0,0.0,0.0,昱中科技光伏: 🔵 0值过多(零值率61%) | 🟠 有效样本少(n=1148) | 首耀清墩光伏: 🔵 0值偏多(零值率43%) | 🟠 有效样本少(n=1677)
2025-12-30 04:00:00,0.0,0.0,0.0,0.0,昱中科技光伏: 🔵 0值过多(零值率61%) | 🟠 有效样本少(n=1148) | 首耀清墩光伏: 🔵 0值偏多(零值率43%) | 🟠 有效样本少(n=1677)
2025-12-30 05:00:00,0.0,0.0,0.0,0.0,昱中科技光伏: 🔵 0值过多(零值率61%) | 🟠 有效样本少(n=1148) | 首耀清墩光伏: 🔵 0值偏多(零值率43%) | 🟠 有效样本少(n=1677)
2025-12-30 06:00:00,0.0,0.0,0.0,0.0,昱中科技光伏: 🔵 0值过多(零值率61%) | 🟠 有效样本少(n=1148) | 首耀清墩光伏: 🔵 0值偏多(零值率43%) | 🟠 有效样本少(n=1677)
2025-12-30 07:00:00,0.0,0.0,0.0,0.0,昱中科技光伏: 🔵 0值过多(零值率61%) | 🟠 有效样本少(n=1148) | 首耀清墩光伏: 🔵 0值偏多(零值率43%) | 🟠 有效样本少(n=1677)
2025-12-30 08:00:00,0.15,0.0901740421886094,0.04,0.0802354170971316,昱中科技光伏: 🔵 0值过多(零值率61%) | 🟠 有效样本少(n=1148) | 首耀清墩光伏: 🔵 0值偏多(零值率43%) | 🟠 有效样本少(n=1677)
2025-12-30 09:00:00,0.46,0.4460381915815706,0.22,0.2470248968868637,昱中科技光伏: 🔵 0值过多(零值率61%) | 🟠 有效样本少(n=1148) | 首耀清墩光伏: 🔵 0值偏多(零值率43%) | 🟠 有效样本少(n=1677)
2025-12-30 10:00:00,0.78,0.9830156673231046,0.41,0.4900625476099394,昱中科技光伏: 🔵 0值过多(零值率61%) | 🟠 有效样本少(n=1148) | 首耀清墩光伏: 🔵 0值偏多(零值率43%) | 🟠 有效样本少(n=1677)
2025-12-30 11:00:00,1.03,1.2672393589117037,0.57,0.5904802018840971,昱中科技光伏: 🔵 0值过多(零值率61%) | 🟠 有效样本少(n=1148) | 首耀清墩光伏: 🔵 0值偏多(零值率43%) | 🟠 有效样本少(n=1677)
2025-12-30 12:00:00,1.08,1.2001247806524171,0.55,0.5364024809393307,昱中科技光伏: 🔵 0值过多(零值率61%) | 🟠 有效样本少(n=1148) | 首耀清墩光伏: 🔵 0值偏多(零值率43%) | 🟠 有效样本少(n=1677)
2025-12-30 13:00:00,1.05,1.1648485838964784,0.59,0.5089229405215667,昱中科技光伏: 🔵 0值过多(零值率61%) | 🟠 有效样本少(n=1148) | 首耀清墩光伏: 🔵 0值偏多(零值率43%) | 🟠 有效样本少(n=1677)
2025-12-30 14:00:00,0.85,0.9339529217383428,0.5,0.4379598737347495,昱中科技光伏: 🔵 0值过多(零值率61%) | 🟠 有效样本少(n=1148) | 首耀清墩光伏: 🔵 0值偏多(零值率43%) | 🟠 有效样本少(n=1677)
2025-12-30 15:00:00,0.53,0.7466778239026575,0.33,0.2865893790838671,昱中科技光伏: 🔵 0值过多(零值率61%) | 🟠 有效样本少(n=1148) | 首耀清墩光伏: 🔵 0值偏多(零值率43%) | 🟠 有效样本少(n=1677)
2025-12-30 16:00:00,0.17,0.2599194226678751,0.14,0.1166816828997477,昱中科技光伏: 🔵 0值过多(零值率61%) | 🟠 有效样本少(n=1148) | 首耀清墩光伏: 🔵 0值偏多(零值率43%) | 🟠 有效样本少(n=1677)
2025-12-30 17:00:00,0.0,0.0,0.01,0.0196209974269485,昱中科技光伏: 🔵 0值过多(零值率61%) | 🟠 有效样本少(n=1148) | 首耀清墩光伏: 🔵 0值偏多(零值率43%) | 🟠 有效样本少(n=1677)
2025-12-30 18:00:00,0.0,0.0,0.0,0.0,昱中科技光伏: 🔵 0值过多(零值率61%) | 🟠 有效样本少(n=1148) | 首耀清墩光伏: 🔵 0值偏多(零值率43%) | 🟠 有效样本少(n=1677)
2025-12-30 19:00:00,0.0,0.0,0.0,0.0,昱中科技光伏: 🔵 0值过多(零值率61%) | 🟠 有效样本少(n=1148) | 首耀清墩光伏: 🔵 0值偏多(零值率43%) | 🟠 有效样本少(n=1677)
2025-12-30 20:00:00,0.0,0.0,0.0,0.0,昱中科技光伏: 🔵 0值过多(零值率61%) | 🟠 有效样本少(n=1148) | 首耀清墩光伏: 🔵 0值偏多(零值率43%) | 🟠 有效样本少(n=1677)
2025-12-30 21:00:00,0.0,0.0,0.0,0.0,昱中科技光伏: 🔵 0值过多(零值率61%) | 🟠 有效样本少(n=1148) | 首耀清墩光伏: 🔵 0值偏多(零值率43%) | 🟠 有效样本少(n=1677)
2025-12-30 22:00:00,0.0,0.0,0.0,0.0,昱中科技光伏: 🔵 0值过多(零值率61%) | 🟠 有效样本少(n=1148) | 首耀清墩光伏: 🔵 0值偏多(零值率43%) | 🟠 有效样本少(n=1677)
2025-12-30 23:00:00,0.0,0.0,0.0,0.0,昱中科技光伏: 🔵 0值过多(零值率61%) | 🟠 有效样本少(n=1148) | 首耀清墩光伏: 🔵 0值偏多(零值率43%) | 🟠 有效样本少(n=1677)
2025-12-31 00:00:00,0.0,0.0,0.0,0.0,昱中科技光伏: 🔵 0值过多(零值率61%) | 🟠 有效样本少(n=1148) | 首耀清墩光伏: 🔵 0值偏多(零值率43%) | 🟠 有效样本少(n=1677)
2025-12-31 01:00:00,0.0,0.0,0.0,0.0,昱中科技光伏: 🔵 0值过多(零值率61%) | 🟠 有效样本少(n=1148) | 首耀清墩光伏: 🔵 0值偏多(零值率43%) | 🟠 有效样本少(n=1677)
2025-12-31 02:00:00,0.0,0.0,0.0,0.0,昱中科技光伏: 🔵 0值过多(零值率61%) | 🟠 有效样本少(n=1148) | 首耀清墩光伏: 🔵 0值偏多(零值率43%) | 🟠 有效样本少(n=1677)
2025-12-31 03:00:00,0.0,0.0,0.0,0.0,昱中科技光伏: 🔵 0值过多(零值率61%) | 🟠 有效样本少(n=1148) | 首耀清墩光伏: 🔵 0值偏多(零值率43%) | 🟠 有效样本少(n=1677)
2025-12-31 04:00:00,0.0,0.0,0.0,0.0,昱中科技光伏: 🔵 0值过多(零值率61%) | 🟠 有效样本少(n=1148) | 首耀清墩光伏: 🔵 0值偏多(零值率43%) | 🟠 有效样本少(n=1677)
2025-12-31 05:00:00,0.0,0.0,0.0,0.0,昱中科技光伏: 🔵 0值过多(零值率61%) | 🟠 有效样本少(n=1148) | 首耀清墩光伏: 🔵 0值偏多(零值率43%) | 🟠 有效样本少(n=1677)
2025-12-31 06:00:00,0.0,0.0,0.0,0.0,昱中科技光伏: 🔵 0值过多(零值率61%) | 🟠 有效样本少(n=1148) | 首耀清墩光伏: 🔵 0值偏多(零值率43%) | 🟠 有效样本少(n=1677)
2025-12-31 07:00:00,0.0,0.0,0.0,0.0,昱中科技光伏: 🔵 0值过多(零值率61%) | 🟠 有效样本少(n=1148) | 首耀清墩光伏: 🔵 0值偏多(零值率43%) | 🟠 有效样本少(n=1677)
2025-12-31 08:00:00,0.04,0.0541399096130048,0.05,0.0622105764220217,昱中科技光伏: 🔵 0值过多(零值率61%) | 🟠 有效样本少(n=1148) | 首耀清墩光伏: 🔵 0值偏多(零值率43%) | 🟠 有效样本少(n=1677)
2025-12-31 09:00:00,0.45,0.3861570360814345,0.11,0.1979648328213521,昱中科技光伏: 🔵 0值过多(零值率61%) | 🟠 有效样本少(n=1148) | 首耀清墩光伏: 🔵 0值偏多(零值率43%) | 🟠 有效样本少(n=1677)
2025-12-31 10:00:00,0.84,0.7993260632635162,0.3,0.3776261182271923,昱中科技光伏: 🔵 0值过多(零值率61%) | 🟠 有效样本少(n=1148) | 首耀清墩光伏: 🔵 0值偏多(零值率43%) | 🟠 有效样本少(n=1677)
2025-12-31 11:00:00,0.97,1.0234597573287698,0.55,0.4620016531898991,昱中科技光伏: 🔵 0值过多(零值率61%) | 🟠 有效样本少(n=1148) | 首耀清墩光伏: 🔵 0值偏多(零值率43%) | 🟠 有效样本少(n=1677)
2025-12-31 12:00:00,1.13,1.031176301908974,0.44,0.505935130297161,昱中科技光伏: 🔵 0值过多(零值率61%) | 🟠 有效样本少(n=1148) | 首耀清墩光伏: 🔵 0值偏多(零值率43%) | 🟠 有效样本少(n=1677)
2025-12-31 13:00:00,1.11,1.0011257467079244,0.56,0.494017261097519,昱中科技光伏: 🔵 0值过多(零值率61%) | 🟠 有效样本少(n=1148) | 首耀清墩光伏: 🔵 0值偏多(零值率43%) | 🟠 有效样本少(n=1677)
2025-12-31 14:00:00,0.71,0.9366648947730504,0.44,0.4299232288370483,昱中科技光伏: 🔵 0值过多(零值率61%) | 🟠 有效样本少(n=1148) | 首耀清墩光伏: 🔵 0值偏多(零值率43%) | 🟠 有效样本少(n=1677)
2025-12-31 15:00:00,0.41,0.4051933117757639,0.19,0.1522738441081879,昱中科技光伏: 🔵 0值过多(零值率61%) | 🟠 有效样本少(n=1148) | 首耀清墩光伏: 🔵 0值偏多(零值率43%) | 🟠 有效样本少(n=1677)
2025-12-31 16:00:00,0.15,0.1975212937445503,0.11,0.089199816172538,昱中科技光伏: 🔵 0值过多(零值率61%) | 🟠 有效样本少(n=1148) | 首耀清墩光伏: 🔵 0值偏多(零值率43%) | 🟠 有效样本少(n=1677)
2025-12-31 17:00:00,0.0,0.0,0.0,0.0,昱中科技光伏: 🔵 0值过多(零值率61%) | 🟠 有效样本少(n=1148) | 首耀清墩光伏: 🔵 0值偏多(零值率43%) | 🟠 有效样本少(n=1677)
2025-12-31 18:00:00,0.0,0.0,0.0,0.0,昱中科技光伏: 🔵 0值过多(零值率61%) | 🟠 有效样本少(n=1148) | 首耀清墩光伏: 🔵 0值偏多(零值率43%) | 🟠 有效样本少(n=1677)
2025-12-31 19:00:00,0.0,0.0,0.0,0.0,昱中科技光伏: 🔵 0值过多(零值率61%) | 🟠 有效样本少(n=1148) | 首耀清墩光伏: 🔵 0值偏多(零值率43%) | 🟠 有效样本少(n=1677)
2025-12-31 20:00:00,0.0,0.0,0.0,0.0,昱中科技光伏: 🔵 0值过多(零值率61%) | 🟠 有效样本少(n=1148) | 首耀清墩光伏: 🔵 0值偏多(零值率43%) | 🟠 有效样本少(n=1677)
2025-12-31 21:00:00,0.0,0.0,0.0,0.0,昱中科技光伏: 🔵 0值过多(零值率61%) | 🟠 有效样本少(n=1148) | 首耀清墩光伏: 🔵 0值偏多(零值率43%) | 🟠 有效样本少(n=1677)
2025-12-31 22:00:00,0.0,0.0,0.0,0.0,昱中科技光伏: 🔵 0值过多(零值率61%) | 🟠 有效样本少(n=1148) | 首耀清墩光伏: 🔵 0值偏多(零值率43%) | 🟠 有效样本少(n=1677)
2025-12-31 23:00:00,0.0,0.0,0.0,0.0,昱中科技光伏: 🔵 0值过多(零值率61%) | 🟠 有效样本少(n=1148) | 首耀清墩光伏: 🔵 0值偏多(零值率43%) | 🟠 有效样本少(n=1677)
2026-01-01 00:00:00,0.0,0.0,0.0,0.0,昱中科技光伏: 🔵 0值过多(零值率61%) | 🟠 有效样本少(n=1148) | 首耀清墩光伏: 🔵 0值偏多(零值率43%) | 🟠 有效样本少(n=1677)
2026-01-01 01:00:00,0.0,0.0,0.0,0.0,昱中科技光伏: 🔵 0值过多(零值率61%) | 🟠 有效样本少(n=1148) | 首耀清墩光伏: 🔵 0值偏多(零值率43%) | 🟠 有效样本少(n=1677)
2026-01-01 02:00:00,0.0,0.0,0.0,0.0,昱中科技光伏: 🔵 0值过多(零值率61%) | 🟠 有效样本少(n=1148) | 首耀清墩光伏: 🔵 0值偏多(零值率43%) | 🟠 有效样本少(n=1677)
2026-01-01 03:00:00,0.0,0.0,0.0,0.0,昱中科技光伏: 🔵 0值过多(零值率61%) | 🟠 有效样本少(n=1148) | 首耀清墩光伏: 🔵 0值偏多(零值率43%) | 🟠 有效样本少(n=1677)
2026-01-01 04:00:00,0.0,0.0,0.0,0.0,昱中科技光伏: 🔵 0值过多(零值率61%) | 🟠 有效样本少(n=1148) | 首耀清墩光伏: 🔵 0值偏多(零值率43%) | 🟠 有效样本少(n=1677)
2026-01-01 05:00:00,0.0,0.0,0.0,0.0,昱中科技光伏: 🔵 0值过多(零值率61%) | 🟠 有效样本少(n=1148) | 首耀清墩光伏: 🔵 0值偏多(零值率43%) | 🟠 有效样本少(n=1677)
2026-01-01 06:00:00,0.0,0.0,0.0,0.0,昱中科技光伏: 🔵 0值过多(零值率61%) | 🟠 有效样本少(n=1148) | 首耀清墩光伏: 🔵 0值偏多(零值率43%) | 🟠 有效样本少(n=1677)
2026-01-01 07:00:00,0.0,0.0,0.0,0.0,昱中科技光伏: 🔵 0值过多(零值率61%) | 🟠 有效样本少(n=1148) | 首耀清墩光伏: 🔵 0值偏多(零值率43%) | 🟠 有效样本少(n=1677)
