time,hour,actual_city_mw,pred_city_mw,rmse_city_MW,mae_city_MW,nrmse_city_pct,bias_city_MW
2025-09-01 06:00:00,6,11.69,6.826888322983398,4.863111677016602,4.863111677016602,1.2511302303829195,-4.863111677016602
2025-09-01 07:00:00,7,48.239999999999995,47.987718359803964,0.2522816401960313,0.2522816401960313,0.06490436732340824,-0.2522816401960313
2025-09-01 08:00:00,8,107.45000000000002,100.89334380527269,6.556656194727324,6.556656194727324,1.6868275540987105,-6.556656194727324
2025-09-01 09:00:00,9,144.92000000000002,148.2057587148489,3.285758714848896,3.285758714848896,0.8453254481734473,3.285758714848896
2025-09-01 10:00:00,10,164.89000000000001,168.90177409731288,4.011774097312866,4.011774097312866,1.03210705078738,4.011774097312866
2025-09-01 11:00:00,11,184.14,189.02181609901925,4.881816099019261,4.881816099019261,1.2559423073746867,4.881816099019261
2025-09-01 12:00:00,12,202.3,188.0239976392972,14.276002360702819,14.276002360702819,3.6727797568182896,-14.276002360702819
2025-09-01 13:00:00,13,196.20999999999995,182.6860224965682,13.523977503431752,13.523977503431752,3.479306710049099,-13.523977503431752
2025-09-01 14:00:00,14,187.25,166.6662860965134,20.583713903486597,20.583713903486597,5.2955614488384635,-20.583713903486597
2025-09-01 15:00:00,15,155.40000000000003,133.48643609903522,21.913563900964817,21.913563900964817,5.637691271104927,-21.913563900964817
2025-09-01 16:00:00,16,108.36000000000001,95.25680749761031,13.103192502389703,13.103192502389703,3.3710515700769923,-13.103192502389703
2025-09-01 17:00:00,17,55.349999999999994,51.14013472118,4.209865278819997,4.209865278819997,1.0830698667817444,-4.209865278819997
2025-09-01 18:00:00,18,16.05,16.370951047035092,0.32095104703509136,0.32095104703509136,0.08257091016774572,0.32095104703509136
2025-09-01 19:00:00,19,8.79,6.3356737357747965,2.4543262642252026,2.4543262642252026,0.6314232508595637,-2.4543262642252026
2025-09-02 06:00:00,6,11.2,6.826888322983398,4.373111677016602,4.373111677016602,1.125068183363731,-4.373111677016602
2025-09-02 07:00:00,7,42.76,6.8592755694402525,35.90072443055975,35.90072443055975,9.23616083915948,-35.90072443055975
2025-09-02 08:00:00,8,95.24,85.78553303058065,9.454466969419343,9.454466969419343,2.43234583600062,-9.454466969419343
2025-09-02 09:00:00,9,124.3,119.80741492827643,4.492585071723568,4.492585071723568,1.1558050419373873,-4.492585071723568
2025-09-02 10:00:00,10,149.89000000000001,136.8353130297804,13.05468697021962,13.05468697021962,3.3585725768583887,-13.05468697021962
2025-09-02 11:00:00,11,171.01,175.0768076579575,4.066807657957497,4.066807657957497,1.046265506521292,4.066807657957497
2025-09-02 12:00:00,12,186.76,171.37486056754193,15.385139432458061,15.385139432458061,3.958126878635298,-15.385139432458061
2025-09-02 13:00:00,13,150.75000000000003,163.87716725911122,13.12716725911119,13.12716725911119,3.3772195433608654,13.12716725911119
2025-09-02 14:00:00,14,148.97,132.99073357980447,15.979266420195529,15.979266420195529,4.110977622030256,-15.979266420195529
2025-09-02 15:00:00,15,103.4,110.52207398180957,7.122073981809564,7.122073981809564,1.8322922962632955,7.122073981809564
2025-09-02 16:00:00,16,61.769999999999996,71.15865244343523,9.388652443435234,9.388652443435234,2.415413766879897,9.388652443435234
2025-09-02 17:00:00,17,34.510000000000005,43.62892265771612,9.118922657716112,9.118922657716112,2.34602052416602,9.118922657716112
2025-09-02 18:00:00,18,14.02,12.665831185930623,1.3541688140693768,1.3541688140693768,0.3483863116553719,-1.3541688140693768
2025-09-02 19:00:00,19,8.59,6.3356737357747965,2.2543262642252033,2.2543262642252033,0.5799693541170381,-2.2543262642252033
2025-09-03 06:00:00,6,12.089999999999998,6.826888322983398,5.2631116770166,5.2631116770166,1.3540380238679708,-5.2631116770166
2025-09-03 07:00:00,7,46.38,6.8592755694402525,39.52072443055975,39.52072443055975,10.167476370199198,-39.52072443055975
2025-09-03 08:00:00,8,86.07,61.665964281170844,24.40403571882915,24.40403571882915,6.278413669887736,-24.40403571882915
2025-09-03 09:00:00,9,133.37000000000003,97.03418578475967,36.33581421524036,36.33581421524036,9.3480961634329,-36.33581421524036
2025-09-03 10:00:00,10,155.89,105.26501168788275,50.62498831211724,50.62498831211724,13.024264606016288,-50.62498831211724
2025-09-03 11:00:00,11,107.67,127.68361581340635,20.013615813406346,20.013615813406346,5.148892607537961,20.013615813406346
2025-09-03 12:00:00,12,136.74999999999997,127.0634495019205,9.68655049807947,9.68655049807947,2.492053845597216,-9.68655049807947
2025-09-03 13:00:00,13,112.88000000000001,149.08078964402898,36.20078964402897,36.20078964402897,9.313358461708827,36.20078964402897
2025-09-03 14:00:00,14,86.99,132.23310775814355,45.24310775814355,45.24310775814355,11.63967097449244,45.24310775814355
2025-09-03 15:00:00,15,71.07999999999998,80.9183592206175,9.83835922061752,9.83835922061752,2.531109597267654,9.83835922061752
2025-09-03 16:00:00,16,62.98,63.81029199776439,0.830291997764391,0.830291997764391,0.2136087935955723,0.830291997764391
2025-09-03 17:00:00,17,34.95,28.44676164829457,6.503238351705434,6.503238351705434,1.6730847732034266,-6.503238351705434
2025-09-03 18:00:00,18,12.430000000000001,6.590734949804227,5.839265050195775,5.839265050195775,1.5022647047250668,-5.839265050195775
2025-09-03 19:00:00,19,9.3,6.3356737357747965,2.964326264225204,2.964326264225204,0.7626306875530051,-2.964326264225204
2025-09-04 06:00:00,6,11.069999999999999,6.826888322983398,4.243111677016601,4.243111677016601,1.0916231504810892,-4.243111677016601
2025-09-04 07:00:00,7,47.93,19.213006862883425,28.716993137116575,28.716993137116575,7.388005998165097,-28.716993137116575
2025-09-04 08:00:00,8,97.82999999999998,95.44213787607728,2.3878621239227016,2.3878621239227016,0.6143240557985357,-2.3878621239227016
2025-09-04 09:00:00,9,133.25,133.75346290715112,0.5034629071511176,0.5034629071511176,0.1295256421912274,0.5034629071511176
2025-09-04 10:00:00,10,150.99,162.28731879525438,11.29731879525437,11.29731879525437,2.9064553737920735,11.29731879525437
2025-09-04 11:00:00,11,185.20999999999998,175.91274954723863,9.297250452761347,9.297250452761347,2.3918988239289196,-9.297250452761347
2025-09-04 12:00:00,12,162.01,175.44328825238577,13.433288252385779,13.433288252385779,3.455975133254216,13.433288252385779
2025-09-04 13:00:00,13,166.07999999999998,167.4648136397332,1.3848136397332098,1.3848136397332098,0.35627029013236977,1.3848136397332098
2025-09-04 14:00:00,14,151.09,145.2090631246768,5.880936875323215,5.880936875323215,1.5129855936609662,-5.880936875323215
2025-09-04 15:00:00,15,100.35,93.29547699483828,7.0545230051617125,7.0545230051617125,1.814913491376819,-7.0545230051617125
2025-09-04 16:00:00,16,71.23,49.705591392462786,21.524408607537218,21.524408607537218,5.537573489680772,-21.524408607537218
2025-09-04 17:00:00,17,39.449999999999996,28.925644086190815,10.524355913809181,10.524355913809181,2.7075956123536438,-10.524355913809181
2025-09-04 18:00:00,18,13.740000000000002,6.590734949804227,7.149265050195775,7.149265050195775,1.839287728388611,-7.149265050195775
2025-09-04 19:00:00,19,9.35,6.3356737357747965,3.014326264225203,3.014326264225203,0.7754941617386362,-3.014326264225203
2025-09-05 06:00:00,6,11.670000000000002,6.826888322983398,4.843111677016604,4.843111677016604,1.2459848407086673,-4.843111677016604
2025-09-05 07:00:00,7,48.650000000000006,6.8592755694402525,41.790724430559756,41.790724430559756,10.751478098226867,-41.790724430559756
2025-09-05 08:00:00,8,100.24000000000001,92.1373083704269,8.102691629573116,8.102691629573116,2.0845752922229175,-8.102691629573116
2025-09-05 09:00:00,9,151.16000000000003,140.4513283895287,10.708671610471328,10.708671610471328,2.7550144164740478,-10.708671610471328
2025-09-05 10:00:00,10,172.14,176.90307457691006,4.763074576910071,4.763074576910071,1.2253937372864037,4.763074576910071
2025-09-05 11:00:00,11,181.74,188.10093205609004,6.360932056090036,6.360932056090036,1.6364737060013963,6.360932056090036
2025-09-05 12:00:00,12,186.99,193.67793412927116,6.687934129271156,6.687934129271156,1.7206013605416621,6.687934129271156
2025-09-05 13:00:00,13,188.08,183.33626681856822,4.743733181431793,4.743733181431793,1.2204177864574253,-4.743733181431793
2025-09-05 14:00:00,14,153.01000000000002,172.73849621022902,19.728496210228997,19.728496210228997,5.0755400344321755,19.728496210228997
2025-09-05 15:00:00,15,144.65,137.75633769747606,6.89366230252395,6.89366230252395,1.7735289414595512,-6.89366230252395
2025-09-05 16:00:00,16,95.85000000000002,96.35573997297779,0.5057399729777643,0.5057399729777643,0.13011146174082847,0.5057399729777643
2025-09-05 17:00:00,17,49.19999999999999,38.853709585940024,10.346290414059965,10.346290414059965,2.6617847931661314,-10.346290414059965
2025-09-05 18:00:00,18,11.7,6.590734949804227,5.109265050195773,5.109265050195773,1.3144579816148467,-5.109265050195773
2025-09-05 19:00:00,19,8.62,6.3356737357747965,2.2843262642252027,2.2843262642252027,0.5876874386284169,-2.2843262642252027
2025-09-06 06:00:00,6,13.610000000000001,6.826888322983398,6.783111677016604,6.783111677016604,1.7450876391111678,-6.783111677016604
2025-09-06 07:00:00,7,34.89,6.8592755694402525,28.030724430559747,28.030724430559747,7.211450002341087,-28.030724430559747
2025-09-06 08:00:00,8,56.980000000000004,61.172281216502874,4.19228121650287,4.19228121650287,1.0785460241478464,4.19228121650287
2025-09-06 09:00:00,9,76.67999999999999,100.41879630247608,23.73879630247609,23.73879630247609,6.107267868697294,23.73879630247609
2025-09-06 10:00:00,10,92.86,122.4122460446196,29.552246044619594,29.552246044619594,7.6028910824478695,29.552246044619594
2025-09-06 11:00:00,11,91.48,124.66400945327057,33.18400945327056,33.18400945327056,8.537232979557924,33.18400945327056
2025-09-06 12:00:00,12,106.92,136.4236200964354,29.503620096435398,29.503620096435398,7.590381109863485,29.503620096435398
2025-09-06 13:00:00,13,89.12,141.2817912975361,52.1617912975361,52.1617912975361,13.419637116643027,52.1617912975361
2025-09-06 14:00:00,14,105.95,105.10615135500245,0.84384864499755,0.84384864499755,0.21709650523012136,-0.84384864499755
2025-09-06 15:00:00,15,78.74,83.48644348634667,4.746443486346678,4.746443486346678,1.2211150652035814,4.746443486346678
2025-09-06 16:00:00,16,58.82,51.95386924694827,6.866130753051728,6.866130753051728,1.7664459139410238,-6.866130753051728
2025-09-06 17:00:00,17,34.50000000000001,24.293887096521026,10.206112903478981,10.206112903478981,2.62572139739084,-10.206112903478981
2025-09-06 18:00:00,18,11.810000000000002,6.590734949804227,5.219265050195776,5.219265050195776,1.3427576248232367,-5.219265050195776
2025-09-06 19:00:00,19,8.809999999999999,6.3356737357747965,2.474326264225202,2.474326264225202,0.6365686405338162,-2.474326264225202
2025-09-07 06:00:00,6,8.859999999999998,6.826888322983398,2.0331116770166,2.0331116770166,0.5230575914761784,-2.0331116770166
2025-09-07 07:00:00,7,23.000000000000004,6.8592755694402525,16.14072443055975,16.14072443055975,4.1525158409979275,-16.14072443055975
2025-09-07 08:00:00,8,44.629999999999995,18.795108764231063,25.834891235768932,25.834891235768932,6.646529129998202,-25.834891235768932
2025-09-07 09:00:00,9,63.59,32.74811308808246,30.84188691191754,30.84188691191754,7.934676322552321,-30.84188691191754
2025-09-07 10:00:00,10,87.19000000000001,70.18565786013616,17.00434213986385,17.00434213986385,4.374698323195677,-17.00434213986385
2025-09-07 11:00:00,11,111.48,94.68293072113693,16.797069278863077,16.797069278863077,4.321373341258368,-16.797069278863077
2025-09-07 12:00:00,12,106.34999999999998,137.86373100632443,31.51373100632445,31.51373100632445,8.107521305855766,31.51373100632445
2025-09-07 13:00:00,13,95.67,127.23360656179916,31.563606561799162,31.563606561799162,8.120352764262623,31.563606561799162
2025-09-07 14:00:00,14,92.63999999999999,121.72654860215945,29.086548602159468,29.086548602159468,7.4830813418598625,29.086548602159468
2025-09-07 15:00:00,15,71.37,77.19611230146685,5.82611230146685,5.82611230146685,1.4988809038501743,5.82611230146685
2025-09-07 16:00:00,16,50.76,49.46985357532465,1.2901464246753491,1.2901464246753491,0.3319153045899215,-1.2901464246753491
2025-09-07 17:00:00,17,24.88,24.91010959054244,0.03010959054244111,0.03010959054244111,0.007746278813652487,0.03010959054244111
2025-09-07 18:00:00,18,9.629999999999999,6.590734949804227,3.0392650501957723,3.0392650501957723,0.7819101503297043,-3.0392650501957723
2025-09-07 19:00:00,19,8.6,6.3356737357747965,2.264326264225203,2.264326264225203,0.5825420489541644,-2.264326264225203
2025-09-08 06:00:00,6,8.659999999999998,6.826888322983398,1.8331116770166007,1.8331116770166007,0.47160369473365266,-1.8331116770166007
2025-09-08 07:00:00,7,12.659999999999998,6.8592755694402525,5.800724430559746,5.800724430559746,1.4923493794093408,-5.800724430559746
2025-09-08 08:00:00,8,31.2,13.560604941038294,17.639395058961703,17.639395058961703,4.53807805982218,-17.639395058961703
2025-09-08 09:00:00,9,29.470000000000002,27.71541549272771,1.7545845072722912,1.7545845072722912,0.45140105031612016,-1.7545845072722912
2025-09-08 10:00:00,10,37.67999999999999,40.95708635823298,3.277086358232985,3.277086358232985,0.8430943154643002,3.277086358232985
2025-09-08 11:00:00,11,42.06,67.30135513260896,25.24135513260896,25.24135513260896,6.49383040317343,25.24135513260896
2025-09-08 12:00:00,12,48.800000000000004,89.98014853516175,41.18014853516174,41.18014853516174,10.594395552850443,41.18014853516174
2025-09-08 13:00:00,13,55.49,91.8097836454962,36.319783645496194,36.319783645496194,9.343971987031198,36.319783645496194
2025-09-08 14:00:00,14,36.84,90.04879681850827,53.20879681850826,53.20879681850826,13.688999686467806,53.20879681850826
2025-09-08 15:00:00,15,41.15,41.61705707515454,0.46705707515454264,0.46705707515454264,0.12015953258933984,0.46705707515454264
2025-09-08 16:00:00,16,24.16,16.681485265238226,7.478514734761774,7.478514734761774,1.9239936247494513,-7.478514734761774
2025-09-08 17:00:00,17,14.389999999999999,11.357209028368546,3.032790971631453,3.032790971631453,0.7802445674799469,-3.032790971631453
2025-09-08 18:00:00,18,8.74,6.590734949804227,2.1492650501957735,2.1492650501957735,0.5529403098254647,-2.1492650501957735
2025-09-08 19:00:00,19,8.58,6.3356737357747965,2.2443262642252035,2.2443262642252035,0.5773966592799119,-2.2443262642252035
2025-09-09 06:00:00,6,9.89,6.826888322983398,3.063111677016603,3.063111677016603,0.7880451597001872,-3.063111677016603
2025-09-09 07:00:00,7,39.779999999999994,6.8592755694402525,32.920724430559744,32.920724430559744,8.469497777695842,-32.920724430559744
2025-09-09 08:00:00,8,77.18999999999998,85.81188895680187,8.621888956801882,8.621888956801882,2.2181489205440394,8.621888956801882
2025-09-09 09:00:00,9,137.14000000000001,133.61924956516106,3.520750434838959,3.520750434838959,0.9057816466520336,-3.520750434838959
2025-09-09 10:00:00,10,170.85999999999999,168.8445470605009,2.0154529394990846,2.0154529394990846,0.5185145371920303,-2.0154529394990846
2025-09-09 11:00:00,11,209.36,175.26974806814493,34.09025193185508,34.09025193185508,8.770381514141816,-34.09025193185508
2025-09-09 12:00:00,12,179.67000000000002,192.24022475386528,12.570224753865261,12.570224753865261,3.233935232578627,12.570224753865261
2025-09-09 13:00:00,13,192.99,198.16396375848262,5.173963758482614,5.173963758482614,1.3311029848926765,5.173963758482614
2025-09-09 14:00:00,14,167.18999999999997,165.10724182304617,2.082758176953803,2.082758176953803,0.5358301208831616,-2.082758176953803
2025-09-09 15:00:00,15,136.79,113.41969114241691,23.370308857583083,23.370308857583083,6.012467293995084,-23.370308857583083
2025-09-09 16:00:00,16,99.49000000000001,89.34088658938587,10.149113410614135,10.149113410614135,2.6110571672896192,-10.149113410614135
2025-09-09 17:00:00,17,50.05,45.284423282477775,4.765576717522222,4.765576717522222,1.2260374617098682,-4.765576717522222
2025-09-09 18:00:00,18,14.139999999999999,6.590734949804227,7.549265050195772,7.549265050195772,1.9421955218736617,-7.549265050195772
2025-09-09 19:00:00,19,8.59,6.3356737357747965,2.2543262642252033,2.2543262642252033,0.5799693541170381,-2.2543262642252033
2025-09-10 06:00:00,6,11.420000000000002,6.826888322983398,4.593111677016604,4.593111677016604,1.18166746978051,-4.593111677016604
2025-09-10 07:00:00,7,49.69,6.8592755694402525,42.83072443055975,42.83072443055975,11.019038361288,-42.83072443055975
2025-09-10 08:00:00,8,109.22,77.92756670741655,31.292433292583453,31.292433292583453,8.050588157294834,-31.292433292583453
2025-09-10 09:00:00,9,163.32,115.22885268664426,48.091147313355734,48.091147313355734,12.372384640455023,-48.091147313355734
2025-09-10 10:00:00,10,197.99999999999997,174.73975402927735,23.26024597072262,23.26024597072262,5.984151471916572,-23.26024597072262
2025-09-10 11:00:00,11,221.09999999999997,203.80119702519178,17.298802974808183,17.298802974808183,4.450454110175395,-17.298802974808183
2025-09-10 12:00:00,12,219.64,218.63767068545152,1.0023293145484615,1.0023293145484615,0.2578687452639162,-1.0023293145484615
2025-09-10 13:00:00,13,190.08,218.75947820180713,28.679478201807115,28.679478201807115,7.378354550126518,28.679478201807115
2025-09-10 14:00:00,14,176.29000000000002,194.89513989028066,18.60513989028064,18.60513989028064,4.786534733973742,18.60513989028064
2025-09-10 15:00:00,15,154.3,143.5788300879508,10.72116991204922,10.72116991204922,2.7582298480682765,-10.72116991204922
2025-09-10 16:00:00,16,101.17,104.72813550416419,3.5581355041641842,3.5581355041641842,0.9153996841358952,3.5581355041641842
2025-09-10 17:00:00,17,45.00999999999999,51.54507064174377,6.535070641743779,6.535070641743779,1.6812742500269824,6.535070641743779
2025-09-10 18:00:00,18,14.570000000000002,6.590734949804227,7.979265050195775,7.979265050195775,2.0528213998700933,-7.979265050195775
2025-09-10 19:00:00,19,8.59,6.3356737357747965,2.2543262642252033,2.2543262642252033,0.5799693541170381,-2.2543262642252033
2025-09-11 06:00:00,6,9.259999999999998,6.826888322983398,2.4331116770166004,2.4331116770166004,0.6259653849612301,-2.4331116770166004
2025-09-11 07:00:00,7,40.29,6.8592755694402525,33.43072443055975,33.43072443055975,8.600705214389286,-33.43072443055975
2025-09-11 08:00:00,8,45.54,73.40960628920739,27.86960628920739,27.86960628920739,7.169999221298628,27.86960628920739
2025-09-11 09:00:00,9,70.01,93.83475586177457,23.824755861774563,23.824755861774563,6.129382640138177,23.824755861774563
2025-09-11 10:00:00,10,97.61999999999999,123.28925190785266,25.66925190785267,25.66925190785267,6.603915185622677,25.66925190785267
2025-09-11 11:00:00,11,79.78,143.75132344019525,63.97132344019525,63.97132344019525,16.457869353872645,63.97132344019525
2025-09-11 12:00:00,12,69.18,148.1326745244864,78.95267452448638,78.95267452448638,20.312113812645862,78.95267452448638
2025-09-11 13:00:00,13,65.06,143.2465777760163,78.18657777601629,78.18657777601629,20.11502049769304,78.18657777601629
2025-09-11 14:00:00,14,41.17,90.0347428711382,48.864742871138205,48.864742871138205,12.571407170208104,48.864742871138205
2025-09-11 15:00:00,15,29.280000000000005,20.551304993219574,8.72869500678043,8.72869500678043,2.2456268578794054,-8.72869500678043
2025-09-11 16:00:00,16,23.71,13.552918830917793,10.157081169082208,10.157081169082208,2.6131070283970477,-10.157081169082208
2025-09-11 17:00:00,17,13.010000000000002,10.605367805411355,2.404632194588647,2.404632194588647,0.6186384832205876,-2.404632194588647
2025-09-11 18:00:00,18,9.129999999999999,6.590734949804227,2.5392650501957723,2.5392650501957723,0.6532754084733898,-2.5392650501957723
2025-09-11 19:00:00,19,8.99,6.3356737357747965,2.6543262642252037,2.6543262642252037,0.6828771476020898,-2.6543262642252037
2025-09-12 06:00:00,6,8.99,6.826888322983398,2.1631116770166026,2.1631116770166026,0.5565026243588208,-2.1631116770166026
2025-09-12 07:00:00,7,10.659999999999998,6.8592755694402525,3.800724430559746,3.800724430559746,0.9778104119840824,-3.800724430559746
2025-09-12 08:00:00,8,14.68,12.475783834644178,2.204216165355822,2.204216165355822,0.5670775548521235,-2.204216165355822
2025-09-12 09:00:00,9,15.780000000000001,13.129116338228272,2.6508836617717293,2.6508836617717293,0.6819914710462567,-2.6508836617717293
2025-09-12 10:00:00,10,20.88,16.690716905239597,4.189283094760402,4.189283094760402,1.0777746989150538,-4.189283094760402
2025-09-12 11:00:00,11,31.930000000000003,16.91704553352755,15.012954466472454,15.012954466472454,3.8623750445905785,-15.012954466472454
2025-09-12 12:00:00,12,38.13,29.07157540554936,9.058424594450642,9.058424594450642,2.3304562186640987,-9.058424594450642
2025-09-12 13:00:00,13,44.13999999999999,26.945452542524112,17.19454745747588,17.19454745747588,4.42363234705712,-17.19454745747588
2025-09-12 14:00:00,14,35.45,18.71394189273699,16.736058107263013,16.736058107263013,4.305677028640117,-16.736058107263013
2025-09-12 15:00:00,15,45.77,14.469026843994232,31.30097315600577,31.30097315600577,8.052785203548469,-31.30097315600577
2025-09-12 16:00:00,16,28.52,17.196666843033093,11.323333156966907,11.323333156966907,2.9131480751989716,-11.323333156966907
2025-09-12 17:00:00,17,15.319999999999999,11.504847095792123,3.815152904207876,3.815152904207876,0.9815224179502982,-3.815152904207876
2025-09-12 18:00:00,18,9.16,6.590734949804227,2.5692650501957734,2.5692650501957734,0.6609934929847688,-2.5692650501957734
2025-09-12 19:00:00,19,8.99,6.3356737357747965,2.6543262642252037,2.6543262642252037,0.6828771476020898,-2.6543262642252037
2025-09-13 06:00:00,6,12.099999999999998,6.826888322983398,5.2731116770166,5.2731116770166,1.3566107187050969,-5.2731116770166
2025-09-13 07:00:00,7,42.760000000000005,6.8592755694402525,35.900724430559755,35.900724430559755,9.236160839159481,-35.900724430559755
2025-09-13 08:00:00,8,64.18,54.457874718022474,9.722125281977533,9.722125281977533,2.501206151883859,-9.722125281977533
2025-09-13 09:00:00,9,79.41,74.76287700589793,4.647122994102062,4.647122994102062,1.195562933441725,-4.647122994102062
2025-09-13 10:00:00,10,79.85,80.31243397878146,0.462433978781462,0.462433978781462,0.11897015097228364,0.462433978781462
2025-09-13 11:00:00,11,84.7,87.92855359669058,3.228553596690574,3.228553596690574,0.8306083169591361,3.228553596690574
2025-09-13 12:00:00,12,78.93999999999998,108.35167391102321,29.41167391102323,29.41167391102323,7.566726162213151,29.41167391102323
2025-09-13 13:00:00,13,73.55,115.74674504267949,42.196745042679495,42.196745042679495,10.855934811483598,42.196745042679495
2025-09-13 14:00:00,14,63.96000000000001,111.36501123029909,47.40501123029908,47.40501123029908,12.195862764610432,47.40501123029908
2025-09-13 15:00:00,15,69.96000000000001,55.88013312501287,14.07986687498714,14.07986687498714,3.622320081670491,-14.07986687498714
2025-09-13 16:00:00,16,59.7,52.494347859254894,7.205652140745109,7.205652140745109,1.853794406062295,-7.205652140745109
2025-09-13 17:00:00,17,28.219999999999995,31.265148725677985,3.04514872567799,3.04514872567799,0.7834238404833471,3.04514872567799
2025-09-13 18:00:00,18,12.530000000000001,6.590734949804227,5.939265050195774,5.939265050195774,1.5279916530963296,-5.939265050195774
2025-09-13 19:00:00,19,8.99,6.3356737357747965,2.6543262642252037,2.6543262642252037,0.6828771476020898,-2.6543262642252037
2025-09-14 06:00:00,6,10.009999999999998,6.826888322983398,3.1831116770166004,3.1831116770166004,0.818917497745702,-3.1831116770166004
2025-09-14 07:00:00,7,31.650000000000002,6.8592755694402525,24.79072443055975,24.79072443055975,6.37789687511217,-24.79072443055975
2025-09-14 08:00:00,8,76.66,82.47287756413095,5.812877564130957,5.812877564130957,1.4954760098086968,5.812877564130957
2025-09-14 09:00:00,9,128.62,135.03421198808954,6.414211988089534,6.414211988089534,1.650181006599151,6.414211988089534
2025-09-14 10:00:00,10,155.51000000000002,167.0040950166877,11.49409501668768,11.49409501668768,2.9570798906871434,11.49409501668768
2025-09-14 11:00:00,11,180.89,177.6197948001428,3.2702051998571733,3.2702051998571733,0.8413240034016103,-3.2702051998571733
2025-09-14 12:00:00,12,173.83,176.26354700615042,2.4335470061504054,2.4335470061504054,0.6260773818627292,2.4335470061504054
2025-09-14 13:00:00,13,148.47,164.1209038122944,15.650903812294388,15.650903812294388,4.026499943424996,15.650903812294388
2025-09-14 14:00:00,14,112.70999999999998,128.2246045218903,15.514604521890334,15.514604521890334,3.9914342953523483,15.514604521890334
2025-09-14 15:00:00,15,87.46999999999998,109.18764583971006,21.717645839710073,21.717645839710073,5.58728753263594,21.717645839710073
2025-09-14 16:00:00,16,66.82,62.880084503122646,3.9399154968773473,3.9399154968773473,1.013620025753022,-3.9399154968773473
2025-09-14 17:00:00,17,37.410000000000004,27.73203937555595,9.677960624444054,9.677960624444054,2.4898439332418763,-9.677960624444054
2025-09-14 18:00:00,18,10.84,6.590734949804227,4.249265050195773,4.249265050195773,1.0932062256219859,-4.249265050195773
2025-09-14 19:00:00,19,9.0,6.3356737357747965,2.6643262642252035,2.6643262642252035,0.6854498424392161,-2.6643262642252035
2025-09-15 06:00:00,6,9.329999999999998,6.826888322983398,2.5031116770166006,2.5031116770166006,0.6439742488211142,-2.5031116770166006
2025-09-15 07:00:00,7,18.73,6.8592755694402525,11.870724430559747,11.870724430559747,3.053975145545,-11.870724430559747
2025-09-15 08:00:00,8,49.82999999999999,65.32594179737016,15.495941797370172,15.495941797370172,3.9866329458503746,15.495941797370172
2025-09-15 09:00:00,9,64.27,107.4373577769691,43.1673577769691,43.1673577769691,11.105643848519188,43.1673577769691
2025-09-15 10:00:00,10,88.97999999999999,109.52996937367075,20.549969373670763,20.549969373670763,5.286880011074619,20.549969373670763
2025-09-15 11:00:00,11,108.98,109.59514249314616,0.615142493146152,0.615142493146152,0.15825739162141006,0.615142493146152
2025-09-15 12:00:00,12,127.89000000000001,130.07459386569795,2.1845938656979342,2.1845938656979342,0.5620293359498844,2.1845938656979342
2025-09-15 13:00:00,13,115.07000000000002,114.57286277534118,0.497137224658843,0.497137224658843,0.12789823712230988,-0.497137224658843
2025-09-15 14:00:00,14,100.91999999999999,81.65205616778104,19.267943832218947,19.267943832218947,4.957053961918906,-19.267943832218947
2025-09-15 15:00:00,15,77.33000000000001,51.3958533029761,25.934146697023913,25.934146697023913,6.67206453127093,-25.934146697023913
2025-09-15 16:00:00,16,46.31,41.05352156784204,5.256478432157962,5.256478432157962,1.3523314923878493,-5.256478432157962
2025-09-15 17:00:00,17,22.050000000000004,23.452854785078117,1.4028547850781123,1.4028547850781123,0.36091172628083734,1.4028547850781123
2025-09-15 18:00:00,18,10.04,6.590734949804227,3.4492650501957725,3.4492650501957725,0.8873906386518823,-3.4492650501957725
2025-09-15 19:00:00,19,9.85,6.3356737357747965,3.514326264225203,3.514326264225203,0.9041289035949508,-3.514326264225203
2025-09-16 06:00:00,6,10.229999999999999,6.826888322983398,3.403111677016601,3.403111677016601,0.8755167841624806,-3.403111677016601
2025-09-16 07:00:00,7,18.22,6.8592755694402525,11.360724430559745,11.360724430559745,2.9227677088515587,-11.360724430559745
2025-09-16 08:00:00,8,50.52,63.35417008447834,12.834170084478338,12.834170084478338,3.3018403115138124,12.834170084478338
2025-09-16 09:00:00,9,137.64999999999998,102.83478944481901,34.81521055518097,34.81521055518097,8.956891244877884,-34.81521055518097
2025-09-16 10:00:00,10,168.20999999999998,134.9955729890909,33.21442701090908,33.21442701090908,8.545058488907383,-33.21442701090908
2025-09-16 11:00:00,11,203.79000000000002,156.5925642574234,47.19743574257663,47.19743574257663,12.14245992605268,-47.19743574257663
2025-09-16 12:00:00,12,196.16000000000003,154.653192962681,41.50680703731902,41.50680703731902,10.678434817050787,-41.50680703731902
2025-09-16 13:00:00,13,180.19,133.6752646802511,46.514735319748894,46.514735319748894,11.966821940741395,-46.514735319748894
2025-09-16 14:00:00,14,165.38,114.21412792299112,51.16587207700887,51.16587207700887,13.163417492958501,-51.16587207700887
2025-09-16 15:00:00,15,105.48999999999998,92.13969546686508,13.350304533134903,13.350304533134903,3.4346259546459894,-13.350304533134903
2025-09-16 16:00:00,16,42.41,57.67155035263589,15.261550352635894,15.261550352635894,3.9263311798769305,15.261550352635894
2025-09-16 17:00:00,17,17.88,25.17707505519648,7.29707505519648,7.29707505519648,1.8773147320627033,7.29707505519648
2025-09-16 18:00:00,18,13.029999999999998,6.590734949804227,6.439265050195771,6.439265050195771,1.6566263949526432,-6.439265050195771
2025-09-16 19:00:00,19,12.95,6.3356737357747965,6.614326264225203,6.614326264225203,1.7016643031041012,-6.614326264225203
2025-09-17 06:00:00,6,13.02,6.826888322983398,6.193111677016602,6.193111677016602,1.5932986437207162,-6.193111677016602
2025-09-17 07:00:00,7,17.310000000000002,6.8592755694402525,10.450724430559749,10.450724430559749,2.6886524786730672,-10.450724430559749
2025-09-17 08:00:00,8,24.55,15.58827983941773,8.96172016058227,8.96172016058227,2.305577118890061,-8.96172016058227
2025-09-17 09:00:00,9,49.33,19.438175225873337,29.89182477412666,29.89182477412666,7.690254326867945,-29.89182477412666
2025-09-17 10:00:00,10,54.44,57.03181915632315,2.5918191563231545,2.5918191563231545,0.6667959762237601,2.5918191563231545
2025-09-17 11:00:00,11,59.260000000000005,85.25834668013265,25.99834668013264,25.99834668013264,6.688581227779672,25.99834668013264
2025-09-17 12:00:00,12,57.7,121.48785289366255,63.787852893662546,63.787852893662546,16.410667981089702,63.787852893662546
2025-09-17 13:00:00,13,66.33999999999999,137.31952187111492,70.97952187111493,70.97952187111493,18.26086494595101,70.97952187111493
2025-09-17 14:00:00,14,66.53,131.72519241927478,65.19519241927478,65.19519241927478,16.772733494252336,65.19519241927478
2025-09-17 15:00:00,15,59.099999999999994,87.0374288416365,27.937428841636503,27.937428841636503,7.187447894346138,27.937428841636503
2025-09-17 16:00:00,16,51.95000000000001,55.51815463465156,3.568154634651549,3.568154634651549,0.9179773006636289,3.568154634651549
2025-09-17 17:00:00,17,22.489999999999995,23.135972080099144,0.6459720800991491,0.6459720800991491,0.16618890353988122,0.6459720800991491
2025-09-17 18:00:00,18,12.979999999999999,6.590734949804227,6.389265050195772,6.389265050195772,1.643762920767012,-6.389265050195772
2025-09-17 19:00:00,19,12.959999999999999,6.3356737357747965,6.6243262642252025,6.6243262642252025,1.7042369979412275,-6.6243262642252025
2025-09-18 06:00:00,6,13.669999999999998,6.826888322983398,6.8431116770166005,6.8431116770166005,1.7605238081339247,-6.8431116770166005
2025-09-18 07:00:00,7,28.85,6.8592755694402525,21.990724430559748,21.990724430559748,5.657542320716807,-21.990724430559748
2025-09-18 08:00:00,8,69.93,60.404231363261424,9.525768636738583,9.525768636738583,2.4506895791396905,-9.525768636738583
2025-09-18 09:00:00,9,122.46,105.52939988323836,16.93060011676164,16.93060011676164,4.355726750984246,-16.93060011676164
2025-09-18 10:00:00,10,147.22,167.12259082190317,19.902590821903175,19.902590821903175,5.120329265294742,19.902590821903175
2025-09-18 11:00:00,11,159.82000000000002,175.1140959814416,15.294095981441586,15.294095981441586,3.9347041769968736,15.294095981441586
2025-09-18 12:00:00,12,170.92,189.0041298405784,18.084129840578413,18.084129840578413,4.652494747477759,18.084129840578413
2025-09-18 13:00:00,13,162.61,167.9861806293895,5.376180629389495,5.376180629389495,1.3831272148688731,5.376180629389495
2025-09-18 14:00:00,14,134.26,122.78042031406932,11.479579685930673,11.479579685930673,2.9533455390373704,-11.479579685930673
2025-09-18 15:00:00,15,87.53,72.7655185046257,14.764481495374298,14.764481495374298,3.7984505315996127,-14.764481495374298
2025-09-18 16:00:00,16,52.51,56.97685215778038,4.46685215778038,4.46685215778038,1.149184748452802,4.46685215778038
2025-09-18 17:00:00,17,30.779999999999998,23.87753463473242,6.902465365267577,6.902465365267577,1.775793700866694,-6.902465365267577
2025-09-18 18:00:00,18,13.549999999999997,6.590734949804227,6.9592650501957705,6.9592650501957705,1.79040652648321,-6.9592650501957705
2025-09-18 19:00:00,19,13.419999999999998,6.3356737357747965,7.084326264225202,7.084326264225202,1.8225809604490366,-7.084326264225202
2025-09-19 06:00:00,6,13.429999999999998,6.826888322983398,6.6031116770166,6.6031116770166,1.698779132042894,-6.6031116770166
2025-09-19 07:00:00,7,14.209999999999999,6.8592755694402525,7.350724430559747,7.350724430559747,1.8911170791639162,-7.350724430559747
2025-09-19 08:00:00,8,19.119999999999997,13.611049104316937,5.508950895683061,5.508950895683061,1.417284952730607,-5.508950895683061
2025-09-19 09:00:00,9,28.75,48.90970844166112,20.159708441661117,20.159708441661117,5.186477782583287,20.159708441661117
2025-09-19 10:00:00,10,37.50999999999999,59.98439735515251,22.47439735515252,22.47439735515252,5.781976604312567,22.47439735515252
2025-09-19 11:00:00,11,37.64,54.27423161184403,16.63423161184403,16.63423161184403,4.279480178735409,16.63423161184403
2025-09-19 12:00:00,12,36.44,45.77165037457096,9.331650374570962,9.331650374570962,2.4007488740526344,9.331650374570962
2025-09-19 13:00:00,13,26.990000000000002,27.308188117361038,0.3181881173610357,0.3181881173610357,0.08186009267696712,0.3181881173610357
2025-09-19 14:00:00,14,19.240000000000002,23.056720185374246,3.816720185374244,3.816720185374244,0.9819256315668021,3.816720185374244
2025-09-19 15:00:00,15,17.38,13.095306712795017,4.284693287204982,4.284693287204982,1.1023208298661937,-4.284693287204982
2025-09-19 16:00:00,16,15.999999999999998,12.13318779100902,3.8668122089909787,3.8668122089909787,0.9948127806208003,-3.8668122089909787
2025-09-19 17:00:00,17,14.049999999999997,10.238813601405836,3.8111863985941614,3.8111863985941614,0.9805019570989145,-3.8111863985941614
2025-09-19 18:00:00,18,13.43,6.590734949804227,6.839265050195773,6.839265050195773,1.7595341884376954,-6.839265050195773
2025-09-19 19:00:00,19,13.43,6.3356737357747965,7.094326264225203,7.094326264225203,1.8251536552861634,-7.094326264225203
2025-09-20 06:00:00,6,13.739999999999998,6.826888322983398,6.913111677016601,6.913111677016601,1.7785326719938088,-6.913111677016601
2025-09-20 07:00:00,7,40.61,6.8592755694402525,33.75072443055975,33.75072443055975,8.683031449177326,-33.75072443055975
2025-09-20 08:00:00,8,100.08,70.0159522664111,30.064047733588893,30.064047733588893,7.734562038732254,-30.064047733588893
2025-09-20 09:00:00,9,147.2,136.2936277122993,10.906372287700691,10.906372287700691,2.805876767634483,-10.906372287700691
2025-09-20 10:00:00,10,181.41000000000003,182.462942104109,1.052942104108979,1.052942104108979,0.2708898715034065,1.052942104108979
2025-09-20 11:00:00,11,203.67000000000002,201.64443639469673,2.02556360530329,2.02556360530329,0.5211157029634692,-2.02556360530329
2025-09-20 12:00:00,12,198.95000000000002,198.71429590155338,0.23570409844663232,0.23570409844663232,0.06063947171631582,-0.23570409844663232
2025-09-20 13:00:00,13,209.10999999999999,195.2229236978762,13.887076302123774,13.887076302123774,3.5727209505252713,-13.887076302123774
2025-09-20 14:00:00,14,177.26000000000002,160.05063194229422,17.209368057705802,17.209368057705802,4.427445235226584,-17.209368057705802
2025-09-20 15:00:00,15,146.91,128.15382096744986,18.756179032550136,18.756179032550136,4.825392496125814,-18.756179032550136
2025-09-20 16:00:00,16,99.18,93.47269347748635,5.707306522513662,5.707306522513662,1.4683158024368106,-5.707306522513662
2025-09-20 17:00:00,17,43.05,38.26823963678225,4.781760363217749,4.781760363217749,1.2302010198825446,-4.781760363217749
2025-09-20 18:00:00,18,13.93,6.590734949804227,7.339265050195773,7.339265050195773,1.8881689302940101,-7.339265050195773
2025-09-20 19:00:00,19,13.43,6.3356737357747965,7.094326264225203,7.094326264225203,1.8251536552861634,-7.094326264225203
2025-09-21 06:00:00,6,14.449999999999998,6.826888322983398,7.6231116770166,7.6231116770166,1.9611940054297756,-7.6231116770166
2025-09-21 07:00:00,7,45.300000000000004,6.8592755694402525,38.440724430559754,38.440724430559754,9.889625327789558,-38.440724430559754
2025-09-21 08:00:00,8,96.97,81.89320521299523,15.076794787004772,15.076794787004772,3.878799210893977,-15.076794787004772
2025-09-21 09:00:00,9,113.51999999999998,119.68916578920535,6.1691657892053655,6.1691657892053655,1.587138097526479,6.1691657892053655
2025-09-21 10:00:00,10,153.30999999999997,132.44742901601376,20.862570983986217,20.862570983986217,5.367302865968212,-20.862570983986217
2025-09-21 11:00:00,11,209.95999999999998,137.32541843597437,72.63458156402561,72.63458156402561,18.686661298659722,-72.63458156402561
2025-09-21 12:00:00,12,177.62999999999997,144.89583143349054,32.734168566509425,32.734168566509425,8.421502646868054,-32.734168566509425
2025-09-21 13:00:00,13,161.92999999999998,106.22191811367202,55.70808188632796,55.70808188632796,14.331989465516465,-55.70808188632796
2025-09-21 14:00:00,14,145.95000000000002,77.45183041660178,68.49816958339824,68.49816958339824,17.622488723980982,-68.49816958339824
2025-09-21 15:00:00,15,100.50999999999999,84.44042270816779,16.069577291832204,16.069577291832204,4.134211853349861,-16.069577291832204
2025-09-21 16:00:00,16,87.6,60.728512997735436,26.87148700226456,26.87148700226456,6.913213587663228,-26.87148700226456
2025-09-21 17:00:00,17,39.08,25.051349466532333,14.028650533467665,14.028650533467665,3.609143679930126,-14.028650533467665
2025-09-21 18:00:00,18,13.78,6.590734949804227,7.189265050195773,7.189265050195773,1.8495785077371156,-7.189265050195773
2025-09-21 19:00:00,19,13.659999999999998,6.3356737357747965,7.324326264225202,7.324326264225202,1.8843256365400678,-7.324326264225202
2025-09-22 06:00:00,6,13.539999999999997,6.826888322983398,6.7131116770166,6.7131116770166,1.7270787752512828,-6.7131116770166
2025-09-22 07:00:00,7,30.15,6.8592755694402525,23.290724430559745,23.290724430559745,5.991992649543225,-23.290724430559745
2025-09-22 08:00:00,8,53.38,34.49604080797189,18.883959192028115,18.883959192028115,4.858266431783431,-18.883959192028115
2025-09-22 09:00:00,9,73.07,56.099180230661325,16.970819769338668,16.970819769338668,4.36607404023784,-16.970819769338668
2025-09-22 10:00:00,10,104.67,80.71379313977394,23.95620686022606,23.95620686022606,6.163200970643304,-23.95620686022606
2025-09-22 11:00:00,11,108.96,91.82948090148253,17.130519098517468,17.130519098517468,4.407159804204923,-17.130519098517468
2025-09-22 12:00:00,12,94.69999999999999,103.42801678873214,8.728016788732148,8.728016788732148,2.2454523730722795,8.728016788732148
2025-09-22 13:00:00,13,95.49000000000001,81.31622003426095,14.173779965739058,14.173779965739058,3.6464810540420944,-14.173779965739058
2025-09-22 14:00:00,14,57.76,57.17158283608874,0.5884171639112594,0.5884171639112594,0.15138177996709923,-0.5884171639112594
2025-09-22 15:00:00,15,33.239999999999995,25.105016707756654,8.13498329224334,8.13498329224334,2.0928829516063088,-8.13498329224334
2025-09-22 16:00:00,16,29.11,13.42352774528219,15.68647225471781,15.68647225471781,4.035650618243733,-15.68647225471781
2025-09-22 17:00:00,17,16.47,10.132450288585492,6.337549711414507,6.337549711414507,1.630458142258732,-6.337549711414507
2025-09-22 18:00:00,18,13.43,6.590734949804227,6.839265050195773,6.839265050195773,1.7595341884376954,-6.839265050195773
2025-09-22 19:00:00,19,13.419999999999998,6.3356737357747965,7.084326264225202,7.084326264225202,1.8225809604490366,-7.084326264225202
2025-09-23 06:00:00,6,13.419999999999998,6.826888322983398,6.5931116770166005,6.5931116770166005,1.6962064372057675,-6.5931116770166005
2025-09-23 07:00:00,7,22.939999999999998,6.8592755694402525,16.080724430559744,16.080724430559744,4.137079671975168,-16.080724430559744
2025-09-23 08:00:00,8,42.82,28.663037823643087,14.156962176356913,14.156962176356913,3.6421543500505624,-14.156962176356913
2025-09-23 09:00:00,9,51.77,58.11432414047342,6.344324140473418,6.344324140473418,1.632200996125166,6.344324140473418
2025-09-23 10:00:00,10,55.68,75.32793333601657,19.64793333601657,19.64793333601657,5.054813665377139,19.64793333601657
2025-09-23 11:00:00,11,55.230000000000004,82.61124714409218,27.38124714409217,27.38124714409217,7.044359316168496,27.38124714409217
2025-09-23 12:00:00,12,85.26,83.55496323299938,1.705036767000621,1.705036767000621,0.4386539287573002,-1.705036767000621
2025-09-23 13:00:00,13,81.25000000000001,65.32006007341481,15.929939926585206,15.929939926585206,4.098287420485773,-15.929939926585206
2025-09-23 14:00:00,14,101.87,50.18028931026224,51.689710689737765,51.689710689737765,13.298185182404005,-51.689710689737765
2025-09-23 15:00:00,15,78.92,39.37826691343784,39.54173308656216,39.54173308656216,10.172881256282434,-39.54173308656216
2025-09-23 16:00:00,16,56.8,29.693820089873157,27.10617991012684,27.10617991012684,6.973592910899972,-27.10617991012684
2025-09-23 17:00:00,17,25.009999999999998,10.041274194606432,14.968725805393566,14.968725805393566,3.8509963597895123,-14.968725805393566
2025-09-23 18:00:00,18,13.43,6.590734949804227,6.839265050195773,6.839265050195773,1.7595341884376954,-6.839265050195773
2025-09-23 19:00:00,19,13.419999999999998,6.3356737357747965,7.084326264225202,7.084326264225202,1.8225809604490366,-7.084326264225202
2025-09-24 06:00:00,6,13.419999999999998,6.826888322983398,6.5931116770166005,6.5931116770166005,1.6962064372057675,-6.5931116770166005
2025-09-24 07:00:00,7,18.34,6.8592755694402525,11.480724430559746,11.480724430559746,2.9536400468970747,-11.480724430559746
2025-09-24 08:00:00,8,29.38,15.732718724728306,13.647281275271693,13.647281275271693,3.51102900777018,-13.647281275271693
2025-09-24 09:00:00,9,32.349999999999994,19.478677743057183,12.871322256942811,12.871322256942811,3.31139843174255,-12.871322256942811
2025-09-24 10:00:00,10,42.839999999999996,60.37344589991769,17.533445899917695,17.533445899917695,4.51082057437514,17.533445899917695
2025-09-24 11:00:00,11,54.89999999999999,106.8505070478811,51.9505070478811,51.9505070478811,13.365280126817675,51.9505070478811
2025-09-24 12:00:00,12,55.75000000000001,90.34210316581651,34.5921031658165,34.5921031658165,8.899492522003618,34.5921031658165
2025-09-24 13:00:00,13,56.89,80.42894002116914,23.53894002116914,23.53894002116914,6.055850946388729,23.53894002116914
2025-09-24 14:00:00,14,47.85,75.29088438075269,27.440884380752685,27.440884380752685,7.0597021572541925,27.440884380752685
2025-09-24 15:00:00,15,42.84,42.69484155389431,0.14515844610569673,0.14515844610569673,0.0373448384861401,-0.14515844610569673
2025-09-24 16:00:00,16,31.62,35.353840870571986,3.733840870571985,3.733840870571985,0.9606033130371684,3.733840870571985
2025-09-24 17:00:00,17,25.770000000000003,16.41623695782633,9.353763042173671,9.353763042173671,2.406437788630292,-9.353763042173671
2025-09-24 18:00:00,18,13.86,6.590734949804227,7.269265050195773,7.269265050195773,1.8701600664341258,-7.269265050195773
2025-09-24 19:00:00,19,13.439999999999998,6.3356737357747965,7.104326264225201,7.104326264225201,1.827726350123289,-7.104326264225201
2025-09-25 06:00:00,6,13.499999999999996,6.826888322983398,6.673111677016599,6.673111677016599,1.7167879959027774,-6.673111677016599
2025-09-25 07:00:00,7,32.269999999999996,6.8592755694402525,25.410724430559743,25.410724430559743,6.537403955013998,-25.410724430559743
2025-09-25 08:00:00,8,62.18000000000001,63.7255526402721,1.545552640272092,1.545552640272092,0.397623529813492,1.545552640272092
2025-09-25 09:00:00,9,100.06,100.74560255572311,0.6856025557231078,0.6856025557231078,0.17638461554294302,0.6856025557231078
2025-09-25 10:00:00,10,90.44999999999999,132.16196300039428,41.71196300039429,41.71196300039429,10.73121518575173,41.71196300039429
2025-09-25 11:00:00,11,90.1,154.99597733124713,64.89597733124714,64.89597733124714,16.695754583036436,64.89597733124714
2025-09-25 12:00:00,12,108.33,153.65236689332087,45.322366893320876,45.322366893320876,11.660061931279019,45.322366893320876
2025-09-25 13:00:00,13,106.25999999999999,146.0034034686124,39.7434034686124,39.7434034686124,10.224764891352628,39.7434034686124
2025-09-25 14:00:00,14,99.49000000000001,124.66100486292436,25.17100486292435,25.17100486292435,6.475731425612626,25.17100486292435
2025-09-25 15:00:00,15,59.769999999999996,81.53580335498518,21.76580335498518,21.76580335498518,5.599676991727649,21.76580335498518
2025-09-25 16:00:00,16,38.0,55.77804983814832,17.77804983814832,17.77804983814832,4.573749703277809,17.77804983814832
2025-09-25 17:00:00,17,24.619999999999997,23.384933923416014,1.2350660765839834,1.2350660765839834,0.3177448118737439,-1.2350660765839834
2025-09-25 18:00:00,18,13.579999999999998,6.590734949804227,6.989265050195772,6.989265050195772,1.7981246109945896,-6.989265050195772
2025-09-25 19:00:00,19,13.429999999999998,6.3356737357747965,7.094326264225201,7.094326264225201,1.8251536552861627,-7.094326264225201
2025-09-26 06:00:00,6,13.429999999999998,6.826888322983398,6.6031116770166,6.6031116770166,1.698779132042894,-6.6031116770166
2025-09-26 07:00:00,7,20.84,6.8592755694402525,13.980724430559746,13.980724430559746,3.5968137561786477,-13.980724430559746
2025-09-26 08:00:00,8,42.11,46.167691722833794,4.057691722833795,4.057691722833795,1.0439202545984592,4.057691722833795
2025-09-26 09:00:00,9,50.82999999999999,83.6335337950126,32.803533795012605,32.803533795012605,8.439348203392676,32.803533795012605
2025-09-26 10:00:00,10,63.02,127.01004759148724,63.99004759148723,63.99004759148723,16.462686506608488,63.99004759148723
2025-09-26 11:00:00,11,72.41000000000001,127.31911656625331,54.9091165662533,54.9091165662533,14.12644007011656,54.9091165662533
2025-09-26 12:00:00,12,81.38,128.5187760749107,47.13877607491071,47.13877607491071,12.127368583637514,47.13877607491071
2025-09-26 13:00:00,13,79.96000000000001,93.95595796504735,13.995957965047339,13.995957965047339,3.600732879731389,13.995957965047339
2025-09-26 14:00:00,14,71.32000000000001,63.95923620658176,7.360763793418251,7.360763793418251,1.893699900863327,-7.360763793418251
2025-09-26 15:00:00,15,66.78,45.910220033909184,20.869779966090817,20.869779966090817,5.369157517072356,-20.869779966090817
2025-09-26 16:00:00,16,37.51,15.49254858995711,22.017451410042888,22.017451410042888,5.664418356929633,-22.017451410042888
2025-09-26 17:00:00,17,26.749999999999996,10.434758752320654,16.315241247679342,16.315241247679342,4.197413692437457,-16.315241247679342
2025-09-26 18:00:00,18,13.479999999999999,6.590734949804227,6.889265050195772,6.889265050195772,1.7723976626233267,-6.889265050195772
2025-09-26 19:00:00,19,13.429999999999998,6.3356737357747965,7.094326264225201,7.094326264225201,1.8251536552861627,-7.094326264225201
2025-09-27 06:00:00,6,13.509999999999998,6.826888322983398,6.6831116770166,6.6831116770166,1.7193606907399042,-6.6831116770166
2025-09-27 07:00:00,7,25.35,6.8592755694402525,18.490724430559748,18.490724430559748,4.757099127722605,-18.490724430559748
2025-09-27 08:00:00,8,36.99999999999999,22.76402509468889,14.235974905311103,14.235974905311103,3.6624819140353324,-14.235974905311103
2025-09-27 09:00:00,9,48.78999999999999,48.478821804331,0.31117819566899385,0.31117819566899385,0.08005665374238954,-0.31117819566899385
2025-09-27 10:00:00,10,51.62,50.160309210447906,1.4596907895520914,1.4596907895520914,0.3755338958081466,-1.4596907895520914
2025-09-27 11:00:00,11,47.77,47.72921137976392,0.04078862023608565,0.04078862023608565,0.010493667269488253,-0.04078862023608565
2025-09-27 12:00:00,12,37.26,63.6383340271973,26.378334027197305,26.378334027197305,6.786340376376329,26.378334027197305
2025-09-27 13:00:00,13,33.02,58.35659195868642,25.33659195868642,25.33659195868642,6.518331932248807,25.33659195868642
2025-09-27 14:00:00,14,46.480000000000004,50.07903036122189,3.5990303612218852,3.5990303612218852,0.9259206828976317,3.5990303612218852
2025-09-27 15:00:00,15,37.940000000000005,30.61220351613222,7.327796483867786,7.327796483867786,1.8852184181558846,-7.327796483867786
2025-09-27 16:00:00,16,28.6,12.128453670889032,16.47154632911097,16.47154632911097,4.237626220039032,-16.47154632911097
2025-09-27 17:00:00,17,15.810000000000002,9.80522286285238,6.004777137147622,6.004777137147622,1.5448459138833681,-6.004777137147622
2025-09-27 18:00:00,18,13.43,6.590734949804227,6.839265050195773,6.839265050195773,1.7595341884376954,-6.839265050195773
2025-09-27 19:00:00,19,13.419999999999998,6.3356737357747965,7.084326264225202,7.084326264225202,1.8225809604490366,-7.084326264225202
2025-09-28 06:00:00,6,13.419999999999998,6.826888322983398,6.5931116770166005,6.5931116770166005,1.6962064372057675,-6.5931116770166005
2025-09-28 07:00:00,7,22.060000000000002,6.8592755694402525,15.200724430559749,15.200724430559749,3.9106825263080554,-15.200724430559749
2025-09-28 08:00:00,8,43.21,30.44598540756448,12.764014592435522,12.764014592435522,3.2837914442963516,-12.764014592435522
2025-09-28 09:00:00,9,80.16000000000001,38.73451998363338,41.42548001636663,41.42548001636663,10.65751185635848,-41.42548001636663
2025-09-28 10:00:00,10,83.92,54.67347694591163,29.24652305408837,29.24652305408837,7.524237886514822,-29.24652305408837
2025-09-28 11:00:00,11,90.60000000000001,73.76509219342356,16.834907806576453,16.834907806576453,4.331108039747635,-16.834907806576453
2025-09-28 12:00:00,12,88.43,77.92876129534642,10.501238704653588,10.501238704653588,2.701648259889307,-10.501238704653588
2025-09-28 13:00:00,13,96.39999999999999,89.30367059917934,7.09632940082065,7.09632940082065,1.8256690012038799,-7.09632940082065
2025-09-28 14:00:00,14,77.98000000000002,60.604205622954694,17.375794377045324,17.375794377045324,4.470261648479255,-17.375794377045324
2025-09-28 15:00:00,15,60.45,78.64580745567184,18.19580745567184,18.19580745567184,4.681225989855102,18.19580745567184
2025-09-28 16:00:00,16,34.78,46.42242853491676,11.64242853491676,11.64242853491676,2.9952415783392166,11.64242853491676
2025-09-28 17:00:00,17,16.439999999999998,10.369504899570497,6.0704951004295005,6.0704951004295005,1.5617531403675424,-6.0704951004295005
2025-09-28 18:00:00,18,13.439999999999998,6.590734949804227,6.849265050195771,6.849265050195771,1.762106883274821,-6.849265050195771
2025-09-28 19:00:00,19,13.429999999999998,6.3356737357747965,7.094326264225201,7.094326264225201,1.8251536552861627,-7.094326264225201
2025-09-29 06:00:00,6,13.449999999999998,6.826888322983398,6.6231116770166,6.6231116770166,1.7039245217171464,-6.6231116770166
2025-09-29 07:00:00,7,22.939999999999998,6.8592755694402525,16.080724430559744,16.080724430559744,4.137079671975168,-16.080724430559744
2025-09-29 08:00:00,8,42.31,18.90085966277571,23.409140337224294,23.409140337224294,6.022457448714176,-23.409140337224294
2025-09-29 09:00:00,9,54.78000000000001,54.99963130196183,0.2196313019618188,0.2196313019618188,0.05650443166284968,0.2196313019618188
2025-09-29 10:00:00,10,72.23,76.40185432907722,4.17185432907722,4.17185432907722,1.0732908093659934,4.17185432907722
2025-09-29 11:00:00,11,102.07,80.59556454869221,21.474435451307784,21.474435451307784,5.524716921578134,-21.474435451307784
2025-09-29 12:00:00,12,134.54000000000002,109.9810106008999,24.558989399100113,24.558989399100113,6.318278523210418,-24.558989399100113
2025-09-29 13:00:00,13,121.42999999999999,117.55774902615624,3.872250973843748,3.872250973843748,0.9962120088465066,-3.872250973843748
2025-09-29 14:00:00,14,117.03,63.643986576296754,53.38601342370325,53.38601342370325,13.734592110991626,-53.38601342370325
2025-09-29 15:00:00,15,89.22999999999999,90.77396371696521,1.543963716965223,1.543963716965223,0.39721474833467485,1.543963716965223
2025-09-29 16:00:00,16,63.87,55.29362393984138,8.576376060158616,8.576376060158616,2.20643984112236,-8.576376060158616
2025-09-29 17:00:00,17,28.62,23.196745787902437,5.423254212097564,5.423254212097564,1.3952378111886818,-5.423254212097564
2025-09-29 18:00:00,18,13.04,6.590734949804227,6.4492650501957725,6.4492650501957725,1.6591990897897697,-6.4492650501957725
2025-09-29 19:00:00,19,12.95,6.3356737357747965,6.614326264225203,6.614326264225203,1.7016643031041012,-6.614326264225203
2025-09-30 06:00:00,6,12.95,6.826888322983398,6.123111677016602,6.123111677016602,1.575289779860832,-6.123111677016602
2025-09-30 07:00:00,7,28.069999999999997,6.8592755694402525,21.210724430559743,21.210724430559743,5.456872123420956,-21.210724430559743
2025-09-30 08:00:00,8,86.88999999999999,82.84350877326898,4.046491226731007,4.046491226731007,1.0410387087487696,-4.046491226731007
2025-09-30 09:00:00,9,134.27,138.15289150262245,3.882891502622442,3.882891502622442,0.9989494921918305,3.882891502622442
2025-09-30 10:00:00,10,178.64000000000001,190.50586510418125,11.865865104181239,11.865865104181239,3.05272498915641,11.865865104181239
2025-09-30 11:00:00,11,197.71999999999997,205.09504918331857,7.375049183318595,7.375049183318595,1.8973750957476225,7.375049183318595
2025-09-30 12:00:00,12,200.04999999999998,208.34116243018877,8.291162430188791,8.291162430188791,2.133063077792218,8.291162430188791
2025-09-30 13:00:00,13,188.67,200.36417354758478,11.694173547584796,11.694173547584796,3.008553991033026,11.694173547584796
2025-09-30 14:00:00,14,166.49,172.27860148589167,5.788601485891661,5.788601485891661,1.4892305156935057,5.788601485891661
2025-09-30 15:00:00,15,130.98,125.62793115991028,5.352068840089714,5.352068840089714,1.3769239872843309,-5.352068840089714
2025-09-30 16:00:00,16,78.58,79.33258787398793,0.7525878739879346,0.7525878739879346,0.19361789378926114,0.7525878739879346
2025-09-30 17:00:00,17,28.599999999999998,29.055659849040666,0.4556598490406678,0.4556598490406678,0.11722737411126716,0.4556598490406678
2025-09-30 18:00:00,18,10.399999999999999,6.590734949804227,3.809265050195772,3.809265050195772,0.9800076527884286,-3.809265050195772
2025-09-30 19:00:00,19,10.379999999999999,6.3356737357747965,4.0443262642252025,4.0443262642252025,1.040481729962644,-4.0443262642252025
2025-10-01 06:00:00,6,10.499999999999998,6.826888322983398,3.6731116770166006,3.6731116770166006,0.9449795447648903,-3.6731116770166006
2025-10-01 07:00:00,7,45.74,6.8592755694402525,38.88072443055975,38.88072443055975,10.002823900623117,-38.88072443055975
2025-10-01 08:00:00,8,65.82000000000001,81.75859249770897,15.938592497708967,15.938592497708967,4.100513462991571,15.938592497708967
2025-10-01 09:00:00,9,77.54,126.95320932311549,49.41320932311548,49.41320932311548,12.712510851141994,49.41320932311548
2025-10-01 10:00:00,10,59.85,160.12855191136342,100.27855191136342,100.27855191136342,25.79861127768655,100.27855191136342
2025-10-01 11:00:00,11,108.95,149.99257545068667,41.04257545068667,41.04257545068667,10.559002196434788,41.04257545068667
2025-10-01 12:00:00,12,151.29000000000002,147.11028173795367,4.17971826204635,4.17971826204635,1.0753139593409122,-4.17971826204635
2025-10-01 13:00:00,13,148.07999999999998,135.1051887198669,12.974811280133082,12.974811280133082,3.3380229993086354,-12.974811280133082
2025-10-01 14:00:00,14,115.72,99.70235280607076,16.017647193929236,16.017647193929236,4.120851823873218,-16.017647193929236
2025-10-01 15:00:00,15,55.60999999999999,84.32546883099377,28.71546883099378,28.71546883099378,7.387613840715865,28.71546883099378
2025-10-01 16:00:00,16,23.27,47.892000034549476,24.622000034549476,24.622000034549476,6.334489236860881,24.622000034549476
2025-10-01 17:00:00,17,17.69,11.150903183311396,6.539096816688605,6.539096816688605,1.6823100619763744,-6.539096816688605
2025-10-01 18:00:00,18,10.399999999999999,6.590734949804227,3.809265050195772,3.809265050195772,0.9800076527884286,-3.809265050195772
2025-10-01 19:00:00,19,10.389999999999999,6.3356737357747965,4.054326264225202,4.054326264225202,1.0430544247997704,-4.054326264225202
2025-10-02 06:00:00,6,10.389999999999999,6.826888322983398,3.563111677016601,3.563111677016601,0.9166799015565013,-3.563111677016601
2025-10-02 07:00:00,7,10.949999999999998,6.8592755694402525,4.090724430559745,4.090724430559745,1.0524185622607445,-4.090724430559745
2025-10-02 08:00:00,8,13.879999999999999,12.351615481909132,1.528384518090867,1.528384518090867,0.3932066958836129,-1.528384518090867
2025-10-02 09:00:00,9,15.53,13.258145587071166,2.2718544129288336,2.2718544129288336,0.5844788118844593,-2.2718544129288336
2025-10-02 10:00:00,10,15.77,13.739895374434987,2.030104625565013,2.030104625565013,0.5222839689017312,-2.030104625565013
2025-10-02 11:00:00,11,17.44,16.86588197940465,0.5741180205953498,0.5741180205953498,0.14770304674868223,-0.5741180205953498
2025-10-02 12:00:00,12,18.62,19.763801835361203,1.1438018353612023,1.1438018353612023,0.2942653076529342,1.1438018353612023
2025-10-02 13:00:00,13,21.27,30.531216379189114,9.261216379189115,9.261216379189115,2.3826283564249287,9.261216379189115
2025-10-02 14:00:00,14,28.759999999999998,19.95799640476702,8.802003595232978,8.802003595232978,2.264486920582294,-8.802003595232978
2025-10-02 15:00:00,15,24.980000000000004,11.953089646157192,13.026910353842812,13.026910353842812,3.3514265011038438,-13.026910353842812
2025-10-02 16:00:00,16,20.45,11.308236099420503,9.141763900579496,9.141763900579496,2.351896878924838,-9.141763900579496
2025-10-02 17:00:00,17,11.479999999999999,9.732405519568093,1.7475944804319052,1.7475944804319052,0.4496027297197567,-1.7475944804319052
2025-10-02 18:00:00,18,10.379999999999999,6.590734949804227,3.7892650501957723,3.7892650501957723,0.9748622631141762,-3.7892650501957723
2025-10-02 19:00:00,19,10.379999999999999,6.3356737357747965,4.0443262642252025,4.0443262642252025,1.040481729962644,-4.0443262642252025
2025-10-03 06:00:00,6,10.379999999999999,6.826888322983398,3.5531116770166014,3.5531116770166014,0.9141072067193751,-3.5531116770166014
2025-10-03 07:00:00,7,17.87,6.8592755694402525,11.010724430559748,11.010724430559748,2.832723389552139,-11.010724430559748
2025-10-03 08:00:00,8,33.910000000000004,22.652357136167964,11.25764286383204,11.25764286383204,2.896247967399233,-11.25764286383204
2025-10-03 09:00:00,9,62.39000000000001,56.77742413072089,5.6125758692791194,5.6125758692791194,1.4439444961874,-5.6125758692791194
2025-10-03 10:00:00,10,71.57,87.89031958731113,16.320319587311133,16.320319587311133,4.198720194252644,16.320319587311133
2025-10-03 11:00:00,11,93.03999999999999,104.90771272325995,11.867712723259956,11.867712723259956,3.0532003251628894,11.867712723259956
2025-10-03 12:00:00,12,92.25,116.7959189479463,24.545918947946305,24.545918947946305,6.314915894990188,24.545918947946305
2025-10-03 13:00:00,13,75.87999999999998,124.38068172555981,48.50068172555983,48.50068172555983,12.477745347245325,48.50068172555983
2025-10-03 14:00:00,14,72.25,100.81754763276919,28.56754763276919,28.56754763276919,7.349558230418471,28.56754763276919
2025-10-03 15:00:00,15,58.61999999999999,61.29621915814012,2.6762191581401282,2.6762191581401282,0.6885095211165579,2.6762191581401282
2025-10-03 16:00:00,16,37.27,36.3808514390407,0.8891485609593062,0.8891485609593062,0.2287507912218279,-0.8891485609593062
2025-10-03 17:00:00,17,18.35,10.300636128536684,8.049363871463317,8.049363871463317,2.070855687426458,-8.049363871463317
2025-10-03 18:00:00,18,10.45,6.590734949804227,3.8592650501957726,3.8592650501957726,0.9928711269740603,-3.8592650501957726
2025-10-03 19:00:00,19,10.389999999999999,6.3356737357747965,4.054326264225202,4.054326264225202,1.0430544247997704,-4.054326264225202
2025-10-04 06:00:00,6,10.679999999999998,6.826888322983398,3.8531116770166003,3.8531116770166003,0.9912880518331635,-3.8531116770166003
2025-10-04 07:00:00,7,21.08,6.8592755694402525,14.220724430559745,14.220724430559745,3.6585584322696785,-14.220724430559745
2025-10-04 08:00:00,8,47.07,18.735394091757545,28.334605908242455,28.334605908242455,7.289629433214349,-28.334605908242455
2025-10-04 09:00:00,9,61.93000000000001,53.523839693172675,8.406160306827331,8.406160306827331,2.162648522143064,-8.406160306827331
2025-10-04 10:00:00,10,81.7,72.69739677278262,9.002603227217378,9.002603227217378,2.316095084335864,-9.002603227217378
2025-10-04 11:00:00,11,72.25,76.21735814402369,3.9673581440236916,3.9673581440236916,1.0206801814160698,3.9673581440236916
2025-10-04 12:00:00,12,47.07,71.53738568920757,24.467385689207568,24.467385689207568,6.294711684060203,24.467385689207568
2025-10-04 13:00:00,13,35.36,55.93383804213454,20.57383804213454,20.57383804213454,5.293020691087202,20.57383804213454
2025-10-04 14:00:00,14,40.050000000000004,39.89618317389632,0.15381682610368586,0.15381682610368586,0.039572375438010524,-0.15381682610368586
2025-10-04 15:00:00,15,25.04,26.938924054030792,1.8989240540307932,1.8989240540307932,0.4885352109899949,1.8989240540307932
2025-10-04 16:00:00,16,17.64,11.33774928748297,6.302250712517031,6.302250712517031,1.6213767870368059,-6.302250712517031
2025-10-04 17:00:00,17,12.690000000000001,9.459498110747312,3.2305018892526896,3.2305018892526896,0.8311095531807126,-3.2305018892526896
2025-10-04 18:00:00,18,10.609999999999998,6.590734949804227,4.019265050195771,4.019265050195771,1.0340342443680806,-4.019265050195771
2025-10-04 19:00:00,19,10.609999999999998,6.3356737357747965,4.274326264225201,4.274326264225201,1.0996537112165483,-4.274326264225201
2025-10-05 06:00:00,6,10.619999999999997,6.826888322983398,3.7931116770166,3.7931116770166,0.9758518828104057,-3.7931116770166
2025-10-05 07:00:00,7,22.57,6.8592755694402525,15.710724430559747,15.710724430559747,4.041889963001496,-15.710724430559747
2025-10-05 08:00:00,8,34.41,29.952135087070864,4.457864912929132,4.457864912929132,1.1468726046099225,-4.457864912929132
2025-10-05 09:00:00,9,46.080000000000005,57.11584611132249,11.035846111322485,11.035846111322485,2.839186431391962,11.035846111322485
2025-10-05 10:00:00,10,60.65,81.14392835432541,20.493928354325412,20.493928354325412,5.2724623669609105,20.493928354325412
2025-10-05 11:00:00,11,85.22,95.98823812731275,10.768238127312756,10.768238127312756,2.7703390635084015,10.768238127312756
2025-10-05 12:00:00,12,85.72,80.24283309194678,5.477166908053221,5.477166908053221,1.4091079026427495,-5.477166908053221
2025-10-05 13:00:00,13,80.75,88.83772224799087,8.087722247990868,8.087722247990868,2.0807241271517554,8.087722247990868
2025-10-05 14:00:00,14,75.33999999999999,85.15848504296667,9.818485042966685,9.818485042966685,2.525996577844211,9.818485042966685
2025-10-05 15:00:00,15,67.5,60.72295228916746,6.777047710832541,6.777047710832541,1.743527565661743,-6.777047710832541
2025-10-05 16:00:00,16,41.309999999999995,41.96629716916021,0.6562971691602115,0.6562971691602115,0.16884523387190767,0.6562971691602115
2025-10-05 17:00:00,17,18.76,13.960999734160069,4.799000265839933,4.799000265839933,1.2346363207294095,-4.799000265839933
2025-10-05 18:00:00,18,10.879999999999999,6.590734949804227,4.289265050195772,4.289265050195772,1.1034970049704909,-4.289265050195772
2025-10-05 19:00:00,19,10.879999999999999,6.3356737357747965,4.5443262642252025,4.5443262642252025,1.1691164718189586,-4.5443262642252025
2025-10-06 06:00:00,6,10.879999999999999,6.826888322983398,4.053111677016601,4.053111677016601,1.0427419485756897,-4.053111677016601
2025-10-06 07:00:00,7,20.950000000000003,6.8592755694402525,14.09072443055975,14.09072443055975,3.6251133993870375,-14.09072443055975
2025-10-06 08:00:00,8,33.09,45.78759478813229,12.697594788132285,12.697594788132285,3.266703655534964,12.697594788132285
2025-10-06 09:00:00,9,63.99999999999999,61.927626993245546,2.0723730067544466,2.0723730067544466,0.5331583335077055,-2.0723730067544466
2025-10-06 10:00:00,10,84.71,81.10770683942495,3.6022931605750443,3.6022931605750443,0.9267601016026769,-3.6022931605750443
2025-10-06 11:00:00,11,117.67,94.40481002138252,23.265189978617485,23.265189978617485,5.985423414275155,-23.265189978617485
2025-10-06 12:00:00,12,120.49,141.275864264312,20.785864264311996,20.785864264311996,5.3475685678003355,20.785864264311996
2025-10-06 13:00:00,13,115.67999999999999,149.05378494751466,33.373784947514665,33.373784947514665,8.586056422983413,33.373784947514665
2025-10-06 14:00:00,14,106.47,109.39704357586916,2.9270435758691633,2.9270435758691633,0.7530389895682276,2.9270435758691633
2025-10-06 15:00:00,15,81.92,74.11932820718204,7.800671792817965,7.800671792817965,2.0068748047499474,-7.800671792817965
2025-10-06 16:00:00,16,47.17999999999999,39.44287218877526,7.737127811224731,7.737127811224731,1.9905268774124112,-7.737127811224731
2025-10-06 17:00:00,17,19.41,10.17982122514629,9.23017877485371,9.23017877485371,2.3746433279818824,-9.23017877485371
2025-10-06 18:00:00,18,11.959999999999999,6.590734949804227,5.369265050195772,5.369265050195772,1.3813480473801303,-5.369265050195772
2025-10-06 19:00:00,19,11.959999999999999,6.3356737357747965,5.6243262642252025,5.6243262642252025,1.4469675142285983,-5.6243262642252025
2025-10-07 06:00:00,6,11.959999999999999,6.826888322983398,5.133111677016601,5.133111677016601,1.3205929909853291,-5.133111677016601
2025-10-07 07:00:00,7,22.38,6.8592755694402525,15.520724430559746,15.520724430559746,3.993008761096096,-15.520724430559746
2025-10-07 08:00:00,8,48.980000000000004,51.61995459310111,2.639954593101109,2.639954593101109,0.6791797551919064,2.639954593101109
2025-10-07 09:00:00,9,64.22,85.4568088570604,21.236808857060396,21.236808857060396,5.463582850359718,21.236808857060396
2025-10-07 10:00:00,10,81.16,106.75662744396058,25.596627443960585,25.596627443960585,6.585231127292254,25.596627443960585
2025-10-07 11:00:00,11,103.35999999999999,143.62969200994988,40.26969200994989,40.26969200994989,10.360162872666397,40.26969200994989
2025-10-07 12:00:00,12,132.23000000000002,143.75658777155783,11.526587771557814,11.526587771557814,2.9654392849569837,11.526587771557814
2025-10-07 13:00:00,13,131.07,130.4126015991405,0.6573984008595062,0.6573984008595062,0.1691285471826332,-0.6573984008595062
2025-10-07 14:00:00,14,110.16000000000001,92.46465968644166,17.695340313558347,17.695340313558347,4.55247106658843,-17.695340313558347
2025-10-07 15:00:00,15,71.28,63.1555653366092,8.124434663390801,8.124434663390801,2.0901691113075396,-8.124434663390801
2025-10-07 16:00:00,16,45.51,44.0736430759814,1.4363569240185967,1.4363569240185967,0.3695308042693245,-1.4363569240185967
2025-10-07 17:00:00,17,18.250000000000004,11.158316926536223,7.091683073463781,7.091683073463781,1.8244736429636181,-7.091683073463781
2025-10-07 18:00:00,18,10.899999999999999,6.590734949804227,4.309265050195772,4.309265050195772,1.1086423946447432,-4.309265050195772
2025-10-07 19:00:00,19,10.869999999999997,6.3356737357747965,4.534326264225201,4.534326264225201,1.166543776981832,-4.534326264225201
2025-10-08 06:00:00,6,10.889999999999999,6.826888322983398,4.063111677016601,4.063111677016601,1.0453146434128158,-4.063111677016601
2025-10-08 07:00:00,7,20.68,6.8592755694402525,13.820724430559746,13.820724430559746,3.555650638784627,-13.820724430559746
2025-10-08 08:00:00,8,52.279999999999994,50.71313735691104,1.5668626430889532,1.5668626430889532,0.40310594323610055,-1.5668626430889532
2025-10-08 09:00:00,9,64.66,83.35097627882216,18.690976278822163,18.690976278822163,4.808617817337576,18.690976278822163
2025-10-08 10:00:00,10,83.34,112.98713962200954,29.647139622009533,29.647139622009533,7.627304304110624,29.647139622009533
2025-10-08 11:00:00,11,81.74,113.18558632843572,31.445586328435724,31.445586328435724,8.08998975975757,31.445586328435724
2025-10-08 12:00:00,12,68.0,121.23275184883016,53.23275184883016,53.23275184883016,13.695162584751042,53.23275184883016
2025-10-08 13:00:00,13,53.01,91.27773072292388,38.26773072292388,38.26773072292388,9.845119325940544,38.26773072292388
2025-10-08 14:00:00,14,68.27,68.3688454547353,0.09884545473529727,0.09884545473529727,0.025429919107089985,0.09884545473529727
2025-10-08 15:00:00,15,38.31,66.62020519295544,28.310205192955436,28.310205192955436,7.283351873790238,28.310205192955436
2025-10-08 16:00:00,16,26.79,44.07950882295003,17.289508822950033,17.289508822950033,4.448063008525302,17.289508822950033
2025-10-08 17:00:00,17,13.839999999999998,13.914875939703487,0.07487593970348883,0.07487593970348883,0.019263294350014525,0.07487593970348883
2025-10-08 18:00:00,18,10.889999999999999,6.590734949804227,4.299265050195772,4.299265050195772,1.106069699807617,-4.299265050195772
2025-10-08 19:00:00,19,10.889999999999999,6.3356737357747965,4.554326264225202,4.554326264225202,1.171689166656085,-4.554326264225202
2025-10-09 06:00:00,6,10.889999999999999,6.826888322983398,4.063111677016601,4.063111677016601,1.0453146434128158,-4.063111677016601
2025-10-09 07:00:00,7,33.14,6.8592755694402525,26.280724430559747,26.280724430559747,6.761228405843986,-26.280724430559747
2025-10-09 08:00:00,8,69.49,70.23234414319948,0.7423441431994888,0.7423441431994888,0.19098249445802654,0.7423441431994888
2025-10-09 09:00:00,9,106.24999999999999,120.94465198593177,14.694651985931785,14.694651985931785,3.780485529757431,14.694651985931785
2025-10-09 10:00:00,10,167.37,165.8080444077345,1.561955592265491,1.561955592265491,0.4018435088041968,-1.561955592265491
2025-10-09 11:00:00,11,186.85999999999999,186.60373980205205,0.2562601979479382,0.2562601979479382,0.06592792882216221,-0.2562601979479382
2025-10-09 12:00:00,12,192.95,191.1593768616246,1.7906231383753948,1.7906231383753948,0.4606726903337256,-1.7906231383753948
2025-10-09 13:00:00,13,180.54999999999998,180.15724095551718,0.3927590444828013,0.3927590444828013,0.10104491659755585,-0.3927590444828013
2025-10-09 14:00:00,14,159.01,150.18811677612766,8.821883223872334,8.821883223872334,2.26960134237874,-8.821883223872334
2025-10-09 15:00:00,15,119.16,111.04611857675897,8.113881423241025,8.113881423241025,2.087454084662711,-8.113881423241025
2025-10-09 16:00:00,16,66.82,63.87117247965446,2.9488275203455316,2.9488275203455316,0.7586433337168874,-2.9488275203455316
2025-10-09 17:00:00,17,21.180000000000003,20.322269675087075,0.8577303249129287,0.8577303249129287,0.22066783785501484,-0.8577303249129287
2025-10-09 18:00:00,18,10.869999999999997,6.590734949804227,4.279265050195771,4.279265050195771,1.1009243101333641,-4.279265050195771
2025-10-09 19:00:00,19,10.869999999999997,6.3356737357747965,4.534326264225201,4.534326264225201,1.166543776981832,-4.534326264225201
2025-10-10 06:00:00,6,10.879999999999999,6.826888322983398,4.053111677016601,4.053111677016601,1.0427419485756897,-4.053111677016601
2025-10-10 07:00:00,7,31.869999999999997,6.8592755694402525,25.010724430559744,25.010724430559744,6.434496161528946,-25.010724430559744
2025-10-10 08:00:00,8,72.29,56.72909324955654,15.560906750443465,15.560906750443465,4.003346445786956,-15.560906750443465
2025-10-10 09:00:00,9,94.95,100.11370741621484,5.163707416214834,5.163707416214834,1.3284643410126646,5.163707416214834
2025-10-10 10:00:00,10,112.23,137.12334266140047,24.893342661400467,24.893342661400467,6.404297414380064,24.893342661400467
2025-10-10 11:00:00,11,110.73,146.29137443310145,35.56137443310145,35.56137443310145,9.1488564405155,35.56137443310145
2025-10-10 12:00:00,12,115.91,119.1711367792307,3.2611367792306964,3.2611367792306964,0.8389909755089476,3.2611367792306964
2025-10-10 13:00:00,13,111.59,112.86181803255906,1.2718180325590538,1.2718180325590538,0.32719996861287953,1.2718180325590538
2025-10-10 14:00:00,14,103.07999999999998,97.32226217034705,5.757737829652939,5.757737829652939,1.4812902387874856,-5.757737829652939
2025-10-10 15:00:00,15,79.07000000000001,83.26860891517903,4.1986089151790225,4.1986089151790225,1.080173947919349,4.1986089151790225
2025-10-10 16:00:00,16,46.50000000000001,51.26970875673442,4.76970875673441,4.76970875673441,1.2271005093046679,4.76970875673441
2025-10-10 17:00:00,17,18.18,17.0306459402116,1.1493540597884007,1.1493540597884007,0.29569372556477613,-1.1493540597884007
2025-10-10 18:00:00,18,10.889999999999997,6.590734949804227,4.29926505019577,4.29926505019577,1.1060696998076165,-4.29926505019577
2025-10-10 19:00:00,19,10.869999999999997,6.3356737357747965,4.534326264225201,4.534326264225201,1.166543776981832,-4.534326264225201
2025-10-11 06:00:00,6,10.869999999999997,6.826888322983398,4.0431116770166,4.0431116770166,1.040169253738563,-4.0431116770166
2025-10-11 07:00:00,7,13.25,6.8592755694402525,6.3907244305597475,6.3907244305597475,1.6441383747997924,-6.3907244305597475
2025-10-11 08:00:00,8,23.45,28.03949308405864,4.589493084058642,4.589493084058642,1.1807365162384489,4.589493084058642
2025-10-11 09:00:00,9,38.470000000000006,54.53922894878383,16.069228948783824,16.069228948783824,4.134122235313649,16.069228948783824
2025-10-11 10:00:00,10,53.029999999999994,69.01035130610487,15.980351306104872,15.980351306104872,4.11125673006804,15.980351306104872
2025-10-11 11:00:00,11,68.19,98.08487148016034,29.894871480160347,29.894871480160347,7.691038151356255,29.894871480160347
2025-10-11 12:00:00,12,69.49000000000001,76.53898079777025,7.048980797770241,7.048980797770241,1.813487650542587,7.048980797770241
2025-10-11 13:00:00,13,53.34,66.24437011966084,12.90437011966084,12.90437011966084,3.319900638321823,12.90437011966084
2025-10-11 14:00:00,14,38.63,56.931226691987106,18.301226691987104,18.301226691987104,4.7083471423553105,18.301226691987104
2025-10-11 15:00:00,15,24.01,37.58323411566131,13.573234115661311,13.573234115661311,3.49197893324683,13.573234115661311
2025-10-11 16:00:00,16,15.71,13.163892204510113,2.5461077954898883,2.5461077954898883,0.6550358380223841,-2.5461077954898883
2025-10-11 17:00:00,17,11.28,9.247411979836585,2.0325880201634146,2.0325880201634146,0.5229228705479168,-2.0325880201634146
2025-10-11 18:00:00,18,10.889999999999999,6.590734949804227,4.299265050195772,4.299265050195772,1.106069699807617,-4.299265050195772
2025-10-11 19:00:00,19,10.889999999999999,6.3356737357747965,4.554326264225202,4.554326264225202,1.171689166656085,-4.554326264225202
2025-10-12 06:00:00,6,10.889999999999999,6.826888322983398,4.063111677016601,4.063111677016601,1.0453146434128158,-4.063111677016601
2025-10-12 07:00:00,7,12.31,6.8592755694402525,5.450724430559748,5.450724430559748,1.4023050601099212,-5.450724430559748
2025-10-12 08:00:00,8,17.209999999999997,12.470389115726228,4.73961088427377,4.73961088427377,1.2193572451958705,-4.73961088427377
2025-10-12 09:00:00,9,21.720000000000002,17.462726752872943,4.25727324712706,4.25727324712706,1.095266490311967,-4.25727324712706
2025-10-12 10:00:00,10,30.740000000000002,47.08936035427793,16.349360354277927,16.349360354277927,4.20619149737681,16.349360354277927
2025-10-12 11:00:00,11,32.15,52.746949947648886,20.596949947648888,20.596949947648888,5.298966679086494,20.596949947648888
2025-10-12 12:00:00,12,29.960000000000004,54.55598517498982,24.595985174989817,24.595985174989817,6.327796407373111,24.595985174989817
2025-10-12 13:00:00,13,31.91,46.28679080539776,14.376790805397757,14.376790805397757,3.698709547949155,14.376790805397757
2025-10-12 14:00:00,14,24.0,36.161781070085965,12.161781070085965,12.161781070085965,3.128855136927043,12.161781070085965
2025-10-12 15:00:00,15,21.270000000000003,15.19726749349517,6.072732506504833,6.072732506504833,1.562328756673399,-6.072732506504833
2025-10-12 16:00:00,16,15.379999999999999,11.47135703259368,3.908642967406319,3.908642967406319,1.0055745582416227,-3.908642967406319
2025-10-12 17:00:00,17,11.009999999999998,8.97515839511675,2.0348416048832476,2.0348416048832476,0.5235026491252909,-2.0348416048832476
2025-10-12 18:00:00,18,10.879999999999999,6.590734949804227,4.289265050195772,4.289265050195772,1.1034970049704909,-4.289265050195772
2025-10-12 19:00:00,19,10.879999999999999,6.3356737357747965,4.5443262642252025,4.5443262642252025,1.1691164718189586,-4.5443262642252025
2025-10-13 06:00:00,6,10.879999999999999,6.826888322983398,4.053111677016601,4.053111677016601,1.0427419485756897,-4.053111677016601
2025-10-13 07:00:00,7,12.040000000000001,6.8592755694402525,5.180724430559748,5.180724430559748,1.332842299507511,-5.180724430559748
2025-10-13 08:00:00,8,17.1,12.842920512407957,4.257079487592044,4.257079487592044,1.095216641896429,-4.257079487592044
2025-10-13 09:00:00,9,23.77,18.600739969374526,5.169260030625473,5.169260030625473,1.3298928592553452,-5.169260030625473
2025-10-13 10:00:00,10,33.69,31.927853687079562,1.7621463129204358,1.7621463129204358,0.45334647215115365,-1.7621463129204358
2025-10-13 11:00:00,11,39.21,61.51509898849423,22.30509898849423,22.30509898849423,5.738421300928998,22.30509898849423
2025-10-13 12:00:00,12,32.599999999999994,58.573751463816265,25.97375146381627,25.97375146381627,6.6822536291761585,25.97375146381627
2025-10-13 13:00:00,13,25.29,51.1904576473688,25.900457647368803,25.900457647368803,6.66339736685939,25.900457647368803
2025-10-13 14:00:00,14,21.860000000000003,21.214689761929115,0.6453102380708877,0.6453102380708877,0.1660186317829711,-0.6453102380708877
2025-10-13 15:00:00,15,24.32,13.000905275925943,11.319094724074057,11.319094724074057,2.9120576557568776,-11.319094724074057
2025-10-13 16:00:00,16,17.88,12.221902885471154,5.658097114528845,5.658097114528845,1.4556557234507528,-5.658097114528845
2025-10-13 17:00:00,17,11.87,9.144456473201675,2.725543526798324,2.725543526798324,0.7011991759757032,-2.725543526798324
2025-10-13 18:00:00,18,11.039999999999997,6.590734949804227,4.449265050195771,4.449265050195771,1.144660122364511,-4.449265050195771
2025-10-13 19:00:00,19,11.039999999999997,6.3356737357747965,4.704326264225201,4.704326264225201,1.210279589212979,-4.704326264225201
2025-10-14 06:00:00,6,11.039999999999997,6.826888322983398,4.2131116770166,4.2131116770166,1.0839050659697098,-4.2131116770166
2025-10-14 07:00:00,7,28.01,6.8592755694402525,21.150724430559748,21.150724430559748,5.4414359543982,-21.150724430559748
2025-10-14 08:00:00,8,83.52999999999999,56.88548401052822,26.64451598947177,26.64451598947177,6.854820872384296,-26.64451598947177
2025-10-14 09:00:00,9,135.03,96.78154946084972,38.248450539150284,38.248450539150284,9.840159123015226,-38.248450539150284
2025-10-14 10:00:00,10,169.91999999999996,134.38087944846257,35.539120551537394,35.539120551537394,9.143131195894915,-35.539120551537394
2025-10-14 11:00:00,11,150.02,161.47885576966948,11.45885576966947,11.45885576966947,2.9480139078003464,11.45885576966947
2025-10-14 12:00:00,12,137.54000000000002,140.29618388626776,2.756183886267735,2.756183886267735,0.709082005437168,2.756183886267735
2025-10-14 13:00:00,13,123.46000000000001,102.86980824191487,20.59019175808514,20.59019175808514,5.297228003146596,-20.59019175808514
2025-10-14 14:00:00,14,112.35,97.37673507497412,14.973264925025873,14.973264925025873,3.8521641367538253,-14.973264925025873
2025-10-14 15:00:00,15,84.63000000000001,53.96239921826909,30.66760078173092,30.66760078173092,7.889837819820936,-30.66760078173092
2025-10-14 16:00:00,16,49.010000000000005,32.01758514389677,16.992414856103238,16.992414856103238,4.37162979706049,-16.992414856103238
2025-10-14 17:00:00,17,15.789999999999997,9.484058194639726,6.305941805360272,6.305941805360272,1.6223263925869216,-6.305941805360272
2025-10-14 18:00:00,18,10.869999999999997,6.590734949804227,4.279265050195771,4.279265050195771,1.1009243101333641,-4.279265050195771
2025-10-14 19:00:00,19,10.869999999999997,6.3356737357747965,4.534326264225201,4.534326264225201,1.166543776981832,-4.534326264225201
2025-10-15 06:00:00,6,10.869999999999997,6.826888322983398,4.0431116770166,4.0431116770166,1.040169253738563,-4.0431116770166
2025-10-15 07:00:00,7,12.34,6.8592755694402525,5.480724430559747,5.480724430559747,1.4100231446212996,-5.480724430559747
2025-10-15 08:00:00,8,17.839999999999996,12.217160483486134,5.622839516513862,5.622839516513862,1.4465850194124905,-5.622839516513862
2025-10-15 09:00:00,9,21.84,13.824525024099145,8.015474975900855,8.015474975900855,2.0621371087615117,-8.015474975900855
2025-10-15 10:00:00,10,25.91,40.73147369696996,14.821473696969957,14.821473696969957,3.8131128858797743,14.821473696969957
2025-10-15 11:00:00,11,32.37,14.529481219610009,17.84051878038999,17.84051878038999,4.5898210557963965,-17.84051878038999
2025-10-15 12:00:00,12,35.339999999999996,14.179937429128579,21.160062570871418,21.160062570871418,5.443838372935018,-21.160062570871418
2025-10-15 13:00:00,13,26.86,15.6984737497811,11.1615262502189,11.1615262502189,2.8715200958387745,-11.1615262502189
2025-10-15 14:00:00,14,20.26,12.932837323688409,7.327162676311593,7.327162676311593,1.8850553588131296,-7.327162676311593
2025-10-15 15:00:00,15,18.14,12.21990869384727,5.920091306152731,5.920091306152731,1.5230588338655375,-5.920091306152731
2025-10-15 16:00:00,16,14.49,11.170136218489025,3.319863781510975,3.319863781510975,0.8540996410655852,-3.319863781510975
2025-10-15 17:00:00,17,11.139999999999999,8.847495921051602,2.2925040789483973,2.2925040789483973,0.5897913408001506,-2.2925040789483973
2025-10-15 18:00:00,18,10.879999999999999,6.590734949804227,4.289265050195772,4.289265050195772,1.1034970049704909,-4.289265050195772
2025-10-15 19:00:00,19,10.879999999999999,6.3356737357747965,4.5443262642252025,4.5443262642252025,1.1691164718189586,-4.5443262642252025
2025-10-16 06:00:00,6,10.879999999999999,6.826888322983398,4.053111677016601,4.053111677016601,1.0427419485756897,-4.053111677016601
2025-10-16 07:00:00,7,16.539999999999996,6.8592755694402525,9.680724430559742,9.680724430559742,2.490554976214341,-9.680724430559742
2025-10-16 08:00:00,8,44.019999999999996,55.50477289277423,11.484772892774231,11.484772892774231,2.954681592680825,11.484772892774231
2025-10-16 09:00:00,9,82.46,97.97251955061117,15.512519550611174,15.512519550611174,3.990897895867803,15.512519550611174
2025-10-16 10:00:00,10,132.84,121.87788585153018,10.962114148469823,10.962114148469823,2.8202174473757387,-10.962114148469823
2025-10-16 11:00:00,11,129.08,131.72502094387215,2.64502094387214,2.64502094387214,0.6804831726390766,2.64502094387214
2025-10-16 12:00:00,12,97.92000000000002,105.3513853608028,7.4313853608027785,7.4313853608027785,1.9118686750433211,7.4313853608027785
2025-10-16 13:00:00,13,97.39999999999998,96.60507200516355,0.7949279948364278,0.7949279948364278,0.20451071482028332,-0.7949279948364278
2025-10-16 14:00:00,14,122.27,67.58448778560485,54.685512214395146,54.685512214395146,14.068913493958116,-54.685512214395146
2025-10-16 15:00:00,15,99.93,44.016151425264106,55.9138485747359,55.9138485747359,14.384926955208432,-55.9138485747359
2025-10-16 16:00:00,16,51.720000000000006,34.98392386938436,16.736076130615643,16.736076130615643,4.305681665498743,-16.736076130615643
2025-10-16 17:00:00,17,17.729999999999997,9.49821814830912,8.231781851690878,8.231781851690878,2.1177862670195027,-8.231781851690878
2025-10-16 18:00:00,18,10.879999999999999,6.590734949804227,4.289265050195772,4.289265050195772,1.1034970049704909,-4.289265050195772
2025-10-16 19:00:00,19,10.879999999999999,6.3356737357747965,4.5443262642252025,4.5443262642252025,1.1691164718189586,-4.5443262642252025
2025-10-17 06:00:00,6,10.879999999999999,6.826888322983398,4.053111677016601,4.053111677016601,1.0427419485756897,-4.053111677016601
2025-10-17 07:00:00,7,16.29,6.8592755694402525,9.430724430559746,9.430724430559746,2.4262376052861847,-9.430724430559746
2025-10-17 08:00:00,8,35.16,12.890649337004705,22.269350662995294,22.269350662995294,5.729224347684295,-22.269350662995294
2025-10-17 09:00:00,9,54.77,16.45588947925229,38.31411052074772,38.31411052074772,9.857051432581379,-38.31411052074772
2025-10-17 10:00:00,10,57.23,42.81071882860704,14.41928117139296,14.41928117139296,3.7096410224715015,-14.41928117139296
2025-10-17 11:00:00,11,38.98,65.16546201803777,26.185462018037775,26.185462018037775,6.736720294157239,26.185462018037775
2025-10-17 12:00:00,12,45.39,56.46785751719494,11.077857517194943,11.077857517194943,2.849994684090811,11.077857517194943
2025-10-17 13:00:00,13,26.91,52.97453297772802,26.064532977728017,26.064532977728017,6.705608942390883,26.064532977728017
2025-10-17 14:00:00,14,21.849999999999998,14.866806459967183,6.983193540032815,6.983193540032815,1.7965625967096097,-6.983193540032815
2025-10-17 15:00:00,15,22.470000000000002,11.941399908440983,10.528600091559019,10.528600091559019,2.708687509772129,-10.528600091559019
2025-10-17 16:00:00,16,14.71,11.063621779170472,3.6463782208295292,3.6463782208295292,0.9381018422937882,-3.6463782208295292
2025-10-17 17:00:00,17,11.049999999999999,8.839123422015463,2.2108765779845356,2.2108765779845356,0.5687910757704258,-2.2108765779845356
2025-10-17 18:00:00,18,10.879999999999999,6.590734949804227,4.289265050195772,4.289265050195772,1.1034970049704909,-4.289265050195772
2025-10-17 19:00:00,19,10.879999999999999,6.3356737357747965,4.5443262642252025,4.5443262642252025,1.1691164718189586,-4.5443262642252025
2025-10-18 06:00:00,6,10.879999999999999,6.826888322983398,4.053111677016601,4.053111677016601,1.0427419485756897,-4.053111677016601
2025-10-18 07:00:00,7,13.940000000000001,6.8592755694402525,7.080724430559749,7.080724430559749,1.8216543185615066,-7.080724430559749
2025-10-18 08:00:00,8,30.16,18.219545083093863,11.940454916906138,11.940454916906138,3.0719146717663666,-11.940454916906138
2025-10-18 09:00:00,9,45.82999999999999,45.65077909934892,0.17922090065107454,0.17922090065107454,0.04610806858101436,-0.17922090065107454
2025-10-18 10:00:00,10,75.49,64.21270952485021,11.277290475149783,11.277290475149783,2.9013026982191352,-11.277290475149783
2025-10-18 11:00:00,11,94.28999999999999,70.22305928405055,24.066940715949443,24.066940715949443,6.191689412534767,-24.066940715949443
2025-10-18 12:00:00,12,106.22,84.09907844164783,22.120921558352165,22.120921558352165,5.69103806856483,-22.120921558352165
2025-10-18 13:00:00,13,104.86000000000001,82.97768955148419,21.882310448515824,21.882310448515824,5.629650711529137,-21.882310448515824
2025-10-18 14:00:00,14,93.72999999999999,63.23485904335982,30.49514095664017,30.49514095664017,7.84546916965867,-30.49514095664017
2025-10-18 15:00:00,15,65.07,59.82327712338907,5.246722876610924,5.246722876610924,1.3498216856489331,-5.246722876610924
2025-10-18 16:00:00,16,37.2,35.632910469155696,1.5670895308443065,1.5670895308443065,0.403164314531781,-1.5670895308443065
2025-10-18 17:00:00,17,14.45,9.595927672956938,4.8540723270430615,4.8540723270430615,1.248804681482129,-4.8540723270430615
2025-10-18 18:00:00,18,10.869999999999997,6.590734949804227,4.279265050195771,4.279265050195771,1.1009243101333641,-4.279265050195771
2025-10-18 19:00:00,19,10.869999999999997,6.3356737357747965,4.534326264225201,4.534326264225201,1.166543776981832,-4.534326264225201
2025-10-19 06:00:00,6,10.869999999999997,6.826888322983398,4.0431116770166,4.0431116770166,1.040169253738563,-4.0431116770166
2025-10-19 07:00:00,7,20.58,6.8592755694402525,13.720724430559745,13.720724430559745,3.5299236904133635,-13.720724430559745
2025-10-19 08:00:00,8,57.01,52.991123918226876,4.018876081773122,4.018876081773122,1.033934174662805,-4.018876081773122
2025-10-19 09:00:00,9,106.4,89.3718996803529,17.02810031964711,17.02810031964711,4.3808105778424675,-17.02810031964711
2025-10-19 10:00:00,10,111.25,133.22472788121613,21.974727881216126,21.974727881216126,5.65342689672599,21.974727881216126
2025-10-19 11:00:00,11,131.22,158.79051756224464,27.570517562244646,27.570517562244646,7.093052818928655,27.570517562244646
2025-10-19 12:00:00,12,93.97,169.74983876678397,75.77983876678397,75.77983876678397,19.495839995356793,75.77983876678397
2025-10-19 13:00:00,13,62.53,156.57002552124274,94.04002552124274,94.04002552124274,24.19362881417259,94.04002552124274
2025-10-19 14:00:00,14,48.280000000000015,105.58654169666228,57.306541696662265,57.306541696662265,14.743224395656556,57.306541696662265
2025-10-19 15:00:00,15,43.68,43.044681224086595,0.6353187759134045,0.6353187759134045,0.16344813347218112,-0.6353187759134045
2025-10-19 16:00:00,16,17.16,26.93798914007302,9.777989140073021,9.777989140073021,2.515578217814281,9.777989140073021
2025-10-19 17:00:00,17,11.2,9.5411834724772,1.6588165275227986,1.6588165275227986,0.4267628716097667,-1.6588165275227986
2025-10-19 18:00:00,18,10.879999999999999,6.590734949804227,4.289265050195772,4.289265050195772,1.1034970049704909,-4.289265050195772
2025-10-19 19:00:00,19,10.879999999999999,6.3356737357747965,4.5443262642252025,4.5443262642252025,1.1691164718189586,-4.5443262642252025
2025-10-20 06:00:00,6,10.879999999999999,6.826888322983398,4.053111677016601,4.053111677016601,1.0427419485756897,-4.053111677016601
2025-10-20 07:00:00,7,22.59,6.8592755694402525,15.730724430559746,15.730724430559746,4.047035352675748,-15.730724430559746
2025-10-20 08:00:00,8,63.64000000000001,36.50128011930928,27.13871988069073,27.13871988069073,6.981964452326969,-27.13871988069073
2025-10-20 09:00:00,9,70.22,74.26833249940059,4.048332499400587,4.048332499400587,1.0415124120178465,4.048332499400587
2025-10-20 10:00:00,10,71.08,88.6093526472849,17.529352647284895,17.529352647284895,4.509767505383595,17.529352647284895
2025-10-20 11:00:00,11,59.55,67.07287198216589,7.522871982165896,7.522871982165896,1.935405390888023,7.522871982165896
2025-10-20 12:00:00,12,73.37,60.91118751070495,12.458812489295056,12.458812489295056,3.2052722567933953,-12.458812489295056
2025-10-20 13:00:00,13,68.45,50.66060845140438,17.789391548595624,17.789391548595624,4.576667579269005,-17.789391548595624
2025-10-20 14:00:00,14,57.5,29.101273458838378,28.398726541161622,28.398726541161622,7.30612571534079,-28.398726541161622
2025-10-20 15:00:00,15,40.05,21.007257780113175,19.042742219886822,19.042742219886822,4.899116459382968,-19.042742219886822
2025-10-20 16:00:00,16,24.709999999999997,11.29929691845941,13.410703081540587,13.410703081540587,3.450164658011312,-13.410703081540587
2025-10-20 17:00:00,17,12.38,8.989950315874724,3.3900496841252767,3.3900496841252767,0.8721563319950715,-3.3900496841252767
2025-10-20 18:00:00,18,10.879999999999999,6.590734949804227,4.289265050195772,4.289265050195772,1.1034970049704909,-4.289265050195772
2025-10-20 19:00:00,19,10.879999999999999,6.3356737357747965,4.5443262642252025,4.5443262642252025,1.1691164718189586,-4.5443262642252025
2025-10-21 06:00:00,6,10.879999999999999,6.826888322983398,4.053111677016601,4.053111677016601,1.0427419485756897,-4.053111677016601
2025-10-21 07:00:00,7,14.3,6.8592755694402525,7.440724430559748,7.440724430559748,1.9142713326980532,-7.440724430559748
2025-10-21 08:00:00,8,26.279999999999998,21.603999111637435,4.676000888362562,4.676000888362562,1.2029923343888318,-4.676000888362562
2025-10-21 09:00:00,9,52.88,64.6620850725706,11.782085072570602,11.782085072570602,3.031170943678514,11.782085072570602
2025-10-21 10:00:00,10,54.43000000000001,95.2383284918754,40.808328491875386,40.808328491875386,10.498737602280157,40.808328491875386
2025-10-21 11:00:00,11,93.30000000000001,133.04853540191428,39.74853540191427,39.74853540191427,10.226085181183647,39.74853540191427
2025-10-21 12:00:00,12,131.07,146.18431365375287,15.114313653752873,15.114313653752873,3.8884516703717433,15.114313653752873
2025-10-21 13:00:00,13,146.50000000000003,123.34720103394794,23.15279896605209,23.15279896605209,5.956508636498516,-23.15279896605209
2025-10-21 14:00:00,14,101.14000000000001,116.96532375961789,15.825323759617874,15.825323759617874,4.071372873222094,15.825323759617874
2025-10-21 15:00:00,15,84.48,74.27608174965238,10.203918250347627,10.203918250347627,2.6251567801128086,-10.203918250347627
2025-10-21 16:00:00,16,53.31,46.13173567935213,7.17826432064787,7.17826432064787,1.8467483557258642,-7.17826432064787
2025-10-21 17:00:00,17,18.26,11.281862357377745,6.978137642622256,6.978137642622256,1.795261868593091,-6.978137642622256
2025-10-21 18:00:00,18,10.899999999999997,6.590734949804227,4.30926505019577,4.30926505019577,1.1086423946447428,-4.30926505019577
2025-10-21 19:00:00,19,10.869999999999997,6.3356737357747965,4.534326264225201,4.534326264225201,1.166543776981832,-4.534326264225201
2025-10-22 06:00:00,6,10.869999999999997,6.826888322983398,4.0431116770166,4.0431116770166,1.040169253738563,-4.0431116770166
2025-10-22 07:00:00,7,29.029999999999998,6.8592755694402525,22.170724430559744,22.170724430559744,5.70385082778508,-22.170724430559744
2025-10-22 08:00:00,8,88.18,77.55612094573866,10.623879054261351,10.623879054261351,2.733199879315233,-10.623879054261351
2025-10-22 09:00:00,9,138.67,127.54271873439242,11.127281265607564,11.127281265607564,2.8627099063280688,-11.127281265607564
2025-10-22 10:00:00,10,176.49,171.99081343544847,4.499186564551536,4.499186564551536,1.1575034045889714,-4.499186564551536
2025-10-22 11:00:00,11,194.43,201.46746153127003,7.037461531270026,7.037461531270026,1.8105240947973282,7.037461531270026
2025-10-22 12:00:00,12,206.30999999999997,207.14530786547363,0.8353078654736521,0.8353078654736521,0.21489922329150477,0.8353078654736521
2025-10-22 13:00:00,13,189.13,189.74172367312417,0.6117236731241746,0.6117236731241746,0.15737783355944954,0.6117236731241746
2025-10-22 14:00:00,14,154.22,146.52227218369896,7.69772781630104,7.69772781630104,1.9803904610601128,-7.69772781630104
2025-10-22 15:00:00,15,112.78999999999999,109.09945265585044,3.69054734414955,3.69054734414955,0.9494652098463695,-3.69054734414955
2025-10-22 16:00:00,16,51.27,59.58399973439883,8.313999734398827,8.313999734398827,2.1389384192557226,8.313999734398827
2025-10-22 17:00:00,17,16.11,14.627953548110524,1.4820464518894756,1.4820464518894756,0.3812853255157393,-1.4820464518894756
2025-10-22 18:00:00,18,10.899999999999999,6.590734949804227,4.309265050195772,4.309265050195772,1.1086423946447432,-4.309265050195772
2025-10-22 19:00:00,19,10.889999999999999,6.3356737357747965,4.554326264225202,4.554326264225202,1.171689166656085,-4.554326264225202
2025-10-23 06:00:00,6,10.889999999999999,6.826888322983398,4.063111677016601,4.063111677016601,1.0453146434128158,-4.063111677016601
2025-10-23 07:00:00,7,29.619999999999997,6.8592755694402525,22.760724430559744,22.760724430559744,5.855639823175531,-22.760724430559744
2025-10-23 08:00:00,8,88.14000000000001,75.63445845659896,12.505541543401051,12.505541543401051,3.2172942164176246,-12.505541543401051
2025-10-23 09:00:00,9,141.19,128.12668952908228,13.063310470917713,13.063310470917713,3.360791140430783,-13.063310470917713
2025-10-23 10:00:00,10,178.62,170.02457452500562,8.595425474994386,8.595425474994386,2.211340674242186,-8.595425474994386
2025-10-23 11:00:00,11,199.98,198.48426307380285,1.4957369261971394,1.4957369261971394,0.384807466772653,-1.4957369261971394
2025-10-23 12:00:00,12,203.24999999999997,204.1196073199553,0.8696073199553211,0.8696073199553211,0.2237234262376286,0.8696073199553211
2025-10-23 13:00:00,13,189.84,188.20549262790448,1.634507372095527,1.634507372095527,0.4205088677435025,-1.634507372095527
2025-10-23 14:00:00,14,160.38999999999996,145.05262665000276,15.337373349997193,15.337373349997193,3.9458381232616158,-15.337373349997193
2025-10-23 15:00:00,15,113.63,107.35057438511048,6.279425614889519,6.279425614889519,1.6155045859544854,-6.279425614889519
2025-10-23 16:00:00,16,56.26,51.90146983717976,4.358530162820237,4.358530162820237,1.121316804734684,-4.358530162820237
2025-10-23 17:00:00,17,16.09,10.427583450253184,5.6624165497468155,5.6624165497468155,1.4567669823192104,-5.6624165497468155
2025-10-23 18:00:00,18,10.879999999999999,6.590734949804227,4.289265050195772,4.289265050195772,1.1034970049704909,-4.289265050195772
2025-10-23 19:00:00,19,10.879999999999999,6.3356737357747965,4.5443262642252025,4.5443262642252025,1.1691164718189586,-4.5443262642252025
2025-10-24 06:00:00,6,10.879999999999999,6.826888322983398,4.053111677016601,4.053111677016601,1.0427419485756897,-4.053111677016601
2025-10-24 07:00:00,7,28.14,6.8592755694402525,21.280724430559747,21.280724430559747,5.474880987280841,-21.280724430559747
2025-10-24 08:00:00,8,70.22999999999999,66.97619457312628,3.2538054268737113,3.2538054268737113,0.8371048422731506,-3.2538054268737113
2025-10-24 09:00:00,9,73.38,118.85718336478193,45.477183364781936,45.477183364781936,11.699891484962016,45.477183364781936
2025-10-24 10:00:00,10,94.49,153.0169809170566,58.526980917056605,58.526980917056605,15.057206163790052,58.526980917056605
2025-10-24 11:00:00,11,124.75999999999999,170.82940376222632,46.06940376222633,46.06940376222633,11.852251720856625,46.06940376222633
2025-10-24 12:00:00,12,154.26000000000002,171.4347999725401,17.174799972540086,17.174799972540086,4.418551921803066,17.174799972540086
2025-10-24 13:00:00,13,146.26999999999998,165.58867447523312,19.318674475233138,19.318674475233138,4.970105408255577,19.318674475233138
2025-10-24 14:00:00,14,140.68999999999997,123.8902404595252,16.799759540474767,16.799759540474767,4.322065463474259,-16.799759540474767
2025-10-24 15:00:00,15,96.93000000000002,93.41559154197924,3.5144084580207817,3.5144084580207817,0.9041500495503038,-3.5144084580207817
2025-10-24 16:00:00,16,48.10000000000001,51.040620741635536,2.9406207416355272,2.9406207416355272,0.7565319799952208,2.9406207416355272
2025-10-24 17:00:00,17,15.150000000000002,9.819614545976643,5.330385454023359,5.330385454023359,1.371345513745898,-5.330385454023359
2025-10-24 18:00:00,18,10.869999999999997,6.590734949804227,4.279265050195771,4.279265050195771,1.1009243101333641,-4.279265050195771
2025-10-24 19:00:00,19,10.869999999999997,6.3356737357747965,4.534326264225201,4.534326264225201,1.166543776981832,-4.534326264225201
2025-10-25 06:00:00,6,10.869999999999997,6.826888322983398,4.0431116770166,4.0431116770166,1.040169253738563,-4.0431116770166
2025-10-25 07:00:00,7,17.34,6.8592755694402525,10.480724430559746,10.480724430559746,2.6963705631844452,-10.480724430559746
2025-10-25 08:00:00,8,28.769999999999996,30.828405263556775,2.0584052635567787,2.0584052635567787,0.5295648594266109,2.0584052635567787
2025-10-25 09:00:00,9,41.86000000000001,51.51282455539553,9.652824555395526,9.652824555395526,2.483377189735196,9.652824555395526
2025-10-25 10:00:00,10,51.849999999999994,53.208810005203304,1.3588100052033099,1.3588100052033099,0.3495803485022105,1.3588100052033099
2025-10-25 11:00:00,11,64.87,52.54679691265165,12.323203087348354,12.323203087348354,3.170384095967989,-12.323203087348354
2025-10-25 12:00:00,12,68.90000000000002,65.9306343574768,2.969365642523215,2.969365642523215,0.7639271658059669,-2.969365642523215
2025-10-25 13:00:00,13,64.73,74.94474059034572,10.214740590345713,10.214740590345713,2.6279410379366785,10.214740590345713
2025-10-25 14:00:00,14,61.940000000000005,56.80715599411836,5.132844005881644,5.132844005881644,1.3205241273706338,-5.132844005881644
2025-10-25 15:00:00,15,46.84,61.01588734006031,14.175887340060306,14.175887340060306,3.647023217145711,14.175887340060306
2025-10-25 16:00:00,16,20.82,17.54673513522015,3.2732648647798506,3.2732648647798506,0.8421111618166012,-3.2732648647798506
2025-10-25 17:00:00,17,11.19,8.88955277623748,2.3004472237625198,2.3004472237625198,0.5918348695655347,-2.3004472237625198
2025-10-25 18:00:00,18,10.929999999999998,6.590734949804227,4.339265050195771,4.339265050195771,1.116360479156122,-4.339265050195771
2025-10-25 19:00:00,19,10.869999999999997,6.3356737357747965,4.534326264225201,4.534326264225201,1.166543776981832,-4.534326264225201
2025-10-26 06:00:00,6,10.869999999999997,6.826888322983398,4.0431116770166,4.0431116770166,1.040169253738563,-4.0431116770166
2025-10-26 07:00:00,7,16.450000000000003,6.8592755694402525,9.59072443055975,9.59072443055975,2.467400722680206,-9.59072443055975
2025-10-26 08:00:00,8,34.19,59.55828859756454,25.368288597564543,25.368288597564543,6.526486510168408,25.368288597564543
2025-10-26 09:00:00,9,56.370000000000005,107.35286478595069,50.98286478595068,50.98286478595068,13.116335301672313,50.98286478595068
2025-10-26 10:00:00,10,103.39999999999999,143.46169363686425,40.06169363686426,40.06169363686426,10.306651238609591,40.06169363686426
2025-10-26 11:00:00,11,141.79,171.95522781915423,30.16522781915424,30.16522781915424,7.7605925871076495,30.16522781915424
2025-10-26 12:00:00,12,154.81,175.79751867559995,20.987518675599944,20.987518675599944,5.3994480940807605,20.987518675599944
2025-10-26 13:00:00,13,145.93999999999997,155.57284011953536,9.632840119535388,9.632840119535388,2.47823580423917,9.632840119535388
2025-10-26 14:00:00,14,99.25000000000001,82.0526213785297,17.19737862147032,17.19737862147032,4.424360719156276,-17.19737862147032
2025-10-26 15:00:00,15,66.29,62.98211197017668,3.3078880298233244,3.3078880298233244,0.8510186456118328,-3.3078880298233244
2025-10-26 16:00:00,16,40.56,35.23743172283255,5.322568277167456,5.322568277167456,1.3693343926920893,-5.322568277167456
2025-10-26 17:00:00,17,15.89,9.536093868203853,6.353906131796148,6.353906131796148,1.6346661500857036,-6.353906131796148
2025-10-26 18:00:00,18,14.049999999999997,6.590734949804227,7.4592650501957705,7.4592650501957705,1.9190412683395248,-7.4592650501957705
2025-10-26 19:00:00,19,10.869999999999997,6.3356737357747965,4.534326264225201,4.534326264225201,1.166543776981832,-4.534326264225201
2025-10-27 06:00:00,6,10.869999999999997,6.826888322983398,4.0431116770166,4.0431116770166,1.040169253738563,-4.0431116770166
2025-10-27 07:00:00,7,26.810000000000002,6.8592755694402525,19.95072443055975,19.95072443055975,5.132712573943044,-19.95072443055975
2025-10-27 08:00:00,8,81.22999999999999,71.095782047877,10.134217952122995,10.134217952122995,2.6072250203739413,-10.134217952122995
2025-10-27 09:00:00,9,133.88,131.28646422385378,2.5935357761462114,2.5935357761462114,0.6672376101193688,-2.5935357761462114
2025-10-27 10:00:00,10,167.69,172.66241923665018,4.9724192366501825,4.9724192366501825,1.279251729815738,4.9724192366501825
2025-10-27 11:00:00,11,186.40999999999997,199.83525904458838,13.425259044588415,13.425259044588415,3.453909463109567,13.425259044588415
2025-10-27 12:00:00,12,186.59,206.11174836653421,19.52174836653421,19.52174836653421,5.0223501234261185,19.52174836653421
2025-10-27 13:00:00,13,174.54999999999998,187.99523504690666,13.445235046906674,13.445235046906674,3.4590486789126276,13.445235046906674
2025-10-27 14:00:00,14,144.90000000000003,151.02245873073412,6.122458730734081,6.122458730734081,1.575121796707836,6.122458730734081
2025-10-27 15:00:00,15,97.58000000000001,104.2863341662227,6.706334166222689,6.706334166222689,1.7253351285484768,6.706334166222689
2025-10-27 16:00:00,16,48.660000000000004,51.76755826015863,3.1075582601586262,3.1075582601586262,0.799479909197926,3.1075582601586262
2025-10-27 17:00:00,17,14.06,9.529214972442348,4.530785027557652,4.530785027557652,1.1656327248526674,-4.530785027557652
2025-10-27 18:00:00,18,10.889999999999999,6.590734949804227,4.299265050195772,4.299265050195772,1.106069699807617,-4.299265050195772
2025-10-27 19:00:00,19,10.889999999999999,6.3356737357747965,4.554326264225202,4.554326264225202,1.171689166656085,-4.554326264225202
2025-10-28 06:00:00,6,10.889999999999999,6.826888322983398,4.063111677016601,4.063111677016601,1.0453146434128158,-4.063111677016601
2025-10-28 07:00:00,7,24.55,6.8592755694402525,17.690724430559747,17.690724430559747,4.551283540752502,-17.690724430559747
2025-10-28 08:00:00,8,69.8,71.37612273271596,1.5761227327159588,1.5761227327159588,0.405488281713573,1.5761227327159588
2025-10-28 09:00:00,9,118.31,114.63863063333427,3.671369366665729,3.671369366665729,0.9445313014804545,-3.671369366665729
2025-10-28 10:00:00,10,156.16,160.56822528228776,4.408225282287759,4.408225282287759,1.1341018424631308,4.408225282287759
2025-10-28 11:00:00,11,177.09999999999997,181.02812775414887,3.9281277541489033,3.9281277541489033,1.010587399267138,3.9281277541489033
2025-10-28 12:00:00,12,180.30000000000004,201.39595823125777,21.095958231257725,21.095958231257725,5.427346282578864,21.095958231257725
2025-10-28 13:00:00,13,166.91000000000003,187.56377163357533,20.653771633575303,20.653771633575303,5.3135851648884636,20.653771633575303
2025-10-28 14:00:00,14,136.76,154.39754816601186,17.637548166011868,17.637548166011868,4.537602910626503,17.637548166011868
2025-10-28 15:00:00,15,93.98,105.9608390261117,11.980839026111695,11.980839026111695,3.082304270691875,11.980839026111695
2025-10-28 16:00:00,16,45.269999999999996,51.86167033007602,6.59167033007602,6.59167033007602,1.6958356226225137,6.59167033007602
2025-10-28 17:00:00,17,13.66,9.169389684490753,4.490610315509247,4.490610315509247,1.1552969974256708,-4.490610315509247
2025-10-28 18:00:00,18,10.949999999999998,6.590734949804227,4.359265050195771,4.359265050195771,1.1215058688303743,-4.359265050195771
2025-10-28 19:00:00,19,10.949999999999998,6.3356737357747965,4.614326264225201,4.614326264225201,1.1871253356788423,-4.614326264225201
2025-10-29 06:00:00,6,10.949999999999998,6.826888322983398,4.1231116770166,4.1231116770166,1.0607508124355731,-4.1231116770166
2025-10-29 07:00:00,7,25.3,6.8592755694402525,18.440724430559747,18.440724430559747,4.744235653536974,-18.440724430559747
2025-10-29 08:00:00,8,74.73,62.62041939001962,12.109580609980384,12.109580609980384,3.115425551506118,-12.109580609980384
2025-10-29 09:00:00,9,126.22999999999999,119.4240479991473,6.805952000852685,6.805952000852685,1.7509637574323056,-6.805952000852685
2025-10-29 10:00:00,10,162.3,152.4532976833774,9.846702316622611,9.846702316622611,2.5332560212694486,-9.846702316622611
2025-10-29 11:00:00,11,180.73,182.57989213302523,1.8498921330252358,1.8498921330252358,0.47592079398745674,1.8498921330252358
2025-10-29 12:00:00,12,159.24,185.14549045351956,25.905490453519548,25.905490453519548,6.664692154299417,25.905490453519548
2025-10-29 13:00:00,13,141.67999999999998,172.10344750958646,30.42344750958648,30.42344750958648,7.8270246335495886,30.42344750958648
2025-10-29 14:00:00,14,106.59,128.94834540647207,22.35834540647207,22.35834540647207,5.752119979391703,22.35834540647207
2025-10-29 15:00:00,15,78.19,79.15756725137358,0.9675672513735805,0.9675672513735805,0.24892552721812872,0.9675672513735805
2025-10-29 16:00:00,16,37.010000000000005,33.951055182301374,3.058944817698631,3.058944817698631,0.7869731539547493,-3.058944817698631
2025-10-29 17:00:00,17,12.57,7.116366341122989,5.453633658877012,5.453633658877012,1.4030535157771056,-5.453633658877012
2025-10-29 18:00:00,18,10.959999999999997,6.590734949804227,4.369265050195771,4.369265050195771,1.1240785636675008,-4.369265050195771
2025-10-29 19:00:00,19,10.959999999999997,6.3356737357747965,4.624326264225201,4.624326264225201,1.1896980305159686,-4.624326264225201
2025-10-30 06:00:00,6,10.959999999999997,6.826888322983398,4.1331116770166,4.1331116770166,1.0633235072726996,-4.1331116770166
2025-10-30 07:00:00,7,12.21,6.8592755694402525,5.350724430559748,5.350724430559748,1.3765781117386582,-5.350724430559748
2025-10-30 08:00:00,8,22.16,18.272371420941678,3.8876285790583225,3.8876285790583225,1.0001681974007968,-3.8876285790583225
2025-10-30 09:00:00,9,32.519999999999996,45.83343323978281,13.313433239782817,13.313433239782817,3.4251400960414813,13.313433239782817
2025-10-30 10:00:00,10,49.580000000000005,57.97870398672273,8.398703986722722,8.398703986722722,2.1607302385193554,8.398703986722722
2025-10-30 11:00:00,11,59.900000000000006,77.30883414577623,17.408834145776225,17.408834145776225,4.478761772722639,17.408834145776225
2025-10-30 12:00:00,12,75.47,84.27086912664463,8.800869126644628,8.800869126644628,2.2641950564342808,8.800869126644628
2025-10-30 13:00:00,13,62.050000000000004,93.40124102261998,31.35124102261998,31.35124102261998,8.065717591639643,31.35124102261998
2025-10-30 14:00:00,14,47.15,89.42266569315456,42.27266569315456,42.27266569315456,10.875466878034445,42.27266569315456
2025-10-30 15:00:00,15,31.84,56.22517888284399,24.38517888284399,24.38517888284399,6.2735623814293815,24.38517888284399
2025-10-30 16:00:00,16,24.099999999999998,31.767798087615816,7.667798087615818,7.667798087615818,1.9726904552136069,7.667798087615818
2025-10-30 17:00:00,17,13.7,1.5094044600164653,12.190595539983534,12.190595539983534,3.136268220721043,-12.190595539983534
2025-10-30 18:00:00,18,11.299999999999999,6.590734949804227,4.709265050195772,4.709265050195772,1.211550188129795,-4.709265050195772
2025-10-30 19:00:00,19,11.049999999999999,6.3356737357747965,4.714326264225202,4.714326264225202,1.2128522840501057,-4.714326264225202
2025-10-31 06:00:00,6,11.049999999999999,6.826888322983398,4.223111677016601,4.223111677016601,1.0864777608068366,-4.223111677016601
2025-10-31 07:00:00,7,18.44,6.8592755694402525,11.580724430559748,11.580724430559748,2.9793669952683377,-11.580724430559748
2025-10-31 08:00:00,8,38.15,25.078647809230223,13.071352190769776,13.071352190769776,3.3628600295452844,-13.071352190769776
2025-10-31 09:00:00,9,43.58,72.20693185178393,28.626931851783937,28.626931851783937,7.364835977785073,28.626931851783937
2025-10-31 10:00:00,10,48.84,93.39962728096074,44.55962728096074,44.55962728096074,11.463832304999956,44.55962728096074
2025-10-31 11:00:00,11,80.72999999999999,116.69999052037471,35.96999052037472,35.96999052037472,9.25398089032497,35.96999052037472
2025-10-31 12:00:00,12,118.03000000000002,129.14360494777662,11.113604947776608,11.113604947776608,2.859191407100609,11.113604947776608
2025-10-31 13:00:00,13,121.22,131.64587588802306,10.425875888023057,10.425875888023057,2.682259706963641,10.425875888023057
2025-10-31 14:00:00,14,108.78,107.89166194028824,0.8883380597117565,0.8883380597117565,0.2285422739843223,-0.8883380597117565
2025-10-31 15:00:00,15,74.12,68.38535590490682,5.734644095093188,5.734644095093188,1.4753489256203018,-5.734644095093188
2025-10-31 16:00:00,16,37.37,37.42365560988831,0.05365560988830964,0.05365560988830964,0.01380395105425166,0.05365560988830964
2025-10-31 17:00:00,17,12.28,1.0827849064944937,11.197215093505505,11.197215093505505,2.8807017461254203,-11.197215093505505
2025-10-31 18:00:00,18,11.09,6.590734949804227,4.499265050195773,4.499265050195773,1.1575235965501431,-4.499265050195773
2025-10-31 19:00:00,19,11.059999999999999,6.3356737357747965,4.724326264225202,4.724326264225202,1.2154249788872318,-4.724326264225202
2025-11-01 06:00:00,6,11.059999999999999,6.826888322983398,4.233111677016601,4.233111677016601,1.0890504556439629,-4.233111677016601
2025-11-01 07:00:00,7,14.17,6.8592755694402525,7.310724430559747,7.310724430559747,1.880826299815411,-7.310724430559747
2025-11-01 08:00:00,8,27.560000000000002,62.231398096095546,34.671398096095544,34.671398096095544,8.919892687777535,34.671398096095544
2025-11-01 09:00:00,9,46.22,111.32376466749267,65.10376466749267,65.10376466749267,16.74921192375435,65.10376466749267
2025-11-01 10:00:00,10,69.73,148.3128411419681,78.5828411419681,78.5828411419681,20.21696696926569,78.5828411419681
2025-11-01 11:00:00,11,114.96000000000001,185.6834255004103,70.72342550041029,70.72342550041029,18.194979164879147,70.72342550041029
2025-11-01 12:00:00,12,157.29999999999998,194.74724105343824,37.44724105343826,37.44724105343826,9.634032372280434,37.44724105343826
2025-11-01 13:00:00,13,147.20000000000002,181.3666367214343,34.16663672143429,34.16663672143429,8.790032989520355,34.16663672143429
2025-11-01 14:00:00,14,118.10000000000001,149.55971961084964,31.459719610849632,31.459719610849632,8.09362582202736,31.459719610849632
2025-11-01 15:00:00,15,81.32000000000001,100.1435976565109,18.8235976565109,18.8235976565109,4.842737250704815,18.8235976565109
2025-11-01 16:00:00,16,38.970000000000006,45.467382151538274,6.497382151538268,6.497382151538268,1.671578151609902,6.497382151538268
2025-11-01 17:00:00,17,11.280000000000001,0.5707980000000001,10.709202000000001,10.709202000000001,2.755150869514256,-10.709202000000001
2025-11-01 18:00:00,18,11.059999999999999,6.590734949804227,4.469265050195772,4.469265050195772,1.149805512038764,-4.469265050195772
2025-11-01 19:00:00,19,11.059999999999999,6.3356737357747965,4.724326264225202,4.724326264225202,1.2154249788872318,-4.724326264225202
2025-11-02 06:00:00,6,11.059999999999999,6.826888322983398,4.233111677016601,4.233111677016601,1.0890504556439629,-4.233111677016601
2025-11-02 07:00:00,7,21.550000000000004,6.8592755694402525,14.69072443055975,14.69072443055975,3.7794750896146154,-14.69072443055975
2025-11-02 08:00:00,8,70.68,66.8161919410315,3.8638080589685018,3.8638080589685018,0.9940399044955223,-3.8638080589685018
2025-11-02 09:00:00,9,123.36,125.66021516190716,2.300215161907161,2.300215161907161,0.5917751671318171,2.300215161907161
2025-11-02 10:00:00,10,164.29999999999998,163.9150362722931,0.38496372770688936,0.38496372770688936,0.09903941947524057,-0.38496372770688936
2025-11-02 11:00:00,11,184.91,194.40125170862427,9.491251708624276,9.491251708624276,2.441809426864377,9.491251708624276
2025-11-02 12:00:00,12,188.42,202.29571693862522,13.875716938625231,13.875716938625231,3.5697985329426967,13.875716938625231
2025-11-02 13:00:00,13,173.42,185.5264450574003,12.106445057400322,12.106445057400322,3.114618869512692,12.106445057400322
2025-11-02 14:00:00,14,144.54,148.9054077686127,4.365407768612698,4.365407768612698,1.1230862028260895,4.365407768612698
2025-11-02 15:00:00,15,99.06,101.16619991385099,2.106199913850986,2.106199913850986,0.5418609644320272,2.106199913850986
2025-11-02 16:00:00,16,46.59,45.51732077013162,1.0726792298683847,1.0726792298683847,0.2759676316575,-1.0726792298683847
2025-11-02 17:00:00,17,12.299999999999999,0.5707980000000001,11.729201999999999,11.729201999999999,3.0175657429011373,-11.729201999999999
2025-11-02 18:00:00,18,11.069999999999999,6.590734949804227,4.479265050195772,4.479265050195772,1.1523782068758903,-4.479265050195772
2025-11-02 19:00:00,19,11.069999999999999,6.3356737357747965,4.734326264225202,4.734326264225202,1.217997673724358,-4.734326264225202
2025-11-03 06:00:00,6,11.069999999999999,6.826888322983398,4.243111677016601,4.243111677016601,1.0916231504810892,-4.243111677016601
2025-11-03 07:00:00,7,23.24,6.8592755694402525,16.380724430559745,16.380724430559745,4.214260517088957,-16.380724430559745
2025-11-03 08:00:00,8,74.87,66.1370535292933,8.732946470706707,8.732946470706707,2.2467206298087414,-8.732946470706707
2025-11-03 09:00:00,9,120.24999999999999,125.03591012123263,4.7859101212326465,4.7859101212326465,1.2312686259845695,4.7859101212326465
2025-11-03 10:00:00,10,152.39999999999998,163.10995862243146,10.709958622431486,10.709958622431486,2.7553455253765695,10.709958622431486
2025-11-03 11:00:00,11,166.28000000000003,191.11488478309752,24.834884783097493,24.834884783097493,6.389257986210123,24.834884783097493
2025-11-03 12:00:00,12,167.10000000000002,196.89546525765422,29.7954652576542,29.7954652576542,7.665463963814275,29.7954652576542
2025-11-03 13:00:00,13,162.44,183.29238190280202,20.852381902802023,20.852381902802023,5.364681526312448,20.852381902802023
2025-11-03 14:00:00,14,135.85,145.58555524593223,9.735555245932233,9.735555245932233,2.504661271776764,9.735555245932233
2025-11-03 15:00:00,15,94.19,100.5942670740388,6.404267074038799,6.404267074038799,1.6476224836957523,6.404267074038799
2025-11-03 16:00:00,16,43.47,44.2849909832058,0.8149909832058029,0.8149909832058029,0.20967230947980497,0.8149909832058029
2025-11-03 17:00:00,17,12.48,0.5707980000000001,11.909202,11.909202,3.0638742499694107,-11.909202
2025-11-03 18:00:00,18,11.239999999999998,6.590734949804227,4.649265050195772,4.649265050195772,1.1961140191070372,-4.649265050195772
2025-11-03 19:00:00,19,11.239999999999998,6.3356737357747965,4.904326264225202,4.904326264225202,1.2617334859555052,-4.904326264225202
2025-11-04 06:00:00,6,11.239999999999998,6.826888322983398,4.413111677016601,4.413111677016601,1.135358962712236,-4.413111677016601
2025-11-04 07:00:00,7,18.300000000000004,6.8592755694402525,11.44072443055975,11.44072443055975,2.9433492675485704,-11.44072443055975
2025-11-04 08:00:00,8,64.58000000000001,60.18224739397805,4.39775260602196,4.39775260602196,1.1314075424471393,-4.39775260602196
2025-11-04 09:00:00,9,111.0,110.59316885084556,0.4068311491544421,0.4068311491544421,0.10466523970117894,-0.4068311491544421
2025-11-04 10:00:00,10,140.86,153.05801859098216,12.198018590982144,12.198018590982144,3.138177945219028,12.198018590982144
2025-11-04 11:00:00,11,161.39999999999998,177.86234672340495,16.462346723404977,16.462346723404977,4.235259442228691,16.462346723404977
2025-11-04 12:00:00,12,159.56,190.50382642361913,30.94382642361913,30.94382642361913,7.960902248097705,30.94382642361913
2025-11-04 13:00:00,13,147.09000000000003,163.0232119301698,15.933211930169762,15.933211930169762,4.099129207158678,15.933211930169762
2025-11-04 14:00:00,14,123.72,135.786650337191,12.066650337190993,12.066650337190993,3.1043809023899493,12.066650337190993
2025-11-04 15:00:00,15,80.10999999999999,88.9527425097905,8.842742509790511,8.842742509790511,2.2749678000975235,8.842742509790511
2025-11-04 16:00:00,16,39.38,39.97270759451474,0.5927075945147351,0.5927075945147351,0.15248557683336025,0.5927075945147351
2025-11-04 17:00:00,17,11.65,0.5707980000000001,11.079202,11.079202,2.8503405784879288,-11.079202
2025-11-04 18:00:00,18,11.149999999999999,6.590734949804227,4.559265050195772,4.559265050195772,1.1729597655729005,-4.559265050195772
2025-11-04 19:00:00,19,11.149999999999999,6.3356737357747965,4.814326264225202,4.814326264225202,1.2385792324213685,-4.814326264225202
2025-11-05 06:00:00,6,11.149999999999999,6.826888322983398,4.323111677016601,4.323111677016601,1.1122047091780993,-4.323111677016601
2025-11-05 07:00:00,7,21.400000000000002,6.8592755694402525,14.540724430559749,14.540724430559749,3.74088466705772,-14.540724430559749
2025-11-05 08:00:00,8,67.14,63.59895144981029,3.541048550189707,3.541048550189707,0.91100373230866,-3.541048550189707
2025-11-05 09:00:00,9,110.45,117.84367297062673,7.393672970626724,7.393672970626724,1.9021664278931587,7.393672970626724
2025-11-05 10:00:00,10,142.51,160.66618779553923,18.15618779553924,18.15618779553924,4.671033060347919,18.15618779553924
2025-11-05 11:00:00,11,166.59,184.63380839693545,18.043808396935447,18.043808396935447,4.642121270489186,18.043808396935447
2025-11-05 12:00:00,12,173.6,195.8710129589215,22.271012958921517,22.271012958921517,5.729652005699013,22.271012958921517
2025-11-05 13:00:00,13,162.95999999999998,175.61574096513206,12.655740965132082,12.655740965132082,3.255935944100302,12.655740965132082
2025-11-05 14:00:00,14,135.85000000000002,144.31358819438196,8.463588194381941,8.463588194381941,2.1774229651249453,8.463588194381941
2025-11-05 15:00:00,15,93.63000000000001,96.2805302092594,2.6505302092593865,2.6505302092593865,0.6819005385008893,2.6505302092593865
2025-11-05 16:00:00,16,42.37,42.65843634985312,0.2884363498531215,0.2884363498531215,0.07420587081066785,0.2884363498531215
2025-11-05 17:00:00,17,11.91,0.5707980000000001,11.339202,11.339202,2.917230644253212,-11.339202
2025-11-05 18:00:00,18,11.229999999999999,6.590734949804227,4.639265050195772,4.639265050195772,1.1935413242699109,-4.639265050195772
2025-11-05 19:00:00,19,11.229999999999999,6.3356737357747965,4.894326264225202,4.894326264225202,1.2591607911183789,-4.894326264225202
2025-11-06 06:00:00,6,11.139999999999999,6.826888322983398,4.313111677016601,4.313111677016601,1.1096320143409732,-4.313111677016601
2025-11-06 07:00:00,7,17.34,6.8592755694402525,10.480724430559746,10.480724430559746,2.6963705631844452,-10.480724430559746
2025-11-06 08:00:00,8,49.69,18.56563510068509,31.12436489931491,31.12436489931491,8.007349288530225,-31.12436489931491
2025-11-06 09:00:00,9,87.42,52.37254512090154,35.04745487909846,35.04745487909846,9.016640622187328,-35.04745487909846
2025-11-06 10:00:00,10,131.23,93.92635137804746,37.30364862195253,37.30364862195253,9.597090421567058,-37.30364862195253
2025-11-06 11:00:00,11,149.42,83.10486595918819,66.3151340408118,66.3151340408118,17.060860297013452,-66.3151340408118
2025-11-06 12:00:00,12,162.79000000000002,87.4154197286642,75.37458027133582,75.37458027133582,19.39157935146269,-75.37458027133582
2025-11-06 13:00:00,13,121.16,100.39803709163493,20.761962908365064,20.761962908365064,5.341419478295837,-20.761962908365064
2025-11-06 14:00:00,14,99.11000000000001,79.42677193670502,19.68322806329499,19.68322806329499,5.063893921641836,-19.68322806329499
2025-11-06 15:00:00,15,56.53,45.096597926380994,11.433402073619007,11.433402073619007,2.9414654485588656,-11.433402073619007
2025-11-06 16:00:00,16,25.16,22.441639771432712,2.7183602285672883,2.7183602285672883,0.6993511325484509,-2.7183602285672883
2025-11-06 17:00:00,17,12.159999999999998,0.5707980000000001,11.589201999999998,11.589201999999998,2.981548015181369,-11.589201999999998
2025-11-06 18:00:00,18,12.09,6.590734949804227,5.499265050195773,5.499265050195773,1.4147930802627722,-5.499265050195773
2025-11-06 19:00:00,19,12.09,6.3356737357747965,5.754326264225203,5.754326264225203,1.4804125471112402,-5.754326264225203
2025-11-07 06:00:00,6,12.09,6.826888322983398,5.263111677016602,5.263111677016602,1.354038023867971,-5.263111677016602
2025-11-07 07:00:00,7,17.919999999999998,6.8592755694402525,11.060724430559745,11.060724430559745,2.8455868637377697,-11.060724430559745
2025-11-07 08:00:00,8,41.8,12.516718489611907,29.28328151038809,29.28328151038809,7.533694715589123,-29.28328151038809
2025-11-07 09:00:00,9,59.56,28.81351683380966,30.74648316619034,30.74648316619034,7.910131850144833,-30.74648316619034
2025-11-07 10:00:00,10,67.73,48.464957652845854,19.26504234715415,19.26504234715415,4.956307498354286,-19.26504234715415
2025-11-07 11:00:00,11,101.12,66.89672061880148,34.22327938119852,34.22327938119852,8.804605417354011,-34.22327938119852
2025-11-07 12:00:00,12,99.91,57.69456616602383,42.215433833976164,42.215433833976164,10.860742867171705,-42.215433833976164
2025-11-07 13:00:00,13,84.78999999999999,53.08098437025795,31.70901562974204,31.70901562974204,8.157762080099424,-31.70901562974204
2025-11-07 14:00:00,14,57.39000000000001,36.36113632687609,21.028863673123915,21.028863673123915,5.410084900247853,-21.028863673123915
2025-11-07 15:00:00,15,29.429999999999996,11.747491965143363,17.68250803485663,17.68250803485663,4.549169712871983,-17.68250803485663
2025-11-07 16:00:00,16,20.669999999999995,9.912103678714729,10.757896321285266,10.757896321285266,2.767678432411053,-10.757896321285266
2025-11-07 17:00:00,17,11.95,0.5707980000000001,11.379202,11.379202,2.9275214236017173,-11.379202
2025-11-07 18:00:00,18,11.939999999999998,6.590734949804227,5.349265050195771,5.349265050195771,1.3762026577058775,-5.349265050195771
2025-11-07 19:00:00,19,11.939999999999998,6.3356737357747965,5.604326264225201,5.604326264225201,1.4418221245543454,-5.604326264225201
2025-11-08 06:00:00,6,11.939999999999998,6.826888322983398,5.1131116770166,5.1131116770166,1.3154476013110763,-5.1131116770166
2025-11-08 07:00:00,7,12.16,6.8592755694402525,5.300724430559748,5.300724430559748,1.3637146375530267,-5.300724430559748
2025-11-08 08:00:00,8,17.95,11.406947468559867,6.543052531440132,6.543052531440132,1.6833277466682142,-6.543052531440132
2025-11-08 09:00:00,9,24.560000000000002,12.905159217944993,11.65484078205501,11.65484078205501,2.9984348707521877,-11.65484078205501
2025-11-08 10:00:00,10,37.25,13.780442999937264,23.469557000062736,23.469557000062736,6.038000812370262,-23.469557000062736
2025-11-08 11:00:00,11,36.50000000000001,16.538113299162543,19.961886700837464,19.961886700837464,5.135584285454453,-19.961886700837464
2025-11-08 12:00:00,12,45.220000000000006,47.04893148127346,1.8289314812734574,1.8289314812734574,0.4705282579329965,1.8289314812734574
2025-11-08 13:00:00,13,39.49,41.3530201260814,1.8630201260813948,1.8630201260813948,0.47929822598319777,1.8630201260813948
2025-11-08 14:00:00,14,23.98,37.42150874636254,13.44150874636254,13.44150874636254,3.4580900154954803,13.44150874636254
2025-11-08 15:00:00,15,21.33,13.114653910918705,8.215346089081294,8.215346089081294,2.113557846858512,-8.215346089081294
2025-11-08 16:00:00,16,17.349999999999998,11.026544795448142,6.3234552045518555,6.3234552045518555,1.6268320557549936,-6.3234552045518555
2025-11-08 17:00:00,17,11.96,0.5707980000000001,11.389202000000001,11.389202000000001,2.930094118438844,-11.389202000000001
2025-11-08 18:00:00,18,11.95,6.590734949804227,5.359265050195773,5.359265050195773,1.3787753525430042,-5.359265050195773
2025-11-08 19:00:00,19,11.95,6.3356737357747965,5.614326264225203,5.614326264225203,1.444394819391472,-5.614326264225203
2025-11-09 06:00:00,6,12.299999999999999,6.826888322983398,5.473111677016601,5.473111677016601,1.408064615447623,-5.473111677016601
2025-11-09 07:00:00,7,17.529999999999998,6.8592755694402525,10.670724430559744,10.670724430559744,2.745251765089844,-10.670724430559744
2025-11-09 08:00:00,8,42.55,52.85816559958915,10.308165599589152,10.308165599589152,2.651976441830586,10.308165599589152
2025-11-09 09:00:00,9,77.51,104.13064249930092,26.620642499300914,26.620642499300914,6.84867895189362,26.620642499300914
2025-11-09 10:00:00,10,110.67,137.21686064212503,26.546860642125026,26.546860642125026,6.8296971315906205,26.546860642125026
2025-11-09 11:00:00,11,155.43,166.5963097130588,11.16630971305878,11.16630971305878,2.8727507348539487,11.16630971305878
2025-11-09 12:00:00,12,167.27,163.9866857436026,3.2833142563974036,3.2833142563974036,0.844696563609675,-3.2833142563974036
2025-11-09 13:00:00,13,138.57999999999998,172.82368185788818,34.24368185788819,34.24368185788819,8.809854351998421,34.24368185788819
2025-11-09 14:00:00,14,126.21999999999998,135.96197424819786,9.741974248197877,9.741974248197877,2.5063126851755966,9.741974248197877
2025-11-09 15:00:00,15,84.72,92.27930647023705,7.559306470237047,7.559306470237047,1.9447788728234223,7.559306470237047
2025-11-09 16:00:00,16,38.83,40.71810175691487,1.888101756914871,1.888101756914871,0.485750964198397,1.888101756914871
2025-11-09 17:00:00,17,12.359999999999998,0.5707980000000001,11.789201999999998,11.789201999999998,3.0330019119238947,-11.789201999999998
2025-11-09 18:00:00,18,11.95,6.590734949804227,5.359265050195773,5.359265050195773,1.3787753525430042,-5.359265050195773
2025-11-09 19:00:00,19,11.95,6.3356737357747965,5.614326264225203,5.614326264225203,1.444394819391472,-5.614326264225203
2025-11-10 06:00:00,6,11.95,6.826888322983398,5.123111677016602,5.123111677016602,1.318020296148203,-5.123111677016602
2025-11-10 07:00:00,7,19.74,6.8592755694402525,12.880724430559745,12.880724430559745,3.3138173240947553,-12.880724430559745
2025-11-10 08:00:00,8,71.42,56.325113068509765,15.094886931490237,15.094886931490237,3.8834537675650065,-15.094886931490237
2025-11-10 09:00:00,9,124.92,113.69564254655965,11.224357453440348,11.224357453440348,2.8876846470525996,-11.224357453440348
2025-11-10 10:00:00,10,161.61,156.72670072716127,4.883299272838741,4.883299272838741,1.2563238827374803,-4.883299272838741
2025-11-10 11:00:00,11,181.42999999999998,180.47050068895462,0.9594993110453629,0.9594993110453629,0.2468498923752639,-0.9594993110453629
2025-11-10 12:00:00,12,184.09,186.01197922392637,1.921979223926371,1.921979223926371,0.49446660264593717,1.921979223926371
2025-11-10 13:00:00,13,170.35000000000002,170.3164899668958,0.03351003310422129,0.03351003310422129,0.008621108915916125,-0.03351003310422129
2025-11-10 14:00:00,14,138.92,134.3897702566308,4.530229743369176,4.530229743369176,1.1654898671761846,-4.530229743369176
2025-11-10 15:00:00,15,94.27000000000001,87.96822123143338,6.301778768566635,6.301778768566635,1.6212553702603463,-6.301778768566635
2025-11-10 16:00:00,16,35.43,35.92063899389092,0.4906389938909186,0.4906389938909186,0.12622644064760044,0.4906389938909186
2025-11-10 17:00:00,17,13.16,0.5707980000000001,12.589202,12.589202,3.2388174988939986,-12.589202
2025-11-10 18:00:00,18,12.989999999999998,6.590734949804227,6.399265050195772,6.399265050195772,1.6463356156041382,-6.399265050195772
2025-11-10 19:00:00,19,10.959999999999997,6.3356737357747965,4.624326264225201,4.624326264225201,1.1896980305159686,-4.624326264225201
2025-11-11 06:00:00,6,10.959999999999997,6.826888322983398,4.1331116770166,4.1331116770166,1.0633235072726996,-4.1331116770166
2025-11-11 07:00:00,7,15.309999999999999,6.8592755694402525,8.450724430559745,8.450724430559745,2.174113511247808,-8.450724430559745
2025-11-11 08:00:00,8,43.66000000000001,19.598505140494154,24.061494859505856,24.061494859505856,6.190288359859152,-24.061494859505856
2025-11-11 09:00:00,9,62.43,47.696113769279016,14.733886230720984,14.733886230720984,3.7905793036582036,-14.733886230720984
2025-11-11 10:00:00,10,104.12,88.32436109798628,15.795638902013721,15.795638902013721,4.063735865232191,-15.795638902013721
2025-11-11 11:00:00,11,139.57000000000002,108.72900175032764,30.84099824967238,30.84099824967238,7.9344476968753135,-30.84099824967238
2025-11-11 12:00:00,12,156.60999999999999,130.15975688177974,26.450243118220243,26.450243118220243,6.804840391098045,-26.450243118220243
2025-11-11 13:00:00,13,152.12,126.54842318849978,25.571576811500222,25.571576811500222,6.578786364012503,-25.571576811500222
2025-11-11 14:00:00,14,129.17000000000002,121.81937330221552,7.350626697784492,7.350626697784492,1.8910919355032845,-7.350626697784492
2025-11-11 15:00:00,15,88.36000000000001,77.37548270896559,10.984517291034422,10.984517291034422,2.8259810922968738,-10.984517291034422
2025-11-11 16:00:00,16,38.17,37.05388409870681,1.1161159012931918,1.1161159012931918,0.28714256168915525,-1.1161159012931918
2025-11-11 17:00:00,17,11.4,0.5707980000000001,10.829202,10.829202,2.7860232075597713,-10.829202
2025-11-11 18:00:00,18,10.959999999999997,6.590734949804227,4.369265050195771,4.369265050195771,1.1240785636675008,-4.369265050195771
2025-11-11 19:00:00,19,10.959999999999997,6.3356737357747965,4.624326264225201,4.624326264225201,1.1896980305159686,-4.624326264225201
2025-11-12 06:00:00,6,10.959999999999997,6.826888322983398,4.1331116770166,4.1331116770166,1.0633235072726996,-4.1331116770166
2025-11-12 07:00:00,7,17.229999999999997,6.8592755694402525,10.370724430559743,10.370724430559743,2.668070919976055,-10.370724430559743
2025-11-12 08:00:00,8,62.01,56.117284517082055,5.892715482917943,5.892715482917943,1.5160158699557156,-5.892715482917943
2025-11-12 09:00:00,9,110.64999999999999,113.27672954621326,2.6267295462132694,2.6267295462132694,0.6757773542069965,2.6267295462132694
2025-11-12 10:00:00,10,143.08,151.1341826515048,8.054182651504789,8.054182651504789,2.072095412479852,8.054182651504789
2025-11-12 11:00:00,11,161.19000000000003,175.06557725756971,13.875577257569688,13.875577257569688,3.5697625972696523,13.875577257569688
2025-11-12 12:00:00,12,166.86999999999998,181.06154608095477,14.191546080954794,14.191546080954794,3.651051733331226,14.191546080954794
2025-11-12 13:00:00,13,158.55,168.35175265421702,9.801752654217012,9.801752654217012,2.521691844829303,9.801752654217012
2025-11-12 14:00:00,14,128.82999999999998,133.0590834743964,4.229083474396418,4.229083474396418,1.0880141220355786,4.229083474396418
2025-11-12 15:00:00,15,86.63000000000002,86.904701621474,0.27470162147398014,0.27470162147398014,0.07067234433163296,0.27470162147398014
2025-11-12 16:00:00,16,36.22,36.31085832722352,0.09085832722352194,0.09085832722352194,0.02337507493578861,0.09085832722352194
2025-11-12 17:00:00,17,11.259999999999998,0.5707980000000001,10.689201999999998,10.689201999999998,2.7500054798400027,-10.689201999999998
2025-11-12 18:00:00,18,10.949999999999998,6.590734949804227,4.359265050195771,4.359265050195771,1.1215058688303743,-4.359265050195771
2025-11-12 19:00:00,19,10.949999999999998,6.3356737357747965,4.614326264225201,4.614326264225201,1.1871253356788423,-4.614326264225201
2025-11-13 06:00:00,6,10.949999999999998,6.826888322983398,4.1231116770166,4.1231116770166,1.0607508124355731,-4.1231116770166
2025-11-13 07:00:00,7,14.049999999999999,6.8592755694402525,7.190724430559746,7.190724430559746,1.8499539617698952,-7.190724430559746
2025-11-13 08:00:00,8,38.989999999999995,54.958252042403124,15.96825204240313,15.96825204240313,4.10814395874219,15.96825204240313
2025-11-13 09:00:00,9,84.11999999999998,110.62687069556102,26.506870695561048,26.506870695561048,6.819408938684411,26.506870695561048
2025-11-13 10:00:00,10,118.77,148.9610972624233,30.1910972624233,30.1910972624233,7.767248005421414,30.1910972624233
2025-11-13 11:00:00,11,137.51000000000002,175.77016393675657,38.260163936756555,38.260163936756555,9.843172622769911,38.260163936756555
2025-11-13 12:00:00,12,142.03,174.18740316937556,32.157403169375556,32.157403169375556,8.273118510924114,32.157403169375556
2025-11-13 13:00:00,13,124.17,165.4093315904714,41.239331590471394,41.239331590471394,10.609621546934495,41.239331590471394
2025-11-13 14:00:00,14,100.45,132.21068553412707,31.760685534127063,31.760685534127063,8.17105516972404,31.760685534127063
2025-11-13 15:00:00,15,65.72,88.69089545148225,22.97089545148225,22.97089545148225,5.90971041321962,22.97089545148225
2025-11-13 16:00:00,16,30.56,37.10778111491305,6.547781114913054,6.547781114913054,1.6845442668969848,6.547781114913054
2025-11-13 17:00:00,17,11.089999999999998,0.5707980000000001,10.519201999999998,10.519201999999998,2.7062696676088556,-10.519201999999998
2025-11-13 18:00:00,18,10.959999999999997,6.590734949804227,4.369265050195771,4.369265050195771,1.1240785636675008,-4.369265050195771
2025-11-13 19:00:00,19,10.959999999999997,6.3356737357747965,4.624326264225201,4.624326264225201,1.1896980305159686,-4.624326264225201
2025-11-14 06:00:00,6,10.959999999999997,6.826888322983398,4.1331116770166,4.1331116770166,1.0633235072726996,-4.1331116770166
2025-11-14 07:00:00,7,14.69,6.8592755694402525,7.830724430559747,7.830724430559747,2.014606431345978,-7.830724430559747
2025-11-14 08:00:00,8,41.629999999999995,30.460968526002894,11.169031473997102,11.169031473997102,2.87345096088534,-11.169031473997102
2025-11-14 09:00:00,9,83.13,88.59215590977105,5.462155909771056,5.462155909771056,1.405246030864686,5.462155909771056
2025-11-14 10:00:00,10,125.4,138.60404936398808,13.204049363988076,13.204049363988076,3.396998962789282,13.204049363988076
2025-11-14 11:00:00,11,151.47,165.7964134664435,14.326413466443512,14.326413466443512,3.6857489959655805,14.326413466443512
2025-11-14 12:00:00,12,160.12999999999997,174.87952935969022,14.749529359690257,14.749529359690257,3.794603803371779,14.749529359690257
2025-11-14 13:00:00,13,148.53,160.08998838885506,11.55998838885506,11.55998838885506,2.974032244524729,11.55998838885506
2025-11-14 14:00:00,14,118.82000000000001,130.16770414363054,11.347704143630537,11.347704143630537,2.9194179863554908,11.347704143630537
2025-11-14 15:00:00,15,75.32000000000002,85.27132958748552,9.951329587485503,9.951329587485503,2.560173425226606,9.951329587485503
2025-11-14 16:00:00,16,26.72,34.44110406603409,7.721104066034094,7.721104066034094,1.9864044567600732,7.721104066034094
2025-11-14 17:00:00,17,11.110000000000001,0.5707980000000001,10.539202000000001,10.539202000000001,2.711415057283109,-10.539202000000001
2025-11-14 18:00:00,18,10.949999999999998,6.590734949804227,4.359265050195771,4.359265050195771,1.1215058688303743,-4.359265050195771
2025-11-14 19:00:00,19,10.949999999999998,6.3356737357747965,4.614326264225201,4.614326264225201,1.1871253356788423,-4.614326264225201
2025-11-15 06:00:00,6,10.949999999999998,6.826888322983398,4.1231116770166,4.1231116770166,1.0607508124355731,-4.1231116770166
2025-11-15 07:00:00,7,16.33,6.8592755694402525,9.470724430559745,9.470724430559745,2.4365283846346895,-9.470724430559745
2025-11-15 08:00:00,8,52.27,47.25817524697041,5.011824753029593,5.011824753029593,1.2893895666700987,-5.011824753029593
2025-11-15 09:00:00,9,95.9,99.76442599730129,3.8644259973012822,3.8644259973012822,0.9941988811713629,3.8644259973012822
2025-11-15 10:00:00,10,132.38,134.93717520249226,2.5571752024922603,2.5571752024922603,0.6578831441079218,2.5571752024922603
2025-11-15 11:00:00,11,151.61,152.90188408480267,1.2918840848026605,1.2918840848026605,0.33236235151374294,1.2918840848026605
2025-11-15 12:00:00,12,112.61999999999999,160.9687034582173,48.348703458217315,48.348703458217315,12.438645976870577,48.348703458217315
2025-11-15 13:00:00,13,99.38999999999999,142.0583656409146,42.6683656409146,42.6683656409146,10.977268399299785,42.6683656409146
2025-11-15 14:00:00,14,82.38999999999999,111.84828052123191,29.458280521231927,29.458280521231927,7.578716620759139,29.458280521231927
2025-11-15 15:00:00,15,45.519999999999996,58.310213622403275,12.790213622403279,12.790213622403279,3.290531655209928,12.790213622403279
2025-11-15 16:00:00,16,21.32,24.50684985234283,3.1868498523428315,3.1868498523428315,0.8198792161819087,3.1868498523428315
2025-11-15 17:00:00,17,10.989999999999998,0.5707980000000001,10.419201999999999,10.419201999999999,2.680542719237593,-10.419201999999999
2025-11-15 18:00:00,18,10.949999999999998,6.590734949804227,4.359265050195771,4.359265050195771,1.1215058688303743,-4.359265050195771
2025-11-15 19:00:00,19,10.949999999999998,6.3356737357747965,4.614326264225201,4.614326264225201,1.1871253356788423,-4.614326264225201
2025-11-16 06:00:00,6,10.949999999999998,6.826888322983398,4.1231116770166,4.1231116770166,1.0607508124355731,-4.1231116770166
2025-11-16 07:00:00,7,15.230000000000002,6.8592755694402525,8.37072443055975,8.37072443055975,2.1535319525507988,-8.37072443055975
2025-11-16 08:00:00,8,51.24,48.76659010091422,2.4734098990857802,2.4734098990857802,0.6363328877475048,-2.4734098990857802
2025-11-16 09:00:00,9,96.25999999999999,102.20289633131999,5.94289633132,5.94289633132,1.5289258709163744,5.94289633132
2025-11-16 10:00:00,10,130.76,143.2851066081956,12.525106608195614,12.525106608195614,3.2223277105361254,12.525106608195614
2025-11-16 11:00:00,11,147.29,167.52025780946514,20.230257809465144,20.230257809465144,5.2046279820144825,20.230257809465144
2025-11-16 12:00:00,12,149.39999999999998,170.7512072583719,21.351207258371915,21.351207258371915,5.493014068002683,21.351207258371915
2025-11-16 13:00:00,13,132.70000000000002,151.66226095979147,18.96226095979145,18.96226095979145,4.878411087149691,18.96226095979145
2025-11-16 14:00:00,14,101.73,121.38000316365029,19.650003163650283,19.650003163650283,5.055346168863839,19.650003163650283
2025-11-16 15:00:00,15,62.1,78.70651845001106,16.60651845001106,16.60651845001106,4.272350427898596,16.60651845001106
2025-11-16 16:00:00,16,26.860000000000007,31.87014029824764,5.010140298247634,5.010140298247634,1.2889562078580068,5.010140298247634
2025-11-16 17:00:00,17,10.979999999999997,0.5707980000000001,10.409201999999997,10.409201999999997,2.6779700244004663,-10.409201999999997
2025-11-16 18:00:00,18,10.949999999999998,6.590734949804227,4.359265050195771,4.359265050195771,1.1215058688303743,-4.359265050195771
2025-11-16 19:00:00,19,10.949999999999998,6.3356737357747965,4.614326264225201,4.614326264225201,1.1871253356788423,-4.614326264225201
2025-11-17 06:00:00,6,10.949999999999998,6.826888322983398,4.1231116770166,4.1231116770166,1.0607508124355731,-4.1231116770166
2025-11-17 07:00:00,7,11.889999999999999,6.8592755694402525,5.030724430559746,5.030724430559746,1.2942518769506164,-5.030724430559746
2025-11-17 08:00:00,8,27.94,16.325054470619584,11.614945529380417,11.614945529380417,2.9881710396940107,-11.614945529380417
2025-11-17 09:00:00,9,47.48,49.84040758874027,2.360407588740273,2.360407588740273,0.6072608417065819,2.360407588740273
2025-11-17 10:00:00,10,66.95,78.67077649796,11.720776497960003,11.720776497960003,3.0153981183412877,11.720776497960003
2025-11-17 11:00:00,11,71.38,91.58003263052444,20.200032630524447,20.200032630524447,5.196851965833287,20.200032630524447
2025-11-17 12:00:00,12,79.98000000000002,51.85693758737964,28.123062412620378,28.123062412620378,7.235205747312892,-28.123062412620378
2025-11-17 13:00:00,13,64.97,78.7893234189432,13.819323418943199,13.819323418943199,3.5552902012493623,13.819323418943199
2025-11-17 14:00:00,14,56.49,74.64896247430497,18.158962474304964,18.158962474304964,4.671746900521445,18.158962474304964
2025-11-17 15:00:00,15,38.29999999999999,53.30835097293307,15.00835097293308,15.00835097293308,3.8611907061844293,15.00835097293308
2025-11-17 16:00:00,16,21.179999999999996,26.41691707625515,5.236917076255153,5.236917076255153,1.3472989524540147,5.236917076255153
2025-11-17 17:00:00,17,10.979999999999999,0.5707980000000001,10.409201999999999,10.409201999999999,2.6779700244004667,-10.409201999999999
2025-11-17 18:00:00,18,10.969999999999999,6.590734949804227,4.379265050195772,4.379265050195772,1.1266512585046276,-4.379265050195772
2025-11-17 19:00:00,19,10.969999999999999,6.3356737357747965,4.634326264225202,4.634326264225202,1.1922707253530953,-4.634326264225202
2025-11-18 06:00:00,6,10.969999999999999,6.826888322983398,4.143111677016601,4.143111677016601,1.0658962021098264,-4.143111677016601
2025-11-18 07:00:00,7,15.44,6.8592755694402525,8.580724430559748,8.580724430559748,2.20755854413045,-8.580724430559748
2025-11-18 08:00:00,8,55.769999999999996,56.83795898244201,1.0679589824420148,1.0679589824420148,0.27475325603912193,1.0679589824420148
2025-11-18 09:00:00,9,110.72999999999999,114.6499871227412,3.9199871227412046,3.9199871227412046,1.0084930632277844,3.9199871227412046
2025-11-18 10:00:00,10,148.28,155.1018363457376,6.8218363457376086,6.8218363457376086,1.7550503146399634,6.8218363457376086
2025-11-18 11:00:00,11,170.35,186.00149239904107,15.651492399041075,15.651492399041075,4.026651368833437,15.651492399041075
2025-11-18 12:00:00,12,176.21999999999997,194.56814958589914,18.348149585899165,18.348149585899165,4.720418971046369,18.348149585899165
2025-11-18 13:00:00,13,161.83,180.55232381479397,18.722323814793953,18.722323814793953,4.816682581732702,18.722323814793953
2025-11-18 14:00:00,14,129.82,141.4707162767861,11.650716276786113,11.650716276786113,2.9973737614110885,11.650716276786113
2025-11-18 15:00:00,15,84.28000000000002,95.03951955887818,10.759519558878168,10.759519558878168,2.768096041908522,10.759519558878168
2025-11-18 16:00:00,16,34.05,37.486823549674185,3.4368235496741875,3.4368235496741875,0.8841898202360837,3.4368235496741875
2025-11-18 17:00:00,17,11.059999999999997,0.5707980000000001,10.489201999999997,10.489201999999997,2.6985515830974767,-10.489201999999997
2025-11-18 18:00:00,18,10.969999999999999,6.590734949804227,4.379265050195772,4.379265050195772,1.1266512585046276,-4.379265050195772
2025-11-18 19:00:00,19,10.969999999999999,6.3356737357747965,4.634326264225202,4.634326264225202,1.1922707253530953,-4.634326264225202
2025-11-19 06:00:00,6,10.969999999999999,6.826888322983398,4.143111677016601,4.143111677016601,1.0658962021098264,-4.143111677016601
2025-11-19 07:00:00,7,14.889999999999997,6.8592755694402525,8.030724430559744,8.030724430559744,2.066060328088503,-8.030724430559744
2025-11-19 08:00:00,8,53.36,49.120359594404974,4.239640405595026,4.239640405595026,1.090730098274634,-4.239640405595026
2025-11-19 09:00:00,9,103.67,109.14976483232704,5.479764832327035,5.479764832327035,1.4097762692793983,5.479764832327035
2025-11-19 10:00:00,10,139.94,148.1792428895263,8.23924288952631,8.23924288952631,2.1197057643713846,8.23924288952631
2025-11-19 11:00:00,11,160.2,174.0225384458052,13.822538445805208,13.822538445805208,3.5561173295502737,13.822538445805208
2025-11-19 12:00:00,12,163.89000000000004,186.03995596997134,22.149955969971302,22.149955969971302,5.698507736651985,22.149955969971302
2025-11-19 13:00:00,13,152.49999999999997,172.9872549560862,20.48725495608622,20.48725495608622,5.270745505241305,20.48725495608622
2025-11-19 14:00:00,14,123.69999999999999,133.7249837558654,10.024983755865406,10.024983755865406,2.579122395098987,10.024983755865406
2025-11-19 15:00:00,15,81.36000000000001,88.5847642399232,7.224764239923189,7.224764239923189,1.8587113659505046,7.224764239923189
2025-11-19 16:00:00,16,33.14,35.21975375381914,2.0797537538191406,2.0797537538191406,0.5350571744944528,2.0797537538191406
2025-11-19 17:00:00,17,11.4,0.5707980000000001,10.829202,10.829202,2.7860232075597713,-10.829202
2025-11-19 18:00:00,18,10.959999999999997,6.590734949804227,4.369265050195771,4.369265050195771,1.1240785636675008,-4.369265050195771
2025-11-19 19:00:00,19,10.959999999999997,6.3356737357747965,4.624326264225201,4.624326264225201,1.1896980305159686,-4.624326264225201
2025-11-20 06:00:00,6,10.959999999999997,6.826888322983398,4.1331116770166,4.1331116770166,1.0633235072726996,-4.1331116770166
2025-11-20 07:00:00,7,15.27,6.8592755694402525,8.410724430559746,8.410724430559746,2.163822731899303,-8.410724430559746
2025-11-20 08:00:00,8,53.63000000000001,20.9644711300221,32.665528869977905,32.665528869977905,8.403843747579199,-32.665528869977905
2025-11-20 09:00:00,9,92.83000000000001,92.29002208683642,0.5399779131635967,0.5399779131635967,0.1389198389358214,-0.5399779131635967
2025-11-20 10:00:00,10,119.52999999999997,125.30488315255171,5.7748831525517375,5.7748831525517375,1.4857012071577458,5.7748831525517375
2025-11-20 11:00:00,11,145.86999999999998,155.45058528319336,9.580585283193386,9.580585283193386,2.4647922294719753,9.580585283193386
2025-11-20 12:00:00,12,147.15,165.834659515929,18.684659515928985,18.684659515928985,4.8069927070093135,18.684659515928985
2025-11-20 13:00:00,13,136.66,155.3646564632693,18.704656463269316,18.704656463269316,4.8121373113273895,18.704656463269316
2025-11-20 14:00:00,14,116.04999999999998,125.77575946815374,9.725759468153754,9.725759468153754,2.5021411170851313,9.725759468153754
2025-11-20 15:00:00,15,75.66,84.08995536560991,8.429955365609914,8.429955365609914,2.168770264630971,8.429955365609914
2025-11-20 16:00:00,16,31.169999999999995,33.19536630137966,2.0253663013796626,2.0253663013796626,0.521064942684903,2.0253663013796626
2025-11-20 17:00:00,17,12.549999999999997,0.5707980000000001,11.979201999999997,11.979201999999997,3.081883113829294,-11.979201999999997
2025-11-20 18:00:00,18,10.959999999999997,6.590734949804227,4.369265050195771,4.369265050195771,1.1240785636675008,-4.369265050195771
2025-11-20 19:00:00,19,10.959999999999997,6.3356737357747965,4.624326264225201,4.624326264225201,1.1896980305159686,-4.624326264225201
2025-11-21 06:00:00,6,10.959999999999997,6.826888322983398,4.1331116770166,4.1331116770166,1.0633235072726996,-4.1331116770166
2025-11-21 07:00:00,7,13.78,6.8592755694402525,6.920724430559747,6.920724430559747,1.7804912011674854,-6.920724430559747
2025-11-21 08:00:00,8,45.14,26.729392583850355,18.410607416149645,18.410607416149645,4.736487464788721,-18.410607416149645
2025-11-21 09:00:00,9,89.91999999999999,103.83087346765868,13.91087346765869,13.91087346765869,3.5788432350162624,13.91087346765869
2025-11-21 10:00:00,10,123.16,145.4903760243407,22.330376024340694,22.330376024340694,5.744924310891003,22.330376024340694
2025-11-21 11:00:00,11,142.20000000000002,167.07107126385222,24.8710712638522,24.8710712638522,6.398567663431264,24.8710712638522
2025-11-21 12:00:00,12,147.97,180.55501319066488,32.58501319066488,32.58501319066488,8.383129520331565,32.58501319066488
2025-11-21 13:00:00,13,141.98,166.69757979369143,24.717579793691442,24.717579793691442,6.359078992148712,24.717579793691442
2025-11-21 14:00:00,14,116.58,131.20781116476013,14.627811164760132,14.627811164760132,3.763289426203672,14.627811164760132
2025-11-21 15:00:00,15,77.04,86.37320040633033,9.33320040633032,9.33320040633032,2.401147649923102,9.33320040633032
2025-11-21 16:00:00,16,34.27,34.025656197612726,0.24434380238727726,0.24434380238727726,0.06286220388855551,-0.24434380238727726
2025-11-21 17:00:00,17,16.19,0.5707980000000001,15.619202000000001,15.619202000000001,4.018344034543266,-15.619202000000001
2025-11-21 18:00:00,18,16.13,6.590734949804227,9.539265050195773,9.539265050195773,2.454161794461794,-9.539265050195773
2025-11-21 19:00:00,19,10.979999999999999,6.3356737357747965,4.644326264225202,4.644326264225202,1.1948434201902214,-4.644326264225202
2025-11-22 06:00:00,6,10.969999999999999,6.826888322983398,4.143111677016601,4.143111677016601,1.0658962021098264,-4.143111677016601
2025-11-22 07:00:00,7,18.69,6.8592755694402525,11.830724430559748,11.830724430559748,3.043684366196495,-11.830724430559748
2025-11-22 08:00:00,8,50.15,26.29107753527158,23.85892246472842,23.85892246472842,6.13817266444033,-23.85892246472842
2025-11-22 09:00:00,9,88.72000000000001,102.10445694298197,13.384456942981956,13.384456942981956,3.4434123274948822,13.384456942981956
2025-11-22 10:00:00,10,119.47,141.44090899889628,21.970908998896277,21.970908998896277,5.652444414843203,21.970908998896277
2025-11-22 11:00:00,11,152.70999999999998,165.00037695599585,12.290376955995868,12.290376955995868,3.161938934102652,12.290376955995868
2025-11-22 12:00:00,12,154.38000000000002,174.37159000816763,19.991590008167606,19.991590008167606,5.143226039995836,19.991590008167606
2025-11-22 13:00:00,13,138.83,157.08722429072515,18.257224290725134,18.257224290725134,4.697026667300527,18.257224290725134
2025-11-22 14:00:00,14,111.13000000000001,127.06015124499523,15.930151244995216,15.930151244995216,4.098341786264016,15.930151244995216
2025-11-22 15:00:00,15,73.08000000000001,80.84300576962924,7.763005769629231,7.763005769629231,1.9971844864106736,7.763005769629231
2025-11-22 16:00:00,16,29.080000000000002,32.049520063493276,2.969520063493274,2.969520063493274,0.7639668936092083,2.969520063493274
2025-11-22 17:00:00,17,11.88,0.5707980000000001,11.309202,11.309202,2.9095125597418336,-11.309202
2025-11-22 18:00:00,18,11.289999999999997,6.590734949804227,4.699265050195771,4.699265050195771,1.2089774932926682,-4.699265050195771
2025-11-22 19:00:00,19,10.959999999999997,6.3356737357747965,4.624326264225201,4.624326264225201,1.1896980305159686,-4.624326264225201
2025-11-23 06:00:00,6,10.959999999999997,6.826888322983398,4.1331116770166,4.1331116770166,1.0633235072726996,-4.1331116770166
2025-11-23 07:00:00,7,12.070000000000002,6.8592755694402525,5.2107244305597495,5.2107244305597495,1.3405603840188904,-5.2107244305597495
2025-11-23 08:00:00,8,29.549999999999997,17.069595018188135,12.480404981811862,12.480404981811862,3.2108273461952628,-12.480404981811862
2025-11-23 09:00:00,9,61.41,68.95600677394485,7.546006773944853,7.546006773944853,1.9413572668247947,7.546006773944853
2025-11-23 10:00:00,10,91.08999999999999,112.44119481010398,21.35119481010399,21.35119481010399,5.493010865443221,21.35119481010399
2025-11-23 11:00:00,11,98.92,131.0980738409892,32.1780738409892,32.1780738409892,8.27843644393815,32.1780738409892
2025-11-23 12:00:00,12,115.48,137.7578195252357,22.2778195252357,22.2778195252357,5.731403127500518,22.2778195252357
2025-11-23 13:00:00,13,83.02,94.66315160531968,11.643151605319687,11.643151605319687,2.9954276022884656,11.643151605319687
2025-11-23 14:00:00,14,76.22999999999999,51.92497888674677,24.30502111325322,24.30502111325322,6.252940233431207,-24.30502111325322
2025-11-23 15:00:00,15,38.349999999999994,39.53731434332916,1.187314343329163,1.187314343329163,0.30545974811289317,1.187314343329163
2025-11-23 16:00:00,16,28.150000000000002,11.038165970960828,17.111834029039173,17.111834029039173,4.4023527060271075,-17.111834029039173
2025-11-23 17:00:00,17,10.959999999999997,0.5707980000000001,10.389201999999997,10.389201999999997,2.6728246347262137,-10.389201999999997
2025-11-23 18:00:00,18,10.959999999999997,6.590734949804227,4.369265050195771,4.369265050195771,1.1240785636675008,-4.369265050195771
2025-11-23 19:00:00,19,10.959999999999997,6.3356737357747965,4.624326264225201,4.624326264225201,1.1896980305159686,-4.624326264225201
2025-11-24 06:00:00,6,10.959999999999997,6.826888322983398,4.1331116770166,4.1331116770166,1.0633235072726996,-4.1331116770166
2025-11-24 07:00:00,7,13.57,6.8592755694402525,6.710724430559748,6.710724430559748,1.7264646095878338,-6.710724430559748
2025-11-24 08:00:00,8,43.269999999999996,20.257450982746523,23.012549017253473,23.012549017253473,5.920426604580372,-23.012549017253473
2025-11-24 09:00:00,9,83.53,93.80394083795568,10.273940837955678,10.273940837955678,2.643171455074954,10.273940837955678
2025-11-24 10:00:00,10,112.73000000000002,137.52470361552088,24.79470361552086,24.79470361552086,6.378920597972712,24.79470361552086
2025-11-24 11:00:00,11,134.67000000000002,158.93075080124433,24.260750801244313,24.260750801244313,6.241550833116879,24.260750801244313
2025-11-24 12:00:00,12,137.33,168.03245985349145,30.702459853491433,30.702459853491433,7.898805995215466,30.702459853491433
2025-11-24 13:00:00,13,126.99,154.46791360243586,27.477913602435862,27.477913602435862,7.069228645998904,27.477913602435862
2025-11-24 14:00:00,14,104.12000000000002,125.44916468202612,21.329164682026104,21.329164682026104,5.4873431857665,21.329164682026104
2025-11-24 15:00:00,15,62.89000000000001,81.71727089578553,18.827270895785524,18.827270895785524,4.843682263076551,18.827270895785524
2025-11-24 16:00:00,16,26.87,33.386811639498035,6.516811639498034,6.516811639498034,1.6765767659461115,6.516811639498034
2025-11-24 17:00:00,17,11.629999999999999,0.5707980000000001,11.059201999999999,11.059201999999999,2.8451951888136757,-11.059201999999999
2025-11-24 18:00:00,18,11.59,6.590734949804227,4.999265050195773,4.999265050195773,1.2861583384064579,-4.999265050195773
2025-11-24 19:00:00,19,11.59,6.3356737357747965,5.254326264225203,5.254326264225203,1.3517778052549256,-5.254326264225203
2025-11-25 06:00:00,6,10.969999999999999,6.826888322983398,4.143111677016601,4.143111677016601,1.0658962021098264,-4.143111677016601
2025-11-25 07:00:00,7,13.08,6.8592755694402525,6.2207244305597476,6.2207244305597476,1.6004025625686453,-6.2207244305597476
2025-11-25 08:00:00,8,48.45,21.39022706356702,27.05977293643298,27.05977293643298,6.961653812737088,-27.05977293643298
2025-11-25 09:00:00,9,100.77999999999999,97.32684029991991,3.4531597000800787,3.4531597000800787,0.8883926132168593,-3.4531597000800787
2025-11-25 10:00:00,10,137.07,135.70893860341232,1.3610613965876723,1.3610613965876723,0.3501595628013005,-1.3610613965876723
2025-11-25 11:00:00,11,157.63,162.19221480304986,4.562214803049869,4.562214803049869,1.1737186469667542,4.562214803049869
2025-11-25 12:00:00,12,162.49,174.9905290024344,12.500529002434405,12.500529002434405,3.2160046425910465,12.500529002434405
2025-11-25 13:00:00,13,150.70000000000002,166.02791061128258,15.327910611282562,15.327910611282562,3.9434036493579945,15.327910611282562
2025-11-25 14:00:00,14,123.09,133.47584277398335,10.385842773983342,10.385842773983342,2.6719604083832347,10.385842773983342
2025-11-25 15:00:00,15,80.29,87.80182393194798,7.511823931947973,7.511823931947973,1.932563064712427,7.511823931947973
2025-11-25 16:00:00,16,32.160000000000004,34.08551275242621,1.925512752426208,1.925512752426208,0.4953756716987741,1.925512752426208
2025-11-25 17:00:00,17,11.19,0.5707980000000001,10.619202,10.619202,2.731996615980119,-10.619202
2025-11-25 18:00:00,18,11.16,6.590734949804227,4.5692650501957734,4.5692650501957734,1.1755324604100272,-4.5692650501957734
2025-11-25 19:00:00,19,10.959999999999997,6.3356737357747965,4.624326264225201,4.624326264225201,1.1896980305159686,-4.624326264225201
2025-11-26 06:00:00,6,10.959999999999997,6.826888322983398,4.1331116770166,4.1331116770166,1.0633235072726996,-4.1331116770166
2025-11-26 07:00:00,7,13.299999999999997,6.8592755694402525,6.440724430559745,6.440724430559745,1.6570018489854228,-6.440724430559745
2025-11-26 08:00:00,8,46.339999999999996,20.131138809166888,26.208861190833108,26.208861190833108,6.742740187261598,-26.208861190833108
2025-11-26 09:00:00,9,95.76,96.75179619327048,0.9917961932704742,0.9917961932704742,0.2551588945908459,0.9917961932704742
2025-11-26 10:00:00,10,133.02,139.34321516966787,6.323215169667861,6.323215169667861,1.6267703021043154,6.323215169667861
2025-11-26 11:00:00,11,153.38,160.91192502925927,7.53192502925927,7.53192502925927,1.9377344636397615,7.53192502925927
2025-11-26 12:00:00,12,156.12999999999997,166.76644795724246,10.636447957242495,10.636447957242495,2.736433474496026,10.636447957242495
2025-11-26 13:00:00,13,143.02,154.16727232168267,11.147272321682664,11.147272321682664,2.8678529950033798,11.147272321682664
2025-11-26 14:00:00,14,116.24000000000001,125.81308582528605,9.573085825286043,9.573085825286043,2.4628628478080286,9.573085825286043
2025-11-26 15:00:00,15,73.44,80.99045959663856,7.550459596638561,7.550459596638561,1.942502842220269,7.550459596638561
2025-11-26 16:00:00,16,29.65,31.44481655034266,1.794816550342663,1.794816550342663,0.46175152726553903,1.794816550342663
2025-11-26 17:00:00,17,11.139999999999997,0.5707980000000001,10.569201999999997,10.569201999999997,2.719133141794487,-10.569201999999997
2025-11-26 18:00:00,18,10.959999999999997,6.590734949804227,4.369265050195771,4.369265050195771,1.1240785636675008,-4.369265050195771
2025-11-26 19:00:00,19,10.959999999999997,6.3356737357747965,4.624326264225201,4.624326264225201,1.1896980305159686,-4.624326264225201
2025-11-27 06:00:00,6,10.959999999999997,6.826888322983398,4.1331116770166,4.1331116770166,1.0633235072726996,-4.1331116770166
2025-11-27 07:00:00,7,12.3,6.8592755694402525,5.440724430559748,5.440724430559748,1.3997323652727947,-5.440724430559748
2025-11-27 08:00:00,8,40.28,20.4945143557327,19.7854856442673,19.7854856442673,5.090201676704285,-19.7854856442673
2025-11-27 09:00:00,9,92.15,100.00681761542721,7.856817615427204,7.856817615427204,2.021319411545247,7.856817615427204
2025-11-27 10:00:00,10,133.28,144.723323409374,11.443323409373988,11.443323409373988,2.9440179054862896,11.443323409373988
2025-11-27 11:00:00,11,156.07,173.48555085433287,17.415550854332878,17.415550854332878,4.480489776865258,17.415550854332878
2025-11-27 12:00:00,12,162.21,182.7540837467249,20.54408374672488,20.54408374672488,5.285365818868926,20.54408374672488
2025-11-27 13:00:00,13,149.44,168.06721024911963,18.627210249119628,18.627210249119628,4.792212763797601,18.627210249119628
2025-11-27 14:00:00,14,121.96000000000001,134.56522729149222,12.605227291492213,12.605227291492213,3.242940317362544,12.605227291492213
2025-11-27 15:00:00,15,80.52,87.67020055356957,7.150200553569576,7.150200553569576,1.8395284048586,7.150200553569576
2025-11-27 16:00:00,16,32.22,33.102680624686116,0.8826806246861167,0.8826806246861167,0.22708678859613826,0.8826806246861167
2025-11-27 17:00:00,17,12.229999999999999,0.5707980000000001,11.659201999999999,11.659201999999999,2.9995568790412532,-11.659201999999999
2025-11-27 18:00:00,18,12.139999999999999,6.590734949804227,5.549265050195772,5.549265050195772,1.4276565544484037,-5.549265050195772
2025-11-27 19:00:00,19,12.139999999999999,6.3356737357747965,5.804326264225202,5.804326264225202,1.4932760212968714,-5.804326264225202
2025-11-28 06:00:00,6,12.139999999999999,6.826888322983398,5.313111677016601,5.313111677016601,1.3669014980536025,-5.313111677016601
2025-11-28 07:00:00,7,13.4,6.8592755694402525,6.540724430559748,6.540724430559748,1.682728797356687,-6.540724430559748
2025-11-28 08:00:00,8,42.18,19.443005495313326,22.736994504686674,22.736994504686674,5.849534837397628,-22.736994504686674
2025-11-28 09:00:00,9,88.24000000000001,95.32622010630232,7.0862201063023065,7.0862201063023065,1.8230681882224467,7.0862201063023065
2025-11-28 10:00:00,10,124.27,139.351958525911,15.081958525910991,15.081958525910991,3.880127683336407,15.081958525910991
2025-11-28 11:00:00,11,144.84999999999997,162.10116022341293,17.251160223412967,17.251160223412967,4.438197084121299,17.251160223412967
2025-11-28 12:00:00,12,148.71,169.76002482315297,21.050024823152967,21.050024823152967,5.415529018390592,21.050024823152967
2025-11-28 13:00:00,13,137.79,157.37841759015046,19.58841759015047,19.58841759015047,5.039502080165395,19.58841759015047
2025-11-28 14:00:00,14,109.97000000000001,127.61385664660347,17.643856646603453,17.643856646603453,4.539225890171311,17.643856646603453
2025-11-28 15:00:00,15,71.03,82.56758818313004,11.53758818313004,11.53758818313004,2.9682693551627968,11.53758818313004
2025-11-28 16:00:00,16,29.759999999999998,31.86601960251006,2.106019602510063,2.106019602510063,0.5418145758264404,2.106019602510063
2025-11-28 17:00:00,17,11.079999999999997,0.5707980000000001,10.509201999999997,10.509201999999997,2.703696972771729,-10.509201999999997
2025-11-28 18:00:00,18,10.959999999999997,6.590734949804227,4.369265050195771,4.369265050195771,1.1240785636675008,-4.369265050195771
2025-11-28 19:00:00,19,10.959999999999997,6.3356737357747965,4.624326264225201,4.624326264225201,1.1896980305159686,-4.624326264225201
2025-11-29 06:00:00,6,10.959999999999997,6.826888322983398,4.1331116770166,4.1331116770166,1.0633235072726996,-4.1331116770166
2025-11-29 07:00:00,7,12.030000000000001,6.8592755694402525,5.170724430559749,5.170724430559749,1.330269604670385,-5.170724430559749
2025-11-29 08:00:00,8,41.22,18.992837342446762,22.227162657553237,22.227162657553237,5.718370661305352,-22.227162657553237
2025-11-29 09:00:00,9,86.71000000000001,93.56186650032765,6.851866500327645,6.851866500327645,1.7627761570071527,6.851866500327645
2025-11-29 10:00:00,10,121.08,136.51107170914293,15.431071709142927,15.431071709142927,3.969943851743759,15.431071709142927
2025-11-29 11:00:00,11,141.36,160.6848799267123,19.3248799267123,19.3248799267123,4.971701881553824,19.3248799267123
2025-11-29 12:00:00,12,145.32999999999998,168.45501857087456,23.125018570874573,23.125018570874573,5.949361588573863,23.125018570874573
2025-11-29 13:00:00,13,133.55,155.90498967009543,22.35498967009542,22.35498967009542,5.7512566508266065,22.35498967009542
2025-11-29 14:00:00,14,106.67999999999999,125.80436749483825,19.124367494838253,19.124367494838253,4.920116151727625,19.124367494838253
2025-11-29 15:00:00,15,67.85,80.06841815806503,12.218418158065035,12.218418158065035,3.1434261313104046,12.218418158065035
2025-11-29 16:00:00,16,24.619999999999997,31.2532987934343,6.633298793434303,6.633298793434303,1.7065453558984491,6.633298793434303
2025-11-29 17:00:00,17,7.14,0.5707980000000001,6.569202,6.569202,1.690055206943971,-6.569202
2025-11-29 18:00:00,18,7.12,6.590734949804227,0.5292650501957734,0.5292650501957734,0.1361637462110054,-0.5292650501957734
2025-11-29 19:00:00,19,7.12,6.3356737357747965,0.7843262642252036,0.7843262642252036,0.2017832130594733,-0.7843262642252036
2025-11-30 06:00:00,6,6.53,6.826888322983398,0.2968883229833974,0.2968883229833974,0.07638030557424695,0.2968883229833974
2025-11-30 07:00:00,7,7.839999999999999,6.8592755694402525,0.9807244305597465,0.9807244305597465,0.2523104679144682,-0.9807244305597465
2025-11-30 08:00:00,8,36.599999999999994,18.69512991344789,17.904870086552105,17.904870086552105,4.606376683108958,-17.904870086552105
2025-11-30 09:00:00,9,77.07,93.91127961864194,16.84127961864195,16.84127961864195,4.3327473125480385,16.84127961864195
2025-11-30 10:00:00,10,105.95,135.99556003386357,30.045560033863566,30.045560033863566,7.729805717768885,30.045560033863566
2025-11-30 11:00:00,11,123.68,159.54189295619054,35.86189295619053,35.86189295619053,9.22617068579671,35.86189295619053
2025-11-30 12:00:00,12,136.97,166.45921278683608,29.489212786836077,29.489212786836077,7.58667454876118,29.489212786836077
2025-11-30 13:00:00,13,127.71000000000001,152.65501167632456,24.945011676324555,24.945011676324555,6.417590275173525,24.945011676324555
2025-11-30 14:00:00,14,96.94000000000001,123.92122717885002,26.981227178850006,26.981227178850006,6.941446386235898,26.981227178850006
2025-11-30 15:00:00,15,60.580000000000005,77.95342714550898,17.373427145508977,17.373427145508977,4.469652632044071,17.373427145508977
2025-11-30 16:00:00,16,22.8,30.82903638911458,8.02903638911458,8.02903638911458,2.0656260465374205,8.02903638911458
2025-11-30 17:00:00,17,6.88,0.5707980000000001,6.309202,6.309202,1.6231651411786876,-6.309202
2025-11-30 18:00:00,18,6.88,6.590734949804227,0.2892650501957732,0.2892650501957732,0.07441907011997434,-0.2892650501957732
2025-11-30 19:00:00,19,6.88,6.3356737357747965,0.5443262642252034,0.5443262642252034,0.14003853696844226,-0.5443262642252034
2025-12-01 06:00:00,6,6.53,6.826888322983398,0.2968883229833974,0.2968883229833974,0.07638030557424695,0.2968883229833974
2025-12-01 07:00:00,7,7.260000000000001,6.8592755694402525,0.40072443055974816,0.40072443055974816,0.10309416736114373,-0.40072443055974816
2025-12-01 08:00:00,8,34.55,17.78019251972308,16.769807480276917,16.769807480276917,4.314359712411029,-16.769807480276917
2025-12-01 09:00:00,9,80.36,88.61090800931271,8.25090800931271,8.25090800931271,2.1227068437162777,8.25090800931271
2025-12-01 10:00:00,10,116.96000000000001,129.5052631315991,12.545263131599086,12.545263131599086,3.227513368905578,12.545263131599086
2025-12-01 11:00:00,11,134.17000000000002,149.70545579672313,15.535455796723113,15.535455796723113,3.9967986920633276,15.535455796723113
2025-12-01 12:00:00,12,138.87,151.69583203709323,12.825832037093221,12.825832037093221,3.299695186367872,12.825832037093221
2025-12-01 13:00:00,13,125.21000000000001,143.9561749435861,18.746174943586084,18.746174943586084,4.822818749323017,18.746174943586084
2025-12-01 14:00:00,14,94.67999999999999,114.49929071979248,19.81929071979249,19.81929071979249,5.098898691031517,19.81929071979249
2025-12-01 15:00:00,15,59.699999999999996,69.27096140005759,9.570961400057591,9.570961400057591,2.462316298026319,9.570961400057591
2025-12-01 16:00:00,16,23.18,27.757569778899153,4.577569778899154,4.577569778899154,1.1776690136759194,4.577569778899154
2025-12-01 17:00:00,17,6.7700000000000005,0.5707980000000001,6.1992020000000005,6.1992020000000005,1.5948654979702985,-6.1992020000000005
2025-12-01 18:00:00,18,6.7700000000000005,6.590734949804227,0.17926505019577377,0.17926505019577377,0.04611942691158527,-0.17926505019577377
2025-12-01 19:00:00,19,6.7700000000000005,6.3356737357747965,0.43432626422520393,0.43432626422520393,0.11173889376005317,-0.43432626422520393
2025-12-02 06:00:00,6,7.72,6.826888322983398,0.8931116770166021,0.8931116770166021,0.22977038004378167,-0.8931116770166021
2025-12-02 07:00:00,7,7.829999999999999,6.8592755694402525,0.9707244305597467,0.9707244305597467,0.249737773077342,-0.9707244305597467
2025-12-02 08:00:00,8,19.720000000000002,11.215260092317171,8.504739907682831,8.504739907682831,2.1880100451597553,-8.504739907682831
2025-12-02 09:00:00,9,45.650000000000006,55.80756123972749,10.157561239727485,10.157561239727485,2.613230535924104,10.157561239727485
2025-12-02 10:00:00,10,51.0,77.02939752864262,26.02939752864262,26.02939752864262,6.696569663544673,26.02939752864262
2025-12-02 11:00:00,11,71.97,92.57806289048207,20.608062890482074,20.608062890482074,5.301825700151715,20.608062890482074
2025-12-02 12:00:00,12,50.11,73.60909374607807,23.499093746078074,23.499093746078074,6.045599715768179,23.499093746078074
2025-12-02 13:00:00,13,60.739999999999995,54.87366353656326,5.866336463436738,5.866336463436738,1.5092293532329406,-5.866336463436738
2025-12-02 14:00:00,14,36.650000000000006,43.45774324990106,6.807743249901051,6.807743249901051,1.7514245911501798,6.807743249901051
2025-12-02 15:00:00,15,22.34,29.962966386692468,7.622966386692468,7.622966386692468,1.9611566266630975,7.622966386692468
2025-12-02 16:00:00,16,12.19,8.090540731455421,4.099459268544578,4.099459268544578,1.054665769519416,-4.099459268544578
2025-12-02 17:00:00,17,7.71,0.5707980000000001,7.139202,7.139202,1.8366988126601695,-7.139202
2025-12-02 18:00:00,18,7.71,6.590734949804227,1.1192650501957733,1.1192650501957733,0.28795274160145656,-1.1192650501957733
2025-12-02 19:00:00,19,7.71,6.3356737357747965,1.3743262642252034,1.3743262642252034,0.3535722084499245,-1.3743262642252034
2025-12-03 06:00:00,6,7.71,6.826888322983398,0.8831116770166023,0.8831116770166023,0.22719768520665543,-0.8831116770166023
2025-12-03 07:00:00,7,8.36,6.8592755694402525,1.500724430559747,1.500724430559747,0.3860905994450355,-1.500724430559747
2025-12-03 08:00:00,8,40.66,16.341363143730018,24.31863685626998,24.31863685626998,6.256443148607493,-24.31863685626998
2025-12-03 09:00:00,9,93.64,95.89756192853092,2.2575619285309187,2.2575619285309187,0.5808017918024369,2.2575619285309187
2025-12-03 10:00:00,10,129.23,138.0413167765128,8.811316776512797,8.811316776512797,2.2668829179218752,8.811316776512797
2025-12-03 11:00:00,11,150.21,161.66892425685214,11.458924256852129,11.458924256852129,2.94803152746247,11.458924256852129
2025-12-03 12:00:00,12,155.52,173.1536818283908,17.63368182839079,17.63368182839079,4.5366082199428694,17.63368182839079
2025-12-03 13:00:00,13,143.22,161.2464090897758,18.026409089775797,18.026409089775797,4.637644959719265,18.026409089775797
2025-12-03 14:00:00,14,113.65,129.86267141353306,16.21267141353306,16.21267141353306,4.171025604162152,16.21267141353306
2025-12-03 15:00:00,15,72.72999999999999,84.06906820305765,11.339068203057664,11.339068203057664,2.917196222382935,11.339068203057664
2025-12-03 16:00:00,16,26.400000000000002,29.600298241957912,3.20029824195791,3.20029824195791,0.8233390764349462,3.20029824195791
2025-12-03 17:00:00,17,7.74,0.5707980000000001,7.169202,7.169202,1.8444168971715487,-7.169202
2025-12-03 18:00:00,18,7.71,6.590734949804227,1.1192650501957733,1.1192650501957733,0.28795274160145656,-1.1192650501957733
2025-12-03 19:00:00,19,7.71,6.3356737357747965,1.3743262642252034,1.3743262642252034,0.3535722084499245,-1.3743262642252034
2025-12-04 06:00:00,6,7.71,6.826888322983398,0.8831116770166023,0.8831116770166023,0.22719768520665543,-0.8831116770166023
2025-12-04 07:00:00,7,8.31,6.8592755694402525,1.450724430559748,1.450724430559748,0.3732271252594043,-1.450724430559748
2025-12-04 08:00:00,8,37.78,15.284811323359493,22.49518867664051,22.49518867664051,5.787325576857485,-22.49518867664051
2025-12-04 09:00:00,9,85.31,91.33925839284599,6.029258392845989,6.029258392845989,1.551144193897524,6.029258392845989
2025-12-04 10:00:00,10,120.6,130.54011907583072,9.940119075830722,9.940119075830722,2.5572893026810264,9.940119075830722
2025-12-04 11:00:00,11,142.48,151.65038626077995,9.170386260779964,9.170386260779964,2.3592605387562493,9.170386260779964
2025-12-04 12:00:00,12,145.64000000000001,162.20923126902412,16.5692312690241,16.5692312690241,4.262757574096982,16.5692312690241
2025-12-04 13:00:00,13,132.60999999999999,151.00261965139288,18.39261965139289,18.39261965139289,4.731859761836607,18.39261965139289
2025-12-04 14:00:00,14,104.4,121.35106960401507,16.95106960401506,16.95106960401506,4.360992925401796,16.95106960401506
2025-12-04 15:00:00,15,64.51,76.5531691400697,12.043169140069693,12.043169140069693,3.0983399069295983,12.043169140069693
2025-12-04 16:00:00,16,23.79,27.956382156749235,4.166382156749236,4.166382156749236,1.0718829864163864,4.166382156749236
2025-12-04 17:00:00,17,7.72,0.5707980000000001,7.149202,7.149202,1.8392715074972958,-7.149202
2025-12-04 18:00:00,18,7.72,6.590734949804227,1.129265050195773,1.129265050195773,0.2905254364385828,-1.129265050195773
2025-12-04 19:00:00,19,7.72,6.3356737357747965,1.3843262642252032,1.3843262642252032,0.35614490328705073,-1.3843262642252032
2025-12-05 06:00:00,6,7.72,6.826888322983398,0.8931116770166021,0.8931116770166021,0.22977038004378167,-0.8931116770166021
2025-12-05 07:00:00,7,8.28,6.8592755694402525,1.4207244305597468,1.4207244305597468,0.36550904074802515,-1.4207244305597468
2025-12-05 08:00:00,8,39.870000000000005,17.098451159445148,22.771548840554857,22.771548840554857,5.858424613546467,-22.771548840554857
2025-12-05 09:00:00,9,87.60999999999999,89.55469187674612,1.944691876746134,1.944691876746134,0.5003098751106219,1.944691876746134
2025-12-05 10:00:00,10,122.0,130.14652202302617,8.146522023026165,8.146522023026165,2.0958515149175048,8.146522023026165
2025-12-05 11:00:00,11,142.92,153.91025179885807,10.990251798858083,10.990251798858083,2.827456406164013,10.990251798858083
2025-12-05 12:00:00,12,147.97,161.07316980979792,13.103169809797919,13.103169809797919,3.3710457319656197,13.103169809797919
2025-12-05 13:00:00,13,136.16,150.25227755227812,14.09227755227812,14.09227755227812,3.6255129702096656,14.09227755227812
2025-12-05 14:00:00,14,109.32000000000002,120.83935931565469,11.519359315654668,11.519359315654668,2.963579623838742,11.519359315654668
2025-12-05 15:00:00,15,68.04,75.28854128917283,7.24854128917282,7.24854128917282,1.864828475135167,7.24854128917282
2025-12-05 16:00:00,16,24.77,28.374538506597435,3.604538506597436,3.604538506597436,0.9273377606146138,3.604538506597436
2025-12-05 17:00:00,17,7.72,0.5707980000000001,7.149202,7.149202,1.8392715074972958,-7.149202
2025-12-05 18:00:00,18,7.71,6.590734949804227,1.1192650501957733,1.1192650501957733,0.28795274160145656,-1.1192650501957733
2025-12-05 19:00:00,19,7.71,6.3356737357747965,1.3743262642252034,1.3743262642252034,0.3535722084499245,-1.3743262642252034
2025-12-06 06:00:00,6,7.71,6.826888322983398,0.8831116770166023,0.8831116770166023,0.22719768520665543,-0.8831116770166023
2025-12-06 07:00:00,7,8.02,6.8592755694402525,1.160724430559747,1.160724430559747,0.2986189749827416,-1.160724430559747
2025-12-06 08:00:00,8,31.800000000000004,16.858949431746968,14.941050568253036,14.941050568253036,3.8438763658187436,-14.941050568253036
2025-12-06 09:00:00,9,75.47,85.47305373766827,10.003053737668267,10.003053737668267,2.5734804706396006,10.003053737668267
2025-12-06 10:00:00,10,113.17,127.82390134049051,14.653901340490506,14.653901340490506,3.7700016322437966,14.653901340490506
2025-12-06 11:00:00,11,134.13,150.92435206114752,16.79435206114752,16.79435206114752,4.320674284059552,16.79435206114752
2025-12-06 12:00:00,12,138.33,155.45553543559308,17.125535435593065,17.125535435593065,4.405877659817364,17.125535435593065
2025-12-06 13:00:00,13,127.29,145.63911923428708,18.349119234287073,18.349119234287073,4.7206684319865095,18.349119234287073
2025-12-06 14:00:00,14,101.67000000000002,118.28430953892607,16.61430953892605,16.61430953892605,4.274354837321315,16.61430953892605
2025-12-06 15:00:00,15,64.46,72.53374620476555,8.073746204765555,8.073746204765555,2.0771285177268335,8.073746204765555
2025-12-06 16:00:00,16,27.39,27.89400463718874,0.5040046371887392,0.5040046371887392,0.12966501279831794,0.5040046371887392
2025-12-06 17:00:00,17,12.16,0.5707980000000001,11.589202,11.589202,2.9815480151813696,-11.589202
2025-12-06 18:00:00,18,12.09,6.590734949804227,5.499265050195773,5.499265050195773,1.4147930802627722,-5.499265050195773
2025-12-06 19:00:00,19,7.72,6.3356737357747965,1.3843262642252032,1.3843262642252032,0.35614490328705073,-1.3843262642252032
2025-12-07 06:00:00,6,7.72,6.826888322983398,0.8931116770166021,0.8931116770166021,0.22977038004378167,-0.8931116770166021
2025-12-07 07:00:00,7,13.260000000000002,6.8592755694402525,6.400724430559749,6.400724430559749,1.6467110696369192,-6.400724430559749
2025-12-07 08:00:00,8,32.120000000000005,11.22325370474832,20.896746295251685,20.896746295251685,5.376095130653198,-20.896746295251685
2025-12-07 09:00:00,9,72.67,53.55330936312503,19.11669063687497,19.11669063687497,4.918141130442876,-19.11669063687497
2025-12-07 10:00:00,10,83.07,72.31464612581235,10.755353874187648,10.755353874187648,2.767024338358882,-10.755353874187648
2025-12-07 11:00:00,11,104.25,99.28873597913608,4.961264020863922,4.961264020863922,1.2763818332097039,-4.961264020863922
2025-12-07 12:00:00,12,109.23,99.78601175613414,9.44398824386586,9.44398824386586,2.4296499796875093,-9.44398824386586
2025-12-07 13:00:00,13,96.74000000000001,103.98282574539995,7.242825745399941,7.242825745399941,1.8633580401395813,7.242825745399941
2025-12-07 14:00:00,14,82.16000000000001,87.32993420300312,5.169934203003109,5.169934203003109,1.330066303234873,5.169934203003109
2025-12-07 15:00:00,15,45.11,48.160911160432036,3.0509111604320367,3.0509111604320367,0.7849063390974483,3.0509111604320367
2025-12-07 16:00:00,16,22.360000000000003,22.10174858387826,0.2582514161217446,0.2582514161217446,0.0664402084936966,-0.2582514161217446
2025-12-07 17:00:00,17,12.1,0.5707980000000001,11.529202,11.529202,2.966111846158612,-11.529202
2025-12-07 18:00:00,18,12.09,6.590734949804227,5.499265050195773,5.499265050195773,1.4147930802627722,-5.499265050195773
2025-12-07 19:00:00,19,7.72,6.3356737357747965,1.3843262642252032,1.3843262642252032,0.35614490328705073,-1.3843262642252032
2025-12-08 06:00:00,6,7.72,6.826888322983398,0.8931116770166021,0.8931116770166021,0.22977038004378167,-0.8931116770166021
2025-12-08 07:00:00,7,12.26,6.8592755694402525,5.400724430559747,5.400724430559747,1.3894415859242895,-5.400724430559747
2025-12-08 08:00:00,8,35.05,16.691615805980028,18.35838419401997,18.35838419401997,4.723052023393609,-18.35838419401997
2025-12-08 09:00:00,9,78.60000000000001,83.15536752585285,4.555367525852844,4.555367525852844,1.1719570514974382,4.555367525852844
2025-12-08 10:00:00,10,114.95,125.6120908658854,10.662090865885403,10.662090865885403,2.743030612363477,10.662090865885403
2025-12-08 11:00:00,11,136.26,147.38224094879268,11.122240948792694,11.122240948792694,2.861413186623359,11.122240948792694
2025-12-08 12:00:00,12,142.57,154.93066573211365,12.36066573211366,12.36066573211366,3.180022091245269,12.36066573211366
2025-12-08 13:00:00,13,131.26999999999998,143.12903499804136,11.85903499804138,11.85903499804138,3.0509678112761063,11.85903499804138
2025-12-08 14:00:00,14,104.86,117.47673188546067,12.616731885460666,12.616731885460666,3.245900098313132,12.616731885460666
2025-12-08 15:00:00,15,67.34,70.41147006943562,3.0714700694356196,3.0714700694356196,0.7901955190024951,3.0714700694356196
2025-12-08 16:00:00,16,27.28,27.392453718508218,0.11245371850821684,0.11245371850821684,0.02893091010217428,0.11245371850821684
2025-12-08 17:00:00,17,12.11,0.5707980000000001,11.539202,11.539202,2.9686845409957376,-11.539202
2025-12-08 18:00:00,18,12.09,6.590734949804227,5.499265050195773,5.499265050195773,1.4147930802627722,-5.499265050195773
2025-12-08 19:00:00,19,7.72,6.3356737357747965,1.3843262642252032,1.3843262642252032,0.35614490328705073,-1.3843262642252032
2025-12-09 06:00:00,6,7.72,6.826888322983398,0.8931116770166021,0.8931116770166021,0.22977038004378167,-0.8931116770166021
2025-12-09 07:00:00,7,12.27,6.8592755694402525,5.410724430559747,5.410724430559747,1.3920142807614155,-5.410724430559747
2025-12-09 08:00:00,8,33.92,15.379351621184856,18.540648378815145,18.540648378815145,4.769943036115168,-18.540648378815145
2025-12-09 09:00:00,9,80.74000000000001,76.59142345067967,4.148576549320339,4.148576549320339,1.0673021469859643,-4.148576549320339
2025-12-09 10:00:00,10,104.86,120.03969633024931,15.179696330249314,15.179696330249314,3.9052726377977325,15.179696330249314
2025-12-09 11:00:00,11,119.19000000000001,136.38570039915376,17.19570039915375,17.19570039915375,4.423928963767336,17.19570039915375
2025-12-09 12:00:00,12,127.32000000000001,148.48412337855083,21.164123378550826,21.164123378550826,5.444883094830156,21.164123378550826
2025-12-09 13:00:00,13,116.13000000000001,128.1096657507613,11.9796657507613,11.9796657507613,3.082002422748226,11.9796657507613
2025-12-09 14:00:00,14,84.17000000000002,106.9687240031245,22.79872400312449,22.79872400312449,5.8654159535905634,22.79872400312449
2025-12-09 15:00:00,15,53.35999999999999,59.93882725339643,6.57882725339644,6.57882725339644,1.6925314909158762,6.57882725339644
2025-12-09 16:00:00,16,27.110000000000003,23.021649876647277,4.0883501233527255,4.0883501233527255,1.0518077254714195,-4.0883501233527255
2025-12-09 17:00:00,17,12.12,0.5707980000000001,11.549202,11.549202,2.971257235832864,-11.549202
2025-12-09 18:00:00,18,0.98,6.590734949804227,5.610734949804227,5.610734949804227,1.4434708837845378,5.610734949804227
2025-12-09 19:00:00,19,0.98,6.3356737357747965,5.355673735774797,5.355673735774797,1.37785141693607,5.355673735774797
2025-12-10 06:00:00,6,7.71,6.826888322983398,0.8831116770166023,0.8831116770166023,0.22719768520665543,-0.8831116770166023
2025-12-10 07:00:00,7,7.829999999999999,6.8592755694402525,0.9707244305597467,0.9707244305597467,0.249737773077342,-0.9707244305597467
2025-12-10 08:00:00,8,28.81,11.282789024388935,17.527210975611062,17.527210975611062,4.5092165186177855,-17.527210975611062
2025-12-10 09:00:00,9,66.78,70.50309799240281,3.7230979924028134,3.7230979924028134,0.957839498316998,3.7230979924028134
2025-12-10 10:00:00,10,73.93,112.00818646351398,38.07818646351397,38.07818646351397,9.796355372181464,38.07818646351397
2025-12-10 11:00:00,11,95.42999999999999,131.56731399185492,36.137313991854924,36.137313991854924,9.297028113445686,36.137313991854924
2025-12-10 12:00:00,12,93.13000000000001,133.57230287153362,40.44230287153361,40.44230287153361,10.404570379909233,40.44230287153361
2025-12-10 13:00:00,13,79.38,121.72732733714359,42.3473273371436,42.3473273371436,10.89467504063664,42.3473273371436
2025-12-10 14:00:00,14,87.28,94.0944544289509,6.814454428950896,6.814454428950896,1.7531511727194364,6.814454428950896
2025-12-10 15:00:00,15,48.599999999999994,54.60140240846722,6.001402408467229,6.001402408467229,1.5439776991780931,6.001402408467229
2025-12-10 16:00:00,16,19.87,22.28852926746264,2.418529267462638,2.418529267462638,0.6222137759839962,2.418529267462638
2025-12-10 17:00:00,17,7.66,0.5707980000000001,7.089202,7.089202,1.8238353384745383,-7.089202
2025-12-10 18:00:00,18,0.91,6.590734949804227,5.6807349498042266,5.6807349498042266,1.461479747644422,5.6807349498042266
2025-12-10 19:00:00,19,0.91,6.3356737357747965,5.425673735774796,5.425673735774796,1.395860280795954,5.425673735774796
2025-12-11 06:00:00,6,7.64,6.826888322983398,0.813111677016602,0.813111677016602,0.20918882134677128,-0.813111677016602
2025-12-11 07:00:00,7,7.66,6.8592755694402525,0.8007244305597476,0.8007244305597476,0.20600196084619524,-0.8007244305597476
2025-12-11 08:00:00,8,23.150000000000002,9.221397524963567,13.928602475036435,13.928602475036435,3.5834043675910725,-13.928602475036435
2025-12-11 09:00:00,9,36.29,60.88986798411546,24.599867984115463,24.599867984115463,6.328795335672222,24.599867984115463
2025-12-11 10:00:00,10,50.49,83.09723075479279,32.60723075479279,32.60723075479279,8.388845421584104,32.60723075479279
2025-12-11 11:00:00,11,53.6,96.22484902494938,42.62484902494938,42.62484902494938,10.966072901977492,42.62484902494938
2025-12-11 12:00:00,12,58.14,94.75799141196839,36.61799141196839,36.61799141196839,9.420691745150597,36.61799141196839
2025-12-11 13:00:00,13,50.2,73.39649325152907,23.196493251529063,23.196493251529063,5.967749842764369,23.196493251529063
2025-12-11 14:00:00,14,46.9,56.67155797910523,9.771557979105232,9.771557979105232,2.5139236763524253,9.771557979105232
2025-12-11 15:00:00,15,30.379999999999995,49.96342786140727,19.583427861407273,19.583427861407273,5.038218375227767,19.583427861407273
2025-12-11 16:00:00,16,12.93,21.64940579405846,8.71940579405846,8.71940579405846,2.2432370269183273,8.71940579405846
2025-12-11 17:00:00,17,7.8999999999999995,0.5707980000000001,7.3292019999999996,7.3292019999999996,1.8855800145655692,-7.3292019999999996
2025-12-11 18:00:00,18,1.17,6.590734949804227,5.420734949804227,5.420734949804227,1.3945896818791383,5.420734949804227
2025-12-11 19:00:00,19,1.17,6.3356737357747965,5.165673735774797,5.165673735774797,1.3289702150306704,5.165673735774797
2025-12-12 06:00:00,6,7.8999999999999995,6.826888322983398,1.0731116770166018,1.0731116770166018,0.2760788871120548,-1.0731116770166018
2025-12-12 07:00:00,7,7.8999999999999995,6.8592755694402525,1.040724430559747,1.040724430559747,0.2677466369372261,-1.040724430559747
2025-12-12 08:00:00,8,10.84,8.30429146996706,2.53570853003294,2.53570853003294,0.6523604243672843,-2.53570853003294
2025-12-12 09:00:00,9,21.790000000000003,18.813858459541382,2.9761415404586202,2.9761415404586202,0.7656703975694982,-2.9761415404586202
2025-12-12 10:00:00,10,47.690000000000005,46.1447232604706,1.545276739529406,1.545276739529406,0.39755254897186526,-1.545276739529406
2025-12-12 11:00:00,11,61.940000000000005,56.83062746397025,5.109372536029753,5.109372536029753,1.3144856344398612,-5.109372536029753
2025-12-12 12:00:00,12,55.72999999999999,58.91261633918108,3.182616339181088,3.182616339181088,0.8187900624364964,3.182616339181088
2025-12-12 13:00:00,13,37.550000000000004,52.501989615160184,14.95198961516018,14.95198961516018,3.8466906487688526,14.95198961516018
2025-12-12 14:00:00,14,30.060000000000002,42.737619586831684,12.677619586831682,12.677619586831682,3.261564645809302,12.677619586831682
2025-12-12 15:00:00,15,19.34,36.28540637857777,16.94540637857777,16.94540637857777,4.359535950317396,16.94540637857777
2025-12-12 16:00:00,16,10.36,9.65051941875245,0.7094805812475489,0.7094805812475489,0.18252770284169295,-0.7094805812475489
2025-12-12 17:00:00,17,7.92,0.5707980000000001,7.349202,7.349202,1.8907254042398218,-7.349202
2025-12-12 18:00:00,18,1.1800000000000002,6.590734949804227,5.410734949804226,5.410734949804226,1.3920169870420118,5.410734949804226
2025-12-12 19:00:00,19,1.1800000000000002,6.3356737357747965,5.155673735774796,5.155673735774796,1.3263975201935438,5.155673735774796
2025-12-13 06:00:00,6,7.91,6.826888322983398,1.0831116770166025,1.0831116770166025,0.27865158194918127,-1.0831116770166025
2025-12-13 07:00:00,7,7.91,6.8592755694402525,1.0507244305597476,1.0507244305597476,0.2703193317743525,-1.0507244305597476
2025-12-13 08:00:00,8,8.379999999999999,8.369614942827772,0.010385057172227263,0.010385057172227263,0.002671758297025045,-0.010385057172227263
2025-12-13 09:00:00,9,11.9,18.125531258929367,6.225531258929367,6.225531258929367,1.6016392128215924,6.225531258929367
2025-12-13 10:00:00,10,15.100000000000003,45.26090255011883,30.160902550118827,30.160902550118827,7.759479827375991,30.160902550118827
2025-12-13 11:00:00,11,16.78,49.30818348376698,32.52818348376698,32.52818348376698,8.368508970978402,32.52818348376698
2025-12-13 12:00:00,12,21.369999999999997,53.58073072510252,32.21073072510252,32.21073072510252,8.286838063653647,32.21073072510252
2025-12-13 13:00:00,13,32.97,76.7790538825314,43.8090538825314,43.8090538825314,11.270732674297607,43.8090538825314
2025-12-13 14:00:00,14,23.35,75.07065527980869,51.72065527980869,51.72065527980869,13.30614628111525,51.72065527980869
2025-12-13 15:00:00,15,13.97,44.574376258660656,30.604376258660658,30.604376258660658,7.873572079412673,30.604376258660658
2025-12-13 16:00:00,16,9.96,18.017241725705784,8.057241725705783,8.057241725705783,2.07288241892018,8.057241725705783
2025-12-13 17:00:00,17,7.42,0.5707980000000001,6.849202,6.849202,1.7620906623835073,-6.849202
2025-12-13 18:00:00,18,0.69,6.590734949804227,5.900734949804226,5.900734949804226,1.5180790340612003,5.900734949804226
2025-12-13 19:00:00,19,0.69,6.3356737357747965,5.645673735774796,5.645673735774796,1.4524595672127323,5.645673735774796
2025-12-14 06:00:00,6,7.42,6.826888322983398,0.5931116770166023,0.5931116770166023,0.15258953492999291,-0.5931116770166023
2025-12-14 07:00:00,7,7.449999999999999,6.8592755694402525,0.5907244305597468,0.5907244305597468,0.15197536926654293,-0.5907244305597468
2025-12-14 08:00:00,8,28.859999999999996,14.156611930654716,14.70338806934528,14.70338806934528,3.7827330574268916,-14.70338806934528
2025-12-14 09:00:00,9,83.5,81.41650458349464,2.0834954165053574,2.0834954165053574,0.5360197901219625,-2.0834954165053574
2025-12-14 10:00:00,10,128.98000000000002,124.559857307051,4.420142692949014,4.420142692949014,1.1371678285511433,-4.420142692949014
2025-12-14 11:00:00,11,153.19,151.8657028792776,1.324297120722406,1.324297120722406,0.34070123653037476,-1.324297120722406
2025-12-14 12:00:00,12,160.58999999999997,161.888454912857,1.2984549128570109,1.2984549128570109,0.3340528250548501,1.2984549128570109
2025-12-14 13:00:00,13,150.13,150.49133124624083,0.36133124624083734,0.36133124624083734,0.09295950316962111,0.36133124624083734
2025-12-14 14:00:00,14,123.25,124.44644386784785,1.1964438678478473,1.1964438678478473,0.3078084961723568,1.1964438678478473
2025-12-14 15:00:00,15,82.65,78.97041484025036,3.6795851597496494,3.6795851597496494,0.9466449743254444,-3.6795851597496494
2025-12-14 16:00:00,16,32.900000000000006,28.939329452873423,3.9606705471265826,3.9606705471265826,1.0189596668150724,-3.9606705471265826
2025-12-14 17:00:00,17,11.940000000000001,0.5707980000000001,11.369202000000001,11.369202000000001,2.9249487287645914,-11.369202000000001
2025-12-14 18:00:00,18,5.140000000000001,6.590734949804227,1.4507349498042261,1.4507349498042261,0.3732298315400002,1.4507349498042261
2025-12-14 19:00:00,19,0.7,6.3356737357747965,5.635673735774796,5.635673735774796,1.449886872375606,5.635673735774796
2025-12-15 06:00:00,6,7.43,6.826888322983398,0.6031116770166021,0.6031116770166021,0.15516222976711916,-0.6031116770166021
2025-12-15 07:00:00,7,11.940000000000001,6.8592755694402525,5.080724430559749,5.080724430559749,1.3071153511362483,-5.080724430559749
2025-12-15 08:00:00,8,37.52,15.742350331193176,21.777649668806827,21.777649668806827,5.602724686768442,-21.777649668806827
2025-12-15 09:00:00,9,93.27000000000001,78.27983437233469,14.99016562766532,14.99016562766532,3.8565121717962567,-14.99016562766532
2025-12-15 10:00:00,10,132.68,121.68905556915514,10.990944430844863,10.990944430844863,2.827634599237655,-10.990944430844863
2025-12-15 11:00:00,11,153.42000000000002,139.11733130170185,14.302668698298163,14.302668698298163,3.6796401917239505,-14.302668698298163
2025-12-15 12:00:00,12,161.65,138.20078743398855,23.449212566011454,23.449212566011454,6.032766810325462,-23.449212566011454
2025-12-15 13:00:00,13,149.46,133.7838967500422,15.676103249957805,15.676103249957805,4.0329829897425125,-15.676103249957805
2025-12-15 14:00:00,14,119.45,110.19096860759666,9.259031392403344,9.259031392403344,2.3820662260026344,-9.259031392403344
2025-12-15 15:00:00,15,78.30000000000001,71.60266360374821,6.697336396251799,6.697336396251799,1.723020276913501,-6.697336396251799
2025-12-15 16:00:00,16,29.400000000000002,28.58742370411128,0.8125762958887215,0.8125762958887215,0.20905108412041196,-0.8125762958887215
2025-12-15 17:00:00,17,9.129999999999999,0.5707980000000001,8.559201999999999,8.559201999999999,2.2020214795321027,-8.559201999999999
2025-12-15 18:00:00,18,2.3499999999999996,6.590734949804227,4.240734949804227,4.240734949804227,1.091011691098236,4.240734949804227
2025-12-15 19:00:00,19,0.7,6.3356737357747965,5.635673735774796,5.635673735774796,1.449886872375606,5.635673735774796
2025-12-16 06:00:00,6,7.43,6.826888322983398,0.6031116770166021,0.6031116770166021,0.15516222976711916,-0.6031116770166021
2025-12-16 07:00:00,7,9.12,6.8592755694402525,2.2607244305597467,2.2607244305597467,0.5816154070666336,-2.2607244305597467
2025-12-16 08:00:00,8,28.71,15.599453269148706,13.110546730851295,13.110546730851295,3.372943588636411,-13.110546730851295
2025-12-16 09:00:00,9,70.59,72.15276391973761,1.5627639197376055,1.5627639197376055,0.40205146679561843,1.5627639197376055
2025-12-16 10:00:00,10,105.25999999999999,111.24514311101511,5.98514311101512,5.98514311101512,1.539794678117059,5.98514311101512
2025-12-16 11:00:00,11,126.46,138.428830018521,11.968830018521018,11.968830018521018,3.07921471950912,11.968830018521018
2025-12-16 12:00:00,12,137.62,144.3531388445208,6.733138844520795,6.733138844520795,1.7322311542953135,6.733138844520795
2025-12-16 13:00:00,13,128.23000000000002,136.64960130664642,8.419601306646399,8.419601306646399,2.166106481227097,8.419601306646399
2025-12-16 14:00:00,14,103.39999999999999,110.16112255925103,6.761122559251035,6.761122559251035,1.7394305101363239,6.761122559251035
2025-12-16 15:00:00,15,66.18,70.02599414198535,3.8459941419853436,3.8459941419853436,0.9894569272703655,3.8459941419853436
2025-12-16 16:00:00,16,25.08,28.0533444484011,2.9733444484011002,2.9733444484011002,0.7649507911399632,2.9733444484011002
2025-12-16 17:00:00,17,7.46,0.5707980000000001,6.889202,6.889202,1.7723814417320123,-6.889202
2025-12-16 18:00:00,18,0.69,6.590734949804227,5.900734949804226,5.900734949804226,1.5180790340612003,5.900734949804226
2025-12-16 19:00:00,19,0.69,6.3356737357747965,5.645673735774796,5.645673735774796,1.4524595672127323,5.645673735774796
2025-12-17 06:00:00,6,7.42,6.826888322983398,0.5931116770166023,0.5931116770166023,0.15258953492999291,-0.5931116770166023
2025-12-17 07:00:00,7,7.43,6.8592755694402525,0.5707244305597472,0.5707244305597472,0.14682997959229044,-0.5707244305597472
2025-12-17 08:00:00,8,29.22,13.626145982005859,15.59385401799414,15.59385401799414,4.01182277229946,-15.59385401799414
2025-12-17 09:00:00,9,79.47999999999999,75.0670890899107,4.412910910089295,4.412910910089295,1.1353073115085015,-4.412910910089295
2025-12-17 10:00:00,10,120.25,119.86569131225875,0.38430868774125315,0.38430868774125315,0.09887089768147023,-0.38430868774125315
2025-12-17 11:00:00,11,146.99999999999997,147.99022881968756,0.9902288196875872,0.9902288196875872,0.25475565719839177,0.9902288196875872
2025-12-17 12:00:00,12,155.65999999999997,153.122285097402,2.537714902597969,2.537714902597969,0.6528766028012245,-2.537714902597969
2025-12-17 13:00:00,13,145.48,146.22731936188796,0.7473193618879748,0.7473193618879748,0.19226246640137074,0.7473193618879748
2025-12-17 14:00:00,14,118.62,121.15044365850453,2.530443658504524,2.530443658504524,0.6510059335873554,2.530443658504524
2025-12-17 15:00:00,15,77.14999999999999,76.50208530326458,0.6479146967354126,0.6479146967354126,0.16668867951894428,-0.6479146967354126
2025-12-17 16:00:00,16,28.709999999999997,29.486956016094126,0.7769560160941289,0.7769560160941289,0.19988707312795775,0.7769560160941289
2025-12-17 17:00:00,17,7.47,0.5707980000000001,6.899202,6.899202,1.7749541365691384,-6.899202
2025-12-17 18:00:00,18,0.69,6.590734949804227,5.900734949804226,5.900734949804226,1.5180790340612003,5.900734949804226
2025-12-17 19:00:00,19,0.69,6.3356737357747965,5.645673735774796,5.645673735774796,1.4524595672127323,5.645673735774796
2025-12-18 06:00:00,6,7.42,6.826888322983398,0.5931116770166023,0.5931116770166023,0.15258953492999291,-0.5931116770166023
2025-12-18 07:00:00,7,7.4399999999999995,6.8592755694402525,0.580724430559747,0.580724430559747,0.14940267442941668,-0.580724430559747
2025-12-18 08:00:00,8,29.66,13.078927311391478,16.581072688608522,16.581072688608522,4.265804009999891,-16.581072688608522
2025-12-18 09:00:00,9,85.96000000000001,72.47678909534235,13.483210904657653,13.483210904657653,3.4688187082297666,-13.483210904657653
2025-12-18 10:00:00,10,125.81,118.20125863198498,7.608741368015018,7.608741368015018,1.9574969634521475,-7.608741368015018
2025-12-18 11:00:00,11,147.18,146.27184733233483,0.9081526676651777,0.9081526676651777,0.23363996794246716,-0.9081526676651777
2025-12-18 12:00:00,12,149.57000000000002,148.89575529894006,0.6742447010599619,0.6742447010599619,0.1734625861376724,-0.6742447010599619
2025-12-18 13:00:00,13,135.34,137.14956287153174,1.809562871531739,1.809562871531739,0.4655453057045132,1.809562871531739
2025-12-18 14:00:00,14,115.77,104.12710869050794,11.642891309492057,11.642891309492057,2.9953606361152785,-11.642891309492057
2025-12-18 15:00:00,15,75.25,67.62436472076243,7.625635279237571,7.625635279237571,1.9618432512702608,-7.625635279237571
2025-12-18 16:00:00,16,27.64,28.13511816859757,0.4951181685975712,0.4951181685975712,0.12737879561183962,0.4951181685975712
2025-12-18 17:00:00,17,7.469999999999999,0.5707980000000001,6.899201999999999,6.899201999999999,1.7749541365691384,-6.899201999999999
2025-12-18 18:00:00,18,0.7,6.590734949804227,5.8907349498042265,5.8907349498042265,1.5155063392240737,5.8907349498042265
2025-12-18 19:00:00,19,0.7,6.3356737357747965,5.635673735774796,5.635673735774796,1.449886872375606,5.635673735774796
2025-12-19 06:00:00,6,7.43,6.826888322983398,0.6031116770166021,0.6031116770166021,0.15516222976711916,-0.6031116770166021
2025-12-19 07:00:00,7,7.43,6.8592755694402525,0.5707244305597472,0.5707244305597472,0.14682997959229044,-0.5707244305597472
2025-12-19 08:00:00,8,25.93,10.891614211791886,15.038385788208114,15.038385788208114,3.868917747603642,-15.038385788208114
2025-12-19 09:00:00,9,68.74,65.30777275629718,3.432227243702812,3.432227243702812,0.8830073309718427,-3.432227243702812
2025-12-19 10:00:00,10,102.8,109.6841251584952,6.884125158495209,6.884125158495209,1.7710753253391838,6.884125158495209
2025-12-19 11:00:00,11,120.61999999999999,134.51184168886093,13.891841688860936,13.891841688860936,3.5739469391108316,13.891841688860936
2025-12-19 12:00:00,12,103.80000000000001,138.41989541225485,34.619895412254834,34.619895412254834,8.90664261889602,34.619895412254834
2025-12-19 13:00:00,13,83.92,123.61073630619188,39.69073630619188,39.69073630619188,10.21121523766809,39.69073630619188
2025-12-19 14:00:00,14,69.96000000000001,97.20833556127326,27.24833556127325,27.24833556127325,7.0101652218772434,27.24833556127325
2025-12-19 15:00:00,15,45.81000000000001,56.29963600186628,10.489636001866273,10.489636001866273,2.698663238533544,10.489636001866273
2025-12-19 16:00:00,16,21.42,22.124248423121976,0.7042484231219746,0.7042484231219746,0.1811816282220236,0.7042484231219746
2025-12-19 17:00:00,17,7.42,0.5707980000000001,6.849202,6.849202,1.7620906623835073,-6.849202
2025-12-19 18:00:00,18,0.69,6.590734949804227,5.900734949804226,5.900734949804226,1.5180790340612003,5.900734949804226
2025-12-19 19:00:00,19,0.69,6.3356737357747965,5.645673735774796,5.645673735774796,1.4524595672127323,5.645673735774796
2025-12-20 06:00:00,6,7.42,6.826888322983398,0.5931116770166023,0.5931116770166023,0.15258953492999291,-0.5931116770166023
2025-12-20 07:00:00,7,7.42,6.8592755694402525,0.5607244305597474,0.5607244305597474,0.1442572847551642,-0.5607244305597474
2025-12-20 08:00:00,8,15.170000000000002,8.383442229460286,6.786557770539716,6.786557770539716,1.7459742138126844,-6.786557770539716
2025-12-20 09:00:00,9,25.64,41.68879391046294,16.04879391046294,16.04879391046294,4.128864923555188,16.04879391046294
2025-12-20 10:00:00,10,43.879999999999995,63.41622488593262,19.536224885932626,19.536224885932626,5.026074490097705,19.536224885932626
2025-12-20 11:00:00,11,83.37999999999998,97.29331447169287,13.913314471692885,13.913314471692885,3.5794712308638807,13.913314471692885
2025-12-20 12:00:00,12,111.81,117.59209236562961,5.782092365629609,5.782092365629609,1.487555917684264,5.782092365629609
2025-12-20 13:00:00,13,124.32999999999998,106.65661182313741,17.673388176862574,17.673388176862574,4.546823451714318,-17.673388176862574
2025-12-20 14:00:00,14,72.03999999999999,78.30713552881365,6.267135528813654,6.267135528813654,1.612342721854964,6.267135528813654
2025-12-20 15:00:00,15,47.830000000000005,60.10720061210987,12.277200612109866,12.277200612109866,3.1585490629138797,12.277200612109866
2025-12-20 16:00:00,16,19.300000000000004,23.85552601098791,4.555526010987904,4.555526010987904,1.1719978248863112,4.555526010987904
2025-12-20 17:00:00,17,7.43,0.5707980000000001,6.859202,6.859202,1.7646633572206332,-6.859202
2025-12-20 18:00:00,18,0.7,6.590734949804227,5.8907349498042265,5.8907349498042265,1.5155063392240737,5.8907349498042265
2025-12-20 19:00:00,19,0.7,6.3356737357747965,5.635673735774796,5.635673735774796,1.449886872375606,5.635673735774796
2025-12-21 06:00:00,6,7.43,6.826888322983398,0.6031116770166021,0.6031116770166021,0.15516222976711916,-0.6031116770166021
2025-12-21 07:00:00,7,7.43,6.8592755694402525,0.5707244305597472,0.5707244305597472,0.14682997959229044,-0.5707244305597472
2025-12-21 08:00:00,8,28.94,12.872039496509167,16.067960503490834,16.067960503490834,4.1337959030480045,-16.067960503490834
2025-12-21 09:00:00,9,82.24000000000001,75.6100320890976,6.629967910902408,6.629967910902408,1.7056884214691612,-6.629967910902408
2025-12-21 10:00:00,10,124.36999999999998,123.47709498059709,0.8929050194028889,0.8929050194028889,0.22971721334619638,-0.8929050194028889
2025-12-21 11:00:00,11,147.88,152.2852468323164,4.405246832316408,4.405246832316408,1.1333355781767374,4.405246832316408
2025-12-21 12:00:00,12,155.53,162.44178653454367,6.9117865345436655,6.9117865345436655,1.7781917532739513,6.9117865345436655
2025-12-21 13:00:00,13,141.51,152.437625234528,10.927625234528023,10.927625234528023,2.8113445022921226,10.927625234528023
2025-12-21 14:00:00,14,111.44,124.52961540636817,13.089615406368168,13.089615406368168,3.3675585975932156,13.089615406368168
2025-12-21 15:00:00,15,77.61,77.5659140871253,0.04408591287470642,0.04408591287470642,0.011341960044275673,-0.04408591287470642
2025-12-21 16:00:00,16,28.119999999999997,29.57942542608761,1.4594254260876127,1.4594254260876127,0.375465625886644,1.4594254260876127
2025-12-21 17:00:00,17,7.4799999999999995,0.5707980000000001,6.909202,6.909202,1.7775268314062647,-6.909202
2025-12-21 18:00:00,18,0.69,6.590734949804227,5.900734949804226,5.900734949804226,1.5180790340612003,5.900734949804226
2025-12-21 19:00:00,19,0.69,6.3356737357747965,5.645673735774796,5.645673735774796,1.4524595672127323,5.645673735774796
2025-12-22 06:00:00,6,7.42,6.826888322983398,0.5931116770166023,0.5931116770166023,0.15258953492999291,-0.5931116770166023
2025-12-22 07:00:00,7,7.42,6.8592755694402525,0.5607244305597474,0.5607244305597474,0.1442572847551642,-0.5607244305597474
2025-12-22 08:00:00,8,26.93,10.822204336142496,16.1077956638575,16.1077956638575,4.144044274189147,-16.1077956638575
2025-12-22 09:00:00,9,51.39,49.4959764860663,1.8940235139337034,1.8940235139337034,0.4872744515693036,-1.8940235139337034
2025-12-22 10:00:00,10,47.739999999999995,58.518695112348375,10.77869511234838,10.77869511234838,2.7730293266497075,10.77869511234838
2025-12-22 11:00:00,11,65.56,62.380642128884084,3.1793578711159185,3.1793578711159185,0.8179517580396761,-3.1793578711159185
2025-12-22 12:00:00,12,99.21000000000001,62.29170891065124,36.91829108934877,36.91829108934877,9.497949688109317,-36.91829108934877
2025-12-22 13:00:00,13,113.38999999999999,74.45870824909989,38.9312917509001,38.9312917509001,10.015833329019808,-38.9312917509001
2025-12-22 14:00:00,14,58.03,78.42716635100842,20.397166351008423,20.397166351008423,5.247568456324549,20.397166351008423
2025-12-22 15:00:00,15,39.46,43.782929200743105,4.322929200743104,4.322929200743104,1.112157763601427,4.322929200743104
2025-12-22 16:00:00,16,14.680000000000001,20.246335187416015,5.566335187416014,5.566335187416014,1.4320481798379587,5.566335187416014
2025-12-22 17:00:00,17,7.42,0.5707980000000001,6.849202,6.849202,1.7620906623835073,-6.849202
2025-12-22 18:00:00,18,0.69,6.590734949804227,5.900734949804226,5.900734949804226,1.5180790340612003,5.900734949804226
2025-12-22 19:00:00,19,0.69,6.3356737357747965,5.645673735774796,5.645673735774796,1.4524595672127323,5.645673735774796
2025-12-23 06:00:00,6,7.42,6.826888322983398,0.5931116770166023,0.5931116770166023,0.15258953492999291,-0.5931116770166023
2025-12-23 07:00:00,7,7.42,6.8592755694402525,0.5607244305597474,0.5607244305597474,0.1442572847551642,-0.5607244305597474
2025-12-23 08:00:00,8,8.77,7.314992456393043,1.455007543606957,1.455007543606957,0.3743290395417426,-1.455007543606957
2025-12-23 09:00:00,9,12.209999999999999,12.179244073185783,0.030755926814215684,0.030755926814215684,0.007912561412596678,-0.030755926814215684
2025-12-23 10:00:00,10,16.54,12.701591662304802,3.8384083376951974,3.8384083376951974,0.9875053313170946,-3.8384083376951974
2025-12-23 11:00:00,11,20.370000000000005,17.45132758173426,2.918672418265743,2.918672418265743,0.7508853461735185,-2.918672418265743
2025-12-23 12:00:00,12,24.82,22.46910799977578,2.3508920002242206,2.3508920002242206,0.6048127711618353,-2.3508920002242206
2025-12-23 13:00:00,13,37.58,35.44494189352337,2.1350581064766274,2.1350581064766274,0.5492852967497056,-2.1350581064766274
2025-12-23 14:00:00,14,24.169999999999998,51.7791699831512,27.6091699831512,27.6091699831512,7.102996907299527,27.6091699831512
2025-12-23 15:00:00,15,18.1,16.072370164422818,2.0276298355771836,2.0276298355771836,0.5216472809592653,-2.0276298355771836
2025-12-23 16:00:00,16,10.57,8.10302388663171,2.4669761133682897,2.4669761133682897,0.6346776710176485,-2.4669761133682897
2025-12-23 17:00:00,17,7.43,0.5707980000000001,6.859202,6.859202,1.7646633572206332,-6.859202
2025-12-23 18:00:00,18,0.7,6.590734949804227,5.8907349498042265,5.8907349498042265,1.5155063392240737,5.8907349498042265
2025-12-23 19:00:00,19,0.7,6.3356737357747965,5.635673735774796,5.635673735774796,1.449886872375606,5.635673735774796
2025-12-24 06:00:00,6,7.43,6.826888322983398,0.6031116770166021,0.6031116770166021,0.15516222976711916,-0.6031116770166021
2025-12-24 07:00:00,7,7.43,6.8592755694402525,0.5707244305597472,0.5707244305597472,0.14682997959229044,-0.5707244305597472
2025-12-24 08:00:00,8,17.389999999999997,8.611733808637755,8.778266191362242,8.778266191362242,2.2583800109437915,-8.778266191362242
2025-12-24 09:00:00,9,40.230000000000004,54.28134904454552,14.051349044545518,14.051349044545518,3.6149833141561705,14.051349044545518
2025-12-24 10:00:00,10,57.46,88.4600584590184,31.000058459018398,31.000058459018398,7.975369034812986,31.000058459018398
2025-12-24 11:00:00,11,81.66000000000001,118.16256768916764,36.502567689167634,36.502567689167634,9.390996743577457,36.502567689167634
2025-12-24 12:00:00,12,95.44,120.67581086127382,25.23581086127382,25.23581086127382,6.492404031349475,25.23581086127382
2025-12-24 13:00:00,13,93.42999999999999,120.78653123719324,27.356531237193252,27.356531237193252,7.03800066756112,27.356531237193252
2025-12-24 14:00:00,14,72.44999999999999,98.47404961122345,26.02404961122346,26.02404961122346,6.695193807591308,26.02404961122346
2025-12-24 15:00:00,15,61.26,60.02150366010812,1.2384963398918813,1.2384963398918813,0.3186273139439652,-1.2384963398918813
2025-12-24 16:00:00,16,27.17,26.91100773427224,0.25899226572776257,0.25899226572776257,0.06663080648934554,-0.25899226572776257
2025-12-24 17:00:00,17,7.45,0.5707980000000001,6.879202,6.879202,1.769808746894886,-6.879202
2025-12-24 18:00:00,18,0.7,6.590734949804227,5.8907349498042265,5.8907349498042265,1.5155063392240737,5.8907349498042265
2025-12-24 19:00:00,19,0.7,6.3356737357747965,5.635673735774796,5.635673735774796,1.449886872375606,5.635673735774796
2025-12-25 06:00:00,6,7.43,6.826888322983398,0.6031116770166021,0.6031116770166021,0.15516222976711916,-0.6031116770166021
2025-12-25 07:00:00,7,7.43,6.8592755694402525,0.5707244305597472,0.5707244305597472,0.14682997959229044,-0.5707244305597472
2025-12-25 08:00:00,8,30.689999999999998,13.655812255055723,17.034187744944276,17.034187744944276,4.3823766866058085,-17.034187744944276
2025-12-25 09:00:00,9,89.89,79.64971262670073,10.240287373299267,10.240287373299267,2.6345134455976584,-10.240287373299267
2025-12-25 10:00:00,10,134.44,131.4676404252624,2.9723595747375953,2.9723595747375953,0.7646974132010311,-2.9723595747375953
2025-12-25 11:00:00,11,160.95,158.19493167903443,2.755068320965563,2.755068320965563,0.7087950045278305,-2.755068320965563
2025-12-25 12:00:00,12,170.02,172.62319254950413,2.603192549504115,2.603192549504115,0.6697220032154866,2.603192549504115
2025-12-25 13:00:00,13,160.72000000000003,159.41710504136663,1.3028949586334022,1.3028949586334022,0.3351951133394027,-1.3028949586334022
2025-12-25 14:00:00,14,134.28,131.49331641812276,2.7866835818772415,2.7866835818772415,0.7169286463800181,-2.7866835818772415
2025-12-25 15:00:00,15,91.78,92.4794262034774,0.699426203477401,0.699426203477401,0.17994101826371528,0.699426203477401
2025-12-25 16:00:00,16,34.739999999999995,37.26364407691724,2.5236440769172432,2.5236440769172432,0.6492566087429338,2.5236440769172432
2025-12-25 17:00:00,17,6.53,0.5707980000000001,5.959202,5.959202,1.5331208218792671,-5.959202
2025-12-25 18:00:00,18,0.7,6.590734949804227,5.8907349498042265,5.8907349498042265,1.5155063392240737,5.8907349498042265
2025-12-25 19:00:00,19,0.7,6.3356737357747965,5.635673735774796,5.635673735774796,1.449886872375606,5.635673735774796
2025-12-26 06:00:00,6,6.24,6.826888322983398,0.5868883229833974,0.5868883229833974,0.15098845585090942,0.5868883229833974
2025-12-26 07:00:00,7,6.24,6.8592755694402525,0.6192755694402523,0.6192755694402523,0.15932070602573814,0.6192755694402523
2025-12-26 08:00:00,8,31.34,8.886356347106503,22.453643652893497,22.453643652893497,5.776637310047263,-22.453643652893497
2025-12-26 09:00:00,9,87.02000000000001,71.58826928002746,15.431730719972549,15.431730719972549,3.9701133951196574,-15.431730719972549
2025-12-26 10:00:00,10,129.7,118.35598287532972,11.344017124670273,11.344017124670273,2.9184694288911452,-11.344017124670273
2025-12-26 11:00:00,11,154.26,147.15332221738538,7.106677782614611,7.106677782614611,1.8283313240452732,-7.106677782614611
2025-12-26 12:00:00,12,162.14,155.35007215908115,6.7899278409188355,6.7899278409188355,1.7468412300791956,-6.7899278409188355
2025-12-26 13:00:00,13,150.79,144.33070133894404,6.4592986610559535,6.4592986610559535,1.661780431675542,-6.4592986610559535
2025-12-26 14:00:00,14,122.46999999999998,119.66054453124372,2.809455468756269,2.809455468756269,0.7227871579605479,-2.809455468756269
2025-12-26 15:00:00,15,73.82,79.81332052171129,5.993320521711297,5.993320521711297,1.5418984763449706,5.993320521711297
2025-12-26 16:00:00,16,31.08,29.309536625367933,1.7704633746320653,1.7704633746320653,0.45548619832371057,-1.7704633746320653
2025-12-26 17:00:00,17,6.599999999999999,0.5707980000000001,6.029201999999999,6.029201999999999,1.551129685739151,-6.029201999999999
2025-12-26 18:00:00,18,0.7,6.590734949804227,5.8907349498042265,5.8907349498042265,1.5155063392240737,5.8907349498042265
2025-12-26 19:00:00,19,0.7,6.3356737357747965,5.635673735774796,5.635673735774796,1.449886872375606,5.635673735774796
2025-12-27 06:00:00,6,6.24,6.826888322983398,0.5868883229833974,0.5868883229833974,0.15098845585090942,0.5868883229833974
2025-12-27 07:00:00,7,6.24,6.8592755694402525,0.6192755694402523,0.6192755694402523,0.15932070602573814,0.6192755694402523
2025-12-27 08:00:00,8,26.919999999999998,12.817539234149596,14.102460765850402,14.102460765850402,3.628132800307942,-14.102460765850402
2025-12-27 09:00:00,9,73.14999999999999,68.81421718659686,4.335782813403128,4.335782813403128,1.1154646058943136,-4.335782813403128
2025-12-27 10:00:00,10,118.56,111.32885243295075,7.231147567049248,7.231147567049248,1.8603536012245947,-7.231147567049248
2025-12-27 11:00:00,11,143.21,137.94016138723916,5.26983861276085,5.26983861276085,1.3557686591538618,-5.26983861276085
2025-12-27 12:00:00,12,151.01,148.58371157589193,2.4262884241080656,2.4262884241080656,0.6242099702082107,-2.4262884241080656
2025-12-27 13:00:00,13,141.60999999999999,144.71725864628215,3.107258646282162,3.107258646282162,0.7994028276906148,3.107258646282162
2025-12-27 14:00:00,14,114.01,120.72570850215186,6.715708502151855,6.715708502151855,1.7277468591131222,6.715708502151855
2025-12-27 15:00:00,15,76.78999999999999,82.29604871951581,5.506048719515817,5.506048719515817,1.4165383113664174,5.506048719515817
2025-12-27 16:00:00,16,29.419999999999998,32.355258426941845,2.9352584269418465,2.9352584269418465,0.7551524200624729,2.9352584269418465
2025-12-27 17:00:00,17,6.56,0.5707980000000001,5.989202,5.989202,1.540838906390646,-5.989202
2025-12-27 18:00:00,18,0.7,6.590734949804227,5.8907349498042265,5.8907349498042265,1.5155063392240737,5.8907349498042265
2025-12-27 19:00:00,19,0.7,6.3356737357747965,5.635673735774796,5.635673735774796,1.449886872375606,5.635673735774796
2025-12-28 06:00:00,6,6.24,6.826888322983398,0.5868883229833974,0.5868883229833974,0.15098845585090942,0.5868883229833974
2025-12-28 07:00:00,7,6.24,6.8592755694402525,0.6192755694402523,0.6192755694402523,0.15932070602573814,0.6192755694402523
2025-12-28 08:00:00,8,23.910000000000004,12.77800442842464,11.131995571575363,11.131995571575363,2.863922753390468,-11.131995571575363
2025-12-28 09:00:00,9,70.7,69.15018463676418,1.5498153632358225,1.5498153632358225,0.39872019834958095,-1.5498153632358225
2025-12-28 10:00:00,10,111.67,115.32826124453803,3.658261244538025,3.658261244538025,0.941158981668218,3.658261244538025
2025-12-28 11:00:00,11,137.11,144.6703608609179,7.560360860917882,7.560360860917882,1.945050135369512,7.560360860917882
2025-12-28 12:00:00,12,146.06,152.060762943186,6.000762943186004,6.000762943186004,1.5438131842753402,6.000762943186004
2025-12-28 13:00:00,13,137.26999999999998,145.32643337975787,8.056433379757891,8.056433379757891,2.0726744561755046,8.056433379757891
2025-12-28 14:00:00,14,113.25999999999999,119.2445733667821,5.984573366782115,5.984573366782115,1.5396481003123856,5.984573366782115
2025-12-28 15:00:00,15,75.17000000000002,78.16272588599975,2.9927258859997323,2.9927258859997323,0.7699370435845718,2.9927258859997323
2025-12-28 16:00:00,16,29.11,32.46269406386495,3.352694063864952,3.352694063864952,0.8625458708569327,3.352694063864952
2025-12-28 17:00:00,17,6.56,0.5707980000000001,5.989202,5.989202,1.540838906390646,-5.989202
2025-12-28 18:00:00,18,0.7,6.590734949804227,5.8907349498042265,5.8907349498042265,1.5155063392240737,5.8907349498042265
2025-12-28 19:00:00,19,0.7,6.3356737357747965,5.635673735774796,5.635673735774796,1.449886872375606,5.635673735774796
2025-12-29 06:00:00,6,5.83,6.826888322983398,0.9968883229833976,0.9968883229833976,0.2564689441730874,0.9968883229833976
2025-12-29 07:00:00,7,5.83,6.8592755694402525,1.0292755694402524,1.0292755694402524,0.26480119434791616,1.0292755694402524
2025-12-29 08:00:00,8,22.370000000000005,8.808640557822798,13.561359442177206,13.561359442177206,3.488923942130319,-13.561359442177206
2025-12-29 09:00:00,9,61.72,64.94295384720061,3.222953847200614,3.222953847200614,0.829167672298934,3.222953847200614
2025-12-29 10:00:00,10,99.16999999999999,112.27714134725373,13.107141347253744,13.107141347253744,3.3720674873564254,13.107141347253744
2025-12-29 11:00:00,11,126.12000000000002,142.66760255451217,16.547602554512153,16.547602554512153,4.257193165881126,16.547602554512153
2025-12-29 12:00:00,12,135.83999999999997,148.15290544417803,12.312905444178057,12.312905444178057,3.1677348266261096,12.312905444178057
2025-12-29 13:00:00,13,114.53999999999999,139.95030278384723,25.410302783847243,25.410302783847243,6.537295478181964,25.410302783847243
2025-12-29 14:00:00,14,98.48,115.46431279548516,16.984312795485152,16.984312795485152,4.3695453841082665,16.984312795485152
2025-12-29 15:00:00,15,66.99,75.23975107836128,8.249751078361285,8.249751078361285,2.1224092006877138,8.249751078361285
2025-12-29 16:00:00,16,26.729999999999997,32.48933111355721,5.7593311135572165,5.7593311135572165,1.4817001421149467,5.7593311135572165
2025-12-29 17:00:00,17,5.9799999999999995,0.5707980000000001,5.409202,5.409202,1.3916226058373211,-5.409202
2025-12-29 18:00:00,18,0.29000000000000004,6.590734949804227,6.300734949804227,6.300734949804227,1.620986827546252,6.300734949804227
2025-12-29 19:00:00,19,0.29000000000000004,6.3356737357747965,6.0456737357747965,6.0456737357747965,1.555367360697784,6.0456737357747965
2025-12-30 06:00:00,6,5.83,6.826888322983398,0.9968883229833976,0.9968883229833976,0.2564689441730874,0.9968883229833976
2025-12-30 07:00:00,7,5.83,6.8592755694402525,1.0292755694402524,1.0292755694402524,0.26480119434791616,1.0292755694402524
2025-12-30 08:00:00,8,22.050000000000004,8.836318097358896,13.213681902641108,13.213681902641108,3.3994771210353893,-13.213681902641108
2025-12-30 09:00:00,9,63.25,66.394096984264,3.144096984263996,3.144096984263996,0.8088802078840326,3.144096984263996
2025-12-30 10:00:00,10,109.69000000000001,112.55203038813704,2.862030388137029,2.862030388137029,0.7363130803258691,2.862030388137029
2025-12-30 11:00:00,11,138.16,143.70509234728524,5.545092347285248,5.545092347285248,1.4265830453249269,5.545092347285248
2025-12-30 12:00:00,12,146.09,151.48558126754375,5.395581267543747,5.395581267543747,1.388118407030513,5.395581267543747
2025-12-30 13:00:00,13,134.34,145.98459263044143,11.644592630441423,11.644592630441423,2.995798334077551,11.644592630441423
2025-12-30 14:00:00,14,111.06000000000002,121.1425798423791,10.08257984237909,10.08257984237909,2.5939401105402307,10.08257984237909
2025-12-30 15:00:00,15,77.89,78.97444029500382,1.084440295003816,1.084440295003816,0.278993394812803,1.084440295003816
2025-12-30 16:00:00,16,28.07,32.446104606110204,4.376104606110204,4.376104606110204,1.1258381726864304,4.376104606110204
2025-12-30 17:00:00,17,6.01,0.5707980000000001,5.439202,5.439202,1.3993406903487,-5.439202
2025-12-30 18:00:00,18,0.28,6.590734949804227,6.3107349498042264,6.3107349498042264,1.623559522383378,6.3107349498042264
2025-12-30 19:00:00,19,0.28,6.3356737357747965,6.055673735774796,6.055673735774796,1.55794005553491,6.055673735774796
2025-12-31 06:00:00,6,5.82,6.826888322983398,1.0068883229833974,1.0068883229833974,0.25904163901021365,1.0068883229833974
2025-12-31 07:00:00,7,5.82,6.8592755694402525,1.0392755694402522,1.0392755694402522,0.2673738891850424,1.0392755694402522
2025-12-31 08:00:00,8,15.600000000000001,8.393784026159574,7.206215973840427,7.206215973840427,1.8539394631116277,-7.206215973840427
2025-12-31 09:00:00,9,49.0,53.03200626124517,4.032006261245172,4.032006261245172,1.0373121691566336,4.032006261245172
2025-12-31 10:00:00,10,76.53999999999999,85.74575046717258,9.205750467172592,9.205750467172592,2.3683586698767876,9.205750467172592
2025-12-31 11:00:00,11,102.03000000000002,107.27833077447019,5.248330774470176,5.248330774470176,1.3502353487010454,5.248330774470176
2025-12-31 12:00:00,12,121.30999999999999,119.39422992003327,1.9157700799667197,1.9157700799667197,0.4928691793851403,-1.9157700799667197
2025-12-31 13:00:00,13,93.07000000000001,117.00605522246333,23.936055222463324,23.936055222463324,6.158016569200121,23.936055222463324
2025-12-31 14:00:00,14,91.11999999999999,99.82340140244769,8.703401402447696,8.703401402447696,2.2391195853514914,8.703401402447696
2025-12-31 15:00:00,15,50.709999999999994,50.653050501221955,0.05694949877803879,0.05694949877803879,0.014651368148319046,-0.05694949877803879
2025-12-31 16:00:00,16,22.619999999999994,24.173037047128567,1.5530370471285728,1.5530370471285728,0.3995490393013541,1.5530370471285728
2025-12-31 17:00:00,17,5.89,0.5707980000000001,5.319202,5.319202,1.3684683523031844,-5.319202
2025-12-31 18:00:00,18,0.30000000000000004,6.590734949804227,6.290734949804227,6.290734949804227,1.6184141327091255,6.290734949804227
2025-12-31 19:00:00,19,0.30000000000000004,6.3356737357747965,6.035673735774797,6.035673735774797,1.5527946658606577,6.035673735774797
